zone,date,rainfall_mm
Lekki Phase 1,2019-01-01,0.0
Lekki Phase 1,2019-01-02,0.0
Lekki Phase 1,2019-01-03,0.0
Lekki Phase 1,2019-01-04,0.0
Lekki Phase 1,2019-01-05,0.0
Lekki Phase 1,2019-01-06,0.0
Lekki Phase 1,2019-01-07,0.0
Lekki Phase 1,2019-01-08,0.0
Lekki Phase 1,2019-01-09,0.0
Lekki Phase 1,2019-01-10,0.2
Lekki Phase 1,2019-01-11,0.0
Lekki Phase 1,2019-01-12,0.0
Lekki Phase 1,2019-01-13,0.4
Lekki Phase 1,2019-01-14,0.4
Lekki Phase 1,2019-01-15,1.7
Lekki Phase 1,2019-01-16,1.6
Lekki Phase 1,2019-01-17,1.9
Lekki Phase 1,2019-01-18,0.9
Lekki Phase 1,2019-01-19,0.9
Lekki Phase 1,2019-01-20,0.6
Lekki Phase 1,2019-01-21,3.8
Lekki Phase 1,2019-01-22,0.4
Lekki Phase 1,2019-01-23,1.5
Lekki Phase 1,2019-01-24,14.2
Lekki Phase 1,2019-01-25,0.0
Lekki Phase 1,2019-01-26,0.5
Lekki Phase 1,2019-01-27,5.6
Lekki Phase 1,2019-01-28,3.7
Lekki Phase 1,2019-01-29,1.6
Lekki Phase 1,2019-01-30,5.5
Lekki Phase 1,2019-01-31,0.6
Lekki Phase 1,2019-02-01,0.8
Lekki Phase 1,2019-02-02,9.8
Lekki Phase 1,2019-02-03,3.0
Lekki Phase 1,2019-02-04,1.2
Lekki Phase 1,2019-02-05,1.5
Lekki Phase 1,2019-02-06,1.1
Lekki Phase 1,2019-02-07,1.0
Lekki Phase 1,2019-02-08,4.9
Lekki Phase 1,2019-02-09,0.0
Lekki Phase 1,2019-02-10,0.0
Lekki Phase 1,2019-02-11,0.0
Lekki Phase 1,2019-02-12,0.0
Lekki Phase 1,2019-02-13,0.0
Lekki Phase 1,2019-02-14,0.9
Lekki Phase 1,2019-02-15,2.0
Lekki Phase 1,2019-02-16,0.0
Lekki Phase 1,2019-02-17,0.8
Lekki Phase 1,2019-02-18,0.9
Lekki Phase 1,2019-02-19,1.0
Lekki Phase 1,2019-02-20,1.1
Lekki Phase 1,2019-02-21,1.1
Lekki Phase 1,2019-02-22,1.4
Lekki Phase 1,2019-02-23,1.5
Lekki Phase 1,2019-02-24,9.5
Lekki Phase 1,2019-02-25,2.4
Lekki Phase 1,2019-02-26,10.9
Lekki Phase 1,2019-02-27,0.6
Lekki Phase 1,2019-02-28,1.5
Lekki Phase 1,2019-03-01,2.6
Lekki Phase 1,2019-03-02,0.8
Lekki Phase 1,2019-03-03,0.6
Lekki Phase 1,2019-03-04,2.8
Lekki Phase 1,2019-03-05,0.9
Lekki Phase 1,2019-03-06,5.0
Lekki Phase 1,2019-03-07,1.5
Lekki Phase 1,2019-03-08,0.2
Lekki Phase 1,2019-03-09,4.4
Lekki Phase 1,2019-03-10,5.2
Lekki Phase 1,2019-03-11,0.6
Lekki Phase 1,2019-03-12,0.6
Lekki Phase 1,2019-03-13,0.3
Lekki Phase 1,2019-03-14,0.7
Lekki Phase 1,2019-03-15,0.4
Lekki Phase 1,2019-03-16,2.7
Lekki Phase 1,2019-03-17,0.3
Lekki Phase 1,2019-03-18,0.0
Lekki Phase 1,2019-03-19,0.1
Lekki Phase 1,2019-03-20,1.4
Lekki Phase 1,2019-03-21,4.7
Lekki Phase 1,2019-03-22,4.7
Lekki Phase 1,2019-03-23,1.2
Lekki Phase 1,2019-03-24,0.6
Lekki Phase 1,2019-03-25,2.5
Lekki Phase 1,2019-03-26,0.0
Lekki Phase 1,2019-03-27,0.4
Lekki Phase 1,2019-03-28,0.5
Lekki Phase 1,2019-03-29,1.8
Lekki Phase 1,2019-03-30,1.0
Lekki Phase 1,2019-03-31,1.3
Lekki Phase 1,2019-04-01,0.0
Lekki Phase 1,2019-04-02,0.4
Lekki Phase 1,2019-04-03,0.5
Lekki Phase 1,2019-04-04,1.3
Lekki Phase 1,2019-04-05,3.8
Lekki Phase 1,2019-04-06,1.0
Lekki Phase 1,2019-04-07,11.2
Lekki Phase 1,2019-04-08,2.2
Lekki Phase 1,2019-04-09,0.0
Lekki Phase 1,2019-04-10,2.4
Lekki Phase 1,2019-04-11,13.6
Lekki Phase 1,2019-04-12,1.0
Lekki Phase 1,2019-04-13,1.1
Lekki Phase 1,2019-04-14,5.3
Lekki Phase 1,2019-04-15,0.0
Lekki Phase 1,2019-04-16,0.0
Lekki Phase 1,2019-04-17,0.7
Lekki Phase 1,2019-04-18,0.8
Lekki Phase 1,2019-04-19,0.6
Lekki Phase 1,2019-04-20,0.0
Lekki Phase 1,2019-04-21,2.1
Lekki Phase 1,2019-04-22,1.5
Lekki Phase 1,2019-04-23,8.9
Lekki Phase 1,2019-04-24,5.1
Lekki Phase 1,2019-04-25,8.2
Lekki Phase 1,2019-04-26,2.4
Lekki Phase 1,2019-04-27,1.8
Lekki Phase 1,2019-04-28,0.7
Lekki Phase 1,2019-04-29,4.4
Lekki Phase 1,2019-04-30,7.5
Lekki Phase 1,2019-05-01,4.5
Lekki Phase 1,2019-05-02,5.6
Lekki Phase 1,2019-05-03,4.7
Lekki Phase 1,2019-05-04,2.0
Lekki Phase 1,2019-05-05,0.3
Lekki Phase 1,2019-05-06,0.6
Lekki Phase 1,2019-05-07,0.7
Lekki Phase 1,2019-05-08,0.3
Lekki Phase 1,2019-05-09,0.4
Lekki Phase 1,2019-05-10,1.8
Lekki Phase 1,2019-05-11,2.8
Lekki Phase 1,2019-05-12,0.1
Lekki Phase 1,2019-05-13,0.8
Lekki Phase 1,2019-05-14,1.9
Lekki Phase 1,2019-05-15,11.5
Lekki Phase 1,2019-05-16,0.2
Lekki Phase 1,2019-05-17,0.0
Lekki Phase 1,2019-05-18,0.5
Lekki Phase 1,2019-05-19,0.3
Lekki Phase 1,2019-05-20,9.3
Lekki Phase 1,2019-05-21,2.2
Lekki Phase 1,2019-05-22,3.4
Lekki Phase 1,2019-05-23,0.3
Lekki Phase 1,2019-05-24,6.1
Lekki Phase 1,2019-05-25,1.3
Lekki Phase 1,2019-05-26,1.8
Lekki Phase 1,2019-05-27,14.2
Lekki Phase 1,2019-05-28,3.2
Lekki Phase 1,2019-05-29,4.7
Lekki Phase 1,2019-05-30,16.8
Lekki Phase 1,2019-05-31,49.9
Lekki Phase 1,2019-06-01,15.0
Lekki Phase 1,2019-06-02,3.3
Lekki Phase 1,2019-06-03,0.8
Lekki Phase 1,2019-06-04,6.9
Lekki Phase 1,2019-06-05,5.6
Lekki Phase 1,2019-06-06,6.2
Lekki Phase 1,2019-06-07,11.0
Lekki Phase 1,2019-06-08,2.5
Lekki Phase 1,2019-06-09,2.7
Lekki Phase 1,2019-06-10,11.6
Lekki Phase 1,2019-06-11,4.1
Lekki Phase 1,2019-06-12,1.4
Lekki Phase 1,2019-06-13,1.8
Lekki Phase 1,2019-06-14,10.8
Lekki Phase 1,2019-06-15,27.4
Lekki Phase 1,2019-06-16,3.0
Lekki Phase 1,2019-06-17,1.8
Lekki Phase 1,2019-06-18,3.6
Lekki Phase 1,2019-06-19,2.0
Lekki Phase 1,2019-06-20,1.9
Lekki Phase 1,2019-06-21,2.4
Lekki Phase 1,2019-06-22,2.0
Lekki Phase 1,2019-06-23,3.0
Lekki Phase 1,2019-06-24,7.0
Lekki Phase 1,2019-06-25,6.8
Lekki Phase 1,2019-06-26,6.8
Lekki Phase 1,2019-06-27,2.2
Lekki Phase 1,2019-06-28,5.7
Lekki Phase 1,2019-06-29,1.4
Lekki Phase 1,2019-06-30,2.1
Lekki Phase 1,2019-07-01,1.8
Lekki Phase 1,2019-07-02,0.5
Lekki Phase 1,2019-07-03,1.4
Lekki Phase 1,2019-07-04,7.7
Lekki Phase 1,2019-07-05,4.9
Lekki Phase 1,2019-07-06,2.7
Lekki Phase 1,2019-07-07,2.4
Lekki Phase 1,2019-07-08,4.6
Lekki Phase 1,2019-07-09,1.5
Lekki Phase 1,2019-07-10,1.6
Lekki Phase 1,2019-07-11,8.1
Lekki Phase 1,2019-07-12,34.6
Lekki Phase 1,2019-07-13,2.3
Lekki Phase 1,2019-07-14,2.0
Lekki Phase 1,2019-07-15,10.3
Lekki Phase 1,2019-07-16,8.6
Lekki Phase 1,2019-07-17,1.0
Lekki Phase 1,2019-07-18,0.3
Lekki Phase 1,2019-07-19,1.6
Lekki Phase 1,2019-07-20,8.1
Lekki Phase 1,2019-07-21,1.0
Lekki Phase 1,2019-07-22,2.0
Lekki Phase 1,2019-07-23,2.9
Lekki Phase 1,2019-07-24,2.0
Lekki Phase 1,2019-07-25,1.6
Lekki Phase 1,2019-07-26,7.6
Lekki Phase 1,2019-07-27,8.5
Lekki Phase 1,2019-07-28,4.4
Lekki Phase 1,2019-07-29,2.3
Lekki Phase 1,2019-07-30,3.1
Lekki Phase 1,2019-07-31,2.3
Lekki Phase 1,2019-08-01,0.6
Lekki Phase 1,2019-08-02,1.1
Lekki Phase 1,2019-08-03,2.0
Lekki Phase 1,2019-08-04,1.5
Lekki Phase 1,2019-08-05,1.0
Lekki Phase 1,2019-08-06,1.1
Lekki Phase 1,2019-08-07,0.8
Lekki Phase 1,2019-08-08,1.2
Lekki Phase 1,2019-08-09,3.2
Lekki Phase 1,2019-08-10,1.1
Lekki Phase 1,2019-08-11,1.3
Lekki Phase 1,2019-08-12,1.3
Lekki Phase 1,2019-08-13,1.3
Lekki Phase 1,2019-08-14,3.2
Lekki Phase 1,2019-08-15,2.9
Lekki Phase 1,2019-08-16,1.2
Lekki Phase 1,2019-08-17,1.7
Lekki Phase 1,2019-08-18,0.9
Lekki Phase 1,2019-08-19,2.1
Lekki Phase 1,2019-08-20,1.8
Lekki Phase 1,2019-08-21,1.2
Lekki Phase 1,2019-08-22,0.8
Lekki Phase 1,2019-08-23,6.9
Lekki Phase 1,2019-08-24,2.8
Lekki Phase 1,2019-08-25,6.7
Lekki Phase 1,2019-08-26,4.4
Lekki Phase 1,2019-08-27,0.8
Lekki Phase 1,2019-08-28,4.4
Lekki Phase 1,2019-08-29,1.7
Lekki Phase 1,2019-08-30,1.5
Lekki Phase 1,2019-08-31,9.7
Lekki Phase 1,2019-09-01,15.2
Lekki Phase 1,2019-09-02,13.0
Lekki Phase 1,2019-09-03,3.4
Lekki Phase 1,2019-09-04,19.5
Lekki Phase 1,2019-09-05,1.7
Lekki Phase 1,2019-09-06,8.5
Lekki Phase 1,2019-09-07,1.9
Lekki Phase 1,2019-09-08,3.2
Lekki Phase 1,2019-09-09,7.2
Lekki Phase 1,2019-09-10,12.3
Lekki Phase 1,2019-09-11,13.7
Lekki Phase 1,2019-09-12,7.4
Lekki Phase 1,2019-09-13,1.5
Lekki Phase 1,2019-09-14,2.0
Lekki Phase 1,2019-09-15,2.9
Lekki Phase 1,2019-09-16,1.0
Lekki Phase 1,2019-09-17,7.2
Lekki Phase 1,2019-09-18,33.9
Lekki Phase 1,2019-09-19,138.2
Lekki Phase 1,2019-09-20,3.6
Lekki Phase 1,2019-09-21,0.3
Lekki Phase 1,2019-09-22,1.6
Lekki Phase 1,2019-09-23,1.5
Lekki Phase 1,2019-09-24,2.0
Lekki Phase 1,2019-09-25,0.5
Lekki Phase 1,2019-09-26,0.8
Lekki Phase 1,2019-09-27,4.7
Lekki Phase 1,2019-09-28,4.3
Lekki Phase 1,2019-09-29,13.4
Lekki Phase 1,2019-09-30,3.5
Lekki Phase 1,2019-10-01,22.9
Lekki Phase 1,2019-10-02,5.9
Lekki Phase 1,2019-10-03,5.0
Lekki Phase 1,2019-10-04,19.5
Lekki Phase 1,2019-10-05,46.3
Lekki Phase 1,2019-10-06,4.6
Lekki Phase 1,2019-10-07,8.5
Lekki Phase 1,2019-10-08,17.2
Lekki Phase 1,2019-10-09,4.6
Lekki Phase 1,2019-10-10,3.0
Lekki Phase 1,2019-10-11,5.4
Lekki Phase 1,2019-10-12,27.0
Lekki Phase 1,2019-10-13,4.3
Lekki Phase 1,2019-10-14,2.6
Lekki Phase 1,2019-10-15,6.5
Lekki Phase 1,2019-10-16,2.6
Lekki Phase 1,2019-10-17,9.3
Lekki Phase 1,2019-10-18,6.9
Lekki Phase 1,2019-10-19,17.6
Lekki Phase 1,2019-10-20,20.8
Lekki Phase 1,2019-10-21,0.5
Lekki Phase 1,2019-10-22,1.1
Lekki Phase 1,2019-10-23,4.2
Lekki Phase 1,2019-10-24,10.1
Lekki Phase 1,2019-10-25,8.0
Lekki Phase 1,2019-10-26,4.2
Lekki Phase 1,2019-10-27,13.5
Lekki Phase 1,2019-10-28,13.3
Lekki Phase 1,2019-10-29,1.8
Lekki Phase 1,2019-10-30,2.4
Lekki Phase 1,2019-10-31,0.6
Lekki Phase 1,2019-11-01,0.2
Lekki Phase 1,2019-11-02,3.3
Lekki Phase 1,2019-11-03,8.5
Lekki Phase 1,2019-11-04,0.3
Lekki Phase 1,2019-11-05,2.1
Lekki Phase 1,2019-11-06,0.7
Lekki Phase 1,2019-11-07,1.0
Lekki Phase 1,2019-11-08,1.0
Lekki Phase 1,2019-11-09,0.3
Lekki Phase 1,2019-11-10,22.6
Lekki Phase 1,2019-11-11,1.2
Lekki Phase 1,2019-11-12,1.0
Lekki Phase 1,2019-11-13,1.0
Lekki Phase 1,2019-11-14,0.1
Lekki Phase 1,2019-11-15,1.2
Lekki Phase 1,2019-11-16,0.8
Lekki Phase 1,2019-11-17,1.1
Lekki Phase 1,2019-11-18,0.9
Lekki Phase 1,2019-11-19,1.0
Lekki Phase 1,2019-11-20,0.4
Lekki Phase 1,2019-11-21,1.6
Lekki Phase 1,2019-11-22,0.4
Lekki Phase 1,2019-11-23,0.5
Lekki Phase 1,2019-11-24,2.9
Lekki Phase 1,2019-11-25,0.3
Lekki Phase 1,2019-11-26,0.8
Lekki Phase 1,2019-11-27,1.0
Lekki Phase 1,2019-11-28,1.8
Lekki Phase 1,2019-11-29,0.4
Lekki Phase 1,2019-11-30,0.0
Lekki Phase 1,2019-12-01,0.2
Lekki Phase 1,2019-12-02,1.0
Lekki Phase 1,2019-12-03,0.5
Lekki Phase 1,2019-12-04,0.2
Lekki Phase 1,2019-12-05,1.8
Lekki Phase 1,2019-12-06,2.9
Lekki Phase 1,2019-12-07,2.0
Lekki Phase 1,2019-12-08,1.0
Lekki Phase 1,2019-12-09,1.0
Lekki Phase 1,2019-12-10,1.8
Lekki Phase 1,2019-12-11,0.3
Lekki Phase 1,2019-12-12,0.4
Lekki Phase 1,2019-12-13,0.4
Lekki Phase 1,2019-12-14,0.3
Lekki Phase 1,2019-12-15,0.5
Lekki Phase 1,2019-12-16,0.0
Lekki Phase 1,2019-12-17,0.0
Lekki Phase 1,2019-12-18,0.0
Lekki Phase 1,2019-12-19,0.0
Lekki Phase 1,2019-12-20,0.2
Lekki Phase 1,2019-12-21,1.0
Lekki Phase 1,2019-12-22,0.0
Lekki Phase 1,2019-12-23,0.0
Lekki Phase 1,2019-12-24,0.0
Lekki Phase 1,2019-12-25,0.0
Lekki Phase 1,2019-12-26,0.0
Lekki Phase 1,2019-12-27,0.0
Lekki Phase 1,2019-12-28,0.0
Lekki Phase 1,2019-12-29,0.0
Lekki Phase 1,2019-12-30,0.0
Lekki Phase 1,2019-12-31,0.0
Lekki Phase 1,2020-01-01,0.0
Lekki Phase 1,2020-01-02,0.0
Lekki Phase 1,2020-01-03,0.0
Lekki Phase 1,2020-01-04,0.0
Lekki Phase 1,2020-01-05,0.0
Lekki Phase 1,2020-01-06,0.0
Lekki Phase 1,2020-01-07,0.0
Lekki Phase 1,2020-01-08,0.0
Lekki Phase 1,2020-01-09,0.0
Lekki Phase 1,2020-01-10,0.0
Lekki Phase 1,2020-01-11,0.1
Lekki Phase 1,2020-01-12,0.0
Lekki Phase 1,2020-01-13,0.3
Lekki Phase 1,2020-01-14,0.2
Lekki Phase 1,2020-01-15,0.0
Lekki Phase 1,2020-01-16,0.0
Lekki Phase 1,2020-01-17,0.0
Lekki Phase 1,2020-01-18,0.0
Lekki Phase 1,2020-01-19,0.0
Lekki Phase 1,2020-01-20,0.0
Lekki Phase 1,2020-01-21,0.0
Lekki Phase 1,2020-01-22,0.0
Lekki Phase 1,2020-01-23,0.0
Lekki Phase 1,2020-01-24,0.0
Lekki Phase 1,2020-01-25,0.0
Lekki Phase 1,2020-01-26,0.0
Lekki Phase 1,2020-01-27,0.0
Lekki Phase 1,2020-01-28,0.0
Lekki Phase 1,2020-01-29,0.0
Lekki Phase 1,2020-01-30,0.0
Lekki Phase 1,2020-01-31,0.1
Lekki Phase 1,2020-02-01,0.0
Lekki Phase 1,2020-02-02,0.0
Lekki Phase 1,2020-02-03,0.0
Lekki Phase 1,2020-02-04,0.0
Lekki Phase 1,2020-02-05,0.0
Lekki Phase 1,2020-02-06,0.0
Lekki Phase 1,2020-02-07,0.0
Lekki Phase 1,2020-02-08,0.0
Lekki Phase 1,2020-02-09,0.2
Lekki Phase 1,2020-02-10,1.6
Lekki Phase 1,2020-02-11,0.0
Lekki Phase 1,2020-02-12,0.0
Lekki Phase 1,2020-02-13,0.0
Lekki Phase 1,2020-02-14,0.0
Lekki Phase 1,2020-02-15,0.0
Lekki Phase 1,2020-02-16,0.0
Lekki Phase 1,2020-02-17,0.0
Lekki Phase 1,2020-02-18,0.1
Lekki Phase 1,2020-02-19,0.8
Lekki Phase 1,2020-02-20,0.3
Lekki Phase 1,2020-02-21,0.0
Lekki Phase 1,2020-02-22,1.4
Lekki Phase 1,2020-02-23,0.6
Lekki Phase 1,2020-02-24,0.4
Lekki Phase 1,2020-02-25,0.6
Lekki Phase 1,2020-02-26,0.9
Lekki Phase 1,2020-02-27,0.1
Lekki Phase 1,2020-02-28,0.7
Lekki Phase 1,2020-02-29,0.0
Lekki Phase 1,2020-03-01,1.3
Lekki Phase 1,2020-03-02,2.5
Lekki Phase 1,2020-03-03,0.1
Lekki Phase 1,2020-03-04,0.4
Lekki Phase 1,2020-03-05,0.4
Lekki Phase 1,2020-03-06,3.9
Lekki Phase 1,2020-03-07,0.2
Lekki Phase 1,2020-03-08,0.9
Lekki Phase 1,2020-03-09,0.0
Lekki Phase 1,2020-03-10,0.4
Lekki Phase 1,2020-03-11,0.6
Lekki Phase 1,2020-03-12,0.5
Lekki Phase 1,2020-03-13,1.7
Lekki Phase 1,2020-03-14,8.3
Lekki Phase 1,2020-03-15,0.1
Lekki Phase 1,2020-03-16,0.0
Lekki Phase 1,2020-03-17,0.4
Lekki Phase 1,2020-03-18,0.3
Lekki Phase 1,2020-03-19,0.8
Lekki Phase 1,2020-03-20,0.9
Lekki Phase 1,2020-03-21,0.5
Lekki Phase 1,2020-03-22,0.3
Lekki Phase 1,2020-03-23,0.4
Lekki Phase 1,2020-03-24,3.4
Lekki Phase 1,2020-03-25,2.2
Lekki Phase 1,2020-03-26,0.0
Lekki Phase 1,2020-03-27,0.0
Lekki Phase 1,2020-03-28,0.1
Lekki Phase 1,2020-03-29,0.0
Lekki Phase 1,2020-03-30,0.0
Lekki Phase 1,2020-03-31,0.0
Lekki Phase 1,2020-04-01,0.9
Lekki Phase 1,2020-04-02,0.0
Lekki Phase 1,2020-04-03,0.0
Lekki Phase 1,2020-04-04,0.8
Lekki Phase 1,2020-04-05,0.0
Lekki Phase 1,2020-04-06,0.8
Lekki Phase 1,2020-04-07,0.0
Lekki Phase 1,2020-04-08,0.0
Lekki Phase 1,2020-04-09,0.9
Lekki Phase 1,2020-04-10,1.1
Lekki Phase 1,2020-04-11,0.3
Lekki Phase 1,2020-04-12,0.4
Lekki Phase 1,2020-04-13,0.1
Lekki Phase 1,2020-04-14,0.1
Lekki Phase 1,2020-04-15,0.1
Lekki Phase 1,2020-04-16,1.7
Lekki Phase 1,2020-04-17,4.2
Lekki Phase 1,2020-04-18,3.8
Lekki Phase 1,2020-04-19,6.1
Lekki Phase 1,2020-04-20,0.7
Lekki Phase 1,2020-04-21,0.4
Lekki Phase 1,2020-04-22,1.2
Lekki Phase 1,2020-04-23,1.5
Lekki Phase 1,2020-04-24,0.7
Lekki Phase 1,2020-04-25,6.0
Lekki Phase 1,2020-04-26,4.5
Lekki Phase 1,2020-04-27,1.0
Lekki Phase 1,2020-04-28,0.0
Lekki Phase 1,2020-04-29,0.8
Lekki Phase 1,2020-04-30,0.6
Lekki Phase 1,2020-05-01,0.0
Lekki Phase 1,2020-05-02,1.0
Lekki Phase 1,2020-05-03,2.4
Lekki Phase 1,2020-05-04,0.8
Lekki Phase 1,2020-05-05,0.0
Lekki Phase 1,2020-05-06,0.6
Lekki Phase 1,2020-05-07,0.4
Lekki Phase 1,2020-05-08,0.9
Lekki Phase 1,2020-05-09,2.7
Lekki Phase 1,2020-05-10,5.6
Lekki Phase 1,2020-05-11,9.3
Lekki Phase 1,2020-05-12,0.8
Lekki Phase 1,2020-05-13,2.7
Lekki Phase 1,2020-05-14,0.4
Lekki Phase 1,2020-05-15,0.0
Lekki Phase 1,2020-05-16,1.7
Lekki Phase 1,2020-05-17,0.7
Lekki Phase 1,2020-05-18,0.7
Lekki Phase 1,2020-05-19,2.2
Lekki Phase 1,2020-05-20,1.8
Lekki Phase 1,2020-05-21,2.4
Lekki Phase 1,2020-05-22,11.7
Lekki Phase 1,2020-05-23,2.5
Lekki Phase 1,2020-05-24,0.9
Lekki Phase 1,2020-05-25,23.2
Lekki Phase 1,2020-05-26,0.0
Lekki Phase 1,2020-05-27,1.7
Lekki Phase 1,2020-05-28,16.7
Lekki Phase 1,2020-05-29,2.9
Lekki Phase 1,2020-05-30,10.5
Lekki Phase 1,2020-05-31,6.7
Lekki Phase 1,2020-06-01,1.3
Lekki Phase 1,2020-06-02,0.0
Lekki Phase 1,2020-06-03,0.8
Lekki Phase 1,2020-06-04,1.4
Lekki Phase 1,2020-06-05,3.3
Lekki Phase 1,2020-06-06,5.5
Lekki Phase 1,2020-06-07,5.9
Lekki Phase 1,2020-06-08,0.0
Lekki Phase 1,2020-06-09,2.1
Lekki Phase 1,2020-06-10,3.5
Lekki Phase 1,2020-06-11,8.0
Lekki Phase 1,2020-06-12,6.1
Lekki Phase 1,2020-06-13,5.4
Lekki Phase 1,2020-06-14,2.2
Lekki Phase 1,2020-06-15,6.2
Lekki Phase 1,2020-06-16,1.8
Lekki Phase 1,2020-06-17,7.0
Lekki Phase 1,2020-06-18,128.7
Lekki Phase 1,2020-06-19,5.1
Lekki Phase 1,2020-06-20,4.8
Lekki Phase 1,2020-06-21,8.5
Lekki Phase 1,2020-06-22,6.7
Lekki Phase 1,2020-06-23,3.4
Lekki Phase 1,2020-06-24,3.8
Lekki Phase 1,2020-06-25,4.5
Lekki Phase 1,2020-06-26,4.7
Lekki Phase 1,2020-06-27,7.6
Lekki Phase 1,2020-06-28,13.1
Lekki Phase 1,2020-06-29,63.0
Lekki Phase 1,2020-06-30,10.8
Lekki Phase 1,2020-07-01,7.7
Lekki Phase 1,2020-07-02,2.0
Lekki Phase 1,2020-07-03,1.3
Lekki Phase 1,2020-07-04,47.6
Lekki Phase 1,2020-07-05,11.8
Lekki Phase 1,2020-07-06,2.5
Lekki Phase 1,2020-07-07,9.2
Lekki Phase 1,2020-07-08,16.7
Lekki Phase 1,2020-07-09,11.7
Lekki Phase 1,2020-07-10,3.1
Lekki Phase 1,2020-07-11,19.3
Lekki Phase 1,2020-07-12,3.9
Lekki Phase 1,2020-07-13,1.2
Lekki Phase 1,2020-07-14,1.4
Lekki Phase 1,2020-07-15,0.3
Lekki Phase 1,2020-07-16,1.1
Lekki Phase 1,2020-07-17,1.4
Lekki Phase 1,2020-07-18,0.9
Lekki Phase 1,2020-07-19,0.0
Lekki Phase 1,2020-07-20,2.7
Lekki Phase 1,2020-07-21,4.2
Lekki Phase 1,2020-07-22,0.7
Lekki Phase 1,2020-07-23,2.0
Lekki Phase 1,2020-07-24,1.0
Lekki Phase 1,2020-07-25,0.9
Lekki Phase 1,2020-07-26,1.4
Lekki Phase 1,2020-07-27,0.3
Lekki Phase 1,2020-07-28,0.9
Lekki Phase 1,2020-07-29,0.3
Lekki Phase 1,2020-07-30,0.5
Lekki Phase 1,2020-07-31,2.7
Lekki Phase 1,2020-08-01,1.9
Lekki Phase 1,2020-08-02,0.1
Lekki Phase 1,2020-08-03,0.0
Lekki Phase 1,2020-08-04,0.0
Lekki Phase 1,2020-08-05,1.1
Lekki Phase 1,2020-08-06,0.8
Lekki Phase 1,2020-08-07,1.6
Lekki Phase 1,2020-08-08,0.4
Lekki Phase 1,2020-08-09,0.0
Lekki Phase 1,2020-08-10,0.0
Lekki Phase 1,2020-08-11,2.0
Lekki Phase 1,2020-08-12,0.0
Lekki Phase 1,2020-08-13,0.1
Lekki Phase 1,2020-08-14,1.7
Lekki Phase 1,2020-08-15,1.8
Lekki Phase 1,2020-08-16,0.4
Lekki Phase 1,2020-08-17,0.9
Lekki Phase 1,2020-08-18,0.7
Lekki Phase 1,2020-08-19,0.1
Lekki Phase 1,2020-08-20,0.0
Lekki Phase 1,2020-08-21,3.9
Lekki Phase 1,2020-08-22,2.8
Lekki Phase 1,2020-08-23,0.9
Lekki Phase 1,2020-08-24,0.7
Lekki Phase 1,2020-08-25,0.7
Lekki Phase 1,2020-08-26,0.6
Lekki Phase 1,2020-08-27,1.2
Lekki Phase 1,2020-08-28,0.5
Lekki Phase 1,2020-08-29,1.8
Lekki Phase 1,2020-08-30,1.2
Lekki Phase 1,2020-08-31,5.0
Lekki Phase 1,2020-09-01,2.5
Lekki Phase 1,2020-09-02,1.7
Lekki Phase 1,2020-09-03,2.4
Lekki Phase 1,2020-09-04,2.2
Lekki Phase 1,2020-09-05,1.7
Lekki Phase 1,2020-09-06,0.9
Lekki Phase 1,2020-09-07,1.4
Lekki Phase 1,2020-09-08,1.0
Lekki Phase 1,2020-09-09,137.0
Lekki Phase 1,2020-09-10,2.6
Lekki Phase 1,2020-09-11,1.1
Lekki Phase 1,2020-09-12,6.4
Lekki Phase 1,2020-09-13,10.8
Lekki Phase 1,2020-09-14,3.2
Lekki Phase 1,2020-09-15,6.5
Lekki Phase 1,2020-09-16,7.3
Lekki Phase 1,2020-09-17,7.1
Lekki Phase 1,2020-09-18,1.9
Lekki Phase 1,2020-09-19,2.1
Lekki Phase 1,2020-09-20,7.6
Lekki Phase 1,2020-09-21,3.7
Lekki Phase 1,2020-09-22,2.8
Lekki Phase 1,2020-09-23,3.7
Lekki Phase 1,2020-09-24,2.5
Lekki Phase 1,2020-09-25,0.9
Lekki Phase 1,2020-09-26,3.8
Lekki Phase 1,2020-09-27,2.7
Lekki Phase 1,2020-09-28,1.6
Lekki Phase 1,2020-09-29,2.4
Lekki Phase 1,2020-09-30,6.3
Lekki Phase 1,2020-10-01,4.7
Lekki Phase 1,2020-10-02,1.6
Lekki Phase 1,2020-10-03,1.6
Lekki Phase 1,2020-10-04,2.3
Lekki Phase 1,2020-10-05,1.3
Lekki Phase 1,2020-10-06,3.0
Lekki Phase 1,2020-10-07,2.8
Lekki Phase 1,2020-10-08,4.7
Lekki Phase 1,2020-10-09,10.5
Lekki Phase 1,2020-10-10,9.1
Lekki Phase 1,2020-10-11,11.1
Lekki Phase 1,2020-10-12,0.4
Lekki Phase 1,2020-10-13,0.4
Lekki Phase 1,2020-10-14,2.3
Lekki Phase 1,2020-10-15,1.6
Lekki Phase 1,2020-10-16,2.0
Lekki Phase 1,2020-10-17,11.9
Lekki Phase 1,2020-10-18,0.7
Lekki Phase 1,2020-10-19,0.9
Lekki Phase 1,2020-10-20,1.8
Lekki Phase 1,2020-10-21,1.4
Lekki Phase 1,2020-10-22,1.3
Lekki Phase 1,2020-10-23,2.6
Lekki Phase 1,2020-10-24,2.6
Lekki Phase 1,2020-10-25,8.6
Lekki Phase 1,2020-10-26,0.8
Lekki Phase 1,2020-10-27,1.9
Lekki Phase 1,2020-10-28,3.1
Lekki Phase 1,2020-10-29,1.4
Lekki Phase 1,2020-10-30,0.9
Lekki Phase 1,2020-10-31,1.1
Lekki Phase 1,2020-11-01,3.0
Lekki Phase 1,2020-11-02,4.4
Lekki Phase 1,2020-11-03,0.1
Lekki Phase 1,2020-11-04,9.7
Lekki Phase 1,2020-11-05,9.2
Lekki Phase 1,2020-11-06,2.2
Lekki Phase 1,2020-11-07,2.4
Lekki Phase 1,2020-11-08,0.5
Lekki Phase 1,2020-11-09,1.9
Lekki Phase 1,2020-11-10,1.4
Lekki Phase 1,2020-11-11,3.0
Lekki Phase 1,2020-11-12,0.1
Lekki Phase 1,2020-11-13,0.0
Lekki Phase 1,2020-11-14,1.4
Lekki Phase 1,2020-11-15,0.9
Lekki Phase 1,2020-11-16,3.2
Lekki Phase 1,2020-11-17,1.9
Lekki Phase 1,2020-11-18,1.8
Lekki Phase 1,2020-11-19,3.3
Lekki Phase 1,2020-11-20,0.9
Lekki Phase 1,2020-11-21,9.3
Lekki Phase 1,2020-11-22,0.3
Lekki Phase 1,2020-11-23,2.1
Lekki Phase 1,2020-11-24,0.6
Lekki Phase 1,2020-11-25,1.5
Lekki Phase 1,2020-11-26,3.1
Lekki Phase 1,2020-11-27,7.6
Lekki Phase 1,2020-11-28,2.0
Lekki Phase 1,2020-11-29,0.4
Lekki Phase 1,2020-11-30,0.3
Lekki Phase 1,2020-12-01,1.5
Lekki Phase 1,2020-12-02,1.0
Lekki Phase 1,2020-12-03,1.4
Lekki Phase 1,2020-12-04,1.6
Lekki Phase 1,2020-12-05,0.2
Lekki Phase 1,2020-12-06,1.2
Lekki Phase 1,2020-12-07,0.6
Lekki Phase 1,2020-12-08,1.1
Lekki Phase 1,2020-12-09,1.3
Lekki Phase 1,2020-12-10,0.9
Lekki Phase 1,2020-12-11,1.5
Lekki Phase 1,2020-12-12,1.6
Lekki Phase 1,2020-12-13,2.4
Lekki Phase 1,2020-12-14,1.8
Lekki Phase 1,2020-12-15,1.2
Lekki Phase 1,2020-12-16,1.4
Lekki Phase 1,2020-12-17,1.7
Lekki Phase 1,2020-12-18,1.4
Lekki Phase 1,2020-12-19,2.1
Lekki Phase 1,2020-12-20,0.6
Lekki Phase 1,2020-12-21,0.6
Lekki Phase 1,2020-12-22,1.0
Lekki Phase 1,2020-12-23,0.1
Lekki Phase 1,2020-12-24,2.5
Lekki Phase 1,2020-12-25,0.0
Lekki Phase 1,2020-12-26,0.0
Lekki Phase 1,2020-12-27,0.0
Lekki Phase 1,2020-12-28,0.0
Lekki Phase 1,2020-12-29,0.0
Lekki Phase 1,2020-12-30,0.0
Lekki Phase 1,2020-12-31,0.2
Lekki Phase 1,2021-01-01,0.4
Lekki Phase 1,2021-01-02,0.8
Lekki Phase 1,2021-01-03,0.2
Lekki Phase 1,2021-01-04,0.7
Lekki Phase 1,2021-01-05,2.3
Lekki Phase 1,2021-01-06,1.7
Lekki Phase 1,2021-01-07,2.5
Lekki Phase 1,2021-01-08,2.9
Lekki Phase 1,2021-01-09,1.2
Lekki Phase 1,2021-01-10,0.8
Lekki Phase 1,2021-01-11,0.3
Lekki Phase 1,2021-01-12,2.4
Lekki Phase 1,2021-01-13,2.0
Lekki Phase 1,2021-01-14,3.1
Lekki Phase 1,2021-01-15,1.0
Lekki Phase 1,2021-01-16,2.8
Lekki Phase 1,2021-01-17,0.2
Lekki Phase 1,2021-01-18,1.0
Lekki Phase 1,2021-01-19,0.1
Lekki Phase 1,2021-01-20,0.0
Lekki Phase 1,2021-01-21,0.0
Lekki Phase 1,2021-01-22,0.0
Lekki Phase 1,2021-01-23,0.0
Lekki Phase 1,2021-01-24,0.0
Lekki Phase 1,2021-01-25,0.5
Lekki Phase 1,2021-01-26,0.0
Lekki Phase 1,2021-01-27,0.3
Lekki Phase 1,2021-01-28,1.2
Lekki Phase 1,2021-01-29,0.9
Lekki Phase 1,2021-01-30,2.3
Lekki Phase 1,2021-01-31,0.7
Lekki Phase 1,2021-02-01,2.4
Lekki Phase 1,2021-02-02,1.9
Lekki Phase 1,2021-02-03,0.8
Lekki Phase 1,2021-02-04,1.3
Lekki Phase 1,2021-02-05,2.3
Lekki Phase 1,2021-02-06,2.5
Lekki Phase 1,2021-02-07,1.0
Lekki Phase 1,2021-02-08,0.7
Lekki Phase 1,2021-02-09,0.3
Lekki Phase 1,2021-02-10,0.3
Lekki Phase 1,2021-02-11,1.0
Lekki Phase 1,2021-02-12,0.6
Lekki Phase 1,2021-02-13,1.1
Lekki Phase 1,2021-02-14,0.7
Lekki Phase 1,2021-02-15,4.6
Lekki Phase 1,2021-02-16,0.8
Lekki Phase 1,2021-02-17,2.3
Lekki Phase 1,2021-02-18,0.0
Lekki Phase 1,2021-02-19,0.0
Lekki Phase 1,2021-02-20,0.0
Lekki Phase 1,2021-02-21,0.0
Lekki Phase 1,2021-02-22,0.0
Lekki Phase 1,2021-02-23,0.5
Lekki Phase 1,2021-02-24,0.3
Lekki Phase 1,2021-02-25,0.8
Lekki Phase 1,2021-02-26,1.0
Lekki Phase 1,2021-02-27,1.0
Lekki Phase 1,2021-02-28,0.3
Lekki Phase 1,2021-03-01,1.1
Lekki Phase 1,2021-03-02,1.0
Lekki Phase 1,2021-03-03,1.0
Lekki Phase 1,2021-03-04,0.5
Lekki Phase 1,2021-03-05,1.6
Lekki Phase 1,2021-03-06,1.5
Lekki Phase 1,2021-03-07,1.4
Lekki Phase 1,2021-03-08,1.3
Lekki Phase 1,2021-03-09,0.8
Lekki Phase 1,2021-03-10,1.6
Lekki Phase 1,2021-03-11,1.4
Lekki Phase 1,2021-03-12,1.2
Lekki Phase 1,2021-03-13,10.3
Lekki Phase 1,2021-03-14,0.4
Lekki Phase 1,2021-03-15,0.0
Lekki Phase 1,2021-03-16,0.2
Lekki Phase 1,2021-03-17,10.5
Lekki Phase 1,2021-03-18,3.4
Lekki Phase 1,2021-03-19,0.3
Lekki Phase 1,2021-03-20,0.0
Lekki Phase 1,2021-03-21,0.1
Lekki Phase 1,2021-03-22,6.1
Lekki Phase 1,2021-03-23,21.0
Lekki Phase 1,2021-03-24,0.9
Lekki Phase 1,2021-03-25,2.0
Lekki Phase 1,2021-03-26,0.0
Lekki Phase 1,2021-03-27,1.1
Lekki Phase 1,2021-03-28,2.2
Lekki Phase 1,2021-03-29,0.2
Lekki Phase 1,2021-03-30,0.5
Lekki Phase 1,2021-03-31,0.5
Lekki Phase 1,2021-04-01,1.2
Lekki Phase 1,2021-04-02,0.7
Lekki Phase 1,2021-04-03,1.1
Lekki Phase 1,2021-04-04,0.5
Lekki Phase 1,2021-04-05,0.8
Lekki Phase 1,2021-04-06,0.6
Lekki Phase 1,2021-04-07,0.3
Lekki Phase 1,2021-04-08,3.0
Lekki Phase 1,2021-04-09,2.4
Lekki Phase 1,2021-04-10,1.4
Lekki Phase 1,2021-04-11,0.1
Lekki Phase 1,2021-04-12,0.2
Lekki Phase 1,2021-04-13,0.7
Lekki Phase 1,2021-04-14,0.3
Lekki Phase 1,2021-04-15,0.0
Lekki Phase 1,2021-04-16,1.8
Lekki Phase 1,2021-04-17,2.7
Lekki Phase 1,2021-04-18,10.8
Lekki Phase 1,2021-04-19,0.6
Lekki Phase 1,2021-04-20,1.0
Lekki Phase 1,2021-04-21,0.0
Lekki Phase 1,2021-04-22,0.2
Lekki Phase 1,2021-04-23,1.3
Lekki Phase 1,2021-04-24,2.4
Lekki Phase 1,2021-04-25,0.6
Lekki Phase 1,2021-04-26,0.4
Lekki Phase 1,2021-04-27,0.6
Lekki Phase 1,2021-04-28,1.4
Lekki Phase 1,2021-04-29,0.4
Lekki Phase 1,2021-04-30,0.7
Lekki Phase 1,2021-05-01,0.5
Lekki Phase 1,2021-05-02,0.5
Lekki Phase 1,2021-05-03,1.9
Lekki Phase 1,2021-05-04,2.6
Lekki Phase 1,2021-05-05,0.3
Lekki Phase 1,2021-05-06,1.5
Lekki Phase 1,2021-05-07,0.8
Lekki Phase 1,2021-05-08,1.7
Lekki Phase 1,2021-05-09,1.7
Lekki Phase 1,2021-05-10,0.6
Lekki Phase 1,2021-05-11,1.3
Lekki Phase 1,2021-05-12,1.0
Lekki Phase 1,2021-05-13,1.6
Lekki Phase 1,2021-05-14,1.7
Lekki Phase 1,2021-05-15,1.0
Lekki Phase 1,2021-05-16,1.8
Lekki Phase 1,2021-05-17,1.2
Lekki Phase 1,2021-05-18,2.8
Lekki Phase 1,2021-05-19,2.5
Lekki Phase 1,2021-05-20,2.1
Lekki Phase 1,2021-05-21,1.3
Lekki Phase 1,2021-05-22,1.0
Lekki Phase 1,2021-05-23,0.0
Lekki Phase 1,2021-05-24,0.1
Lekki Phase 1,2021-05-25,0.8
Lekki Phase 1,2021-05-26,2.1
Lekki Phase 1,2021-05-27,3.0
Lekki Phase 1,2021-05-28,2.6
Lekki Phase 1,2021-05-29,3.1
Lekki Phase 1,2021-05-30,2.6
Lekki Phase 1,2021-05-31,2.2
Lekki Phase 1,2021-06-01,4.5
Lekki Phase 1,2021-06-02,2.0
Lekki Phase 1,2021-06-03,0.5
Lekki Phase 1,2021-06-04,6.8
Lekki Phase 1,2021-06-05,8.1
Lekki Phase 1,2021-06-06,1.3
Lekki Phase 1,2021-06-07,1.2
Lekki Phase 1,2021-06-08,1.7
Lekki Phase 1,2021-06-09,3.0
Lekki Phase 1,2021-06-10,0.4
Lekki Phase 1,2021-06-11,2.4
Lekki Phase 1,2021-06-12,1.2
Lekki Phase 1,2021-06-13,1.4
Lekki Phase 1,2021-06-14,0.1
Lekki Phase 1,2021-06-15,1.5
Lekki Phase 1,2021-06-16,11.4
Lekki Phase 1,2021-06-17,6.9
Lekki Phase 1,2021-06-18,5.3
Lekki Phase 1,2021-06-19,3.0
Lekki Phase 1,2021-06-20,22.4
Lekki Phase 1,2021-06-21,28.5
Lekki Phase 1,2021-06-22,7.5
Lekki Phase 1,2021-06-23,17.2
Lekki Phase 1,2021-06-24,5.0
Lekki Phase 1,2021-06-25,4.0
Lekki Phase 1,2021-06-26,23.4
Lekki Phase 1,2021-06-27,0.7
Lekki Phase 1,2021-06-28,3.0
Lekki Phase 1,2021-06-29,6.7
Lekki Phase 1,2021-06-30,1.9
Lekki Phase 1,2021-07-01,2.8
Lekki Phase 1,2021-07-02,18.5
Lekki Phase 1,2021-07-03,23.1
Lekki Phase 1,2021-07-04,8.4
Lekki Phase 1,2021-07-05,1.0
Lekki Phase 1,2021-07-06,1.2
Lekki Phase 1,2021-07-07,2.5
Lekki Phase 1,2021-07-08,3.8
Lekki Phase 1,2021-07-09,11.1
Lekki Phase 1,2021-07-10,3.0
Lekki Phase 1,2021-07-11,1.6
Lekki Phase 1,2021-07-12,2.1
Lekki Phase 1,2021-07-13,0.9
Lekki Phase 1,2021-07-14,2.2
Lekki Phase 1,2021-07-15,4.2
Lekki Phase 1,2021-07-16,76.7
Lekki Phase 1,2021-07-17,3.1
Lekki Phase 1,2021-07-18,1.5
Lekki Phase 1,2021-07-19,1.8
Lekki Phase 1,2021-07-20,4.0
Lekki Phase 1,2021-07-21,2.1
Lekki Phase 1,2021-07-22,0.4
Lekki Phase 1,2021-07-23,1.5
Lekki Phase 1,2021-07-24,1.6
Lekki Phase 1,2021-07-25,0.9
Lekki Phase 1,2021-07-26,1.8
Lekki Phase 1,2021-07-27,0.4
Lekki Phase 1,2021-07-28,2.8
Lekki Phase 1,2021-07-29,1.4
Lekki Phase 1,2021-07-30,0.1
Lekki Phase 1,2021-07-31,3.0
Lekki Phase 1,2021-08-01,0.8
Lekki Phase 1,2021-08-02,0.7
Lekki Phase 1,2021-08-03,2.1
Lekki Phase 1,2021-08-04,10.4
Lekki Phase 1,2021-08-05,15.8
Lekki Phase 1,2021-08-06,1.6
Lekki Phase 1,2021-08-07,6.1
Lekki Phase 1,2021-08-08,5.8
Lekki Phase 1,2021-08-09,3.1
Lekki Phase 1,2021-08-10,3.5
Lekki Phase 1,2021-08-11,0.7
Lekki Phase 1,2021-08-12,3.5
Lekki Phase 1,2021-08-13,2.7
Lekki Phase 1,2021-08-14,2.3
Lekki Phase 1,2021-08-15,2.7
Lekki Phase 1,2021-08-16,0.6
Lekki Phase 1,2021-08-17,0.9
Lekki Phase 1,2021-08-18,2.6
Lekki Phase 1,2021-08-19,9.9
Lekki Phase 1,2021-08-20,10.5
Lekki Phase 1,2021-08-21,23.6
Lekki Phase 1,2021-08-22,3.2
Lekki Phase 1,2021-08-23,3.1
Lekki Phase 1,2021-08-24,10.2
Lekki Phase 1,2021-08-25,7.8
Lekki Phase 1,2021-08-26,3.2
Lekki Phase 1,2021-08-27,2.7
Lekki Phase 1,2021-08-28,0.7
Lekki Phase 1,2021-08-29,3.8
Lekki Phase 1,2021-08-30,15.0
Lekki Phase 1,2021-08-31,1.9
Lekki Phase 1,2021-09-01,3.9
Lekki Phase 1,2021-09-02,17.7
Lekki Phase 1,2021-09-03,8.7
Lekki Phase 1,2021-09-04,3.7
Lekki Phase 1,2021-09-05,3.0
Lekki Phase 1,2021-09-06,5.4
Lekki Phase 1,2021-09-07,1.5
Lekki Phase 1,2021-09-08,1.5
Lekki Phase 1,2021-09-09,2.6
Lekki Phase 1,2021-09-10,11.8
Lekki Phase 1,2021-09-11,14.2
Lekki Phase 1,2021-09-12,0.4
Lekki Phase 1,2021-09-13,15.3
Lekki Phase 1,2021-09-14,1.5
Lekki Phase 1,2021-09-15,1.8
Lekki Phase 1,2021-09-16,2.4
Lekki Phase 1,2021-09-17,3.0
Lekki Phase 1,2021-09-18,6.1
Lekki Phase 1,2021-09-19,2.5
Lekki Phase 1,2021-09-20,0.0
Lekki Phase 1,2021-09-21,6.9
Lekki Phase 1,2021-09-22,27.2
Lekki Phase 1,2021-09-23,1.0
Lekki Phase 1,2021-09-24,4.0
Lekki Phase 1,2021-09-25,7.3
Lekki Phase 1,2021-09-26,0.4
Lekki Phase 1,2021-09-27,2.4
Lekki Phase 1,2021-09-28,3.0
Lekki Phase 1,2021-09-29,1.1
Lekki Phase 1,2021-09-30,11.3
Lekki Phase 1,2021-10-01,4.4
Lekki Phase 1,2021-10-02,1.7
Lekki Phase 1,2021-10-03,1.8
Lekki Phase 1,2021-10-04,1.1
Lekki Phase 1,2021-10-05,1.2
Lekki Phase 1,2021-10-06,10.1
Lekki Phase 1,2021-10-07,2.5
Lekki Phase 1,2021-10-08,0.3
Lekki Phase 1,2021-10-09,3.6
Lekki Phase 1,2021-10-10,9.4
Lekki Phase 1,2021-10-11,3.7
Lekki Phase 1,2021-10-12,1.6
Lekki Phase 1,2021-10-13,1.2
Lekki Phase 1,2021-10-14,6.8
Lekki Phase 1,2021-10-15,2.1
Lekki Phase 1,2021-10-16,1.2
Lekki Phase 1,2021-10-17,3.1
Lekki Phase 1,2021-10-18,16.7
Lekki Phase 1,2021-10-19,2.1
Lekki Phase 1,2021-10-20,2.2
Lekki Phase 1,2021-10-21,24.9
Lekki Phase 1,2021-10-22,2.5
Lekki Phase 1,2021-10-23,23.8
Lekki Phase 1,2021-10-24,9.7
Lekki Phase 1,2021-10-25,2.7
Lekki Phase 1,2021-10-26,2.9
Lekki Phase 1,2021-10-27,8.6
Lekki Phase 1,2021-10-28,2.2
Lekki Phase 1,2021-10-29,0.9
Lekki Phase 1,2021-10-30,1.2
Lekki Phase 1,2021-10-31,2.7
Lekki Phase 1,2021-11-01,1.5
Lekki Phase 1,2021-11-02,1.3
Lekki Phase 1,2021-11-03,0.6
Lekki Phase 1,2021-11-04,2.2
Lekki Phase 1,2021-11-05,1.2
Lekki Phase 1,2021-11-06,0.3
Lekki Phase 1,2021-11-07,5.6
Lekki Phase 1,2021-11-08,1.8
Lekki Phase 1,2021-11-09,2.0
Lekki Phase 1,2021-11-10,6.9
Lekki Phase 1,2021-11-11,7.9
Lekki Phase 1,2021-11-12,1.1
Lekki Phase 1,2021-11-13,0.9
Lekki Phase 1,2021-11-14,0.4
Lekki Phase 1,2021-11-15,2.4
Lekki Phase 1,2021-11-16,2.4
Lekki Phase 1,2021-11-17,1.9
Lekki Phase 1,2021-11-18,1.4
Lekki Phase 1,2021-11-19,3.4
Lekki Phase 1,2021-11-20,1.5
Lekki Phase 1,2021-11-21,1.5
Lekki Phase 1,2021-11-22,0.5
Lekki Phase 1,2021-11-23,1.6
Lekki Phase 1,2021-11-24,2.1
Lekki Phase 1,2021-11-25,2.5
Lekki Phase 1,2021-11-26,1.3
Lekki Phase 1,2021-11-27,0.6
Lekki Phase 1,2021-11-28,0.1
Lekki Phase 1,2021-11-29,0.7
Lekki Phase 1,2021-11-30,3.0
Lekki Phase 1,2021-12-01,1.1
Lekki Phase 1,2021-12-02,1.0
Lekki Phase 1,2021-12-03,0.8
Lekki Phase 1,2021-12-04,0.4
Lekki Phase 1,2021-12-05,1.9
Lekki Phase 1,2021-12-06,0.6
Lekki Phase 1,2021-12-07,1.6
Lekki Phase 1,2021-12-08,0.5
Lekki Phase 1,2021-12-09,0.0
Lekki Phase 1,2021-12-10,0.0
Lekki Phase 1,2021-12-11,0.4
Lekki Phase 1,2021-12-12,0.1
Lekki Phase 1,2021-12-13,0.0
Lekki Phase 1,2021-12-14,1.3
Lekki Phase 1,2021-12-15,1.2
Lekki Phase 1,2021-12-16,0.1
Lekki Phase 1,2021-12-17,0.0
Lekki Phase 1,2021-12-18,0.0
Lekki Phase 1,2021-12-19,0.0
Lekki Phase 1,2021-12-20,0.0
Lekki Phase 1,2021-12-21,0.0
Lekki Phase 1,2021-12-22,0.0
Lekki Phase 1,2021-12-23,0.0
Lekki Phase 1,2021-12-24,0.1
Lekki Phase 1,2021-12-25,0.0
Lekki Phase 1,2021-12-26,0.1
Lekki Phase 1,2021-12-27,1.0
Lekki Phase 1,2021-12-28,0.4
Lekki Phase 1,2021-12-29,0.8
Lekki Phase 1,2021-12-30,0.0
Lekki Phase 1,2021-12-31,0.9
Lekki Phase 1,2022-01-01,1.0
Lekki Phase 1,2022-01-02,0.6
Lekki Phase 1,2022-01-03,0.0
Lekki Phase 1,2022-01-04,0.0
Lekki Phase 1,2022-01-05,0.0
Lekki Phase 1,2022-01-06,0.0
Lekki Phase 1,2022-01-07,0.0
Lekki Phase 1,2022-01-08,1.9
Lekki Phase 1,2022-01-09,0.1
Lekki Phase 1,2022-01-10,0.0
Lekki Phase 1,2022-01-11,0.3
Lekki Phase 1,2022-01-12,1.2
Lekki Phase 1,2022-01-13,12.8
Lekki Phase 1,2022-01-14,1.6
Lekki Phase 1,2022-01-15,0.1
Lekki Phase 1,2022-01-16,0.5
Lekki Phase 1,2022-01-17,0.3
Lekki Phase 1,2022-01-18,0.3
Lekki Phase 1,2022-01-19,0.6
Lekki Phase 1,2022-01-20,0.0
Lekki Phase 1,2022-01-21,0.0
Lekki Phase 1,2022-01-22,0.0
Lekki Phase 1,2022-01-23,0.0
Lekki Phase 1,2022-01-24,0.0
Lekki Phase 1,2022-01-25,0.0
Lekki Phase 1,2022-01-26,0.0
Lekki Phase 1,2022-01-27,0.0
Lekki Phase 1,2022-01-28,0.0
Lekki Phase 1,2022-01-29,0.0
Lekki Phase 1,2022-01-30,0.0
Lekki Phase 1,2022-01-31,0.0
Lekki Phase 1,2022-02-01,0.0
Lekki Phase 1,2022-02-02,0.0
Lekki Phase 1,2022-02-03,0.1
Lekki Phase 1,2022-02-04,0.6
Lekki Phase 1,2022-02-05,2.8
Lekki Phase 1,2022-02-06,0.0
Lekki Phase 1,2022-02-07,0.0
Lekki Phase 1,2022-02-08,0.3
Lekki Phase 1,2022-02-09,0.4
Lekki Phase 1,2022-02-10,0.1
Lekki Phase 1,2022-02-11,0.3
Lekki Phase 1,2022-02-12,0.2
Lekki Phase 1,2022-02-13,1.9
Lekki Phase 1,2022-02-14,1.5
Lekki Phase 1,2022-02-15,0.8
Lekki Phase 1,2022-02-16,1.9
Lekki Phase 1,2022-02-17,1.0
Lekki Phase 1,2022-02-18,0.3
Lekki Phase 1,2022-02-19,1.4
Lekki Phase 1,2022-02-20,0.8
Lekki Phase 1,2022-02-21,1.0
Lekki Phase 1,2022-02-22,0.5
Lekki Phase 1,2022-02-23,0.2
Lekki Phase 1,2022-02-24,0.3
Lekki Phase 1,2022-02-25,0.5
Lekki Phase 1,2022-02-26,0.1
Lekki Phase 1,2022-02-27,2.0
Lekki Phase 1,2022-02-28,0.1
Lekki Phase 1,2022-03-01,0.4
Lekki Phase 1,2022-03-02,1.0
Lekki Phase 1,2022-03-03,5.5
Lekki Phase 1,2022-03-04,17.6
Lekki Phase 1,2022-03-05,0.4
Lekki Phase 1,2022-03-06,2.1
Lekki Phase 1,2022-03-07,0.3
Lekki Phase 1,2022-03-08,0.2
Lekki Phase 1,2022-03-09,3.2
Lekki Phase 1,2022-03-10,3.5
Lekki Phase 1,2022-03-11,4.4
Lekki Phase 1,2022-03-12,10.5
Lekki Phase 1,2022-03-13,7.5
Lekki Phase 1,2022-03-14,3.1
Lekki Phase 1,2022-03-15,6.2
Lekki Phase 1,2022-03-16,1.8
Lekki Phase 1,2022-03-17,0.8
Lekki Phase 1,2022-03-18,1.5
Lekki Phase 1,2022-03-19,0.2
Lekki Phase 1,2022-03-20,0.9
Lekki Phase 1,2022-03-21,1.6
Lekki Phase 1,2022-03-22,8.0
Lekki Phase 1,2022-03-23,1.2
Lekki Phase 1,2022-03-24,3.7
Lekki Phase 1,2022-03-25,0.3
Lekki Phase 1,2022-03-26,1.4
Lekki Phase 1,2022-03-27,1.7
Lekki Phase 1,2022-03-28,1.4
Lekki Phase 1,2022-03-29,2.2
Lekki Phase 1,2022-03-30,0.1
Lekki Phase 1,2022-03-31,0.4
Lekki Phase 1,2022-04-01,5.6
Lekki Phase 1,2022-04-02,2.8
Lekki Phase 1,2022-04-03,0.2
Lekki Phase 1,2022-04-04,0.8
Lekki Phase 1,2022-04-05,2.9
Lekki Phase 1,2022-04-06,0.3
Lekki Phase 1,2022-04-07,0.9
Lekki Phase 1,2022-04-08,1.0
Lekki Phase 1,2022-04-09,0.8
Lekki Phase 1,2022-04-10,0.0
Lekki Phase 1,2022-04-11,0.3
Lekki Phase 1,2022-04-12,10.1
Lekki Phase 1,2022-04-13,4.3
Lekki Phase 1,2022-04-14,0.4
Lekki Phase 1,2022-04-15,2.3
Lekki Phase 1,2022-04-16,12.8
Lekki Phase 1,2022-04-17,13.0
Lekki Phase 1,2022-04-18,4.5
Lekki Phase 1,2022-04-19,0.8
Lekki Phase 1,2022-04-20,0.5
Lekki Phase 1,2022-04-21,6.1
Lekki Phase 1,2022-04-22,0.0
Lekki Phase 1,2022-04-23,0.0
Lekki Phase 1,2022-04-24,0.7
Lekki Phase 1,2022-04-25,0.6
Lekki Phase 1,2022-04-26,3.8
Lekki Phase 1,2022-04-27,16.2
Lekki Phase 1,2022-04-28,4.1
Lekki Phase 1,2022-04-29,0.5
Lekki Phase 1,2022-04-30,3.0
Lekki Phase 1,2022-05-01,0.9
Lekki Phase 1,2022-05-02,1.4
Lekki Phase 1,2022-05-03,0.1
Lekki Phase 1,2022-05-04,9.6
Lekki Phase 1,2022-05-05,0.8
Lekki Phase 1,2022-05-06,8.5
Lekki Phase 1,2022-05-07,0.6
Lekki Phase 1,2022-05-08,1.0
Lekki Phase 1,2022-05-09,6.4
Lekki Phase 1,2022-05-10,1.6
Lekki Phase 1,2022-05-11,2.6
Lekki Phase 1,2022-05-12,0.7
Lekki Phase 1,2022-05-13,1.4
Lekki Phase 1,2022-05-14,0.4
Lekki Phase 1,2022-05-15,0.5
Lekki Phase 1,2022-05-16,1.5
Lekki Phase 1,2022-05-17,0.4
Lekki Phase 1,2022-05-18,2.0
Lekki Phase 1,2022-05-19,11.8
Lekki Phase 1,2022-05-20,1.8
Lekki Phase 1,2022-05-21,23.3
Lekki Phase 1,2022-05-22,17.2
Lekki Phase 1,2022-05-23,6.1
Lekki Phase 1,2022-05-24,0.3
Lekki Phase 1,2022-05-25,3.6
Lekki Phase 1,2022-05-26,11.7
Lekki Phase 1,2022-05-27,2.5
Lekki Phase 1,2022-05-28,2.0
Lekki Phase 1,2022-05-29,2.3
Lekki Phase 1,2022-05-30,2.8
Lekki Phase 1,2022-05-31,2.6
Lekki Phase 1,2022-06-01,0.4
Lekki Phase 1,2022-06-02,1.1
Lekki Phase 1,2022-06-03,9.1
Lekki Phase 1,2022-06-04,17.9
Lekki Phase 1,2022-06-05,21.7
Lekki Phase 1,2022-06-06,6.1
Lekki Phase 1,2022-06-07,5.3
Lekki Phase 1,2022-06-08,3.8
Lekki Phase 1,2022-06-09,2.7
Lekki Phase 1,2022-06-10,7.9
Lekki Phase 1,2022-06-11,7.5
Lekki Phase 1,2022-06-12,2.2
Lekki Phase 1,2022-06-13,4.6
Lekki Phase 1,2022-06-14,14.3
Lekki Phase 1,2022-06-15,26.5
Lekki Phase 1,2022-06-16,40.3
Lekki Phase 1,2022-06-17,9.2
Lekki Phase 1,2022-06-18,7.9
Lekki Phase 1,2022-06-19,0.5
Lekki Phase 1,2022-06-20,4.5
Lekki Phase 1,2022-06-21,11.3
Lekki Phase 1,2022-06-22,3.2
Lekki Phase 1,2022-06-23,0.6
Lekki Phase 1,2022-06-24,1.6
Lekki Phase 1,2022-06-25,0.3
Lekki Phase 1,2022-06-26,3.4
Lekki Phase 1,2022-06-27,3.2
Lekki Phase 1,2022-06-28,7.6
Lekki Phase 1,2022-06-29,5.7
Lekki Phase 1,2022-06-30,21.7
Lekki Phase 1,2022-07-01,11.5
Lekki Phase 1,2022-07-02,1.1
Lekki Phase 1,2022-07-03,0.5
Lekki Phase 1,2022-07-04,4.9
Lekki Phase 1,2022-07-05,8.7
Lekki Phase 1,2022-07-06,2.3
Lekki Phase 1,2022-07-07,0.7
Lekki Phase 1,2022-07-08,33.8
Lekki Phase 1,2022-07-09,11.7
Lekki Phase 1,2022-07-10,2.0
Lekki Phase 1,2022-07-11,3.8
Lekki Phase 1,2022-07-12,7.8
Lekki Phase 1,2022-07-13,1.7
Lekki Phase 1,2022-07-14,0.6
Lekki Phase 1,2022-07-15,1.9
Lekki Phase 1,2022-07-16,3.2
Lekki Phase 1,2022-07-17,5.8
Lekki Phase 1,2022-07-18,3.4
Lekki Phase 1,2022-07-19,0.6
Lekki Phase 1,2022-07-20,1.5
Lekki Phase 1,2022-07-21,0.8
Lekki Phase 1,2022-07-22,0.9
Lekki Phase 1,2022-07-23,2.9
Lekki Phase 1,2022-07-24,2.2
Lekki Phase 1,2022-07-25,1.3
Lekki Phase 1,2022-07-26,10.2
Lekki Phase 1,2022-07-27,1.5
Lekki Phase 1,2022-07-28,1.0
Lekki Phase 1,2022-07-29,1.1
Lekki Phase 1,2022-07-30,0.1
Lekki Phase 1,2022-07-31,0.6
Lekki Phase 1,2022-08-01,3.0
Lekki Phase 1,2022-08-02,0.2
Lekki Phase 1,2022-08-03,0.5
Lekki Phase 1,2022-08-04,0.2
Lekki Phase 1,2022-08-05,0.5
Lekki Phase 1,2022-08-06,0.9
Lekki Phase 1,2022-08-07,0.3
Lekki Phase 1,2022-08-08,0.2
Lekki Phase 1,2022-08-09,0.5
Lekki Phase 1,2022-08-10,0.6
Lekki Phase 1,2022-08-11,9.4
Lekki Phase 1,2022-08-12,1.8
Lekki Phase 1,2022-08-13,0.2
Lekki Phase 1,2022-08-14,2.3
Lekki Phase 1,2022-08-15,4.7
Lekki Phase 1,2022-08-16,3.5
Lekki Phase 1,2022-08-17,0.3
Lekki Phase 1,2022-08-18,0.4
Lekki Phase 1,2022-08-19,12.5
Lekki Phase 1,2022-08-20,4.8
Lekki Phase 1,2022-08-21,0.3
Lekki Phase 1,2022-08-22,2.4
Lekki Phase 1,2022-08-23,19.8
Lekki Phase 1,2022-08-24,2.2
Lekki Phase 1,2022-08-25,1.0
Lekki Phase 1,2022-08-26,17.8
Lekki Phase 1,2022-08-27,7.0
Lekki Phase 1,2022-08-28,3.4
Lekki Phase 1,2022-08-29,2.5
Lekki Phase 1,2022-08-30,9.8
Lekki Phase 1,2022-08-31,2.6
Lekki Phase 1,2022-09-01,0.5
Lekki Phase 1,2022-09-02,3.9
Lekki Phase 1,2022-09-03,1.0
Lekki Phase 1,2022-09-04,2.3
Lekki Phase 1,2022-09-05,1.9
Lekki Phase 1,2022-09-06,1.1
Lekki Phase 1,2022-09-07,0.9
Lekki Phase 1,2022-09-08,1.4
Lekki Phase 1,2022-09-09,1.9
Lekki Phase 1,2022-09-10,0.9
Lekki Phase 1,2022-09-11,2.5
Lekki Phase 1,2022-09-12,19.9
Lekki Phase 1,2022-09-13,2.0
Lekki Phase 1,2022-09-14,0.6
Lekki Phase 1,2022-09-15,0.8
Lekki Phase 1,2022-09-16,4.1
Lekki Phase 1,2022-09-17,1.2
Lekki Phase 1,2022-09-18,4.0
Lekki Phase 1,2022-09-19,28.0
Lekki Phase 1,2022-09-20,3.4
Lekki Phase 1,2022-09-21,4.0
Lekki Phase 1,2022-09-22,6.8
Lekki Phase 1,2022-09-23,0.5
Lekki Phase 1,2022-09-24,3.5
Lekki Phase 1,2022-09-25,4.8
Lekki Phase 1,2022-09-26,11.3
Lekki Phase 1,2022-09-27,6.1
Lekki Phase 1,2022-09-28,13.8
Lekki Phase 1,2022-09-29,2.0
Lekki Phase 1,2022-09-30,3.4
Lekki Phase 1,2022-10-01,2.4
Lekki Phase 1,2022-10-02,1.6
Lekki Phase 1,2022-10-03,0.0
Lekki Phase 1,2022-10-04,1.2
Lekki Phase 1,2022-10-05,1.6
Lekki Phase 1,2022-10-06,6.2
Lekki Phase 1,2022-10-07,7.3
Lekki Phase 1,2022-10-08,0.6
Lekki Phase 1,2022-10-09,28.8
Lekki Phase 1,2022-10-10,13.6
Lekki Phase 1,2022-10-11,0.9
Lekki Phase 1,2022-10-12,4.2
Lekki Phase 1,2022-10-13,14.4
Lekki Phase 1,2022-10-14,0.3
Lekki Phase 1,2022-10-15,11.7
Lekki Phase 1,2022-10-16,1.3
Lekki Phase 1,2022-10-17,1.3
Lekki Phase 1,2022-10-18,1.3
Lekki Phase 1,2022-10-19,0.7
Lekki Phase 1,2022-10-20,3.6
Lekki Phase 1,2022-10-21,1.9
Lekki Phase 1,2022-10-22,0.6
Lekki Phase 1,2022-10-23,2.3
Lekki Phase 1,2022-10-24,1.6
Lekki Phase 1,2022-10-25,7.6
Lekki Phase 1,2022-10-26,0.5
Lekki Phase 1,2022-10-27,1.5
Lekki Phase 1,2022-10-28,2.0
Lekki Phase 1,2022-10-29,0.6
Lekki Phase 1,2022-10-30,0.8
Lekki Phase 1,2022-10-31,1.1
Lekki Phase 1,2022-11-01,1.0
Lekki Phase 1,2022-11-02,0.4
Lekki Phase 1,2022-11-03,1.2
Lekki Phase 1,2022-11-04,2.6
Lekki Phase 1,2022-11-05,1.3
Lekki Phase 1,2022-11-06,2.0
Lekki Phase 1,2022-11-07,1.1
Lekki Phase 1,2022-11-08,0.4
Lekki Phase 1,2022-11-09,2.2
Lekki Phase 1,2022-11-10,0.8
Lekki Phase 1,2022-11-11,3.3
Lekki Phase 1,2022-11-12,3.6
Lekki Phase 1,2022-11-13,1.7
Lekki Phase 1,2022-11-14,0.4
Lekki Phase 1,2022-11-15,2.3
Lekki Phase 1,2022-11-16,0.1
Lekki Phase 1,2022-11-17,1.5
Lekki Phase 1,2022-11-18,0.8
Lekki Phase 1,2022-11-19,1.0
Lekki Phase 1,2022-11-20,0.6
Lekki Phase 1,2022-11-21,0.8
Lekki Phase 1,2022-11-22,2.4
Lekki Phase 1,2022-11-23,2.6
Lekki Phase 1,2022-11-24,0.1
Lekki Phase 1,2022-11-25,0.0
Lekki Phase 1,2022-11-26,1.1
Lekki Phase 1,2022-11-27,1.2
Lekki Phase 1,2022-11-28,1.3
Lekki Phase 1,2022-11-29,2.4
Lekki Phase 1,2022-11-30,0.6
Lekki Phase 1,2022-12-01,0.1
Lekki Phase 1,2022-12-02,0.5
Lekki Phase 1,2022-12-03,1.5
Lekki Phase 1,2022-12-04,0.4
Lekki Phase 1,2022-12-05,0.9
Lekki Phase 1,2022-12-06,0.4
Lekki Phase 1,2022-12-07,0.5
Lekki Phase 1,2022-12-08,0.6
Lekki Phase 1,2022-12-09,0.0
Lekki Phase 1,2022-12-10,0.0
Lekki Phase 1,2022-12-11,0.0
Lekki Phase 1,2022-12-12,0.1
Lekki Phase 1,2022-12-13,0.2
Lekki Phase 1,2022-12-14,0.2
Lekki Phase 1,2022-12-15,2.4
Lekki Phase 1,2022-12-16,0.4
Lekki Phase 1,2022-12-17,0.8
Lekki Phase 1,2022-12-18,0.4
Lekki Phase 1,2022-12-19,0.0
Lekki Phase 1,2022-12-20,0.0
Lekki Phase 1,2022-12-21,0.0
Lekki Phase 1,2022-12-22,0.3
Lekki Phase 1,2022-12-23,0.0
Lekki Phase 1,2022-12-24,0.0
Lekki Phase 1,2022-12-25,0.0
Lekki Phase 1,2022-12-26,0.0
Lekki Phase 1,2022-12-27,0.0
Lekki Phase 1,2022-12-28,0.0
Lekki Phase 1,2022-12-29,0.0
Lekki Phase 1,2022-12-30,0.0
Lekki Phase 1,2022-12-31,0.0
Lekki Phase 1,2023-01-01,0.0
Lekki Phase 1,2023-01-02,0.0
Lekki Phase 1,2023-01-03,0.0
Lekki Phase 1,2023-01-04,0.0
Lekki Phase 1,2023-01-05,0.0
Lekki Phase 1,2023-01-06,0.0
Lekki Phase 1,2023-01-07,0.0
Lekki Phase 1,2023-01-08,0.0
Lekki Phase 1,2023-01-09,0.0
Lekki Phase 1,2023-01-10,0.0
Lekki Phase 1,2023-01-11,0.0
Lekki Phase 1,2023-01-12,0.0
Lekki Phase 1,2023-01-13,0.0
Lekki Phase 1,2023-01-14,0.0
Lekki Phase 1,2023-01-15,0.2
Lekki Phase 1,2023-01-16,0.0
Lekki Phase 1,2023-01-17,0.0
Lekki Phase 1,2023-01-18,0.0
Lekki Phase 1,2023-01-19,0.0
Lekki Phase 1,2023-01-20,0.4
Lekki Phase 1,2023-01-21,0.9
Lekki Phase 1,2023-01-22,1.8
Lekki Phase 1,2023-01-23,0.8
Lekki Phase 1,2023-01-24,0.6
Lekki Phase 1,2023-01-25,0.6
Lekki Phase 1,2023-01-26,1.9
Lekki Phase 1,2023-01-27,0.8
Lekki Phase 1,2023-01-28,2.7
Lekki Phase 1,2023-01-29,1.4
Lekki Phase 1,2023-01-30,0.1
Lekki Phase 1,2023-01-31,1.9
Lekki Phase 1,2023-02-01,0.0
Lekki Phase 1,2023-02-02,1.5
Lekki Phase 1,2023-02-03,0.5
Lekki Phase 1,2023-02-04,0.6
Lekki Phase 1,2023-02-05,0.7
Lekki Phase 1,2023-02-06,1.4
Lekki Phase 1,2023-02-07,0.3
Lekki Phase 1,2023-02-08,0.9
Lekki Phase 1,2023-02-09,0.9
Lekki Phase 1,2023-02-10,0.7
Lekki Phase 1,2023-02-11,0.6
Lekki Phase 1,2023-02-12,1.4
Lekki Phase 1,2023-02-13,0.1
Lekki Phase 1,2023-02-14,0.1
Lekki Phase 1,2023-02-15,0.0
Lekki Phase 1,2023-02-16,0.0
Lekki Phase 1,2023-02-17,0.0
Lekki Phase 1,2023-02-18,0.0
Lekki Phase 1,2023-02-19,0.0
Lekki Phase 1,2023-02-20,0.0
Lekki Phase 1,2023-02-21,0.0
Lekki Phase 1,2023-02-22,0.4
Lekki Phase 1,2023-02-23,0.7
Lekki Phase 1,2023-02-24,1.6
Lekki Phase 1,2023-02-25,0.4
Lekki Phase 1,2023-02-26,0.2
Lekki Phase 1,2023-02-27,0.0
Lekki Phase 1,2023-02-28,0.0
Lekki Phase 1,2023-03-01,0.4
Lekki Phase 1,2023-03-02,1.1
Lekki Phase 1,2023-03-03,6.7
Lekki Phase 1,2023-03-04,3.3
Lekki Phase 1,2023-03-05,0.0
Lekki Phase 1,2023-03-06,5.0
Lekki Phase 1,2023-03-07,0.8
Lekki Phase 1,2023-03-08,0.5
Lekki Phase 1,2023-03-09,4.3
Lekki Phase 1,2023-03-10,0.2
Lekki Phase 1,2023-03-11,0.2
Lekki Phase 1,2023-03-12,0.6
Lekki Phase 1,2023-03-13,0.3
Lekki Phase 1,2023-03-14,0.5
Lekki Phase 1,2023-03-15,3.4
Lekki Phase 1,2023-03-16,14.1
Lekki Phase 1,2023-03-17,0.7
Lekki Phase 1,2023-03-18,2.4
Lekki Phase 1,2023-03-19,7.8
Lekki Phase 1,2023-03-20,0.3
Lekki Phase 1,2023-03-21,4.1
Lekki Phase 1,2023-03-22,0.5
Lekki Phase 1,2023-03-23,1.4
Lekki Phase 1,2023-03-24,0.0
Lekki Phase 1,2023-03-25,1.8
Lekki Phase 1,2023-03-26,1.2
Lekki Phase 1,2023-03-27,0.0
Lekki Phase 1,2023-03-28,0.1
Lekki Phase 1,2023-03-29,0.2
Lekki Phase 1,2023-03-30,0.5
Lekki Phase 1,2023-03-31,10.8
Lekki Phase 1,2023-04-01,0.2
Lekki Phase 1,2023-04-02,0.3
Lekki Phase 1,2023-04-03,2.7
Lekki Phase 1,2023-04-04,15.0
Lekki Phase 1,2023-04-05,0.2
Lekki Phase 1,2023-04-06,0.2
Lekki Phase 1,2023-04-07,0.8
Lekki Phase 1,2023-04-08,3.7
Lekki Phase 1,2023-04-09,7.2
Lekki Phase 1,2023-04-10,0.0
Lekki Phase 1,2023-04-11,0.8
Lekki Phase 1,2023-04-12,1.5
Lekki Phase 1,2023-04-13,0.5
Lekki Phase 1,2023-04-14,1.0
Lekki Phase 1,2023-04-15,3.3
Lekki Phase 1,2023-04-16,1.4
Lekki Phase 1,2023-04-17,6.0
Lekki Phase 1,2023-04-18,0.2
Lekki Phase 1,2023-04-19,1.7
Lekki Phase 1,2023-04-20,1.1
Lekki Phase 1,2023-04-21,0.9
Lekki Phase 1,2023-04-22,0.8
Lekki Phase 1,2023-04-23,8.8
Lekki Phase 1,2023-04-24,2.8
Lekki Phase 1,2023-04-25,0.2
Lekki Phase 1,2023-04-26,1.5
Lekki Phase 1,2023-04-27,14.1
Lekki Phase 1,2023-04-28,1.0
Lekki Phase 1,2023-04-29,18.8
Lekki Phase 1,2023-04-30,2.2
Lekki Phase 1,2023-05-01,4.6
Lekki Phase 1,2023-05-02,0.9
Lekki Phase 1,2023-05-03,0.8
Lekki Phase 1,2023-05-04,1.2
Lekki Phase 1,2023-05-05,0.0
Lekki Phase 1,2023-05-06,0.2
Lekki Phase 1,2023-05-07,0.3
Lekki Phase 1,2023-05-08,2.9
Lekki Phase 1,2023-05-09,1.6
Lekki Phase 1,2023-05-10,0.6
Lekki Phase 1,2023-05-11,2.0
Lekki Phase 1,2023-05-12,1.1
Lekki Phase 1,2023-05-13,0.7
Lekki Phase 1,2023-05-14,6.6
Lekki Phase 1,2023-05-15,30.4
Lekki Phase 1,2023-05-16,1.6
Lekki Phase 1,2023-05-17,1.5
Lekki Phase 1,2023-05-18,3.6
Lekki Phase 1,2023-05-19,1.6
Lekki Phase 1,2023-05-20,1.9
Lekki Phase 1,2023-05-21,11.3
Lekki Phase 1,2023-05-22,1.6
Lekki Phase 1,2023-05-23,2.1
Lekki Phase 1,2023-05-24,1.8
Lekki Phase 1,2023-05-25,1.4
Lekki Phase 1,2023-05-26,1.6
Lekki Phase 1,2023-05-27,2.2
Lekki Phase 1,2023-05-28,4.1
Lekki Phase 1,2023-05-29,3.1
Lekki Phase 1,2023-05-30,0.7
Lekki Phase 1,2023-05-31,2.2
Lekki Phase 1,2023-06-01,3.8
Lekki Phase 1,2023-06-02,8.8
Lekki Phase 1,2023-06-03,8.0
Lekki Phase 1,2023-06-04,2.4
Lekki Phase 1,2023-06-05,4.2
Lekki Phase 1,2023-06-06,25.7
Lekki Phase 1,2023-06-07,13.8
Lekki Phase 1,2023-06-08,9.3
Lekki Phase 1,2023-06-09,10.1
Lekki Phase 1,2023-06-10,5.9
Lekki Phase 1,2023-06-11,12.1
Lekki Phase 1,2023-06-12,0.7
Lekki Phase 1,2023-06-13,0.2
Lekki Phase 1,2023-06-14,2.5
Lekki Phase 1,2023-06-15,22.3
Lekki Phase 1,2023-06-16,3.6
Lekki Phase 1,2023-06-17,2.2
Lekki Phase 1,2023-06-18,3.8
Lekki Phase 1,2023-06-19,10.1
Lekki Phase 1,2023-06-20,19.7
Lekki Phase 1,2023-06-21,23.4
Lekki Phase 1,2023-06-22,19.2
Lekki Phase 1,2023-06-23,8.4
Lekki Phase 1,2023-06-24,22.3
Lekki Phase 1,2023-06-25,9.0
Lekki Phase 1,2023-06-26,0.0
Lekki Phase 1,2023-06-27,0.1
Lekki Phase 1,2023-06-28,19.0
Lekki Phase 1,2023-06-29,3.2
Lekki Phase 1,2023-06-30,1.4
Lekki Phase 1,2023-07-01,5.1
Lekki Phase 1,2023-07-02,6.1
Lekki Phase 1,2023-07-03,0.9
Lekki Phase 1,2023-07-04,10.5
Lekki Phase 1,2023-07-05,1.2
Lekki Phase 1,2023-07-06,0.8
Lekki Phase 1,2023-07-07,14.8
Lekki Phase 1,2023-07-08,13.4
Lekki Phase 1,2023-07-09,27.2
Lekki Phase 1,2023-07-10,1.5
Lekki Phase 1,2023-07-11,0.9
Lekki Phase 1,2023-07-12,30.3
Lekki Phase 1,2023-07-13,2.4
Lekki Phase 1,2023-07-14,1.3
Lekki Phase 1,2023-07-15,0.6
Lekki Phase 1,2023-07-16,7.0
Lekki Phase 1,2023-07-17,4.7
Lekki Phase 1,2023-07-18,4.4
Lekki Phase 1,2023-07-19,1.2
Lekki Phase 1,2023-07-20,3.9
Lekki Phase 1,2023-07-21,4.6
Lekki Phase 1,2023-07-22,6.8
Lekki Phase 1,2023-07-23,40.4
Lekki Phase 1,2023-07-24,12.3
Lekki Phase 1,2023-07-25,0.5
Lekki Phase 1,2023-07-26,1.4
Lekki Phase 1,2023-07-27,0.4
Lekki Phase 1,2023-07-28,2.2
Lekki Phase 1,2023-07-29,10.8
Lekki Phase 1,2023-07-30,2.6
Lekki Phase 1,2023-07-31,12.4
Lekki Phase 1,2023-08-01,15.9
Lekki Phase 1,2023-08-02,3.0
Lekki Phase 1,2023-08-03,1.8
Lekki Phase 1,2023-08-04,1.4
Lekki Phase 1,2023-08-05,2.0
Lekki Phase 1,2023-08-06,1.1
Lekki Phase 1,2023-08-07,1.3
Lekki Phase 1,2023-08-08,14.4
Lekki Phase 1,2023-08-09,6.3
Lekki Phase 1,2023-08-10,3.1
Lekki Phase 1,2023-08-11,0.6
Lekki Phase 1,2023-08-12,2.2
Lekki Phase 1,2023-08-13,0.7
Lekki Phase 1,2023-08-14,14.9
Lekki Phase 1,2023-08-15,2.2
Lekki Phase 1,2023-08-16,6.5
Lekki Phase 1,2023-08-17,9.4
Lekki Phase 1,2023-08-18,9.0
Lekki Phase 1,2023-08-19,10.7
Lekki Phase 1,2023-08-20,2.0
Lekki Phase 1,2023-08-21,0.5
Lekki Phase 1,2023-08-22,0.7
Lekki Phase 1,2023-08-23,6.9
Lekki Phase 1,2023-08-24,3.8
Lekki Phase 1,2023-08-25,0.7
Lekki Phase 1,2023-08-26,1.3
Lekki Phase 1,2023-08-27,5.5
Lekki Phase 1,2023-08-28,10.3
Lekki Phase 1,2023-08-29,1.2
Lekki Phase 1,2023-08-30,7.0
Lekki Phase 1,2023-08-31,4.3
Lekki Phase 1,2023-09-01,3.8
Lekki Phase 1,2023-09-02,6.2
Lekki Phase 1,2023-09-03,23.2
Lekki Phase 1,2023-09-04,2.6
Lekki Phase 1,2023-09-05,7.1
Lekki Phase 1,2023-09-06,1.4
Lekki Phase 1,2023-09-07,0.7
Lekki Phase 1,2023-09-08,6.2
Lekki Phase 1,2023-09-09,23.3
Lekki Phase 1,2023-09-10,0.6
Lekki Phase 1,2023-09-11,1.5
Lekki Phase 1,2023-09-12,4.8
Lekki Phase 1,2023-09-13,5.2
Lekki Phase 1,2023-09-14,6.8
Lekki Phase 1,2023-09-15,3.4
Lekki Phase 1,2023-09-16,44.1
Lekki Phase 1,2023-09-17,1.4
Lekki Phase 1,2023-09-18,1.8
Lekki Phase 1,2023-09-19,1.9
Lekki Phase 1,2023-09-20,0.3
Lekki Phase 1,2023-09-21,0.4
Lekki Phase 1,2023-09-22,11.1
Lekki Phase 1,2023-09-23,2.5
Lekki Phase 1,2023-09-24,42.6
Lekki Phase 1,2023-09-25,1.4
Lekki Phase 1,2023-09-26,1.7
Lekki Phase 1,2023-09-27,0.4
Lekki Phase 1,2023-09-28,0.8
Lekki Phase 1,2023-09-29,9.8
Lekki Phase 1,2023-09-30,3.0
Lekki Phase 1,2023-10-01,1.0
Lekki Phase 1,2023-10-02,1.4
Lekki Phase 1,2023-10-03,2.5
Lekki Phase 1,2023-10-04,4.0
Lekki Phase 1,2023-10-05,19.5
Lekki Phase 1,2023-10-06,1.4
Lekki Phase 1,2023-10-07,16.2
Lekki Phase 1,2023-10-08,6.2
Lekki Phase 1,2023-10-09,1.8
Lekki Phase 1,2023-10-10,0.3
Lekki Phase 1,2023-10-11,3.9
Lekki Phase 1,2023-10-12,18.2
Lekki Phase 1,2023-10-13,2.5
Lekki Phase 1,2023-10-14,3.1
Lekki Phase 1,2023-10-15,1.3
Lekki Phase 1,2023-10-16,4.1
Lekki Phase 1,2023-10-17,12.8
Lekki Phase 1,2023-10-18,0.0
Lekki Phase 1,2023-10-19,6.1
Lekki Phase 1,2023-10-20,0.3
Lekki Phase 1,2023-10-21,0.5
Lekki Phase 1,2023-10-22,0.9
Lekki Phase 1,2023-10-23,2.5
Lekki Phase 1,2023-10-24,0.9
Lekki Phase 1,2023-10-25,2.5
Lekki Phase 1,2023-10-26,2.0
Lekki Phase 1,2023-10-27,0.4
Lekki Phase 1,2023-10-28,0.6
Lekki Phase 1,2023-10-29,0.9
Lekki Phase 1,2023-10-30,4.0
Lekki Phase 1,2023-10-31,0.0
Lekki Phase 1,2023-11-01,0.4
Lekki Phase 1,2023-11-02,1.6
Lekki Phase 1,2023-11-03,0.7
Lekki Phase 1,2023-11-04,3.9
Lekki Phase 1,2023-11-05,1.9
Lekki Phase 1,2023-11-06,4.8
Lekki Phase 1,2023-11-07,1.1
Lekki Phase 1,2023-11-08,2.4
Lekki Phase 1,2023-11-09,0.8
Lekki Phase 1,2023-11-10,0.6
Lekki Phase 1,2023-11-11,3.5
Lekki Phase 1,2023-11-12,1.2
Lekki Phase 1,2023-11-13,2.6
Lekki Phase 1,2023-11-14,0.3
Lekki Phase 1,2023-11-15,3.3
Lekki Phase 1,2023-11-16,0.0
Lekki Phase 1,2023-11-17,0.5
Lekki Phase 1,2023-11-18,0.8
Lekki Phase 1,2023-11-19,0.3
Lekki Phase 1,2023-11-20,0.6
Lekki Phase 1,2023-11-21,0.1
Lekki Phase 1,2023-11-22,2.4
Lekki Phase 1,2023-11-23,0.6
Lekki Phase 1,2023-11-24,4.8
Lekki Phase 1,2023-11-25,4.3
Lekki Phase 1,2023-11-26,17.4
Lekki Phase 1,2023-11-27,0.0
Lekki Phase 1,2023-11-28,1.3
Lekki Phase 1,2023-11-29,0.5
Lekki Phase 1,2023-11-30,0.5
Lekki Phase 1,2023-12-01,1.3
Lekki Phase 1,2023-12-02,1.8
Lekki Phase 1,2023-12-03,1.2
Lekki Phase 1,2023-12-04,0.1
Lekki Phase 1,2023-12-05,0.1
Lekki Phase 1,2023-12-06,1.2
Lekki Phase 1,2023-12-07,0.8
Lekki Phase 1,2023-12-08,0.8
Lekki Phase 1,2023-12-09,1.0
Lekki Phase 1,2023-12-10,1.7
Lekki Phase 1,2023-12-11,0.2
Lekki Phase 1,2023-12-12,1.2
Lekki Phase 1,2023-12-13,0.0
Lekki Phase 1,2023-12-14,0.0
Lekki Phase 1,2023-12-15,0.0
Lekki Phase 1,2023-12-16,0.0
Lekki Phase 1,2023-12-17,0.0
Lekki Phase 1,2023-12-18,0.0
Lekki Phase 1,2023-12-19,0.0
Lekki Phase 1,2023-12-20,0.0
Lekki Phase 1,2023-12-21,0.0
Lekki Phase 1,2023-12-22,0.0
Lekki Phase 1,2023-12-23,0.0
Lekki Phase 1,2023-12-24,0.0
Lekki Phase 1,2023-12-25,0.0
Lekki Phase 1,2023-12-26,0.0
Lekki Phase 1,2023-12-27,0.0
Lekki Phase 1,2023-12-28,0.0
Lekki Phase 1,2023-12-29,0.0
Lekki Phase 1,2023-12-30,0.1
Lekki Phase 1,2023-12-31,0.1
Lekki Phase 1,2024-01-01,1.1
Lekki Phase 1,2024-01-02,0.4
Lekki Phase 1,2024-01-03,0.7
Lekki Phase 1,2024-01-04,0.1
Lekki Phase 1,2024-01-05,0.7
Lekki Phase 1,2024-01-06,1.0
Lekki Phase 1,2024-01-07,0.1
Lekki Phase 1,2024-01-08,0.3
Lekki Phase 1,2024-01-09,0.7
Lekki Phase 1,2024-01-10,2.0
Lekki Phase 1,2024-01-11,0.0
Lekki Phase 1,2024-01-12,0.3
Lekki Phase 1,2024-01-13,0.1
Lekki Phase 1,2024-01-14,1.2
Lekki Phase 1,2024-01-15,0.1
Lekki Phase 1,2024-01-16,0.0
Lekki Phase 1,2024-01-17,0.0
Lekki Phase 1,2024-01-18,0.0
Lekki Phase 1,2024-01-19,0.0
Lekki Phase 1,2024-01-20,0.0
Lekki Phase 1,2024-01-21,0.0
Lekki Phase 1,2024-01-22,0.0
Lekki Phase 1,2024-01-23,0.0
Lekki Phase 1,2024-01-24,2.9
Lekki Phase 1,2024-01-25,0.0
Lekki Phase 1,2024-01-26,0.0
Lekki Phase 1,2024-01-27,0.0
Lekki Phase 1,2024-01-28,0.0
Lekki Phase 1,2024-01-29,0.0
Lekki Phase 1,2024-01-30,0.0
Lekki Phase 1,2024-01-31,0.0
Lekki Phase 1,2024-02-01,0.0
Lekki Phase 1,2024-02-02,0.1
Lekki Phase 1,2024-02-03,0.0
Lekki Phase 1,2024-02-04,0.0
Lekki Phase 1,2024-02-05,0.0
Lekki Phase 1,2024-02-06,0.0
Lekki Phase 1,2024-02-07,0.0
Lekki Phase 1,2024-02-08,0.0
Lekki Phase 1,2024-02-09,0.0
Lekki Phase 1,2024-02-10,0.0
Lekki Phase 1,2024-02-11,0.0
Lekki Phase 1,2024-02-12,0.0
Lekki Phase 1,2024-02-13,0.4
Lekki Phase 1,2024-02-14,0.7
Lekki Phase 1,2024-02-15,0.5
Lekki Phase 1,2024-02-16,0.2
Lekki Phase 1,2024-02-17,1.1
Lekki Phase 1,2024-02-18,2.0
Lekki Phase 1,2024-02-19,0.9
Lekki Phase 1,2024-02-20,15.4
Lekki Phase 1,2024-02-21,1.5
Lekki Phase 1,2024-02-22,3.5
Lekki Phase 1,2024-02-23,1.7
Lekki Phase 1,2024-02-24,0.0
Lekki Phase 1,2024-02-25,0.0
Lekki Phase 1,2024-02-26,0.4
Lekki Phase 1,2024-02-27,0.0
Lekki Phase 1,2024-02-28,0.4
Lekki Phase 1,2024-02-29,0.7
Lekki Phase 1,2024-03-01,1.0
Lekki Phase 1,2024-03-02,5.8
Lekki Phase 1,2024-03-03,8.4
Lekki Phase 1,2024-03-04,0.0
Lekki Phase 1,2024-03-05,0.2
Lekki Phase 1,2024-03-06,0.9
Lekki Phase 1,2024-03-07,10.2
Lekki Phase 1,2024-03-08,0.6
Lekki Phase 1,2024-03-09,2.5
Lekki Phase 1,2024-03-10,0.0
Lekki Phase 1,2024-03-11,0.1
Lekki Phase 1,2024-03-12,0.7
Lekki Phase 1,2024-03-13,0.5
Lekki Phase 1,2024-03-14,5.8
Lekki Phase 1,2024-03-15,0.0
Lekki Phase 1,2024-03-16,0.0
Lekki Phase 1,2024-03-17,0.1
Lekki Phase 1,2024-03-18,0.8
Lekki Phase 1,2024-03-19,0.5
Lekki Phase 1,2024-03-20,1.2
Lekki Phase 1,2024-03-21,9.8
Lekki Phase 1,2024-03-22,0.0
Lekki Phase 1,2024-03-23,1.7
Lekki Phase 1,2024-03-24,0.0
Lekki Phase 1,2024-03-25,7.0
Lekki Phase 1,2024-03-26,0.0
Lekki Phase 1,2024-03-27,0.0
Lekki Phase 1,2024-03-28,6.3
Lekki Phase 1,2024-03-29,23.0
Lekki Phase 1,2024-03-30,1.1
Lekki Phase 1,2024-03-31,0.1
Lekki Phase 1,2024-04-01,1.4
Lekki Phase 1,2024-04-02,1.4
Lekki Phase 1,2024-04-03,0.4
Lekki Phase 1,2024-04-04,1.3
Lekki Phase 1,2024-04-05,7.0
Lekki Phase 1,2024-04-06,6.3
Lekki Phase 1,2024-04-07,0.0
Lekki Phase 1,2024-04-08,0.0
Lekki Phase 1,2024-04-09,0.1
Lekki Phase 1,2024-04-10,3.0
Lekki Phase 1,2024-04-11,4.0
Lekki Phase 1,2024-04-12,0.0
Lekki Phase 1,2024-04-13,0.3
Lekki Phase 1,2024-04-14,2.1
Lekki Phase 1,2024-04-15,0.8
Lekki Phase 1,2024-04-16,0.6
Lekki Phase 1,2024-04-17,0.2
Lekki Phase 1,2024-04-18,0.4
Lekki Phase 1,2024-04-19,2.6
Lekki Phase 1,2024-04-20,0.8
Lekki Phase 1,2024-04-21,1.7
Lekki Phase 1,2024-04-22,0.3
Lekki Phase 1,2024-04-23,8.0
Lekki Phase 1,2024-04-24,0.2
Lekki Phase 1,2024-04-25,1.3
Lekki Phase 1,2024-04-26,0.2
Lekki Phase 1,2024-04-27,0.0
Lekki Phase 1,2024-04-28,0.0
Lekki Phase 1,2024-04-29,1.6
Lekki Phase 1,2024-04-30,0.1
Lekki Phase 1,2024-05-01,0.6
Lekki Phase 1,2024-05-02,0.2
Lekki Phase 1,2024-05-03,5.3
Lekki Phase 1,2024-05-04,0.9
Lekki Phase 1,2024-05-05,0.3
Lekki Phase 1,2024-05-06,3.4
Lekki Phase 1,2024-05-07,2.5
Lekki Phase 1,2024-05-08,0.4
Lekki Phase 1,2024-05-09,0.0
Lekki Phase 1,2024-05-10,0.0
Lekki Phase 1,2024-05-11,0.6
Lekki Phase 1,2024-05-12,2.9
Lekki Phase 1,2024-05-13,0.6
Lekki Phase 1,2024-05-14,0.0
Lekki Phase 1,2024-05-15,0.4
Lekki Phase 1,2024-05-16,7.8
Lekki Phase 1,2024-05-17,2.2
Lekki Phase 1,2024-05-18,19.4
Lekki Phase 1,2024-05-19,1.2
Lekki Phase 1,2024-05-20,0.4
Lekki Phase 1,2024-05-21,1.4
Lekki Phase 1,2024-05-22,4.6
Lekki Phase 1,2024-05-23,0.9
Lekki Phase 1,2024-05-24,7.3
Lekki Phase 1,2024-05-25,25.7
Lekki Phase 1,2024-05-26,1.0
Lekki Phase 1,2024-05-27,0.2
Lekki Phase 1,2024-05-28,1.3
Lekki Phase 1,2024-05-29,0.8
Lekki Phase 1,2024-05-30,1.3
Lekki Phase 1,2024-05-31,12.4
Lekki Phase 1,2024-06-01,1.8
Lekki Phase 1,2024-06-02,10.2
Lekki Phase 1,2024-06-03,1.4
Lekki Phase 1,2024-06-04,2.3
Lekki Phase 1,2024-06-05,0.3
Lekki Phase 1,2024-06-06,10.4
Lekki Phase 1,2024-06-07,6.5
Lekki Phase 1,2024-06-08,8.0
Lekki Phase 1,2024-06-09,8.1
Lekki Phase 1,2024-06-10,4.3
Lekki Phase 1,2024-06-11,12.5
Lekki Phase 1,2024-06-12,1.6
Lekki Phase 1,2024-06-13,0.6
Lekki Phase 1,2024-06-14,5.2
Lekki Phase 1,2024-06-15,18.3
Lekki Phase 1,2024-06-16,4.3
Lekki Phase 1,2024-06-17,0.6
Lekki Phase 1,2024-06-18,1.4
Lekki Phase 1,2024-06-19,1.4
Lekki Phase 1,2024-06-20,3.4
Lekki Phase 1,2024-06-21,18.7
Lekki Phase 1,2024-06-22,1.8
Lekki Phase 1,2024-06-23,0.8
Lekki Phase 1,2024-06-24,4.1
Lekki Phase 1,2024-06-25,36.7
Lekki Phase 1,2024-06-26,4.9
Lekki Phase 1,2024-06-27,1.7
Lekki Phase 1,2024-06-28,5.0
Lekki Phase 1,2024-06-29,9.2
Lekki Phase 1,2024-06-30,2.4
Lekki Phase 1,2024-07-01,2.7
Lekki Phase 1,2024-07-02,13.3
Lekki Phase 1,2024-07-03,47.8
Lekki Phase 1,2024-07-04,29.2
Lekki Phase 1,2024-07-05,4.6
Lekki Phase 1,2024-07-06,10.5
Lekki Phase 1,2024-07-07,5.1
Lekki Phase 1,2024-07-08,16.5
Lekki Phase 1,2024-07-09,2.4
Lekki Phase 1,2024-07-10,1.1
Lekki Phase 1,2024-07-11,1.8
Lekki Phase 1,2024-07-12,5.6
Lekki Phase 1,2024-07-13,2.5
Lekki Phase 1,2024-07-14,1.4
Lekki Phase 1,2024-07-15,0.4
Lekki Phase 1,2024-07-16,1.5
Lekki Phase 1,2024-07-17,0.6
Lekki Phase 1,2024-07-18,0.6
Lekki Phase 1,2024-07-19,2.2
Lekki Phase 1,2024-07-20,1.8
Lekki Phase 1,2024-07-21,2.4
Lekki Phase 1,2024-07-22,0.6
Lekki Phase 1,2024-07-23,0.4
Lekki Phase 1,2024-07-24,0.8
Lekki Phase 1,2024-07-25,0.5
Lekki Phase 1,2024-07-26,0.5
Lekki Phase 1,2024-07-27,0.5
Lekki Phase 1,2024-07-28,0.9
Lekki Phase 1,2024-07-29,0.7
Lekki Phase 1,2024-07-30,0.7
Lekki Phase 1,2024-07-31,0.7
Lekki Phase 1,2024-08-01,1.2
Lekki Phase 1,2024-08-02,2.7
Lekki Phase 1,2024-08-03,1.5
Lekki Phase 1,2024-08-04,1.3
Lekki Phase 1,2024-08-05,0.8
Lekki Phase 1,2024-08-06,1.2
Lekki Phase 1,2024-08-07,1.1
Lekki Phase 1,2024-08-08,1.5
Lekki Phase 1,2024-08-09,0.7
Lekki Phase 1,2024-08-10,0.7
Lekki Phase 1,2024-08-11,0.9
Lekki Phase 1,2024-08-12,0.9
Lekki Phase 1,2024-08-13,1.0
Lekki Phase 1,2024-08-14,2.1
Lekki Phase 1,2024-08-15,0.4
Lekki Phase 1,2024-08-16,2.0
Lekki Phase 1,2024-08-17,1.3
Lekki Phase 1,2024-08-18,0.5
Lekki Phase 1,2024-08-19,6.1
Lekki Phase 1,2024-08-20,12.1
Lekki Phase 1,2024-08-21,2.0
Lekki Phase 1,2024-08-22,0.5
Lekki Phase 1,2024-08-23,19.8
Lekki Phase 1,2024-08-24,10.4
Lekki Phase 1,2024-08-25,1.3
Lekki Phase 1,2024-08-26,3.9
Lekki Phase 1,2024-08-27,0.8
Lekki Phase 1,2024-08-28,1.3
Lekki Phase 1,2024-08-29,0.8
Lekki Phase 1,2024-08-30,0.9
Lekki Phase 1,2024-08-31,0.6
Lekki Phase 1,2024-09-01,1.1
Lekki Phase 1,2024-09-02,0.4
Lekki Phase 1,2024-09-03,0.3
Lekki Phase 1,2024-09-04,0.5
Lekki Phase 1,2024-09-05,0.1
Lekki Phase 1,2024-09-06,0.0
Lekki Phase 1,2024-09-07,4.8
Lekki Phase 1,2024-09-08,0.6
Lekki Phase 1,2024-09-09,0.2
Lekki Phase 1,2024-09-10,5.1
Lekki Phase 1,2024-09-11,3.9
Lekki Phase 1,2024-09-12,2.0
Lekki Phase 1,2024-09-13,8.1
Lekki Phase 1,2024-09-14,4.3
Lekki Phase 1,2024-09-15,0.9
Lekki Phase 1,2024-09-16,1.2
Lekki Phase 1,2024-09-17,15.3
Lekki Phase 1,2024-09-18,13.9
Lekki Phase 1,2024-09-19,1.6
Lekki Phase 1,2024-09-20,1.3
Lekki Phase 1,2024-09-21,1.6
Lekki Phase 1,2024-09-22,3.2
Lekki Phase 1,2024-09-23,1.5
Lekki Phase 1,2024-09-24,3.3
Lekki Phase 1,2024-09-25,18.2
Lekki Phase 1,2024-09-26,3.5
Lekki Phase 1,2024-09-27,5.5
Lekki Phase 1,2024-09-28,9.7
Lekki Phase 1,2024-09-29,12.0
Lekki Phase 1,2024-09-30,11.8
Lekki Phase 1,2024-10-01,1.5
Lekki Phase 1,2024-10-02,1.1
Lekki Phase 1,2024-10-03,11.3
Lekki Phase 1,2024-10-04,7.8
Lekki Phase 1,2024-10-05,12.7
Lekki Phase 1,2024-10-06,6.2
Lekki Phase 1,2024-10-07,8.5
Lekki Phase 1,2024-10-08,0.6
Lekki Phase 1,2024-10-09,1.5
Lekki Phase 1,2024-10-10,0.7
Lekki Phase 1,2024-10-11,0.2
Lekki Phase 1,2024-10-12,8.6
Lekki Phase 1,2024-10-13,13.6
Lekki Phase 1,2024-10-14,10.3
Lekki Phase 1,2024-10-15,2.7
Lekki Phase 1,2024-10-16,4.8
Lekki Phase 1,2024-10-17,34.1
Lekki Phase 1,2024-10-18,1.2
Lekki Phase 1,2024-10-19,6.9
Lekki Phase 1,2024-10-20,0.9
Lekki Phase 1,2024-10-21,1.1
Lekki Phase 1,2024-10-22,2.8
Lekki Phase 1,2024-10-23,0.7
Lekki Phase 1,2024-10-24,0.8
Lekki Phase 1,2024-10-25,18.9
Lekki Phase 1,2024-10-26,2.0
Lekki Phase 1,2024-10-27,0.8
Lekki Phase 1,2024-10-28,0.4
Lekki Phase 1,2024-10-29,2.0
Lekki Phase 1,2024-10-30,1.6
Lekki Phase 1,2024-10-31,1.4
Lekki Phase 1,2024-11-01,0.6
Lekki Phase 1,2024-11-02,3.5
Lekki Phase 1,2024-11-03,4.3
Lekki Phase 1,2024-11-04,2.8
Lekki Phase 1,2024-11-05,0.0
Lekki Phase 1,2024-11-06,0.6
Lekki Phase 1,2024-11-07,0.0
Lekki Phase 1,2024-11-08,0.2
Lekki Phase 1,2024-11-09,0.3
Lekki Phase 1,2024-11-10,4.4
Lekki Phase 1,2024-11-11,0.9
Lekki Phase 1,2024-11-12,0.1
Lekki Phase 1,2024-11-13,1.0
Lekki Phase 1,2024-11-14,22.0
Lekki Phase 1,2024-11-15,0.3
Lekki Phase 1,2024-11-16,3.2
Lekki Phase 1,2024-11-17,1.8
Lekki Phase 1,2024-11-18,1.7
Lekki Phase 1,2024-11-19,0.7
Lekki Phase 1,2024-11-20,0.0
Lekki Phase 1,2024-11-21,0.3
Lekki Phase 1,2024-11-22,5.7
Lekki Phase 1,2024-11-23,1.1
Lekki Phase 1,2024-11-24,0.0
Lekki Phase 1,2024-11-25,0.0
Lekki Phase 1,2024-11-26,1.4
Lekki Phase 1,2024-11-27,1.6
Lekki Phase 1,2024-11-28,0.0
Lekki Phase 1,2024-11-29,0.0
Lekki Phase 1,2024-11-30,0.0
Lekki Phase 1,2024-12-01,0.0
Lekki Phase 1,2024-12-02,0.0
Lekki Phase 1,2024-12-03,0.8
Lekki Phase 1,2024-12-04,4.7
Lekki Phase 1,2024-12-05,3.2
Lekki Phase 1,2024-12-06,0.8
Lekki Phase 1,2024-12-07,0.0
Lekki Phase 1,2024-12-08,0.0
Lekki Phase 1,2024-12-09,0.0
Lekki Phase 1,2024-12-10,0.0
Lekki Phase 1,2024-12-11,0.5
Lekki Phase 1,2024-12-12,1.1
Lekki Phase 1,2024-12-13,1.5
Lekki Phase 1,2024-12-14,0.0
Lekki Phase 1,2024-12-15,0.0
Lekki Phase 1,2024-12-16,0.0
Lekki Phase 1,2024-12-17,0.0
Lekki Phase 1,2024-12-18,0.0
Lekki Phase 1,2024-12-19,0.0
Lekki Phase 1,2024-12-20,0.0
Lekki Phase 1,2024-12-21,0.0
Lekki Phase 1,2024-12-22,0.0
Lekki Phase 1,2024-12-23,0.0
Lekki Phase 1,2024-12-24,0.0
Lekki Phase 1,2024-12-25,0.0
Lekki Phase 1,2024-12-26,0.0
Lekki Phase 1,2024-12-27,0.0
Lekki Phase 1,2024-12-28,0.0
Lekki Phase 1,2024-12-29,0.0
Lekki Phase 1,2024-12-30,0.0
Lekki Phase 1,2024-12-31,0.0
Lekki Phase 1,2025-01-01,0.1
Lekki Phase 1,2025-01-02,0.0
Lekki Phase 1,2025-01-03,0.7
Lekki Phase 1,2025-01-04,0.5
Lekki Phase 1,2025-01-05,0.1
Lekki Phase 1,2025-01-06,0.1
Lekki Phase 1,2025-01-07,2.5
Lekki Phase 1,2025-01-08,1.0
Lekki Phase 1,2025-01-09,0.2
Lekki Phase 1,2025-01-10,0.0
Lekki Phase 1,2025-01-11,0.0
Lekki Phase 1,2025-01-12,0.0
Lekki Phase 1,2025-01-13,0.0
Lekki Phase 1,2025-01-14,0.0
Lekki Phase 1,2025-01-15,0.0
Lekki Phase 1,2025-01-16,0.0
Lekki Phase 1,2025-01-17,0.0
Lekki Phase 1,2025-01-18,1.1
Lekki Phase 1,2025-01-19,1.4
Lekki Phase 1,2025-01-20,0.2
Lekki Phase 1,2025-01-21,0.0
Lekki Phase 1,2025-01-22,0.3
Lekki Phase 1,2025-01-23,2.4
Lekki Phase 1,2025-01-24,0.1
Lekki Phase 1,2025-01-25,1.7
Lekki Phase 1,2025-01-26,1.1
Lekki Phase 1,2025-01-27,0.6
Lekki Phase 1,2025-01-28,0.4
Lekki Phase 1,2025-01-29,1.9
Lekki Phase 1,2025-01-30,0.1
Lekki Phase 1,2025-01-31,0.1
Lekki Phase 1,2025-02-01,0.2
Lekki Phase 1,2025-02-02,0.5
Lekki Phase 1,2025-02-03,0.0
Lekki Phase 1,2025-02-04,0.5
Lekki Phase 1,2025-02-05,0.6
Lekki Phase 1,2025-02-06,0.3
Lekki Phase 1,2025-02-07,0.0
Lekki Phase 1,2025-02-08,1.6
Lekki Phase 1,2025-02-09,0.8
Lekki Phase 1,2025-02-10,1.7
Lekki Phase 1,2025-02-11,1.7
Lekki Phase 1,2025-02-12,1.0
Lekki Phase 1,2025-02-13,3.0
Lekki Phase 1,2025-02-14,1.1
Lekki Phase 1,2025-02-15,0.7
Lekki Phase 1,2025-02-16,0.8
Lekki Phase 1,2025-02-17,1.0
Lekki Phase 1,2025-02-18,0.1
Lekki Phase 1,2025-02-19,0.5
Lekki Phase 1,2025-02-20,0.0
Lekki Phase 1,2025-02-21,0.4
Lekki Phase 1,2025-02-22,7.4
Lekki Phase 1,2025-02-23,0.5
Lekki Phase 1,2025-02-24,0.3
Lekki Phase 1,2025-02-25,0.9
Lekki Phase 1,2025-02-26,1.4
Lekki Phase 1,2025-02-27,0.6
Lekki Phase 1,2025-02-28,2.0
Lekki Phase 1,2025-03-01,0.3
Lekki Phase 1,2025-03-02,0.6
Lekki Phase 1,2025-03-03,2.0
Lekki Phase 1,2025-03-04,2.1
Lekki Phase 1,2025-03-05,1.2
Lekki Phase 1,2025-03-06,0.8
Lekki Phase 1,2025-03-07,0.5
Lekki Phase 1,2025-03-08,0.2
Lekki Phase 1,2025-03-09,1.1
Lekki Phase 1,2025-03-10,0.3
Lekki Phase 1,2025-03-11,1.0
Lekki Phase 1,2025-03-12,0.3
Lekki Phase 1,2025-03-13,1.7
Lekki Phase 1,2025-03-14,0.6
Lekki Phase 1,2025-03-15,0.3
Lekki Phase 1,2025-03-16,0.8
Lekki Phase 1,2025-03-17,2.4
Lekki Phase 1,2025-03-18,1.6
Lekki Phase 1,2025-03-19,3.1
Lekki Phase 1,2025-03-20,1.0
Lekki Phase 1,2025-03-21,0.4
Lekki Phase 1,2025-03-22,0.0
Lekki Phase 1,2025-03-23,0.6
Lekki Phase 1,2025-03-24,0.6
Lekki Phase 1,2025-03-25,1.8
Lekki Phase 1,2025-03-26,6.4
Lekki Phase 1,2025-03-27,1.4
Lekki Phase 1,2025-03-28,0.4
Lekki Phase 1,2025-03-29,0.5
Lekki Phase 1,2025-03-30,14.8
Lekki Phase 1,2025-03-31,5.0
Lekki Phase 1,2025-04-01,2.1
Lekki Phase 1,2025-04-02,16.2
Lekki Phase 1,2025-04-03,2.9
Lekki Phase 1,2025-04-04,0.0
Lekki Phase 1,2025-04-05,0.2
Lekki Phase 1,2025-04-06,2.4
Lekki Phase 1,2025-04-07,1.0
Lekki Phase 1,2025-04-08,1.2
Lekki Phase 1,2025-04-09,29.8
Lekki Phase 1,2025-04-10,1.1
Lekki Phase 1,2025-04-11,7.6
Lekki Phase 1,2025-04-12,0.3
Lekki Phase 1,2025-04-13,4.5
Lekki Phase 1,2025-04-14,5.0
Lekki Phase 1,2025-04-15,3.2
Lekki Phase 1,2025-04-16,2.8
Lekki Phase 1,2025-04-17,2.7
Lekki Phase 1,2025-04-18,0.5
Lekki Phase 1,2025-04-19,1.4
Lekki Phase 1,2025-04-20,2.1
Lekki Phase 1,2025-04-21,1.4
Lekki Phase 1,2025-04-22,12.6
Lekki Phase 1,2025-04-23,5.0
Lekki Phase 1,2025-04-24,0.1
Lekki Phase 1,2025-04-25,0.3
Lekki Phase 1,2025-04-26,1.1
Lekki Phase 1,2025-04-27,5.4
Lekki Phase 1,2025-04-28,0.7
Lekki Phase 1,2025-04-29,9.6
Lekki Phase 1,2025-04-30,0.0
Lekki Phase 1,2025-05-01,4.1
Lekki Phase 1,2025-05-02,12.4
Lekki Phase 1,2025-05-03,0.1
Lekki Phase 1,2025-05-04,1.2
Lekki Phase 1,2025-05-05,1.3
Lekki Phase 1,2025-05-06,1.7
Lekki Phase 1,2025-05-07,0.3
Lekki Phase 1,2025-05-08,7.6
Lekki Phase 1,2025-05-09,6.3
Lekki Phase 1,2025-05-10,0.7
Lekki Phase 1,2025-05-11,0.8
Lekki Phase 1,2025-05-12,0.6
Lekki Phase 1,2025-05-13,4.6
Lekki Phase 1,2025-05-14,0.0
Lekki Phase 1,2025-05-15,0.1
Lekki Phase 1,2025-05-16,1.4
Lekki Phase 1,2025-05-17,12.2
Lekki Phase 1,2025-05-18,8.9
Lekki Phase 1,2025-05-19,0.2
Lekki Phase 1,2025-05-20,13.3
Lekki Phase 1,2025-05-21,2.9
Lekki Phase 1,2025-05-22,1.2
Lekki Phase 1,2025-05-23,4.9
Lekki Phase 1,2025-05-24,12.0
Lekki Phase 1,2025-05-25,0.1
Lekki Phase 1,2025-05-26,0.3
Lekki Phase 1,2025-05-27,1.0
Lekki Phase 1,2025-05-28,7.4
Lekki Phase 1,2025-05-29,16.4
Lekki Phase 1,2025-05-30,4.6
Lekki Phase 1,2025-05-31,0.2
Lekki Phase 1,2025-06-01,0.7
Lekki Phase 1,2025-06-02,3.7
Lekki Phase 1,2025-06-03,9.3
Lekki Phase 1,2025-06-04,16.7
Lekki Phase 1,2025-06-05,1.0
Lekki Phase 1,2025-06-06,1.2
Lekki Phase 1,2025-06-07,13.2
Lekki Phase 1,2025-06-08,1.8
Lekki Phase 1,2025-06-09,11.4
Lekki Phase 1,2025-06-10,0.7
Lekki Phase 1,2025-06-11,8.0
Lekki Phase 1,2025-06-12,5.2
Lekki Phase 1,2025-06-13,1.3
Lekki Phase 1,2025-06-14,74.8
Lekki Phase 1,2025-06-15,13.7
Lekki Phase 1,2025-06-16,3.4
Lekki Phase 1,2025-06-17,2.0
Lekki Phase 1,2025-06-18,10.2
Lekki Phase 1,2025-06-19,19.3
Lekki Phase 1,2025-06-20,9.1
Lekki Phase 1,2025-06-21,3.1
Lekki Phase 1,2025-06-22,5.3
Lekki Phase 1,2025-06-23,6.6
Lekki Phase 1,2025-06-24,6.5
Lekki Phase 1,2025-06-25,2.9
Lekki Phase 1,2025-06-26,4.2
Lekki Phase 1,2025-06-27,2.3
Lekki Phase 1,2025-06-28,4.3
Lekki Phase 1,2025-06-29,6.4
Lekki Phase 1,2025-06-30,15.6
Lekki Phase 1,2025-07-01,6.0
Lekki Phase 1,2025-07-02,2.7
Lekki Phase 1,2025-07-03,13.1
Lekki Phase 1,2025-07-04,7.5
Lekki Phase 1,2025-07-05,7.7
Lekki Phase 1,2025-07-06,4.6
Lekki Phase 1,2025-07-07,16.6
Lekki Phase 1,2025-07-08,6.5
Lekki Phase 1,2025-07-09,3.0
Lekki Phase 1,2025-07-10,1.4
Lekki Phase 1,2025-07-11,5.3
Lekki Phase 1,2025-07-12,1.3
Lekki Phase 1,2025-07-13,1.7
Lekki Phase 1,2025-07-14,0.3
Lekki Phase 1,2025-07-15,0.0
Lekki Phase 1,2025-07-16,2.9
Lekki Phase 1,2025-07-17,2.9
Lekki Phase 1,2025-07-18,0.3
Lekki Phase 1,2025-07-19,0.6
Lekki Phase 1,2025-07-20,0.6
Lekki Phase 1,2025-07-21,1.2
Lekki Phase 1,2025-07-22,1.3
Lekki Phase 1,2025-07-23,1.5
Lekki Phase 1,2025-07-24,1.2
Lekki Phase 1,2025-07-25,0.2
Lekki Phase 1,2025-07-26,0.3
Lekki Phase 1,2025-07-27,0.8
Lekki Phase 1,2025-07-28,0.1
Lekki Phase 1,2025-07-29,0.9
Lekki Phase 1,2025-07-30,0.7
Lekki Phase 1,2025-07-31,3.5
Lekki Phase 1,2025-08-01,1.1
Lekki Phase 1,2025-08-02,1.0
Lekki Phase 1,2025-08-03,2.8
Lekki Phase 1,2025-08-04,35.1
Lekki Phase 1,2025-08-05,2.4
Lekki Phase 1,2025-08-06,4.7
Lekki Phase 1,2025-08-07,2.4
Lekki Phase 1,2025-08-08,2.0
Lekki Phase 1,2025-08-09,4.9
Lekki Phase 1,2025-08-10,0.5
Lekki Phase 1,2025-08-11,0.6
Lekki Phase 1,2025-08-12,0.7
Lekki Phase 1,2025-08-13,2.4
Lekki Phase 1,2025-08-14,1.6
Lekki Phase 1,2025-08-15,1.2
Lekki Phase 1,2025-08-16,2.1
Lekki Phase 1,2025-08-17,3.2
Lekki Phase 1,2025-08-18,1.2
Lekki Phase 1,2025-08-19,2.1
Lekki Phase 1,2025-08-20,1.2
Lekki Phase 1,2025-08-21,1.6
Lekki Phase 1,2025-08-22,1.9
Lekki Phase 1,2025-08-23,2.0
Lekki Phase 1,2025-08-24,0.8
Lekki Phase 1,2025-08-25,0.2
Lekki Phase 1,2025-08-26,0.9
Lekki Phase 1,2025-08-27,2.0
Lekki Phase 1,2025-08-28,0.5
Lekki Phase 1,2025-08-29,0.9
Lekki Phase 1,2025-08-30,3.9
Lekki Phase 1,2025-08-31,1.4
Lekki Phase 1,2025-09-01,0.2
Lekki Phase 1,2025-09-02,0.3
Lekki Phase 1,2025-09-03,2.3
Lekki Phase 1,2025-09-04,1.5
Lekki Phase 1,2025-09-05,1.6
Lekki Phase 1,2025-09-06,1.1
Lekki Phase 1,2025-09-07,1.3
Lekki Phase 1,2025-09-08,2.7
Lekki Phase 1,2025-09-09,11.6
Lekki Phase 1,2025-09-10,1.5
Lekki Phase 1,2025-09-11,1.6
Lekki Phase 1,2025-09-12,5.8
Lekki Phase 1,2025-09-13,3.6
Lekki Phase 1,2025-09-14,7.4
Lekki Phase 1,2025-09-15,7.5
Lekki Phase 1,2025-09-16,43.8
Lekki Phase 1,2025-09-17,3.7
Lekki Phase 1,2025-09-18,8.6
Lekki Phase 1,2025-09-19,2.4
Lekki Phase 1,2025-09-20,1.2
Lekki Phase 1,2025-09-21,1.4
Lekki Phase 1,2025-09-22,5.7
Lekki Phase 1,2025-09-23,8.3
Lekki Phase 1,2025-09-24,12.4
Lekki Phase 1,2025-09-25,6.0
Lekki Phase 1,2025-09-26,2.5
Lekki Phase 1,2025-09-27,1.4
Lekki Phase 1,2025-09-28,12.6
Lekki Phase 1,2025-09-29,13.5
Lekki Phase 1,2025-09-30,2.4
Lekki Phase 1,2025-10-01,6.9
Lekki Phase 1,2025-10-02,2.2
Lekki Phase 1,2025-10-03,1.1
Lekki Phase 1,2025-10-04,3.6
Lekki Phase 1,2025-10-05,25.6
Lekki Phase 1,2025-10-06,6.1
Lekki Phase 1,2025-10-07,17.5
Lekki Phase 1,2025-10-08,3.6
Lekki Phase 1,2025-10-09,0.5
Lekki Phase 1,2025-10-10,13.2
Lekki Phase 1,2025-10-11,3.0
Lekki Phase 1,2025-10-12,1.2
Lekki Phase 1,2025-10-13,6.1
Lekki Phase 1,2025-10-14,1.0
Lekki Phase 1,2025-10-15,2.1
Lekki Phase 1,2025-10-16,11.6
Lekki Phase 1,2025-10-17,0.5
Lekki Phase 1,2025-10-18,2.3
Lekki Phase 1,2025-10-19,1.0
Lekki Phase 1,2025-10-20,0.2
Lekki Phase 1,2025-10-21,0.4
Lekki Phase 1,2025-10-22,0.7
Lekki Phase 1,2025-10-23,1.0
Lekki Phase 1,2025-10-24,2.7
Lekki Phase 1,2025-10-25,0.3
Lekki Phase 1,2025-10-26,2.6
Lekki Phase 1,2025-10-27,1.4
Lekki Phase 1,2025-10-28,3.0
Lekki Phase 1,2025-10-29,0.5
Lekki Phase 1,2025-10-30,3.8
Lekki Phase 1,2025-10-31,4.1
Lekki Phase 1,2025-11-01,2.0
Lekki Phase 1,2025-11-02,1.5
Lekki Phase 1,2025-11-03,10.4
Lekki Phase 1,2025-11-04,1.8
Lekki Phase 1,2025-11-05,2.7
Lekki Phase 1,2025-11-06,1.2
Lekki Phase 1,2025-11-07,4.1
Lekki Phase 1,2025-11-08,0.7
Lekki Phase 1,2025-11-09,1.1
Lekki Phase 1,2025-11-10,0.4
Lekki Phase 1,2025-11-11,1.1
Lekki Phase 1,2025-11-12,0.6
Lekki Phase 1,2025-11-13,0.4
Lekki Phase 1,2025-11-14,0.1
Lekki Phase 1,2025-11-15,0.1
Lekki Phase 1,2025-11-16,2.2
Lekki Phase 1,2025-11-17,1.9
Lekki Phase 1,2025-11-18,1.3
Lekki Phase 1,2025-11-19,1.3
Lekki Phase 1,2025-11-20,1.3
Lekki Phase 1,2025-11-21,5.7
Lekki Phase 1,2025-11-22,2.1
Lekki Phase 1,2025-11-23,0.5
Lekki Phase 1,2025-11-24,0.5
Lekki Phase 1,2025-11-25,0.9
Lekki Phase 1,2025-11-26,1.2
Lekki Phase 1,2025-11-27,0.1
Lekki Phase 1,2025-11-28,1.8
Lekki Phase 1,2025-11-29,0.3
Lekki Phase 1,2025-11-30,2.8
Lekki Phase 1,2025-12-01,0.6
Lekki Phase 1,2025-12-02,0.8
Lekki Phase 1,2025-12-03,5.5
Lekki Phase 1,2025-12-04,0.8
Lekki Phase 1,2025-12-05,1.1
Lekki Phase 1,2025-12-06,0.3
Lekki Phase 1,2025-12-07,2.5
Lekki Phase 1,2025-12-08,1.2
Lekki Phase 1,2025-12-09,0.6
Lekki Phase 1,2025-12-10,0.9
Lekki Phase 1,2025-12-11,11.6
Lekki Phase 1,2025-12-12,0.5
Lekki Phase 1,2025-12-13,2.0
Lekki Phase 1,2025-12-14,0.8
Lekki Phase 1,2025-12-15,4.2
Lekki Phase 1,2025-12-16,0.7
Lekki Phase 1,2025-12-17,0.7
Lekki Phase 1,2025-12-18,0.3
Lekki Phase 1,2025-12-19,2.3
Lekki Phase 1,2025-12-20,0.1
Lekki Phase 1,2025-12-21,1.2
Lekki Phase 1,2025-12-22,1.0
Lekki Phase 1,2025-12-23,1.5
Lekki Phase 1,2025-12-24,0.5
Lekki Phase 1,2025-12-25,0.3
Lekki Phase 1,2025-12-26,0.3
Lekki Phase 1,2025-12-27,0.8
Lekki Phase 1,2025-12-28,0.5
Lekki Phase 1,2025-12-29,0.5
Lekki Phase 1,2025-12-30,0.2
Lekki Phase 1,2025-12-31,0.1
Lekki Phase 1,2026-01-01,1.2
Lekki Phase 1,2026-01-02,2.6
Lekki Phase 1,2026-01-03,0.4
Lekki Phase 1,2026-01-04,1.0
Lekki Phase 1,2026-01-05,0.3
Lekki Phase 1,2026-01-06,0.7
Lekki Phase 1,2026-01-07,0.4
Lekki Phase 1,2026-01-08,2.6
Lekki Phase 1,2026-01-09,0.3
Lekki Phase 1,2026-01-10,1.5
Lekki Phase 1,2026-01-11,2.4
Lekki Phase 1,2026-01-12,2.4
Lekki Phase 1,2026-01-13,0.1
Lekki Phase 1,2026-01-14,0.3
Lekki Phase 1,2026-01-15,2.5
Lekki Phase 1,2026-01-16,0.6
Lekki Phase 1,2026-01-17,2.0
Lekki Phase 1,2026-01-18,0.8
Lekki Phase 1,2026-01-19,1.8
Lekki Phase 1,2026-01-20,0.4
Lekki Phase 1,2026-01-21,0.2
Lekki Phase 1,2026-01-22,1.8
Lekki Phase 1,2026-01-23,0.0
Lekki Phase 1,2026-01-24,0.0
Lekki Phase 1,2026-01-25,0.0
Lekki Phase 1,2026-01-26,0.0
Lekki Phase 1,2026-01-27,0.0
Lekki Phase 1,2026-01-28,1.0
Lekki Phase 1,2026-01-29,3.0
Lekki Phase 1,2026-01-30,4.3
Lekki Phase 1,2026-01-31,2.3
Lekki Phase 1,2026-02-01,1.1
Lekki Phase 1,2026-02-02,3.5
Lekki Phase 1,2026-02-03,0.0
Lekki Phase 1,2026-02-04,0.1
Lekki Phase 1,2026-02-05,0.1
Lekki Phase 1,2026-02-06,0.3
Lekki Phase 1,2026-02-07,0.2
Lekki Phase 1,2026-02-08,0.0
Lekki Phase 1,2026-02-09,0.3
Lekki Phase 1,2026-02-10,0.7
Lekki Phase 1,2026-02-11,0.0
Lekki Phase 1,2026-02-12,0.0
Lekki Phase 1,2026-02-13,1.1
Lekki Phase 1,2026-02-14,27.3
Lekki Phase 1,2026-02-15,0.0
Lekki Phase 1,2026-02-16,1.0
Lekki Phase 1,2026-02-17,1.5
Lekki Phase 1,2026-02-18,0.4
Lekki Phase 1,2026-02-19,0.9
Lekki Phase 1,2026-02-20,0.3
Lekki Phase 1,2026-02-21,0.0
Lekki Phase 1,2026-02-22,0.1
Lekki Phase 1,2026-02-23,0.7
Lekki Phase 1,2026-02-24,1.3
Lekki Phase 1,2026-02-25,0.8
Lekki Phase 1,2026-02-26,0.4
Lekki Phase 1,2026-02-27,0.0
Lekki Phase 1,2026-02-28,0.8
Lekki Phase 1,2026-03-01,0.1
Lekki Phase 1,2026-03-02,1.6
Lekki Phase 1,2026-03-03,0.6
Lekki Phase 1,2026-03-04,0.7
Lekki Phase 1,2026-03-05,0.2
Lekki Phase 1,2026-03-06,0.0
Lekki Phase 1,2026-03-07,0.2
Lekki Phase 1,2026-03-08,0.2
Lekki Phase 1,2026-03-09,0.9
Lekki Phase 1,2026-03-10,0.4
Lekki Phase 1,2026-03-11,1.1
Lekki Phase 1,2026-03-12,0.1
Lekki Phase 1,2026-03-13,0.4
Lekki Phase 1,2026-03-14,3.8
Lekki Phase 1,2026-03-15,0.0
Lekki Phase 1,2026-03-16,0.6
Lekki Phase 1,2026-03-17,1.5
Lekki Phase 1,2026-03-18,0.0
Lekki Phase 1,2026-03-19,0.0
Lekki Phase 1,2026-03-20,0.5
Lekki Phase 1,2026-03-21,0.7
Lekki Phase 1,2026-03-22,2.9
Lekki Phase 1,2026-03-23,0.2
Lekki Phase 1,2026-03-24,1.0
Lekki Phase 1,2026-03-25,0.2
Lekki Phase 1,2026-03-26,0.0
Lekki Phase 1,2026-03-27,0.5
Lekki Phase 1,2026-03-28,2.2
Lekki Phase 1,2026-03-29,0.8
Lekki Phase 1,2026-03-30,0.0
Lekki Phase 1,2026-03-31,0.9
Lekki Phase 1,2026-04-01,0.0
Lekki Phase 1,2026-04-02,0.5
Lekki Phase 1,2026-04-03,0.2
Lekki Phase 1,2026-04-04,0.0
Lekki Phase 1,2026-04-05,4.9
Lekki Phase 1,2026-04-06,0.7
Lekki Phase 1,2026-04-07,0.0
Lekki Phase 1,2026-04-08,3.3
Lekki Phase 1,2026-04-09,0.2
Lekki Phase 1,2026-04-10,0.0
Lekki Phase 1,2026-04-11,0.0
Lekki Phase 1,2026-04-12,0.0
Lekki Phase 1,2026-04-13,6.3
Lekki Phase 1,2026-04-14,3.9
Lekki Phase 1,2026-04-15,0.5
Lekki Phase 1,2026-04-16,0.2
Lekki Phase 1,2026-04-17,0.3
Lekki Phase 1,2026-04-18,0.0
Lekki Phase 1,2026-04-19,6.0
Lekki Phase 1,2026-04-20,0.8
Lekki Phase 1,2026-04-21,2.4
Lekki Phase 1,2026-04-22,0.1
Lekki Phase 1,2026-04-23,1.6
Lekki Phase 1,2026-04-24,2.7
Lekki Phase 1,2026-04-25,3.1
Lekki Phase 1,2026-04-26,27.3
Lekki Phase 1,2026-04-27,0.0
Lekki Phase 1,2026-04-28,7.5
Lekki Phase 1,2026-04-29,2.0
Lekki Phase 1,2026-04-30,0.7
Lekki Phase 1,2026-05-01,0.0
Lekki Phase 1,2026-05-02,0.8
Lekki Phase 1,2026-05-03,4.2
Lekki Phase 1,2026-05-04,6.0
Lekki Phase 1,2026-05-05,1.6
Lekki Phase 1,2026-05-06,10.7
Lekki Phase 1,2026-05-07,2.0
Lekki Phase 1,2026-05-08,5.6
Lekki Phase 1,2026-05-09,2.4
Lekki Phase 1,2026-05-10,0.7
Lekki Phase 1,2026-05-11,1.4
Lekki Phase 1,2026-05-12,0.6
Lekki Phase 1,2026-05-13,0.1
Lekki Phase 1,2026-05-14,2.0
Lekki Phase 1,2026-05-15,5.9
Lekki Phase 1,2026-05-16,1.1
Lekki Phase 1,2026-05-17,11.0
Lekki Phase 1,2026-05-18,5.8
Lekki Phase 1,2026-05-19,8.7
Lekki Phase 1,2026-05-20,3.2
Lekki Phase 1,2026-05-21,7.1
Lekki Phase 1,2026-05-22,18.9
Lekki Phase 1,2026-05-23,12.0
Lekki Phase 1,2026-05-24,5.9
Lekki Phase 1,2026-05-25,7.6
Lekki Phase 1,2026-05-26,7.7
Lekki Phase 1,2026-05-27,1.1
Lekki Phase 1,2026-05-28,4.1
Lekki Phase 1,2026-05-29,1.4
Lekki Phase 1,2026-05-30,8.3
Lekki Phase 1,2026-05-31,0.4
Lekki Phase 1,2026-06-01,11.6
Lekki Phase 1,2026-06-02,4.2
Lekki Phase 1,2026-06-03,5.1
Lekki Phase 1,2026-06-04,12.9
Lekki Phase 1,2026-06-05,4.6
Lekki Phase 1,2026-06-06,13.7
Lekki Phase 1,2026-06-07,6.0
Lekki Phase 1,2026-06-08,6.8
Lekki Phase 1,2026-06-09,7.7
Lekki Phase 1,2026-06-10,3.2
Lekki Phase 1,2026-06-11,0.2
Lekki Phase 1,2026-06-12,7.6
Lekki Phase 1,2026-06-13,4.6
Lekki Phase 1,2026-06-14,7.5
Lekki Phase 1,2026-06-15,6.1
Lekki Phase 1,2026-06-16,6.3
Lekki Phase 1,2026-06-17,5.2
Lekki Phase 1,2026-06-18,2.9
Lekki Phase 1,2026-06-19,1.9
Lekki Phase 1,2026-06-20,11.7
Lekki Phase 1,2026-06-21,35.2
Lekki Phase 1,2026-06-22,0.5
Lekki Phase 1,2026-06-23,1.2
Lekki Phase 1,2026-06-24,3.1
Lekki Phase 1,2026-06-25,3.9
Lekki Phase 1,2026-06-26,2.6
Lekki Phase 1,2026-06-27,1.9
Lekki Phase 1,2026-06-28,7.6
Lekki Phase 1,2026-06-29,38.0
Lekki Phase 1,2026-06-30,28.1
Lekki Phase 1,2026-07-01,2.0
Lekki Phase 1,2026-07-02,2.8
Lekki Phase 1,2026-07-03,4.4
Lekki Phase 1,2026-07-04,5.5
Lekki Phase 1,2026-07-05,1.3
Lekki Phase 1,2026-07-06,1.4
Lekki Phase 1,2026-07-07,4.3
Lekki Phase 1,2026-07-08,6.6
Lekki Phase 1,2026-07-09,10.8
Lekki Phase 1,2026-07-10,56.7
Lekki Phase 1,2026-07-11,6.7
Lekki Phase 1,2026-07-12,6.3
Lekki Phase 1,2026-07-13,20.1
Lekki Phase 1,2026-07-14,13.9
Lekki Phase 1,2026-07-15,6.9
Lekki Phase 1,2026-07-16,7.8
Lekki Phase 1,2026-07-17,1.2
Lekki Phase 1,2026-07-18,0.0
Lekki Phase 1,2026-07-19,1.7
Lekki Phase 1,2026-07-20,1.8
Lekki Phase 1,2026-07-21,0.2
Lekki Phase 1,2026-07-22,1.4
Lekki Phase 1,2026-07-23,4.6
Lekki Phase 1,2026-07-24,6.1
Lekki Phase 1,2026-07-25,0.3
Lekki Phase 1,2026-07-26,1.0
Lekki Phase 1,2026-07-27,16.2
Lekki Phase 1,2026-07-28,7.7
Lekki Phase 1,2026-07-29,16.8
Lekki Phase 1,2026-07-30,6.1
Lekki Phase 1,2026-07-31,0.5
Lekki Phase 1,2026-08-01,1.1
Lekki Phase 1,2026-08-02,4.5
Lekki Phase 1,2026-08-03,2.4
Lekki Phase 1,2026-08-04,2.0
Lekki Phase 1,2026-08-05,1.5
Lekki Phase 1,2026-08-06,8.7
Lekki Phase 1,2026-08-07,2.3
Lekki Phase 1,2026-08-08,0.2
Lekki Phase 1,2026-08-09,0.8
Lekki Phase 1,2026-08-10,1.0
Lekki Phase 1,2026-08-11,0.3
Lekki Phase 1,2026-08-12,0.2
Lekki Phase 1,2026-08-13,1.4
Lekki Phase 1,2026-08-14,0.9
Lekki Phase 1,2026-08-15,0.1
Lekki Phase 1,2026-08-16,1.8
Lekki Phase 1,2026-08-17,1.0
Lekki Phase 1,2026-08-18,1.6
Lekki Phase 1,2026-08-19,2.8
Lekki Phase 1,2026-08-20,0.7
Lekki Phase 1,2026-08-21,2.3
Lekki Phase 1,2026-08-22,5.1
Lekki Phase 1,2026-08-23,9.0
Lekki Phase 1,2026-08-24,6.2
Lekki Phase 1,2026-08-25,0.3
Lekki Phase 1,2026-08-26,1.2
Lekki Phase 1,2026-08-27,6.2
Lekki Phase 1,2026-08-28,18.0
Lekki Phase 1,2026-08-29,8.6
Lekki Phase 1,2026-08-30,13.6
Lekki Phase 1,2026-08-31,1.0
Lekki Phase 1,2026-09-01,0.0
Ajegunle,2019-01-01,0.0
Ajegunle,2019-01-02,0.0
Ajegunle,2019-01-03,0.0
Ajegunle,2019-01-04,0.0
Ajegunle,2019-01-05,0.0
Ajegunle,2019-01-06,0.0
Ajegunle,2019-01-07,0.0
Ajegunle,2019-01-08,0.0
Ajegunle,2019-01-09,0.0
Ajegunle,2019-01-10,0.0
Ajegunle,2019-01-11,0.1
Ajegunle,2019-01-12,0.0
Ajegunle,2019-01-13,0.3
Ajegunle,2019-01-14,0.6
Ajegunle,2019-01-15,1.3
Ajegunle,2019-01-16,1.2
Ajegunle,2019-01-17,1.1
Ajegunle,2019-01-18,1.8
Ajegunle,2019-01-19,0.6
Ajegunle,2019-01-20,2.8
Ajegunle,2019-01-21,5.9
Ajegunle,2019-01-22,1.0
Ajegunle,2019-01-23,3.3
Ajegunle,2019-01-24,14.3
Ajegunle,2019-01-25,0.0
Ajegunle,2019-01-26,3.0
Ajegunle,2019-01-27,5.8
Ajegunle,2019-01-28,4.7
Ajegunle,2019-01-29,5.5
Ajegunle,2019-01-30,6.6
Ajegunle,2019-01-31,1.0
Ajegunle,2019-02-01,2.3
Ajegunle,2019-02-02,6.9
Ajegunle,2019-02-03,1.9
Ajegunle,2019-02-04,2.2
Ajegunle,2019-02-05,0.9
Ajegunle,2019-02-06,1.8
Ajegunle,2019-02-07,1.6
Ajegunle,2019-02-08,9.1
Ajegunle,2019-02-09,0.0
Ajegunle,2019-02-10,0.0
Ajegunle,2019-02-11,0.0
Ajegunle,2019-02-12,0.0
Ajegunle,2019-02-13,0.2
Ajegunle,2019-02-14,0.9
Ajegunle,2019-02-15,1.6
Ajegunle,2019-02-16,0.0
Ajegunle,2019-02-17,1.2
Ajegunle,2019-02-18,1.4
Ajegunle,2019-02-19,0.2
Ajegunle,2019-02-20,1.0
Ajegunle,2019-02-21,1.1
Ajegunle,2019-02-22,3.4
Ajegunle,2019-02-23,6.3
Ajegunle,2019-02-24,3.6
Ajegunle,2019-02-25,3.6
Ajegunle,2019-02-26,12.5
Ajegunle,2019-02-27,6.0
Ajegunle,2019-02-28,3.4
Ajegunle,2019-03-01,2.3
Ajegunle,2019-03-02,1.8
Ajegunle,2019-03-03,0.6
Ajegunle,2019-03-04,1.7
Ajegunle,2019-03-05,0.6
Ajegunle,2019-03-06,6.9
Ajegunle,2019-03-07,1.3
Ajegunle,2019-03-08,0.4
Ajegunle,2019-03-09,5.7
Ajegunle,2019-03-10,8.8
Ajegunle,2019-03-11,1.4
Ajegunle,2019-03-12,0.9
Ajegunle,2019-03-13,0.2
Ajegunle,2019-03-14,0.3
Ajegunle,2019-03-15,0.6
Ajegunle,2019-03-16,9.7
Ajegunle,2019-03-17,0.1
Ajegunle,2019-03-18,0.0
Ajegunle,2019-03-19,0.5
Ajegunle,2019-03-20,1.7
Ajegunle,2019-03-21,4.0
Ajegunle,2019-03-22,5.3
Ajegunle,2019-03-23,2.9
Ajegunle,2019-03-24,2.2
Ajegunle,2019-03-25,3.2
Ajegunle,2019-03-26,0.0
Ajegunle,2019-03-27,0.7
Ajegunle,2019-03-28,0.8
Ajegunle,2019-03-29,4.6
Ajegunle,2019-03-30,2.6
Ajegunle,2019-03-31,3.4
Ajegunle,2019-04-01,0.2
Ajegunle,2019-04-02,0.9
Ajegunle,2019-04-03,0.4
Ajegunle,2019-04-04,1.5
Ajegunle,2019-04-05,3.3
Ajegunle,2019-04-06,1.7
Ajegunle,2019-04-07,24.8
Ajegunle,2019-04-08,2.7
Ajegunle,2019-04-09,0.0
Ajegunle,2019-04-10,6.2
Ajegunle,2019-04-11,18.2
Ajegunle,2019-04-12,0.7
Ajegunle,2019-04-13,2.8
Ajegunle,2019-04-14,3.4
Ajegunle,2019-04-15,0.0
Ajegunle,2019-04-16,0.0
Ajegunle,2019-04-17,1.1
Ajegunle,2019-04-18,2.7
Ajegunle,2019-04-19,0.1
Ajegunle,2019-04-20,1.2
Ajegunle,2019-04-21,0.9
Ajegunle,2019-04-22,3.5
Ajegunle,2019-04-23,15.6
Ajegunle,2019-04-24,7.8
Ajegunle,2019-04-25,5.4
Ajegunle,2019-04-26,3.2
Ajegunle,2019-04-27,1.0
Ajegunle,2019-04-28,1.5
Ajegunle,2019-04-29,8.0
Ajegunle,2019-04-30,7.0
Ajegunle,2019-05-01,5.2
Ajegunle,2019-05-02,9.5
Ajegunle,2019-05-03,6.0
Ajegunle,2019-05-04,0.6
Ajegunle,2019-05-05,0.3
Ajegunle,2019-05-06,1.4
Ajegunle,2019-05-07,1.1
Ajegunle,2019-05-08,0.3
Ajegunle,2019-05-09,1.8
Ajegunle,2019-05-10,0.8
Ajegunle,2019-05-11,7.2
Ajegunle,2019-05-12,0.0
Ajegunle,2019-05-13,5.3
Ajegunle,2019-05-14,8.6
Ajegunle,2019-05-15,23.3
Ajegunle,2019-05-16,0.1
Ajegunle,2019-05-17,0.2
Ajegunle,2019-05-18,0.0
Ajegunle,2019-05-19,1.4
Ajegunle,2019-05-20,15.5
Ajegunle,2019-05-21,6.4
Ajegunle,2019-05-22,6.6
Ajegunle,2019-05-23,0.3
Ajegunle,2019-05-24,6.1
Ajegunle,2019-05-25,3.5
Ajegunle,2019-05-26,12.3
Ajegunle,2019-05-27,13.4
Ajegunle,2019-05-28,2.7
Ajegunle,2019-05-29,6.5
Ajegunle,2019-05-30,13.5
Ajegunle,2019-05-31,43.3
Ajegunle,2019-06-01,11.6
Ajegunle,2019-06-02,2.6
Ajegunle,2019-06-03,0.1
Ajegunle,2019-06-04,7.4
Ajegunle,2019-06-05,6.5
Ajegunle,2019-06-06,7.9
Ajegunle,2019-06-07,8.8
Ajegunle,2019-06-08,2.1
Ajegunle,2019-06-09,3.2
Ajegunle,2019-06-10,14.1
Ajegunle,2019-06-11,3.5
Ajegunle,2019-06-12,2.0
Ajegunle,2019-06-13,3.3
Ajegunle,2019-06-14,20.4
Ajegunle,2019-06-15,25.2
Ajegunle,2019-06-16,2.6
Ajegunle,2019-06-17,1.0
Ajegunle,2019-06-18,3.5
Ajegunle,2019-06-19,1.2
Ajegunle,2019-06-20,4.6
Ajegunle,2019-06-21,6.9
Ajegunle,2019-06-22,7.0
Ajegunle,2019-06-23,4.1
Ajegunle,2019-06-24,3.0
Ajegunle,2019-06-25,6.4
Ajegunle,2019-06-26,15.0
Ajegunle,2019-06-27,3.5
Ajegunle,2019-06-28,13.3
Ajegunle,2019-06-29,1.0
Ajegunle,2019-06-30,1.9
Ajegunle,2019-07-01,2.1
Ajegunle,2019-07-02,0.4
Ajegunle,2019-07-03,10.0
Ajegunle,2019-07-04,6.9
Ajegunle,2019-07-05,7.3
Ajegunle,2019-07-06,2.1
Ajegunle,2019-07-07,2.3
Ajegunle,2019-07-08,3.7
Ajegunle,2019-07-09,1.4
Ajegunle,2019-07-10,1.4
Ajegunle,2019-07-11,10.6
Ajegunle,2019-07-12,33.8
Ajegunle,2019-07-13,2.2
Ajegunle,2019-07-14,1.8
Ajegunle,2019-07-15,10.1
Ajegunle,2019-07-16,7.6
Ajegunle,2019-07-17,1.1
Ajegunle,2019-07-18,0.6
Ajegunle,2019-07-19,3.8
Ajegunle,2019-07-20,15.9
Ajegunle,2019-07-21,1.3
Ajegunle,2019-07-22,1.1
Ajegunle,2019-07-23,2.7
Ajegunle,2019-07-24,2.1
Ajegunle,2019-07-25,3.3
Ajegunle,2019-07-26,13.1
Ajegunle,2019-07-27,11.5
Ajegunle,2019-07-28,4.4
Ajegunle,2019-07-29,2.9
Ajegunle,2019-07-30,2.2
Ajegunle,2019-07-31,1.2
Ajegunle,2019-08-01,0.8
Ajegunle,2019-08-02,1.3
Ajegunle,2019-08-03,1.5
Ajegunle,2019-08-04,1.1
Ajegunle,2019-08-05,0.2
Ajegunle,2019-08-06,0.9
Ajegunle,2019-08-07,0.4
Ajegunle,2019-08-08,3.6
Ajegunle,2019-08-09,2.6
Ajegunle,2019-08-10,1.5
Ajegunle,2019-08-11,1.3
Ajegunle,2019-08-12,0.8
Ajegunle,2019-08-13,1.6
Ajegunle,2019-08-14,1.5
Ajegunle,2019-08-15,1.0
Ajegunle,2019-08-16,1.3
Ajegunle,2019-08-17,1.6
Ajegunle,2019-08-18,0.8
Ajegunle,2019-08-19,4.3
Ajegunle,2019-08-20,1.7
Ajegunle,2019-08-21,0.8
Ajegunle,2019-08-22,3.0
Ajegunle,2019-08-23,5.7
Ajegunle,2019-08-24,2.0
Ajegunle,2019-08-25,7.6
Ajegunle,2019-08-26,8.4
Ajegunle,2019-08-27,1.1
Ajegunle,2019-08-28,11.1
Ajegunle,2019-08-29,1.5
Ajegunle,2019-08-30,1.7
Ajegunle,2019-08-31,10.1
Ajegunle,2019-09-01,12.2
Ajegunle,2019-09-02,6.1
Ajegunle,2019-09-03,2.2
Ajegunle,2019-09-04,14.8
Ajegunle,2019-09-05,1.8
Ajegunle,2019-09-06,12.7
Ajegunle,2019-09-07,2.8
Ajegunle,2019-09-08,3.3
Ajegunle,2019-09-09,6.7
Ajegunle,2019-09-10,11.7
Ajegunle,2019-09-11,12.3
Ajegunle,2019-09-12,5.0
Ajegunle,2019-09-13,2.0
Ajegunle,2019-09-14,2.7
Ajegunle,2019-09-15,3.7
Ajegunle,2019-09-16,2.8
Ajegunle,2019-09-17,11.3
Ajegunle,2019-09-18,37.9
Ajegunle,2019-09-19,140.8
Ajegunle,2019-09-20,4.9
Ajegunle,2019-09-21,0.0
Ajegunle,2019-09-22,3.8
Ajegunle,2019-09-23,0.8
Ajegunle,2019-09-24,1.9
Ajegunle,2019-09-25,0.4
Ajegunle,2019-09-26,2.4
Ajegunle,2019-09-27,5.9
Ajegunle,2019-09-28,3.8
Ajegunle,2019-09-29,11.4
Ajegunle,2019-09-30,8.9
Ajegunle,2019-10-01,26.7
Ajegunle,2019-10-02,11.1
Ajegunle,2019-10-03,6.8
Ajegunle,2019-10-04,20.5
Ajegunle,2019-10-05,38.8
Ajegunle,2019-10-06,11.7
Ajegunle,2019-10-07,10.5
Ajegunle,2019-10-08,8.7
Ajegunle,2019-10-09,14.1
Ajegunle,2019-10-10,4.5
Ajegunle,2019-10-11,13.8
Ajegunle,2019-10-12,28.7
Ajegunle,2019-10-13,2.3
Ajegunle,2019-10-14,2.7
Ajegunle,2019-10-15,6.7
Ajegunle,2019-10-16,6.0
Ajegunle,2019-10-17,8.4
Ajegunle,2019-10-18,11.9
Ajegunle,2019-10-19,19.2
Ajegunle,2019-10-20,20.6
Ajegunle,2019-10-21,1.2
Ajegunle,2019-10-22,3.1
Ajegunle,2019-10-23,3.8
Ajegunle,2019-10-24,17.4
Ajegunle,2019-10-25,13.9
Ajegunle,2019-10-26,7.8
Ajegunle,2019-10-27,18.8
Ajegunle,2019-10-28,12.3
Ajegunle,2019-10-29,3.3
Ajegunle,2019-10-30,2.7
Ajegunle,2019-10-31,0.3
Ajegunle,2019-11-01,0.5
Ajegunle,2019-11-02,5.4
Ajegunle,2019-11-03,5.4
Ajegunle,2019-11-04,0.1
Ajegunle,2019-11-05,1.7
Ajegunle,2019-11-06,1.8
Ajegunle,2019-11-07,0.6
Ajegunle,2019-11-08,0.5
Ajegunle,2019-11-09,1.0
Ajegunle,2019-11-10,18.9
Ajegunle,2019-11-11,3.1
Ajegunle,2019-11-12,1.6
Ajegunle,2019-11-13,2.9
Ajegunle,2019-11-14,0.0
Ajegunle,2019-11-15,2.3
Ajegunle,2019-11-16,0.8
Ajegunle,2019-11-17,1.3
Ajegunle,2019-11-18,0.8
Ajegunle,2019-11-19,0.9
Ajegunle,2019-11-20,0.3
Ajegunle,2019-11-21,0.8
Ajegunle,2019-11-22,0.5
Ajegunle,2019-11-23,0.7
Ajegunle,2019-11-24,2.0
Ajegunle,2019-11-25,0.5
Ajegunle,2019-11-26,1.5
Ajegunle,2019-11-27,1.3
Ajegunle,2019-11-28,1.4
Ajegunle,2019-11-29,0.0
Ajegunle,2019-11-30,0.1
Ajegunle,2019-12-01,0.3
Ajegunle,2019-12-02,2.3
Ajegunle,2019-12-03,1.7
Ajegunle,2019-12-04,0.5
Ajegunle,2019-12-05,1.2
Ajegunle,2019-12-06,2.7
Ajegunle,2019-12-07,1.0
Ajegunle,2019-12-08,0.5
Ajegunle,2019-12-09,2.4
Ajegunle,2019-12-10,2.2
Ajegunle,2019-12-11,0.7
Ajegunle,2019-12-12,0.7
Ajegunle,2019-12-13,0.4
Ajegunle,2019-12-14,0.2
Ajegunle,2019-12-15,1.0
Ajegunle,2019-12-16,0.0
Ajegunle,2019-12-17,0.0
Ajegunle,2019-12-18,0.0
Ajegunle,2019-12-19,0.0
Ajegunle,2019-12-20,0.5
Ajegunle,2019-12-21,0.7
Ajegunle,2019-12-22,0.1
Ajegunle,2019-12-23,0.0
Ajegunle,2019-12-24,0.0
Ajegunle,2019-12-25,0.0
Ajegunle,2019-12-26,0.0
Ajegunle,2019-12-27,0.0
Ajegunle,2019-12-28,0.0
Ajegunle,2019-12-29,0.0
Ajegunle,2019-12-30,0.0
Ajegunle,2019-12-31,0.0
Ajegunle,2020-01-01,0.0
Ajegunle,2020-01-02,0.0
Ajegunle,2020-01-03,0.0
Ajegunle,2020-01-04,0.0
Ajegunle,2020-01-05,0.0
Ajegunle,2020-01-06,0.0
Ajegunle,2020-01-07,0.0
Ajegunle,2020-01-08,0.0
Ajegunle,2020-01-09,0.0
Ajegunle,2020-01-10,0.1
Ajegunle,2020-01-11,2.0
Ajegunle,2020-01-12,0.0
Ajegunle,2020-01-13,0.2
Ajegunle,2020-01-14,0.2
Ajegunle,2020-01-15,0.0
Ajegunle,2020-01-16,0.0
Ajegunle,2020-01-17,0.1
Ajegunle,2020-01-18,0.0
Ajegunle,2020-01-19,0.0
Ajegunle,2020-01-20,0.0
Ajegunle,2020-01-21,0.0
Ajegunle,2020-01-22,0.0
Ajegunle,2020-01-23,0.0
Ajegunle,2020-01-24,0.0
Ajegunle,2020-01-25,0.0
Ajegunle,2020-01-26,0.0
Ajegunle,2020-01-27,0.0
Ajegunle,2020-01-28,0.0
Ajegunle,2020-01-29,0.0
Ajegunle,2020-01-30,0.0
Ajegunle,2020-01-31,0.2
Ajegunle,2020-02-01,0.0
Ajegunle,2020-02-02,0.0
Ajegunle,2020-02-03,0.0
Ajegunle,2020-02-04,0.0
Ajegunle,2020-02-05,0.1
Ajegunle,2020-02-06,0.0
Ajegunle,2020-02-07,0.0
Ajegunle,2020-02-08,0.0
Ajegunle,2020-02-09,0.0
Ajegunle,2020-02-10,1.2
Ajegunle,2020-02-11,0.0
Ajegunle,2020-02-12,0.0
Ajegunle,2020-02-13,0.0
Ajegunle,2020-02-14,0.0
Ajegunle,2020-02-15,0.0
Ajegunle,2020-02-16,0.0
Ajegunle,2020-02-17,0.0
Ajegunle,2020-02-18,0.2
Ajegunle,2020-02-19,0.8
Ajegunle,2020-02-20,0.3
Ajegunle,2020-02-21,0.0
Ajegunle,2020-02-22,0.8
Ajegunle,2020-02-23,0.7
Ajegunle,2020-02-24,0.3
Ajegunle,2020-02-25,0.8
Ajegunle,2020-02-26,1.0
Ajegunle,2020-02-27,0.2
Ajegunle,2020-02-28,1.0
Ajegunle,2020-02-29,0.0
Ajegunle,2020-03-01,4.2
Ajegunle,2020-03-02,3.3
Ajegunle,2020-03-03,0.6
Ajegunle,2020-03-04,0.8
Ajegunle,2020-03-05,0.8
Ajegunle,2020-03-06,9.5
Ajegunle,2020-03-07,0.4
Ajegunle,2020-03-08,1.4
Ajegunle,2020-03-09,0.0
Ajegunle,2020-03-10,0.5
Ajegunle,2020-03-11,0.4
Ajegunle,2020-03-12,0.5
Ajegunle,2020-03-13,4.9
Ajegunle,2020-03-14,10.9
Ajegunle,2020-03-15,0.0
Ajegunle,2020-03-16,0.1
Ajegunle,2020-03-17,0.4
Ajegunle,2020-03-18,0.2
Ajegunle,2020-03-19,1.8
Ajegunle,2020-03-20,1.8
Ajegunle,2020-03-21,1.0
Ajegunle,2020-03-22,0.3
Ajegunle,2020-03-23,0.3
Ajegunle,2020-03-24,3.3
Ajegunle,2020-03-25,5.1
Ajegunle,2020-03-26,0.0
Ajegunle,2020-03-27,0.0
Ajegunle,2020-03-28,0.0
Ajegunle,2020-03-29,0.0
Ajegunle,2020-03-30,0.0
Ajegunle,2020-03-31,0.1
Ajegunle,2020-04-01,0.9
Ajegunle,2020-04-02,0.0
Ajegunle,2020-04-03,0.0
Ajegunle,2020-04-04,1.0
Ajegunle,2020-04-05,0.0
Ajegunle,2020-04-06,0.3
Ajegunle,2020-04-07,0.0
Ajegunle,2020-04-08,0.0
Ajegunle,2020-04-09,2.2
Ajegunle,2020-04-10,1.7
Ajegunle,2020-04-11,2.7
Ajegunle,2020-04-12,0.4
Ajegunle,2020-04-13,0.8
Ajegunle,2020-04-14,0.3
Ajegunle,2020-04-15,0.5
Ajegunle,2020-04-16,2.1
Ajegunle,2020-04-17,5.9
Ajegunle,2020-04-18,5.4
Ajegunle,2020-04-19,5.8
Ajegunle,2020-04-20,0.5
Ajegunle,2020-04-21,0.6
Ajegunle,2020-04-22,5.8
Ajegunle,2020-04-23,1.2
Ajegunle,2020-04-24,0.8
Ajegunle,2020-04-25,5.3
Ajegunle,2020-04-26,7.8
Ajegunle,2020-04-27,0.6
Ajegunle,2020-04-28,0.0
Ajegunle,2020-04-29,0.4
Ajegunle,2020-04-30,0.7
Ajegunle,2020-05-01,0.0
Ajegunle,2020-05-02,0.6
Ajegunle,2020-05-03,12.3
Ajegunle,2020-05-04,1.5
Ajegunle,2020-05-05,0.0
Ajegunle,2020-05-06,0.2
Ajegunle,2020-05-07,0.5
Ajegunle,2020-05-08,1.5
Ajegunle,2020-05-09,3.8
Ajegunle,2020-05-10,12.4
Ajegunle,2020-05-11,13.0
Ajegunle,2020-05-12,0.8
Ajegunle,2020-05-13,3.6
Ajegunle,2020-05-14,0.0
Ajegunle,2020-05-15,0.0
Ajegunle,2020-05-16,4.6
Ajegunle,2020-05-17,1.6
Ajegunle,2020-05-18,8.1
Ajegunle,2020-05-19,4.9
Ajegunle,2020-05-20,3.0
Ajegunle,2020-05-21,17.1
Ajegunle,2020-05-22,13.5
Ajegunle,2020-05-23,1.0
Ajegunle,2020-05-24,2.3
Ajegunle,2020-05-25,23.7
Ajegunle,2020-05-26,0.0
Ajegunle,2020-05-27,0.6
Ajegunle,2020-05-28,17.1
Ajegunle,2020-05-29,2.4
Ajegunle,2020-05-30,10.4
Ajegunle,2020-05-31,5.8
Ajegunle,2020-06-01,6.5
Ajegunle,2020-06-02,0.0
Ajegunle,2020-06-03,0.6
Ajegunle,2020-06-04,3.9
Ajegunle,2020-06-05,1.3
Ajegunle,2020-06-06,7.6
Ajegunle,2020-06-07,13.2
Ajegunle,2020-06-08,0.0
Ajegunle,2020-06-09,4.2
Ajegunle,2020-06-10,12.2
Ajegunle,2020-06-11,6.6
Ajegunle,2020-06-12,10.9
Ajegunle,2020-06-13,3.3
Ajegunle,2020-06-14,3.3
Ajegunle,2020-06-15,4.9
Ajegunle,2020-06-16,2.2
Ajegunle,2020-06-17,15.1
Ajegunle,2020-06-18,135.6
Ajegunle,2020-06-19,8.7
Ajegunle,2020-06-20,9.3
Ajegunle,2020-06-21,13.6
Ajegunle,2020-06-22,10.7
Ajegunle,2020-06-23,2.8
Ajegunle,2020-06-24,4.9
Ajegunle,2020-06-25,5.7
Ajegunle,2020-06-26,6.0
Ajegunle,2020-06-27,6.7
Ajegunle,2020-06-28,13.9
Ajegunle,2020-06-29,53.6
Ajegunle,2020-06-30,11.6
Ajegunle,2020-07-01,6.9
Ajegunle,2020-07-02,2.6
Ajegunle,2020-07-03,2.6
Ajegunle,2020-07-04,60.8
Ajegunle,2020-07-05,13.5
Ajegunle,2020-07-06,8.3
Ajegunle,2020-07-07,11.3
Ajegunle,2020-07-08,14.5
Ajegunle,2020-07-09,13.4
Ajegunle,2020-07-10,6.2
Ajegunle,2020-07-11,18.2
Ajegunle,2020-07-12,5.8
Ajegunle,2020-07-13,1.6
Ajegunle,2020-07-14,0.8
Ajegunle,2020-07-15,0.1
Ajegunle,2020-07-16,0.6
Ajegunle,2020-07-17,0.9
Ajegunle,2020-07-18,1.0
Ajegunle,2020-07-19,0.0
Ajegunle,2020-07-20,3.9
Ajegunle,2020-07-21,7.0
Ajegunle,2020-07-22,1.9
Ajegunle,2020-07-23,1.4
Ajegunle,2020-07-24,0.8
Ajegunle,2020-07-25,1.1
Ajegunle,2020-07-26,1.3
Ajegunle,2020-07-27,0.2
Ajegunle,2020-07-28,0.9
Ajegunle,2020-07-29,0.1
Ajegunle,2020-07-30,0.6
Ajegunle,2020-07-31,1.8
Ajegunle,2020-08-01,1.2
Ajegunle,2020-08-02,0.2
Ajegunle,2020-08-03,0.0
Ajegunle,2020-08-04,0.0
Ajegunle,2020-08-05,0.3
Ajegunle,2020-08-06,0.2
Ajegunle,2020-08-07,0.7
Ajegunle,2020-08-08,0.1
Ajegunle,2020-08-09,0.0
Ajegunle,2020-08-10,0.1
Ajegunle,2020-08-11,1.0
Ajegunle,2020-08-12,0.0
Ajegunle,2020-08-13,0.0
Ajegunle,2020-08-14,2.2
Ajegunle,2020-08-15,1.1
Ajegunle,2020-08-16,0.5
Ajegunle,2020-08-17,0.8
Ajegunle,2020-08-18,1.2
Ajegunle,2020-08-19,0.6
Ajegunle,2020-08-20,0.1
Ajegunle,2020-08-21,5.4
Ajegunle,2020-08-22,1.5
Ajegunle,2020-08-23,0.9
Ajegunle,2020-08-24,0.7
Ajegunle,2020-08-25,0.3
Ajegunle,2020-08-26,0.4
Ajegunle,2020-08-27,0.5
Ajegunle,2020-08-28,0.9
Ajegunle,2020-08-29,1.6
Ajegunle,2020-08-30,1.4
Ajegunle,2020-08-31,4.6
Ajegunle,2020-09-01,5.3
Ajegunle,2020-09-02,2.2
Ajegunle,2020-09-03,1.3
Ajegunle,2020-09-04,2.3
Ajegunle,2020-09-05,2.5
Ajegunle,2020-09-06,0.8
Ajegunle,2020-09-07,0.9
Ajegunle,2020-09-08,0.6
Ajegunle,2020-09-09,159.3
Ajegunle,2020-09-10,2.8
Ajegunle,2020-09-11,1.0
Ajegunle,2020-09-12,9.1
Ajegunle,2020-09-13,10.5
Ajegunle,2020-09-14,3.4
Ajegunle,2020-09-15,8.1
Ajegunle,2020-09-16,8.7
Ajegunle,2020-09-17,3.2
Ajegunle,2020-09-18,1.4
Ajegunle,2020-09-19,4.6
Ajegunle,2020-09-20,6.7
Ajegunle,2020-09-21,3.9
Ajegunle,2020-09-22,7.0
Ajegunle,2020-09-23,2.7
Ajegunle,2020-09-24,2.6
Ajegunle,2020-09-25,0.6
Ajegunle,2020-09-26,15.5
Ajegunle,2020-09-27,3.2
Ajegunle,2020-09-28,1.9
Ajegunle,2020-09-29,5.8
Ajegunle,2020-09-30,6.6
Ajegunle,2020-10-01,1.8
Ajegunle,2020-10-02,2.3
Ajegunle,2020-10-03,1.1
Ajegunle,2020-10-04,2.7
Ajegunle,2020-10-05,2.8
Ajegunle,2020-10-06,4.5
Ajegunle,2020-10-07,3.7
Ajegunle,2020-10-08,9.2
Ajegunle,2020-10-09,13.9
Ajegunle,2020-10-10,6.0
Ajegunle,2020-10-11,15.9
Ajegunle,2020-10-12,0.2
Ajegunle,2020-10-13,2.4
Ajegunle,2020-10-14,6.6
Ajegunle,2020-10-15,3.5
Ajegunle,2020-10-16,2.7
Ajegunle,2020-10-17,9.8
Ajegunle,2020-10-18,0.8
Ajegunle,2020-10-19,2.6
Ajegunle,2020-10-20,2.9
Ajegunle,2020-10-21,0.9
Ajegunle,2020-10-22,1.2
Ajegunle,2020-10-23,3.1
Ajegunle,2020-10-24,3.6
Ajegunle,2020-10-25,10.6
Ajegunle,2020-10-26,2.4
Ajegunle,2020-10-27,2.3
Ajegunle,2020-10-28,2.3
Ajegunle,2020-10-29,2.2
Ajegunle,2020-10-30,0.8
Ajegunle,2020-10-31,1.6
Ajegunle,2020-11-01,2.5
Ajegunle,2020-11-02,4.0
Ajegunle,2020-11-03,0.1
Ajegunle,2020-11-04,5.5
Ajegunle,2020-11-05,6.0
Ajegunle,2020-11-06,3.2
Ajegunle,2020-11-07,5.8
Ajegunle,2020-11-08,5.2
Ajegunle,2020-11-09,5.3
Ajegunle,2020-11-10,2.2
Ajegunle,2020-11-11,4.8
Ajegunle,2020-11-12,1.3
Ajegunle,2020-11-13,0.0
Ajegunle,2020-11-14,0.8
Ajegunle,2020-11-15,1.2
Ajegunle,2020-11-16,4.8
Ajegunle,2020-11-17,2.1
Ajegunle,2020-11-18,3.2
Ajegunle,2020-11-19,3.0
Ajegunle,2020-11-20,1.1
Ajegunle,2020-11-21,7.9
Ajegunle,2020-11-22,0.6
Ajegunle,2020-11-23,1.1
Ajegunle,2020-11-24,1.1
Ajegunle,2020-11-25,2.1
Ajegunle,2020-11-26,3.3
Ajegunle,2020-11-27,7.7
Ajegunle,2020-11-28,3.2
Ajegunle,2020-11-29,0.4
Ajegunle,2020-11-30,0.2
Ajegunle,2020-12-01,1.1
Ajegunle,2020-12-02,1.3
Ajegunle,2020-12-03,1.1
Ajegunle,2020-12-04,0.8
Ajegunle,2020-12-05,0.2
Ajegunle,2020-12-06,1.0
Ajegunle,2020-12-07,1.9
Ajegunle,2020-12-08,1.5
Ajegunle,2020-12-09,3.5
Ajegunle,2020-12-10,3.5
Ajegunle,2020-12-11,1.2
Ajegunle,2020-12-12,1.5
Ajegunle,2020-12-13,3.4
Ajegunle,2020-12-14,2.1
Ajegunle,2020-12-15,1.5
Ajegunle,2020-12-16,1.2
Ajegunle,2020-12-17,1.7
Ajegunle,2020-12-18,1.6
Ajegunle,2020-12-19,2.1
Ajegunle,2020-12-20,1.4
Ajegunle,2020-12-21,0.9
Ajegunle,2020-12-22,1.2
Ajegunle,2020-12-23,0.2
Ajegunle,2020-12-24,1.8
Ajegunle,2020-12-25,0.1
Ajegunle,2020-12-26,0.0
Ajegunle,2020-12-27,0.0
Ajegunle,2020-12-28,0.0
Ajegunle,2020-12-29,0.0
Ajegunle,2020-12-30,0.0
Ajegunle,2020-12-31,0.3
Ajegunle,2021-01-01,0.3
Ajegunle,2021-01-02,0.9
Ajegunle,2021-01-03,0.5
Ajegunle,2021-01-04,0.9
Ajegunle,2021-01-05,1.4
Ajegunle,2021-01-06,3.3
Ajegunle,2021-01-07,1.8
Ajegunle,2021-01-08,2.2
Ajegunle,2021-01-09,1.3
Ajegunle,2021-01-10,0.7
Ajegunle,2021-01-11,0.4
Ajegunle,2021-01-12,3.0
Ajegunle,2021-01-13,1.5
Ajegunle,2021-01-14,3.1
Ajegunle,2021-01-15,1.7
Ajegunle,2021-01-16,5.0
Ajegunle,2021-01-17,0.3
Ajegunle,2021-01-18,0.9
Ajegunle,2021-01-19,0.4
Ajegunle,2021-01-20,0.1
Ajegunle,2021-01-21,0.0
Ajegunle,2021-01-22,0.0
Ajegunle,2021-01-23,0.0
Ajegunle,2021-01-24,0.0
Ajegunle,2021-01-25,0.5
Ajegunle,2021-01-26,0.0
Ajegunle,2021-01-27,0.1
Ajegunle,2021-01-28,2.0
Ajegunle,2021-01-29,1.1
Ajegunle,2021-01-30,2.0
Ajegunle,2021-01-31,0.9
Ajegunle,2021-02-01,2.2
Ajegunle,2021-02-02,1.8
Ajegunle,2021-02-03,2.3
Ajegunle,2021-02-04,1.0
Ajegunle,2021-02-05,3.1
Ajegunle,2021-02-06,3.1
Ajegunle,2021-02-07,1.2
Ajegunle,2021-02-08,1.6
Ajegunle,2021-02-09,0.6
Ajegunle,2021-02-10,0.4
Ajegunle,2021-02-11,2.3
Ajegunle,2021-02-12,2.1
Ajegunle,2021-02-13,2.0
Ajegunle,2021-02-14,2.4
Ajegunle,2021-02-15,6.2
Ajegunle,2021-02-16,3.4
Ajegunle,2021-02-17,2.2
Ajegunle,2021-02-18,0.0
Ajegunle,2021-02-19,0.0
Ajegunle,2021-02-20,0.0
Ajegunle,2021-02-21,0.0
Ajegunle,2021-02-22,0.0
Ajegunle,2021-02-23,0.5
Ajegunle,2021-02-24,1.2
Ajegunle,2021-02-25,1.2
Ajegunle,2021-02-26,3.3
Ajegunle,2021-02-27,1.2
Ajegunle,2021-02-28,0.6
Ajegunle,2021-03-01,1.4
Ajegunle,2021-03-02,1.4
Ajegunle,2021-03-03,0.7
Ajegunle,2021-03-04,0.7
Ajegunle,2021-03-05,1.6
Ajegunle,2021-03-06,3.3
Ajegunle,2021-03-07,1.5
Ajegunle,2021-03-08,2.2
Ajegunle,2021-03-09,2.9
Ajegunle,2021-03-10,2.5
Ajegunle,2021-03-11,1.4
Ajegunle,2021-03-12,2.2
Ajegunle,2021-03-13,16.2
Ajegunle,2021-03-14,0.7
Ajegunle,2021-03-15,0.0
Ajegunle,2021-03-16,0.1
Ajegunle,2021-03-17,13.8
Ajegunle,2021-03-18,4.8
Ajegunle,2021-03-19,0.0
Ajegunle,2021-03-20,0.0
Ajegunle,2021-03-21,0.1
Ajegunle,2021-03-22,13.7
Ajegunle,2021-03-23,21.7
Ajegunle,2021-03-24,0.7
Ajegunle,2021-03-25,4.4
Ajegunle,2021-03-26,0.0
Ajegunle,2021-03-27,0.6
Ajegunle,2021-03-28,2.1
Ajegunle,2021-03-29,0.4
Ajegunle,2021-03-30,0.6
Ajegunle,2021-03-31,0.3
Ajegunle,2021-04-01,0.9
Ajegunle,2021-04-02,1.3
Ajegunle,2021-04-03,4.3
Ajegunle,2021-04-04,1.7
Ajegunle,2021-04-05,2.7
Ajegunle,2021-04-06,0.2
Ajegunle,2021-04-07,0.4
Ajegunle,2021-04-08,4.7
Ajegunle,2021-04-09,1.8
Ajegunle,2021-04-10,2.0
Ajegunle,2021-04-11,0.0
Ajegunle,2021-04-12,0.2
Ajegunle,2021-04-13,0.4
Ajegunle,2021-04-14,0.4
Ajegunle,2021-04-15,0.0
Ajegunle,2021-04-16,4.1
Ajegunle,2021-04-17,3.9
Ajegunle,2021-04-18,8.9
Ajegunle,2021-04-19,0.4
Ajegunle,2021-04-20,0.5
Ajegunle,2021-04-21,0.0
Ajegunle,2021-04-22,0.5
Ajegunle,2021-04-23,4.2
Ajegunle,2021-04-24,5.5
Ajegunle,2021-04-25,0.2
Ajegunle,2021-04-26,0.2
Ajegunle,2021-04-27,0.7
Ajegunle,2021-04-28,1.2
Ajegunle,2021-04-29,0.1
Ajegunle,2021-04-30,0.4
Ajegunle,2021-05-01,0.7
Ajegunle,2021-05-02,0.0
Ajegunle,2021-05-03,10.9
Ajegunle,2021-05-04,4.6
Ajegunle,2021-05-05,0.1
Ajegunle,2021-05-06,6.1
Ajegunle,2021-05-07,1.3
Ajegunle,2021-05-08,1.6
Ajegunle,2021-05-09,1.3
Ajegunle,2021-05-10,0.4
Ajegunle,2021-05-11,0.5
Ajegunle,2021-05-12,2.8
Ajegunle,2021-05-13,0.8
Ajegunle,2021-05-14,3.5
Ajegunle,2021-05-15,4.3
Ajegunle,2021-05-16,1.9
Ajegunle,2021-05-17,7.2
Ajegunle,2021-05-18,3.5
Ajegunle,2021-05-19,1.5
Ajegunle,2021-05-20,9.5
Ajegunle,2021-05-21,4.9
Ajegunle,2021-05-22,1.2
Ajegunle,2021-05-23,0.0
Ajegunle,2021-05-24,0.0
Ajegunle,2021-05-25,1.9
Ajegunle,2021-05-26,2.5
Ajegunle,2021-05-27,4.9
Ajegunle,2021-05-28,3.7
Ajegunle,2021-05-29,16.3
Ajegunle,2021-05-30,9.2
Ajegunle,2021-05-31,1.9
Ajegunle,2021-06-01,4.4
Ajegunle,2021-06-02,2.2
Ajegunle,2021-06-03,0.3
Ajegunle,2021-06-04,8.4
Ajegunle,2021-06-05,8.1
Ajegunle,2021-06-06,1.2
Ajegunle,2021-06-07,0.8
Ajegunle,2021-06-08,3.8
Ajegunle,2021-06-09,3.5
Ajegunle,2021-06-10,1.0
Ajegunle,2021-06-11,5.1
Ajegunle,2021-06-12,1.3
Ajegunle,2021-06-13,1.2
Ajegunle,2021-06-14,0.4
Ajegunle,2021-06-15,11.3
Ajegunle,2021-06-16,9.0
Ajegunle,2021-06-17,6.3
Ajegunle,2021-06-18,4.5
Ajegunle,2021-06-19,3.1
Ajegunle,2021-06-20,27.0
Ajegunle,2021-06-21,24.4
Ajegunle,2021-06-22,7.9
Ajegunle,2021-06-23,12.8
Ajegunle,2021-06-24,7.9
Ajegunle,2021-06-25,5.9
Ajegunle,2021-06-26,21.5
Ajegunle,2021-06-27,0.3
Ajegunle,2021-06-28,6.7
Ajegunle,2021-06-29,11.6
Ajegunle,2021-06-30,4.8
Ajegunle,2021-07-01,8.7
Ajegunle,2021-07-02,22.1
Ajegunle,2021-07-03,20.3
Ajegunle,2021-07-04,5.5
Ajegunle,2021-07-05,0.6
Ajegunle,2021-07-06,1.1
Ajegunle,2021-07-07,5.2
Ajegunle,2021-07-08,9.8
Ajegunle,2021-07-09,13.3
Ajegunle,2021-07-10,2.8
Ajegunle,2021-07-11,0.7
Ajegunle,2021-07-12,1.1
Ajegunle,2021-07-13,0.8
Ajegunle,2021-07-14,2.4
Ajegunle,2021-07-15,4.1
Ajegunle,2021-07-16,66.7
Ajegunle,2021-07-17,1.1
Ajegunle,2021-07-18,0.1
Ajegunle,2021-07-19,5.4
Ajegunle,2021-07-20,3.6
Ajegunle,2021-07-21,1.7
Ajegunle,2021-07-22,0.3
Ajegunle,2021-07-23,0.9
Ajegunle,2021-07-24,0.8
Ajegunle,2021-07-25,0.5
Ajegunle,2021-07-26,0.3
Ajegunle,2021-07-27,0.1
Ajegunle,2021-07-28,1.2
Ajegunle,2021-07-29,0.7
Ajegunle,2021-07-30,1.2
Ajegunle,2021-07-31,1.8
Ajegunle,2021-08-01,1.2
Ajegunle,2021-08-02,0.2
Ajegunle,2021-08-03,3.8
Ajegunle,2021-08-04,17.1
Ajegunle,2021-08-05,13.8
Ajegunle,2021-08-06,1.6
Ajegunle,2021-08-07,5.9
Ajegunle,2021-08-08,9.4
Ajegunle,2021-08-09,3.0
Ajegunle,2021-08-10,2.3
Ajegunle,2021-08-11,0.7
Ajegunle,2021-08-12,4.0
Ajegunle,2021-08-13,3.3
Ajegunle,2021-08-14,1.2
Ajegunle,2021-08-15,1.6
Ajegunle,2021-08-16,1.1
Ajegunle,2021-08-17,2.2
Ajegunle,2021-08-18,2.8
Ajegunle,2021-08-19,10.9
Ajegunle,2021-08-20,11.8
Ajegunle,2021-08-21,31.3
Ajegunle,2021-08-22,3.9
Ajegunle,2021-08-23,5.6
Ajegunle,2021-08-24,8.2
Ajegunle,2021-08-25,6.9
Ajegunle,2021-08-26,2.9
Ajegunle,2021-08-27,7.3
Ajegunle,2021-08-28,1.0
Ajegunle,2021-08-29,4.8
Ajegunle,2021-08-30,17.2
Ajegunle,2021-08-31,1.2
Ajegunle,2021-09-01,5.8
Ajegunle,2021-09-02,10.5
Ajegunle,2021-09-03,8.3
Ajegunle,2021-09-04,9.2
Ajegunle,2021-09-05,2.9
Ajegunle,2021-09-06,10.6
Ajegunle,2021-09-07,1.2
Ajegunle,2021-09-08,1.3
Ajegunle,2021-09-09,2.0
Ajegunle,2021-09-10,8.8
Ajegunle,2021-09-11,12.0
Ajegunle,2021-09-12,0.3
Ajegunle,2021-09-13,20.7
Ajegunle,2021-09-14,2.4
Ajegunle,2021-09-15,3.6
Ajegunle,2021-09-16,7.2
Ajegunle,2021-09-17,6.3
Ajegunle,2021-09-18,10.9
Ajegunle,2021-09-19,4.5
Ajegunle,2021-09-20,0.2
Ajegunle,2021-09-21,10.4
Ajegunle,2021-09-22,23.9
Ajegunle,2021-09-23,1.0
Ajegunle,2021-09-24,6.5
Ajegunle,2021-09-25,11.3
Ajegunle,2021-09-26,1.6
Ajegunle,2021-09-27,4.3
Ajegunle,2021-09-28,2.8
Ajegunle,2021-09-29,1.3
Ajegunle,2021-09-30,17.7
Ajegunle,2021-10-01,8.2
Ajegunle,2021-10-02,1.5
Ajegunle,2021-10-03,2.6
Ajegunle,2021-10-04,1.1
Ajegunle,2021-10-05,0.8
Ajegunle,2021-10-06,14.0
Ajegunle,2021-10-07,1.6
Ajegunle,2021-10-08,0.4
Ajegunle,2021-10-09,12.0
Ajegunle,2021-10-10,11.0
Ajegunle,2021-10-11,6.2
Ajegunle,2021-10-12,0.6
Ajegunle,2021-10-13,1.9
Ajegunle,2021-10-14,6.0
Ajegunle,2021-10-15,2.5
Ajegunle,2021-10-16,1.2
Ajegunle,2021-10-17,6.2
Ajegunle,2021-10-18,22.0
Ajegunle,2021-10-19,5.9
Ajegunle,2021-10-20,2.4
Ajegunle,2021-10-21,25.9
Ajegunle,2021-10-22,7.7
Ajegunle,2021-10-23,21.7
Ajegunle,2021-10-24,9.4
Ajegunle,2021-10-25,4.7
Ajegunle,2021-10-26,4.6
Ajegunle,2021-10-27,10.4
Ajegunle,2021-10-28,5.3
Ajegunle,2021-10-29,0.4
Ajegunle,2021-10-30,2.1
Ajegunle,2021-10-31,4.2
Ajegunle,2021-11-01,2.3
Ajegunle,2021-11-02,0.9
Ajegunle,2021-11-03,0.5
Ajegunle,2021-11-04,2.1
Ajegunle,2021-11-05,0.9
Ajegunle,2021-11-06,0.0
Ajegunle,2021-11-07,12.2
Ajegunle,2021-11-08,3.7
Ajegunle,2021-11-09,2.0
Ajegunle,2021-11-10,5.2
Ajegunle,2021-11-11,16.7
Ajegunle,2021-11-12,0.6
Ajegunle,2021-11-13,0.8
Ajegunle,2021-11-14,0.7
Ajegunle,2021-11-15,1.5
Ajegunle,2021-11-16,3.8
Ajegunle,2021-11-17,1.3
Ajegunle,2021-11-18,1.1
Ajegunle,2021-11-19,2.3
Ajegunle,2021-11-20,1.3
Ajegunle,2021-11-21,0.8
Ajegunle,2021-11-22,0.9
Ajegunle,2021-11-23,1.8
Ajegunle,2021-11-24,1.6
Ajegunle,2021-11-25,2.4
Ajegunle,2021-11-26,1.3
Ajegunle,2021-11-27,1.5
Ajegunle,2021-11-28,0.2
Ajegunle,2021-11-29,0.7
Ajegunle,2021-11-30,3.3
Ajegunle,2021-12-01,0.8
Ajegunle,2021-12-02,0.8
Ajegunle,2021-12-03,1.3
Ajegunle,2021-12-04,0.7
Ajegunle,2021-12-05,0.7
Ajegunle,2021-12-06,0.8
Ajegunle,2021-12-07,1.0
Ajegunle,2021-12-08,1.0
Ajegunle,2021-12-09,0.0
Ajegunle,2021-12-10,0.0
Ajegunle,2021-12-11,0.6
Ajegunle,2021-12-12,0.3
Ajegunle,2021-12-13,0.0
Ajegunle,2021-12-14,1.9
Ajegunle,2021-12-15,0.8
Ajegunle,2021-12-16,0.1
Ajegunle,2021-12-17,0.0
Ajegunle,2021-12-18,0.0
Ajegunle,2021-12-19,0.0
Ajegunle,2021-12-20,0.0
Ajegunle,2021-12-21,0.0
Ajegunle,2021-12-22,0.0
Ajegunle,2021-12-23,0.0
Ajegunle,2021-12-24,0.0
Ajegunle,2021-12-25,0.0
Ajegunle,2021-12-26,0.1
Ajegunle,2021-12-27,1.5
Ajegunle,2021-12-28,1.0
Ajegunle,2021-12-29,1.2
Ajegunle,2021-12-30,0.0
Ajegunle,2021-12-31,0.6
Ajegunle,2022-01-01,0.7
Ajegunle,2022-01-02,0.4
Ajegunle,2022-01-03,0.0
Ajegunle,2022-01-04,0.0
Ajegunle,2022-01-05,0.0
Ajegunle,2022-01-06,0.0
Ajegunle,2022-01-07,0.0
Ajegunle,2022-01-08,1.0
Ajegunle,2022-01-09,1.6
Ajegunle,2022-01-10,0.0
Ajegunle,2022-01-11,0.2
Ajegunle,2022-01-12,0.6
Ajegunle,2022-01-13,11.7
Ajegunle,2022-01-14,1.6
Ajegunle,2022-01-15,0.0
Ajegunle,2022-01-16,0.3
Ajegunle,2022-01-17,0.2
Ajegunle,2022-01-18,0.5
Ajegunle,2022-01-19,1.0
Ajegunle,2022-01-20,0.0
Ajegunle,2022-01-21,0.0
Ajegunle,2022-01-22,0.0
Ajegunle,2022-01-23,0.0
Ajegunle,2022-01-24,0.0
Ajegunle,2022-01-25,0.0
Ajegunle,2022-01-26,0.0
Ajegunle,2022-01-27,0.0
Ajegunle,2022-01-28,0.0
Ajegunle,2022-01-29,0.0
Ajegunle,2022-01-30,0.0
Ajegunle,2022-01-31,0.0
Ajegunle,2022-02-01,0.0
Ajegunle,2022-02-02,0.0
Ajegunle,2022-02-03,0.1
Ajegunle,2022-02-04,0.3
Ajegunle,2022-02-05,4.3
Ajegunle,2022-02-06,0.0
Ajegunle,2022-02-07,0.0
Ajegunle,2022-02-08,0.2
Ajegunle,2022-02-09,0.3
Ajegunle,2022-02-10,0.2
Ajegunle,2022-02-11,0.1
Ajegunle,2022-02-12,0.2
Ajegunle,2022-02-13,2.0
Ajegunle,2022-02-14,0.8
Ajegunle,2022-02-15,0.6
Ajegunle,2022-02-16,2.8
Ajegunle,2022-02-17,0.9
Ajegunle,2022-02-18,0.5
Ajegunle,2022-02-19,3.6
Ajegunle,2022-02-20,2.2
Ajegunle,2022-02-21,0.9
Ajegunle,2022-02-22,0.2
Ajegunle,2022-02-23,2.5
Ajegunle,2022-02-24,0.1
Ajegunle,2022-02-25,1.0
Ajegunle,2022-02-26,0.8
Ajegunle,2022-02-27,2.6
Ajegunle,2022-02-28,0.2
Ajegunle,2022-03-01,0.1
Ajegunle,2022-03-02,2.4
Ajegunle,2022-03-03,0.5
Ajegunle,2022-03-04,19.9
Ajegunle,2022-03-05,0.0
Ajegunle,2022-03-06,3.7
Ajegunle,2022-03-07,0.2
Ajegunle,2022-03-08,0.4
Ajegunle,2022-03-09,1.0
Ajegunle,2022-03-10,3.5
Ajegunle,2022-03-11,4.2
Ajegunle,2022-03-12,13.7
Ajegunle,2022-03-13,10.3
Ajegunle,2022-03-14,1.1
Ajegunle,2022-03-15,4.8
Ajegunle,2022-03-16,1.9
Ajegunle,2022-03-17,0.7
Ajegunle,2022-03-18,1.4
Ajegunle,2022-03-19,1.5
Ajegunle,2022-03-20,1.0
Ajegunle,2022-03-21,2.0
Ajegunle,2022-03-22,3.6
Ajegunle,2022-03-23,0.8
Ajegunle,2022-03-24,2.7
Ajegunle,2022-03-25,3.1
Ajegunle,2022-03-26,0.8
Ajegunle,2022-03-27,1.2
Ajegunle,2022-03-28,0.9
Ajegunle,2022-03-29,2.6
Ajegunle,2022-03-30,0.4
Ajegunle,2022-03-31,0.6
Ajegunle,2022-04-01,2.5
Ajegunle,2022-04-02,2.1
Ajegunle,2022-04-03,0.0
Ajegunle,2022-04-04,7.9
Ajegunle,2022-04-05,2.5
Ajegunle,2022-04-06,0.2
Ajegunle,2022-04-07,0.1
Ajegunle,2022-04-08,0.7
Ajegunle,2022-04-09,0.5
Ajegunle,2022-04-10,0.0
Ajegunle,2022-04-11,0.0
Ajegunle,2022-04-12,24.9
Ajegunle,2022-04-13,2.5
Ajegunle,2022-04-14,1.0
Ajegunle,2022-04-15,8.5
Ajegunle,2022-04-16,11.9
Ajegunle,2022-04-17,7.3
Ajegunle,2022-04-18,3.8
Ajegunle,2022-04-19,0.5
Ajegunle,2022-04-20,0.7
Ajegunle,2022-04-21,5.0
Ajegunle,2022-04-22,0.0
Ajegunle,2022-04-23,0.0
Ajegunle,2022-04-24,0.3
Ajegunle,2022-04-25,0.3
Ajegunle,2022-04-26,3.4
Ajegunle,2022-04-27,23.3
Ajegunle,2022-04-28,4.1
Ajegunle,2022-04-29,1.4
Ajegunle,2022-04-30,1.6
Ajegunle,2022-05-01,0.4
Ajegunle,2022-05-02,1.4
Ajegunle,2022-05-03,0.0
Ajegunle,2022-05-04,5.1
Ajegunle,2022-05-05,0.4
Ajegunle,2022-05-06,9.6
Ajegunle,2022-05-07,0.5
Ajegunle,2022-05-08,0.7
Ajegunle,2022-05-09,10.1
Ajegunle,2022-05-10,2.8
Ajegunle,2022-05-11,6.8
Ajegunle,2022-05-12,1.4
Ajegunle,2022-05-13,0.7
Ajegunle,2022-05-14,0.3
Ajegunle,2022-05-15,0.7
Ajegunle,2022-05-16,2.1
Ajegunle,2022-05-17,0.6
Ajegunle,2022-05-18,2.5
Ajegunle,2022-05-19,13.0
Ajegunle,2022-05-20,1.3
Ajegunle,2022-05-21,20.9
Ajegunle,2022-05-22,21.1
Ajegunle,2022-05-23,6.3
Ajegunle,2022-05-24,0.6
Ajegunle,2022-05-25,5.1
Ajegunle,2022-05-26,13.9
Ajegunle,2022-05-27,3.0
Ajegunle,2022-05-28,1.0
Ajegunle,2022-05-29,1.2
Ajegunle,2022-05-30,3.3
Ajegunle,2022-05-31,3.1
Ajegunle,2022-06-01,0.1
Ajegunle,2022-06-02,0.6
Ajegunle,2022-06-03,7.7
Ajegunle,2022-06-04,18.9
Ajegunle,2022-06-05,27.8
Ajegunle,2022-06-06,8.6
Ajegunle,2022-06-07,6.9
Ajegunle,2022-06-08,5.7
Ajegunle,2022-06-09,3.7
Ajegunle,2022-06-10,5.9
Ajegunle,2022-06-11,15.6
Ajegunle,2022-06-12,1.1
Ajegunle,2022-06-13,1.8
Ajegunle,2022-06-14,18.5
Ajegunle,2022-06-15,15.9
Ajegunle,2022-06-16,45.2
Ajegunle,2022-06-17,13.3
Ajegunle,2022-06-18,6.2
Ajegunle,2022-06-19,0.1
Ajegunle,2022-06-20,1.1
Ajegunle,2022-06-21,7.5
Ajegunle,2022-06-22,5.6
Ajegunle,2022-06-23,1.1
Ajegunle,2022-06-24,1.8
Ajegunle,2022-06-25,0.1
Ajegunle,2022-06-26,10.6
Ajegunle,2022-06-27,2.8
Ajegunle,2022-06-28,6.4
Ajegunle,2022-06-29,17.1
Ajegunle,2022-06-30,27.6
Ajegunle,2022-07-01,8.4
Ajegunle,2022-07-02,1.1
Ajegunle,2022-07-03,0.1
Ajegunle,2022-07-04,3.2
Ajegunle,2022-07-05,8.4
Ajegunle,2022-07-06,4.3
Ajegunle,2022-07-07,1.0
Ajegunle,2022-07-08,30.5
Ajegunle,2022-07-09,10.9
Ajegunle,2022-07-10,3.8
Ajegunle,2022-07-11,4.3
Ajegunle,2022-07-12,8.1
Ajegunle,2022-07-13,0.6
Ajegunle,2022-07-14,0.4
Ajegunle,2022-07-15,4.2
Ajegunle,2022-07-16,4.6
Ajegunle,2022-07-17,2.6
Ajegunle,2022-07-18,1.7
Ajegunle,2022-07-19,0.7
Ajegunle,2022-07-20,1.2
Ajegunle,2022-07-21,0.4
Ajegunle,2022-07-22,0.1
Ajegunle,2022-07-23,2.8
Ajegunle,2022-07-24,1.3
Ajegunle,2022-07-25,2.3
Ajegunle,2022-07-26,10.7
Ajegunle,2022-07-27,1.9
Ajegunle,2022-07-28,0.8
Ajegunle,2022-07-29,0.7
Ajegunle,2022-07-30,0.2
Ajegunle,2022-07-31,0.8
Ajegunle,2022-08-01,5.0
Ajegunle,2022-08-02,0.0
Ajegunle,2022-08-03,0.1
Ajegunle,2022-08-04,0.2
Ajegunle,2022-08-05,0.3
Ajegunle,2022-08-06,0.2
Ajegunle,2022-08-07,0.0
Ajegunle,2022-08-08,0.1
Ajegunle,2022-08-09,0.2
Ajegunle,2022-08-10,0.1
Ajegunle,2022-08-11,4.8
Ajegunle,2022-08-12,1.0
Ajegunle,2022-08-13,0.3
Ajegunle,2022-08-14,2.4
Ajegunle,2022-08-15,4.2
Ajegunle,2022-08-16,1.7
Ajegunle,2022-08-17,0.2
Ajegunle,2022-08-18,0.0
Ajegunle,2022-08-19,11.1
Ajegunle,2022-08-20,2.2
Ajegunle,2022-08-21,0.0
Ajegunle,2022-08-22,4.7
Ajegunle,2022-08-23,16.8
Ajegunle,2022-08-24,0.9
Ajegunle,2022-08-25,0.8
Ajegunle,2022-08-26,13.9
Ajegunle,2022-08-27,10.2
Ajegunle,2022-08-28,3.0
Ajegunle,2022-08-29,1.5
Ajegunle,2022-08-30,14.6
Ajegunle,2022-08-31,4.0
Ajegunle,2022-09-01,1.7
Ajegunle,2022-09-02,1.8
Ajegunle,2022-09-03,2.0
Ajegunle,2022-09-04,3.2
Ajegunle,2022-09-05,1.4
Ajegunle,2022-09-06,0.4
Ajegunle,2022-09-07,1.3
Ajegunle,2022-09-08,2.8
Ajegunle,2022-09-09,1.3
Ajegunle,2022-09-10,0.7
Ajegunle,2022-09-11,3.9
Ajegunle,2022-09-12,16.4
Ajegunle,2022-09-13,2.2
Ajegunle,2022-09-14,0.7
Ajegunle,2022-09-15,3.4
Ajegunle,2022-09-16,2.1
Ajegunle,2022-09-17,1.0
Ajegunle,2022-09-18,4.8
Ajegunle,2022-09-19,26.6
Ajegunle,2022-09-20,2.5
Ajegunle,2022-09-21,10.5
Ajegunle,2022-09-22,5.9
Ajegunle,2022-09-23,0.1
Ajegunle,2022-09-24,4.9
Ajegunle,2022-09-25,2.0
Ajegunle,2022-09-26,13.5
Ajegunle,2022-09-27,5.6
Ajegunle,2022-09-28,12.5
Ajegunle,2022-09-29,4.6
Ajegunle,2022-09-30,6.9
Ajegunle,2022-10-01,2.2
Ajegunle,2022-10-02,4.8
Ajegunle,2022-10-03,0.0
Ajegunle,2022-10-04,3.4
Ajegunle,2022-10-05,1.1
Ajegunle,2022-10-06,8.1
Ajegunle,2022-10-07,3.8
Ajegunle,2022-10-08,0.4
Ajegunle,2022-10-09,27.4
Ajegunle,2022-10-10,8.6
Ajegunle,2022-10-11,0.5
Ajegunle,2022-10-12,10.4
Ajegunle,2022-10-13,13.0
Ajegunle,2022-10-14,0.4
Ajegunle,2022-10-15,9.8
Ajegunle,2022-10-16,0.9
Ajegunle,2022-10-17,1.2
Ajegunle,2022-10-18,4.4
Ajegunle,2022-10-19,1.4
Ajegunle,2022-10-20,1.9
Ajegunle,2022-10-21,3.2
Ajegunle,2022-10-22,1.1
Ajegunle,2022-10-23,4.2
Ajegunle,2022-10-24,5.4
Ajegunle,2022-10-25,6.0
Ajegunle,2022-10-26,0.1
Ajegunle,2022-10-27,0.4
Ajegunle,2022-10-28,2.5
Ajegunle,2022-10-29,0.8
Ajegunle,2022-10-30,1.9
Ajegunle,2022-10-31,1.2
Ajegunle,2022-11-01,3.6
Ajegunle,2022-11-02,0.3
Ajegunle,2022-11-03,0.5
Ajegunle,2022-11-04,2.7
Ajegunle,2022-11-05,0.9
Ajegunle,2022-11-06,2.5
Ajegunle,2022-11-07,2.3
Ajegunle,2022-11-08,0.4
Ajegunle,2022-11-09,3.6
Ajegunle,2022-11-10,0.8
Ajegunle,2022-11-11,4.6
Ajegunle,2022-11-12,2.9
Ajegunle,2022-11-13,1.5
Ajegunle,2022-11-14,0.2
Ajegunle,2022-11-15,1.5
Ajegunle,2022-11-16,0.0
Ajegunle,2022-11-17,1.0
Ajegunle,2022-11-18,1.2
Ajegunle,2022-11-19,1.8
Ajegunle,2022-11-20,0.7
Ajegunle,2022-11-21,0.5
Ajegunle,2022-11-22,2.3
Ajegunle,2022-11-23,2.6
Ajegunle,2022-11-24,0.0
Ajegunle,2022-11-25,0.0
Ajegunle,2022-11-26,0.3
Ajegunle,2022-11-27,0.9
Ajegunle,2022-11-28,1.9
Ajegunle,2022-11-29,2.2
Ajegunle,2022-11-30,0.9
Ajegunle,2022-12-01,2.1
Ajegunle,2022-12-02,7.1
Ajegunle,2022-12-03,1.8
Ajegunle,2022-12-04,0.5
Ajegunle,2022-12-05,1.6
Ajegunle,2022-12-06,0.1
Ajegunle,2022-12-07,0.9
Ajegunle,2022-12-08,0.9
Ajegunle,2022-12-09,0.0
Ajegunle,2022-12-10,0.0
Ajegunle,2022-12-11,0.0
Ajegunle,2022-12-12,0.0
Ajegunle,2022-12-13,1.2
Ajegunle,2022-12-14,0.5
Ajegunle,2022-12-15,0.9
Ajegunle,2022-12-16,0.8
Ajegunle,2022-12-17,1.4
Ajegunle,2022-12-18,0.1
Ajegunle,2022-12-19,0.0
Ajegunle,2022-12-20,0.0
Ajegunle,2022-12-21,0.0
Ajegunle,2022-12-22,1.1
Ajegunle,2022-12-23,0.0
Ajegunle,2022-12-24,0.0
Ajegunle,2022-12-25,0.0
Ajegunle,2022-12-26,0.0
Ajegunle,2022-12-27,0.0
Ajegunle,2022-12-28,0.0
Ajegunle,2022-12-29,0.0
Ajegunle,2022-12-30,0.0
Ajegunle,2022-12-31,0.0
Ajegunle,2023-01-01,0.0
Ajegunle,2023-01-02,0.0
Ajegunle,2023-01-03,0.0
Ajegunle,2023-01-04,0.0
Ajegunle,2023-01-05,0.0
Ajegunle,2023-01-06,0.0
Ajegunle,2023-01-07,0.0
Ajegunle,2023-01-08,0.0
Ajegunle,2023-01-09,0.0
Ajegunle,2023-01-10,0.0
Ajegunle,2023-01-11,0.0
Ajegunle,2023-01-12,0.0
Ajegunle,2023-01-13,0.0
Ajegunle,2023-01-14,0.0
Ajegunle,2023-01-15,0.1
Ajegunle,2023-01-16,0.0
Ajegunle,2023-01-17,0.0
Ajegunle,2023-01-18,0.0
Ajegunle,2023-01-19,0.0
Ajegunle,2023-01-20,0.2
Ajegunle,2023-01-21,0.9
Ajegunle,2023-01-22,2.3
Ajegunle,2023-01-23,0.6
Ajegunle,2023-01-24,0.2
Ajegunle,2023-01-25,0.3
Ajegunle,2023-01-26,0.6
Ajegunle,2023-01-27,1.1
Ajegunle,2023-01-28,8.5
Ajegunle,2023-01-29,2.9
Ajegunle,2023-01-30,0.0
Ajegunle,2023-01-31,0.6
Ajegunle,2023-02-01,0.0
Ajegunle,2023-02-02,0.8
Ajegunle,2023-02-03,0.7
Ajegunle,2023-02-04,1.9
Ajegunle,2023-02-05,1.6
Ajegunle,2023-02-06,1.8
Ajegunle,2023-02-07,0.4
Ajegunle,2023-02-08,0.9
Ajegunle,2023-02-09,0.5
Ajegunle,2023-02-10,1.5
Ajegunle,2023-02-11,0.4
Ajegunle,2023-02-12,0.7
Ajegunle,2023-02-13,0.1
Ajegunle,2023-02-14,0.1
Ajegunle,2023-02-15,0.0
Ajegunle,2023-02-16,0.0
Ajegunle,2023-02-17,0.0
Ajegunle,2023-02-18,0.0
Ajegunle,2023-02-19,0.0
Ajegunle,2023-02-20,0.0
Ajegunle,2023-02-21,0.0
Ajegunle,2023-02-22,0.0
Ajegunle,2023-02-23,0.0
Ajegunle,2023-02-24,0.8
Ajegunle,2023-02-25,0.8
Ajegunle,2023-02-26,0.1
Ajegunle,2023-02-27,0.0
Ajegunle,2023-02-28,0.0
Ajegunle,2023-03-01,0.3
Ajegunle,2023-03-02,1.2
Ajegunle,2023-03-03,18.4
Ajegunle,2023-03-04,9.9
Ajegunle,2023-03-05,0.0
Ajegunle,2023-03-06,3.7
Ajegunle,2023-03-07,0.5
Ajegunle,2023-03-08,0.0
Ajegunle,2023-03-09,11.2
Ajegunle,2023-03-10,0.0
Ajegunle,2023-03-11,1.1
Ajegunle,2023-03-12,0.1
Ajegunle,2023-03-13,0.3
Ajegunle,2023-03-14,1.1
Ajegunle,2023-03-15,4.4
Ajegunle,2023-03-16,15.8
Ajegunle,2023-03-17,0.8
Ajegunle,2023-03-18,2.7
Ajegunle,2023-03-19,9.4
Ajegunle,2023-03-20,0.7
Ajegunle,2023-03-21,5.8
Ajegunle,2023-03-22,0.4
Ajegunle,2023-03-23,1.0
Ajegunle,2023-03-24,0.1
Ajegunle,2023-03-25,0.3
Ajegunle,2023-03-26,2.9
Ajegunle,2023-03-27,4.4
Ajegunle,2023-03-28,0.3
Ajegunle,2023-03-29,1.6
Ajegunle,2023-03-30,2.9
Ajegunle,2023-03-31,9.2
Ajegunle,2023-04-01,0.4
Ajegunle,2023-04-02,0.8
Ajegunle,2023-04-03,3.5
Ajegunle,2023-04-04,11.3
Ajegunle,2023-04-05,0.1
Ajegunle,2023-04-06,0.0
Ajegunle,2023-04-07,6.4
Ajegunle,2023-04-08,3.5
Ajegunle,2023-04-09,7.3
Ajegunle,2023-04-10,0.0
Ajegunle,2023-04-11,1.0
Ajegunle,2023-04-12,0.7
Ajegunle,2023-04-13,1.5
Ajegunle,2023-04-14,0.4
Ajegunle,2023-04-15,8.2
Ajegunle,2023-04-16,1.7
Ajegunle,2023-04-17,6.7
Ajegunle,2023-04-18,0.5
Ajegunle,2023-04-19,6.8
Ajegunle,2023-04-20,0.6
Ajegunle,2023-04-21,0.1
Ajegunle,2023-04-22,3.3
Ajegunle,2023-04-23,4.3
Ajegunle,2023-04-24,1.2
Ajegunle,2023-04-25,0.0
Ajegunle,2023-04-26,0.7
Ajegunle,2023-04-27,14.8
Ajegunle,2023-04-28,1.3
Ajegunle,2023-04-29,19.7
Ajegunle,2023-04-30,0.8
Ajegunle,2023-05-01,5.8
Ajegunle,2023-05-02,3.8
Ajegunle,2023-05-03,1.2
Ajegunle,2023-05-04,5.5
Ajegunle,2023-05-05,0.0
Ajegunle,2023-05-06,0.5
Ajegunle,2023-05-07,0.1
Ajegunle,2023-05-08,1.9
Ajegunle,2023-05-09,0.1
Ajegunle,2023-05-10,0.6
Ajegunle,2023-05-11,3.9
Ajegunle,2023-05-12,1.4
Ajegunle,2023-05-13,1.3
Ajegunle,2023-05-14,7.2
Ajegunle,2023-05-15,44.2
Ajegunle,2023-05-16,1.7
Ajegunle,2023-05-17,1.1
Ajegunle,2023-05-18,2.9
Ajegunle,2023-05-19,4.6
Ajegunle,2023-05-20,3.0
Ajegunle,2023-05-21,7.9
Ajegunle,2023-05-22,3.7
Ajegunle,2023-05-23,2.2
Ajegunle,2023-05-24,4.7
Ajegunle,2023-05-25,1.3
Ajegunle,2023-05-26,1.8
Ajegunle,2023-05-27,1.8
Ajegunle,2023-05-28,3.1
Ajegunle,2023-05-29,2.4
Ajegunle,2023-05-30,1.0
Ajegunle,2023-05-31,3.2
Ajegunle,2023-06-01,7.6
Ajegunle,2023-06-02,7.9
Ajegunle,2023-06-03,8.0
Ajegunle,2023-06-04,6.6
Ajegunle,2023-06-05,3.2
Ajegunle,2023-06-06,20.9
Ajegunle,2023-06-07,17.9
Ajegunle,2023-06-08,8.7
Ajegunle,2023-06-09,7.8
Ajegunle,2023-06-10,8.4
Ajegunle,2023-06-11,7.1
Ajegunle,2023-06-12,0.4
Ajegunle,2023-06-13,0.0
Ajegunle,2023-06-14,5.1
Ajegunle,2023-06-15,18.7
Ajegunle,2023-06-16,3.0
Ajegunle,2023-06-17,3.8
Ajegunle,2023-06-18,7.0
Ajegunle,2023-06-19,7.3
Ajegunle,2023-06-20,18.4
Ajegunle,2023-06-21,27.4
Ajegunle,2023-06-22,16.1
Ajegunle,2023-06-23,9.4
Ajegunle,2023-06-24,20.1
Ajegunle,2023-06-25,3.8
Ajegunle,2023-06-26,0.0
Ajegunle,2023-06-27,0.8
Ajegunle,2023-06-28,16.0
Ajegunle,2023-06-29,2.4
Ajegunle,2023-06-30,1.6
Ajegunle,2023-07-01,6.5
Ajegunle,2023-07-02,4.7
Ajegunle,2023-07-03,0.6
Ajegunle,2023-07-04,5.0
Ajegunle,2023-07-05,1.5
Ajegunle,2023-07-06,0.3
Ajegunle,2023-07-07,16.1
Ajegunle,2023-07-08,11.3
Ajegunle,2023-07-09,18.4
Ajegunle,2023-07-10,1.8
Ajegunle,2023-07-11,1.5
Ajegunle,2023-07-12,28.8
Ajegunle,2023-07-13,1.5
Ajegunle,2023-07-14,3.6
Ajegunle,2023-07-15,0.6
Ajegunle,2023-07-16,5.6
Ajegunle,2023-07-17,5.0
Ajegunle,2023-07-18,5.2
Ajegunle,2023-07-19,1.1
Ajegunle,2023-07-20,2.2
Ajegunle,2023-07-21,5.7
Ajegunle,2023-07-22,6.9
Ajegunle,2023-07-23,35.7
Ajegunle,2023-07-24,15.7
Ajegunle,2023-07-25,0.4
Ajegunle,2023-07-26,1.0
Ajegunle,2023-07-27,0.7
Ajegunle,2023-07-28,2.9
Ajegunle,2023-07-29,9.3
Ajegunle,2023-07-30,4.8
Ajegunle,2023-07-31,10.9
Ajegunle,2023-08-01,12.5
Ajegunle,2023-08-02,3.9
Ajegunle,2023-08-03,1.8
Ajegunle,2023-08-04,1.4
Ajegunle,2023-08-05,2.1
Ajegunle,2023-08-06,1.2
Ajegunle,2023-08-07,1.0
Ajegunle,2023-08-08,14.7
Ajegunle,2023-08-09,5.5
Ajegunle,2023-08-10,2.9
Ajegunle,2023-08-11,0.2
Ajegunle,2023-08-12,2.2
Ajegunle,2023-08-13,0.3
Ajegunle,2023-08-14,15.2
Ajegunle,2023-08-15,4.9
Ajegunle,2023-08-16,11.7
Ajegunle,2023-08-17,8.1
Ajegunle,2023-08-18,8.4
Ajegunle,2023-08-19,9.5
Ajegunle,2023-08-20,2.1
Ajegunle,2023-08-21,0.5
Ajegunle,2023-08-22,0.7
Ajegunle,2023-08-23,1.4
Ajegunle,2023-08-24,3.1
Ajegunle,2023-08-25,0.5
Ajegunle,2023-08-26,1.2
Ajegunle,2023-08-27,4.9
Ajegunle,2023-08-28,8.9
Ajegunle,2023-08-29,1.3
Ajegunle,2023-08-30,11.5
Ajegunle,2023-08-31,2.9
Ajegunle,2023-09-01,3.7
Ajegunle,2023-09-02,11.6
Ajegunle,2023-09-03,15.2
Ajegunle,2023-09-04,3.4
Ajegunle,2023-09-05,10.5
Ajegunle,2023-09-06,1.5
Ajegunle,2023-09-07,0.6
Ajegunle,2023-09-08,7.4
Ajegunle,2023-09-09,16.0
Ajegunle,2023-09-10,0.4
Ajegunle,2023-09-11,1.4
Ajegunle,2023-09-12,4.6
Ajegunle,2023-09-13,4.6
Ajegunle,2023-09-14,5.8
Ajegunle,2023-09-15,5.4
Ajegunle,2023-09-16,44.9
Ajegunle,2023-09-17,3.9
Ajegunle,2023-09-18,2.5
Ajegunle,2023-09-19,10.3
Ajegunle,2023-09-20,0.3
Ajegunle,2023-09-21,0.2
Ajegunle,2023-09-22,7.3
Ajegunle,2023-09-23,1.8
Ajegunle,2023-09-24,29.7
Ajegunle,2023-09-25,1.1
Ajegunle,2023-09-26,1.3
Ajegunle,2023-09-27,0.3
Ajegunle,2023-09-28,0.7
Ajegunle,2023-09-29,12.8
Ajegunle,2023-09-30,2.1
Ajegunle,2023-10-01,0.7
Ajegunle,2023-10-02,0.8
Ajegunle,2023-10-03,2.4
Ajegunle,2023-10-04,4.5
Ajegunle,2023-10-05,14.9
Ajegunle,2023-10-06,1.2
Ajegunle,2023-10-07,19.4
Ajegunle,2023-10-08,8.0
Ajegunle,2023-10-09,4.3
Ajegunle,2023-10-10,0.2
Ajegunle,2023-10-11,1.3
Ajegunle,2023-10-12,18.9
Ajegunle,2023-10-13,1.8
Ajegunle,2023-10-14,2.9
Ajegunle,2023-10-15,1.1
Ajegunle,2023-10-16,2.7
Ajegunle,2023-10-17,8.3
Ajegunle,2023-10-18,0.0
Ajegunle,2023-10-19,5.2
Ajegunle,2023-10-20,0.5
Ajegunle,2023-10-21,0.6
Ajegunle,2023-10-22,0.9
Ajegunle,2023-10-23,1.8
Ajegunle,2023-10-24,1.8
Ajegunle,2023-10-25,6.6
Ajegunle,2023-10-26,1.6
Ajegunle,2023-10-27,1.3
Ajegunle,2023-10-28,0.3
Ajegunle,2023-10-29,1.3
Ajegunle,2023-10-30,2.9
Ajegunle,2023-10-31,0.1
Ajegunle,2023-11-01,0.3
Ajegunle,2023-11-02,0.6
Ajegunle,2023-11-03,0.6
Ajegunle,2023-11-04,4.3
Ajegunle,2023-11-05,2.1
Ajegunle,2023-11-06,0.9
Ajegunle,2023-11-07,0.8
Ajegunle,2023-11-08,5.3
Ajegunle,2023-11-09,0.4
Ajegunle,2023-11-10,0.9
Ajegunle,2023-11-11,1.2
Ajegunle,2023-11-12,1.4
Ajegunle,2023-11-13,1.9
Ajegunle,2023-11-14,1.7
Ajegunle,2023-11-15,4.0
Ajegunle,2023-11-16,0.0
Ajegunle,2023-11-17,1.0
Ajegunle,2023-11-18,1.1
Ajegunle,2023-11-19,0.5
Ajegunle,2023-11-20,0.9
Ajegunle,2023-11-21,0.2
Ajegunle,2023-11-22,1.6
Ajegunle,2023-11-23,1.8
Ajegunle,2023-11-24,3.7
Ajegunle,2023-11-25,4.5
Ajegunle,2023-11-26,16.7
Ajegunle,2023-11-27,0.0
Ajegunle,2023-11-28,1.6
Ajegunle,2023-11-29,0.5
Ajegunle,2023-11-30,0.7
Ajegunle,2023-12-01,1.1
Ajegunle,2023-12-02,1.4
Ajegunle,2023-12-03,1.2
Ajegunle,2023-12-04,0.2
Ajegunle,2023-12-05,0.5
Ajegunle,2023-12-06,1.7
Ajegunle,2023-12-07,0.7
Ajegunle,2023-12-08,0.6
Ajegunle,2023-12-09,0.9
Ajegunle,2023-12-10,2.6
Ajegunle,2023-12-11,1.1
Ajegunle,2023-12-12,0.6
Ajegunle,2023-12-13,0.0
Ajegunle,2023-12-14,0.0
Ajegunle,2023-12-15,0.0
Ajegunle,2023-12-16,0.0
Ajegunle,2023-12-17,0.0
Ajegunle,2023-12-18,0.0
Ajegunle,2023-12-19,0.0
Ajegunle,2023-12-20,0.0
Ajegunle,2023-12-21,0.0
Ajegunle,2023-12-22,0.0
Ajegunle,2023-12-23,0.0
Ajegunle,2023-12-24,0.0
Ajegunle,2023-12-25,0.0
Ajegunle,2023-12-26,0.0
Ajegunle,2023-12-27,0.0
Ajegunle,2023-12-28,0.0
Ajegunle,2023-12-29,0.0
Ajegunle,2023-12-30,0.6
Ajegunle,2023-12-31,0.7
Ajegunle,2024-01-01,1.9
Ajegunle,2024-01-02,0.0
Ajegunle,2024-01-03,0.4
Ajegunle,2024-01-04,0.2
Ajegunle,2024-01-05,0.2
Ajegunle,2024-01-06,1.0
Ajegunle,2024-01-07,0.7
Ajegunle,2024-01-08,0.4
Ajegunle,2024-01-09,0.9
Ajegunle,2024-01-10,1.9
Ajegunle,2024-01-11,0.0
Ajegunle,2024-01-12,0.5
Ajegunle,2024-01-13,0.4
Ajegunle,2024-01-14,1.7
Ajegunle,2024-01-15,0.1
Ajegunle,2024-01-16,0.0
Ajegunle,2024-01-17,0.0
Ajegunle,2024-01-18,0.0
Ajegunle,2024-01-19,0.0
Ajegunle,2024-01-20,0.0
Ajegunle,2024-01-21,0.1
Ajegunle,2024-01-22,0.0
Ajegunle,2024-01-23,0.0
Ajegunle,2024-01-24,0.8
Ajegunle,2024-01-25,0.0
Ajegunle,2024-01-26,0.0
Ajegunle,2024-01-27,0.0
Ajegunle,2024-01-28,0.0
Ajegunle,2024-01-29,0.0
Ajegunle,2024-01-30,0.0
Ajegunle,2024-01-31,0.0
Ajegunle,2024-02-01,0.1
Ajegunle,2024-02-02,0.1
Ajegunle,2024-02-03,0.0
Ajegunle,2024-02-04,0.0
Ajegunle,2024-02-05,0.0
Ajegunle,2024-02-06,0.0
Ajegunle,2024-02-07,0.0
Ajegunle,2024-02-08,0.0
Ajegunle,2024-02-09,0.0
Ajegunle,2024-02-10,0.0
Ajegunle,2024-02-11,0.0
Ajegunle,2024-02-12,0.1
Ajegunle,2024-02-13,0.4
Ajegunle,2024-02-14,0.9
Ajegunle,2024-02-15,1.5
Ajegunle,2024-02-16,0.3
Ajegunle,2024-02-17,0.5
Ajegunle,2024-02-18,2.2
Ajegunle,2024-02-19,0.9
Ajegunle,2024-02-20,12.4
Ajegunle,2024-02-21,2.6
Ajegunle,2024-02-22,2.1
Ajegunle,2024-02-23,1.9
Ajegunle,2024-02-24,0.0
Ajegunle,2024-02-25,0.0
Ajegunle,2024-02-26,0.4
Ajegunle,2024-02-27,0.0
Ajegunle,2024-02-28,0.6
Ajegunle,2024-02-29,0.6
Ajegunle,2024-03-01,1.3
Ajegunle,2024-03-02,3.6
Ajegunle,2024-03-03,9.1
Ajegunle,2024-03-04,0.0
Ajegunle,2024-03-05,0.0
Ajegunle,2024-03-06,1.0
Ajegunle,2024-03-07,6.8
Ajegunle,2024-03-08,0.2
Ajegunle,2024-03-09,6.0
Ajegunle,2024-03-10,0.0
Ajegunle,2024-03-11,0.2
Ajegunle,2024-03-12,1.1
Ajegunle,2024-03-13,0.3
Ajegunle,2024-03-14,6.3
Ajegunle,2024-03-15,0.0
Ajegunle,2024-03-16,0.0
Ajegunle,2024-03-17,0.0
Ajegunle,2024-03-18,0.7
Ajegunle,2024-03-19,0.6
Ajegunle,2024-03-20,2.0
Ajegunle,2024-03-21,13.9
Ajegunle,2024-03-22,0.0
Ajegunle,2024-03-23,3.3
Ajegunle,2024-03-24,0.0
Ajegunle,2024-03-25,5.0
Ajegunle,2024-03-26,0.0
Ajegunle,2024-03-27,0.1
Ajegunle,2024-03-28,5.5
Ajegunle,2024-03-29,9.4
Ajegunle,2024-03-30,1.8
Ajegunle,2024-03-31,0.0
Ajegunle,2024-04-01,1.5
Ajegunle,2024-04-02,1.0
Ajegunle,2024-04-03,0.7
Ajegunle,2024-04-04,1.1
Ajegunle,2024-04-05,14.4
Ajegunle,2024-04-06,14.2
Ajegunle,2024-04-07,0.0
Ajegunle,2024-04-08,0.0
Ajegunle,2024-04-09,0.0
Ajegunle,2024-04-10,4.7
Ajegunle,2024-04-11,3.7
Ajegunle,2024-04-12,0.0
Ajegunle,2024-04-13,1.3
Ajegunle,2024-04-14,1.3
Ajegunle,2024-04-15,0.9
Ajegunle,2024-04-16,0.8
Ajegunle,2024-04-17,0.2
Ajegunle,2024-04-18,0.7
Ajegunle,2024-04-19,2.2
Ajegunle,2024-04-20,0.8
Ajegunle,2024-04-21,0.9
Ajegunle,2024-04-22,0.2
Ajegunle,2024-04-23,8.5
Ajegunle,2024-04-24,0.2
Ajegunle,2024-04-25,1.6
Ajegunle,2024-04-26,0.2
Ajegunle,2024-04-27,0.1
Ajegunle,2024-04-28,0.0
Ajegunle,2024-04-29,1.2
Ajegunle,2024-04-30,0.5
Ajegunle,2024-05-01,1.2
Ajegunle,2024-05-02,0.4
Ajegunle,2024-05-03,3.1
Ajegunle,2024-05-04,0.6
Ajegunle,2024-05-05,0.3
Ajegunle,2024-05-06,9.1
Ajegunle,2024-05-07,2.6
Ajegunle,2024-05-08,0.6
Ajegunle,2024-05-09,0.0
Ajegunle,2024-05-10,0.2
Ajegunle,2024-05-11,0.7
Ajegunle,2024-05-12,2.4
Ajegunle,2024-05-13,1.8
Ajegunle,2024-05-14,0.0
Ajegunle,2024-05-15,0.3
Ajegunle,2024-05-16,7.8
Ajegunle,2024-05-17,1.6
Ajegunle,2024-05-18,17.2
Ajegunle,2024-05-19,0.6
Ajegunle,2024-05-20,0.5
Ajegunle,2024-05-21,1.1
Ajegunle,2024-05-22,4.0
Ajegunle,2024-05-23,0.8
Ajegunle,2024-05-24,4.7
Ajegunle,2024-05-25,19.7
Ajegunle,2024-05-26,0.4
Ajegunle,2024-05-27,0.8
Ajegunle,2024-05-28,0.9
Ajegunle,2024-05-29,0.4
Ajegunle,2024-05-30,7.3
Ajegunle,2024-05-31,16.0
Ajegunle,2024-06-01,3.3
Ajegunle,2024-06-02,16.8
Ajegunle,2024-06-03,0.8
Ajegunle,2024-06-04,3.5
Ajegunle,2024-06-05,1.0
Ajegunle,2024-06-06,9.8
Ajegunle,2024-06-07,6.0
Ajegunle,2024-06-08,10.2
Ajegunle,2024-06-09,15.8
Ajegunle,2024-06-10,2.0
Ajegunle,2024-06-11,8.1
Ajegunle,2024-06-12,1.4
Ajegunle,2024-06-13,0.5
Ajegunle,2024-06-14,7.2
Ajegunle,2024-06-15,19.1
Ajegunle,2024-06-16,3.6
Ajegunle,2024-06-17,0.6
Ajegunle,2024-06-18,2.0
Ajegunle,2024-06-19,1.3
Ajegunle,2024-06-20,4.8
Ajegunle,2024-06-21,21.0
Ajegunle,2024-06-22,1.6
Ajegunle,2024-06-23,1.3
Ajegunle,2024-06-24,5.5
Ajegunle,2024-06-25,24.8
Ajegunle,2024-06-26,7.3
Ajegunle,2024-06-27,2.4
Ajegunle,2024-06-28,1.6
Ajegunle,2024-06-29,9.7
Ajegunle,2024-06-30,2.0
Ajegunle,2024-07-01,2.1
Ajegunle,2024-07-02,12.0
Ajegunle,2024-07-03,40.4
Ajegunle,2024-07-04,24.2
Ajegunle,2024-07-05,4.8
Ajegunle,2024-07-06,14.2
Ajegunle,2024-07-07,2.4
Ajegunle,2024-07-08,11.1
Ajegunle,2024-07-09,2.9
Ajegunle,2024-07-10,0.9
Ajegunle,2024-07-11,1.4
Ajegunle,2024-07-12,4.1
Ajegunle,2024-07-13,2.2
Ajegunle,2024-07-14,0.8
Ajegunle,2024-07-15,0.5
Ajegunle,2024-07-16,0.6
Ajegunle,2024-07-17,0.8
Ajegunle,2024-07-18,0.7
Ajegunle,2024-07-19,1.8
Ajegunle,2024-07-20,2.0
Ajegunle,2024-07-21,2.3
Ajegunle,2024-07-22,0.6
Ajegunle,2024-07-23,0.2
Ajegunle,2024-07-24,0.7
Ajegunle,2024-07-25,0.5
Ajegunle,2024-07-26,0.6
Ajegunle,2024-07-27,0.6
Ajegunle,2024-07-28,1.3
Ajegunle,2024-07-29,0.4
Ajegunle,2024-07-30,0.8
Ajegunle,2024-07-31,1.1
Ajegunle,2024-08-01,1.4
Ajegunle,2024-08-02,1.4
Ajegunle,2024-08-03,1.5
Ajegunle,2024-08-04,1.3
Ajegunle,2024-08-05,1.2
Ajegunle,2024-08-06,1.2
Ajegunle,2024-08-07,1.4
Ajegunle,2024-08-08,1.6
Ajegunle,2024-08-09,0.3
Ajegunle,2024-08-10,0.7
Ajegunle,2024-08-11,0.7
Ajegunle,2024-08-12,0.4
Ajegunle,2024-08-13,1.2
Ajegunle,2024-08-14,1.9
Ajegunle,2024-08-15,0.2
Ajegunle,2024-08-16,1.4
Ajegunle,2024-08-17,0.9
Ajegunle,2024-08-18,0.4
Ajegunle,2024-08-19,5.8
Ajegunle,2024-08-20,7.1
Ajegunle,2024-08-21,1.5
Ajegunle,2024-08-22,1.0
Ajegunle,2024-08-23,21.3
Ajegunle,2024-08-24,7.8
Ajegunle,2024-08-25,2.2
Ajegunle,2024-08-26,2.8
Ajegunle,2024-08-27,0.9
Ajegunle,2024-08-28,1.3
Ajegunle,2024-08-29,1.2
Ajegunle,2024-08-30,1.4
Ajegunle,2024-08-31,0.2
Ajegunle,2024-09-01,0.2
Ajegunle,2024-09-02,0.1
Ajegunle,2024-09-03,0.2
Ajegunle,2024-09-04,0.6
Ajegunle,2024-09-05,0.2
Ajegunle,2024-09-06,0.0
Ajegunle,2024-09-07,6.0
Ajegunle,2024-09-08,0.2
Ajegunle,2024-09-09,0.4
Ajegunle,2024-09-10,7.9
Ajegunle,2024-09-11,3.8
Ajegunle,2024-09-12,8.7
Ajegunle,2024-09-13,14.9
Ajegunle,2024-09-14,3.9
Ajegunle,2024-09-15,1.4
Ajegunle,2024-09-16,1.4
Ajegunle,2024-09-17,17.7
Ajegunle,2024-09-18,8.0
Ajegunle,2024-09-19,2.4
Ajegunle,2024-09-20,1.4
Ajegunle,2024-09-21,2.0
Ajegunle,2024-09-22,1.8
Ajegunle,2024-09-23,0.6
Ajegunle,2024-09-24,2.0
Ajegunle,2024-09-25,33.3
Ajegunle,2024-09-26,7.8
Ajegunle,2024-09-27,3.9
Ajegunle,2024-09-28,8.8
Ajegunle,2024-09-29,13.5
Ajegunle,2024-09-30,11.5
Ajegunle,2024-10-01,1.3
Ajegunle,2024-10-02,1.8
Ajegunle,2024-10-03,13.0
Ajegunle,2024-10-04,6.5
Ajegunle,2024-10-05,7.6
Ajegunle,2024-10-06,3.4
Ajegunle,2024-10-07,5.0
Ajegunle,2024-10-08,1.2
Ajegunle,2024-10-09,2.0
Ajegunle,2024-10-10,0.5
Ajegunle,2024-10-11,0.2
Ajegunle,2024-10-12,11.8
Ajegunle,2024-10-13,12.1
Ajegunle,2024-10-14,8.1
Ajegunle,2024-10-15,1.7
Ajegunle,2024-10-16,3.2
Ajegunle,2024-10-17,34.9
Ajegunle,2024-10-18,1.4
Ajegunle,2024-10-19,9.0
Ajegunle,2024-10-20,0.5
Ajegunle,2024-10-21,1.9
Ajegunle,2024-10-22,7.8
Ajegunle,2024-10-23,0.7
Ajegunle,2024-10-24,0.4
Ajegunle,2024-10-25,20.5
Ajegunle,2024-10-26,2.2
Ajegunle,2024-10-27,0.2
Ajegunle,2024-10-28,0.5
Ajegunle,2024-10-29,4.9
Ajegunle,2024-10-30,0.9
Ajegunle,2024-10-31,0.9
Ajegunle,2024-11-01,2.5
Ajegunle,2024-11-02,2.4
Ajegunle,2024-11-03,5.8
Ajegunle,2024-11-04,3.2
Ajegunle,2024-11-05,0.0
Ajegunle,2024-11-06,0.5
Ajegunle,2024-11-07,0.2
Ajegunle,2024-11-08,0.2
Ajegunle,2024-11-09,0.7
Ajegunle,2024-11-10,1.0
Ajegunle,2024-11-11,0.5
Ajegunle,2024-11-12,0.1
Ajegunle,2024-11-13,2.0
Ajegunle,2024-11-14,18.6
Ajegunle,2024-11-15,0.6
Ajegunle,2024-11-16,3.4
Ajegunle,2024-11-17,1.9
Ajegunle,2024-11-18,0.7
Ajegunle,2024-11-19,0.6
Ajegunle,2024-11-20,0.0
Ajegunle,2024-11-21,0.6
Ajegunle,2024-11-22,6.2
Ajegunle,2024-11-23,2.3
Ajegunle,2024-11-24,0.0
Ajegunle,2024-11-25,0.6
Ajegunle,2024-11-26,2.0
Ajegunle,2024-11-27,3.4
Ajegunle,2024-11-28,0.1
Ajegunle,2024-11-29,0.0
Ajegunle,2024-11-30,0.0
Ajegunle,2024-12-01,0.0
Ajegunle,2024-12-02,0.0
Ajegunle,2024-12-03,0.7
Ajegunle,2024-12-04,3.3
Ajegunle,2024-12-05,2.9
Ajegunle,2024-12-06,1.9
Ajegunle,2024-12-07,0.0
Ajegunle,2024-12-08,0.0
Ajegunle,2024-12-09,0.0
Ajegunle,2024-12-10,0.0
Ajegunle,2024-12-11,1.4
Ajegunle,2024-12-12,0.9
Ajegunle,2024-12-13,1.1
Ajegunle,2024-12-14,0.0
Ajegunle,2024-12-15,0.0
Ajegunle,2024-12-16,0.0
Ajegunle,2024-12-17,0.0
Ajegunle,2024-12-18,0.0
Ajegunle,2024-12-19,0.0
Ajegunle,2024-12-20,0.0
Ajegunle,2024-12-21,0.0
Ajegunle,2024-12-22,0.0
Ajegunle,2024-12-23,0.0
Ajegunle,2024-12-24,0.0
Ajegunle,2024-12-25,0.0
Ajegunle,2024-12-26,0.0
Ajegunle,2024-12-27,0.1
Ajegunle,2024-12-28,0.1
Ajegunle,2024-12-29,0.0
Ajegunle,2024-12-30,0.0
Ajegunle,2024-12-31,0.0
Ajegunle,2025-01-01,0.3
Ajegunle,2025-01-02,0.0
Ajegunle,2025-01-03,0.3
Ajegunle,2025-01-04,0.8
Ajegunle,2025-01-05,0.4
Ajegunle,2025-01-06,0.5
Ajegunle,2025-01-07,2.3
Ajegunle,2025-01-08,0.4
Ajegunle,2025-01-09,0.1
Ajegunle,2025-01-10,0.0
Ajegunle,2025-01-11,0.0
Ajegunle,2025-01-12,0.0
Ajegunle,2025-01-13,0.0
Ajegunle,2025-01-14,0.0
Ajegunle,2025-01-15,0.1
Ajegunle,2025-01-16,0.0
Ajegunle,2025-01-17,0.0
Ajegunle,2025-01-18,1.4
Ajegunle,2025-01-19,2.7
Ajegunle,2025-01-20,0.0
Ajegunle,2025-01-21,0.3
Ajegunle,2025-01-22,0.9
Ajegunle,2025-01-23,1.3
Ajegunle,2025-01-24,0.5
Ajegunle,2025-01-25,2.4
Ajegunle,2025-01-26,0.6
Ajegunle,2025-01-27,1.8
Ajegunle,2025-01-28,1.9
Ajegunle,2025-01-29,0.5
Ajegunle,2025-01-30,0.5
Ajegunle,2025-01-31,1.2
Ajegunle,2025-02-01,0.1
Ajegunle,2025-02-02,0.2
Ajegunle,2025-02-03,0.0
Ajegunle,2025-02-04,1.0
Ajegunle,2025-02-05,0.5
Ajegunle,2025-02-06,0.4
Ajegunle,2025-02-07,0.1
Ajegunle,2025-02-08,2.0
Ajegunle,2025-02-09,0.6
Ajegunle,2025-02-10,1.2
Ajegunle,2025-02-11,3.6
Ajegunle,2025-02-12,1.6
Ajegunle,2025-02-13,3.3
Ajegunle,2025-02-14,1.2
Ajegunle,2025-02-15,0.8
Ajegunle,2025-02-16,1.2
Ajegunle,2025-02-17,0.7
Ajegunle,2025-02-18,0.1
Ajegunle,2025-02-19,0.6
Ajegunle,2025-02-20,0.1
Ajegunle,2025-02-21,0.4
Ajegunle,2025-02-22,7.9
Ajegunle,2025-02-23,0.7
Ajegunle,2025-02-24,0.0
Ajegunle,2025-02-25,1.2
Ajegunle,2025-02-26,1.2
Ajegunle,2025-02-27,1.9
Ajegunle,2025-02-28,1.3
Ajegunle,2025-03-01,0.0
Ajegunle,2025-03-02,0.4
Ajegunle,2025-03-03,4.0
Ajegunle,2025-03-04,2.4
Ajegunle,2025-03-05,1.7
Ajegunle,2025-03-06,3.9
Ajegunle,2025-03-07,0.9
Ajegunle,2025-03-08,0.3
Ajegunle,2025-03-09,0.9
Ajegunle,2025-03-10,0.5
Ajegunle,2025-03-11,1.0
Ajegunle,2025-03-12,0.4
Ajegunle,2025-03-13,0.8
Ajegunle,2025-03-14,0.6
Ajegunle,2025-03-15,0.5
Ajegunle,2025-03-16,1.2
Ajegunle,2025-03-17,1.9
Ajegunle,2025-03-18,2.1
Ajegunle,2025-03-19,1.0
Ajegunle,2025-03-20,2.3
Ajegunle,2025-03-21,1.0
Ajegunle,2025-03-22,0.3
Ajegunle,2025-03-23,1.0
Ajegunle,2025-03-24,0.7
Ajegunle,2025-03-25,0.7
Ajegunle,2025-03-26,10.3
Ajegunle,2025-03-27,0.8
Ajegunle,2025-03-28,0.6
Ajegunle,2025-03-29,0.2
Ajegunle,2025-03-30,8.0
Ajegunle,2025-03-31,5.0
Ajegunle,2025-04-01,6.8
Ajegunle,2025-04-02,16.5
Ajegunle,2025-04-03,3.7
Ajegunle,2025-04-04,0.4
Ajegunle,2025-04-05,0.2
Ajegunle,2025-04-06,4.9
Ajegunle,2025-04-07,1.5
Ajegunle,2025-04-08,2.9
Ajegunle,2025-04-09,21.2
Ajegunle,2025-04-10,1.4
Ajegunle,2025-04-11,10.7
Ajegunle,2025-04-12,0.1
Ajegunle,2025-04-13,2.4
Ajegunle,2025-04-14,5.5
Ajegunle,2025-04-15,4.8
Ajegunle,2025-04-16,1.6
Ajegunle,2025-04-17,2.1
Ajegunle,2025-04-18,0.6
Ajegunle,2025-04-19,1.2
Ajegunle,2025-04-20,3.6
Ajegunle,2025-04-21,3.0
Ajegunle,2025-04-22,8.1
Ajegunle,2025-04-23,7.8
Ajegunle,2025-04-24,0.0
Ajegunle,2025-04-25,0.5
Ajegunle,2025-04-26,6.5
Ajegunle,2025-04-27,7.6
Ajegunle,2025-04-28,0.9
Ajegunle,2025-04-29,6.5
Ajegunle,2025-04-30,0.0
Ajegunle,2025-05-01,3.5
Ajegunle,2025-05-02,13.8
Ajegunle,2025-05-03,0.1
Ajegunle,2025-05-04,1.3
Ajegunle,2025-05-05,2.7
Ajegunle,2025-05-06,0.5
Ajegunle,2025-05-07,0.5
Ajegunle,2025-05-08,1.9
Ajegunle,2025-05-09,5.2
Ajegunle,2025-05-10,1.0
Ajegunle,2025-05-11,0.6
Ajegunle,2025-05-12,0.9
Ajegunle,2025-05-13,8.2
Ajegunle,2025-05-14,0.0
Ajegunle,2025-05-15,0.8
Ajegunle,2025-05-16,5.0
Ajegunle,2025-05-17,14.0
Ajegunle,2025-05-18,10.3
Ajegunle,2025-05-19,0.2
Ajegunle,2025-05-20,13.6
Ajegunle,2025-05-21,1.8
Ajegunle,2025-05-22,4.5
Ajegunle,2025-05-23,6.0
Ajegunle,2025-05-24,8.3
Ajegunle,2025-05-25,0.1
Ajegunle,2025-05-26,0.1
Ajegunle,2025-05-27,1.9
Ajegunle,2025-05-28,6.1
Ajegunle,2025-05-29,12.1
Ajegunle,2025-05-30,3.6
Ajegunle,2025-05-31,0.3
Ajegunle,2025-06-01,1.0
Ajegunle,2025-06-02,4.0
Ajegunle,2025-06-03,10.3
Ajegunle,2025-06-04,13.5
Ajegunle,2025-06-05,6.0
Ajegunle,2025-06-06,2.7
Ajegunle,2025-06-07,9.1
Ajegunle,2025-06-08,2.1
Ajegunle,2025-06-09,16.4
Ajegunle,2025-06-10,0.9
Ajegunle,2025-06-11,9.3
Ajegunle,2025-06-12,1.2
Ajegunle,2025-06-13,1.7
Ajegunle,2025-06-14,78.6
Ajegunle,2025-06-15,12.2
Ajegunle,2025-06-16,2.2
Ajegunle,2025-06-17,1.6
Ajegunle,2025-06-18,16.3
Ajegunle,2025-06-19,23.1
Ajegunle,2025-06-20,11.4
Ajegunle,2025-06-21,2.1
Ajegunle,2025-06-22,3.3
Ajegunle,2025-06-23,12.7
Ajegunle,2025-06-24,11.4
Ajegunle,2025-06-25,4.4
Ajegunle,2025-06-26,3.9
Ajegunle,2025-06-27,2.7
Ajegunle,2025-06-28,4.4
Ajegunle,2025-06-29,8.4
Ajegunle,2025-06-30,15.3
Ajegunle,2025-07-01,4.1
Ajegunle,2025-07-02,3.1
Ajegunle,2025-07-03,13.7
Ajegunle,2025-07-04,8.5
Ajegunle,2025-07-05,8.0
Ajegunle,2025-07-06,5.7
Ajegunle,2025-07-07,19.4
Ajegunle,2025-07-08,8.6
Ajegunle,2025-07-09,2.7
Ajegunle,2025-07-10,1.5
Ajegunle,2025-07-11,5.8
Ajegunle,2025-07-12,1.3
Ajegunle,2025-07-13,1.4
Ajegunle,2025-07-14,0.3
Ajegunle,2025-07-15,0.0
Ajegunle,2025-07-16,4.9
Ajegunle,2025-07-17,2.2
Ajegunle,2025-07-18,0.2
Ajegunle,2025-07-19,0.5
Ajegunle,2025-07-20,0.8
Ajegunle,2025-07-21,1.3
Ajegunle,2025-07-22,1.5
Ajegunle,2025-07-23,1.6
Ajegunle,2025-07-24,1.2
Ajegunle,2025-07-25,0.1
Ajegunle,2025-07-26,0.3
Ajegunle,2025-07-27,0.9
Ajegunle,2025-07-28,0.1
Ajegunle,2025-07-29,0.5
Ajegunle,2025-07-30,1.7
Ajegunle,2025-07-31,3.1
Ajegunle,2025-08-01,2.1
Ajegunle,2025-08-02,1.3
Ajegunle,2025-08-03,2.2
Ajegunle,2025-08-04,33.8
Ajegunle,2025-08-05,2.6
Ajegunle,2025-08-06,3.0
Ajegunle,2025-08-07,5.2
Ajegunle,2025-08-08,2.6
Ajegunle,2025-08-09,5.5
Ajegunle,2025-08-10,0.6
Ajegunle,2025-08-11,0.7
Ajegunle,2025-08-12,1.3
Ajegunle,2025-08-13,1.8
Ajegunle,2025-08-14,2.1
Ajegunle,2025-08-15,1.2
Ajegunle,2025-08-16,2.1
Ajegunle,2025-08-17,3.6
Ajegunle,2025-08-18,1.6
Ajegunle,2025-08-19,2.4
Ajegunle,2025-08-20,1.3
Ajegunle,2025-08-21,2.6
Ajegunle,2025-08-22,0.9
Ajegunle,2025-08-23,1.7
Ajegunle,2025-08-24,1.0
Ajegunle,2025-08-25,0.2
Ajegunle,2025-08-26,1.7
Ajegunle,2025-08-27,2.2
Ajegunle,2025-08-28,0.7
Ajegunle,2025-08-29,1.1
Ajegunle,2025-08-30,5.5
Ajegunle,2025-08-31,2.2
Ajegunle,2025-09-01,0.2
Ajegunle,2025-09-02,0.3
Ajegunle,2025-09-03,2.2
Ajegunle,2025-09-04,1.8
Ajegunle,2025-09-05,1.7
Ajegunle,2025-09-06,0.6
Ajegunle,2025-09-07,1.3
Ajegunle,2025-09-08,5.9
Ajegunle,2025-09-09,8.0
Ajegunle,2025-09-10,2.3
Ajegunle,2025-09-11,2.2
Ajegunle,2025-09-12,6.9
Ajegunle,2025-09-13,7.1
Ajegunle,2025-09-14,6.1
Ajegunle,2025-09-15,6.0
Ajegunle,2025-09-16,40.6
Ajegunle,2025-09-17,3.3
Ajegunle,2025-09-18,9.5
Ajegunle,2025-09-19,1.8
Ajegunle,2025-09-20,1.7
Ajegunle,2025-09-21,1.4
Ajegunle,2025-09-22,8.5
Ajegunle,2025-09-23,11.8
Ajegunle,2025-09-24,9.7
Ajegunle,2025-09-25,4.9
Ajegunle,2025-09-26,1.5
Ajegunle,2025-09-27,1.2
Ajegunle,2025-09-28,19.4
Ajegunle,2025-09-29,14.6
Ajegunle,2025-09-30,6.2
Ajegunle,2025-10-01,7.9
Ajegunle,2025-10-02,1.7
Ajegunle,2025-10-03,1.9
Ajegunle,2025-10-04,2.0
Ajegunle,2025-10-05,27.1
Ajegunle,2025-10-06,13.6
Ajegunle,2025-10-07,22.6
Ajegunle,2025-10-08,2.3
Ajegunle,2025-10-09,0.8
Ajegunle,2025-10-10,12.1
Ajegunle,2025-10-11,2.8
Ajegunle,2025-10-12,0.9
Ajegunle,2025-10-13,1.5
Ajegunle,2025-10-14,0.7
Ajegunle,2025-10-15,3.8
Ajegunle,2025-10-16,14.4
Ajegunle,2025-10-17,1.0
Ajegunle,2025-10-18,6.1
Ajegunle,2025-10-19,0.3
Ajegunle,2025-10-20,0.4
Ajegunle,2025-10-21,0.6
Ajegunle,2025-10-22,1.8
Ajegunle,2025-10-23,0.6
Ajegunle,2025-10-24,5.0
Ajegunle,2025-10-25,0.3
Ajegunle,2025-10-26,4.2
Ajegunle,2025-10-27,1.4
Ajegunle,2025-10-28,4.4
Ajegunle,2025-10-29,0.0
Ajegunle,2025-10-30,7.9
Ajegunle,2025-10-31,13.0
Ajegunle,2025-11-01,1.3
Ajegunle,2025-11-02,1.8
Ajegunle,2025-11-03,7.9
Ajegunle,2025-11-04,1.3
Ajegunle,2025-11-05,6.0
Ajegunle,2025-11-06,0.8
Ajegunle,2025-11-07,6.7
Ajegunle,2025-11-08,0.4
Ajegunle,2025-11-09,0.9
Ajegunle,2025-11-10,0.4
Ajegunle,2025-11-11,1.0
Ajegunle,2025-11-12,0.7
Ajegunle,2025-11-13,0.3
Ajegunle,2025-11-14,0.3
Ajegunle,2025-11-15,0.5
Ajegunle,2025-11-16,2.1
Ajegunle,2025-11-17,1.5
Ajegunle,2025-11-18,0.5
Ajegunle,2025-11-19,0.5
Ajegunle,2025-11-20,1.2
Ajegunle,2025-11-21,5.4
Ajegunle,2025-11-22,4.1
Ajegunle,2025-11-23,0.7
Ajegunle,2025-11-24,1.1
Ajegunle,2025-11-25,1.0
Ajegunle,2025-11-26,0.8
Ajegunle,2025-11-27,0.8
Ajegunle,2025-11-28,1.1
Ajegunle,2025-11-29,1.0
Ajegunle,2025-11-30,2.8
Ajegunle,2025-12-01,0.8
Ajegunle,2025-12-02,0.3
Ajegunle,2025-12-03,9.2
Ajegunle,2025-12-04,0.4
Ajegunle,2025-12-05,0.8
Ajegunle,2025-12-06,1.0
Ajegunle,2025-12-07,4.3
Ajegunle,2025-12-08,4.8
Ajegunle,2025-12-09,0.5
Ajegunle,2025-12-10,0.6
Ajegunle,2025-12-11,8.4
Ajegunle,2025-12-12,0.3
Ajegunle,2025-12-13,1.5
Ajegunle,2025-12-14,1.6
Ajegunle,2025-12-15,0.6
Ajegunle,2025-12-16,0.8
Ajegunle,2025-12-17,0.7
Ajegunle,2025-12-18,0.2
Ajegunle,2025-12-19,1.6
Ajegunle,2025-12-20,0.2
Ajegunle,2025-12-21,0.9
Ajegunle,2025-12-22,1.4
Ajegunle,2025-12-23,0.4
Ajegunle,2025-12-24,1.3
Ajegunle,2025-12-25,0.9
Ajegunle,2025-12-26,0.3
Ajegunle,2025-12-27,2.2
Ajegunle,2025-12-28,1.8
Ajegunle,2025-12-29,3.0
Ajegunle,2025-12-30,0.2
Ajegunle,2025-12-31,0.2
Ajegunle,2026-01-01,0.3
Ajegunle,2026-01-02,4.2
Ajegunle,2026-01-03,0.5
Ajegunle,2026-01-04,1.4
Ajegunle,2026-01-05,0.2
Ajegunle,2026-01-06,0.5
Ajegunle,2026-01-07,0.6
Ajegunle,2026-01-08,3.5
Ajegunle,2026-01-09,0.3
Ajegunle,2026-01-10,1.4
Ajegunle,2026-01-11,2.0
Ajegunle,2026-01-12,2.7
Ajegunle,2026-01-13,0.0
Ajegunle,2026-01-14,0.2
Ajegunle,2026-01-15,1.9
Ajegunle,2026-01-16,0.6
Ajegunle,2026-01-17,1.8
Ajegunle,2026-01-18,2.0
Ajegunle,2026-01-19,0.7
Ajegunle,2026-01-20,0.8
Ajegunle,2026-01-21,0.2
Ajegunle,2026-01-22,0.8
Ajegunle,2026-01-23,0.0
Ajegunle,2026-01-24,0.0
Ajegunle,2026-01-25,0.0
Ajegunle,2026-01-26,0.0
Ajegunle,2026-01-27,0.0
Ajegunle,2026-01-28,1.3
Ajegunle,2026-01-29,1.0
Ajegunle,2026-01-30,4.6
Ajegunle,2026-01-31,3.3
Ajegunle,2026-02-01,1.9
Ajegunle,2026-02-02,4.8
Ajegunle,2026-02-03,0.3
Ajegunle,2026-02-04,0.0
Ajegunle,2026-02-05,0.3
Ajegunle,2026-02-06,0.1
Ajegunle,2026-02-07,0.3
Ajegunle,2026-02-08,0.0
Ajegunle,2026-02-09,0.2
Ajegunle,2026-02-10,2.7
Ajegunle,2026-02-11,0.0
Ajegunle,2026-02-12,0.4
Ajegunle,2026-02-13,0.0
Ajegunle,2026-02-14,16.1
Ajegunle,2026-02-15,0.0
Ajegunle,2026-02-16,1.1
Ajegunle,2026-02-17,0.9
Ajegunle,2026-02-18,0.7
Ajegunle,2026-02-19,1.2
Ajegunle,2026-02-20,0.3
Ajegunle,2026-02-21,0.0
Ajegunle,2026-02-22,0.1
Ajegunle,2026-02-23,2.5
Ajegunle,2026-02-24,3.1
Ajegunle,2026-02-25,0.4
Ajegunle,2026-02-26,2.1
Ajegunle,2026-02-27,0.5
Ajegunle,2026-02-28,0.2
Ajegunle,2026-03-01,0.0
Ajegunle,2026-03-02,2.9
Ajegunle,2026-03-03,0.4
Ajegunle,2026-03-04,1.3
Ajegunle,2026-03-05,0.3
Ajegunle,2026-03-06,0.0
Ajegunle,2026-03-07,0.2
Ajegunle,2026-03-08,0.0
Ajegunle,2026-03-09,1.9
Ajegunle,2026-03-10,0.4
Ajegunle,2026-03-11,0.8
Ajegunle,2026-03-12,0.1
Ajegunle,2026-03-13,0.3
Ajegunle,2026-03-14,3.5
Ajegunle,2026-03-15,0.0
Ajegunle,2026-03-16,0.9
Ajegunle,2026-03-17,1.4
Ajegunle,2026-03-18,0.0
Ajegunle,2026-03-19,0.0
Ajegunle,2026-03-20,0.3
Ajegunle,2026-03-21,0.9
Ajegunle,2026-03-22,1.2
Ajegunle,2026-03-23,0.6
Ajegunle,2026-03-24,0.7
Ajegunle,2026-03-25,0.2
Ajegunle,2026-03-26,0.0
Ajegunle,2026-03-27,0.1
Ajegunle,2026-03-28,5.0
Ajegunle,2026-03-29,2.1
Ajegunle,2026-03-30,0.0
Ajegunle,2026-03-31,1.8
Ajegunle,2026-04-01,0.0
Ajegunle,2026-04-02,0.3
Ajegunle,2026-04-03,0.5
Ajegunle,2026-04-04,0.0
Ajegunle,2026-04-05,0.9
Ajegunle,2026-04-06,0.4
Ajegunle,2026-04-07,0.0
Ajegunle,2026-04-08,1.4
Ajegunle,2026-04-09,1.0
Ajegunle,2026-04-10,0.0
Ajegunle,2026-04-11,0.0
Ajegunle,2026-04-12,0.0
Ajegunle,2026-04-13,5.2
Ajegunle,2026-04-14,3.0
Ajegunle,2026-04-15,1.0
Ajegunle,2026-04-16,0.2
Ajegunle,2026-04-17,0.6
Ajegunle,2026-04-18,0.3
Ajegunle,2026-04-19,6.4
Ajegunle,2026-04-20,0.7
Ajegunle,2026-04-21,2.0
Ajegunle,2026-04-22,0.4
Ajegunle,2026-04-23,1.2
Ajegunle,2026-04-24,2.3
Ajegunle,2026-04-25,2.3
Ajegunle,2026-04-26,22.8
Ajegunle,2026-04-27,0.0
Ajegunle,2026-04-28,6.9
Ajegunle,2026-04-29,1.8
Ajegunle,2026-04-30,1.9
Ajegunle,2026-05-01,0.2
Ajegunle,2026-05-02,1.4
Ajegunle,2026-05-03,4.8
Ajegunle,2026-05-04,12.9
Ajegunle,2026-05-05,3.8
Ajegunle,2026-05-06,10.8
Ajegunle,2026-05-07,2.9
Ajegunle,2026-05-08,3.5
Ajegunle,2026-05-09,7.1
Ajegunle,2026-05-10,1.0
Ajegunle,2026-05-11,0.7
Ajegunle,2026-05-12,0.5
Ajegunle,2026-05-13,0.4
Ajegunle,2026-05-14,3.5
Ajegunle,2026-05-15,9.5
Ajegunle,2026-05-16,1.5
Ajegunle,2026-05-17,10.9
Ajegunle,2026-05-18,5.0
Ajegunle,2026-05-19,6.2
Ajegunle,2026-05-20,3.7
Ajegunle,2026-05-21,6.8
Ajegunle,2026-05-22,17.3
Ajegunle,2026-05-23,8.8
Ajegunle,2026-05-24,9.7
Ajegunle,2026-05-25,8.8
Ajegunle,2026-05-26,7.7
Ajegunle,2026-05-27,0.9
Ajegunle,2026-05-28,4.6
Ajegunle,2026-05-29,0.8
Ajegunle,2026-05-30,8.8
Ajegunle,2026-05-31,0.4
Ajegunle,2026-06-01,11.3
Ajegunle,2026-06-02,8.4
Ajegunle,2026-06-03,3.9
Ajegunle,2026-06-04,15.7
Ajegunle,2026-06-05,3.4
Ajegunle,2026-06-06,15.0
Ajegunle,2026-06-07,6.5
Ajegunle,2026-06-08,9.3
Ajegunle,2026-06-09,5.5
Ajegunle,2026-06-10,2.9
Ajegunle,2026-06-11,0.3
Ajegunle,2026-06-12,9.1
Ajegunle,2026-06-13,3.2
Ajegunle,2026-06-14,4.7
Ajegunle,2026-06-15,5.3
Ajegunle,2026-06-16,6.1
Ajegunle,2026-06-17,6.2
Ajegunle,2026-06-18,3.9
Ajegunle,2026-06-19,2.5
Ajegunle,2026-06-20,11.0
Ajegunle,2026-06-21,34.2
Ajegunle,2026-06-22,0.4
Ajegunle,2026-06-23,0.7
Ajegunle,2026-06-24,3.0
Ajegunle,2026-06-25,3.7
Ajegunle,2026-06-26,3.3
Ajegunle,2026-06-27,2.2
Ajegunle,2026-06-28,10.5
Ajegunle,2026-06-29,35.7
Ajegunle,2026-06-30,30.2
Ajegunle,2026-07-01,2.4
Ajegunle,2026-07-02,3.6
Ajegunle,2026-07-03,4.6
Ajegunle,2026-07-04,4.3
Ajegunle,2026-07-05,1.0
Ajegunle,2026-07-06,1.7
Ajegunle,2026-07-07,5.8
Ajegunle,2026-07-08,5.8
Ajegunle,2026-07-09,9.8
Ajegunle,2026-07-10,55.4
Ajegunle,2026-07-11,9.5
Ajegunle,2026-07-12,4.2
Ajegunle,2026-07-13,22.3
Ajegunle,2026-07-14,10.5
Ajegunle,2026-07-15,9.1
Ajegunle,2026-07-16,7.3
Ajegunle,2026-07-17,1.2
Ajegunle,2026-07-18,0.0
Ajegunle,2026-07-19,1.5
Ajegunle,2026-07-20,1.9
Ajegunle,2026-07-21,0.4
Ajegunle,2026-07-22,2.0
Ajegunle,2026-07-23,3.5
Ajegunle,2026-07-24,4.1
Ajegunle,2026-07-25,0.1
Ajegunle,2026-07-26,1.1
Ajegunle,2026-07-27,19.1
Ajegunle,2026-07-28,10.4
Ajegunle,2026-07-29,21.9
Ajegunle,2026-07-30,5.5
Ajegunle,2026-07-31,0.6
Ajegunle,2026-08-01,1.9
Ajegunle,2026-08-02,5.0
Ajegunle,2026-08-03,3.2
Ajegunle,2026-08-04,2.3
Ajegunle,2026-08-05,5.8
Ajegunle,2026-08-06,4.1
Ajegunle,2026-08-07,2.7
Ajegunle,2026-08-08,0.4
Ajegunle,2026-08-09,0.8
Ajegunle,2026-08-10,0.7
Ajegunle,2026-08-11,0.3
Ajegunle,2026-08-12,0.5
Ajegunle,2026-08-13,1.7
Ajegunle,2026-08-14,1.0
Ajegunle,2026-08-15,0.2
Ajegunle,2026-08-16,1.8
Ajegunle,2026-08-17,1.6
Ajegunle,2026-08-18,2.4
Ajegunle,2026-08-19,2.2
Ajegunle,2026-08-20,0.6
Ajegunle,2026-08-21,1.6
Ajegunle,2026-08-22,10.1
Ajegunle,2026-08-23,6.7
Ajegunle,2026-08-24,9.9
Ajegunle,2026-08-25,0.2
Ajegunle,2026-08-26,1.3
Ajegunle,2026-08-27,4.7
Ajegunle,2026-08-28,17.8
Ajegunle,2026-08-29,6.6
Ajegunle,2026-08-30,15.6
Ajegunle,2026-08-31,1.2
Ajegunle,2026-09-01,0.1
Makoko,2019-01-01,0.0
Makoko,2019-01-02,0.0
Makoko,2019-01-03,0.0
Makoko,2019-01-04,0.0
Makoko,2019-01-05,0.0
Makoko,2019-01-06,0.0
Makoko,2019-01-07,0.0
Makoko,2019-01-08,0.0
Makoko,2019-01-09,0.0
Makoko,2019-01-10,0.0
Makoko,2019-01-11,0.1
Makoko,2019-01-12,0.0
Makoko,2019-01-13,0.4
Makoko,2019-01-14,1.2
Makoko,2019-01-15,1.3
Makoko,2019-01-16,1.6
Makoko,2019-01-17,1.7
Makoko,2019-01-18,1.2
Makoko,2019-01-19,1.3
Makoko,2019-01-20,0.4
Makoko,2019-01-21,4.9
Makoko,2019-01-22,0.4
Makoko,2019-01-23,1.0
Makoko,2019-01-24,13.1
Makoko,2019-01-25,0.0
Makoko,2019-01-26,0.9
Makoko,2019-01-27,4.9
Makoko,2019-01-28,7.4
Makoko,2019-01-29,2.6
Makoko,2019-01-30,8.2
Makoko,2019-01-31,0.6
Makoko,2019-02-01,0.4
Makoko,2019-02-02,9.7
Makoko,2019-02-03,2.6
Makoko,2019-02-04,1.7
Makoko,2019-02-05,0.8
Makoko,2019-02-06,1.2
Makoko,2019-02-07,1.7
Makoko,2019-02-08,4.6
Makoko,2019-02-09,0.1
Makoko,2019-02-10,0.0
Makoko,2019-02-11,0.0
Makoko,2019-02-12,0.0
Makoko,2019-02-13,0.0
Makoko,2019-02-14,0.2
Makoko,2019-02-15,1.0
Makoko,2019-02-16,0.0
Makoko,2019-02-17,0.6
Makoko,2019-02-18,0.5
Makoko,2019-02-19,1.4
Makoko,2019-02-20,1.9
Makoko,2019-02-21,1.3
Makoko,2019-02-22,1.9
Makoko,2019-02-23,0.9
Makoko,2019-02-24,11.1
Makoko,2019-02-25,2.2
Makoko,2019-02-26,13.9
Makoko,2019-02-27,0.9
Makoko,2019-02-28,3.6
Makoko,2019-03-01,3.5
Makoko,2019-03-02,0.6
Makoko,2019-03-03,0.2
Makoko,2019-03-04,1.8
Makoko,2019-03-05,0.9
Makoko,2019-03-06,6.4
Makoko,2019-03-07,0.5
Makoko,2019-03-08,0.2
Makoko,2019-03-09,3.3
Makoko,2019-03-10,5.6
Makoko,2019-03-11,1.3
Makoko,2019-03-12,0.7
Makoko,2019-03-13,0.3
Makoko,2019-03-14,1.1
Makoko,2019-03-15,0.7
Makoko,2019-03-16,3.3
Makoko,2019-03-17,0.4
Makoko,2019-03-18,0.1
Makoko,2019-03-19,0.3
Makoko,2019-03-20,1.8
Makoko,2019-03-21,5.0
Makoko,2019-03-22,3.8
Makoko,2019-03-23,1.2
Makoko,2019-03-24,1.1
Makoko,2019-03-25,1.6
Makoko,2019-03-26,0.0
Makoko,2019-03-27,0.7
Makoko,2019-03-28,0.8
Makoko,2019-03-29,2.1
Makoko,2019-03-30,2.4
Makoko,2019-03-31,1.6
Makoko,2019-04-01,0.0
Makoko,2019-04-02,0.3
Makoko,2019-04-03,0.3
Makoko,2019-04-04,1.5
Makoko,2019-04-05,3.7
Makoko,2019-04-06,0.8
Makoko,2019-04-07,14.0
Makoko,2019-04-08,1.4
Makoko,2019-04-09,0.0
Makoko,2019-04-10,4.5
Makoko,2019-04-11,13.6
Makoko,2019-04-12,0.8
Makoko,2019-04-13,1.2
Makoko,2019-04-14,2.3
Makoko,2019-04-15,0.0
Makoko,2019-04-16,0.0
Makoko,2019-04-17,0.6
Makoko,2019-04-18,0.7
Makoko,2019-04-19,0.8
Makoko,2019-04-20,0.2
Makoko,2019-04-21,0.8
Makoko,2019-04-22,1.0
Makoko,2019-04-23,11.5
Makoko,2019-04-24,3.3
Makoko,2019-04-25,7.5
Makoko,2019-04-26,1.4
Makoko,2019-04-27,2.4
Makoko,2019-04-28,1.0
Makoko,2019-04-29,3.8
Makoko,2019-04-30,4.3
Makoko,2019-05-01,3.3
Makoko,2019-05-02,5.2
Makoko,2019-05-03,4.6
Makoko,2019-05-04,0.8
Makoko,2019-05-05,0.5
Makoko,2019-05-06,0.3
Makoko,2019-05-07,1.6
Makoko,2019-05-08,0.2
Makoko,2019-05-09,0.1
Makoko,2019-05-10,0.5
Makoko,2019-05-11,1.2
Makoko,2019-05-12,0.0
Makoko,2019-05-13,0.5
Makoko,2019-05-14,1.5
Makoko,2019-05-15,14.8
Makoko,2019-05-16,0.2
Makoko,2019-05-17,0.0
Makoko,2019-05-18,0.3
Makoko,2019-05-19,0.0
Makoko,2019-05-20,6.0
Makoko,2019-05-21,1.2
Makoko,2019-05-22,1.4
Makoko,2019-05-23,1.3
Makoko,2019-05-24,5.4
Makoko,2019-05-25,2.5
Makoko,2019-05-26,5.4
Makoko,2019-05-27,10.3
Makoko,2019-05-28,1.9
Makoko,2019-05-29,2.7
Makoko,2019-05-30,13.8
Makoko,2019-05-31,64.9
Makoko,2019-06-01,13.3
Makoko,2019-06-02,1.9
Makoko,2019-06-03,1.4
Makoko,2019-06-04,5.5
Makoko,2019-06-05,2.4
Makoko,2019-06-06,3.6
Makoko,2019-06-07,9.0
Makoko,2019-06-08,2.2
Makoko,2019-06-09,2.8
Makoko,2019-06-10,10.8
Makoko,2019-06-11,5.1
Makoko,2019-06-12,0.9
Makoko,2019-06-13,5.5
Makoko,2019-06-14,8.5
Makoko,2019-06-15,16.4
Makoko,2019-06-16,1.1
Makoko,2019-06-17,1.2
Makoko,2019-06-18,1.7
Makoko,2019-06-19,1.1
Makoko,2019-06-20,3.2
Makoko,2019-06-21,5.8
Makoko,2019-06-22,2.3
Makoko,2019-06-23,3.6
Makoko,2019-06-24,4.2
Makoko,2019-06-25,6.9
Makoko,2019-06-26,9.2
Makoko,2019-06-27,3.0
Makoko,2019-06-28,9.1
Makoko,2019-06-29,1.2
Makoko,2019-06-30,2.4
Makoko,2019-07-01,2.2
Makoko,2019-07-02,0.6
Makoko,2019-07-03,2.5
Makoko,2019-07-04,6.3
Makoko,2019-07-05,4.5
Makoko,2019-07-06,2.9
Makoko,2019-07-07,2.1
Makoko,2019-07-08,3.8
Makoko,2019-07-09,1.6
Makoko,2019-07-10,2.0
Makoko,2019-07-11,9.1
Makoko,2019-07-12,40.6
Makoko,2019-07-13,1.2
Makoko,2019-07-14,2.3
Makoko,2019-07-15,8.9
Makoko,2019-07-16,6.8
Makoko,2019-07-17,1.2
Makoko,2019-07-18,1.1
Makoko,2019-07-19,3.6
Makoko,2019-07-20,11.0
Makoko,2019-07-21,2.3
Makoko,2019-07-22,1.5
Makoko,2019-07-23,2.0
Makoko,2019-07-24,1.5
Makoko,2019-07-25,3.4
Makoko,2019-07-26,8.7
Makoko,2019-07-27,7.6
Makoko,2019-07-28,4.1
Makoko,2019-07-29,2.5
Makoko,2019-07-30,1.2
Makoko,2019-07-31,1.2
Makoko,2019-08-01,1.7
Makoko,2019-08-02,0.6
Makoko,2019-08-03,1.2
Makoko,2019-08-04,1.9
Makoko,2019-08-05,0.8
Makoko,2019-08-06,0.7
Makoko,2019-08-07,0.7
Makoko,2019-08-08,1.2
Makoko,2019-08-09,2.1
Makoko,2019-08-10,1.6
Makoko,2019-08-11,0.9
Makoko,2019-08-12,1.5
Makoko,2019-08-13,1.8
Makoko,2019-08-14,3.2
Makoko,2019-08-15,3.4
Makoko,2019-08-16,1.0
Makoko,2019-08-17,2.7
Makoko,2019-08-18,1.1
Makoko,2019-08-19,1.6
Makoko,2019-08-20,1.2
Makoko,2019-08-21,1.6
Makoko,2019-08-22,1.8
Makoko,2019-08-23,7.0
Makoko,2019-08-24,1.8
Makoko,2019-08-25,6.4
Makoko,2019-08-26,6.1
Makoko,2019-08-27,1.6
Makoko,2019-08-28,3.4
Makoko,2019-08-29,1.3
Makoko,2019-08-30,1.6
Makoko,2019-08-31,9.2
Makoko,2019-09-01,8.8
Makoko,2019-09-02,9.2
Makoko,2019-09-03,2.1
Makoko,2019-09-04,15.7
Makoko,2019-09-05,1.5
Makoko,2019-09-06,12.8
Makoko,2019-09-07,2.3
Makoko,2019-09-08,3.2
Makoko,2019-09-09,9.5
Makoko,2019-09-10,10.9
Makoko,2019-09-11,14.3
Makoko,2019-09-12,3.9
Makoko,2019-09-13,0.9
Makoko,2019-09-14,2.4
Makoko,2019-09-15,2.8
Makoko,2019-09-16,1.8
Makoko,2019-09-17,5.9
Makoko,2019-09-18,27.7
Makoko,2019-09-19,75.8
Makoko,2019-09-20,3.6
Makoko,2019-09-21,0.4
Makoko,2019-09-22,2.1
Makoko,2019-09-23,1.4
Makoko,2019-09-24,1.2
Makoko,2019-09-25,1.2
Makoko,2019-09-26,1.5
Makoko,2019-09-27,7.7
Makoko,2019-09-28,4.7
Makoko,2019-09-29,10.2
Makoko,2019-09-30,8.1
Makoko,2019-10-01,23.8
Makoko,2019-10-02,6.3
Makoko,2019-10-03,2.0
Makoko,2019-10-04,19.9
Makoko,2019-10-05,43.7
Makoko,2019-10-06,14.3
Makoko,2019-10-07,7.3
Makoko,2019-10-08,10.5
Makoko,2019-10-09,12.7
Makoko,2019-10-10,2.3
Makoko,2019-10-11,8.5
Makoko,2019-10-12,33.2
Makoko,2019-10-13,4.9
Makoko,2019-10-14,2.9
Makoko,2019-10-15,7.0
Makoko,2019-10-16,4.7
Makoko,2019-10-17,13.3
Makoko,2019-10-18,9.2
Makoko,2019-10-19,24.7
Makoko,2019-10-20,23.7
Makoko,2019-10-21,1.3
Makoko,2019-10-22,10.5
Makoko,2019-10-23,5.9
Makoko,2019-10-24,13.9
Makoko,2019-10-25,15.2
Makoko,2019-10-26,10.3
Makoko,2019-10-27,9.6
Makoko,2019-10-28,10.8
Makoko,2019-10-29,3.1
Makoko,2019-10-30,2.4
Makoko,2019-10-31,0.6
Makoko,2019-11-01,0.2
Makoko,2019-11-02,2.8
Makoko,2019-11-03,8.1
Makoko,2019-11-04,0.8
Makoko,2019-11-05,3.0
Makoko,2019-11-06,2.0
Makoko,2019-11-07,1.1
Makoko,2019-11-08,0.8
Makoko,2019-11-09,0.5
Makoko,2019-11-10,16.4
Makoko,2019-11-11,1.3
Makoko,2019-11-12,1.3
Makoko,2019-11-13,1.0
Makoko,2019-11-14,0.1
Makoko,2019-11-15,1.3
Makoko,2019-11-16,0.6
Makoko,2019-11-17,1.0
Makoko,2019-11-18,1.4
Makoko,2019-11-19,0.4
Makoko,2019-11-20,0.4
Makoko,2019-11-21,1.7
Makoko,2019-11-22,0.5
Makoko,2019-11-23,0.2
Makoko,2019-11-24,1.9
Makoko,2019-11-25,0.3
Makoko,2019-11-26,1.2
Makoko,2019-11-27,0.6
Makoko,2019-11-28,3.1
Makoko,2019-11-29,0.1
Makoko,2019-11-30,0.0
Makoko,2019-12-01,0.0
Makoko,2019-12-02,1.1
Makoko,2019-12-03,1.0
Makoko,2019-12-04,0.9
Makoko,2019-12-05,1.4
Makoko,2019-12-06,1.5
Makoko,2019-12-07,0.1
Makoko,2019-12-08,0.7
Makoko,2019-12-09,1.0
Makoko,2019-12-10,1.1
Makoko,2019-12-11,1.0
Makoko,2019-12-12,0.2
Makoko,2019-12-13,0.0
Makoko,2019-12-14,0.1
Makoko,2019-12-15,0.6
Makoko,2019-12-16,0.0
Makoko,2019-12-17,0.0
Makoko,2019-12-18,0.0
Makoko,2019-12-19,0.0
Makoko,2019-12-20,0.0
Makoko,2019-12-21,0.9
Makoko,2019-12-22,0.0
Makoko,2019-12-23,0.0
Makoko,2019-12-24,0.0
Makoko,2019-12-25,0.0
Makoko,2019-12-26,0.0
Makoko,2019-12-27,0.0
Makoko,2019-12-28,0.0
Makoko,2019-12-29,0.0
Makoko,2019-12-30,0.0
Makoko,2019-12-31,0.0
Makoko,2020-01-01,0.0
Makoko,2020-01-02,0.0
Makoko,2020-01-03,0.0
Makoko,2020-01-04,0.0
Makoko,2020-01-05,0.0
Makoko,2020-01-06,0.0
Makoko,2020-01-07,0.0
Makoko,2020-01-08,0.0
Makoko,2020-01-09,0.0
Makoko,2020-01-10,0.1
Makoko,2020-01-11,0.1
Makoko,2020-01-12,0.0
Makoko,2020-01-13,0.0
Makoko,2020-01-14,0.0
Makoko,2020-01-15,0.0
Makoko,2020-01-16,0.0
Makoko,2020-01-17,0.0
Makoko,2020-01-18,0.0
Makoko,2020-01-19,0.0
Makoko,2020-01-20,0.0
Makoko,2020-01-21,0.0
Makoko,2020-01-22,0.0
Makoko,2020-01-23,0.0
Makoko,2020-01-24,0.0
Makoko,2020-01-25,0.0
Makoko,2020-01-26,0.0
Makoko,2020-01-27,0.0
Makoko,2020-01-28,0.0
Makoko,2020-01-29,0.0
Makoko,2020-01-30,0.0
Makoko,2020-01-31,0.2
Makoko,2020-02-01,0.0
Makoko,2020-02-02,0.0
Makoko,2020-02-03,0.0
Makoko,2020-02-04,0.0
Makoko,2020-02-05,0.0
Makoko,2020-02-06,0.0
Makoko,2020-02-07,0.0
Makoko,2020-02-08,0.0
Makoko,2020-02-09,0.0
Makoko,2020-02-10,2.2
Makoko,2020-02-11,0.0
Makoko,2020-02-12,0.0
Makoko,2020-02-13,0.0
Makoko,2020-02-14,0.0
Makoko,2020-02-15,0.0
Makoko,2020-02-16,0.0
Makoko,2020-02-17,0.0
Makoko,2020-02-18,0.4
Makoko,2020-02-19,0.1
Makoko,2020-02-20,0.0
Makoko,2020-02-21,0.0
Makoko,2020-02-22,0.1
Makoko,2020-02-23,0.1
Makoko,2020-02-24,0.0
Makoko,2020-02-25,0.3
Makoko,2020-02-26,0.5
Makoko,2020-02-27,0.2
Makoko,2020-02-28,0.3
Makoko,2020-02-29,0.1
Makoko,2020-03-01,0.6
Makoko,2020-03-02,4.7
Makoko,2020-03-03,0.1
Makoko,2020-03-04,0.3
Makoko,2020-03-05,0.7
Makoko,2020-03-06,3.9
Makoko,2020-03-07,0.1
Makoko,2020-03-08,0.6
Makoko,2020-03-09,0.0
Makoko,2020-03-10,0.4
Makoko,2020-03-11,0.7
Makoko,2020-03-12,0.6
Makoko,2020-03-13,1.9
Makoko,2020-03-14,5.7
Makoko,2020-03-15,0.0
Makoko,2020-03-16,0.2
Makoko,2020-03-17,0.0
Makoko,2020-03-18,0.2
Makoko,2020-03-19,0.4
Makoko,2020-03-20,0.4
Makoko,2020-03-21,0.8
Makoko,2020-03-22,0.1
Makoko,2020-03-23,0.5
Makoko,2020-03-24,3.7
Makoko,2020-03-25,7.9
Makoko,2020-03-26,0.0
Makoko,2020-03-27,0.4
Makoko,2020-03-28,0.1
Makoko,2020-03-29,0.0
Makoko,2020-03-30,0.0
Makoko,2020-03-31,0.0
Makoko,2020-04-01,1.1
Makoko,2020-04-02,0.0
Makoko,2020-04-03,0.0
Makoko,2020-04-04,0.8
Makoko,2020-04-05,0.0
Makoko,2020-04-06,0.4
Makoko,2020-04-07,0.0
Makoko,2020-04-08,0.0
Makoko,2020-04-09,1.3
Makoko,2020-04-10,1.9
Makoko,2020-04-11,0.3
Makoko,2020-04-12,0.2
Makoko,2020-04-13,0.0
Makoko,2020-04-14,0.2
Makoko,2020-04-15,0.0
Makoko,2020-04-16,2.2
Makoko,2020-04-17,3.6
Makoko,2020-04-18,3.2
Makoko,2020-04-19,3.8
Makoko,2020-04-20,0.7
Makoko,2020-04-21,0.9
Makoko,2020-04-22,2.1
Makoko,2020-04-23,1.2
Makoko,2020-04-24,0.1
Makoko,2020-04-25,4.8
Makoko,2020-04-26,5.4
Makoko,2020-04-27,0.4
Makoko,2020-04-28,0.0
Makoko,2020-04-29,0.4
Makoko,2020-04-30,0.6
Makoko,2020-05-01,0.0
Makoko,2020-05-02,0.3
Makoko,2020-05-03,2.0
Makoko,2020-05-04,0.9
Makoko,2020-05-05,0.0
Makoko,2020-05-06,0.5
Makoko,2020-05-07,0.3
Makoko,2020-05-08,0.5
Makoko,2020-05-09,3.3
Makoko,2020-05-10,6.8
Makoko,2020-05-11,11.2
Makoko,2020-05-12,1.3
Makoko,2020-05-13,1.9
Makoko,2020-05-14,0.2
Makoko,2020-05-15,0.1
Makoko,2020-05-16,1.5
Makoko,2020-05-17,0.5
Makoko,2020-05-18,0.7
Makoko,2020-05-19,2.9
Makoko,2020-05-20,2.1
Makoko,2020-05-21,3.6
Makoko,2020-05-22,7.5
Makoko,2020-05-23,1.5
Makoko,2020-05-24,1.1
Makoko,2020-05-25,24.9
Makoko,2020-05-26,0.1
Makoko,2020-05-27,1.0
Makoko,2020-05-28,15.8
Makoko,2020-05-29,3.0
Makoko,2020-05-30,10.1
Makoko,2020-05-31,6.1
Makoko,2020-06-01,5.9
Makoko,2020-06-02,0.2
Makoko,2020-06-03,1.2
Makoko,2020-06-04,1.1
Makoko,2020-06-05,1.0
Makoko,2020-06-06,4.9
Makoko,2020-06-07,7.7
Makoko,2020-06-08,0.2
Makoko,2020-06-09,1.3
Makoko,2020-06-10,7.1
Makoko,2020-06-11,5.6
Makoko,2020-06-12,5.8
Makoko,2020-06-13,3.6
Makoko,2020-06-14,3.0
Makoko,2020-06-15,5.3
Makoko,2020-06-16,1.8
Makoko,2020-06-17,8.2
Makoko,2020-06-18,110.6
Makoko,2020-06-19,2.4
Makoko,2020-06-20,13.6
Makoko,2020-06-21,8.3
Makoko,2020-06-22,9.4
Makoko,2020-06-23,2.1
Makoko,2020-06-24,3.8
Makoko,2020-06-25,1.7
Makoko,2020-06-26,2.2
Makoko,2020-06-27,7.1
Makoko,2020-06-28,10.4
Makoko,2020-06-29,60.7
Makoko,2020-06-30,7.8
Makoko,2020-07-01,13.1
Makoko,2020-07-02,2.2
Makoko,2020-07-03,1.5
Makoko,2020-07-04,48.0
Makoko,2020-07-05,10.9
Makoko,2020-07-06,4.1
Makoko,2020-07-07,10.4
Makoko,2020-07-08,17.8
Makoko,2020-07-09,10.0
Makoko,2020-07-10,3.5
Makoko,2020-07-11,14.3
Makoko,2020-07-12,5.8
Makoko,2020-07-13,1.7
Makoko,2020-07-14,1.7
Makoko,2020-07-15,0.7
Makoko,2020-07-16,2.5
Makoko,2020-07-17,2.4
Makoko,2020-07-18,1.3
Makoko,2020-07-19,0.3
Makoko,2020-07-20,3.1
Makoko,2020-07-21,7.3
Makoko,2020-07-22,0.7
Makoko,2020-07-23,1.2
Makoko,2020-07-24,1.4
Makoko,2020-07-25,0.7
Makoko,2020-07-26,1.6
Makoko,2020-07-27,0.8
Makoko,2020-07-28,0.7
Makoko,2020-07-29,0.6
Makoko,2020-07-30,1.0
Makoko,2020-07-31,2.5
Makoko,2020-08-01,1.7
Makoko,2020-08-02,0.7
Makoko,2020-08-03,0.1
Makoko,2020-08-04,0.2
Makoko,2020-08-05,1.0
Makoko,2020-08-06,0.7
Makoko,2020-08-07,1.4
Makoko,2020-08-08,0.4
Makoko,2020-08-09,0.1
Makoko,2020-08-10,0.3
Makoko,2020-08-11,0.2
Makoko,2020-08-12,0.0
Makoko,2020-08-13,0.0
Makoko,2020-08-14,1.6
Makoko,2020-08-15,1.7
Makoko,2020-08-16,0.8
Makoko,2020-08-17,1.4
Makoko,2020-08-18,0.5
Makoko,2020-08-19,0.3
Makoko,2020-08-20,0.2
Makoko,2020-08-21,2.6
Makoko,2020-08-22,2.5
Makoko,2020-08-23,0.7
Makoko,2020-08-24,0.3
Makoko,2020-08-25,0.7
Makoko,2020-08-26,1.0
Makoko,2020-08-27,0.9
Makoko,2020-08-28,0.5
Makoko,2020-08-29,1.5
Makoko,2020-08-30,2.7
Makoko,2020-08-31,7.2
Makoko,2020-09-01,2.5
Makoko,2020-09-02,1.5
Makoko,2020-09-03,2.6
Makoko,2020-09-04,1.7
Makoko,2020-09-05,1.0
Makoko,2020-09-06,0.9
Makoko,2020-09-07,2.9
Makoko,2020-09-08,1.3
Makoko,2020-09-09,148.3
Makoko,2020-09-10,2.0
Makoko,2020-09-11,0.7
Makoko,2020-09-12,6.7
Makoko,2020-09-13,10.3
Makoko,2020-09-14,2.6
Makoko,2020-09-15,8.8
Makoko,2020-09-16,10.0
Makoko,2020-09-17,4.9
Makoko,2020-09-18,2.0
Makoko,2020-09-19,3.0
Makoko,2020-09-20,7.0
Makoko,2020-09-21,3.5
Makoko,2020-09-22,10.6
Makoko,2020-09-23,2.7
Makoko,2020-09-24,2.3
Makoko,2020-09-25,1.2
Makoko,2020-09-26,13.2
Makoko,2020-09-27,4.7
Makoko,2020-09-28,2.7
Makoko,2020-09-29,3.6
Makoko,2020-09-30,8.4
Makoko,2020-10-01,2.4
Makoko,2020-10-02,3.3
Makoko,2020-10-03,2.9
Makoko,2020-10-04,4.6
Makoko,2020-10-05,1.0
Makoko,2020-10-06,4.9
Makoko,2020-10-07,3.1
Makoko,2020-10-08,7.7
Makoko,2020-10-09,12.2
Makoko,2020-10-10,3.9
Makoko,2020-10-11,14.0
Makoko,2020-10-12,0.9
Makoko,2020-10-13,2.3
Makoko,2020-10-14,2.2
Makoko,2020-10-15,1.9
Makoko,2020-10-16,2.1
Makoko,2020-10-17,8.6
Makoko,2020-10-18,1.2
Makoko,2020-10-19,1.6
Makoko,2020-10-20,1.2
Makoko,2020-10-21,2.7
Makoko,2020-10-22,1.8
Makoko,2020-10-23,2.2
Makoko,2020-10-24,3.6
Makoko,2020-10-25,12.5
Makoko,2020-10-26,4.3
Makoko,2020-10-27,2.7
Makoko,2020-10-28,1.5
Makoko,2020-10-29,1.1
Makoko,2020-10-30,0.8
Makoko,2020-10-31,1.6
Makoko,2020-11-01,1.7
Makoko,2020-11-02,3.6
Makoko,2020-11-03,1.1
Makoko,2020-11-04,6.9
Makoko,2020-11-05,9.5
Makoko,2020-11-06,1.8
Makoko,2020-11-07,5.7
Makoko,2020-11-08,0.9
Makoko,2020-11-09,3.0
Makoko,2020-11-10,2.0
Makoko,2020-11-11,1.2
Makoko,2020-11-12,0.0
Makoko,2020-11-13,0.0
Makoko,2020-11-14,0.1
Makoko,2020-11-15,0.6
Makoko,2020-11-16,4.0
Makoko,2020-11-17,1.3
Makoko,2020-11-18,3.8
Makoko,2020-11-19,2.9
Makoko,2020-11-20,1.2
Makoko,2020-11-21,4.8
Makoko,2020-11-22,0.2
Makoko,2020-11-23,1.3
Makoko,2020-11-24,1.1
Makoko,2020-11-25,1.1
Makoko,2020-11-26,3.2
Makoko,2020-11-27,7.1
Makoko,2020-11-28,1.3
Makoko,2020-11-29,0.4
Makoko,2020-11-30,0.1
Makoko,2020-12-01,2.2
Makoko,2020-12-02,1.2
Makoko,2020-12-03,2.7
Makoko,2020-12-04,1.2
Makoko,2020-12-05,0.4
Makoko,2020-12-06,0.5
Makoko,2020-12-07,0.9
Makoko,2020-12-08,1.4
Makoko,2020-12-09,0.9
Makoko,2020-12-10,1.0
Makoko,2020-12-11,0.7
Makoko,2020-12-12,1.6
Makoko,2020-12-13,1.6
Makoko,2020-12-14,0.6
Makoko,2020-12-15,0.9
Makoko,2020-12-16,1.1
Makoko,2020-12-17,0.4
Makoko,2020-12-18,0.1
Makoko,2020-12-19,1.7
Makoko,2020-12-20,0.6
Makoko,2020-12-21,0.5
Makoko,2020-12-22,0.5
Makoko,2020-12-23,0.2
Makoko,2020-12-24,2.0
Makoko,2020-12-25,0.1
Makoko,2020-12-26,0.0
Makoko,2020-12-27,0.0
Makoko,2020-12-28,0.0
Makoko,2020-12-29,0.0
Makoko,2020-12-30,0.0
Makoko,2020-12-31,0.0
Makoko,2021-01-01,0.1
Makoko,2021-01-02,0.5
Makoko,2021-01-03,0.2
Makoko,2021-01-04,0.4
Makoko,2021-01-05,1.8
Makoko,2021-01-06,1.4
Makoko,2021-01-07,2.4
Makoko,2021-01-08,1.7
Makoko,2021-01-09,0.1
Makoko,2021-01-10,0.9
Makoko,2021-01-11,0.3
Makoko,2021-01-12,1.6
Makoko,2021-01-13,0.7
Makoko,2021-01-14,4.0
Makoko,2021-01-15,1.3
Makoko,2021-01-16,2.8
Makoko,2021-01-17,0.4
Makoko,2021-01-18,0.8
Makoko,2021-01-19,0.0
Makoko,2021-01-20,0.0
Makoko,2021-01-21,0.0
Makoko,2021-01-22,0.0
Makoko,2021-01-23,0.0
Makoko,2021-01-24,0.0
Makoko,2021-01-25,0.0
Makoko,2021-01-26,0.0
Makoko,2021-01-27,0.2
Makoko,2021-01-28,1.3
Makoko,2021-01-29,0.9
Makoko,2021-01-30,2.9
Makoko,2021-01-31,0.5
Makoko,2021-02-01,2.5
Makoko,2021-02-02,1.0
Makoko,2021-02-03,0.8
Makoko,2021-02-04,1.2
Makoko,2021-02-05,2.7
Makoko,2021-02-06,1.5
Makoko,2021-02-07,0.4
Makoko,2021-02-08,1.0
Makoko,2021-02-09,0.3
Makoko,2021-02-10,0.8
Makoko,2021-02-11,1.8
Makoko,2021-02-12,0.2
Makoko,2021-02-13,0.9
Makoko,2021-02-14,2.0
Makoko,2021-02-15,5.1
Makoko,2021-02-16,0.8
Makoko,2021-02-17,2.1
Makoko,2021-02-18,0.0
Makoko,2021-02-19,0.0
Makoko,2021-02-20,0.0
Makoko,2021-02-21,0.0
Makoko,2021-02-22,0.0
Makoko,2021-02-23,0.6
Makoko,2021-02-24,0.4
Makoko,2021-02-25,0.8
Makoko,2021-02-26,1.0
Makoko,2021-02-27,0.6
Makoko,2021-02-28,0.0
Makoko,2021-03-01,0.8
Makoko,2021-03-02,0.5
Makoko,2021-03-03,0.3
Makoko,2021-03-04,1.4
Makoko,2021-03-05,1.5
Makoko,2021-03-06,1.9
Makoko,2021-03-07,1.4
Makoko,2021-03-08,0.8
Makoko,2021-03-09,0.9
Makoko,2021-03-10,1.7
Makoko,2021-03-11,1.2
Makoko,2021-03-12,1.2
Makoko,2021-03-13,17.0
Makoko,2021-03-14,0.3
Makoko,2021-03-15,0.0
Makoko,2021-03-16,0.0
Makoko,2021-03-17,5.7
Makoko,2021-03-18,4.3
Makoko,2021-03-19,0.0
Makoko,2021-03-20,0.0
Makoko,2021-03-21,0.2
Makoko,2021-03-22,9.5
Makoko,2021-03-23,18.9
Makoko,2021-03-24,1.6
Makoko,2021-03-25,1.5
Makoko,2021-03-26,0.0
Makoko,2021-03-27,0.9
Makoko,2021-03-28,0.7
Makoko,2021-03-29,0.0
Makoko,2021-03-30,0.6
Makoko,2021-03-31,1.0
Makoko,2021-04-01,1.1
Makoko,2021-04-02,1.1
Makoko,2021-04-03,1.4
Makoko,2021-04-04,1.3
Makoko,2021-04-05,1.2
Makoko,2021-04-06,0.4
Makoko,2021-04-07,1.0
Makoko,2021-04-08,1.6
Makoko,2021-04-09,1.0
Makoko,2021-04-10,0.3
Makoko,2021-04-11,0.0
Makoko,2021-04-12,0.1
Makoko,2021-04-13,0.3
Makoko,2021-04-14,0.2
Makoko,2021-04-15,0.1
Makoko,2021-04-16,2.3
Makoko,2021-04-17,2.8
Makoko,2021-04-18,8.8
Makoko,2021-04-19,0.3
Makoko,2021-04-20,0.8
Makoko,2021-04-21,0.2
Makoko,2021-04-22,0.6
Makoko,2021-04-23,1.8
Makoko,2021-04-24,3.3
Makoko,2021-04-25,0.3
Makoko,2021-04-26,0.1
Makoko,2021-04-27,0.5
Makoko,2021-04-28,0.7
Makoko,2021-04-29,0.0
Makoko,2021-04-30,0.2
Makoko,2021-05-01,0.5
Makoko,2021-05-02,0.0
Makoko,2021-05-03,2.1
Makoko,2021-05-04,2.0
Makoko,2021-05-05,0.8
Makoko,2021-05-06,0.8
Makoko,2021-05-07,1.1
Makoko,2021-05-08,1.7
Makoko,2021-05-09,1.1
Makoko,2021-05-10,0.4
Makoko,2021-05-11,0.8
Makoko,2021-05-12,1.3
Makoko,2021-05-13,0.9
Makoko,2021-05-14,1.5
Makoko,2021-05-15,0.6
Makoko,2021-05-16,1.2
Makoko,2021-05-17,1.2
Makoko,2021-05-18,6.0
Makoko,2021-05-19,2.1
Makoko,2021-05-20,3.6
Makoko,2021-05-21,1.0
Makoko,2021-05-22,1.2
Makoko,2021-05-23,0.0
Makoko,2021-05-24,0.0
Makoko,2021-05-25,0.8
Makoko,2021-05-26,1.5
Makoko,2021-05-27,1.9
Makoko,2021-05-28,1.0
Makoko,2021-05-29,1.3
Makoko,2021-05-30,2.2
Makoko,2021-05-31,2.0
Makoko,2021-06-01,3.1
Makoko,2021-06-02,1.5
Makoko,2021-06-03,0.0
Makoko,2021-06-04,9.2
Makoko,2021-06-05,4.8
Makoko,2021-06-06,1.0
Makoko,2021-06-07,0.7
Makoko,2021-06-08,2.5
Makoko,2021-06-09,1.3
Makoko,2021-06-10,2.5
Makoko,2021-06-11,2.4
Makoko,2021-06-12,0.6
Makoko,2021-06-13,0.4
Makoko,2021-06-14,0.2
Makoko,2021-06-15,1.4
Makoko,2021-06-16,11.6
Makoko,2021-06-17,6.4
Makoko,2021-06-18,7.0
Makoko,2021-06-19,4.5
Makoko,2021-06-20,20.3
Makoko,2021-06-21,25.6
Makoko,2021-06-22,6.2
Makoko,2021-06-23,17.5
Makoko,2021-06-24,8.6
Makoko,2021-06-25,2.4
Makoko,2021-06-26,20.3
Makoko,2021-06-27,0.4
Makoko,2021-06-28,4.9
Makoko,2021-06-29,7.0
Makoko,2021-06-30,5.3
Makoko,2021-07-01,3.7
Makoko,2021-07-02,19.3
Makoko,2021-07-03,31.6
Makoko,2021-07-04,7.8
Makoko,2021-07-05,0.8
Makoko,2021-07-06,2.1
Makoko,2021-07-07,3.1
Makoko,2021-07-08,2.7
Makoko,2021-07-09,11.0
Makoko,2021-07-10,2.2
Makoko,2021-07-11,2.0
Makoko,2021-07-12,3.1
Makoko,2021-07-13,0.8
Makoko,2021-07-14,1.3
Makoko,2021-07-15,4.4
Makoko,2021-07-16,76.2
Makoko,2021-07-17,2.5
Makoko,2021-07-18,0.7
Makoko,2021-07-19,1.7
Makoko,2021-07-20,3.2
Makoko,2021-07-21,3.5
Makoko,2021-07-22,0.6
Makoko,2021-07-23,0.6
Makoko,2021-07-24,1.1
Makoko,2021-07-25,0.5
Makoko,2021-07-26,1.0
Makoko,2021-07-27,0.3
Makoko,2021-07-28,1.8
Makoko,2021-07-29,0.9
Makoko,2021-07-30,0.1
Makoko,2021-07-31,2.3
Makoko,2021-08-01,1.1
Makoko,2021-08-02,0.9
Makoko,2021-08-03,2.3
Makoko,2021-08-04,7.5
Makoko,2021-08-05,14.8
Makoko,2021-08-06,1.5
Makoko,2021-08-07,5.7
Makoko,2021-08-08,8.5
Makoko,2021-08-09,2.7
Makoko,2021-08-10,3.0
Makoko,2021-08-11,1.0
Makoko,2021-08-12,2.3
Makoko,2021-08-13,2.2
Makoko,2021-08-14,1.3
Makoko,2021-08-15,1.5
Makoko,2021-08-16,1.1
Makoko,2021-08-17,2.3
Makoko,2021-08-18,2.4
Makoko,2021-08-19,10.5
Makoko,2021-08-20,10.7
Makoko,2021-08-21,30.6
Makoko,2021-08-22,4.8
Makoko,2021-08-23,4.5
Makoko,2021-08-24,10.3
Makoko,2021-08-25,6.5
Makoko,2021-08-26,2.8
Makoko,2021-08-27,3.7
Makoko,2021-08-28,1.5
Makoko,2021-08-29,5.9
Makoko,2021-08-30,13.7
Makoko,2021-08-31,2.1
Makoko,2021-09-01,5.0
Makoko,2021-09-02,10.9
Makoko,2021-09-03,11.5
Makoko,2021-09-04,9.4
Makoko,2021-09-05,3.0
Makoko,2021-09-06,6.9
Makoko,2021-09-07,2.2
Makoko,2021-09-08,1.5
Makoko,2021-09-09,1.6
Makoko,2021-09-10,11.1
Makoko,2021-09-11,18.2
Makoko,2021-09-12,0.5
Makoko,2021-09-13,16.8
Makoko,2021-09-14,5.4
Makoko,2021-09-15,3.1
Makoko,2021-09-16,5.6
Makoko,2021-09-17,3.7
Makoko,2021-09-18,8.9
Makoko,2021-09-19,3.2
Makoko,2021-09-20,0.0
Makoko,2021-09-21,12.1
Makoko,2021-09-22,31.1
Makoko,2021-09-23,1.4
Makoko,2021-09-24,3.0
Makoko,2021-09-25,9.1
Makoko,2021-09-26,0.9
Makoko,2021-09-27,4.6
Makoko,2021-09-28,2.3
Makoko,2021-09-29,1.2
Makoko,2021-09-30,15.6
Makoko,2021-10-01,1.2
Makoko,2021-10-02,1.7
Makoko,2021-10-03,4.6
Makoko,2021-10-04,1.8
Makoko,2021-10-05,1.3
Makoko,2021-10-06,16.8
Makoko,2021-10-07,2.6
Makoko,2021-10-08,0.5
Makoko,2021-10-09,10.2
Makoko,2021-10-10,11.4
Makoko,2021-10-11,2.9
Makoko,2021-10-12,1.9
Makoko,2021-10-13,1.1
Makoko,2021-10-14,5.1
Makoko,2021-10-15,1.3
Makoko,2021-10-16,2.1
Makoko,2021-10-17,2.0
Makoko,2021-10-18,13.7
Makoko,2021-10-19,10.1
Makoko,2021-10-20,3.6
Makoko,2021-10-21,30.9
Makoko,2021-10-22,9.3
Makoko,2021-10-23,24.8
Makoko,2021-10-24,4.7
Makoko,2021-10-25,4.0
Makoko,2021-10-26,1.1
Makoko,2021-10-27,4.9
Makoko,2021-10-28,2.6
Makoko,2021-10-29,1.0
Makoko,2021-10-30,2.9
Makoko,2021-10-31,1.2
Makoko,2021-11-01,2.1
Makoko,2021-11-02,0.4
Makoko,2021-11-03,0.4
Makoko,2021-11-04,3.9
Makoko,2021-11-05,1.0
Makoko,2021-11-06,0.3
Makoko,2021-11-07,5.1
Makoko,2021-11-08,1.5
Makoko,2021-11-09,2.7
Makoko,2021-11-10,7.7
Makoko,2021-11-11,8.5
Makoko,2021-11-12,0.9
Makoko,2021-11-13,2.3
Makoko,2021-11-14,0.4
Makoko,2021-11-15,6.0
Makoko,2021-11-16,2.1
Makoko,2021-11-17,1.1
Makoko,2021-11-18,1.8
Makoko,2021-11-19,2.5
Makoko,2021-11-20,0.4
Makoko,2021-11-21,1.1
Makoko,2021-11-22,1.1
Makoko,2021-11-23,1.5
Makoko,2021-11-24,1.3
Makoko,2021-11-25,1.6
Makoko,2021-11-26,0.3
Makoko,2021-11-27,1.4
Makoko,2021-11-28,0.3
Makoko,2021-11-29,0.6
Makoko,2021-11-30,1.4
Makoko,2021-12-01,0.2
Makoko,2021-12-02,0.7
Makoko,2021-12-03,0.2
Makoko,2021-12-04,0.1
Makoko,2021-12-05,2.8
Makoko,2021-12-06,0.3
Makoko,2021-12-07,1.2
Makoko,2021-12-08,0.8
Makoko,2021-12-09,0.0
Makoko,2021-12-10,0.1
Makoko,2021-12-11,0.0
Makoko,2021-12-12,0.0
Makoko,2021-12-13,0.0
Makoko,2021-12-14,1.6
Makoko,2021-12-15,0.6
Makoko,2021-12-16,0.1
Makoko,2021-12-17,0.0
Makoko,2021-12-18,0.0
Makoko,2021-12-19,0.0
Makoko,2021-12-20,0.0
Makoko,2021-12-21,0.0
Makoko,2021-12-22,0.0
Makoko,2021-12-23,0.0
Makoko,2021-12-24,0.0
Makoko,2021-12-25,0.0
Makoko,2021-12-26,0.0
Makoko,2021-12-27,0.9
Makoko,2021-12-28,0.2
Makoko,2021-12-29,0.4
Makoko,2021-12-30,0.0
Makoko,2021-12-31,1.0
Makoko,2022-01-01,0.7
Makoko,2022-01-02,0.5
Makoko,2022-01-03,0.0
Makoko,2022-01-04,0.0
Makoko,2022-01-05,0.0
Makoko,2022-01-06,0.0
Makoko,2022-01-07,0.1
Makoko,2022-01-08,1.8
Makoko,2022-01-09,1.0
Makoko,2022-01-10,0.0
Makoko,2022-01-11,0.3
Makoko,2022-01-12,0.5
Makoko,2022-01-13,10.3
Makoko,2022-01-14,0.4
Makoko,2022-01-15,0.0
Makoko,2022-01-16,0.1
Makoko,2022-01-17,0.0
Makoko,2022-01-18,0.1
Makoko,2022-01-19,1.0
Makoko,2022-01-20,0.0
Makoko,2022-01-21,0.0
Makoko,2022-01-22,0.0
Makoko,2022-01-23,0.0
Makoko,2022-01-24,0.0
Makoko,2022-01-25,0.0
Makoko,2022-01-26,0.0
Makoko,2022-01-27,0.0
Makoko,2022-01-28,0.0
Makoko,2022-01-29,0.0
Makoko,2022-01-30,0.0
Makoko,2022-01-31,0.0
Makoko,2022-02-01,0.0
Makoko,2022-02-02,0.0
Makoko,2022-02-03,0.0
Makoko,2022-02-04,0.4
Makoko,2022-02-05,1.8
Makoko,2022-02-06,0.0
Makoko,2022-02-07,0.0
Makoko,2022-02-08,0.0
Makoko,2022-02-09,0.1
Makoko,2022-02-10,0.0
Makoko,2022-02-11,0.1
Makoko,2022-02-12,0.1
Makoko,2022-02-13,0.4
Makoko,2022-02-14,1.1
Makoko,2022-02-15,0.5
Makoko,2022-02-16,4.0
Makoko,2022-02-17,0.7
Makoko,2022-02-18,0.3
Makoko,2022-02-19,1.9
Makoko,2022-02-20,0.7
Makoko,2022-02-21,1.2
Makoko,2022-02-22,0.4
Makoko,2022-02-23,0.6
Makoko,2022-02-24,0.4
Makoko,2022-02-25,0.2
Makoko,2022-02-26,0.1
Makoko,2022-02-27,1.4
Makoko,2022-02-28,0.3
Makoko,2022-03-01,0.1
Makoko,2022-03-02,0.6
Makoko,2022-03-03,3.9
Makoko,2022-03-04,15.2
Makoko,2022-03-05,0.2
Makoko,2022-03-06,2.5
Makoko,2022-03-07,0.3
Makoko,2022-03-08,0.1
Makoko,2022-03-09,1.1
Makoko,2022-03-10,2.2
Makoko,2022-03-11,3.9
Makoko,2022-03-12,8.9
Makoko,2022-03-13,7.0
Makoko,2022-03-14,1.1
Makoko,2022-03-15,5.1
Makoko,2022-03-16,1.9
Makoko,2022-03-17,0.8
Makoko,2022-03-18,2.3
Makoko,2022-03-19,2.2
Makoko,2022-03-20,1.4
Makoko,2022-03-21,1.2
Makoko,2022-03-22,3.1
Makoko,2022-03-23,1.1
Makoko,2022-03-24,2.7
Makoko,2022-03-25,0.7
Makoko,2022-03-26,1.3
Makoko,2022-03-27,1.6
Makoko,2022-03-28,1.3
Makoko,2022-03-29,1.9
Makoko,2022-03-30,0.2
Makoko,2022-03-31,0.3
Makoko,2022-04-01,5.6
Makoko,2022-04-02,3.3
Makoko,2022-04-03,0.2
Makoko,2022-04-04,0.5
Makoko,2022-04-05,4.5
Makoko,2022-04-06,0.2
Makoko,2022-04-07,1.0
Makoko,2022-04-08,0.8
Makoko,2022-04-09,0.6
Makoko,2022-04-10,0.1
Makoko,2022-04-11,0.1
Makoko,2022-04-12,6.5
Makoko,2022-04-13,4.7
Makoko,2022-04-14,0.3
Makoko,2022-04-15,1.7
Makoko,2022-04-16,11.9
Makoko,2022-04-17,14.6
Makoko,2022-04-18,2.2
Makoko,2022-04-19,0.6
Makoko,2022-04-20,0.8
Makoko,2022-04-21,4.7
Makoko,2022-04-22,0.0
Makoko,2022-04-23,0.0
Makoko,2022-04-24,0.4
Makoko,2022-04-25,0.1
Makoko,2022-04-26,4.4
Makoko,2022-04-27,31.3
Makoko,2022-04-28,2.3
Makoko,2022-04-29,1.5
Makoko,2022-04-30,3.1
Makoko,2022-05-01,0.6
Makoko,2022-05-02,2.4
Makoko,2022-05-03,0.0
Makoko,2022-05-04,5.8
Makoko,2022-05-05,0.0
Makoko,2022-05-06,8.9
Makoko,2022-05-07,0.4
Makoko,2022-05-08,0.5
Makoko,2022-05-09,10.0
Makoko,2022-05-10,1.3
Makoko,2022-05-11,2.6
Makoko,2022-05-12,0.7
Makoko,2022-05-13,0.9
Makoko,2022-05-14,0.2
Makoko,2022-05-15,1.1
Makoko,2022-05-16,2.3
Makoko,2022-05-17,0.5
Makoko,2022-05-18,1.1
Makoko,2022-05-19,13.7
Makoko,2022-05-20,1.0
Makoko,2022-05-21,25.6
Makoko,2022-05-22,16.3
Makoko,2022-05-23,3.9
Makoko,2022-05-24,0.1
Makoko,2022-05-25,2.1
Makoko,2022-05-26,8.9
Makoko,2022-05-27,2.4
Makoko,2022-05-28,2.1
Makoko,2022-05-29,1.3
Makoko,2022-05-30,2.3
Makoko,2022-05-31,1.4
Makoko,2022-06-01,0.2
Makoko,2022-06-02,1.1
Makoko,2022-06-03,7.3
Makoko,2022-06-04,25.6
Makoko,2022-06-05,17.4
Makoko,2022-06-06,8.1
Makoko,2022-06-07,3.6
Makoko,2022-06-08,4.6
Makoko,2022-06-09,2.4
Makoko,2022-06-10,6.0
Makoko,2022-06-11,8.7
Makoko,2022-06-12,1.5
Makoko,2022-06-13,3.5
Makoko,2022-06-14,19.9
Makoko,2022-06-15,31.9
Makoko,2022-06-16,44.8
Makoko,2022-06-17,5.5
Makoko,2022-06-18,4.9
Makoko,2022-06-19,0.7
Makoko,2022-06-20,5.1
Makoko,2022-06-21,7.1
Makoko,2022-06-22,2.4
Makoko,2022-06-23,2.2
Makoko,2022-06-24,4.6
Makoko,2022-06-25,0.2
Makoko,2022-06-26,11.6
Makoko,2022-06-27,3.4
Makoko,2022-06-28,5.7
Makoko,2022-06-29,6.6
Makoko,2022-06-30,28.5
Makoko,2022-07-01,10.1
Makoko,2022-07-02,0.4
Makoko,2022-07-03,1.0
Makoko,2022-07-04,7.7
Makoko,2022-07-05,21.8
Makoko,2022-07-06,5.2
Makoko,2022-07-07,1.5
Makoko,2022-07-08,27.5
Makoko,2022-07-09,9.9
Makoko,2022-07-10,2.8
Makoko,2022-07-11,4.0
Makoko,2022-07-12,5.7
Makoko,2022-07-13,0.6
Makoko,2022-07-14,1.5
Makoko,2022-07-15,2.1
Makoko,2022-07-16,3.3
Makoko,2022-07-17,2.2
Makoko,2022-07-18,1.9
Makoko,2022-07-19,0.4
Makoko,2022-07-20,2.2
Makoko,2022-07-21,2.3
Makoko,2022-07-22,1.3
Makoko,2022-07-23,1.7
Makoko,2022-07-24,1.8
Makoko,2022-07-25,2.5
Makoko,2022-07-26,17.5
Makoko,2022-07-27,2.2
Makoko,2022-07-28,1.6
Makoko,2022-07-29,1.0
Makoko,2022-07-30,0.5
Makoko,2022-07-31,1.6
Makoko,2022-08-01,4.4
Makoko,2022-08-02,0.7
Makoko,2022-08-03,1.2
Makoko,2022-08-04,0.4
Makoko,2022-08-05,0.6
Makoko,2022-08-06,0.4
Makoko,2022-08-07,0.8
Makoko,2022-08-08,0.6
Makoko,2022-08-09,1.2
Makoko,2022-08-10,0.4
Makoko,2022-08-11,7.1
Makoko,2022-08-12,1.2
Makoko,2022-08-13,0.8
Makoko,2022-08-14,1.9
Makoko,2022-08-15,5.7
Makoko,2022-08-16,3.3
Makoko,2022-08-17,0.5
Makoko,2022-08-18,1.0
Makoko,2022-08-19,11.4
Makoko,2022-08-20,3.0
Makoko,2022-08-21,0.6
Makoko,2022-08-22,2.3
Makoko,2022-08-23,14.0
Makoko,2022-08-24,1.6
Makoko,2022-08-25,1.4
Makoko,2022-08-26,10.4
Makoko,2022-08-27,5.1
Makoko,2022-08-28,2.3
Makoko,2022-08-29,2.3
Makoko,2022-08-30,11.6
Makoko,2022-08-31,4.7
Makoko,2022-09-01,1.4
Makoko,2022-09-02,2.2
Makoko,2022-09-03,1.1
Makoko,2022-09-04,7.4
Makoko,2022-09-05,2.4
Makoko,2022-09-06,0.6
Makoko,2022-09-07,1.4
Makoko,2022-09-08,3.0
Makoko,2022-09-09,1.8
Makoko,2022-09-10,1.1
Makoko,2022-09-11,3.8
Makoko,2022-09-12,12.6
Makoko,2022-09-13,1.8
Makoko,2022-09-14,1.2
Makoko,2022-09-15,5.6
Makoko,2022-09-16,3.9
Makoko,2022-09-17,1.5
Makoko,2022-09-18,4.6
Makoko,2022-09-19,27.6
Makoko,2022-09-20,2.3
Makoko,2022-09-21,10.5
Makoko,2022-09-22,6.4
Makoko,2022-09-23,0.4
Makoko,2022-09-24,7.7
Makoko,2022-09-25,5.5
Makoko,2022-09-26,14.1
Makoko,2022-09-27,7.4
Makoko,2022-09-28,12.9
Makoko,2022-09-29,1.7
Makoko,2022-09-30,6.7
Makoko,2022-10-01,1.9
Makoko,2022-10-02,1.0
Makoko,2022-10-03,0.0
Makoko,2022-10-04,1.5
Makoko,2022-10-05,0.6
Makoko,2022-10-06,6.7
Makoko,2022-10-07,4.7
Makoko,2022-10-08,0.3
Makoko,2022-10-09,28.4
Makoko,2022-10-10,7.8
Makoko,2022-10-11,1.3
Makoko,2022-10-12,5.3
Makoko,2022-10-13,17.6
Makoko,2022-10-14,1.5
Makoko,2022-10-15,16.5
Makoko,2022-10-16,0.8
Makoko,2022-10-17,1.3
Makoko,2022-10-18,6.8
Makoko,2022-10-19,2.0
Makoko,2022-10-20,1.1
Makoko,2022-10-21,0.7
Makoko,2022-10-22,1.0
Makoko,2022-10-23,3.8
Makoko,2022-10-24,4.9
Makoko,2022-10-25,8.6
Makoko,2022-10-26,0.2
Makoko,2022-10-27,1.1
Makoko,2022-10-28,2.4
Makoko,2022-10-29,0.3
Makoko,2022-10-30,1.2
Makoko,2022-10-31,0.8
Makoko,2022-11-01,5.0
Makoko,2022-11-02,0.8
Makoko,2022-11-03,1.0
Makoko,2022-11-04,2.9
Makoko,2022-11-05,0.3
Makoko,2022-11-06,3.3
Makoko,2022-11-07,1.1
Makoko,2022-11-08,0.7
Makoko,2022-11-09,2.0
Makoko,2022-11-10,0.7
Makoko,2022-11-11,4.0
Makoko,2022-11-12,2.0
Makoko,2022-11-13,1.3
Makoko,2022-11-14,2.2
Makoko,2022-11-15,2.1
Makoko,2022-11-16,0.0
Makoko,2022-11-17,2.3
Makoko,2022-11-18,1.6
Makoko,2022-11-19,2.1
Makoko,2022-11-20,1.0
Makoko,2022-11-21,0.1
Makoko,2022-11-22,1.3
Makoko,2022-11-23,1.9
Makoko,2022-11-24,0.1
Makoko,2022-11-25,0.0
Makoko,2022-11-26,0.0
Makoko,2022-11-27,0.5
Makoko,2022-11-28,1.9
Makoko,2022-11-29,0.7
Makoko,2022-11-30,0.4
Makoko,2022-12-01,0.2
Makoko,2022-12-02,6.6
Makoko,2022-12-03,0.5
Makoko,2022-12-04,0.2
Makoko,2022-12-05,0.8
Makoko,2022-12-06,0.3
Makoko,2022-12-07,0.6
Makoko,2022-12-08,1.5
Makoko,2022-12-09,0.0
Makoko,2022-12-10,0.0
Makoko,2022-12-11,0.0
Makoko,2022-12-12,0.1
Makoko,2022-12-13,0.4
Makoko,2022-12-14,0.1
Makoko,2022-12-15,1.1
Makoko,2022-12-16,0.2
Makoko,2022-12-17,1.3
Makoko,2022-12-18,0.3
Makoko,2022-12-19,0.0
Makoko,2022-12-20,0.0
Makoko,2022-12-21,0.0
Makoko,2022-12-22,0.9
Makoko,2022-12-23,0.0
Makoko,2022-12-24,0.0
Makoko,2022-12-25,0.0
Makoko,2022-12-26,0.0
Makoko,2022-12-27,0.0
Makoko,2022-12-28,0.0
Makoko,2022-12-29,0.0
Makoko,2022-12-30,0.0
Makoko,2022-12-31,0.0
Makoko,2023-01-01,0.0
Makoko,2023-01-02,0.0
Makoko,2023-01-03,0.0
Makoko,2023-01-04,0.0
Makoko,2023-01-05,0.0
Makoko,2023-01-06,0.0
Makoko,2023-01-07,0.0
Makoko,2023-01-08,0.0
Makoko,2023-01-09,0.0
Makoko,2023-01-10,0.0
Makoko,2023-01-11,0.0
Makoko,2023-01-12,0.0
Makoko,2023-01-13,0.0
Makoko,2023-01-14,0.0
Makoko,2023-01-15,0.1
Makoko,2023-01-16,0.0
Makoko,2023-01-17,0.0
Makoko,2023-01-18,0.0
Makoko,2023-01-19,0.0
Makoko,2023-01-20,0.4
Makoko,2023-01-21,0.8
Makoko,2023-01-22,1.2
Makoko,2023-01-23,0.8
Makoko,2023-01-24,1.7
Makoko,2023-01-25,0.4
Makoko,2023-01-26,0.8
Makoko,2023-01-27,1.1
Makoko,2023-01-28,7.2
Makoko,2023-01-29,1.7
Makoko,2023-01-30,0.4
Makoko,2023-01-31,0.7
Makoko,2023-02-01,0.0
Makoko,2023-02-02,0.4
Makoko,2023-02-03,0.5
Makoko,2023-02-04,1.2
Makoko,2023-02-05,0.6
Makoko,2023-02-06,1.1
Makoko,2023-02-07,0.8
Makoko,2023-02-08,1.7
Makoko,2023-02-09,0.8
Makoko,2023-02-10,0.3
Makoko,2023-02-11,0.6
Makoko,2023-02-12,0.3
Makoko,2023-02-13,0.0
Makoko,2023-02-14,0.0
Makoko,2023-02-15,0.0
Makoko,2023-02-16,0.0
Makoko,2023-02-17,0.0
Makoko,2023-02-18,0.0
Makoko,2023-02-19,0.0
Makoko,2023-02-20,0.0
Makoko,2023-02-21,0.0
Makoko,2023-02-22,0.4
Makoko,2023-02-23,0.5
Makoko,2023-02-24,3.3
Makoko,2023-02-25,0.3
Makoko,2023-02-26,0.0
Makoko,2023-02-27,0.2
Makoko,2023-02-28,0.1
Makoko,2023-03-01,0.0
Makoko,2023-03-02,0.4
Makoko,2023-03-03,7.3
Makoko,2023-03-04,5.0
Makoko,2023-03-05,0.0
Makoko,2023-03-06,5.4
Makoko,2023-03-07,0.4
Makoko,2023-03-08,0.1
Makoko,2023-03-09,5.2
Makoko,2023-03-10,0.0
Makoko,2023-03-11,0.1
Makoko,2023-03-12,0.0
Makoko,2023-03-13,0.2
Makoko,2023-03-14,0.8
Makoko,2023-03-15,2.7
Makoko,2023-03-16,17.0
Makoko,2023-03-17,0.5
Makoko,2023-03-18,2.5
Makoko,2023-03-19,13.2
Makoko,2023-03-20,0.0
Makoko,2023-03-21,1.7
Makoko,2023-03-22,0.4
Makoko,2023-03-23,2.5
Makoko,2023-03-24,0.0
Makoko,2023-03-25,0.0
Makoko,2023-03-26,0.3
Makoko,2023-03-27,0.0
Makoko,2023-03-28,0.0
Makoko,2023-03-29,0.1
Makoko,2023-03-30,0.9
Makoko,2023-03-31,8.7
Makoko,2023-04-01,0.0
Makoko,2023-04-02,0.7
Makoko,2023-04-03,2.9
Makoko,2023-04-04,12.9
Makoko,2023-04-05,0.0
Makoko,2023-04-06,0.9
Makoko,2023-04-07,3.3
Makoko,2023-04-08,4.4
Makoko,2023-04-09,5.5
Makoko,2023-04-10,0.0
Makoko,2023-04-11,0.2
Makoko,2023-04-12,0.6
Makoko,2023-04-13,0.9
Makoko,2023-04-14,0.9
Makoko,2023-04-15,1.0
Makoko,2023-04-16,3.1
Makoko,2023-04-17,9.4
Makoko,2023-04-18,0.1
Makoko,2023-04-19,4.3
Makoko,2023-04-20,0.7
Makoko,2023-04-21,0.7
Makoko,2023-04-22,2.8
Makoko,2023-04-23,6.3
Makoko,2023-04-24,1.3
Makoko,2023-04-25,0.3
Makoko,2023-04-26,0.8
Makoko,2023-04-27,16.0
Makoko,2023-04-28,0.8
Makoko,2023-04-29,15.0
Makoko,2023-04-30,0.7
Makoko,2023-05-01,1.7
Makoko,2023-05-02,1.1
Makoko,2023-05-03,0.5
Makoko,2023-05-04,0.9
Makoko,2023-05-05,0.1
Makoko,2023-05-06,0.2
Makoko,2023-05-07,0.1
Makoko,2023-05-08,1.3
Makoko,2023-05-09,1.2
Makoko,2023-05-10,0.7
Makoko,2023-05-11,2.0
Makoko,2023-05-12,1.3
Makoko,2023-05-13,0.3
Makoko,2023-05-14,4.0
Makoko,2023-05-15,45.0
Makoko,2023-05-16,2.9
Makoko,2023-05-17,3.0
Makoko,2023-05-18,3.3
Makoko,2023-05-19,3.7
Makoko,2023-05-20,2.8
Makoko,2023-05-21,8.8
Makoko,2023-05-22,1.6
Makoko,2023-05-23,1.9
Makoko,2023-05-24,1.4
Makoko,2023-05-25,0.7
Makoko,2023-05-26,0.0
Makoko,2023-05-27,1.1
Makoko,2023-05-28,2.9
Makoko,2023-05-29,2.2
Makoko,2023-05-30,0.8
Makoko,2023-05-31,2.8
Makoko,2023-06-01,3.0
Makoko,2023-06-02,6.1
Makoko,2023-06-03,3.3
Makoko,2023-06-04,1.3
Makoko,2023-06-05,1.0
Makoko,2023-06-06,13.4
Makoko,2023-06-07,13.6
Makoko,2023-06-08,10.8
Makoko,2023-06-09,6.9
Makoko,2023-06-10,9.4
Makoko,2023-06-11,13.4
Makoko,2023-06-12,0.4
Makoko,2023-06-13,0.3
Makoko,2023-06-14,2.5
Makoko,2023-06-15,18.2
Makoko,2023-06-16,3.3
Makoko,2023-06-17,4.4
Makoko,2023-06-18,5.7
Makoko,2023-06-19,6.2
Makoko,2023-06-20,6.4
Makoko,2023-06-21,16.0
Makoko,2023-06-22,10.3
Makoko,2023-06-23,6.3
Makoko,2023-06-24,25.0
Makoko,2023-06-25,5.2
Makoko,2023-06-26,0.0
Makoko,2023-06-27,0.3
Makoko,2023-06-28,20.7
Makoko,2023-06-29,4.0
Makoko,2023-06-30,0.9
Makoko,2023-07-01,11.5
Makoko,2023-07-02,10.4
Makoko,2023-07-03,0.9
Makoko,2023-07-04,12.4
Makoko,2023-07-05,0.8
Makoko,2023-07-06,0.5
Makoko,2023-07-07,13.7
Makoko,2023-07-08,15.8
Makoko,2023-07-09,21.0
Makoko,2023-07-10,2.2
Makoko,2023-07-11,1.2
Makoko,2023-07-12,44.5
Makoko,2023-07-13,2.1
Makoko,2023-07-14,5.0
Makoko,2023-07-15,1.5
Makoko,2023-07-16,12.1
Makoko,2023-07-17,4.6
Makoko,2023-07-18,8.5
Makoko,2023-07-19,1.4
Makoko,2023-07-20,4.5
Makoko,2023-07-21,9.9
Makoko,2023-07-22,18.6
Makoko,2023-07-23,41.3
Makoko,2023-07-24,17.6
Makoko,2023-07-25,0.6
Makoko,2023-07-26,0.9
Makoko,2023-07-27,2.1
Makoko,2023-07-28,5.4
Makoko,2023-07-29,11.1
Makoko,2023-07-30,4.7
Makoko,2023-07-31,9.7
Makoko,2023-08-01,15.5
Makoko,2023-08-02,3.3
Makoko,2023-08-03,1.3
Makoko,2023-08-04,1.2
Makoko,2023-08-05,2.0
Makoko,2023-08-06,1.4
Makoko,2023-08-07,0.7
Makoko,2023-08-08,10.4
Makoko,2023-08-09,6.2
Makoko,2023-08-10,2.5
Makoko,2023-08-11,0.9
Makoko,2023-08-12,2.0
Makoko,2023-08-13,1.4
Makoko,2023-08-14,16.1
Makoko,2023-08-15,6.6
Makoko,2023-08-16,5.0
Makoko,2023-08-17,24.7
Makoko,2023-08-18,7.9
Makoko,2023-08-19,6.1
Makoko,2023-08-20,1.8
Makoko,2023-08-21,0.6
Makoko,2023-08-22,0.9
Makoko,2023-08-23,6.1
Makoko,2023-08-24,3.5
Makoko,2023-08-25,1.1
Makoko,2023-08-26,1.7
Makoko,2023-08-27,7.0
Makoko,2023-08-28,7.3
Makoko,2023-08-29,1.0
Makoko,2023-08-30,18.9
Makoko,2023-08-31,1.9
Makoko,2023-09-01,4.9
Makoko,2023-09-02,10.7
Makoko,2023-09-03,12.3
Makoko,2023-09-04,5.0
Makoko,2023-09-05,11.7
Makoko,2023-09-06,1.7
Makoko,2023-09-07,0.8
Makoko,2023-09-08,11.6
Makoko,2023-09-09,21.1
Makoko,2023-09-10,1.1
Makoko,2023-09-11,1.3
Makoko,2023-09-12,5.2
Makoko,2023-09-13,16.7
Makoko,2023-09-14,5.8
Makoko,2023-09-15,7.2
Makoko,2023-09-16,45.2
Makoko,2023-09-17,2.8
Makoko,2023-09-18,3.9
Makoko,2023-09-19,8.6
Makoko,2023-09-20,0.7
Makoko,2023-09-21,0.6
Makoko,2023-09-22,6.8
Makoko,2023-09-23,3.0
Makoko,2023-09-24,43.8
Makoko,2023-09-25,1.9
Makoko,2023-09-26,1.3
Makoko,2023-09-27,0.2
Makoko,2023-09-28,0.9
Makoko,2023-09-29,14.5
Makoko,2023-09-30,3.1
Makoko,2023-10-01,3.0
Makoko,2023-10-02,1.6
Makoko,2023-10-03,3.8
Makoko,2023-10-04,6.0
Makoko,2023-10-05,18.7
Makoko,2023-10-06,4.3
Makoko,2023-10-07,16.9
Makoko,2023-10-08,14.3
Makoko,2023-10-09,4.9
Makoko,2023-10-10,0.1
Makoko,2023-10-11,1.8
Makoko,2023-10-12,25.7
Makoko,2023-10-13,1.9
Makoko,2023-10-14,1.3
Makoko,2023-10-15,4.5
Makoko,2023-10-16,9.0
Makoko,2023-10-17,9.4
Makoko,2023-10-18,0.0
Makoko,2023-10-19,10.0
Makoko,2023-10-20,2.0
Makoko,2023-10-21,2.2
Makoko,2023-10-22,2.7
Makoko,2023-10-23,5.9
Makoko,2023-10-24,1.2
Makoko,2023-10-25,6.2
Makoko,2023-10-26,4.3
Makoko,2023-10-27,0.3
Makoko,2023-10-28,2.0
Makoko,2023-10-29,0.3
Makoko,2023-10-30,3.8
Makoko,2023-10-31,0.0
Makoko,2023-11-01,0.2
Makoko,2023-11-02,2.2
Makoko,2023-11-03,0.5
Makoko,2023-11-04,9.3
Makoko,2023-11-05,5.3
Makoko,2023-11-06,8.7
Makoko,2023-11-07,2.8
Makoko,2023-11-08,4.2
Makoko,2023-11-09,0.5
Makoko,2023-11-10,0.5
Makoko,2023-11-11,3.6
Makoko,2023-11-12,1.5
Makoko,2023-11-13,1.8
Makoko,2023-11-14,1.1
Makoko,2023-11-15,4.9
Makoko,2023-11-16,0.1
Makoko,2023-11-17,1.9
Makoko,2023-11-18,3.3
Makoko,2023-11-19,0.0
Makoko,2023-11-20,0.6
Makoko,2023-11-21,0.0
Makoko,2023-11-22,1.8
Makoko,2023-11-23,0.8
Makoko,2023-11-24,9.4
Makoko,2023-11-25,12.1
Makoko,2023-11-26,16.3
Makoko,2023-11-27,0.0
Makoko,2023-11-28,3.9
Makoko,2023-11-29,0.9
Makoko,2023-11-30,0.8
Makoko,2023-12-01,1.9
Makoko,2023-12-02,0.5
Makoko,2023-12-03,0.0
Makoko,2023-12-04,0.0
Makoko,2023-12-05,2.7
Makoko,2023-12-06,2.9
Makoko,2023-12-07,0.5
Makoko,2023-12-08,0.3
Makoko,2023-12-09,0.0
Makoko,2023-12-10,3.9
Makoko,2023-12-11,0.0
Makoko,2023-12-12,1.2
Makoko,2023-12-13,0.0
Makoko,2023-12-14,0.0
Makoko,2023-12-15,0.0
Makoko,2023-12-16,0.0
Makoko,2023-12-17,0.0
Makoko,2023-12-18,0.0
Makoko,2023-12-19,0.0
Makoko,2023-12-20,0.0
Makoko,2023-12-21,0.0
Makoko,2023-12-22,0.0
Makoko,2023-12-23,0.0
Makoko,2023-12-24,0.0
Makoko,2023-12-25,0.0
Makoko,2023-12-26,0.0
Makoko,2023-12-27,0.0
Makoko,2023-12-28,0.0
Makoko,2023-12-29,0.0
Makoko,2023-12-30,0.0
Makoko,2023-12-31,0.0
Makoko,2024-01-01,1.9
Makoko,2024-01-02,0.2
Makoko,2024-01-03,0.1
Makoko,2024-01-04,0.1
Makoko,2024-01-05,1.0
Makoko,2024-01-06,2.3
Makoko,2024-01-07,0.5
Makoko,2024-01-08,1.0
Makoko,2024-01-09,0.7
Makoko,2024-01-10,2.2
Makoko,2024-01-11,0.0
Makoko,2024-01-12,0.4
Makoko,2024-01-13,0.0
Makoko,2024-01-14,0.3
Makoko,2024-01-15,0.0
Makoko,2024-01-16,0.0
Makoko,2024-01-17,0.0
Makoko,2024-01-18,0.0
Makoko,2024-01-19,0.0
Makoko,2024-01-20,0.0
Makoko,2024-01-21,0.0
Makoko,2024-01-22,0.0
Makoko,2024-01-23,0.0
Makoko,2024-01-24,2.2
Makoko,2024-01-25,0.0
Makoko,2024-01-26,0.0
Makoko,2024-01-27,0.0
Makoko,2024-01-28,0.0
Makoko,2024-01-29,0.0
Makoko,2024-01-30,0.0
Makoko,2024-01-31,0.0
Makoko,2024-02-01,0.0
Makoko,2024-02-02,0.0
Makoko,2024-02-03,0.0
Makoko,2024-02-04,0.0
Makoko,2024-02-05,0.0
Makoko,2024-02-06,0.0
Makoko,2024-02-07,0.0
Makoko,2024-02-08,0.0
Makoko,2024-02-09,0.0
Makoko,2024-02-10,0.0
Makoko,2024-02-11,0.0
Makoko,2024-02-12,0.0
Makoko,2024-02-13,0.2
Makoko,2024-02-14,0.5
Makoko,2024-02-15,1.3
Makoko,2024-02-16,0.0
Makoko,2024-02-17,0.4
Makoko,2024-02-18,2.0
Makoko,2024-02-19,2.2
Makoko,2024-02-20,20.6
Makoko,2024-02-21,4.7
Makoko,2024-02-22,3.9
Makoko,2024-02-23,0.5
Makoko,2024-02-24,0.0
Makoko,2024-02-25,0.0
Makoko,2024-02-26,3.9
Makoko,2024-02-27,0.8
Makoko,2024-02-28,0.1
Makoko,2024-02-29,0.1
Makoko,2024-03-01,0.8
Makoko,2024-03-02,7.4
Makoko,2024-03-03,11.0
Makoko,2024-03-04,0.0
Makoko,2024-03-05,2.9
Makoko,2024-03-06,0.5
Makoko,2024-03-07,11.6
Makoko,2024-03-08,0.3
Makoko,2024-03-09,2.8
Makoko,2024-03-10,0.0
Makoko,2024-03-11,0.0
Makoko,2024-03-12,0.2
Makoko,2024-03-13,1.0
Makoko,2024-03-14,6.9
Makoko,2024-03-15,0.0
Makoko,2024-03-16,0.0
Makoko,2024-03-17,0.0
Makoko,2024-03-18,1.2
Makoko,2024-03-19,0.6
Makoko,2024-03-20,0.7
Makoko,2024-03-21,13.7
Makoko,2024-03-22,0.0
Makoko,2024-03-23,1.6
Makoko,2024-03-24,0.0
Makoko,2024-03-25,5.3
Makoko,2024-03-26,0.0
Makoko,2024-03-27,0.0
Makoko,2024-03-28,11.3
Makoko,2024-03-29,18.5
Makoko,2024-03-30,0.8
Makoko,2024-03-31,1.7
Makoko,2024-04-01,1.8
Makoko,2024-04-02,0.6
Makoko,2024-04-03,0.3
Makoko,2024-04-04,1.7
Makoko,2024-04-05,16.8
Makoko,2024-04-06,14.5
Makoko,2024-04-07,1.0
Makoko,2024-04-08,0.1
Makoko,2024-04-09,0.8
Makoko,2024-04-10,2.3
Makoko,2024-04-11,4.7
Makoko,2024-04-12,0.0
Makoko,2024-04-13,1.9
Makoko,2024-04-14,2.0
Makoko,2024-04-15,6.3
Makoko,2024-04-16,0.7
Makoko,2024-04-17,0.0
Makoko,2024-04-18,0.3
Makoko,2024-04-19,1.7
Makoko,2024-04-20,1.0
Makoko,2024-04-21,5.9
Makoko,2024-04-22,0.1
Makoko,2024-04-23,2.7
Makoko,2024-04-24,0.0
Makoko,2024-04-25,2.9
Makoko,2024-04-26,3.2
Makoko,2024-04-27,0.1
Makoko,2024-04-28,0.0
Makoko,2024-04-29,0.9
Makoko,2024-04-30,1.7
Makoko,2024-05-01,0.1
Makoko,2024-05-02,0.2
Makoko,2024-05-03,7.1
Makoko,2024-05-04,1.1
Makoko,2024-05-05,1.4
Makoko,2024-05-06,5.8
Makoko,2024-05-07,2.9
Makoko,2024-05-08,1.2
Makoko,2024-05-09,0.0
Makoko,2024-05-10,0.0
Makoko,2024-05-11,1.5
Makoko,2024-05-12,2.1
Makoko,2024-05-13,0.0
Makoko,2024-05-14,0.0
Makoko,2024-05-15,0.6
Makoko,2024-05-16,11.1
Makoko,2024-05-17,2.0
Makoko,2024-05-18,10.3
Makoko,2024-05-19,1.7
Makoko,2024-05-20,0.1
Makoko,2024-05-21,2.3
Makoko,2024-05-22,3.3
Makoko,2024-05-23,0.7
Makoko,2024-05-24,4.8
Makoko,2024-05-25,24.8
Makoko,2024-05-26,0.5
Makoko,2024-05-27,0.0
Makoko,2024-05-28,2.4
Makoko,2024-05-29,0.4
Makoko,2024-05-30,2.1
Makoko,2024-05-31,12.6
Makoko,2024-06-01,1.6
Makoko,2024-06-02,12.5
Makoko,2024-06-03,0.4
Makoko,2024-06-04,3.3
Makoko,2024-06-05,1.6
Makoko,2024-06-06,17.7
Makoko,2024-06-07,6.5
Makoko,2024-06-08,16.0
Makoko,2024-06-09,14.6
Makoko,2024-06-10,3.2
Makoko,2024-06-11,9.5
Makoko,2024-06-12,2.8
Makoko,2024-06-13,0.5
Makoko,2024-06-14,8.6
Makoko,2024-06-15,19.8
Makoko,2024-06-16,3.3
Makoko,2024-06-17,1.7
Makoko,2024-06-18,1.4
Makoko,2024-06-19,1.6
Makoko,2024-06-20,5.2
Makoko,2024-06-21,17.4
Makoko,2024-06-22,1.1
Makoko,2024-06-23,1.2
Makoko,2024-06-24,10.7
Makoko,2024-06-25,31.3
Makoko,2024-06-26,6.2
Makoko,2024-06-27,2.0
Makoko,2024-06-28,9.6
Makoko,2024-06-29,8.1
Makoko,2024-06-30,2.3
Makoko,2024-07-01,5.0
Makoko,2024-07-02,14.5
Makoko,2024-07-03,37.5
Makoko,2024-07-04,21.9
Makoko,2024-07-05,5.5
Makoko,2024-07-06,22.3
Makoko,2024-07-07,6.2
Makoko,2024-07-08,14.0
Makoko,2024-07-09,1.4
Makoko,2024-07-10,9.9
Makoko,2024-07-11,4.8
Makoko,2024-07-12,5.7
Makoko,2024-07-13,2.7
Makoko,2024-07-14,5.5
Makoko,2024-07-15,0.4
Makoko,2024-07-16,0.9
Makoko,2024-07-17,0.5
Makoko,2024-07-18,0.8
Makoko,2024-07-19,1.8
Makoko,2024-07-20,2.6
Makoko,2024-07-21,1.2
Makoko,2024-07-22,0.7
Makoko,2024-07-23,0.3
Makoko,2024-07-24,0.2
Makoko,2024-07-25,0.1
Makoko,2024-07-26,0.9
Makoko,2024-07-27,0.2
Makoko,2024-07-28,1.1
Makoko,2024-07-29,0.2
Makoko,2024-07-30,1.6
Makoko,2024-07-31,0.8
Makoko,2024-08-01,1.0
Makoko,2024-08-02,2.8
Makoko,2024-08-03,1.2
Makoko,2024-08-04,0.8
Makoko,2024-08-05,0.8
Makoko,2024-08-06,0.8
Makoko,2024-08-07,0.6
Makoko,2024-08-08,1.3
Makoko,2024-08-09,0.3
Makoko,2024-08-10,0.1
Makoko,2024-08-11,0.6
Makoko,2024-08-12,1.4
Makoko,2024-08-13,0.6
Makoko,2024-08-14,1.8
Makoko,2024-08-15,0.3
Makoko,2024-08-16,1.1
Makoko,2024-08-17,0.8
Makoko,2024-08-18,0.4
Makoko,2024-08-19,6.5
Makoko,2024-08-20,13.6
Makoko,2024-08-21,1.3
Makoko,2024-08-22,0.5
Makoko,2024-08-23,20.1
Makoko,2024-08-24,11.3
Makoko,2024-08-25,5.3
Makoko,2024-08-26,10.8
Makoko,2024-08-27,0.7
Makoko,2024-08-28,1.5
Makoko,2024-08-29,1.9
Makoko,2024-08-30,3.6
Makoko,2024-08-31,0.6
Makoko,2024-09-01,1.0
Makoko,2024-09-02,0.1
Makoko,2024-09-03,0.0
Makoko,2024-09-04,0.0
Makoko,2024-09-05,0.1
Makoko,2024-09-06,0.0
Makoko,2024-09-07,8.6
Makoko,2024-09-08,0.4
Makoko,2024-09-09,0.6
Makoko,2024-09-10,10.8
Makoko,2024-09-11,7.4
Makoko,2024-09-12,12.3
Makoko,2024-09-13,13.5
Makoko,2024-09-14,12.2
Makoko,2024-09-15,4.0
Makoko,2024-09-16,0.9
Makoko,2024-09-17,18.0
Makoko,2024-09-18,12.5
Makoko,2024-09-19,1.7
Makoko,2024-09-20,1.8
Makoko,2024-09-21,2.3
Makoko,2024-09-22,4.4
Makoko,2024-09-23,1.7
Makoko,2024-09-24,7.4
Makoko,2024-09-25,19.8
Makoko,2024-09-26,2.4
Makoko,2024-09-27,7.2
Makoko,2024-09-28,9.9
Makoko,2024-09-29,10.5
Makoko,2024-09-30,21.3
Makoko,2024-10-01,0.6
Makoko,2024-10-02,3.0
Makoko,2024-10-03,16.0
Makoko,2024-10-04,7.0
Makoko,2024-10-05,9.8
Makoko,2024-10-06,7.9
Makoko,2024-10-07,5.0
Makoko,2024-10-08,0.6
Makoko,2024-10-09,2.9
Makoko,2024-10-10,0.3
Makoko,2024-10-11,1.0
Makoko,2024-10-12,10.3
Makoko,2024-10-13,11.2
Makoko,2024-10-14,12.1
Makoko,2024-10-15,1.3
Makoko,2024-10-16,7.4
Makoko,2024-10-17,27.9
Makoko,2024-10-18,4.0
Makoko,2024-10-19,6.3
Makoko,2024-10-20,3.3
Makoko,2024-10-21,4.0
Makoko,2024-10-22,6.2
Makoko,2024-10-23,1.2
Makoko,2024-10-24,0.7
Makoko,2024-10-25,25.0
Makoko,2024-10-26,2.3
Makoko,2024-10-27,0.5
Makoko,2024-10-28,3.5
Makoko,2024-10-29,5.1
Makoko,2024-10-30,3.9
Makoko,2024-10-31,0.4
Makoko,2024-11-01,1.3
Makoko,2024-11-02,2.7
Makoko,2024-11-03,5.8
Makoko,2024-11-04,1.8
Makoko,2024-11-05,0.0
Makoko,2024-11-06,1.7
Makoko,2024-11-07,0.0
Makoko,2024-11-08,0.0
Makoko,2024-11-09,0.9
Makoko,2024-11-10,3.6
Makoko,2024-11-11,0.8
Makoko,2024-11-12,0.3
Makoko,2024-11-13,0.0
Makoko,2024-11-14,11.1
Makoko,2024-11-15,0.4
Makoko,2024-11-16,1.4
Makoko,2024-11-17,2.2
Makoko,2024-11-18,1.1
Makoko,2024-11-19,0.0
Makoko,2024-11-20,0.0
Makoko,2024-11-21,0.0
Makoko,2024-11-22,7.2
Makoko,2024-11-23,1.9
Makoko,2024-11-24,0.0
Makoko,2024-11-25,0.0
Makoko,2024-11-26,3.1
Makoko,2024-11-27,0.8
Makoko,2024-11-28,0.0
Makoko,2024-11-29,0.0
Makoko,2024-11-30,0.0
Makoko,2024-12-01,0.0
Makoko,2024-12-02,0.0
Makoko,2024-12-03,0.0
Makoko,2024-12-04,1.6
Makoko,2024-12-05,4.3
Makoko,2024-12-06,0.7
Makoko,2024-12-07,0.0
Makoko,2024-12-08,0.0
Makoko,2024-12-09,0.0
Makoko,2024-12-10,0.0
Makoko,2024-12-11,0.0
Makoko,2024-12-12,0.8
Makoko,2024-12-13,2.0
Makoko,2024-12-14,0.0
Makoko,2024-12-15,0.0
Makoko,2024-12-16,0.0
Makoko,2024-12-17,0.0
Makoko,2024-12-18,0.0
Makoko,2024-12-19,0.0
Makoko,2024-12-20,0.0
Makoko,2024-12-21,0.0
Makoko,2024-12-22,0.0
Makoko,2024-12-23,0.0
Makoko,2024-12-24,0.0
Makoko,2024-12-25,0.0
Makoko,2024-12-26,0.0
Makoko,2024-12-27,0.0
Makoko,2024-12-28,0.0
Makoko,2024-12-29,0.0
Makoko,2024-12-30,0.0
Makoko,2024-12-31,0.0
Makoko,2025-01-01,0.0
Makoko,2025-01-02,0.0
Makoko,2025-01-03,0.2
Makoko,2025-01-04,1.4
Makoko,2025-01-05,0.3
Makoko,2025-01-06,1.6
Makoko,2025-01-07,0.5
Makoko,2025-01-08,1.1
Makoko,2025-01-09,0.1
Makoko,2025-01-10,0.2
Makoko,2025-01-11,0.0
Makoko,2025-01-12,0.0
Makoko,2025-01-13,0.0
Makoko,2025-01-14,0.0
Makoko,2025-01-15,0.0
Makoko,2025-01-16,0.0
Makoko,2025-01-17,0.0
Makoko,2025-01-18,1.0
Makoko,2025-01-19,0.2
Makoko,2025-01-20,1.0
Makoko,2025-01-21,0.0
Makoko,2025-01-22,0.6
Makoko,2025-01-23,3.8
Makoko,2025-01-24,0.9
Makoko,2025-01-25,1.2
Makoko,2025-01-26,1.4
Makoko,2025-01-27,2.0
Makoko,2025-01-28,0.9
Makoko,2025-01-29,1.7
Makoko,2025-01-30,0.8
Makoko,2025-01-31,2.9
Makoko,2025-02-01,0.2
Makoko,2025-02-02,2.5
Makoko,2025-02-03,0.2
Makoko,2025-02-04,0.0
Makoko,2025-02-05,0.7
Makoko,2025-02-06,1.0
Makoko,2025-02-07,1.1
Makoko,2025-02-08,4.4
Makoko,2025-02-09,0.5
Makoko,2025-02-10,2.8
Makoko,2025-02-11,1.4
Makoko,2025-02-12,1.8
Makoko,2025-02-13,3.9
Makoko,2025-02-14,0.8
Makoko,2025-02-15,1.4
Makoko,2025-02-16,0.3
Makoko,2025-02-17,0.4
Makoko,2025-02-18,0.0
Makoko,2025-02-19,2.3
Makoko,2025-02-20,0.9
Makoko,2025-02-21,2.0
Makoko,2025-02-22,12.7
Makoko,2025-02-23,0.8
Makoko,2025-02-24,0.1
Makoko,2025-02-25,5.5
Makoko,2025-02-26,1.4
Makoko,2025-02-27,0.7
Makoko,2025-02-28,1.5
Makoko,2025-03-01,1.0
Makoko,2025-03-02,0.4
Makoko,2025-03-03,4.4
Makoko,2025-03-04,2.8
Makoko,2025-03-05,7.6
Makoko,2025-03-06,3.4
Makoko,2025-03-07,0.5
Makoko,2025-03-08,0.3
Makoko,2025-03-09,1.9
Makoko,2025-03-10,0.8
Makoko,2025-03-11,2.8
Makoko,2025-03-12,0.3
Makoko,2025-03-13,0.5
Makoko,2025-03-14,0.7
Makoko,2025-03-15,2.2
Makoko,2025-03-16,4.3
Makoko,2025-03-17,3.2
Makoko,2025-03-18,2.1
Makoko,2025-03-19,2.7
Makoko,2025-03-20,0.2
Makoko,2025-03-21,1.3
Makoko,2025-03-22,3.3
Makoko,2025-03-23,2.4
Makoko,2025-03-24,5.9
Makoko,2025-03-25,2.8
Makoko,2025-03-26,7.4
Makoko,2025-03-27,0.8
Makoko,2025-03-28,1.9
Makoko,2025-03-29,0.3
Makoko,2025-03-30,18.6
Makoko,2025-03-31,9.6
Makoko,2025-04-01,6.0
Makoko,2025-04-02,18.9
Makoko,2025-04-03,4.8
Makoko,2025-04-04,0.1
Makoko,2025-04-05,0.4
Makoko,2025-04-06,3.0
Makoko,2025-04-07,0.7
Makoko,2025-04-08,1.2
Makoko,2025-04-09,25.7
Makoko,2025-04-10,5.7
Makoko,2025-04-11,25.4
Makoko,2025-04-12,0.0
Makoko,2025-04-13,5.0
Makoko,2025-04-14,13.4
Makoko,2025-04-15,4.1
Makoko,2025-04-16,5.7
Makoko,2025-04-17,3.5
Makoko,2025-04-18,0.2
Makoko,2025-04-19,3.6
Makoko,2025-04-20,8.1
Makoko,2025-04-21,2.6
Makoko,2025-04-22,14.7
Makoko,2025-04-23,6.8
Makoko,2025-04-24,0.0
Makoko,2025-04-25,0.1
Makoko,2025-04-26,6.9
Makoko,2025-04-27,1.0
Makoko,2025-04-28,1.7
Makoko,2025-04-29,4.4
Makoko,2025-04-30,0.0
Makoko,2025-05-01,3.5
Makoko,2025-05-02,21.2
Makoko,2025-05-03,0.0
Makoko,2025-05-04,5.2
Makoko,2025-05-05,3.7
Makoko,2025-05-06,1.0
Makoko,2025-05-07,7.3
Makoko,2025-05-08,11.5
Makoko,2025-05-09,14.9
Makoko,2025-05-10,0.9
Makoko,2025-05-11,0.3
Makoko,2025-05-12,1.1
Makoko,2025-05-13,8.1
Makoko,2025-05-14,0.1
Makoko,2025-05-15,1.7
Makoko,2025-05-16,10.8
Makoko,2025-05-17,26.8
Makoko,2025-05-18,6.5
Makoko,2025-05-19,0.0
Makoko,2025-05-20,7.7
Makoko,2025-05-21,2.4
Makoko,2025-05-22,7.2
Makoko,2025-05-23,10.6
Makoko,2025-05-24,13.4
Makoko,2025-05-25,0.0
Makoko,2025-05-26,0.0
Makoko,2025-05-27,1.0
Makoko,2025-05-28,4.9
Makoko,2025-05-29,17.9
Makoko,2025-05-30,5.7
Makoko,2025-05-31,0.0
Makoko,2025-06-01,0.8
Makoko,2025-06-02,3.4
Makoko,2025-06-03,21.5
Makoko,2025-06-04,21.8
Makoko,2025-06-05,5.9
Makoko,2025-06-06,3.4
Makoko,2025-06-07,10.8
Makoko,2025-06-08,7.7
Makoko,2025-06-09,17.8
Makoko,2025-06-10,1.4
Makoko,2025-06-11,8.8
Makoko,2025-06-12,4.2
Makoko,2025-06-13,1.8
Makoko,2025-06-14,62.1
Makoko,2025-06-15,21.8
Makoko,2025-06-16,3.2
Makoko,2025-06-17,2.4
Makoko,2025-06-18,19.1
Makoko,2025-06-19,24.4
Makoko,2025-06-20,15.9
Makoko,2025-06-21,3.4
Makoko,2025-06-22,14.6
Makoko,2025-06-23,6.1
Makoko,2025-06-24,8.5
Makoko,2025-06-25,3.3
Makoko,2025-06-26,9.0
Makoko,2025-06-27,3.4
Makoko,2025-06-28,2.8
Makoko,2025-06-29,12.0
Makoko,2025-06-30,13.5
Makoko,2025-07-01,9.5
Makoko,2025-07-02,3.0
Makoko,2025-07-03,14.0
Makoko,2025-07-04,10.2
Makoko,2025-07-05,5.6
Makoko,2025-07-06,11.2
Makoko,2025-07-07,16.0
Makoko,2025-07-08,8.8
Makoko,2025-07-09,4.7
Makoko,2025-07-10,1.1
Makoko,2025-07-11,2.4
Makoko,2025-07-12,1.6
Makoko,2025-07-13,0.8
Makoko,2025-07-14,0.0
Makoko,2025-07-15,0.1
Makoko,2025-07-16,1.8
Makoko,2025-07-17,2.8
Makoko,2025-07-18,0.2
Makoko,2025-07-19,0.3
Makoko,2025-07-20,1.0
Makoko,2025-07-21,0.7
Makoko,2025-07-22,1.7
Makoko,2025-07-23,3.3
Makoko,2025-07-24,0.7
Makoko,2025-07-25,0.3
Makoko,2025-07-26,0.2
Makoko,2025-07-27,1.3
Makoko,2025-07-28,0.0
Makoko,2025-07-29,0.2
Makoko,2025-07-30,0.2
Makoko,2025-07-31,2.7
Makoko,2025-08-01,3.7
Makoko,2025-08-02,1.8
Makoko,2025-08-03,11.2
Makoko,2025-08-04,33.1
Makoko,2025-08-05,3.1
Makoko,2025-08-06,4.3
Makoko,2025-08-07,1.5
Makoko,2025-08-08,2.7
Makoko,2025-08-09,3.4
Makoko,2025-08-10,0.7
Makoko,2025-08-11,0.2
Makoko,2025-08-12,0.7
Makoko,2025-08-13,1.4
Makoko,2025-08-14,0.7
Makoko,2025-08-15,1.6
Makoko,2025-08-16,3.1
Makoko,2025-08-17,1.7
Makoko,2025-08-18,1.3
Makoko,2025-08-19,0.9
Makoko,2025-08-20,0.6
Makoko,2025-08-21,5.4
Makoko,2025-08-22,3.5
Makoko,2025-08-23,1.2
Makoko,2025-08-24,0.6
Makoko,2025-08-25,0.2
Makoko,2025-08-26,0.3
Makoko,2025-08-27,1.2
Makoko,2025-08-28,0.9
Makoko,2025-08-29,0.6
Makoko,2025-08-30,13.6
Makoko,2025-08-31,0.8
Makoko,2025-09-01,0.2
Makoko,2025-09-02,0.2
Makoko,2025-09-03,1.5
Makoko,2025-09-04,0.5
Makoko,2025-09-05,1.0
Makoko,2025-09-06,0.9
Makoko,2025-09-07,0.5
Makoko,2025-09-08,8.4
Makoko,2025-09-09,9.3
Makoko,2025-09-10,1.9
Makoko,2025-09-11,3.4
Makoko,2025-09-12,8.9
Makoko,2025-09-13,9.2
Makoko,2025-09-14,7.4
Makoko,2025-09-15,24.1
Makoko,2025-09-16,40.0
Makoko,2025-09-17,10.7
Makoko,2025-09-18,4.5
Makoko,2025-09-19,2.2
Makoko,2025-09-20,1.0
Makoko,2025-09-21,3.4
Makoko,2025-09-22,6.4
Makoko,2025-09-23,11.2
Makoko,2025-09-24,19.6
Makoko,2025-09-25,8.4
Makoko,2025-09-26,1.5
Makoko,2025-09-27,1.4
Makoko,2025-09-28,17.5
Makoko,2025-09-29,12.7
Makoko,2025-09-30,7.0
Makoko,2025-10-01,6.6
Makoko,2025-10-02,3.6
Makoko,2025-10-03,2.6
Makoko,2025-10-04,1.6
Makoko,2025-10-05,20.4
Makoko,2025-10-06,10.2
Makoko,2025-10-07,18.1
Makoko,2025-10-08,4.0
Makoko,2025-10-09,0.8
Makoko,2025-10-10,17.4
Makoko,2025-10-11,3.0
Makoko,2025-10-12,1.4
Makoko,2025-10-13,12.3
Makoko,2025-10-14,1.7
Makoko,2025-10-15,2.8
Makoko,2025-10-16,13.0
Makoko,2025-10-17,1.9
Makoko,2025-10-18,9.7
Makoko,2025-10-19,4.2
Makoko,2025-10-20,0.6
Makoko,2025-10-21,0.1
Makoko,2025-10-22,2.6
Makoko,2025-10-23,2.2
Makoko,2025-10-24,6.0
Makoko,2025-10-25,0.4
Makoko,2025-10-26,3.9
Makoko,2025-10-27,2.9
Makoko,2025-10-28,15.1
Makoko,2025-10-29,0.2
Makoko,2025-10-30,3.4
Makoko,2025-10-31,19.3
Makoko,2025-11-01,3.8
Makoko,2025-11-02,2.1
Makoko,2025-11-03,4.7
Makoko,2025-11-04,3.4
Makoko,2025-11-05,8.9
Makoko,2025-11-06,5.5
Makoko,2025-11-07,6.7
Makoko,2025-11-08,0.6
Makoko,2025-11-09,0.9
Makoko,2025-11-10,0.4
Makoko,2025-11-11,3.0
Makoko,2025-11-12,1.1
Makoko,2025-11-13,2.4
Makoko,2025-11-14,0.2
Makoko,2025-11-15,0.1
Makoko,2025-11-16,1.2
Makoko,2025-11-17,1.4
Makoko,2025-11-18,1.3
Makoko,2025-11-19,1.0
Makoko,2025-11-20,0.4
Makoko,2025-11-21,1.9
Makoko,2025-11-22,3.2
Makoko,2025-11-23,1.4
Makoko,2025-11-24,0.1
Makoko,2025-11-25,0.5
Makoko,2025-11-26,2.0
Makoko,2025-11-27,2.8
Makoko,2025-11-28,3.0
Makoko,2025-11-29,1.8
Makoko,2025-11-30,3.2
Makoko,2025-12-01,1.3
Makoko,2025-12-02,1.3
Makoko,2025-12-03,7.6
Makoko,2025-12-04,0.9
Makoko,2025-12-05,1.1
Makoko,2025-12-06,1.6
Makoko,2025-12-07,4.3
Makoko,2025-12-08,2.1
Makoko,2025-12-09,1.5
Makoko,2025-12-10,0.4
Makoko,2025-12-11,14.2
Makoko,2025-12-12,1.2
Makoko,2025-12-13,4.9
Makoko,2025-12-14,3.2
Makoko,2025-12-15,2.5
Makoko,2025-12-16,1.5
Makoko,2025-12-17,1.1
Makoko,2025-12-18,0.3
Makoko,2025-12-19,2.6
Makoko,2025-12-20,0.6
Makoko,2025-12-21,1.2
Makoko,2025-12-22,1.3
Makoko,2025-12-23,1.5
Makoko,2025-12-24,0.5
Makoko,2025-12-25,2.6
Makoko,2025-12-26,0.8
Makoko,2025-12-27,4.6
Makoko,2025-12-28,0.9
Makoko,2025-12-29,2.8
Makoko,2025-12-30,1.2
Makoko,2025-12-31,0.2
Makoko,2026-01-01,3.2
Makoko,2026-01-02,1.7
Makoko,2026-01-03,0.1
Makoko,2026-01-04,0.5
Makoko,2026-01-05,0.0
Makoko,2026-01-06,0.3
Makoko,2026-01-07,0.5
Makoko,2026-01-08,3.9
Makoko,2026-01-09,0.4
Makoko,2026-01-10,2.9
Makoko,2026-01-11,2.4
Makoko,2026-01-12,3.0
Makoko,2026-01-13,0.0
Makoko,2026-01-14,0.0
Makoko,2026-01-15,1.6
Makoko,2026-01-16,0.3
Makoko,2026-01-17,1.4
Makoko,2026-01-18,4.1
Makoko,2026-01-19,3.0
Makoko,2026-01-20,1.5
Makoko,2026-01-21,0.1
Makoko,2026-01-22,1.4
Makoko,2026-01-23,0.0
Makoko,2026-01-24,0.0
Makoko,2026-01-25,0.0
Makoko,2026-01-26,0.0
Makoko,2026-01-27,0.0
Makoko,2026-01-28,2.6
Makoko,2026-01-29,3.2
Makoko,2026-01-30,6.6
Makoko,2026-01-31,2.1
Makoko,2026-02-01,1.7
Makoko,2026-02-02,6.1
Makoko,2026-02-03,0.2
Makoko,2026-02-04,0.0
Makoko,2026-02-05,0.0
Makoko,2026-02-06,1.9
Makoko,2026-02-07,2.1
Makoko,2026-02-08,1.9
Makoko,2026-02-09,1.3
Makoko,2026-02-10,3.6
Makoko,2026-02-11,0.0
Makoko,2026-02-12,1.4
Makoko,2026-02-13,1.5
Makoko,2026-02-14,20.8
Makoko,2026-02-15,0.0
Makoko,2026-02-16,0.9
Makoko,2026-02-17,3.3
Makoko,2026-02-18,0.0
Makoko,2026-02-19,0.7
Makoko,2026-02-20,1.0
Makoko,2026-02-21,0.2
Makoko,2026-02-22,0.0
Makoko,2026-02-23,2.6
Makoko,2026-02-24,3.8
Makoko,2026-02-25,0.5
Makoko,2026-02-26,2.2
Makoko,2026-02-27,3.6
Makoko,2026-02-28,0.2
Makoko,2026-03-01,0.2
Makoko,2026-03-02,2.8
Makoko,2026-03-03,2.5
Makoko,2026-03-04,5.6
Makoko,2026-03-05,1.9
Makoko,2026-03-06,1.7
Makoko,2026-03-07,0.6
Makoko,2026-03-08,4.0
Makoko,2026-03-09,0.9
Makoko,2026-03-10,2.0
Makoko,2026-03-11,1.5
Makoko,2026-03-12,0.0
Makoko,2026-03-13,1.4
Makoko,2026-03-14,2.9
Makoko,2026-03-15,0.0
Makoko,2026-03-16,0.8
Makoko,2026-03-17,2.6
Makoko,2026-03-18,0.3
Makoko,2026-03-19,0.0
Makoko,2026-03-20,0.2
Makoko,2026-03-21,3.6
Makoko,2026-03-22,5.2
Makoko,2026-03-23,4.0
Makoko,2026-03-24,4.6
Makoko,2026-03-25,0.1
Makoko,2026-03-26,0.0
Makoko,2026-03-27,0.4
Makoko,2026-03-28,7.7
Makoko,2026-03-29,1.6
Makoko,2026-03-30,0.0
Makoko,2026-03-31,1.0
Makoko,2026-04-01,0.0
Makoko,2026-04-02,6.3
Makoko,2026-04-03,1.4
Makoko,2026-04-04,0.0
Makoko,2026-04-05,4.9
Makoko,2026-04-06,1.2
Makoko,2026-04-07,0.0
Makoko,2026-04-08,2.7
Makoko,2026-04-09,2.8
Makoko,2026-04-10,0.0
Makoko,2026-04-11,0.0
Makoko,2026-04-12,0.0
Makoko,2026-04-13,10.9
Makoko,2026-04-14,3.2
Makoko,2026-04-15,6.5
Makoko,2026-04-16,0.3
Makoko,2026-04-17,0.4
Makoko,2026-04-18,0.0
Makoko,2026-04-19,7.5
Makoko,2026-04-20,1.1
Makoko,2026-04-21,2.3
Makoko,2026-04-22,1.6
Makoko,2026-04-23,0.4
Makoko,2026-04-24,1.8
Makoko,2026-04-25,6.4
Makoko,2026-04-26,26.6
Makoko,2026-04-27,0.0
Makoko,2026-04-28,8.5
Makoko,2026-04-29,2.0
Makoko,2026-04-30,6.2
Makoko,2026-05-01,0.0
Makoko,2026-05-02,2.0
Makoko,2026-05-03,4.4
Makoko,2026-05-04,6.7
Makoko,2026-05-05,1.8
Makoko,2026-05-06,7.2
Makoko,2026-05-07,0.7
Makoko,2026-05-08,10.8
Makoko,2026-05-09,11.0
Makoko,2026-05-10,2.3
Makoko,2026-05-11,3.2
Makoko,2026-05-12,0.4
Makoko,2026-05-13,1.7
Makoko,2026-05-14,11.9
Makoko,2026-05-15,6.3
Makoko,2026-05-16,1.7
Makoko,2026-05-17,13.6
Makoko,2026-05-18,5.1
Makoko,2026-05-19,8.1
Makoko,2026-05-20,3.2
Makoko,2026-05-21,11.4
Makoko,2026-05-22,22.9
Makoko,2026-05-23,9.2
Makoko,2026-05-24,10.4
Makoko,2026-05-25,10.5
Makoko,2026-05-26,5.2
Makoko,2026-05-27,1.1
Makoko,2026-05-28,6.9
Makoko,2026-05-29,1.7
Makoko,2026-05-30,13.0
Makoko,2026-05-31,0.8
Makoko,2026-06-01,12.9
Makoko,2026-06-02,9.2
Makoko,2026-06-03,12.8
Makoko,2026-06-04,13.4
Makoko,2026-06-05,9.1
Makoko,2026-06-06,16.3
Makoko,2026-06-07,5.0
Makoko,2026-06-08,19.1
Makoko,2026-06-09,12.6
Makoko,2026-06-10,6.5
Makoko,2026-06-11,0.5
Makoko,2026-06-12,10.3
Makoko,2026-06-13,4.7
Makoko,2026-06-14,4.4
Makoko,2026-06-15,13.4
Makoko,2026-06-16,6.2
Makoko,2026-06-17,4.5
Makoko,2026-06-18,3.3
Makoko,2026-06-19,4.6
Makoko,2026-06-20,18.5
Makoko,2026-06-21,39.0
Makoko,2026-06-22,0.2
Makoko,2026-06-23,1.8
Makoko,2026-06-24,16.6
Makoko,2026-06-25,4.0
Makoko,2026-06-26,9.2
Makoko,2026-06-27,3.7
Makoko,2026-06-28,14.4
Makoko,2026-06-29,24.3
Makoko,2026-06-30,31.4
Makoko,2026-07-01,3.3
Makoko,2026-07-02,10.0
Makoko,2026-07-03,3.2
Makoko,2026-07-04,3.6
Makoko,2026-07-05,5.7
Makoko,2026-07-06,5.3
Makoko,2026-07-07,6.6
Makoko,2026-07-08,7.7
Makoko,2026-07-09,9.1
Makoko,2026-07-10,59.1
Makoko,2026-07-11,8.9
Makoko,2026-07-12,6.0
Makoko,2026-07-13,22.8
Makoko,2026-07-14,10.4
Makoko,2026-07-15,7.1
Makoko,2026-07-16,15.1
Makoko,2026-07-17,0.8
Makoko,2026-07-18,0.0
Makoko,2026-07-19,1.2
Makoko,2026-07-20,3.1
Makoko,2026-07-21,0.6
Makoko,2026-07-22,3.1
Makoko,2026-07-23,4.8
Makoko,2026-07-24,3.7
Makoko,2026-07-25,0.4
Makoko,2026-07-26,1.4
Makoko,2026-07-27,15.5
Makoko,2026-07-28,6.3
Makoko,2026-07-29,16.8
Makoko,2026-07-30,4.5
Makoko,2026-07-31,0.9
Makoko,2026-08-01,2.3
Makoko,2026-08-02,5.7
Makoko,2026-08-03,2.2
Makoko,2026-08-04,1.8
Makoko,2026-08-05,4.4
Makoko,2026-08-06,7.1
Makoko,2026-08-07,4.4
Makoko,2026-08-08,0.2
Makoko,2026-08-09,0.1
Makoko,2026-08-10,0.5
Makoko,2026-08-11,0.4
Makoko,2026-08-12,0.1
Makoko,2026-08-13,6.2
Makoko,2026-08-14,0.7
Makoko,2026-08-15,0.3
Makoko,2026-08-16,3.4
Makoko,2026-08-17,0.5
Makoko,2026-08-18,1.8
Makoko,2026-08-19,5.5
Makoko,2026-08-20,1.0
Makoko,2026-08-21,3.6
Makoko,2026-08-22,9.4
Makoko,2026-08-23,6.3
Makoko,2026-08-24,4.6
Makoko,2026-08-25,0.1
Makoko,2026-08-26,2.7
Makoko,2026-08-27,8.5
Makoko,2026-08-28,22.6
Makoko,2026-08-29,11.0
Makoko,2026-08-30,12.3
Makoko,2026-08-31,1.0
Makoko,2026-09-01,0.1
Iwaya,2019-01-01,0.0
Iwaya,2019-01-02,0.0
Iwaya,2019-01-03,0.0
Iwaya,2019-01-04,0.0
Iwaya,2019-01-05,0.0
Iwaya,2019-01-06,0.0
Iwaya,2019-01-07,0.0
Iwaya,2019-01-08,0.0
Iwaya,2019-01-09,0.0
Iwaya,2019-01-10,0.0
Iwaya,2019-01-11,0.1
Iwaya,2019-01-12,0.0
Iwaya,2019-01-13,0.4
Iwaya,2019-01-14,1.2
Iwaya,2019-01-15,1.3
Iwaya,2019-01-16,1.6
Iwaya,2019-01-17,1.7
Iwaya,2019-01-18,1.2
Iwaya,2019-01-19,1.3
Iwaya,2019-01-20,0.4
Iwaya,2019-01-21,4.9
Iwaya,2019-01-22,0.4
Iwaya,2019-01-23,1.0
Iwaya,2019-01-24,13.1
Iwaya,2019-01-25,0.0
Iwaya,2019-01-26,0.9
Iwaya,2019-01-27,4.9
Iwaya,2019-01-28,7.4
Iwaya,2019-01-29,2.6
Iwaya,2019-01-30,8.2
Iwaya,2019-01-31,0.6
Iwaya,2019-02-01,0.4
Iwaya,2019-02-02,9.7
Iwaya,2019-02-03,2.6
Iwaya,2019-02-04,1.7
Iwaya,2019-02-05,0.8
Iwaya,2019-02-06,1.2
Iwaya,2019-02-07,1.7
Iwaya,2019-02-08,4.6
Iwaya,2019-02-09,0.1
Iwaya,2019-02-10,0.0
Iwaya,2019-02-11,0.0
Iwaya,2019-02-12,0.0
Iwaya,2019-02-13,0.0
Iwaya,2019-02-14,0.2
Iwaya,2019-02-15,1.0
Iwaya,2019-02-16,0.0
Iwaya,2019-02-17,0.6
Iwaya,2019-02-18,0.5
Iwaya,2019-02-19,1.4
Iwaya,2019-02-20,1.9
Iwaya,2019-02-21,1.3
Iwaya,2019-02-22,1.9
Iwaya,2019-02-23,0.9
Iwaya,2019-02-24,11.1
Iwaya,2019-02-25,2.2
Iwaya,2019-02-26,13.9
Iwaya,2019-02-27,0.9
Iwaya,2019-02-28,3.6
Iwaya,2019-03-01,3.5
Iwaya,2019-03-02,0.6
Iwaya,2019-03-03,0.2
Iwaya,2019-03-04,1.8
Iwaya,2019-03-05,0.9
Iwaya,2019-03-06,6.4
Iwaya,2019-03-07,0.5
Iwaya,2019-03-08,0.2
Iwaya,2019-03-09,3.3
Iwaya,2019-03-10,5.6
Iwaya,2019-03-11,1.3
Iwaya,2019-03-12,0.7
Iwaya,2019-03-13,0.3
Iwaya,2019-03-14,1.1
Iwaya,2019-03-15,0.7
Iwaya,2019-03-16,3.3
Iwaya,2019-03-17,0.4
Iwaya,2019-03-18,0.1
Iwaya,2019-03-19,0.3
Iwaya,2019-03-20,1.8
Iwaya,2019-03-21,5.0
Iwaya,2019-03-22,3.8
Iwaya,2019-03-23,1.2
Iwaya,2019-03-24,1.1
Iwaya,2019-03-25,1.6
Iwaya,2019-03-26,0.0
Iwaya,2019-03-27,0.7
Iwaya,2019-03-28,0.8
Iwaya,2019-03-29,2.1
Iwaya,2019-03-30,2.4
Iwaya,2019-03-31,1.6
Iwaya,2019-04-01,0.0
Iwaya,2019-04-02,0.3
Iwaya,2019-04-03,0.3
Iwaya,2019-04-04,1.5
Iwaya,2019-04-05,3.7
Iwaya,2019-04-06,0.8
Iwaya,2019-04-07,14.0
Iwaya,2019-04-08,1.4
Iwaya,2019-04-09,0.0
Iwaya,2019-04-10,4.5
Iwaya,2019-04-11,13.6
Iwaya,2019-04-12,0.8
Iwaya,2019-04-13,1.2
Iwaya,2019-04-14,2.3
Iwaya,2019-04-15,0.0
Iwaya,2019-04-16,0.0
Iwaya,2019-04-17,0.6
Iwaya,2019-04-18,0.7
Iwaya,2019-04-19,0.8
Iwaya,2019-04-20,0.2
Iwaya,2019-04-21,0.8
Iwaya,2019-04-22,1.0
Iwaya,2019-04-23,11.5
Iwaya,2019-04-24,3.3
Iwaya,2019-04-25,7.5
Iwaya,2019-04-26,1.4
Iwaya,2019-04-27,2.4
Iwaya,2019-04-28,1.0
Iwaya,2019-04-29,3.8
Iwaya,2019-04-30,4.3
Iwaya,2019-05-01,3.3
Iwaya,2019-05-02,5.2
Iwaya,2019-05-03,4.6
Iwaya,2019-05-04,0.8
Iwaya,2019-05-05,0.5
Iwaya,2019-05-06,0.3
Iwaya,2019-05-07,1.6
Iwaya,2019-05-08,0.2
Iwaya,2019-05-09,0.1
Iwaya,2019-05-10,0.5
Iwaya,2019-05-11,1.2
Iwaya,2019-05-12,0.0
Iwaya,2019-05-13,0.5
Iwaya,2019-05-14,1.5
Iwaya,2019-05-15,14.8
Iwaya,2019-05-16,0.2
Iwaya,2019-05-17,0.0
Iwaya,2019-05-18,0.3
Iwaya,2019-05-19,0.0
Iwaya,2019-05-20,6.0
Iwaya,2019-05-21,1.2
Iwaya,2019-05-22,1.4
Iwaya,2019-05-23,1.3
Iwaya,2019-05-24,5.4
Iwaya,2019-05-25,2.5
Iwaya,2019-05-26,5.4
Iwaya,2019-05-27,10.3
Iwaya,2019-05-28,1.9
Iwaya,2019-05-29,2.7
Iwaya,2019-05-30,13.8
Iwaya,2019-05-31,64.9
Iwaya,2019-06-01,13.3
Iwaya,2019-06-02,1.9
Iwaya,2019-06-03,1.4
Iwaya,2019-06-04,5.5
Iwaya,2019-06-05,2.4
Iwaya,2019-06-06,3.6
Iwaya,2019-06-07,9.0
Iwaya,2019-06-08,2.2
Iwaya,2019-06-09,2.8
Iwaya,2019-06-10,10.8
Iwaya,2019-06-11,5.1
Iwaya,2019-06-12,0.9
Iwaya,2019-06-13,5.5
Iwaya,2019-06-14,8.5
Iwaya,2019-06-15,16.4
Iwaya,2019-06-16,1.1
Iwaya,2019-06-17,1.2
Iwaya,2019-06-18,1.7
Iwaya,2019-06-19,1.1
Iwaya,2019-06-20,3.2
Iwaya,2019-06-21,5.8
Iwaya,2019-06-22,2.3
Iwaya,2019-06-23,3.6
Iwaya,2019-06-24,4.2
Iwaya,2019-06-25,6.9
Iwaya,2019-06-26,9.2
Iwaya,2019-06-27,3.0
Iwaya,2019-06-28,9.1
Iwaya,2019-06-29,1.2
Iwaya,2019-06-30,2.4
Iwaya,2019-07-01,2.2
Iwaya,2019-07-02,0.6
Iwaya,2019-07-03,2.5
Iwaya,2019-07-04,6.3
Iwaya,2019-07-05,4.5
Iwaya,2019-07-06,2.9
Iwaya,2019-07-07,2.1
Iwaya,2019-07-08,3.8
Iwaya,2019-07-09,1.6
Iwaya,2019-07-10,2.0
Iwaya,2019-07-11,9.1
Iwaya,2019-07-12,40.6
Iwaya,2019-07-13,1.2
Iwaya,2019-07-14,2.3
Iwaya,2019-07-15,8.9
Iwaya,2019-07-16,6.8
Iwaya,2019-07-17,1.2
Iwaya,2019-07-18,1.1
Iwaya,2019-07-19,3.6
Iwaya,2019-07-20,11.0
Iwaya,2019-07-21,2.3
Iwaya,2019-07-22,1.5
Iwaya,2019-07-23,2.0
Iwaya,2019-07-24,1.5
Iwaya,2019-07-25,3.4
Iwaya,2019-07-26,8.7
Iwaya,2019-07-27,7.6
Iwaya,2019-07-28,4.1
Iwaya,2019-07-29,2.5
Iwaya,2019-07-30,1.2
Iwaya,2019-07-31,1.2
Iwaya,2019-08-01,1.7
Iwaya,2019-08-02,0.6
Iwaya,2019-08-03,1.2
Iwaya,2019-08-04,1.9
Iwaya,2019-08-05,0.8
Iwaya,2019-08-06,0.7
Iwaya,2019-08-07,0.7
Iwaya,2019-08-08,1.2
Iwaya,2019-08-09,2.1
Iwaya,2019-08-10,1.6
Iwaya,2019-08-11,0.9
Iwaya,2019-08-12,1.5
Iwaya,2019-08-13,1.8
Iwaya,2019-08-14,3.2
Iwaya,2019-08-15,3.4
Iwaya,2019-08-16,1.0
Iwaya,2019-08-17,2.7
Iwaya,2019-08-18,1.1
Iwaya,2019-08-19,1.6
Iwaya,2019-08-20,1.2
Iwaya,2019-08-21,1.6
Iwaya,2019-08-22,1.8
Iwaya,2019-08-23,7.0
Iwaya,2019-08-24,1.8
Iwaya,2019-08-25,6.4
Iwaya,2019-08-26,6.1
Iwaya,2019-08-27,1.6
Iwaya,2019-08-28,3.4
Iwaya,2019-08-29,1.3
Iwaya,2019-08-30,1.6
Iwaya,2019-08-31,9.2
Iwaya,2019-09-01,8.8
Iwaya,2019-09-02,9.2
Iwaya,2019-09-03,2.1
Iwaya,2019-09-04,15.7
Iwaya,2019-09-05,1.5
Iwaya,2019-09-06,12.8
Iwaya,2019-09-07,2.3
Iwaya,2019-09-08,3.2
Iwaya,2019-09-09,9.5
Iwaya,2019-09-10,10.9
Iwaya,2019-09-11,14.3
Iwaya,2019-09-12,3.9
Iwaya,2019-09-13,0.9
Iwaya,2019-09-14,2.4
Iwaya,2019-09-15,2.8
Iwaya,2019-09-16,1.8
Iwaya,2019-09-17,5.9
Iwaya,2019-09-18,27.7
Iwaya,2019-09-19,75.8
Iwaya,2019-09-20,3.6
Iwaya,2019-09-21,0.4
Iwaya,2019-09-22,2.1
Iwaya,2019-09-23,1.4
Iwaya,2019-09-24,1.2
Iwaya,2019-09-25,1.2
Iwaya,2019-09-26,1.5
Iwaya,2019-09-27,7.7
Iwaya,2019-09-28,4.7
Iwaya,2019-09-29,10.2
Iwaya,2019-09-30,8.1
Iwaya,2019-10-01,23.8
Iwaya,2019-10-02,6.3
Iwaya,2019-10-03,2.0
Iwaya,2019-10-04,19.9
Iwaya,2019-10-05,43.7
Iwaya,2019-10-06,14.3
Iwaya,2019-10-07,7.3
Iwaya,2019-10-08,10.5
Iwaya,2019-10-09,12.7
Iwaya,2019-10-10,2.3
Iwaya,2019-10-11,8.5
Iwaya,2019-10-12,33.2
Iwaya,2019-10-13,4.9
Iwaya,2019-10-14,2.9
Iwaya,2019-10-15,7.0
Iwaya,2019-10-16,4.7
Iwaya,2019-10-17,13.3
Iwaya,2019-10-18,9.2
Iwaya,2019-10-19,24.7
Iwaya,2019-10-20,23.7
Iwaya,2019-10-21,1.3
Iwaya,2019-10-22,10.5
Iwaya,2019-10-23,5.9
Iwaya,2019-10-24,13.9
Iwaya,2019-10-25,15.2
Iwaya,2019-10-26,10.3
Iwaya,2019-10-27,9.6
Iwaya,2019-10-28,10.8
Iwaya,2019-10-29,3.1
Iwaya,2019-10-30,2.4
Iwaya,2019-10-31,0.6
Iwaya,2019-11-01,0.2
Iwaya,2019-11-02,2.8
Iwaya,2019-11-03,8.1
Iwaya,2019-11-04,0.8
Iwaya,2019-11-05,3.0
Iwaya,2019-11-06,2.0
Iwaya,2019-11-07,1.1
Iwaya,2019-11-08,0.8
Iwaya,2019-11-09,0.5
Iwaya,2019-11-10,16.4
Iwaya,2019-11-11,1.3
Iwaya,2019-11-12,1.3
Iwaya,2019-11-13,1.0
Iwaya,2019-11-14,0.1
Iwaya,2019-11-15,1.3
Iwaya,2019-11-16,0.6
Iwaya,2019-11-17,1.0
Iwaya,2019-11-18,1.4
Iwaya,2019-11-19,0.4
Iwaya,2019-11-20,0.4
Iwaya,2019-11-21,1.7
Iwaya,2019-11-22,0.5
Iwaya,2019-11-23,0.2
Iwaya,2019-11-24,1.9
Iwaya,2019-11-25,0.3
Iwaya,2019-11-26,1.2
Iwaya,2019-11-27,0.6
Iwaya,2019-11-28,3.1
Iwaya,2019-11-29,0.1
Iwaya,2019-11-30,0.0
Iwaya,2019-12-01,0.0
Iwaya,2019-12-02,1.1
Iwaya,2019-12-03,1.0
Iwaya,2019-12-04,0.9
Iwaya,2019-12-05,1.4
Iwaya,2019-12-06,1.5
Iwaya,2019-12-07,0.1
Iwaya,2019-12-08,0.7
Iwaya,2019-12-09,1.0
Iwaya,2019-12-10,1.1
Iwaya,2019-12-11,1.0
Iwaya,2019-12-12,0.2
Iwaya,2019-12-13,0.0
Iwaya,2019-12-14,0.1
Iwaya,2019-12-15,0.6
Iwaya,2019-12-16,0.0
Iwaya,2019-12-17,0.0
Iwaya,2019-12-18,0.0
Iwaya,2019-12-19,0.0
Iwaya,2019-12-20,0.0
Iwaya,2019-12-21,0.9
Iwaya,2019-12-22,0.0
Iwaya,2019-12-23,0.0
Iwaya,2019-12-24,0.0
Iwaya,2019-12-25,0.0
Iwaya,2019-12-26,0.0
Iwaya,2019-12-27,0.0
Iwaya,2019-12-28,0.0
Iwaya,2019-12-29,0.0
Iwaya,2019-12-30,0.0
Iwaya,2019-12-31,0.0
Iwaya,2020-01-01,0.0
Iwaya,2020-01-02,0.0
Iwaya,2020-01-03,0.0
Iwaya,2020-01-04,0.0
Iwaya,2020-01-05,0.0
Iwaya,2020-01-06,0.0
Iwaya,2020-01-07,0.0
Iwaya,2020-01-08,0.0
Iwaya,2020-01-09,0.0
Iwaya,2020-01-10,0.1
Iwaya,2020-01-11,0.1
Iwaya,2020-01-12,0.0
Iwaya,2020-01-13,0.0
Iwaya,2020-01-14,0.0
Iwaya,2020-01-15,0.0
Iwaya,2020-01-16,0.0
Iwaya,2020-01-17,0.0
Iwaya,2020-01-18,0.0
Iwaya,2020-01-19,0.0
Iwaya,2020-01-20,0.0
Iwaya,2020-01-21,0.0
Iwaya,2020-01-22,0.0
Iwaya,2020-01-23,0.0
Iwaya,2020-01-24,0.0
Iwaya,2020-01-25,0.0
Iwaya,2020-01-26,0.0
Iwaya,2020-01-27,0.0
Iwaya,2020-01-28,0.0
Iwaya,2020-01-29,0.0
Iwaya,2020-01-30,0.0
Iwaya,2020-01-31,0.2
Iwaya,2020-02-01,0.0
Iwaya,2020-02-02,0.0
Iwaya,2020-02-03,0.0
Iwaya,2020-02-04,0.0
Iwaya,2020-02-05,0.0
Iwaya,2020-02-06,0.0
Iwaya,2020-02-07,0.0
Iwaya,2020-02-08,0.0
Iwaya,2020-02-09,0.0
Iwaya,2020-02-10,2.2
Iwaya,2020-02-11,0.0
Iwaya,2020-02-12,0.0
Iwaya,2020-02-13,0.0
Iwaya,2020-02-14,0.0
Iwaya,2020-02-15,0.0
Iwaya,2020-02-16,0.0
Iwaya,2020-02-17,0.0
Iwaya,2020-02-18,0.4
Iwaya,2020-02-19,0.1
Iwaya,2020-02-20,0.0
Iwaya,2020-02-21,0.0
Iwaya,2020-02-22,0.1
Iwaya,2020-02-23,0.1
Iwaya,2020-02-24,0.0
Iwaya,2020-02-25,0.3
Iwaya,2020-02-26,0.5
Iwaya,2020-02-27,0.2
Iwaya,2020-02-28,0.3
Iwaya,2020-02-29,0.1
Iwaya,2020-03-01,0.6
Iwaya,2020-03-02,4.7
Iwaya,2020-03-03,0.1
Iwaya,2020-03-04,0.3
Iwaya,2020-03-05,0.7
Iwaya,2020-03-06,3.9
Iwaya,2020-03-07,0.1
Iwaya,2020-03-08,0.6
Iwaya,2020-03-09,0.0
Iwaya,2020-03-10,0.4
Iwaya,2020-03-11,0.7
Iwaya,2020-03-12,0.6
Iwaya,2020-03-13,1.9
Iwaya,2020-03-14,5.7
Iwaya,2020-03-15,0.0
Iwaya,2020-03-16,0.2
Iwaya,2020-03-17,0.0
Iwaya,2020-03-18,0.2
Iwaya,2020-03-19,0.4
Iwaya,2020-03-20,0.4
Iwaya,2020-03-21,0.8
Iwaya,2020-03-22,0.1
Iwaya,2020-03-23,0.5
Iwaya,2020-03-24,3.7
Iwaya,2020-03-25,7.9
Iwaya,2020-03-26,0.0
Iwaya,2020-03-27,0.4
Iwaya,2020-03-28,0.1
Iwaya,2020-03-29,0.0
Iwaya,2020-03-30,0.0
Iwaya,2020-03-31,0.0
Iwaya,2020-04-01,1.1
Iwaya,2020-04-02,0.0
Iwaya,2020-04-03,0.0
Iwaya,2020-04-04,0.8
Iwaya,2020-04-05,0.0
Iwaya,2020-04-06,0.4
Iwaya,2020-04-07,0.0
Iwaya,2020-04-08,0.0
Iwaya,2020-04-09,1.3
Iwaya,2020-04-10,1.9
Iwaya,2020-04-11,0.3
Iwaya,2020-04-12,0.2
Iwaya,2020-04-13,0.0
Iwaya,2020-04-14,0.2
Iwaya,2020-04-15,0.0
Iwaya,2020-04-16,2.2
Iwaya,2020-04-17,3.6
Iwaya,2020-04-18,3.2
Iwaya,2020-04-19,3.8
Iwaya,2020-04-20,0.7
Iwaya,2020-04-21,0.9
Iwaya,2020-04-22,2.1
Iwaya,2020-04-23,1.2
Iwaya,2020-04-24,0.1
Iwaya,2020-04-25,4.8
Iwaya,2020-04-26,5.4
Iwaya,2020-04-27,0.4
Iwaya,2020-04-28,0.0
Iwaya,2020-04-29,0.4
Iwaya,2020-04-30,0.6
Iwaya,2020-05-01,0.0
Iwaya,2020-05-02,0.3
Iwaya,2020-05-03,2.0
Iwaya,2020-05-04,0.9
Iwaya,2020-05-05,0.0
Iwaya,2020-05-06,0.5
Iwaya,2020-05-07,0.3
Iwaya,2020-05-08,0.5
Iwaya,2020-05-09,3.3
Iwaya,2020-05-10,6.8
Iwaya,2020-05-11,11.2
Iwaya,2020-05-12,1.3
Iwaya,2020-05-13,1.9
Iwaya,2020-05-14,0.2
Iwaya,2020-05-15,0.1
Iwaya,2020-05-16,1.5
Iwaya,2020-05-17,0.5
Iwaya,2020-05-18,0.7
Iwaya,2020-05-19,2.9
Iwaya,2020-05-20,2.1
Iwaya,2020-05-21,3.6
Iwaya,2020-05-22,7.5
Iwaya,2020-05-23,1.5
Iwaya,2020-05-24,1.1
Iwaya,2020-05-25,24.9
Iwaya,2020-05-26,0.1
Iwaya,2020-05-27,1.0
Iwaya,2020-05-28,15.8
Iwaya,2020-05-29,3.0
Iwaya,2020-05-30,10.1
Iwaya,2020-05-31,6.1
Iwaya,2020-06-01,5.9
Iwaya,2020-06-02,0.2
Iwaya,2020-06-03,1.2
Iwaya,2020-06-04,1.1
Iwaya,2020-06-05,1.0
Iwaya,2020-06-06,4.9
Iwaya,2020-06-07,7.7
Iwaya,2020-06-08,0.2
Iwaya,2020-06-09,1.3
Iwaya,2020-06-10,7.1
Iwaya,2020-06-11,5.6
Iwaya,2020-06-12,5.8
Iwaya,2020-06-13,3.6
Iwaya,2020-06-14,3.0
Iwaya,2020-06-15,5.3
Iwaya,2020-06-16,1.8
Iwaya,2020-06-17,8.2
Iwaya,2020-06-18,110.6
Iwaya,2020-06-19,2.4
Iwaya,2020-06-20,13.6
Iwaya,2020-06-21,8.3
Iwaya,2020-06-22,9.4
Iwaya,2020-06-23,2.1
Iwaya,2020-06-24,3.8
Iwaya,2020-06-25,1.7
Iwaya,2020-06-26,2.2
Iwaya,2020-06-27,7.1
Iwaya,2020-06-28,10.4
Iwaya,2020-06-29,60.7
Iwaya,2020-06-30,7.8
Iwaya,2020-07-01,13.1
Iwaya,2020-07-02,2.2
Iwaya,2020-07-03,1.5
Iwaya,2020-07-04,48.0
Iwaya,2020-07-05,10.9
Iwaya,2020-07-06,4.1
Iwaya,2020-07-07,10.4
Iwaya,2020-07-08,17.8
Iwaya,2020-07-09,10.0
Iwaya,2020-07-10,3.5
Iwaya,2020-07-11,14.3
Iwaya,2020-07-12,5.8
Iwaya,2020-07-13,1.7
Iwaya,2020-07-14,1.7
Iwaya,2020-07-15,0.7
Iwaya,2020-07-16,2.5
Iwaya,2020-07-17,2.4
Iwaya,2020-07-18,1.3
Iwaya,2020-07-19,0.3
Iwaya,2020-07-20,3.1
Iwaya,2020-07-21,7.3
Iwaya,2020-07-22,0.7
Iwaya,2020-07-23,1.2
Iwaya,2020-07-24,1.4
Iwaya,2020-07-25,0.7
Iwaya,2020-07-26,1.6
Iwaya,2020-07-27,0.8
Iwaya,2020-07-28,0.7
Iwaya,2020-07-29,0.6
Iwaya,2020-07-30,1.0
Iwaya,2020-07-31,2.5
Iwaya,2020-08-01,1.7
Iwaya,2020-08-02,0.7
Iwaya,2020-08-03,0.1
Iwaya,2020-08-04,0.2
Iwaya,2020-08-05,1.0
Iwaya,2020-08-06,0.7
Iwaya,2020-08-07,1.4
Iwaya,2020-08-08,0.4
Iwaya,2020-08-09,0.1
Iwaya,2020-08-10,0.3
Iwaya,2020-08-11,0.2
Iwaya,2020-08-12,0.0
Iwaya,2020-08-13,0.0
Iwaya,2020-08-14,1.6
Iwaya,2020-08-15,1.7
Iwaya,2020-08-16,0.8
Iwaya,2020-08-17,1.4
Iwaya,2020-08-18,0.5
Iwaya,2020-08-19,0.3
Iwaya,2020-08-20,0.2
Iwaya,2020-08-21,2.6
Iwaya,2020-08-22,2.5
Iwaya,2020-08-23,0.7
Iwaya,2020-08-24,0.3
Iwaya,2020-08-25,0.7
Iwaya,2020-08-26,1.0
Iwaya,2020-08-27,0.9
Iwaya,2020-08-28,0.5
Iwaya,2020-08-29,1.5
Iwaya,2020-08-30,2.7
Iwaya,2020-08-31,7.2
Iwaya,2020-09-01,2.5
Iwaya,2020-09-02,1.5
Iwaya,2020-09-03,2.6
Iwaya,2020-09-04,1.7
Iwaya,2020-09-05,1.0
Iwaya,2020-09-06,0.9
Iwaya,2020-09-07,2.9
Iwaya,2020-09-08,1.3
Iwaya,2020-09-09,148.3
Iwaya,2020-09-10,2.0
Iwaya,2020-09-11,0.7
Iwaya,2020-09-12,6.7
Iwaya,2020-09-13,10.3
Iwaya,2020-09-14,2.6
Iwaya,2020-09-15,8.8
Iwaya,2020-09-16,10.0
Iwaya,2020-09-17,4.9
Iwaya,2020-09-18,2.0
Iwaya,2020-09-19,3.0
Iwaya,2020-09-20,7.0
Iwaya,2020-09-21,3.5
Iwaya,2020-09-22,10.6
Iwaya,2020-09-23,2.7
Iwaya,2020-09-24,2.3
Iwaya,2020-09-25,1.2
Iwaya,2020-09-26,13.2
Iwaya,2020-09-27,4.7
Iwaya,2020-09-28,2.7
Iwaya,2020-09-29,3.6
Iwaya,2020-09-30,8.4
Iwaya,2020-10-01,2.4
Iwaya,2020-10-02,3.3
Iwaya,2020-10-03,2.9
Iwaya,2020-10-04,4.6
Iwaya,2020-10-05,1.0
Iwaya,2020-10-06,4.9
Iwaya,2020-10-07,3.1
Iwaya,2020-10-08,7.7
Iwaya,2020-10-09,12.2
Iwaya,2020-10-10,3.9
Iwaya,2020-10-11,14.0
Iwaya,2020-10-12,0.9
Iwaya,2020-10-13,2.3
Iwaya,2020-10-14,2.2
Iwaya,2020-10-15,1.9
Iwaya,2020-10-16,2.1
Iwaya,2020-10-17,8.6
Iwaya,2020-10-18,1.2
Iwaya,2020-10-19,1.6
Iwaya,2020-10-20,1.2
Iwaya,2020-10-21,2.7
Iwaya,2020-10-22,1.8
Iwaya,2020-10-23,2.2
Iwaya,2020-10-24,3.6
Iwaya,2020-10-25,12.5
Iwaya,2020-10-26,4.3
Iwaya,2020-10-27,2.7
Iwaya,2020-10-28,1.5
Iwaya,2020-10-29,1.1
Iwaya,2020-10-30,0.8
Iwaya,2020-10-31,1.6
Iwaya,2020-11-01,1.7
Iwaya,2020-11-02,3.6
Iwaya,2020-11-03,1.1
Iwaya,2020-11-04,6.9
Iwaya,2020-11-05,9.5
Iwaya,2020-11-06,1.8
Iwaya,2020-11-07,5.7
Iwaya,2020-11-08,0.9
Iwaya,2020-11-09,3.0
Iwaya,2020-11-10,2.0
Iwaya,2020-11-11,1.2
Iwaya,2020-11-12,0.0
Iwaya,2020-11-13,0.0
Iwaya,2020-11-14,0.1
Iwaya,2020-11-15,0.6
Iwaya,2020-11-16,4.0
Iwaya,2020-11-17,1.3
Iwaya,2020-11-18,3.8
Iwaya,2020-11-19,2.9
Iwaya,2020-11-20,1.2
Iwaya,2020-11-21,4.8
Iwaya,2020-11-22,0.2
Iwaya,2020-11-23,1.3
Iwaya,2020-11-24,1.1
Iwaya,2020-11-25,1.1
Iwaya,2020-11-26,3.2
Iwaya,2020-11-27,7.1
Iwaya,2020-11-28,1.3
Iwaya,2020-11-29,0.4
Iwaya,2020-11-30,0.1
Iwaya,2020-12-01,2.2
Iwaya,2020-12-02,1.2
Iwaya,2020-12-03,2.7
Iwaya,2020-12-04,1.2
Iwaya,2020-12-05,0.4
Iwaya,2020-12-06,0.5
Iwaya,2020-12-07,0.9
Iwaya,2020-12-08,1.4
Iwaya,2020-12-09,0.9
Iwaya,2020-12-10,1.0
Iwaya,2020-12-11,0.7
Iwaya,2020-12-12,1.6
Iwaya,2020-12-13,1.6
Iwaya,2020-12-14,0.6
Iwaya,2020-12-15,0.9
Iwaya,2020-12-16,1.1
Iwaya,2020-12-17,0.4
Iwaya,2020-12-18,0.1
Iwaya,2020-12-19,1.7
Iwaya,2020-12-20,0.6
Iwaya,2020-12-21,0.5
Iwaya,2020-12-22,0.5
Iwaya,2020-12-23,0.2
Iwaya,2020-12-24,2.0
Iwaya,2020-12-25,0.1
Iwaya,2020-12-26,0.0
Iwaya,2020-12-27,0.0
Iwaya,2020-12-28,0.0
Iwaya,2020-12-29,0.0
Iwaya,2020-12-30,0.0
Iwaya,2020-12-31,0.0
Iwaya,2021-01-01,0.1
Iwaya,2021-01-02,0.5
Iwaya,2021-01-03,0.2
Iwaya,2021-01-04,0.4
Iwaya,2021-01-05,1.8
Iwaya,2021-01-06,1.4
Iwaya,2021-01-07,2.4
Iwaya,2021-01-08,1.7
Iwaya,2021-01-09,0.1
Iwaya,2021-01-10,0.9
Iwaya,2021-01-11,0.3
Iwaya,2021-01-12,1.6
Iwaya,2021-01-13,0.7
Iwaya,2021-01-14,4.0
Iwaya,2021-01-15,1.3
Iwaya,2021-01-16,2.8
Iwaya,2021-01-17,0.4
Iwaya,2021-01-18,0.8
Iwaya,2021-01-19,0.0
Iwaya,2021-01-20,0.0
Iwaya,2021-01-21,0.0
Iwaya,2021-01-22,0.0
Iwaya,2021-01-23,0.0
Iwaya,2021-01-24,0.0
Iwaya,2021-01-25,0.0
Iwaya,2021-01-26,0.0
Iwaya,2021-01-27,0.2
Iwaya,2021-01-28,1.3
Iwaya,2021-01-29,0.9
Iwaya,2021-01-30,2.9
Iwaya,2021-01-31,0.5
Iwaya,2021-02-01,2.5
Iwaya,2021-02-02,1.0
Iwaya,2021-02-03,0.8
Iwaya,2021-02-04,1.2
Iwaya,2021-02-05,2.7
Iwaya,2021-02-06,1.5
Iwaya,2021-02-07,0.4
Iwaya,2021-02-08,1.0
Iwaya,2021-02-09,0.3
Iwaya,2021-02-10,0.8
Iwaya,2021-02-11,1.8
Iwaya,2021-02-12,0.2
Iwaya,2021-02-13,0.9
Iwaya,2021-02-14,2.0
Iwaya,2021-02-15,5.1
Iwaya,2021-02-16,0.8
Iwaya,2021-02-17,2.1
Iwaya,2021-02-18,0.0
Iwaya,2021-02-19,0.0
Iwaya,2021-02-20,0.0
Iwaya,2021-02-21,0.0
Iwaya,2021-02-22,0.0
Iwaya,2021-02-23,0.6
Iwaya,2021-02-24,0.4
Iwaya,2021-02-25,0.8
Iwaya,2021-02-26,1.0
Iwaya,2021-02-27,0.6
Iwaya,2021-02-28,0.0
Iwaya,2021-03-01,0.8
Iwaya,2021-03-02,0.5
Iwaya,2021-03-03,0.3
Iwaya,2021-03-04,1.4
Iwaya,2021-03-05,1.5
Iwaya,2021-03-06,1.9
Iwaya,2021-03-07,1.4
Iwaya,2021-03-08,0.8
Iwaya,2021-03-09,0.9
Iwaya,2021-03-10,1.7
Iwaya,2021-03-11,1.2
Iwaya,2021-03-12,1.2
Iwaya,2021-03-13,17.0
Iwaya,2021-03-14,0.3
Iwaya,2021-03-15,0.0
Iwaya,2021-03-16,0.0
Iwaya,2021-03-17,5.7
Iwaya,2021-03-18,4.3
Iwaya,2021-03-19,0.0
Iwaya,2021-03-20,0.0
Iwaya,2021-03-21,0.2
Iwaya,2021-03-22,9.5
Iwaya,2021-03-23,18.9
Iwaya,2021-03-24,1.6
Iwaya,2021-03-25,1.5
Iwaya,2021-03-26,0.0
Iwaya,2021-03-27,0.9
Iwaya,2021-03-28,0.7
Iwaya,2021-03-29,0.0
Iwaya,2021-03-30,0.6
Iwaya,2021-03-31,1.0
Iwaya,2021-04-01,1.1
Iwaya,2021-04-02,1.1
Iwaya,2021-04-03,1.4
Iwaya,2021-04-04,1.3
Iwaya,2021-04-05,1.2
Iwaya,2021-04-06,0.4
Iwaya,2021-04-07,1.0
Iwaya,2021-04-08,1.6
Iwaya,2021-04-09,1.0
Iwaya,2021-04-10,0.3
Iwaya,2021-04-11,0.0
Iwaya,2021-04-12,0.1
Iwaya,2021-04-13,0.3
Iwaya,2021-04-14,0.2
Iwaya,2021-04-15,0.1
Iwaya,2021-04-16,2.3
Iwaya,2021-04-17,2.8
Iwaya,2021-04-18,8.8
Iwaya,2021-04-19,0.3
Iwaya,2021-04-20,0.8
Iwaya,2021-04-21,0.2
Iwaya,2021-04-22,0.6
Iwaya,2021-04-23,1.8
Iwaya,2021-04-24,3.3
Iwaya,2021-04-25,0.3
Iwaya,2021-04-26,0.1
Iwaya,2021-04-27,0.5
Iwaya,2021-04-28,0.7
Iwaya,2021-04-29,0.0
Iwaya,2021-04-30,0.2
Iwaya,2021-05-01,0.5
Iwaya,2021-05-02,0.0
Iwaya,2021-05-03,2.1
Iwaya,2021-05-04,2.0
Iwaya,2021-05-05,0.8
Iwaya,2021-05-06,0.8
Iwaya,2021-05-07,1.1
Iwaya,2021-05-08,1.7
Iwaya,2021-05-09,1.1
Iwaya,2021-05-10,0.4
Iwaya,2021-05-11,0.8
Iwaya,2021-05-12,1.3
Iwaya,2021-05-13,0.9
Iwaya,2021-05-14,1.5
Iwaya,2021-05-15,0.6
Iwaya,2021-05-16,1.2
Iwaya,2021-05-17,1.2
Iwaya,2021-05-18,6.0
Iwaya,2021-05-19,2.1
Iwaya,2021-05-20,3.6
Iwaya,2021-05-21,1.0
Iwaya,2021-05-22,1.2
Iwaya,2021-05-23,0.0
Iwaya,2021-05-24,0.0
Iwaya,2021-05-25,0.8
Iwaya,2021-05-26,1.5
Iwaya,2021-05-27,1.9
Iwaya,2021-05-28,1.0
Iwaya,2021-05-29,1.3
Iwaya,2021-05-30,2.2
Iwaya,2021-05-31,2.0
Iwaya,2021-06-01,3.1
Iwaya,2021-06-02,1.5
Iwaya,2021-06-03,0.0
Iwaya,2021-06-04,9.2
Iwaya,2021-06-05,4.8
Iwaya,2021-06-06,1.0
Iwaya,2021-06-07,0.7
Iwaya,2021-06-08,2.5
Iwaya,2021-06-09,1.3
Iwaya,2021-06-10,2.5
Iwaya,2021-06-11,2.4
Iwaya,2021-06-12,0.6
Iwaya,2021-06-13,0.4
Iwaya,2021-06-14,0.2
Iwaya,2021-06-15,1.4
Iwaya,2021-06-16,11.6
Iwaya,2021-06-17,6.4
Iwaya,2021-06-18,7.0
Iwaya,2021-06-19,4.5
Iwaya,2021-06-20,20.3
Iwaya,2021-06-21,25.6
Iwaya,2021-06-22,6.2
Iwaya,2021-06-23,17.5
Iwaya,2021-06-24,8.6
Iwaya,2021-06-25,2.4
Iwaya,2021-06-26,20.3
Iwaya,2021-06-27,0.4
Iwaya,2021-06-28,4.9
Iwaya,2021-06-29,7.0
Iwaya,2021-06-30,5.3
Iwaya,2021-07-01,3.7
Iwaya,2021-07-02,19.3
Iwaya,2021-07-03,31.6
Iwaya,2021-07-04,7.8
Iwaya,2021-07-05,0.8
Iwaya,2021-07-06,2.1
Iwaya,2021-07-07,3.1
Iwaya,2021-07-08,2.7
Iwaya,2021-07-09,11.0
Iwaya,2021-07-10,2.2
Iwaya,2021-07-11,2.0
Iwaya,2021-07-12,3.1
Iwaya,2021-07-13,0.8
Iwaya,2021-07-14,1.3
Iwaya,2021-07-15,4.4
Iwaya,2021-07-16,76.2
Iwaya,2021-07-17,2.5
Iwaya,2021-07-18,0.7
Iwaya,2021-07-19,1.7
Iwaya,2021-07-20,3.2
Iwaya,2021-07-21,3.5
Iwaya,2021-07-22,0.6
Iwaya,2021-07-23,0.6
Iwaya,2021-07-24,1.1
Iwaya,2021-07-25,0.5
Iwaya,2021-07-26,1.0
Iwaya,2021-07-27,0.3
Iwaya,2021-07-28,1.8
Iwaya,2021-07-29,0.9
Iwaya,2021-07-30,0.1
Iwaya,2021-07-31,2.3
Iwaya,2021-08-01,1.1
Iwaya,2021-08-02,0.9
Iwaya,2021-08-03,2.3
Iwaya,2021-08-04,7.5
Iwaya,2021-08-05,14.8
Iwaya,2021-08-06,1.5
Iwaya,2021-08-07,5.7
Iwaya,2021-08-08,8.5
Iwaya,2021-08-09,2.7
Iwaya,2021-08-10,3.0
Iwaya,2021-08-11,1.0
Iwaya,2021-08-12,2.3
Iwaya,2021-08-13,2.2
Iwaya,2021-08-14,1.3
Iwaya,2021-08-15,1.5
Iwaya,2021-08-16,1.1
Iwaya,2021-08-17,2.3
Iwaya,2021-08-18,2.4
Iwaya,2021-08-19,10.5
Iwaya,2021-08-20,10.7
Iwaya,2021-08-21,30.6
Iwaya,2021-08-22,4.8
Iwaya,2021-08-23,4.5
Iwaya,2021-08-24,10.3
Iwaya,2021-08-25,6.5
Iwaya,2021-08-26,2.8
Iwaya,2021-08-27,3.7
Iwaya,2021-08-28,1.5
Iwaya,2021-08-29,5.9
Iwaya,2021-08-30,13.7
Iwaya,2021-08-31,2.1
Iwaya,2021-09-01,5.0
Iwaya,2021-09-02,10.9
Iwaya,2021-09-03,11.5
Iwaya,2021-09-04,9.4
Iwaya,2021-09-05,3.0
Iwaya,2021-09-06,6.9
Iwaya,2021-09-07,2.2
Iwaya,2021-09-08,1.5
Iwaya,2021-09-09,1.6
Iwaya,2021-09-10,11.1
Iwaya,2021-09-11,18.2
Iwaya,2021-09-12,0.5
Iwaya,2021-09-13,16.8
Iwaya,2021-09-14,5.4
Iwaya,2021-09-15,3.1
Iwaya,2021-09-16,5.6
Iwaya,2021-09-17,3.7
Iwaya,2021-09-18,8.9
Iwaya,2021-09-19,3.2
Iwaya,2021-09-20,0.0
Iwaya,2021-09-21,12.1
Iwaya,2021-09-22,31.1
Iwaya,2021-09-23,1.4
Iwaya,2021-09-24,3.0
Iwaya,2021-09-25,9.1
Iwaya,2021-09-26,0.9
Iwaya,2021-09-27,4.6
Iwaya,2021-09-28,2.3
Iwaya,2021-09-29,1.2
Iwaya,2021-09-30,15.6
Iwaya,2021-10-01,1.2
Iwaya,2021-10-02,1.7
Iwaya,2021-10-03,4.6
Iwaya,2021-10-04,1.8
Iwaya,2021-10-05,1.3
Iwaya,2021-10-06,16.8
Iwaya,2021-10-07,2.6
Iwaya,2021-10-08,0.5
Iwaya,2021-10-09,10.2
Iwaya,2021-10-10,11.4
Iwaya,2021-10-11,2.9
Iwaya,2021-10-12,1.9
Iwaya,2021-10-13,1.1
Iwaya,2021-10-14,5.1
Iwaya,2021-10-15,1.3
Iwaya,2021-10-16,2.1
Iwaya,2021-10-17,2.0
Iwaya,2021-10-18,13.7
Iwaya,2021-10-19,10.1
Iwaya,2021-10-20,3.6
Iwaya,2021-10-21,30.9
Iwaya,2021-10-22,9.3
Iwaya,2021-10-23,24.8
Iwaya,2021-10-24,4.7
Iwaya,2021-10-25,4.0
Iwaya,2021-10-26,1.1
Iwaya,2021-10-27,4.9
Iwaya,2021-10-28,2.6
Iwaya,2021-10-29,1.0
Iwaya,2021-10-30,2.9
Iwaya,2021-10-31,1.2
Iwaya,2021-11-01,2.1
Iwaya,2021-11-02,0.4
Iwaya,2021-11-03,0.4
Iwaya,2021-11-04,3.9
Iwaya,2021-11-05,1.0
Iwaya,2021-11-06,0.3
Iwaya,2021-11-07,5.1
Iwaya,2021-11-08,1.5
Iwaya,2021-11-09,2.7
Iwaya,2021-11-10,7.7
Iwaya,2021-11-11,8.5
Iwaya,2021-11-12,0.9
Iwaya,2021-11-13,2.3
Iwaya,2021-11-14,0.4
Iwaya,2021-11-15,6.0
Iwaya,2021-11-16,2.1
Iwaya,2021-11-17,1.1
Iwaya,2021-11-18,1.8
Iwaya,2021-11-19,2.5
Iwaya,2021-11-20,0.4
Iwaya,2021-11-21,1.1
Iwaya,2021-11-22,1.1
Iwaya,2021-11-23,1.5
Iwaya,2021-11-24,1.3
Iwaya,2021-11-25,1.6
Iwaya,2021-11-26,0.3
Iwaya,2021-11-27,1.4
Iwaya,2021-11-28,0.3
Iwaya,2021-11-29,0.6
Iwaya,2021-11-30,1.4
Iwaya,2021-12-01,0.2
Iwaya,2021-12-02,0.7
Iwaya,2021-12-03,0.2
Iwaya,2021-12-04,0.1
Iwaya,2021-12-05,2.8
Iwaya,2021-12-06,0.3
Iwaya,2021-12-07,1.2
Iwaya,2021-12-08,0.8
Iwaya,2021-12-09,0.0
Iwaya,2021-12-10,0.1
Iwaya,2021-12-11,0.0
Iwaya,2021-12-12,0.0
Iwaya,2021-12-13,0.0
Iwaya,2021-12-14,1.6
Iwaya,2021-12-15,0.6
Iwaya,2021-12-16,0.1
Iwaya,2021-12-17,0.0
Iwaya,2021-12-18,0.0
Iwaya,2021-12-19,0.0
Iwaya,2021-12-20,0.0
Iwaya,2021-12-21,0.0
Iwaya,2021-12-22,0.0
Iwaya,2021-12-23,0.0
Iwaya,2021-12-24,0.0
Iwaya,2021-12-25,0.0
Iwaya,2021-12-26,0.0
Iwaya,2021-12-27,0.9
Iwaya,2021-12-28,0.2
Iwaya,2021-12-29,0.4
Iwaya,2021-12-30,0.0
Iwaya,2021-12-31,1.0
Iwaya,2022-01-01,0.7
Iwaya,2022-01-02,0.5
Iwaya,2022-01-03,0.0
Iwaya,2022-01-04,0.0
Iwaya,2022-01-05,0.0
Iwaya,2022-01-06,0.0
Iwaya,2022-01-07,0.1
Iwaya,2022-01-08,1.8
Iwaya,2022-01-09,1.0
Iwaya,2022-01-10,0.0
Iwaya,2022-01-11,0.3
Iwaya,2022-01-12,0.5
Iwaya,2022-01-13,10.3
Iwaya,2022-01-14,0.4
Iwaya,2022-01-15,0.0
Iwaya,2022-01-16,0.1
Iwaya,2022-01-17,0.0
Iwaya,2022-01-18,0.1
Iwaya,2022-01-19,1.0
Iwaya,2022-01-20,0.0
Iwaya,2022-01-21,0.0
Iwaya,2022-01-22,0.0
Iwaya,2022-01-23,0.0
Iwaya,2022-01-24,0.0
Iwaya,2022-01-25,0.0
Iwaya,2022-01-26,0.0
Iwaya,2022-01-27,0.0
Iwaya,2022-01-28,0.0
Iwaya,2022-01-29,0.0
Iwaya,2022-01-30,0.0
Iwaya,2022-01-31,0.0
Iwaya,2022-02-01,0.0
Iwaya,2022-02-02,0.0
Iwaya,2022-02-03,0.0
Iwaya,2022-02-04,0.4
Iwaya,2022-02-05,1.8
Iwaya,2022-02-06,0.0
Iwaya,2022-02-07,0.0
Iwaya,2022-02-08,0.0
Iwaya,2022-02-09,0.1
Iwaya,2022-02-10,0.0
Iwaya,2022-02-11,0.1
Iwaya,2022-02-12,0.1
Iwaya,2022-02-13,0.4
Iwaya,2022-02-14,1.1
Iwaya,2022-02-15,0.5
Iwaya,2022-02-16,4.0
Iwaya,2022-02-17,0.7
Iwaya,2022-02-18,0.3
Iwaya,2022-02-19,1.9
Iwaya,2022-02-20,0.7
Iwaya,2022-02-21,1.2
Iwaya,2022-02-22,0.4
Iwaya,2022-02-23,0.6
Iwaya,2022-02-24,0.4
Iwaya,2022-02-25,0.2
Iwaya,2022-02-26,0.1
Iwaya,2022-02-27,1.4
Iwaya,2022-02-28,0.3
Iwaya,2022-03-01,0.1
Iwaya,2022-03-02,0.6
Iwaya,2022-03-03,3.9
Iwaya,2022-03-04,15.2
Iwaya,2022-03-05,0.2
Iwaya,2022-03-06,2.5
Iwaya,2022-03-07,0.3
Iwaya,2022-03-08,0.1
Iwaya,2022-03-09,1.1
Iwaya,2022-03-10,2.2
Iwaya,2022-03-11,3.9
Iwaya,2022-03-12,8.9
Iwaya,2022-03-13,7.0
Iwaya,2022-03-14,1.1
Iwaya,2022-03-15,5.1
Iwaya,2022-03-16,1.9
Iwaya,2022-03-17,0.8
Iwaya,2022-03-18,2.3
Iwaya,2022-03-19,2.2
Iwaya,2022-03-20,1.4
Iwaya,2022-03-21,1.2
Iwaya,2022-03-22,3.1
Iwaya,2022-03-23,1.1
Iwaya,2022-03-24,2.7
Iwaya,2022-03-25,0.7
Iwaya,2022-03-26,1.3
Iwaya,2022-03-27,1.6
Iwaya,2022-03-28,1.3
Iwaya,2022-03-29,1.9
Iwaya,2022-03-30,0.2
Iwaya,2022-03-31,0.3
Iwaya,2022-04-01,5.6
Iwaya,2022-04-02,3.3
Iwaya,2022-04-03,0.2
Iwaya,2022-04-04,0.5
Iwaya,2022-04-05,4.5
Iwaya,2022-04-06,0.2
Iwaya,2022-04-07,1.0
Iwaya,2022-04-08,0.8
Iwaya,2022-04-09,0.6
Iwaya,2022-04-10,0.1
Iwaya,2022-04-11,0.1
Iwaya,2022-04-12,6.5
Iwaya,2022-04-13,4.7
Iwaya,2022-04-14,0.3
Iwaya,2022-04-15,1.7
Iwaya,2022-04-16,11.9
Iwaya,2022-04-17,14.6
Iwaya,2022-04-18,2.2
Iwaya,2022-04-19,0.6
Iwaya,2022-04-20,0.8
Iwaya,2022-04-21,4.7
Iwaya,2022-04-22,0.0
Iwaya,2022-04-23,0.0
Iwaya,2022-04-24,0.4
Iwaya,2022-04-25,0.1
Iwaya,2022-04-26,4.4
Iwaya,2022-04-27,31.3
Iwaya,2022-04-28,2.3
Iwaya,2022-04-29,1.5
Iwaya,2022-04-30,3.1
Iwaya,2022-05-01,0.6
Iwaya,2022-05-02,2.4
Iwaya,2022-05-03,0.0
Iwaya,2022-05-04,5.8
Iwaya,2022-05-05,0.0
Iwaya,2022-05-06,8.9
Iwaya,2022-05-07,0.4
Iwaya,2022-05-08,0.5
Iwaya,2022-05-09,10.0
Iwaya,2022-05-10,1.3
Iwaya,2022-05-11,2.6
Iwaya,2022-05-12,0.7
Iwaya,2022-05-13,0.9
Iwaya,2022-05-14,0.2
Iwaya,2022-05-15,1.1
Iwaya,2022-05-16,2.3
Iwaya,2022-05-17,0.5
Iwaya,2022-05-18,1.1
Iwaya,2022-05-19,13.7
Iwaya,2022-05-20,1.0
Iwaya,2022-05-21,25.6
Iwaya,2022-05-22,16.3
Iwaya,2022-05-23,3.9
Iwaya,2022-05-24,0.1
Iwaya,2022-05-25,2.1
Iwaya,2022-05-26,8.9
Iwaya,2022-05-27,2.4
Iwaya,2022-05-28,2.1
Iwaya,2022-05-29,1.3
Iwaya,2022-05-30,2.3
Iwaya,2022-05-31,1.4
Iwaya,2022-06-01,0.2
Iwaya,2022-06-02,1.1
Iwaya,2022-06-03,7.3
Iwaya,2022-06-04,25.6
Iwaya,2022-06-05,17.4
Iwaya,2022-06-06,8.1
Iwaya,2022-06-07,3.6
Iwaya,2022-06-08,4.6
Iwaya,2022-06-09,2.4
Iwaya,2022-06-10,6.0
Iwaya,2022-06-11,8.7
Iwaya,2022-06-12,1.5
Iwaya,2022-06-13,3.5
Iwaya,2022-06-14,19.9
Iwaya,2022-06-15,31.9
Iwaya,2022-06-16,44.8
Iwaya,2022-06-17,5.5
Iwaya,2022-06-18,4.9
Iwaya,2022-06-19,0.7
Iwaya,2022-06-20,5.1
Iwaya,2022-06-21,7.1
Iwaya,2022-06-22,2.4
Iwaya,2022-06-23,2.2
Iwaya,2022-06-24,4.6
Iwaya,2022-06-25,0.2
Iwaya,2022-06-26,11.6
Iwaya,2022-06-27,3.4
Iwaya,2022-06-28,5.7
Iwaya,2022-06-29,6.6
Iwaya,2022-06-30,28.5
Iwaya,2022-07-01,10.1
Iwaya,2022-07-02,0.4
Iwaya,2022-07-03,1.0
Iwaya,2022-07-04,7.7
Iwaya,2022-07-05,21.8
Iwaya,2022-07-06,5.2
Iwaya,2022-07-07,1.5
Iwaya,2022-07-08,27.5
Iwaya,2022-07-09,9.9
Iwaya,2022-07-10,2.8
Iwaya,2022-07-11,4.0
Iwaya,2022-07-12,5.7
Iwaya,2022-07-13,0.6
Iwaya,2022-07-14,1.5
Iwaya,2022-07-15,2.1
Iwaya,2022-07-16,3.3
Iwaya,2022-07-17,2.2
Iwaya,2022-07-18,1.9
Iwaya,2022-07-19,0.4
Iwaya,2022-07-20,2.2
Iwaya,2022-07-21,2.3
Iwaya,2022-07-22,1.3
Iwaya,2022-07-23,1.7
Iwaya,2022-07-24,1.8
Iwaya,2022-07-25,2.5
Iwaya,2022-07-26,17.5
Iwaya,2022-07-27,2.2
Iwaya,2022-07-28,1.6
Iwaya,2022-07-29,1.0
Iwaya,2022-07-30,0.5
Iwaya,2022-07-31,1.6
Iwaya,2022-08-01,4.4
Iwaya,2022-08-02,0.7
Iwaya,2022-08-03,1.2
Iwaya,2022-08-04,0.4
Iwaya,2022-08-05,0.6
Iwaya,2022-08-06,0.4
Iwaya,2022-08-07,0.8
Iwaya,2022-08-08,0.6
Iwaya,2022-08-09,1.2
Iwaya,2022-08-10,0.4
Iwaya,2022-08-11,7.1
Iwaya,2022-08-12,1.2
Iwaya,2022-08-13,0.8
Iwaya,2022-08-14,1.9
Iwaya,2022-08-15,5.7
Iwaya,2022-08-16,3.3
Iwaya,2022-08-17,0.5
Iwaya,2022-08-18,1.0
Iwaya,2022-08-19,11.4
Iwaya,2022-08-20,3.0
Iwaya,2022-08-21,0.6
Iwaya,2022-08-22,2.3
Iwaya,2022-08-23,14.0
Iwaya,2022-08-24,1.6
Iwaya,2022-08-25,1.4
Iwaya,2022-08-26,10.4
Iwaya,2022-08-27,5.1
Iwaya,2022-08-28,2.3
Iwaya,2022-08-29,2.3
Iwaya,2022-08-30,11.6
Iwaya,2022-08-31,4.7
Iwaya,2022-09-01,1.4
Iwaya,2022-09-02,2.2
Iwaya,2022-09-03,1.1
Iwaya,2022-09-04,7.4
Iwaya,2022-09-05,2.4
Iwaya,2022-09-06,0.6
Iwaya,2022-09-07,1.4
Iwaya,2022-09-08,3.0
Iwaya,2022-09-09,1.8
Iwaya,2022-09-10,1.1
Iwaya,2022-09-11,3.8
Iwaya,2022-09-12,12.6
Iwaya,2022-09-13,1.8
Iwaya,2022-09-14,1.2
Iwaya,2022-09-15,5.6
Iwaya,2022-09-16,3.9
Iwaya,2022-09-17,1.5
Iwaya,2022-09-18,4.6
Iwaya,2022-09-19,27.6
Iwaya,2022-09-20,2.3
Iwaya,2022-09-21,10.5
Iwaya,2022-09-22,6.4
Iwaya,2022-09-23,0.4
Iwaya,2022-09-24,7.7
Iwaya,2022-09-25,5.5
Iwaya,2022-09-26,14.1
Iwaya,2022-09-27,7.4
Iwaya,2022-09-28,12.9
Iwaya,2022-09-29,1.7
Iwaya,2022-09-30,6.7
Iwaya,2022-10-01,1.9
Iwaya,2022-10-02,1.0
Iwaya,2022-10-03,0.0
Iwaya,2022-10-04,1.5
Iwaya,2022-10-05,0.6
Iwaya,2022-10-06,6.7
Iwaya,2022-10-07,4.7
Iwaya,2022-10-08,0.3
Iwaya,2022-10-09,28.4
Iwaya,2022-10-10,7.8
Iwaya,2022-10-11,1.3
Iwaya,2022-10-12,5.3
Iwaya,2022-10-13,17.6
Iwaya,2022-10-14,1.5
Iwaya,2022-10-15,16.5
Iwaya,2022-10-16,0.8
Iwaya,2022-10-17,1.3
Iwaya,2022-10-18,6.8
Iwaya,2022-10-19,2.0
Iwaya,2022-10-20,1.1
Iwaya,2022-10-21,0.7
Iwaya,2022-10-22,1.0
Iwaya,2022-10-23,3.8
Iwaya,2022-10-24,4.9
Iwaya,2022-10-25,8.6
Iwaya,2022-10-26,0.2
Iwaya,2022-10-27,1.1
Iwaya,2022-10-28,2.4
Iwaya,2022-10-29,0.3
Iwaya,2022-10-30,1.2
Iwaya,2022-10-31,0.8
Iwaya,2022-11-01,5.0
Iwaya,2022-11-02,0.8
Iwaya,2022-11-03,1.0
Iwaya,2022-11-04,2.9
Iwaya,2022-11-05,0.3
Iwaya,2022-11-06,3.3
Iwaya,2022-11-07,1.1
Iwaya,2022-11-08,0.7
Iwaya,2022-11-09,2.0
Iwaya,2022-11-10,0.7
Iwaya,2022-11-11,4.0
Iwaya,2022-11-12,2.0
Iwaya,2022-11-13,1.3
Iwaya,2022-11-14,2.2
Iwaya,2022-11-15,2.1
Iwaya,2022-11-16,0.0
Iwaya,2022-11-17,2.3
Iwaya,2022-11-18,1.6
Iwaya,2022-11-19,2.1
Iwaya,2022-11-20,1.0
Iwaya,2022-11-21,0.1
Iwaya,2022-11-22,1.3
Iwaya,2022-11-23,1.9
Iwaya,2022-11-24,0.1
Iwaya,2022-11-25,0.0
Iwaya,2022-11-26,0.0
Iwaya,2022-11-27,0.5
Iwaya,2022-11-28,1.9
Iwaya,2022-11-29,0.7
Iwaya,2022-11-30,0.4
Iwaya,2022-12-01,0.2
Iwaya,2022-12-02,6.6
Iwaya,2022-12-03,0.5
Iwaya,2022-12-04,0.2
Iwaya,2022-12-05,0.8
Iwaya,2022-12-06,0.3
Iwaya,2022-12-07,0.6
Iwaya,2022-12-08,1.5
Iwaya,2022-12-09,0.0
Iwaya,2022-12-10,0.0
Iwaya,2022-12-11,0.0
Iwaya,2022-12-12,0.1
Iwaya,2022-12-13,0.4
Iwaya,2022-12-14,0.1
Iwaya,2022-12-15,1.1
Iwaya,2022-12-16,0.2
Iwaya,2022-12-17,1.3
Iwaya,2022-12-18,0.3
Iwaya,2022-12-19,0.0
Iwaya,2022-12-20,0.0
Iwaya,2022-12-21,0.0
Iwaya,2022-12-22,0.9
Iwaya,2022-12-23,0.0
Iwaya,2022-12-24,0.0
Iwaya,2022-12-25,0.0
Iwaya,2022-12-26,0.0
Iwaya,2022-12-27,0.0
Iwaya,2022-12-28,0.0
Iwaya,2022-12-29,0.0
Iwaya,2022-12-30,0.0
Iwaya,2022-12-31,0.0
Iwaya,2023-01-01,0.0
Iwaya,2023-01-02,0.0
Iwaya,2023-01-03,0.0
Iwaya,2023-01-04,0.0
Iwaya,2023-01-05,0.0
Iwaya,2023-01-06,0.0
Iwaya,2023-01-07,0.0
Iwaya,2023-01-08,0.0
Iwaya,2023-01-09,0.0
Iwaya,2023-01-10,0.0
Iwaya,2023-01-11,0.0
Iwaya,2023-01-12,0.0
Iwaya,2023-01-13,0.0
Iwaya,2023-01-14,0.0
Iwaya,2023-01-15,0.1
Iwaya,2023-01-16,0.0
Iwaya,2023-01-17,0.0
Iwaya,2023-01-18,0.0
Iwaya,2023-01-19,0.0
Iwaya,2023-01-20,0.4
Iwaya,2023-01-21,0.8
Iwaya,2023-01-22,1.2
Iwaya,2023-01-23,0.8
Iwaya,2023-01-24,1.7
Iwaya,2023-01-25,0.4
Iwaya,2023-01-26,0.8
Iwaya,2023-01-27,1.1
Iwaya,2023-01-28,7.2
Iwaya,2023-01-29,1.7
Iwaya,2023-01-30,0.4
Iwaya,2023-01-31,0.7
Iwaya,2023-02-01,0.0
Iwaya,2023-02-02,0.4
Iwaya,2023-02-03,0.5
Iwaya,2023-02-04,1.2
Iwaya,2023-02-05,0.6
Iwaya,2023-02-06,1.1
Iwaya,2023-02-07,0.8
Iwaya,2023-02-08,1.7
Iwaya,2023-02-09,0.8
Iwaya,2023-02-10,0.3
Iwaya,2023-02-11,0.6
Iwaya,2023-02-12,0.3
Iwaya,2023-02-13,0.0
Iwaya,2023-02-14,0.0
Iwaya,2023-02-15,0.0
Iwaya,2023-02-16,0.0
Iwaya,2023-02-17,0.0
Iwaya,2023-02-18,0.0
Iwaya,2023-02-19,0.0
Iwaya,2023-02-20,0.0
Iwaya,2023-02-21,0.0
Iwaya,2023-02-22,0.4
Iwaya,2023-02-23,0.5
Iwaya,2023-02-24,3.3
Iwaya,2023-02-25,0.3
Iwaya,2023-02-26,0.0
Iwaya,2023-02-27,0.2
Iwaya,2023-02-28,0.1
Iwaya,2023-03-01,0.0
Iwaya,2023-03-02,0.4
Iwaya,2023-03-03,7.3
Iwaya,2023-03-04,5.0
Iwaya,2023-03-05,0.0
Iwaya,2023-03-06,5.4
Iwaya,2023-03-07,0.4
Iwaya,2023-03-08,0.1
Iwaya,2023-03-09,5.2
Iwaya,2023-03-10,0.0
Iwaya,2023-03-11,0.1
Iwaya,2023-03-12,0.0
Iwaya,2023-03-13,0.2
Iwaya,2023-03-14,0.8
Iwaya,2023-03-15,2.7
Iwaya,2023-03-16,17.0
Iwaya,2023-03-17,0.5
Iwaya,2023-03-18,2.5
Iwaya,2023-03-19,13.2
Iwaya,2023-03-20,0.0
Iwaya,2023-03-21,1.7
Iwaya,2023-03-22,0.4
Iwaya,2023-03-23,2.5
Iwaya,2023-03-24,0.0
Iwaya,2023-03-25,0.0
Iwaya,2023-03-26,0.3
Iwaya,2023-03-27,0.0
Iwaya,2023-03-28,0.0
Iwaya,2023-03-29,0.1
Iwaya,2023-03-30,0.9
Iwaya,2023-03-31,8.7
Iwaya,2023-04-01,0.0
Iwaya,2023-04-02,0.7
Iwaya,2023-04-03,2.9
Iwaya,2023-04-04,12.9
Iwaya,2023-04-05,0.0
Iwaya,2023-04-06,0.9
Iwaya,2023-04-07,3.3
Iwaya,2023-04-08,4.4
Iwaya,2023-04-09,5.5
Iwaya,2023-04-10,0.0
Iwaya,2023-04-11,0.2
Iwaya,2023-04-12,0.6
Iwaya,2023-04-13,0.9
Iwaya,2023-04-14,0.9
Iwaya,2023-04-15,1.0
Iwaya,2023-04-16,3.1
Iwaya,2023-04-17,9.4
Iwaya,2023-04-18,0.1
Iwaya,2023-04-19,4.3
Iwaya,2023-04-20,0.7
Iwaya,2023-04-21,0.7
Iwaya,2023-04-22,2.8
Iwaya,2023-04-23,6.3
Iwaya,2023-04-24,1.3
Iwaya,2023-04-25,0.3
Iwaya,2023-04-26,0.8
Iwaya,2023-04-27,16.0
Iwaya,2023-04-28,0.8
Iwaya,2023-04-29,15.0
Iwaya,2023-04-30,0.7
Iwaya,2023-05-01,1.7
Iwaya,2023-05-02,1.1
Iwaya,2023-05-03,0.5
Iwaya,2023-05-04,0.9
Iwaya,2023-05-05,0.1
Iwaya,2023-05-06,0.2
Iwaya,2023-05-07,0.1
Iwaya,2023-05-08,1.3
Iwaya,2023-05-09,1.2
Iwaya,2023-05-10,0.7
Iwaya,2023-05-11,2.0
Iwaya,2023-05-12,1.3
Iwaya,2023-05-13,0.3
Iwaya,2023-05-14,4.0
Iwaya,2023-05-15,45.0
Iwaya,2023-05-16,2.9
Iwaya,2023-05-17,3.0
Iwaya,2023-05-18,3.3
Iwaya,2023-05-19,3.7
Iwaya,2023-05-20,2.8
Iwaya,2023-05-21,8.8
Iwaya,2023-05-22,1.6
Iwaya,2023-05-23,1.9
Iwaya,2023-05-24,1.4
Iwaya,2023-05-25,0.7
Iwaya,2023-05-26,0.0
Iwaya,2023-05-27,1.1
Iwaya,2023-05-28,2.9
Iwaya,2023-05-29,2.2
Iwaya,2023-05-30,0.8
Iwaya,2023-05-31,2.8
Iwaya,2023-06-01,3.0
Iwaya,2023-06-02,6.1
Iwaya,2023-06-03,3.3
Iwaya,2023-06-04,1.3
Iwaya,2023-06-05,1.0
Iwaya,2023-06-06,13.4
Iwaya,2023-06-07,13.6
Iwaya,2023-06-08,10.8
Iwaya,2023-06-09,6.9
Iwaya,2023-06-10,9.4
Iwaya,2023-06-11,13.4
Iwaya,2023-06-12,0.4
Iwaya,2023-06-13,0.3
Iwaya,2023-06-14,2.5
Iwaya,2023-06-15,18.2
Iwaya,2023-06-16,3.3
Iwaya,2023-06-17,4.4
Iwaya,2023-06-18,5.7
Iwaya,2023-06-19,6.2
Iwaya,2023-06-20,6.4
Iwaya,2023-06-21,16.0
Iwaya,2023-06-22,10.3
Iwaya,2023-06-23,6.3
Iwaya,2023-06-24,25.0
Iwaya,2023-06-25,5.2
Iwaya,2023-06-26,0.0
Iwaya,2023-06-27,0.3
Iwaya,2023-06-28,20.7
Iwaya,2023-06-29,4.0
Iwaya,2023-06-30,0.9
Iwaya,2023-07-01,11.5
Iwaya,2023-07-02,10.4
Iwaya,2023-07-03,0.9
Iwaya,2023-07-04,12.4
Iwaya,2023-07-05,0.8
Iwaya,2023-07-06,0.5
Iwaya,2023-07-07,13.7
Iwaya,2023-07-08,15.8
Iwaya,2023-07-09,21.0
Iwaya,2023-07-10,2.2
Iwaya,2023-07-11,1.2
Iwaya,2023-07-12,44.5
Iwaya,2023-07-13,2.1
Iwaya,2023-07-14,5.0
Iwaya,2023-07-15,1.5
Iwaya,2023-07-16,12.1
Iwaya,2023-07-17,4.6
Iwaya,2023-07-18,8.5
Iwaya,2023-07-19,1.4
Iwaya,2023-07-20,4.5
Iwaya,2023-07-21,9.9
Iwaya,2023-07-22,18.6
Iwaya,2023-07-23,41.3
Iwaya,2023-07-24,17.6
Iwaya,2023-07-25,0.6
Iwaya,2023-07-26,0.9
Iwaya,2023-07-27,2.1
Iwaya,2023-07-28,5.4
Iwaya,2023-07-29,11.1
Iwaya,2023-07-30,4.7
Iwaya,2023-07-31,9.7
Iwaya,2023-08-01,15.5
Iwaya,2023-08-02,3.3
Iwaya,2023-08-03,1.3
Iwaya,2023-08-04,1.2
Iwaya,2023-08-05,2.0
Iwaya,2023-08-06,1.4
Iwaya,2023-08-07,0.7
Iwaya,2023-08-08,10.4
Iwaya,2023-08-09,6.2
Iwaya,2023-08-10,2.5
Iwaya,2023-08-11,0.9
Iwaya,2023-08-12,2.0
Iwaya,2023-08-13,1.4
Iwaya,2023-08-14,16.1
Iwaya,2023-08-15,6.6
Iwaya,2023-08-16,5.0
Iwaya,2023-08-17,24.7
Iwaya,2023-08-18,7.9
Iwaya,2023-08-19,6.1
Iwaya,2023-08-20,1.8
Iwaya,2023-08-21,0.6
Iwaya,2023-08-22,0.9
Iwaya,2023-08-23,6.1
Iwaya,2023-08-24,3.5
Iwaya,2023-08-25,1.1
Iwaya,2023-08-26,1.7
Iwaya,2023-08-27,7.0
Iwaya,2023-08-28,7.3
Iwaya,2023-08-29,1.0
Iwaya,2023-08-30,18.9
Iwaya,2023-08-31,1.9
Iwaya,2023-09-01,4.9
Iwaya,2023-09-02,10.7
Iwaya,2023-09-03,12.3
Iwaya,2023-09-04,5.0
Iwaya,2023-09-05,11.7
Iwaya,2023-09-06,1.7
Iwaya,2023-09-07,0.8
Iwaya,2023-09-08,11.6
Iwaya,2023-09-09,21.1
Iwaya,2023-09-10,1.1
Iwaya,2023-09-11,1.3
Iwaya,2023-09-12,5.2
Iwaya,2023-09-13,16.7
Iwaya,2023-09-14,5.8
Iwaya,2023-09-15,7.2
Iwaya,2023-09-16,45.2
Iwaya,2023-09-17,2.8
Iwaya,2023-09-18,3.9
Iwaya,2023-09-19,8.6
Iwaya,2023-09-20,0.7
Iwaya,2023-09-21,0.6
Iwaya,2023-09-22,6.8
Iwaya,2023-09-23,3.0
Iwaya,2023-09-24,43.8
Iwaya,2023-09-25,1.9
Iwaya,2023-09-26,1.3
Iwaya,2023-09-27,0.2
Iwaya,2023-09-28,0.9
Iwaya,2023-09-29,14.5
Iwaya,2023-09-30,3.1
Iwaya,2023-10-01,3.0
Iwaya,2023-10-02,1.6
Iwaya,2023-10-03,3.8
Iwaya,2023-10-04,6.0
Iwaya,2023-10-05,18.7
Iwaya,2023-10-06,4.3
Iwaya,2023-10-07,16.9
Iwaya,2023-10-08,14.3
Iwaya,2023-10-09,4.9
Iwaya,2023-10-10,0.1
Iwaya,2023-10-11,1.8
Iwaya,2023-10-12,25.7
Iwaya,2023-10-13,1.9
Iwaya,2023-10-14,1.3
Iwaya,2023-10-15,4.5
Iwaya,2023-10-16,9.0
Iwaya,2023-10-17,9.4
Iwaya,2023-10-18,0.0
Iwaya,2023-10-19,10.0
Iwaya,2023-10-20,2.0
Iwaya,2023-10-21,2.2
Iwaya,2023-10-22,2.7
Iwaya,2023-10-23,5.9
Iwaya,2023-10-24,1.2
Iwaya,2023-10-25,6.2
Iwaya,2023-10-26,4.3
Iwaya,2023-10-27,0.3
Iwaya,2023-10-28,2.0
Iwaya,2023-10-29,0.3
Iwaya,2023-10-30,3.8
Iwaya,2023-10-31,0.0
Iwaya,2023-11-01,0.2
Iwaya,2023-11-02,2.2
Iwaya,2023-11-03,0.5
Iwaya,2023-11-04,9.3
Iwaya,2023-11-05,5.3
Iwaya,2023-11-06,8.7
Iwaya,2023-11-07,2.8
Iwaya,2023-11-08,4.2
Iwaya,2023-11-09,0.5
Iwaya,2023-11-10,0.5
Iwaya,2023-11-11,3.6
Iwaya,2023-11-12,1.5
Iwaya,2023-11-13,1.8
Iwaya,2023-11-14,1.1
Iwaya,2023-11-15,4.9
Iwaya,2023-11-16,0.1
Iwaya,2023-11-17,1.9
Iwaya,2023-11-18,3.3
Iwaya,2023-11-19,0.0
Iwaya,2023-11-20,0.6
Iwaya,2023-11-21,0.0
Iwaya,2023-11-22,1.8
Iwaya,2023-11-23,0.8
Iwaya,2023-11-24,9.4
Iwaya,2023-11-25,12.1
Iwaya,2023-11-26,16.3
Iwaya,2023-11-27,0.0
Iwaya,2023-11-28,3.9
Iwaya,2023-11-29,0.9
Iwaya,2023-11-30,0.8
Iwaya,2023-12-01,1.9
Iwaya,2023-12-02,0.5
Iwaya,2023-12-03,0.0
Iwaya,2023-12-04,0.0
Iwaya,2023-12-05,2.7
Iwaya,2023-12-06,2.9
Iwaya,2023-12-07,0.5
Iwaya,2023-12-08,0.3
Iwaya,2023-12-09,0.0
Iwaya,2023-12-10,3.9
Iwaya,2023-12-11,0.0
Iwaya,2023-12-12,1.2
Iwaya,2023-12-13,0.0
Iwaya,2023-12-14,0.0
Iwaya,2023-12-15,0.0
Iwaya,2023-12-16,0.0
Iwaya,2023-12-17,0.0
Iwaya,2023-12-18,0.0
Iwaya,2023-12-19,0.0
Iwaya,2023-12-20,0.0
Iwaya,2023-12-21,0.0
Iwaya,2023-12-22,0.0
Iwaya,2023-12-23,0.0
Iwaya,2023-12-24,0.0
Iwaya,2023-12-25,0.0
Iwaya,2023-12-26,0.0
Iwaya,2023-12-27,0.0
Iwaya,2023-12-28,0.0
Iwaya,2023-12-29,0.0
Iwaya,2023-12-30,0.0
Iwaya,2023-12-31,0.0
Iwaya,2024-01-01,1.9
Iwaya,2024-01-02,0.2
Iwaya,2024-01-03,0.1
Iwaya,2024-01-04,0.1
Iwaya,2024-01-05,1.0
Iwaya,2024-01-06,2.3
Iwaya,2024-01-07,0.5
Iwaya,2024-01-08,1.0
Iwaya,2024-01-09,0.7
Iwaya,2024-01-10,2.2
Iwaya,2024-01-11,0.0
Iwaya,2024-01-12,0.4
Iwaya,2024-01-13,0.0
Iwaya,2024-01-14,0.3
Iwaya,2024-01-15,0.0
Iwaya,2024-01-16,0.0
Iwaya,2024-01-17,0.0
Iwaya,2024-01-18,0.0
Iwaya,2024-01-19,0.0
Iwaya,2024-01-20,0.0
Iwaya,2024-01-21,0.0
Iwaya,2024-01-22,0.0
Iwaya,2024-01-23,0.0
Iwaya,2024-01-24,2.2
Iwaya,2024-01-25,0.0
Iwaya,2024-01-26,0.0
Iwaya,2024-01-27,0.0
Iwaya,2024-01-28,0.0
Iwaya,2024-01-29,0.0
Iwaya,2024-01-30,0.0
Iwaya,2024-01-31,0.0
Iwaya,2024-02-01,0.0
Iwaya,2024-02-02,0.0
Iwaya,2024-02-03,0.0
Iwaya,2024-02-04,0.0
Iwaya,2024-02-05,0.0
Iwaya,2024-02-06,0.0
Iwaya,2024-02-07,0.0
Iwaya,2024-02-08,0.0
Iwaya,2024-02-09,0.0
Iwaya,2024-02-10,0.0
Iwaya,2024-02-11,0.0
Iwaya,2024-02-12,0.0
Iwaya,2024-02-13,0.2
Iwaya,2024-02-14,0.5
Iwaya,2024-02-15,1.3
Iwaya,2024-02-16,0.0
Iwaya,2024-02-17,0.4
Iwaya,2024-02-18,2.0
Iwaya,2024-02-19,2.2
Iwaya,2024-02-20,20.6
Iwaya,2024-02-21,4.7
Iwaya,2024-02-22,3.9
Iwaya,2024-02-23,0.5
Iwaya,2024-02-24,0.0
Iwaya,2024-02-25,0.0
Iwaya,2024-02-26,3.9
Iwaya,2024-02-27,0.8
Iwaya,2024-02-28,0.1
Iwaya,2024-02-29,0.1
Iwaya,2024-03-01,0.8
Iwaya,2024-03-02,7.4
Iwaya,2024-03-03,11.0
Iwaya,2024-03-04,0.0
Iwaya,2024-03-05,2.9
Iwaya,2024-03-06,0.5
Iwaya,2024-03-07,11.6
Iwaya,2024-03-08,0.3
Iwaya,2024-03-09,2.8
Iwaya,2024-03-10,0.0
Iwaya,2024-03-11,0.0
Iwaya,2024-03-12,0.2
Iwaya,2024-03-13,1.0
Iwaya,2024-03-14,6.9
Iwaya,2024-03-15,0.0
Iwaya,2024-03-16,0.0
Iwaya,2024-03-17,0.0
Iwaya,2024-03-18,1.2
Iwaya,2024-03-19,0.6
Iwaya,2024-03-20,0.7
Iwaya,2024-03-21,13.7
Iwaya,2024-03-22,0.0
Iwaya,2024-03-23,1.6
Iwaya,2024-03-24,0.0
Iwaya,2024-03-25,5.3
Iwaya,2024-03-26,0.0
Iwaya,2024-03-27,0.0
Iwaya,2024-03-28,11.3
Iwaya,2024-03-29,18.5
Iwaya,2024-03-30,0.8
Iwaya,2024-03-31,1.7
Iwaya,2024-04-01,1.8
Iwaya,2024-04-02,0.6
Iwaya,2024-04-03,0.3
Iwaya,2024-04-04,1.7
Iwaya,2024-04-05,16.8
Iwaya,2024-04-06,14.5
Iwaya,2024-04-07,1.0
Iwaya,2024-04-08,0.1
Iwaya,2024-04-09,0.8
Iwaya,2024-04-10,2.3
Iwaya,2024-04-11,4.7
Iwaya,2024-04-12,0.0
Iwaya,2024-04-13,1.9
Iwaya,2024-04-14,2.0
Iwaya,2024-04-15,6.3
Iwaya,2024-04-16,0.7
Iwaya,2024-04-17,0.0
Iwaya,2024-04-18,0.3
Iwaya,2024-04-19,1.7
Iwaya,2024-04-20,1.0
Iwaya,2024-04-21,5.9
Iwaya,2024-04-22,0.1
Iwaya,2024-04-23,2.7
Iwaya,2024-04-24,0.0
Iwaya,2024-04-25,2.9
Iwaya,2024-04-26,3.2
Iwaya,2024-04-27,0.1
Iwaya,2024-04-28,0.0
Iwaya,2024-04-29,0.9
Iwaya,2024-04-30,1.7
Iwaya,2024-05-01,0.1
Iwaya,2024-05-02,0.2
Iwaya,2024-05-03,7.1
Iwaya,2024-05-04,1.1
Iwaya,2024-05-05,1.4
Iwaya,2024-05-06,5.8
Iwaya,2024-05-07,2.9
Iwaya,2024-05-08,1.2
Iwaya,2024-05-09,0.0
Iwaya,2024-05-10,0.0
Iwaya,2024-05-11,1.5
Iwaya,2024-05-12,2.1
Iwaya,2024-05-13,0.0
Iwaya,2024-05-14,0.0
Iwaya,2024-05-15,0.6
Iwaya,2024-05-16,11.1
Iwaya,2024-05-17,2.0
Iwaya,2024-05-18,10.3
Iwaya,2024-05-19,1.7
Iwaya,2024-05-20,0.1
Iwaya,2024-05-21,2.3
Iwaya,2024-05-22,3.3
Iwaya,2024-05-23,0.7
Iwaya,2024-05-24,4.8
Iwaya,2024-05-25,24.8
Iwaya,2024-05-26,0.5
Iwaya,2024-05-27,0.0
Iwaya,2024-05-28,2.4
Iwaya,2024-05-29,0.4
Iwaya,2024-05-30,2.1
Iwaya,2024-05-31,12.6
Iwaya,2024-06-01,1.6
Iwaya,2024-06-02,12.5
Iwaya,2024-06-03,0.4
Iwaya,2024-06-04,3.3
Iwaya,2024-06-05,1.6
Iwaya,2024-06-06,17.7
Iwaya,2024-06-07,6.5
Iwaya,2024-06-08,16.0
Iwaya,2024-06-09,14.6
Iwaya,2024-06-10,3.2
Iwaya,2024-06-11,9.5
Iwaya,2024-06-12,2.8
Iwaya,2024-06-13,0.5
Iwaya,2024-06-14,8.6
Iwaya,2024-06-15,19.8
Iwaya,2024-06-16,3.3
Iwaya,2024-06-17,1.7
Iwaya,2024-06-18,1.4
Iwaya,2024-06-19,1.6
Iwaya,2024-06-20,5.2
Iwaya,2024-06-21,17.4
Iwaya,2024-06-22,1.1
Iwaya,2024-06-23,1.2
Iwaya,2024-06-24,10.7
Iwaya,2024-06-25,31.3
Iwaya,2024-06-26,6.2
Iwaya,2024-06-27,2.0
Iwaya,2024-06-28,9.6
Iwaya,2024-06-29,8.1
Iwaya,2024-06-30,2.3
Iwaya,2024-07-01,5.0
Iwaya,2024-07-02,14.5
Iwaya,2024-07-03,37.5
Iwaya,2024-07-04,21.9
Iwaya,2024-07-05,5.5
Iwaya,2024-07-06,22.3
Iwaya,2024-07-07,6.2
Iwaya,2024-07-08,14.0
Iwaya,2024-07-09,1.4
Iwaya,2024-07-10,9.9
Iwaya,2024-07-11,4.8
Iwaya,2024-07-12,5.7
Iwaya,2024-07-13,2.7
Iwaya,2024-07-14,5.5
Iwaya,2024-07-15,0.4
Iwaya,2024-07-16,0.9
Iwaya,2024-07-17,0.5
Iwaya,2024-07-18,0.8
Iwaya,2024-07-19,1.8
Iwaya,2024-07-20,2.6
Iwaya,2024-07-21,1.2
Iwaya,2024-07-22,0.7
Iwaya,2024-07-23,0.3
Iwaya,2024-07-24,0.2
Iwaya,2024-07-25,0.1
Iwaya,2024-07-26,0.9
Iwaya,2024-07-27,0.2
Iwaya,2024-07-28,1.1
Iwaya,2024-07-29,0.2
Iwaya,2024-07-30,1.6
Iwaya,2024-07-31,0.8
Iwaya,2024-08-01,1.0
Iwaya,2024-08-02,2.8
Iwaya,2024-08-03,1.2
Iwaya,2024-08-04,0.8
Iwaya,2024-08-05,0.8
Iwaya,2024-08-06,0.8
Iwaya,2024-08-07,0.6
Iwaya,2024-08-08,1.3
Iwaya,2024-08-09,0.3
Iwaya,2024-08-10,0.1
Iwaya,2024-08-11,0.6
Iwaya,2024-08-12,1.4
Iwaya,2024-08-13,0.6
Iwaya,2024-08-14,1.8
Iwaya,2024-08-15,0.3
Iwaya,2024-08-16,1.1
Iwaya,2024-08-17,0.8
Iwaya,2024-08-18,0.4
Iwaya,2024-08-19,6.5
Iwaya,2024-08-20,13.6
Iwaya,2024-08-21,1.3
Iwaya,2024-08-22,0.5
Iwaya,2024-08-23,20.1
Iwaya,2024-08-24,11.3
Iwaya,2024-08-25,5.3
Iwaya,2024-08-26,10.8
Iwaya,2024-08-27,0.7
Iwaya,2024-08-28,1.5
Iwaya,2024-08-29,1.9
Iwaya,2024-08-30,3.6
Iwaya,2024-08-31,0.6
Iwaya,2024-09-01,1.0
Iwaya,2024-09-02,0.1
Iwaya,2024-09-03,0.0
Iwaya,2024-09-04,0.0
Iwaya,2024-09-05,0.1
Iwaya,2024-09-06,0.0
Iwaya,2024-09-07,8.6
Iwaya,2024-09-08,0.4
Iwaya,2024-09-09,0.6
Iwaya,2024-09-10,10.8
Iwaya,2024-09-11,7.4
Iwaya,2024-09-12,12.3
Iwaya,2024-09-13,13.5
Iwaya,2024-09-14,12.2
Iwaya,2024-09-15,4.0
Iwaya,2024-09-16,0.9
Iwaya,2024-09-17,18.0
Iwaya,2024-09-18,12.5
Iwaya,2024-09-19,1.7
Iwaya,2024-09-20,1.8
Iwaya,2024-09-21,2.3
Iwaya,2024-09-22,4.4
Iwaya,2024-09-23,1.7
Iwaya,2024-09-24,7.4
Iwaya,2024-09-25,19.8
Iwaya,2024-09-26,2.4
Iwaya,2024-09-27,7.2
Iwaya,2024-09-28,9.9
Iwaya,2024-09-29,10.5
Iwaya,2024-09-30,21.3
Iwaya,2024-10-01,0.6
Iwaya,2024-10-02,3.0
Iwaya,2024-10-03,16.0
Iwaya,2024-10-04,7.0
Iwaya,2024-10-05,9.8
Iwaya,2024-10-06,7.9
Iwaya,2024-10-07,5.0
Iwaya,2024-10-08,0.6
Iwaya,2024-10-09,2.9
Iwaya,2024-10-10,0.3
Iwaya,2024-10-11,1.0
Iwaya,2024-10-12,10.3
Iwaya,2024-10-13,11.2
Iwaya,2024-10-14,12.1
Iwaya,2024-10-15,1.3
Iwaya,2024-10-16,7.4
Iwaya,2024-10-17,27.9
Iwaya,2024-10-18,4.0
Iwaya,2024-10-19,6.3
Iwaya,2024-10-20,3.3
Iwaya,2024-10-21,4.0
Iwaya,2024-10-22,6.2
Iwaya,2024-10-23,1.2
Iwaya,2024-10-24,0.7
Iwaya,2024-10-25,25.0
Iwaya,2024-10-26,2.3
Iwaya,2024-10-27,0.5
Iwaya,2024-10-28,3.5
Iwaya,2024-10-29,5.1
Iwaya,2024-10-30,3.9
Iwaya,2024-10-31,0.4
Iwaya,2024-11-01,1.3
Iwaya,2024-11-02,2.7
Iwaya,2024-11-03,5.8
Iwaya,2024-11-04,1.8
Iwaya,2024-11-05,0.0
Iwaya,2024-11-06,1.7
Iwaya,2024-11-07,0.0
Iwaya,2024-11-08,0.0
Iwaya,2024-11-09,0.9
Iwaya,2024-11-10,3.6
Iwaya,2024-11-11,0.8
Iwaya,2024-11-12,0.3
Iwaya,2024-11-13,0.0
Iwaya,2024-11-14,11.1
Iwaya,2024-11-15,0.4
Iwaya,2024-11-16,1.4
Iwaya,2024-11-17,2.2
Iwaya,2024-11-18,1.1
Iwaya,2024-11-19,0.0
Iwaya,2024-11-20,0.0
Iwaya,2024-11-21,0.0
Iwaya,2024-11-22,7.2
Iwaya,2024-11-23,1.9
Iwaya,2024-11-24,0.0
Iwaya,2024-11-25,0.0
Iwaya,2024-11-26,3.1
Iwaya,2024-11-27,0.8
Iwaya,2024-11-28,0.0
Iwaya,2024-11-29,0.0
Iwaya,2024-11-30,0.0
Iwaya,2024-12-01,0.0
Iwaya,2024-12-02,0.0
Iwaya,2024-12-03,0.0
Iwaya,2024-12-04,1.6
Iwaya,2024-12-05,4.3
Iwaya,2024-12-06,0.7
Iwaya,2024-12-07,0.0
Iwaya,2024-12-08,0.0
Iwaya,2024-12-09,0.0
Iwaya,2024-12-10,0.0
Iwaya,2024-12-11,0.0
Iwaya,2024-12-12,0.8
Iwaya,2024-12-13,2.0
Iwaya,2024-12-14,0.0
Iwaya,2024-12-15,0.0
Iwaya,2024-12-16,0.0
Iwaya,2024-12-17,0.0
Iwaya,2024-12-18,0.0
Iwaya,2024-12-19,0.0
Iwaya,2024-12-20,0.0
Iwaya,2024-12-21,0.0
Iwaya,2024-12-22,0.0
Iwaya,2024-12-23,0.0
Iwaya,2024-12-24,0.0
Iwaya,2024-12-25,0.0
Iwaya,2024-12-26,0.0
Iwaya,2024-12-27,0.0
Iwaya,2024-12-28,0.0
Iwaya,2024-12-29,0.0
Iwaya,2024-12-30,0.0
Iwaya,2024-12-31,0.0
Iwaya,2025-01-01,0.0
Iwaya,2025-01-02,0.0
Iwaya,2025-01-03,0.2
Iwaya,2025-01-04,1.4
Iwaya,2025-01-05,0.3
Iwaya,2025-01-06,1.6
Iwaya,2025-01-07,0.5
Iwaya,2025-01-08,1.1
Iwaya,2025-01-09,0.1
Iwaya,2025-01-10,0.2
Iwaya,2025-01-11,0.0
Iwaya,2025-01-12,0.0
Iwaya,2025-01-13,0.0
Iwaya,2025-01-14,0.0
Iwaya,2025-01-15,0.0
Iwaya,2025-01-16,0.0
Iwaya,2025-01-17,0.0
Iwaya,2025-01-18,1.0
Iwaya,2025-01-19,0.2
Iwaya,2025-01-20,1.0
Iwaya,2025-01-21,0.0
Iwaya,2025-01-22,0.6
Iwaya,2025-01-23,3.8
Iwaya,2025-01-24,0.9
Iwaya,2025-01-25,1.2
Iwaya,2025-01-26,1.4
Iwaya,2025-01-27,2.0
Iwaya,2025-01-28,0.9
Iwaya,2025-01-29,1.7
Iwaya,2025-01-30,0.8
Iwaya,2025-01-31,2.9
Iwaya,2025-02-01,0.2
Iwaya,2025-02-02,2.5
Iwaya,2025-02-03,0.2
Iwaya,2025-02-04,0.0
Iwaya,2025-02-05,0.7
Iwaya,2025-02-06,1.0
Iwaya,2025-02-07,1.1
Iwaya,2025-02-08,4.4
Iwaya,2025-02-09,0.5
Iwaya,2025-02-10,2.8
Iwaya,2025-02-11,1.4
Iwaya,2025-02-12,1.8
Iwaya,2025-02-13,3.9
Iwaya,2025-02-14,0.8
Iwaya,2025-02-15,1.4
Iwaya,2025-02-16,0.3
Iwaya,2025-02-17,0.4
Iwaya,2025-02-18,0.0
Iwaya,2025-02-19,2.3
Iwaya,2025-02-20,0.9
Iwaya,2025-02-21,2.0
Iwaya,2025-02-22,12.7
Iwaya,2025-02-23,0.8
Iwaya,2025-02-24,0.1
Iwaya,2025-02-25,5.5
Iwaya,2025-02-26,1.4
Iwaya,2025-02-27,0.7
Iwaya,2025-02-28,1.5
Iwaya,2025-03-01,1.0
Iwaya,2025-03-02,0.4
Iwaya,2025-03-03,4.4
Iwaya,2025-03-04,2.8
Iwaya,2025-03-05,7.6
Iwaya,2025-03-06,3.4
Iwaya,2025-03-07,0.5
Iwaya,2025-03-08,0.3
Iwaya,2025-03-09,1.9
Iwaya,2025-03-10,0.8
Iwaya,2025-03-11,2.8
Iwaya,2025-03-12,0.3
Iwaya,2025-03-13,0.5
Iwaya,2025-03-14,0.7
Iwaya,2025-03-15,2.2
Iwaya,2025-03-16,4.3
Iwaya,2025-03-17,3.2
Iwaya,2025-03-18,2.1
Iwaya,2025-03-19,2.7
Iwaya,2025-03-20,0.2
Iwaya,2025-03-21,1.3
Iwaya,2025-03-22,3.3
Iwaya,2025-03-23,2.4
Iwaya,2025-03-24,5.9
Iwaya,2025-03-25,2.8
Iwaya,2025-03-26,7.4
Iwaya,2025-03-27,0.8
Iwaya,2025-03-28,1.9
Iwaya,2025-03-29,0.3
Iwaya,2025-03-30,18.6
Iwaya,2025-03-31,9.6
Iwaya,2025-04-01,6.0
Iwaya,2025-04-02,18.9
Iwaya,2025-04-03,4.8
Iwaya,2025-04-04,0.1
Iwaya,2025-04-05,0.4
Iwaya,2025-04-06,3.0
Iwaya,2025-04-07,0.7
Iwaya,2025-04-08,1.2
Iwaya,2025-04-09,25.7
Iwaya,2025-04-10,5.7
Iwaya,2025-04-11,25.4
Iwaya,2025-04-12,0.0
Iwaya,2025-04-13,5.0
Iwaya,2025-04-14,13.4
Iwaya,2025-04-15,4.1
Iwaya,2025-04-16,5.7
Iwaya,2025-04-17,3.5
Iwaya,2025-04-18,0.2
Iwaya,2025-04-19,3.6
Iwaya,2025-04-20,8.1
Iwaya,2025-04-21,2.6
Iwaya,2025-04-22,14.7
Iwaya,2025-04-23,6.8
Iwaya,2025-04-24,0.0
Iwaya,2025-04-25,0.1
Iwaya,2025-04-26,6.9
Iwaya,2025-04-27,1.0
Iwaya,2025-04-28,1.7
Iwaya,2025-04-29,4.4
Iwaya,2025-04-30,0.0
Iwaya,2025-05-01,3.5
Iwaya,2025-05-02,21.2
Iwaya,2025-05-03,0.0
Iwaya,2025-05-04,5.2
Iwaya,2025-05-05,3.7
Iwaya,2025-05-06,1.0
Iwaya,2025-05-07,7.3
Iwaya,2025-05-08,11.5
Iwaya,2025-05-09,14.9
Iwaya,2025-05-10,0.9
Iwaya,2025-05-11,0.3
Iwaya,2025-05-12,1.1
Iwaya,2025-05-13,8.1
Iwaya,2025-05-14,0.1
Iwaya,2025-05-15,1.7
Iwaya,2025-05-16,10.8
Iwaya,2025-05-17,26.8
Iwaya,2025-05-18,6.5
Iwaya,2025-05-19,0.0
Iwaya,2025-05-20,7.7
Iwaya,2025-05-21,2.4
Iwaya,2025-05-22,7.2
Iwaya,2025-05-23,10.6
Iwaya,2025-05-24,13.4
Iwaya,2025-05-25,0.0
Iwaya,2025-05-26,0.0
Iwaya,2025-05-27,1.0
Iwaya,2025-05-28,4.9
Iwaya,2025-05-29,17.9
Iwaya,2025-05-30,5.7
Iwaya,2025-05-31,0.0
Iwaya,2025-06-01,0.8
Iwaya,2025-06-02,3.4
Iwaya,2025-06-03,21.5
Iwaya,2025-06-04,21.8
Iwaya,2025-06-05,5.9
Iwaya,2025-06-06,3.4
Iwaya,2025-06-07,10.8
Iwaya,2025-06-08,7.7
Iwaya,2025-06-09,17.8
Iwaya,2025-06-10,1.4
Iwaya,2025-06-11,8.8
Iwaya,2025-06-12,4.2
Iwaya,2025-06-13,1.8
Iwaya,2025-06-14,62.1
Iwaya,2025-06-15,21.8
Iwaya,2025-06-16,3.2
Iwaya,2025-06-17,2.4
Iwaya,2025-06-18,19.1
Iwaya,2025-06-19,24.4
Iwaya,2025-06-20,15.9
Iwaya,2025-06-21,3.4
Iwaya,2025-06-22,14.6
Iwaya,2025-06-23,6.1
Iwaya,2025-06-24,8.5
Iwaya,2025-06-25,3.3
Iwaya,2025-06-26,9.0
Iwaya,2025-06-27,3.4
Iwaya,2025-06-28,2.8
Iwaya,2025-06-29,12.0
Iwaya,2025-06-30,13.5
Iwaya,2025-07-01,9.5
Iwaya,2025-07-02,3.0
Iwaya,2025-07-03,14.0
Iwaya,2025-07-04,10.2
Iwaya,2025-07-05,5.6
Iwaya,2025-07-06,11.2
Iwaya,2025-07-07,16.0
Iwaya,2025-07-08,8.8
Iwaya,2025-07-09,4.7
Iwaya,2025-07-10,1.1
Iwaya,2025-07-11,2.4
Iwaya,2025-07-12,1.6
Iwaya,2025-07-13,0.8
Iwaya,2025-07-14,0.0
Iwaya,2025-07-15,0.1
Iwaya,2025-07-16,1.8
Iwaya,2025-07-17,2.8
Iwaya,2025-07-18,0.2
Iwaya,2025-07-19,0.3
Iwaya,2025-07-20,1.0
Iwaya,2025-07-21,0.7
Iwaya,2025-07-22,1.7
Iwaya,2025-07-23,3.3
Iwaya,2025-07-24,0.7
Iwaya,2025-07-25,0.3
Iwaya,2025-07-26,0.2
Iwaya,2025-07-27,1.3
Iwaya,2025-07-28,0.0
Iwaya,2025-07-29,0.2
Iwaya,2025-07-30,0.2
Iwaya,2025-07-31,2.7
Iwaya,2025-08-01,3.7
Iwaya,2025-08-02,1.8
Iwaya,2025-08-03,11.2
Iwaya,2025-08-04,33.1
Iwaya,2025-08-05,3.1
Iwaya,2025-08-06,4.3
Iwaya,2025-08-07,1.5
Iwaya,2025-08-08,2.7
Iwaya,2025-08-09,3.4
Iwaya,2025-08-10,0.7
Iwaya,2025-08-11,0.2
Iwaya,2025-08-12,0.7
Iwaya,2025-08-13,1.4
Iwaya,2025-08-14,0.7
Iwaya,2025-08-15,1.6
Iwaya,2025-08-16,3.1
Iwaya,2025-08-17,1.7
Iwaya,2025-08-18,1.3
Iwaya,2025-08-19,0.9
Iwaya,2025-08-20,0.6
Iwaya,2025-08-21,5.4
Iwaya,2025-08-22,3.5
Iwaya,2025-08-23,1.2
Iwaya,2025-08-24,0.6
Iwaya,2025-08-25,0.2
Iwaya,2025-08-26,0.3
Iwaya,2025-08-27,1.2
Iwaya,2025-08-28,0.9
Iwaya,2025-08-29,0.6
Iwaya,2025-08-30,13.6
Iwaya,2025-08-31,0.8
Iwaya,2025-09-01,0.2
Iwaya,2025-09-02,0.2
Iwaya,2025-09-03,1.5
Iwaya,2025-09-04,0.5
Iwaya,2025-09-05,1.0
Iwaya,2025-09-06,0.9
Iwaya,2025-09-07,0.5
Iwaya,2025-09-08,8.4
Iwaya,2025-09-09,9.3
Iwaya,2025-09-10,1.9
Iwaya,2025-09-11,3.4
Iwaya,2025-09-12,8.9
Iwaya,2025-09-13,9.2
Iwaya,2025-09-14,7.4
Iwaya,2025-09-15,24.1
Iwaya,2025-09-16,40.0
Iwaya,2025-09-17,10.7
Iwaya,2025-09-18,4.5
Iwaya,2025-09-19,2.2
Iwaya,2025-09-20,1.0
Iwaya,2025-09-21,3.4
Iwaya,2025-09-22,6.4
Iwaya,2025-09-23,11.2
Iwaya,2025-09-24,19.6
Iwaya,2025-09-25,8.4
Iwaya,2025-09-26,1.5
Iwaya,2025-09-27,1.4
Iwaya,2025-09-28,17.5
Iwaya,2025-09-29,12.7
Iwaya,2025-09-30,7.0
Iwaya,2025-10-01,6.6
Iwaya,2025-10-02,3.6
Iwaya,2025-10-03,2.6
Iwaya,2025-10-04,1.6
Iwaya,2025-10-05,20.4
Iwaya,2025-10-06,10.2
Iwaya,2025-10-07,18.1
Iwaya,2025-10-08,4.0
Iwaya,2025-10-09,0.8
Iwaya,2025-10-10,17.4
Iwaya,2025-10-11,3.0
Iwaya,2025-10-12,1.4
Iwaya,2025-10-13,12.3
Iwaya,2025-10-14,1.7
Iwaya,2025-10-15,2.8
Iwaya,2025-10-16,13.0
Iwaya,2025-10-17,1.9
Iwaya,2025-10-18,9.7
Iwaya,2025-10-19,4.2
Iwaya,2025-10-20,0.6
Iwaya,2025-10-21,0.1
Iwaya,2025-10-22,2.6
Iwaya,2025-10-23,2.2
Iwaya,2025-10-24,6.0
Iwaya,2025-10-25,0.4
Iwaya,2025-10-26,3.9
Iwaya,2025-10-27,2.9
Iwaya,2025-10-28,15.1
Iwaya,2025-10-29,0.2
Iwaya,2025-10-30,3.4
Iwaya,2025-10-31,19.3
Iwaya,2025-11-01,3.8
Iwaya,2025-11-02,2.1
Iwaya,2025-11-03,4.7
Iwaya,2025-11-04,3.4
Iwaya,2025-11-05,8.9
Iwaya,2025-11-06,5.5
Iwaya,2025-11-07,6.7
Iwaya,2025-11-08,0.6
Iwaya,2025-11-09,0.9
Iwaya,2025-11-10,0.4
Iwaya,2025-11-11,3.0
Iwaya,2025-11-12,1.1
Iwaya,2025-11-13,2.4
Iwaya,2025-11-14,0.2
Iwaya,2025-11-15,0.1
Iwaya,2025-11-16,1.2
Iwaya,2025-11-17,1.4
Iwaya,2025-11-18,1.3
Iwaya,2025-11-19,1.0
Iwaya,2025-11-20,0.4
Iwaya,2025-11-21,1.9
Iwaya,2025-11-22,3.2
Iwaya,2025-11-23,1.4
Iwaya,2025-11-24,0.1
Iwaya,2025-11-25,0.5
Iwaya,2025-11-26,2.0
Iwaya,2025-11-27,2.8
Iwaya,2025-11-28,3.0
Iwaya,2025-11-29,1.8
Iwaya,2025-11-30,3.2
Iwaya,2025-12-01,1.3
Iwaya,2025-12-02,1.3
Iwaya,2025-12-03,7.6
Iwaya,2025-12-04,0.9
Iwaya,2025-12-05,1.1
Iwaya,2025-12-06,1.6
Iwaya,2025-12-07,4.3
Iwaya,2025-12-08,2.1
Iwaya,2025-12-09,1.5
Iwaya,2025-12-10,0.4
Iwaya,2025-12-11,14.2
Iwaya,2025-12-12,1.2
Iwaya,2025-12-13,4.9
Iwaya,2025-12-14,3.2
Iwaya,2025-12-15,2.5
Iwaya,2025-12-16,1.5
Iwaya,2025-12-17,1.1
Iwaya,2025-12-18,0.3
Iwaya,2025-12-19,2.6
Iwaya,2025-12-20,0.6
Iwaya,2025-12-21,1.2
Iwaya,2025-12-22,1.3
Iwaya,2025-12-23,1.5
Iwaya,2025-12-24,0.5
Iwaya,2025-12-25,2.6
Iwaya,2025-12-26,0.8
Iwaya,2025-12-27,4.6
Iwaya,2025-12-28,0.9
Iwaya,2025-12-29,2.8
Iwaya,2025-12-30,1.2
Iwaya,2025-12-31,0.2
Iwaya,2026-01-01,3.2
Iwaya,2026-01-02,1.7
Iwaya,2026-01-03,0.1
Iwaya,2026-01-04,0.5
Iwaya,2026-01-05,0.0
Iwaya,2026-01-06,0.3
Iwaya,2026-01-07,0.5
Iwaya,2026-01-08,3.9
Iwaya,2026-01-09,0.4
Iwaya,2026-01-10,2.9
Iwaya,2026-01-11,2.4
Iwaya,2026-01-12,3.0
Iwaya,2026-01-13,0.0
Iwaya,2026-01-14,0.0
Iwaya,2026-01-15,1.6
Iwaya,2026-01-16,0.3
Iwaya,2026-01-17,1.4
Iwaya,2026-01-18,4.1
Iwaya,2026-01-19,3.0
Iwaya,2026-01-20,1.5
Iwaya,2026-01-21,0.1
Iwaya,2026-01-22,1.4
Iwaya,2026-01-23,0.0
Iwaya,2026-01-24,0.0
Iwaya,2026-01-25,0.0
Iwaya,2026-01-26,0.0
Iwaya,2026-01-27,0.0
Iwaya,2026-01-28,2.6
Iwaya,2026-01-29,3.2
Iwaya,2026-01-30,6.6
Iwaya,2026-01-31,2.1
Iwaya,2026-02-01,1.7
Iwaya,2026-02-02,6.1
Iwaya,2026-02-03,0.2
Iwaya,2026-02-04,0.0
Iwaya,2026-02-05,0.0
Iwaya,2026-02-06,1.9
Iwaya,2026-02-07,2.1
Iwaya,2026-02-08,1.9
Iwaya,2026-02-09,1.3
Iwaya,2026-02-10,3.6
Iwaya,2026-02-11,0.0
Iwaya,2026-02-12,1.4
Iwaya,2026-02-13,1.5
Iwaya,2026-02-14,20.8
Iwaya,2026-02-15,0.0
Iwaya,2026-02-16,0.9
Iwaya,2026-02-17,3.3
Iwaya,2026-02-18,0.0
Iwaya,2026-02-19,0.7
Iwaya,2026-02-20,1.0
Iwaya,2026-02-21,0.2
Iwaya,2026-02-22,0.0
Iwaya,2026-02-23,2.6
Iwaya,2026-02-24,3.8
Iwaya,2026-02-25,0.5
Iwaya,2026-02-26,2.2
Iwaya,2026-02-27,3.6
Iwaya,2026-02-28,0.2
Iwaya,2026-03-01,0.2
Iwaya,2026-03-02,2.8
Iwaya,2026-03-03,2.5
Iwaya,2026-03-04,5.6
Iwaya,2026-03-05,1.9
Iwaya,2026-03-06,1.7
Iwaya,2026-03-07,0.6
Iwaya,2026-03-08,4.0
Iwaya,2026-03-09,0.9
Iwaya,2026-03-10,2.0
Iwaya,2026-03-11,1.5
Iwaya,2026-03-12,0.0
Iwaya,2026-03-13,1.4
Iwaya,2026-03-14,2.9
Iwaya,2026-03-15,0.0
Iwaya,2026-03-16,0.8
Iwaya,2026-03-17,2.6
Iwaya,2026-03-18,0.3
Iwaya,2026-03-19,0.0
Iwaya,2026-03-20,0.2
Iwaya,2026-03-21,3.6
Iwaya,2026-03-22,5.2
Iwaya,2026-03-23,4.0
Iwaya,2026-03-24,4.6
Iwaya,2026-03-25,0.1
Iwaya,2026-03-26,0.0
Iwaya,2026-03-27,0.4
Iwaya,2026-03-28,7.7
Iwaya,2026-03-29,1.6
Iwaya,2026-03-30,0.0
Iwaya,2026-03-31,1.0
Iwaya,2026-04-01,0.0
Iwaya,2026-04-02,6.3
Iwaya,2026-04-03,1.4
Iwaya,2026-04-04,0.0
Iwaya,2026-04-05,4.9
Iwaya,2026-04-06,1.2
Iwaya,2026-04-07,0.0
Iwaya,2026-04-08,2.7
Iwaya,2026-04-09,2.8
Iwaya,2026-04-10,0.0
Iwaya,2026-04-11,0.0
Iwaya,2026-04-12,0.0
Iwaya,2026-04-13,10.9
Iwaya,2026-04-14,3.2
Iwaya,2026-04-15,6.5
Iwaya,2026-04-16,0.3
Iwaya,2026-04-17,0.4
Iwaya,2026-04-18,0.0
Iwaya,2026-04-19,7.5
Iwaya,2026-04-20,1.1
Iwaya,2026-04-21,2.3
Iwaya,2026-04-22,1.6
Iwaya,2026-04-23,0.4
Iwaya,2026-04-24,1.8
Iwaya,2026-04-25,6.4
Iwaya,2026-04-26,26.6
Iwaya,2026-04-27,0.0
Iwaya,2026-04-28,8.5
Iwaya,2026-04-29,2.0
Iwaya,2026-04-30,6.2
Iwaya,2026-05-01,0.0
Iwaya,2026-05-02,2.0
Iwaya,2026-05-03,4.4
Iwaya,2026-05-04,6.7
Iwaya,2026-05-05,1.8
Iwaya,2026-05-06,7.2
Iwaya,2026-05-07,0.7
Iwaya,2026-05-08,10.8
Iwaya,2026-05-09,11.0
Iwaya,2026-05-10,2.3
Iwaya,2026-05-11,3.2
Iwaya,2026-05-12,0.4
Iwaya,2026-05-13,1.7
Iwaya,2026-05-14,11.9
Iwaya,2026-05-15,6.3
Iwaya,2026-05-16,1.7
Iwaya,2026-05-17,13.6
Iwaya,2026-05-18,5.1
Iwaya,2026-05-19,8.1
Iwaya,2026-05-20,3.2
Iwaya,2026-05-21,11.4
Iwaya,2026-05-22,22.9
Iwaya,2026-05-23,9.2
Iwaya,2026-05-24,10.4
Iwaya,2026-05-25,10.5
Iwaya,2026-05-26,5.2
Iwaya,2026-05-27,1.1
Iwaya,2026-05-28,6.9
Iwaya,2026-05-29,1.7
Iwaya,2026-05-30,13.0
Iwaya,2026-05-31,0.8
Iwaya,2026-06-01,12.9
Iwaya,2026-06-02,9.2
Iwaya,2026-06-03,12.8
Iwaya,2026-06-04,13.4
Iwaya,2026-06-05,9.1
Iwaya,2026-06-06,16.3
Iwaya,2026-06-07,5.0
Iwaya,2026-06-08,19.1
Iwaya,2026-06-09,12.6
Iwaya,2026-06-10,6.5
Iwaya,2026-06-11,0.5
Iwaya,2026-06-12,10.3
Iwaya,2026-06-13,4.7
Iwaya,2026-06-14,4.4
Iwaya,2026-06-15,13.4
Iwaya,2026-06-16,6.2
Iwaya,2026-06-17,4.5
Iwaya,2026-06-18,3.3
Iwaya,2026-06-19,4.6
Iwaya,2026-06-20,18.5
Iwaya,2026-06-21,39.0
Iwaya,2026-06-22,0.2
Iwaya,2026-06-23,1.8
Iwaya,2026-06-24,16.6
Iwaya,2026-06-25,4.0
Iwaya,2026-06-26,9.2
Iwaya,2026-06-27,3.7
Iwaya,2026-06-28,14.4
Iwaya,2026-06-29,24.3
Iwaya,2026-06-30,31.4
Iwaya,2026-07-01,3.3
Iwaya,2026-07-02,10.0
Iwaya,2026-07-03,3.2
Iwaya,2026-07-04,3.6
Iwaya,2026-07-05,5.7
Iwaya,2026-07-06,5.3
Iwaya,2026-07-07,6.6
Iwaya,2026-07-08,7.7
Iwaya,2026-07-09,9.1
Iwaya,2026-07-10,59.1
Iwaya,2026-07-11,8.9
Iwaya,2026-07-12,6.0
Iwaya,2026-07-13,22.8
Iwaya,2026-07-14,10.4
Iwaya,2026-07-15,7.1
Iwaya,2026-07-16,15.1
Iwaya,2026-07-17,0.8
Iwaya,2026-07-18,0.0
Iwaya,2026-07-19,1.2
Iwaya,2026-07-20,3.1
Iwaya,2026-07-21,0.6
Iwaya,2026-07-22,3.1
Iwaya,2026-07-23,4.8
Iwaya,2026-07-24,3.7
Iwaya,2026-07-25,0.4
Iwaya,2026-07-26,1.4
Iwaya,2026-07-27,15.5
Iwaya,2026-07-28,6.3
Iwaya,2026-07-29,16.8
Iwaya,2026-07-30,4.5
Iwaya,2026-07-31,0.9
Iwaya,2026-08-01,2.3
Iwaya,2026-08-02,5.7
Iwaya,2026-08-03,2.2
Iwaya,2026-08-04,1.8
Iwaya,2026-08-05,4.4
Iwaya,2026-08-06,7.1
Iwaya,2026-08-07,4.4
Iwaya,2026-08-08,0.2
Iwaya,2026-08-09,0.1
Iwaya,2026-08-10,0.5
Iwaya,2026-08-11,0.4
Iwaya,2026-08-12,0.1
Iwaya,2026-08-13,6.2
Iwaya,2026-08-14,0.7
Iwaya,2026-08-15,0.3
Iwaya,2026-08-16,3.4
Iwaya,2026-08-17,0.5
Iwaya,2026-08-18,1.8
Iwaya,2026-08-19,5.5
Iwaya,2026-08-20,1.0
Iwaya,2026-08-21,3.6
Iwaya,2026-08-22,9.4
Iwaya,2026-08-23,6.3
Iwaya,2026-08-24,4.6
Iwaya,2026-08-25,0.1
Iwaya,2026-08-26,2.7
Iwaya,2026-08-27,8.5
Iwaya,2026-08-28,22.6
Iwaya,2026-08-29,11.0
Iwaya,2026-08-30,12.3
Iwaya,2026-08-31,1.0
Iwaya,2026-09-01,0.1
Ketu,2019-01-01,0.0
Ketu,2019-01-02,0.0
Ketu,2019-01-03,0.0
Ketu,2019-01-04,0.0
Ketu,2019-01-05,0.0
Ketu,2019-01-06,0.0
Ketu,2019-01-07,0.0
Ketu,2019-01-08,0.0
Ketu,2019-01-09,0.0
Ketu,2019-01-10,0.0
Ketu,2019-01-11,0.1
Ketu,2019-01-12,0.0
Ketu,2019-01-13,0.4
Ketu,2019-01-14,1.2
Ketu,2019-01-15,1.3
Ketu,2019-01-16,1.9
Ketu,2019-01-17,1.4
Ketu,2019-01-18,0.7
Ketu,2019-01-19,0.5
Ketu,2019-01-20,4.2
Ketu,2019-01-21,3.0
Ketu,2019-01-22,0.4
Ketu,2019-01-23,0.9
Ketu,2019-01-24,12.9
Ketu,2019-01-25,0.9
Ketu,2019-01-26,1.0
Ketu,2019-01-27,5.3
Ketu,2019-01-28,8.8
Ketu,2019-01-29,8.9
Ketu,2019-01-30,11.9
Ketu,2019-01-31,1.3
Ketu,2019-02-01,1.2
Ketu,2019-02-02,9.0
Ketu,2019-02-03,2.7
Ketu,2019-02-04,1.6
Ketu,2019-02-05,0.2
Ketu,2019-02-06,1.5
Ketu,2019-02-07,1.2
Ketu,2019-02-08,1.0
Ketu,2019-02-09,0.0
Ketu,2019-02-10,0.0
Ketu,2019-02-11,0.0
Ketu,2019-02-12,0.1
Ketu,2019-02-13,0.0
Ketu,2019-02-14,0.0
Ketu,2019-02-15,0.6
Ketu,2019-02-16,0.0
Ketu,2019-02-17,0.4
Ketu,2019-02-18,0.4
Ketu,2019-02-19,1.3
Ketu,2019-02-20,0.7
Ketu,2019-02-21,1.0
Ketu,2019-02-22,4.9
Ketu,2019-02-23,7.1
Ketu,2019-02-24,13.2
Ketu,2019-02-25,1.6
Ketu,2019-02-26,12.0
Ketu,2019-02-27,4.8
Ketu,2019-02-28,5.6
Ketu,2019-03-01,4.5
Ketu,2019-03-02,1.2
Ketu,2019-03-03,0.0
Ketu,2019-03-04,2.1
Ketu,2019-03-05,0.4
Ketu,2019-03-06,10.2
Ketu,2019-03-07,0.9
Ketu,2019-03-08,0.4
Ketu,2019-03-09,4.9
Ketu,2019-03-10,8.6
Ketu,2019-03-11,0.9
Ketu,2019-03-12,1.2
Ketu,2019-03-13,1.1
Ketu,2019-03-14,0.2
Ketu,2019-03-15,1.4
Ketu,2019-03-16,12.4
Ketu,2019-03-17,0.4
Ketu,2019-03-18,0.2
Ketu,2019-03-19,0.9
Ketu,2019-03-20,2.9
Ketu,2019-03-21,7.9
Ketu,2019-03-22,3.7
Ketu,2019-03-23,0.8
Ketu,2019-03-24,2.7
Ketu,2019-03-25,3.5
Ketu,2019-03-26,0.1
Ketu,2019-03-27,1.4
Ketu,2019-03-28,0.9
Ketu,2019-03-29,4.7
Ketu,2019-03-30,8.4
Ketu,2019-03-31,5.0
Ketu,2019-04-01,0.0
Ketu,2019-04-02,0.8
Ketu,2019-04-03,0.3
Ketu,2019-04-04,1.7
Ketu,2019-04-05,3.9
Ketu,2019-04-06,1.1
Ketu,2019-04-07,18.4
Ketu,2019-04-08,5.0
Ketu,2019-04-09,0.0
Ketu,2019-04-10,7.4
Ketu,2019-04-11,15.8
Ketu,2019-04-12,0.2
Ketu,2019-04-13,0.6
Ketu,2019-04-14,1.2
Ketu,2019-04-15,0.0
Ketu,2019-04-16,0.0
Ketu,2019-04-17,5.3
Ketu,2019-04-18,3.4
Ketu,2019-04-19,0.8
Ketu,2019-04-20,0.7
Ketu,2019-04-21,1.6
Ketu,2019-04-22,4.9
Ketu,2019-04-23,11.8
Ketu,2019-04-24,4.8
Ketu,2019-04-25,9.6
Ketu,2019-04-26,4.1
Ketu,2019-04-27,2.0
Ketu,2019-04-28,2.6
Ketu,2019-04-29,6.0
Ketu,2019-04-30,4.8
Ketu,2019-05-01,3.4
Ketu,2019-05-02,8.4
Ketu,2019-05-03,8.9
Ketu,2019-05-04,1.0
Ketu,2019-05-05,0.0
Ketu,2019-05-06,0.1
Ketu,2019-05-07,0.5
Ketu,2019-05-08,1.3
Ketu,2019-05-09,0.3
Ketu,2019-05-10,0.4
Ketu,2019-05-11,7.8
Ketu,2019-05-12,0.9
Ketu,2019-05-13,1.3
Ketu,2019-05-14,14.5
Ketu,2019-05-15,23.2
Ketu,2019-05-16,0.3
Ketu,2019-05-17,0.0
Ketu,2019-05-18,0.3
Ketu,2019-05-19,0.7
Ketu,2019-05-20,10.0
Ketu,2019-05-21,4.9
Ketu,2019-05-22,2.6
Ketu,2019-05-23,3.4
Ketu,2019-05-24,7.4
Ketu,2019-05-25,5.6
Ketu,2019-05-26,14.8
Ketu,2019-05-27,9.1
Ketu,2019-05-28,5.0
Ketu,2019-05-29,4.2
Ketu,2019-05-30,10.7
Ketu,2019-05-31,83.8
Ketu,2019-06-01,13.2
Ketu,2019-06-02,1.0
Ketu,2019-06-03,1.4
Ketu,2019-06-04,7.7
Ketu,2019-06-05,2.4
Ketu,2019-06-06,5.7
Ketu,2019-06-07,7.7
Ketu,2019-06-08,2.4
Ketu,2019-06-09,4.1
Ketu,2019-06-10,7.6
Ketu,2019-06-11,5.6
Ketu,2019-06-12,2.6
Ketu,2019-06-13,12.7
Ketu,2019-06-14,10.6
Ketu,2019-06-15,9.7
Ketu,2019-06-16,0.9
Ketu,2019-06-17,1.3
Ketu,2019-06-18,3.8
Ketu,2019-06-19,1.0
Ketu,2019-06-20,8.6
Ketu,2019-06-21,7.6
Ketu,2019-06-22,6.7
Ketu,2019-06-23,3.6
Ketu,2019-06-24,6.4
Ketu,2019-06-25,5.6
Ketu,2019-06-26,9.3
Ketu,2019-06-27,4.8
Ketu,2019-06-28,14.4
Ketu,2019-06-29,1.4
Ketu,2019-06-30,3.7
Ketu,2019-07-01,4.8
Ketu,2019-07-02,0.3
Ketu,2019-07-03,11.5
Ketu,2019-07-04,5.7
Ketu,2019-07-05,7.4
Ketu,2019-07-06,3.3
Ketu,2019-07-07,3.5
Ketu,2019-07-08,4.1
Ketu,2019-07-09,1.3
Ketu,2019-07-10,4.7
Ketu,2019-07-11,16.0
Ketu,2019-07-12,37.6
Ketu,2019-07-13,1.7
Ketu,2019-07-14,0.8
Ketu,2019-07-15,7.5
Ketu,2019-07-16,11.0
Ketu,2019-07-17,1.1
Ketu,2019-07-18,3.2
Ketu,2019-07-19,9.0
Ketu,2019-07-20,10.0
Ketu,2019-07-21,1.3
Ketu,2019-07-22,1.2
Ketu,2019-07-23,3.3
Ketu,2019-07-24,4.0
Ketu,2019-07-25,6.1
Ketu,2019-07-26,11.7
Ketu,2019-07-27,12.3
Ketu,2019-07-28,9.2
Ketu,2019-07-29,3.8
Ketu,2019-07-30,0.9
Ketu,2019-07-31,1.3
Ketu,2019-08-01,2.8
Ketu,2019-08-02,2.8
Ketu,2019-08-03,1.7
Ketu,2019-08-04,1.9
Ketu,2019-08-05,0.8
Ketu,2019-08-06,0.9
Ketu,2019-08-07,1.0
Ketu,2019-08-08,3.0
Ketu,2019-08-09,3.7
Ketu,2019-08-10,2.0
Ketu,2019-08-11,1.0
Ketu,2019-08-12,1.7
Ketu,2019-08-13,5.4
Ketu,2019-08-14,1.9
Ketu,2019-08-15,2.8
Ketu,2019-08-16,1.7
Ketu,2019-08-17,2.3
Ketu,2019-08-18,1.2
Ketu,2019-08-19,3.4
Ketu,2019-08-20,1.7
Ketu,2019-08-21,2.6
Ketu,2019-08-22,2.8
Ketu,2019-08-23,9.5
Ketu,2019-08-24,2.3
Ketu,2019-08-25,12.5
Ketu,2019-08-26,10.7
Ketu,2019-08-27,4.5
Ketu,2019-08-28,9.1
Ketu,2019-08-29,0.7
Ketu,2019-08-30,0.9
Ketu,2019-08-31,9.1
Ketu,2019-09-01,10.2
Ketu,2019-09-02,6.9
Ketu,2019-09-03,2.0
Ketu,2019-09-04,12.3
Ketu,2019-09-05,3.0
Ketu,2019-09-06,13.4
Ketu,2019-09-07,4.5
Ketu,2019-09-08,8.4
Ketu,2019-09-09,10.5
Ketu,2019-09-10,15.4
Ketu,2019-09-11,17.4
Ketu,2019-09-12,5.3
Ketu,2019-09-13,1.1
Ketu,2019-09-14,9.6
Ketu,2019-09-15,6.2
Ketu,2019-09-16,5.8
Ketu,2019-09-17,7.7
Ketu,2019-09-18,23.0
Ketu,2019-09-19,68.8
Ketu,2019-09-20,2.4
Ketu,2019-09-21,0.2
Ketu,2019-09-22,4.5
Ketu,2019-09-23,1.6
Ketu,2019-09-24,5.5
Ketu,2019-09-25,1.4
Ketu,2019-09-26,1.6
Ketu,2019-09-27,10.2
Ketu,2019-09-28,7.1
Ketu,2019-09-29,7.7
Ketu,2019-09-30,12.9
Ketu,2019-10-01,28.6
Ketu,2019-10-02,14.0
Ketu,2019-10-03,1.8
Ketu,2019-10-04,16.9
Ketu,2019-10-05,39.9
Ketu,2019-10-06,17.9
Ketu,2019-10-07,12.8
Ketu,2019-10-08,9.4
Ketu,2019-10-09,17.1
Ketu,2019-10-10,2.0
Ketu,2019-10-11,14.7
Ketu,2019-10-12,32.5
Ketu,2019-10-13,1.4
Ketu,2019-10-14,1.7
Ketu,2019-10-15,6.4
Ketu,2019-10-16,10.4
Ketu,2019-10-17,12.6
Ketu,2019-10-18,12.5
Ketu,2019-10-19,21.1
Ketu,2019-10-20,31.8
Ketu,2019-10-21,3.4
Ketu,2019-10-22,8.2
Ketu,2019-10-23,4.9
Ketu,2019-10-24,22.6
Ketu,2019-10-25,13.0
Ketu,2019-10-26,13.3
Ketu,2019-10-27,8.6
Ketu,2019-10-28,9.5
Ketu,2019-10-29,3.1
Ketu,2019-10-30,3.7
Ketu,2019-10-31,3.6
Ketu,2019-11-01,2.8
Ketu,2019-11-02,15.7
Ketu,2019-11-03,7.6
Ketu,2019-11-04,0.2
Ketu,2019-11-05,5.3
Ketu,2019-11-06,3.9
Ketu,2019-11-07,0.6
Ketu,2019-11-08,1.5
Ketu,2019-11-09,0.7
Ketu,2019-11-10,14.3
Ketu,2019-11-11,5.8
Ketu,2019-11-12,4.3
Ketu,2019-11-13,1.2
Ketu,2019-11-14,0.1
Ketu,2019-11-15,7.9
Ketu,2019-11-16,2.3
Ketu,2019-11-17,0.5
Ketu,2019-11-18,1.1
Ketu,2019-11-19,0.7
Ketu,2019-11-20,1.0
Ketu,2019-11-21,1.2
Ketu,2019-11-22,0.6
Ketu,2019-11-23,0.2
Ketu,2019-11-24,0.6
Ketu,2019-11-25,0.8
Ketu,2019-11-26,0.5
Ketu,2019-11-27,2.0
Ketu,2019-11-28,1.6
Ketu,2019-11-29,0.1
Ketu,2019-11-30,0.0
Ketu,2019-12-01,0.0
Ketu,2019-12-02,0.8
Ketu,2019-12-03,2.0
Ketu,2019-12-04,0.0
Ketu,2019-12-05,1.5
Ketu,2019-12-06,2.4
Ketu,2019-12-07,0.1
Ketu,2019-12-08,0.8
Ketu,2019-12-09,0.7
Ketu,2019-12-10,0.7
Ketu,2019-12-11,1.0
Ketu,2019-12-12,0.3
Ketu,2019-12-13,0.0
Ketu,2019-12-14,0.3
Ketu,2019-12-15,0.7
Ketu,2019-12-16,0.0
Ketu,2019-12-17,0.0
Ketu,2019-12-18,0.0
Ketu,2019-12-19,0.0
Ketu,2019-12-20,0.0
Ketu,2019-12-21,1.5
Ketu,2019-12-22,0.0
Ketu,2019-12-23,0.0
Ketu,2019-12-24,0.0
Ketu,2019-12-25,0.0
Ketu,2019-12-26,0.0
Ketu,2019-12-27,0.0
Ketu,2019-12-28,0.0
Ketu,2019-12-29,0.0
Ketu,2019-12-30,0.0
Ketu,2019-12-31,0.0
Ketu,2020-01-01,0.0
Ketu,2020-01-02,0.0
Ketu,2020-01-03,0.0
Ketu,2020-01-04,0.0
Ketu,2020-01-05,0.0
Ketu,2020-01-06,0.0
Ketu,2020-01-07,0.0
Ketu,2020-01-08,0.0
Ketu,2020-01-09,0.0
Ketu,2020-01-10,0.2
Ketu,2020-01-11,0.6
Ketu,2020-01-12,0.5
Ketu,2020-01-13,0.4
Ketu,2020-01-14,0.0
Ketu,2020-01-15,0.0
Ketu,2020-01-16,0.0
Ketu,2020-01-17,0.1
Ketu,2020-01-18,0.0
Ketu,2020-01-19,0.0
Ketu,2020-01-20,0.0
Ketu,2020-01-21,0.0
Ketu,2020-01-22,0.0
Ketu,2020-01-23,0.0
Ketu,2020-01-24,0.0
Ketu,2020-01-25,0.0
Ketu,2020-01-26,0.0
Ketu,2020-01-27,0.0
Ketu,2020-01-28,0.0
Ketu,2020-01-29,0.0
Ketu,2020-01-30,0.1
Ketu,2020-01-31,0.2
Ketu,2020-02-01,0.0
Ketu,2020-02-02,0.0
Ketu,2020-02-03,0.0
Ketu,2020-02-04,0.0
Ketu,2020-02-05,0.0
Ketu,2020-02-06,0.0
Ketu,2020-02-07,0.0
Ketu,2020-02-08,0.0
Ketu,2020-02-09,0.0
Ketu,2020-02-10,1.9
Ketu,2020-02-11,0.0
Ketu,2020-02-12,0.0
Ketu,2020-02-13,0.0
Ketu,2020-02-14,0.0
Ketu,2020-02-15,0.0
Ketu,2020-02-16,0.0
Ketu,2020-02-17,0.0
Ketu,2020-02-18,0.2
Ketu,2020-02-19,0.2
Ketu,2020-02-20,0.0
Ketu,2020-02-21,0.0
Ketu,2020-02-22,0.0
Ketu,2020-02-23,0.0
Ketu,2020-02-24,0.1
Ketu,2020-02-25,0.2
Ketu,2020-02-26,0.1
Ketu,2020-02-27,0.2
Ketu,2020-02-28,0.2
Ketu,2020-02-29,0.2
Ketu,2020-03-01,2.1
Ketu,2020-03-02,1.9
Ketu,2020-03-03,0.1
Ketu,2020-03-04,1.1
Ketu,2020-03-05,4.5
Ketu,2020-03-06,5.6
Ketu,2020-03-07,0.7
Ketu,2020-03-08,0.5
Ketu,2020-03-09,0.0
Ketu,2020-03-10,0.0
Ketu,2020-03-11,0.8
Ketu,2020-03-12,1.1
Ketu,2020-03-13,3.8
Ketu,2020-03-14,7.7
Ketu,2020-03-15,0.0
Ketu,2020-03-16,0.0
Ketu,2020-03-17,0.0
Ketu,2020-03-18,1.0
Ketu,2020-03-19,0.8
Ketu,2020-03-20,0.4
Ketu,2020-03-21,0.7
Ketu,2020-03-22,0.0
Ketu,2020-03-23,1.2
Ketu,2020-03-24,2.8
Ketu,2020-03-25,4.6
Ketu,2020-03-26,0.0
Ketu,2020-03-27,0.9
Ketu,2020-03-28,0.0
Ketu,2020-03-29,0.0
Ketu,2020-03-30,0.1
Ketu,2020-03-31,0.0
Ketu,2020-04-01,1.1
Ketu,2020-04-02,0.0
Ketu,2020-04-03,0.5
Ketu,2020-04-04,0.6
Ketu,2020-04-05,0.0
Ketu,2020-04-06,0.3
Ketu,2020-04-07,0.0
Ketu,2020-04-08,0.0
Ketu,2020-04-09,1.0
Ketu,2020-04-10,2.0
Ketu,2020-04-11,1.7
Ketu,2020-04-12,0.2
Ketu,2020-04-13,0.2
Ketu,2020-04-14,0.3
Ketu,2020-04-15,0.0
Ketu,2020-04-16,2.6
Ketu,2020-04-17,6.9
Ketu,2020-04-18,3.6
Ketu,2020-04-19,5.6
Ketu,2020-04-20,0.5
Ketu,2020-04-21,0.7
Ketu,2020-04-22,3.0
Ketu,2020-04-23,1.2
Ketu,2020-04-24,0.3
Ketu,2020-04-25,8.6
Ketu,2020-04-26,5.3
Ketu,2020-04-27,0.5
Ketu,2020-04-28,0.0
Ketu,2020-04-29,0.0
Ketu,2020-04-30,0.9
Ketu,2020-05-01,0.0
Ketu,2020-05-02,1.2
Ketu,2020-05-03,7.5
Ketu,2020-05-04,0.5
Ketu,2020-05-05,0.0
Ketu,2020-05-06,0.6
Ketu,2020-05-07,0.2
Ketu,2020-05-08,0.8
Ketu,2020-05-09,3.9
Ketu,2020-05-10,15.8
Ketu,2020-05-11,12.1
Ketu,2020-05-12,0.6
Ketu,2020-05-13,3.3
Ketu,2020-05-14,0.5
Ketu,2020-05-15,0.0
Ketu,2020-05-16,6.6
Ketu,2020-05-17,5.8
Ketu,2020-05-18,1.6
Ketu,2020-05-19,7.5
Ketu,2020-05-20,2.4
Ketu,2020-05-21,16.2
Ketu,2020-05-22,11.7
Ketu,2020-05-23,1.8
Ketu,2020-05-24,2.2
Ketu,2020-05-25,23.1
Ketu,2020-05-26,0.9
Ketu,2020-05-27,0.5
Ketu,2020-05-28,15.4
Ketu,2020-05-29,3.6
Ketu,2020-05-30,9.3
Ketu,2020-05-31,5.2
Ketu,2020-06-01,10.1
Ketu,2020-06-02,0.1
Ketu,2020-06-03,0.5
Ketu,2020-06-04,1.9
Ketu,2020-06-05,1.0
Ketu,2020-06-06,10.1
Ketu,2020-06-07,14.6
Ketu,2020-06-08,0.6
Ketu,2020-06-09,1.7
Ketu,2020-06-10,9.3
Ketu,2020-06-11,7.1
Ketu,2020-06-12,4.8
Ketu,2020-06-13,3.5
Ketu,2020-06-14,11.5
Ketu,2020-06-15,4.4
Ketu,2020-06-16,3.3
Ketu,2020-06-17,13.3
Ketu,2020-06-18,88.2
Ketu,2020-06-19,8.4
Ketu,2020-06-20,8.8
Ketu,2020-06-21,12.3
Ketu,2020-06-22,13.6
Ketu,2020-06-23,1.7
Ketu,2020-06-24,3.3
Ketu,2020-06-25,2.3
Ketu,2020-06-26,2.9
Ketu,2020-06-27,7.5
Ketu,2020-06-28,11.9
Ketu,2020-06-29,58.1
Ketu,2020-06-30,7.7
Ketu,2020-07-01,15.5
Ketu,2020-07-02,6.2
Ketu,2020-07-03,1.4
Ketu,2020-07-04,41.7
Ketu,2020-07-05,12.7
Ketu,2020-07-06,12.4
Ketu,2020-07-07,9.5
Ketu,2020-07-08,16.2
Ketu,2020-07-09,10.8
Ketu,2020-07-10,5.7
Ketu,2020-07-11,10.0
Ketu,2020-07-12,5.5
Ketu,2020-07-13,2.3
Ketu,2020-07-14,1.5
Ketu,2020-07-15,1.7
Ketu,2020-07-16,3.9
Ketu,2020-07-17,7.8
Ketu,2020-07-18,1.9
Ketu,2020-07-19,0.4
Ketu,2020-07-20,5.7
Ketu,2020-07-21,18.5
Ketu,2020-07-22,1.4
Ketu,2020-07-23,1.2
Ketu,2020-07-24,2.1
Ketu,2020-07-25,0.8
Ketu,2020-07-26,2.0
Ketu,2020-07-27,1.2
Ketu,2020-07-28,1.2
Ketu,2020-07-29,0.6
Ketu,2020-07-30,1.7
Ketu,2020-07-31,1.9
Ketu,2020-08-01,2.0
Ketu,2020-08-02,1.5
Ketu,2020-08-03,0.3
Ketu,2020-08-04,0.0
Ketu,2020-08-05,0.2
Ketu,2020-08-06,0.0
Ketu,2020-08-07,0.6
Ketu,2020-08-08,0.4
Ketu,2020-08-09,0.3
Ketu,2020-08-10,0.9
Ketu,2020-08-11,0.0
Ketu,2020-08-12,0.0
Ketu,2020-08-13,0.1
Ketu,2020-08-14,1.6
Ketu,2020-08-15,1.4
Ketu,2020-08-16,1.1
Ketu,2020-08-17,2.0
Ketu,2020-08-18,0.8
Ketu,2020-08-19,0.8
Ketu,2020-08-20,0.2
Ketu,2020-08-21,2.6
Ketu,2020-08-22,1.8
Ketu,2020-08-23,0.5
Ketu,2020-08-24,0.1
Ketu,2020-08-25,0.4
Ketu,2020-08-26,1.1
Ketu,2020-08-27,0.9
Ketu,2020-08-28,0.6
Ketu,2020-08-29,1.4
Ketu,2020-08-30,2.7
Ketu,2020-08-31,9.6
Ketu,2020-09-01,2.7
Ketu,2020-09-02,1.7
Ketu,2020-09-03,1.8
Ketu,2020-09-04,1.6
Ketu,2020-09-05,2.5
Ketu,2020-09-06,1.2
Ketu,2020-09-07,2.6
Ketu,2020-09-08,1.0
Ketu,2020-09-09,115.1
Ketu,2020-09-10,2.6
Ketu,2020-09-11,1.4
Ketu,2020-09-12,10.3
Ketu,2020-09-13,12.9
Ketu,2020-09-14,3.8
Ketu,2020-09-15,10.8
Ketu,2020-09-16,12.0
Ketu,2020-09-17,3.6
Ketu,2020-09-18,2.0
Ketu,2020-09-19,6.6
Ketu,2020-09-20,6.6
Ketu,2020-09-21,8.4
Ketu,2020-09-22,15.9
Ketu,2020-09-23,2.9
Ketu,2020-09-24,1.7
Ketu,2020-09-25,1.0
Ketu,2020-09-26,6.1
Ketu,2020-09-27,4.1
Ketu,2020-09-28,10.4
Ketu,2020-09-29,5.2
Ketu,2020-09-30,9.1
Ketu,2020-10-01,2.1
Ketu,2020-10-02,2.9
Ketu,2020-10-03,6.0
Ketu,2020-10-04,7.1
Ketu,2020-10-05,5.0
Ketu,2020-10-06,11.1
Ketu,2020-10-07,2.4
Ketu,2020-10-08,14.3
Ketu,2020-10-09,16.7
Ketu,2020-10-10,8.3
Ketu,2020-10-11,22.7
Ketu,2020-10-12,0.5
Ketu,2020-10-13,5.6
Ketu,2020-10-14,5.3
Ketu,2020-10-15,5.1
Ketu,2020-10-16,5.2
Ketu,2020-10-17,10.4
Ketu,2020-10-18,1.2
Ketu,2020-10-19,3.2
Ketu,2020-10-20,1.5
Ketu,2020-10-21,1.8
Ketu,2020-10-22,1.0
Ketu,2020-10-23,1.4
Ketu,2020-10-24,8.0
Ketu,2020-10-25,16.2
Ketu,2020-10-26,4.3
Ketu,2020-10-27,6.3
Ketu,2020-10-28,1.8
Ketu,2020-10-29,2.4
Ketu,2020-10-30,0.2
Ketu,2020-10-31,2.0
Ketu,2020-11-01,4.7
Ketu,2020-11-02,2.3
Ketu,2020-11-03,2.4
Ketu,2020-11-04,7.2
Ketu,2020-11-05,7.6
Ketu,2020-11-06,4.9
Ketu,2020-11-07,7.9
Ketu,2020-11-08,0.0
Ketu,2020-11-09,8.1
Ketu,2020-11-10,4.6
Ketu,2020-11-11,2.1
Ketu,2020-11-12,0.0
Ketu,2020-11-13,0.0
Ketu,2020-11-14,0.5
Ketu,2020-11-15,1.6
Ketu,2020-11-16,4.3
Ketu,2020-11-17,2.2
Ketu,2020-11-18,3.6
Ketu,2020-11-19,1.5
Ketu,2020-11-20,1.1
Ketu,2020-11-21,2.3
Ketu,2020-11-22,0.1
Ketu,2020-11-23,1.0
Ketu,2020-11-24,2.1
Ketu,2020-11-25,4.6
Ketu,2020-11-26,3.1
Ketu,2020-11-27,10.7
Ketu,2020-11-28,3.1
Ketu,2020-11-29,0.4
Ketu,2020-11-30,0.0
Ketu,2020-12-01,1.0
Ketu,2020-12-02,0.2
Ketu,2020-12-03,1.0
Ketu,2020-12-04,1.2
Ketu,2020-12-05,0.5
Ketu,2020-12-06,2.5
Ketu,2020-12-07,0.6
Ketu,2020-12-08,2.6
Ketu,2020-12-09,1.3
Ketu,2020-12-10,1.7
Ketu,2020-12-11,1.3
Ketu,2020-12-12,2.2
Ketu,2020-12-13,4.3
Ketu,2020-12-14,0.6
Ketu,2020-12-15,1.4
Ketu,2020-12-16,2.1
Ketu,2020-12-17,0.6
Ketu,2020-12-18,0.1
Ketu,2020-12-19,0.8
Ketu,2020-12-20,2.6
Ketu,2020-12-21,1.2
Ketu,2020-12-22,0.6
Ketu,2020-12-23,1.1
Ketu,2020-12-24,2.2
Ketu,2020-12-25,0.0
Ketu,2020-12-26,0.0
Ketu,2020-12-27,0.0
Ketu,2020-12-28,0.0
Ketu,2020-12-29,0.0
Ketu,2020-12-30,0.0
Ketu,2020-12-31,0.0
Ketu,2021-01-01,0.0
Ketu,2021-01-02,0.6
Ketu,2021-01-03,0.7
Ketu,2021-01-04,2.2
Ketu,2021-01-05,1.9
Ketu,2021-01-06,2.1
Ketu,2021-01-07,1.4
Ketu,2021-01-08,0.6
Ketu,2021-01-09,0.2
Ketu,2021-01-10,0.5
Ketu,2021-01-11,0.0
Ketu,2021-01-12,0.8
Ketu,2021-01-13,0.3
Ketu,2021-01-14,2.5
Ketu,2021-01-15,0.3
Ketu,2021-01-16,2.0
Ketu,2021-01-17,3.0
Ketu,2021-01-18,1.3
Ketu,2021-01-19,0.0
Ketu,2021-01-20,0.0
Ketu,2021-01-21,0.0
Ketu,2021-01-22,0.0
Ketu,2021-01-23,0.0
Ketu,2021-01-24,0.0
Ketu,2021-01-25,0.0
Ketu,2021-01-26,0.0
Ketu,2021-01-27,0.0
Ketu,2021-01-28,1.5
Ketu,2021-01-29,0.8
Ketu,2021-01-30,0.4
Ketu,2021-01-31,0.0
Ketu,2021-02-01,2.0
Ketu,2021-02-02,1.1
Ketu,2021-02-03,1.4
Ketu,2021-02-04,1.0
Ketu,2021-02-05,1.3
Ketu,2021-02-06,0.8
Ketu,2021-02-07,0.3
Ketu,2021-02-08,1.3
Ketu,2021-02-09,0.5
Ketu,2021-02-10,0.4
Ketu,2021-02-11,1.0
Ketu,2021-02-12,0.5
Ketu,2021-02-13,5.8
Ketu,2021-02-14,2.5
Ketu,2021-02-15,10.8
Ketu,2021-02-16,4.6
Ketu,2021-02-17,1.3
Ketu,2021-02-18,0.1
Ketu,2021-02-19,0.0
Ketu,2021-02-20,0.0
Ketu,2021-02-21,0.0
Ketu,2021-02-22,0.0
Ketu,2021-02-23,0.1
Ketu,2021-02-24,3.2
Ketu,2021-02-25,0.8
Ketu,2021-02-26,1.0
Ketu,2021-02-27,0.6
Ketu,2021-02-28,0.0
Ketu,2021-03-01,0.7
Ketu,2021-03-02,0.2
Ketu,2021-03-03,0.1
Ketu,2021-03-04,1.4
Ketu,2021-03-05,2.2
Ketu,2021-03-06,2.4
Ketu,2021-03-07,2.0
Ketu,2021-03-08,3.6
Ketu,2021-03-09,4.7
Ketu,2021-03-10,2.8
Ketu,2021-03-11,0.6
Ketu,2021-03-12,2.2
Ketu,2021-03-13,20.2
Ketu,2021-03-14,1.3
Ketu,2021-03-15,0.0
Ketu,2021-03-16,0.0
Ketu,2021-03-17,13.5
Ketu,2021-03-18,3.5
Ketu,2021-03-19,0.0
Ketu,2021-03-20,0.0
Ketu,2021-03-21,0.2
Ketu,2021-03-22,20.1
Ketu,2021-03-23,15.6
Ketu,2021-03-24,1.6
Ketu,2021-03-25,3.4
Ketu,2021-03-26,0.0
Ketu,2021-03-27,1.0
Ketu,2021-03-28,0.6
Ketu,2021-03-29,0.0
Ketu,2021-03-30,0.4
Ketu,2021-03-31,1.2
Ketu,2021-04-01,2.5
Ketu,2021-04-02,2.2
Ketu,2021-04-03,3.3
Ketu,2021-04-04,0.7
Ketu,2021-04-05,1.3
Ketu,2021-04-06,0.8
Ketu,2021-04-07,0.6
Ketu,2021-04-08,4.0
Ketu,2021-04-09,1.5
Ketu,2021-04-10,0.1
Ketu,2021-04-11,0.0
Ketu,2021-04-12,0.3
Ketu,2021-04-13,0.9
Ketu,2021-04-14,0.4
Ketu,2021-04-15,0.1
Ketu,2021-04-16,4.2
Ketu,2021-04-17,1.2
Ketu,2021-04-18,7.7
Ketu,2021-04-19,0.0
Ketu,2021-04-20,0.7
Ketu,2021-04-21,0.1
Ketu,2021-04-22,0.8
Ketu,2021-04-23,1.7
Ketu,2021-04-24,2.1
Ketu,2021-04-25,0.0
Ketu,2021-04-26,0.9
Ketu,2021-04-27,0.3
Ketu,2021-04-28,0.2
Ketu,2021-04-29,0.0
Ketu,2021-04-30,0.4
Ketu,2021-05-01,0.8
Ketu,2021-05-02,0.0
Ketu,2021-05-03,7.8
Ketu,2021-05-04,2.2
Ketu,2021-05-05,0.3
Ketu,2021-05-06,5.8
Ketu,2021-05-07,1.5
Ketu,2021-05-08,1.9
Ketu,2021-05-09,1.0
Ketu,2021-05-10,0.1
Ketu,2021-05-11,0.5
Ketu,2021-05-12,2.3
Ketu,2021-05-13,0.8
Ketu,2021-05-14,3.6
Ketu,2021-05-15,6.0
Ketu,2021-05-16,2.5
Ketu,2021-05-17,9.1
Ketu,2021-05-18,4.5
Ketu,2021-05-19,1.9
Ketu,2021-05-20,18.9
Ketu,2021-05-21,4.2
Ketu,2021-05-22,1.0
Ketu,2021-05-23,0.0
Ketu,2021-05-24,0.0
Ketu,2021-05-25,0.7
Ketu,2021-05-26,2.9
Ketu,2021-05-27,3.8
Ketu,2021-05-28,1.9
Ketu,2021-05-29,10.3
Ketu,2021-05-30,9.8
Ketu,2021-05-31,2.2
Ketu,2021-06-01,2.1
Ketu,2021-06-02,1.2
Ketu,2021-06-03,0.2
Ketu,2021-06-04,10.9
Ketu,2021-06-05,4.0
Ketu,2021-06-06,0.9
Ketu,2021-06-07,0.8
Ketu,2021-06-08,5.7
Ketu,2021-06-09,12.7
Ketu,2021-06-10,1.2
Ketu,2021-06-11,2.7
Ketu,2021-06-12,0.9
Ketu,2021-06-13,0.3
Ketu,2021-06-14,0.2
Ketu,2021-06-15,6.1
Ketu,2021-06-16,10.2
Ketu,2021-06-17,7.2
Ketu,2021-06-18,15.9
Ketu,2021-06-19,4.2
Ketu,2021-06-20,24.0
Ketu,2021-06-21,34.8
Ketu,2021-06-22,4.3
Ketu,2021-06-23,14.7
Ketu,2021-06-24,12.4
Ketu,2021-06-25,6.2
Ketu,2021-06-26,18.0
Ketu,2021-06-27,0.3
Ketu,2021-06-28,12.6
Ketu,2021-06-29,20.9
Ketu,2021-06-30,14.6
Ketu,2021-07-01,13.0
Ketu,2021-07-02,22.3
Ketu,2021-07-03,28.5
Ketu,2021-07-04,4.9
Ketu,2021-07-05,1.0
Ketu,2021-07-06,1.1
Ketu,2021-07-07,3.4
Ketu,2021-07-08,11.1
Ketu,2021-07-09,15.7
Ketu,2021-07-10,2.3
Ketu,2021-07-11,1.2
Ketu,2021-07-12,2.6
Ketu,2021-07-13,0.4
Ketu,2021-07-14,2.5
Ketu,2021-07-15,3.9
Ketu,2021-07-16,59.2
Ketu,2021-07-17,1.4
Ketu,2021-07-18,1.3
Ketu,2021-07-19,5.8
Ketu,2021-07-20,4.1
Ketu,2021-07-21,2.1
Ketu,2021-07-22,0.8
Ketu,2021-07-23,0.6
Ketu,2021-07-24,0.9
Ketu,2021-07-25,0.4
Ketu,2021-07-26,0.2
Ketu,2021-07-27,0.0
Ketu,2021-07-28,1.0
Ketu,2021-07-29,1.0
Ketu,2021-07-30,0.9
Ketu,2021-07-31,1.8
Ketu,2021-08-01,0.9
Ketu,2021-08-02,0.1
Ketu,2021-08-03,4.8
Ketu,2021-08-04,18.1
Ketu,2021-08-05,14.9
Ketu,2021-08-06,1.7
Ketu,2021-08-07,8.3
Ketu,2021-08-08,18.2
Ketu,2021-08-09,2.4
Ketu,2021-08-10,3.8
Ketu,2021-08-11,1.1
Ketu,2021-08-12,2.7
Ketu,2021-08-13,2.7
Ketu,2021-08-14,1.2
Ketu,2021-08-15,1.9
Ketu,2021-08-16,2.2
Ketu,2021-08-17,2.5
Ketu,2021-08-18,2.9
Ketu,2021-08-19,13.3
Ketu,2021-08-20,12.7
Ketu,2021-08-21,34.4
Ketu,2021-08-22,8.1
Ketu,2021-08-23,14.0
Ketu,2021-08-24,20.8
Ketu,2021-08-25,9.1
Ketu,2021-08-26,2.6
Ketu,2021-08-27,8.3
Ketu,2021-08-28,3.8
Ketu,2021-08-29,11.3
Ketu,2021-08-30,19.6
Ketu,2021-08-31,1.5
Ketu,2021-09-01,10.1
Ketu,2021-09-02,14.6
Ketu,2021-09-03,13.1
Ketu,2021-09-04,15.0
Ketu,2021-09-05,11.8
Ketu,2021-09-06,8.5
Ketu,2021-09-07,8.0
Ketu,2021-09-08,3.8
Ketu,2021-09-09,3.6
Ketu,2021-09-10,2.3
Ketu,2021-09-11,19.4
Ketu,2021-09-12,0.4
Ketu,2021-09-13,14.2
Ketu,2021-09-14,8.0
Ketu,2021-09-15,11.7
Ketu,2021-09-16,1.7
Ketu,2021-09-17,0.9
Ketu,2021-09-18,9.7
Ketu,2021-09-19,9.8
Ketu,2021-09-20,0.0
Ketu,2021-09-21,16.4
Ketu,2021-09-22,27.1
Ketu,2021-09-23,1.6
Ketu,2021-09-24,11.6
Ketu,2021-09-25,28.4
Ketu,2021-09-26,1.8
Ketu,2021-09-27,1.3
Ketu,2021-09-28,2.1
Ketu,2021-09-29,3.7
Ketu,2021-09-30,17.0
Ketu,2021-10-01,14.9
Ketu,2021-10-02,1.5
Ketu,2021-10-03,9.7
Ketu,2021-10-04,1.4
Ketu,2021-10-05,3.2
Ketu,2021-10-06,11.0
Ketu,2021-10-07,1.8
Ketu,2021-10-08,1.7
Ketu,2021-10-09,9.1
Ketu,2021-10-10,16.4
Ketu,2021-10-11,2.1
Ketu,2021-10-12,1.9
Ketu,2021-10-13,2.3
Ketu,2021-10-14,7.5
Ketu,2021-10-15,5.8
Ketu,2021-10-16,1.4
Ketu,2021-10-17,5.3
Ketu,2021-10-18,11.0
Ketu,2021-10-19,10.1
Ketu,2021-10-20,2.3
Ketu,2021-10-21,24.4
Ketu,2021-10-22,10.5
Ketu,2021-10-23,15.5
Ketu,2021-10-24,3.2
Ketu,2021-10-25,4.3
Ketu,2021-10-26,6.2
Ketu,2021-10-27,13.6
Ketu,2021-10-28,3.1
Ketu,2021-10-29,0.4
Ketu,2021-10-30,1.7
Ketu,2021-10-31,1.8
Ketu,2021-11-01,1.4
Ketu,2021-11-02,0.4
Ketu,2021-11-03,0.0
Ketu,2021-11-04,7.3
Ketu,2021-11-05,0.7
Ketu,2021-11-06,0.1
Ketu,2021-11-07,11.9
Ketu,2021-11-08,6.8
Ketu,2021-11-09,9.9
Ketu,2021-11-10,4.8
Ketu,2021-11-11,17.6
Ketu,2021-11-12,0.7
Ketu,2021-11-13,2.8
Ketu,2021-11-14,2.0
Ketu,2021-11-15,3.5
Ketu,2021-11-16,6.3
Ketu,2021-11-17,0.3
Ketu,2021-11-18,1.7
Ketu,2021-11-19,1.1
Ketu,2021-11-20,0.3
Ketu,2021-11-21,1.0
Ketu,2021-11-22,0.8
Ketu,2021-11-23,0.7
Ketu,2021-11-24,1.0
Ketu,2021-11-25,1.0
Ketu,2021-11-26,0.7
Ketu,2021-11-27,1.0
Ketu,2021-11-28,0.0
Ketu,2021-11-29,0.7
Ketu,2021-11-30,1.2
Ketu,2021-12-01,0.0
Ketu,2021-12-02,0.1
Ketu,2021-12-03,0.0
Ketu,2021-12-04,0.0
Ketu,2021-12-05,1.9
Ketu,2021-12-06,0.8
Ketu,2021-12-07,0.7
Ketu,2021-12-08,1.3
Ketu,2021-12-09,0.0
Ketu,2021-12-10,0.1
Ketu,2021-12-11,0.0
Ketu,2021-12-12,0.0
Ketu,2021-12-13,0.0
Ketu,2021-12-14,0.2
Ketu,2021-12-15,0.3
Ketu,2021-12-16,0.0
Ketu,2021-12-17,0.0
Ketu,2021-12-18,0.0
Ketu,2021-12-19,0.0
Ketu,2021-12-20,0.0
Ketu,2021-12-21,0.0
Ketu,2021-12-22,0.0
Ketu,2021-12-23,0.0
Ketu,2021-12-24,0.0
Ketu,2021-12-25,0.0
Ketu,2021-12-26,0.0
Ketu,2021-12-27,0.0
Ketu,2021-12-28,0.1
Ketu,2021-12-29,5.5
Ketu,2021-12-30,0.0
Ketu,2021-12-31,0.2
Ketu,2022-01-01,1.0
Ketu,2022-01-02,0.4
Ketu,2022-01-03,0.0
Ketu,2022-01-04,0.0
Ketu,2022-01-05,0.0
Ketu,2022-01-06,0.0
Ketu,2022-01-07,0.0
Ketu,2022-01-08,1.3
Ketu,2022-01-09,0.0
Ketu,2022-01-10,0.0
Ketu,2022-01-11,0.6
Ketu,2022-01-12,0.0
Ketu,2022-01-13,9.1
Ketu,2022-01-14,0.2
Ketu,2022-01-15,0.0
Ketu,2022-01-16,0.0
Ketu,2022-01-17,0.0
Ketu,2022-01-18,0.0
Ketu,2022-01-19,0.9
Ketu,2022-01-20,0.0
Ketu,2022-01-21,0.0
Ketu,2022-01-22,0.0
Ketu,2022-01-23,0.0
Ketu,2022-01-24,0.0
Ketu,2022-01-25,0.0
Ketu,2022-01-26,0.0
Ketu,2022-01-27,0.0
Ketu,2022-01-28,0.0
Ketu,2022-01-29,0.0
Ketu,2022-01-30,0.0
Ketu,2022-01-31,0.0
Ketu,2022-02-01,0.0
Ketu,2022-02-02,0.0
Ketu,2022-02-03,0.0
Ketu,2022-02-04,0.2
Ketu,2022-02-05,0.4
Ketu,2022-02-06,0.0
Ketu,2022-02-07,0.0
Ketu,2022-02-08,0.0
Ketu,2022-02-09,0.0
Ketu,2022-02-10,0.1
Ketu,2022-02-11,0.1
Ketu,2022-02-12,0.2
Ketu,2022-02-13,0.2
Ketu,2022-02-14,0.5
Ketu,2022-02-15,0.6
Ketu,2022-02-16,2.0
Ketu,2022-02-17,1.2
Ketu,2022-02-18,0.6
Ketu,2022-02-19,2.6
Ketu,2022-02-20,0.6
Ketu,2022-02-21,1.1
Ketu,2022-02-22,0.0
Ketu,2022-02-23,0.5
Ketu,2022-02-24,0.6
Ketu,2022-02-25,1.9
Ketu,2022-02-26,1.4
Ketu,2022-02-27,2.4
Ketu,2022-02-28,2.2
Ketu,2022-03-01,0.2
Ketu,2022-03-02,1.0
Ketu,2022-03-03,0.5
Ketu,2022-03-04,14.8
Ketu,2022-03-05,0.7
Ketu,2022-03-06,2.0
Ketu,2022-03-07,0.2
Ketu,2022-03-08,0.7
Ketu,2022-03-09,0.5
Ketu,2022-03-10,1.4
Ketu,2022-03-11,4.8
Ketu,2022-03-12,9.0
Ketu,2022-03-13,8.7
Ketu,2022-03-14,0.1
Ketu,2022-03-15,3.3
Ketu,2022-03-16,1.7
Ketu,2022-03-17,0.6
Ketu,2022-03-18,1.0
Ketu,2022-03-19,0.9
Ketu,2022-03-20,1.1
Ketu,2022-03-21,2.4
Ketu,2022-03-22,3.1
Ketu,2022-03-23,1.9
Ketu,2022-03-24,4.1
Ketu,2022-03-25,2.8
Ketu,2022-03-26,0.4
Ketu,2022-03-27,0.6
Ketu,2022-03-28,1.0
Ketu,2022-03-29,1.4
Ketu,2022-03-30,0.1
Ketu,2022-03-31,0.3
Ketu,2022-04-01,9.4
Ketu,2022-04-02,3.4
Ketu,2022-04-03,1.0
Ketu,2022-04-04,4.4
Ketu,2022-04-05,2.1
Ketu,2022-04-06,0.1
Ketu,2022-04-07,2.5
Ketu,2022-04-08,1.1
Ketu,2022-04-09,1.3
Ketu,2022-04-10,0.2
Ketu,2022-04-11,0.3
Ketu,2022-04-12,15.5
Ketu,2022-04-13,1.5
Ketu,2022-04-14,2.0
Ketu,2022-04-15,19.4
Ketu,2022-04-16,14.7
Ketu,2022-04-17,17.8
Ketu,2022-04-18,0.9
Ketu,2022-04-19,0.7
Ketu,2022-04-20,0.9
Ketu,2022-04-21,3.8
Ketu,2022-04-22,0.0
Ketu,2022-04-23,0.1
Ketu,2022-04-24,0.3
Ketu,2022-04-25,0.0
Ketu,2022-04-26,3.9
Ketu,2022-04-27,30.7
Ketu,2022-04-28,3.5
Ketu,2022-04-29,1.8
Ketu,2022-04-30,0.6
Ketu,2022-05-01,0.5
Ketu,2022-05-02,1.4
Ketu,2022-05-03,0.0
Ketu,2022-05-04,9.6
Ketu,2022-05-05,0.0
Ketu,2022-05-06,7.3
Ketu,2022-05-07,0.2
Ketu,2022-05-08,0.3
Ketu,2022-05-09,10.3
Ketu,2022-05-10,3.4
Ketu,2022-05-11,1.7
Ketu,2022-05-12,5.0
Ketu,2022-05-13,1.6
Ketu,2022-05-14,0.2
Ketu,2022-05-15,1.5
Ketu,2022-05-16,2.0
Ketu,2022-05-17,0.5
Ketu,2022-05-18,1.0
Ketu,2022-05-19,11.6
Ketu,2022-05-20,2.7
Ketu,2022-05-21,29.5
Ketu,2022-05-22,12.4
Ketu,2022-05-23,2.8
Ketu,2022-05-24,0.5
Ketu,2022-05-25,1.3
Ketu,2022-05-26,11.5
Ketu,2022-05-27,2.5
Ketu,2022-05-28,0.5
Ketu,2022-05-29,1.0
Ketu,2022-05-30,0.7
Ketu,2022-05-31,1.4
Ketu,2022-06-01,0.1
Ketu,2022-06-02,1.2
Ketu,2022-06-03,5.0
Ketu,2022-06-04,17.3
Ketu,2022-06-05,17.1
Ketu,2022-06-06,8.8
Ketu,2022-06-07,0.5
Ketu,2022-06-08,2.6
Ketu,2022-06-09,1.9
Ketu,2022-06-10,4.5
Ketu,2022-06-11,10.0
Ketu,2022-06-12,0.9
Ketu,2022-06-13,2.0
Ketu,2022-06-14,19.5
Ketu,2022-06-15,21.6
Ketu,2022-06-16,42.9
Ketu,2022-06-17,3.6
Ketu,2022-06-18,8.4
Ketu,2022-06-19,0.6
Ketu,2022-06-20,5.3
Ketu,2022-06-21,7.0
Ketu,2022-06-22,3.4
Ketu,2022-06-23,1.0
Ketu,2022-06-24,9.0
Ketu,2022-06-25,0.3
Ketu,2022-06-26,18.6
Ketu,2022-06-27,11.7
Ketu,2022-06-28,5.3
Ketu,2022-06-29,9.3
Ketu,2022-06-30,22.9
Ketu,2022-07-01,10.8
Ketu,2022-07-02,0.4
Ketu,2022-07-03,1.5
Ketu,2022-07-04,7.5
Ketu,2022-07-05,27.0
Ketu,2022-07-06,2.2
Ketu,2022-07-07,1.3
Ketu,2022-07-08,32.9
Ketu,2022-07-09,9.5
Ketu,2022-07-10,3.8
Ketu,2022-07-11,4.9
Ketu,2022-07-12,2.1
Ketu,2022-07-13,2.3
Ketu,2022-07-14,2.0
Ketu,2022-07-15,3.0
Ketu,2022-07-16,3.1
Ketu,2022-07-17,1.4
Ketu,2022-07-18,1.4
Ketu,2022-07-19,0.5
Ketu,2022-07-20,2.1
Ketu,2022-07-21,2.3
Ketu,2022-07-22,2.2
Ketu,2022-07-23,2.0
Ketu,2022-07-24,1.7
Ketu,2022-07-25,4.8
Ketu,2022-07-26,17.8
Ketu,2022-07-27,6.0
Ketu,2022-07-28,0.5
Ketu,2022-07-29,1.7
Ketu,2022-07-30,0.9
Ketu,2022-07-31,4.9
Ketu,2022-08-01,4.1
Ketu,2022-08-02,1.2
Ketu,2022-08-03,1.5
Ketu,2022-08-04,0.9
Ketu,2022-08-05,0.3
Ketu,2022-08-06,1.4
Ketu,2022-08-07,0.9
Ketu,2022-08-08,0.3
Ketu,2022-08-09,1.6
Ketu,2022-08-10,0.4
Ketu,2022-08-11,9.0
Ketu,2022-08-12,1.2
Ketu,2022-08-13,1.1
Ketu,2022-08-14,2.1
Ketu,2022-08-15,4.4
Ketu,2022-08-16,2.8
Ketu,2022-08-17,0.6
Ketu,2022-08-18,1.3
Ketu,2022-08-19,12.5
Ketu,2022-08-20,1.8
Ketu,2022-08-21,0.5
Ketu,2022-08-22,2.5
Ketu,2022-08-23,8.3
Ketu,2022-08-24,1.0
Ketu,2022-08-25,1.3
Ketu,2022-08-26,12.8
Ketu,2022-08-27,11.5
Ketu,2022-08-28,1.0
Ketu,2022-08-29,1.6
Ketu,2022-08-30,14.6
Ketu,2022-08-31,4.2
Ketu,2022-09-01,1.6
Ketu,2022-09-02,2.3
Ketu,2022-09-03,2.0
Ketu,2022-09-04,5.4
Ketu,2022-09-05,2.0
Ketu,2022-09-06,1.0
Ketu,2022-09-07,1.1
Ketu,2022-09-08,4.2
Ketu,2022-09-09,1.4
Ketu,2022-09-10,1.0
Ketu,2022-09-11,4.8
Ketu,2022-09-12,16.8
Ketu,2022-09-13,1.5
Ketu,2022-09-14,1.3
Ketu,2022-09-15,13.1
Ketu,2022-09-16,1.8
Ketu,2022-09-17,0.9
Ketu,2022-09-18,8.4
Ketu,2022-09-19,20.6
Ketu,2022-09-20,1.1
Ketu,2022-09-21,15.0
Ketu,2022-09-22,3.1
Ketu,2022-09-23,1.8
Ketu,2022-09-24,5.5
Ketu,2022-09-25,4.0
Ketu,2022-09-26,14.6
Ketu,2022-09-27,8.2
Ketu,2022-09-28,13.5
Ketu,2022-09-29,7.1
Ketu,2022-09-30,12.0
Ketu,2022-10-01,5.7
Ketu,2022-10-02,1.3
Ketu,2022-10-03,0.3
Ketu,2022-10-04,8.9
Ketu,2022-10-05,1.0
Ketu,2022-10-06,10.6
Ketu,2022-10-07,3.2
Ketu,2022-10-08,0.5
Ketu,2022-10-09,27.0
Ketu,2022-10-10,5.7
Ketu,2022-10-11,1.5
Ketu,2022-10-12,20.2
Ketu,2022-10-13,19.4
Ketu,2022-10-14,2.2
Ketu,2022-10-15,20.2
Ketu,2022-10-16,1.2
Ketu,2022-10-17,1.3
Ketu,2022-10-18,7.8
Ketu,2022-10-19,0.6
Ketu,2022-10-20,1.5
Ketu,2022-10-21,1.5
Ketu,2022-10-22,8.0
Ketu,2022-10-23,4.0
Ketu,2022-10-24,3.3
Ketu,2022-10-25,3.5
Ketu,2022-10-26,0.9
Ketu,2022-10-27,0.6
Ketu,2022-10-28,0.8
Ketu,2022-10-29,0.1
Ketu,2022-10-30,1.7
Ketu,2022-10-31,0.3
Ketu,2022-11-01,6.5
Ketu,2022-11-02,0.1
Ketu,2022-11-03,0.9
Ketu,2022-11-04,2.7
Ketu,2022-11-05,3.3
Ketu,2022-11-06,1.7
Ketu,2022-11-07,0.5
Ketu,2022-11-08,0.2
Ketu,2022-11-09,1.8
Ketu,2022-11-10,2.2
Ketu,2022-11-11,4.2
Ketu,2022-11-12,4.7
Ketu,2022-11-13,2.8
Ketu,2022-11-14,2.2
Ketu,2022-11-15,1.0
Ketu,2022-11-16,0.0
Ketu,2022-11-17,2.0
Ketu,2022-11-18,1.1
Ketu,2022-11-19,4.2
Ketu,2022-11-20,0.3
Ketu,2022-11-21,0.1
Ketu,2022-11-22,0.7
Ketu,2022-11-23,1.8
Ketu,2022-11-24,0.1
Ketu,2022-11-25,0.0
Ketu,2022-11-26,0.0
Ketu,2022-11-27,1.7
Ketu,2022-11-28,3.6
Ketu,2022-11-29,0.7
Ketu,2022-11-30,0.5
Ketu,2022-12-01,1.8
Ketu,2022-12-02,5.4
Ketu,2022-12-03,0.4
Ketu,2022-12-04,1.0
Ketu,2022-12-05,0.2
Ketu,2022-12-06,0.4
Ketu,2022-12-07,1.0
Ketu,2022-12-08,1.3
Ketu,2022-12-09,0.0
Ketu,2022-12-10,0.0
Ketu,2022-12-11,0.0
Ketu,2022-12-12,0.0
Ketu,2022-12-13,0.8
Ketu,2022-12-14,0.0
Ketu,2022-12-15,0.6
Ketu,2022-12-16,0.9
Ketu,2022-12-17,0.4
Ketu,2022-12-18,0.7
Ketu,2022-12-19,0.0
Ketu,2022-12-20,0.0
Ketu,2022-12-21,0.0
Ketu,2022-12-22,0.1
Ketu,2022-12-23,0.0
Ketu,2022-12-24,0.0
Ketu,2022-12-25,0.0
Ketu,2022-12-26,0.0
Ketu,2022-12-27,0.0
Ketu,2022-12-28,0.0
Ketu,2022-12-29,0.0
Ketu,2022-12-30,0.0
Ketu,2022-12-31,0.0
Ketu,2023-01-01,0.0
Ketu,2023-01-02,0.0
Ketu,2023-01-03,0.0
Ketu,2023-01-04,0.0
Ketu,2023-01-05,0.0
Ketu,2023-01-06,0.0
Ketu,2023-01-07,0.0
Ketu,2023-01-08,0.0
Ketu,2023-01-09,0.0
Ketu,2023-01-10,0.0
Ketu,2023-01-11,0.0
Ketu,2023-01-12,0.0
Ketu,2023-01-13,0.0
Ketu,2023-01-14,0.0
Ketu,2023-01-15,0.0
Ketu,2023-01-16,0.0
Ketu,2023-01-17,0.0
Ketu,2023-01-18,0.0
Ketu,2023-01-19,0.0
Ketu,2023-01-20,0.2
Ketu,2023-01-21,0.4
Ketu,2023-01-22,0.4
Ketu,2023-01-23,0.3
Ketu,2023-01-24,1.6
Ketu,2023-01-25,0.2
Ketu,2023-01-26,0.4
Ketu,2023-01-27,2.2
Ketu,2023-01-28,6.9
Ketu,2023-01-29,4.1
Ketu,2023-01-30,0.2
Ketu,2023-01-31,0.3
Ketu,2023-02-01,0.0
Ketu,2023-02-02,0.2
Ketu,2023-02-03,1.7
Ketu,2023-02-04,1.1
Ketu,2023-02-05,0.8
Ketu,2023-02-06,1.1
Ketu,2023-02-07,0.4
Ketu,2023-02-08,1.9
Ketu,2023-02-09,0.6
Ketu,2023-02-10,0.5
Ketu,2023-02-11,0.0
Ketu,2023-02-12,0.1
Ketu,2023-02-13,0.0
Ketu,2023-02-14,0.0
Ketu,2023-02-15,0.0
Ketu,2023-02-16,0.0
Ketu,2023-02-17,0.0
Ketu,2023-02-18,0.0
Ketu,2023-02-19,0.0
Ketu,2023-02-20,0.0
Ketu,2023-02-21,0.0
Ketu,2023-02-22,0.2
Ketu,2023-02-23,0.0
Ketu,2023-02-24,1.7
Ketu,2023-02-25,0.6
Ketu,2023-02-26,0.0
Ketu,2023-02-27,0.0
Ketu,2023-02-28,0.4
Ketu,2023-03-01,0.0
Ketu,2023-03-02,0.5
Ketu,2023-03-03,3.7
Ketu,2023-03-04,8.3
Ketu,2023-03-05,0.0
Ketu,2023-03-06,8.1
Ketu,2023-03-07,0.4
Ketu,2023-03-08,0.5
Ketu,2023-03-09,7.5
Ketu,2023-03-10,0.0
Ketu,2023-03-11,2.1
Ketu,2023-03-12,1.4
Ketu,2023-03-13,0.1
Ketu,2023-03-14,1.3
Ketu,2023-03-15,4.5
Ketu,2023-03-16,14.2
Ketu,2023-03-17,0.1
Ketu,2023-03-18,1.6
Ketu,2023-03-19,9.8
Ketu,2023-03-20,0.9
Ketu,2023-03-21,3.2
Ketu,2023-03-22,1.4
Ketu,2023-03-23,1.4
Ketu,2023-03-24,0.2
Ketu,2023-03-25,0.8
Ketu,2023-03-26,1.3
Ketu,2023-03-27,1.3
Ketu,2023-03-28,0.8
Ketu,2023-03-29,0.1
Ketu,2023-03-30,1.8
Ketu,2023-03-31,10.3
Ketu,2023-04-01,0.5
Ketu,2023-04-02,2.0
Ketu,2023-04-03,2.0
Ketu,2023-04-04,8.1
Ketu,2023-04-05,0.0
Ketu,2023-04-06,0.8
Ketu,2023-04-07,2.7
Ketu,2023-04-08,3.6
Ketu,2023-04-09,4.7
Ketu,2023-04-10,0.1
Ketu,2023-04-11,1.8
Ketu,2023-04-12,0.3
Ketu,2023-04-13,0.6
Ketu,2023-04-14,0.1
Ketu,2023-04-15,2.7
Ketu,2023-04-16,4.9
Ketu,2023-04-17,7.5
Ketu,2023-04-18,0.9
Ketu,2023-04-19,3.1
Ketu,2023-04-20,0.3
Ketu,2023-04-21,0.6
Ketu,2023-04-22,2.9
Ketu,2023-04-23,5.9
Ketu,2023-04-24,0.7
Ketu,2023-04-25,0.7
Ketu,2023-04-26,1.7
Ketu,2023-04-27,17.2
Ketu,2023-04-28,0.6
Ketu,2023-04-29,17.4
Ketu,2023-04-30,0.8
Ketu,2023-05-01,2.9
Ketu,2023-05-02,9.0
Ketu,2023-05-03,1.2
Ketu,2023-05-04,2.1
Ketu,2023-05-05,0.1
Ketu,2023-05-06,0.4
Ketu,2023-05-07,0.7
Ketu,2023-05-08,0.9
Ketu,2023-05-09,3.2
Ketu,2023-05-10,0.5
Ketu,2023-05-11,2.5
Ketu,2023-05-12,3.2
Ketu,2023-05-13,0.6
Ketu,2023-05-14,7.1
Ketu,2023-05-15,55.0
Ketu,2023-05-16,2.0
Ketu,2023-05-17,4.6
Ketu,2023-05-18,3.7
Ketu,2023-05-19,6.2
Ketu,2023-05-20,4.9
Ketu,2023-05-21,7.3
Ketu,2023-05-22,3.6
Ketu,2023-05-23,2.3
Ketu,2023-05-24,1.6
Ketu,2023-05-25,0.4
Ketu,2023-05-26,0.1
Ketu,2023-05-27,0.5
Ketu,2023-05-28,2.4
Ketu,2023-05-29,1.9
Ketu,2023-05-30,1.5
Ketu,2023-05-31,6.5
Ketu,2023-06-01,6.4
Ketu,2023-06-02,9.1
Ketu,2023-06-03,11.0
Ketu,2023-06-04,1.1
Ketu,2023-06-05,1.1
Ketu,2023-06-06,21.0
Ketu,2023-06-07,12.9
Ketu,2023-06-08,12.5
Ketu,2023-06-09,2.8
Ketu,2023-06-10,14.0
Ketu,2023-06-11,11.8
Ketu,2023-06-12,0.4
Ketu,2023-06-13,0.1
Ketu,2023-06-14,8.6
Ketu,2023-06-15,16.9
Ketu,2023-06-16,3.7
Ketu,2023-06-17,9.8
Ketu,2023-06-18,8.7
Ketu,2023-06-19,5.2
Ketu,2023-06-20,2.8
Ketu,2023-06-21,12.5
Ketu,2023-06-22,11.3
Ketu,2023-06-23,6.6
Ketu,2023-06-24,26.9
Ketu,2023-06-25,2.9
Ketu,2023-06-26,0.0
Ketu,2023-06-27,0.6
Ketu,2023-06-28,16.4
Ketu,2023-06-29,1.8
Ketu,2023-06-30,0.8
Ketu,2023-07-01,10.3
Ketu,2023-07-02,8.4
Ketu,2023-07-03,1.7
Ketu,2023-07-04,11.7
Ketu,2023-07-05,0.7
Ketu,2023-07-06,1.2
Ketu,2023-07-07,18.8
Ketu,2023-07-08,14.4
Ketu,2023-07-09,26.4
Ketu,2023-07-10,1.4
Ketu,2023-07-11,1.2
Ketu,2023-07-12,44.9
Ketu,2023-07-13,2.4
Ketu,2023-07-14,5.2
Ketu,2023-07-15,1.0
Ketu,2023-07-16,16.6
Ketu,2023-07-17,2.8
Ketu,2023-07-18,5.0
Ketu,2023-07-19,1.0
Ketu,2023-07-20,2.0
Ketu,2023-07-21,9.2
Ketu,2023-07-22,16.4
Ketu,2023-07-23,32.7
Ketu,2023-07-24,24.1
Ketu,2023-07-25,0.7
Ketu,2023-07-26,1.3
Ketu,2023-07-27,5.6
Ketu,2023-07-28,3.7
Ketu,2023-07-29,10.6
Ketu,2023-07-30,6.0
Ketu,2023-07-31,8.0
Ketu,2023-08-01,14.1
Ketu,2023-08-02,1.4
Ketu,2023-08-03,2.1
Ketu,2023-08-04,1.2
Ketu,2023-08-05,1.4
Ketu,2023-08-06,1.4
Ketu,2023-08-07,1.4
Ketu,2023-08-08,6.0
Ketu,2023-08-09,7.1
Ketu,2023-08-10,2.5
Ketu,2023-08-11,1.1
Ketu,2023-08-12,2.7
Ketu,2023-08-13,2.9
Ketu,2023-08-14,18.1
Ketu,2023-08-15,8.3
Ketu,2023-08-16,7.7
Ketu,2023-08-17,14.8
Ketu,2023-08-18,4.9
Ketu,2023-08-19,5.0
Ketu,2023-08-20,2.0
Ketu,2023-08-21,0.8
Ketu,2023-08-22,1.5
Ketu,2023-08-23,5.9
Ketu,2023-08-24,2.6
Ketu,2023-08-25,2.2
Ketu,2023-08-26,1.1
Ketu,2023-08-27,9.0
Ketu,2023-08-28,6.9
Ketu,2023-08-29,1.4
Ketu,2023-08-30,23.8
Ketu,2023-08-31,1.2
Ketu,2023-09-01,3.5
Ketu,2023-09-02,11.7
Ketu,2023-09-03,15.2
Ketu,2023-09-04,4.2
Ketu,2023-09-05,7.3
Ketu,2023-09-06,2.2
Ketu,2023-09-07,0.2
Ketu,2023-09-08,9.8
Ketu,2023-09-09,20.2
Ketu,2023-09-10,1.5
Ketu,2023-09-11,1.8
Ketu,2023-09-12,4.0
Ketu,2023-09-13,9.2
Ketu,2023-09-14,5.6
Ketu,2023-09-15,8.1
Ketu,2023-09-16,30.4
Ketu,2023-09-17,2.5
Ketu,2023-09-18,7.5
Ketu,2023-09-19,12.6
Ketu,2023-09-20,1.3
Ketu,2023-09-21,1.1
Ketu,2023-09-22,7.2
Ketu,2023-09-23,5.8
Ketu,2023-09-24,46.7
Ketu,2023-09-25,2.8
Ketu,2023-09-26,1.9
Ketu,2023-09-27,0.9
Ketu,2023-09-28,0.7
Ketu,2023-09-29,13.1
Ketu,2023-09-30,2.6
Ketu,2023-10-01,3.2
Ketu,2023-10-02,1.8
Ketu,2023-10-03,8.7
Ketu,2023-10-04,3.4
Ketu,2023-10-05,13.4
Ketu,2023-10-06,2.3
Ketu,2023-10-07,19.4
Ketu,2023-10-08,17.4
Ketu,2023-10-09,9.6
Ketu,2023-10-10,0.7
Ketu,2023-10-11,1.4
Ketu,2023-10-12,20.6
Ketu,2023-10-13,2.0
Ketu,2023-10-14,1.7
Ketu,2023-10-15,8.5
Ketu,2023-10-16,1.6
Ketu,2023-10-17,5.1
Ketu,2023-10-18,0.0
Ketu,2023-10-19,5.6
Ketu,2023-10-20,3.3
Ketu,2023-10-21,1.7
Ketu,2023-10-22,2.5
Ketu,2023-10-23,11.1
Ketu,2023-10-24,1.4
Ketu,2023-10-25,4.1
Ketu,2023-10-26,1.2
Ketu,2023-10-27,0.7
Ketu,2023-10-28,1.9
Ketu,2023-10-29,0.5
Ketu,2023-10-30,3.6
Ketu,2023-10-31,0.5
Ketu,2023-11-01,0.6
Ketu,2023-11-02,1.1
Ketu,2023-11-03,0.4
Ketu,2023-11-04,5.1
Ketu,2023-11-05,1.0
Ketu,2023-11-06,1.3
Ketu,2023-11-07,2.4
Ketu,2023-11-08,3.6
Ketu,2023-11-09,0.0
Ketu,2023-11-10,0.3
Ketu,2023-11-11,1.6
Ketu,2023-11-12,0.9
Ketu,2023-11-13,0.9
Ketu,2023-11-14,0.9
Ketu,2023-11-15,2.1
Ketu,2023-11-16,0.0
Ketu,2023-11-17,0.5
Ketu,2023-11-18,0.8
Ketu,2023-11-19,0.0
Ketu,2023-11-20,1.1
Ketu,2023-11-21,0.0
Ketu,2023-11-22,1.0
Ketu,2023-11-23,2.2
Ketu,2023-11-24,1.9
Ketu,2023-11-25,5.0
Ketu,2023-11-26,14.7
Ketu,2023-11-27,0.0
Ketu,2023-11-28,1.7
Ketu,2023-11-29,0.8
Ketu,2023-11-30,0.6
Ketu,2023-12-01,0.8
Ketu,2023-12-02,1.0
Ketu,2023-12-03,0.0
Ketu,2023-12-04,0.0
Ketu,2023-12-05,0.0
Ketu,2023-12-06,2.0
Ketu,2023-12-07,1.5
Ketu,2023-12-08,0.1
Ketu,2023-12-09,0.2
Ketu,2023-12-10,0.1
Ketu,2023-12-11,0.0
Ketu,2023-12-12,0.4
Ketu,2023-12-13,0.0
Ketu,2023-12-14,0.0
Ketu,2023-12-15,0.0
Ketu,2023-12-16,0.0
Ketu,2023-12-17,0.0
Ketu,2023-12-18,0.0
Ketu,2023-12-19,0.0
Ketu,2023-12-20,0.0
Ketu,2023-12-21,0.0
Ketu,2023-12-22,0.0
Ketu,2023-12-23,0.0
Ketu,2023-12-24,0.0
Ketu,2023-12-25,0.0
Ketu,2023-12-26,0.0
Ketu,2023-12-27,0.0
Ketu,2023-12-28,0.0
Ketu,2023-12-29,0.0
Ketu,2023-12-30,0.0
Ketu,2023-12-31,0.0
Ketu,2024-01-01,0.6
Ketu,2024-01-02,0.3
Ketu,2024-01-03,1.0
Ketu,2024-01-04,0.6
Ketu,2024-01-05,0.6
Ketu,2024-01-06,1.3
Ketu,2024-01-07,0.2
Ketu,2024-01-08,0.9
Ketu,2024-01-09,1.1
Ketu,2024-01-10,2.3
Ketu,2024-01-11,0.0
Ketu,2024-01-12,0.7
Ketu,2024-01-13,0.0
Ketu,2024-01-14,0.5
Ketu,2024-01-15,0.0
Ketu,2024-01-16,0.0
Ketu,2024-01-17,0.0
Ketu,2024-01-18,0.0
Ketu,2024-01-19,0.0
Ketu,2024-01-20,0.0
Ketu,2024-01-21,0.0
Ketu,2024-01-22,0.0
Ketu,2024-01-23,0.0
Ketu,2024-01-24,0.7
Ketu,2024-01-25,0.0
Ketu,2024-01-26,0.0
Ketu,2024-01-27,0.0
Ketu,2024-01-28,0.0
Ketu,2024-01-29,0.0
Ketu,2024-01-30,0.0
Ketu,2024-01-31,0.1
Ketu,2024-02-01,0.0
Ketu,2024-02-02,0.0
Ketu,2024-02-03,0.0
Ketu,2024-02-04,0.0
Ketu,2024-02-05,0.0
Ketu,2024-02-06,0.0
Ketu,2024-02-07,0.0
Ketu,2024-02-08,0.0
Ketu,2024-02-09,0.0
Ketu,2024-02-10,0.0
Ketu,2024-02-11,0.0
Ketu,2024-02-12,0.0
Ketu,2024-02-13,0.8
Ketu,2024-02-14,1.1
Ketu,2024-02-15,3.2
Ketu,2024-02-16,0.0
Ketu,2024-02-17,0.9
Ketu,2024-02-18,0.4
Ketu,2024-02-19,0.5
Ketu,2024-02-20,11.8
Ketu,2024-02-21,1.6
Ketu,2024-02-22,9.2
Ketu,2024-02-23,0.7
Ketu,2024-02-24,0.0
Ketu,2024-02-25,0.0
Ketu,2024-02-26,1.2
Ketu,2024-02-27,0.3
Ketu,2024-02-28,1.1
Ketu,2024-02-29,0.5
Ketu,2024-03-01,0.9
Ketu,2024-03-02,0.8
Ketu,2024-03-03,12.0
Ketu,2024-03-04,0.0
Ketu,2024-03-05,1.5
Ketu,2024-03-06,1.4
Ketu,2024-03-07,10.4
Ketu,2024-03-08,0.4
Ketu,2024-03-09,1.6
Ketu,2024-03-10,0.0
Ketu,2024-03-11,0.0
Ketu,2024-03-12,1.1
Ketu,2024-03-13,0.5
Ketu,2024-03-14,7.0
Ketu,2024-03-15,0.0
Ketu,2024-03-16,0.0
Ketu,2024-03-17,0.8
Ketu,2024-03-18,1.5
Ketu,2024-03-19,0.5
Ketu,2024-03-20,1.9
Ketu,2024-03-21,16.1
Ketu,2024-03-22,0.0
Ketu,2024-03-23,1.9
Ketu,2024-03-24,0.1
Ketu,2024-03-25,1.8
Ketu,2024-03-26,0.0
Ketu,2024-03-27,0.5
Ketu,2024-03-28,10.3
Ketu,2024-03-29,8.9
Ketu,2024-03-30,1.8
Ketu,2024-03-31,0.8
Ketu,2024-04-01,1.0
Ketu,2024-04-02,1.6
Ketu,2024-04-03,0.4
Ketu,2024-04-04,0.5
Ketu,2024-04-05,9.1
Ketu,2024-04-06,10.8
Ketu,2024-04-07,0.1
Ketu,2024-04-08,0.0
Ketu,2024-04-09,0.2
Ketu,2024-04-10,12.0
Ketu,2024-04-11,1.9
Ketu,2024-04-12,0.0
Ketu,2024-04-13,0.9
Ketu,2024-04-14,0.8
Ketu,2024-04-15,1.4
Ketu,2024-04-16,0.9
Ketu,2024-04-17,0.2
Ketu,2024-04-18,0.5
Ketu,2024-04-19,1.4
Ketu,2024-04-20,1.6
Ketu,2024-04-21,3.5
Ketu,2024-04-22,0.1
Ketu,2024-04-23,2.5
Ketu,2024-04-24,0.0
Ketu,2024-04-25,1.2
Ketu,2024-04-26,2.8
Ketu,2024-04-27,0.2
Ketu,2024-04-28,0.6
Ketu,2024-04-29,1.1
Ketu,2024-04-30,1.6
Ketu,2024-05-01,0.0
Ketu,2024-05-02,0.0
Ketu,2024-05-03,8.7
Ketu,2024-05-04,0.3
Ketu,2024-05-05,0.6
Ketu,2024-05-06,5.7
Ketu,2024-05-07,2.6
Ketu,2024-05-08,1.0
Ketu,2024-05-09,0.2
Ketu,2024-05-10,0.0
Ketu,2024-05-11,0.7
Ketu,2024-05-12,1.7
Ketu,2024-05-13,0.0
Ketu,2024-05-14,0.0
Ketu,2024-05-15,2.3
Ketu,2024-05-16,8.4
Ketu,2024-05-17,1.3
Ketu,2024-05-18,14.3
Ketu,2024-05-19,0.7
Ketu,2024-05-20,0.2
Ketu,2024-05-21,1.3
Ketu,2024-05-22,2.6
Ketu,2024-05-23,0.7
Ketu,2024-05-24,9.0
Ketu,2024-05-25,18.4
Ketu,2024-05-26,1.0
Ketu,2024-05-27,0.1
Ketu,2024-05-28,0.8
Ketu,2024-05-29,0.4
Ketu,2024-05-30,0.2
Ketu,2024-05-31,9.3
Ketu,2024-06-01,1.5
Ketu,2024-06-02,9.6
Ketu,2024-06-03,0.7
Ketu,2024-06-04,2.6
Ketu,2024-06-05,0.8
Ketu,2024-06-06,15.1
Ketu,2024-06-07,6.2
Ketu,2024-06-08,11.4
Ketu,2024-06-09,12.0
Ketu,2024-06-10,1.4
Ketu,2024-06-11,9.6
Ketu,2024-06-12,2.1
Ketu,2024-06-13,0.6
Ketu,2024-06-14,10.3
Ketu,2024-06-15,24.5
Ketu,2024-06-16,3.2
Ketu,2024-06-17,0.9
Ketu,2024-06-18,0.6
Ketu,2024-06-19,1.5
Ketu,2024-06-20,5.7
Ketu,2024-06-21,18.2
Ketu,2024-06-22,1.4
Ketu,2024-06-23,1.3
Ketu,2024-06-24,16.0
Ketu,2024-06-25,35.1
Ketu,2024-06-26,6.4
Ketu,2024-06-27,0.7
Ketu,2024-06-28,3.8
Ketu,2024-06-29,12.5
Ketu,2024-06-30,2.5
Ketu,2024-07-01,6.9
Ketu,2024-07-02,17.8
Ketu,2024-07-03,37.1
Ketu,2024-07-04,17.5
Ketu,2024-07-05,7.5
Ketu,2024-07-06,23.1
Ketu,2024-07-07,5.7
Ketu,2024-07-08,11.8
Ketu,2024-07-09,1.1
Ketu,2024-07-10,6.0
Ketu,2024-07-11,11.0
Ketu,2024-07-12,3.5
Ketu,2024-07-13,1.8
Ketu,2024-07-14,8.0
Ketu,2024-07-15,0.8
Ketu,2024-07-16,1.2
Ketu,2024-07-17,1.0
Ketu,2024-07-18,1.1
Ketu,2024-07-19,1.6
Ketu,2024-07-20,2.3
Ketu,2024-07-21,0.8
Ketu,2024-07-22,1.2
Ketu,2024-07-23,1.2
Ketu,2024-07-24,1.2
Ketu,2024-07-25,0.7
Ketu,2024-07-26,0.7
Ketu,2024-07-27,1.3
Ketu,2024-07-28,0.3
Ketu,2024-07-29,1.3
Ketu,2024-07-30,0.9
Ketu,2024-07-31,1.2
Ketu,2024-08-01,2.5
Ketu,2024-08-02,1.3
Ketu,2024-08-03,1.5
Ketu,2024-08-04,0.8
Ketu,2024-08-05,1.8
Ketu,2024-08-06,1.9
Ketu,2024-08-07,1.1
Ketu,2024-08-08,1.7
Ketu,2024-08-09,0.7
Ketu,2024-08-10,1.1
Ketu,2024-08-11,1.0
Ketu,2024-08-12,0.6
Ketu,2024-08-13,0.9
Ketu,2024-08-14,1.2
Ketu,2024-08-15,1.9
Ketu,2024-08-16,2.6
Ketu,2024-08-17,0.7
Ketu,2024-08-18,1.4
Ketu,2024-08-19,8.6
Ketu,2024-08-20,10.7
Ketu,2024-08-21,0.9
Ketu,2024-08-22,0.4
Ketu,2024-08-23,18.7
Ketu,2024-08-24,20.3
Ketu,2024-08-25,1.4
Ketu,2024-08-26,7.4
Ketu,2024-08-27,0.6
Ketu,2024-08-28,1.4
Ketu,2024-08-29,2.0
Ketu,2024-08-30,3.4
Ketu,2024-08-31,0.6
Ketu,2024-09-01,0.8
Ketu,2024-09-02,0.5
Ketu,2024-09-03,0.1
Ketu,2024-09-04,0.3
Ketu,2024-09-05,0.3
Ketu,2024-09-06,0.3
Ketu,2024-09-07,7.2
Ketu,2024-09-08,1.0
Ketu,2024-09-09,0.8
Ketu,2024-09-10,8.7
Ketu,2024-09-11,8.1
Ketu,2024-09-12,6.6
Ketu,2024-09-13,7.6
Ketu,2024-09-14,17.4
Ketu,2024-09-15,8.1
Ketu,2024-09-16,1.2
Ketu,2024-09-17,19.5
Ketu,2024-09-18,12.8
Ketu,2024-09-19,2.1
Ketu,2024-09-20,3.2
Ketu,2024-09-21,5.1
Ketu,2024-09-22,4.9
Ketu,2024-09-23,0.4
Ketu,2024-09-24,1.7
Ketu,2024-09-25,22.8
Ketu,2024-09-26,3.8
Ketu,2024-09-27,4.2
Ketu,2024-09-28,8.8
Ketu,2024-09-29,11.8
Ketu,2024-09-30,20.2
Ketu,2024-10-01,1.8
Ketu,2024-10-02,2.5
Ketu,2024-10-03,25.5
Ketu,2024-10-04,7.0
Ketu,2024-10-05,12.3
Ketu,2024-10-06,10.7
Ketu,2024-10-07,6.4
Ketu,2024-10-08,0.2
Ketu,2024-10-09,1.2
Ketu,2024-10-10,1.2
Ketu,2024-10-11,1.2
Ketu,2024-10-12,9.9
Ketu,2024-10-13,7.9
Ketu,2024-10-14,8.4
Ketu,2024-10-15,1.4
Ketu,2024-10-16,6.2
Ketu,2024-10-17,22.1
Ketu,2024-10-18,6.2
Ketu,2024-10-19,5.3
Ketu,2024-10-20,6.2
Ketu,2024-10-21,2.4
Ketu,2024-10-22,8.4
Ketu,2024-10-23,2.2
Ketu,2024-10-24,0.5
Ketu,2024-10-25,21.5
Ketu,2024-10-26,2.6
Ketu,2024-10-27,0.9
Ketu,2024-10-28,1.2
Ketu,2024-10-29,2.5
Ketu,2024-10-30,1.4
Ketu,2024-10-31,1.0
Ketu,2024-11-01,1.6
Ketu,2024-11-02,2.8
Ketu,2024-11-03,4.0
Ketu,2024-11-04,1.6
Ketu,2024-11-05,0.0
Ketu,2024-11-06,0.6
Ketu,2024-11-07,0.0
Ketu,2024-11-08,0.0
Ketu,2024-11-09,1.6
Ketu,2024-11-10,5.1
Ketu,2024-11-11,0.2
Ketu,2024-11-12,0.1
Ketu,2024-11-13,0.3
Ketu,2024-11-14,17.5
Ketu,2024-11-15,0.9
Ketu,2024-11-16,0.8
Ketu,2024-11-17,1.3
Ketu,2024-11-18,0.2
Ketu,2024-11-19,0.1
Ketu,2024-11-20,0.0
Ketu,2024-11-21,0.0
Ketu,2024-11-22,4.0
Ketu,2024-11-23,3.0
Ketu,2024-11-24,0.3
Ketu,2024-11-25,0.0
Ketu,2024-11-26,0.7
Ketu,2024-11-27,0.6
Ketu,2024-11-28,0.1
Ketu,2024-11-29,0.0
Ketu,2024-11-30,0.0
Ketu,2024-12-01,0.0
Ketu,2024-12-02,0.0
Ketu,2024-12-03,0.0
Ketu,2024-12-04,1.1
Ketu,2024-12-05,4.4
Ketu,2024-12-06,0.9
Ketu,2024-12-07,0.0
Ketu,2024-12-08,0.0
Ketu,2024-12-09,0.0
Ketu,2024-12-10,0.0
Ketu,2024-12-11,0.6
Ketu,2024-12-12,0.4
Ketu,2024-12-13,1.2
Ketu,2024-12-14,0.0
Ketu,2024-12-15,0.0
Ketu,2024-12-16,0.0
Ketu,2024-12-17,0.0
Ketu,2024-12-18,0.0
Ketu,2024-12-19,0.0
Ketu,2024-12-20,0.0
Ketu,2024-12-21,0.0
Ketu,2024-12-22,0.0
Ketu,2024-12-23,0.0
Ketu,2024-12-24,0.0
Ketu,2024-12-25,0.0
Ketu,2024-12-26,0.0
Ketu,2024-12-27,0.0
Ketu,2024-12-28,0.0
Ketu,2024-12-29,0.0
Ketu,2024-12-30,0.0
Ketu,2024-12-31,0.0
Ketu,2025-01-01,0.0
Ketu,2025-01-02,0.0
Ketu,2025-01-03,0.2
Ketu,2025-01-04,1.8
Ketu,2025-01-05,0.1
Ketu,2025-01-06,0.9
Ketu,2025-01-07,0.4
Ketu,2025-01-08,0.6
Ketu,2025-01-09,0.3
Ketu,2025-01-10,0.0
Ketu,2025-01-11,0.0
Ketu,2025-01-12,0.0
Ketu,2025-01-13,0.0
Ketu,2025-01-14,0.2
Ketu,2025-01-15,0.7
Ketu,2025-01-16,0.0
Ketu,2025-01-17,0.0
Ketu,2025-01-18,0.4
Ketu,2025-01-19,0.2
Ketu,2025-01-20,0.2
Ketu,2025-01-21,0.1
Ketu,2025-01-22,0.7
Ketu,2025-01-23,3.4
Ketu,2025-01-24,1.0
Ketu,2025-01-25,1.2
Ketu,2025-01-26,0.5
Ketu,2025-01-27,2.4
Ketu,2025-01-28,1.2
Ketu,2025-01-29,1.7
Ketu,2025-01-30,0.9
Ketu,2025-01-31,0.2
Ketu,2025-02-01,0.6
Ketu,2025-02-02,0.2
Ketu,2025-02-03,0.3
Ketu,2025-02-04,0.0
Ketu,2025-02-05,0.5
Ketu,2025-02-06,0.4
Ketu,2025-02-07,0.7
Ketu,2025-02-08,5.9
Ketu,2025-02-09,1.0
Ketu,2025-02-10,1.0
Ketu,2025-02-11,1.6
Ketu,2025-02-12,1.2
Ketu,2025-02-13,2.8
Ketu,2025-02-14,1.3
Ketu,2025-02-15,1.3
Ketu,2025-02-16,0.7
Ketu,2025-02-17,0.6
Ketu,2025-02-18,0.9
Ketu,2025-02-19,0.3
Ketu,2025-02-20,1.5
Ketu,2025-02-21,2.8
Ketu,2025-02-22,4.3
Ketu,2025-02-23,0.1
Ketu,2025-02-24,0.0
Ketu,2025-02-25,1.5
Ketu,2025-02-26,1.3
Ketu,2025-02-27,0.2
Ketu,2025-02-28,0.2
Ketu,2025-03-01,0.2
Ketu,2025-03-02,0.4
Ketu,2025-03-03,1.6
Ketu,2025-03-04,3.2
Ketu,2025-03-05,3.5
Ketu,2025-03-06,0.6
Ketu,2025-03-07,1.4
Ketu,2025-03-08,2.5
Ketu,2025-03-09,0.8
Ketu,2025-03-10,0.7
Ketu,2025-03-11,1.2
Ketu,2025-03-12,1.3
Ketu,2025-03-13,0.4
Ketu,2025-03-14,0.4
Ketu,2025-03-15,1.0
Ketu,2025-03-16,2.8
Ketu,2025-03-17,2.4
Ketu,2025-03-18,0.4
Ketu,2025-03-19,2.4
Ketu,2025-03-20,1.7
Ketu,2025-03-21,1.0
Ketu,2025-03-22,1.2
Ketu,2025-03-23,2.5
Ketu,2025-03-24,2.1
Ketu,2025-03-25,0.8
Ketu,2025-03-26,7.2
Ketu,2025-03-27,1.4
Ketu,2025-03-28,1.7
Ketu,2025-03-29,1.2
Ketu,2025-03-30,16.3
Ketu,2025-03-31,6.4
Ketu,2025-04-01,2.3
Ketu,2025-04-02,13.0
Ketu,2025-04-03,5.2
Ketu,2025-04-04,0.1
Ketu,2025-04-05,0.2
Ketu,2025-04-06,0.3
Ketu,2025-04-07,0.3
Ketu,2025-04-08,1.8
Ketu,2025-04-09,18.9
Ketu,2025-04-10,3.3
Ketu,2025-04-11,3.6
Ketu,2025-04-12,0.0
Ketu,2025-04-13,2.1
Ketu,2025-04-14,6.5
Ketu,2025-04-15,2.6
Ketu,2025-04-16,3.1
Ketu,2025-04-17,2.6
Ketu,2025-04-18,2.5
Ketu,2025-04-19,2.0
Ketu,2025-04-20,5.1
Ketu,2025-04-21,1.6
Ketu,2025-04-22,9.3
Ketu,2025-04-23,1.8
Ketu,2025-04-24,0.5
Ketu,2025-04-25,0.9
Ketu,2025-04-26,1.9
Ketu,2025-04-27,0.6
Ketu,2025-04-28,1.6
Ketu,2025-04-29,3.6
Ketu,2025-04-30,0.0
Ketu,2025-05-01,2.2
Ketu,2025-05-02,13.4
Ketu,2025-05-03,0.0
Ketu,2025-05-04,3.2
Ketu,2025-05-05,0.9
Ketu,2025-05-06,2.0
Ketu,2025-05-07,1.9
Ketu,2025-05-08,11.2
Ketu,2025-05-09,5.8
Ketu,2025-05-10,0.7
Ketu,2025-05-11,2.2
Ketu,2025-05-12,2.1
Ketu,2025-05-13,4.3
Ketu,2025-05-14,1.0
Ketu,2025-05-15,1.5
Ketu,2025-05-16,2.1
Ketu,2025-05-17,22.1
Ketu,2025-05-18,6.3
Ketu,2025-05-19,0.4
Ketu,2025-05-20,13.9
Ketu,2025-05-21,1.3
Ketu,2025-05-22,8.3
Ketu,2025-05-23,7.5
Ketu,2025-05-24,14.4
Ketu,2025-05-25,0.6
Ketu,2025-05-26,0.0
Ketu,2025-05-27,1.6
Ketu,2025-05-28,3.3
Ketu,2025-05-29,15.0
Ketu,2025-05-30,3.6
Ketu,2025-05-31,0.4
Ketu,2025-06-01,0.3
Ketu,2025-06-02,3.1
Ketu,2025-06-03,10.8
Ketu,2025-06-04,17.4
Ketu,2025-06-05,2.8
Ketu,2025-06-06,1.2
Ketu,2025-06-07,13.2
Ketu,2025-06-08,2.2
Ketu,2025-06-09,13.0
Ketu,2025-06-10,2.0
Ketu,2025-06-11,5.2
Ketu,2025-06-12,2.1
Ketu,2025-06-13,0.6
Ketu,2025-06-14,29.1
Ketu,2025-06-15,15.4
Ketu,2025-06-16,1.1
Ketu,2025-06-17,1.6
Ketu,2025-06-18,8.8
Ketu,2025-06-19,27.2
Ketu,2025-06-20,28.9
Ketu,2025-06-21,1.2
Ketu,2025-06-22,9.6
Ketu,2025-06-23,12.6
Ketu,2025-06-24,12.0
Ketu,2025-06-25,1.7
Ketu,2025-06-26,5.7
Ketu,2025-06-27,3.1
Ketu,2025-06-28,2.0
Ketu,2025-06-29,11.5
Ketu,2025-06-30,12.3
Ketu,2025-07-01,3.5
Ketu,2025-07-02,2.5
Ketu,2025-07-03,11.9
Ketu,2025-07-04,7.4
Ketu,2025-07-05,3.2
Ketu,2025-07-06,16.9
Ketu,2025-07-07,16.5
Ketu,2025-07-08,9.9
Ketu,2025-07-09,4.2
Ketu,2025-07-10,0.4
Ketu,2025-07-11,2.2
Ketu,2025-07-12,1.4
Ketu,2025-07-13,0.6
Ketu,2025-07-14,0.0
Ketu,2025-07-15,0.5
Ketu,2025-07-16,2.0
Ketu,2025-07-17,1.3
Ketu,2025-07-18,0.6
Ketu,2025-07-19,1.6
Ketu,2025-07-20,0.7
Ketu,2025-07-21,0.4
Ketu,2025-07-22,0.8
Ketu,2025-07-23,2.8
Ketu,2025-07-24,1.4
Ketu,2025-07-25,0.8
Ketu,2025-07-26,1.2
Ketu,2025-07-27,1.3
Ketu,2025-07-28,0.3
Ketu,2025-07-29,0.9
Ketu,2025-07-30,0.6
Ketu,2025-07-31,1.2
Ketu,2025-08-01,4.9
Ketu,2025-08-02,0.4
Ketu,2025-08-03,8.2
Ketu,2025-08-04,33.5
Ketu,2025-08-05,3.1
Ketu,2025-08-06,3.6
Ketu,2025-08-07,2.1
Ketu,2025-08-08,1.6
Ketu,2025-08-09,2.1
Ketu,2025-08-10,0.9
Ketu,2025-08-11,0.4
Ketu,2025-08-12,0.8
Ketu,2025-08-13,2.2
Ketu,2025-08-14,1.2
Ketu,2025-08-15,2.3
Ketu,2025-08-16,2.0
Ketu,2025-08-17,1.4
Ketu,2025-08-18,1.9
Ketu,2025-08-19,2.2
Ketu,2025-08-20,2.4
Ketu,2025-08-21,9.6
Ketu,2025-08-22,2.3
Ketu,2025-08-23,1.0
Ketu,2025-08-24,1.4
Ketu,2025-08-25,0.9
Ketu,2025-08-26,0.4
Ketu,2025-08-27,0.8
Ketu,2025-08-28,1.3
Ketu,2025-08-29,0.7
Ketu,2025-08-30,5.1
Ketu,2025-08-31,1.4
Ketu,2025-09-01,0.8
Ketu,2025-09-02,1.2
Ketu,2025-09-03,1.2
Ketu,2025-09-04,0.7
Ketu,2025-09-05,2.0
Ketu,2025-09-06,1.1
Ketu,2025-09-07,0.7
Ketu,2025-09-08,4.5
Ketu,2025-09-09,7.8
Ketu,2025-09-10,2.6
Ketu,2025-09-11,2.4
Ketu,2025-09-12,10.3
Ketu,2025-09-13,9.1
Ketu,2025-09-14,3.0
Ketu,2025-09-15,21.3
Ketu,2025-09-16,43.8
Ketu,2025-09-17,8.5
Ketu,2025-09-18,4.7
Ketu,2025-09-19,1.5
Ketu,2025-09-20,1.4
Ketu,2025-09-21,1.7
Ketu,2025-09-22,4.8
Ketu,2025-09-23,16.7
Ketu,2025-09-24,18.3
Ketu,2025-09-25,9.2
Ketu,2025-09-26,2.2
Ketu,2025-09-27,2.1
Ketu,2025-09-28,20.8
Ketu,2025-09-29,15.2
Ketu,2025-09-30,7.4
Ketu,2025-10-01,3.9
Ketu,2025-10-02,3.6
Ketu,2025-10-03,2.2
Ketu,2025-10-04,0.5
Ketu,2025-10-05,18.6
Ketu,2025-10-06,3.5
Ketu,2025-10-07,14.1
Ketu,2025-10-08,1.7
Ketu,2025-10-09,0.8
Ketu,2025-10-10,16.7
Ketu,2025-10-11,2.9
Ketu,2025-10-12,1.1
Ketu,2025-10-13,3.7
Ketu,2025-10-14,0.9
Ketu,2025-10-15,1.6
Ketu,2025-10-16,16.1
Ketu,2025-10-17,1.5
Ketu,2025-10-18,8.6
Ketu,2025-10-19,1.1
Ketu,2025-10-20,0.3
Ketu,2025-10-21,0.5
Ketu,2025-10-22,4.1
Ketu,2025-10-23,1.7
Ketu,2025-10-24,1.6
Ketu,2025-10-25,1.2
Ketu,2025-10-26,4.0
Ketu,2025-10-27,2.7
Ketu,2025-10-28,12.8
Ketu,2025-10-29,0.1
Ketu,2025-10-30,4.6
Ketu,2025-10-31,12.3
Ketu,2025-11-01,3.0
Ketu,2025-11-02,1.7
Ketu,2025-11-03,3.2
Ketu,2025-11-04,0.6
Ketu,2025-11-05,3.9
Ketu,2025-11-06,2.6
Ketu,2025-11-07,3.5
Ketu,2025-11-08,1.2
Ketu,2025-11-09,2.3
Ketu,2025-11-10,0.7
Ketu,2025-11-11,0.7
Ketu,2025-11-12,1.1
Ketu,2025-11-13,1.0
Ketu,2025-11-14,0.2
Ketu,2025-11-15,0.2
Ketu,2025-11-16,0.9
Ketu,2025-11-17,1.3
Ketu,2025-11-18,0.2
Ketu,2025-11-19,1.3
Ketu,2025-11-20,1.0
Ketu,2025-11-21,3.2
Ketu,2025-11-22,5.0
Ketu,2025-11-23,0.0
Ketu,2025-11-24,0.0
Ketu,2025-11-25,0.4
Ketu,2025-11-26,1.8
Ketu,2025-11-27,2.4
Ketu,2025-11-28,3.3
Ketu,2025-11-29,1.3
Ketu,2025-11-30,1.8
Ketu,2025-12-01,1.7
Ketu,2025-12-02,0.7
Ketu,2025-12-03,4.5
Ketu,2025-12-04,0.8
Ketu,2025-12-05,0.9
Ketu,2025-12-06,0.9
Ketu,2025-12-07,2.0
Ketu,2025-12-08,1.5
Ketu,2025-12-09,1.3
Ketu,2025-12-10,0.5
Ketu,2025-12-11,10.0
Ketu,2025-12-12,0.7
Ketu,2025-12-13,1.2
Ketu,2025-12-14,2.2
Ketu,2025-12-15,2.9
Ketu,2025-12-16,1.0
Ketu,2025-12-17,0.7
Ketu,2025-12-18,0.3
Ketu,2025-12-19,0.8
Ketu,2025-12-20,0.9
Ketu,2025-12-21,2.0
Ketu,2025-12-22,0.8
Ketu,2025-12-23,0.4
Ketu,2025-12-24,1.0
Ketu,2025-12-25,1.6
Ketu,2025-12-26,1.6
Ketu,2025-12-27,1.3
Ketu,2025-12-28,0.7
Ketu,2025-12-29,2.1
Ketu,2025-12-30,1.8
Ketu,2025-12-31,1.0
Ketu,2026-01-01,1.0
Ketu,2026-01-02,2.1
Ketu,2026-01-03,2.2
Ketu,2026-01-04,0.5
Ketu,2026-01-05,0.0
Ketu,2026-01-06,0.1
Ketu,2026-01-07,0.4
Ketu,2026-01-08,3.6
Ketu,2026-01-09,0.0
Ketu,2026-01-10,1.9
Ketu,2026-01-11,1.9
Ketu,2026-01-12,1.4
Ketu,2026-01-13,0.0
Ketu,2026-01-14,0.1
Ketu,2026-01-15,0.5
Ketu,2026-01-16,0.1
Ketu,2026-01-17,1.9
Ketu,2026-01-18,2.5
Ketu,2026-01-19,1.1
Ketu,2026-01-20,1.4
Ketu,2026-01-21,0.2
Ketu,2026-01-22,0.9
Ketu,2026-01-23,0.0
Ketu,2026-01-24,0.1
Ketu,2026-01-25,0.0
Ketu,2026-01-26,0.0
Ketu,2026-01-27,0.9
Ketu,2026-01-28,2.2
Ketu,2026-01-29,2.8
Ketu,2026-01-30,3.0
Ketu,2026-01-31,2.8
Ketu,2026-02-01,2.2
Ketu,2026-02-02,4.3
Ketu,2026-02-03,0.3
Ketu,2026-02-04,0.0
Ketu,2026-02-05,0.3
Ketu,2026-02-06,0.1
Ketu,2026-02-07,0.0
Ketu,2026-02-08,0.0
Ketu,2026-02-09,0.3
Ketu,2026-02-10,1.9
Ketu,2026-02-11,0.1
Ketu,2026-02-12,0.4
Ketu,2026-02-13,0.5
Ketu,2026-02-14,20.3
Ketu,2026-02-15,0.0
Ketu,2026-02-16,0.7
Ketu,2026-02-17,0.5
Ketu,2026-02-18,1.1
Ketu,2026-02-19,0.3
Ketu,2026-02-20,0.2
Ketu,2026-02-21,0.2
Ketu,2026-02-22,0.7
Ketu,2026-02-23,1.4
Ketu,2026-02-24,3.0
Ketu,2026-02-25,0.1
Ketu,2026-02-26,3.4
Ketu,2026-02-27,1.4
Ketu,2026-02-28,1.2
Ketu,2026-03-01,1.7
Ketu,2026-03-02,2.0
Ketu,2026-03-03,1.8
Ketu,2026-03-04,2.7
Ketu,2026-03-05,0.2
Ketu,2026-03-06,0.2
Ketu,2026-03-07,0.6
Ketu,2026-03-08,1.9
Ketu,2026-03-09,1.0
Ketu,2026-03-10,1.5
Ketu,2026-03-11,2.1
Ketu,2026-03-12,0.0
Ketu,2026-03-13,1.1
Ketu,2026-03-14,1.8
Ketu,2026-03-15,0.0
Ketu,2026-03-16,1.5
Ketu,2026-03-17,1.7
Ketu,2026-03-18,0.1
Ketu,2026-03-19,1.2
Ketu,2026-03-20,0.2
Ketu,2026-03-21,3.8
Ketu,2026-03-22,2.1
Ketu,2026-03-23,0.2
Ketu,2026-03-24,2.1
Ketu,2026-03-25,0.0
Ketu,2026-03-26,0.0
Ketu,2026-03-27,2.1
Ketu,2026-03-28,5.8
Ketu,2026-03-29,0.9
Ketu,2026-03-30,0.0
Ketu,2026-03-31,2.7
Ketu,2026-04-01,0.0
Ketu,2026-04-02,6.9
Ketu,2026-04-03,0.8
Ketu,2026-04-04,0.5
Ketu,2026-04-05,0.7
Ketu,2026-04-06,0.6
Ketu,2026-04-07,0.0
Ketu,2026-04-08,1.5
Ketu,2026-04-09,1.6
Ketu,2026-04-10,0.0
Ketu,2026-04-11,0.1
Ketu,2026-04-12,0.0
Ketu,2026-04-13,6.0
Ketu,2026-04-14,2.9
Ketu,2026-04-15,2.8
Ketu,2026-04-16,0.6
Ketu,2026-04-17,2.8
Ketu,2026-04-18,0.9
Ketu,2026-04-19,2.9
Ketu,2026-04-20,2.2
Ketu,2026-04-21,1.0
Ketu,2026-04-22,0.6
Ketu,2026-04-23,0.5
Ketu,2026-04-24,2.4
Ketu,2026-04-25,3.0
Ketu,2026-04-26,23.4
Ketu,2026-04-27,0.7
Ketu,2026-04-28,4.0
Ketu,2026-04-29,2.1
Ketu,2026-04-30,1.3
Ketu,2026-05-01,0.1
Ketu,2026-05-02,2.4
Ketu,2026-05-03,5.0
Ketu,2026-05-04,3.9
Ketu,2026-05-05,3.5
Ketu,2026-05-06,4.9
Ketu,2026-05-07,1.4
Ketu,2026-05-08,6.7
Ketu,2026-05-09,6.8
Ketu,2026-05-10,1.5
Ketu,2026-05-11,1.6
Ketu,2026-05-12,0.5
Ketu,2026-05-13,1.7
Ketu,2026-05-14,5.6
Ketu,2026-05-15,5.0
Ketu,2026-05-16,0.6
Ketu,2026-05-17,9.5
Ketu,2026-05-18,4.4
Ketu,2026-05-19,9.3
Ketu,2026-05-20,4.3
Ketu,2026-05-21,15.2
Ketu,2026-05-22,26.7
Ketu,2026-05-23,5.1
Ketu,2026-05-24,6.5
Ketu,2026-05-25,8.7
Ketu,2026-05-26,3.4
Ketu,2026-05-27,2.0
Ketu,2026-05-28,5.3
Ketu,2026-05-29,1.2
Ketu,2026-05-30,11.4
Ketu,2026-05-31,1.1
Ketu,2026-06-01,10.3
Ketu,2026-06-02,5.7
Ketu,2026-06-03,11.5
Ketu,2026-06-04,16.1
Ketu,2026-06-05,8.9
Ketu,2026-06-06,16.3
Ketu,2026-06-07,4.3
Ketu,2026-06-08,8.8
Ketu,2026-06-09,8.4
Ketu,2026-06-10,5.7
Ketu,2026-06-11,0.4
Ketu,2026-06-12,8.7
Ketu,2026-06-13,5.1
Ketu,2026-06-14,3.1
Ketu,2026-06-15,16.9
Ketu,2026-06-16,7.7
Ketu,2026-06-17,3.7
Ketu,2026-06-18,2.5
Ketu,2026-06-19,1.9
Ketu,2026-06-20,13.2
Ketu,2026-06-21,39.4
Ketu,2026-06-22,0.4
Ketu,2026-06-23,1.5
Ketu,2026-06-24,12.6
Ketu,2026-06-25,2.8
Ketu,2026-06-26,4.0
Ketu,2026-06-27,3.1
Ketu,2026-06-28,13.3
Ketu,2026-06-29,18.9
Ketu,2026-06-30,35.9
Ketu,2026-07-01,2.2
Ketu,2026-07-02,6.7
Ketu,2026-07-03,2.6
Ketu,2026-07-04,3.5
Ketu,2026-07-05,4.5
Ketu,2026-07-06,2.3
Ketu,2026-07-07,4.9
Ketu,2026-07-08,5.4
Ketu,2026-07-09,4.9
Ketu,2026-07-10,56.2
Ketu,2026-07-11,6.7
Ketu,2026-07-12,9.2
Ketu,2026-07-13,20.5
Ketu,2026-07-14,10.0
Ketu,2026-07-15,7.7
Ketu,2026-07-16,17.9
Ketu,2026-07-17,1.1
Ketu,2026-07-18,0.0
Ketu,2026-07-19,2.3
Ketu,2026-07-20,2.8
Ketu,2026-07-21,1.1
Ketu,2026-07-22,3.4
Ketu,2026-07-23,3.1
Ketu,2026-07-24,2.5
Ketu,2026-07-25,0.9
Ketu,2026-07-26,1.0
Ketu,2026-07-27,18.5
Ketu,2026-07-28,4.0
Ketu,2026-07-29,13.1
Ketu,2026-07-30,4.6
Ketu,2026-07-31,2.0
Ketu,2026-08-01,3.1
Ketu,2026-08-02,4.4
Ketu,2026-08-03,2.6
Ketu,2026-08-04,2.2
Ketu,2026-08-05,3.2
Ketu,2026-08-06,5.5
Ketu,2026-08-07,3.8
Ketu,2026-08-08,0.1
Ketu,2026-08-09,0.3
Ketu,2026-08-10,1.1
Ketu,2026-08-11,0.7
Ketu,2026-08-12,0.0
Ketu,2026-08-13,5.4
Ketu,2026-08-14,1.1
Ketu,2026-08-15,0.8
Ketu,2026-08-16,2.6
Ketu,2026-08-17,0.4
Ketu,2026-08-18,1.7
Ketu,2026-08-19,4.2
Ketu,2026-08-20,3.0
Ketu,2026-08-21,3.7
Ketu,2026-08-22,6.7
Ketu,2026-08-23,4.1
Ketu,2026-08-24,0.8
Ketu,2026-08-25,0.6
Ketu,2026-08-26,2.3
Ketu,2026-08-27,7.4
Ketu,2026-08-28,25.1
Ketu,2026-08-29,7.3
Ketu,2026-08-30,10.7
Ketu,2026-08-31,0.7
Ketu,2026-09-01,0.8
Mushin,2019-01-01,0.0
Mushin,2019-01-02,0.0
Mushin,2019-01-03,0.0
Mushin,2019-01-04,0.0
Mushin,2019-01-05,0.0
Mushin,2019-01-06,0.0
Mushin,2019-01-07,0.0
Mushin,2019-01-08,0.0
Mushin,2019-01-09,0.0
Mushin,2019-01-10,0.3
Mushin,2019-01-11,0.4
Mushin,2019-01-12,0.0
Mushin,2019-01-13,0.2
Mushin,2019-01-14,1.1
Mushin,2019-01-15,1.6
Mushin,2019-01-16,1.8
Mushin,2019-01-17,2.6
Mushin,2019-01-18,1.2
Mushin,2019-01-19,1.2
Mushin,2019-01-20,0.6
Mushin,2019-01-21,5.7
Mushin,2019-01-22,1.4
Mushin,2019-01-23,1.4
Mushin,2019-01-24,11.0
Mushin,2019-01-25,0.5
Mushin,2019-01-26,1.5
Mushin,2019-01-27,5.6
Mushin,2019-01-28,5.2
Mushin,2019-01-29,3.2
Mushin,2019-01-30,12.1
Mushin,2019-01-31,0.9
Mushin,2019-02-01,1.0
Mushin,2019-02-02,6.3
Mushin,2019-02-03,2.2
Mushin,2019-02-04,1.5
Mushin,2019-02-05,0.6
Mushin,2019-02-06,1.4
Mushin,2019-02-07,1.4
Mushin,2019-02-08,6.0
Mushin,2019-02-09,0.1
Mushin,2019-02-10,0.0
Mushin,2019-02-11,0.0
Mushin,2019-02-12,0.1
Mushin,2019-02-13,0.0
Mushin,2019-02-14,1.7
Mushin,2019-02-15,2.1
Mushin,2019-02-16,0.0
Mushin,2019-02-17,0.5
Mushin,2019-02-18,2.7
Mushin,2019-02-19,1.2
Mushin,2019-02-20,1.3
Mushin,2019-02-21,1.2
Mushin,2019-02-22,1.6
Mushin,2019-02-23,4.0
Mushin,2019-02-24,7.5
Mushin,2019-02-25,2.2
Mushin,2019-02-26,9.8
Mushin,2019-02-27,1.6
Mushin,2019-02-28,2.9
Mushin,2019-03-01,1.5
Mushin,2019-03-02,1.0
Mushin,2019-03-03,0.3
Mushin,2019-03-04,2.4
Mushin,2019-03-05,1.0
Mushin,2019-03-06,5.3
Mushin,2019-03-07,1.6
Mushin,2019-03-08,1.3
Mushin,2019-03-09,5.4
Mushin,2019-03-10,7.0
Mushin,2019-03-11,2.7
Mushin,2019-03-12,0.6
Mushin,2019-03-13,0.3
Mushin,2019-03-14,1.3
Mushin,2019-03-15,2.2
Mushin,2019-03-16,4.1
Mushin,2019-03-17,0.5
Mushin,2019-03-18,0.4
Mushin,2019-03-19,0.5
Mushin,2019-03-20,3.6
Mushin,2019-03-21,6.5
Mushin,2019-03-22,4.0
Mushin,2019-03-23,1.2
Mushin,2019-03-24,1.9
Mushin,2019-03-25,3.1
Mushin,2019-03-26,0.1
Mushin,2019-03-27,1.3
Mushin,2019-03-28,1.7
Mushin,2019-03-29,2.2
Mushin,2019-03-30,4.5
Mushin,2019-03-31,2.7
Mushin,2019-04-01,0.2
Mushin,2019-04-02,1.2
Mushin,2019-04-03,0.9
Mushin,2019-04-04,3.6
Mushin,2019-04-05,5.1
Mushin,2019-04-06,2.7
Mushin,2019-04-07,20.5
Mushin,2019-04-08,3.5
Mushin,2019-04-09,0.0
Mushin,2019-04-10,4.3
Mushin,2019-04-11,14.2
Mushin,2019-04-12,0.6
Mushin,2019-04-13,0.7
Mushin,2019-04-14,0.9
Mushin,2019-04-15,0.1
Mushin,2019-04-16,0.4
Mushin,2019-04-17,2.3
Mushin,2019-04-18,1.3
Mushin,2019-04-19,0.5
Mushin,2019-04-20,0.8
Mushin,2019-04-21,3.5
Mushin,2019-04-22,2.0
Mushin,2019-04-23,10.6
Mushin,2019-04-24,8.7
Mushin,2019-04-25,7.1
Mushin,2019-04-26,3.7
Mushin,2019-04-27,1.5
Mushin,2019-04-28,1.4
Mushin,2019-04-29,5.1
Mushin,2019-04-30,4.6
Mushin,2019-05-01,5.7
Mushin,2019-05-02,9.7
Mushin,2019-05-03,5.1
Mushin,2019-05-04,1.9
Mushin,2019-05-05,1.2
Mushin,2019-05-06,0.3
Mushin,2019-05-07,1.9
Mushin,2019-05-08,1.2
Mushin,2019-05-09,0.5
Mushin,2019-05-10,1.1
Mushin,2019-05-11,2.5
Mushin,2019-05-12,0.2
Mushin,2019-05-13,1.8
Mushin,2019-05-14,4.5
Mushin,2019-05-15,21.0
Mushin,2019-05-16,0.2
Mushin,2019-05-17,0.2
Mushin,2019-05-18,1.0
Mushin,2019-05-19,0.1
Mushin,2019-05-20,10.8
Mushin,2019-05-21,4.3
Mushin,2019-05-22,1.9
Mushin,2019-05-23,2.3
Mushin,2019-05-24,5.6
Mushin,2019-05-25,4.4
Mushin,2019-05-26,9.1
Mushin,2019-05-27,9.9
Mushin,2019-05-28,1.7
Mushin,2019-05-29,3.2
Mushin,2019-05-30,12.1
Mushin,2019-05-31,47.3
Mushin,2019-06-01,10.1
Mushin,2019-06-02,2.3
Mushin,2019-06-03,1.1
Mushin,2019-06-04,5.9
Mushin,2019-06-05,1.7
Mushin,2019-06-06,3.1
Mushin,2019-06-07,9.8
Mushin,2019-06-08,1.9
Mushin,2019-06-09,3.0
Mushin,2019-06-10,12.5
Mushin,2019-06-11,4.7
Mushin,2019-06-12,1.4
Mushin,2019-06-13,9.7
Mushin,2019-06-14,6.8
Mushin,2019-06-15,15.1
Mushin,2019-06-16,1.2
Mushin,2019-06-17,1.3
Mushin,2019-06-18,1.8
Mushin,2019-06-19,0.8
Mushin,2019-06-20,5.1
Mushin,2019-06-21,7.9
Mushin,2019-06-22,5.4
Mushin,2019-06-23,3.7
Mushin,2019-06-24,3.6
Mushin,2019-06-25,5.4
Mushin,2019-06-26,17.8
Mushin,2019-06-27,4.7
Mushin,2019-06-28,12.2
Mushin,2019-06-29,1.4
Mushin,2019-06-30,3.5
Mushin,2019-07-01,6.3
Mushin,2019-07-02,0.4
Mushin,2019-07-03,6.9
Mushin,2019-07-04,6.9
Mushin,2019-07-05,9.3
Mushin,2019-07-06,4.4
Mushin,2019-07-07,1.6
Mushin,2019-07-08,3.2
Mushin,2019-07-09,1.3
Mushin,2019-07-10,4.2
Mushin,2019-07-11,14.8
Mushin,2019-07-12,41.9
Mushin,2019-07-13,1.5
Mushin,2019-07-14,2.6
Mushin,2019-07-15,10.6
Mushin,2019-07-16,8.4
Mushin,2019-07-17,1.0
Mushin,2019-07-18,0.6
Mushin,2019-07-19,5.2
Mushin,2019-07-20,9.5
Mushin,2019-07-21,1.0
Mushin,2019-07-22,1.3
Mushin,2019-07-23,2.8
Mushin,2019-07-24,2.1
Mushin,2019-07-25,4.0
Mushin,2019-07-26,11.3
Mushin,2019-07-27,7.5
Mushin,2019-07-28,6.3
Mushin,2019-07-29,3.8
Mushin,2019-07-30,1.2
Mushin,2019-07-31,0.8
Mushin,2019-08-01,2.0
Mushin,2019-08-02,1.8
Mushin,2019-08-03,1.1
Mushin,2019-08-04,2.3
Mushin,2019-08-05,0.9
Mushin,2019-08-06,0.7
Mushin,2019-08-07,1.0
Mushin,2019-08-08,2.8
Mushin,2019-08-09,2.9
Mushin,2019-08-10,1.6
Mushin,2019-08-11,0.8
Mushin,2019-08-12,1.1
Mushin,2019-08-13,1.8
Mushin,2019-08-14,3.0
Mushin,2019-08-15,2.7
Mushin,2019-08-16,1.3
Mushin,2019-08-17,2.6
Mushin,2019-08-18,1.0
Mushin,2019-08-19,3.9
Mushin,2019-08-20,1.5
Mushin,2019-08-21,3.4
Mushin,2019-08-22,2.6
Mushin,2019-08-23,6.2
Mushin,2019-08-24,0.5
Mushin,2019-08-25,8.0
Mushin,2019-08-26,8.7
Mushin,2019-08-27,1.7
Mushin,2019-08-28,9.2
Mushin,2019-08-29,2.1
Mushin,2019-08-30,1.9
Mushin,2019-08-31,10.9
Mushin,2019-09-01,10.6
Mushin,2019-09-02,6.5
Mushin,2019-09-03,2.4
Mushin,2019-09-04,11.7
Mushin,2019-09-05,1.8
Mushin,2019-09-06,14.7
Mushin,2019-09-07,3.6
Mushin,2019-09-08,2.9
Mushin,2019-09-09,7.4
Mushin,2019-09-10,10.9
Mushin,2019-09-11,11.3
Mushin,2019-09-12,5.4
Mushin,2019-09-13,1.3
Mushin,2019-09-14,3.2
Mushin,2019-09-15,5.4
Mushin,2019-09-16,2.9
Mushin,2019-09-17,7.2
Mushin,2019-09-18,27.0
Mushin,2019-09-19,77.9
Mushin,2019-09-20,4.3
Mushin,2019-09-21,0.6
Mushin,2019-09-22,4.6
Mushin,2019-09-23,3.1
Mushin,2019-09-24,2.4
Mushin,2019-09-25,1.1
Mushin,2019-09-26,2.5
Mushin,2019-09-27,10.7
Mushin,2019-09-28,4.8
Mushin,2019-09-29,7.4
Mushin,2019-09-30,10.1
Mushin,2019-10-01,28.2
Mushin,2019-10-02,13.4
Mushin,2019-10-03,1.2
Mushin,2019-10-04,18.0
Mushin,2019-10-05,35.4
Mushin,2019-10-06,22.2
Mushin,2019-10-07,11.0
Mushin,2019-10-08,7.7
Mushin,2019-10-09,13.7
Mushin,2019-10-10,2.5
Mushin,2019-10-11,13.0
Mushin,2019-10-12,33.4
Mushin,2019-10-13,1.0
Mushin,2019-10-14,5.1
Mushin,2019-10-15,8.2
Mushin,2019-10-16,8.9
Mushin,2019-10-17,12.9
Mushin,2019-10-18,11.8
Mushin,2019-10-19,18.4
Mushin,2019-10-20,28.3
Mushin,2019-10-21,1.4
Mushin,2019-10-22,7.7
Mushin,2019-10-23,5.5
Mushin,2019-10-24,10.9
Mushin,2019-10-25,20.0
Mushin,2019-10-26,7.5
Mushin,2019-10-27,11.6
Mushin,2019-10-28,9.5
Mushin,2019-10-29,7.1
Mushin,2019-10-30,2.1
Mushin,2019-10-31,1.1
Mushin,2019-11-01,3.5
Mushin,2019-11-02,7.8
Mushin,2019-11-03,7.3
Mushin,2019-11-04,0.4
Mushin,2019-11-05,3.0
Mushin,2019-11-06,1.3
Mushin,2019-11-07,1.2
Mushin,2019-11-08,1.1
Mushin,2019-11-09,0.7
Mushin,2019-11-10,16.0
Mushin,2019-11-11,2.0
Mushin,2019-11-12,3.5
Mushin,2019-11-13,1.9
Mushin,2019-11-14,0.1
Mushin,2019-11-15,5.9
Mushin,2019-11-16,1.0
Mushin,2019-11-17,1.3
Mushin,2019-11-18,1.0
Mushin,2019-11-19,0.9
Mushin,2019-11-20,0.6
Mushin,2019-11-21,0.9
Mushin,2019-11-22,1.0
Mushin,2019-11-23,0.8
Mushin,2019-11-24,2.2
Mushin,2019-11-25,0.6
Mushin,2019-11-26,1.0
Mushin,2019-11-27,0.8
Mushin,2019-11-28,2.5
Mushin,2019-11-29,0.3
Mushin,2019-11-30,0.0
Mushin,2019-12-01,0.2
Mushin,2019-12-02,2.1
Mushin,2019-12-03,1.5
Mushin,2019-12-04,1.0
Mushin,2019-12-05,1.4
Mushin,2019-12-06,2.3
Mushin,2019-12-07,0.2
Mushin,2019-12-08,1.7
Mushin,2019-12-09,1.2
Mushin,2019-12-10,1.5
Mushin,2019-12-11,0.9
Mushin,2019-12-12,0.3
Mushin,2019-12-13,0.3
Mushin,2019-12-14,0.2
Mushin,2019-12-15,0.7
Mushin,2019-12-16,0.0
Mushin,2019-12-17,0.0
Mushin,2019-12-18,0.0
Mushin,2019-12-19,0.0
Mushin,2019-12-20,0.0
Mushin,2019-12-21,1.1
Mushin,2019-12-22,0.0
Mushin,2019-12-23,0.0
Mushin,2019-12-24,0.0
Mushin,2019-12-25,0.0
Mushin,2019-12-26,0.0
Mushin,2019-12-27,0.0
Mushin,2019-12-28,0.0
Mushin,2019-12-29,0.0
Mushin,2019-12-30,0.0
Mushin,2019-12-31,0.0
Mushin,2020-01-01,0.0
Mushin,2020-01-02,0.0
Mushin,2020-01-03,0.0
Mushin,2020-01-04,0.0
Mushin,2020-01-05,0.0
Mushin,2020-01-06,0.0
Mushin,2020-01-07,0.0
Mushin,2020-01-08,0.0
Mushin,2020-01-09,0.0
Mushin,2020-01-10,0.1
Mushin,2020-01-11,1.2
Mushin,2020-01-12,0.3
Mushin,2020-01-13,1.0
Mushin,2020-01-14,0.1
Mushin,2020-01-15,0.0
Mushin,2020-01-16,0.0
Mushin,2020-01-17,0.0
Mushin,2020-01-18,0.0
Mushin,2020-01-19,0.0
Mushin,2020-01-20,0.0
Mushin,2020-01-21,0.0
Mushin,2020-01-22,0.0
Mushin,2020-01-23,0.0
Mushin,2020-01-24,0.0
Mushin,2020-01-25,0.0
Mushin,2020-01-26,0.0
Mushin,2020-01-27,0.0
Mushin,2020-01-28,0.0
Mushin,2020-01-29,0.0
Mushin,2020-01-30,0.0
Mushin,2020-01-31,0.1
Mushin,2020-02-01,0.0
Mushin,2020-02-02,0.0
Mushin,2020-02-03,0.0
Mushin,2020-02-04,0.0
Mushin,2020-02-05,0.0
Mushin,2020-02-06,0.0
Mushin,2020-02-07,0.0
Mushin,2020-02-08,0.0
Mushin,2020-02-09,0.0
Mushin,2020-02-10,4.4
Mushin,2020-02-11,0.0
Mushin,2020-02-12,0.0
Mushin,2020-02-13,0.0
Mushin,2020-02-14,0.0
Mushin,2020-02-15,0.0
Mushin,2020-02-16,0.0
Mushin,2020-02-17,0.0
Mushin,2020-02-18,0.2
Mushin,2020-02-19,0.2
Mushin,2020-02-20,0.2
Mushin,2020-02-21,0.0
Mushin,2020-02-22,0.2
Mushin,2020-02-23,0.2
Mushin,2020-02-24,0.0
Mushin,2020-02-25,0.2
Mushin,2020-02-26,1.0
Mushin,2020-02-27,0.2
Mushin,2020-02-28,0.2
Mushin,2020-02-29,0.7
Mushin,2020-03-01,1.1
Mushin,2020-03-02,3.5
Mushin,2020-03-03,2.7
Mushin,2020-03-04,1.3
Mushin,2020-03-05,1.2
Mushin,2020-03-06,5.5
Mushin,2020-03-07,0.2
Mushin,2020-03-08,0.2
Mushin,2020-03-09,0.2
Mushin,2020-03-10,0.8
Mushin,2020-03-11,3.2
Mushin,2020-03-12,0.9
Mushin,2020-03-13,2.4
Mushin,2020-03-14,9.3
Mushin,2020-03-15,0.0
Mushin,2020-03-16,0.1
Mushin,2020-03-17,0.0
Mushin,2020-03-18,0.9
Mushin,2020-03-19,0.9
Mushin,2020-03-20,0.6
Mushin,2020-03-21,0.8
Mushin,2020-03-22,0.0
Mushin,2020-03-23,0.6
Mushin,2020-03-24,2.9
Mushin,2020-03-25,5.5
Mushin,2020-03-26,0.0
Mushin,2020-03-27,1.7
Mushin,2020-03-28,0.0
Mushin,2020-03-29,0.0
Mushin,2020-03-30,0.0
Mushin,2020-03-31,0.4
Mushin,2020-04-01,1.1
Mushin,2020-04-02,0.0
Mushin,2020-04-03,0.0
Mushin,2020-04-04,1.4
Mushin,2020-04-05,0.0
Mushin,2020-04-06,0.7
Mushin,2020-04-07,0.0
Mushin,2020-04-08,0.0
Mushin,2020-04-09,2.0
Mushin,2020-04-10,1.7
Mushin,2020-04-11,2.5
Mushin,2020-04-12,0.4
Mushin,2020-04-13,0.1
Mushin,2020-04-14,1.2
Mushin,2020-04-15,0.1
Mushin,2020-04-16,1.8
Mushin,2020-04-17,4.1
Mushin,2020-04-18,3.9
Mushin,2020-04-19,4.2
Mushin,2020-04-20,0.9
Mushin,2020-04-21,1.7
Mushin,2020-04-22,3.0
Mushin,2020-04-23,3.6
Mushin,2020-04-24,1.1
Mushin,2020-04-25,2.9
Mushin,2020-04-26,4.8
Mushin,2020-04-27,0.7
Mushin,2020-04-28,0.0
Mushin,2020-04-29,0.3
Mushin,2020-04-30,1.5
Mushin,2020-05-01,0.0
Mushin,2020-05-02,2.5
Mushin,2020-05-03,3.6
Mushin,2020-05-04,1.2
Mushin,2020-05-05,0.0
Mushin,2020-05-06,0.9
Mushin,2020-05-07,0.6
Mushin,2020-05-08,1.8
Mushin,2020-05-09,3.7
Mushin,2020-05-10,8.6
Mushin,2020-05-11,9.3
Mushin,2020-05-12,1.6
Mushin,2020-05-13,1.4
Mushin,2020-05-14,1.9
Mushin,2020-05-15,0.0
Mushin,2020-05-16,8.1
Mushin,2020-05-17,1.1
Mushin,2020-05-18,1.9
Mushin,2020-05-19,3.8
Mushin,2020-05-20,3.2
Mushin,2020-05-21,11.1
Mushin,2020-05-22,8.9
Mushin,2020-05-23,2.8
Mushin,2020-05-24,0.9
Mushin,2020-05-25,22.4
Mushin,2020-05-26,0.9
Mushin,2020-05-27,1.1
Mushin,2020-05-28,11.7
Mushin,2020-05-29,4.5
Mushin,2020-05-30,6.7
Mushin,2020-05-31,5.1
Mushin,2020-06-01,6.9
Mushin,2020-06-02,0.1
Mushin,2020-06-03,1.7
Mushin,2020-06-04,1.7
Mushin,2020-06-05,1.7
Mushin,2020-06-06,6.1
Mushin,2020-06-07,7.0
Mushin,2020-06-08,1.2
Mushin,2020-06-09,1.7
Mushin,2020-06-10,8.8
Mushin,2020-06-11,6.9
Mushin,2020-06-12,7.4
Mushin,2020-06-13,4.2
Mushin,2020-06-14,5.8
Mushin,2020-06-15,4.4
Mushin,2020-06-16,2.0
Mushin,2020-06-17,13.7
Mushin,2020-06-18,137.1
Mushin,2020-06-19,8.3
Mushin,2020-06-20,9.0
Mushin,2020-06-21,9.0
Mushin,2020-06-22,17.0
Mushin,2020-06-23,2.8
Mushin,2020-06-24,3.6
Mushin,2020-06-25,2.0
Mushin,2020-06-26,2.5
Mushin,2020-06-27,4.8
Mushin,2020-06-28,11.6
Mushin,2020-06-29,60.1
Mushin,2020-06-30,6.6
Mushin,2020-07-01,11.3
Mushin,2020-07-02,4.3
Mushin,2020-07-03,1.3
Mushin,2020-07-04,61.4
Mushin,2020-07-05,10.4
Mushin,2020-07-06,20.0
Mushin,2020-07-07,12.0
Mushin,2020-07-08,15.7
Mushin,2020-07-09,10.0
Mushin,2020-07-10,4.2
Mushin,2020-07-11,13.4
Mushin,2020-07-12,6.9
Mushin,2020-07-13,1.8
Mushin,2020-07-14,0.9
Mushin,2020-07-15,0.4
Mushin,2020-07-16,1.6
Mushin,2020-07-17,3.7
Mushin,2020-07-18,1.2
Mushin,2020-07-19,0.5
Mushin,2020-07-20,4.3
Mushin,2020-07-21,10.9
Mushin,2020-07-22,1.5
Mushin,2020-07-23,1.4
Mushin,2020-07-24,1.3
Mushin,2020-07-25,0.5
Mushin,2020-07-26,1.6
Mushin,2020-07-27,0.7
Mushin,2020-07-28,0.5
Mushin,2020-07-29,0.7
Mushin,2020-07-30,0.7
Mushin,2020-07-31,2.1
Mushin,2020-08-01,1.8
Mushin,2020-08-02,0.5
Mushin,2020-08-03,0.1
Mushin,2020-08-04,0.0
Mushin,2020-08-05,0.3
Mushin,2020-08-06,0.1
Mushin,2020-08-07,0.3
Mushin,2020-08-08,0.6
Mushin,2020-08-09,0.1
Mushin,2020-08-10,0.1
Mushin,2020-08-11,2.3
Mushin,2020-08-12,0.0
Mushin,2020-08-13,0.0
Mushin,2020-08-14,1.8
Mushin,2020-08-15,1.3
Mushin,2020-08-16,0.3
Mushin,2020-08-17,1.2
Mushin,2020-08-18,0.9
Mushin,2020-08-19,0.3
Mushin,2020-08-20,0.2
Mushin,2020-08-21,3.6
Mushin,2020-08-22,1.3
Mushin,2020-08-23,0.6
Mushin,2020-08-24,0.1
Mushin,2020-08-25,0.5
Mushin,2020-08-26,0.9
Mushin,2020-08-27,0.6
Mushin,2020-08-28,0.7
Mushin,2020-08-29,1.3
Mushin,2020-08-30,1.6
Mushin,2020-08-31,6.4
Mushin,2020-09-01,7.7
Mushin,2020-09-02,1.3
Mushin,2020-09-03,2.4
Mushin,2020-09-04,1.9
Mushin,2020-09-05,1.3
Mushin,2020-09-06,1.0
Mushin,2020-09-07,1.9
Mushin,2020-09-08,2.0
Mushin,2020-09-09,137.4
Mushin,2020-09-10,2.7
Mushin,2020-09-11,0.9
Mushin,2020-09-12,6.3
Mushin,2020-09-13,8.7
Mushin,2020-09-14,3.1
Mushin,2020-09-15,8.7
Mushin,2020-09-16,9.7
Mushin,2020-09-17,4.6
Mushin,2020-09-18,2.6
Mushin,2020-09-19,12.2
Mushin,2020-09-20,6.5
Mushin,2020-09-21,3.3
Mushin,2020-09-22,10.5
Mushin,2020-09-23,3.7
Mushin,2020-09-24,1.3
Mushin,2020-09-25,1.2
Mushin,2020-09-26,13.7
Mushin,2020-09-27,5.6
Mushin,2020-09-28,6.1
Mushin,2020-09-29,5.8
Mushin,2020-09-30,7.0
Mushin,2020-10-01,2.8
Mushin,2020-10-02,3.2
Mushin,2020-10-03,2.3
Mushin,2020-10-04,5.4
Mushin,2020-10-05,2.3
Mushin,2020-10-06,4.9
Mushin,2020-10-07,3.3
Mushin,2020-10-08,6.7
Mushin,2020-10-09,16.4
Mushin,2020-10-10,5.8
Mushin,2020-10-11,18.0
Mushin,2020-10-12,1.0
Mushin,2020-10-13,2.9
Mushin,2020-10-14,3.0
Mushin,2020-10-15,1.9
Mushin,2020-10-16,2.7
Mushin,2020-10-17,7.2
Mushin,2020-10-18,1.8
Mushin,2020-10-19,1.3
Mushin,2020-10-20,2.4
Mushin,2020-10-21,2.1
Mushin,2020-10-22,1.0
Mushin,2020-10-23,2.3
Mushin,2020-10-24,6.5
Mushin,2020-10-25,5.9
Mushin,2020-10-26,6.5
Mushin,2020-10-27,3.0
Mushin,2020-10-28,1.3
Mushin,2020-10-29,2.7
Mushin,2020-10-30,1.1
Mushin,2020-10-31,1.3
Mushin,2020-11-01,3.4
Mushin,2020-11-02,4.0
Mushin,2020-11-03,0.9
Mushin,2020-11-04,8.6
Mushin,2020-11-05,6.5
Mushin,2020-11-06,3.3
Mushin,2020-11-07,5.6
Mushin,2020-11-08,1.7
Mushin,2020-11-09,3.4
Mushin,2020-11-10,3.7
Mushin,2020-11-11,3.3
Mushin,2020-11-12,1.1
Mushin,2020-11-13,0.0
Mushin,2020-11-14,0.3
Mushin,2020-11-15,1.5
Mushin,2020-11-16,4.4
Mushin,2020-11-17,1.5
Mushin,2020-11-18,5.5
Mushin,2020-11-19,1.0
Mushin,2020-11-20,1.5
Mushin,2020-11-21,3.3
Mushin,2020-11-22,0.6
Mushin,2020-11-23,1.8
Mushin,2020-11-24,1.4
Mushin,2020-11-25,1.3
Mushin,2020-11-26,2.2
Mushin,2020-11-27,9.1
Mushin,2020-11-28,1.5
Mushin,2020-11-29,0.4
Mushin,2020-11-30,0.2
Mushin,2020-12-01,0.9
Mushin,2020-12-02,1.0
Mushin,2020-12-03,1.1
Mushin,2020-12-04,1.3
Mushin,2020-12-05,0.3
Mushin,2020-12-06,0.8
Mushin,2020-12-07,0.9
Mushin,2020-12-08,1.4
Mushin,2020-12-09,1.6
Mushin,2020-12-10,1.5
Mushin,2020-12-11,1.1
Mushin,2020-12-12,1.4
Mushin,2020-12-13,2.8
Mushin,2020-12-14,2.1
Mushin,2020-12-15,1.1
Mushin,2020-12-16,1.1
Mushin,2020-12-17,0.6
Mushin,2020-12-18,0.9
Mushin,2020-12-19,1.9
Mushin,2020-12-20,2.2
Mushin,2020-12-21,1.1
Mushin,2020-12-22,1.0
Mushin,2020-12-23,0.7
Mushin,2020-12-24,2.0
Mushin,2020-12-25,0.5
Mushin,2020-12-26,0.0
Mushin,2020-12-27,0.0
Mushin,2020-12-28,0.0
Mushin,2020-12-29,0.0
Mushin,2020-12-30,0.0
Mushin,2020-12-31,0.1
Mushin,2021-01-01,0.4
Mushin,2021-01-02,0.9
Mushin,2021-01-03,0.4
Mushin,2021-01-04,2.0
Mushin,2021-01-05,1.6
Mushin,2021-01-06,3.1
Mushin,2021-01-07,2.0
Mushin,2021-01-08,1.8
Mushin,2021-01-09,0.4
Mushin,2021-01-10,0.8
Mushin,2021-01-11,0.2
Mushin,2021-01-12,1.6
Mushin,2021-01-13,1.3
Mushin,2021-01-14,3.8
Mushin,2021-01-15,1.3
Mushin,2021-01-16,4.1
Mushin,2021-01-17,0.4
Mushin,2021-01-18,1.6
Mushin,2021-01-19,0.0
Mushin,2021-01-20,0.0
Mushin,2021-01-21,0.0
Mushin,2021-01-22,0.0
Mushin,2021-01-23,0.0
Mushin,2021-01-24,0.0
Mushin,2021-01-25,0.0
Mushin,2021-01-26,0.0
Mushin,2021-01-27,0.3
Mushin,2021-01-28,1.4
Mushin,2021-01-29,1.1
Mushin,2021-01-30,1.3
Mushin,2021-01-31,0.9
Mushin,2021-02-01,4.0
Mushin,2021-02-02,1.5
Mushin,2021-02-03,1.3
Mushin,2021-02-04,1.4
Mushin,2021-02-05,2.5
Mushin,2021-02-06,1.1
Mushin,2021-02-07,0.9
Mushin,2021-02-08,1.4
Mushin,2021-02-09,0.4
Mushin,2021-02-10,0.7
Mushin,2021-02-11,3.0
Mushin,2021-02-12,1.6
Mushin,2021-02-13,3.3
Mushin,2021-02-14,2.7
Mushin,2021-02-15,4.2
Mushin,2021-02-16,1.2
Mushin,2021-02-17,2.7
Mushin,2021-02-18,0.0
Mushin,2021-02-19,0.0
Mushin,2021-02-20,0.0
Mushin,2021-02-21,0.0
Mushin,2021-02-22,0.0
Mushin,2021-02-23,0.4
Mushin,2021-02-24,0.0
Mushin,2021-02-25,1.3
Mushin,2021-02-26,2.4
Mushin,2021-02-27,1.3
Mushin,2021-02-28,0.0
Mushin,2021-03-01,1.1
Mushin,2021-03-02,1.0
Mushin,2021-03-03,0.8
Mushin,2021-03-04,1.9
Mushin,2021-03-05,2.0
Mushin,2021-03-06,3.4
Mushin,2021-03-07,1.2
Mushin,2021-03-08,2.0
Mushin,2021-03-09,2.7
Mushin,2021-03-10,2.8
Mushin,2021-03-11,4.6
Mushin,2021-03-12,4.6
Mushin,2021-03-13,22.6
Mushin,2021-03-14,0.2
Mushin,2021-03-15,0.0
Mushin,2021-03-16,0.1
Mushin,2021-03-17,15.0
Mushin,2021-03-18,3.4
Mushin,2021-03-19,0.0
Mushin,2021-03-20,0.0
Mushin,2021-03-21,0.7
Mushin,2021-03-22,6.8
Mushin,2021-03-23,18.5
Mushin,2021-03-24,1.8
Mushin,2021-03-25,2.5
Mushin,2021-03-26,0.0
Mushin,2021-03-27,1.1
Mushin,2021-03-28,1.3
Mushin,2021-03-29,0.0
Mushin,2021-03-30,0.8
Mushin,2021-03-31,1.3
Mushin,2021-04-01,1.8
Mushin,2021-04-02,1.4
Mushin,2021-04-03,3.2
Mushin,2021-04-04,1.0
Mushin,2021-04-05,2.3
Mushin,2021-04-06,1.3
Mushin,2021-04-07,1.3
Mushin,2021-04-08,3.3
Mushin,2021-04-09,1.3
Mushin,2021-04-10,0.3
Mushin,2021-04-11,0.0
Mushin,2021-04-12,0.1
Mushin,2021-04-13,2.0
Mushin,2021-04-14,1.2
Mushin,2021-04-15,1.1
Mushin,2021-04-16,1.9
Mushin,2021-04-17,3.9
Mushin,2021-04-18,7.0
Mushin,2021-04-19,0.3
Mushin,2021-04-20,0.8
Mushin,2021-04-21,0.1
Mushin,2021-04-22,2.0
Mushin,2021-04-23,4.0
Mushin,2021-04-24,6.4
Mushin,2021-04-25,0.3
Mushin,2021-04-26,1.6
Mushin,2021-04-27,0.5
Mushin,2021-04-28,1.2
Mushin,2021-04-29,0.2
Mushin,2021-04-30,0.4
Mushin,2021-05-01,0.7
Mushin,2021-05-02,0.1
Mushin,2021-05-03,3.8
Mushin,2021-05-04,2.8
Mushin,2021-05-05,1.4
Mushin,2021-05-06,3.9
Mushin,2021-05-07,1.4
Mushin,2021-05-08,2.1
Mushin,2021-05-09,0.9
Mushin,2021-05-10,0.5
Mushin,2021-05-11,1.7
Mushin,2021-05-12,2.4
Mushin,2021-05-13,1.7
Mushin,2021-05-14,2.7
Mushin,2021-05-15,5.8
Mushin,2021-05-16,2.6
Mushin,2021-05-17,7.0
Mushin,2021-05-18,2.8
Mushin,2021-05-19,2.6
Mushin,2021-05-20,11.6
Mushin,2021-05-21,1.3
Mushin,2021-05-22,1.3
Mushin,2021-05-23,1.1
Mushin,2021-05-24,0.3
Mushin,2021-05-25,0.9
Mushin,2021-05-26,5.2
Mushin,2021-05-27,1.8
Mushin,2021-05-28,1.7
Mushin,2021-05-29,1.3
Mushin,2021-05-30,5.2
Mushin,2021-05-31,1.2
Mushin,2021-06-01,2.9
Mushin,2021-06-02,2.7
Mushin,2021-06-03,0.7
Mushin,2021-06-04,4.5
Mushin,2021-06-05,4.6
Mushin,2021-06-06,1.4
Mushin,2021-06-07,1.6
Mushin,2021-06-08,3.6
Mushin,2021-06-09,6.3
Mushin,2021-06-10,1.2
Mushin,2021-06-11,7.6
Mushin,2021-06-12,1.3
Mushin,2021-06-13,0.9
Mushin,2021-06-14,0.4
Mushin,2021-06-15,8.4
Mushin,2021-06-16,15.0
Mushin,2021-06-17,3.5
Mushin,2021-06-18,11.0
Mushin,2021-06-19,3.9
Mushin,2021-06-20,23.0
Mushin,2021-06-21,28.8
Mushin,2021-06-22,6.3
Mushin,2021-06-23,13.7
Mushin,2021-06-24,13.1
Mushin,2021-06-25,2.7
Mushin,2021-06-26,23.0
Mushin,2021-06-27,0.5
Mushin,2021-06-28,7.0
Mushin,2021-06-29,12.3
Mushin,2021-06-30,5.3
Mushin,2021-07-01,11.6
Mushin,2021-07-02,23.4
Mushin,2021-07-03,25.1
Mushin,2021-07-04,6.4
Mushin,2021-07-05,0.6
Mushin,2021-07-06,2.2
Mushin,2021-07-07,2.5
Mushin,2021-07-08,7.6
Mushin,2021-07-09,13.6
Mushin,2021-07-10,2.0
Mushin,2021-07-11,2.0
Mushin,2021-07-12,2.0
Mushin,2021-07-13,0.5
Mushin,2021-07-14,1.8
Mushin,2021-07-15,4.5
Mushin,2021-07-16,68.8
Mushin,2021-07-17,1.1
Mushin,2021-07-18,0.2
Mushin,2021-07-19,1.9
Mushin,2021-07-20,3.6
Mushin,2021-07-21,1.4
Mushin,2021-07-22,0.7
Mushin,2021-07-23,0.6
Mushin,2021-07-24,1.4
Mushin,2021-07-25,0.3
Mushin,2021-07-26,0.5
Mushin,2021-07-27,0.0
Mushin,2021-07-28,3.0
Mushin,2021-07-29,1.1
Mushin,2021-07-30,1.2
Mushin,2021-07-31,1.3
Mushin,2021-08-01,0.8
Mushin,2021-08-02,0.8
Mushin,2021-08-03,2.7
Mushin,2021-08-04,16.3
Mushin,2021-08-05,13.7
Mushin,2021-08-06,1.2
Mushin,2021-08-07,11.7
Mushin,2021-08-08,10.5
Mushin,2021-08-09,2.9
Mushin,2021-08-10,2.5
Mushin,2021-08-11,0.7
Mushin,2021-08-12,2.7
Mushin,2021-08-13,2.1
Mushin,2021-08-14,1.2
Mushin,2021-08-15,1.1
Mushin,2021-08-16,1.2
Mushin,2021-08-17,1.9
Mushin,2021-08-18,2.3
Mushin,2021-08-19,11.0
Mushin,2021-08-20,15.8
Mushin,2021-08-21,32.6
Mushin,2021-08-22,5.0
Mushin,2021-08-23,3.5
Mushin,2021-08-24,9.0
Mushin,2021-08-25,9.2
Mushin,2021-08-26,2.2
Mushin,2021-08-27,7.2
Mushin,2021-08-28,1.6
Mushin,2021-08-29,6.9
Mushin,2021-08-30,18.7
Mushin,2021-08-31,1.8
Mushin,2021-09-01,6.7
Mushin,2021-09-02,8.7
Mushin,2021-09-03,10.7
Mushin,2021-09-04,10.5
Mushin,2021-09-05,5.9
Mushin,2021-09-06,9.5
Mushin,2021-09-07,4.8
Mushin,2021-09-08,1.5
Mushin,2021-09-09,4.0
Mushin,2021-09-10,11.1
Mushin,2021-09-11,12.5
Mushin,2021-09-12,0.3
Mushin,2021-09-13,16.5
Mushin,2021-09-14,4.0
Mushin,2021-09-15,7.4
Mushin,2021-09-16,2.9
Mushin,2021-09-17,7.8
Mushin,2021-09-18,9.4
Mushin,2021-09-19,9.1
Mushin,2021-09-20,0.0
Mushin,2021-09-21,11.0
Mushin,2021-09-22,23.4
Mushin,2021-09-23,2.6
Mushin,2021-09-24,7.2
Mushin,2021-09-25,23.0
Mushin,2021-09-26,5.3
Mushin,2021-09-27,6.3
Mushin,2021-09-28,1.0
Mushin,2021-09-29,2.2
Mushin,2021-09-30,12.3
Mushin,2021-10-01,7.6
Mushin,2021-10-02,3.0
Mushin,2021-10-03,6.7
Mushin,2021-10-04,1.1
Mushin,2021-10-05,1.2
Mushin,2021-10-06,14.9
Mushin,2021-10-07,2.4
Mushin,2021-10-08,0.6
Mushin,2021-10-09,9.3
Mushin,2021-10-10,9.4
Mushin,2021-10-11,3.6
Mushin,2021-10-12,5.2
Mushin,2021-10-13,2.2
Mushin,2021-10-14,8.3
Mushin,2021-10-15,2.8
Mushin,2021-10-16,2.7
Mushin,2021-10-17,7.6
Mushin,2021-10-18,17.0
Mushin,2021-10-19,9.0
Mushin,2021-10-20,2.2
Mushin,2021-10-21,24.2
Mushin,2021-10-22,8.2
Mushin,2021-10-23,23.3
Mushin,2021-10-24,9.8
Mushin,2021-10-25,7.1
Mushin,2021-10-26,6.3
Mushin,2021-10-27,9.8
Mushin,2021-10-28,3.0
Mushin,2021-10-29,1.1
Mushin,2021-10-30,1.7
Mushin,2021-10-31,1.0
Mushin,2021-11-01,1.6
Mushin,2021-11-02,1.0
Mushin,2021-11-03,0.6
Mushin,2021-11-04,4.1
Mushin,2021-11-05,1.9
Mushin,2021-11-06,0.8
Mushin,2021-11-07,6.9
Mushin,2021-11-08,4.0
Mushin,2021-11-09,2.7
Mushin,2021-11-10,3.2
Mushin,2021-11-11,17.9
Mushin,2021-11-12,1.7
Mushin,2021-11-13,4.5
Mushin,2021-11-14,0.6
Mushin,2021-11-15,3.3
Mushin,2021-11-16,4.6
Mushin,2021-11-17,1.9
Mushin,2021-11-18,1.4
Mushin,2021-11-19,4.9
Mushin,2021-11-20,0.9
Mushin,2021-11-21,0.8
Mushin,2021-11-22,0.6
Mushin,2021-11-23,1.7
Mushin,2021-11-24,1.8
Mushin,2021-11-25,2.5
Mushin,2021-11-26,2.7
Mushin,2021-11-27,1.5
Mushin,2021-11-28,0.2
Mushin,2021-11-29,1.0
Mushin,2021-11-30,2.1
Mushin,2021-12-01,0.5
Mushin,2021-12-02,0.8
Mushin,2021-12-03,0.2
Mushin,2021-12-04,0.2
Mushin,2021-12-05,3.1
Mushin,2021-12-06,1.3
Mushin,2021-12-07,0.9
Mushin,2021-12-08,0.6
Mushin,2021-12-09,0.0
Mushin,2021-12-10,0.2
Mushin,2021-12-11,0.6
Mushin,2021-12-12,0.0
Mushin,2021-12-13,0.0
Mushin,2021-12-14,2.5
Mushin,2021-12-15,0.7
Mushin,2021-12-16,0.1
Mushin,2021-12-17,0.0
Mushin,2021-12-18,0.0
Mushin,2021-12-19,0.0
Mushin,2021-12-20,0.0
Mushin,2021-12-21,0.0
Mushin,2021-12-22,0.0
Mushin,2021-12-23,0.0
Mushin,2021-12-24,0.0
Mushin,2021-12-25,0.0
Mushin,2021-12-26,0.0
Mushin,2021-12-27,0.4
Mushin,2021-12-28,0.1
Mushin,2021-12-29,0.7
Mushin,2021-12-30,0.0
Mushin,2021-12-31,0.3
Mushin,2022-01-01,1.6
Mushin,2022-01-02,0.2
Mushin,2022-01-03,0.0
Mushin,2022-01-04,0.0
Mushin,2022-01-05,0.0
Mushin,2022-01-06,0.0
Mushin,2022-01-07,0.1
Mushin,2022-01-08,1.4
Mushin,2022-01-09,0.1
Mushin,2022-01-10,0.0
Mushin,2022-01-11,1.0
Mushin,2022-01-12,1.6
Mushin,2022-01-13,12.2
Mushin,2022-01-14,0.7
Mushin,2022-01-15,0.0
Mushin,2022-01-16,0.1
Mushin,2022-01-17,0.1
Mushin,2022-01-18,0.4
Mushin,2022-01-19,1.3
Mushin,2022-01-20,0.0
Mushin,2022-01-21,0.0
Mushin,2022-01-22,0.0
Mushin,2022-01-23,0.0
Mushin,2022-01-24,0.0
Mushin,2022-01-25,0.0
Mushin,2022-01-26,0.0
Mushin,2022-01-27,0.0
Mushin,2022-01-28,0.0
Mushin,2022-01-29,0.0
Mushin,2022-01-30,0.0
Mushin,2022-01-31,0.0
Mushin,2022-02-01,0.0
Mushin,2022-02-02,0.0
Mushin,2022-02-03,1.0
Mushin,2022-02-04,0.4
Mushin,2022-02-05,1.0
Mushin,2022-02-06,0.0
Mushin,2022-02-07,0.0
Mushin,2022-02-08,0.0
Mushin,2022-02-09,0.0
Mushin,2022-02-10,0.0
Mushin,2022-02-11,0.0
Mushin,2022-02-12,0.3
Mushin,2022-02-13,0.6
Mushin,2022-02-14,1.4
Mushin,2022-02-15,0.9
Mushin,2022-02-16,4.6
Mushin,2022-02-17,0.6
Mushin,2022-02-18,0.7
Mushin,2022-02-19,2.6
Mushin,2022-02-20,0.9
Mushin,2022-02-21,1.2
Mushin,2022-02-22,0.7
Mushin,2022-02-23,0.9
Mushin,2022-02-24,0.3
Mushin,2022-02-25,0.7
Mushin,2022-02-26,0.6
Mushin,2022-02-27,3.5
Mushin,2022-02-28,2.6
Mushin,2022-03-01,1.3
Mushin,2022-03-02,1.5
Mushin,2022-03-03,2.7
Mushin,2022-03-04,18.0
Mushin,2022-03-05,0.4
Mushin,2022-03-06,1.4
Mushin,2022-03-07,0.4
Mushin,2022-03-08,0.9
Mushin,2022-03-09,1.8
Mushin,2022-03-10,3.5
Mushin,2022-03-11,4.7
Mushin,2022-03-12,11.5
Mushin,2022-03-13,7.8
Mushin,2022-03-14,0.8
Mushin,2022-03-15,8.9
Mushin,2022-03-16,0.7
Mushin,2022-03-17,1.4
Mushin,2022-03-18,1.9
Mushin,2022-03-19,2.0
Mushin,2022-03-20,2.5
Mushin,2022-03-21,2.0
Mushin,2022-03-22,2.1
Mushin,2022-03-23,2.4
Mushin,2022-03-24,3.4
Mushin,2022-03-25,0.9
Mushin,2022-03-26,1.3
Mushin,2022-03-27,2.3
Mushin,2022-03-28,1.5
Mushin,2022-03-29,2.5
Mushin,2022-03-30,0.9
Mushin,2022-03-31,0.2
Mushin,2022-04-01,2.4
Mushin,2022-04-02,3.6
Mushin,2022-04-03,2.5
Mushin,2022-04-04,3.5
Mushin,2022-04-05,5.9
Mushin,2022-04-06,0.4
Mushin,2022-04-07,2.3
Mushin,2022-04-08,0.7
Mushin,2022-04-09,0.6
Mushin,2022-04-10,0.0
Mushin,2022-04-11,0.0
Mushin,2022-04-12,16.6
Mushin,2022-04-13,3.6
Mushin,2022-04-14,3.1
Mushin,2022-04-15,3.0
Mushin,2022-04-16,10.7
Mushin,2022-04-17,18.2
Mushin,2022-04-18,2.7
Mushin,2022-04-19,3.1
Mushin,2022-04-20,1.7
Mushin,2022-04-21,5.5
Mushin,2022-04-22,0.4
Mushin,2022-04-23,0.1
Mushin,2022-04-24,0.7
Mushin,2022-04-25,0.0
Mushin,2022-04-26,3.0
Mushin,2022-04-27,23.0
Mushin,2022-04-28,3.4
Mushin,2022-04-29,2.9
Mushin,2022-04-30,0.6
Mushin,2022-05-01,0.9
Mushin,2022-05-02,1.4
Mushin,2022-05-03,0.4
Mushin,2022-05-04,3.0
Mushin,2022-05-05,0.3
Mushin,2022-05-06,9.4
Mushin,2022-05-07,0.0
Mushin,2022-05-08,1.5
Mushin,2022-05-09,12.4
Mushin,2022-05-10,2.2
Mushin,2022-05-11,2.9
Mushin,2022-05-12,2.0
Mushin,2022-05-13,3.9
Mushin,2022-05-14,0.6
Mushin,2022-05-15,1.0
Mushin,2022-05-16,3.0
Mushin,2022-05-17,0.4
Mushin,2022-05-18,4.1
Mushin,2022-05-19,10.6
Mushin,2022-05-20,1.6
Mushin,2022-05-21,25.1
Mushin,2022-05-22,18.1
Mushin,2022-05-23,3.3
Mushin,2022-05-24,0.1
Mushin,2022-05-25,2.7
Mushin,2022-05-26,5.2
Mushin,2022-05-27,4.7
Mushin,2022-05-28,1.9
Mushin,2022-05-29,2.4
Mushin,2022-05-30,2.8
Mushin,2022-05-31,1.8
Mushin,2022-06-01,0.5
Mushin,2022-06-02,1.0
Mushin,2022-06-03,6.7
Mushin,2022-06-04,15.2
Mushin,2022-06-05,24.8
Mushin,2022-06-06,4.0
Mushin,2022-06-07,5.2
Mushin,2022-06-08,3.4
Mushin,2022-06-09,5.3
Mushin,2022-06-10,3.1
Mushin,2022-06-11,11.6
Mushin,2022-06-12,2.0
Mushin,2022-06-13,4.1
Mushin,2022-06-14,24.6
Mushin,2022-06-15,16.1
Mushin,2022-06-16,41.3
Mushin,2022-06-17,6.3
Mushin,2022-06-18,6.1
Mushin,2022-06-19,1.1
Mushin,2022-06-20,2.4
Mushin,2022-06-21,6.5
Mushin,2022-06-22,1.6
Mushin,2022-06-23,0.8
Mushin,2022-06-24,7.0
Mushin,2022-06-25,0.3
Mushin,2022-06-26,7.9
Mushin,2022-06-27,4.0
Mushin,2022-06-28,9.5
Mushin,2022-06-29,11.6
Mushin,2022-06-30,22.1
Mushin,2022-07-01,11.9
Mushin,2022-07-02,0.4
Mushin,2022-07-03,1.9
Mushin,2022-07-04,4.4
Mushin,2022-07-05,17.4
Mushin,2022-07-06,4.1
Mushin,2022-07-07,2.0
Mushin,2022-07-08,23.7
Mushin,2022-07-09,10.8
Mushin,2022-07-10,5.4
Mushin,2022-07-11,3.2
Mushin,2022-07-12,5.2
Mushin,2022-07-13,1.5
Mushin,2022-07-14,0.7
Mushin,2022-07-15,3.3
Mushin,2022-07-16,4.0
Mushin,2022-07-17,3.8
Mushin,2022-07-18,2.1
Mushin,2022-07-19,0.3
Mushin,2022-07-20,3.2
Mushin,2022-07-21,1.6
Mushin,2022-07-22,0.6
Mushin,2022-07-23,1.5
Mushin,2022-07-24,2.3
Mushin,2022-07-25,2.5
Mushin,2022-07-26,11.9
Mushin,2022-07-27,3.1
Mushin,2022-07-28,0.8
Mushin,2022-07-29,1.5
Mushin,2022-07-30,0.8
Mushin,2022-07-31,3.4
Mushin,2022-08-01,6.1
Mushin,2022-08-02,0.5
Mushin,2022-08-03,1.2
Mushin,2022-08-04,0.4
Mushin,2022-08-05,0.5
Mushin,2022-08-06,0.9
Mushin,2022-08-07,0.6
Mushin,2022-08-08,0.3
Mushin,2022-08-09,0.8
Mushin,2022-08-10,0.0
Mushin,2022-08-11,3.6
Mushin,2022-08-12,1.2
Mushin,2022-08-13,1.0
Mushin,2022-08-14,1.9
Mushin,2022-08-15,4.2
Mushin,2022-08-16,1.6
Mushin,2022-08-17,0.4
Mushin,2022-08-18,0.8
Mushin,2022-08-19,8.1
Mushin,2022-08-20,2.6
Mushin,2022-08-21,1.0
Mushin,2022-08-22,3.6
Mushin,2022-08-23,10.3
Mushin,2022-08-24,1.3
Mushin,2022-08-25,1.6
Mushin,2022-08-26,11.7
Mushin,2022-08-27,11.8
Mushin,2022-08-28,1.8
Mushin,2022-08-29,2.8
Mushin,2022-08-30,15.5
Mushin,2022-08-31,3.3
Mushin,2022-09-01,2.5
Mushin,2022-09-02,1.8
Mushin,2022-09-03,1.5
Mushin,2022-09-04,4.8
Mushin,2022-09-05,2.0
Mushin,2022-09-06,0.7
Mushin,2022-09-07,2.0
Mushin,2022-09-08,3.1
Mushin,2022-09-09,1.8
Mushin,2022-09-10,1.3
Mushin,2022-09-11,6.2
Mushin,2022-09-12,13.2
Mushin,2022-09-13,1.6
Mushin,2022-09-14,1.8
Mushin,2022-09-15,5.0
Mushin,2022-09-16,2.7
Mushin,2022-09-17,1.2
Mushin,2022-09-18,5.9
Mushin,2022-09-19,27.8
Mushin,2022-09-20,1.9
Mushin,2022-09-21,18.1
Mushin,2022-09-22,3.6
Mushin,2022-09-23,0.6
Mushin,2022-09-24,4.8
Mushin,2022-09-25,4.8
Mushin,2022-09-26,12.3
Mushin,2022-09-27,11.3
Mushin,2022-09-28,13.2
Mushin,2022-09-29,2.4
Mushin,2022-09-30,8.8
Mushin,2022-10-01,2.7
Mushin,2022-10-02,2.1
Mushin,2022-10-03,0.0
Mushin,2022-10-04,2.4
Mushin,2022-10-05,2.3
Mushin,2022-10-06,10.6
Mushin,2022-10-07,4.1
Mushin,2022-10-08,0.4
Mushin,2022-10-09,22.2
Mushin,2022-10-10,14.2
Mushin,2022-10-11,1.4
Mushin,2022-10-12,7.1
Mushin,2022-10-13,15.2
Mushin,2022-10-14,2.4
Mushin,2022-10-15,21.8
Mushin,2022-10-16,1.1
Mushin,2022-10-17,1.6
Mushin,2022-10-18,8.4
Mushin,2022-10-19,3.2
Mushin,2022-10-20,1.5
Mushin,2022-10-21,5.2
Mushin,2022-10-22,3.6
Mushin,2022-10-23,5.9
Mushin,2022-10-24,5.4
Mushin,2022-10-25,8.5
Mushin,2022-10-26,0.2
Mushin,2022-10-27,1.2
Mushin,2022-10-28,1.5
Mushin,2022-10-29,0.3
Mushin,2022-10-30,1.3
Mushin,2022-10-31,0.5
Mushin,2022-11-01,2.8
Mushin,2022-11-02,0.5
Mushin,2022-11-03,0.7
Mushin,2022-11-04,2.4
Mushin,2022-11-05,4.3
Mushin,2022-11-06,1.9
Mushin,2022-11-07,0.9
Mushin,2022-11-08,0.9
Mushin,2022-11-09,2.5
Mushin,2022-11-10,2.2
Mushin,2022-11-11,2.9
Mushin,2022-11-12,4.2
Mushin,2022-11-13,2.3
Mushin,2022-11-14,1.3
Mushin,2022-11-15,2.2
Mushin,2022-11-16,0.0
Mushin,2022-11-17,3.2
Mushin,2022-11-18,2.4
Mushin,2022-11-19,4.3
Mushin,2022-11-20,1.1
Mushin,2022-11-21,0.5
Mushin,2022-11-22,1.2
Mushin,2022-11-23,1.5
Mushin,2022-11-24,0.3
Mushin,2022-11-25,0.0
Mushin,2022-11-26,0.2
Mushin,2022-11-27,1.1
Mushin,2022-11-28,2.1
Mushin,2022-11-29,1.9
Mushin,2022-11-30,1.5
Mushin,2022-12-01,0.3
Mushin,2022-12-02,5.2
Mushin,2022-12-03,0.8
Mushin,2022-12-04,0.8
Mushin,2022-12-05,1.9
Mushin,2022-12-06,0.9
Mushin,2022-12-07,0.7
Mushin,2022-12-08,1.1
Mushin,2022-12-09,0.0
Mushin,2022-12-10,0.0
Mushin,2022-12-11,0.0
Mushin,2022-12-12,0.4
Mushin,2022-12-13,0.5
Mushin,2022-12-14,0.6
Mushin,2022-12-15,0.4
Mushin,2022-12-16,0.7
Mushin,2022-12-17,0.9
Mushin,2022-12-18,0.8
Mushin,2022-12-19,0.0
Mushin,2022-12-20,0.0
Mushin,2022-12-21,0.0
Mushin,2022-12-22,0.7
Mushin,2022-12-23,0.0
Mushin,2022-12-24,0.0
Mushin,2022-12-25,0.0
Mushin,2022-12-26,0.0
Mushin,2022-12-27,0.0
Mushin,2022-12-28,0.0
Mushin,2022-12-29,0.0
Mushin,2022-12-30,0.0
Mushin,2022-12-31,0.0
Mushin,2023-01-01,0.0
Mushin,2023-01-02,0.0
Mushin,2023-01-03,0.0
Mushin,2023-01-04,0.0
Mushin,2023-01-05,0.0
Mushin,2023-01-06,0.0
Mushin,2023-01-07,0.0
Mushin,2023-01-08,0.0
Mushin,2023-01-09,0.0
Mushin,2023-01-10,0.0
Mushin,2023-01-11,0.0
Mushin,2023-01-12,0.0
Mushin,2023-01-13,0.0
Mushin,2023-01-14,0.0
Mushin,2023-01-15,0.2
Mushin,2023-01-16,0.0
Mushin,2023-01-17,0.0
Mushin,2023-01-18,0.0
Mushin,2023-01-19,0.3
Mushin,2023-01-20,0.4
Mushin,2023-01-21,1.0
Mushin,2023-01-22,1.4
Mushin,2023-01-23,0.7
Mushin,2023-01-24,2.2
Mushin,2023-01-25,0.1
Mushin,2023-01-26,0.4
Mushin,2023-01-27,2.1
Mushin,2023-01-28,7.7
Mushin,2023-01-29,6.5
Mushin,2023-01-30,0.7
Mushin,2023-01-31,1.6
Mushin,2023-02-01,0.0
Mushin,2023-02-02,1.4
Mushin,2023-02-03,0.8
Mushin,2023-02-04,3.3
Mushin,2023-02-05,2.2
Mushin,2023-02-06,1.9
Mushin,2023-02-07,0.4
Mushin,2023-02-08,1.5
Mushin,2023-02-09,1.3
Mushin,2023-02-10,1.1
Mushin,2023-02-11,0.6
Mushin,2023-02-12,0.9
Mushin,2023-02-13,0.0
Mushin,2023-02-14,0.1
Mushin,2023-02-15,0.0
Mushin,2023-02-16,0.0
Mushin,2023-02-17,0.0
Mushin,2023-02-18,0.0
Mushin,2023-02-19,0.0
Mushin,2023-02-20,0.0
Mushin,2023-02-21,0.0
Mushin,2023-02-22,0.1
Mushin,2023-02-23,1.5
Mushin,2023-02-24,2.8
Mushin,2023-02-25,0.2
Mushin,2023-02-26,0.0
Mushin,2023-02-27,0.1
Mushin,2023-02-28,0.4
Mushin,2023-03-01,0.1
Mushin,2023-03-02,0.5
Mushin,2023-03-03,14.4
Mushin,2023-03-04,8.4
Mushin,2023-03-05,0.0
Mushin,2023-03-06,4.2
Mushin,2023-03-07,0.7
Mushin,2023-03-08,0.2
Mushin,2023-03-09,6.4
Mushin,2023-03-10,0.4
Mushin,2023-03-11,3.4
Mushin,2023-03-12,1.5
Mushin,2023-03-13,0.2
Mushin,2023-03-14,2.6
Mushin,2023-03-15,2.3
Mushin,2023-03-16,11.2
Mushin,2023-03-17,1.0
Mushin,2023-03-18,1.6
Mushin,2023-03-19,12.1
Mushin,2023-03-20,0.3
Mushin,2023-03-21,3.3
Mushin,2023-03-22,0.6
Mushin,2023-03-23,4.2
Mushin,2023-03-24,0.0
Mushin,2023-03-25,0.2
Mushin,2023-03-26,2.3
Mushin,2023-03-27,0.2
Mushin,2023-03-28,0.6
Mushin,2023-03-29,1.2
Mushin,2023-03-30,2.7
Mushin,2023-03-31,14.8
Mushin,2023-04-01,0.4
Mushin,2023-04-02,0.6
Mushin,2023-04-03,4.4
Mushin,2023-04-04,9.8
Mushin,2023-04-05,0.0
Mushin,2023-04-06,0.5
Mushin,2023-04-07,3.7
Mushin,2023-04-08,7.9
Mushin,2023-04-09,5.0
Mushin,2023-04-10,0.3
Mushin,2023-04-11,0.8
Mushin,2023-04-12,2.6
Mushin,2023-04-13,1.7
Mushin,2023-04-14,1.0
Mushin,2023-04-15,5.1
Mushin,2023-04-16,2.2
Mushin,2023-04-17,8.7
Mushin,2023-04-18,0.6
Mushin,2023-04-19,2.0
Mushin,2023-04-20,0.7
Mushin,2023-04-21,1.3
Mushin,2023-04-22,1.2
Mushin,2023-04-23,7.8
Mushin,2023-04-24,1.6
Mushin,2023-04-25,2.0
Mushin,2023-04-26,0.9
Mushin,2023-04-27,18.5
Mushin,2023-04-28,1.4
Mushin,2023-04-29,19.5
Mushin,2023-04-30,0.4
Mushin,2023-05-01,4.1
Mushin,2023-05-02,1.9
Mushin,2023-05-03,0.7
Mushin,2023-05-04,3.0
Mushin,2023-05-05,0.8
Mushin,2023-05-06,0.2
Mushin,2023-05-07,1.6
Mushin,2023-05-08,1.8
Mushin,2023-05-09,2.6
Mushin,2023-05-10,1.1
Mushin,2023-05-11,2.9
Mushin,2023-05-12,3.1
Mushin,2023-05-13,1.3
Mushin,2023-05-14,3.0
Mushin,2023-05-15,59.4
Mushin,2023-05-16,2.1
Mushin,2023-05-17,5.5
Mushin,2023-05-18,2.3
Mushin,2023-05-19,5.9
Mushin,2023-05-20,1.0
Mushin,2023-05-21,8.5
Mushin,2023-05-22,5.7
Mushin,2023-05-23,3.9
Mushin,2023-05-24,3.7
Mushin,2023-05-25,1.1
Mushin,2023-05-26,0.0
Mushin,2023-05-27,1.1
Mushin,2023-05-28,4.0
Mushin,2023-05-29,1.6
Mushin,2023-05-30,1.0
Mushin,2023-05-31,3.4
Mushin,2023-06-01,2.5
Mushin,2023-06-02,3.1
Mushin,2023-06-03,8.6
Mushin,2023-06-04,4.9
Mushin,2023-06-05,1.0
Mushin,2023-06-06,22.9
Mushin,2023-06-07,13.6
Mushin,2023-06-08,10.1
Mushin,2023-06-09,3.1
Mushin,2023-06-10,8.7
Mushin,2023-06-11,7.5
Mushin,2023-06-12,0.3
Mushin,2023-06-13,0.3
Mushin,2023-06-14,7.0
Mushin,2023-06-15,12.1
Mushin,2023-06-16,4.9
Mushin,2023-06-17,5.0
Mushin,2023-06-18,4.8
Mushin,2023-06-19,5.2
Mushin,2023-06-20,8.3
Mushin,2023-06-21,17.2
Mushin,2023-06-22,12.8
Mushin,2023-06-23,4.5
Mushin,2023-06-24,18.8
Mushin,2023-06-25,3.0
Mushin,2023-06-26,0.0
Mushin,2023-06-27,0.4
Mushin,2023-06-28,13.5
Mushin,2023-06-29,3.0
Mushin,2023-06-30,1.7
Mushin,2023-07-01,8.0
Mushin,2023-07-02,7.9
Mushin,2023-07-03,1.7
Mushin,2023-07-04,8.0
Mushin,2023-07-05,1.2
Mushin,2023-07-06,1.2
Mushin,2023-07-07,12.0
Mushin,2023-07-08,14.0
Mushin,2023-07-09,25.1
Mushin,2023-07-10,2.2
Mushin,2023-07-11,1.2
Mushin,2023-07-12,44.1
Mushin,2023-07-13,1.4
Mushin,2023-07-14,4.6
Mushin,2023-07-15,1.7
Mushin,2023-07-16,9.9
Mushin,2023-07-17,2.7
Mushin,2023-07-18,7.5
Mushin,2023-07-19,0.9
Mushin,2023-07-20,1.1
Mushin,2023-07-21,6.2
Mushin,2023-07-22,9.2
Mushin,2023-07-23,44.6
Mushin,2023-07-24,16.3
Mushin,2023-07-25,0.6
Mushin,2023-07-26,1.1
Mushin,2023-07-27,4.2
Mushin,2023-07-28,3.0
Mushin,2023-07-29,8.9
Mushin,2023-07-30,4.7
Mushin,2023-07-31,10.0
Mushin,2023-08-01,10.6
Mushin,2023-08-02,2.5
Mushin,2023-08-03,1.3
Mushin,2023-08-04,2.1
Mushin,2023-08-05,1.8
Mushin,2023-08-06,1.8
Mushin,2023-08-07,0.9
Mushin,2023-08-08,9.8
Mushin,2023-08-09,3.3
Mushin,2023-08-10,2.8
Mushin,2023-08-11,0.5
Mushin,2023-08-12,2.8
Mushin,2023-08-13,1.9
Mushin,2023-08-14,17.2
Mushin,2023-08-15,10.9
Mushin,2023-08-16,8.4
Mushin,2023-08-17,20.6
Mushin,2023-08-18,5.4
Mushin,2023-08-19,6.4
Mushin,2023-08-20,1.9
Mushin,2023-08-21,1.1
Mushin,2023-08-22,1.2
Mushin,2023-08-23,3.6
Mushin,2023-08-24,3.1
Mushin,2023-08-25,1.9
Mushin,2023-08-26,1.3
Mushin,2023-08-27,6.3
Mushin,2023-08-28,7.3
Mushin,2023-08-29,1.8
Mushin,2023-08-30,23.4
Mushin,2023-08-31,2.1
Mushin,2023-09-01,4.4
Mushin,2023-09-02,9.3
Mushin,2023-09-03,15.2
Mushin,2023-09-04,2.6
Mushin,2023-09-05,10.5
Mushin,2023-09-06,2.3
Mushin,2023-09-07,1.2
Mushin,2023-09-08,12.5
Mushin,2023-09-09,15.5
Mushin,2023-09-10,1.1
Mushin,2023-09-11,1.5
Mushin,2023-09-12,2.8
Mushin,2023-09-13,12.1
Mushin,2023-09-14,7.9
Mushin,2023-09-15,7.8
Mushin,2023-09-16,44.5
Mushin,2023-09-17,4.1
Mushin,2023-09-18,5.7
Mushin,2023-09-19,12.2
Mushin,2023-09-20,1.9
Mushin,2023-09-21,0.1
Mushin,2023-09-22,5.9
Mushin,2023-09-23,4.2
Mushin,2023-09-24,35.4
Mushin,2023-09-25,1.5
Mushin,2023-09-26,2.6
Mushin,2023-09-27,0.9
Mushin,2023-09-28,1.3
Mushin,2023-09-29,9.6
Mushin,2023-09-30,3.1
Mushin,2023-10-01,0.9
Mushin,2023-10-02,1.7
Mushin,2023-10-03,2.9
Mushin,2023-10-04,5.1
Mushin,2023-10-05,21.3
Mushin,2023-10-06,2.1
Mushin,2023-10-07,20.9
Mushin,2023-10-08,8.8
Mushin,2023-10-09,8.2
Mushin,2023-10-10,0.8
Mushin,2023-10-11,2.2
Mushin,2023-10-12,17.7
Mushin,2023-10-13,2.0
Mushin,2023-10-14,2.5
Mushin,2023-10-15,7.0
Mushin,2023-10-16,3.2
Mushin,2023-10-17,4.0
Mushin,2023-10-18,0.0
Mushin,2023-10-19,6.9
Mushin,2023-10-20,0.8
Mushin,2023-10-21,2.5
Mushin,2023-10-22,1.8
Mushin,2023-10-23,8.0
Mushin,2023-10-24,0.6
Mushin,2023-10-25,5.5
Mushin,2023-10-26,2.3
Mushin,2023-10-27,1.3
Mushin,2023-10-28,0.8
Mushin,2023-10-29,0.6
Mushin,2023-10-30,4.3
Mushin,2023-10-31,1.0
Mushin,2023-11-01,0.7
Mushin,2023-11-02,2.1
Mushin,2023-11-03,0.5
Mushin,2023-11-04,3.8
Mushin,2023-11-05,3.3
Mushin,2023-11-06,1.7
Mushin,2023-11-07,2.6
Mushin,2023-11-08,5.6
Mushin,2023-11-09,1.2
Mushin,2023-11-10,1.2
Mushin,2023-11-11,2.2
Mushin,2023-11-12,1.4
Mushin,2023-11-13,1.3
Mushin,2023-11-14,0.7
Mushin,2023-11-15,2.7
Mushin,2023-11-16,0.0
Mushin,2023-11-17,1.0
Mushin,2023-11-18,2.4
Mushin,2023-11-19,0.4
Mushin,2023-11-20,0.6
Mushin,2023-11-21,0.0
Mushin,2023-11-22,1.2
Mushin,2023-11-23,2.3
Mushin,2023-11-24,8.0
Mushin,2023-11-25,6.0
Mushin,2023-11-26,13.4
Mushin,2023-11-27,0.0
Mushin,2023-11-28,2.0
Mushin,2023-11-29,1.5
Mushin,2023-11-30,0.9
Mushin,2023-12-01,1.2
Mushin,2023-12-02,1.8
Mushin,2023-12-03,0.2
Mushin,2023-12-04,0.0
Mushin,2023-12-05,1.7
Mushin,2023-12-06,2.3
Mushin,2023-12-07,1.7
Mushin,2023-12-08,0.4
Mushin,2023-12-09,0.5
Mushin,2023-12-10,1.0
Mushin,2023-12-11,0.7
Mushin,2023-12-12,0.2
Mushin,2023-12-13,0.0
Mushin,2023-12-14,0.0
Mushin,2023-12-15,0.0
Mushin,2023-12-16,0.0
Mushin,2023-12-17,0.0
Mushin,2023-12-18,0.0
Mushin,2023-12-19,0.1
Mushin,2023-12-20,0.0
Mushin,2023-12-21,0.0
Mushin,2023-12-22,0.0
Mushin,2023-12-23,0.0
Mushin,2023-12-24,0.0
Mushin,2023-12-25,0.0
Mushin,2023-12-26,0.0
Mushin,2023-12-27,0.0
Mushin,2023-12-28,0.0
Mushin,2023-12-29,0.0
Mushin,2023-12-30,0.1
Mushin,2023-12-31,0.1
Mushin,2024-01-01,3.3
Mushin,2024-01-02,1.5
Mushin,2024-01-03,1.9
Mushin,2024-01-04,0.4
Mushin,2024-01-05,0.4
Mushin,2024-01-06,0.8
Mushin,2024-01-07,0.7
Mushin,2024-01-08,0.4
Mushin,2024-01-09,3.5
Mushin,2024-01-10,2.1
Mushin,2024-01-11,0.0
Mushin,2024-01-12,2.9
Mushin,2024-01-13,0.0
Mushin,2024-01-14,1.6
Mushin,2024-01-15,0.0
Mushin,2024-01-16,0.0
Mushin,2024-01-17,0.0
Mushin,2024-01-18,0.0
Mushin,2024-01-19,0.0
Mushin,2024-01-20,0.0
Mushin,2024-01-21,0.1
Mushin,2024-01-22,0.0
Mushin,2024-01-23,0.0
Mushin,2024-01-24,2.6
Mushin,2024-01-25,0.0
Mushin,2024-01-26,0.0
Mushin,2024-01-27,0.0
Mushin,2024-01-28,0.0
Mushin,2024-01-29,0.0
Mushin,2024-01-30,0.0
Mushin,2024-01-31,0.0
Mushin,2024-02-01,0.2
Mushin,2024-02-02,0.7
Mushin,2024-02-03,0.0
Mushin,2024-02-04,0.0
Mushin,2024-02-05,0.0
Mushin,2024-02-06,0.0
Mushin,2024-02-07,0.0
Mushin,2024-02-08,0.0
Mushin,2024-02-09,0.0
Mushin,2024-02-10,0.0
Mushin,2024-02-11,0.0
Mushin,2024-02-12,0.1
Mushin,2024-02-13,0.7
Mushin,2024-02-14,0.6
Mushin,2024-02-15,1.0
Mushin,2024-02-16,0.1
Mushin,2024-02-17,1.4
Mushin,2024-02-18,0.8
Mushin,2024-02-19,0.4
Mushin,2024-02-20,22.6
Mushin,2024-02-21,3.6
Mushin,2024-02-22,4.0
Mushin,2024-02-23,1.5
Mushin,2024-02-24,0.0
Mushin,2024-02-25,0.0
Mushin,2024-02-26,2.1
Mushin,2024-02-27,2.4
Mushin,2024-02-28,1.8
Mushin,2024-02-29,0.8
Mushin,2024-03-01,1.5
Mushin,2024-03-02,2.2
Mushin,2024-03-03,7.1
Mushin,2024-03-04,0.0
Mushin,2024-03-05,3.7
Mushin,2024-03-06,1.9
Mushin,2024-03-07,9.7
Mushin,2024-03-08,1.5
Mushin,2024-03-09,4.1
Mushin,2024-03-10,0.0
Mushin,2024-03-11,0.0
Mushin,2024-03-12,0.6
Mushin,2024-03-13,0.5
Mushin,2024-03-14,12.8
Mushin,2024-03-15,0.0
Mushin,2024-03-16,0.1
Mushin,2024-03-17,0.2
Mushin,2024-03-18,2.4
Mushin,2024-03-19,0.5
Mushin,2024-03-20,2.3
Mushin,2024-03-21,19.7
Mushin,2024-03-22,0.1
Mushin,2024-03-23,5.6
Mushin,2024-03-24,0.0
Mushin,2024-03-25,4.1
Mushin,2024-03-26,0.0
Mushin,2024-03-27,0.4
Mushin,2024-03-28,8.0
Mushin,2024-03-29,10.9
Mushin,2024-03-30,1.5
Mushin,2024-03-31,1.4
Mushin,2024-04-01,1.1
Mushin,2024-04-02,0.9
Mushin,2024-04-03,0.4
Mushin,2024-04-04,3.1
Mushin,2024-04-05,8.1
Mushin,2024-04-06,8.4
Mushin,2024-04-07,1.1
Mushin,2024-04-08,0.0
Mushin,2024-04-09,0.0
Mushin,2024-04-10,6.5
Mushin,2024-04-11,4.0
Mushin,2024-04-12,0.0
Mushin,2024-04-13,2.3
Mushin,2024-04-14,0.9
Mushin,2024-04-15,0.5
Mushin,2024-04-16,0.6
Mushin,2024-04-17,0.1
Mushin,2024-04-18,1.5
Mushin,2024-04-19,2.3
Mushin,2024-04-20,1.1
Mushin,2024-04-21,0.7
Mushin,2024-04-22,0.0
Mushin,2024-04-23,9.0
Mushin,2024-04-24,0.0
Mushin,2024-04-25,4.4
Mushin,2024-04-26,3.2
Mushin,2024-04-27,0.8
Mushin,2024-04-28,0.6
Mushin,2024-04-29,2.7
Mushin,2024-04-30,0.9
Mushin,2024-05-01,0.2
Mushin,2024-05-02,0.1
Mushin,2024-05-03,6.4
Mushin,2024-05-04,0.4
Mushin,2024-05-05,2.2
Mushin,2024-05-06,6.7
Mushin,2024-05-07,2.1
Mushin,2024-05-08,1.9
Mushin,2024-05-09,0.0
Mushin,2024-05-10,0.2
Mushin,2024-05-11,1.1
Mushin,2024-05-12,2.7
Mushin,2024-05-13,0.4
Mushin,2024-05-14,0.9
Mushin,2024-05-15,2.0
Mushin,2024-05-16,8.2
Mushin,2024-05-17,6.7
Mushin,2024-05-18,14.9
Mushin,2024-05-19,0.8
Mushin,2024-05-20,1.2
Mushin,2024-05-21,1.3
Mushin,2024-05-22,3.1
Mushin,2024-05-23,1.0
Mushin,2024-05-24,11.0
Mushin,2024-05-25,17.7
Mushin,2024-05-26,0.5
Mushin,2024-05-27,0.5
Mushin,2024-05-28,0.8
Mushin,2024-05-29,0.7
Mushin,2024-05-30,5.2
Mushin,2024-05-31,12.2
Mushin,2024-06-01,5.7
Mushin,2024-06-02,15.7
Mushin,2024-06-03,0.7
Mushin,2024-06-04,2.9
Mushin,2024-06-05,1.8
Mushin,2024-06-06,11.8
Mushin,2024-06-07,5.7
Mushin,2024-06-08,11.8
Mushin,2024-06-09,19.1
Mushin,2024-06-10,2.4
Mushin,2024-06-11,5.9
Mushin,2024-06-12,1.6
Mushin,2024-06-13,1.7
Mushin,2024-06-14,4.6
Mushin,2024-06-15,22.5
Mushin,2024-06-16,2.9
Mushin,2024-06-17,2.2
Mushin,2024-06-18,1.6
Mushin,2024-06-19,1.1
Mushin,2024-06-20,3.2
Mushin,2024-06-21,22.8
Mushin,2024-06-22,1.8
Mushin,2024-06-23,2.3
Mushin,2024-06-24,5.9
Mushin,2024-06-25,28.6
Mushin,2024-06-26,8.5
Mushin,2024-06-27,2.2
Mushin,2024-06-28,1.5
Mushin,2024-06-29,7.1
Mushin,2024-06-30,2.7
Mushin,2024-07-01,3.9
Mushin,2024-07-02,9.6
Mushin,2024-07-03,36.0
Mushin,2024-07-04,19.9
Mushin,2024-07-05,7.4
Mushin,2024-07-06,16.4
Mushin,2024-07-07,7.3
Mushin,2024-07-08,15.9
Mushin,2024-07-09,1.8
Mushin,2024-07-10,7.5
Mushin,2024-07-11,2.3
Mushin,2024-07-12,3.7
Mushin,2024-07-13,1.3
Mushin,2024-07-14,4.5
Mushin,2024-07-15,0.2
Mushin,2024-07-16,0.7
Mushin,2024-07-17,0.9
Mushin,2024-07-18,1.2
Mushin,2024-07-19,2.0
Mushin,2024-07-20,2.2
Mushin,2024-07-21,1.3
Mushin,2024-07-22,0.9
Mushin,2024-07-23,0.7
Mushin,2024-07-24,1.1
Mushin,2024-07-25,0.3
Mushin,2024-07-26,0.8
Mushin,2024-07-27,0.4
Mushin,2024-07-28,0.7
Mushin,2024-07-29,0.3
Mushin,2024-07-30,0.6
Mushin,2024-07-31,1.4
Mushin,2024-08-01,1.9
Mushin,2024-08-02,1.0
Mushin,2024-08-03,1.4
Mushin,2024-08-04,1.4
Mushin,2024-08-05,1.4
Mushin,2024-08-06,1.2
Mushin,2024-08-07,0.7
Mushin,2024-08-08,1.8
Mushin,2024-08-09,1.0
Mushin,2024-08-10,0.4
Mushin,2024-08-11,1.0
Mushin,2024-08-12,0.2
Mushin,2024-08-13,0.9
Mushin,2024-08-14,1.2
Mushin,2024-08-15,0.5
Mushin,2024-08-16,1.6
Mushin,2024-08-17,1.0
Mushin,2024-08-18,1.1
Mushin,2024-08-19,6.3
Mushin,2024-08-20,6.4
Mushin,2024-08-21,1.3
Mushin,2024-08-22,1.6
Mushin,2024-08-23,19.3
Mushin,2024-08-24,11.2
Mushin,2024-08-25,2.7
Mushin,2024-08-26,7.7
Mushin,2024-08-27,1.2
Mushin,2024-08-28,2.9
Mushin,2024-08-29,1.6
Mushin,2024-08-30,3.8
Mushin,2024-08-31,0.4
Mushin,2024-09-01,0.6
Mushin,2024-09-02,0.3
Mushin,2024-09-03,0.0
Mushin,2024-09-04,0.0
Mushin,2024-09-05,0.5
Mushin,2024-09-06,0.1
Mushin,2024-09-07,6.5
Mushin,2024-09-08,1.2
Mushin,2024-09-09,1.6
Mushin,2024-09-10,7.3
Mushin,2024-09-11,4.9
Mushin,2024-09-12,2.3
Mushin,2024-09-13,11.2
Mushin,2024-09-14,12.2
Mushin,2024-09-15,2.8
Mushin,2024-09-16,2.2
Mushin,2024-09-17,16.4
Mushin,2024-09-18,9.5
Mushin,2024-09-19,1.4
Mushin,2024-09-20,1.9
Mushin,2024-09-21,3.3
Mushin,2024-09-22,1.7
Mushin,2024-09-23,0.5
Mushin,2024-09-24,4.2
Mushin,2024-09-25,23.7
Mushin,2024-09-26,7.4
Mushin,2024-09-27,6.2
Mushin,2024-09-28,8.7
Mushin,2024-09-29,9.1
Mushin,2024-09-30,19.6
Mushin,2024-10-01,0.5
Mushin,2024-10-02,2.3
Mushin,2024-10-03,17.3
Mushin,2024-10-04,5.9
Mushin,2024-10-05,7.7
Mushin,2024-10-06,5.4
Mushin,2024-10-07,4.0
Mushin,2024-10-08,0.4
Mushin,2024-10-09,4.4
Mushin,2024-10-10,0.5
Mushin,2024-10-11,1.2
Mushin,2024-10-12,11.1
Mushin,2024-10-13,9.5
Mushin,2024-10-14,8.4
Mushin,2024-10-15,3.2
Mushin,2024-10-16,13.0
Mushin,2024-10-17,25.9
Mushin,2024-10-18,3.7
Mushin,2024-10-19,9.7
Mushin,2024-10-20,3.3
Mushin,2024-10-21,5.4
Mushin,2024-10-22,10.1
Mushin,2024-10-23,1.9
Mushin,2024-10-24,0.6
Mushin,2024-10-25,23.6
Mushin,2024-10-26,2.4
Mushin,2024-10-27,1.5
Mushin,2024-10-28,1.6
Mushin,2024-10-29,2.2
Mushin,2024-10-30,1.7
Mushin,2024-10-31,0.7
Mushin,2024-11-01,0.6
Mushin,2024-11-02,1.9
Mushin,2024-11-03,5.1
Mushin,2024-11-04,1.1
Mushin,2024-11-05,0.0
Mushin,2024-11-06,3.5
Mushin,2024-11-07,0.0
Mushin,2024-11-08,0.1
Mushin,2024-11-09,0.8
Mushin,2024-11-10,0.9
Mushin,2024-11-11,0.6
Mushin,2024-11-12,0.6
Mushin,2024-11-13,1.0
Mushin,2024-11-14,27.6
Mushin,2024-11-15,1.0
Mushin,2024-11-16,2.5
Mushin,2024-11-17,2.1
Mushin,2024-11-18,0.8
Mushin,2024-11-19,0.2
Mushin,2024-11-20,0.0
Mushin,2024-11-21,0.0
Mushin,2024-11-22,5.9
Mushin,2024-11-23,1.0
Mushin,2024-11-24,0.1
Mushin,2024-11-25,0.0
Mushin,2024-11-26,3.0
Mushin,2024-11-27,1.8
Mushin,2024-11-28,0.2
Mushin,2024-11-29,0.0
Mushin,2024-11-30,0.0
Mushin,2024-12-01,0.0
Mushin,2024-12-02,0.4
Mushin,2024-12-03,1.4
Mushin,2024-12-04,1.3
Mushin,2024-12-05,3.3
Mushin,2024-12-06,1.9
Mushin,2024-12-07,0.0
Mushin,2024-12-08,0.0
Mushin,2024-12-09,0.0
Mushin,2024-12-10,0.0
Mushin,2024-12-11,1.0
Mushin,2024-12-12,0.6
Mushin,2024-12-13,1.0
Mushin,2024-12-14,0.0
Mushin,2024-12-15,0.0
Mushin,2024-12-16,0.0
Mushin,2024-12-17,0.0
Mushin,2024-12-18,0.0
Mushin,2024-12-19,0.0
Mushin,2024-12-20,0.0
Mushin,2024-12-21,0.0
Mushin,2024-12-22,0.0
Mushin,2024-12-23,0.0
Mushin,2024-12-24,0.0
Mushin,2024-12-25,0.0
Mushin,2024-12-26,0.3
Mushin,2024-12-27,0.1
Mushin,2024-12-28,0.0
Mushin,2024-12-29,0.0
Mushin,2024-12-30,0.0
Mushin,2024-12-31,0.0
Mushin,2025-01-01,0.0
Mushin,2025-01-02,0.0
Mushin,2025-01-03,1.0
Mushin,2025-01-04,1.9
Mushin,2025-01-05,0.0
Mushin,2025-01-06,3.3
Mushin,2025-01-07,0.4
Mushin,2025-01-08,0.4
Mushin,2025-01-09,0.0
Mushin,2025-01-10,0.0
Mushin,2025-01-11,0.0
Mushin,2025-01-12,0.0
Mushin,2025-01-13,0.0
Mushin,2025-01-14,0.2
Mushin,2025-01-15,0.6
Mushin,2025-01-16,0.0
Mushin,2025-01-17,0.0
Mushin,2025-01-18,1.1
Mushin,2025-01-19,1.2
Mushin,2025-01-20,0.1
Mushin,2025-01-21,1.1
Mushin,2025-01-22,0.5
Mushin,2025-01-23,3.1
Mushin,2025-01-24,1.2
Mushin,2025-01-25,1.7
Mushin,2025-01-26,1.1
Mushin,2025-01-27,3.0
Mushin,2025-01-28,2.0
Mushin,2025-01-29,1.6
Mushin,2025-01-30,1.9
Mushin,2025-01-31,1.1
Mushin,2025-02-01,0.1
Mushin,2025-02-02,0.3
Mushin,2025-02-03,1.1
Mushin,2025-02-04,0.2
Mushin,2025-02-05,3.6
Mushin,2025-02-06,0.3
Mushin,2025-02-07,1.4
Mushin,2025-02-08,2.9
Mushin,2025-02-09,0.6
Mushin,2025-02-10,1.0
Mushin,2025-02-11,2.8
Mushin,2025-02-12,1.9
Mushin,2025-02-13,2.2
Mushin,2025-02-14,1.0
Mushin,2025-02-15,2.8
Mushin,2025-02-16,0.9
Mushin,2025-02-17,0.5
Mushin,2025-02-18,0.4
Mushin,2025-02-19,0.9
Mushin,2025-02-20,1.7
Mushin,2025-02-21,3.6
Mushin,2025-02-22,7.9
Mushin,2025-02-23,0.6
Mushin,2025-02-24,0.0
Mushin,2025-02-25,1.6
Mushin,2025-02-26,2.2
Mushin,2025-02-27,1.0
Mushin,2025-02-28,1.3
Mushin,2025-03-01,0.8
Mushin,2025-03-02,1.0
Mushin,2025-03-03,2.7
Mushin,2025-03-04,2.9
Mushin,2025-03-05,1.3
Mushin,2025-03-06,0.7
Mushin,2025-03-07,2.0
Mushin,2025-03-08,0.7
Mushin,2025-03-09,0.7
Mushin,2025-03-10,1.4
Mushin,2025-03-11,1.0
Mushin,2025-03-12,0.5
Mushin,2025-03-13,0.3
Mushin,2025-03-14,0.7
Mushin,2025-03-15,0.4
Mushin,2025-03-16,2.5
Mushin,2025-03-17,2.7
Mushin,2025-03-18,2.4
Mushin,2025-03-19,3.4
Mushin,2025-03-20,1.5
Mushin,2025-03-21,1.9
Mushin,2025-03-22,1.5
Mushin,2025-03-23,0.5
Mushin,2025-03-24,2.3
Mushin,2025-03-25,1.2
Mushin,2025-03-26,4.6
Mushin,2025-03-27,1.5
Mushin,2025-03-28,1.3
Mushin,2025-03-29,1.7
Mushin,2025-03-30,13.6
Mushin,2025-03-31,5.4
Mushin,2025-04-01,1.8
Mushin,2025-04-02,15.8
Mushin,2025-04-03,5.0
Mushin,2025-04-04,0.5
Mushin,2025-04-05,0.6
Mushin,2025-04-06,2.3
Mushin,2025-04-07,1.1
Mushin,2025-04-08,1.5
Mushin,2025-04-09,31.0
Mushin,2025-04-10,2.7
Mushin,2025-04-11,12.8
Mushin,2025-04-12,0.0
Mushin,2025-04-13,2.7
Mushin,2025-04-14,7.6
Mushin,2025-04-15,3.2
Mushin,2025-04-16,1.7
Mushin,2025-04-17,1.3
Mushin,2025-04-18,2.7
Mushin,2025-04-19,2.0
Mushin,2025-04-20,2.9
Mushin,2025-04-21,1.4
Mushin,2025-04-22,12.9
Mushin,2025-04-23,4.4
Mushin,2025-04-24,0.0
Mushin,2025-04-25,0.6
Mushin,2025-04-26,1.8
Mushin,2025-04-27,0.5
Mushin,2025-04-28,1.4
Mushin,2025-04-29,7.2
Mushin,2025-04-30,0.0
Mushin,2025-05-01,3.7
Mushin,2025-05-02,22.4
Mushin,2025-05-03,0.2
Mushin,2025-05-04,1.5
Mushin,2025-05-05,1.6
Mushin,2025-05-06,1.9
Mushin,2025-05-07,0.6
Mushin,2025-05-08,6.7
Mushin,2025-05-09,2.5
Mushin,2025-05-10,1.3
Mushin,2025-05-11,0.3
Mushin,2025-05-12,2.2
Mushin,2025-05-13,2.2
Mushin,2025-05-14,0.3
Mushin,2025-05-15,0.9
Mushin,2025-05-16,1.9
Mushin,2025-05-17,10.4
Mushin,2025-05-18,7.5
Mushin,2025-05-19,0.2
Mushin,2025-05-20,6.1
Mushin,2025-05-21,1.5
Mushin,2025-05-22,9.3
Mushin,2025-05-23,8.2
Mushin,2025-05-24,8.9
Mushin,2025-05-25,1.0
Mushin,2025-05-26,0.3
Mushin,2025-05-27,1.7
Mushin,2025-05-28,6.6
Mushin,2025-05-29,9.9
Mushin,2025-05-30,4.0
Mushin,2025-05-31,0.2
Mushin,2025-06-01,0.6
Mushin,2025-06-02,3.9
Mushin,2025-06-03,12.7
Mushin,2025-06-04,20.9
Mushin,2025-06-05,6.3
Mushin,2025-06-06,1.1
Mushin,2025-06-07,7.0
Mushin,2025-06-08,2.2
Mushin,2025-06-09,12.4
Mushin,2025-06-10,1.4
Mushin,2025-06-11,8.9
Mushin,2025-06-12,2.7
Mushin,2025-06-13,0.8
Mushin,2025-06-14,60.3
Mushin,2025-06-15,16.3
Mushin,2025-06-16,1.2
Mushin,2025-06-17,2.2
Mushin,2025-06-18,8.9
Mushin,2025-06-19,22.7
Mushin,2025-06-20,24.3
Mushin,2025-06-21,5.4
Mushin,2025-06-22,3.3
Mushin,2025-06-23,10.5
Mushin,2025-06-24,7.5
Mushin,2025-06-25,3.6
Mushin,2025-06-26,3.7
Mushin,2025-06-27,2.7
Mushin,2025-06-28,2.5
Mushin,2025-06-29,7.5
Mushin,2025-06-30,12.8
Mushin,2025-07-01,4.1
Mushin,2025-07-02,4.0
Mushin,2025-07-03,10.4
Mushin,2025-07-04,7.3
Mushin,2025-07-05,4.9
Mushin,2025-07-06,6.9
Mushin,2025-07-07,16.7
Mushin,2025-07-08,10.6
Mushin,2025-07-09,2.8
Mushin,2025-07-10,1.1
Mushin,2025-07-11,2.9
Mushin,2025-07-12,1.7
Mushin,2025-07-13,0.7
Mushin,2025-07-14,0.2
Mushin,2025-07-15,0.2
Mushin,2025-07-16,2.8
Mushin,2025-07-17,1.3
Mushin,2025-07-18,0.4
Mushin,2025-07-19,1.0
Mushin,2025-07-20,0.8
Mushin,2025-07-21,0.8
Mushin,2025-07-22,1.6
Mushin,2025-07-23,2.8
Mushin,2025-07-24,1.1
Mushin,2025-07-25,0.7
Mushin,2025-07-26,0.9
Mushin,2025-07-27,0.7
Mushin,2025-07-28,0.0
Mushin,2025-07-29,1.0
Mushin,2025-07-30,0.6
Mushin,2025-07-31,2.4
Mushin,2025-08-01,4.3
Mushin,2025-08-02,1.6
Mushin,2025-08-03,7.3
Mushin,2025-08-04,26.8
Mushin,2025-08-05,3.7
Mushin,2025-08-06,3.0
Mushin,2025-08-07,2.5
Mushin,2025-08-08,2.9
Mushin,2025-08-09,3.5
Mushin,2025-08-10,1.2
Mushin,2025-08-11,0.4
Mushin,2025-08-12,1.1
Mushin,2025-08-13,1.1
Mushin,2025-08-14,1.2
Mushin,2025-08-15,2.1
Mushin,2025-08-16,1.9
Mushin,2025-08-17,2.0
Mushin,2025-08-18,1.5
Mushin,2025-08-19,1.9
Mushin,2025-08-20,1.6
Mushin,2025-08-21,3.7
Mushin,2025-08-22,3.1
Mushin,2025-08-23,1.1
Mushin,2025-08-24,1.1
Mushin,2025-08-25,0.8
Mushin,2025-08-26,0.8
Mushin,2025-08-27,1.1
Mushin,2025-08-28,1.4
Mushin,2025-08-29,0.9
Mushin,2025-08-30,2.8
Mushin,2025-08-31,1.7
Mushin,2025-09-01,0.6
Mushin,2025-09-02,1.0
Mushin,2025-09-03,2.2
Mushin,2025-09-04,0.7
Mushin,2025-09-05,2.2
Mushin,2025-09-06,1.2
Mushin,2025-09-07,1.0
Mushin,2025-09-08,11.4
Mushin,2025-09-09,7.5
Mushin,2025-09-10,2.9
Mushin,2025-09-11,3.1
Mushin,2025-09-12,10.1
Mushin,2025-09-13,8.8
Mushin,2025-09-14,11.4
Mushin,2025-09-15,16.9
Mushin,2025-09-16,38.6
Mushin,2025-09-17,6.9
Mushin,2025-09-18,7.3
Mushin,2025-09-19,2.1
Mushin,2025-09-20,0.9
Mushin,2025-09-21,1.9
Mushin,2025-09-22,6.0
Mushin,2025-09-23,16.0
Mushin,2025-09-24,11.0
Mushin,2025-09-25,6.1
Mushin,2025-09-26,2.3
Mushin,2025-09-27,2.4
Mushin,2025-09-28,22.2
Mushin,2025-09-29,12.8
Mushin,2025-09-30,2.2
Mushin,2025-10-01,7.4
Mushin,2025-10-02,3.2
Mushin,2025-10-03,1.3
Mushin,2025-10-04,0.4
Mushin,2025-10-05,20.7
Mushin,2025-10-06,15.6
Mushin,2025-10-07,20.3
Mushin,2025-10-08,2.3
Mushin,2025-10-09,1.1
Mushin,2025-10-10,14.6
Mushin,2025-10-11,3.0
Mushin,2025-10-12,0.6
Mushin,2025-10-13,4.7
Mushin,2025-10-14,3.5
Mushin,2025-10-15,5.2
Mushin,2025-10-16,12.5
Mushin,2025-10-17,1.7
Mushin,2025-10-18,5.0
Mushin,2025-10-19,0.6
Mushin,2025-10-20,1.0
Mushin,2025-10-21,0.5
Mushin,2025-10-22,0.5
Mushin,2025-10-23,1.9
Mushin,2025-10-24,7.1
Mushin,2025-10-25,0.6
Mushin,2025-10-26,2.8
Mushin,2025-10-27,4.0
Mushin,2025-10-28,11.1
Mushin,2025-10-29,0.4
Mushin,2025-10-30,7.7
Mushin,2025-10-31,10.3
Mushin,2025-11-01,1.9
Mushin,2025-11-02,3.1
Mushin,2025-11-03,5.8
Mushin,2025-11-04,1.4
Mushin,2025-11-05,3.0
Mushin,2025-11-06,0.9
Mushin,2025-11-07,6.1
Mushin,2025-11-08,0.5
Mushin,2025-11-09,1.4
Mushin,2025-11-10,0.5
Mushin,2025-11-11,2.4
Mushin,2025-11-12,0.9
Mushin,2025-11-13,0.7
Mushin,2025-11-14,0.2
Mushin,2025-11-15,0.6
Mushin,2025-11-16,1.5
Mushin,2025-11-17,0.9
Mushin,2025-11-18,1.3
Mushin,2025-11-19,1.7
Mushin,2025-11-20,1.3
Mushin,2025-11-21,1.9
Mushin,2025-11-22,2.0
Mushin,2025-11-23,1.6
Mushin,2025-11-24,0.3
Mushin,2025-11-25,0.7
Mushin,2025-11-26,1.5
Mushin,2025-11-27,1.3
Mushin,2025-11-28,1.5
Mushin,2025-11-29,0.3
Mushin,2025-11-30,2.8
Mushin,2025-12-01,1.7
Mushin,2025-12-02,1.6
Mushin,2025-12-03,9.7
Mushin,2025-12-04,1.0
Mushin,2025-12-05,1.6
Mushin,2025-12-06,1.1
Mushin,2025-12-07,3.2
Mushin,2025-12-08,1.7
Mushin,2025-12-09,1.0
Mushin,2025-12-10,1.4
Mushin,2025-12-11,6.9
Mushin,2025-12-12,0.7
Mushin,2025-12-13,3.0
Mushin,2025-12-14,1.7
Mushin,2025-12-15,0.6
Mushin,2025-12-16,0.4
Mushin,2025-12-17,0.9
Mushin,2025-12-18,0.5
Mushin,2025-12-19,1.8
Mushin,2025-12-20,0.2
Mushin,2025-12-21,1.2
Mushin,2025-12-22,1.7
Mushin,2025-12-23,1.3
Mushin,2025-12-24,0.7
Mushin,2025-12-25,0.3
Mushin,2025-12-26,0.3
Mushin,2025-12-27,0.8
Mushin,2025-12-28,1.4
Mushin,2025-12-29,2.3
Mushin,2025-12-30,1.1
Mushin,2025-12-31,2.0
Mushin,2026-01-01,3.5
Mushin,2026-01-02,1.2
Mushin,2026-01-03,1.8
Mushin,2026-01-04,0.4
Mushin,2026-01-05,0.0
Mushin,2026-01-06,0.5
Mushin,2026-01-07,0.4
Mushin,2026-01-08,3.9
Mushin,2026-01-09,0.2
Mushin,2026-01-10,2.1
Mushin,2026-01-11,4.1
Mushin,2026-01-12,1.4
Mushin,2026-01-13,0.0
Mushin,2026-01-14,0.0
Mushin,2026-01-15,1.0
Mushin,2026-01-16,0.1
Mushin,2026-01-17,1.0
Mushin,2026-01-18,2.6
Mushin,2026-01-19,0.2
Mushin,2026-01-20,0.5
Mushin,2026-01-21,0.2
Mushin,2026-01-22,0.4
Mushin,2026-01-23,0.0
Mushin,2026-01-24,0.0
Mushin,2026-01-25,0.0
Mushin,2026-01-26,0.0
Mushin,2026-01-27,0.7
Mushin,2026-01-28,0.6
Mushin,2026-01-29,1.0
Mushin,2026-01-30,3.6
Mushin,2026-01-31,3.1
Mushin,2026-02-01,2.4
Mushin,2026-02-02,7.7
Mushin,2026-02-03,0.0
Mushin,2026-02-04,0.0
Mushin,2026-02-05,0.2
Mushin,2026-02-06,0.0
Mushin,2026-02-07,0.6
Mushin,2026-02-08,0.4
Mushin,2026-02-09,0.8
Mushin,2026-02-10,1.2
Mushin,2026-02-11,0.0
Mushin,2026-02-12,0.4
Mushin,2026-02-13,0.5
Mushin,2026-02-14,14.8
Mushin,2026-02-15,0.0
Mushin,2026-02-16,1.8
Mushin,2026-02-17,1.2
Mushin,2026-02-18,0.3
Mushin,2026-02-19,0.6
Mushin,2026-02-20,1.4
Mushin,2026-02-21,0.1
Mushin,2026-02-22,1.6
Mushin,2026-02-23,4.8
Mushin,2026-02-24,1.7
Mushin,2026-02-25,0.2
Mushin,2026-02-26,3.0
Mushin,2026-02-27,1.3
Mushin,2026-02-28,0.5
Mushin,2026-03-01,2.1
Mushin,2026-03-02,2.3
Mushin,2026-03-03,1.6
Mushin,2026-03-04,1.9
Mushin,2026-03-05,0.4
Mushin,2026-03-06,0.1
Mushin,2026-03-07,0.6
Mushin,2026-03-08,1.7
Mushin,2026-03-09,2.4
Mushin,2026-03-10,2.8
Mushin,2026-03-11,1.8
Mushin,2026-03-12,0.0
Mushin,2026-03-13,2.4
Mushin,2026-03-14,2.9
Mushin,2026-03-15,0.0
Mushin,2026-03-16,2.1
Mushin,2026-03-17,1.0
Mushin,2026-03-18,0.2
Mushin,2026-03-19,0.8
Mushin,2026-03-20,0.3
Mushin,2026-03-21,4.0
Mushin,2026-03-22,2.1
Mushin,2026-03-23,1.9
Mushin,2026-03-24,3.7
Mushin,2026-03-25,0.2
Mushin,2026-03-26,0.0
Mushin,2026-03-27,2.5
Mushin,2026-03-28,2.9
Mushin,2026-03-29,0.7
Mushin,2026-03-30,0.0
Mushin,2026-03-31,1.5
Mushin,2026-04-01,0.0
Mushin,2026-04-02,0.6
Mushin,2026-04-03,0.7
Mushin,2026-04-04,0.0
Mushin,2026-04-05,2.7
Mushin,2026-04-06,0.4
Mushin,2026-04-07,0.0
Mushin,2026-04-08,2.5
Mushin,2026-04-09,2.2
Mushin,2026-04-10,0.1
Mushin,2026-04-11,0.2
Mushin,2026-04-12,0.0
Mushin,2026-04-13,5.3
Mushin,2026-04-14,1.9
Mushin,2026-04-15,0.8
Mushin,2026-04-16,0.3
Mushin,2026-04-17,0.4
Mushin,2026-04-18,2.4
Mushin,2026-04-19,8.6
Mushin,2026-04-20,2.0
Mushin,2026-04-21,0.6
Mushin,2026-04-22,1.0
Mushin,2026-04-23,1.1
Mushin,2026-04-24,2.5
Mushin,2026-04-25,3.1
Mushin,2026-04-26,23.5
Mushin,2026-04-27,0.0
Mushin,2026-04-28,1.6
Mushin,2026-04-29,1.7
Mushin,2026-04-30,0.5
Mushin,2026-05-01,0.0
Mushin,2026-05-02,0.9
Mushin,2026-05-03,2.6
Mushin,2026-05-04,6.0
Mushin,2026-05-05,2.3
Mushin,2026-05-06,11.3
Mushin,2026-05-07,1.8
Mushin,2026-05-08,1.8
Mushin,2026-05-09,3.2
Mushin,2026-05-10,1.6
Mushin,2026-05-11,1.0
Mushin,2026-05-12,0.6
Mushin,2026-05-13,2.7
Mushin,2026-05-14,5.0
Mushin,2026-05-15,5.6
Mushin,2026-05-16,0.6
Mushin,2026-05-17,8.9
Mushin,2026-05-18,4.6
Mushin,2026-05-19,7.1
Mushin,2026-05-20,3.3
Mushin,2026-05-21,8.2
Mushin,2026-05-22,24.8
Mushin,2026-05-23,5.9
Mushin,2026-05-24,8.4
Mushin,2026-05-25,12.0
Mushin,2026-05-26,4.7
Mushin,2026-05-27,1.4
Mushin,2026-05-28,8.7
Mushin,2026-05-29,1.0
Mushin,2026-05-30,9.4
Mushin,2026-05-31,1.5
Mushin,2026-06-01,11.3
Mushin,2026-06-02,7.4
Mushin,2026-06-03,8.8
Mushin,2026-06-04,17.1
Mushin,2026-06-05,8.3
Mushin,2026-06-06,15.9
Mushin,2026-06-07,4.0
Mushin,2026-06-08,7.4
Mushin,2026-06-09,8.5
Mushin,2026-06-10,6.9
Mushin,2026-06-11,1.1
Mushin,2026-06-12,7.4
Mushin,2026-06-13,4.9
Mushin,2026-06-14,6.0
Mushin,2026-06-15,11.8
Mushin,2026-06-16,6.1
Mushin,2026-06-17,4.6
Mushin,2026-06-18,3.3
Mushin,2026-06-19,4.3
Mushin,2026-06-20,10.3
Mushin,2026-06-21,34.0
Mushin,2026-06-22,0.3
Mushin,2026-06-23,2.1
Mushin,2026-06-24,8.3
Mushin,2026-06-25,5.0
Mushin,2026-06-26,4.1
Mushin,2026-06-27,3.6
Mushin,2026-06-28,11.5
Mushin,2026-06-29,24.5
Mushin,2026-06-30,29.9
Mushin,2026-07-01,2.7
Mushin,2026-07-02,6.0
Mushin,2026-07-03,2.6
Mushin,2026-07-04,3.1
Mushin,2026-07-05,3.5
Mushin,2026-07-06,4.4
Mushin,2026-07-07,5.6
Mushin,2026-07-08,5.6
Mushin,2026-07-09,5.7
Mushin,2026-07-10,55.7
Mushin,2026-07-11,4.7
Mushin,2026-07-12,6.0
Mushin,2026-07-13,21.1
Mushin,2026-07-14,8.7
Mushin,2026-07-15,7.1
Mushin,2026-07-16,9.9
Mushin,2026-07-17,1.1
Mushin,2026-07-18,0.0
Mushin,2026-07-19,1.1
Mushin,2026-07-20,2.4
Mushin,2026-07-21,1.4
Mushin,2026-07-22,3.6
Mushin,2026-07-23,3.8
Mushin,2026-07-24,3.1
Mushin,2026-07-25,1.2
Mushin,2026-07-26,1.0
Mushin,2026-07-27,14.1
Mushin,2026-07-28,5.0
Mushin,2026-07-29,13.0
Mushin,2026-07-30,4.7
Mushin,2026-07-31,1.7
Mushin,2026-08-01,3.3
Mushin,2026-08-02,4.3
Mushin,2026-08-03,2.7
Mushin,2026-08-04,2.5
Mushin,2026-08-05,4.2
Mushin,2026-08-06,3.9
Mushin,2026-08-07,5.2
Mushin,2026-08-08,0.5
Mushin,2026-08-09,0.1
Mushin,2026-08-10,0.3
Mushin,2026-08-11,1.3
Mushin,2026-08-12,0.2
Mushin,2026-08-13,4.1
Mushin,2026-08-14,0.6
Mushin,2026-08-15,0.5
Mushin,2026-08-16,2.6
Mushin,2026-08-17,0.9
Mushin,2026-08-18,2.7
Mushin,2026-08-19,2.2
Mushin,2026-08-20,1.3
Mushin,2026-08-21,2.9
Mushin,2026-08-22,6.8
Mushin,2026-08-23,4.6
Mushin,2026-08-24,6.9
Mushin,2026-08-25,0.6
Mushin,2026-08-26,3.3
Mushin,2026-08-27,5.7
Mushin,2026-08-28,21.3
Mushin,2026-08-29,6.2
Mushin,2026-08-30,9.7
Mushin,2026-08-31,1.3
Mushin,2026-09-01,0.9
Ajeromi-Ifelodun,2019-01-01,0.0
Ajeromi-Ifelodun,2019-01-02,0.0
Ajeromi-Ifelodun,2019-01-03,0.0
Ajeromi-Ifelodun,2019-01-04,0.0
Ajeromi-Ifelodun,2019-01-05,0.0
Ajeromi-Ifelodun,2019-01-06,0.0
Ajeromi-Ifelodun,2019-01-07,0.0
Ajeromi-Ifelodun,2019-01-08,0.0
Ajeromi-Ifelodun,2019-01-09,0.0
Ajeromi-Ifelodun,2019-01-10,0.0
Ajeromi-Ifelodun,2019-01-11,0.1
Ajeromi-Ifelodun,2019-01-12,0.0
Ajeromi-Ifelodun,2019-01-13,0.3
Ajeromi-Ifelodun,2019-01-14,0.6
Ajeromi-Ifelodun,2019-01-15,1.3
Ajeromi-Ifelodun,2019-01-16,1.2
Ajeromi-Ifelodun,2019-01-17,1.1
Ajeromi-Ifelodun,2019-01-18,1.8
Ajeromi-Ifelodun,2019-01-19,0.6
Ajeromi-Ifelodun,2019-01-20,2.8
Ajeromi-Ifelodun,2019-01-21,5.9
Ajeromi-Ifelodun,2019-01-22,1.0
Ajeromi-Ifelodun,2019-01-23,3.3
Ajeromi-Ifelodun,2019-01-24,14.3
Ajeromi-Ifelodun,2019-01-25,0.0
Ajeromi-Ifelodun,2019-01-26,3.0
Ajeromi-Ifelodun,2019-01-27,5.8
Ajeromi-Ifelodun,2019-01-28,4.7
Ajeromi-Ifelodun,2019-01-29,5.5
Ajeromi-Ifelodun,2019-01-30,6.6
Ajeromi-Ifelodun,2019-01-31,1.0
Ajeromi-Ifelodun,2019-02-01,2.3
Ajeromi-Ifelodun,2019-02-02,6.9
Ajeromi-Ifelodun,2019-02-03,1.9
Ajeromi-Ifelodun,2019-02-04,2.2
Ajeromi-Ifelodun,2019-02-05,0.9
Ajeromi-Ifelodun,2019-02-06,1.8
Ajeromi-Ifelodun,2019-02-07,1.6
Ajeromi-Ifelodun,2019-02-08,9.1
Ajeromi-Ifelodun,2019-02-09,0.0
Ajeromi-Ifelodun,2019-02-10,0.0
Ajeromi-Ifelodun,2019-02-11,0.0
Ajeromi-Ifelodun,2019-02-12,0.0
Ajeromi-Ifelodun,2019-02-13,0.2
Ajeromi-Ifelodun,2019-02-14,0.9
Ajeromi-Ifelodun,2019-02-15,1.6
Ajeromi-Ifelodun,2019-02-16,0.0
Ajeromi-Ifelodun,2019-02-17,1.2
Ajeromi-Ifelodun,2019-02-18,1.4
Ajeromi-Ifelodun,2019-02-19,0.2
Ajeromi-Ifelodun,2019-02-20,1.0
Ajeromi-Ifelodun,2019-02-21,1.1
Ajeromi-Ifelodun,2019-02-22,3.4
Ajeromi-Ifelodun,2019-02-23,6.3
Ajeromi-Ifelodun,2019-02-24,3.6
Ajeromi-Ifelodun,2019-02-25,3.6
Ajeromi-Ifelodun,2019-02-26,12.5
Ajeromi-Ifelodun,2019-02-27,6.0
Ajeromi-Ifelodun,2019-02-28,3.4
Ajeromi-Ifelodun,2019-03-01,2.3
Ajeromi-Ifelodun,2019-03-02,1.8
Ajeromi-Ifelodun,2019-03-03,0.6
Ajeromi-Ifelodun,2019-03-04,1.7
Ajeromi-Ifelodun,2019-03-05,0.6
Ajeromi-Ifelodun,2019-03-06,6.9
Ajeromi-Ifelodun,2019-03-07,1.3
Ajeromi-Ifelodun,2019-03-08,0.4
Ajeromi-Ifelodun,2019-03-09,5.7
Ajeromi-Ifelodun,2019-03-10,8.8
Ajeromi-Ifelodun,2019-03-11,1.4
Ajeromi-Ifelodun,2019-03-12,0.9
Ajeromi-Ifelodun,2019-03-13,0.2
Ajeromi-Ifelodun,2019-03-14,0.3
Ajeromi-Ifelodun,2019-03-15,0.6
Ajeromi-Ifelodun,2019-03-16,9.7
Ajeromi-Ifelodun,2019-03-17,0.1
Ajeromi-Ifelodun,2019-03-18,0.0
Ajeromi-Ifelodun,2019-03-19,0.5
Ajeromi-Ifelodun,2019-03-20,1.7
Ajeromi-Ifelodun,2019-03-21,4.0
Ajeromi-Ifelodun,2019-03-22,5.3
Ajeromi-Ifelodun,2019-03-23,2.9
Ajeromi-Ifelodun,2019-03-24,2.2
Ajeromi-Ifelodun,2019-03-25,3.2
Ajeromi-Ifelodun,2019-03-26,0.0
Ajeromi-Ifelodun,2019-03-27,0.7
Ajeromi-Ifelodun,2019-03-28,0.8
Ajeromi-Ifelodun,2019-03-29,4.6
Ajeromi-Ifelodun,2019-03-30,2.6
Ajeromi-Ifelodun,2019-03-31,3.4
Ajeromi-Ifelodun,2019-04-01,0.2
Ajeromi-Ifelodun,2019-04-02,0.9
Ajeromi-Ifelodun,2019-04-03,0.4
Ajeromi-Ifelodun,2019-04-04,1.5
Ajeromi-Ifelodun,2019-04-05,3.3
Ajeromi-Ifelodun,2019-04-06,1.7
Ajeromi-Ifelodun,2019-04-07,24.8
Ajeromi-Ifelodun,2019-04-08,2.7
Ajeromi-Ifelodun,2019-04-09,0.0
Ajeromi-Ifelodun,2019-04-10,6.2
Ajeromi-Ifelodun,2019-04-11,18.2
Ajeromi-Ifelodun,2019-04-12,0.7
Ajeromi-Ifelodun,2019-04-13,2.8
Ajeromi-Ifelodun,2019-04-14,3.4
Ajeromi-Ifelodun,2019-04-15,0.0
Ajeromi-Ifelodun,2019-04-16,0.0
Ajeromi-Ifelodun,2019-04-17,1.1
Ajeromi-Ifelodun,2019-04-18,2.7
Ajeromi-Ifelodun,2019-04-19,0.1
Ajeromi-Ifelodun,2019-04-20,1.2
Ajeromi-Ifelodun,2019-04-21,0.9
Ajeromi-Ifelodun,2019-04-22,3.5
Ajeromi-Ifelodun,2019-04-23,15.6
Ajeromi-Ifelodun,2019-04-24,7.8
Ajeromi-Ifelodun,2019-04-25,5.4
Ajeromi-Ifelodun,2019-04-26,3.2
Ajeromi-Ifelodun,2019-04-27,1.0
Ajeromi-Ifelodun,2019-04-28,1.5
Ajeromi-Ifelodun,2019-04-29,8.0
Ajeromi-Ifelodun,2019-04-30,7.0
Ajeromi-Ifelodun,2019-05-01,5.2
Ajeromi-Ifelodun,2019-05-02,9.5
Ajeromi-Ifelodun,2019-05-03,6.0
Ajeromi-Ifelodun,2019-05-04,0.6
Ajeromi-Ifelodun,2019-05-05,0.3
Ajeromi-Ifelodun,2019-05-06,1.4
Ajeromi-Ifelodun,2019-05-07,1.1
Ajeromi-Ifelodun,2019-05-08,0.3
Ajeromi-Ifelodun,2019-05-09,1.8
Ajeromi-Ifelodun,2019-05-10,0.8
Ajeromi-Ifelodun,2019-05-11,7.2
Ajeromi-Ifelodun,2019-05-12,0.0
Ajeromi-Ifelodun,2019-05-13,5.3
Ajeromi-Ifelodun,2019-05-14,8.6
Ajeromi-Ifelodun,2019-05-15,23.3
Ajeromi-Ifelodun,2019-05-16,0.1
Ajeromi-Ifelodun,2019-05-17,0.2
Ajeromi-Ifelodun,2019-05-18,0.0
Ajeromi-Ifelodun,2019-05-19,1.4
Ajeromi-Ifelodun,2019-05-20,15.5
Ajeromi-Ifelodun,2019-05-21,6.4
Ajeromi-Ifelodun,2019-05-22,6.6
Ajeromi-Ifelodun,2019-05-23,0.3
Ajeromi-Ifelodun,2019-05-24,6.1
Ajeromi-Ifelodun,2019-05-25,3.5
Ajeromi-Ifelodun,2019-05-26,12.3
Ajeromi-Ifelodun,2019-05-27,13.4
Ajeromi-Ifelodun,2019-05-28,2.7
Ajeromi-Ifelodun,2019-05-29,6.5
Ajeromi-Ifelodun,2019-05-30,13.5
Ajeromi-Ifelodun,2019-05-31,43.3
Ajeromi-Ifelodun,2019-06-01,11.6
Ajeromi-Ifelodun,2019-06-02,2.6
Ajeromi-Ifelodun,2019-06-03,0.1
Ajeromi-Ifelodun,2019-06-04,7.4
Ajeromi-Ifelodun,2019-06-05,6.5
Ajeromi-Ifelodun,2019-06-06,7.9
Ajeromi-Ifelodun,2019-06-07,8.8
Ajeromi-Ifelodun,2019-06-08,2.1
Ajeromi-Ifelodun,2019-06-09,3.2
Ajeromi-Ifelodun,2019-06-10,14.1
Ajeromi-Ifelodun,2019-06-11,3.5
Ajeromi-Ifelodun,2019-06-12,2.0
Ajeromi-Ifelodun,2019-06-13,3.3
Ajeromi-Ifelodun,2019-06-14,20.4
Ajeromi-Ifelodun,2019-06-15,25.2
Ajeromi-Ifelodun,2019-06-16,2.6
Ajeromi-Ifelodun,2019-06-17,1.0
Ajeromi-Ifelodun,2019-06-18,3.5
Ajeromi-Ifelodun,2019-06-19,1.2
Ajeromi-Ifelodun,2019-06-20,4.6
Ajeromi-Ifelodun,2019-06-21,6.9
Ajeromi-Ifelodun,2019-06-22,7.0
Ajeromi-Ifelodun,2019-06-23,4.1
Ajeromi-Ifelodun,2019-06-24,3.0
Ajeromi-Ifelodun,2019-06-25,6.4
Ajeromi-Ifelodun,2019-06-26,15.0
Ajeromi-Ifelodun,2019-06-27,3.5
Ajeromi-Ifelodun,2019-06-28,13.3
Ajeromi-Ifelodun,2019-06-29,1.0
Ajeromi-Ifelodun,2019-06-30,1.9
Ajeromi-Ifelodun,2019-07-01,2.1
Ajeromi-Ifelodun,2019-07-02,0.4
Ajeromi-Ifelodun,2019-07-03,10.0
Ajeromi-Ifelodun,2019-07-04,6.9
Ajeromi-Ifelodun,2019-07-05,7.3
Ajeromi-Ifelodun,2019-07-06,2.1
Ajeromi-Ifelodun,2019-07-07,2.3
Ajeromi-Ifelodun,2019-07-08,3.7
Ajeromi-Ifelodun,2019-07-09,1.4
Ajeromi-Ifelodun,2019-07-10,1.4
Ajeromi-Ifelodun,2019-07-11,10.6
Ajeromi-Ifelodun,2019-07-12,33.8
Ajeromi-Ifelodun,2019-07-13,2.2
Ajeromi-Ifelodun,2019-07-14,1.8
Ajeromi-Ifelodun,2019-07-15,10.1
Ajeromi-Ifelodun,2019-07-16,7.6
Ajeromi-Ifelodun,2019-07-17,1.1
Ajeromi-Ifelodun,2019-07-18,0.6
Ajeromi-Ifelodun,2019-07-19,3.8
Ajeromi-Ifelodun,2019-07-20,15.9
Ajeromi-Ifelodun,2019-07-21,1.3
Ajeromi-Ifelodun,2019-07-22,1.1
Ajeromi-Ifelodun,2019-07-23,2.7
Ajeromi-Ifelodun,2019-07-24,2.1
Ajeromi-Ifelodun,2019-07-25,3.3
Ajeromi-Ifelodun,2019-07-26,13.1
Ajeromi-Ifelodun,2019-07-27,11.5
Ajeromi-Ifelodun,2019-07-28,4.4
Ajeromi-Ifelodun,2019-07-29,2.9
Ajeromi-Ifelodun,2019-07-30,2.2
Ajeromi-Ifelodun,2019-07-31,1.2
Ajeromi-Ifelodun,2019-08-01,0.8
Ajeromi-Ifelodun,2019-08-02,1.3
Ajeromi-Ifelodun,2019-08-03,1.5
Ajeromi-Ifelodun,2019-08-04,1.1
Ajeromi-Ifelodun,2019-08-05,0.2
Ajeromi-Ifelodun,2019-08-06,0.9
Ajeromi-Ifelodun,2019-08-07,0.4
Ajeromi-Ifelodun,2019-08-08,3.6
Ajeromi-Ifelodun,2019-08-09,2.6
Ajeromi-Ifelodun,2019-08-10,1.5
Ajeromi-Ifelodun,2019-08-11,1.3
Ajeromi-Ifelodun,2019-08-12,0.8
Ajeromi-Ifelodun,2019-08-13,1.6
Ajeromi-Ifelodun,2019-08-14,1.5
Ajeromi-Ifelodun,2019-08-15,1.0
Ajeromi-Ifelodun,2019-08-16,1.3
Ajeromi-Ifelodun,2019-08-17,1.6
Ajeromi-Ifelodun,2019-08-18,0.8
Ajeromi-Ifelodun,2019-08-19,4.3
Ajeromi-Ifelodun,2019-08-20,1.7
Ajeromi-Ifelodun,2019-08-21,0.8
Ajeromi-Ifelodun,2019-08-22,3.0
Ajeromi-Ifelodun,2019-08-23,5.7
Ajeromi-Ifelodun,2019-08-24,2.0
Ajeromi-Ifelodun,2019-08-25,7.6
Ajeromi-Ifelodun,2019-08-26,8.4
Ajeromi-Ifelodun,2019-08-27,1.1
Ajeromi-Ifelodun,2019-08-28,11.1
Ajeromi-Ifelodun,2019-08-29,1.5
Ajeromi-Ifelodun,2019-08-30,1.7
Ajeromi-Ifelodun,2019-08-31,10.1
Ajeromi-Ifelodun,2019-09-01,12.2
Ajeromi-Ifelodun,2019-09-02,6.1
Ajeromi-Ifelodun,2019-09-03,2.2
Ajeromi-Ifelodun,2019-09-04,14.8
Ajeromi-Ifelodun,2019-09-05,1.8
Ajeromi-Ifelodun,2019-09-06,12.7
Ajeromi-Ifelodun,2019-09-07,2.8
Ajeromi-Ifelodun,2019-09-08,3.3
Ajeromi-Ifelodun,2019-09-09,6.7
Ajeromi-Ifelodun,2019-09-10,11.7
Ajeromi-Ifelodun,2019-09-11,12.3
Ajeromi-Ifelodun,2019-09-12,5.0
Ajeromi-Ifelodun,2019-09-13,2.0
Ajeromi-Ifelodun,2019-09-14,2.7
Ajeromi-Ifelodun,2019-09-15,3.7
Ajeromi-Ifelodun,2019-09-16,2.8
Ajeromi-Ifelodun,2019-09-17,11.3
Ajeromi-Ifelodun,2019-09-18,37.9
Ajeromi-Ifelodun,2019-09-19,140.8
Ajeromi-Ifelodun,2019-09-20,4.9
Ajeromi-Ifelodun,2019-09-21,0.0
Ajeromi-Ifelodun,2019-09-22,3.8
Ajeromi-Ifelodun,2019-09-23,0.8
Ajeromi-Ifelodun,2019-09-24,1.9
Ajeromi-Ifelodun,2019-09-25,0.4
Ajeromi-Ifelodun,2019-09-26,2.4
Ajeromi-Ifelodun,2019-09-27,5.9
Ajeromi-Ifelodun,2019-09-28,3.8
Ajeromi-Ifelodun,2019-09-29,11.4
Ajeromi-Ifelodun,2019-09-30,8.9
Ajeromi-Ifelodun,2019-10-01,26.7
Ajeromi-Ifelodun,2019-10-02,11.1
Ajeromi-Ifelodun,2019-10-03,6.8
Ajeromi-Ifelodun,2019-10-04,20.5
Ajeromi-Ifelodun,2019-10-05,38.8
Ajeromi-Ifelodun,2019-10-06,11.7
Ajeromi-Ifelodun,2019-10-07,10.5
Ajeromi-Ifelodun,2019-10-08,8.7
Ajeromi-Ifelodun,2019-10-09,14.1
Ajeromi-Ifelodun,2019-10-10,4.5
Ajeromi-Ifelodun,2019-10-11,13.8
Ajeromi-Ifelodun,2019-10-12,28.7
Ajeromi-Ifelodun,2019-10-13,2.3
Ajeromi-Ifelodun,2019-10-14,2.7
Ajeromi-Ifelodun,2019-10-15,6.7
Ajeromi-Ifelodun,2019-10-16,6.0
Ajeromi-Ifelodun,2019-10-17,8.4
Ajeromi-Ifelodun,2019-10-18,11.9
Ajeromi-Ifelodun,2019-10-19,19.2
Ajeromi-Ifelodun,2019-10-20,20.6
Ajeromi-Ifelodun,2019-10-21,1.2
Ajeromi-Ifelodun,2019-10-22,3.1
Ajeromi-Ifelodun,2019-10-23,3.8
Ajeromi-Ifelodun,2019-10-24,17.4
Ajeromi-Ifelodun,2019-10-25,13.9
Ajeromi-Ifelodun,2019-10-26,7.8
Ajeromi-Ifelodun,2019-10-27,18.8
Ajeromi-Ifelodun,2019-10-28,12.3
Ajeromi-Ifelodun,2019-10-29,3.3
Ajeromi-Ifelodun,2019-10-30,2.7
Ajeromi-Ifelodun,2019-10-31,0.3
Ajeromi-Ifelodun,2019-11-01,0.5
Ajeromi-Ifelodun,2019-11-02,5.4
Ajeromi-Ifelodun,2019-11-03,5.4
Ajeromi-Ifelodun,2019-11-04,0.1
Ajeromi-Ifelodun,2019-11-05,1.7
Ajeromi-Ifelodun,2019-11-06,1.8
Ajeromi-Ifelodun,2019-11-07,0.6
Ajeromi-Ifelodun,2019-11-08,0.5
Ajeromi-Ifelodun,2019-11-09,1.0
Ajeromi-Ifelodun,2019-11-10,18.9
Ajeromi-Ifelodun,2019-11-11,3.1
Ajeromi-Ifelodun,2019-11-12,1.6
Ajeromi-Ifelodun,2019-11-13,2.9
Ajeromi-Ifelodun,2019-11-14,0.0
Ajeromi-Ifelodun,2019-11-15,2.3
Ajeromi-Ifelodun,2019-11-16,0.8
Ajeromi-Ifelodun,2019-11-17,1.3
Ajeromi-Ifelodun,2019-11-18,0.8
Ajeromi-Ifelodun,2019-11-19,0.9
Ajeromi-Ifelodun,2019-11-20,0.3
Ajeromi-Ifelodun,2019-11-21,0.8
Ajeromi-Ifelodun,2019-11-22,0.5
Ajeromi-Ifelodun,2019-11-23,0.7
Ajeromi-Ifelodun,2019-11-24,2.0
Ajeromi-Ifelodun,2019-11-25,0.5
Ajeromi-Ifelodun,2019-11-26,1.5
Ajeromi-Ifelodun,2019-11-27,1.3
Ajeromi-Ifelodun,2019-11-28,1.4
Ajeromi-Ifelodun,2019-11-29,0.0
Ajeromi-Ifelodun,2019-11-30,0.1
Ajeromi-Ifelodun,2019-12-01,0.3
Ajeromi-Ifelodun,2019-12-02,2.3
Ajeromi-Ifelodun,2019-12-03,1.7
Ajeromi-Ifelodun,2019-12-04,0.5
Ajeromi-Ifelodun,2019-12-05,1.2
Ajeromi-Ifelodun,2019-12-06,2.7
Ajeromi-Ifelodun,2019-12-07,1.0
Ajeromi-Ifelodun,2019-12-08,0.5
Ajeromi-Ifelodun,2019-12-09,2.4
Ajeromi-Ifelodun,2019-12-10,2.2
Ajeromi-Ifelodun,2019-12-11,0.7
Ajeromi-Ifelodun,2019-12-12,0.7
Ajeromi-Ifelodun,2019-12-13,0.4
Ajeromi-Ifelodun,2019-12-14,0.2
Ajeromi-Ifelodun,2019-12-15,1.0
Ajeromi-Ifelodun,2019-12-16,0.0
Ajeromi-Ifelodun,2019-12-17,0.0
Ajeromi-Ifelodun,2019-12-18,0.0
Ajeromi-Ifelodun,2019-12-19,0.0
Ajeromi-Ifelodun,2019-12-20,0.5
Ajeromi-Ifelodun,2019-12-21,0.7
Ajeromi-Ifelodun,2019-12-22,0.1
Ajeromi-Ifelodun,2019-12-23,0.0
Ajeromi-Ifelodun,2019-12-24,0.0
Ajeromi-Ifelodun,2019-12-25,0.0
Ajeromi-Ifelodun,2019-12-26,0.0
Ajeromi-Ifelodun,2019-12-27,0.0
Ajeromi-Ifelodun,2019-12-28,0.0
Ajeromi-Ifelodun,2019-12-29,0.0
Ajeromi-Ifelodun,2019-12-30,0.0
Ajeromi-Ifelodun,2019-12-31,0.0
Ajeromi-Ifelodun,2020-01-01,0.0
Ajeromi-Ifelodun,2020-01-02,0.0
Ajeromi-Ifelodun,2020-01-03,0.0
Ajeromi-Ifelodun,2020-01-04,0.0
Ajeromi-Ifelodun,2020-01-05,0.0
Ajeromi-Ifelodun,2020-01-06,0.0
Ajeromi-Ifelodun,2020-01-07,0.0
Ajeromi-Ifelodun,2020-01-08,0.0
Ajeromi-Ifelodun,2020-01-09,0.0
Ajeromi-Ifelodun,2020-01-10,0.1
Ajeromi-Ifelodun,2020-01-11,2.0
Ajeromi-Ifelodun,2020-01-12,0.0
Ajeromi-Ifelodun,2020-01-13,0.2
Ajeromi-Ifelodun,2020-01-14,0.2
Ajeromi-Ifelodun,2020-01-15,0.0
Ajeromi-Ifelodun,2020-01-16,0.0
Ajeromi-Ifelodun,2020-01-17,0.1
Ajeromi-Ifelodun,2020-01-18,0.0
Ajeromi-Ifelodun,2020-01-19,0.0
Ajeromi-Ifelodun,2020-01-20,0.0
Ajeromi-Ifelodun,2020-01-21,0.0
Ajeromi-Ifelodun,2020-01-22,0.0
Ajeromi-Ifelodun,2020-01-23,0.0
Ajeromi-Ifelodun,2020-01-24,0.0
Ajeromi-Ifelodun,2020-01-25,0.0
Ajeromi-Ifelodun,2020-01-26,0.0
Ajeromi-Ifelodun,2020-01-27,0.0
Ajeromi-Ifelodun,2020-01-28,0.0
Ajeromi-Ifelodun,2020-01-29,0.0
Ajeromi-Ifelodun,2020-01-30,0.0
Ajeromi-Ifelodun,2020-01-31,0.2
Ajeromi-Ifelodun,2020-02-01,0.0
Ajeromi-Ifelodun,2020-02-02,0.0
Ajeromi-Ifelodun,2020-02-03,0.0
Ajeromi-Ifelodun,2020-02-04,0.0
Ajeromi-Ifelodun,2020-02-05,0.1
Ajeromi-Ifelodun,2020-02-06,0.0
Ajeromi-Ifelodun,2020-02-07,0.0
Ajeromi-Ifelodun,2020-02-08,0.0
Ajeromi-Ifelodun,2020-02-09,0.0
Ajeromi-Ifelodun,2020-02-10,1.2
Ajeromi-Ifelodun,2020-02-11,0.0
Ajeromi-Ifelodun,2020-02-12,0.0
Ajeromi-Ifelodun,2020-02-13,0.0
Ajeromi-Ifelodun,2020-02-14,0.0
Ajeromi-Ifelodun,2020-02-15,0.0
Ajeromi-Ifelodun,2020-02-16,0.0
Ajeromi-Ifelodun,2020-02-17,0.0
Ajeromi-Ifelodun,2020-02-18,0.2
Ajeromi-Ifelodun,2020-02-19,0.8
Ajeromi-Ifelodun,2020-02-20,0.3
Ajeromi-Ifelodun,2020-02-21,0.0
Ajeromi-Ifelodun,2020-02-22,0.8
Ajeromi-Ifelodun,2020-02-23,0.7
Ajeromi-Ifelodun,2020-02-24,0.3
Ajeromi-Ifelodun,2020-02-25,0.8
Ajeromi-Ifelodun,2020-02-26,1.0
Ajeromi-Ifelodun,2020-02-27,0.2
Ajeromi-Ifelodun,2020-02-28,1.0
Ajeromi-Ifelodun,2020-02-29,0.0
Ajeromi-Ifelodun,2020-03-01,4.2
Ajeromi-Ifelodun,2020-03-02,3.3
Ajeromi-Ifelodun,2020-03-03,0.6
Ajeromi-Ifelodun,2020-03-04,0.8
Ajeromi-Ifelodun,2020-03-05,0.8
Ajeromi-Ifelodun,2020-03-06,9.5
Ajeromi-Ifelodun,2020-03-07,0.4
Ajeromi-Ifelodun,2020-03-08,1.4
Ajeromi-Ifelodun,2020-03-09,0.0
Ajeromi-Ifelodun,2020-03-10,0.5
Ajeromi-Ifelodun,2020-03-11,0.4
Ajeromi-Ifelodun,2020-03-12,0.5
Ajeromi-Ifelodun,2020-03-13,4.9
Ajeromi-Ifelodun,2020-03-14,10.9
Ajeromi-Ifelodun,2020-03-15,0.0
Ajeromi-Ifelodun,2020-03-16,0.1
Ajeromi-Ifelodun,2020-03-17,0.4
Ajeromi-Ifelodun,2020-03-18,0.2
Ajeromi-Ifelodun,2020-03-19,1.8
Ajeromi-Ifelodun,2020-03-20,1.8
Ajeromi-Ifelodun,2020-03-21,1.0
Ajeromi-Ifelodun,2020-03-22,0.3
Ajeromi-Ifelodun,2020-03-23,0.3
Ajeromi-Ifelodun,2020-03-24,3.3
Ajeromi-Ifelodun,2020-03-25,5.1
Ajeromi-Ifelodun,2020-03-26,0.0
Ajeromi-Ifelodun,2020-03-27,0.0
Ajeromi-Ifelodun,2020-03-28,0.0
Ajeromi-Ifelodun,2020-03-29,0.0
Ajeromi-Ifelodun,2020-03-30,0.0
Ajeromi-Ifelodun,2020-03-31,0.1
Ajeromi-Ifelodun,2020-04-01,0.9
Ajeromi-Ifelodun,2020-04-02,0.0
Ajeromi-Ifelodun,2020-04-03,0.0
Ajeromi-Ifelodun,2020-04-04,1.0
Ajeromi-Ifelodun,2020-04-05,0.0
Ajeromi-Ifelodun,2020-04-06,0.3
Ajeromi-Ifelodun,2020-04-07,0.0
Ajeromi-Ifelodun,2020-04-08,0.0
Ajeromi-Ifelodun,2020-04-09,2.2
Ajeromi-Ifelodun,2020-04-10,1.7
Ajeromi-Ifelodun,2020-04-11,2.7
Ajeromi-Ifelodun,2020-04-12,0.4
Ajeromi-Ifelodun,2020-04-13,0.8
Ajeromi-Ifelodun,2020-04-14,0.3
Ajeromi-Ifelodun,2020-04-15,0.5
Ajeromi-Ifelodun,2020-04-16,2.1
Ajeromi-Ifelodun,2020-04-17,5.9
Ajeromi-Ifelodun,2020-04-18,5.4
Ajeromi-Ifelodun,2020-04-19,5.8
Ajeromi-Ifelodun,2020-04-20,0.5
Ajeromi-Ifelodun,2020-04-21,0.6
Ajeromi-Ifelodun,2020-04-22,5.8
Ajeromi-Ifelodun,2020-04-23,1.2
Ajeromi-Ifelodun,2020-04-24,0.8
Ajeromi-Ifelodun,2020-04-25,5.3
Ajeromi-Ifelodun,2020-04-26,7.8
Ajeromi-Ifelodun,2020-04-27,0.6
Ajeromi-Ifelodun,2020-04-28,0.0
Ajeromi-Ifelodun,2020-04-29,0.4
Ajeromi-Ifelodun,2020-04-30,0.7
Ajeromi-Ifelodun,2020-05-01,0.0
Ajeromi-Ifelodun,2020-05-02,0.6
Ajeromi-Ifelodun,2020-05-03,12.3
Ajeromi-Ifelodun,2020-05-04,1.5
Ajeromi-Ifelodun,2020-05-05,0.0
Ajeromi-Ifelodun,2020-05-06,0.2
Ajeromi-Ifelodun,2020-05-07,0.5
Ajeromi-Ifelodun,2020-05-08,1.5
Ajeromi-Ifelodun,2020-05-09,3.8
Ajeromi-Ifelodun,2020-05-10,12.4
Ajeromi-Ifelodun,2020-05-11,13.0
Ajeromi-Ifelodun,2020-05-12,0.8
Ajeromi-Ifelodun,2020-05-13,3.6
Ajeromi-Ifelodun,2020-05-14,0.0
Ajeromi-Ifelodun,2020-05-15,0.0
Ajeromi-Ifelodun,2020-05-16,4.6
Ajeromi-Ifelodun,2020-05-17,1.6
Ajeromi-Ifelodun,2020-05-18,8.1
Ajeromi-Ifelodun,2020-05-19,4.9
Ajeromi-Ifelodun,2020-05-20,3.0
Ajeromi-Ifelodun,2020-05-21,17.1
Ajeromi-Ifelodun,2020-05-22,13.5
Ajeromi-Ifelodun,2020-05-23,1.0
Ajeromi-Ifelodun,2020-05-24,2.3
Ajeromi-Ifelodun,2020-05-25,23.7
Ajeromi-Ifelodun,2020-05-26,0.0
Ajeromi-Ifelodun,2020-05-27,0.6
Ajeromi-Ifelodun,2020-05-28,17.1
Ajeromi-Ifelodun,2020-05-29,2.4
Ajeromi-Ifelodun,2020-05-30,10.4
Ajeromi-Ifelodun,2020-05-31,5.8
Ajeromi-Ifelodun,2020-06-01,6.5
Ajeromi-Ifelodun,2020-06-02,0.0
Ajeromi-Ifelodun,2020-06-03,0.6
Ajeromi-Ifelodun,2020-06-04,3.9
Ajeromi-Ifelodun,2020-06-05,1.3
Ajeromi-Ifelodun,2020-06-06,7.6
Ajeromi-Ifelodun,2020-06-07,13.2
Ajeromi-Ifelodun,2020-06-08,0.0
Ajeromi-Ifelodun,2020-06-09,4.2
Ajeromi-Ifelodun,2020-06-10,12.2
Ajeromi-Ifelodun,2020-06-11,6.6
Ajeromi-Ifelodun,2020-06-12,10.9
Ajeromi-Ifelodun,2020-06-13,3.3
Ajeromi-Ifelodun,2020-06-14,3.3
Ajeromi-Ifelodun,2020-06-15,4.9
Ajeromi-Ifelodun,2020-06-16,2.2
Ajeromi-Ifelodun,2020-06-17,15.1
Ajeromi-Ifelodun,2020-06-18,135.6
Ajeromi-Ifelodun,2020-06-19,8.7
Ajeromi-Ifelodun,2020-06-20,9.3
Ajeromi-Ifelodun,2020-06-21,13.6
Ajeromi-Ifelodun,2020-06-22,10.7
Ajeromi-Ifelodun,2020-06-23,2.8
Ajeromi-Ifelodun,2020-06-24,4.9
Ajeromi-Ifelodun,2020-06-25,5.7
Ajeromi-Ifelodun,2020-06-26,6.0
Ajeromi-Ifelodun,2020-06-27,6.7
Ajeromi-Ifelodun,2020-06-28,13.9
Ajeromi-Ifelodun,2020-06-29,53.6
Ajeromi-Ifelodun,2020-06-30,11.6
Ajeromi-Ifelodun,2020-07-01,6.9
Ajeromi-Ifelodun,2020-07-02,2.6
Ajeromi-Ifelodun,2020-07-03,2.6
Ajeromi-Ifelodun,2020-07-04,60.8
Ajeromi-Ifelodun,2020-07-05,13.5
Ajeromi-Ifelodun,2020-07-06,8.3
Ajeromi-Ifelodun,2020-07-07,11.3
Ajeromi-Ifelodun,2020-07-08,14.5
Ajeromi-Ifelodun,2020-07-09,13.4
Ajeromi-Ifelodun,2020-07-10,6.2
Ajeromi-Ifelodun,2020-07-11,18.2
Ajeromi-Ifelodun,2020-07-12,5.8
Ajeromi-Ifelodun,2020-07-13,1.6
Ajeromi-Ifelodun,2020-07-14,0.8
Ajeromi-Ifelodun,2020-07-15,0.1
Ajeromi-Ifelodun,2020-07-16,0.6
Ajeromi-Ifelodun,2020-07-17,0.9
Ajeromi-Ifelodun,2020-07-18,1.0
Ajeromi-Ifelodun,2020-07-19,0.0
Ajeromi-Ifelodun,2020-07-20,3.9
Ajeromi-Ifelodun,2020-07-21,7.0
Ajeromi-Ifelodun,2020-07-22,1.9
Ajeromi-Ifelodun,2020-07-23,1.4
Ajeromi-Ifelodun,2020-07-24,0.8
Ajeromi-Ifelodun,2020-07-25,1.1
Ajeromi-Ifelodun,2020-07-26,1.3
Ajeromi-Ifelodun,2020-07-27,0.2
Ajeromi-Ifelodun,2020-07-28,0.9
Ajeromi-Ifelodun,2020-07-29,0.1
Ajeromi-Ifelodun,2020-07-30,0.6
Ajeromi-Ifelodun,2020-07-31,1.8
Ajeromi-Ifelodun,2020-08-01,1.2
Ajeromi-Ifelodun,2020-08-02,0.2
Ajeromi-Ifelodun,2020-08-03,0.0
Ajeromi-Ifelodun,2020-08-04,0.0
Ajeromi-Ifelodun,2020-08-05,0.3
Ajeromi-Ifelodun,2020-08-06,0.2
Ajeromi-Ifelodun,2020-08-07,0.7
Ajeromi-Ifelodun,2020-08-08,0.1
Ajeromi-Ifelodun,2020-08-09,0.0
Ajeromi-Ifelodun,2020-08-10,0.1
Ajeromi-Ifelodun,2020-08-11,1.0
Ajeromi-Ifelodun,2020-08-12,0.0
Ajeromi-Ifelodun,2020-08-13,0.0
Ajeromi-Ifelodun,2020-08-14,2.2
Ajeromi-Ifelodun,2020-08-15,1.1
Ajeromi-Ifelodun,2020-08-16,0.5
Ajeromi-Ifelodun,2020-08-17,0.8
Ajeromi-Ifelodun,2020-08-18,1.2
Ajeromi-Ifelodun,2020-08-19,0.6
Ajeromi-Ifelodun,2020-08-20,0.1
Ajeromi-Ifelodun,2020-08-21,5.4
Ajeromi-Ifelodun,2020-08-22,1.5
Ajeromi-Ifelodun,2020-08-23,0.9
Ajeromi-Ifelodun,2020-08-24,0.7
Ajeromi-Ifelodun,2020-08-25,0.3
Ajeromi-Ifelodun,2020-08-26,0.4
Ajeromi-Ifelodun,2020-08-27,0.5
Ajeromi-Ifelodun,2020-08-28,0.9
Ajeromi-Ifelodun,2020-08-29,1.6
Ajeromi-Ifelodun,2020-08-30,1.4
Ajeromi-Ifelodun,2020-08-31,4.6
Ajeromi-Ifelodun,2020-09-01,5.3
Ajeromi-Ifelodun,2020-09-02,2.2
Ajeromi-Ifelodun,2020-09-03,1.3
Ajeromi-Ifelodun,2020-09-04,2.3
Ajeromi-Ifelodun,2020-09-05,2.5
Ajeromi-Ifelodun,2020-09-06,0.8
Ajeromi-Ifelodun,2020-09-07,0.9
Ajeromi-Ifelodun,2020-09-08,0.6
Ajeromi-Ifelodun,2020-09-09,159.3
Ajeromi-Ifelodun,2020-09-10,2.8
Ajeromi-Ifelodun,2020-09-11,1.0
Ajeromi-Ifelodun,2020-09-12,9.1
Ajeromi-Ifelodun,2020-09-13,10.5
Ajeromi-Ifelodun,2020-09-14,3.4
Ajeromi-Ifelodun,2020-09-15,8.1
Ajeromi-Ifelodun,2020-09-16,8.7
Ajeromi-Ifelodun,2020-09-17,3.2
Ajeromi-Ifelodun,2020-09-18,1.4
Ajeromi-Ifelodun,2020-09-19,4.6
Ajeromi-Ifelodun,2020-09-20,6.7
Ajeromi-Ifelodun,2020-09-21,3.9
Ajeromi-Ifelodun,2020-09-22,7.0
Ajeromi-Ifelodun,2020-09-23,2.7
Ajeromi-Ifelodun,2020-09-24,2.6
Ajeromi-Ifelodun,2020-09-25,0.6
Ajeromi-Ifelodun,2020-09-26,15.5
Ajeromi-Ifelodun,2020-09-27,3.2
Ajeromi-Ifelodun,2020-09-28,1.9
Ajeromi-Ifelodun,2020-09-29,5.8
Ajeromi-Ifelodun,2020-09-30,6.6
Ajeromi-Ifelodun,2020-10-01,1.8
Ajeromi-Ifelodun,2020-10-02,2.3
Ajeromi-Ifelodun,2020-10-03,1.1
Ajeromi-Ifelodun,2020-10-04,2.7
Ajeromi-Ifelodun,2020-10-05,2.8
Ajeromi-Ifelodun,2020-10-06,4.5
Ajeromi-Ifelodun,2020-10-07,3.7
Ajeromi-Ifelodun,2020-10-08,9.2
Ajeromi-Ifelodun,2020-10-09,13.9
Ajeromi-Ifelodun,2020-10-10,6.0
Ajeromi-Ifelodun,2020-10-11,15.9
Ajeromi-Ifelodun,2020-10-12,0.2
Ajeromi-Ifelodun,2020-10-13,2.4
Ajeromi-Ifelodun,2020-10-14,6.6
Ajeromi-Ifelodun,2020-10-15,3.5
Ajeromi-Ifelodun,2020-10-16,2.7
Ajeromi-Ifelodun,2020-10-17,9.8
Ajeromi-Ifelodun,2020-10-18,0.8
Ajeromi-Ifelodun,2020-10-19,2.6
Ajeromi-Ifelodun,2020-10-20,2.9
Ajeromi-Ifelodun,2020-10-21,0.9
Ajeromi-Ifelodun,2020-10-22,1.2
Ajeromi-Ifelodun,2020-10-23,3.1
Ajeromi-Ifelodun,2020-10-24,3.6
Ajeromi-Ifelodun,2020-10-25,10.6
Ajeromi-Ifelodun,2020-10-26,2.4
Ajeromi-Ifelodun,2020-10-27,2.3
Ajeromi-Ifelodun,2020-10-28,2.3
Ajeromi-Ifelodun,2020-10-29,2.2
Ajeromi-Ifelodun,2020-10-30,0.8
Ajeromi-Ifelodun,2020-10-31,1.6
Ajeromi-Ifelodun,2020-11-01,2.5
Ajeromi-Ifelodun,2020-11-02,4.0
Ajeromi-Ifelodun,2020-11-03,0.1
Ajeromi-Ifelodun,2020-11-04,5.5
Ajeromi-Ifelodun,2020-11-05,6.0
Ajeromi-Ifelodun,2020-11-06,3.2
Ajeromi-Ifelodun,2020-11-07,5.8
Ajeromi-Ifelodun,2020-11-08,5.2
Ajeromi-Ifelodun,2020-11-09,5.3
Ajeromi-Ifelodun,2020-11-10,2.2
Ajeromi-Ifelodun,2020-11-11,4.8
Ajeromi-Ifelodun,2020-11-12,1.3
Ajeromi-Ifelodun,2020-11-13,0.0
Ajeromi-Ifelodun,2020-11-14,0.8
Ajeromi-Ifelodun,2020-11-15,1.2
Ajeromi-Ifelodun,2020-11-16,4.8
Ajeromi-Ifelodun,2020-11-17,2.1
Ajeromi-Ifelodun,2020-11-18,3.2
Ajeromi-Ifelodun,2020-11-19,3.0
Ajeromi-Ifelodun,2020-11-20,1.1
Ajeromi-Ifelodun,2020-11-21,7.9
Ajeromi-Ifelodun,2020-11-22,0.6
Ajeromi-Ifelodun,2020-11-23,1.1
Ajeromi-Ifelodun,2020-11-24,1.1
Ajeromi-Ifelodun,2020-11-25,2.1
Ajeromi-Ifelodun,2020-11-26,3.3
Ajeromi-Ifelodun,2020-11-27,7.7
Ajeromi-Ifelodun,2020-11-28,3.2
Ajeromi-Ifelodun,2020-11-29,0.4
Ajeromi-Ifelodun,2020-11-30,0.2
Ajeromi-Ifelodun,2020-12-01,1.1
Ajeromi-Ifelodun,2020-12-02,1.3
Ajeromi-Ifelodun,2020-12-03,1.1
Ajeromi-Ifelodun,2020-12-04,0.8
Ajeromi-Ifelodun,2020-12-05,0.2
Ajeromi-Ifelodun,2020-12-06,1.0
Ajeromi-Ifelodun,2020-12-07,1.9
Ajeromi-Ifelodun,2020-12-08,1.5
Ajeromi-Ifelodun,2020-12-09,3.5
Ajeromi-Ifelodun,2020-12-10,3.5
Ajeromi-Ifelodun,2020-12-11,1.2
Ajeromi-Ifelodun,2020-12-12,1.5
Ajeromi-Ifelodun,2020-12-13,3.4
Ajeromi-Ifelodun,2020-12-14,2.1
Ajeromi-Ifelodun,2020-12-15,1.5
Ajeromi-Ifelodun,2020-12-16,1.2
Ajeromi-Ifelodun,2020-12-17,1.7
Ajeromi-Ifelodun,2020-12-18,1.6
Ajeromi-Ifelodun,2020-12-19,2.1
Ajeromi-Ifelodun,2020-12-20,1.4
Ajeromi-Ifelodun,2020-12-21,0.9
Ajeromi-Ifelodun,2020-12-22,1.2
Ajeromi-Ifelodun,2020-12-23,0.2
Ajeromi-Ifelodun,2020-12-24,1.8
Ajeromi-Ifelodun,2020-12-25,0.1
Ajeromi-Ifelodun,2020-12-26,0.0
Ajeromi-Ifelodun,2020-12-27,0.0
Ajeromi-Ifelodun,2020-12-28,0.0
Ajeromi-Ifelodun,2020-12-29,0.0
Ajeromi-Ifelodun,2020-12-30,0.0
Ajeromi-Ifelodun,2020-12-31,0.3
Ajeromi-Ifelodun,2021-01-01,0.3
Ajeromi-Ifelodun,2021-01-02,0.9
Ajeromi-Ifelodun,2021-01-03,0.5
Ajeromi-Ifelodun,2021-01-04,0.9
Ajeromi-Ifelodun,2021-01-05,1.4
Ajeromi-Ifelodun,2021-01-06,3.3
Ajeromi-Ifelodun,2021-01-07,1.8
Ajeromi-Ifelodun,2021-01-08,2.2
Ajeromi-Ifelodun,2021-01-09,1.3
Ajeromi-Ifelodun,2021-01-10,0.7
Ajeromi-Ifelodun,2021-01-11,0.4
Ajeromi-Ifelodun,2021-01-12,3.0
Ajeromi-Ifelodun,2021-01-13,1.5
Ajeromi-Ifelodun,2021-01-14,3.1
Ajeromi-Ifelodun,2021-01-15,1.7
Ajeromi-Ifelodun,2021-01-16,5.0
Ajeromi-Ifelodun,2021-01-17,0.3
Ajeromi-Ifelodun,2021-01-18,0.9
Ajeromi-Ifelodun,2021-01-19,0.4
Ajeromi-Ifelodun,2021-01-20,0.1
Ajeromi-Ifelodun,2021-01-21,0.0
Ajeromi-Ifelodun,2021-01-22,0.0
Ajeromi-Ifelodun,2021-01-23,0.0
Ajeromi-Ifelodun,2021-01-24,0.0
Ajeromi-Ifelodun,2021-01-25,0.5
Ajeromi-Ifelodun,2021-01-26,0.0
Ajeromi-Ifelodun,2021-01-27,0.1
Ajeromi-Ifelodun,2021-01-28,2.0
Ajeromi-Ifelodun,2021-01-29,1.1
Ajeromi-Ifelodun,2021-01-30,2.0
Ajeromi-Ifelodun,2021-01-31,0.9
Ajeromi-Ifelodun,2021-02-01,2.2
Ajeromi-Ifelodun,2021-02-02,1.8
Ajeromi-Ifelodun,2021-02-03,2.3
Ajeromi-Ifelodun,2021-02-04,1.0
Ajeromi-Ifelodun,2021-02-05,3.1
Ajeromi-Ifelodun,2021-02-06,3.1
Ajeromi-Ifelodun,2021-02-07,1.2
Ajeromi-Ifelodun,2021-02-08,1.6
Ajeromi-Ifelodun,2021-02-09,0.6
Ajeromi-Ifelodun,2021-02-10,0.4
Ajeromi-Ifelodun,2021-02-11,2.3
Ajeromi-Ifelodun,2021-02-12,2.1
Ajeromi-Ifelodun,2021-02-13,2.0
Ajeromi-Ifelodun,2021-02-14,2.4
Ajeromi-Ifelodun,2021-02-15,6.2
Ajeromi-Ifelodun,2021-02-16,3.4
Ajeromi-Ifelodun,2021-02-17,2.2
Ajeromi-Ifelodun,2021-02-18,0.0
Ajeromi-Ifelodun,2021-02-19,0.0
Ajeromi-Ifelodun,2021-02-20,0.0
Ajeromi-Ifelodun,2021-02-21,0.0
Ajeromi-Ifelodun,2021-02-22,0.0
Ajeromi-Ifelodun,2021-02-23,0.5
Ajeromi-Ifelodun,2021-02-24,1.2
Ajeromi-Ifelodun,2021-02-25,1.2
Ajeromi-Ifelodun,2021-02-26,3.3
Ajeromi-Ifelodun,2021-02-27,1.2
Ajeromi-Ifelodun,2021-02-28,0.6
Ajeromi-Ifelodun,2021-03-01,1.4
Ajeromi-Ifelodun,2021-03-02,1.4
Ajeromi-Ifelodun,2021-03-03,0.7
Ajeromi-Ifelodun,2021-03-04,0.7
Ajeromi-Ifelodun,2021-03-05,1.6
Ajeromi-Ifelodun,2021-03-06,3.3
Ajeromi-Ifelodun,2021-03-07,1.5
Ajeromi-Ifelodun,2021-03-08,2.2
Ajeromi-Ifelodun,2021-03-09,2.9
Ajeromi-Ifelodun,2021-03-10,2.5
Ajeromi-Ifelodun,2021-03-11,1.4
Ajeromi-Ifelodun,2021-03-12,2.2
Ajeromi-Ifelodun,2021-03-13,16.2
Ajeromi-Ifelodun,2021-03-14,0.7
Ajeromi-Ifelodun,2021-03-15,0.0
Ajeromi-Ifelodun,2021-03-16,0.1
Ajeromi-Ifelodun,2021-03-17,13.8
Ajeromi-Ifelodun,2021-03-18,4.8
Ajeromi-Ifelodun,2021-03-19,0.0
Ajeromi-Ifelodun,2021-03-20,0.0
Ajeromi-Ifelodun,2021-03-21,0.1
Ajeromi-Ifelodun,2021-03-22,13.7
Ajeromi-Ifelodun,2021-03-23,21.7
Ajeromi-Ifelodun,2021-03-24,0.7
Ajeromi-Ifelodun,2021-03-25,4.4
Ajeromi-Ifelodun,2021-03-26,0.0
Ajeromi-Ifelodun,2021-03-27,0.6
Ajeromi-Ifelodun,2021-03-28,2.1
Ajeromi-Ifelodun,2021-03-29,0.4
Ajeromi-Ifelodun,2021-03-30,0.6
Ajeromi-Ifelodun,2021-03-31,0.3
Ajeromi-Ifelodun,2021-04-01,0.9
Ajeromi-Ifelodun,2021-04-02,1.3
Ajeromi-Ifelodun,2021-04-03,4.3
Ajeromi-Ifelodun,2021-04-04,1.7
Ajeromi-Ifelodun,2021-04-05,2.7
Ajeromi-Ifelodun,2021-04-06,0.2
Ajeromi-Ifelodun,2021-04-07,0.4
Ajeromi-Ifelodun,2021-04-08,4.7
Ajeromi-Ifelodun,2021-04-09,1.8
Ajeromi-Ifelodun,2021-04-10,2.0
Ajeromi-Ifelodun,2021-04-11,0.0
Ajeromi-Ifelodun,2021-04-12,0.2
Ajeromi-Ifelodun,2021-04-13,0.4
Ajeromi-Ifelodun,2021-04-14,0.4
Ajeromi-Ifelodun,2021-04-15,0.0
Ajeromi-Ifelodun,2021-04-16,4.1
Ajeromi-Ifelodun,2021-04-17,3.9
Ajeromi-Ifelodun,2021-04-18,8.9
Ajeromi-Ifelodun,2021-04-19,0.4
Ajeromi-Ifelodun,2021-04-20,0.5
Ajeromi-Ifelodun,2021-04-21,0.0
Ajeromi-Ifelodun,2021-04-22,0.5
Ajeromi-Ifelodun,2021-04-23,4.2
Ajeromi-Ifelodun,2021-04-24,5.5
Ajeromi-Ifelodun,2021-04-25,0.2
Ajeromi-Ifelodun,2021-04-26,0.2
Ajeromi-Ifelodun,2021-04-27,0.7
Ajeromi-Ifelodun,2021-04-28,1.2
Ajeromi-Ifelodun,2021-04-29,0.1
Ajeromi-Ifelodun,2021-04-30,0.4
Ajeromi-Ifelodun,2021-05-01,0.7
Ajeromi-Ifelodun,2021-05-02,0.0
Ajeromi-Ifelodun,2021-05-03,10.9
Ajeromi-Ifelodun,2021-05-04,4.6
Ajeromi-Ifelodun,2021-05-05,0.1
Ajeromi-Ifelodun,2021-05-06,6.1
Ajeromi-Ifelodun,2021-05-07,1.3
Ajeromi-Ifelodun,2021-05-08,1.6
Ajeromi-Ifelodun,2021-05-09,1.3
Ajeromi-Ifelodun,2021-05-10,0.4
Ajeromi-Ifelodun,2021-05-11,0.5
Ajeromi-Ifelodun,2021-05-12,2.8
Ajeromi-Ifelodun,2021-05-13,0.8
Ajeromi-Ifelodun,2021-05-14,3.5
Ajeromi-Ifelodun,2021-05-15,4.3
Ajeromi-Ifelodun,2021-05-16,1.9
Ajeromi-Ifelodun,2021-05-17,7.2
Ajeromi-Ifelodun,2021-05-18,3.5
Ajeromi-Ifelodun,2021-05-19,1.5
Ajeromi-Ifelodun,2021-05-20,9.5
Ajeromi-Ifelodun,2021-05-21,4.9
Ajeromi-Ifelodun,2021-05-22,1.2
Ajeromi-Ifelodun,2021-05-23,0.0
Ajeromi-Ifelodun,2021-05-24,0.0
Ajeromi-Ifelodun,2021-05-25,1.9
Ajeromi-Ifelodun,2021-05-26,2.5
Ajeromi-Ifelodun,2021-05-27,4.9
Ajeromi-Ifelodun,2021-05-28,3.7
Ajeromi-Ifelodun,2021-05-29,16.3
Ajeromi-Ifelodun,2021-05-30,9.2
Ajeromi-Ifelodun,2021-05-31,1.9
Ajeromi-Ifelodun,2021-06-01,4.4
Ajeromi-Ifelodun,2021-06-02,2.2
Ajeromi-Ifelodun,2021-06-03,0.3
Ajeromi-Ifelodun,2021-06-04,8.4
Ajeromi-Ifelodun,2021-06-05,8.1
Ajeromi-Ifelodun,2021-06-06,1.2
Ajeromi-Ifelodun,2021-06-07,0.8
Ajeromi-Ifelodun,2021-06-08,3.8
Ajeromi-Ifelodun,2021-06-09,3.5
Ajeromi-Ifelodun,2021-06-10,1.0
Ajeromi-Ifelodun,2021-06-11,5.1
Ajeromi-Ifelodun,2021-06-12,1.3
Ajeromi-Ifelodun,2021-06-13,1.2
Ajeromi-Ifelodun,2021-06-14,0.4
Ajeromi-Ifelodun,2021-06-15,11.3
Ajeromi-Ifelodun,2021-06-16,9.0
Ajeromi-Ifelodun,2021-06-17,6.3
Ajeromi-Ifelodun,2021-06-18,4.5
Ajeromi-Ifelodun,2021-06-19,3.1
Ajeromi-Ifelodun,2021-06-20,27.0
Ajeromi-Ifelodun,2021-06-21,24.4
Ajeromi-Ifelodun,2021-06-22,7.9
Ajeromi-Ifelodun,2021-06-23,12.8
Ajeromi-Ifelodun,2021-06-24,7.9
Ajeromi-Ifelodun,2021-06-25,5.9
Ajeromi-Ifelodun,2021-06-26,21.5
Ajeromi-Ifelodun,2021-06-27,0.3
Ajeromi-Ifelodun,2021-06-28,6.7
Ajeromi-Ifelodun,2021-06-29,11.6
Ajeromi-Ifelodun,2021-06-30,4.8
Ajeromi-Ifelodun,2021-07-01,8.7
Ajeromi-Ifelodun,2021-07-02,22.1
Ajeromi-Ifelodun,2021-07-03,20.3
Ajeromi-Ifelodun,2021-07-04,5.5
Ajeromi-Ifelodun,2021-07-05,0.6
Ajeromi-Ifelodun,2021-07-06,1.1
Ajeromi-Ifelodun,2021-07-07,5.2
Ajeromi-Ifelodun,2021-07-08,9.8
Ajeromi-Ifelodun,2021-07-09,13.3
Ajeromi-Ifelodun,2021-07-10,2.8
Ajeromi-Ifelodun,2021-07-11,0.7
Ajeromi-Ifelodun,2021-07-12,1.1
Ajeromi-Ifelodun,2021-07-13,0.8
Ajeromi-Ifelodun,2021-07-14,2.4
Ajeromi-Ifelodun,2021-07-15,4.1
Ajeromi-Ifelodun,2021-07-16,66.7
Ajeromi-Ifelodun,2021-07-17,1.1
Ajeromi-Ifelodun,2021-07-18,0.1
Ajeromi-Ifelodun,2021-07-19,5.4
Ajeromi-Ifelodun,2021-07-20,3.6
Ajeromi-Ifelodun,2021-07-21,1.7
Ajeromi-Ifelodun,2021-07-22,0.3
Ajeromi-Ifelodun,2021-07-23,0.9
Ajeromi-Ifelodun,2021-07-24,0.8
Ajeromi-Ifelodun,2021-07-25,0.5
Ajeromi-Ifelodun,2021-07-26,0.3
Ajeromi-Ifelodun,2021-07-27,0.1
Ajeromi-Ifelodun,2021-07-28,1.2
Ajeromi-Ifelodun,2021-07-29,0.7
Ajeromi-Ifelodun,2021-07-30,1.2
Ajeromi-Ifelodun,2021-07-31,1.8
Ajeromi-Ifelodun,2021-08-01,1.2
Ajeromi-Ifelodun,2021-08-02,0.2
Ajeromi-Ifelodun,2021-08-03,3.8
Ajeromi-Ifelodun,2021-08-04,17.1
Ajeromi-Ifelodun,2021-08-05,13.8
Ajeromi-Ifelodun,2021-08-06,1.6
Ajeromi-Ifelodun,2021-08-07,5.9
Ajeromi-Ifelodun,2021-08-08,9.4
Ajeromi-Ifelodun,2021-08-09,3.0
Ajeromi-Ifelodun,2021-08-10,2.3
Ajeromi-Ifelodun,2021-08-11,0.7
Ajeromi-Ifelodun,2021-08-12,4.0
Ajeromi-Ifelodun,2021-08-13,3.3
Ajeromi-Ifelodun,2021-08-14,1.2
Ajeromi-Ifelodun,2021-08-15,1.6
Ajeromi-Ifelodun,2021-08-16,1.1
Ajeromi-Ifelodun,2021-08-17,2.2
Ajeromi-Ifelodun,2021-08-18,2.8
Ajeromi-Ifelodun,2021-08-19,10.9
Ajeromi-Ifelodun,2021-08-20,11.8
Ajeromi-Ifelodun,2021-08-21,31.3
Ajeromi-Ifelodun,2021-08-22,3.9
Ajeromi-Ifelodun,2021-08-23,5.6
Ajeromi-Ifelodun,2021-08-24,8.2
Ajeromi-Ifelodun,2021-08-25,6.9
Ajeromi-Ifelodun,2021-08-26,2.9
Ajeromi-Ifelodun,2021-08-27,7.3
Ajeromi-Ifelodun,2021-08-28,1.0
Ajeromi-Ifelodun,2021-08-29,4.8
Ajeromi-Ifelodun,2021-08-30,17.2
Ajeromi-Ifelodun,2021-08-31,1.2
Ajeromi-Ifelodun,2021-09-01,5.8
Ajeromi-Ifelodun,2021-09-02,10.5
Ajeromi-Ifelodun,2021-09-03,8.3
Ajeromi-Ifelodun,2021-09-04,9.2
Ajeromi-Ifelodun,2021-09-05,2.9
Ajeromi-Ifelodun,2021-09-06,10.6
Ajeromi-Ifelodun,2021-09-07,1.2
Ajeromi-Ifelodun,2021-09-08,1.3
Ajeromi-Ifelodun,2021-09-09,2.0
Ajeromi-Ifelodun,2021-09-10,8.8
Ajeromi-Ifelodun,2021-09-11,12.0
Ajeromi-Ifelodun,2021-09-12,0.3
Ajeromi-Ifelodun,2021-09-13,20.7
Ajeromi-Ifelodun,2021-09-14,2.4
Ajeromi-Ifelodun,2021-09-15,3.6
Ajeromi-Ifelodun,2021-09-16,7.2
Ajeromi-Ifelodun,2021-09-17,6.3
Ajeromi-Ifelodun,2021-09-18,10.9
Ajeromi-Ifelodun,2021-09-19,4.5
Ajeromi-Ifelodun,2021-09-20,0.2
Ajeromi-Ifelodun,2021-09-21,10.4
Ajeromi-Ifelodun,2021-09-22,23.9
Ajeromi-Ifelodun,2021-09-23,1.0
Ajeromi-Ifelodun,2021-09-24,6.5
Ajeromi-Ifelodun,2021-09-25,11.3
Ajeromi-Ifelodun,2021-09-26,1.6
Ajeromi-Ifelodun,2021-09-27,4.3
Ajeromi-Ifelodun,2021-09-28,2.8
Ajeromi-Ifelodun,2021-09-29,1.3
Ajeromi-Ifelodun,2021-09-30,17.7
Ajeromi-Ifelodun,2021-10-01,8.2
Ajeromi-Ifelodun,2021-10-02,1.5
Ajeromi-Ifelodun,2021-10-03,2.6
Ajeromi-Ifelodun,2021-10-04,1.1
Ajeromi-Ifelodun,2021-10-05,0.8
Ajeromi-Ifelodun,2021-10-06,14.0
Ajeromi-Ifelodun,2021-10-07,1.6
Ajeromi-Ifelodun,2021-10-08,0.4
Ajeromi-Ifelodun,2021-10-09,12.0
Ajeromi-Ifelodun,2021-10-10,11.0
Ajeromi-Ifelodun,2021-10-11,6.2
Ajeromi-Ifelodun,2021-10-12,0.6
Ajeromi-Ifelodun,2021-10-13,1.9
Ajeromi-Ifelodun,2021-10-14,6.0
Ajeromi-Ifelodun,2021-10-15,2.5
Ajeromi-Ifelodun,2021-10-16,1.2
Ajeromi-Ifelodun,2021-10-17,6.2
Ajeromi-Ifelodun,2021-10-18,22.0
Ajeromi-Ifelodun,2021-10-19,5.9
Ajeromi-Ifelodun,2021-10-20,2.4
Ajeromi-Ifelodun,2021-10-21,25.9
Ajeromi-Ifelodun,2021-10-22,7.7
Ajeromi-Ifelodun,2021-10-23,21.7
Ajeromi-Ifelodun,2021-10-24,9.4
Ajeromi-Ifelodun,2021-10-25,4.7
Ajeromi-Ifelodun,2021-10-26,4.6
Ajeromi-Ifelodun,2021-10-27,10.4
Ajeromi-Ifelodun,2021-10-28,5.3
Ajeromi-Ifelodun,2021-10-29,0.4
Ajeromi-Ifelodun,2021-10-30,2.1
Ajeromi-Ifelodun,2021-10-31,4.2
Ajeromi-Ifelodun,2021-11-01,2.3
Ajeromi-Ifelodun,2021-11-02,0.9
Ajeromi-Ifelodun,2021-11-03,0.5
Ajeromi-Ifelodun,2021-11-04,2.1
Ajeromi-Ifelodun,2021-11-05,0.9
Ajeromi-Ifelodun,2021-11-06,0.0
Ajeromi-Ifelodun,2021-11-07,12.2
Ajeromi-Ifelodun,2021-11-08,3.7
Ajeromi-Ifelodun,2021-11-09,2.0
Ajeromi-Ifelodun,2021-11-10,5.2
Ajeromi-Ifelodun,2021-11-11,16.7
Ajeromi-Ifelodun,2021-11-12,0.6
Ajeromi-Ifelodun,2021-11-13,0.8
Ajeromi-Ifelodun,2021-11-14,0.7
Ajeromi-Ifelodun,2021-11-15,1.5
Ajeromi-Ifelodun,2021-11-16,3.8
Ajeromi-Ifelodun,2021-11-17,1.3
Ajeromi-Ifelodun,2021-11-18,1.1
Ajeromi-Ifelodun,2021-11-19,2.3
Ajeromi-Ifelodun,2021-11-20,1.3
Ajeromi-Ifelodun,2021-11-21,0.8
Ajeromi-Ifelodun,2021-11-22,0.9
Ajeromi-Ifelodun,2021-11-23,1.8
Ajeromi-Ifelodun,2021-11-24,1.6
Ajeromi-Ifelodun,2021-11-25,2.4
Ajeromi-Ifelodun,2021-11-26,1.3
Ajeromi-Ifelodun,2021-11-27,1.5
Ajeromi-Ifelodun,2021-11-28,0.2
Ajeromi-Ifelodun,2021-11-29,0.7
Ajeromi-Ifelodun,2021-11-30,3.3
Ajeromi-Ifelodun,2021-12-01,0.8
Ajeromi-Ifelodun,2021-12-02,0.8
Ajeromi-Ifelodun,2021-12-03,1.3
Ajeromi-Ifelodun,2021-12-04,0.7
Ajeromi-Ifelodun,2021-12-05,0.7
Ajeromi-Ifelodun,2021-12-06,0.8
Ajeromi-Ifelodun,2021-12-07,1.0
Ajeromi-Ifelodun,2021-12-08,1.0
Ajeromi-Ifelodun,2021-12-09,0.0
Ajeromi-Ifelodun,2021-12-10,0.0
Ajeromi-Ifelodun,2021-12-11,0.6
Ajeromi-Ifelodun,2021-12-12,0.3
Ajeromi-Ifelodun,2021-12-13,0.0
Ajeromi-Ifelodun,2021-12-14,1.9
Ajeromi-Ifelodun,2021-12-15,0.8
Ajeromi-Ifelodun,2021-12-16,0.1
Ajeromi-Ifelodun,2021-12-17,0.0
Ajeromi-Ifelodun,2021-12-18,0.0
Ajeromi-Ifelodun,2021-12-19,0.0
Ajeromi-Ifelodun,2021-12-20,0.0
Ajeromi-Ifelodun,2021-12-21,0.0
Ajeromi-Ifelodun,2021-12-22,0.0
Ajeromi-Ifelodun,2021-12-23,0.0
Ajeromi-Ifelodun,2021-12-24,0.0
Ajeromi-Ifelodun,2021-12-25,0.0
Ajeromi-Ifelodun,2021-12-26,0.1
Ajeromi-Ifelodun,2021-12-27,1.5
Ajeromi-Ifelodun,2021-12-28,1.0
Ajeromi-Ifelodun,2021-12-29,1.2
Ajeromi-Ifelodun,2021-12-30,0.0
Ajeromi-Ifelodun,2021-12-31,0.6
Ajeromi-Ifelodun,2022-01-01,0.7
Ajeromi-Ifelodun,2022-01-02,0.4
Ajeromi-Ifelodun,2022-01-03,0.0
Ajeromi-Ifelodun,2022-01-04,0.0
Ajeromi-Ifelodun,2022-01-05,0.0
Ajeromi-Ifelodun,2022-01-06,0.0
Ajeromi-Ifelodun,2022-01-07,0.0
Ajeromi-Ifelodun,2022-01-08,1.0
Ajeromi-Ifelodun,2022-01-09,1.6
Ajeromi-Ifelodun,2022-01-10,0.0
Ajeromi-Ifelodun,2022-01-11,0.2
Ajeromi-Ifelodun,2022-01-12,0.6
Ajeromi-Ifelodun,2022-01-13,11.7
Ajeromi-Ifelodun,2022-01-14,1.6
Ajeromi-Ifelodun,2022-01-15,0.0
Ajeromi-Ifelodun,2022-01-16,0.3
Ajeromi-Ifelodun,2022-01-17,0.2
Ajeromi-Ifelodun,2022-01-18,0.5
Ajeromi-Ifelodun,2022-01-19,1.0
Ajeromi-Ifelodun,2022-01-20,0.0
Ajeromi-Ifelodun,2022-01-21,0.0
Ajeromi-Ifelodun,2022-01-22,0.0
Ajeromi-Ifelodun,2022-01-23,0.0
Ajeromi-Ifelodun,2022-01-24,0.0
Ajeromi-Ifelodun,2022-01-25,0.0
Ajeromi-Ifelodun,2022-01-26,0.0
Ajeromi-Ifelodun,2022-01-27,0.0
Ajeromi-Ifelodun,2022-01-28,0.0
Ajeromi-Ifelodun,2022-01-29,0.0
Ajeromi-Ifelodun,2022-01-30,0.0
Ajeromi-Ifelodun,2022-01-31,0.0
Ajeromi-Ifelodun,2022-02-01,0.0
Ajeromi-Ifelodun,2022-02-02,0.0
Ajeromi-Ifelodun,2022-02-03,0.1
Ajeromi-Ifelodun,2022-02-04,0.3
Ajeromi-Ifelodun,2022-02-05,4.3
Ajeromi-Ifelodun,2022-02-06,0.0
Ajeromi-Ifelodun,2022-02-07,0.0
Ajeromi-Ifelodun,2022-02-08,0.2
Ajeromi-Ifelodun,2022-02-09,0.3
Ajeromi-Ifelodun,2022-02-10,0.2
Ajeromi-Ifelodun,2022-02-11,0.1
Ajeromi-Ifelodun,2022-02-12,0.2
Ajeromi-Ifelodun,2022-02-13,2.0
Ajeromi-Ifelodun,2022-02-14,0.8
Ajeromi-Ifelodun,2022-02-15,0.6
Ajeromi-Ifelodun,2022-02-16,2.8
Ajeromi-Ifelodun,2022-02-17,0.9
Ajeromi-Ifelodun,2022-02-18,0.5
Ajeromi-Ifelodun,2022-02-19,3.6
Ajeromi-Ifelodun,2022-02-20,2.2
Ajeromi-Ifelodun,2022-02-21,0.9
Ajeromi-Ifelodun,2022-02-22,0.2
Ajeromi-Ifelodun,2022-02-23,2.5
Ajeromi-Ifelodun,2022-02-24,0.1
Ajeromi-Ifelodun,2022-02-25,1.0
Ajeromi-Ifelodun,2022-02-26,0.8
Ajeromi-Ifelodun,2022-02-27,2.6
Ajeromi-Ifelodun,2022-02-28,0.2
Ajeromi-Ifelodun,2022-03-01,0.1
Ajeromi-Ifelodun,2022-03-02,2.4
Ajeromi-Ifelodun,2022-03-03,0.5
Ajeromi-Ifelodun,2022-03-04,19.9
Ajeromi-Ifelodun,2022-03-05,0.0
Ajeromi-Ifelodun,2022-03-06,3.7
Ajeromi-Ifelodun,2022-03-07,0.2
Ajeromi-Ifelodun,2022-03-08,0.4
Ajeromi-Ifelodun,2022-03-09,1.0
Ajeromi-Ifelodun,2022-03-10,3.5
Ajeromi-Ifelodun,2022-03-11,4.2
Ajeromi-Ifelodun,2022-03-12,13.7
Ajeromi-Ifelodun,2022-03-13,10.3
Ajeromi-Ifelodun,2022-03-14,1.1
Ajeromi-Ifelodun,2022-03-15,4.8
Ajeromi-Ifelodun,2022-03-16,1.9
Ajeromi-Ifelodun,2022-03-17,0.7
Ajeromi-Ifelodun,2022-03-18,1.4
Ajeromi-Ifelodun,2022-03-19,1.5
Ajeromi-Ifelodun,2022-03-20,1.0
Ajeromi-Ifelodun,2022-03-21,2.0
Ajeromi-Ifelodun,2022-03-22,3.6
Ajeromi-Ifelodun,2022-03-23,0.8
Ajeromi-Ifelodun,2022-03-24,2.7
Ajeromi-Ifelodun,2022-03-25,3.1
Ajeromi-Ifelodun,2022-03-26,0.8
Ajeromi-Ifelodun,2022-03-27,1.2
Ajeromi-Ifelodun,2022-03-28,0.9
Ajeromi-Ifelodun,2022-03-29,2.6
Ajeromi-Ifelodun,2022-03-30,0.4
Ajeromi-Ifelodun,2022-03-31,0.6
Ajeromi-Ifelodun,2022-04-01,2.5
Ajeromi-Ifelodun,2022-04-02,2.1
Ajeromi-Ifelodun,2022-04-03,0.0
Ajeromi-Ifelodun,2022-04-04,7.9
Ajeromi-Ifelodun,2022-04-05,2.5
Ajeromi-Ifelodun,2022-04-06,0.2
Ajeromi-Ifelodun,2022-04-07,0.1
Ajeromi-Ifelodun,2022-04-08,0.7
Ajeromi-Ifelodun,2022-04-09,0.5
Ajeromi-Ifelodun,2022-04-10,0.0
Ajeromi-Ifelodun,2022-04-11,0.0
Ajeromi-Ifelodun,2022-04-12,24.9
Ajeromi-Ifelodun,2022-04-13,2.5
Ajeromi-Ifelodun,2022-04-14,1.0
Ajeromi-Ifelodun,2022-04-15,8.5
Ajeromi-Ifelodun,2022-04-16,11.9
Ajeromi-Ifelodun,2022-04-17,7.3
Ajeromi-Ifelodun,2022-04-18,3.8
Ajeromi-Ifelodun,2022-04-19,0.5
Ajeromi-Ifelodun,2022-04-20,0.7
Ajeromi-Ifelodun,2022-04-21,5.0
Ajeromi-Ifelodun,2022-04-22,0.0
Ajeromi-Ifelodun,2022-04-23,0.0
Ajeromi-Ifelodun,2022-04-24,0.3
Ajeromi-Ifelodun,2022-04-25,0.3
Ajeromi-Ifelodun,2022-04-26,3.4
Ajeromi-Ifelodun,2022-04-27,23.3
Ajeromi-Ifelodun,2022-04-28,4.1
Ajeromi-Ifelodun,2022-04-29,1.4
Ajeromi-Ifelodun,2022-04-30,1.6
Ajeromi-Ifelodun,2022-05-01,0.4
Ajeromi-Ifelodun,2022-05-02,1.4
Ajeromi-Ifelodun,2022-05-03,0.0
Ajeromi-Ifelodun,2022-05-04,5.1
Ajeromi-Ifelodun,2022-05-05,0.4
Ajeromi-Ifelodun,2022-05-06,9.6
Ajeromi-Ifelodun,2022-05-07,0.5
Ajeromi-Ifelodun,2022-05-08,0.7
Ajeromi-Ifelodun,2022-05-09,10.1
Ajeromi-Ifelodun,2022-05-10,2.8
Ajeromi-Ifelodun,2022-05-11,6.8
Ajeromi-Ifelodun,2022-05-12,1.4
Ajeromi-Ifelodun,2022-05-13,0.7
Ajeromi-Ifelodun,2022-05-14,0.3
Ajeromi-Ifelodun,2022-05-15,0.7
Ajeromi-Ifelodun,2022-05-16,2.1
Ajeromi-Ifelodun,2022-05-17,0.6
Ajeromi-Ifelodun,2022-05-18,2.5
Ajeromi-Ifelodun,2022-05-19,13.0
Ajeromi-Ifelodun,2022-05-20,1.3
Ajeromi-Ifelodun,2022-05-21,20.9
Ajeromi-Ifelodun,2022-05-22,21.1
Ajeromi-Ifelodun,2022-05-23,6.3
Ajeromi-Ifelodun,2022-05-24,0.6
Ajeromi-Ifelodun,2022-05-25,5.1
Ajeromi-Ifelodun,2022-05-26,13.9
Ajeromi-Ifelodun,2022-05-27,3.0
Ajeromi-Ifelodun,2022-05-28,1.0
Ajeromi-Ifelodun,2022-05-29,1.2
Ajeromi-Ifelodun,2022-05-30,3.3
Ajeromi-Ifelodun,2022-05-31,3.1
Ajeromi-Ifelodun,2022-06-01,0.1
Ajeromi-Ifelodun,2022-06-02,0.6
Ajeromi-Ifelodun,2022-06-03,7.7
Ajeromi-Ifelodun,2022-06-04,18.9
Ajeromi-Ifelodun,2022-06-05,27.8
Ajeromi-Ifelodun,2022-06-06,8.6
Ajeromi-Ifelodun,2022-06-07,6.9
Ajeromi-Ifelodun,2022-06-08,5.7
Ajeromi-Ifelodun,2022-06-09,3.7
Ajeromi-Ifelodun,2022-06-10,5.9
Ajeromi-Ifelodun,2022-06-11,15.6
Ajeromi-Ifelodun,2022-06-12,1.1
Ajeromi-Ifelodun,2022-06-13,1.8
Ajeromi-Ifelodun,2022-06-14,18.5
Ajeromi-Ifelodun,2022-06-15,15.9
Ajeromi-Ifelodun,2022-06-16,45.2
Ajeromi-Ifelodun,2022-06-17,13.3
Ajeromi-Ifelodun,2022-06-18,6.2
Ajeromi-Ifelodun,2022-06-19,0.1
Ajeromi-Ifelodun,2022-06-20,1.1
Ajeromi-Ifelodun,2022-06-21,7.5
Ajeromi-Ifelodun,2022-06-22,5.6
Ajeromi-Ifelodun,2022-06-23,1.1
Ajeromi-Ifelodun,2022-06-24,1.8
Ajeromi-Ifelodun,2022-06-25,0.1
Ajeromi-Ifelodun,2022-06-26,10.6
Ajeromi-Ifelodun,2022-06-27,2.8
Ajeromi-Ifelodun,2022-06-28,6.4
Ajeromi-Ifelodun,2022-06-29,17.1
Ajeromi-Ifelodun,2022-06-30,27.6
Ajeromi-Ifelodun,2022-07-01,8.4
Ajeromi-Ifelodun,2022-07-02,1.1
Ajeromi-Ifelodun,2022-07-03,0.1
Ajeromi-Ifelodun,2022-07-04,3.2
Ajeromi-Ifelodun,2022-07-05,8.4
Ajeromi-Ifelodun,2022-07-06,4.3
Ajeromi-Ifelodun,2022-07-07,1.0
Ajeromi-Ifelodun,2022-07-08,30.5
Ajeromi-Ifelodun,2022-07-09,10.9
Ajeromi-Ifelodun,2022-07-10,3.8
Ajeromi-Ifelodun,2022-07-11,4.3
Ajeromi-Ifelodun,2022-07-12,8.1
Ajeromi-Ifelodun,2022-07-13,0.6
Ajeromi-Ifelodun,2022-07-14,0.4
Ajeromi-Ifelodun,2022-07-15,4.2
Ajeromi-Ifelodun,2022-07-16,4.6
Ajeromi-Ifelodun,2022-07-17,2.6
Ajeromi-Ifelodun,2022-07-18,1.7
Ajeromi-Ifelodun,2022-07-19,0.7
Ajeromi-Ifelodun,2022-07-20,1.2
Ajeromi-Ifelodun,2022-07-21,0.4
Ajeromi-Ifelodun,2022-07-22,0.1
Ajeromi-Ifelodun,2022-07-23,2.8
Ajeromi-Ifelodun,2022-07-24,1.3
Ajeromi-Ifelodun,2022-07-25,2.3
Ajeromi-Ifelodun,2022-07-26,10.7
Ajeromi-Ifelodun,2022-07-27,1.9
Ajeromi-Ifelodun,2022-07-28,0.8
Ajeromi-Ifelodun,2022-07-29,0.7
Ajeromi-Ifelodun,2022-07-30,0.2
Ajeromi-Ifelodun,2022-07-31,0.8
Ajeromi-Ifelodun,2022-08-01,5.0
Ajeromi-Ifelodun,2022-08-02,0.0
Ajeromi-Ifelodun,2022-08-03,0.1
Ajeromi-Ifelodun,2022-08-04,0.2
Ajeromi-Ifelodun,2022-08-05,0.3
Ajeromi-Ifelodun,2022-08-06,0.2
Ajeromi-Ifelodun,2022-08-07,0.0
Ajeromi-Ifelodun,2022-08-08,0.1
Ajeromi-Ifelodun,2022-08-09,0.2
Ajeromi-Ifelodun,2022-08-10,0.1
Ajeromi-Ifelodun,2022-08-11,4.8
Ajeromi-Ifelodun,2022-08-12,1.0
Ajeromi-Ifelodun,2022-08-13,0.3
Ajeromi-Ifelodun,2022-08-14,2.4
Ajeromi-Ifelodun,2022-08-15,4.2
Ajeromi-Ifelodun,2022-08-16,1.7
Ajeromi-Ifelodun,2022-08-17,0.2
Ajeromi-Ifelodun,2022-08-18,0.0
Ajeromi-Ifelodun,2022-08-19,11.1
Ajeromi-Ifelodun,2022-08-20,2.2
Ajeromi-Ifelodun,2022-08-21,0.0
Ajeromi-Ifelodun,2022-08-22,4.7
Ajeromi-Ifelodun,2022-08-23,16.8
Ajeromi-Ifelodun,2022-08-24,0.9
Ajeromi-Ifelodun,2022-08-25,0.8
Ajeromi-Ifelodun,2022-08-26,13.9
Ajeromi-Ifelodun,2022-08-27,10.2
Ajeromi-Ifelodun,2022-08-28,3.0
Ajeromi-Ifelodun,2022-08-29,1.5
Ajeromi-Ifelodun,2022-08-30,14.6
Ajeromi-Ifelodun,2022-08-31,4.0
Ajeromi-Ifelodun,2022-09-01,1.7
Ajeromi-Ifelodun,2022-09-02,1.8
Ajeromi-Ifelodun,2022-09-03,2.0
Ajeromi-Ifelodun,2022-09-04,3.2
Ajeromi-Ifelodun,2022-09-05,1.4
Ajeromi-Ifelodun,2022-09-06,0.4
Ajeromi-Ifelodun,2022-09-07,1.3
Ajeromi-Ifelodun,2022-09-08,2.8
Ajeromi-Ifelodun,2022-09-09,1.3
Ajeromi-Ifelodun,2022-09-10,0.7
Ajeromi-Ifelodun,2022-09-11,3.9
Ajeromi-Ifelodun,2022-09-12,16.4
Ajeromi-Ifelodun,2022-09-13,2.2
Ajeromi-Ifelodun,2022-09-14,0.7
Ajeromi-Ifelodun,2022-09-15,3.4
Ajeromi-Ifelodun,2022-09-16,2.1
Ajeromi-Ifelodun,2022-09-17,1.0
Ajeromi-Ifelodun,2022-09-18,4.8
Ajeromi-Ifelodun,2022-09-19,26.6
Ajeromi-Ifelodun,2022-09-20,2.5
Ajeromi-Ifelodun,2022-09-21,10.5
Ajeromi-Ifelodun,2022-09-22,5.9
Ajeromi-Ifelodun,2022-09-23,0.1
Ajeromi-Ifelodun,2022-09-24,4.9
Ajeromi-Ifelodun,2022-09-25,2.0
Ajeromi-Ifelodun,2022-09-26,13.5
Ajeromi-Ifelodun,2022-09-27,5.6
Ajeromi-Ifelodun,2022-09-28,12.5
Ajeromi-Ifelodun,2022-09-29,4.6
Ajeromi-Ifelodun,2022-09-30,6.9
Ajeromi-Ifelodun,2022-10-01,2.2
Ajeromi-Ifelodun,2022-10-02,4.8
Ajeromi-Ifelodun,2022-10-03,0.0
Ajeromi-Ifelodun,2022-10-04,3.4
Ajeromi-Ifelodun,2022-10-05,1.1
Ajeromi-Ifelodun,2022-10-06,8.1
Ajeromi-Ifelodun,2022-10-07,3.8
Ajeromi-Ifelodun,2022-10-08,0.4
Ajeromi-Ifelodun,2022-10-09,27.4
Ajeromi-Ifelodun,2022-10-10,8.6
Ajeromi-Ifelodun,2022-10-11,0.5
Ajeromi-Ifelodun,2022-10-12,10.4
Ajeromi-Ifelodun,2022-10-13,13.0
Ajeromi-Ifelodun,2022-10-14,0.4
Ajeromi-Ifelodun,2022-10-15,9.8
Ajeromi-Ifelodun,2022-10-16,0.9
Ajeromi-Ifelodun,2022-10-17,1.2
Ajeromi-Ifelodun,2022-10-18,4.4
Ajeromi-Ifelodun,2022-10-19,1.4
Ajeromi-Ifelodun,2022-10-20,1.9
Ajeromi-Ifelodun,2022-10-21,3.2
Ajeromi-Ifelodun,2022-10-22,1.1
Ajeromi-Ifelodun,2022-10-23,4.2
Ajeromi-Ifelodun,2022-10-24,5.4
Ajeromi-Ifelodun,2022-10-25,6.0
Ajeromi-Ifelodun,2022-10-26,0.1
Ajeromi-Ifelodun,2022-10-27,0.4
Ajeromi-Ifelodun,2022-10-28,2.5
Ajeromi-Ifelodun,2022-10-29,0.8
Ajeromi-Ifelodun,2022-10-30,1.9
Ajeromi-Ifelodun,2022-10-31,1.2
Ajeromi-Ifelodun,2022-11-01,3.6
Ajeromi-Ifelodun,2022-11-02,0.3
Ajeromi-Ifelodun,2022-11-03,0.5
Ajeromi-Ifelodun,2022-11-04,2.7
Ajeromi-Ifelodun,2022-11-05,0.9
Ajeromi-Ifelodun,2022-11-06,2.5
Ajeromi-Ifelodun,2022-11-07,2.3
Ajeromi-Ifelodun,2022-11-08,0.4
Ajeromi-Ifelodun,2022-11-09,3.6
Ajeromi-Ifelodun,2022-11-10,0.8
Ajeromi-Ifelodun,2022-11-11,4.6
Ajeromi-Ifelodun,2022-11-12,2.9
Ajeromi-Ifelodun,2022-11-13,1.5
Ajeromi-Ifelodun,2022-11-14,0.2
Ajeromi-Ifelodun,2022-11-15,1.5
Ajeromi-Ifelodun,2022-11-16,0.0
Ajeromi-Ifelodun,2022-11-17,1.0
Ajeromi-Ifelodun,2022-11-18,1.2
Ajeromi-Ifelodun,2022-11-19,1.8
Ajeromi-Ifelodun,2022-11-20,0.7
Ajeromi-Ifelodun,2022-11-21,0.5
Ajeromi-Ifelodun,2022-11-22,2.3
Ajeromi-Ifelodun,2022-11-23,2.6
Ajeromi-Ifelodun,2022-11-24,0.0
Ajeromi-Ifelodun,2022-11-25,0.0
Ajeromi-Ifelodun,2022-11-26,0.3
Ajeromi-Ifelodun,2022-11-27,0.9
Ajeromi-Ifelodun,2022-11-28,1.9
Ajeromi-Ifelodun,2022-11-29,2.2
Ajeromi-Ifelodun,2022-11-30,0.9
Ajeromi-Ifelodun,2022-12-01,2.1
Ajeromi-Ifelodun,2022-12-02,7.1
Ajeromi-Ifelodun,2022-12-03,1.8
Ajeromi-Ifelodun,2022-12-04,0.5
Ajeromi-Ifelodun,2022-12-05,1.6
Ajeromi-Ifelodun,2022-12-06,0.1
Ajeromi-Ifelodun,2022-12-07,0.9
Ajeromi-Ifelodun,2022-12-08,0.9
Ajeromi-Ifelodun,2022-12-09,0.0
Ajeromi-Ifelodun,2022-12-10,0.0
Ajeromi-Ifelodun,2022-12-11,0.0
Ajeromi-Ifelodun,2022-12-12,0.0
Ajeromi-Ifelodun,2022-12-13,1.2
Ajeromi-Ifelodun,2022-12-14,0.5
Ajeromi-Ifelodun,2022-12-15,0.9
Ajeromi-Ifelodun,2022-12-16,0.8
Ajeromi-Ifelodun,2022-12-17,1.4
Ajeromi-Ifelodun,2022-12-18,0.1
Ajeromi-Ifelodun,2022-12-19,0.0
Ajeromi-Ifelodun,2022-12-20,0.0
Ajeromi-Ifelodun,2022-12-21,0.0
Ajeromi-Ifelodun,2022-12-22,1.1
Ajeromi-Ifelodun,2022-12-23,0.0
Ajeromi-Ifelodun,2022-12-24,0.0
Ajeromi-Ifelodun,2022-12-25,0.0
Ajeromi-Ifelodun,2022-12-26,0.0
Ajeromi-Ifelodun,2022-12-27,0.0
Ajeromi-Ifelodun,2022-12-28,0.0
Ajeromi-Ifelodun,2022-12-29,0.0
Ajeromi-Ifelodun,2022-12-30,0.0
Ajeromi-Ifelodun,2022-12-31,0.0
Ajeromi-Ifelodun,2023-01-01,0.0
Ajeromi-Ifelodun,2023-01-02,0.0
Ajeromi-Ifelodun,2023-01-03,0.0
Ajeromi-Ifelodun,2023-01-04,0.0
Ajeromi-Ifelodun,2023-01-05,0.0
Ajeromi-Ifelodun,2023-01-06,0.0
Ajeromi-Ifelodun,2023-01-07,0.0
Ajeromi-Ifelodun,2023-01-08,0.0
Ajeromi-Ifelodun,2023-01-09,0.0
Ajeromi-Ifelodun,2023-01-10,0.0
Ajeromi-Ifelodun,2023-01-11,0.0
Ajeromi-Ifelodun,2023-01-12,0.0
Ajeromi-Ifelodun,2023-01-13,0.0
Ajeromi-Ifelodun,2023-01-14,0.0
Ajeromi-Ifelodun,2023-01-15,0.1
Ajeromi-Ifelodun,2023-01-16,0.0
Ajeromi-Ifelodun,2023-01-17,0.0
Ajeromi-Ifelodun,2023-01-18,0.0
Ajeromi-Ifelodun,2023-01-19,0.0
Ajeromi-Ifelodun,2023-01-20,0.2
Ajeromi-Ifelodun,2023-01-21,0.9
Ajeromi-Ifelodun,2023-01-22,2.3
Ajeromi-Ifelodun,2023-01-23,0.6
Ajeromi-Ifelodun,2023-01-24,0.2
Ajeromi-Ifelodun,2023-01-25,0.3
Ajeromi-Ifelodun,2023-01-26,0.6
Ajeromi-Ifelodun,2023-01-27,1.1
Ajeromi-Ifelodun,2023-01-28,8.5
Ajeromi-Ifelodun,2023-01-29,2.9
Ajeromi-Ifelodun,2023-01-30,0.0
Ajeromi-Ifelodun,2023-01-31,0.6
Ajeromi-Ifelodun,2023-02-01,0.0
Ajeromi-Ifelodun,2023-02-02,0.8
Ajeromi-Ifelodun,2023-02-03,0.7
Ajeromi-Ifelodun,2023-02-04,1.9
Ajeromi-Ifelodun,2023-02-05,1.6
Ajeromi-Ifelodun,2023-02-06,1.8
Ajeromi-Ifelodun,2023-02-07,0.4
Ajeromi-Ifelodun,2023-02-08,0.9
Ajeromi-Ifelodun,2023-02-09,0.5
Ajeromi-Ifelodun,2023-02-10,1.5
Ajeromi-Ifelodun,2023-02-11,0.4
Ajeromi-Ifelodun,2023-02-12,0.7
Ajeromi-Ifelodun,2023-02-13,0.1
Ajeromi-Ifelodun,2023-02-14,0.1
Ajeromi-Ifelodun,2023-02-15,0.0
Ajeromi-Ifelodun,2023-02-16,0.0
Ajeromi-Ifelodun,2023-02-17,0.0
Ajeromi-Ifelodun,2023-02-18,0.0
Ajeromi-Ifelodun,2023-02-19,0.0
Ajeromi-Ifelodun,2023-02-20,0.0
Ajeromi-Ifelodun,2023-02-21,0.0
Ajeromi-Ifelodun,2023-02-22,0.0
Ajeromi-Ifelodun,2023-02-23,0.0
Ajeromi-Ifelodun,2023-02-24,0.8
Ajeromi-Ifelodun,2023-02-25,0.8
Ajeromi-Ifelodun,2023-02-26,0.1
Ajeromi-Ifelodun,2023-02-27,0.0
Ajeromi-Ifelodun,2023-02-28,0.0
Ajeromi-Ifelodun,2023-03-01,0.3
Ajeromi-Ifelodun,2023-03-02,1.2
Ajeromi-Ifelodun,2023-03-03,18.4
Ajeromi-Ifelodun,2023-03-04,9.9
Ajeromi-Ifelodun,2023-03-05,0.0
Ajeromi-Ifelodun,2023-03-06,3.7
Ajeromi-Ifelodun,2023-03-07,0.5
Ajeromi-Ifelodun,2023-03-08,0.0
Ajeromi-Ifelodun,2023-03-09,11.2
Ajeromi-Ifelodun,2023-03-10,0.0
Ajeromi-Ifelodun,2023-03-11,1.1
Ajeromi-Ifelodun,2023-03-12,0.1
Ajeromi-Ifelodun,2023-03-13,0.3
Ajeromi-Ifelodun,2023-03-14,1.1
Ajeromi-Ifelodun,2023-03-15,4.4
Ajeromi-Ifelodun,2023-03-16,15.8
Ajeromi-Ifelodun,2023-03-17,0.8
Ajeromi-Ifelodun,2023-03-18,2.7
Ajeromi-Ifelodun,2023-03-19,9.4
Ajeromi-Ifelodun,2023-03-20,0.7
Ajeromi-Ifelodun,2023-03-21,5.8
Ajeromi-Ifelodun,2023-03-22,0.4
Ajeromi-Ifelodun,2023-03-23,1.0
Ajeromi-Ifelodun,2023-03-24,0.1
Ajeromi-Ifelodun,2023-03-25,0.3
Ajeromi-Ifelodun,2023-03-26,2.9
Ajeromi-Ifelodun,2023-03-27,4.4
Ajeromi-Ifelodun,2023-03-28,0.3
Ajeromi-Ifelodun,2023-03-29,1.6
Ajeromi-Ifelodun,2023-03-30,2.9
Ajeromi-Ifelodun,2023-03-31,9.2
Ajeromi-Ifelodun,2023-04-01,0.4
Ajeromi-Ifelodun,2023-04-02,0.8
Ajeromi-Ifelodun,2023-04-03,3.5
Ajeromi-Ifelodun,2023-04-04,11.3
Ajeromi-Ifelodun,2023-04-05,0.1
Ajeromi-Ifelodun,2023-04-06,0.0
Ajeromi-Ifelodun,2023-04-07,6.4
Ajeromi-Ifelodun,2023-04-08,3.5
Ajeromi-Ifelodun,2023-04-09,7.3
Ajeromi-Ifelodun,2023-04-10,0.0
Ajeromi-Ifelodun,2023-04-11,1.0
Ajeromi-Ifelodun,2023-04-12,0.7
Ajeromi-Ifelodun,2023-04-13,1.5
Ajeromi-Ifelodun,2023-04-14,0.4
Ajeromi-Ifelodun,2023-04-15,8.2
Ajeromi-Ifelodun,2023-04-16,1.7
Ajeromi-Ifelodun,2023-04-17,6.7
Ajeromi-Ifelodun,2023-04-18,0.5
Ajeromi-Ifelodun,2023-04-19,6.8
Ajeromi-Ifelodun,2023-04-20,0.6
Ajeromi-Ifelodun,2023-04-21,0.1
Ajeromi-Ifelodun,2023-04-22,3.3
Ajeromi-Ifelodun,2023-04-23,4.3
Ajeromi-Ifelodun,2023-04-24,1.2
Ajeromi-Ifelodun,2023-04-25,0.0
Ajeromi-Ifelodun,2023-04-26,0.7
Ajeromi-Ifelodun,2023-04-27,14.8
Ajeromi-Ifelodun,2023-04-28,1.3
Ajeromi-Ifelodun,2023-04-29,19.7
Ajeromi-Ifelodun,2023-04-30,0.8
Ajeromi-Ifelodun,2023-05-01,5.8
Ajeromi-Ifelodun,2023-05-02,3.8
Ajeromi-Ifelodun,2023-05-03,1.2
Ajeromi-Ifelodun,2023-05-04,5.5
Ajeromi-Ifelodun,2023-05-05,0.0
Ajeromi-Ifelodun,2023-05-06,0.5
Ajeromi-Ifelodun,2023-05-07,0.1
Ajeromi-Ifelodun,2023-05-08,1.9
Ajeromi-Ifelodun,2023-05-09,0.1
Ajeromi-Ifelodun,2023-05-10,0.6
Ajeromi-Ifelodun,2023-05-11,3.9
Ajeromi-Ifelodun,2023-05-12,1.4
Ajeromi-Ifelodun,2023-05-13,1.3
Ajeromi-Ifelodun,2023-05-14,7.2
Ajeromi-Ifelodun,2023-05-15,44.2
Ajeromi-Ifelodun,2023-05-16,1.7
Ajeromi-Ifelodun,2023-05-17,1.1
Ajeromi-Ifelodun,2023-05-18,2.9
Ajeromi-Ifelodun,2023-05-19,4.6
Ajeromi-Ifelodun,2023-05-20,3.0
Ajeromi-Ifelodun,2023-05-21,7.9
Ajeromi-Ifelodun,2023-05-22,3.7
Ajeromi-Ifelodun,2023-05-23,2.2
Ajeromi-Ifelodun,2023-05-24,4.7
Ajeromi-Ifelodun,2023-05-25,1.3
Ajeromi-Ifelodun,2023-05-26,1.8
Ajeromi-Ifelodun,2023-05-27,1.8
Ajeromi-Ifelodun,2023-05-28,3.1
Ajeromi-Ifelodun,2023-05-29,2.4
Ajeromi-Ifelodun,2023-05-30,1.0
Ajeromi-Ifelodun,2023-05-31,3.2
Ajeromi-Ifelodun,2023-06-01,7.6
Ajeromi-Ifelodun,2023-06-02,7.9
Ajeromi-Ifelodun,2023-06-03,8.0
Ajeromi-Ifelodun,2023-06-04,6.6
Ajeromi-Ifelodun,2023-06-05,3.2
Ajeromi-Ifelodun,2023-06-06,20.9
Ajeromi-Ifelodun,2023-06-07,17.9
Ajeromi-Ifelodun,2023-06-08,8.7
Ajeromi-Ifelodun,2023-06-09,7.8
Ajeromi-Ifelodun,2023-06-10,8.4
Ajeromi-Ifelodun,2023-06-11,7.1
Ajeromi-Ifelodun,2023-06-12,0.4
Ajeromi-Ifelodun,2023-06-13,0.0
Ajeromi-Ifelodun,2023-06-14,5.1
Ajeromi-Ifelodun,2023-06-15,18.7
Ajeromi-Ifelodun,2023-06-16,3.0
Ajeromi-Ifelodun,2023-06-17,3.8
Ajeromi-Ifelodun,2023-06-18,7.0
Ajeromi-Ifelodun,2023-06-19,7.3
Ajeromi-Ifelodun,2023-06-20,18.4
Ajeromi-Ifelodun,2023-06-21,27.4
Ajeromi-Ifelodun,2023-06-22,16.1
Ajeromi-Ifelodun,2023-06-23,9.4
Ajeromi-Ifelodun,2023-06-24,20.1
Ajeromi-Ifelodun,2023-06-25,3.8
Ajeromi-Ifelodun,2023-06-26,0.0
Ajeromi-Ifelodun,2023-06-27,0.8
Ajeromi-Ifelodun,2023-06-28,16.0
Ajeromi-Ifelodun,2023-06-29,2.4
Ajeromi-Ifelodun,2023-06-30,1.6
Ajeromi-Ifelodun,2023-07-01,6.5
Ajeromi-Ifelodun,2023-07-02,4.7
Ajeromi-Ifelodun,2023-07-03,0.6
Ajeromi-Ifelodun,2023-07-04,5.0
Ajeromi-Ifelodun,2023-07-05,1.5
Ajeromi-Ifelodun,2023-07-06,0.3
Ajeromi-Ifelodun,2023-07-07,16.1
Ajeromi-Ifelodun,2023-07-08,11.3
Ajeromi-Ifelodun,2023-07-09,18.4
Ajeromi-Ifelodun,2023-07-10,1.8
Ajeromi-Ifelodun,2023-07-11,1.5
Ajeromi-Ifelodun,2023-07-12,28.8
Ajeromi-Ifelodun,2023-07-13,1.5
Ajeromi-Ifelodun,2023-07-14,3.6
Ajeromi-Ifelodun,2023-07-15,0.6
Ajeromi-Ifelodun,2023-07-16,5.6
Ajeromi-Ifelodun,2023-07-17,5.0
Ajeromi-Ifelodun,2023-07-18,5.2
Ajeromi-Ifelodun,2023-07-19,1.1
Ajeromi-Ifelodun,2023-07-20,2.2
Ajeromi-Ifelodun,2023-07-21,5.7
Ajeromi-Ifelodun,2023-07-22,6.9
Ajeromi-Ifelodun,2023-07-23,35.7
Ajeromi-Ifelodun,2023-07-24,15.7
Ajeromi-Ifelodun,2023-07-25,0.4
Ajeromi-Ifelodun,2023-07-26,1.0
Ajeromi-Ifelodun,2023-07-27,0.7
Ajeromi-Ifelodun,2023-07-28,2.9
Ajeromi-Ifelodun,2023-07-29,9.3
Ajeromi-Ifelodun,2023-07-30,4.8
Ajeromi-Ifelodun,2023-07-31,10.9
Ajeromi-Ifelodun,2023-08-01,12.5
Ajeromi-Ifelodun,2023-08-02,3.9
Ajeromi-Ifelodun,2023-08-03,1.8
Ajeromi-Ifelodun,2023-08-04,1.4
Ajeromi-Ifelodun,2023-08-05,2.1
Ajeromi-Ifelodun,2023-08-06,1.2
Ajeromi-Ifelodun,2023-08-07,1.0
Ajeromi-Ifelodun,2023-08-08,14.7
Ajeromi-Ifelodun,2023-08-09,5.5
Ajeromi-Ifelodun,2023-08-10,2.9
Ajeromi-Ifelodun,2023-08-11,0.2
Ajeromi-Ifelodun,2023-08-12,2.2
Ajeromi-Ifelodun,2023-08-13,0.3
Ajeromi-Ifelodun,2023-08-14,15.2
Ajeromi-Ifelodun,2023-08-15,4.9
Ajeromi-Ifelodun,2023-08-16,11.7
Ajeromi-Ifelodun,2023-08-17,8.1
Ajeromi-Ifelodun,2023-08-18,8.4
Ajeromi-Ifelodun,2023-08-19,9.5
Ajeromi-Ifelodun,2023-08-20,2.1
Ajeromi-Ifelodun,2023-08-21,0.5
Ajeromi-Ifelodun,2023-08-22,0.7
Ajeromi-Ifelodun,2023-08-23,1.4
Ajeromi-Ifelodun,2023-08-24,3.1
Ajeromi-Ifelodun,2023-08-25,0.5
Ajeromi-Ifelodun,2023-08-26,1.2
Ajeromi-Ifelodun,2023-08-27,4.9
Ajeromi-Ifelodun,2023-08-28,8.9
Ajeromi-Ifelodun,2023-08-29,1.3
Ajeromi-Ifelodun,2023-08-30,11.5
Ajeromi-Ifelodun,2023-08-31,2.9
Ajeromi-Ifelodun,2023-09-01,3.7
Ajeromi-Ifelodun,2023-09-02,11.6
Ajeromi-Ifelodun,2023-09-03,15.2
Ajeromi-Ifelodun,2023-09-04,3.4
Ajeromi-Ifelodun,2023-09-05,10.5
Ajeromi-Ifelodun,2023-09-06,1.5
Ajeromi-Ifelodun,2023-09-07,0.6
Ajeromi-Ifelodun,2023-09-08,7.4
Ajeromi-Ifelodun,2023-09-09,16.0
Ajeromi-Ifelodun,2023-09-10,0.4
Ajeromi-Ifelodun,2023-09-11,1.4
Ajeromi-Ifelodun,2023-09-12,4.6
Ajeromi-Ifelodun,2023-09-13,4.6
Ajeromi-Ifelodun,2023-09-14,5.8
Ajeromi-Ifelodun,2023-09-15,5.4
Ajeromi-Ifelodun,2023-09-16,44.9
Ajeromi-Ifelodun,2023-09-17,3.9
Ajeromi-Ifelodun,2023-09-18,2.5
Ajeromi-Ifelodun,2023-09-19,10.3
Ajeromi-Ifelodun,2023-09-20,0.3
Ajeromi-Ifelodun,2023-09-21,0.2
Ajeromi-Ifelodun,2023-09-22,7.3
Ajeromi-Ifelodun,2023-09-23,1.8
Ajeromi-Ifelodun,2023-09-24,29.7
Ajeromi-Ifelodun,2023-09-25,1.1
Ajeromi-Ifelodun,2023-09-26,1.3
Ajeromi-Ifelodun,2023-09-27,0.3
Ajeromi-Ifelodun,2023-09-28,0.7
Ajeromi-Ifelodun,2023-09-29,12.8
Ajeromi-Ifelodun,2023-09-30,2.1
Ajeromi-Ifelodun,2023-10-01,0.7
Ajeromi-Ifelodun,2023-10-02,0.8
Ajeromi-Ifelodun,2023-10-03,2.4
Ajeromi-Ifelodun,2023-10-04,4.5
Ajeromi-Ifelodun,2023-10-05,14.9
Ajeromi-Ifelodun,2023-10-06,1.2
Ajeromi-Ifelodun,2023-10-07,19.4
Ajeromi-Ifelodun,2023-10-08,8.0
Ajeromi-Ifelodun,2023-10-09,4.3
Ajeromi-Ifelodun,2023-10-10,0.2
Ajeromi-Ifelodun,2023-10-11,1.3
Ajeromi-Ifelodun,2023-10-12,18.9
Ajeromi-Ifelodun,2023-10-13,1.8
Ajeromi-Ifelodun,2023-10-14,2.9
Ajeromi-Ifelodun,2023-10-15,1.1
Ajeromi-Ifelodun,2023-10-16,2.7
Ajeromi-Ifelodun,2023-10-17,8.3
Ajeromi-Ifelodun,2023-10-18,0.0
Ajeromi-Ifelodun,2023-10-19,5.2
Ajeromi-Ifelodun,2023-10-20,0.5
Ajeromi-Ifelodun,2023-10-21,0.6
Ajeromi-Ifelodun,2023-10-22,0.9
Ajeromi-Ifelodun,2023-10-23,1.8
Ajeromi-Ifelodun,2023-10-24,1.8
Ajeromi-Ifelodun,2023-10-25,6.6
Ajeromi-Ifelodun,2023-10-26,1.6
Ajeromi-Ifelodun,2023-10-27,1.3
Ajeromi-Ifelodun,2023-10-28,0.3
Ajeromi-Ifelodun,2023-10-29,1.3
Ajeromi-Ifelodun,2023-10-30,2.9
Ajeromi-Ifelodun,2023-10-31,0.1
Ajeromi-Ifelodun,2023-11-01,0.3
Ajeromi-Ifelodun,2023-11-02,0.6
Ajeromi-Ifelodun,2023-11-03,0.6
Ajeromi-Ifelodun,2023-11-04,4.3
Ajeromi-Ifelodun,2023-11-05,2.1
Ajeromi-Ifelodun,2023-11-06,0.9
Ajeromi-Ifelodun,2023-11-07,0.8
Ajeromi-Ifelodun,2023-11-08,5.3
Ajeromi-Ifelodun,2023-11-09,0.4
Ajeromi-Ifelodun,2023-11-10,0.9
Ajeromi-Ifelodun,2023-11-11,1.2
Ajeromi-Ifelodun,2023-11-12,1.4
Ajeromi-Ifelodun,2023-11-13,1.9
Ajeromi-Ifelodun,2023-11-14,1.7
Ajeromi-Ifelodun,2023-11-15,4.0
Ajeromi-Ifelodun,2023-11-16,0.0
Ajeromi-Ifelodun,2023-11-17,1.0
Ajeromi-Ifelodun,2023-11-18,1.1
Ajeromi-Ifelodun,2023-11-19,0.5
Ajeromi-Ifelodun,2023-11-20,0.9
Ajeromi-Ifelodun,2023-11-21,0.2
Ajeromi-Ifelodun,2023-11-22,1.6
Ajeromi-Ifelodun,2023-11-23,1.8
Ajeromi-Ifelodun,2023-11-24,3.7
Ajeromi-Ifelodun,2023-11-25,4.5
Ajeromi-Ifelodun,2023-11-26,16.7
Ajeromi-Ifelodun,2023-11-27,0.0
Ajeromi-Ifelodun,2023-11-28,1.6
Ajeromi-Ifelodun,2023-11-29,0.5
Ajeromi-Ifelodun,2023-11-30,0.7
Ajeromi-Ifelodun,2023-12-01,1.1
Ajeromi-Ifelodun,2023-12-02,1.4
Ajeromi-Ifelodun,2023-12-03,1.2
Ajeromi-Ifelodun,2023-12-04,0.2
Ajeromi-Ifelodun,2023-12-05,0.5
Ajeromi-Ifelodun,2023-12-06,1.7
Ajeromi-Ifelodun,2023-12-07,0.7
Ajeromi-Ifelodun,2023-12-08,0.6
Ajeromi-Ifelodun,2023-12-09,0.9
Ajeromi-Ifelodun,2023-12-10,2.6
Ajeromi-Ifelodun,2023-12-11,1.1
Ajeromi-Ifelodun,2023-12-12,0.6
Ajeromi-Ifelodun,2023-12-13,0.0
Ajeromi-Ifelodun,2023-12-14,0.0
Ajeromi-Ifelodun,2023-12-15,0.0
Ajeromi-Ifelodun,2023-12-16,0.0
Ajeromi-Ifelodun,2023-12-17,0.0
Ajeromi-Ifelodun,2023-12-18,0.0
Ajeromi-Ifelodun,2023-12-19,0.0
Ajeromi-Ifelodun,2023-12-20,0.0
Ajeromi-Ifelodun,2023-12-21,0.0
Ajeromi-Ifelodun,2023-12-22,0.0
Ajeromi-Ifelodun,2023-12-23,0.0
Ajeromi-Ifelodun,2023-12-24,0.0
Ajeromi-Ifelodun,2023-12-25,0.0
Ajeromi-Ifelodun,2023-12-26,0.0
Ajeromi-Ifelodun,2023-12-27,0.0
Ajeromi-Ifelodun,2023-12-28,0.0
Ajeromi-Ifelodun,2023-12-29,0.0
Ajeromi-Ifelodun,2023-12-30,0.6
Ajeromi-Ifelodun,2023-12-31,0.7
Ajeromi-Ifelodun,2024-01-01,1.9
Ajeromi-Ifelodun,2024-01-02,0.0
Ajeromi-Ifelodun,2024-01-03,0.4
Ajeromi-Ifelodun,2024-01-04,0.2
Ajeromi-Ifelodun,2024-01-05,0.2
Ajeromi-Ifelodun,2024-01-06,1.0
Ajeromi-Ifelodun,2024-01-07,0.7
Ajeromi-Ifelodun,2024-01-08,0.4
Ajeromi-Ifelodun,2024-01-09,0.9
Ajeromi-Ifelodun,2024-01-10,1.9
Ajeromi-Ifelodun,2024-01-11,0.0
Ajeromi-Ifelodun,2024-01-12,0.5
Ajeromi-Ifelodun,2024-01-13,0.4
Ajeromi-Ifelodun,2024-01-14,1.7
Ajeromi-Ifelodun,2024-01-15,0.1
Ajeromi-Ifelodun,2024-01-16,0.0
Ajeromi-Ifelodun,2024-01-17,0.0
Ajeromi-Ifelodun,2024-01-18,0.0
Ajeromi-Ifelodun,2024-01-19,0.0
Ajeromi-Ifelodun,2024-01-20,0.0
Ajeromi-Ifelodun,2024-01-21,0.1
Ajeromi-Ifelodun,2024-01-22,0.0
Ajeromi-Ifelodun,2024-01-23,0.0
Ajeromi-Ifelodun,2024-01-24,0.8
Ajeromi-Ifelodun,2024-01-25,0.0
Ajeromi-Ifelodun,2024-01-26,0.0
Ajeromi-Ifelodun,2024-01-27,0.0
Ajeromi-Ifelodun,2024-01-28,0.0
Ajeromi-Ifelodun,2024-01-29,0.0
Ajeromi-Ifelodun,2024-01-30,0.0
Ajeromi-Ifelodun,2024-01-31,0.0
Ajeromi-Ifelodun,2024-02-01,0.1
Ajeromi-Ifelodun,2024-02-02,0.1
Ajeromi-Ifelodun,2024-02-03,0.0
Ajeromi-Ifelodun,2024-02-04,0.0
Ajeromi-Ifelodun,2024-02-05,0.0
Ajeromi-Ifelodun,2024-02-06,0.0
Ajeromi-Ifelodun,2024-02-07,0.0
Ajeromi-Ifelodun,2024-02-08,0.0
Ajeromi-Ifelodun,2024-02-09,0.0
Ajeromi-Ifelodun,2024-02-10,0.0
Ajeromi-Ifelodun,2024-02-11,0.0
Ajeromi-Ifelodun,2024-02-12,0.1
Ajeromi-Ifelodun,2024-02-13,0.4
Ajeromi-Ifelodun,2024-02-14,0.9
Ajeromi-Ifelodun,2024-02-15,1.5
Ajeromi-Ifelodun,2024-02-16,0.3
Ajeromi-Ifelodun,2024-02-17,0.5
Ajeromi-Ifelodun,2024-02-18,2.2
Ajeromi-Ifelodun,2024-02-19,0.9
Ajeromi-Ifelodun,2024-02-20,12.4
Ajeromi-Ifelodun,2024-02-21,2.6
Ajeromi-Ifelodun,2024-02-22,2.1
Ajeromi-Ifelodun,2024-02-23,1.9
Ajeromi-Ifelodun,2024-02-24,0.0
Ajeromi-Ifelodun,2024-02-25,0.0
Ajeromi-Ifelodun,2024-02-26,0.4
Ajeromi-Ifelodun,2024-02-27,0.0
Ajeromi-Ifelodun,2024-02-28,0.6
Ajeromi-Ifelodun,2024-02-29,0.6
Ajeromi-Ifelodun,2024-03-01,1.3
Ajeromi-Ifelodun,2024-03-02,3.6
Ajeromi-Ifelodun,2024-03-03,9.1
Ajeromi-Ifelodun,2024-03-04,0.0
Ajeromi-Ifelodun,2024-03-05,0.0
Ajeromi-Ifelodun,2024-03-06,1.0
Ajeromi-Ifelodun,2024-03-07,6.8
Ajeromi-Ifelodun,2024-03-08,0.2
Ajeromi-Ifelodun,2024-03-09,6.0
Ajeromi-Ifelodun,2024-03-10,0.0
Ajeromi-Ifelodun,2024-03-11,0.2
Ajeromi-Ifelodun,2024-03-12,1.1
Ajeromi-Ifelodun,2024-03-13,0.3
Ajeromi-Ifelodun,2024-03-14,6.3
Ajeromi-Ifelodun,2024-03-15,0.0
Ajeromi-Ifelodun,2024-03-16,0.0
Ajeromi-Ifelodun,2024-03-17,0.0
Ajeromi-Ifelodun,2024-03-18,0.7
Ajeromi-Ifelodun,2024-03-19,0.6
Ajeromi-Ifelodun,2024-03-20,2.0
Ajeromi-Ifelodun,2024-03-21,13.9
Ajeromi-Ifelodun,2024-03-22,0.0
Ajeromi-Ifelodun,2024-03-23,3.3
Ajeromi-Ifelodun,2024-03-24,0.0
Ajeromi-Ifelodun,2024-03-25,5.0
Ajeromi-Ifelodun,2024-03-26,0.0
Ajeromi-Ifelodun,2024-03-27,0.1
Ajeromi-Ifelodun,2024-03-28,5.5
Ajeromi-Ifelodun,2024-03-29,9.4
Ajeromi-Ifelodun,2024-03-30,1.8
Ajeromi-Ifelodun,2024-03-31,0.0
Ajeromi-Ifelodun,2024-04-01,1.5
Ajeromi-Ifelodun,2024-04-02,1.0
Ajeromi-Ifelodun,2024-04-03,0.7
Ajeromi-Ifelodun,2024-04-04,1.1
Ajeromi-Ifelodun,2024-04-05,14.4
Ajeromi-Ifelodun,2024-04-06,14.2
Ajeromi-Ifelodun,2024-04-07,0.0
Ajeromi-Ifelodun,2024-04-08,0.0
Ajeromi-Ifelodun,2024-04-09,0.0
Ajeromi-Ifelodun,2024-04-10,4.7
Ajeromi-Ifelodun,2024-04-11,3.7
Ajeromi-Ifelodun,2024-04-12,0.0
Ajeromi-Ifelodun,2024-04-13,1.3
Ajeromi-Ifelodun,2024-04-14,1.3
Ajeromi-Ifelodun,2024-04-15,0.9
Ajeromi-Ifelodun,2024-04-16,0.8
Ajeromi-Ifelodun,2024-04-17,0.2
Ajeromi-Ifelodun,2024-04-18,0.7
Ajeromi-Ifelodun,2024-04-19,2.2
Ajeromi-Ifelodun,2024-04-20,0.8
Ajeromi-Ifelodun,2024-04-21,0.9
Ajeromi-Ifelodun,2024-04-22,0.2
Ajeromi-Ifelodun,2024-04-23,8.5
Ajeromi-Ifelodun,2024-04-24,0.2
Ajeromi-Ifelodun,2024-04-25,1.6
Ajeromi-Ifelodun,2024-04-26,0.2
Ajeromi-Ifelodun,2024-04-27,0.1
Ajeromi-Ifelodun,2024-04-28,0.0
Ajeromi-Ifelodun,2024-04-29,1.2
Ajeromi-Ifelodun,2024-04-30,0.5
Ajeromi-Ifelodun,2024-05-01,1.2
Ajeromi-Ifelodun,2024-05-02,0.4
Ajeromi-Ifelodun,2024-05-03,3.1
Ajeromi-Ifelodun,2024-05-04,0.6
Ajeromi-Ifelodun,2024-05-05,0.3
Ajeromi-Ifelodun,2024-05-06,9.1
Ajeromi-Ifelodun,2024-05-07,2.6
Ajeromi-Ifelodun,2024-05-08,0.6
Ajeromi-Ifelodun,2024-05-09,0.0
Ajeromi-Ifelodun,2024-05-10,0.2
Ajeromi-Ifelodun,2024-05-11,0.7
Ajeromi-Ifelodun,2024-05-12,2.4
Ajeromi-Ifelodun,2024-05-13,1.8
Ajeromi-Ifelodun,2024-05-14,0.0
Ajeromi-Ifelodun,2024-05-15,0.3
Ajeromi-Ifelodun,2024-05-16,7.8
Ajeromi-Ifelodun,2024-05-17,1.6
Ajeromi-Ifelodun,2024-05-18,17.2
Ajeromi-Ifelodun,2024-05-19,0.6
Ajeromi-Ifelodun,2024-05-20,0.5
Ajeromi-Ifelodun,2024-05-21,1.1
Ajeromi-Ifelodun,2024-05-22,4.0
Ajeromi-Ifelodun,2024-05-23,0.8
Ajeromi-Ifelodun,2024-05-24,4.7
Ajeromi-Ifelodun,2024-05-25,19.7
Ajeromi-Ifelodun,2024-05-26,0.4
Ajeromi-Ifelodun,2024-05-27,0.8
Ajeromi-Ifelodun,2024-05-28,0.9
Ajeromi-Ifelodun,2024-05-29,0.4
Ajeromi-Ifelodun,2024-05-30,7.3
Ajeromi-Ifelodun,2024-05-31,16.0
Ajeromi-Ifelodun,2024-06-01,3.3
Ajeromi-Ifelodun,2024-06-02,16.8
Ajeromi-Ifelodun,2024-06-03,0.8
Ajeromi-Ifelodun,2024-06-04,3.5
Ajeromi-Ifelodun,2024-06-05,1.0
Ajeromi-Ifelodun,2024-06-06,9.8
Ajeromi-Ifelodun,2024-06-07,6.0
Ajeromi-Ifelodun,2024-06-08,10.2
Ajeromi-Ifelodun,2024-06-09,15.8
Ajeromi-Ifelodun,2024-06-10,2.0
Ajeromi-Ifelodun,2024-06-11,8.1
Ajeromi-Ifelodun,2024-06-12,1.4
Ajeromi-Ifelodun,2024-06-13,0.5
Ajeromi-Ifelodun,2024-06-14,7.2
Ajeromi-Ifelodun,2024-06-15,19.1
Ajeromi-Ifelodun,2024-06-16,3.6
Ajeromi-Ifelodun,2024-06-17,0.6
Ajeromi-Ifelodun,2024-06-18,2.0
Ajeromi-Ifelodun,2024-06-19,1.3
Ajeromi-Ifelodun,2024-06-20,4.8
Ajeromi-Ifelodun,2024-06-21,21.0
Ajeromi-Ifelodun,2024-06-22,1.6
Ajeromi-Ifelodun,2024-06-23,1.3
Ajeromi-Ifelodun,2024-06-24,5.5
Ajeromi-Ifelodun,2024-06-25,24.8
Ajeromi-Ifelodun,2024-06-26,7.3
Ajeromi-Ifelodun,2024-06-27,2.4
Ajeromi-Ifelodun,2024-06-28,1.6
Ajeromi-Ifelodun,2024-06-29,9.7
Ajeromi-Ifelodun,2024-06-30,2.0
Ajeromi-Ifelodun,2024-07-01,2.1
Ajeromi-Ifelodun,2024-07-02,12.0
Ajeromi-Ifelodun,2024-07-03,40.4
Ajeromi-Ifelodun,2024-07-04,24.2
Ajeromi-Ifelodun,2024-07-05,4.8
Ajeromi-Ifelodun,2024-07-06,14.2
Ajeromi-Ifelodun,2024-07-07,2.4
Ajeromi-Ifelodun,2024-07-08,11.1
Ajeromi-Ifelodun,2024-07-09,2.9
Ajeromi-Ifelodun,2024-07-10,0.9
Ajeromi-Ifelodun,2024-07-11,1.4
Ajeromi-Ifelodun,2024-07-12,4.1
Ajeromi-Ifelodun,2024-07-13,2.2
Ajeromi-Ifelodun,2024-07-14,0.8
Ajeromi-Ifelodun,2024-07-15,0.5
Ajeromi-Ifelodun,2024-07-16,0.6
Ajeromi-Ifelodun,2024-07-17,0.8
Ajeromi-Ifelodun,2024-07-18,0.7
Ajeromi-Ifelodun,2024-07-19,1.8
Ajeromi-Ifelodun,2024-07-20,2.0
Ajeromi-Ifelodun,2024-07-21,2.3
Ajeromi-Ifelodun,2024-07-22,0.6
Ajeromi-Ifelodun,2024-07-23,0.2
Ajeromi-Ifelodun,2024-07-24,0.7
Ajeromi-Ifelodun,2024-07-25,0.5
Ajeromi-Ifelodun,2024-07-26,0.6
Ajeromi-Ifelodun,2024-07-27,0.6
Ajeromi-Ifelodun,2024-07-28,1.3
Ajeromi-Ifelodun,2024-07-29,0.4
Ajeromi-Ifelodun,2024-07-30,0.8
Ajeromi-Ifelodun,2024-07-31,1.1
Ajeromi-Ifelodun,2024-08-01,1.4
Ajeromi-Ifelodun,2024-08-02,1.4
Ajeromi-Ifelodun,2024-08-03,1.5
Ajeromi-Ifelodun,2024-08-04,1.3
Ajeromi-Ifelodun,2024-08-05,1.2
Ajeromi-Ifelodun,2024-08-06,1.2
Ajeromi-Ifelodun,2024-08-07,1.4
Ajeromi-Ifelodun,2024-08-08,1.6
Ajeromi-Ifelodun,2024-08-09,0.3
Ajeromi-Ifelodun,2024-08-10,0.7
Ajeromi-Ifelodun,2024-08-11,0.7
Ajeromi-Ifelodun,2024-08-12,0.4
Ajeromi-Ifelodun,2024-08-13,1.2
Ajeromi-Ifelodun,2024-08-14,1.9
Ajeromi-Ifelodun,2024-08-15,0.2
Ajeromi-Ifelodun,2024-08-16,1.4
Ajeromi-Ifelodun,2024-08-17,0.9
Ajeromi-Ifelodun,2024-08-18,0.4
Ajeromi-Ifelodun,2024-08-19,5.8
Ajeromi-Ifelodun,2024-08-20,7.1
Ajeromi-Ifelodun,2024-08-21,1.5
Ajeromi-Ifelodun,2024-08-22,1.0
Ajeromi-Ifelodun,2024-08-23,21.3
Ajeromi-Ifelodun,2024-08-24,7.8
Ajeromi-Ifelodun,2024-08-25,2.2
Ajeromi-Ifelodun,2024-08-26,2.8
Ajeromi-Ifelodun,2024-08-27,0.9
Ajeromi-Ifelodun,2024-08-28,1.3
Ajeromi-Ifelodun,2024-08-29,1.2
Ajeromi-Ifelodun,2024-08-30,1.4
Ajeromi-Ifelodun,2024-08-31,0.2
Ajeromi-Ifelodun,2024-09-01,0.2
Ajeromi-Ifelodun,2024-09-02,0.1
Ajeromi-Ifelodun,2024-09-03,0.2
Ajeromi-Ifelodun,2024-09-04,0.6
Ajeromi-Ifelodun,2024-09-05,0.2
Ajeromi-Ifelodun,2024-09-06,0.0
Ajeromi-Ifelodun,2024-09-07,6.0
Ajeromi-Ifelodun,2024-09-08,0.2
Ajeromi-Ifelodun,2024-09-09,0.4
Ajeromi-Ifelodun,2024-09-10,7.9
Ajeromi-Ifelodun,2024-09-11,3.8
Ajeromi-Ifelodun,2024-09-12,8.7
Ajeromi-Ifelodun,2024-09-13,14.9
Ajeromi-Ifelodun,2024-09-14,3.9
Ajeromi-Ifelodun,2024-09-15,1.4
Ajeromi-Ifelodun,2024-09-16,1.4
Ajeromi-Ifelodun,2024-09-17,17.7
Ajeromi-Ifelodun,2024-09-18,8.0
Ajeromi-Ifelodun,2024-09-19,2.4
Ajeromi-Ifelodun,2024-09-20,1.4
Ajeromi-Ifelodun,2024-09-21,2.0
Ajeromi-Ifelodun,2024-09-22,1.8
Ajeromi-Ifelodun,2024-09-23,0.6
Ajeromi-Ifelodun,2024-09-24,2.0
Ajeromi-Ifelodun,2024-09-25,33.3
Ajeromi-Ifelodun,2024-09-26,7.8
Ajeromi-Ifelodun,2024-09-27,3.9
Ajeromi-Ifelodun,2024-09-28,8.8
Ajeromi-Ifelodun,2024-09-29,13.5
Ajeromi-Ifelodun,2024-09-30,11.5
Ajeromi-Ifelodun,2024-10-01,1.3
Ajeromi-Ifelodun,2024-10-02,1.8
Ajeromi-Ifelodun,2024-10-03,13.0
Ajeromi-Ifelodun,2024-10-04,6.5
Ajeromi-Ifelodun,2024-10-05,7.6
Ajeromi-Ifelodun,2024-10-06,3.4
Ajeromi-Ifelodun,2024-10-07,5.0
Ajeromi-Ifelodun,2024-10-08,1.2
Ajeromi-Ifelodun,2024-10-09,2.0
Ajeromi-Ifelodun,2024-10-10,0.5
Ajeromi-Ifelodun,2024-10-11,0.2
Ajeromi-Ifelodun,2024-10-12,11.8
Ajeromi-Ifelodun,2024-10-13,12.1
Ajeromi-Ifelodun,2024-10-14,8.1
Ajeromi-Ifelodun,2024-10-15,1.7
Ajeromi-Ifelodun,2024-10-16,3.2
Ajeromi-Ifelodun,2024-10-17,34.9
Ajeromi-Ifelodun,2024-10-18,1.4
Ajeromi-Ifelodun,2024-10-19,9.0
Ajeromi-Ifelodun,2024-10-20,0.5
Ajeromi-Ifelodun,2024-10-21,1.9
Ajeromi-Ifelodun,2024-10-22,7.8
Ajeromi-Ifelodun,2024-10-23,0.7
Ajeromi-Ifelodun,2024-10-24,0.4
Ajeromi-Ifelodun,2024-10-25,20.5
Ajeromi-Ifelodun,2024-10-26,2.2
Ajeromi-Ifelodun,2024-10-27,0.2
Ajeromi-Ifelodun,2024-10-28,0.5
Ajeromi-Ifelodun,2024-10-29,4.9
Ajeromi-Ifelodun,2024-10-30,0.9
Ajeromi-Ifelodun,2024-10-31,0.9
Ajeromi-Ifelodun,2024-11-01,2.5
Ajeromi-Ifelodun,2024-11-02,2.4
Ajeromi-Ifelodun,2024-11-03,5.8
Ajeromi-Ifelodun,2024-11-04,3.2
Ajeromi-Ifelodun,2024-11-05,0.0
Ajeromi-Ifelodun,2024-11-06,0.5
Ajeromi-Ifelodun,2024-11-07,0.2
Ajeromi-Ifelodun,2024-11-08,0.2
Ajeromi-Ifelodun,2024-11-09,0.7
Ajeromi-Ifelodun,2024-11-10,1.0
Ajeromi-Ifelodun,2024-11-11,0.5
Ajeromi-Ifelodun,2024-11-12,0.1
Ajeromi-Ifelodun,2024-11-13,2.0
Ajeromi-Ifelodun,2024-11-14,18.6
Ajeromi-Ifelodun,2024-11-15,0.6
Ajeromi-Ifelodun,2024-11-16,3.4
Ajeromi-Ifelodun,2024-11-17,1.9
Ajeromi-Ifelodun,2024-11-18,0.7
Ajeromi-Ifelodun,2024-11-19,0.6
Ajeromi-Ifelodun,2024-11-20,0.0
Ajeromi-Ifelodun,2024-11-21,0.6
Ajeromi-Ifelodun,2024-11-22,6.2
Ajeromi-Ifelodun,2024-11-23,2.3
Ajeromi-Ifelodun,2024-11-24,0.0
Ajeromi-Ifelodun,2024-11-25,0.6
Ajeromi-Ifelodun,2024-11-26,2.0
Ajeromi-Ifelodun,2024-11-27,3.4
Ajeromi-Ifelodun,2024-11-28,0.1
Ajeromi-Ifelodun,2024-11-29,0.0
Ajeromi-Ifelodun,2024-11-30,0.0
Ajeromi-Ifelodun,2024-12-01,0.0
Ajeromi-Ifelodun,2024-12-02,0.0
Ajeromi-Ifelodun,2024-12-03,0.7
Ajeromi-Ifelodun,2024-12-04,3.3
Ajeromi-Ifelodun,2024-12-05,2.9
Ajeromi-Ifelodun,2024-12-06,1.9
Ajeromi-Ifelodun,2024-12-07,0.0
Ajeromi-Ifelodun,2024-12-08,0.0
Ajeromi-Ifelodun,2024-12-09,0.0
Ajeromi-Ifelodun,2024-12-10,0.0
Ajeromi-Ifelodun,2024-12-11,1.4
Ajeromi-Ifelodun,2024-12-12,0.9
Ajeromi-Ifelodun,2024-12-13,1.1
Ajeromi-Ifelodun,2024-12-14,0.0
Ajeromi-Ifelodun,2024-12-15,0.0
Ajeromi-Ifelodun,2024-12-16,0.0
Ajeromi-Ifelodun,2024-12-17,0.0
Ajeromi-Ifelodun,2024-12-18,0.0
Ajeromi-Ifelodun,2024-12-19,0.0
Ajeromi-Ifelodun,2024-12-20,0.0
Ajeromi-Ifelodun,2024-12-21,0.0
Ajeromi-Ifelodun,2024-12-22,0.0
Ajeromi-Ifelodun,2024-12-23,0.0
Ajeromi-Ifelodun,2024-12-24,0.0
Ajeromi-Ifelodun,2024-12-25,0.0
Ajeromi-Ifelodun,2024-12-26,0.0
Ajeromi-Ifelodun,2024-12-27,0.1
Ajeromi-Ifelodun,2024-12-28,0.1
Ajeromi-Ifelodun,2024-12-29,0.0
Ajeromi-Ifelodun,2024-12-30,0.0
Ajeromi-Ifelodun,2024-12-31,0.0
Ajeromi-Ifelodun,2025-01-01,0.3
Ajeromi-Ifelodun,2025-01-02,0.0
Ajeromi-Ifelodun,2025-01-03,0.3
Ajeromi-Ifelodun,2025-01-04,0.8
Ajeromi-Ifelodun,2025-01-05,0.4
Ajeromi-Ifelodun,2025-01-06,0.5
Ajeromi-Ifelodun,2025-01-07,2.3
Ajeromi-Ifelodun,2025-01-08,0.4
Ajeromi-Ifelodun,2025-01-09,0.1
Ajeromi-Ifelodun,2025-01-10,0.0
Ajeromi-Ifelodun,2025-01-11,0.0
Ajeromi-Ifelodun,2025-01-12,0.0
Ajeromi-Ifelodun,2025-01-13,0.0
Ajeromi-Ifelodun,2025-01-14,0.0
Ajeromi-Ifelodun,2025-01-15,0.1
Ajeromi-Ifelodun,2025-01-16,0.0
Ajeromi-Ifelodun,2025-01-17,0.0
Ajeromi-Ifelodun,2025-01-18,1.4
Ajeromi-Ifelodun,2025-01-19,2.7
Ajeromi-Ifelodun,2025-01-20,0.0
Ajeromi-Ifelodun,2025-01-21,0.3
Ajeromi-Ifelodun,2025-01-22,0.9
Ajeromi-Ifelodun,2025-01-23,1.3
Ajeromi-Ifelodun,2025-01-24,0.5
Ajeromi-Ifelodun,2025-01-25,2.4
Ajeromi-Ifelodun,2025-01-26,0.6
Ajeromi-Ifelodun,2025-01-27,1.8
Ajeromi-Ifelodun,2025-01-28,1.9
Ajeromi-Ifelodun,2025-01-29,0.5
Ajeromi-Ifelodun,2025-01-30,0.5
Ajeromi-Ifelodun,2025-01-31,1.2
Ajeromi-Ifelodun,2025-02-01,0.1
Ajeromi-Ifelodun,2025-02-02,0.2
Ajeromi-Ifelodun,2025-02-03,0.0
Ajeromi-Ifelodun,2025-02-04,1.0
Ajeromi-Ifelodun,2025-02-05,0.5
Ajeromi-Ifelodun,2025-02-06,0.4
Ajeromi-Ifelodun,2025-02-07,0.1
Ajeromi-Ifelodun,2025-02-08,2.0
Ajeromi-Ifelodun,2025-02-09,0.6
Ajeromi-Ifelodun,2025-02-10,1.2
Ajeromi-Ifelodun,2025-02-11,3.6
Ajeromi-Ifelodun,2025-02-12,1.6
Ajeromi-Ifelodun,2025-02-13,3.3
Ajeromi-Ifelodun,2025-02-14,1.2
Ajeromi-Ifelodun,2025-02-15,0.8
Ajeromi-Ifelodun,2025-02-16,1.2
Ajeromi-Ifelodun,2025-02-17,0.7
Ajeromi-Ifelodun,2025-02-18,0.1
Ajeromi-Ifelodun,2025-02-19,0.6
Ajeromi-Ifelodun,2025-02-20,0.1
Ajeromi-Ifelodun,2025-02-21,0.4
Ajeromi-Ifelodun,2025-02-22,7.9
Ajeromi-Ifelodun,2025-02-23,0.7
Ajeromi-Ifelodun,2025-02-24,0.0
Ajeromi-Ifelodun,2025-02-25,1.2
Ajeromi-Ifelodun,2025-02-26,1.2
Ajeromi-Ifelodun,2025-02-27,1.9
Ajeromi-Ifelodun,2025-02-28,1.3
Ajeromi-Ifelodun,2025-03-01,0.0
Ajeromi-Ifelodun,2025-03-02,0.4
Ajeromi-Ifelodun,2025-03-03,4.0
Ajeromi-Ifelodun,2025-03-04,2.4
Ajeromi-Ifelodun,2025-03-05,1.7
Ajeromi-Ifelodun,2025-03-06,3.9
Ajeromi-Ifelodun,2025-03-07,0.9
Ajeromi-Ifelodun,2025-03-08,0.3
Ajeromi-Ifelodun,2025-03-09,0.9
Ajeromi-Ifelodun,2025-03-10,0.5
Ajeromi-Ifelodun,2025-03-11,1.0
Ajeromi-Ifelodun,2025-03-12,0.4
Ajeromi-Ifelodun,2025-03-13,0.8
Ajeromi-Ifelodun,2025-03-14,0.6
Ajeromi-Ifelodun,2025-03-15,0.5
Ajeromi-Ifelodun,2025-03-16,1.2
Ajeromi-Ifelodun,2025-03-17,1.9
Ajeromi-Ifelodun,2025-03-18,2.1
Ajeromi-Ifelodun,2025-03-19,1.0
Ajeromi-Ifelodun,2025-03-20,2.3
Ajeromi-Ifelodun,2025-03-21,1.0
Ajeromi-Ifelodun,2025-03-22,0.3
Ajeromi-Ifelodun,2025-03-23,1.0
Ajeromi-Ifelodun,2025-03-24,0.7
Ajeromi-Ifelodun,2025-03-25,0.7
Ajeromi-Ifelodun,2025-03-26,10.3
Ajeromi-Ifelodun,2025-03-27,0.8
Ajeromi-Ifelodun,2025-03-28,0.6
Ajeromi-Ifelodun,2025-03-29,0.2
Ajeromi-Ifelodun,2025-03-30,8.0
Ajeromi-Ifelodun,2025-03-31,5.0
Ajeromi-Ifelodun,2025-04-01,6.8
Ajeromi-Ifelodun,2025-04-02,16.5
Ajeromi-Ifelodun,2025-04-03,3.7
Ajeromi-Ifelodun,2025-04-04,0.4
Ajeromi-Ifelodun,2025-04-05,0.2
Ajeromi-Ifelodun,2025-04-06,4.9
Ajeromi-Ifelodun,2025-04-07,1.5
Ajeromi-Ifelodun,2025-04-08,2.9
Ajeromi-Ifelodun,2025-04-09,21.2
Ajeromi-Ifelodun,2025-04-10,1.4
Ajeromi-Ifelodun,2025-04-11,10.7
Ajeromi-Ifelodun,2025-04-12,0.1
Ajeromi-Ifelodun,2025-04-13,2.4
Ajeromi-Ifelodun,2025-04-14,5.5
Ajeromi-Ifelodun,2025-04-15,4.8
Ajeromi-Ifelodun,2025-04-16,1.6
Ajeromi-Ifelodun,2025-04-17,2.1
Ajeromi-Ifelodun,2025-04-18,0.6
Ajeromi-Ifelodun,2025-04-19,1.2
Ajeromi-Ifelodun,2025-04-20,3.6
Ajeromi-Ifelodun,2025-04-21,3.0
Ajeromi-Ifelodun,2025-04-22,8.1
Ajeromi-Ifelodun,2025-04-23,7.8
Ajeromi-Ifelodun,2025-04-24,0.0
Ajeromi-Ifelodun,2025-04-25,0.5
Ajeromi-Ifelodun,2025-04-26,6.5
Ajeromi-Ifelodun,2025-04-27,7.6
Ajeromi-Ifelodun,2025-04-28,0.9
Ajeromi-Ifelodun,2025-04-29,6.5
Ajeromi-Ifelodun,2025-04-30,0.0
Ajeromi-Ifelodun,2025-05-01,3.5
Ajeromi-Ifelodun,2025-05-02,13.8
Ajeromi-Ifelodun,2025-05-03,0.1
Ajeromi-Ifelodun,2025-05-04,1.3
Ajeromi-Ifelodun,2025-05-05,2.7
Ajeromi-Ifelodun,2025-05-06,0.5
Ajeromi-Ifelodun,2025-05-07,0.5
Ajeromi-Ifelodun,2025-05-08,1.9
Ajeromi-Ifelodun,2025-05-09,5.2
Ajeromi-Ifelodun,2025-05-10,1.0
Ajeromi-Ifelodun,2025-05-11,0.6
Ajeromi-Ifelodun,2025-05-12,0.9
Ajeromi-Ifelodun,2025-05-13,8.2
Ajeromi-Ifelodun,2025-05-14,0.0
Ajeromi-Ifelodun,2025-05-15,0.8
Ajeromi-Ifelodun,2025-05-16,5.0
Ajeromi-Ifelodun,2025-05-17,14.0
Ajeromi-Ifelodun,2025-05-18,10.3
Ajeromi-Ifelodun,2025-05-19,0.2
Ajeromi-Ifelodun,2025-05-20,13.6
Ajeromi-Ifelodun,2025-05-21,1.8
Ajeromi-Ifelodun,2025-05-22,4.5
Ajeromi-Ifelodun,2025-05-23,6.0
Ajeromi-Ifelodun,2025-05-24,8.3
Ajeromi-Ifelodun,2025-05-25,0.1
Ajeromi-Ifelodun,2025-05-26,0.1
Ajeromi-Ifelodun,2025-05-27,1.9
Ajeromi-Ifelodun,2025-05-28,6.1
Ajeromi-Ifelodun,2025-05-29,12.1
Ajeromi-Ifelodun,2025-05-30,3.6
Ajeromi-Ifelodun,2025-05-31,0.3
Ajeromi-Ifelodun,2025-06-01,1.0
Ajeromi-Ifelodun,2025-06-02,4.0
Ajeromi-Ifelodun,2025-06-03,10.3
Ajeromi-Ifelodun,2025-06-04,13.5
Ajeromi-Ifelodun,2025-06-05,6.0
Ajeromi-Ifelodun,2025-06-06,2.7
Ajeromi-Ifelodun,2025-06-07,9.1
Ajeromi-Ifelodun,2025-06-08,2.1
Ajeromi-Ifelodun,2025-06-09,16.4
Ajeromi-Ifelodun,2025-06-10,0.9
Ajeromi-Ifelodun,2025-06-11,9.3
Ajeromi-Ifelodun,2025-06-12,1.2
Ajeromi-Ifelodun,2025-06-13,1.7
Ajeromi-Ifelodun,2025-06-14,78.6
Ajeromi-Ifelodun,2025-06-15,12.2
Ajeromi-Ifelodun,2025-06-16,2.2
Ajeromi-Ifelodun,2025-06-17,1.6
Ajeromi-Ifelodun,2025-06-18,16.3
Ajeromi-Ifelodun,2025-06-19,23.1
Ajeromi-Ifelodun,2025-06-20,11.4
Ajeromi-Ifelodun,2025-06-21,2.1
Ajeromi-Ifelodun,2025-06-22,3.3
Ajeromi-Ifelodun,2025-06-23,12.7
Ajeromi-Ifelodun,2025-06-24,11.4
Ajeromi-Ifelodun,2025-06-25,4.4
Ajeromi-Ifelodun,2025-06-26,3.9
Ajeromi-Ifelodun,2025-06-27,2.7
Ajeromi-Ifelodun,2025-06-28,4.4
Ajeromi-Ifelodun,2025-06-29,8.4
Ajeromi-Ifelodun,2025-06-30,15.3
Ajeromi-Ifelodun,2025-07-01,4.1
Ajeromi-Ifelodun,2025-07-02,3.1
Ajeromi-Ifelodun,2025-07-03,13.7
Ajeromi-Ifelodun,2025-07-04,8.5
Ajeromi-Ifelodun,2025-07-05,8.0
Ajeromi-Ifelodun,2025-07-06,5.7
Ajeromi-Ifelodun,2025-07-07,19.4
Ajeromi-Ifelodun,2025-07-08,8.6
Ajeromi-Ifelodun,2025-07-09,2.7
Ajeromi-Ifelodun,2025-07-10,1.5
Ajeromi-Ifelodun,2025-07-11,5.8
Ajeromi-Ifelodun,2025-07-12,1.3
Ajeromi-Ifelodun,2025-07-13,1.4
Ajeromi-Ifelodun,2025-07-14,0.3
Ajeromi-Ifelodun,2025-07-15,0.0
Ajeromi-Ifelodun,2025-07-16,4.9
Ajeromi-Ifelodun,2025-07-17,2.2
Ajeromi-Ifelodun,2025-07-18,0.2
Ajeromi-Ifelodun,2025-07-19,0.5
Ajeromi-Ifelodun,2025-07-20,0.8
Ajeromi-Ifelodun,2025-07-21,1.3
Ajeromi-Ifelodun,2025-07-22,1.5
Ajeromi-Ifelodun,2025-07-23,1.6
Ajeromi-Ifelodun,2025-07-24,1.2
Ajeromi-Ifelodun,2025-07-25,0.1
Ajeromi-Ifelodun,2025-07-26,0.3
Ajeromi-Ifelodun,2025-07-27,0.9
Ajeromi-Ifelodun,2025-07-28,0.1
Ajeromi-Ifelodun,2025-07-29,0.5
Ajeromi-Ifelodun,2025-07-30,1.7
Ajeromi-Ifelodun,2025-07-31,3.1
Ajeromi-Ifelodun,2025-08-01,2.1
Ajeromi-Ifelodun,2025-08-02,1.3
Ajeromi-Ifelodun,2025-08-03,2.2
Ajeromi-Ifelodun,2025-08-04,33.8
Ajeromi-Ifelodun,2025-08-05,2.6
Ajeromi-Ifelodun,2025-08-06,3.0
Ajeromi-Ifelodun,2025-08-07,5.2
Ajeromi-Ifelodun,2025-08-08,2.6
Ajeromi-Ifelodun,2025-08-09,5.5
Ajeromi-Ifelodun,2025-08-10,0.6
Ajeromi-Ifelodun,2025-08-11,0.7
Ajeromi-Ifelodun,2025-08-12,1.3
Ajeromi-Ifelodun,2025-08-13,1.8
Ajeromi-Ifelodun,2025-08-14,2.1
Ajeromi-Ifelodun,2025-08-15,1.2
Ajeromi-Ifelodun,2025-08-16,2.1
Ajeromi-Ifelodun,2025-08-17,3.6
Ajeromi-Ifelodun,2025-08-18,1.6
Ajeromi-Ifelodun,2025-08-19,2.4
Ajeromi-Ifelodun,2025-08-20,1.3
Ajeromi-Ifelodun,2025-08-21,2.6
Ajeromi-Ifelodun,2025-08-22,0.9
Ajeromi-Ifelodun,2025-08-23,1.7
Ajeromi-Ifelodun,2025-08-24,1.0
Ajeromi-Ifelodun,2025-08-25,0.2
Ajeromi-Ifelodun,2025-08-26,1.7
Ajeromi-Ifelodun,2025-08-27,2.2
Ajeromi-Ifelodun,2025-08-28,0.7
Ajeromi-Ifelodun,2025-08-29,1.1
Ajeromi-Ifelodun,2025-08-30,5.5
Ajeromi-Ifelodun,2025-08-31,2.2
Ajeromi-Ifelodun,2025-09-01,0.2
Ajeromi-Ifelodun,2025-09-02,0.3
Ajeromi-Ifelodun,2025-09-03,2.2
Ajeromi-Ifelodun,2025-09-04,1.8
Ajeromi-Ifelodun,2025-09-05,1.7
Ajeromi-Ifelodun,2025-09-06,0.6
Ajeromi-Ifelodun,2025-09-07,1.3
Ajeromi-Ifelodun,2025-09-08,5.9
Ajeromi-Ifelodun,2025-09-09,8.0
Ajeromi-Ifelodun,2025-09-10,2.3
Ajeromi-Ifelodun,2025-09-11,2.2
Ajeromi-Ifelodun,2025-09-12,6.9
Ajeromi-Ifelodun,2025-09-13,7.1
Ajeromi-Ifelodun,2025-09-14,6.1
Ajeromi-Ifelodun,2025-09-15,6.0
Ajeromi-Ifelodun,2025-09-16,40.6
Ajeromi-Ifelodun,2025-09-17,3.3
Ajeromi-Ifelodun,2025-09-18,9.5
Ajeromi-Ifelodun,2025-09-19,1.8
Ajeromi-Ifelodun,2025-09-20,1.7
Ajeromi-Ifelodun,2025-09-21,1.4
Ajeromi-Ifelodun,2025-09-22,8.5
Ajeromi-Ifelodun,2025-09-23,11.8
Ajeromi-Ifelodun,2025-09-24,9.7
Ajeromi-Ifelodun,2025-09-25,4.9
Ajeromi-Ifelodun,2025-09-26,1.5
Ajeromi-Ifelodun,2025-09-27,1.2
Ajeromi-Ifelodun,2025-09-28,19.4
Ajeromi-Ifelodun,2025-09-29,14.6
Ajeromi-Ifelodun,2025-09-30,6.2
Ajeromi-Ifelodun,2025-10-01,7.9
Ajeromi-Ifelodun,2025-10-02,1.7
Ajeromi-Ifelodun,2025-10-03,1.9
Ajeromi-Ifelodun,2025-10-04,2.0
Ajeromi-Ifelodun,2025-10-05,27.1
Ajeromi-Ifelodun,2025-10-06,13.6
Ajeromi-Ifelodun,2025-10-07,22.6
Ajeromi-Ifelodun,2025-10-08,2.3
Ajeromi-Ifelodun,2025-10-09,0.8
Ajeromi-Ifelodun,2025-10-10,12.1
Ajeromi-Ifelodun,2025-10-11,2.8
Ajeromi-Ifelodun,2025-10-12,0.9
Ajeromi-Ifelodun,2025-10-13,1.5
Ajeromi-Ifelodun,2025-10-14,0.7
Ajeromi-Ifelodun,2025-10-15,3.8
Ajeromi-Ifelodun,2025-10-16,14.4
Ajeromi-Ifelodun,2025-10-17,1.0
Ajeromi-Ifelodun,2025-10-18,6.1
Ajeromi-Ifelodun,2025-10-19,0.3
Ajeromi-Ifelodun,2025-10-20,0.4
Ajeromi-Ifelodun,2025-10-21,0.6
Ajeromi-Ifelodun,2025-10-22,1.8
Ajeromi-Ifelodun,2025-10-23,0.6
Ajeromi-Ifelodun,2025-10-24,5.0
Ajeromi-Ifelodun,2025-10-25,0.3
Ajeromi-Ifelodun,2025-10-26,4.2
Ajeromi-Ifelodun,2025-10-27,1.4
Ajeromi-Ifelodun,2025-10-28,4.4
Ajeromi-Ifelodun,2025-10-29,0.0
Ajeromi-Ifelodun,2025-10-30,7.9
Ajeromi-Ifelodun,2025-10-31,13.0
Ajeromi-Ifelodun,2025-11-01,1.3
Ajeromi-Ifelodun,2025-11-02,1.8
Ajeromi-Ifelodun,2025-11-03,7.9
Ajeromi-Ifelodun,2025-11-04,1.3
Ajeromi-Ifelodun,2025-11-05,6.0
Ajeromi-Ifelodun,2025-11-06,0.8
Ajeromi-Ifelodun,2025-11-07,6.7
Ajeromi-Ifelodun,2025-11-08,0.4
Ajeromi-Ifelodun,2025-11-09,0.9
Ajeromi-Ifelodun,2025-11-10,0.4
Ajeromi-Ifelodun,2025-11-11,1.0
Ajeromi-Ifelodun,2025-11-12,0.7
Ajeromi-Ifelodun,2025-11-13,0.3
Ajeromi-Ifelodun,2025-11-14,0.3
Ajeromi-Ifelodun,2025-11-15,0.5
Ajeromi-Ifelodun,2025-11-16,2.1
Ajeromi-Ifelodun,2025-11-17,1.5
Ajeromi-Ifelodun,2025-11-18,0.5
Ajeromi-Ifelodun,2025-11-19,0.5
Ajeromi-Ifelodun,2025-11-20,1.2
Ajeromi-Ifelodun,2025-11-21,5.4
Ajeromi-Ifelodun,2025-11-22,4.1
Ajeromi-Ifelodun,2025-11-23,0.7
Ajeromi-Ifelodun,2025-11-24,1.1
Ajeromi-Ifelodun,2025-11-25,1.0
Ajeromi-Ifelodun,2025-11-26,0.8
Ajeromi-Ifelodun,2025-11-27,0.8
Ajeromi-Ifelodun,2025-11-28,1.1
Ajeromi-Ifelodun,2025-11-29,1.0
Ajeromi-Ifelodun,2025-11-30,2.8
Ajeromi-Ifelodun,2025-12-01,0.8
Ajeromi-Ifelodun,2025-12-02,0.3
Ajeromi-Ifelodun,2025-12-03,9.2
Ajeromi-Ifelodun,2025-12-04,0.4
Ajeromi-Ifelodun,2025-12-05,0.8
Ajeromi-Ifelodun,2025-12-06,1.0
Ajeromi-Ifelodun,2025-12-07,4.3
Ajeromi-Ifelodun,2025-12-08,4.8
Ajeromi-Ifelodun,2025-12-09,0.5
Ajeromi-Ifelodun,2025-12-10,0.6
Ajeromi-Ifelodun,2025-12-11,8.4
Ajeromi-Ifelodun,2025-12-12,0.3
Ajeromi-Ifelodun,2025-12-13,1.5
Ajeromi-Ifelodun,2025-12-14,1.6
Ajeromi-Ifelodun,2025-12-15,0.6
Ajeromi-Ifelodun,2025-12-16,0.8
Ajeromi-Ifelodun,2025-12-17,0.7
Ajeromi-Ifelodun,2025-12-18,0.2
Ajeromi-Ifelodun,2025-12-19,1.6
Ajeromi-Ifelodun,2025-12-20,0.2
Ajeromi-Ifelodun,2025-12-21,0.9
Ajeromi-Ifelodun,2025-12-22,1.4
Ajeromi-Ifelodun,2025-12-23,0.4
Ajeromi-Ifelodun,2025-12-24,1.3
Ajeromi-Ifelodun,2025-12-25,0.9
Ajeromi-Ifelodun,2025-12-26,0.3
Ajeromi-Ifelodun,2025-12-27,2.2
Ajeromi-Ifelodun,2025-12-28,1.8
Ajeromi-Ifelodun,2025-12-29,3.0
Ajeromi-Ifelodun,2025-12-30,0.2
Ajeromi-Ifelodun,2025-12-31,0.2
Ajeromi-Ifelodun,2026-01-01,0.3
Ajeromi-Ifelodun,2026-01-02,4.2
Ajeromi-Ifelodun,2026-01-03,0.5
Ajeromi-Ifelodun,2026-01-04,1.4
Ajeromi-Ifelodun,2026-01-05,0.2
Ajeromi-Ifelodun,2026-01-06,0.5
Ajeromi-Ifelodun,2026-01-07,0.6
Ajeromi-Ifelodun,2026-01-08,3.5
Ajeromi-Ifelodun,2026-01-09,0.3
Ajeromi-Ifelodun,2026-01-10,1.4
Ajeromi-Ifelodun,2026-01-11,2.0
Ajeromi-Ifelodun,2026-01-12,2.7
Ajeromi-Ifelodun,2026-01-13,0.0
Ajeromi-Ifelodun,2026-01-14,0.2
Ajeromi-Ifelodun,2026-01-15,1.9
Ajeromi-Ifelodun,2026-01-16,0.6
Ajeromi-Ifelodun,2026-01-17,1.8
Ajeromi-Ifelodun,2026-01-18,2.0
Ajeromi-Ifelodun,2026-01-19,0.7
Ajeromi-Ifelodun,2026-01-20,0.8
Ajeromi-Ifelodun,2026-01-21,0.2
Ajeromi-Ifelodun,2026-01-22,0.8
Ajeromi-Ifelodun,2026-01-23,0.0
Ajeromi-Ifelodun,2026-01-24,0.0
Ajeromi-Ifelodun,2026-01-25,0.0
Ajeromi-Ifelodun,2026-01-26,0.0
Ajeromi-Ifelodun,2026-01-27,0.0
Ajeromi-Ifelodun,2026-01-28,1.3
Ajeromi-Ifelodun,2026-01-29,1.0
Ajeromi-Ifelodun,2026-01-30,4.6
Ajeromi-Ifelodun,2026-01-31,3.3
Ajeromi-Ifelodun,2026-02-01,1.9
Ajeromi-Ifelodun,2026-02-02,4.8
Ajeromi-Ifelodun,2026-02-03,0.3
Ajeromi-Ifelodun,2026-02-04,0.0
Ajeromi-Ifelodun,2026-02-05,0.3
Ajeromi-Ifelodun,2026-02-06,0.1
Ajeromi-Ifelodun,2026-02-07,0.3
Ajeromi-Ifelodun,2026-02-08,0.0
Ajeromi-Ifelodun,2026-02-09,0.2
Ajeromi-Ifelodun,2026-02-10,2.7
Ajeromi-Ifelodun,2026-02-11,0.0
Ajeromi-Ifelodun,2026-02-12,0.4
Ajeromi-Ifelodun,2026-02-13,0.0
Ajeromi-Ifelodun,2026-02-14,16.1
Ajeromi-Ifelodun,2026-02-15,0.0
Ajeromi-Ifelodun,2026-02-16,1.1
Ajeromi-Ifelodun,2026-02-17,0.9
Ajeromi-Ifelodun,2026-02-18,0.7
Ajeromi-Ifelodun,2026-02-19,1.2
Ajeromi-Ifelodun,2026-02-20,0.3
Ajeromi-Ifelodun,2026-02-21,0.0
Ajeromi-Ifelodun,2026-02-22,0.1
Ajeromi-Ifelodun,2026-02-23,2.5
Ajeromi-Ifelodun,2026-02-24,3.1
Ajeromi-Ifelodun,2026-02-25,0.4
Ajeromi-Ifelodun,2026-02-26,2.1
Ajeromi-Ifelodun,2026-02-27,0.5
Ajeromi-Ifelodun,2026-02-28,0.2
Ajeromi-Ifelodun,2026-03-01,0.0
Ajeromi-Ifelodun,2026-03-02,2.9
Ajeromi-Ifelodun,2026-03-03,0.4
Ajeromi-Ifelodun,2026-03-04,1.3
Ajeromi-Ifelodun,2026-03-05,0.3
Ajeromi-Ifelodun,2026-03-06,0.0
Ajeromi-Ifelodun,2026-03-07,0.2
Ajeromi-Ifelodun,2026-03-08,0.0
Ajeromi-Ifelodun,2026-03-09,1.9
Ajeromi-Ifelodun,2026-03-10,0.4
Ajeromi-Ifelodun,2026-03-11,0.8
Ajeromi-Ifelodun,2026-03-12,0.1
Ajeromi-Ifelodun,2026-03-13,0.3
Ajeromi-Ifelodun,2026-03-14,3.5
Ajeromi-Ifelodun,2026-03-15,0.0
Ajeromi-Ifelodun,2026-03-16,0.9
Ajeromi-Ifelodun,2026-03-17,1.4
Ajeromi-Ifelodun,2026-03-18,0.0
Ajeromi-Ifelodun,2026-03-19,0.0
Ajeromi-Ifelodun,2026-03-20,0.3
Ajeromi-Ifelodun,2026-03-21,0.9
Ajeromi-Ifelodun,2026-03-22,1.2
Ajeromi-Ifelodun,2026-03-23,0.6
Ajeromi-Ifelodun,2026-03-24,0.7
Ajeromi-Ifelodun,2026-03-25,0.2
Ajeromi-Ifelodun,2026-03-26,0.0
Ajeromi-Ifelodun,2026-03-27,0.1
Ajeromi-Ifelodun,2026-03-28,5.0
Ajeromi-Ifelodun,2026-03-29,2.1
Ajeromi-Ifelodun,2026-03-30,0.0
Ajeromi-Ifelodun,2026-03-31,1.8
Ajeromi-Ifelodun,2026-04-01,0.0
Ajeromi-Ifelodun,2026-04-02,0.3
Ajeromi-Ifelodun,2026-04-03,0.5
Ajeromi-Ifelodun,2026-04-04,0.0
Ajeromi-Ifelodun,2026-04-05,0.9
Ajeromi-Ifelodun,2026-04-06,0.4
Ajeromi-Ifelodun,2026-04-07,0.0
Ajeromi-Ifelodun,2026-04-08,1.4
Ajeromi-Ifelodun,2026-04-09,1.0
Ajeromi-Ifelodun,2026-04-10,0.0
Ajeromi-Ifelodun,2026-04-11,0.0
Ajeromi-Ifelodun,2026-04-12,0.0
Ajeromi-Ifelodun,2026-04-13,5.2
Ajeromi-Ifelodun,2026-04-14,3.0
Ajeromi-Ifelodun,2026-04-15,1.0
Ajeromi-Ifelodun,2026-04-16,0.2
Ajeromi-Ifelodun,2026-04-17,0.6
Ajeromi-Ifelodun,2026-04-18,0.3
Ajeromi-Ifelodun,2026-04-19,6.4
Ajeromi-Ifelodun,2026-04-20,0.7
Ajeromi-Ifelodun,2026-04-21,2.0
Ajeromi-Ifelodun,2026-04-22,0.4
Ajeromi-Ifelodun,2026-04-23,1.2
Ajeromi-Ifelodun,2026-04-24,2.3
Ajeromi-Ifelodun,2026-04-25,2.3
Ajeromi-Ifelodun,2026-04-26,22.8
Ajeromi-Ifelodun,2026-04-27,0.0
Ajeromi-Ifelodun,2026-04-28,6.9
Ajeromi-Ifelodun,2026-04-29,1.8
Ajeromi-Ifelodun,2026-04-30,1.9
Ajeromi-Ifelodun,2026-05-01,0.2
Ajeromi-Ifelodun,2026-05-02,1.4
Ajeromi-Ifelodun,2026-05-03,4.8
Ajeromi-Ifelodun,2026-05-04,12.9
Ajeromi-Ifelodun,2026-05-05,3.8
Ajeromi-Ifelodun,2026-05-06,10.8
Ajeromi-Ifelodun,2026-05-07,2.9
Ajeromi-Ifelodun,2026-05-08,3.5
Ajeromi-Ifelodun,2026-05-09,7.1
Ajeromi-Ifelodun,2026-05-10,1.0
Ajeromi-Ifelodun,2026-05-11,0.7
Ajeromi-Ifelodun,2026-05-12,0.5
Ajeromi-Ifelodun,2026-05-13,0.4
Ajeromi-Ifelodun,2026-05-14,3.5
Ajeromi-Ifelodun,2026-05-15,9.5
Ajeromi-Ifelodun,2026-05-16,1.5
Ajeromi-Ifelodun,2026-05-17,10.9
Ajeromi-Ifelodun,2026-05-18,5.0
Ajeromi-Ifelodun,2026-05-19,6.2
Ajeromi-Ifelodun,2026-05-20,3.7
Ajeromi-Ifelodun,2026-05-21,6.8
Ajeromi-Ifelodun,2026-05-22,17.3
Ajeromi-Ifelodun,2026-05-23,8.8
Ajeromi-Ifelodun,2026-05-24,9.7
Ajeromi-Ifelodun,2026-05-25,8.8
Ajeromi-Ifelodun,2026-05-26,7.7
Ajeromi-Ifelodun,2026-05-27,0.9
Ajeromi-Ifelodun,2026-05-28,4.6
Ajeromi-Ifelodun,2026-05-29,0.8
Ajeromi-Ifelodun,2026-05-30,8.8
Ajeromi-Ifelodun,2026-05-31,0.4
Ajeromi-Ifelodun,2026-06-01,11.3
Ajeromi-Ifelodun,2026-06-02,8.4
Ajeromi-Ifelodun,2026-06-03,3.9
Ajeromi-Ifelodun,2026-06-04,15.7
Ajeromi-Ifelodun,2026-06-05,3.4
Ajeromi-Ifelodun,2026-06-06,15.0
Ajeromi-Ifelodun,2026-06-07,6.5
Ajeromi-Ifelodun,2026-06-08,9.3
Ajeromi-Ifelodun,2026-06-09,5.5
Ajeromi-Ifelodun,2026-06-10,2.9
Ajeromi-Ifelodun,2026-06-11,0.3
Ajeromi-Ifelodun,2026-06-12,9.1
Ajeromi-Ifelodun,2026-06-13,3.2
Ajeromi-Ifelodun,2026-06-14,4.7
Ajeromi-Ifelodun,2026-06-15,5.3
Ajeromi-Ifelodun,2026-06-16,6.1
Ajeromi-Ifelodun,2026-06-17,6.2
Ajeromi-Ifelodun,2026-06-18,3.9
Ajeromi-Ifelodun,2026-06-19,2.5
Ajeromi-Ifelodun,2026-06-20,11.0
Ajeromi-Ifelodun,2026-06-21,34.2
Ajeromi-Ifelodun,2026-06-22,0.4
Ajeromi-Ifelodun,2026-06-23,0.7
Ajeromi-Ifelodun,2026-06-24,3.0
Ajeromi-Ifelodun,2026-06-25,3.7
Ajeromi-Ifelodun,2026-06-26,3.3
Ajeromi-Ifelodun,2026-06-27,2.2
Ajeromi-Ifelodun,2026-06-28,10.5
Ajeromi-Ifelodun,2026-06-29,35.7
Ajeromi-Ifelodun,2026-06-30,30.2
Ajeromi-Ifelodun,2026-07-01,2.4
Ajeromi-Ifelodun,2026-07-02,3.6
Ajeromi-Ifelodun,2026-07-03,4.6
Ajeromi-Ifelodun,2026-07-04,4.3
Ajeromi-Ifelodun,2026-07-05,1.0
Ajeromi-Ifelodun,2026-07-06,1.7
Ajeromi-Ifelodun,2026-07-07,5.8
Ajeromi-Ifelodun,2026-07-08,5.8
Ajeromi-Ifelodun,2026-07-09,9.8
Ajeromi-Ifelodun,2026-07-10,55.4
Ajeromi-Ifelodun,2026-07-11,9.5
Ajeromi-Ifelodun,2026-07-12,4.2
Ajeromi-Ifelodun,2026-07-13,22.3
Ajeromi-Ifelodun,2026-07-14,10.5
Ajeromi-Ifelodun,2026-07-15,9.1
Ajeromi-Ifelodun,2026-07-16,7.3
Ajeromi-Ifelodun,2026-07-17,1.2
Ajeromi-Ifelodun,2026-07-18,0.0
Ajeromi-Ifelodun,2026-07-19,1.5
Ajeromi-Ifelodun,2026-07-20,1.9
Ajeromi-Ifelodun,2026-07-21,0.4
Ajeromi-Ifelodun,2026-07-22,2.0
Ajeromi-Ifelodun,2026-07-23,3.5
Ajeromi-Ifelodun,2026-07-24,4.1
Ajeromi-Ifelodun,2026-07-25,0.1
Ajeromi-Ifelodun,2026-07-26,1.1
Ajeromi-Ifelodun,2026-07-27,19.1
Ajeromi-Ifelodun,2026-07-28,10.4
Ajeromi-Ifelodun,2026-07-29,21.9
Ajeromi-Ifelodun,2026-07-30,5.5
Ajeromi-Ifelodun,2026-07-31,0.6
Ajeromi-Ifelodun,2026-08-01,1.9
Ajeromi-Ifelodun,2026-08-02,5.0
Ajeromi-Ifelodun,2026-08-03,3.2
Ajeromi-Ifelodun,2026-08-04,2.3
Ajeromi-Ifelodun,2026-08-05,5.8
Ajeromi-Ifelodun,2026-08-06,4.1
Ajeromi-Ifelodun,2026-08-07,2.7
Ajeromi-Ifelodun,2026-08-08,0.4
Ajeromi-Ifelodun,2026-08-09,0.8
Ajeromi-Ifelodun,2026-08-10,0.7
Ajeromi-Ifelodun,2026-08-11,0.3
Ajeromi-Ifelodun,2026-08-12,0.5
Ajeromi-Ifelodun,2026-08-13,1.7
Ajeromi-Ifelodun,2026-08-14,1.0
Ajeromi-Ifelodun,2026-08-15,0.2
Ajeromi-Ifelodun,2026-08-16,1.8
Ajeromi-Ifelodun,2026-08-17,1.6
Ajeromi-Ifelodun,2026-08-18,2.4
Ajeromi-Ifelodun,2026-08-19,2.2
Ajeromi-Ifelodun,2026-08-20,0.6
Ajeromi-Ifelodun,2026-08-21,1.6
Ajeromi-Ifelodun,2026-08-22,10.1
Ajeromi-Ifelodun,2026-08-23,6.7
Ajeromi-Ifelodun,2026-08-24,9.9
Ajeromi-Ifelodun,2026-08-25,0.2
Ajeromi-Ifelodun,2026-08-26,1.3
Ajeromi-Ifelodun,2026-08-27,4.7
Ajeromi-Ifelodun,2026-08-28,17.8
Ajeromi-Ifelodun,2026-08-29,6.6
Ajeromi-Ifelodun,2026-08-30,15.6
Ajeromi-Ifelodun,2026-08-31,1.2
Ajeromi-Ifelodun,2026-09-01,0.1
Ikorodu,2019-01-01,0.0
Ikorodu,2019-01-02,0.0
Ikorodu,2019-01-03,0.0
Ikorodu,2019-01-04,0.0
Ikorodu,2019-01-05,0.0
Ikorodu,2019-01-06,0.0
Ikorodu,2019-01-07,0.0
Ikorodu,2019-01-08,0.0
Ikorodu,2019-01-09,0.0
Ikorodu,2019-01-10,0.0
Ikorodu,2019-01-11,0.4
Ikorodu,2019-01-12,0.0
Ikorodu,2019-01-13,0.6
Ikorodu,2019-01-14,2.8
Ikorodu,2019-01-15,1.4
Ikorodu,2019-01-16,1.9
Ikorodu,2019-01-17,2.7
Ikorodu,2019-01-18,1.0
Ikorodu,2019-01-19,1.3
Ikorodu,2019-01-20,1.3
Ikorodu,2019-01-21,2.5
Ikorodu,2019-01-22,0.5
Ikorodu,2019-01-23,1.0
Ikorodu,2019-01-24,12.4
Ikorodu,2019-01-25,0.3
Ikorodu,2019-01-26,0.5
Ikorodu,2019-01-27,4.2
Ikorodu,2019-01-28,11.1
Ikorodu,2019-01-29,11.1
Ikorodu,2019-01-30,12.1
Ikorodu,2019-01-31,1.3
Ikorodu,2019-02-01,0.7
Ikorodu,2019-02-02,8.7
Ikorodu,2019-02-03,2.7
Ikorodu,2019-02-04,1.3
Ikorodu,2019-02-05,0.8
Ikorodu,2019-02-06,1.5
Ikorodu,2019-02-07,1.6
Ikorodu,2019-02-08,0.3
Ikorodu,2019-02-09,0.1
Ikorodu,2019-02-10,0.0
Ikorodu,2019-02-11,0.0
Ikorodu,2019-02-12,0.1
Ikorodu,2019-02-13,0.0
Ikorodu,2019-02-14,0.1
Ikorodu,2019-02-15,0.6
Ikorodu,2019-02-16,0.0
Ikorodu,2019-02-17,0.1
Ikorodu,2019-02-18,0.7
Ikorodu,2019-02-19,1.4
Ikorodu,2019-02-20,0.7
Ikorodu,2019-02-21,0.8
Ikorodu,2019-02-22,2.1
Ikorodu,2019-02-23,4.9
Ikorodu,2019-02-24,13.2
Ikorodu,2019-02-25,1.3
Ikorodu,2019-02-26,10.6
Ikorodu,2019-02-27,3.2
Ikorodu,2019-02-28,2.2
Ikorodu,2019-03-01,5.3
Ikorodu,2019-03-02,0.1
Ikorodu,2019-03-03,0.0
Ikorodu,2019-03-04,4.8
Ikorodu,2019-03-05,0.7
Ikorodu,2019-03-06,9.3
Ikorodu,2019-03-07,0.9
Ikorodu,2019-03-08,0.2
Ikorodu,2019-03-09,7.0
Ikorodu,2019-03-10,3.3
Ikorodu,2019-03-11,0.5
Ikorodu,2019-03-12,1.6
Ikorodu,2019-03-13,0.8
Ikorodu,2019-03-14,0.7
Ikorodu,2019-03-15,0.6
Ikorodu,2019-03-16,6.8
Ikorodu,2019-03-17,1.0
Ikorodu,2019-03-18,0.3
Ikorodu,2019-03-19,0.4
Ikorodu,2019-03-20,4.5
Ikorodu,2019-03-21,14.2
Ikorodu,2019-03-22,1.7
Ikorodu,2019-03-23,1.2
Ikorodu,2019-03-24,2.4
Ikorodu,2019-03-25,2.1
Ikorodu,2019-03-26,0.0
Ikorodu,2019-03-27,1.1
Ikorodu,2019-03-28,0.5
Ikorodu,2019-03-29,9.1
Ikorodu,2019-03-30,4.3
Ikorodu,2019-03-31,3.1
Ikorodu,2019-04-01,0.1
Ikorodu,2019-04-02,1.1
Ikorodu,2019-04-03,0.7
Ikorodu,2019-04-04,1.9
Ikorodu,2019-04-05,4.5
Ikorodu,2019-04-06,1.5
Ikorodu,2019-04-07,12.1
Ikorodu,2019-04-08,4.1
Ikorodu,2019-04-09,0.1
Ikorodu,2019-04-10,7.4
Ikorodu,2019-04-11,9.5
Ikorodu,2019-04-12,0.5
Ikorodu,2019-04-13,1.2
Ikorodu,2019-04-14,3.7
Ikorodu,2019-04-15,0.0
Ikorodu,2019-04-16,0.0
Ikorodu,2019-04-17,1.3
Ikorodu,2019-04-18,1.3
Ikorodu,2019-04-19,0.7
Ikorodu,2019-04-20,0.4
Ikorodu,2019-04-21,0.6
Ikorodu,2019-04-22,3.9
Ikorodu,2019-04-23,13.3
Ikorodu,2019-04-24,9.0
Ikorodu,2019-04-25,10.5
Ikorodu,2019-04-26,8.9
Ikorodu,2019-04-27,1.8
Ikorodu,2019-04-28,1.7
Ikorodu,2019-04-29,8.1
Ikorodu,2019-04-30,4.9
Ikorodu,2019-05-01,4.3
Ikorodu,2019-05-02,9.9
Ikorodu,2019-05-03,14.0
Ikorodu,2019-05-04,1.0
Ikorodu,2019-05-05,0.0
Ikorodu,2019-05-06,0.0
Ikorodu,2019-05-07,1.6
Ikorodu,2019-05-08,1.2
Ikorodu,2019-05-09,0.2
Ikorodu,2019-05-10,0.4
Ikorodu,2019-05-11,19.8
Ikorodu,2019-05-12,1.7
Ikorodu,2019-05-13,4.2
Ikorodu,2019-05-14,21.1
Ikorodu,2019-05-15,27.2
Ikorodu,2019-05-16,0.5
Ikorodu,2019-05-17,0.3
Ikorodu,2019-05-18,0.0
Ikorodu,2019-05-19,2.1
Ikorodu,2019-05-20,14.1
Ikorodu,2019-05-21,6.5
Ikorodu,2019-05-22,1.4
Ikorodu,2019-05-23,2.9
Ikorodu,2019-05-24,5.2
Ikorodu,2019-05-25,6.7
Ikorodu,2019-05-26,11.4
Ikorodu,2019-05-27,7.9
Ikorodu,2019-05-28,8.6
Ikorodu,2019-05-29,5.9
Ikorodu,2019-05-30,14.4
Ikorodu,2019-05-31,123.4
Ikorodu,2019-06-01,14.2
Ikorodu,2019-06-02,1.1
Ikorodu,2019-06-03,1.5
Ikorodu,2019-06-04,10.3
Ikorodu,2019-06-05,2.9
Ikorodu,2019-06-06,5.5
Ikorodu,2019-06-07,12.1
Ikorodu,2019-06-08,1.9
Ikorodu,2019-06-09,6.6
Ikorodu,2019-06-10,9.4
Ikorodu,2019-06-11,7.3
Ikorodu,2019-06-12,7.6
Ikorodu,2019-06-13,17.3
Ikorodu,2019-06-14,14.8
Ikorodu,2019-06-15,11.8
Ikorodu,2019-06-16,3.5
Ikorodu,2019-06-17,1.5
Ikorodu,2019-06-18,3.3
Ikorodu,2019-06-19,1.2
Ikorodu,2019-06-20,23.1
Ikorodu,2019-06-21,8.1
Ikorodu,2019-06-22,6.8
Ikorodu,2019-06-23,2.9
Ikorodu,2019-06-24,4.6
Ikorodu,2019-06-25,5.5
Ikorodu,2019-06-26,13.7
Ikorodu,2019-06-27,7.1
Ikorodu,2019-06-28,18.9
Ikorodu,2019-06-29,1.5
Ikorodu,2019-06-30,5.3
Ikorodu,2019-07-01,2.0
Ikorodu,2019-07-02,0.9
Ikorodu,2019-07-03,13.4
Ikorodu,2019-07-04,9.8
Ikorodu,2019-07-05,7.1
Ikorodu,2019-07-06,2.4
Ikorodu,2019-07-07,5.1
Ikorodu,2019-07-08,3.0
Ikorodu,2019-07-09,1.0
Ikorodu,2019-07-10,4.7
Ikorodu,2019-07-11,37.3
Ikorodu,2019-07-12,31.0
Ikorodu,2019-07-13,2.0
Ikorodu,2019-07-14,0.3
Ikorodu,2019-07-15,8.3
Ikorodu,2019-07-16,16.3
Ikorodu,2019-07-17,0.4
Ikorodu,2019-07-18,8.5
Ikorodu,2019-07-19,10.7
Ikorodu,2019-07-20,16.6
Ikorodu,2019-07-21,2.2
Ikorodu,2019-07-22,2.1
Ikorodu,2019-07-23,5.2
Ikorodu,2019-07-24,3.4
Ikorodu,2019-07-25,7.2
Ikorodu,2019-07-26,19.9
Ikorodu,2019-07-27,8.6
Ikorodu,2019-07-28,11.6
Ikorodu,2019-07-29,14.7
Ikorodu,2019-07-30,1.5
Ikorodu,2019-07-31,1.6
Ikorodu,2019-08-01,3.1
Ikorodu,2019-08-02,2.0
Ikorodu,2019-08-03,1.9
Ikorodu,2019-08-04,1.7
Ikorodu,2019-08-05,0.7
Ikorodu,2019-08-06,1.0
Ikorodu,2019-08-07,1.3
Ikorodu,2019-08-08,2.7
Ikorodu,2019-08-09,7.2
Ikorodu,2019-08-10,1.7
Ikorodu,2019-08-11,1.8
Ikorodu,2019-08-12,1.5
Ikorodu,2019-08-13,7.7
Ikorodu,2019-08-14,1.3
Ikorodu,2019-08-15,2.1
Ikorodu,2019-08-16,1.4
Ikorodu,2019-08-17,1.8
Ikorodu,2019-08-18,1.3
Ikorodu,2019-08-19,5.5
Ikorodu,2019-08-20,2.1
Ikorodu,2019-08-21,1.2
Ikorodu,2019-08-22,2.8
Ikorodu,2019-08-23,13.4
Ikorodu,2019-08-24,2.3
Ikorodu,2019-08-25,11.2
Ikorodu,2019-08-26,12.7
Ikorodu,2019-08-27,5.5
Ikorodu,2019-08-28,9.2
Ikorodu,2019-08-29,1.0
Ikorodu,2019-08-30,0.9
Ikorodu,2019-08-31,8.0
Ikorodu,2019-09-01,17.0
Ikorodu,2019-09-02,9.2
Ikorodu,2019-09-03,4.2
Ikorodu,2019-09-04,13.8
Ikorodu,2019-09-05,2.8
Ikorodu,2019-09-06,20.2
Ikorodu,2019-09-07,3.8
Ikorodu,2019-09-08,5.0
Ikorodu,2019-09-09,15.8
Ikorodu,2019-09-10,20.6
Ikorodu,2019-09-11,17.8
Ikorodu,2019-09-12,6.4
Ikorodu,2019-09-13,1.1
Ikorodu,2019-09-14,11.2
Ikorodu,2019-09-15,8.4
Ikorodu,2019-09-16,8.7
Ikorodu,2019-09-17,18.7
Ikorodu,2019-09-18,12.3
Ikorodu,2019-09-19,60.7
Ikorodu,2019-09-20,0.9
Ikorodu,2019-09-21,2.0
Ikorodu,2019-09-22,6.6
Ikorodu,2019-09-23,0.9
Ikorodu,2019-09-24,1.6
Ikorodu,2019-09-25,1.0
Ikorodu,2019-09-26,1.5
Ikorodu,2019-09-27,10.1
Ikorodu,2019-09-28,5.5
Ikorodu,2019-09-29,6.2
Ikorodu,2019-09-30,14.6
Ikorodu,2019-10-01,28.3
Ikorodu,2019-10-02,16.8
Ikorodu,2019-10-03,1.5
Ikorodu,2019-10-04,20.8
Ikorodu,2019-10-05,41.3
Ikorodu,2019-10-06,12.2
Ikorodu,2019-10-07,26.5
Ikorodu,2019-10-08,22.1
Ikorodu,2019-10-09,24.0
Ikorodu,2019-10-10,3.2
Ikorodu,2019-10-11,18.9
Ikorodu,2019-10-12,22.4
Ikorodu,2019-10-13,0.5
Ikorodu,2019-10-14,1.6
Ikorodu,2019-10-15,5.2
Ikorodu,2019-10-16,12.7
Ikorodu,2019-10-17,13.3
Ikorodu,2019-10-18,11.5
Ikorodu,2019-10-19,22.3
Ikorodu,2019-10-20,26.6
Ikorodu,2019-10-21,0.9
Ikorodu,2019-10-22,2.5
Ikorodu,2019-10-23,4.6
Ikorodu,2019-10-24,12.2
Ikorodu,2019-10-25,11.2
Ikorodu,2019-10-26,11.7
Ikorodu,2019-10-27,14.6
Ikorodu,2019-10-28,8.2
Ikorodu,2019-10-29,1.4
Ikorodu,2019-10-30,2.4
Ikorodu,2019-10-31,0.4
Ikorodu,2019-11-01,2.9
Ikorodu,2019-11-02,9.3
Ikorodu,2019-11-03,5.3
Ikorodu,2019-11-04,0.5
Ikorodu,2019-11-05,1.9
Ikorodu,2019-11-06,1.8
Ikorodu,2019-11-07,0.7
Ikorodu,2019-11-08,1.2
Ikorodu,2019-11-09,1.9
Ikorodu,2019-11-10,5.7
Ikorodu,2019-11-11,7.2
Ikorodu,2019-11-12,2.2
Ikorodu,2019-11-13,0.7
Ikorodu,2019-11-14,0.1
Ikorodu,2019-11-15,6.8
Ikorodu,2019-11-16,0.6
Ikorodu,2019-11-17,0.3
Ikorodu,2019-11-18,0.8
Ikorodu,2019-11-19,1.5
Ikorodu,2019-11-20,0.1
Ikorodu,2019-11-21,1.2
Ikorodu,2019-11-22,1.0
Ikorodu,2019-11-23,1.0
Ikorodu,2019-11-24,1.2
Ikorodu,2019-11-25,0.2
Ikorodu,2019-11-26,0.5
Ikorodu,2019-11-27,2.1
Ikorodu,2019-11-28,2.0
Ikorodu,2019-11-29,0.2
Ikorodu,2019-11-30,0.0
Ikorodu,2019-12-01,0.0
Ikorodu,2019-12-02,0.4
Ikorodu,2019-12-03,2.5
Ikorodu,2019-12-04,0.4
Ikorodu,2019-12-05,2.1
Ikorodu,2019-12-06,1.9
Ikorodu,2019-12-07,0.5
Ikorodu,2019-12-08,0.8
Ikorodu,2019-12-09,0.5
Ikorodu,2019-12-10,0.0
Ikorodu,2019-12-11,0.7
Ikorodu,2019-12-12,0.2
Ikorodu,2019-12-13,0.2
Ikorodu,2019-12-14,0.5
Ikorodu,2019-12-15,4.4
Ikorodu,2019-12-16,0.0
Ikorodu,2019-12-17,0.1
Ikorodu,2019-12-18,0.0
Ikorodu,2019-12-19,0.0
Ikorodu,2019-12-20,0.1
Ikorodu,2019-12-21,1.5
Ikorodu,2019-12-22,0.0
Ikorodu,2019-12-23,0.0
Ikorodu,2019-12-24,0.0
Ikorodu,2019-12-25,0.0
Ikorodu,2019-12-26,0.0
Ikorodu,2019-12-27,0.0
Ikorodu,2019-12-28,0.0
Ikorodu,2019-12-29,0.0
Ikorodu,2019-12-30,0.0
Ikorodu,2019-12-31,0.0
Ikorodu,2020-01-01,0.0
Ikorodu,2020-01-02,0.0
Ikorodu,2020-01-03,0.0
Ikorodu,2020-01-04,0.0
Ikorodu,2020-01-05,0.0
Ikorodu,2020-01-06,0.0
Ikorodu,2020-01-07,0.0
Ikorodu,2020-01-08,0.0
Ikorodu,2020-01-09,0.0
Ikorodu,2020-01-10,0.6
Ikorodu,2020-01-11,0.8
Ikorodu,2020-01-12,0.7
Ikorodu,2020-01-13,0.2
Ikorodu,2020-01-14,0.0
Ikorodu,2020-01-15,0.0
Ikorodu,2020-01-16,0.0
Ikorodu,2020-01-17,0.1
Ikorodu,2020-01-18,0.0
Ikorodu,2020-01-19,0.0
Ikorodu,2020-01-20,0.0
Ikorodu,2020-01-21,0.0
Ikorodu,2020-01-22,0.0
Ikorodu,2020-01-23,0.0
Ikorodu,2020-01-24,0.0
Ikorodu,2020-01-25,0.0
Ikorodu,2020-01-26,0.0
Ikorodu,2020-01-27,0.0
Ikorodu,2020-01-28,0.0
Ikorodu,2020-01-29,0.0
Ikorodu,2020-01-30,0.0
Ikorodu,2020-01-31,0.4
Ikorodu,2020-02-01,0.0
Ikorodu,2020-02-02,0.1
Ikorodu,2020-02-03,0.0
Ikorodu,2020-02-04,0.2
Ikorodu,2020-02-05,0.0
Ikorodu,2020-02-06,0.0
Ikorodu,2020-02-07,0.0
Ikorodu,2020-02-08,0.0
Ikorodu,2020-02-09,0.0
Ikorodu,2020-02-10,1.5
Ikorodu,2020-02-11,0.0
Ikorodu,2020-02-12,0.0
Ikorodu,2020-02-13,0.0
Ikorodu,2020-02-14,0.0
Ikorodu,2020-02-15,0.0
Ikorodu,2020-02-16,0.0
Ikorodu,2020-02-17,0.0
Ikorodu,2020-02-18,0.4
Ikorodu,2020-02-19,0.3
Ikorodu,2020-02-20,0.0
Ikorodu,2020-02-21,0.0
Ikorodu,2020-02-22,0.0
Ikorodu,2020-02-23,0.0
Ikorodu,2020-02-24,0.0
Ikorodu,2020-02-25,0.2
Ikorodu,2020-02-26,0.2
Ikorodu,2020-02-27,0.3
Ikorodu,2020-02-28,0.1
Ikorodu,2020-02-29,0.3
Ikorodu,2020-03-01,1.1
Ikorodu,2020-03-02,2.3
Ikorodu,2020-03-03,1.6
Ikorodu,2020-03-04,0.3
Ikorodu,2020-03-05,1.3
Ikorodu,2020-03-06,6.5
Ikorodu,2020-03-07,0.6
Ikorodu,2020-03-08,0.1
Ikorodu,2020-03-09,0.0
Ikorodu,2020-03-10,0.1
Ikorodu,2020-03-11,1.6
Ikorodu,2020-03-12,1.6
Ikorodu,2020-03-13,3.7
Ikorodu,2020-03-14,6.6
Ikorodu,2020-03-15,0.1
Ikorodu,2020-03-16,0.0
Ikorodu,2020-03-17,0.0
Ikorodu,2020-03-18,0.2
Ikorodu,2020-03-19,1.6
Ikorodu,2020-03-20,0.8
Ikorodu,2020-03-21,1.0
Ikorodu,2020-03-22,0.1
Ikorodu,2020-03-23,0.5
Ikorodu,2020-03-24,3.4
Ikorodu,2020-03-25,5.9
Ikorodu,2020-03-26,0.2
Ikorodu,2020-03-27,1.2
Ikorodu,2020-03-28,0.3
Ikorodu,2020-03-29,0.5
Ikorodu,2020-03-30,0.5
Ikorodu,2020-03-31,0.0
Ikorodu,2020-04-01,1.1
Ikorodu,2020-04-02,0.0
Ikorodu,2020-04-03,0.9
Ikorodu,2020-04-04,1.3
Ikorodu,2020-04-05,0.0
Ikorodu,2020-04-06,0.2
Ikorodu,2020-04-07,0.0
Ikorodu,2020-04-08,0.0
Ikorodu,2020-04-09,0.5
Ikorodu,2020-04-10,2.2
Ikorodu,2020-04-11,0.5
Ikorodu,2020-04-12,0.8
Ikorodu,2020-04-13,0.3
Ikorodu,2020-04-14,0.7
Ikorodu,2020-04-15,0.3
Ikorodu,2020-04-16,0.6
Ikorodu,2020-04-17,5.8
Ikorodu,2020-04-18,4.1
Ikorodu,2020-04-19,6.5
Ikorodu,2020-04-20,0.8
Ikorodu,2020-04-21,0.3
Ikorodu,2020-04-22,3.2
Ikorodu,2020-04-23,3.6
Ikorodu,2020-04-24,1.0
Ikorodu,2020-04-25,7.8
Ikorodu,2020-04-26,5.5
Ikorodu,2020-04-27,0.6
Ikorodu,2020-04-28,0.0
Ikorodu,2020-04-29,0.7
Ikorodu,2020-04-30,0.9
Ikorodu,2020-05-01,0.0
Ikorodu,2020-05-02,0.8
Ikorodu,2020-05-03,8.1
Ikorodu,2020-05-04,0.3
Ikorodu,2020-05-05,0.3
Ikorodu,2020-05-06,1.6
Ikorodu,2020-05-07,0.4
Ikorodu,2020-05-08,4.2
Ikorodu,2020-05-09,6.4
Ikorodu,2020-05-10,15.7
Ikorodu,2020-05-11,8.9
Ikorodu,2020-05-12,1.6
Ikorodu,2020-05-13,1.2
Ikorodu,2020-05-14,0.3
Ikorodu,2020-05-15,0.1
Ikorodu,2020-05-16,7.6
Ikorodu,2020-05-17,1.7
Ikorodu,2020-05-18,1.1
Ikorodu,2020-05-19,11.6
Ikorodu,2020-05-20,1.8
Ikorodu,2020-05-21,14.3
Ikorodu,2020-05-22,11.7
Ikorodu,2020-05-23,2.2
Ikorodu,2020-05-24,4.1
Ikorodu,2020-05-25,16.0
Ikorodu,2020-05-26,0.0
Ikorodu,2020-05-27,0.5
Ikorodu,2020-05-28,16.9
Ikorodu,2020-05-29,6.4
Ikorodu,2020-05-30,12.7
Ikorodu,2020-05-31,7.9
Ikorodu,2020-06-01,8.3
Ikorodu,2020-06-02,0.1
Ikorodu,2020-06-03,0.7
Ikorodu,2020-06-04,7.3
Ikorodu,2020-06-05,3.4
Ikorodu,2020-06-06,5.6
Ikorodu,2020-06-07,12.6
Ikorodu,2020-06-08,1.1
Ikorodu,2020-06-09,2.7
Ikorodu,2020-06-10,9.5
Ikorodu,2020-06-11,8.7
Ikorodu,2020-06-12,10.5
Ikorodu,2020-06-13,2.3
Ikorodu,2020-06-14,3.6
Ikorodu,2020-06-15,2.5
Ikorodu,2020-06-16,5.1
Ikorodu,2020-06-17,7.8
Ikorodu,2020-06-18,40.6
Ikorodu,2020-06-19,8.8
Ikorodu,2020-06-20,10.3
Ikorodu,2020-06-21,12.6
Ikorodu,2020-06-22,19.6
Ikorodu,2020-06-23,1.4
Ikorodu,2020-06-24,4.6
Ikorodu,2020-06-25,2.4
Ikorodu,2020-06-26,2.6
Ikorodu,2020-06-27,5.9
Ikorodu,2020-06-28,13.0
Ikorodu,2020-06-29,40.2
Ikorodu,2020-06-30,11.6
Ikorodu,2020-07-01,9.4
Ikorodu,2020-07-02,1.2
Ikorodu,2020-07-03,1.5
Ikorodu,2020-07-04,30.0
Ikorodu,2020-07-05,15.6
Ikorodu,2020-07-06,10.6
Ikorodu,2020-07-07,19.1
Ikorodu,2020-07-08,15.8
Ikorodu,2020-07-09,17.4
Ikorodu,2020-07-10,6.0
Ikorodu,2020-07-11,14.8
Ikorodu,2020-07-12,7.4
Ikorodu,2020-07-13,2.6
Ikorodu,2020-07-14,1.5
Ikorodu,2020-07-15,1.2
Ikorodu,2020-07-16,4.1
Ikorodu,2020-07-17,15.5
Ikorodu,2020-07-18,1.7
Ikorodu,2020-07-19,1.1
Ikorodu,2020-07-20,5.1
Ikorodu,2020-07-21,17.5
Ikorodu,2020-07-22,1.6
Ikorodu,2020-07-23,1.6
Ikorodu,2020-07-24,2.6
Ikorodu,2020-07-25,1.2
Ikorodu,2020-07-26,4.2
Ikorodu,2020-07-27,1.3
Ikorodu,2020-07-28,2.2
Ikorodu,2020-07-29,1.0
Ikorodu,2020-07-30,2.0
Ikorodu,2020-07-31,2.4
Ikorodu,2020-08-01,1.8
Ikorodu,2020-08-02,1.2
Ikorodu,2020-08-03,0.6
Ikorodu,2020-08-04,0.0
Ikorodu,2020-08-05,0.6
Ikorodu,2020-08-06,0.6
Ikorodu,2020-08-07,1.4
Ikorodu,2020-08-08,0.5
Ikorodu,2020-08-09,0.4
Ikorodu,2020-08-10,1.3
Ikorodu,2020-08-11,0.7
Ikorodu,2020-08-12,0.0
Ikorodu,2020-08-13,0.1
Ikorodu,2020-08-14,1.7
Ikorodu,2020-08-15,1.6
Ikorodu,2020-08-16,0.4
Ikorodu,2020-08-17,1.8
Ikorodu,2020-08-18,1.5
Ikorodu,2020-08-19,1.2
Ikorodu,2020-08-20,0.5
Ikorodu,2020-08-21,3.9
Ikorodu,2020-08-22,2.0
Ikorodu,2020-08-23,1.4
Ikorodu,2020-08-24,0.4
Ikorodu,2020-08-25,0.2
Ikorodu,2020-08-26,1.8
Ikorodu,2020-08-27,1.9
Ikorodu,2020-08-28,1.3
Ikorodu,2020-08-29,1.4
Ikorodu,2020-08-30,1.2
Ikorodu,2020-08-31,8.8
Ikorodu,2020-09-01,3.3
Ikorodu,2020-09-02,1.9
Ikorodu,2020-09-03,2.0
Ikorodu,2020-09-04,6.2
Ikorodu,2020-09-05,2.2
Ikorodu,2020-09-06,1.8
Ikorodu,2020-09-07,2.8
Ikorodu,2020-09-08,1.8
Ikorodu,2020-09-09,105.9
Ikorodu,2020-09-10,1.9
Ikorodu,2020-09-11,1.6
Ikorodu,2020-09-12,13.1
Ikorodu,2020-09-13,17.8
Ikorodu,2020-09-14,9.9
Ikorodu,2020-09-15,16.0
Ikorodu,2020-09-16,12.6
Ikorodu,2020-09-17,3.9
Ikorodu,2020-09-18,2.6
Ikorodu,2020-09-19,11.8
Ikorodu,2020-09-20,8.1
Ikorodu,2020-09-21,10.2
Ikorodu,2020-09-22,19.1
Ikorodu,2020-09-23,4.9
Ikorodu,2020-09-24,1.5
Ikorodu,2020-09-25,1.3
Ikorodu,2020-09-26,3.8
Ikorodu,2020-09-27,4.6
Ikorodu,2020-09-28,10.8
Ikorodu,2020-09-29,11.8
Ikorodu,2020-09-30,14.8
Ikorodu,2020-10-01,2.3
Ikorodu,2020-10-02,2.2
Ikorodu,2020-10-03,3.1
Ikorodu,2020-10-04,2.6
Ikorodu,2020-10-05,7.1
Ikorodu,2020-10-06,18.8
Ikorodu,2020-10-07,2.8
Ikorodu,2020-10-08,19.2
Ikorodu,2020-10-09,17.8
Ikorodu,2020-10-10,8.5
Ikorodu,2020-10-11,16.8
Ikorodu,2020-10-12,0.8
Ikorodu,2020-10-13,5.5
Ikorodu,2020-10-14,5.8
Ikorodu,2020-10-15,7.2
Ikorodu,2020-10-16,6.8
Ikorodu,2020-10-17,13.6
Ikorodu,2020-10-18,5.8
Ikorodu,2020-10-19,1.3
Ikorodu,2020-10-20,1.5
Ikorodu,2020-10-21,1.3
Ikorodu,2020-10-22,1.6
Ikorodu,2020-10-23,1.6
Ikorodu,2020-10-24,7.7
Ikorodu,2020-10-25,6.2
Ikorodu,2020-10-26,4.6
Ikorodu,2020-10-27,7.3
Ikorodu,2020-10-28,2.7
Ikorodu,2020-10-29,1.4
Ikorodu,2020-10-30,0.6
Ikorodu,2020-10-31,2.0
Ikorodu,2020-11-01,2.6
Ikorodu,2020-11-02,2.1
Ikorodu,2020-11-03,3.0
Ikorodu,2020-11-04,6.6
Ikorodu,2020-11-05,4.6
Ikorodu,2020-11-06,2.8
Ikorodu,2020-11-07,6.7
Ikorodu,2020-11-08,0.3
Ikorodu,2020-11-09,3.7
Ikorodu,2020-11-10,1.3
Ikorodu,2020-11-11,1.7
Ikorodu,2020-11-12,1.5
Ikorodu,2020-11-13,0.0
Ikorodu,2020-11-14,0.4
Ikorodu,2020-11-15,1.2
Ikorodu,2020-11-16,3.4
Ikorodu,2020-11-17,2.0
Ikorodu,2020-11-18,0.5
Ikorodu,2020-11-19,1.8
Ikorodu,2020-11-20,1.5
Ikorodu,2020-11-21,3.9
Ikorodu,2020-11-22,0.1
Ikorodu,2020-11-23,1.7
Ikorodu,2020-11-24,2.0
Ikorodu,2020-11-25,2.7
Ikorodu,2020-11-26,1.7
Ikorodu,2020-11-27,4.4
Ikorodu,2020-11-28,1.5
Ikorodu,2020-11-29,0.1
Ikorodu,2020-11-30,0.1
Ikorodu,2020-12-01,1.0
Ikorodu,2020-12-02,0.4
Ikorodu,2020-12-03,1.0
Ikorodu,2020-12-04,1.3
Ikorodu,2020-12-05,0.9
Ikorodu,2020-12-06,2.0
Ikorodu,2020-12-07,1.0
Ikorodu,2020-12-08,2.5
Ikorodu,2020-12-09,1.5
Ikorodu,2020-12-10,1.0
Ikorodu,2020-12-11,1.1
Ikorodu,2020-12-12,1.8
Ikorodu,2020-12-13,1.3
Ikorodu,2020-12-14,1.6
Ikorodu,2020-12-15,1.1
Ikorodu,2020-12-16,1.6
Ikorodu,2020-12-17,0.8
Ikorodu,2020-12-18,0.0
Ikorodu,2020-12-19,0.8
Ikorodu,2020-12-20,0.9
Ikorodu,2020-12-21,1.8
Ikorodu,2020-12-22,0.6
Ikorodu,2020-12-23,1.7
Ikorodu,2020-12-24,2.8
Ikorodu,2020-12-25,0.2
Ikorodu,2020-12-26,0.0
Ikorodu,2020-12-27,0.0
Ikorodu,2020-12-28,0.0
Ikorodu,2020-12-29,0.0
Ikorodu,2020-12-30,0.0
Ikorodu,2020-12-31,0.1
Ikorodu,2021-01-01,0.0
Ikorodu,2021-01-02,0.5
Ikorodu,2021-01-03,1.0
Ikorodu,2021-01-04,1.6
Ikorodu,2021-01-05,1.7
Ikorodu,2021-01-06,2.2
Ikorodu,2021-01-07,1.9
Ikorodu,2021-01-08,1.1
Ikorodu,2021-01-09,0.1
Ikorodu,2021-01-10,0.3
Ikorodu,2021-01-11,0.4
Ikorodu,2021-01-12,0.0
Ikorodu,2021-01-13,0.4
Ikorodu,2021-01-14,1.8
Ikorodu,2021-01-15,1.1
Ikorodu,2021-01-16,2.0
Ikorodu,2021-01-17,0.1
Ikorodu,2021-01-18,1.4
Ikorodu,2021-01-19,0.0
Ikorodu,2021-01-20,0.0
Ikorodu,2021-01-21,0.0
Ikorodu,2021-01-22,0.0
Ikorodu,2021-01-23,0.0
Ikorodu,2021-01-24,0.0
Ikorodu,2021-01-25,0.0
Ikorodu,2021-01-26,0.0
Ikorodu,2021-01-27,0.0
Ikorodu,2021-01-28,3.7
Ikorodu,2021-01-29,0.6
Ikorodu,2021-01-30,0.4
Ikorodu,2021-01-31,0.1
Ikorodu,2021-02-01,3.3
Ikorodu,2021-02-02,0.7
Ikorodu,2021-02-03,1.5
Ikorodu,2021-02-04,1.2
Ikorodu,2021-02-05,3.1
Ikorodu,2021-02-06,1.3
Ikorodu,2021-02-07,0.3
Ikorodu,2021-02-08,0.8
Ikorodu,2021-02-09,0.5
Ikorodu,2021-02-10,0.8
Ikorodu,2021-02-11,0.9
Ikorodu,2021-02-12,1.0
Ikorodu,2021-02-13,4.2
Ikorodu,2021-02-14,2.3
Ikorodu,2021-02-15,3.4
Ikorodu,2021-02-16,3.0
Ikorodu,2021-02-17,1.4
Ikorodu,2021-02-18,0.1
Ikorodu,2021-02-19,0.0
Ikorodu,2021-02-20,0.0
Ikorodu,2021-02-21,0.0
Ikorodu,2021-02-22,0.0
Ikorodu,2021-02-23,0.4
Ikorodu,2021-02-24,0.8
Ikorodu,2021-02-25,0.7
Ikorodu,2021-02-26,0.9
Ikorodu,2021-02-27,1.0
Ikorodu,2021-02-28,0.2
Ikorodu,2021-03-01,0.5
Ikorodu,2021-03-02,0.7
Ikorodu,2021-03-03,0.1
Ikorodu,2021-03-04,0.3
Ikorodu,2021-03-05,1.8
Ikorodu,2021-03-06,2.0
Ikorodu,2021-03-07,2.2
Ikorodu,2021-03-08,1.4
Ikorodu,2021-03-09,2.1
Ikorodu,2021-03-10,3.5
Ikorodu,2021-03-11,2.6
Ikorodu,2021-03-12,3.3
Ikorodu,2021-03-13,11.1
Ikorodu,2021-03-14,1.3
Ikorodu,2021-03-15,0.0
Ikorodu,2021-03-16,0.1
Ikorodu,2021-03-17,14.2
Ikorodu,2021-03-18,3.6
Ikorodu,2021-03-19,0.8
Ikorodu,2021-03-20,0.0
Ikorodu,2021-03-21,0.3
Ikorodu,2021-03-22,16.5
Ikorodu,2021-03-23,14.7
Ikorodu,2021-03-24,2.1
Ikorodu,2021-03-25,1.3
Ikorodu,2021-03-26,0.0
Ikorodu,2021-03-27,1.1
Ikorodu,2021-03-28,0.7
Ikorodu,2021-03-29,0.0
Ikorodu,2021-03-30,0.5
Ikorodu,2021-03-31,0.4
Ikorodu,2021-04-01,0.9
Ikorodu,2021-04-02,2.0
Ikorodu,2021-04-03,3.6
Ikorodu,2021-04-04,1.0
Ikorodu,2021-04-05,1.3
Ikorodu,2021-04-06,0.8
Ikorodu,2021-04-07,1.6
Ikorodu,2021-04-08,3.1
Ikorodu,2021-04-09,1.3
Ikorodu,2021-04-10,0.0
Ikorodu,2021-04-11,0.1
Ikorodu,2021-04-12,0.1
Ikorodu,2021-04-13,3.1
Ikorodu,2021-04-14,2.0
Ikorodu,2021-04-15,0.1
Ikorodu,2021-04-16,3.7
Ikorodu,2021-04-17,2.8
Ikorodu,2021-04-18,7.8
Ikorodu,2021-04-19,0.0
Ikorodu,2021-04-20,0.8
Ikorodu,2021-04-21,0.5
Ikorodu,2021-04-22,0.4
Ikorodu,2021-04-23,0.7
Ikorodu,2021-04-24,5.3
Ikorodu,2021-04-25,0.5
Ikorodu,2021-04-26,1.1
Ikorodu,2021-04-27,0.9
Ikorodu,2021-04-28,0.4
Ikorodu,2021-04-29,0.1
Ikorodu,2021-04-30,0.8
Ikorodu,2021-05-01,1.1
Ikorodu,2021-05-02,0.4
Ikorodu,2021-05-03,10.3
Ikorodu,2021-05-04,1.7
Ikorodu,2021-05-05,2.1
Ikorodu,2021-05-06,1.1
Ikorodu,2021-05-07,2.7
Ikorodu,2021-05-08,1.4
Ikorodu,2021-05-09,0.8
Ikorodu,2021-05-10,0.0
Ikorodu,2021-05-11,0.8
Ikorodu,2021-05-12,1.8
Ikorodu,2021-05-13,0.6
Ikorodu,2021-05-14,1.9
Ikorodu,2021-05-15,4.4
Ikorodu,2021-05-16,1.6
Ikorodu,2021-05-17,6.6
Ikorodu,2021-05-18,2.4
Ikorodu,2021-05-19,2.7
Ikorodu,2021-05-20,19.8
Ikorodu,2021-05-21,1.8
Ikorodu,2021-05-22,0.9
Ikorodu,2021-05-23,0.0
Ikorodu,2021-05-24,0.0
Ikorodu,2021-05-25,1.5
Ikorodu,2021-05-26,2.6
Ikorodu,2021-05-27,7.8
Ikorodu,2021-05-28,2.0
Ikorodu,2021-05-29,6.8
Ikorodu,2021-05-30,11.3
Ikorodu,2021-05-31,3.4
Ikorodu,2021-06-01,1.8
Ikorodu,2021-06-02,1.6
Ikorodu,2021-06-03,1.3
Ikorodu,2021-06-04,10.0
Ikorodu,2021-06-05,4.5
Ikorodu,2021-06-06,1.2
Ikorodu,2021-06-07,1.1
Ikorodu,2021-06-08,1.1
Ikorodu,2021-06-09,9.0
Ikorodu,2021-06-10,1.1
Ikorodu,2021-06-11,0.8
Ikorodu,2021-06-12,0.4
Ikorodu,2021-06-13,0.5
Ikorodu,2021-06-14,0.2
Ikorodu,2021-06-15,5.5
Ikorodu,2021-06-16,15.3
Ikorodu,2021-06-17,5.5
Ikorodu,2021-06-18,7.6
Ikorodu,2021-06-19,4.8
Ikorodu,2021-06-20,29.7
Ikorodu,2021-06-21,32.8
Ikorodu,2021-06-22,1.6
Ikorodu,2021-06-23,17.9
Ikorodu,2021-06-24,9.3
Ikorodu,2021-06-25,5.8
Ikorodu,2021-06-26,19.1
Ikorodu,2021-06-27,0.0
Ikorodu,2021-06-28,8.5
Ikorodu,2021-06-29,21.2
Ikorodu,2021-06-30,15.8
Ikorodu,2021-07-01,4.4
Ikorodu,2021-07-02,26.1
Ikorodu,2021-07-03,25.6
Ikorodu,2021-07-04,6.5
Ikorodu,2021-07-05,6.2
Ikorodu,2021-07-06,1.4
Ikorodu,2021-07-07,2.3
Ikorodu,2021-07-08,6.7
Ikorodu,2021-07-09,21.6
Ikorodu,2021-07-10,2.2
Ikorodu,2021-07-11,1.2
Ikorodu,2021-07-12,2.1
Ikorodu,2021-07-13,0.8
Ikorodu,2021-07-14,4.2
Ikorodu,2021-07-15,6.5
Ikorodu,2021-07-16,53.5
Ikorodu,2021-07-17,2.7
Ikorodu,2021-07-18,1.0
Ikorodu,2021-07-19,8.2
Ikorodu,2021-07-20,5.1
Ikorodu,2021-07-21,1.1
Ikorodu,2021-07-22,0.6
Ikorodu,2021-07-23,1.3
Ikorodu,2021-07-24,1.2
Ikorodu,2021-07-25,0.6
Ikorodu,2021-07-26,1.2
Ikorodu,2021-07-27,0.3
Ikorodu,2021-07-28,1.3
Ikorodu,2021-07-29,0.9
Ikorodu,2021-07-30,0.7
Ikorodu,2021-07-31,1.9
Ikorodu,2021-08-01,1.9
Ikorodu,2021-08-02,0.6
Ikorodu,2021-08-03,7.9
Ikorodu,2021-08-04,21.5
Ikorodu,2021-08-05,17.1
Ikorodu,2021-08-06,2.1
Ikorodu,2021-08-07,16.9
Ikorodu,2021-08-08,14.6
Ikorodu,2021-08-09,2.0
Ikorodu,2021-08-10,3.5
Ikorodu,2021-08-11,1.3
Ikorodu,2021-08-12,2.8
Ikorodu,2021-08-13,2.3
Ikorodu,2021-08-14,1.5
Ikorodu,2021-08-15,2.3
Ikorodu,2021-08-16,1.8
Ikorodu,2021-08-17,11.6
Ikorodu,2021-08-18,2.0
Ikorodu,2021-08-19,9.9
Ikorodu,2021-08-20,17.9
Ikorodu,2021-08-21,30.8
Ikorodu,2021-08-22,9.9
Ikorodu,2021-08-23,3.6
Ikorodu,2021-08-24,16.2
Ikorodu,2021-08-25,10.1
Ikorodu,2021-08-26,3.9
Ikorodu,2021-08-27,15.2
Ikorodu,2021-08-28,5.4
Ikorodu,2021-08-29,6.6
Ikorodu,2021-08-30,24.6
Ikorodu,2021-08-31,1.4
Ikorodu,2021-09-01,9.2
Ikorodu,2021-09-02,14.5
Ikorodu,2021-09-03,15.0
Ikorodu,2021-09-04,18.8
Ikorodu,2021-09-05,5.2
Ikorodu,2021-09-06,7.3
Ikorodu,2021-09-07,1.7
Ikorodu,2021-09-08,4.5
Ikorodu,2021-09-09,1.1
Ikorodu,2021-09-10,6.5
Ikorodu,2021-09-11,15.3
Ikorodu,2021-09-12,0.7
Ikorodu,2021-09-13,12.3
Ikorodu,2021-09-14,3.6
Ikorodu,2021-09-15,8.7
Ikorodu,2021-09-16,1.6
Ikorodu,2021-09-17,0.9
Ikorodu,2021-09-18,8.2
Ikorodu,2021-09-19,6.5
Ikorodu,2021-09-20,0.0
Ikorodu,2021-09-21,12.8
Ikorodu,2021-09-22,19.3
Ikorodu,2021-09-23,2.4
Ikorodu,2021-09-24,5.5
Ikorodu,2021-09-25,25.4
Ikorodu,2021-09-26,1.4
Ikorodu,2021-09-27,1.1
Ikorodu,2021-09-28,2.5
Ikorodu,2021-09-29,2.9
Ikorodu,2021-09-30,27.7
Ikorodu,2021-10-01,7.8
Ikorodu,2021-10-02,2.5
Ikorodu,2021-10-03,2.3
Ikorodu,2021-10-04,1.3
Ikorodu,2021-10-05,2.8
Ikorodu,2021-10-06,14.1
Ikorodu,2021-10-07,2.8
Ikorodu,2021-10-08,1.6
Ikorodu,2021-10-09,11.3
Ikorodu,2021-10-10,8.1
Ikorodu,2021-10-11,1.9
Ikorodu,2021-10-12,1.7
Ikorodu,2021-10-13,7.0
Ikorodu,2021-10-14,9.6
Ikorodu,2021-10-15,2.4
Ikorodu,2021-10-16,2.3
Ikorodu,2021-10-17,8.4
Ikorodu,2021-10-18,10.9
Ikorodu,2021-10-19,8.8
Ikorodu,2021-10-20,3.6
Ikorodu,2021-10-21,22.7
Ikorodu,2021-10-22,11.4
Ikorodu,2021-10-23,18.8
Ikorodu,2021-10-24,2.3
Ikorodu,2021-10-25,2.5
Ikorodu,2021-10-26,5.9
Ikorodu,2021-10-27,11.8
Ikorodu,2021-10-28,2.2
Ikorodu,2021-10-29,0.8
Ikorodu,2021-10-30,0.7
Ikorodu,2021-10-31,0.9
Ikorodu,2021-11-01,1.3
Ikorodu,2021-11-02,0.3
Ikorodu,2021-11-03,0.0
Ikorodu,2021-11-04,2.8
Ikorodu,2021-11-05,0.7
Ikorodu,2021-11-06,0.1
Ikorodu,2021-11-07,11.2
Ikorodu,2021-11-08,1.1
Ikorodu,2021-11-09,10.4
Ikorodu,2021-11-10,1.7
Ikorodu,2021-11-11,12.9
Ikorodu,2021-11-12,0.9
Ikorodu,2021-11-13,1.6
Ikorodu,2021-11-14,0.5
Ikorodu,2021-11-15,1.3
Ikorodu,2021-11-16,1.5
Ikorodu,2021-11-17,1.2
Ikorodu,2021-11-18,1.9
Ikorodu,2021-11-19,4.2
Ikorodu,2021-11-20,0.6
Ikorodu,2021-11-21,0.8
Ikorodu,2021-11-22,1.5
Ikorodu,2021-11-23,1.7
Ikorodu,2021-11-24,1.0
Ikorodu,2021-11-25,1.7
Ikorodu,2021-11-26,5.0
Ikorodu,2021-11-27,0.9
Ikorodu,2021-11-28,0.3
Ikorodu,2021-11-29,0.9
Ikorodu,2021-11-30,1.0
Ikorodu,2021-12-01,0.1
Ikorodu,2021-12-02,0.2
Ikorodu,2021-12-03,0.0
Ikorodu,2021-12-04,0.2
Ikorodu,2021-12-05,1.2
Ikorodu,2021-12-06,0.8
Ikorodu,2021-12-07,0.8
Ikorodu,2021-12-08,0.7
Ikorodu,2021-12-09,0.0
Ikorodu,2021-12-10,0.1
Ikorodu,2021-12-11,0.1
Ikorodu,2021-12-12,0.0
Ikorodu,2021-12-13,0.0
Ikorodu,2021-12-14,0.9
Ikorodu,2021-12-15,0.3
Ikorodu,2021-12-16,0.0
Ikorodu,2021-12-17,0.0
Ikorodu,2021-12-18,0.0
Ikorodu,2021-12-19,0.0
Ikorodu,2021-12-20,0.0
Ikorodu,2021-12-21,0.0
Ikorodu,2021-12-22,0.0
Ikorodu,2021-12-23,0.0
Ikorodu,2021-12-24,0.0
Ikorodu,2021-12-25,0.0
Ikorodu,2021-12-26,0.4
Ikorodu,2021-12-27,0.1
Ikorodu,2021-12-28,0.5
Ikorodu,2021-12-29,3.4
Ikorodu,2021-12-30,0.0
Ikorodu,2021-12-31,0.9
Ikorodu,2022-01-01,1.1
Ikorodu,2022-01-02,0.7
Ikorodu,2022-01-03,0.0
Ikorodu,2022-01-04,0.0
Ikorodu,2022-01-05,0.0
Ikorodu,2022-01-06,0.0
Ikorodu,2022-01-07,0.4
Ikorodu,2022-01-08,1.9
Ikorodu,2022-01-09,0.0
Ikorodu,2022-01-10,0.0
Ikorodu,2022-01-11,0.9
Ikorodu,2022-01-12,0.2
Ikorodu,2022-01-13,5.8
Ikorodu,2022-01-14,0.3
Ikorodu,2022-01-15,0.1
Ikorodu,2022-01-16,0.0
Ikorodu,2022-01-17,0.0
Ikorodu,2022-01-18,0.2
Ikorodu,2022-01-19,0.7
Ikorodu,2022-01-20,0.0
Ikorodu,2022-01-21,0.0
Ikorodu,2022-01-22,0.0
Ikorodu,2022-01-23,0.0
Ikorodu,2022-01-24,0.0
Ikorodu,2022-01-25,0.0
Ikorodu,2022-01-26,0.0
Ikorodu,2022-01-27,0.0
Ikorodu,2022-01-28,0.0
Ikorodu,2022-01-29,0.0
Ikorodu,2022-01-30,0.0
Ikorodu,2022-01-31,0.0
Ikorodu,2022-02-01,0.0
Ikorodu,2022-02-02,0.0
Ikorodu,2022-02-03,0.0
Ikorodu,2022-02-04,0.2
Ikorodu,2022-02-05,0.6
Ikorodu,2022-02-06,0.0
Ikorodu,2022-02-07,0.0
Ikorodu,2022-02-08,0.6
Ikorodu,2022-02-09,0.7
Ikorodu,2022-02-10,0.8
Ikorodu,2022-02-11,0.6
Ikorodu,2022-02-12,0.2
Ikorodu,2022-02-13,0.4
Ikorodu,2022-02-14,0.2
Ikorodu,2022-02-15,0.6
Ikorodu,2022-02-16,2.6
Ikorodu,2022-02-17,1.8
Ikorodu,2022-02-18,0.8
Ikorodu,2022-02-19,1.3
Ikorodu,2022-02-20,0.3
Ikorodu,2022-02-21,1.5
Ikorodu,2022-02-22,0.6
Ikorodu,2022-02-23,1.0
Ikorodu,2022-02-24,0.6
Ikorodu,2022-02-25,1.9
Ikorodu,2022-02-26,1.6
Ikorodu,2022-02-27,4.6
Ikorodu,2022-02-28,0.0
Ikorodu,2022-03-01,2.1
Ikorodu,2022-03-02,2.0
Ikorodu,2022-03-03,0.8
Ikorodu,2022-03-04,11.1
Ikorodu,2022-03-05,0.9
Ikorodu,2022-03-06,3.0
Ikorodu,2022-03-07,0.4
Ikorodu,2022-03-08,0.2
Ikorodu,2022-03-09,0.8
Ikorodu,2022-03-10,1.8
Ikorodu,2022-03-11,5.7
Ikorodu,2022-03-12,3.6
Ikorodu,2022-03-13,5.7
Ikorodu,2022-03-14,0.3
Ikorodu,2022-03-15,1.4
Ikorodu,2022-03-16,1.7
Ikorodu,2022-03-17,1.4
Ikorodu,2022-03-18,1.4
Ikorodu,2022-03-19,2.6
Ikorodu,2022-03-20,1.3
Ikorodu,2022-03-21,1.2
Ikorodu,2022-03-22,3.4
Ikorodu,2022-03-23,1.1
Ikorodu,2022-03-24,4.4
Ikorodu,2022-03-25,2.1
Ikorodu,2022-03-26,0.8
Ikorodu,2022-03-27,0.7
Ikorodu,2022-03-28,1.6
Ikorodu,2022-03-29,2.6
Ikorodu,2022-03-30,0.6
Ikorodu,2022-03-31,0.7
Ikorodu,2022-04-01,5.3
Ikorodu,2022-04-02,3.9
Ikorodu,2022-04-03,1.0
Ikorodu,2022-04-04,5.6
Ikorodu,2022-04-05,2.4
Ikorodu,2022-04-06,1.6
Ikorodu,2022-04-07,1.3
Ikorodu,2022-04-08,0.9
Ikorodu,2022-04-09,0.4
Ikorodu,2022-04-10,0.1
Ikorodu,2022-04-11,1.1
Ikorodu,2022-04-12,7.1
Ikorodu,2022-04-13,2.7
Ikorodu,2022-04-14,0.9
Ikorodu,2022-04-15,8.1
Ikorodu,2022-04-16,10.5
Ikorodu,2022-04-17,8.7
Ikorodu,2022-04-18,0.2
Ikorodu,2022-04-19,1.9
Ikorodu,2022-04-20,1.6
Ikorodu,2022-04-21,4.2
Ikorodu,2022-04-22,0.0
Ikorodu,2022-04-23,0.2
Ikorodu,2022-04-24,1.1
Ikorodu,2022-04-25,0.0
Ikorodu,2022-04-26,9.6
Ikorodu,2022-04-27,29.4
Ikorodu,2022-04-28,3.0
Ikorodu,2022-04-29,2.5
Ikorodu,2022-04-30,1.2
Ikorodu,2022-05-01,0.6
Ikorodu,2022-05-02,1.6
Ikorodu,2022-05-03,0.0
Ikorodu,2022-05-04,4.6
Ikorodu,2022-05-05,0.1
Ikorodu,2022-05-06,11.0
Ikorodu,2022-05-07,0.4
Ikorodu,2022-05-08,0.3
Ikorodu,2022-05-09,12.4
Ikorodu,2022-05-10,0.6
Ikorodu,2022-05-11,2.3
Ikorodu,2022-05-12,1.1
Ikorodu,2022-05-13,10.5
Ikorodu,2022-05-14,0.4
Ikorodu,2022-05-15,1.5
Ikorodu,2022-05-16,1.2
Ikorodu,2022-05-17,0.6
Ikorodu,2022-05-18,1.0
Ikorodu,2022-05-19,9.7
Ikorodu,2022-05-20,5.2
Ikorodu,2022-05-21,28.8
Ikorodu,2022-05-22,11.0
Ikorodu,2022-05-23,0.9
Ikorodu,2022-05-24,0.7
Ikorodu,2022-05-25,4.1
Ikorodu,2022-05-26,33.0
Ikorodu,2022-05-27,3.7
Ikorodu,2022-05-28,0.8
Ikorodu,2022-05-29,1.0
Ikorodu,2022-05-30,3.0
Ikorodu,2022-05-31,3.3
Ikorodu,2022-06-01,0.2
Ikorodu,2022-06-02,1.5
Ikorodu,2022-06-03,2.3
Ikorodu,2022-06-04,10.2
Ikorodu,2022-06-05,13.6
Ikorodu,2022-06-06,6.6
Ikorodu,2022-06-07,0.3
Ikorodu,2022-06-08,6.6
Ikorodu,2022-06-09,2.8
Ikorodu,2022-06-10,2.0
Ikorodu,2022-06-11,13.1
Ikorodu,2022-06-12,2.6
Ikorodu,2022-06-13,7.3
Ikorodu,2022-06-14,21.7
Ikorodu,2022-06-15,14.0
Ikorodu,2022-06-16,51.0
Ikorodu,2022-06-17,1.8
Ikorodu,2022-06-18,11.0
Ikorodu,2022-06-19,0.3
Ikorodu,2022-06-20,4.4
Ikorodu,2022-06-21,11.9
Ikorodu,2022-06-22,2.8
Ikorodu,2022-06-23,1.9
Ikorodu,2022-06-24,8.3
Ikorodu,2022-06-25,0.5
Ikorodu,2022-06-26,16.2
Ikorodu,2022-06-27,7.3
Ikorodu,2022-06-28,6.1
Ikorodu,2022-06-29,23.9
Ikorodu,2022-06-30,24.3
Ikorodu,2022-07-01,15.8
Ikorodu,2022-07-02,1.1
Ikorodu,2022-07-03,2.4
Ikorodu,2022-07-04,1.2
Ikorodu,2022-07-05,19.0
Ikorodu,2022-07-06,3.3
Ikorodu,2022-07-07,1.2
Ikorodu,2022-07-08,23.6
Ikorodu,2022-07-09,10.4
Ikorodu,2022-07-10,2.0
Ikorodu,2022-07-11,6.7
Ikorodu,2022-07-12,6.0
Ikorodu,2022-07-13,2.8
Ikorodu,2022-07-14,1.6
Ikorodu,2022-07-15,2.4
Ikorodu,2022-07-16,6.3
Ikorodu,2022-07-17,0.8
Ikorodu,2022-07-18,1.4
Ikorodu,2022-07-19,0.4
Ikorodu,2022-07-20,2.2
Ikorodu,2022-07-21,2.1
Ikorodu,2022-07-22,1.9
Ikorodu,2022-07-23,2.1
Ikorodu,2022-07-24,1.6
Ikorodu,2022-07-25,4.4
Ikorodu,2022-07-26,12.3
Ikorodu,2022-07-27,2.5
Ikorodu,2022-07-28,0.8
Ikorodu,2022-07-29,2.2
Ikorodu,2022-07-30,0.6
Ikorodu,2022-07-31,5.9
Ikorodu,2022-08-01,6.0
Ikorodu,2022-08-02,3.5
Ikorodu,2022-08-03,1.8
Ikorodu,2022-08-04,1.2
Ikorodu,2022-08-05,0.8
Ikorodu,2022-08-06,2.1
Ikorodu,2022-08-07,0.9
Ikorodu,2022-08-08,0.6
Ikorodu,2022-08-09,1.3
Ikorodu,2022-08-10,0.2
Ikorodu,2022-08-11,7.0
Ikorodu,2022-08-12,3.4
Ikorodu,2022-08-13,2.2
Ikorodu,2022-08-14,3.3
Ikorodu,2022-08-15,3.9
Ikorodu,2022-08-16,1.5
Ikorodu,2022-08-17,0.2
Ikorodu,2022-08-18,0.6
Ikorodu,2022-08-19,11.2
Ikorodu,2022-08-20,0.9
Ikorodu,2022-08-21,0.1
Ikorodu,2022-08-22,3.2
Ikorodu,2022-08-23,11.3
Ikorodu,2022-08-24,1.9
Ikorodu,2022-08-25,0.6
Ikorodu,2022-08-26,19.2
Ikorodu,2022-08-27,12.1
Ikorodu,2022-08-28,1.3
Ikorodu,2022-08-29,1.4
Ikorodu,2022-08-30,19.1
Ikorodu,2022-08-31,6.9
Ikorodu,2022-09-01,4.8
Ikorodu,2022-09-02,2.9
Ikorodu,2022-09-03,1.6
Ikorodu,2022-09-04,8.1
Ikorodu,2022-09-05,2.2
Ikorodu,2022-09-06,0.9
Ikorodu,2022-09-07,0.8
Ikorodu,2022-09-08,6.3
Ikorodu,2022-09-09,2.6
Ikorodu,2022-09-10,1.2
Ikorodu,2022-09-11,5.4
Ikorodu,2022-09-12,14.6
Ikorodu,2022-09-13,0.7
Ikorodu,2022-09-14,1.6
Ikorodu,2022-09-15,11.3
Ikorodu,2022-09-16,0.8
Ikorodu,2022-09-17,1.5
Ikorodu,2022-09-18,7.2
Ikorodu,2022-09-19,17.3
Ikorodu,2022-09-20,1.8
Ikorodu,2022-09-21,10.1
Ikorodu,2022-09-22,7.6
Ikorodu,2022-09-23,1.7
Ikorodu,2022-09-24,9.9
Ikorodu,2022-09-25,5.7
Ikorodu,2022-09-26,15.7
Ikorodu,2022-09-27,7.2
Ikorodu,2022-09-28,13.7
Ikorodu,2022-09-29,4.5
Ikorodu,2022-09-30,17.1
Ikorodu,2022-10-01,7.5
Ikorodu,2022-10-02,0.5
Ikorodu,2022-10-03,0.3
Ikorodu,2022-10-04,10.3
Ikorodu,2022-10-05,4.0
Ikorodu,2022-10-06,8.2
Ikorodu,2022-10-07,4.3
Ikorodu,2022-10-08,0.1
Ikorodu,2022-10-09,27.8
Ikorodu,2022-10-10,9.5
Ikorodu,2022-10-11,0.9
Ikorodu,2022-10-12,12.7
Ikorodu,2022-10-13,14.5
Ikorodu,2022-10-14,2.5
Ikorodu,2022-10-15,27.4
Ikorodu,2022-10-16,1.6
Ikorodu,2022-10-17,2.0
Ikorodu,2022-10-18,5.9
Ikorodu,2022-10-19,0.6
Ikorodu,2022-10-20,0.2
Ikorodu,2022-10-21,0.6
Ikorodu,2022-10-22,1.4
Ikorodu,2022-10-23,9.5
Ikorodu,2022-10-24,3.4
Ikorodu,2022-10-25,7.1
Ikorodu,2022-10-26,0.9
Ikorodu,2022-10-27,0.6
Ikorodu,2022-10-28,0.6
Ikorodu,2022-10-29,0.2
Ikorodu,2022-10-30,1.0
Ikorodu,2022-10-31,0.2
Ikorodu,2022-11-01,1.8
Ikorodu,2022-11-02,0.0
Ikorodu,2022-11-03,0.5
Ikorodu,2022-11-04,2.7
Ikorodu,2022-11-05,1.5
Ikorodu,2022-11-06,2.3
Ikorodu,2022-11-07,0.5
Ikorodu,2022-11-08,0.6
Ikorodu,2022-11-09,0.9
Ikorodu,2022-11-10,0.5
Ikorodu,2022-11-11,2.6
Ikorodu,2022-11-12,3.8
Ikorodu,2022-11-13,1.0
Ikorodu,2022-11-14,1.7
Ikorodu,2022-11-15,0.3
Ikorodu,2022-11-16,0.0
Ikorodu,2022-11-17,0.1
Ikorodu,2022-11-18,1.0
Ikorodu,2022-11-19,1.1
Ikorodu,2022-11-20,1.2
Ikorodu,2022-11-21,0.0
Ikorodu,2022-11-22,1.5
Ikorodu,2022-11-23,0.7
Ikorodu,2022-11-24,0.0
Ikorodu,2022-11-25,0.0
Ikorodu,2022-11-26,0.0
Ikorodu,2022-11-27,1.0
Ikorodu,2022-11-28,5.4
Ikorodu,2022-11-29,0.4
Ikorodu,2022-11-30,1.4
Ikorodu,2022-12-01,6.3
Ikorodu,2022-12-02,3.7
Ikorodu,2022-12-03,0.3
Ikorodu,2022-12-04,0.6
Ikorodu,2022-12-05,0.5
Ikorodu,2022-12-06,0.2
Ikorodu,2022-12-07,1.6
Ikorodu,2022-12-08,0.6
Ikorodu,2022-12-09,0.0
Ikorodu,2022-12-10,0.0
Ikorodu,2022-12-11,0.0
Ikorodu,2022-12-12,0.4
Ikorodu,2022-12-13,0.7
Ikorodu,2022-12-14,0.0
Ikorodu,2022-12-15,0.4
Ikorodu,2022-12-16,0.6
Ikorodu,2022-12-17,0.9
Ikorodu,2022-12-18,0.2
Ikorodu,2022-12-19,0.0
Ikorodu,2022-12-20,0.0
Ikorodu,2022-12-21,0.0
Ikorodu,2022-12-22,0.2
Ikorodu,2022-12-23,0.0
Ikorodu,2022-12-24,0.0
Ikorodu,2022-12-25,0.0
Ikorodu,2022-12-26,0.0
Ikorodu,2022-12-27,0.0
Ikorodu,2022-12-28,0.0
Ikorodu,2022-12-29,0.0
Ikorodu,2022-12-30,0.0
Ikorodu,2022-12-31,0.0
Ikorodu,2023-01-01,0.0
Ikorodu,2023-01-02,0.0
Ikorodu,2023-01-03,0.0
Ikorodu,2023-01-04,0.0
Ikorodu,2023-01-05,0.0
Ikorodu,2023-01-06,0.0
Ikorodu,2023-01-07,0.0
Ikorodu,2023-01-08,0.0
Ikorodu,2023-01-09,0.0
Ikorodu,2023-01-10,0.0
Ikorodu,2023-01-11,0.0
Ikorodu,2023-01-12,0.0
Ikorodu,2023-01-13,0.0
Ikorodu,2023-01-14,0.0
Ikorodu,2023-01-15,0.5
Ikorodu,2023-01-16,0.0
Ikorodu,2023-01-17,0.0
Ikorodu,2023-01-18,0.0
Ikorodu,2023-01-19,0.0
Ikorodu,2023-01-20,0.6
Ikorodu,2023-01-21,2.2
Ikorodu,2023-01-22,1.1
Ikorodu,2023-01-23,0.5
Ikorodu,2023-01-24,2.6
Ikorodu,2023-01-25,1.0
Ikorodu,2023-01-26,0.3
Ikorodu,2023-01-27,1.8
Ikorodu,2023-01-28,2.9
Ikorodu,2023-01-29,6.8
Ikorodu,2023-01-30,0.3
Ikorodu,2023-01-31,0.2
Ikorodu,2023-02-01,0.0
Ikorodu,2023-02-02,1.0
Ikorodu,2023-02-03,0.5
Ikorodu,2023-02-04,0.8
Ikorodu,2023-02-05,1.8
Ikorodu,2023-02-06,3.3
Ikorodu,2023-02-07,0.5
Ikorodu,2023-02-08,1.2
Ikorodu,2023-02-09,1.0
Ikorodu,2023-02-10,0.5
Ikorodu,2023-02-11,0.3
Ikorodu,2023-02-12,1.0
Ikorodu,2023-02-13,0.0
Ikorodu,2023-02-14,0.1
Ikorodu,2023-02-15,0.0
Ikorodu,2023-02-16,0.0
Ikorodu,2023-02-17,0.0
Ikorodu,2023-02-18,0.0
Ikorodu,2023-02-19,0.0
Ikorodu,2023-02-20,0.0
Ikorodu,2023-02-21,0.0
Ikorodu,2023-02-22,0.8
Ikorodu,2023-02-23,1.3
Ikorodu,2023-02-24,4.3
Ikorodu,2023-02-25,0.8
Ikorodu,2023-02-26,0.3
Ikorodu,2023-02-27,0.0
Ikorodu,2023-02-28,0.9
Ikorodu,2023-03-01,0.0
Ikorodu,2023-03-02,1.7
Ikorodu,2023-03-03,7.7
Ikorodu,2023-03-04,3.6
Ikorodu,2023-03-05,0.0
Ikorodu,2023-03-06,8.7
Ikorodu,2023-03-07,0.6
Ikorodu,2023-03-08,0.6
Ikorodu,2023-03-09,10.0
Ikorodu,2023-03-10,0.1
Ikorodu,2023-03-11,3.1
Ikorodu,2023-03-12,2.1
Ikorodu,2023-03-13,0.7
Ikorodu,2023-03-14,0.8
Ikorodu,2023-03-15,2.5
Ikorodu,2023-03-16,12.9
Ikorodu,2023-03-17,0.0
Ikorodu,2023-03-18,1.8
Ikorodu,2023-03-19,6.7
Ikorodu,2023-03-20,0.1
Ikorodu,2023-03-21,1.4
Ikorodu,2023-03-22,0.6
Ikorodu,2023-03-23,1.9
Ikorodu,2023-03-24,3.2
Ikorodu,2023-03-25,0.0
Ikorodu,2023-03-26,1.6
Ikorodu,2023-03-27,0.4
Ikorodu,2023-03-28,0.5
Ikorodu,2023-03-29,1.3
Ikorodu,2023-03-30,2.1
Ikorodu,2023-03-31,20.2
Ikorodu,2023-04-01,0.8
Ikorodu,2023-04-02,0.7
Ikorodu,2023-04-03,3.7
Ikorodu,2023-04-04,13.8
Ikorodu,2023-04-05,0.0
Ikorodu,2023-04-06,0.3
Ikorodu,2023-04-07,1.1
Ikorodu,2023-04-08,4.8
Ikorodu,2023-04-09,2.2
Ikorodu,2023-04-10,0.8
Ikorodu,2023-04-11,0.8
Ikorodu,2023-04-12,1.8
Ikorodu,2023-04-13,0.4
Ikorodu,2023-04-14,0.4
Ikorodu,2023-04-15,4.0
Ikorodu,2023-04-16,2.0
Ikorodu,2023-04-17,4.4
Ikorodu,2023-04-18,0.1
Ikorodu,2023-04-19,1.6
Ikorodu,2023-04-20,0.5
Ikorodu,2023-04-21,3.7
Ikorodu,2023-04-22,0.9
Ikorodu,2023-04-23,7.2
Ikorodu,2023-04-24,3.6
Ikorodu,2023-04-25,0.7
Ikorodu,2023-04-26,1.0
Ikorodu,2023-04-27,16.3
Ikorodu,2023-04-28,0.7
Ikorodu,2023-04-29,18.4
Ikorodu,2023-04-30,2.9
Ikorodu,2023-05-01,1.2
Ikorodu,2023-05-02,6.0
Ikorodu,2023-05-03,1.1
Ikorodu,2023-05-04,1.5
Ikorodu,2023-05-05,1.3
Ikorodu,2023-05-06,0.5
Ikorodu,2023-05-07,2.5
Ikorodu,2023-05-08,0.8
Ikorodu,2023-05-09,1.1
Ikorodu,2023-05-10,0.0
Ikorodu,2023-05-11,3.5
Ikorodu,2023-05-12,2.3
Ikorodu,2023-05-13,0.2
Ikorodu,2023-05-14,15.6
Ikorodu,2023-05-15,43.1
Ikorodu,2023-05-16,1.0
Ikorodu,2023-05-17,4.0
Ikorodu,2023-05-18,3.7
Ikorodu,2023-05-19,2.8
Ikorodu,2023-05-20,1.8
Ikorodu,2023-05-21,5.4
Ikorodu,2023-05-22,2.2
Ikorodu,2023-05-23,3.0
Ikorodu,2023-05-24,1.1
Ikorodu,2023-05-25,0.7
Ikorodu,2023-05-26,1.3
Ikorodu,2023-05-27,1.0
Ikorodu,2023-05-28,1.5
Ikorodu,2023-05-29,5.1
Ikorodu,2023-05-30,1.3
Ikorodu,2023-05-31,6.5
Ikorodu,2023-06-01,4.0
Ikorodu,2023-06-02,2.9
Ikorodu,2023-06-03,4.2
Ikorodu,2023-06-04,0.7
Ikorodu,2023-06-05,1.4
Ikorodu,2023-06-06,32.1
Ikorodu,2023-06-07,16.7
Ikorodu,2023-06-08,14.2
Ikorodu,2023-06-09,5.7
Ikorodu,2023-06-10,9.5
Ikorodu,2023-06-11,19.1
Ikorodu,2023-06-12,0.3
Ikorodu,2023-06-13,0.1
Ikorodu,2023-06-14,12.3
Ikorodu,2023-06-15,19.6
Ikorodu,2023-06-16,22.8
Ikorodu,2023-06-17,3.8
Ikorodu,2023-06-18,4.5
Ikorodu,2023-06-19,1.3
Ikorodu,2023-06-20,0.9
Ikorodu,2023-06-21,18.5
Ikorodu,2023-06-22,13.1
Ikorodu,2023-06-23,11.1
Ikorodu,2023-06-24,33.9
Ikorodu,2023-06-25,5.6
Ikorodu,2023-06-26,0.0
Ikorodu,2023-06-27,0.3
Ikorodu,2023-06-28,32.6
Ikorodu,2023-06-29,2.6
Ikorodu,2023-06-30,0.5
Ikorodu,2023-07-01,1.7
Ikorodu,2023-07-02,4.5
Ikorodu,2023-07-03,5.9
Ikorodu,2023-07-04,14.4
Ikorodu,2023-07-05,1.0
Ikorodu,2023-07-06,2.0
Ikorodu,2023-07-07,14.8
Ikorodu,2023-07-08,14.8
Ikorodu,2023-07-09,24.7
Ikorodu,2023-07-10,1.2
Ikorodu,2023-07-11,4.1
Ikorodu,2023-07-12,41.0
Ikorodu,2023-07-13,2.7
Ikorodu,2023-07-14,2.3
Ikorodu,2023-07-15,1.9
Ikorodu,2023-07-16,9.0
Ikorodu,2023-07-17,1.7
Ikorodu,2023-07-18,6.0
Ikorodu,2023-07-19,2.1
Ikorodu,2023-07-20,2.8
Ikorodu,2023-07-21,11.0
Ikorodu,2023-07-22,15.7
Ikorodu,2023-07-23,31.2
Ikorodu,2023-07-24,24.7
Ikorodu,2023-07-25,0.6
Ikorodu,2023-07-26,1.5
Ikorodu,2023-07-27,5.0
Ikorodu,2023-07-28,9.2
Ikorodu,2023-07-29,5.4
Ikorodu,2023-07-30,6.3
Ikorodu,2023-07-31,12.3
Ikorodu,2023-08-01,17.3
Ikorodu,2023-08-02,2.4
Ikorodu,2023-08-03,2.2
Ikorodu,2023-08-04,2.1
Ikorodu,2023-08-05,1.6
Ikorodu,2023-08-06,1.6
Ikorodu,2023-08-07,1.2
Ikorodu,2023-08-08,4.1
Ikorodu,2023-08-09,6.0
Ikorodu,2023-08-10,2.5
Ikorodu,2023-08-11,1.7
Ikorodu,2023-08-12,2.1
Ikorodu,2023-08-13,12.2
Ikorodu,2023-08-14,16.9
Ikorodu,2023-08-15,4.4
Ikorodu,2023-08-16,3.4
Ikorodu,2023-08-17,3.4
Ikorodu,2023-08-18,10.1
Ikorodu,2023-08-19,4.5
Ikorodu,2023-08-20,4.3
Ikorodu,2023-08-21,0.6
Ikorodu,2023-08-22,1.5
Ikorodu,2023-08-23,5.4
Ikorodu,2023-08-24,1.8
Ikorodu,2023-08-25,1.8
Ikorodu,2023-08-26,1.4
Ikorodu,2023-08-27,10.9
Ikorodu,2023-08-28,6.5
Ikorodu,2023-08-29,2.0
Ikorodu,2023-08-30,20.6
Ikorodu,2023-08-31,2.6
Ikorodu,2023-09-01,8.3
Ikorodu,2023-09-02,8.8
Ikorodu,2023-09-03,17.2
Ikorodu,2023-09-04,2.7
Ikorodu,2023-09-05,16.4
Ikorodu,2023-09-06,2.0
Ikorodu,2023-09-07,0.5
Ikorodu,2023-09-08,13.0
Ikorodu,2023-09-09,25.9
Ikorodu,2023-09-10,2.6
Ikorodu,2023-09-11,1.5
Ikorodu,2023-09-12,3.0
Ikorodu,2023-09-13,13.5
Ikorodu,2023-09-14,6.4
Ikorodu,2023-09-15,6.2
Ikorodu,2023-09-16,22.7
Ikorodu,2023-09-17,7.3
Ikorodu,2023-09-18,11.0
Ikorodu,2023-09-19,10.1
Ikorodu,2023-09-20,3.4
Ikorodu,2023-09-21,1.0
Ikorodu,2023-09-22,7.2
Ikorodu,2023-09-23,2.8
Ikorodu,2023-09-24,47.7
Ikorodu,2023-09-25,3.5
Ikorodu,2023-09-26,3.0
Ikorodu,2023-09-27,1.1
Ikorodu,2023-09-28,1.8
Ikorodu,2023-09-29,13.7
Ikorodu,2023-09-30,2.1
Ikorodu,2023-10-01,2.3
Ikorodu,2023-10-02,2.5
Ikorodu,2023-10-03,4.3
Ikorodu,2023-10-04,2.1
Ikorodu,2023-10-05,13.9
Ikorodu,2023-10-06,0.8
Ikorodu,2023-10-07,24.9
Ikorodu,2023-10-08,19.2
Ikorodu,2023-10-09,18.5
Ikorodu,2023-10-10,1.1
Ikorodu,2023-10-11,1.7
Ikorodu,2023-10-12,11.9
Ikorodu,2023-10-13,2.5
Ikorodu,2023-10-14,4.7
Ikorodu,2023-10-15,4.0
Ikorodu,2023-10-16,1.7
Ikorodu,2023-10-17,11.6
Ikorodu,2023-10-18,0.0
Ikorodu,2023-10-19,3.0
Ikorodu,2023-10-20,1.7
Ikorodu,2023-10-21,1.8
Ikorodu,2023-10-22,1.1
Ikorodu,2023-10-23,1.2
Ikorodu,2023-10-24,1.5
Ikorodu,2023-10-25,2.3
Ikorodu,2023-10-26,2.9
Ikorodu,2023-10-27,1.7
Ikorodu,2023-10-28,1.2
Ikorodu,2023-10-29,0.0
Ikorodu,2023-10-30,3.2
Ikorodu,2023-10-31,0.6
Ikorodu,2023-11-01,1.2
Ikorodu,2023-11-02,0.8
Ikorodu,2023-11-03,0.4
Ikorodu,2023-11-04,1.9
Ikorodu,2023-11-05,2.4
Ikorodu,2023-11-06,3.6
Ikorodu,2023-11-07,4.1
Ikorodu,2023-11-08,1.6
Ikorodu,2023-11-09,0.0
Ikorodu,2023-11-10,0.4
Ikorodu,2023-11-11,2.2
Ikorodu,2023-11-12,1.9
Ikorodu,2023-11-13,0.9
Ikorodu,2023-11-14,1.0
Ikorodu,2023-11-15,1.7
Ikorodu,2023-11-16,0.0
Ikorodu,2023-11-17,0.2
Ikorodu,2023-11-18,1.5
Ikorodu,2023-11-19,0.0
Ikorodu,2023-11-20,0.8
Ikorodu,2023-11-21,0.0
Ikorodu,2023-11-22,0.8
Ikorodu,2023-11-23,1.0
Ikorodu,2023-11-24,0.4
Ikorodu,2023-11-25,7.6
Ikorodu,2023-11-26,19.7
Ikorodu,2023-11-27,0.0
Ikorodu,2023-11-28,1.1
Ikorodu,2023-11-29,0.5
Ikorodu,2023-11-30,1.1
Ikorodu,2023-12-01,1.5
Ikorodu,2023-12-02,0.9
Ikorodu,2023-12-03,0.1
Ikorodu,2023-12-04,0.0
Ikorodu,2023-12-05,0.4
Ikorodu,2023-12-06,1.3
Ikorodu,2023-12-07,0.6
Ikorodu,2023-12-08,0.0
Ikorodu,2023-12-09,0.2
Ikorodu,2023-12-10,1.0
Ikorodu,2023-12-11,0.0
Ikorodu,2023-12-12,0.9
Ikorodu,2023-12-13,0.0
Ikorodu,2023-12-14,0.0
Ikorodu,2023-12-15,0.0
Ikorodu,2023-12-16,0.0
Ikorodu,2023-12-17,0.0
Ikorodu,2023-12-18,0.0
Ikorodu,2023-12-19,0.0
Ikorodu,2023-12-20,0.0
Ikorodu,2023-12-21,0.0
Ikorodu,2023-12-22,0.0
Ikorodu,2023-12-23,0.0
Ikorodu,2023-12-24,0.0
Ikorodu,2023-12-25,0.0
Ikorodu,2023-12-26,0.0
Ikorodu,2023-12-27,0.0
Ikorodu,2023-12-28,0.0
Ikorodu,2023-12-29,0.0
Ikorodu,2023-12-30,0.0
Ikorodu,2023-12-31,0.1
Ikorodu,2024-01-01,0.0
Ikorodu,2024-01-02,0.1
Ikorodu,2024-01-03,0.7
Ikorodu,2024-01-04,0.6
Ikorodu,2024-01-05,0.7
Ikorodu,2024-01-06,1.2
Ikorodu,2024-01-07,0.9
Ikorodu,2024-01-08,0.4
Ikorodu,2024-01-09,1.5
Ikorodu,2024-01-10,0.1
Ikorodu,2024-01-11,0.0
Ikorodu,2024-01-12,0.2
Ikorodu,2024-01-13,0.0
Ikorodu,2024-01-14,0.5
Ikorodu,2024-01-15,0.0
Ikorodu,2024-01-16,0.0
Ikorodu,2024-01-17,0.0
Ikorodu,2024-01-18,0.0
Ikorodu,2024-01-19,0.0
Ikorodu,2024-01-20,0.0
Ikorodu,2024-01-21,0.0
Ikorodu,2024-01-22,0.0
Ikorodu,2024-01-23,0.0
Ikorodu,2024-01-24,1.1
Ikorodu,2024-01-25,0.0
Ikorodu,2024-01-26,0.0
Ikorodu,2024-01-27,0.0
Ikorodu,2024-01-28,0.0
Ikorodu,2024-01-29,0.0
Ikorodu,2024-01-30,0.0
Ikorodu,2024-01-31,0.0
Ikorodu,2024-02-01,0.2
Ikorodu,2024-02-02,0.0
Ikorodu,2024-02-03,0.0
Ikorodu,2024-02-04,0.0
Ikorodu,2024-02-05,0.0
Ikorodu,2024-02-06,0.0
Ikorodu,2024-02-07,0.0
Ikorodu,2024-02-08,0.0
Ikorodu,2024-02-09,0.0
Ikorodu,2024-02-10,0.0
Ikorodu,2024-02-11,0.0
Ikorodu,2024-02-12,0.5
Ikorodu,2024-02-13,0.8
Ikorodu,2024-02-14,0.9
Ikorodu,2024-02-15,0.8
Ikorodu,2024-02-16,0.1
Ikorodu,2024-02-17,1.1
Ikorodu,2024-02-18,1.8
Ikorodu,2024-02-19,1.0
Ikorodu,2024-02-20,10.4
Ikorodu,2024-02-21,1.1
Ikorodu,2024-02-22,6.2
Ikorodu,2024-02-23,0.0
Ikorodu,2024-02-24,0.0
Ikorodu,2024-02-25,0.0
Ikorodu,2024-02-26,0.8
Ikorodu,2024-02-27,1.1
Ikorodu,2024-02-28,1.3
Ikorodu,2024-02-29,0.4
Ikorodu,2024-03-01,2.2
Ikorodu,2024-03-02,3.4
Ikorodu,2024-03-03,2.5
Ikorodu,2024-03-04,0.0
Ikorodu,2024-03-05,0.4
Ikorodu,2024-03-06,1.7
Ikorodu,2024-03-07,6.7
Ikorodu,2024-03-08,0.8
Ikorodu,2024-03-09,3.4
Ikorodu,2024-03-10,0.0
Ikorodu,2024-03-11,0.2
Ikorodu,2024-03-12,1.2
Ikorodu,2024-03-13,1.0
Ikorodu,2024-03-14,10.1
Ikorodu,2024-03-15,0.0
Ikorodu,2024-03-16,0.1
Ikorodu,2024-03-17,0.5
Ikorodu,2024-03-18,0.3
Ikorodu,2024-03-19,0.6
Ikorodu,2024-03-20,2.7
Ikorodu,2024-03-21,13.1
Ikorodu,2024-03-22,0.0
Ikorodu,2024-03-23,1.3
Ikorodu,2024-03-24,0.0
Ikorodu,2024-03-25,2.4
Ikorodu,2024-03-26,0.0
Ikorodu,2024-03-27,0.1
Ikorodu,2024-03-28,3.1
Ikorodu,2024-03-29,17.0
Ikorodu,2024-03-30,1.2
Ikorodu,2024-03-31,0.4
Ikorodu,2024-04-01,6.8
Ikorodu,2024-04-02,1.4
Ikorodu,2024-04-03,0.6
Ikorodu,2024-04-04,0.8
Ikorodu,2024-04-05,8.3
Ikorodu,2024-04-06,14.9
Ikorodu,2024-04-07,1.1
Ikorodu,2024-04-08,0.0
Ikorodu,2024-04-09,0.3
Ikorodu,2024-04-10,4.6
Ikorodu,2024-04-11,1.7
Ikorodu,2024-04-12,0.0
Ikorodu,2024-04-13,1.1
Ikorodu,2024-04-14,0.8
Ikorodu,2024-04-15,1.1
Ikorodu,2024-04-16,0.7
Ikorodu,2024-04-17,0.3
Ikorodu,2024-04-18,0.3
Ikorodu,2024-04-19,2.0
Ikorodu,2024-04-20,0.0
Ikorodu,2024-04-21,3.3
Ikorodu,2024-04-22,1.1
Ikorodu,2024-04-23,0.6
Ikorodu,2024-04-24,0.0
Ikorodu,2024-04-25,0.7
Ikorodu,2024-04-26,1.4
Ikorodu,2024-04-27,0.2
Ikorodu,2024-04-28,0.2
Ikorodu,2024-04-29,1.4
Ikorodu,2024-04-30,0.5
Ikorodu,2024-05-01,0.2
Ikorodu,2024-05-02,0.6
Ikorodu,2024-05-03,10.0
Ikorodu,2024-05-04,0.3
Ikorodu,2024-05-05,0.6
Ikorodu,2024-05-06,4.0
Ikorodu,2024-05-07,1.8
Ikorodu,2024-05-08,1.1
Ikorodu,2024-05-09,0.1
Ikorodu,2024-05-10,0.0
Ikorodu,2024-05-11,0.2
Ikorodu,2024-05-12,1.6
Ikorodu,2024-05-13,0.1
Ikorodu,2024-05-14,0.0
Ikorodu,2024-05-15,3.1
Ikorodu,2024-05-16,6.2
Ikorodu,2024-05-17,1.3
Ikorodu,2024-05-18,18.0
Ikorodu,2024-05-19,1.3
Ikorodu,2024-05-20,0.3
Ikorodu,2024-05-21,0.7
Ikorodu,2024-05-22,2.1
Ikorodu,2024-05-23,1.7
Ikorodu,2024-05-24,15.4
Ikorodu,2024-05-25,16.8
Ikorodu,2024-05-26,1.4
Ikorodu,2024-05-27,0.5
Ikorodu,2024-05-28,3.3
Ikorodu,2024-05-29,0.6
Ikorodu,2024-05-30,1.0
Ikorodu,2024-05-31,23.2
Ikorodu,2024-06-01,6.0
Ikorodu,2024-06-02,11.3
Ikorodu,2024-06-03,2.1
Ikorodu,2024-06-04,2.2
Ikorodu,2024-06-05,0.7
Ikorodu,2024-06-06,8.0
Ikorodu,2024-06-07,5.1
Ikorodu,2024-06-08,14.0
Ikorodu,2024-06-09,10.2
Ikorodu,2024-06-10,3.2
Ikorodu,2024-06-11,9.0
Ikorodu,2024-06-12,1.4
Ikorodu,2024-06-13,0.6
Ikorodu,2024-06-14,10.5
Ikorodu,2024-06-15,12.7
Ikorodu,2024-06-16,4.9
Ikorodu,2024-06-17,1.0
Ikorodu,2024-06-18,0.9
Ikorodu,2024-06-19,1.7
Ikorodu,2024-06-20,15.0
Ikorodu,2024-06-21,22.0
Ikorodu,2024-06-22,1.4
Ikorodu,2024-06-23,1.3
Ikorodu,2024-06-24,9.5
Ikorodu,2024-06-25,39.2
Ikorodu,2024-06-26,4.8
Ikorodu,2024-06-27,0.6
Ikorodu,2024-06-28,7.4
Ikorodu,2024-06-29,15.6
Ikorodu,2024-06-30,1.1
Ikorodu,2024-07-01,1.6
Ikorodu,2024-07-02,14.0
Ikorodu,2024-07-03,39.3
Ikorodu,2024-07-04,16.7
Ikorodu,2024-07-05,7.0
Ikorodu,2024-07-06,23.3
Ikorodu,2024-07-07,6.4
Ikorodu,2024-07-08,10.3
Ikorodu,2024-07-09,1.8
Ikorodu,2024-07-10,16.5
Ikorodu,2024-07-11,6.9
Ikorodu,2024-07-12,5.1
Ikorodu,2024-07-13,1.9
Ikorodu,2024-07-14,11.3
Ikorodu,2024-07-15,1.7
Ikorodu,2024-07-16,1.8
Ikorodu,2024-07-17,1.6
Ikorodu,2024-07-18,1.7
Ikorodu,2024-07-19,3.6
Ikorodu,2024-07-20,2.4
Ikorodu,2024-07-21,2.2
Ikorodu,2024-07-22,1.4
Ikorodu,2024-07-23,1.1
Ikorodu,2024-07-24,2.0
Ikorodu,2024-07-25,0.8
Ikorodu,2024-07-26,1.4
Ikorodu,2024-07-27,1.9
Ikorodu,2024-07-28,1.4
Ikorodu,2024-07-29,1.5
Ikorodu,2024-07-30,1.5
Ikorodu,2024-07-31,2.4
Ikorodu,2024-08-01,4.1
Ikorodu,2024-08-02,3.1
Ikorodu,2024-08-03,1.5
Ikorodu,2024-08-04,1.8
Ikorodu,2024-08-05,1.5
Ikorodu,2024-08-06,2.5
Ikorodu,2024-08-07,3.5
Ikorodu,2024-08-08,1.8
Ikorodu,2024-08-09,0.6
Ikorodu,2024-08-10,1.6
Ikorodu,2024-08-11,1.4
Ikorodu,2024-08-12,1.4
Ikorodu,2024-08-13,1.1
Ikorodu,2024-08-14,1.9
Ikorodu,2024-08-15,2.2
Ikorodu,2024-08-16,2.2
Ikorodu,2024-08-17,1.5
Ikorodu,2024-08-18,2.3
Ikorodu,2024-08-19,11.4
Ikorodu,2024-08-20,15.9
Ikorodu,2024-08-21,2.1
Ikorodu,2024-08-22,1.8
Ikorodu,2024-08-23,21.9
Ikorodu,2024-08-24,12.8
Ikorodu,2024-08-25,1.4
Ikorodu,2024-08-26,14.7
Ikorodu,2024-08-27,1.1
Ikorodu,2024-08-28,2.3
Ikorodu,2024-08-29,2.5
Ikorodu,2024-08-30,9.8
Ikorodu,2024-08-31,0.8
Ikorodu,2024-09-01,2.1
Ikorodu,2024-09-02,0.8
Ikorodu,2024-09-03,0.2
Ikorodu,2024-09-04,0.2
Ikorodu,2024-09-05,0.6
Ikorodu,2024-09-06,0.5
Ikorodu,2024-09-07,14.0
Ikorodu,2024-09-08,0.6
Ikorodu,2024-09-09,0.7
Ikorodu,2024-09-10,12.6
Ikorodu,2024-09-11,7.5
Ikorodu,2024-09-12,13.6
Ikorodu,2024-09-13,1.9
Ikorodu,2024-09-14,13.0
Ikorodu,2024-09-15,4.6
Ikorodu,2024-09-16,1.5
Ikorodu,2024-09-17,15.7
Ikorodu,2024-09-18,24.4
Ikorodu,2024-09-19,1.9
Ikorodu,2024-09-20,1.1
Ikorodu,2024-09-21,6.5
Ikorodu,2024-09-22,6.4
Ikorodu,2024-09-23,1.8
Ikorodu,2024-09-24,1.8
Ikorodu,2024-09-25,16.0
Ikorodu,2024-09-26,2.1
Ikorodu,2024-09-27,1.9
Ikorodu,2024-09-28,5.4
Ikorodu,2024-09-29,11.6
Ikorodu,2024-09-30,16.9
Ikorodu,2024-10-01,1.0
Ikorodu,2024-10-02,2.2
Ikorodu,2024-10-03,18.1
Ikorodu,2024-10-04,5.3
Ikorodu,2024-10-05,14.7
Ikorodu,2024-10-06,14.6
Ikorodu,2024-10-07,8.1
Ikorodu,2024-10-08,0.3
Ikorodu,2024-10-09,0.5
Ikorodu,2024-10-10,3.1
Ikorodu,2024-10-11,1.2
Ikorodu,2024-10-12,6.6
Ikorodu,2024-10-13,8.6
Ikorodu,2024-10-14,7.1
Ikorodu,2024-10-15,5.8
Ikorodu,2024-10-16,7.7
Ikorodu,2024-10-17,17.2
Ikorodu,2024-10-18,6.6
Ikorodu,2024-10-19,7.1
Ikorodu,2024-10-20,13.7
Ikorodu,2024-10-21,1.9
Ikorodu,2024-10-22,2.4
Ikorodu,2024-10-23,2.0
Ikorodu,2024-10-24,0.2
Ikorodu,2024-10-25,12.7
Ikorodu,2024-10-26,2.5
Ikorodu,2024-10-27,0.7
Ikorodu,2024-10-28,0.7
Ikorodu,2024-10-29,4.1
Ikorodu,2024-10-30,0.5
Ikorodu,2024-10-31,1.1
Ikorodu,2024-11-01,0.7
Ikorodu,2024-11-02,1.4
Ikorodu,2024-11-03,4.9
Ikorodu,2024-11-04,1.2
Ikorodu,2024-11-05,0.0
Ikorodu,2024-11-06,0.1
Ikorodu,2024-11-07,0.0
Ikorodu,2024-11-08,0.0
Ikorodu,2024-11-09,0.2
Ikorodu,2024-11-10,7.9
Ikorodu,2024-11-11,1.2
Ikorodu,2024-11-12,0.0
Ikorodu,2024-11-13,0.9
Ikorodu,2024-11-14,6.8
Ikorodu,2024-11-15,1.2
Ikorodu,2024-11-16,0.9
Ikorodu,2024-11-17,1.7
Ikorodu,2024-11-18,0.4
Ikorodu,2024-11-19,0.1
Ikorodu,2024-11-20,0.0
Ikorodu,2024-11-21,0.0
Ikorodu,2024-11-22,4.7
Ikorodu,2024-11-23,1.4
Ikorodu,2024-11-24,0.0
Ikorodu,2024-11-25,0.0
Ikorodu,2024-11-26,0.2
Ikorodu,2024-11-27,0.5
Ikorodu,2024-11-28,0.1
Ikorodu,2024-11-29,0.0
Ikorodu,2024-11-30,0.0
Ikorodu,2024-12-01,0.0
Ikorodu,2024-12-02,0.0
Ikorodu,2024-12-03,0.0
Ikorodu,2024-12-04,1.5
Ikorodu,2024-12-05,3.9
Ikorodu,2024-12-06,0.2
Ikorodu,2024-12-07,0.0
Ikorodu,2024-12-08,0.0
Ikorodu,2024-12-09,0.0
Ikorodu,2024-12-10,0.0
Ikorodu,2024-12-11,0.0
Ikorodu,2024-12-12,0.7
Ikorodu,2024-12-13,0.7
Ikorodu,2024-12-14,0.0
Ikorodu,2024-12-15,0.0
Ikorodu,2024-12-16,0.0
Ikorodu,2024-12-17,0.0
Ikorodu,2024-12-18,0.0
Ikorodu,2024-12-19,0.0
Ikorodu,2024-12-20,0.0
Ikorodu,2024-12-21,0.0
Ikorodu,2024-12-22,0.0
Ikorodu,2024-12-23,0.0
Ikorodu,2024-12-24,0.0
Ikorodu,2024-12-25,0.0
Ikorodu,2024-12-26,0.0
Ikorodu,2024-12-27,0.0
Ikorodu,2024-12-28,0.0
Ikorodu,2024-12-29,0.0
Ikorodu,2024-12-30,0.0
Ikorodu,2024-12-31,0.0
Ikorodu,2025-01-01,0.0
Ikorodu,2025-01-02,0.0
Ikorodu,2025-01-03,0.2
Ikorodu,2025-01-04,1.4
Ikorodu,2025-01-05,0.0
Ikorodu,2025-01-06,1.0
Ikorodu,2025-01-07,0.3
Ikorodu,2025-01-08,0.5
Ikorodu,2025-01-09,0.1
Ikorodu,2025-01-10,0.0
Ikorodu,2025-01-11,0.0
Ikorodu,2025-01-12,0.0
Ikorodu,2025-01-13,0.0
Ikorodu,2025-01-14,0.0
Ikorodu,2025-01-15,0.3
Ikorodu,2025-01-16,0.0
Ikorodu,2025-01-17,0.1
Ikorodu,2025-01-18,1.3
Ikorodu,2025-01-19,1.3
Ikorodu,2025-01-20,0.1
Ikorodu,2025-01-21,0.0
Ikorodu,2025-01-22,0.9
Ikorodu,2025-01-23,2.1
Ikorodu,2025-01-24,0.4
Ikorodu,2025-01-25,0.7
Ikorodu,2025-01-26,1.1
Ikorodu,2025-01-27,1.5
Ikorodu,2025-01-28,1.5
Ikorodu,2025-01-29,0.7
Ikorodu,2025-01-30,1.4
Ikorodu,2025-01-31,1.2
Ikorodu,2025-02-01,0.1
Ikorodu,2025-02-02,0.9
Ikorodu,2025-02-03,0.4
Ikorodu,2025-02-04,0.0
Ikorodu,2025-02-05,1.1
Ikorodu,2025-02-06,0.8
Ikorodu,2025-02-07,0.5
Ikorodu,2025-02-08,3.4
Ikorodu,2025-02-09,1.1
Ikorodu,2025-02-10,0.4
Ikorodu,2025-02-11,1.6
Ikorodu,2025-02-12,1.1
Ikorodu,2025-02-13,2.1
Ikorodu,2025-02-14,1.2
Ikorodu,2025-02-15,1.9
Ikorodu,2025-02-16,0.2
Ikorodu,2025-02-17,0.4
Ikorodu,2025-02-18,0.0
Ikorodu,2025-02-19,0.6
Ikorodu,2025-02-20,0.6
Ikorodu,2025-02-21,1.9
Ikorodu,2025-02-22,4.5
Ikorodu,2025-02-23,0.0
Ikorodu,2025-02-24,0.9
Ikorodu,2025-02-25,1.3
Ikorodu,2025-02-26,0.7
Ikorodu,2025-02-27,0.3
Ikorodu,2025-02-28,0.0
Ikorodu,2025-03-01,0.6
Ikorodu,2025-03-02,0.5
Ikorodu,2025-03-03,0.2
Ikorodu,2025-03-04,6.5
Ikorodu,2025-03-05,1.2
Ikorodu,2025-03-06,0.2
Ikorodu,2025-03-07,0.9
Ikorodu,2025-03-08,0.4
Ikorodu,2025-03-09,2.2
Ikorodu,2025-03-10,1.0
Ikorodu,2025-03-11,0.5
Ikorodu,2025-03-12,0.0
Ikorodu,2025-03-13,0.7
Ikorodu,2025-03-14,0.7
Ikorodu,2025-03-15,2.1
Ikorodu,2025-03-16,2.1
Ikorodu,2025-03-17,2.2
Ikorodu,2025-03-18,1.6
Ikorodu,2025-03-19,1.6
Ikorodu,2025-03-20,0.6
Ikorodu,2025-03-21,2.4
Ikorodu,2025-03-22,0.2
Ikorodu,2025-03-23,2.7
Ikorodu,2025-03-24,1.8
Ikorodu,2025-03-25,0.8
Ikorodu,2025-03-26,10.8
Ikorodu,2025-03-27,0.9
Ikorodu,2025-03-28,0.4
Ikorodu,2025-03-29,1.4
Ikorodu,2025-03-30,3.2
Ikorodu,2025-03-31,3.7
Ikorodu,2025-04-01,1.7
Ikorodu,2025-04-02,8.1
Ikorodu,2025-04-03,4.9
Ikorodu,2025-04-04,0.1
Ikorodu,2025-04-05,1.6
Ikorodu,2025-04-06,1.8
Ikorodu,2025-04-07,0.5
Ikorodu,2025-04-08,1.8
Ikorodu,2025-04-09,9.0
Ikorodu,2025-04-10,2.5
Ikorodu,2025-04-11,2.8
Ikorodu,2025-04-12,0.0
Ikorodu,2025-04-13,2.6
Ikorodu,2025-04-14,4.9
Ikorodu,2025-04-15,2.7
Ikorodu,2025-04-16,1.5
Ikorodu,2025-04-17,3.8
Ikorodu,2025-04-18,1.0
Ikorodu,2025-04-19,2.2
Ikorodu,2025-04-20,3.1
Ikorodu,2025-04-21,0.7
Ikorodu,2025-04-22,2.9
Ikorodu,2025-04-23,1.4
Ikorodu,2025-04-24,0.6
Ikorodu,2025-04-25,0.6
Ikorodu,2025-04-26,1.5
Ikorodu,2025-04-27,1.1
Ikorodu,2025-04-28,0.8
Ikorodu,2025-04-29,6.6
Ikorodu,2025-04-30,0.0
Ikorodu,2025-05-01,6.6
Ikorodu,2025-05-02,7.7
Ikorodu,2025-05-03,0.0
Ikorodu,2025-05-04,0.2
Ikorodu,2025-05-05,1.5
Ikorodu,2025-05-06,1.0
Ikorodu,2025-05-07,0.4
Ikorodu,2025-05-08,7.8
Ikorodu,2025-05-09,4.7
Ikorodu,2025-05-10,0.3
Ikorodu,2025-05-11,1.0
Ikorodu,2025-05-12,1.1
Ikorodu,2025-05-13,2.5
Ikorodu,2025-05-14,0.3
Ikorodu,2025-05-15,0.9
Ikorodu,2025-05-16,0.9
Ikorodu,2025-05-17,14.3
Ikorodu,2025-05-18,5.6
Ikorodu,2025-05-19,0.1
Ikorodu,2025-05-20,14.9
Ikorodu,2025-05-21,1.2
Ikorodu,2025-05-22,2.5
Ikorodu,2025-05-23,5.5
Ikorodu,2025-05-24,7.7
Ikorodu,2025-05-25,0.1
Ikorodu,2025-05-26,0.4
Ikorodu,2025-05-27,0.8
Ikorodu,2025-05-28,1.2
Ikorodu,2025-05-29,15.1
Ikorodu,2025-05-30,0.9
Ikorodu,2025-05-31,0.0
Ikorodu,2025-06-01,1.0
Ikorodu,2025-06-02,3.5
Ikorodu,2025-06-03,12.4
Ikorodu,2025-06-04,17.6
Ikorodu,2025-06-05,1.8
Ikorodu,2025-06-06,5.7
Ikorodu,2025-06-07,12.1
Ikorodu,2025-06-08,1.0
Ikorodu,2025-06-09,6.8
Ikorodu,2025-06-10,1.0
Ikorodu,2025-06-11,3.0
Ikorodu,2025-06-12,4.6
Ikorodu,2025-06-13,1.0
Ikorodu,2025-06-14,17.1
Ikorodu,2025-06-15,7.9
Ikorodu,2025-06-16,0.0
Ikorodu,2025-06-17,2.0
Ikorodu,2025-06-18,5.8
Ikorodu,2025-06-19,26.0
Ikorodu,2025-06-20,4.8
Ikorodu,2025-06-21,1.2
Ikorodu,2025-06-22,4.8
Ikorodu,2025-06-23,8.7
Ikorodu,2025-06-24,1.9
Ikorodu,2025-06-25,1.4
Ikorodu,2025-06-26,15.9
Ikorodu,2025-06-27,3.3
Ikorodu,2025-06-28,2.3
Ikorodu,2025-06-29,7.1
Ikorodu,2025-06-30,12.5
Ikorodu,2025-07-01,4.4
Ikorodu,2025-07-02,1.2
Ikorodu,2025-07-03,11.0
Ikorodu,2025-07-04,13.9
Ikorodu,2025-07-05,1.9
Ikorodu,2025-07-06,17.2
Ikorodu,2025-07-07,12.9
Ikorodu,2025-07-08,8.8
Ikorodu,2025-07-09,6.3
Ikorodu,2025-07-10,0.2
Ikorodu,2025-07-11,4.2
Ikorodu,2025-07-12,2.6
Ikorodu,2025-07-13,1.2
Ikorodu,2025-07-14,0.0
Ikorodu,2025-07-15,0.8
Ikorodu,2025-07-16,3.3
Ikorodu,2025-07-17,1.9
Ikorodu,2025-07-18,0.2
Ikorodu,2025-07-19,1.6
Ikorodu,2025-07-20,0.6
Ikorodu,2025-07-21,1.4
Ikorodu,2025-07-22,1.2
Ikorodu,2025-07-23,2.6
Ikorodu,2025-07-24,1.7
Ikorodu,2025-07-25,0.8
Ikorodu,2025-07-26,1.1
Ikorodu,2025-07-27,2.0
Ikorodu,2025-07-28,1.6
Ikorodu,2025-07-29,1.6
Ikorodu,2025-07-30,2.1
Ikorodu,2025-07-31,2.1
Ikorodu,2025-08-01,4.7
Ikorodu,2025-08-02,0.4
Ikorodu,2025-08-03,2.5
Ikorodu,2025-08-04,34.8
Ikorodu,2025-08-05,3.0
Ikorodu,2025-08-06,5.0
Ikorodu,2025-08-07,2.0
Ikorodu,2025-08-08,3.4
Ikorodu,2025-08-09,1.6
Ikorodu,2025-08-10,0.2
Ikorodu,2025-08-11,0.5
Ikorodu,2025-08-12,2.1
Ikorodu,2025-08-13,2.6
Ikorodu,2025-08-14,2.8
Ikorodu,2025-08-15,1.7
Ikorodu,2025-08-16,3.0
Ikorodu,2025-08-17,2.7
Ikorodu,2025-08-18,3.1
Ikorodu,2025-08-19,2.4
Ikorodu,2025-08-20,3.3
Ikorodu,2025-08-21,5.6
Ikorodu,2025-08-22,2.7
Ikorodu,2025-08-23,1.5
Ikorodu,2025-08-24,1.0
Ikorodu,2025-08-25,1.0
Ikorodu,2025-08-26,0.6
Ikorodu,2025-08-27,2.0
Ikorodu,2025-08-28,0.6
Ikorodu,2025-08-29,1.8
Ikorodu,2025-08-30,9.9
Ikorodu,2025-08-31,2.0
Ikorodu,2025-09-01,1.2
Ikorodu,2025-09-02,2.5
Ikorodu,2025-09-03,1.5
Ikorodu,2025-09-04,1.1
Ikorodu,2025-09-05,2.2
Ikorodu,2025-09-06,2.2
Ikorodu,2025-09-07,1.7
Ikorodu,2025-09-08,9.1
Ikorodu,2025-09-09,11.0
Ikorodu,2025-09-10,2.6
Ikorodu,2025-09-11,2.9
Ikorodu,2025-09-12,7.4
Ikorodu,2025-09-13,14.3
Ikorodu,2025-09-14,2.0
Ikorodu,2025-09-15,21.1
Ikorodu,2025-09-16,39.8
Ikorodu,2025-09-17,6.5
Ikorodu,2025-09-18,1.5
Ikorodu,2025-09-19,2.1
Ikorodu,2025-09-20,1.9
Ikorodu,2025-09-21,1.8
Ikorodu,2025-09-22,3.4
Ikorodu,2025-09-23,7.4
Ikorodu,2025-09-24,17.2
Ikorodu,2025-09-25,5.9
Ikorodu,2025-09-26,1.3
Ikorodu,2025-09-27,1.4
Ikorodu,2025-09-28,21.1
Ikorodu,2025-09-29,13.0
Ikorodu,2025-09-30,5.4
Ikorodu,2025-10-01,4.4
Ikorodu,2025-10-02,4.5
Ikorodu,2025-10-03,1.4
Ikorodu,2025-10-04,0.6
Ikorodu,2025-10-05,14.0
Ikorodu,2025-10-06,7.3
Ikorodu,2025-10-07,15.3
Ikorodu,2025-10-08,1.4
Ikorodu,2025-10-09,1.3
Ikorodu,2025-10-10,10.9
Ikorodu,2025-10-11,2.1
Ikorodu,2025-10-12,1.8
Ikorodu,2025-10-13,1.3
Ikorodu,2025-10-14,3.0
Ikorodu,2025-10-15,0.6
Ikorodu,2025-10-16,7.5
Ikorodu,2025-10-17,1.0
Ikorodu,2025-10-18,1.4
Ikorodu,2025-10-19,1.0
Ikorodu,2025-10-20,0.6
Ikorodu,2025-10-21,0.4
Ikorodu,2025-10-22,0.7
Ikorodu,2025-10-23,0.7
Ikorodu,2025-10-24,0.9
Ikorodu,2025-10-25,0.8
Ikorodu,2025-10-26,1.8
Ikorodu,2025-10-27,2.4
Ikorodu,2025-10-28,5.6
Ikorodu,2025-10-29,0.1
Ikorodu,2025-10-30,2.9
Ikorodu,2025-10-31,2.1
Ikorodu,2025-11-01,3.1
Ikorodu,2025-11-02,2.2
Ikorodu,2025-11-03,2.8
Ikorodu,2025-11-04,0.5
Ikorodu,2025-11-05,4.4
Ikorodu,2025-11-06,1.6
Ikorodu,2025-11-07,0.6
Ikorodu,2025-11-08,0.6
Ikorodu,2025-11-09,1.5
Ikorodu,2025-11-10,0.2
Ikorodu,2025-11-11,0.3
Ikorodu,2025-11-12,0.6
Ikorodu,2025-11-13,1.3
Ikorodu,2025-11-14,0.0
Ikorodu,2025-11-15,0.3
Ikorodu,2025-11-16,1.0
Ikorodu,2025-11-17,1.0
Ikorodu,2025-11-18,0.2
Ikorodu,2025-11-19,0.9
Ikorodu,2025-11-20,0.8
Ikorodu,2025-11-21,1.2
Ikorodu,2025-11-22,3.9
Ikorodu,2025-11-23,0.0
Ikorodu,2025-11-24,0.2
Ikorodu,2025-11-25,0.7
Ikorodu,2025-11-26,1.0
Ikorodu,2025-11-27,2.9
Ikorodu,2025-11-28,4.0
Ikorodu,2025-11-29,1.5
Ikorodu,2025-11-30,0.8
Ikorodu,2025-12-01,2.0
Ikorodu,2025-12-02,1.0
Ikorodu,2025-12-03,3.1
Ikorodu,2025-12-04,0.7
Ikorodu,2025-12-05,0.9
Ikorodu,2025-12-06,0.7
Ikorodu,2025-12-07,1.2
Ikorodu,2025-12-08,1.0
Ikorodu,2025-12-09,0.9
Ikorodu,2025-12-10,1.3
Ikorodu,2025-12-11,7.0
Ikorodu,2025-12-12,0.4
Ikorodu,2025-12-13,0.7
Ikorodu,2025-12-14,2.7
Ikorodu,2025-12-15,3.6
Ikorodu,2025-12-16,1.7
Ikorodu,2025-12-17,0.5
Ikorodu,2025-12-18,0.3
Ikorodu,2025-12-19,1.0
Ikorodu,2025-12-20,0.4
Ikorodu,2025-12-21,0.2
Ikorodu,2025-12-22,1.4
Ikorodu,2025-12-23,0.9
Ikorodu,2025-12-24,1.3
Ikorodu,2025-12-25,1.4
Ikorodu,2025-12-26,1.4
Ikorodu,2025-12-27,0.7
Ikorodu,2025-12-28,1.1
Ikorodu,2025-12-29,1.4
Ikorodu,2025-12-30,0.9
Ikorodu,2025-12-31,0.7
Ikorodu,2026-01-01,1.8
Ikorodu,2026-01-02,3.7
Ikorodu,2026-01-03,2.4
Ikorodu,2026-01-04,0.5
Ikorodu,2026-01-05,0.0
Ikorodu,2026-01-06,0.1
Ikorodu,2026-01-07,0.6
Ikorodu,2026-01-08,3.3
Ikorodu,2026-01-09,0.2
Ikorodu,2026-01-10,1.4
Ikorodu,2026-01-11,1.2
Ikorodu,2026-01-12,1.0
Ikorodu,2026-01-13,0.0
Ikorodu,2026-01-14,0.0
Ikorodu,2026-01-15,1.1
Ikorodu,2026-01-16,0.0
Ikorodu,2026-01-17,1.1
Ikorodu,2026-01-18,1.3
Ikorodu,2026-01-19,2.1
Ikorodu,2026-01-20,2.3
Ikorodu,2026-01-21,0.1
Ikorodu,2026-01-22,0.7
Ikorodu,2026-01-23,0.0
Ikorodu,2026-01-24,0.0
Ikorodu,2026-01-25,0.0
Ikorodu,2026-01-26,0.0
Ikorodu,2026-01-27,0.0
Ikorodu,2026-01-28,0.9
Ikorodu,2026-01-29,0.6
Ikorodu,2026-01-30,1.2
Ikorodu,2026-01-31,1.8
Ikorodu,2026-02-01,1.9
Ikorodu,2026-02-02,2.4
Ikorodu,2026-02-03,0.3
Ikorodu,2026-02-04,0.0
Ikorodu,2026-02-05,0.0
Ikorodu,2026-02-06,0.4
Ikorodu,2026-02-07,0.2
Ikorodu,2026-02-08,0.3
Ikorodu,2026-02-09,0.5
Ikorodu,2026-02-10,2.0
Ikorodu,2026-02-11,0.0
Ikorodu,2026-02-12,0.3
Ikorodu,2026-02-13,0.2
Ikorodu,2026-02-14,17.3
Ikorodu,2026-02-15,0.0
Ikorodu,2026-02-16,0.6
Ikorodu,2026-02-17,2.1
Ikorodu,2026-02-18,0.0
Ikorodu,2026-02-19,0.0
Ikorodu,2026-02-20,0.4
Ikorodu,2026-02-21,0.0
Ikorodu,2026-02-22,0.1
Ikorodu,2026-02-23,1.9
Ikorodu,2026-02-24,3.2
Ikorodu,2026-02-25,0.0
Ikorodu,2026-02-26,1.1
Ikorodu,2026-02-27,0.7
Ikorodu,2026-02-28,0.3
Ikorodu,2026-03-01,0.7
Ikorodu,2026-03-02,2.0
Ikorodu,2026-03-03,0.6
Ikorodu,2026-03-04,1.1
Ikorodu,2026-03-05,0.2
Ikorodu,2026-03-06,0.3
Ikorodu,2026-03-07,0.4
Ikorodu,2026-03-08,1.2
Ikorodu,2026-03-09,1.8
Ikorodu,2026-03-10,1.3
Ikorodu,2026-03-11,1.6
Ikorodu,2026-03-12,0.0
Ikorodu,2026-03-13,0.1
Ikorodu,2026-03-14,2.7
Ikorodu,2026-03-15,0.0
Ikorodu,2026-03-16,0.5
Ikorodu,2026-03-17,2.1
Ikorodu,2026-03-18,0.2
Ikorodu,2026-03-19,0.0
Ikorodu,2026-03-20,0.4
Ikorodu,2026-03-21,3.6
Ikorodu,2026-03-22,2.1
Ikorodu,2026-03-23,0.5
Ikorodu,2026-03-24,1.9
Ikorodu,2026-03-25,0.2
Ikorodu,2026-03-26,0.0
Ikorodu,2026-03-27,0.2
Ikorodu,2026-03-28,11.0
Ikorodu,2026-03-29,1.6
Ikorodu,2026-03-30,0.0
Ikorodu,2026-03-31,0.8
Ikorodu,2026-04-01,0.0
Ikorodu,2026-04-02,0.5
Ikorodu,2026-04-03,0.2
Ikorodu,2026-04-04,0.4
Ikorodu,2026-04-05,0.7
Ikorodu,2026-04-06,0.5
Ikorodu,2026-04-07,0.0
Ikorodu,2026-04-08,3.5
Ikorodu,2026-04-09,1.3
Ikorodu,2026-04-10,0.0
Ikorodu,2026-04-11,0.1
Ikorodu,2026-04-12,0.0
Ikorodu,2026-04-13,9.1
Ikorodu,2026-04-14,1.4
Ikorodu,2026-04-15,0.4
Ikorodu,2026-04-16,0.3
Ikorodu,2026-04-17,0.0
Ikorodu,2026-04-18,0.5
Ikorodu,2026-04-19,2.0
Ikorodu,2026-04-20,4.5
Ikorodu,2026-04-21,1.6
Ikorodu,2026-04-22,0.6
Ikorodu,2026-04-23,0.7
Ikorodu,2026-04-24,1.6
Ikorodu,2026-04-25,2.8
Ikorodu,2026-04-26,24.3
Ikorodu,2026-04-27,0.0
Ikorodu,2026-04-28,1.0
Ikorodu,2026-04-29,2.5
Ikorodu,2026-04-30,0.5
Ikorodu,2026-05-01,0.4
Ikorodu,2026-05-02,1.0
Ikorodu,2026-05-03,5.0
Ikorodu,2026-05-04,0.0
Ikorodu,2026-05-05,0.5
Ikorodu,2026-05-06,3.5
Ikorodu,2026-05-07,2.1
Ikorodu,2026-05-08,0.6
Ikorodu,2026-05-09,2.2
Ikorodu,2026-05-10,1.8
Ikorodu,2026-05-11,0.9
Ikorodu,2026-05-12,0.8
Ikorodu,2026-05-13,0.4
Ikorodu,2026-05-14,3.2
Ikorodu,2026-05-15,4.9
Ikorodu,2026-05-16,0.1
Ikorodu,2026-05-17,4.9
Ikorodu,2026-05-18,5.3
Ikorodu,2026-05-19,12.9
Ikorodu,2026-05-20,2.0
Ikorodu,2026-05-21,4.1
Ikorodu,2026-05-22,24.8
Ikorodu,2026-05-23,6.7
Ikorodu,2026-05-24,7.7
Ikorodu,2026-05-25,11.0
Ikorodu,2026-05-26,3.3
Ikorodu,2026-05-27,0.0
Ikorodu,2026-05-28,3.0
Ikorodu,2026-05-29,0.4
Ikorodu,2026-05-30,10.1
Ikorodu,2026-05-31,1.5
Ikorodu,2026-06-01,6.9
Ikorodu,2026-06-02,4.2
Ikorodu,2026-06-03,5.7
Ikorodu,2026-06-04,10.1
Ikorodu,2026-06-05,8.4
Ikorodu,2026-06-06,16.4
Ikorodu,2026-06-07,5.5
Ikorodu,2026-06-08,7.7
Ikorodu,2026-06-09,6.6
Ikorodu,2026-06-10,4.6
Ikorodu,2026-06-11,0.2
Ikorodu,2026-06-12,5.8
Ikorodu,2026-06-13,3.9
Ikorodu,2026-06-14,1.5
Ikorodu,2026-06-15,10.3
Ikorodu,2026-06-16,5.2
Ikorodu,2026-06-17,4.2
Ikorodu,2026-06-18,1.9
Ikorodu,2026-06-19,3.7
Ikorodu,2026-06-20,16.1
Ikorodu,2026-06-21,36.2
Ikorodu,2026-06-22,0.3
Ikorodu,2026-06-23,0.9
Ikorodu,2026-06-24,11.7
Ikorodu,2026-06-25,3.8
Ikorodu,2026-06-26,2.4
Ikorodu,2026-06-27,2.1
Ikorodu,2026-06-28,8.4
Ikorodu,2026-06-29,19.4
Ikorodu,2026-06-30,27.3
Ikorodu,2026-07-01,1.9
Ikorodu,2026-07-02,6.5
Ikorodu,2026-07-03,3.7
Ikorodu,2026-07-04,3.1
Ikorodu,2026-07-05,2.3
Ikorodu,2026-07-06,2.0
Ikorodu,2026-07-07,3.1
Ikorodu,2026-07-08,9.0
Ikorodu,2026-07-09,5.5
Ikorodu,2026-07-10,51.1
Ikorodu,2026-07-11,4.7
Ikorodu,2026-07-12,9.1
Ikorodu,2026-07-13,14.9
Ikorodu,2026-07-14,11.0
Ikorodu,2026-07-15,5.7
Ikorodu,2026-07-16,16.3
Ikorodu,2026-07-17,0.8
Ikorodu,2026-07-18,0.1
Ikorodu,2026-07-19,1.2
Ikorodu,2026-07-20,3.8
Ikorodu,2026-07-21,1.6
Ikorodu,2026-07-22,2.6
Ikorodu,2026-07-23,3.2
Ikorodu,2026-07-24,2.4
Ikorodu,2026-07-25,0.9
Ikorodu,2026-07-26,0.7
Ikorodu,2026-07-27,20.1
Ikorodu,2026-07-28,4.1
Ikorodu,2026-07-29,12.1
Ikorodu,2026-07-30,6.6
Ikorodu,2026-07-31,2.4
Ikorodu,2026-08-01,2.8
Ikorodu,2026-08-02,3.5
Ikorodu,2026-08-03,3.2
Ikorodu,2026-08-04,1.3
Ikorodu,2026-08-05,2.0
Ikorodu,2026-08-06,4.5
Ikorodu,2026-08-07,3.6
Ikorodu,2026-08-08,1.2
Ikorodu,2026-08-09,1.7
Ikorodu,2026-08-10,0.3
Ikorodu,2026-08-11,1.4
Ikorodu,2026-08-12,0.5
Ikorodu,2026-08-13,4.6
Ikorodu,2026-08-14,1.4
Ikorodu,2026-08-15,0.6
Ikorodu,2026-08-16,5.5
Ikorodu,2026-08-17,1.1
Ikorodu,2026-08-18,0.7
Ikorodu,2026-08-19,5.8
Ikorodu,2026-08-20,2.0
Ikorodu,2026-08-21,3.1
Ikorodu,2026-08-22,6.1
Ikorodu,2026-08-23,3.3
Ikorodu,2026-08-24,0.0
Ikorodu,2026-08-25,0.3
Ikorodu,2026-08-26,2.5
Ikorodu,2026-08-27,7.9
Ikorodu,2026-08-28,18.0
Ikorodu,2026-08-29,4.6
Ikorodu,2026-08-30,12.9
Ikorodu,2026-08-31,0.3
Ikorodu,2026-09-01,1.9
Surulere,2019-01-01,0.0
Surulere,2019-01-02,0.0
Surulere,2019-01-03,0.0
Surulere,2019-01-04,0.0
Surulere,2019-01-05,0.0
Surulere,2019-01-06,0.0
Surulere,2019-01-07,0.0
Surulere,2019-01-08,0.0
Surulere,2019-01-09,0.0
Surulere,2019-01-10,0.3
Surulere,2019-01-11,0.4
Surulere,2019-01-12,0.0
Surulere,2019-01-13,0.2
Surulere,2019-01-14,1.1
Surulere,2019-01-15,1.6
Surulere,2019-01-16,1.8
Surulere,2019-01-17,2.6
Surulere,2019-01-18,1.2
Surulere,2019-01-19,1.2
Surulere,2019-01-20,0.6
Surulere,2019-01-21,5.7
Surulere,2019-01-22,1.4
Surulere,2019-01-23,1.4
Surulere,2019-01-24,11.0
Surulere,2019-01-25,0.5
Surulere,2019-01-26,1.5
Surulere,2019-01-27,5.6
Surulere,2019-01-28,5.2
Surulere,2019-01-29,3.2
Surulere,2019-01-30,12.1
Surulere,2019-01-31,0.9
Surulere,2019-02-01,1.0
Surulere,2019-02-02,6.3
Surulere,2019-02-03,2.2
Surulere,2019-02-04,1.5
Surulere,2019-02-05,0.6
Surulere,2019-02-06,1.4
Surulere,2019-02-07,1.4
Surulere,2019-02-08,6.0
Surulere,2019-02-09,0.1
Surulere,2019-02-10,0.0
Surulere,2019-02-11,0.0
Surulere,2019-02-12,0.1
Surulere,2019-02-13,0.0
Surulere,2019-02-14,1.7
Surulere,2019-02-15,2.1
Surulere,2019-02-16,0.0
Surulere,2019-02-17,0.5
Surulere,2019-02-18,2.7
Surulere,2019-02-19,1.2
Surulere,2019-02-20,1.3
Surulere,2019-02-21,1.2
Surulere,2019-02-22,1.6
Surulere,2019-02-23,4.0
Surulere,2019-02-24,7.5
Surulere,2019-02-25,2.2
Surulere,2019-02-26,9.8
Surulere,2019-02-27,1.6
Surulere,2019-02-28,2.9
Surulere,2019-03-01,1.5
Surulere,2019-03-02,1.0
Surulere,2019-03-03,0.3
Surulere,2019-03-04,2.4
Surulere,2019-03-05,1.0
Surulere,2019-03-06,5.3
Surulere,2019-03-07,1.6
Surulere,2019-03-08,1.3
Surulere,2019-03-09,5.4
Surulere,2019-03-10,7.0
Surulere,2019-03-11,2.7
Surulere,2019-03-12,0.6
Surulere,2019-03-13,0.3
Surulere,2019-03-14,1.3
Surulere,2019-03-15,2.2
Surulere,2019-03-16,4.1
Surulere,2019-03-17,0.5
Surulere,2019-03-18,0.4
Surulere,2019-03-19,0.5
Surulere,2019-03-20,3.6
Surulere,2019-03-21,6.5
Surulere,2019-03-22,4.0
Surulere,2019-03-23,1.2
Surulere,2019-03-24,1.9
Surulere,2019-03-25,3.1
Surulere,2019-03-26,0.1
Surulere,2019-03-27,1.3
Surulere,2019-03-28,1.7
Surulere,2019-03-29,2.2
Surulere,2019-03-30,4.5
Surulere,2019-03-31,2.7
Surulere,2019-04-01,0.2
Surulere,2019-04-02,1.2
Surulere,2019-04-03,0.9
Surulere,2019-04-04,3.6
Surulere,2019-04-05,5.1
Surulere,2019-04-06,2.7
Surulere,2019-04-07,20.5
Surulere,2019-04-08,3.5
Surulere,2019-04-09,0.0
Surulere,2019-04-10,4.3
Surulere,2019-04-11,14.2
Surulere,2019-04-12,0.6
Surulere,2019-04-13,0.7
Surulere,2019-04-14,0.9
Surulere,2019-04-15,0.1
Surulere,2019-04-16,0.4
Surulere,2019-04-17,2.3
Surulere,2019-04-18,1.3
Surulere,2019-04-19,0.5
Surulere,2019-04-20,0.8
Surulere,2019-04-21,3.5
Surulere,2019-04-22,2.0
Surulere,2019-04-23,10.6
Surulere,2019-04-24,8.7
Surulere,2019-04-25,7.1
Surulere,2019-04-26,3.7
Surulere,2019-04-27,1.5
Surulere,2019-04-28,1.4
Surulere,2019-04-29,5.1
Surulere,2019-04-30,4.6
Surulere,2019-05-01,5.7
Surulere,2019-05-02,9.7
Surulere,2019-05-03,5.1
Surulere,2019-05-04,1.9
Surulere,2019-05-05,1.2
Surulere,2019-05-06,0.3
Surulere,2019-05-07,1.9
Surulere,2019-05-08,1.2
Surulere,2019-05-09,0.5
Surulere,2019-05-10,1.1
Surulere,2019-05-11,2.5
Surulere,2019-05-12,0.2
Surulere,2019-05-13,1.8
Surulere,2019-05-14,4.5
Surulere,2019-05-15,21.0
Surulere,2019-05-16,0.2
Surulere,2019-05-17,0.2
Surulere,2019-05-18,1.0
Surulere,2019-05-19,0.1
Surulere,2019-05-20,10.8
Surulere,2019-05-21,4.3
Surulere,2019-05-22,1.9
Surulere,2019-05-23,2.3
Surulere,2019-05-24,5.6
Surulere,2019-05-25,4.4
Surulere,2019-05-26,9.1
Surulere,2019-05-27,9.9
Surulere,2019-05-28,1.7
Surulere,2019-05-29,3.2
Surulere,2019-05-30,12.1
Surulere,2019-05-31,47.3
Surulere,2019-06-01,10.1
Surulere,2019-06-02,2.3
Surulere,2019-06-03,1.1
Surulere,2019-06-04,5.9
Surulere,2019-06-05,1.7
Surulere,2019-06-06,3.1
Surulere,2019-06-07,9.8
Surulere,2019-06-08,1.9
Surulere,2019-06-09,3.0
Surulere,2019-06-10,12.5
Surulere,2019-06-11,4.7
Surulere,2019-06-12,1.4
Surulere,2019-06-13,9.7
Surulere,2019-06-14,6.8
Surulere,2019-06-15,15.1
Surulere,2019-06-16,1.2
Surulere,2019-06-17,1.3
Surulere,2019-06-18,1.8
Surulere,2019-06-19,0.8
Surulere,2019-06-20,5.1
Surulere,2019-06-21,7.9
Surulere,2019-06-22,5.4
Surulere,2019-06-23,3.7
Surulere,2019-06-24,3.6
Surulere,2019-06-25,5.4
Surulere,2019-06-26,17.8
Surulere,2019-06-27,4.7
Surulere,2019-06-28,12.2
Surulere,2019-06-29,1.4
Surulere,2019-06-30,3.5
Surulere,2019-07-01,6.3
Surulere,2019-07-02,0.4
Surulere,2019-07-03,6.9
Surulere,2019-07-04,6.9
Surulere,2019-07-05,9.3
Surulere,2019-07-06,4.4
Surulere,2019-07-07,1.6
Surulere,2019-07-08,3.2
Surulere,2019-07-09,1.3
Surulere,2019-07-10,4.2
Surulere,2019-07-11,14.8
Surulere,2019-07-12,41.9
Surulere,2019-07-13,1.5
Surulere,2019-07-14,2.6
Surulere,2019-07-15,10.6
Surulere,2019-07-16,8.4
Surulere,2019-07-17,1.0
Surulere,2019-07-18,0.6
Surulere,2019-07-19,5.2
Surulere,2019-07-20,9.5
Surulere,2019-07-21,1.0
Surulere,2019-07-22,1.3
Surulere,2019-07-23,2.8
Surulere,2019-07-24,2.1
Surulere,2019-07-25,4.0
Surulere,2019-07-26,11.3
Surulere,2019-07-27,7.5
Surulere,2019-07-28,6.3
Surulere,2019-07-29,3.8
Surulere,2019-07-30,1.2
Surulere,2019-07-31,0.8
Surulere,2019-08-01,2.0
Surulere,2019-08-02,1.8
Surulere,2019-08-03,1.1
Surulere,2019-08-04,2.3
Surulere,2019-08-05,0.9
Surulere,2019-08-06,0.7
Surulere,2019-08-07,1.0
Surulere,2019-08-08,2.8
Surulere,2019-08-09,2.9
Surulere,2019-08-10,1.6
Surulere,2019-08-11,0.8
Surulere,2019-08-12,1.1
Surulere,2019-08-13,1.8
Surulere,2019-08-14,3.0
Surulere,2019-08-15,2.7
Surulere,2019-08-16,1.3
Surulere,2019-08-17,2.6
Surulere,2019-08-18,1.0
Surulere,2019-08-19,3.9
Surulere,2019-08-20,1.5
Surulere,2019-08-21,3.4
Surulere,2019-08-22,2.6
Surulere,2019-08-23,6.2
Surulere,2019-08-24,0.5
Surulere,2019-08-25,8.0
Surulere,2019-08-26,8.7
Surulere,2019-08-27,1.7
Surulere,2019-08-28,9.2
Surulere,2019-08-29,2.1
Surulere,2019-08-30,1.9
Surulere,2019-08-31,10.9
Surulere,2019-09-01,10.6
Surulere,2019-09-02,6.5
Surulere,2019-09-03,2.4
Surulere,2019-09-04,11.7
Surulere,2019-09-05,1.8
Surulere,2019-09-06,14.7
Surulere,2019-09-07,3.6
Surulere,2019-09-08,2.9
Surulere,2019-09-09,7.4
Surulere,2019-09-10,10.9
Surulere,2019-09-11,11.3
Surulere,2019-09-12,5.4
Surulere,2019-09-13,1.3
Surulere,2019-09-14,3.2
Surulere,2019-09-15,5.4
Surulere,2019-09-16,2.9
Surulere,2019-09-17,7.2
Surulere,2019-09-18,27.0
Surulere,2019-09-19,77.9
Surulere,2019-09-20,4.3
Surulere,2019-09-21,0.6
Surulere,2019-09-22,4.6
Surulere,2019-09-23,3.1
Surulere,2019-09-24,2.4
Surulere,2019-09-25,1.1
Surulere,2019-09-26,2.5
Surulere,2019-09-27,10.7
Surulere,2019-09-28,4.8
Surulere,2019-09-29,7.4
Surulere,2019-09-30,10.1
Surulere,2019-10-01,28.2
Surulere,2019-10-02,13.4
Surulere,2019-10-03,1.2
Surulere,2019-10-04,18.0
Surulere,2019-10-05,35.4
Surulere,2019-10-06,22.2
Surulere,2019-10-07,11.0
Surulere,2019-10-08,7.7
Surulere,2019-10-09,13.7
Surulere,2019-10-10,2.5
Surulere,2019-10-11,13.0
Surulere,2019-10-12,33.4
Surulere,2019-10-13,1.0
Surulere,2019-10-14,5.1
Surulere,2019-10-15,8.2
Surulere,2019-10-16,8.9
Surulere,2019-10-17,12.9
Surulere,2019-10-18,11.8
Surulere,2019-10-19,18.4
Surulere,2019-10-20,28.3
Surulere,2019-10-21,1.4
Surulere,2019-10-22,7.7
Surulere,2019-10-23,5.5
Surulere,2019-10-24,10.9
Surulere,2019-10-25,20.0
Surulere,2019-10-26,7.5
Surulere,2019-10-27,11.6
Surulere,2019-10-28,9.5
Surulere,2019-10-29,7.1
Surulere,2019-10-30,2.1
Surulere,2019-10-31,1.1
Surulere,2019-11-01,3.5
Surulere,2019-11-02,7.8
Surulere,2019-11-03,7.3
Surulere,2019-11-04,0.4
Surulere,2019-11-05,3.0
Surulere,2019-11-06,1.3
Surulere,2019-11-07,1.2
Surulere,2019-11-08,1.1
Surulere,2019-11-09,0.7
Surulere,2019-11-10,16.0
Surulere,2019-11-11,2.0
Surulere,2019-11-12,3.5
Surulere,2019-11-13,1.9
Surulere,2019-11-14,0.1
Surulere,2019-11-15,5.9
Surulere,2019-11-16,1.0
Surulere,2019-11-17,1.3
Surulere,2019-11-18,1.0
Surulere,2019-11-19,0.9
Surulere,2019-11-20,0.6
Surulere,2019-11-21,0.9
Surulere,2019-11-22,1.0
Surulere,2019-11-23,0.8
Surulere,2019-11-24,2.2
Surulere,2019-11-25,0.6
Surulere,2019-11-26,1.0
Surulere,2019-11-27,0.8
Surulere,2019-11-28,2.5
Surulere,2019-11-29,0.3
Surulere,2019-11-30,0.0
Surulere,2019-12-01,0.2
Surulere,2019-12-02,2.1
Surulere,2019-12-03,1.5
Surulere,2019-12-04,1.0
Surulere,2019-12-05,1.4
Surulere,2019-12-06,2.3
Surulere,2019-12-07,0.2
Surulere,2019-12-08,1.7
Surulere,2019-12-09,1.2
Surulere,2019-12-10,1.5
Surulere,2019-12-11,0.9
Surulere,2019-12-12,0.3
Surulere,2019-12-13,0.3
Surulere,2019-12-14,0.2
Surulere,2019-12-15,0.7
Surulere,2019-12-16,0.0
Surulere,2019-12-17,0.0
Surulere,2019-12-18,0.0
Surulere,2019-12-19,0.0
Surulere,2019-12-20,0.0
Surulere,2019-12-21,1.1
Surulere,2019-12-22,0.0
Surulere,2019-12-23,0.0
Surulere,2019-12-24,0.0
Surulere,2019-12-25,0.0
Surulere,2019-12-26,0.0
Surulere,2019-12-27,0.0
Surulere,2019-12-28,0.0
Surulere,2019-12-29,0.0
Surulere,2019-12-30,0.0
Surulere,2019-12-31,0.0
Surulere,2020-01-01,0.0
Surulere,2020-01-02,0.0
Surulere,2020-01-03,0.0
Surulere,2020-01-04,0.0
Surulere,2020-01-05,0.0
Surulere,2020-01-06,0.0
Surulere,2020-01-07,0.0
Surulere,2020-01-08,0.0
Surulere,2020-01-09,0.0
Surulere,2020-01-10,0.1
Surulere,2020-01-11,1.2
Surulere,2020-01-12,0.3
Surulere,2020-01-13,1.0
Surulere,2020-01-14,0.1
Surulere,2020-01-15,0.0
Surulere,2020-01-16,0.0
Surulere,2020-01-17,0.0
Surulere,2020-01-18,0.0
Surulere,2020-01-19,0.0
Surulere,2020-01-20,0.0
Surulere,2020-01-21,0.0
Surulere,2020-01-22,0.0
Surulere,2020-01-23,0.0
Surulere,2020-01-24,0.0
Surulere,2020-01-25,0.0
Surulere,2020-01-26,0.0
Surulere,2020-01-27,0.0
Surulere,2020-01-28,0.0
Surulere,2020-01-29,0.0
Surulere,2020-01-30,0.0
Surulere,2020-01-31,0.1
Surulere,2020-02-01,0.0
Surulere,2020-02-02,0.0
Surulere,2020-02-03,0.0
Surulere,2020-02-04,0.0
Surulere,2020-02-05,0.0
Surulere,2020-02-06,0.0
Surulere,2020-02-07,0.0
Surulere,2020-02-08,0.0
Surulere,2020-02-09,0.0
Surulere,2020-02-10,4.4
Surulere,2020-02-11,0.0
Surulere,2020-02-12,0.0
Surulere,2020-02-13,0.0
Surulere,2020-02-14,0.0
Surulere,2020-02-15,0.0
Surulere,2020-02-16,0.0
Surulere,2020-02-17,0.0
Surulere,2020-02-18,0.2
Surulere,2020-02-19,0.2
Surulere,2020-02-20,0.2
Surulere,2020-02-21,0.0
Surulere,2020-02-22,0.2
Surulere,2020-02-23,0.2
Surulere,2020-02-24,0.0
Surulere,2020-02-25,0.2
Surulere,2020-02-26,1.0
Surulere,2020-02-27,0.2
Surulere,2020-02-28,0.2
Surulere,2020-02-29,0.7
Surulere,2020-03-01,1.1
Surulere,2020-03-02,3.5
Surulere,2020-03-03,2.7
Surulere,2020-03-04,1.3
Surulere,2020-03-05,1.2
Surulere,2020-03-06,5.5
Surulere,2020-03-07,0.2
Surulere,2020-03-08,0.2
Surulere,2020-03-09,0.2
Surulere,2020-03-10,0.8
Surulere,2020-03-11,3.2
Surulere,2020-03-12,0.9
Surulere,2020-03-13,2.4
Surulere,2020-03-14,9.3
Surulere,2020-03-15,0.0
Surulere,2020-03-16,0.1
Surulere,2020-03-17,0.0
Surulere,2020-03-18,0.9
Surulere,2020-03-19,0.9
Surulere,2020-03-20,0.6
Surulere,2020-03-21,0.8
Surulere,2020-03-22,0.0
Surulere,2020-03-23,0.6
Surulere,2020-03-24,2.9
Surulere,2020-03-25,5.5
Surulere,2020-03-26,0.0
Surulere,2020-03-27,1.7
Surulere,2020-03-28,0.0
Surulere,2020-03-29,0.0
Surulere,2020-03-30,0.0
Surulere,2020-03-31,0.4
Surulere,2020-04-01,1.1
Surulere,2020-04-02,0.0
Surulere,2020-04-03,0.0
Surulere,2020-04-04,1.4
Surulere,2020-04-05,0.0
Surulere,2020-04-06,0.7
Surulere,2020-04-07,0.0
Surulere,2020-04-08,0.0
Surulere,2020-04-09,2.0
Surulere,2020-04-10,1.7
Surulere,2020-04-11,2.5
Surulere,2020-04-12,0.4
Surulere,2020-04-13,0.1
Surulere,2020-04-14,1.2
Surulere,2020-04-15,0.1
Surulere,2020-04-16,1.8
Surulere,2020-04-17,4.1
Surulere,2020-04-18,3.9
Surulere,2020-04-19,4.2
Surulere,2020-04-20,0.9
Surulere,2020-04-21,1.7
Surulere,2020-04-22,3.0
Surulere,2020-04-23,3.6
Surulere,2020-04-24,1.1
Surulere,2020-04-25,2.9
Surulere,2020-04-26,4.8
Surulere,2020-04-27,0.7
Surulere,2020-04-28,0.0
Surulere,2020-04-29,0.3
Surulere,2020-04-30,1.5
Surulere,2020-05-01,0.0
Surulere,2020-05-02,2.5
Surulere,2020-05-03,3.6
Surulere,2020-05-04,1.2
Surulere,2020-05-05,0.0
Surulere,2020-05-06,0.9
Surulere,2020-05-07,0.6
Surulere,2020-05-08,1.8
Surulere,2020-05-09,3.7
Surulere,2020-05-10,8.6
Surulere,2020-05-11,9.3
Surulere,2020-05-12,1.6
Surulere,2020-05-13,1.4
Surulere,2020-05-14,1.9
Surulere,2020-05-15,0.0
Surulere,2020-05-16,8.1
Surulere,2020-05-17,1.1
Surulere,2020-05-18,1.9
Surulere,2020-05-19,3.8
Surulere,2020-05-20,3.2
Surulere,2020-05-21,11.1
Surulere,2020-05-22,8.9
Surulere,2020-05-23,2.8
Surulere,2020-05-24,0.9
Surulere,2020-05-25,22.4
Surulere,2020-05-26,0.9
Surulere,2020-05-27,1.1
Surulere,2020-05-28,11.7
Surulere,2020-05-29,4.5
Surulere,2020-05-30,6.7
Surulere,2020-05-31,5.1
Surulere,2020-06-01,6.9
Surulere,2020-06-02,0.1
Surulere,2020-06-03,1.7
Surulere,2020-06-04,1.7
Surulere,2020-06-05,1.7
Surulere,2020-06-06,6.1
Surulere,2020-06-07,7.0
Surulere,2020-06-08,1.2
Surulere,2020-06-09,1.7
Surulere,2020-06-10,8.8
Surulere,2020-06-11,6.9
Surulere,2020-06-12,7.4
Surulere,2020-06-13,4.2
Surulere,2020-06-14,5.8
Surulere,2020-06-15,4.4
Surulere,2020-06-16,2.0
Surulere,2020-06-17,13.7
Surulere,2020-06-18,137.1
Surulere,2020-06-19,8.3
Surulere,2020-06-20,9.0
Surulere,2020-06-21,9.0
Surulere,2020-06-22,17.0
Surulere,2020-06-23,2.8
Surulere,2020-06-24,3.6
Surulere,2020-06-25,2.0
Surulere,2020-06-26,2.5
Surulere,2020-06-27,4.8
Surulere,2020-06-28,11.6
Surulere,2020-06-29,60.1
Surulere,2020-06-30,6.6
Surulere,2020-07-01,11.3
Surulere,2020-07-02,4.3
Surulere,2020-07-03,1.3
Surulere,2020-07-04,61.4
Surulere,2020-07-05,10.4
Surulere,2020-07-06,20.0
Surulere,2020-07-07,12.0
Surulere,2020-07-08,15.7
Surulere,2020-07-09,10.0
Surulere,2020-07-10,4.2
Surulere,2020-07-11,13.4
Surulere,2020-07-12,6.9
Surulere,2020-07-13,1.8
Surulere,2020-07-14,0.9
Surulere,2020-07-15,0.4
Surulere,2020-07-16,1.6
Surulere,2020-07-17,3.7
Surulere,2020-07-18,1.2
Surulere,2020-07-19,0.5
Surulere,2020-07-20,4.3
Surulere,2020-07-21,10.9
Surulere,2020-07-22,1.5
Surulere,2020-07-23,1.4
Surulere,2020-07-24,1.3
Surulere,2020-07-25,0.5
Surulere,2020-07-26,1.6
Surulere,2020-07-27,0.7
Surulere,2020-07-28,0.5
Surulere,2020-07-29,0.7
Surulere,2020-07-30,0.7
Surulere,2020-07-31,2.1
Surulere,2020-08-01,1.8
Surulere,2020-08-02,0.5
Surulere,2020-08-03,0.1
Surulere,2020-08-04,0.0
Surulere,2020-08-05,0.3
Surulere,2020-08-06,0.1
Surulere,2020-08-07,0.3
Surulere,2020-08-08,0.6
Surulere,2020-08-09,0.1
Surulere,2020-08-10,0.1
Surulere,2020-08-11,2.3
Surulere,2020-08-12,0.0
Surulere,2020-08-13,0.0
Surulere,2020-08-14,1.8
Surulere,2020-08-15,1.3
Surulere,2020-08-16,0.3
Surulere,2020-08-17,1.2
Surulere,2020-08-18,0.9
Surulere,2020-08-19,0.3
Surulere,2020-08-20,0.2
Surulere,2020-08-21,3.6
Surulere,2020-08-22,1.3
Surulere,2020-08-23,0.6
Surulere,2020-08-24,0.1
Surulere,2020-08-25,0.5
Surulere,2020-08-26,0.9
Surulere,2020-08-27,0.6
Surulere,2020-08-28,0.7
Surulere,2020-08-29,1.3
Surulere,2020-08-30,1.6
Surulere,2020-08-31,6.4
Surulere,2020-09-01,7.7
Surulere,2020-09-02,1.3
Surulere,2020-09-03,2.4
Surulere,2020-09-04,1.9
Surulere,2020-09-05,1.3
Surulere,2020-09-06,1.0
Surulere,2020-09-07,1.9
Surulere,2020-09-08,2.0
Surulere,2020-09-09,137.4
Surulere,2020-09-10,2.7
Surulere,2020-09-11,0.9
Surulere,2020-09-12,6.3
Surulere,2020-09-13,8.7
Surulere,2020-09-14,3.1
Surulere,2020-09-15,8.7
Surulere,2020-09-16,9.7
Surulere,2020-09-17,4.6
Surulere,2020-09-18,2.6
Surulere,2020-09-19,12.2
Surulere,2020-09-20,6.5
Surulere,2020-09-21,3.3
Surulere,2020-09-22,10.5
Surulere,2020-09-23,3.7
Surulere,2020-09-24,1.3
Surulere,2020-09-25,1.2
Surulere,2020-09-26,13.7
Surulere,2020-09-27,5.6
Surulere,2020-09-28,6.1
Surulere,2020-09-29,5.8
Surulere,2020-09-30,7.0
Surulere,2020-10-01,2.8
Surulere,2020-10-02,3.2
Surulere,2020-10-03,2.3
Surulere,2020-10-04,5.4
Surulere,2020-10-05,2.3
Surulere,2020-10-06,4.9
Surulere,2020-10-07,3.3
Surulere,2020-10-08,6.7
Surulere,2020-10-09,16.4
Surulere,2020-10-10,5.8
Surulere,2020-10-11,18.0
Surulere,2020-10-12,1.0
Surulere,2020-10-13,2.9
Surulere,2020-10-14,3.0
Surulere,2020-10-15,1.9
Surulere,2020-10-16,2.7
Surulere,2020-10-17,7.2
Surulere,2020-10-18,1.8
Surulere,2020-10-19,1.3
Surulere,2020-10-20,2.4
Surulere,2020-10-21,2.1
Surulere,2020-10-22,1.0
Surulere,2020-10-23,2.3
Surulere,2020-10-24,6.5
Surulere,2020-10-25,5.9
Surulere,2020-10-26,6.5
Surulere,2020-10-27,3.0
Surulere,2020-10-28,1.3
Surulere,2020-10-29,2.7
Surulere,2020-10-30,1.1
Surulere,2020-10-31,1.3
Surulere,2020-11-01,3.4
Surulere,2020-11-02,4.0
Surulere,2020-11-03,0.9
Surulere,2020-11-04,8.6
Surulere,2020-11-05,6.5
Surulere,2020-11-06,3.3
Surulere,2020-11-07,5.6
Surulere,2020-11-08,1.7
Surulere,2020-11-09,3.4
Surulere,2020-11-10,3.7
Surulere,2020-11-11,3.3
Surulere,2020-11-12,1.1
Surulere,2020-11-13,0.0
Surulere,2020-11-14,0.3
Surulere,2020-11-15,1.5
Surulere,2020-11-16,4.4
Surulere,2020-11-17,1.5
Surulere,2020-11-18,5.5
Surulere,2020-11-19,1.0
Surulere,2020-11-20,1.5
Surulere,2020-11-21,3.3
Surulere,2020-11-22,0.6
Surulere,2020-11-23,1.8
Surulere,2020-11-24,1.4
Surulere,2020-11-25,1.3
Surulere,2020-11-26,2.2
Surulere,2020-11-27,9.1
Surulere,2020-11-28,1.5
Surulere,2020-11-29,0.4
Surulere,2020-11-30,0.2
Surulere,2020-12-01,0.9
Surulere,2020-12-02,1.0
Surulere,2020-12-03,1.1
Surulere,2020-12-04,1.3
Surulere,2020-12-05,0.3
Surulere,2020-12-06,0.8
Surulere,2020-12-07,0.9
Surulere,2020-12-08,1.4
Surulere,2020-12-09,1.6
Surulere,2020-12-10,1.5
Surulere,2020-12-11,1.1
Surulere,2020-12-12,1.4
Surulere,2020-12-13,2.8
Surulere,2020-12-14,2.1
Surulere,2020-12-15,1.1
Surulere,2020-12-16,1.1
Surulere,2020-12-17,0.6
Surulere,2020-12-18,0.9
Surulere,2020-12-19,1.9
Surulere,2020-12-20,2.2
Surulere,2020-12-21,1.1
Surulere,2020-12-22,1.0
Surulere,2020-12-23,0.7
Surulere,2020-12-24,2.0
Surulere,2020-12-25,0.5
Surulere,2020-12-26,0.0
Surulere,2020-12-27,0.0
Surulere,2020-12-28,0.0
Surulere,2020-12-29,0.0
Surulere,2020-12-30,0.0
Surulere,2020-12-31,0.1
Surulere,2021-01-01,0.4
Surulere,2021-01-02,0.9
Surulere,2021-01-03,0.4
Surulere,2021-01-04,2.0
Surulere,2021-01-05,1.6
Surulere,2021-01-06,3.1
Surulere,2021-01-07,2.0
Surulere,2021-01-08,1.8
Surulere,2021-01-09,0.4
Surulere,2021-01-10,0.8
Surulere,2021-01-11,0.2
Surulere,2021-01-12,1.6
Surulere,2021-01-13,1.3
Surulere,2021-01-14,3.8
Surulere,2021-01-15,1.3
Surulere,2021-01-16,4.1
Surulere,2021-01-17,0.4
Surulere,2021-01-18,1.6
Surulere,2021-01-19,0.0
Surulere,2021-01-20,0.0
Surulere,2021-01-21,0.0
Surulere,2021-01-22,0.0
Surulere,2021-01-23,0.0
Surulere,2021-01-24,0.0
Surulere,2021-01-25,0.0
Surulere,2021-01-26,0.0
Surulere,2021-01-27,0.3
Surulere,2021-01-28,1.4
Surulere,2021-01-29,1.1
Surulere,2021-01-30,1.3
Surulere,2021-01-31,0.9
Surulere,2021-02-01,4.0
Surulere,2021-02-02,1.5
Surulere,2021-02-03,1.3
Surulere,2021-02-04,1.4
Surulere,2021-02-05,2.5
Surulere,2021-02-06,1.1
Surulere,2021-02-07,0.9
Surulere,2021-02-08,1.4
Surulere,2021-02-09,0.4
Surulere,2021-02-10,0.7
Surulere,2021-02-11,3.0
Surulere,2021-02-12,1.6
Surulere,2021-02-13,3.3
Surulere,2021-02-14,2.7
Surulere,2021-02-15,4.2
Surulere,2021-02-16,1.2
Surulere,2021-02-17,2.7
Surulere,2021-02-18,0.0
Surulere,2021-02-19,0.0
Surulere,2021-02-20,0.0
Surulere,2021-02-21,0.0
Surulere,2021-02-22,0.0
Surulere,2021-02-23,0.4
Surulere,2021-02-24,0.0
Surulere,2021-02-25,1.3
Surulere,2021-02-26,2.4
Surulere,2021-02-27,1.3
Surulere,2021-02-28,0.0
Surulere,2021-03-01,1.1
Surulere,2021-03-02,1.0
Surulere,2021-03-03,0.8
Surulere,2021-03-04,1.9
Surulere,2021-03-05,2.0
Surulere,2021-03-06,3.4
Surulere,2021-03-07,1.2
Surulere,2021-03-08,2.0
Surulere,2021-03-09,2.7
Surulere,2021-03-10,2.8
Surulere,2021-03-11,4.6
Surulere,2021-03-12,4.6
Surulere,2021-03-13,22.6
Surulere,2021-03-14,0.2
Surulere,2021-03-15,0.0
Surulere,2021-03-16,0.1
Surulere,2021-03-17,15.0
Surulere,2021-03-18,3.4
Surulere,2021-03-19,0.0
Surulere,2021-03-20,0.0
Surulere,2021-03-21,0.7
Surulere,2021-03-22,6.8
Surulere,2021-03-23,18.5
Surulere,2021-03-24,1.8
Surulere,2021-03-25,2.5
Surulere,2021-03-26,0.0
Surulere,2021-03-27,1.1
Surulere,2021-03-28,1.3
Surulere,2021-03-29,0.0
Surulere,2021-03-30,0.8
Surulere,2021-03-31,1.3
Surulere,2021-04-01,1.8
Surulere,2021-04-02,1.4
Surulere,2021-04-03,3.2
Surulere,2021-04-04,1.0
Surulere,2021-04-05,2.3
Surulere,2021-04-06,1.3
Surulere,2021-04-07,1.3
Surulere,2021-04-08,3.3
Surulere,2021-04-09,1.3
Surulere,2021-04-10,0.3
Surulere,2021-04-11,0.0
Surulere,2021-04-12,0.1
Surulere,2021-04-13,2.0
Surulere,2021-04-14,1.2
Surulere,2021-04-15,1.1
Surulere,2021-04-16,1.9
Surulere,2021-04-17,3.9
Surulere,2021-04-18,7.0
Surulere,2021-04-19,0.3
Surulere,2021-04-20,0.8
Surulere,2021-04-21,0.1
Surulere,2021-04-22,2.0
Surulere,2021-04-23,4.0
Surulere,2021-04-24,6.4
Surulere,2021-04-25,0.3
Surulere,2021-04-26,1.6
Surulere,2021-04-27,0.5
Surulere,2021-04-28,1.2
Surulere,2021-04-29,0.2
Surulere,2021-04-30,0.4
Surulere,2021-05-01,0.7
Surulere,2021-05-02,0.1
Surulere,2021-05-03,3.8
Surulere,2021-05-04,2.8
Surulere,2021-05-05,1.4
Surulere,2021-05-06,3.9
Surulere,2021-05-07,1.4
Surulere,2021-05-08,2.1
Surulere,2021-05-09,0.9
Surulere,2021-05-10,0.5
Surulere,2021-05-11,1.7
Surulere,2021-05-12,2.4
Surulere,2021-05-13,1.7
Surulere,2021-05-14,2.7
Surulere,2021-05-15,5.8
Surulere,2021-05-16,2.6
Surulere,2021-05-17,7.0
Surulere,2021-05-18,2.8
Surulere,2021-05-19,2.6
Surulere,2021-05-20,11.6
Surulere,2021-05-21,1.3
Surulere,2021-05-22,1.3
Surulere,2021-05-23,1.1
Surulere,2021-05-24,0.3
Surulere,2021-05-25,0.9
Surulere,2021-05-26,5.2
Surulere,2021-05-27,1.8
Surulere,2021-05-28,1.7
Surulere,2021-05-29,1.3
Surulere,2021-05-30,5.2
Surulere,2021-05-31,1.2
Surulere,2021-06-01,2.9
Surulere,2021-06-02,2.7
Surulere,2021-06-03,0.7
Surulere,2021-06-04,4.5
Surulere,2021-06-05,4.6
Surulere,2021-06-06,1.4
Surulere,2021-06-07,1.6
Surulere,2021-06-08,3.6
Surulere,2021-06-09,6.3
Surulere,2021-06-10,1.2
Surulere,2021-06-11,7.6
Surulere,2021-06-12,1.3
Surulere,2021-06-13,0.9
Surulere,2021-06-14,0.4
Surulere,2021-06-15,8.4
Surulere,2021-06-16,15.0
Surulere,2021-06-17,3.5
Surulere,2021-06-18,11.0
Surulere,2021-06-19,3.9
Surulere,2021-06-20,23.0
Surulere,2021-06-21,28.8
Surulere,2021-06-22,6.3
Surulere,2021-06-23,13.7
Surulere,2021-06-24,13.1
Surulere,2021-06-25,2.7
Surulere,2021-06-26,23.0
Surulere,2021-06-27,0.5
Surulere,2021-06-28,7.0
Surulere,2021-06-29,12.3
Surulere,2021-06-30,5.3
Surulere,2021-07-01,11.6
Surulere,2021-07-02,23.4
Surulere,2021-07-03,25.1
Surulere,2021-07-04,6.4
Surulere,2021-07-05,0.6
Surulere,2021-07-06,2.2
Surulere,2021-07-07,2.5
Surulere,2021-07-08,7.6
Surulere,2021-07-09,13.6
Surulere,2021-07-10,2.0
Surulere,2021-07-11,2.0
Surulere,2021-07-12,2.0
Surulere,2021-07-13,0.5
Surulere,2021-07-14,1.8
Surulere,2021-07-15,4.5
Surulere,2021-07-16,68.8
Surulere,2021-07-17,1.1
Surulere,2021-07-18,0.2
Surulere,2021-07-19,1.9
Surulere,2021-07-20,3.6
Surulere,2021-07-21,1.4
Surulere,2021-07-22,0.7
Surulere,2021-07-23,0.6
Surulere,2021-07-24,1.4
Surulere,2021-07-25,0.3
Surulere,2021-07-26,0.5
Surulere,2021-07-27,0.0
Surulere,2021-07-28,3.0
Surulere,2021-07-29,1.1
Surulere,2021-07-30,1.2
Surulere,2021-07-31,1.3
Surulere,2021-08-01,0.8
Surulere,2021-08-02,0.8
Surulere,2021-08-03,2.7
Surulere,2021-08-04,16.3
Surulere,2021-08-05,13.7
Surulere,2021-08-06,1.2
Surulere,2021-08-07,11.7
Surulere,2021-08-08,10.5
Surulere,2021-08-09,2.9
Surulere,2021-08-10,2.5
Surulere,2021-08-11,0.7
Surulere,2021-08-12,2.7
Surulere,2021-08-13,2.1
Surulere,2021-08-14,1.2
Surulere,2021-08-15,1.1
Surulere,2021-08-16,1.2
Surulere,2021-08-17,1.9
Surulere,2021-08-18,2.3
Surulere,2021-08-19,11.0
Surulere,2021-08-20,15.8
Surulere,2021-08-21,32.6
Surulere,2021-08-22,5.0
Surulere,2021-08-23,3.5
Surulere,2021-08-24,9.0
Surulere,2021-08-25,9.2
Surulere,2021-08-26,2.2
Surulere,2021-08-27,7.2
Surulere,2021-08-28,1.6
Surulere,2021-08-29,6.9
Surulere,2021-08-30,18.7
Surulere,2021-08-31,1.8
Surulere,2021-09-01,6.7
Surulere,2021-09-02,8.7
Surulere,2021-09-03,10.7
Surulere,2021-09-04,10.5
Surulere,2021-09-05,5.9
Surulere,2021-09-06,9.5
Surulere,2021-09-07,4.8
Surulere,2021-09-08,1.5
Surulere,2021-09-09,4.0
Surulere,2021-09-10,11.1
Surulere,2021-09-11,12.5
Surulere,2021-09-12,0.3
Surulere,2021-09-13,16.5
Surulere,2021-09-14,4.0
Surulere,2021-09-15,7.4
Surulere,2021-09-16,2.9
Surulere,2021-09-17,7.8
Surulere,2021-09-18,9.4
Surulere,2021-09-19,9.1
Surulere,2021-09-20,0.0
Surulere,2021-09-21,11.0
Surulere,2021-09-22,23.4
Surulere,2021-09-23,2.6
Surulere,2021-09-24,7.2
Surulere,2021-09-25,23.0
Surulere,2021-09-26,5.3
Surulere,2021-09-27,6.3
Surulere,2021-09-28,1.0
Surulere,2021-09-29,2.2
Surulere,2021-09-30,12.3
Surulere,2021-10-01,7.6
Surulere,2021-10-02,3.0
Surulere,2021-10-03,6.7
Surulere,2021-10-04,1.1
Surulere,2021-10-05,1.2
Surulere,2021-10-06,14.9
Surulere,2021-10-07,2.4
Surulere,2021-10-08,0.6
Surulere,2021-10-09,9.3
Surulere,2021-10-10,9.4
Surulere,2021-10-11,3.6
Surulere,2021-10-12,5.2
Surulere,2021-10-13,2.2
Surulere,2021-10-14,8.3
Surulere,2021-10-15,2.8
Surulere,2021-10-16,2.7
Surulere,2021-10-17,7.6
Surulere,2021-10-18,17.0
Surulere,2021-10-19,9.0
Surulere,2021-10-20,2.2
Surulere,2021-10-21,24.2
Surulere,2021-10-22,8.2
Surulere,2021-10-23,23.3
Surulere,2021-10-24,9.8
Surulere,2021-10-25,7.1
Surulere,2021-10-26,6.3
Surulere,2021-10-27,9.8
Surulere,2021-10-28,3.0
Surulere,2021-10-29,1.1
Surulere,2021-10-30,1.7
Surulere,2021-10-31,1.0
Surulere,2021-11-01,1.6
Surulere,2021-11-02,1.0
Surulere,2021-11-03,0.6
Surulere,2021-11-04,4.1
Surulere,2021-11-05,1.9
Surulere,2021-11-06,0.8
Surulere,2021-11-07,6.9
Surulere,2021-11-08,4.0
Surulere,2021-11-09,2.7
Surulere,2021-11-10,3.2
Surulere,2021-11-11,17.9
Surulere,2021-11-12,1.7
Surulere,2021-11-13,4.5
Surulere,2021-11-14,0.6
Surulere,2021-11-15,3.3
Surulere,2021-11-16,4.6
Surulere,2021-11-17,1.9
Surulere,2021-11-18,1.4
Surulere,2021-11-19,4.9
Surulere,2021-11-20,0.9
Surulere,2021-11-21,0.8
Surulere,2021-11-22,0.6
Surulere,2021-11-23,1.7
Surulere,2021-11-24,1.8
Surulere,2021-11-25,2.5
Surulere,2021-11-26,2.7
Surulere,2021-11-27,1.5
Surulere,2021-11-28,0.2
Surulere,2021-11-29,1.0
Surulere,2021-11-30,2.1
Surulere,2021-12-01,0.5
Surulere,2021-12-02,0.8
Surulere,2021-12-03,0.2
Surulere,2021-12-04,0.2
Surulere,2021-12-05,3.1
Surulere,2021-12-06,1.3
Surulere,2021-12-07,0.9
Surulere,2021-12-08,0.6
Surulere,2021-12-09,0.0
Surulere,2021-12-10,0.2
Surulere,2021-12-11,0.6
Surulere,2021-12-12,0.0
Surulere,2021-12-13,0.0
Surulere,2021-12-14,2.5
Surulere,2021-12-15,0.7
Surulere,2021-12-16,0.1
Surulere,2021-12-17,0.0
Surulere,2021-12-18,0.0
Surulere,2021-12-19,0.0
Surulere,2021-12-20,0.0
Surulere,2021-12-21,0.0
Surulere,2021-12-22,0.0
Surulere,2021-12-23,0.0
Surulere,2021-12-24,0.0
Surulere,2021-12-25,0.0
Surulere,2021-12-26,0.0
Surulere,2021-12-27,0.4
Surulere,2021-12-28,0.1
Surulere,2021-12-29,0.7
Surulere,2021-12-30,0.0
Surulere,2021-12-31,0.3
Surulere,2022-01-01,1.6
Surulere,2022-01-02,0.2
Surulere,2022-01-03,0.0
Surulere,2022-01-04,0.0
Surulere,2022-01-05,0.0
Surulere,2022-01-06,0.0
Surulere,2022-01-07,0.1
Surulere,2022-01-08,1.4
Surulere,2022-01-09,0.1
Surulere,2022-01-10,0.0
Surulere,2022-01-11,1.0
Surulere,2022-01-12,1.6
Surulere,2022-01-13,12.2
Surulere,2022-01-14,0.7
Surulere,2022-01-15,0.0
Surulere,2022-01-16,0.1
Surulere,2022-01-17,0.1
Surulere,2022-01-18,0.4
Surulere,2022-01-19,1.3
Surulere,2022-01-20,0.0
Surulere,2022-01-21,0.0
Surulere,2022-01-22,0.0
Surulere,2022-01-23,0.0
Surulere,2022-01-24,0.0
Surulere,2022-01-25,0.0
Surulere,2022-01-26,0.0
Surulere,2022-01-27,0.0
Surulere,2022-01-28,0.0
Surulere,2022-01-29,0.0
Surulere,2022-01-30,0.0
Surulere,2022-01-31,0.0
Surulere,2022-02-01,0.0
Surulere,2022-02-02,0.0
Surulere,2022-02-03,1.0
Surulere,2022-02-04,0.4
Surulere,2022-02-05,1.0
Surulere,2022-02-06,0.0
Surulere,2022-02-07,0.0
Surulere,2022-02-08,0.0
Surulere,2022-02-09,0.0
Surulere,2022-02-10,0.0
Surulere,2022-02-11,0.0
Surulere,2022-02-12,0.3
Surulere,2022-02-13,0.6
Surulere,2022-02-14,1.4
Surulere,2022-02-15,0.9
Surulere,2022-02-16,4.6
Surulere,2022-02-17,0.6
Surulere,2022-02-18,0.7
Surulere,2022-02-19,2.6
Surulere,2022-02-20,0.9
Surulere,2022-02-21,1.2
Surulere,2022-02-22,0.7
Surulere,2022-02-23,0.9
Surulere,2022-02-24,0.3
Surulere,2022-02-25,0.7
Surulere,2022-02-26,0.6
Surulere,2022-02-27,3.5
Surulere,2022-02-28,2.6
Surulere,2022-03-01,1.3
Surulere,2022-03-02,1.5
Surulere,2022-03-03,2.7
Surulere,2022-03-04,18.0
Surulere,2022-03-05,0.4
Surulere,2022-03-06,1.4
Surulere,2022-03-07,0.4
Surulere,2022-03-08,0.9
Surulere,2022-03-09,1.8
Surulere,2022-03-10,3.5
Surulere,2022-03-11,4.7
Surulere,2022-03-12,11.5
Surulere,2022-03-13,7.8
Surulere,2022-03-14,0.8
Surulere,2022-03-15,8.9
Surulere,2022-03-16,0.7
Surulere,2022-03-17,1.4
Surulere,2022-03-18,1.9
Surulere,2022-03-19,2.0
Surulere,2022-03-20,2.5
Surulere,2022-03-21,2.0
Surulere,2022-03-22,2.1
Surulere,2022-03-23,2.4
Surulere,2022-03-24,3.4
Surulere,2022-03-25,0.9
Surulere,2022-03-26,1.3
Surulere,2022-03-27,2.3
Surulere,2022-03-28,1.5
Surulere,2022-03-29,2.5
Surulere,2022-03-30,0.9
Surulere,2022-03-31,0.2
Surulere,2022-04-01,2.4
Surulere,2022-04-02,3.6
Surulere,2022-04-03,2.5
Surulere,2022-04-04,3.5
Surulere,2022-04-05,5.9
Surulere,2022-04-06,0.4
Surulere,2022-04-07,2.3
Surulere,2022-04-08,0.7
Surulere,2022-04-09,0.6
Surulere,2022-04-10,0.0
Surulere,2022-04-11,0.0
Surulere,2022-04-12,16.6
Surulere,2022-04-13,3.6
Surulere,2022-04-14,3.1
Surulere,2022-04-15,3.0
Surulere,2022-04-16,10.7
Surulere,2022-04-17,18.2
Surulere,2022-04-18,2.7
Surulere,2022-04-19,3.1
Surulere,2022-04-20,1.7
Surulere,2022-04-21,5.5
Surulere,2022-04-22,0.4
Surulere,2022-04-23,0.1
Surulere,2022-04-24,0.7
Surulere,2022-04-25,0.0
Surulere,2022-04-26,3.0
Surulere,2022-04-27,23.0
Surulere,2022-04-28,3.4
Surulere,2022-04-29,2.9
Surulere,2022-04-30,0.6
Surulere,2022-05-01,0.9
Surulere,2022-05-02,1.4
Surulere,2022-05-03,0.4
Surulere,2022-05-04,3.0
Surulere,2022-05-05,0.3
Surulere,2022-05-06,9.4
Surulere,2022-05-07,0.0
Surulere,2022-05-08,1.5
Surulere,2022-05-09,12.4
Surulere,2022-05-10,2.2
Surulere,2022-05-11,2.9
Surulere,2022-05-12,2.0
Surulere,2022-05-13,3.9
Surulere,2022-05-14,0.6
Surulere,2022-05-15,1.0
Surulere,2022-05-16,3.0
Surulere,2022-05-17,0.4
Surulere,2022-05-18,4.1
Surulere,2022-05-19,10.6
Surulere,2022-05-20,1.6
Surulere,2022-05-21,25.1
Surulere,2022-05-22,18.1
Surulere,2022-05-23,3.3
Surulere,2022-05-24,0.1
Surulere,2022-05-25,2.7
Surulere,2022-05-26,5.2
Surulere,2022-05-27,4.7
Surulere,2022-05-28,1.9
Surulere,2022-05-29,2.4
Surulere,2022-05-30,2.8
Surulere,2022-05-31,1.8
Surulere,2022-06-01,0.5
Surulere,2022-06-02,1.0
Surulere,2022-06-03,6.7
Surulere,2022-06-04,15.2
Surulere,2022-06-05,24.8
Surulere,2022-06-06,4.0
Surulere,2022-06-07,5.2
Surulere,2022-06-08,3.4
Surulere,2022-06-09,5.3
Surulere,2022-06-10,3.1
Surulere,2022-06-11,11.6
Surulere,2022-06-12,2.0
Surulere,2022-06-13,4.1
Surulere,2022-06-14,24.6
Surulere,2022-06-15,16.1
Surulere,2022-06-16,41.3
Surulere,2022-06-17,6.3
Surulere,2022-06-18,6.1
Surulere,2022-06-19,1.1
Surulere,2022-06-20,2.4
Surulere,2022-06-21,6.5
Surulere,2022-06-22,1.6
Surulere,2022-06-23,0.8
Surulere,2022-06-24,7.0
Surulere,2022-06-25,0.3
Surulere,2022-06-26,7.9
Surulere,2022-06-27,4.0
Surulere,2022-06-28,9.5
Surulere,2022-06-29,11.6
Surulere,2022-06-30,22.1
Surulere,2022-07-01,11.9
Surulere,2022-07-02,0.4
Surulere,2022-07-03,1.9
Surulere,2022-07-04,4.4
Surulere,2022-07-05,17.4
Surulere,2022-07-06,4.1
Surulere,2022-07-07,2.0
Surulere,2022-07-08,23.7
Surulere,2022-07-09,10.8
Surulere,2022-07-10,5.4
Surulere,2022-07-11,3.2
Surulere,2022-07-12,5.2
Surulere,2022-07-13,1.5
Surulere,2022-07-14,0.7
Surulere,2022-07-15,3.3
Surulere,2022-07-16,4.0
Surulere,2022-07-17,3.8
Surulere,2022-07-18,2.1
Surulere,2022-07-19,0.3
Surulere,2022-07-20,3.2
Surulere,2022-07-21,1.6
Surulere,2022-07-22,0.6
Surulere,2022-07-23,1.5
Surulere,2022-07-24,2.3
Surulere,2022-07-25,2.5
Surulere,2022-07-26,11.9
Surulere,2022-07-27,3.1
Surulere,2022-07-28,0.8
Surulere,2022-07-29,1.5
Surulere,2022-07-30,0.8
Surulere,2022-07-31,3.4
Surulere,2022-08-01,6.1
Surulere,2022-08-02,0.5
Surulere,2022-08-03,1.2
Surulere,2022-08-04,0.4
Surulere,2022-08-05,0.5
Surulere,2022-08-06,0.9
Surulere,2022-08-07,0.6
Surulere,2022-08-08,0.3
Surulere,2022-08-09,0.8
Surulere,2022-08-10,0.0
Surulere,2022-08-11,3.6
Surulere,2022-08-12,1.2
Surulere,2022-08-13,1.0
Surulere,2022-08-14,1.9
Surulere,2022-08-15,4.2
Surulere,2022-08-16,1.6
Surulere,2022-08-17,0.4
Surulere,2022-08-18,0.8
Surulere,2022-08-19,8.1
Surulere,2022-08-20,2.6
Surulere,2022-08-21,1.0
Surulere,2022-08-22,3.6
Surulere,2022-08-23,10.3
Surulere,2022-08-24,1.3
Surulere,2022-08-25,1.6
Surulere,2022-08-26,11.7
Surulere,2022-08-27,11.8
Surulere,2022-08-28,1.8
Surulere,2022-08-29,2.8
Surulere,2022-08-30,15.5
Surulere,2022-08-31,3.3
Surulere,2022-09-01,2.5
Surulere,2022-09-02,1.8
Surulere,2022-09-03,1.5
Surulere,2022-09-04,4.8
Surulere,2022-09-05,2.0
Surulere,2022-09-06,0.7
Surulere,2022-09-07,2.0
Surulere,2022-09-08,3.1
Surulere,2022-09-09,1.8
Surulere,2022-09-10,1.3
Surulere,2022-09-11,6.2
Surulere,2022-09-12,13.2
Surulere,2022-09-13,1.6
Surulere,2022-09-14,1.8
Surulere,2022-09-15,5.0
Surulere,2022-09-16,2.7
Surulere,2022-09-17,1.2
Surulere,2022-09-18,5.9
Surulere,2022-09-19,27.8
Surulere,2022-09-20,1.9
Surulere,2022-09-21,18.1
Surulere,2022-09-22,3.6
Surulere,2022-09-23,0.6
Surulere,2022-09-24,4.8
Surulere,2022-09-25,4.8
Surulere,2022-09-26,12.3
Surulere,2022-09-27,11.3
Surulere,2022-09-28,13.2
Surulere,2022-09-29,2.4
Surulere,2022-09-30,8.8
Surulere,2022-10-01,2.7
Surulere,2022-10-02,2.1
Surulere,2022-10-03,0.0
Surulere,2022-10-04,2.4
Surulere,2022-10-05,2.3
Surulere,2022-10-06,10.6
Surulere,2022-10-07,4.1
Surulere,2022-10-08,0.4
Surulere,2022-10-09,22.2
Surulere,2022-10-10,14.2
Surulere,2022-10-11,1.4
Surulere,2022-10-12,7.1
Surulere,2022-10-13,15.2
Surulere,2022-10-14,2.4
Surulere,2022-10-15,21.8
Surulere,2022-10-16,1.1
Surulere,2022-10-17,1.6
Surulere,2022-10-18,8.4
Surulere,2022-10-19,3.2
Surulere,2022-10-20,1.5
Surulere,2022-10-21,5.2
Surulere,2022-10-22,3.6
Surulere,2022-10-23,5.9
Surulere,2022-10-24,5.4
Surulere,2022-10-25,8.5
Surulere,2022-10-26,0.2
Surulere,2022-10-27,1.2
Surulere,2022-10-28,1.5
Surulere,2022-10-29,0.3
Surulere,2022-10-30,1.3
Surulere,2022-10-31,0.5
Surulere,2022-11-01,2.8
Surulere,2022-11-02,0.5
Surulere,2022-11-03,0.7
Surulere,2022-11-04,2.4
Surulere,2022-11-05,4.3
Surulere,2022-11-06,1.9
Surulere,2022-11-07,0.9
Surulere,2022-11-08,0.9
Surulere,2022-11-09,2.5
Surulere,2022-11-10,2.2
Surulere,2022-11-11,2.9
Surulere,2022-11-12,4.2
Surulere,2022-11-13,2.3
Surulere,2022-11-14,1.3
Surulere,2022-11-15,2.2
Surulere,2022-11-16,0.0
Surulere,2022-11-17,3.2
Surulere,2022-11-18,2.4
Surulere,2022-11-19,4.3
Surulere,2022-11-20,1.1
Surulere,2022-11-21,0.5
Surulere,2022-11-22,1.2
Surulere,2022-11-23,1.5
Surulere,2022-11-24,0.3
Surulere,2022-11-25,0.0
Surulere,2022-11-26,0.2
Surulere,2022-11-27,1.1
Surulere,2022-11-28,2.1
Surulere,2022-11-29,1.9
Surulere,2022-11-30,1.5
Surulere,2022-12-01,0.3
Surulere,2022-12-02,5.2
Surulere,2022-12-03,0.8
Surulere,2022-12-04,0.8
Surulere,2022-12-05,1.9
Surulere,2022-12-06,0.9
Surulere,2022-12-07,0.7
Surulere,2022-12-08,1.1
Surulere,2022-12-09,0.0
Surulere,2022-12-10,0.0
Surulere,2022-12-11,0.0
Surulere,2022-12-12,0.4
Surulere,2022-12-13,0.5
Surulere,2022-12-14,0.6
Surulere,2022-12-15,0.4
Surulere,2022-12-16,0.7
Surulere,2022-12-17,0.9
Surulere,2022-12-18,0.8
Surulere,2022-12-19,0.0
Surulere,2022-12-20,0.0
Surulere,2022-12-21,0.0
Surulere,2022-12-22,0.7
Surulere,2022-12-23,0.0
Surulere,2022-12-24,0.0
Surulere,2022-12-25,0.0
Surulere,2022-12-26,0.0
Surulere,2022-12-27,0.0
Surulere,2022-12-28,0.0
Surulere,2022-12-29,0.0
Surulere,2022-12-30,0.0
Surulere,2022-12-31,0.0
Surulere,2023-01-01,0.0
Surulere,2023-01-02,0.0
Surulere,2023-01-03,0.0
Surulere,2023-01-04,0.0
Surulere,2023-01-05,0.0
Surulere,2023-01-06,0.0
Surulere,2023-01-07,0.0
Surulere,2023-01-08,0.0
Surulere,2023-01-09,0.0
Surulere,2023-01-10,0.0
Surulere,2023-01-11,0.0
Surulere,2023-01-12,0.0
Surulere,2023-01-13,0.0
Surulere,2023-01-14,0.0
Surulere,2023-01-15,0.2
Surulere,2023-01-16,0.0
Surulere,2023-01-17,0.0
Surulere,2023-01-18,0.0
Surulere,2023-01-19,0.3
Surulere,2023-01-20,0.4
Surulere,2023-01-21,1.0
Surulere,2023-01-22,1.4
Surulere,2023-01-23,0.7
Surulere,2023-01-24,2.2
Surulere,2023-01-25,0.1
Surulere,2023-01-26,0.4
Surulere,2023-01-27,2.1
Surulere,2023-01-28,7.7
Surulere,2023-01-29,6.5
Surulere,2023-01-30,0.7
Surulere,2023-01-31,1.6
Surulere,2023-02-01,0.0
Surulere,2023-02-02,1.4
Surulere,2023-02-03,0.8
Surulere,2023-02-04,3.3
Surulere,2023-02-05,2.2
Surulere,2023-02-06,1.9
Surulere,2023-02-07,0.4
Surulere,2023-02-08,1.5
Surulere,2023-02-09,1.3
Surulere,2023-02-10,1.1
Surulere,2023-02-11,0.6
Surulere,2023-02-12,0.9
Surulere,2023-02-13,0.0
Surulere,2023-02-14,0.1
Surulere,2023-02-15,0.0
Surulere,2023-02-16,0.0
Surulere,2023-02-17,0.0
Surulere,2023-02-18,0.0
Surulere,2023-02-19,0.0
Surulere,2023-02-20,0.0
Surulere,2023-02-21,0.0
Surulere,2023-02-22,0.1
Surulere,2023-02-23,1.5
Surulere,2023-02-24,2.8
Surulere,2023-02-25,0.2
Surulere,2023-02-26,0.0
Surulere,2023-02-27,0.1
Surulere,2023-02-28,0.4
Surulere,2023-03-01,0.1
Surulere,2023-03-02,0.5
Surulere,2023-03-03,14.4
Surulere,2023-03-04,8.4
Surulere,2023-03-05,0.0
Surulere,2023-03-06,4.2
Surulere,2023-03-07,0.7
Surulere,2023-03-08,0.2
Surulere,2023-03-09,6.4
Surulere,2023-03-10,0.4
Surulere,2023-03-11,3.4
Surulere,2023-03-12,1.5
Surulere,2023-03-13,0.2
Surulere,2023-03-14,2.6
Surulere,2023-03-15,2.3
Surulere,2023-03-16,11.2
Surulere,2023-03-17,1.0
Surulere,2023-03-18,1.6
Surulere,2023-03-19,12.1
Surulere,2023-03-20,0.3
Surulere,2023-03-21,3.3
Surulere,2023-03-22,0.6
Surulere,2023-03-23,4.2
Surulere,2023-03-24,0.0
Surulere,2023-03-25,0.2
Surulere,2023-03-26,2.3
Surulere,2023-03-27,0.2
Surulere,2023-03-28,0.6
Surulere,2023-03-29,1.2
Surulere,2023-03-30,2.7
Surulere,2023-03-31,14.8
Surulere,2023-04-01,0.4
Surulere,2023-04-02,0.6
Surulere,2023-04-03,4.4
Surulere,2023-04-04,9.8
Surulere,2023-04-05,0.0
Surulere,2023-04-06,0.5
Surulere,2023-04-07,3.7
Surulere,2023-04-08,7.9
Surulere,2023-04-09,5.0
Surulere,2023-04-10,0.3
Surulere,2023-04-11,0.8
Surulere,2023-04-12,2.6
Surulere,2023-04-13,1.7
Surulere,2023-04-14,1.0
Surulere,2023-04-15,5.1
Surulere,2023-04-16,2.2
Surulere,2023-04-17,8.7
Surulere,2023-04-18,0.6
Surulere,2023-04-19,2.0
Surulere,2023-04-20,0.7
Surulere,2023-04-21,1.3
Surulere,2023-04-22,1.2
Surulere,2023-04-23,7.8
Surulere,2023-04-24,1.6
Surulere,2023-04-25,2.0
Surulere,2023-04-26,0.9
Surulere,2023-04-27,18.5
Surulere,2023-04-28,1.4
Surulere,2023-04-29,19.5
Surulere,2023-04-30,0.4
Surulere,2023-05-01,4.1
Surulere,2023-05-02,1.9
Surulere,2023-05-03,0.7
Surulere,2023-05-04,3.0
Surulere,2023-05-05,0.8
Surulere,2023-05-06,0.2
Surulere,2023-05-07,1.6
Surulere,2023-05-08,1.8
Surulere,2023-05-09,2.6
Surulere,2023-05-10,1.1
Surulere,2023-05-11,2.9
Surulere,2023-05-12,3.1
Surulere,2023-05-13,1.3
Surulere,2023-05-14,3.0
Surulere,2023-05-15,59.4
Surulere,2023-05-16,2.1
Surulere,2023-05-17,5.5
Surulere,2023-05-18,2.3
Surulere,2023-05-19,5.9
Surulere,2023-05-20,1.0
Surulere,2023-05-21,8.5
Surulere,2023-05-22,5.7
Surulere,2023-05-23,3.9
Surulere,2023-05-24,3.7
Surulere,2023-05-25,1.1
Surulere,2023-05-26,0.0
Surulere,2023-05-27,1.1
Surulere,2023-05-28,4.0
Surulere,2023-05-29,1.6
Surulere,2023-05-30,1.0
Surulere,2023-05-31,3.4
Surulere,2023-06-01,2.5
Surulere,2023-06-02,3.1
Surulere,2023-06-03,8.6
Surulere,2023-06-04,4.9
Surulere,2023-06-05,1.0
Surulere,2023-06-06,22.9
Surulere,2023-06-07,13.6
Surulere,2023-06-08,10.1
Surulere,2023-06-09,3.1
Surulere,2023-06-10,8.7
Surulere,2023-06-11,7.5
Surulere,2023-06-12,0.3
Surulere,2023-06-13,0.3
Surulere,2023-06-14,7.0
Surulere,2023-06-15,12.1
Surulere,2023-06-16,4.9
Surulere,2023-06-17,5.0
Surulere,2023-06-18,4.8
Surulere,2023-06-19,5.2
Surulere,2023-06-20,8.3
Surulere,2023-06-21,17.2
Surulere,2023-06-22,12.8
Surulere,2023-06-23,4.5
Surulere,2023-06-24,18.8
Surulere,2023-06-25,3.0
Surulere,2023-06-26,0.0
Surulere,2023-06-27,0.4
Surulere,2023-06-28,13.5
Surulere,2023-06-29,3.0
Surulere,2023-06-30,1.7
Surulere,2023-07-01,8.0
Surulere,2023-07-02,7.9
Surulere,2023-07-03,1.7
Surulere,2023-07-04,8.0
Surulere,2023-07-05,1.2
Surulere,2023-07-06,1.2
Surulere,2023-07-07,12.0
Surulere,2023-07-08,14.0
Surulere,2023-07-09,25.1
Surulere,2023-07-10,2.2
Surulere,2023-07-11,1.2
Surulere,2023-07-12,44.1
Surulere,2023-07-13,1.4
Surulere,2023-07-14,4.6
Surulere,2023-07-15,1.7
Surulere,2023-07-16,9.9
Surulere,2023-07-17,2.7
Surulere,2023-07-18,7.5
Surulere,2023-07-19,0.9
Surulere,2023-07-20,1.1
Surulere,2023-07-21,6.2
Surulere,2023-07-22,9.2
Surulere,2023-07-23,44.6
Surulere,2023-07-24,16.3
Surulere,2023-07-25,0.6
Surulere,2023-07-26,1.1
Surulere,2023-07-27,4.2
Surulere,2023-07-28,3.0
Surulere,2023-07-29,8.9
Surulere,2023-07-30,4.7
Surulere,2023-07-31,10.0
Surulere,2023-08-01,10.6
Surulere,2023-08-02,2.5
Surulere,2023-08-03,1.3
Surulere,2023-08-04,2.1
Surulere,2023-08-05,1.8
Surulere,2023-08-06,1.8
Surulere,2023-08-07,0.9
Surulere,2023-08-08,9.8
Surulere,2023-08-09,3.3
Surulere,2023-08-10,2.8
Surulere,2023-08-11,0.5
Surulere,2023-08-12,2.8
Surulere,2023-08-13,1.9
Surulere,2023-08-14,17.2
Surulere,2023-08-15,10.9
Surulere,2023-08-16,8.4
Surulere,2023-08-17,20.6
Surulere,2023-08-18,5.4
Surulere,2023-08-19,6.4
Surulere,2023-08-20,1.9
Surulere,2023-08-21,1.1
Surulere,2023-08-22,1.2
Surulere,2023-08-23,3.6
Surulere,2023-08-24,3.1
Surulere,2023-08-25,1.9
Surulere,2023-08-26,1.3
Surulere,2023-08-27,6.3
Surulere,2023-08-28,7.3
Surulere,2023-08-29,1.8
Surulere,2023-08-30,23.4
Surulere,2023-08-31,2.1
Surulere,2023-09-01,4.4
Surulere,2023-09-02,9.3
Surulere,2023-09-03,15.2
Surulere,2023-09-04,2.6
Surulere,2023-09-05,10.5
Surulere,2023-09-06,2.3
Surulere,2023-09-07,1.2
Surulere,2023-09-08,12.5
Surulere,2023-09-09,15.5
Surulere,2023-09-10,1.1
Surulere,2023-09-11,1.5
Surulere,2023-09-12,2.8
Surulere,2023-09-13,12.1
Surulere,2023-09-14,7.9
Surulere,2023-09-15,7.8
Surulere,2023-09-16,44.5
Surulere,2023-09-17,4.1
Surulere,2023-09-18,5.7
Surulere,2023-09-19,12.2
Surulere,2023-09-20,1.9
Surulere,2023-09-21,0.1
Surulere,2023-09-22,5.9
Surulere,2023-09-23,4.2
Surulere,2023-09-24,35.4
Surulere,2023-09-25,1.5
Surulere,2023-09-26,2.6
Surulere,2023-09-27,0.9
Surulere,2023-09-28,1.3
Surulere,2023-09-29,9.6
Surulere,2023-09-30,3.1
Surulere,2023-10-01,0.9
Surulere,2023-10-02,1.7
Surulere,2023-10-03,2.9
Surulere,2023-10-04,5.1
Surulere,2023-10-05,21.3
Surulere,2023-10-06,2.1
Surulere,2023-10-07,20.9
Surulere,2023-10-08,8.8
Surulere,2023-10-09,8.2
Surulere,2023-10-10,0.8
Surulere,2023-10-11,2.2
Surulere,2023-10-12,17.7
Surulere,2023-10-13,2.0
Surulere,2023-10-14,2.5
Surulere,2023-10-15,7.0
Surulere,2023-10-16,3.2
Surulere,2023-10-17,4.0
Surulere,2023-10-18,0.0
Surulere,2023-10-19,6.9
Surulere,2023-10-20,0.8
Surulere,2023-10-21,2.5
Surulere,2023-10-22,1.8
Surulere,2023-10-23,8.0
Surulere,2023-10-24,0.6
Surulere,2023-10-25,5.5
Surulere,2023-10-26,2.3
Surulere,2023-10-27,1.3
Surulere,2023-10-28,0.8
Surulere,2023-10-29,0.6
Surulere,2023-10-30,4.3
Surulere,2023-10-31,1.0
Surulere,2023-11-01,0.7
Surulere,2023-11-02,2.1
Surulere,2023-11-03,0.5
Surulere,2023-11-04,3.8
Surulere,2023-11-05,3.3
Surulere,2023-11-06,1.7
Surulere,2023-11-07,2.6
Surulere,2023-11-08,5.6
Surulere,2023-11-09,1.2
Surulere,2023-11-10,1.2
Surulere,2023-11-11,2.2
Surulere,2023-11-12,1.4
Surulere,2023-11-13,1.3
Surulere,2023-11-14,0.7
Surulere,2023-11-15,2.7
Surulere,2023-11-16,0.0
Surulere,2023-11-17,1.0
Surulere,2023-11-18,2.4
Surulere,2023-11-19,0.4
Surulere,2023-11-20,0.6
Surulere,2023-11-21,0.0
Surulere,2023-11-22,1.2
Surulere,2023-11-23,2.3
Surulere,2023-11-24,8.0
Surulere,2023-11-25,6.0
Surulere,2023-11-26,13.4
Surulere,2023-11-27,0.0
Surulere,2023-11-28,2.0
Surulere,2023-11-29,1.5
Surulere,2023-11-30,0.9
Surulere,2023-12-01,1.2
Surulere,2023-12-02,1.8
Surulere,2023-12-03,0.2
Surulere,2023-12-04,0.0
Surulere,2023-12-05,1.7
Surulere,2023-12-06,2.3
Surulere,2023-12-07,1.7
Surulere,2023-12-08,0.4
Surulere,2023-12-09,0.5
Surulere,2023-12-10,1.0
Surulere,2023-12-11,0.7
Surulere,2023-12-12,0.2
Surulere,2023-12-13,0.0
Surulere,2023-12-14,0.0
Surulere,2023-12-15,0.0
Surulere,2023-12-16,0.0
Surulere,2023-12-17,0.0
Surulere,2023-12-18,0.0
Surulere,2023-12-19,0.1
Surulere,2023-12-20,0.0
Surulere,2023-12-21,0.0
Surulere,2023-12-22,0.0
Surulere,2023-12-23,0.0
Surulere,2023-12-24,0.0
Surulere,2023-12-25,0.0
Surulere,2023-12-26,0.0
Surulere,2023-12-27,0.0
Surulere,2023-12-28,0.0
Surulere,2023-12-29,0.0
Surulere,2023-12-30,0.1
Surulere,2023-12-31,0.1
Surulere,2024-01-01,3.3
Surulere,2024-01-02,1.5
Surulere,2024-01-03,1.9
Surulere,2024-01-04,0.4
Surulere,2024-01-05,0.4
Surulere,2024-01-06,0.8
Surulere,2024-01-07,0.7
Surulere,2024-01-08,0.4
Surulere,2024-01-09,3.5
Surulere,2024-01-10,2.1
Surulere,2024-01-11,0.0
Surulere,2024-01-12,2.9
Surulere,2024-01-13,0.0
Surulere,2024-01-14,1.6
Surulere,2024-01-15,0.0
Surulere,2024-01-16,0.0
Surulere,2024-01-17,0.0
Surulere,2024-01-18,0.0
Surulere,2024-01-19,0.0
Surulere,2024-01-20,0.0
Surulere,2024-01-21,0.1
Surulere,2024-01-22,0.0
Surulere,2024-01-23,0.0
Surulere,2024-01-24,2.6
Surulere,2024-01-25,0.0
Surulere,2024-01-26,0.0
Surulere,2024-01-27,0.0
Surulere,2024-01-28,0.0
Surulere,2024-01-29,0.0
Surulere,2024-01-30,0.0
Surulere,2024-01-31,0.0
Surulere,2024-02-01,0.2
Surulere,2024-02-02,0.7
Surulere,2024-02-03,0.0
Surulere,2024-02-04,0.0
Surulere,2024-02-05,0.0
Surulere,2024-02-06,0.0
Surulere,2024-02-07,0.0
Surulere,2024-02-08,0.0
Surulere,2024-02-09,0.0
Surulere,2024-02-10,0.0
Surulere,2024-02-11,0.0
Surulere,2024-02-12,0.1
Surulere,2024-02-13,0.7
Surulere,2024-02-14,0.6
Surulere,2024-02-15,1.0
Surulere,2024-02-16,0.1
Surulere,2024-02-17,1.4
Surulere,2024-02-18,0.8
Surulere,2024-02-19,0.4
Surulere,2024-02-20,22.6
Surulere,2024-02-21,3.6
Surulere,2024-02-22,4.0
Surulere,2024-02-23,1.5
Surulere,2024-02-24,0.0
Surulere,2024-02-25,0.0
Surulere,2024-02-26,2.1
Surulere,2024-02-27,2.4
Surulere,2024-02-28,1.8
Surulere,2024-02-29,0.8
Surulere,2024-03-01,1.5
Surulere,2024-03-02,2.2
Surulere,2024-03-03,7.1
Surulere,2024-03-04,0.0
Surulere,2024-03-05,3.7
Surulere,2024-03-06,1.9
Surulere,2024-03-07,9.7
Surulere,2024-03-08,1.5
Surulere,2024-03-09,4.1
Surulere,2024-03-10,0.0
Surulere,2024-03-11,0.0
Surulere,2024-03-12,0.6
Surulere,2024-03-13,0.5
Surulere,2024-03-14,12.8
Surulere,2024-03-15,0.0
Surulere,2024-03-16,0.1
Surulere,2024-03-17,0.2
Surulere,2024-03-18,2.4
Surulere,2024-03-19,0.5
Surulere,2024-03-20,2.3
Surulere,2024-03-21,19.7
Surulere,2024-03-22,0.1
Surulere,2024-03-23,5.6
Surulere,2024-03-24,0.0
Surulere,2024-03-25,4.1
Surulere,2024-03-26,0.0
Surulere,2024-03-27,0.4
Surulere,2024-03-28,8.0
Surulere,2024-03-29,10.9
Surulere,2024-03-30,1.5
Surulere,2024-03-31,1.4
Surulere,2024-04-01,1.1
Surulere,2024-04-02,0.9
Surulere,2024-04-03,0.4
Surulere,2024-04-04,3.1
Surulere,2024-04-05,8.1
Surulere,2024-04-06,8.4
Surulere,2024-04-07,1.1
Surulere,2024-04-08,0.0
Surulere,2024-04-09,0.0
Surulere,2024-04-10,6.5
Surulere,2024-04-11,4.0
Surulere,2024-04-12,0.0
Surulere,2024-04-13,2.3
Surulere,2024-04-14,0.9
Surulere,2024-04-15,0.5
Surulere,2024-04-16,0.6
Surulere,2024-04-17,0.1
Surulere,2024-04-18,1.5
Surulere,2024-04-19,2.3
Surulere,2024-04-20,1.1
Surulere,2024-04-21,0.7
Surulere,2024-04-22,0.0
Surulere,2024-04-23,9.0
Surulere,2024-04-24,0.0
Surulere,2024-04-25,4.4
Surulere,2024-04-26,3.2
Surulere,2024-04-27,0.8
Surulere,2024-04-28,0.6
Surulere,2024-04-29,2.7
Surulere,2024-04-30,0.9
Surulere,2024-05-01,0.2
Surulere,2024-05-02,0.1
Surulere,2024-05-03,6.4
Surulere,2024-05-04,0.4
Surulere,2024-05-05,2.2
Surulere,2024-05-06,6.7
Surulere,2024-05-07,2.1
Surulere,2024-05-08,1.9
Surulere,2024-05-09,0.0
Surulere,2024-05-10,0.2
Surulere,2024-05-11,1.1
Surulere,2024-05-12,2.7
Surulere,2024-05-13,0.4
Surulere,2024-05-14,0.9
Surulere,2024-05-15,2.0
Surulere,2024-05-16,8.2
Surulere,2024-05-17,6.7
Surulere,2024-05-18,14.9
Surulere,2024-05-19,0.8
Surulere,2024-05-20,1.2
Surulere,2024-05-21,1.3
Surulere,2024-05-22,3.1
Surulere,2024-05-23,1.0
Surulere,2024-05-24,11.0
Surulere,2024-05-25,17.7
Surulere,2024-05-26,0.5
Surulere,2024-05-27,0.5
Surulere,2024-05-28,0.8
Surulere,2024-05-29,0.7
Surulere,2024-05-30,5.2
Surulere,2024-05-31,12.2
Surulere,2024-06-01,5.7
Surulere,2024-06-02,15.7
Surulere,2024-06-03,0.7
Surulere,2024-06-04,2.9
Surulere,2024-06-05,1.8
Surulere,2024-06-06,11.8
Surulere,2024-06-07,5.7
Surulere,2024-06-08,11.8
Surulere,2024-06-09,19.1
Surulere,2024-06-10,2.4
Surulere,2024-06-11,5.9
Surulere,2024-06-12,1.6
Surulere,2024-06-13,1.7
Surulere,2024-06-14,4.6
Surulere,2024-06-15,22.5
Surulere,2024-06-16,2.9
Surulere,2024-06-17,2.2
Surulere,2024-06-18,1.6
Surulere,2024-06-19,1.1
Surulere,2024-06-20,3.2
Surulere,2024-06-21,22.8
Surulere,2024-06-22,1.8
Surulere,2024-06-23,2.3
Surulere,2024-06-24,5.9
Surulere,2024-06-25,28.6
Surulere,2024-06-26,8.5
Surulere,2024-06-27,2.2
Surulere,2024-06-28,1.5
Surulere,2024-06-29,7.1
Surulere,2024-06-30,2.7
Surulere,2024-07-01,3.9
Surulere,2024-07-02,9.6
Surulere,2024-07-03,36.0
Surulere,2024-07-04,19.9
Surulere,2024-07-05,7.4
Surulere,2024-07-06,16.4
Surulere,2024-07-07,7.3
Surulere,2024-07-08,15.9
Surulere,2024-07-09,1.8
Surulere,2024-07-10,7.5
Surulere,2024-07-11,2.3
Surulere,2024-07-12,3.7
Surulere,2024-07-13,1.3
Surulere,2024-07-14,4.5
Surulere,2024-07-15,0.2
Surulere,2024-07-16,0.7
Surulere,2024-07-17,0.9
Surulere,2024-07-18,1.2
Surulere,2024-07-19,2.0
Surulere,2024-07-20,2.2
Surulere,2024-07-21,1.3
Surulere,2024-07-22,0.9
Surulere,2024-07-23,0.7
Surulere,2024-07-24,1.1
Surulere,2024-07-25,0.3
Surulere,2024-07-26,0.8
Surulere,2024-07-27,0.4
Surulere,2024-07-28,0.7
Surulere,2024-07-29,0.3
Surulere,2024-07-30,0.6
Surulere,2024-07-31,1.4
Surulere,2024-08-01,1.9
Surulere,2024-08-02,1.0
Surulere,2024-08-03,1.4
Surulere,2024-08-04,1.4
Surulere,2024-08-05,1.4
Surulere,2024-08-06,1.2
Surulere,2024-08-07,0.7
Surulere,2024-08-08,1.8
Surulere,2024-08-09,1.0
Surulere,2024-08-10,0.4
Surulere,2024-08-11,1.0
Surulere,2024-08-12,0.2
Surulere,2024-08-13,0.9
Surulere,2024-08-14,1.2
Surulere,2024-08-15,0.5
Surulere,2024-08-16,1.6
Surulere,2024-08-17,1.0
Surulere,2024-08-18,1.1
Surulere,2024-08-19,6.3
Surulere,2024-08-20,6.4
Surulere,2024-08-21,1.3
Surulere,2024-08-22,1.6
Surulere,2024-08-23,19.3
Surulere,2024-08-24,11.2
Surulere,2024-08-25,2.7
Surulere,2024-08-26,7.7
Surulere,2024-08-27,1.2
Surulere,2024-08-28,2.9
Surulere,2024-08-29,1.6
Surulere,2024-08-30,3.8
Surulere,2024-08-31,0.4
Surulere,2024-09-01,0.6
Surulere,2024-09-02,0.3
Surulere,2024-09-03,0.0
Surulere,2024-09-04,0.0
Surulere,2024-09-05,0.5
Surulere,2024-09-06,0.1
Surulere,2024-09-07,6.5
Surulere,2024-09-08,1.2
Surulere,2024-09-09,1.6
Surulere,2024-09-10,7.3
Surulere,2024-09-11,4.9
Surulere,2024-09-12,2.3
Surulere,2024-09-13,11.2
Surulere,2024-09-14,12.2
Surulere,2024-09-15,2.8
Surulere,2024-09-16,2.2
Surulere,2024-09-17,16.4
Surulere,2024-09-18,9.5
Surulere,2024-09-19,1.4
Surulere,2024-09-20,1.9
Surulere,2024-09-21,3.3
Surulere,2024-09-22,1.7
Surulere,2024-09-23,0.5
Surulere,2024-09-24,4.2
Surulere,2024-09-25,23.7
Surulere,2024-09-26,7.4
Surulere,2024-09-27,6.2
Surulere,2024-09-28,8.7
Surulere,2024-09-29,9.1
Surulere,2024-09-30,19.6
Surulere,2024-10-01,0.5
Surulere,2024-10-02,2.3
Surulere,2024-10-03,17.3
Surulere,2024-10-04,5.9
Surulere,2024-10-05,7.7
Surulere,2024-10-06,5.4
Surulere,2024-10-07,4.0
Surulere,2024-10-08,0.4
Surulere,2024-10-09,4.4
Surulere,2024-10-10,0.5
Surulere,2024-10-11,1.2
Surulere,2024-10-12,11.1
Surulere,2024-10-13,9.5
Surulere,2024-10-14,8.4
Surulere,2024-10-15,3.2
Surulere,2024-10-16,13.0
Surulere,2024-10-17,25.9
Surulere,2024-10-18,3.7
Surulere,2024-10-19,9.7
Surulere,2024-10-20,3.3
Surulere,2024-10-21,5.4
Surulere,2024-10-22,10.1
Surulere,2024-10-23,1.9
Surulere,2024-10-24,0.6
Surulere,2024-10-25,23.6
Surulere,2024-10-26,2.4
Surulere,2024-10-27,1.5
Surulere,2024-10-28,1.6
Surulere,2024-10-29,2.2
Surulere,2024-10-30,1.7
Surulere,2024-10-31,0.7
Surulere,2024-11-01,0.6
Surulere,2024-11-02,1.9
Surulere,2024-11-03,5.1
Surulere,2024-11-04,1.1
Surulere,2024-11-05,0.0
Surulere,2024-11-06,3.5
Surulere,2024-11-07,0.0
Surulere,2024-11-08,0.1
Surulere,2024-11-09,0.8
Surulere,2024-11-10,0.9
Surulere,2024-11-11,0.6
Surulere,2024-11-12,0.6
Surulere,2024-11-13,1.0
Surulere,2024-11-14,27.6
Surulere,2024-11-15,1.0
Surulere,2024-11-16,2.5
Surulere,2024-11-17,2.1
Surulere,2024-11-18,0.8
Surulere,2024-11-19,0.2
Surulere,2024-11-20,0.0
Surulere,2024-11-21,0.0
Surulere,2024-11-22,5.9
Surulere,2024-11-23,1.0
Surulere,2024-11-24,0.1
Surulere,2024-11-25,0.0
Surulere,2024-11-26,3.0
Surulere,2024-11-27,1.8
Surulere,2024-11-28,0.2
Surulere,2024-11-29,0.0
Surulere,2024-11-30,0.0
Surulere,2024-12-01,0.0
Surulere,2024-12-02,0.4
Surulere,2024-12-03,1.4
Surulere,2024-12-04,1.3
Surulere,2024-12-05,3.3
Surulere,2024-12-06,1.9
Surulere,2024-12-07,0.0
Surulere,2024-12-08,0.0
Surulere,2024-12-09,0.0
Surulere,2024-12-10,0.0
Surulere,2024-12-11,1.0
Surulere,2024-12-12,0.6
Surulere,2024-12-13,1.0
Surulere,2024-12-14,0.0
Surulere,2024-12-15,0.0
Surulere,2024-12-16,0.0
Surulere,2024-12-17,0.0
Surulere,2024-12-18,0.0
Surulere,2024-12-19,0.0
Surulere,2024-12-20,0.0
Surulere,2024-12-21,0.0
Surulere,2024-12-22,0.0
Surulere,2024-12-23,0.0
Surulere,2024-12-24,0.0
Surulere,2024-12-25,0.0
Surulere,2024-12-26,0.3
Surulere,2024-12-27,0.1
Surulere,2024-12-28,0.0
Surulere,2024-12-29,0.0
Surulere,2024-12-30,0.0
Surulere,2024-12-31,0.0
Surulere,2025-01-01,0.0
Surulere,2025-01-02,0.0
Surulere,2025-01-03,1.0
Surulere,2025-01-04,1.9
Surulere,2025-01-05,0.0
Surulere,2025-01-06,3.3
Surulere,2025-01-07,0.4
Surulere,2025-01-08,0.4
Surulere,2025-01-09,0.0
Surulere,2025-01-10,0.0
Surulere,2025-01-11,0.0
Surulere,2025-01-12,0.0
Surulere,2025-01-13,0.0
Surulere,2025-01-14,0.2
Surulere,2025-01-15,0.6
Surulere,2025-01-16,0.0
Surulere,2025-01-17,0.0
Surulere,2025-01-18,1.1
Surulere,2025-01-19,1.2
Surulere,2025-01-20,0.1
Surulere,2025-01-21,1.1
Surulere,2025-01-22,0.5
Surulere,2025-01-23,3.1
Surulere,2025-01-24,1.2
Surulere,2025-01-25,1.7
Surulere,2025-01-26,1.1
Surulere,2025-01-27,3.0
Surulere,2025-01-28,2.0
Surulere,2025-01-29,1.6
Surulere,2025-01-30,1.9
Surulere,2025-01-31,1.1
Surulere,2025-02-01,0.1
Surulere,2025-02-02,0.3
Surulere,2025-02-03,1.1
Surulere,2025-02-04,0.2
Surulere,2025-02-05,3.6
Surulere,2025-02-06,0.3
Surulere,2025-02-07,1.4
Surulere,2025-02-08,2.9
Surulere,2025-02-09,0.6
Surulere,2025-02-10,1.0
Surulere,2025-02-11,2.8
Surulere,2025-02-12,1.9
Surulere,2025-02-13,2.2
Surulere,2025-02-14,1.0
Surulere,2025-02-15,2.8
Surulere,2025-02-16,0.9
Surulere,2025-02-17,0.5
Surulere,2025-02-18,0.4
Surulere,2025-02-19,0.9
Surulere,2025-02-20,1.7
Surulere,2025-02-21,3.6
Surulere,2025-02-22,7.9
Surulere,2025-02-23,0.6
Surulere,2025-02-24,0.0
Surulere,2025-02-25,1.6
Surulere,2025-02-26,2.2
Surulere,2025-02-27,1.0
Surulere,2025-02-28,1.3
Surulere,2025-03-01,0.8
Surulere,2025-03-02,1.0
Surulere,2025-03-03,2.7
Surulere,2025-03-04,2.9
Surulere,2025-03-05,1.3
Surulere,2025-03-06,0.7
Surulere,2025-03-07,2.0
Surulere,2025-03-08,0.7
Surulere,2025-03-09,0.7
Surulere,2025-03-10,1.4
Surulere,2025-03-11,1.0
Surulere,2025-03-12,0.5
Surulere,2025-03-13,0.3
Surulere,2025-03-14,0.7
Surulere,2025-03-15,0.4
Surulere,2025-03-16,2.5
Surulere,2025-03-17,2.7
Surulere,2025-03-18,2.4
Surulere,2025-03-19,3.4
Surulere,2025-03-20,1.5
Surulere,2025-03-21,1.9
Surulere,2025-03-22,1.5
Surulere,2025-03-23,0.5
Surulere,2025-03-24,2.3
Surulere,2025-03-25,1.2
Surulere,2025-03-26,4.6
Surulere,2025-03-27,1.5
Surulere,2025-03-28,1.3
Surulere,2025-03-29,1.7
Surulere,2025-03-30,13.6
Surulere,2025-03-31,5.4
Surulere,2025-04-01,1.8
Surulere,2025-04-02,15.8
Surulere,2025-04-03,5.0
Surulere,2025-04-04,0.5
Surulere,2025-04-05,0.6
Surulere,2025-04-06,2.3
Surulere,2025-04-07,1.1
Surulere,2025-04-08,1.5
Surulere,2025-04-09,31.0
Surulere,2025-04-10,2.7
Surulere,2025-04-11,12.8
Surulere,2025-04-12,0.0
Surulere,2025-04-13,2.7
Surulere,2025-04-14,7.6
Surulere,2025-04-15,3.2
Surulere,2025-04-16,1.7
Surulere,2025-04-17,1.3
Surulere,2025-04-18,2.7
Surulere,2025-04-19,2.0
Surulere,2025-04-20,2.9
Surulere,2025-04-21,1.4
Surulere,2025-04-22,12.9
Surulere,2025-04-23,4.4
Surulere,2025-04-24,0.0
Surulere,2025-04-25,0.6
Surulere,2025-04-26,1.8
Surulere,2025-04-27,0.5
Surulere,2025-04-28,1.4
Surulere,2025-04-29,7.2
Surulere,2025-04-30,0.0
Surulere,2025-05-01,3.7
Surulere,2025-05-02,22.4
Surulere,2025-05-03,0.2
Surulere,2025-05-04,1.5
Surulere,2025-05-05,1.6
Surulere,2025-05-06,1.9
Surulere,2025-05-07,0.6
Surulere,2025-05-08,6.7
Surulere,2025-05-09,2.5
Surulere,2025-05-10,1.3
Surulere,2025-05-11,0.3
Surulere,2025-05-12,2.2
Surulere,2025-05-13,2.2
Surulere,2025-05-14,0.3
Surulere,2025-05-15,0.9
Surulere,2025-05-16,1.9
Surulere,2025-05-17,10.4
Surulere,2025-05-18,7.5
Surulere,2025-05-19,0.2
Surulere,2025-05-20,6.1
Surulere,2025-05-21,1.5
Surulere,2025-05-22,9.3
Surulere,2025-05-23,8.2
Surulere,2025-05-24,8.9
Surulere,2025-05-25,1.0
Surulere,2025-05-26,0.3
Surulere,2025-05-27,1.7
Surulere,2025-05-28,6.6
Surulere,2025-05-29,9.9
Surulere,2025-05-30,4.0
Surulere,2025-05-31,0.2
Surulere,2025-06-01,0.6
Surulere,2025-06-02,3.9
Surulere,2025-06-03,12.7
Surulere,2025-06-04,20.9
Surulere,2025-06-05,6.3
Surulere,2025-06-06,1.1
Surulere,2025-06-07,7.0
Surulere,2025-06-08,2.2
Surulere,2025-06-09,12.4
Surulere,2025-06-10,1.4
Surulere,2025-06-11,8.9
Surulere,2025-06-12,2.7
Surulere,2025-06-13,0.8
Surulere,2025-06-14,60.3
Surulere,2025-06-15,16.3
Surulere,2025-06-16,1.2
Surulere,2025-06-17,2.2
Surulere,2025-06-18,8.9
Surulere,2025-06-19,22.7
Surulere,2025-06-20,24.3
Surulere,2025-06-21,5.4
Surulere,2025-06-22,3.3
Surulere,2025-06-23,10.5
Surulere,2025-06-24,7.5
Surulere,2025-06-25,3.6
Surulere,2025-06-26,3.7
Surulere,2025-06-27,2.7
Surulere,2025-06-28,2.5
Surulere,2025-06-29,7.5
Surulere,2025-06-30,12.8
Surulere,2025-07-01,4.1
Surulere,2025-07-02,4.0
Surulere,2025-07-03,10.4
Surulere,2025-07-04,7.3
Surulere,2025-07-05,4.9
Surulere,2025-07-06,6.9
Surulere,2025-07-07,16.7
Surulere,2025-07-08,10.6
Surulere,2025-07-09,2.8
Surulere,2025-07-10,1.1
Surulere,2025-07-11,2.9
Surulere,2025-07-12,1.7
Surulere,2025-07-13,0.7
Surulere,2025-07-14,0.2
Surulere,2025-07-15,0.2
Surulere,2025-07-16,2.8
Surulere,2025-07-17,1.3
Surulere,2025-07-18,0.4
Surulere,2025-07-19,1.0
Surulere,2025-07-20,0.8
Surulere,2025-07-21,0.8
Surulere,2025-07-22,1.6
Surulere,2025-07-23,2.8
Surulere,2025-07-24,1.1
Surulere,2025-07-25,0.7
Surulere,2025-07-26,0.9
Surulere,2025-07-27,0.7
Surulere,2025-07-28,0.0
Surulere,2025-07-29,1.0
Surulere,2025-07-30,0.6
Surulere,2025-07-31,2.4
Surulere,2025-08-01,4.3
Surulere,2025-08-02,1.6
Surulere,2025-08-03,7.3
Surulere,2025-08-04,26.8
Surulere,2025-08-05,3.7
Surulere,2025-08-06,3.0
Surulere,2025-08-07,2.5
Surulere,2025-08-08,2.9
Surulere,2025-08-09,3.5
Surulere,2025-08-10,1.2
Surulere,2025-08-11,0.4
Surulere,2025-08-12,1.1
Surulere,2025-08-13,1.1
Surulere,2025-08-14,1.2
Surulere,2025-08-15,2.1
Surulere,2025-08-16,1.9
Surulere,2025-08-17,2.0
Surulere,2025-08-18,1.5
Surulere,2025-08-19,1.9
Surulere,2025-08-20,1.6
Surulere,2025-08-21,3.7
Surulere,2025-08-22,3.1
Surulere,2025-08-23,1.1
Surulere,2025-08-24,1.1
Surulere,2025-08-25,0.8
Surulere,2025-08-26,0.8
Surulere,2025-08-27,1.1
Surulere,2025-08-28,1.4
Surulere,2025-08-29,0.9
Surulere,2025-08-30,2.8
Surulere,2025-08-31,1.7
Surulere,2025-09-01,0.6
Surulere,2025-09-02,1.0
Surulere,2025-09-03,2.2
Surulere,2025-09-04,0.7
Surulere,2025-09-05,2.2
Surulere,2025-09-06,1.2
Surulere,2025-09-07,1.0
Surulere,2025-09-08,11.4
Surulere,2025-09-09,7.5
Surulere,2025-09-10,2.9
Surulere,2025-09-11,3.1
Surulere,2025-09-12,10.1
Surulere,2025-09-13,8.8
Surulere,2025-09-14,11.4
Surulere,2025-09-15,16.9
Surulere,2025-09-16,38.6
Surulere,2025-09-17,6.9
Surulere,2025-09-18,7.3
Surulere,2025-09-19,2.1
Surulere,2025-09-20,0.9
Surulere,2025-09-21,1.9
Surulere,2025-09-22,6.0
Surulere,2025-09-23,16.0
Surulere,2025-09-24,11.0
Surulere,2025-09-25,6.1
Surulere,2025-09-26,2.3
Surulere,2025-09-27,2.4
Surulere,2025-09-28,22.2
Surulere,2025-09-29,12.8
Surulere,2025-09-30,2.2
Surulere,2025-10-01,7.4
Surulere,2025-10-02,3.2
Surulere,2025-10-03,1.3
Surulere,2025-10-04,0.4
Surulere,2025-10-05,20.7
Surulere,2025-10-06,15.6
Surulere,2025-10-07,20.3
Surulere,2025-10-08,2.3
Surulere,2025-10-09,1.1
Surulere,2025-10-10,14.6
Surulere,2025-10-11,3.0
Surulere,2025-10-12,0.6
Surulere,2025-10-13,4.7
Surulere,2025-10-14,3.5
Surulere,2025-10-15,5.2
Surulere,2025-10-16,12.5
Surulere,2025-10-17,1.7
Surulere,2025-10-18,5.0
Surulere,2025-10-19,0.6
Surulere,2025-10-20,1.0
Surulere,2025-10-21,0.5
Surulere,2025-10-22,0.5
Surulere,2025-10-23,1.9
Surulere,2025-10-24,7.1
Surulere,2025-10-25,0.6
Surulere,2025-10-26,2.8
Surulere,2025-10-27,4.0
Surulere,2025-10-28,11.1
Surulere,2025-10-29,0.4
Surulere,2025-10-30,7.7
Surulere,2025-10-31,10.3
Surulere,2025-11-01,1.9
Surulere,2025-11-02,3.1
Surulere,2025-11-03,5.8
Surulere,2025-11-04,1.4
Surulere,2025-11-05,3.0
Surulere,2025-11-06,0.9
Surulere,2025-11-07,6.1
Surulere,2025-11-08,0.5
Surulere,2025-11-09,1.4
Surulere,2025-11-10,0.5
Surulere,2025-11-11,2.4
Surulere,2025-11-12,0.9
Surulere,2025-11-13,0.7
Surulere,2025-11-14,0.2
Surulere,2025-11-15,0.6
Surulere,2025-11-16,1.5
Surulere,2025-11-17,0.9
Surulere,2025-11-18,1.3
Surulere,2025-11-19,1.7
Surulere,2025-11-20,1.3
Surulere,2025-11-21,1.9
Surulere,2025-11-22,2.0
Surulere,2025-11-23,1.6
Surulere,2025-11-24,0.3
Surulere,2025-11-25,0.7
Surulere,2025-11-26,1.5
Surulere,2025-11-27,1.3
Surulere,2025-11-28,1.5
Surulere,2025-11-29,0.3
Surulere,2025-11-30,2.8
Surulere,2025-12-01,1.7
Surulere,2025-12-02,1.6
Surulere,2025-12-03,9.7
Surulere,2025-12-04,1.0
Surulere,2025-12-05,1.6
Surulere,2025-12-06,1.1
Surulere,2025-12-07,3.2
Surulere,2025-12-08,1.7
Surulere,2025-12-09,1.0
Surulere,2025-12-10,1.4
Surulere,2025-12-11,6.9
Surulere,2025-12-12,0.7
Surulere,2025-12-13,3.0
Surulere,2025-12-14,1.7
Surulere,2025-12-15,0.6
Surulere,2025-12-16,0.4
Surulere,2025-12-17,0.9
Surulere,2025-12-18,0.5
Surulere,2025-12-19,1.8
Surulere,2025-12-20,0.2
Surulere,2025-12-21,1.2
Surulere,2025-12-22,1.7
Surulere,2025-12-23,1.3
Surulere,2025-12-24,0.7
Surulere,2025-12-25,0.3
Surulere,2025-12-26,0.3
Surulere,2025-12-27,0.8
Surulere,2025-12-28,1.4
Surulere,2025-12-29,2.3
Surulere,2025-12-30,1.1
Surulere,2025-12-31,2.0
Surulere,2026-01-01,3.5
Surulere,2026-01-02,1.2
Surulere,2026-01-03,1.8
Surulere,2026-01-04,0.4
Surulere,2026-01-05,0.0
Surulere,2026-01-06,0.5
Surulere,2026-01-07,0.4
Surulere,2026-01-08,3.9
Surulere,2026-01-09,0.2
Surulere,2026-01-10,2.1
Surulere,2026-01-11,4.1
Surulere,2026-01-12,1.4
Surulere,2026-01-13,0.0
Surulere,2026-01-14,0.0
Surulere,2026-01-15,1.0
Surulere,2026-01-16,0.1
Surulere,2026-01-17,1.0
Surulere,2026-01-18,2.6
Surulere,2026-01-19,0.2
Surulere,2026-01-20,0.5
Surulere,2026-01-21,0.2
Surulere,2026-01-22,0.4
Surulere,2026-01-23,0.0
Surulere,2026-01-24,0.0
Surulere,2026-01-25,0.0
Surulere,2026-01-26,0.0
Surulere,2026-01-27,0.7
Surulere,2026-01-28,0.6
Surulere,2026-01-29,1.0
Surulere,2026-01-30,3.6
Surulere,2026-01-31,3.1
Surulere,2026-02-01,2.4
Surulere,2026-02-02,7.7
Surulere,2026-02-03,0.0
Surulere,2026-02-04,0.0
Surulere,2026-02-05,0.2
Surulere,2026-02-06,0.0
Surulere,2026-02-07,0.6
Surulere,2026-02-08,0.4
Surulere,2026-02-09,0.8
Surulere,2026-02-10,1.2
Surulere,2026-02-11,0.0
Surulere,2026-02-12,0.4
Surulere,2026-02-13,0.5
Surulere,2026-02-14,14.8
Surulere,2026-02-15,0.0
Surulere,2026-02-16,1.8
Surulere,2026-02-17,1.2
Surulere,2026-02-18,0.3
Surulere,2026-02-19,0.6
Surulere,2026-02-20,1.4
Surulere,2026-02-21,0.1
Surulere,2026-02-22,1.6
Surulere,2026-02-23,4.8
Surulere,2026-02-24,1.7
Surulere,2026-02-25,0.2
Surulere,2026-02-26,3.0
Surulere,2026-02-27,1.3
Surulere,2026-02-28,0.5
Surulere,2026-03-01,2.1
Surulere,2026-03-02,2.3
Surulere,2026-03-03,1.6
Surulere,2026-03-04,1.9
Surulere,2026-03-05,0.4
Surulere,2026-03-06,0.1
Surulere,2026-03-07,0.6
Surulere,2026-03-08,1.7
Surulere,2026-03-09,2.4
Surulere,2026-03-10,2.8
Surulere,2026-03-11,1.8
Surulere,2026-03-12,0.0
Surulere,2026-03-13,2.4
Surulere,2026-03-14,2.9
Surulere,2026-03-15,0.0
Surulere,2026-03-16,2.1
Surulere,2026-03-17,1.0
Surulere,2026-03-18,0.2
Surulere,2026-03-19,0.8
Surulere,2026-03-20,0.3
Surulere,2026-03-21,4.0
Surulere,2026-03-22,2.1
Surulere,2026-03-23,1.9
Surulere,2026-03-24,3.7
Surulere,2026-03-25,0.2
Surulere,2026-03-26,0.0
Surulere,2026-03-27,2.5
Surulere,2026-03-28,2.9
Surulere,2026-03-29,0.7
Surulere,2026-03-30,0.0
Surulere,2026-03-31,1.5
Surulere,2026-04-01,0.0
Surulere,2026-04-02,0.6
Surulere,2026-04-03,0.7
Surulere,2026-04-04,0.0
Surulere,2026-04-05,2.7
Surulere,2026-04-06,0.4
Surulere,2026-04-07,0.0
Surulere,2026-04-08,2.5
Surulere,2026-04-09,2.2
Surulere,2026-04-10,0.1
Surulere,2026-04-11,0.2
Surulere,2026-04-12,0.0
Surulere,2026-04-13,5.3
Surulere,2026-04-14,1.9
Surulere,2026-04-15,0.8
Surulere,2026-04-16,0.3
Surulere,2026-04-17,0.4
Surulere,2026-04-18,2.4
Surulere,2026-04-19,8.6
Surulere,2026-04-20,2.0
Surulere,2026-04-21,0.6
Surulere,2026-04-22,1.0
Surulere,2026-04-23,1.1
Surulere,2026-04-24,2.5
Surulere,2026-04-25,3.1
Surulere,2026-04-26,23.5
Surulere,2026-04-27,0.0
Surulere,2026-04-28,1.6
Surulere,2026-04-29,1.7
Surulere,2026-04-30,0.5
Surulere,2026-05-01,0.0
Surulere,2026-05-02,0.9
Surulere,2026-05-03,2.6
Surulere,2026-05-04,6.0
Surulere,2026-05-05,2.3
Surulere,2026-05-06,11.3
Surulere,2026-05-07,1.8
Surulere,2026-05-08,1.8
Surulere,2026-05-09,3.2
Surulere,2026-05-10,1.6
Surulere,2026-05-11,1.0
Surulere,2026-05-12,0.6
Surulere,2026-05-13,2.7
Surulere,2026-05-14,5.0
Surulere,2026-05-15,5.6
Surulere,2026-05-16,0.6
Surulere,2026-05-17,8.9
Surulere,2026-05-18,4.6
Surulere,2026-05-19,7.1
Surulere,2026-05-20,3.3
Surulere,2026-05-21,8.2
Surulere,2026-05-22,24.8
Surulere,2026-05-23,5.9
Surulere,2026-05-24,8.4
Surulere,2026-05-25,12.0
Surulere,2026-05-26,4.7
Surulere,2026-05-27,1.4
Surulere,2026-05-28,8.7
Surulere,2026-05-29,1.0
Surulere,2026-05-30,9.4
Surulere,2026-05-31,1.5
Surulere,2026-06-01,11.3
Surulere,2026-06-02,7.4
Surulere,2026-06-03,8.8
Surulere,2026-06-04,17.1
Surulere,2026-06-05,8.3
Surulere,2026-06-06,15.9
Surulere,2026-06-07,4.0
Surulere,2026-06-08,7.4
Surulere,2026-06-09,8.5
Surulere,2026-06-10,6.9
Surulere,2026-06-11,1.1
Surulere,2026-06-12,7.4
Surulere,2026-06-13,4.9
Surulere,2026-06-14,6.0
Surulere,2026-06-15,11.8
Surulere,2026-06-16,6.1
Surulere,2026-06-17,4.6
Surulere,2026-06-18,3.3
Surulere,2026-06-19,4.3
Surulere,2026-06-20,10.3
Surulere,2026-06-21,34.0
Surulere,2026-06-22,0.3
Surulere,2026-06-23,2.1
Surulere,2026-06-24,8.3
Surulere,2026-06-25,5.0
Surulere,2026-06-26,4.1
Surulere,2026-06-27,3.6
Surulere,2026-06-28,11.5
Surulere,2026-06-29,24.5
Surulere,2026-06-30,29.9
Surulere,2026-07-01,2.7
Surulere,2026-07-02,6.0
Surulere,2026-07-03,2.6
Surulere,2026-07-04,3.1
Surulere,2026-07-05,3.5
Surulere,2026-07-06,4.4
Surulere,2026-07-07,5.6
Surulere,2026-07-08,5.6
Surulere,2026-07-09,5.7
Surulere,2026-07-10,55.7
Surulere,2026-07-11,4.7
Surulere,2026-07-12,6.0
Surulere,2026-07-13,21.1
Surulere,2026-07-14,8.7
Surulere,2026-07-15,7.1
Surulere,2026-07-16,9.9
Surulere,2026-07-17,1.1
Surulere,2026-07-18,0.0
Surulere,2026-07-19,1.1
Surulere,2026-07-20,2.4
Surulere,2026-07-21,1.4
Surulere,2026-07-22,3.6
Surulere,2026-07-23,3.8
Surulere,2026-07-24,3.1
Surulere,2026-07-25,1.2
Surulere,2026-07-26,1.0
Surulere,2026-07-27,14.1
Surulere,2026-07-28,5.0
Surulere,2026-07-29,13.0
Surulere,2026-07-30,4.7
Surulere,2026-07-31,1.7
Surulere,2026-08-01,3.3
Surulere,2026-08-02,4.3
Surulere,2026-08-03,2.7
Surulere,2026-08-04,2.5
Surulere,2026-08-05,4.2
Surulere,2026-08-06,3.9
Surulere,2026-08-07,5.2
Surulere,2026-08-08,0.5
Surulere,2026-08-09,0.1
Surulere,2026-08-10,0.3
Surulere,2026-08-11,1.3
Surulere,2026-08-12,0.2
Surulere,2026-08-13,4.1
Surulere,2026-08-14,0.6
Surulere,2026-08-15,0.5
Surulere,2026-08-16,2.6
Surulere,2026-08-17,0.9
Surulere,2026-08-18,2.7
Surulere,2026-08-19,2.2
Surulere,2026-08-20,1.3
Surulere,2026-08-21,2.9
Surulere,2026-08-22,6.8
Surulere,2026-08-23,4.6
Surulere,2026-08-24,6.9
Surulere,2026-08-25,0.6
Surulere,2026-08-26,3.3
Surulere,2026-08-27,5.7
Surulere,2026-08-28,21.3
Surulere,2026-08-29,6.2
Surulere,2026-08-30,9.7
Surulere,2026-08-31,1.3
Surulere,2026-09-01,0.9
Apapa,2019-01-01,0.0
Apapa,2019-01-02,0.0
Apapa,2019-01-03,0.0
Apapa,2019-01-04,0.0
Apapa,2019-01-05,0.0
Apapa,2019-01-06,0.0
Apapa,2019-01-07,0.0
Apapa,2019-01-08,0.0
Apapa,2019-01-09,0.0
Apapa,2019-01-10,0.2
Apapa,2019-01-11,0.0
Apapa,2019-01-12,0.0
Apapa,2019-01-13,0.4
Apapa,2019-01-14,0.4
Apapa,2019-01-15,1.7
Apapa,2019-01-16,1.6
Apapa,2019-01-17,1.9
Apapa,2019-01-18,0.9
Apapa,2019-01-19,0.9
Apapa,2019-01-20,0.6
Apapa,2019-01-21,3.8
Apapa,2019-01-22,0.4
Apapa,2019-01-23,1.5
Apapa,2019-01-24,14.2
Apapa,2019-01-25,0.0
Apapa,2019-01-26,0.5
Apapa,2019-01-27,5.6
Apapa,2019-01-28,3.7
Apapa,2019-01-29,1.6
Apapa,2019-01-30,5.5
Apapa,2019-01-31,0.6
Apapa,2019-02-01,0.8
Apapa,2019-02-02,9.8
Apapa,2019-02-03,3.0
Apapa,2019-02-04,1.2
Apapa,2019-02-05,1.5
Apapa,2019-02-06,1.1
Apapa,2019-02-07,1.0
Apapa,2019-02-08,4.9
Apapa,2019-02-09,0.0
Apapa,2019-02-10,0.0
Apapa,2019-02-11,0.0
Apapa,2019-02-12,0.0
Apapa,2019-02-13,0.0
Apapa,2019-02-14,0.9
Apapa,2019-02-15,2.0
Apapa,2019-02-16,0.0
Apapa,2019-02-17,0.8
Apapa,2019-02-18,0.9
Apapa,2019-02-19,1.0
Apapa,2019-02-20,1.1
Apapa,2019-02-21,1.1
Apapa,2019-02-22,1.4
Apapa,2019-02-23,1.5
Apapa,2019-02-24,9.5
Apapa,2019-02-25,2.4
Apapa,2019-02-26,10.9
Apapa,2019-02-27,0.6
Apapa,2019-02-28,1.5
Apapa,2019-03-01,2.6
Apapa,2019-03-02,0.8
Apapa,2019-03-03,0.6
Apapa,2019-03-04,2.8
Apapa,2019-03-05,0.9
Apapa,2019-03-06,5.0
Apapa,2019-03-07,1.5
Apapa,2019-03-08,0.2
Apapa,2019-03-09,4.4
Apapa,2019-03-10,5.2
Apapa,2019-03-11,0.6
Apapa,2019-03-12,0.6
Apapa,2019-03-13,0.3
Apapa,2019-03-14,0.7
Apapa,2019-03-15,0.4
Apapa,2019-03-16,2.7
Apapa,2019-03-17,0.3
Apapa,2019-03-18,0.0
Apapa,2019-03-19,0.1
Apapa,2019-03-20,1.4
Apapa,2019-03-21,4.7
Apapa,2019-03-22,4.7
Apapa,2019-03-23,1.2
Apapa,2019-03-24,0.6
Apapa,2019-03-25,2.5
Apapa,2019-03-26,0.0
Apapa,2019-03-27,0.4
Apapa,2019-03-28,0.5
Apapa,2019-03-29,1.8
Apapa,2019-03-30,1.0
Apapa,2019-03-31,1.3
Apapa,2019-04-01,0.0
Apapa,2019-04-02,0.4
Apapa,2019-04-03,0.5
Apapa,2019-04-04,1.3
Apapa,2019-04-05,3.8
Apapa,2019-04-06,1.0
Apapa,2019-04-07,11.2
Apapa,2019-04-08,2.2
Apapa,2019-04-09,0.0
Apapa,2019-04-10,2.4
Apapa,2019-04-11,13.6
Apapa,2019-04-12,1.0
Apapa,2019-04-13,1.1
Apapa,2019-04-14,5.3
Apapa,2019-04-15,0.0
Apapa,2019-04-16,0.0
Apapa,2019-04-17,0.7
Apapa,2019-04-18,0.8
Apapa,2019-04-19,0.6
Apapa,2019-04-20,0.0
Apapa,2019-04-21,2.1
Apapa,2019-04-22,1.5
Apapa,2019-04-23,8.9
Apapa,2019-04-24,5.1
Apapa,2019-04-25,8.2
Apapa,2019-04-26,2.4
Apapa,2019-04-27,1.8
Apapa,2019-04-28,0.7
Apapa,2019-04-29,4.4
Apapa,2019-04-30,7.5
Apapa,2019-05-01,4.5
Apapa,2019-05-02,5.6
Apapa,2019-05-03,4.7
Apapa,2019-05-04,2.0
Apapa,2019-05-05,0.3
Apapa,2019-05-06,0.6
Apapa,2019-05-07,0.7
Apapa,2019-05-08,0.3
Apapa,2019-05-09,0.4
Apapa,2019-05-10,1.8
Apapa,2019-05-11,2.8
Apapa,2019-05-12,0.1
Apapa,2019-05-13,0.8
Apapa,2019-05-14,1.9
Apapa,2019-05-15,11.5
Apapa,2019-05-16,0.2
Apapa,2019-05-17,0.0
Apapa,2019-05-18,0.5
Apapa,2019-05-19,0.3
Apapa,2019-05-20,9.3
Apapa,2019-05-21,2.2
Apapa,2019-05-22,3.4
Apapa,2019-05-23,0.3
Apapa,2019-05-24,6.1
Apapa,2019-05-25,1.3
Apapa,2019-05-26,1.8
Apapa,2019-05-27,14.2
Apapa,2019-05-28,3.2
Apapa,2019-05-29,4.7
Apapa,2019-05-30,16.8
Apapa,2019-05-31,49.9
Apapa,2019-06-01,15.0
Apapa,2019-06-02,3.3
Apapa,2019-06-03,0.8
Apapa,2019-06-04,6.9
Apapa,2019-06-05,5.6
Apapa,2019-06-06,6.2
Apapa,2019-06-07,11.0
Apapa,2019-06-08,2.5
Apapa,2019-06-09,2.7
Apapa,2019-06-10,11.6
Apapa,2019-06-11,4.1
Apapa,2019-06-12,1.4
Apapa,2019-06-13,1.8
Apapa,2019-06-14,10.8
Apapa,2019-06-15,27.4
Apapa,2019-06-16,3.0
Apapa,2019-06-17,1.8
Apapa,2019-06-18,3.6
Apapa,2019-06-19,2.0
Apapa,2019-06-20,1.9
Apapa,2019-06-21,2.4
Apapa,2019-06-22,2.0
Apapa,2019-06-23,3.0
Apapa,2019-06-24,7.0
Apapa,2019-06-25,6.8
Apapa,2019-06-26,6.8
Apapa,2019-06-27,2.2
Apapa,2019-06-28,5.7
Apapa,2019-06-29,1.4
Apapa,2019-06-30,2.1
Apapa,2019-07-01,1.8
Apapa,2019-07-02,0.5
Apapa,2019-07-03,1.4
Apapa,2019-07-04,7.7
Apapa,2019-07-05,4.9
Apapa,2019-07-06,2.7
Apapa,2019-07-07,2.4
Apapa,2019-07-08,4.6
Apapa,2019-07-09,1.5
Apapa,2019-07-10,1.6
Apapa,2019-07-11,8.1
Apapa,2019-07-12,34.6
Apapa,2019-07-13,2.3
Apapa,2019-07-14,2.0
Apapa,2019-07-15,10.3
Apapa,2019-07-16,8.6
Apapa,2019-07-17,1.0
Apapa,2019-07-18,0.3
Apapa,2019-07-19,1.6
Apapa,2019-07-20,8.1
Apapa,2019-07-21,1.0
Apapa,2019-07-22,2.0
Apapa,2019-07-23,2.9
Apapa,2019-07-24,2.0
Apapa,2019-07-25,1.6
Apapa,2019-07-26,7.6
Apapa,2019-07-27,8.5
Apapa,2019-07-28,4.4
Apapa,2019-07-29,2.3
Apapa,2019-07-30,3.1
Apapa,2019-07-31,2.3
Apapa,2019-08-01,0.6
Apapa,2019-08-02,1.1
Apapa,2019-08-03,2.0
Apapa,2019-08-04,1.5
Apapa,2019-08-05,1.0
Apapa,2019-08-06,1.1
Apapa,2019-08-07,0.8
Apapa,2019-08-08,1.2
Apapa,2019-08-09,3.2
Apapa,2019-08-10,1.1
Apapa,2019-08-11,1.3
Apapa,2019-08-12,1.3
Apapa,2019-08-13,1.3
Apapa,2019-08-14,3.2
Apapa,2019-08-15,2.9
Apapa,2019-08-16,1.2
Apapa,2019-08-17,1.7
Apapa,2019-08-18,0.9
Apapa,2019-08-19,2.1
Apapa,2019-08-20,1.8
Apapa,2019-08-21,1.2
Apapa,2019-08-22,0.8
Apapa,2019-08-23,6.9
Apapa,2019-08-24,2.8
Apapa,2019-08-25,6.7
Apapa,2019-08-26,4.4
Apapa,2019-08-27,0.8
Apapa,2019-08-28,4.4
Apapa,2019-08-29,1.7
Apapa,2019-08-30,1.5
Apapa,2019-08-31,9.7
Apapa,2019-09-01,15.2
Apapa,2019-09-02,13.0
Apapa,2019-09-03,3.4
Apapa,2019-09-04,19.5
Apapa,2019-09-05,1.7
Apapa,2019-09-06,8.5
Apapa,2019-09-07,1.9
Apapa,2019-09-08,3.2
Apapa,2019-09-09,7.2
Apapa,2019-09-10,12.3
Apapa,2019-09-11,13.7
Apapa,2019-09-12,7.4
Apapa,2019-09-13,1.5
Apapa,2019-09-14,2.0
Apapa,2019-09-15,2.9
Apapa,2019-09-16,1.0
Apapa,2019-09-17,7.2
Apapa,2019-09-18,33.9
Apapa,2019-09-19,138.2
Apapa,2019-09-20,3.6
Apapa,2019-09-21,0.3
Apapa,2019-09-22,1.6
Apapa,2019-09-23,1.5
Apapa,2019-09-24,2.0
Apapa,2019-09-25,0.5
Apapa,2019-09-26,0.8
Apapa,2019-09-27,4.7
Apapa,2019-09-28,4.3
Apapa,2019-09-29,13.4
Apapa,2019-09-30,3.5
Apapa,2019-10-01,22.9
Apapa,2019-10-02,5.9
Apapa,2019-10-03,5.0
Apapa,2019-10-04,19.5
Apapa,2019-10-05,46.3
Apapa,2019-10-06,4.6
Apapa,2019-10-07,8.5
Apapa,2019-10-08,17.2
Apapa,2019-10-09,4.6
Apapa,2019-10-10,3.0
Apapa,2019-10-11,5.4
Apapa,2019-10-12,27.0
Apapa,2019-10-13,4.3
Apapa,2019-10-14,2.6
Apapa,2019-10-15,6.5
Apapa,2019-10-16,2.6
Apapa,2019-10-17,9.3
Apapa,2019-10-18,6.9
Apapa,2019-10-19,17.6
Apapa,2019-10-20,20.8
Apapa,2019-10-21,0.5
Apapa,2019-10-22,1.1
Apapa,2019-10-23,4.2
Apapa,2019-10-24,10.1
Apapa,2019-10-25,8.0
Apapa,2019-10-26,4.2
Apapa,2019-10-27,13.5
Apapa,2019-10-28,13.3
Apapa,2019-10-29,1.8
Apapa,2019-10-30,2.4
Apapa,2019-10-31,0.6
Apapa,2019-11-01,0.2
Apapa,2019-11-02,3.3
Apapa,2019-11-03,8.5
Apapa,2019-11-04,0.3
Apapa,2019-11-05,2.1
Apapa,2019-11-06,0.7
Apapa,2019-11-07,1.0
Apapa,2019-11-08,1.0
Apapa,2019-11-09,0.3
Apapa,2019-11-10,22.6
Apapa,2019-11-11,1.2
Apapa,2019-11-12,1.0
Apapa,2019-11-13,1.0
Apapa,2019-11-14,0.1
Apapa,2019-11-15,1.2
Apapa,2019-11-16,0.8
Apapa,2019-11-17,1.1
Apapa,2019-11-18,0.9
Apapa,2019-11-19,1.0
Apapa,2019-11-20,0.4
Apapa,2019-11-21,1.6
Apapa,2019-11-22,0.4
Apapa,2019-11-23,0.5
Apapa,2019-11-24,2.9
Apapa,2019-11-25,0.3
Apapa,2019-11-26,0.8
Apapa,2019-11-27,1.0
Apapa,2019-11-28,1.8
Apapa,2019-11-29,0.4
Apapa,2019-11-30,0.0
Apapa,2019-12-01,0.2
Apapa,2019-12-02,1.0
Apapa,2019-12-03,0.5
Apapa,2019-12-04,0.2
Apapa,2019-12-05,1.8
Apapa,2019-12-06,2.9
Apapa,2019-12-07,2.0
Apapa,2019-12-08,1.0
Apapa,2019-12-09,1.0
Apapa,2019-12-10,1.8
Apapa,2019-12-11,0.3
Apapa,2019-12-12,0.4
Apapa,2019-12-13,0.4
Apapa,2019-12-14,0.3
Apapa,2019-12-15,0.5
Apapa,2019-12-16,0.0
Apapa,2019-12-17,0.0
Apapa,2019-12-18,0.0
Apapa,2019-12-19,0.0
Apapa,2019-12-20,0.2
Apapa,2019-12-21,1.0
Apapa,2019-12-22,0.0
Apapa,2019-12-23,0.0
Apapa,2019-12-24,0.0
Apapa,2019-12-25,0.0
Apapa,2019-12-26,0.0
Apapa,2019-12-27,0.0
Apapa,2019-12-28,0.0
Apapa,2019-12-29,0.0
Apapa,2019-12-30,0.0
Apapa,2019-12-31,0.0
Apapa,2020-01-01,0.0
Apapa,2020-01-02,0.0
Apapa,2020-01-03,0.0
Apapa,2020-01-04,0.0
Apapa,2020-01-05,0.0
Apapa,2020-01-06,0.0
Apapa,2020-01-07,0.0
Apapa,2020-01-08,0.0
Apapa,2020-01-09,0.0
Apapa,2020-01-10,0.0
Apapa,2020-01-11,0.1
Apapa,2020-01-12,0.0
Apapa,2020-01-13,0.3
Apapa,2020-01-14,0.2
Apapa,2020-01-15,0.0
Apapa,2020-01-16,0.0
Apapa,2020-01-17,0.0
Apapa,2020-01-18,0.0
Apapa,2020-01-19,0.0
Apapa,2020-01-20,0.0
Apapa,2020-01-21,0.0
Apapa,2020-01-22,0.0
Apapa,2020-01-23,0.0
Apapa,2020-01-24,0.0
Apapa,2020-01-25,0.0
Apapa,2020-01-26,0.0
Apapa,2020-01-27,0.0
Apapa,2020-01-28,0.0
Apapa,2020-01-29,0.0
Apapa,2020-01-30,0.0
Apapa,2020-01-31,0.1
Apapa,2020-02-01,0.0
Apapa,2020-02-02,0.0
Apapa,2020-02-03,0.0
Apapa,2020-02-04,0.0
Apapa,2020-02-05,0.0
Apapa,2020-02-06,0.0
Apapa,2020-02-07,0.0
Apapa,2020-02-08,0.0
Apapa,2020-02-09,0.2
Apapa,2020-02-10,1.6
Apapa,2020-02-11,0.0
Apapa,2020-02-12,0.0
Apapa,2020-02-13,0.0
Apapa,2020-02-14,0.0
Apapa,2020-02-15,0.0
Apapa,2020-02-16,0.0
Apapa,2020-02-17,0.0
Apapa,2020-02-18,0.1
Apapa,2020-02-19,0.8
Apapa,2020-02-20,0.3
Apapa,2020-02-21,0.0
Apapa,2020-02-22,1.4
Apapa,2020-02-23,0.6
Apapa,2020-02-24,0.4
Apapa,2020-02-25,0.6
Apapa,2020-02-26,0.9
Apapa,2020-02-27,0.1
Apapa,2020-02-28,0.7
Apapa,2020-02-29,0.0
Apapa,2020-03-01,1.3
Apapa,2020-03-02,2.5
Apapa,2020-03-03,0.1
Apapa,2020-03-04,0.4
Apapa,2020-03-05,0.4
Apapa,2020-03-06,3.9
Apapa,2020-03-07,0.2
Apapa,2020-03-08,0.9
Apapa,2020-03-09,0.0
Apapa,2020-03-10,0.4
Apapa,2020-03-11,0.6
Apapa,2020-03-12,0.5
Apapa,2020-03-13,1.7
Apapa,2020-03-14,8.3
Apapa,2020-03-15,0.1
Apapa,2020-03-16,0.0
Apapa,2020-03-17,0.4
Apapa,2020-03-18,0.3
Apapa,2020-03-19,0.8
Apapa,2020-03-20,0.9
Apapa,2020-03-21,0.5
Apapa,2020-03-22,0.3
Apapa,2020-03-23,0.4
Apapa,2020-03-24,3.4
Apapa,2020-03-25,2.2
Apapa,2020-03-26,0.0
Apapa,2020-03-27,0.0
Apapa,2020-03-28,0.1
Apapa,2020-03-29,0.0
Apapa,2020-03-30,0.0
Apapa,2020-03-31,0.0
Apapa,2020-04-01,0.9
Apapa,2020-04-02,0.0
Apapa,2020-04-03,0.0
Apapa,2020-04-04,0.8
Apapa,2020-04-05,0.0
Apapa,2020-04-06,0.8
Apapa,2020-04-07,0.0
Apapa,2020-04-08,0.0
Apapa,2020-04-09,0.9
Apapa,2020-04-10,1.1
Apapa,2020-04-11,0.3
Apapa,2020-04-12,0.4
Apapa,2020-04-13,0.1
Apapa,2020-04-14,0.1
Apapa,2020-04-15,0.1
Apapa,2020-04-16,1.7
Apapa,2020-04-17,4.2
Apapa,2020-04-18,3.8
Apapa,2020-04-19,6.1
Apapa,2020-04-20,0.7
Apapa,2020-04-21,0.4
Apapa,2020-04-22,1.2
Apapa,2020-04-23,1.5
Apapa,2020-04-24,0.7
Apapa,2020-04-25,6.0
Apapa,2020-04-26,4.5
Apapa,2020-04-27,1.0
Apapa,2020-04-28,0.0
Apapa,2020-04-29,0.8
Apapa,2020-04-30,0.6
Apapa,2020-05-01,0.0
Apapa,2020-05-02,1.0
Apapa,2020-05-03,2.4
Apapa,2020-05-04,0.8
Apapa,2020-05-05,0.0
Apapa,2020-05-06,0.6
Apapa,2020-05-07,0.4
Apapa,2020-05-08,0.9
Apapa,2020-05-09,2.7
Apapa,2020-05-10,5.6
Apapa,2020-05-11,9.3
Apapa,2020-05-12,0.8
Apapa,2020-05-13,2.7
Apapa,2020-05-14,0.4
Apapa,2020-05-15,0.0
Apapa,2020-05-16,1.7
Apapa,2020-05-17,0.7
Apapa,2020-05-18,0.7
Apapa,2020-05-19,2.2
Apapa,2020-05-20,1.8
Apapa,2020-05-21,2.4
Apapa,2020-05-22,11.7
Apapa,2020-05-23,2.5
Apapa,2020-05-24,0.9
Apapa,2020-05-25,23.2
Apapa,2020-05-26,0.0
Apapa,2020-05-27,1.7
Apapa,2020-05-28,16.7
Apapa,2020-05-29,2.9
Apapa,2020-05-30,10.5
Apapa,2020-05-31,6.7
Apapa,2020-06-01,1.3
Apapa,2020-06-02,0.0
Apapa,2020-06-03,0.8
Apapa,2020-06-04,1.4
Apapa,2020-06-05,3.3
Apapa,2020-06-06,5.5
Apapa,2020-06-07,5.9
Apapa,2020-06-08,0.0
Apapa,2020-06-09,2.1
Apapa,2020-06-10,3.5
Apapa,2020-06-11,8.0
Apapa,2020-06-12,6.1
Apapa,2020-06-13,5.4
Apapa,2020-06-14,2.2
Apapa,2020-06-15,6.2
Apapa,2020-06-16,1.8
Apapa,2020-06-17,7.0
Apapa,2020-06-18,128.7
Apapa,2020-06-19,5.1
Apapa,2020-06-20,4.8
Apapa,2020-06-21,8.5
Apapa,2020-06-22,6.7
Apapa,2020-06-23,3.4
Apapa,2020-06-24,3.8
Apapa,2020-06-25,4.5
Apapa,2020-06-26,4.7
Apapa,2020-06-27,7.6
Apapa,2020-06-28,13.1
Apapa,2020-06-29,63.0
Apapa,2020-06-30,10.8
Apapa,2020-07-01,7.7
Apapa,2020-07-02,2.0
Apapa,2020-07-03,1.3
Apapa,2020-07-04,47.6
Apapa,2020-07-05,11.8
Apapa,2020-07-06,2.5
Apapa,2020-07-07,9.2
Apapa,2020-07-08,16.7
Apapa,2020-07-09,11.7
Apapa,2020-07-10,3.1
Apapa,2020-07-11,19.3
Apapa,2020-07-12,3.9
Apapa,2020-07-13,1.2
Apapa,2020-07-14,1.4
Apapa,2020-07-15,0.3
Apapa,2020-07-16,1.1
Apapa,2020-07-17,1.4
Apapa,2020-07-18,0.9
Apapa,2020-07-19,0.0
Apapa,2020-07-20,2.7
Apapa,2020-07-21,4.2
Apapa,2020-07-22,0.7
Apapa,2020-07-23,2.0
Apapa,2020-07-24,1.0
Apapa,2020-07-25,0.9
Apapa,2020-07-26,1.4
Apapa,2020-07-27,0.3
Apapa,2020-07-28,0.9
Apapa,2020-07-29,0.3
Apapa,2020-07-30,0.5
Apapa,2020-07-31,2.7
Apapa,2020-08-01,1.9
Apapa,2020-08-02,0.1
Apapa,2020-08-03,0.0
Apapa,2020-08-04,0.0
Apapa,2020-08-05,1.1
Apapa,2020-08-06,0.8
Apapa,2020-08-07,1.6
Apapa,2020-08-08,0.4
Apapa,2020-08-09,0.0
Apapa,2020-08-10,0.0
Apapa,2020-08-11,2.0
Apapa,2020-08-12,0.0
Apapa,2020-08-13,0.1
Apapa,2020-08-14,1.7
Apapa,2020-08-15,1.8
Apapa,2020-08-16,0.4
Apapa,2020-08-17,0.9
Apapa,2020-08-18,0.7
Apapa,2020-08-19,0.1
Apapa,2020-08-20,0.0
Apapa,2020-08-21,3.9
Apapa,2020-08-22,2.8
Apapa,2020-08-23,0.9
Apapa,2020-08-24,0.7
Apapa,2020-08-25,0.7
Apapa,2020-08-26,0.6
Apapa,2020-08-27,1.2
Apapa,2020-08-28,0.5
Apapa,2020-08-29,1.8
Apapa,2020-08-30,1.2
Apapa,2020-08-31,5.0
Apapa,2020-09-01,2.5
Apapa,2020-09-02,1.7
Apapa,2020-09-03,2.4
Apapa,2020-09-04,2.2
Apapa,2020-09-05,1.7
Apapa,2020-09-06,0.9
Apapa,2020-09-07,1.4
Apapa,2020-09-08,1.0
Apapa,2020-09-09,137.0
Apapa,2020-09-10,2.6
Apapa,2020-09-11,1.1
Apapa,2020-09-12,6.4
Apapa,2020-09-13,10.8
Apapa,2020-09-14,3.2
Apapa,2020-09-15,6.5
Apapa,2020-09-16,7.3
Apapa,2020-09-17,7.1
Apapa,2020-09-18,1.9
Apapa,2020-09-19,2.1
Apapa,2020-09-20,7.6
Apapa,2020-09-21,3.7
Apapa,2020-09-22,2.8
Apapa,2020-09-23,3.7
Apapa,2020-09-24,2.5
Apapa,2020-09-25,0.9
Apapa,2020-09-26,3.8
Apapa,2020-09-27,2.7
Apapa,2020-09-28,1.6
Apapa,2020-09-29,2.4
Apapa,2020-09-30,6.3
Apapa,2020-10-01,4.7
Apapa,2020-10-02,1.6
Apapa,2020-10-03,1.6
Apapa,2020-10-04,2.3
Apapa,2020-10-05,1.3
Apapa,2020-10-06,3.0
Apapa,2020-10-07,2.8
Apapa,2020-10-08,4.7
Apapa,2020-10-09,10.5
Apapa,2020-10-10,9.1
Apapa,2020-10-11,11.1
Apapa,2020-10-12,0.4
Apapa,2020-10-13,0.4
Apapa,2020-10-14,2.3
Apapa,2020-10-15,1.6
Apapa,2020-10-16,2.0
Apapa,2020-10-17,11.9
Apapa,2020-10-18,0.7
Apapa,2020-10-19,0.9
Apapa,2020-10-20,1.8
Apapa,2020-10-21,1.4
Apapa,2020-10-22,1.3
Apapa,2020-10-23,2.6
Apapa,2020-10-24,2.6
Apapa,2020-10-25,8.6
Apapa,2020-10-26,0.8
Apapa,2020-10-27,1.9
Apapa,2020-10-28,3.1
Apapa,2020-10-29,1.4
Apapa,2020-10-30,0.9
Apapa,2020-10-31,1.1
Apapa,2020-11-01,3.0
Apapa,2020-11-02,4.4
Apapa,2020-11-03,0.1
Apapa,2020-11-04,9.7
Apapa,2020-11-05,9.2
Apapa,2020-11-06,2.2
Apapa,2020-11-07,2.4
Apapa,2020-11-08,0.5
Apapa,2020-11-09,1.9
Apapa,2020-11-10,1.4
Apapa,2020-11-11,3.0
Apapa,2020-11-12,0.1
Apapa,2020-11-13,0.0
Apapa,2020-11-14,1.4
Apapa,2020-11-15,0.9
Apapa,2020-11-16,3.2
Apapa,2020-11-17,1.9
Apapa,2020-11-18,1.8
Apapa,2020-11-19,3.3
Apapa,2020-11-20,0.9
Apapa,2020-11-21,9.3
Apapa,2020-11-22,0.3
Apapa,2020-11-23,2.1
Apapa,2020-11-24,0.6
Apapa,2020-11-25,1.5
Apapa,2020-11-26,3.1
Apapa,2020-11-27,7.6
Apapa,2020-11-28,2.0
Apapa,2020-11-29,0.4
Apapa,2020-11-30,0.3
Apapa,2020-12-01,1.5
Apapa,2020-12-02,1.0
Apapa,2020-12-03,1.4
Apapa,2020-12-04,1.6
Apapa,2020-12-05,0.2
Apapa,2020-12-06,1.2
Apapa,2020-12-07,0.6
Apapa,2020-12-08,1.1
Apapa,2020-12-09,1.3
Apapa,2020-12-10,0.9
Apapa,2020-12-11,1.5
Apapa,2020-12-12,1.6
Apapa,2020-12-13,2.4
Apapa,2020-12-14,1.8
Apapa,2020-12-15,1.2
Apapa,2020-12-16,1.4
Apapa,2020-12-17,1.7
Apapa,2020-12-18,1.4
Apapa,2020-12-19,2.1
Apapa,2020-12-20,0.6
Apapa,2020-12-21,0.6
Apapa,2020-12-22,1.0
Apapa,2020-12-23,0.1
Apapa,2020-12-24,2.5
Apapa,2020-12-25,0.0
Apapa,2020-12-26,0.0
Apapa,2020-12-27,0.0
Apapa,2020-12-28,0.0
Apapa,2020-12-29,0.0
Apapa,2020-12-30,0.0
Apapa,2020-12-31,0.2
Apapa,2021-01-01,0.4
Apapa,2021-01-02,0.8
Apapa,2021-01-03,0.2
Apapa,2021-01-04,0.7
Apapa,2021-01-05,2.3
Apapa,2021-01-06,1.7
Apapa,2021-01-07,2.5
Apapa,2021-01-08,2.9
Apapa,2021-01-09,1.2
Apapa,2021-01-10,0.8
Apapa,2021-01-11,0.3
Apapa,2021-01-12,2.4
Apapa,2021-01-13,2.0
Apapa,2021-01-14,3.1
Apapa,2021-01-15,1.0
Apapa,2021-01-16,2.8
Apapa,2021-01-17,0.2
Apapa,2021-01-18,1.0
Apapa,2021-01-19,0.1
Apapa,2021-01-20,0.0
Apapa,2021-01-21,0.0
Apapa,2021-01-22,0.0
Apapa,2021-01-23,0.0
Apapa,2021-01-24,0.0
Apapa,2021-01-25,0.5
Apapa,2021-01-26,0.0
Apapa,2021-01-27,0.3
Apapa,2021-01-28,1.2
Apapa,2021-01-29,0.9
Apapa,2021-01-30,2.3
Apapa,2021-01-31,0.7
Apapa,2021-02-01,2.4
Apapa,2021-02-02,1.9
Apapa,2021-02-03,0.8
Apapa,2021-02-04,1.3
Apapa,2021-02-05,2.3
Apapa,2021-02-06,2.5
Apapa,2021-02-07,1.0
Apapa,2021-02-08,0.7
Apapa,2021-02-09,0.3
Apapa,2021-02-10,0.3
Apapa,2021-02-11,1.0
Apapa,2021-02-12,0.6
Apapa,2021-02-13,1.1
Apapa,2021-02-14,0.7
Apapa,2021-02-15,4.6
Apapa,2021-02-16,0.8
Apapa,2021-02-17,2.3
Apapa,2021-02-18,0.0
Apapa,2021-02-19,0.0
Apapa,2021-02-20,0.0
Apapa,2021-02-21,0.0
Apapa,2021-02-22,0.0
Apapa,2021-02-23,0.5
Apapa,2021-02-24,0.3
Apapa,2021-02-25,0.8
Apapa,2021-02-26,1.0
Apapa,2021-02-27,1.0
Apapa,2021-02-28,0.3
Apapa,2021-03-01,1.1
Apapa,2021-03-02,1.0
Apapa,2021-03-03,1.0
Apapa,2021-03-04,0.5
Apapa,2021-03-05,1.6
Apapa,2021-03-06,1.5
Apapa,2021-03-07,1.4
Apapa,2021-03-08,1.3
Apapa,2021-03-09,0.8
Apapa,2021-03-10,1.6
Apapa,2021-03-11,1.4
Apapa,2021-03-12,1.2
Apapa,2021-03-13,10.3
Apapa,2021-03-14,0.4
Apapa,2021-03-15,0.0
Apapa,2021-03-16,0.2
Apapa,2021-03-17,10.5
Apapa,2021-03-18,3.4
Apapa,2021-03-19,0.3
Apapa,2021-03-20,0.0
Apapa,2021-03-21,0.1
Apapa,2021-03-22,6.1
Apapa,2021-03-23,21.0
Apapa,2021-03-24,0.9
Apapa,2021-03-25,2.0
Apapa,2021-03-26,0.0
Apapa,2021-03-27,1.1
Apapa,2021-03-28,2.2
Apapa,2021-03-29,0.2
Apapa,2021-03-30,0.5
Apapa,2021-03-31,0.5
Apapa,2021-04-01,1.2
Apapa,2021-04-02,0.7
Apapa,2021-04-03,1.1
Apapa,2021-04-04,0.5
Apapa,2021-04-05,0.8
Apapa,2021-04-06,0.6
Apapa,2021-04-07,0.3
Apapa,2021-04-08,3.0
Apapa,2021-04-09,2.4
Apapa,2021-04-10,1.4
Apapa,2021-04-11,0.1
Apapa,2021-04-12,0.2
Apapa,2021-04-13,0.7
Apapa,2021-04-14,0.3
Apapa,2021-04-15,0.0
Apapa,2021-04-16,1.8
Apapa,2021-04-17,2.7
Apapa,2021-04-18,10.8
Apapa,2021-04-19,0.6
Apapa,2021-04-20,1.0
Apapa,2021-04-21,0.0
Apapa,2021-04-22,0.2
Apapa,2021-04-23,1.3
Apapa,2021-04-24,2.4
Apapa,2021-04-25,0.6
Apapa,2021-04-26,0.4
Apapa,2021-04-27,0.6
Apapa,2021-04-28,1.4
Apapa,2021-04-29,0.4
Apapa,2021-04-30,0.7
Apapa,2021-05-01,0.5
Apapa,2021-05-02,0.5
Apapa,2021-05-03,1.9
Apapa,2021-05-04,2.6
Apapa,2021-05-05,0.3
Apapa,2021-05-06,1.5
Apapa,2021-05-07,0.8
Apapa,2021-05-08,1.7
Apapa,2021-05-09,1.7
Apapa,2021-05-10,0.6
Apapa,2021-05-11,1.3
Apapa,2021-05-12,1.0
Apapa,2021-05-13,1.6
Apapa,2021-05-14,1.7
Apapa,2021-05-15,1.0
Apapa,2021-05-16,1.8
Apapa,2021-05-17,1.2
Apapa,2021-05-18,2.8
Apapa,2021-05-19,2.5
Apapa,2021-05-20,2.1
Apapa,2021-05-21,1.3
Apapa,2021-05-22,1.0
Apapa,2021-05-23,0.0
Apapa,2021-05-24,0.1
Apapa,2021-05-25,0.8
Apapa,2021-05-26,2.1
Apapa,2021-05-27,3.0
Apapa,2021-05-28,2.6
Apapa,2021-05-29,3.1
Apapa,2021-05-30,2.6
Apapa,2021-05-31,2.2
Apapa,2021-06-01,4.5
Apapa,2021-06-02,2.0
Apapa,2021-06-03,0.5
Apapa,2021-06-04,6.8
Apapa,2021-06-05,8.1
Apapa,2021-06-06,1.3
Apapa,2021-06-07,1.2
Apapa,2021-06-08,1.7
Apapa,2021-06-09,3.0
Apapa,2021-06-10,0.4
Apapa,2021-06-11,2.4
Apapa,2021-06-12,1.2
Apapa,2021-06-13,1.4
Apapa,2021-06-14,0.1
Apapa,2021-06-15,1.5
Apapa,2021-06-16,11.4
Apapa,2021-06-17,6.9
Apapa,2021-06-18,5.3
Apapa,2021-06-19,3.0
Apapa,2021-06-20,22.4
Apapa,2021-06-21,28.5
Apapa,2021-06-22,7.5
Apapa,2021-06-23,17.2
Apapa,2021-06-24,5.0
Apapa,2021-06-25,4.0
Apapa,2021-06-26,23.4
Apapa,2021-06-27,0.7
Apapa,2021-06-28,3.0
Apapa,2021-06-29,6.7
Apapa,2021-06-30,1.9
Apapa,2021-07-01,2.8
Apapa,2021-07-02,18.5
Apapa,2021-07-03,23.1
Apapa,2021-07-04,8.4
Apapa,2021-07-05,1.0
Apapa,2021-07-06,1.2
Apapa,2021-07-07,2.5
Apapa,2021-07-08,3.8
Apapa,2021-07-09,11.1
Apapa,2021-07-10,3.0
Apapa,2021-07-11,1.6
Apapa,2021-07-12,2.1
Apapa,2021-07-13,0.9
Apapa,2021-07-14,2.2
Apapa,2021-07-15,4.2
Apapa,2021-07-16,76.7
Apapa,2021-07-17,3.1
Apapa,2021-07-18,1.5
Apapa,2021-07-19,1.8
Apapa,2021-07-20,4.0
Apapa,2021-07-21,2.1
Apapa,2021-07-22,0.4
Apapa,2021-07-23,1.5
Apapa,2021-07-24,1.6
Apapa,2021-07-25,0.9
Apapa,2021-07-26,1.8
Apapa,2021-07-27,0.4
Apapa,2021-07-28,2.8
Apapa,2021-07-29,1.4
Apapa,2021-07-30,0.1
Apapa,2021-07-31,3.0
Apapa,2021-08-01,0.8
Apapa,2021-08-02,0.7
Apapa,2021-08-03,2.1
Apapa,2021-08-04,10.4
Apapa,2021-08-05,15.8
Apapa,2021-08-06,1.6
Apapa,2021-08-07,6.1
Apapa,2021-08-08,5.8
Apapa,2021-08-09,3.1
Apapa,2021-08-10,3.5
Apapa,2021-08-11,0.7
Apapa,2021-08-12,3.5
Apapa,2021-08-13,2.7
Apapa,2021-08-14,2.3
Apapa,2021-08-15,2.7
Apapa,2021-08-16,0.6
Apapa,2021-08-17,0.9
Apapa,2021-08-18,2.6
Apapa,2021-08-19,9.9
Apapa,2021-08-20,10.5
Apapa,2021-08-21,23.6
Apapa,2021-08-22,3.2
Apapa,2021-08-23,3.1
Apapa,2021-08-24,10.2
Apapa,2021-08-25,7.8
Apapa,2021-08-26,3.2
Apapa,2021-08-27,2.7
Apapa,2021-08-28,0.7
Apapa,2021-08-29,3.8
Apapa,2021-08-30,15.0
Apapa,2021-08-31,1.9
Apapa,2021-09-01,3.9
Apapa,2021-09-02,17.7
Apapa,2021-09-03,8.7
Apapa,2021-09-04,3.7
Apapa,2021-09-05,3.0
Apapa,2021-09-06,5.4
Apapa,2021-09-07,1.5
Apapa,2021-09-08,1.5
Apapa,2021-09-09,2.6
Apapa,2021-09-10,11.8
Apapa,2021-09-11,14.2
Apapa,2021-09-12,0.4
Apapa,2021-09-13,15.3
Apapa,2021-09-14,1.5
Apapa,2021-09-15,1.8
Apapa,2021-09-16,2.4
Apapa,2021-09-17,3.0
Apapa,2021-09-18,6.1
Apapa,2021-09-19,2.5
Apapa,2021-09-20,0.0
Apapa,2021-09-21,6.9
Apapa,2021-09-22,27.2
Apapa,2021-09-23,1.0
Apapa,2021-09-24,4.0
Apapa,2021-09-25,7.3
Apapa,2021-09-26,0.4
Apapa,2021-09-27,2.4
Apapa,2021-09-28,3.0
Apapa,2021-09-29,1.1
Apapa,2021-09-30,11.3
Apapa,2021-10-01,4.4
Apapa,2021-10-02,1.7
Apapa,2021-10-03,1.8
Apapa,2021-10-04,1.1
Apapa,2021-10-05,1.2
Apapa,2021-10-06,10.1
Apapa,2021-10-07,2.5
Apapa,2021-10-08,0.3
Apapa,2021-10-09,3.6
Apapa,2021-10-10,9.4
Apapa,2021-10-11,3.7
Apapa,2021-10-12,1.6
Apapa,2021-10-13,1.2
Apapa,2021-10-14,6.8
Apapa,2021-10-15,2.1
Apapa,2021-10-16,1.2
Apapa,2021-10-17,3.1
Apapa,2021-10-18,16.7
Apapa,2021-10-19,2.1
Apapa,2021-10-20,2.2
Apapa,2021-10-21,24.9
Apapa,2021-10-22,2.5
Apapa,2021-10-23,23.8
Apapa,2021-10-24,9.7
Apapa,2021-10-25,2.7
Apapa,2021-10-26,2.9
Apapa,2021-10-27,8.6
Apapa,2021-10-28,2.2
Apapa,2021-10-29,0.9
Apapa,2021-10-30,1.2
Apapa,2021-10-31,2.7
Apapa,2021-11-01,1.5
Apapa,2021-11-02,1.3
Apapa,2021-11-03,0.6
Apapa,2021-11-04,2.2
Apapa,2021-11-05,1.2
Apapa,2021-11-06,0.3
Apapa,2021-11-07,5.6
Apapa,2021-11-08,1.8
Apapa,2021-11-09,2.0
Apapa,2021-11-10,6.9
Apapa,2021-11-11,7.9
Apapa,2021-11-12,1.1
Apapa,2021-11-13,0.9
Apapa,2021-11-14,0.4
Apapa,2021-11-15,2.4
Apapa,2021-11-16,2.4
Apapa,2021-11-17,1.9
Apapa,2021-11-18,1.4
Apapa,2021-11-19,3.4
Apapa,2021-11-20,1.5
Apapa,2021-11-21,1.5
Apapa,2021-11-22,0.5
Apapa,2021-11-23,1.6
Apapa,2021-11-24,2.1
Apapa,2021-11-25,2.5
Apapa,2021-11-26,1.3
Apapa,2021-11-27,0.6
Apapa,2021-11-28,0.1
Apapa,2021-11-29,0.7
Apapa,2021-11-30,3.0
Apapa,2021-12-01,1.1
Apapa,2021-12-02,1.0
Apapa,2021-12-03,0.8
Apapa,2021-12-04,0.4
Apapa,2021-12-05,1.9
Apapa,2021-12-06,0.6
Apapa,2021-12-07,1.6
Apapa,2021-12-08,0.5
Apapa,2021-12-09,0.0
Apapa,2021-12-10,0.0
Apapa,2021-12-11,0.4
Apapa,2021-12-12,0.1
Apapa,2021-12-13,0.0
Apapa,2021-12-14,1.3
Apapa,2021-12-15,1.2
Apapa,2021-12-16,0.1
Apapa,2021-12-17,0.0
Apapa,2021-12-18,0.0
Apapa,2021-12-19,0.0
Apapa,2021-12-20,0.0
Apapa,2021-12-21,0.0
Apapa,2021-12-22,0.0
Apapa,2021-12-23,0.0
Apapa,2021-12-24,0.1
Apapa,2021-12-25,0.0
Apapa,2021-12-26,0.1
Apapa,2021-12-27,1.0
Apapa,2021-12-28,0.4
Apapa,2021-12-29,0.8
Apapa,2021-12-30,0.0
Apapa,2021-12-31,0.9
Apapa,2022-01-01,1.0
Apapa,2022-01-02,0.6
Apapa,2022-01-03,0.0
Apapa,2022-01-04,0.0
Apapa,2022-01-05,0.0
Apapa,2022-01-06,0.0
Apapa,2022-01-07,0.0
Apapa,2022-01-08,1.9
Apapa,2022-01-09,0.1
Apapa,2022-01-10,0.0
Apapa,2022-01-11,0.3
Apapa,2022-01-12,1.2
Apapa,2022-01-13,12.8
Apapa,2022-01-14,1.6
Apapa,2022-01-15,0.1
Apapa,2022-01-16,0.5
Apapa,2022-01-17,0.3
Apapa,2022-01-18,0.3
Apapa,2022-01-19,0.6
Apapa,2022-01-20,0.0
Apapa,2022-01-21,0.0
Apapa,2022-01-22,0.0
Apapa,2022-01-23,0.0
Apapa,2022-01-24,0.0
Apapa,2022-01-25,0.0
Apapa,2022-01-26,0.0
Apapa,2022-01-27,0.0
Apapa,2022-01-28,0.0
Apapa,2022-01-29,0.0
Apapa,2022-01-30,0.0
Apapa,2022-01-31,0.0
Apapa,2022-02-01,0.0
Apapa,2022-02-02,0.0
Apapa,2022-02-03,0.1
Apapa,2022-02-04,0.6
Apapa,2022-02-05,2.8
Apapa,2022-02-06,0.0
Apapa,2022-02-07,0.0
Apapa,2022-02-08,0.3
Apapa,2022-02-09,0.4
Apapa,2022-02-10,0.1
Apapa,2022-02-11,0.3
Apapa,2022-02-12,0.2
Apapa,2022-02-13,1.9
Apapa,2022-02-14,1.5
Apapa,2022-02-15,0.8
Apapa,2022-02-16,1.9
Apapa,2022-02-17,1.0
Apapa,2022-02-18,0.3
Apapa,2022-02-19,1.4
Apapa,2022-02-20,0.8
Apapa,2022-02-21,1.0
Apapa,2022-02-22,0.5
Apapa,2022-02-23,0.2
Apapa,2022-02-24,0.3
Apapa,2022-02-25,0.5
Apapa,2022-02-26,0.1
Apapa,2022-02-27,2.0
Apapa,2022-02-28,0.1
Apapa,2022-03-01,0.4
Apapa,2022-03-02,1.0
Apapa,2022-03-03,5.5
Apapa,2022-03-04,17.6
Apapa,2022-03-05,0.4
Apapa,2022-03-06,2.1
Apapa,2022-03-07,0.3
Apapa,2022-03-08,0.2
Apapa,2022-03-09,3.2
Apapa,2022-03-10,3.5
Apapa,2022-03-11,4.4
Apapa,2022-03-12,10.5
Apapa,2022-03-13,7.5
Apapa,2022-03-14,3.1
Apapa,2022-03-15,6.2
Apapa,2022-03-16,1.8
Apapa,2022-03-17,0.8
Apapa,2022-03-18,1.5
Apapa,2022-03-19,0.2
Apapa,2022-03-20,0.9
Apapa,2022-03-21,1.6
Apapa,2022-03-22,8.0
Apapa,2022-03-23,1.2
Apapa,2022-03-24,3.7
Apapa,2022-03-25,0.3
Apapa,2022-03-26,1.4
Apapa,2022-03-27,1.7
Apapa,2022-03-28,1.4
Apapa,2022-03-29,2.2
Apapa,2022-03-30,0.1
Apapa,2022-03-31,0.4
Apapa,2022-04-01,5.6
Apapa,2022-04-02,2.8
Apapa,2022-04-03,0.2
Apapa,2022-04-04,0.8
Apapa,2022-04-05,2.9
Apapa,2022-04-06,0.3
Apapa,2022-04-07,0.9
Apapa,2022-04-08,1.0
Apapa,2022-04-09,0.8
Apapa,2022-04-10,0.0
Apapa,2022-04-11,0.3
Apapa,2022-04-12,10.1
Apapa,2022-04-13,4.3
Apapa,2022-04-14,0.4
Apapa,2022-04-15,2.3
Apapa,2022-04-16,12.8
Apapa,2022-04-17,13.0
Apapa,2022-04-18,4.5
Apapa,2022-04-19,0.8
Apapa,2022-04-20,0.5
Apapa,2022-04-21,6.1
Apapa,2022-04-22,0.0
Apapa,2022-04-23,0.0
Apapa,2022-04-24,0.7
Apapa,2022-04-25,0.6
Apapa,2022-04-26,3.8
Apapa,2022-04-27,16.2
Apapa,2022-04-28,4.1
Apapa,2022-04-29,0.5
Apapa,2022-04-30,3.0
Apapa,2022-05-01,0.9
Apapa,2022-05-02,1.4
Apapa,2022-05-03,0.1
Apapa,2022-05-04,9.6
Apapa,2022-05-05,0.8
Apapa,2022-05-06,8.5
Apapa,2022-05-07,0.6
Apapa,2022-05-08,1.0
Apapa,2022-05-09,6.4
Apapa,2022-05-10,1.6
Apapa,2022-05-11,2.6
Apapa,2022-05-12,0.7
Apapa,2022-05-13,1.4
Apapa,2022-05-14,0.4
Apapa,2022-05-15,0.5
Apapa,2022-05-16,1.5
Apapa,2022-05-17,0.4
Apapa,2022-05-18,2.0
Apapa,2022-05-19,11.8
Apapa,2022-05-20,1.8
Apapa,2022-05-21,23.3
Apapa,2022-05-22,17.2
Apapa,2022-05-23,6.1
Apapa,2022-05-24,0.3
Apapa,2022-05-25,3.6
Apapa,2022-05-26,11.7
Apapa,2022-05-27,2.5
Apapa,2022-05-28,2.0
Apapa,2022-05-29,2.3
Apapa,2022-05-30,2.8
Apapa,2022-05-31,2.6
Apapa,2022-06-01,0.4
Apapa,2022-06-02,1.1
Apapa,2022-06-03,9.1
Apapa,2022-06-04,17.9
Apapa,2022-06-05,21.7
Apapa,2022-06-06,6.1
Apapa,2022-06-07,5.3
Apapa,2022-06-08,3.8
Apapa,2022-06-09,2.7
Apapa,2022-06-10,7.9
Apapa,2022-06-11,7.5
Apapa,2022-06-12,2.2
Apapa,2022-06-13,4.6
Apapa,2022-06-14,14.3
Apapa,2022-06-15,26.5
Apapa,2022-06-16,40.3
Apapa,2022-06-17,9.2
Apapa,2022-06-18,7.9
Apapa,2022-06-19,0.5
Apapa,2022-06-20,4.5
Apapa,2022-06-21,11.3
Apapa,2022-06-22,3.2
Apapa,2022-06-23,0.6
Apapa,2022-06-24,1.6
Apapa,2022-06-25,0.3
Apapa,2022-06-26,3.4
Apapa,2022-06-27,3.2
Apapa,2022-06-28,7.6
Apapa,2022-06-29,5.7
Apapa,2022-06-30,21.7
Apapa,2022-07-01,11.5
Apapa,2022-07-02,1.1
Apapa,2022-07-03,0.5
Apapa,2022-07-04,4.9
Apapa,2022-07-05,8.7
Apapa,2022-07-06,2.3
Apapa,2022-07-07,0.7
Apapa,2022-07-08,33.8
Apapa,2022-07-09,11.7
Apapa,2022-07-10,2.0
Apapa,2022-07-11,3.8
Apapa,2022-07-12,7.8
Apapa,2022-07-13,1.7
Apapa,2022-07-14,0.6
Apapa,2022-07-15,1.9
Apapa,2022-07-16,3.2
Apapa,2022-07-17,5.8
Apapa,2022-07-18,3.4
Apapa,2022-07-19,0.6
Apapa,2022-07-20,1.5
Apapa,2022-07-21,0.8
Apapa,2022-07-22,0.9
Apapa,2022-07-23,2.9
Apapa,2022-07-24,2.2
Apapa,2022-07-25,1.3
Apapa,2022-07-26,10.2
Apapa,2022-07-27,1.5
Apapa,2022-07-28,1.0
Apapa,2022-07-29,1.1
Apapa,2022-07-30,0.1
Apapa,2022-07-31,0.6
Apapa,2022-08-01,3.0
Apapa,2022-08-02,0.2
Apapa,2022-08-03,0.5
Apapa,2022-08-04,0.2
Apapa,2022-08-05,0.5
Apapa,2022-08-06,0.9
Apapa,2022-08-07,0.3
Apapa,2022-08-08,0.2
Apapa,2022-08-09,0.5
Apapa,2022-08-10,0.6
Apapa,2022-08-11,9.4
Apapa,2022-08-12,1.8
Apapa,2022-08-13,0.2
Apapa,2022-08-14,2.3
Apapa,2022-08-15,4.7
Apapa,2022-08-16,3.5
Apapa,2022-08-17,0.3
Apapa,2022-08-18,0.4
Apapa,2022-08-19,12.5
Apapa,2022-08-20,4.8
Apapa,2022-08-21,0.3
Apapa,2022-08-22,2.4
Apapa,2022-08-23,19.8
Apapa,2022-08-24,2.2
Apapa,2022-08-25,1.0
Apapa,2022-08-26,17.8
Apapa,2022-08-27,7.0
Apapa,2022-08-28,3.4
Apapa,2022-08-29,2.5
Apapa,2022-08-30,9.8
Apapa,2022-08-31,2.6
Apapa,2022-09-01,0.5
Apapa,2022-09-02,3.9
Apapa,2022-09-03,1.0
Apapa,2022-09-04,2.3
Apapa,2022-09-05,1.9
Apapa,2022-09-06,1.1
Apapa,2022-09-07,0.9
Apapa,2022-09-08,1.4
Apapa,2022-09-09,1.9
Apapa,2022-09-10,0.9
Apapa,2022-09-11,2.5
Apapa,2022-09-12,19.9
Apapa,2022-09-13,2.0
Apapa,2022-09-14,0.6
Apapa,2022-09-15,0.8
Apapa,2022-09-16,4.1
Apapa,2022-09-17,1.2
Apapa,2022-09-18,4.0
Apapa,2022-09-19,28.0
Apapa,2022-09-20,3.4
Apapa,2022-09-21,4.0
Apapa,2022-09-22,6.8
Apapa,2022-09-23,0.5
Apapa,2022-09-24,3.5
Apapa,2022-09-25,4.8
Apapa,2022-09-26,11.3
Apapa,2022-09-27,6.1
Apapa,2022-09-28,13.8
Apapa,2022-09-29,2.0
Apapa,2022-09-30,3.4
Apapa,2022-10-01,2.4
Apapa,2022-10-02,1.6
Apapa,2022-10-03,0.0
Apapa,2022-10-04,1.2
Apapa,2022-10-05,1.6
Apapa,2022-10-06,6.2
Apapa,2022-10-07,7.3
Apapa,2022-10-08,0.6
Apapa,2022-10-09,28.8
Apapa,2022-10-10,13.6
Apapa,2022-10-11,0.9
Apapa,2022-10-12,4.2
Apapa,2022-10-13,14.4
Apapa,2022-10-14,0.3
Apapa,2022-10-15,11.7
Apapa,2022-10-16,1.3
Apapa,2022-10-17,1.3
Apapa,2022-10-18,1.3
Apapa,2022-10-19,0.7
Apapa,2022-10-20,3.6
Apapa,2022-10-21,1.9
Apapa,2022-10-22,0.6
Apapa,2022-10-23,2.3
Apapa,2022-10-24,1.6
Apapa,2022-10-25,7.6
Apapa,2022-10-26,0.5
Apapa,2022-10-27,1.5
Apapa,2022-10-28,2.0
Apapa,2022-10-29,0.6
Apapa,2022-10-30,0.8
Apapa,2022-10-31,1.1
Apapa,2022-11-01,1.0
Apapa,2022-11-02,0.4
Apapa,2022-11-03,1.2
Apapa,2022-11-04,2.6
Apapa,2022-11-05,1.3
Apapa,2022-11-06,2.0
Apapa,2022-11-07,1.1
Apapa,2022-11-08,0.4
Apapa,2022-11-09,2.2
Apapa,2022-11-10,0.8
Apapa,2022-11-11,3.3
Apapa,2022-11-12,3.6
Apapa,2022-11-13,1.7
Apapa,2022-11-14,0.4
Apapa,2022-11-15,2.3
Apapa,2022-11-16,0.1
Apapa,2022-11-17,1.5
Apapa,2022-11-18,0.8
Apapa,2022-11-19,1.0
Apapa,2022-11-20,0.6
Apapa,2022-11-21,0.8
Apapa,2022-11-22,2.4
Apapa,2022-11-23,2.6
Apapa,2022-11-24,0.1
Apapa,2022-11-25,0.0
Apapa,2022-11-26,1.1
Apapa,2022-11-27,1.2
Apapa,2022-11-28,1.3
Apapa,2022-11-29,2.4
Apapa,2022-11-30,0.6
Apapa,2022-12-01,0.1
Apapa,2022-12-02,0.5
Apapa,2022-12-03,1.5
Apapa,2022-12-04,0.4
Apapa,2022-12-05,0.9
Apapa,2022-12-06,0.4
Apapa,2022-12-07,0.5
Apapa,2022-12-08,0.6
Apapa,2022-12-09,0.0
Apapa,2022-12-10,0.0
Apapa,2022-12-11,0.0
Apapa,2022-12-12,0.1
Apapa,2022-12-13,0.2
Apapa,2022-12-14,0.2
Apapa,2022-12-15,2.4
Apapa,2022-12-16,0.4
Apapa,2022-12-17,0.8
Apapa,2022-12-18,0.4
Apapa,2022-12-19,0.0
Apapa,2022-12-20,0.0
Apapa,2022-12-21,0.0
Apapa,2022-12-22,0.3
Apapa,2022-12-23,0.0
Apapa,2022-12-24,0.0
Apapa,2022-12-25,0.0
Apapa,2022-12-26,0.0
Apapa,2022-12-27,0.0
Apapa,2022-12-28,0.0
Apapa,2022-12-29,0.0
Apapa,2022-12-30,0.0
Apapa,2022-12-31,0.0
Apapa,2023-01-01,0.0
Apapa,2023-01-02,0.0
Apapa,2023-01-03,0.0
Apapa,2023-01-04,0.0
Apapa,2023-01-05,0.0
Apapa,2023-01-06,0.0
Apapa,2023-01-07,0.0
Apapa,2023-01-08,0.0
Apapa,2023-01-09,0.0
Apapa,2023-01-10,0.0
Apapa,2023-01-11,0.0
Apapa,2023-01-12,0.0
Apapa,2023-01-13,0.0
Apapa,2023-01-14,0.0
Apapa,2023-01-15,0.2
Apapa,2023-01-16,0.0
Apapa,2023-01-17,0.0
Apapa,2023-01-18,0.0
Apapa,2023-01-19,0.0
Apapa,2023-01-20,0.4
Apapa,2023-01-21,0.9
Apapa,2023-01-22,1.8
Apapa,2023-01-23,0.8
Apapa,2023-01-24,0.6
Apapa,2023-01-25,0.6
Apapa,2023-01-26,1.9
Apapa,2023-01-27,0.8
Apapa,2023-01-28,2.7
Apapa,2023-01-29,1.4
Apapa,2023-01-30,0.1
Apapa,2023-01-31,1.9
Apapa,2023-02-01,0.0
Apapa,2023-02-02,1.5
Apapa,2023-02-03,0.5
Apapa,2023-02-04,0.6
Apapa,2023-02-05,0.7
Apapa,2023-02-06,1.4
Apapa,2023-02-07,0.3
Apapa,2023-02-08,0.9
Apapa,2023-02-09,0.9
Apapa,2023-02-10,0.7
Apapa,2023-02-11,0.6
Apapa,2023-02-12,1.4
Apapa,2023-02-13,0.1
Apapa,2023-02-14,0.1
Apapa,2023-02-15,0.0
Apapa,2023-02-16,0.0
Apapa,2023-02-17,0.0
Apapa,2023-02-18,0.0
Apapa,2023-02-19,0.0
Apapa,2023-02-20,0.0
Apapa,2023-02-21,0.0
Apapa,2023-02-22,0.4
Apapa,2023-02-23,0.7
Apapa,2023-02-24,1.6
Apapa,2023-02-25,0.4
Apapa,2023-02-26,0.2
Apapa,2023-02-27,0.0
Apapa,2023-02-28,0.0
Apapa,2023-03-01,0.4
Apapa,2023-03-02,1.1
Apapa,2023-03-03,6.7
Apapa,2023-03-04,3.3
Apapa,2023-03-05,0.0
Apapa,2023-03-06,5.0
Apapa,2023-03-07,0.8
Apapa,2023-03-08,0.5
Apapa,2023-03-09,4.3
Apapa,2023-03-10,0.2
Apapa,2023-03-11,0.2
Apapa,2023-03-12,0.6
Apapa,2023-03-13,0.3
Apapa,2023-03-14,0.5
Apapa,2023-03-15,3.4
Apapa,2023-03-16,14.1
Apapa,2023-03-17,0.7
Apapa,2023-03-18,2.4
Apapa,2023-03-19,7.8
Apapa,2023-03-20,0.3
Apapa,2023-03-21,4.1
Apapa,2023-03-22,0.5
Apapa,2023-03-23,1.4
Apapa,2023-03-24,0.0
Apapa,2023-03-25,1.8
Apapa,2023-03-26,1.2
Apapa,2023-03-27,0.0
Apapa,2023-03-28,0.1
Apapa,2023-03-29,0.2
Apapa,2023-03-30,0.5
Apapa,2023-03-31,10.8
Apapa,2023-04-01,0.2
Apapa,2023-04-02,0.3
Apapa,2023-04-03,2.7
Apapa,2023-04-04,15.0
Apapa,2023-04-05,0.2
Apapa,2023-04-06,0.2
Apapa,2023-04-07,0.8
Apapa,2023-04-08,3.7
Apapa,2023-04-09,7.2
Apapa,2023-04-10,0.0
Apapa,2023-04-11,0.8
Apapa,2023-04-12,1.5
Apapa,2023-04-13,0.5
Apapa,2023-04-14,1.0
Apapa,2023-04-15,3.3
Apapa,2023-04-16,1.4
Apapa,2023-04-17,6.0
Apapa,2023-04-18,0.2
Apapa,2023-04-19,1.7
Apapa,2023-04-20,1.1
Apapa,2023-04-21,0.9
Apapa,2023-04-22,0.8
Apapa,2023-04-23,8.8
Apapa,2023-04-24,2.8
Apapa,2023-04-25,0.2
Apapa,2023-04-26,1.5
Apapa,2023-04-27,14.1
Apapa,2023-04-28,1.0
Apapa,2023-04-29,18.8
Apapa,2023-04-30,2.2
Apapa,2023-05-01,4.6
Apapa,2023-05-02,0.9
Apapa,2023-05-03,0.8
Apapa,2023-05-04,1.2
Apapa,2023-05-05,0.0
Apapa,2023-05-06,0.2
Apapa,2023-05-07,0.3
Apapa,2023-05-08,2.9
Apapa,2023-05-09,1.6
Apapa,2023-05-10,0.6
Apapa,2023-05-11,2.0
Apapa,2023-05-12,1.1
Apapa,2023-05-13,0.7
Apapa,2023-05-14,6.6
Apapa,2023-05-15,30.4
Apapa,2023-05-16,1.6
Apapa,2023-05-17,1.5
Apapa,2023-05-18,3.6
Apapa,2023-05-19,1.6
Apapa,2023-05-20,1.9
Apapa,2023-05-21,11.3
Apapa,2023-05-22,1.6
Apapa,2023-05-23,2.1
Apapa,2023-05-24,1.8
Apapa,2023-05-25,1.4
Apapa,2023-05-26,1.6
Apapa,2023-05-27,2.2
Apapa,2023-05-28,4.1
Apapa,2023-05-29,3.1
Apapa,2023-05-30,0.7
Apapa,2023-05-31,2.2
Apapa,2023-06-01,3.8
Apapa,2023-06-02,8.8
Apapa,2023-06-03,8.0
Apapa,2023-06-04,2.4
Apapa,2023-06-05,4.2
Apapa,2023-06-06,25.7
Apapa,2023-06-07,13.8
Apapa,2023-06-08,9.3
Apapa,2023-06-09,10.1
Apapa,2023-06-10,5.9
Apapa,2023-06-11,12.1
Apapa,2023-06-12,0.7
Apapa,2023-06-13,0.2
Apapa,2023-06-14,2.5
Apapa,2023-06-15,22.3
Apapa,2023-06-16,3.6
Apapa,2023-06-17,2.2
Apapa,2023-06-18,3.8
Apapa,2023-06-19,10.1
Apapa,2023-06-20,19.7
Apapa,2023-06-21,23.4
Apapa,2023-06-22,19.2
Apapa,2023-06-23,8.4
Apapa,2023-06-24,22.3
Apapa,2023-06-25,9.0
Apapa,2023-06-26,0.0
Apapa,2023-06-27,0.1
Apapa,2023-06-28,19.0
Apapa,2023-06-29,3.2
Apapa,2023-06-30,1.4
Apapa,2023-07-01,5.1
Apapa,2023-07-02,6.1
Apapa,2023-07-03,0.9
Apapa,2023-07-04,10.5
Apapa,2023-07-05,1.2
Apapa,2023-07-06,0.8
Apapa,2023-07-07,14.8
Apapa,2023-07-08,13.4
Apapa,2023-07-09,27.2
Apapa,2023-07-10,1.5
Apapa,2023-07-11,0.9
Apapa,2023-07-12,30.3
Apapa,2023-07-13,2.4
Apapa,2023-07-14,1.3
Apapa,2023-07-15,0.6
Apapa,2023-07-16,7.0
Apapa,2023-07-17,4.7
Apapa,2023-07-18,4.4
Apapa,2023-07-19,1.2
Apapa,2023-07-20,3.9
Apapa,2023-07-21,4.6
Apapa,2023-07-22,6.8
Apapa,2023-07-23,40.4
Apapa,2023-07-24,12.3
Apapa,2023-07-25,0.5
Apapa,2023-07-26,1.4
Apapa,2023-07-27,0.4
Apapa,2023-07-28,2.2
Apapa,2023-07-29,10.8
Apapa,2023-07-30,2.6
Apapa,2023-07-31,12.4
Apapa,2023-08-01,15.9
Apapa,2023-08-02,3.0
Apapa,2023-08-03,1.8
Apapa,2023-08-04,1.4
Apapa,2023-08-05,2.0
Apapa,2023-08-06,1.1
Apapa,2023-08-07,1.3
Apapa,2023-08-08,14.4
Apapa,2023-08-09,6.3
Apapa,2023-08-10,3.1
Apapa,2023-08-11,0.6
Apapa,2023-08-12,2.2
Apapa,2023-08-13,0.7
Apapa,2023-08-14,14.9
Apapa,2023-08-15,2.2
Apapa,2023-08-16,6.5
Apapa,2023-08-17,9.4
Apapa,2023-08-18,9.0
Apapa,2023-08-19,10.7
Apapa,2023-08-20,2.0
Apapa,2023-08-21,0.5
Apapa,2023-08-22,0.7
Apapa,2023-08-23,6.9
Apapa,2023-08-24,3.8
Apapa,2023-08-25,0.7
Apapa,2023-08-26,1.3
Apapa,2023-08-27,5.5
Apapa,2023-08-28,10.3
Apapa,2023-08-29,1.2
Apapa,2023-08-30,7.0
Apapa,2023-08-31,4.3
Apapa,2023-09-01,3.8
Apapa,2023-09-02,6.2
Apapa,2023-09-03,23.2
Apapa,2023-09-04,2.6
Apapa,2023-09-05,7.1
Apapa,2023-09-06,1.4
Apapa,2023-09-07,0.7
Apapa,2023-09-08,6.2
Apapa,2023-09-09,23.3
Apapa,2023-09-10,0.6
Apapa,2023-09-11,1.5
Apapa,2023-09-12,4.8
Apapa,2023-09-13,5.2
Apapa,2023-09-14,6.8
Apapa,2023-09-15,3.4
Apapa,2023-09-16,44.1
Apapa,2023-09-17,1.4
Apapa,2023-09-18,1.8
Apapa,2023-09-19,1.9
Apapa,2023-09-20,0.3
Apapa,2023-09-21,0.4
Apapa,2023-09-22,11.1
Apapa,2023-09-23,2.5
Apapa,2023-09-24,42.6
Apapa,2023-09-25,1.4
Apapa,2023-09-26,1.7
Apapa,2023-09-27,0.4
Apapa,2023-09-28,0.8
Apapa,2023-09-29,9.8
Apapa,2023-09-30,3.0
Apapa,2023-10-01,1.0
Apapa,2023-10-02,1.4
Apapa,2023-10-03,2.5
Apapa,2023-10-04,4.0
Apapa,2023-10-05,19.5
Apapa,2023-10-06,1.4
Apapa,2023-10-07,16.2
Apapa,2023-10-08,6.2
Apapa,2023-10-09,1.8
Apapa,2023-10-10,0.3
Apapa,2023-10-11,3.9
Apapa,2023-10-12,18.2
Apapa,2023-10-13,2.5
Apapa,2023-10-14,3.1
Apapa,2023-10-15,1.3
Apapa,2023-10-16,4.1
Apapa,2023-10-17,12.8
Apapa,2023-10-18,0.0
Apapa,2023-10-19,6.1
Apapa,2023-10-20,0.3
Apapa,2023-10-21,0.5
Apapa,2023-10-22,0.9
Apapa,2023-10-23,2.5
Apapa,2023-10-24,0.9
Apapa,2023-10-25,2.5
Apapa,2023-10-26,2.0
Apapa,2023-10-27,0.4
Apapa,2023-10-28,0.6
Apapa,2023-10-29,0.9
Apapa,2023-10-30,4.0
Apapa,2023-10-31,0.0
Apapa,2023-11-01,0.4
Apapa,2023-11-02,1.6
Apapa,2023-11-03,0.7
Apapa,2023-11-04,3.9
Apapa,2023-11-05,1.9
Apapa,2023-11-06,4.8
Apapa,2023-11-07,1.1
Apapa,2023-11-08,2.4
Apapa,2023-11-09,0.8
Apapa,2023-11-10,0.6
Apapa,2023-11-11,3.5
Apapa,2023-11-12,1.2
Apapa,2023-11-13,2.6
Apapa,2023-11-14,0.3
Apapa,2023-11-15,3.3
Apapa,2023-11-16,0.0
Apapa,2023-11-17,0.5
Apapa,2023-11-18,0.8
Apapa,2023-11-19,0.3
Apapa,2023-11-20,0.6
Apapa,2023-11-21,0.1
Apapa,2023-11-22,2.4
Apapa,2023-11-23,0.6
Apapa,2023-11-24,4.8
Apapa,2023-11-25,4.3
Apapa,2023-11-26,17.4
Apapa,2023-11-27,0.0
Apapa,2023-11-28,1.3
Apapa,2023-11-29,0.5
Apapa,2023-11-30,0.5
Apapa,2023-12-01,1.3
Apapa,2023-12-02,1.8
Apapa,2023-12-03,1.2
Apapa,2023-12-04,0.1
Apapa,2023-12-05,0.1
Apapa,2023-12-06,1.2
Apapa,2023-12-07,0.8
Apapa,2023-12-08,0.8
Apapa,2023-12-09,1.0
Apapa,2023-12-10,1.7
Apapa,2023-12-11,0.2
Apapa,2023-12-12,1.2
Apapa,2023-12-13,0.0
Apapa,2023-12-14,0.0
Apapa,2023-12-15,0.0
Apapa,2023-12-16,0.0
Apapa,2023-12-17,0.0
Apapa,2023-12-18,0.0
Apapa,2023-12-19,0.0
Apapa,2023-12-20,0.0
Apapa,2023-12-21,0.0
Apapa,2023-12-22,0.0
Apapa,2023-12-23,0.0
Apapa,2023-12-24,0.0
Apapa,2023-12-25,0.0
Apapa,2023-12-26,0.0
Apapa,2023-12-27,0.0
Apapa,2023-12-28,0.0
Apapa,2023-12-29,0.0
Apapa,2023-12-30,0.1
Apapa,2023-12-31,0.1
Apapa,2024-01-01,1.1
Apapa,2024-01-02,0.4
Apapa,2024-01-03,0.7
Apapa,2024-01-04,0.1
Apapa,2024-01-05,0.7
Apapa,2024-01-06,1.0
Apapa,2024-01-07,0.1
Apapa,2024-01-08,0.3
Apapa,2024-01-09,0.7
Apapa,2024-01-10,2.0
Apapa,2024-01-11,0.0
Apapa,2024-01-12,0.3
Apapa,2024-01-13,0.1
Apapa,2024-01-14,1.2
Apapa,2024-01-15,0.1
Apapa,2024-01-16,0.0
Apapa,2024-01-17,0.0
Apapa,2024-01-18,0.0
Apapa,2024-01-19,0.0
Apapa,2024-01-20,0.0
Apapa,2024-01-21,0.0
Apapa,2024-01-22,0.0
Apapa,2024-01-23,0.0
Apapa,2024-01-24,2.9
Apapa,2024-01-25,0.0
Apapa,2024-01-26,0.0
Apapa,2024-01-27,0.0
Apapa,2024-01-28,0.0
Apapa,2024-01-29,0.0
Apapa,2024-01-30,0.0
Apapa,2024-01-31,0.0
Apapa,2024-02-01,0.0
Apapa,2024-02-02,0.1
Apapa,2024-02-03,0.0
Apapa,2024-02-04,0.0
Apapa,2024-02-05,0.0
Apapa,2024-02-06,0.0
Apapa,2024-02-07,0.0
Apapa,2024-02-08,0.0
Apapa,2024-02-09,0.0
Apapa,2024-02-10,0.0
Apapa,2024-02-11,0.0
Apapa,2024-02-12,0.0
Apapa,2024-02-13,0.4
Apapa,2024-02-14,0.7
Apapa,2024-02-15,0.5
Apapa,2024-02-16,0.2
Apapa,2024-02-17,1.1
Apapa,2024-02-18,2.0
Apapa,2024-02-19,0.9
Apapa,2024-02-20,15.4
Apapa,2024-02-21,1.5
Apapa,2024-02-22,3.5
Apapa,2024-02-23,1.7
Apapa,2024-02-24,0.0
Apapa,2024-02-25,0.0
Apapa,2024-02-26,0.4
Apapa,2024-02-27,0.0
Apapa,2024-02-28,0.4
Apapa,2024-02-29,0.7
Apapa,2024-03-01,1.0
Apapa,2024-03-02,5.8
Apapa,2024-03-03,8.4
Apapa,2024-03-04,0.0
Apapa,2024-03-05,0.2
Apapa,2024-03-06,0.9
Apapa,2024-03-07,10.2
Apapa,2024-03-08,0.6
Apapa,2024-03-09,2.5
Apapa,2024-03-10,0.0
Apapa,2024-03-11,0.1
Apapa,2024-03-12,0.7
Apapa,2024-03-13,0.5
Apapa,2024-03-14,5.8
Apapa,2024-03-15,0.0
Apapa,2024-03-16,0.0
Apapa,2024-03-17,0.1
Apapa,2024-03-18,0.8
Apapa,2024-03-19,0.5
Apapa,2024-03-20,1.2
Apapa,2024-03-21,9.8
Apapa,2024-03-22,0.0
Apapa,2024-03-23,1.7
Apapa,2024-03-24,0.0
Apapa,2024-03-25,7.0
Apapa,2024-03-26,0.0
Apapa,2024-03-27,0.0
Apapa,2024-03-28,6.3
Apapa,2024-03-29,23.0
Apapa,2024-03-30,1.1
Apapa,2024-03-31,0.1
Apapa,2024-04-01,1.4
Apapa,2024-04-02,1.4
Apapa,2024-04-03,0.4
Apapa,2024-04-04,1.3
Apapa,2024-04-05,7.0
Apapa,2024-04-06,6.3
Apapa,2024-04-07,0.0
Apapa,2024-04-08,0.0
Apapa,2024-04-09,0.1
Apapa,2024-04-10,3.0
Apapa,2024-04-11,4.0
Apapa,2024-04-12,0.0
Apapa,2024-04-13,0.3
Apapa,2024-04-14,2.1
Apapa,2024-04-15,0.8
Apapa,2024-04-16,0.6
Apapa,2024-04-17,0.2
Apapa,2024-04-18,0.4
Apapa,2024-04-19,2.6
Apapa,2024-04-20,0.8
Apapa,2024-04-21,1.7
Apapa,2024-04-22,0.3
Apapa,2024-04-23,8.0
Apapa,2024-04-24,0.2
Apapa,2024-04-25,1.3
Apapa,2024-04-26,0.2
Apapa,2024-04-27,0.0
Apapa,2024-04-28,0.0
Apapa,2024-04-29,1.6
Apapa,2024-04-30,0.1
Apapa,2024-05-01,0.6
Apapa,2024-05-02,0.2
Apapa,2024-05-03,5.3
Apapa,2024-05-04,0.9
Apapa,2024-05-05,0.3
Apapa,2024-05-06,3.4
Apapa,2024-05-07,2.5
Apapa,2024-05-08,0.4
Apapa,2024-05-09,0.0
Apapa,2024-05-10,0.0
Apapa,2024-05-11,0.6
Apapa,2024-05-12,2.9
Apapa,2024-05-13,0.6
Apapa,2024-05-14,0.0
Apapa,2024-05-15,0.4
Apapa,2024-05-16,7.8
Apapa,2024-05-17,2.2
Apapa,2024-05-18,19.4
Apapa,2024-05-19,1.2
Apapa,2024-05-20,0.4
Apapa,2024-05-21,1.4
Apapa,2024-05-22,4.6
Apapa,2024-05-23,0.9
Apapa,2024-05-24,7.3
Apapa,2024-05-25,25.7
Apapa,2024-05-26,1.0
Apapa,2024-05-27,0.2
Apapa,2024-05-28,1.3
Apapa,2024-05-29,0.8
Apapa,2024-05-30,1.3
Apapa,2024-05-31,12.4
Apapa,2024-06-01,1.8
Apapa,2024-06-02,10.2
Apapa,2024-06-03,1.4
Apapa,2024-06-04,2.3
Apapa,2024-06-05,0.3
Apapa,2024-06-06,10.4
Apapa,2024-06-07,6.5
Apapa,2024-06-08,8.0
Apapa,2024-06-09,8.1
Apapa,2024-06-10,4.3
Apapa,2024-06-11,12.5
Apapa,2024-06-12,1.6
Apapa,2024-06-13,0.6
Apapa,2024-06-14,5.2
Apapa,2024-06-15,18.3
Apapa,2024-06-16,4.3
Apapa,2024-06-17,0.6
Apapa,2024-06-18,1.4
Apapa,2024-06-19,1.4
Apapa,2024-06-20,3.4
Apapa,2024-06-21,18.7
Apapa,2024-06-22,1.8
Apapa,2024-06-23,0.8
Apapa,2024-06-24,4.1
Apapa,2024-06-25,36.7
Apapa,2024-06-26,4.9
Apapa,2024-06-27,1.7
Apapa,2024-06-28,5.0
Apapa,2024-06-29,9.2
Apapa,2024-06-30,2.4
Apapa,2024-07-01,2.7
Apapa,2024-07-02,13.3
Apapa,2024-07-03,47.8
Apapa,2024-07-04,29.2
Apapa,2024-07-05,4.6
Apapa,2024-07-06,10.5
Apapa,2024-07-07,5.1
Apapa,2024-07-08,16.5
Apapa,2024-07-09,2.4
Apapa,2024-07-10,1.1
Apapa,2024-07-11,1.8
Apapa,2024-07-12,5.6
Apapa,2024-07-13,2.5
Apapa,2024-07-14,1.4
Apapa,2024-07-15,0.4
Apapa,2024-07-16,1.5
Apapa,2024-07-17,0.6
Apapa,2024-07-18,0.6
Apapa,2024-07-19,2.2
Apapa,2024-07-20,1.8
Apapa,2024-07-21,2.4
Apapa,2024-07-22,0.6
Apapa,2024-07-23,0.4
Apapa,2024-07-24,0.8
Apapa,2024-07-25,0.5
Apapa,2024-07-26,0.5
Apapa,2024-07-27,0.5
Apapa,2024-07-28,0.9
Apapa,2024-07-29,0.7
Apapa,2024-07-30,0.7
Apapa,2024-07-31,0.7
Apapa,2024-08-01,1.2
Apapa,2024-08-02,2.7
Apapa,2024-08-03,1.5
Apapa,2024-08-04,1.3
Apapa,2024-08-05,0.8
Apapa,2024-08-06,1.2
Apapa,2024-08-07,1.1
Apapa,2024-08-08,1.5
Apapa,2024-08-09,0.7
Apapa,2024-08-10,0.7
Apapa,2024-08-11,0.9
Apapa,2024-08-12,0.9
Apapa,2024-08-13,1.0
Apapa,2024-08-14,2.1
Apapa,2024-08-15,0.4
Apapa,2024-08-16,2.0
Apapa,2024-08-17,1.3
Apapa,2024-08-18,0.5
Apapa,2024-08-19,6.1
Apapa,2024-08-20,12.1
Apapa,2024-08-21,2.0
Apapa,2024-08-22,0.5
Apapa,2024-08-23,19.8
Apapa,2024-08-24,10.4
Apapa,2024-08-25,1.3
Apapa,2024-08-26,3.9
Apapa,2024-08-27,0.8
Apapa,2024-08-28,1.3
Apapa,2024-08-29,0.8
Apapa,2024-08-30,0.9
Apapa,2024-08-31,0.6
Apapa,2024-09-01,1.1
Apapa,2024-09-02,0.4
Apapa,2024-09-03,0.3
Apapa,2024-09-04,0.5
Apapa,2024-09-05,0.1
Apapa,2024-09-06,0.0
Apapa,2024-09-07,4.8
Apapa,2024-09-08,0.6
Apapa,2024-09-09,0.2
Apapa,2024-09-10,5.1
Apapa,2024-09-11,3.9
Apapa,2024-09-12,2.0
Apapa,2024-09-13,8.1
Apapa,2024-09-14,4.3
Apapa,2024-09-15,0.9
Apapa,2024-09-16,1.2
Apapa,2024-09-17,15.3
Apapa,2024-09-18,13.9
Apapa,2024-09-19,1.6
Apapa,2024-09-20,1.3
Apapa,2024-09-21,1.6
Apapa,2024-09-22,3.2
Apapa,2024-09-23,1.5
Apapa,2024-09-24,3.3
Apapa,2024-09-25,18.2
Apapa,2024-09-26,3.5
Apapa,2024-09-27,5.5
Apapa,2024-09-28,9.7
Apapa,2024-09-29,12.0
Apapa,2024-09-30,11.8
Apapa,2024-10-01,1.5
Apapa,2024-10-02,1.1
Apapa,2024-10-03,11.3
Apapa,2024-10-04,7.8
Apapa,2024-10-05,12.7
Apapa,2024-10-06,6.2
Apapa,2024-10-07,8.5
Apapa,2024-10-08,0.6
Apapa,2024-10-09,1.5
Apapa,2024-10-10,0.7
Apapa,2024-10-11,0.2
Apapa,2024-10-12,8.6
Apapa,2024-10-13,13.6
Apapa,2024-10-14,10.3
Apapa,2024-10-15,2.7
Apapa,2024-10-16,4.8
Apapa,2024-10-17,34.1
Apapa,2024-10-18,1.2
Apapa,2024-10-19,6.9
Apapa,2024-10-20,0.9
Apapa,2024-10-21,1.1
Apapa,2024-10-22,2.8
Apapa,2024-10-23,0.7
Apapa,2024-10-24,0.8
Apapa,2024-10-25,18.9
Apapa,2024-10-26,2.0
Apapa,2024-10-27,0.8
Apapa,2024-10-28,0.4
Apapa,2024-10-29,2.0
Apapa,2024-10-30,1.6
Apapa,2024-10-31,1.4
Apapa,2024-11-01,0.6
Apapa,2024-11-02,3.5
Apapa,2024-11-03,4.3
Apapa,2024-11-04,2.8
Apapa,2024-11-05,0.0
Apapa,2024-11-06,0.6
Apapa,2024-11-07,0.0
Apapa,2024-11-08,0.2
Apapa,2024-11-09,0.3
Apapa,2024-11-10,4.4
Apapa,2024-11-11,0.9
Apapa,2024-11-12,0.1
Apapa,2024-11-13,1.0
Apapa,2024-11-14,22.0
Apapa,2024-11-15,0.3
Apapa,2024-11-16,3.2
Apapa,2024-11-17,1.8
Apapa,2024-11-18,1.7
Apapa,2024-11-19,0.7
Apapa,2024-11-20,0.0
Apapa,2024-11-21,0.3
Apapa,2024-11-22,5.7
Apapa,2024-11-23,1.1
Apapa,2024-11-24,0.0
Apapa,2024-11-25,0.0
Apapa,2024-11-26,1.4
Apapa,2024-11-27,1.6
Apapa,2024-11-28,0.0
Apapa,2024-11-29,0.0
Apapa,2024-11-30,0.0
Apapa,2024-12-01,0.0
Apapa,2024-12-02,0.0
Apapa,2024-12-03,0.8
Apapa,2024-12-04,4.7
Apapa,2024-12-05,3.2
Apapa,2024-12-06,0.8
Apapa,2024-12-07,0.0
Apapa,2024-12-08,0.0
Apapa,2024-12-09,0.0
Apapa,2024-12-10,0.0
Apapa,2024-12-11,0.5
Apapa,2024-12-12,1.1
Apapa,2024-12-13,1.5
Apapa,2024-12-14,0.0
Apapa,2024-12-15,0.0
Apapa,2024-12-16,0.0
Apapa,2024-12-17,0.0
Apapa,2024-12-18,0.0
Apapa,2024-12-19,0.0
Apapa,2024-12-20,0.0
Apapa,2024-12-21,0.0
Apapa,2024-12-22,0.0
Apapa,2024-12-23,0.0
Apapa,2024-12-24,0.0
Apapa,2024-12-25,0.0
Apapa,2024-12-26,0.0
Apapa,2024-12-27,0.0
Apapa,2024-12-28,0.0
Apapa,2024-12-29,0.0
Apapa,2024-12-30,0.0
Apapa,2024-12-31,0.0
Apapa,2025-01-01,0.1
Apapa,2025-01-02,0.0
Apapa,2025-01-03,0.7
Apapa,2025-01-04,0.5
Apapa,2025-01-05,0.1
Apapa,2025-01-06,0.1
Apapa,2025-01-07,2.5
Apapa,2025-01-08,1.0
Apapa,2025-01-09,0.2
Apapa,2025-01-10,0.0
Apapa,2025-01-11,0.0
Apapa,2025-01-12,0.0
Apapa,2025-01-13,0.0
Apapa,2025-01-14,0.0
Apapa,2025-01-15,0.0
Apapa,2025-01-16,0.0
Apapa,2025-01-17,0.0
Apapa,2025-01-18,1.1
Apapa,2025-01-19,1.4
Apapa,2025-01-20,0.2
Apapa,2025-01-21,0.0
Apapa,2025-01-22,0.3
Apapa,2025-01-23,2.4
Apapa,2025-01-24,0.1
Apapa,2025-01-25,1.7
Apapa,2025-01-26,1.1
Apapa,2025-01-27,0.6
Apapa,2025-01-28,0.4
Apapa,2025-01-29,1.9
Apapa,2025-01-30,0.1
Apapa,2025-01-31,0.1
Apapa,2025-02-01,0.2
Apapa,2025-02-02,0.5
Apapa,2025-02-03,0.0
Apapa,2025-02-04,0.5
Apapa,2025-02-05,0.6
Apapa,2025-02-06,0.3
Apapa,2025-02-07,0.0
Apapa,2025-02-08,1.6
Apapa,2025-02-09,0.8
Apapa,2025-02-10,1.7
Apapa,2025-02-11,1.7
Apapa,2025-02-12,1.0
Apapa,2025-02-13,3.0
Apapa,2025-02-14,1.1
Apapa,2025-02-15,0.7
Apapa,2025-02-16,0.8
Apapa,2025-02-17,1.0
Apapa,2025-02-18,0.1
Apapa,2025-02-19,0.5
Apapa,2025-02-20,0.0
Apapa,2025-02-21,0.4
Apapa,2025-02-22,7.4
Apapa,2025-02-23,0.5
Apapa,2025-02-24,0.3
Apapa,2025-02-25,0.9
Apapa,2025-02-26,1.4
Apapa,2025-02-27,0.6
Apapa,2025-02-28,2.0
Apapa,2025-03-01,0.3
Apapa,2025-03-02,0.6
Apapa,2025-03-03,2.0
Apapa,2025-03-04,2.1
Apapa,2025-03-05,1.2
Apapa,2025-03-06,0.8
Apapa,2025-03-07,0.5
Apapa,2025-03-08,0.2
Apapa,2025-03-09,1.1
Apapa,2025-03-10,0.3
Apapa,2025-03-11,1.0
Apapa,2025-03-12,0.3
Apapa,2025-03-13,1.7
Apapa,2025-03-14,0.6
Apapa,2025-03-15,0.3
Apapa,2025-03-16,0.8
Apapa,2025-03-17,2.4
Apapa,2025-03-18,1.6
Apapa,2025-03-19,3.1
Apapa,2025-03-20,1.0
Apapa,2025-03-21,0.4
Apapa,2025-03-22,0.0
Apapa,2025-03-23,0.6
Apapa,2025-03-24,0.6
Apapa,2025-03-25,1.8
Apapa,2025-03-26,6.4
Apapa,2025-03-27,1.4
Apapa,2025-03-28,0.4
Apapa,2025-03-29,0.5
Apapa,2025-03-30,14.8
Apapa,2025-03-31,5.0
Apapa,2025-04-01,2.1
Apapa,2025-04-02,16.2
Apapa,2025-04-03,2.9
Apapa,2025-04-04,0.0
Apapa,2025-04-05,0.2
Apapa,2025-04-06,2.4
Apapa,2025-04-07,1.0
Apapa,2025-04-08,1.2
Apapa,2025-04-09,29.8
Apapa,2025-04-10,1.1
Apapa,2025-04-11,7.6
Apapa,2025-04-12,0.3
Apapa,2025-04-13,4.5
Apapa,2025-04-14,5.0
Apapa,2025-04-15,3.2
Apapa,2025-04-16,2.8
Apapa,2025-04-17,2.7
Apapa,2025-04-18,0.5
Apapa,2025-04-19,1.4
Apapa,2025-04-20,2.1
Apapa,2025-04-21,1.4
Apapa,2025-04-22,12.6
Apapa,2025-04-23,5.0
Apapa,2025-04-24,0.1
Apapa,2025-04-25,0.3
Apapa,2025-04-26,1.1
Apapa,2025-04-27,5.4
Apapa,2025-04-28,0.7
Apapa,2025-04-29,9.6
Apapa,2025-04-30,0.0
Apapa,2025-05-01,4.1
Apapa,2025-05-02,12.4
Apapa,2025-05-03,0.1
Apapa,2025-05-04,1.2
Apapa,2025-05-05,1.3
Apapa,2025-05-06,1.7
Apapa,2025-05-07,0.3
Apapa,2025-05-08,7.6
Apapa,2025-05-09,6.3
Apapa,2025-05-10,0.7
Apapa,2025-05-11,0.8
Apapa,2025-05-12,0.6
Apapa,2025-05-13,4.6
Apapa,2025-05-14,0.0
Apapa,2025-05-15,0.1
Apapa,2025-05-16,1.4
Apapa,2025-05-17,12.2
Apapa,2025-05-18,8.9
Apapa,2025-05-19,0.2
Apapa,2025-05-20,13.3
Apapa,2025-05-21,2.9
Apapa,2025-05-22,1.2
Apapa,2025-05-23,4.9
Apapa,2025-05-24,12.0
Apapa,2025-05-25,0.1
Apapa,2025-05-26,0.3
Apapa,2025-05-27,1.0
Apapa,2025-05-28,7.4
Apapa,2025-05-29,16.4
Apapa,2025-05-30,4.6
Apapa,2025-05-31,0.2
Apapa,2025-06-01,0.7
Apapa,2025-06-02,3.7
Apapa,2025-06-03,9.3
Apapa,2025-06-04,16.7
Apapa,2025-06-05,1.0
Apapa,2025-06-06,1.2
Apapa,2025-06-07,13.2
Apapa,2025-06-08,1.8
Apapa,2025-06-09,11.4
Apapa,2025-06-10,0.7
Apapa,2025-06-11,8.0
Apapa,2025-06-12,5.2
Apapa,2025-06-13,1.3
Apapa,2025-06-14,74.8
Apapa,2025-06-15,13.7
Apapa,2025-06-16,3.4
Apapa,2025-06-17,2.0
Apapa,2025-06-18,10.2
Apapa,2025-06-19,19.3
Apapa,2025-06-20,9.1
Apapa,2025-06-21,3.1
Apapa,2025-06-22,5.3
Apapa,2025-06-23,6.6
Apapa,2025-06-24,6.5
Apapa,2025-06-25,2.9
Apapa,2025-06-26,4.2
Apapa,2025-06-27,2.3
Apapa,2025-06-28,4.3
Apapa,2025-06-29,6.4
Apapa,2025-06-30,15.6
Apapa,2025-07-01,6.0
Apapa,2025-07-02,2.7
Apapa,2025-07-03,13.1
Apapa,2025-07-04,7.5
Apapa,2025-07-05,7.7
Apapa,2025-07-06,4.6
Apapa,2025-07-07,16.6
Apapa,2025-07-08,6.5
Apapa,2025-07-09,3.0
Apapa,2025-07-10,1.4
Apapa,2025-07-11,5.3
Apapa,2025-07-12,1.3
Apapa,2025-07-13,1.7
Apapa,2025-07-14,0.3
Apapa,2025-07-15,0.0
Apapa,2025-07-16,2.9
Apapa,2025-07-17,2.9
Apapa,2025-07-18,0.3
Apapa,2025-07-19,0.6
Apapa,2025-07-20,0.6
Apapa,2025-07-21,1.2
Apapa,2025-07-22,1.3
Apapa,2025-07-23,1.5
Apapa,2025-07-24,1.2
Apapa,2025-07-25,0.2
Apapa,2025-07-26,0.3
Apapa,2025-07-27,0.8
Apapa,2025-07-28,0.1
Apapa,2025-07-29,0.9
Apapa,2025-07-30,0.7
Apapa,2025-07-31,3.5
Apapa,2025-08-01,1.1
Apapa,2025-08-02,1.0
Apapa,2025-08-03,2.8
Apapa,2025-08-04,35.1
Apapa,2025-08-05,2.4
Apapa,2025-08-06,4.7
Apapa,2025-08-07,2.4
Apapa,2025-08-08,2.0
Apapa,2025-08-09,4.9
Apapa,2025-08-10,0.5
Apapa,2025-08-11,0.6
Apapa,2025-08-12,0.7
Apapa,2025-08-13,2.4
Apapa,2025-08-14,1.6
Apapa,2025-08-15,1.2
Apapa,2025-08-16,2.1
Apapa,2025-08-17,3.2
Apapa,2025-08-18,1.2
Apapa,2025-08-19,2.1
Apapa,2025-08-20,1.2
Apapa,2025-08-21,1.6
Apapa,2025-08-22,1.9
Apapa,2025-08-23,2.0
Apapa,2025-08-24,0.8
Apapa,2025-08-25,0.2
Apapa,2025-08-26,0.9
Apapa,2025-08-27,2.0
Apapa,2025-08-28,0.5
Apapa,2025-08-29,0.9
Apapa,2025-08-30,3.9
Apapa,2025-08-31,1.4
Apapa,2025-09-01,0.2
Apapa,2025-09-02,0.3
Apapa,2025-09-03,2.3
Apapa,2025-09-04,1.5
Apapa,2025-09-05,1.6
Apapa,2025-09-06,1.1
Apapa,2025-09-07,1.3
Apapa,2025-09-08,2.7
Apapa,2025-09-09,11.6
Apapa,2025-09-10,1.5
Apapa,2025-09-11,1.6
Apapa,2025-09-12,5.8
Apapa,2025-09-13,3.6
Apapa,2025-09-14,7.4
Apapa,2025-09-15,7.5
Apapa,2025-09-16,43.8
Apapa,2025-09-17,3.7
Apapa,2025-09-18,8.6
Apapa,2025-09-19,2.4
Apapa,2025-09-20,1.2
Apapa,2025-09-21,1.4
Apapa,2025-09-22,5.7
Apapa,2025-09-23,8.3
Apapa,2025-09-24,12.4
Apapa,2025-09-25,6.0
Apapa,2025-09-26,2.5
Apapa,2025-09-27,1.4
Apapa,2025-09-28,12.6
Apapa,2025-09-29,13.5
Apapa,2025-09-30,2.4
Apapa,2025-10-01,6.9
Apapa,2025-10-02,2.2
Apapa,2025-10-03,1.1
Apapa,2025-10-04,3.6
Apapa,2025-10-05,25.6
Apapa,2025-10-06,6.1
Apapa,2025-10-07,17.5
Apapa,2025-10-08,3.6
Apapa,2025-10-09,0.5
Apapa,2025-10-10,13.2
Apapa,2025-10-11,3.0
Apapa,2025-10-12,1.2
Apapa,2025-10-13,6.1
Apapa,2025-10-14,1.0
Apapa,2025-10-15,2.1
Apapa,2025-10-16,11.6
Apapa,2025-10-17,0.5
Apapa,2025-10-18,2.3
Apapa,2025-10-19,1.0
Apapa,2025-10-20,0.2
Apapa,2025-10-21,0.4
Apapa,2025-10-22,0.7
Apapa,2025-10-23,1.0
Apapa,2025-10-24,2.7
Apapa,2025-10-25,0.3
Apapa,2025-10-26,2.6
Apapa,2025-10-27,1.4
Apapa,2025-10-28,3.0
Apapa,2025-10-29,0.5
Apapa,2025-10-30,3.8
Apapa,2025-10-31,4.1
Apapa,2025-11-01,2.0
Apapa,2025-11-02,1.5
Apapa,2025-11-03,10.4
Apapa,2025-11-04,1.8
Apapa,2025-11-05,2.7
Apapa,2025-11-06,1.2
Apapa,2025-11-07,4.1
Apapa,2025-11-08,0.7
Apapa,2025-11-09,1.1
Apapa,2025-11-10,0.4
Apapa,2025-11-11,1.1
Apapa,2025-11-12,0.6
Apapa,2025-11-13,0.4
Apapa,2025-11-14,0.1
Apapa,2025-11-15,0.1
Apapa,2025-11-16,2.2
Apapa,2025-11-17,1.9
Apapa,2025-11-18,1.3
Apapa,2025-11-19,1.3
Apapa,2025-11-20,1.3
Apapa,2025-11-21,5.7
Apapa,2025-11-22,2.1
Apapa,2025-11-23,0.5
Apapa,2025-11-24,0.5
Apapa,2025-11-25,0.9
Apapa,2025-11-26,1.2
Apapa,2025-11-27,0.1
Apapa,2025-11-28,1.8
Apapa,2025-11-29,0.3
Apapa,2025-11-30,2.8
Apapa,2025-12-01,0.6
Apapa,2025-12-02,0.8
Apapa,2025-12-03,5.5
Apapa,2025-12-04,0.8
Apapa,2025-12-05,1.1
Apapa,2025-12-06,0.3
Apapa,2025-12-07,2.5
Apapa,2025-12-08,1.2
Apapa,2025-12-09,0.6
Apapa,2025-12-10,0.9
Apapa,2025-12-11,11.6
Apapa,2025-12-12,0.5
Apapa,2025-12-13,2.0
Apapa,2025-12-14,0.8
Apapa,2025-12-15,4.2
Apapa,2025-12-16,0.7
Apapa,2025-12-17,0.7
Apapa,2025-12-18,0.3
Apapa,2025-12-19,2.3
Apapa,2025-12-20,0.1
Apapa,2025-12-21,1.2
Apapa,2025-12-22,1.0
Apapa,2025-12-23,1.5
Apapa,2025-12-24,0.5
Apapa,2025-12-25,0.3
Apapa,2025-12-26,0.3
Apapa,2025-12-27,0.8
Apapa,2025-12-28,0.5
Apapa,2025-12-29,0.5
Apapa,2025-12-30,0.2
Apapa,2025-12-31,0.1
Apapa,2026-01-01,1.2
Apapa,2026-01-02,2.6
Apapa,2026-01-03,0.4
Apapa,2026-01-04,1.0
Apapa,2026-01-05,0.3
Apapa,2026-01-06,0.7
Apapa,2026-01-07,0.4
Apapa,2026-01-08,2.6
Apapa,2026-01-09,0.3
Apapa,2026-01-10,1.5
Apapa,2026-01-11,2.4
Apapa,2026-01-12,2.4
Apapa,2026-01-13,0.1
Apapa,2026-01-14,0.3
Apapa,2026-01-15,2.5
Apapa,2026-01-16,0.6
Apapa,2026-01-17,2.0
Apapa,2026-01-18,0.8
Apapa,2026-01-19,1.8
Apapa,2026-01-20,0.4
Apapa,2026-01-21,0.2
Apapa,2026-01-22,1.8
Apapa,2026-01-23,0.0
Apapa,2026-01-24,0.0
Apapa,2026-01-25,0.0
Apapa,2026-01-26,0.0
Apapa,2026-01-27,0.0
Apapa,2026-01-28,1.0
Apapa,2026-01-29,3.0
Apapa,2026-01-30,4.3
Apapa,2026-01-31,2.3
Apapa,2026-02-01,1.1
Apapa,2026-02-02,3.5
Apapa,2026-02-03,0.0
Apapa,2026-02-04,0.1
Apapa,2026-02-05,0.1
Apapa,2026-02-06,0.3
Apapa,2026-02-07,0.2
Apapa,2026-02-08,0.0
Apapa,2026-02-09,0.3
Apapa,2026-02-10,0.7
Apapa,2026-02-11,0.0
Apapa,2026-02-12,0.0
Apapa,2026-02-13,1.1
Apapa,2026-02-14,27.3
Apapa,2026-02-15,0.0
Apapa,2026-02-16,1.0
Apapa,2026-02-17,1.5
Apapa,2026-02-18,0.4
Apapa,2026-02-19,0.9
Apapa,2026-02-20,0.3
Apapa,2026-02-21,0.0
Apapa,2026-02-22,0.1
Apapa,2026-02-23,0.7
Apapa,2026-02-24,1.3
Apapa,2026-02-25,0.8
Apapa,2026-02-26,0.4
Apapa,2026-02-27,0.0
Apapa,2026-02-28,0.8
Apapa,2026-03-01,0.1
Apapa,2026-03-02,1.6
Apapa,2026-03-03,0.6
Apapa,2026-03-04,0.7
Apapa,2026-03-05,0.2
Apapa,2026-03-06,0.0
Apapa,2026-03-07,0.2
Apapa,2026-03-08,0.2
Apapa,2026-03-09,0.9
Apapa,2026-03-10,0.4
Apapa,2026-03-11,1.1
Apapa,2026-03-12,0.1
Apapa,2026-03-13,0.4
Apapa,2026-03-14,3.8
Apapa,2026-03-15,0.0
Apapa,2026-03-16,0.6
Apapa,2026-03-17,1.5
Apapa,2026-03-18,0.0
Apapa,2026-03-19,0.0
Apapa,2026-03-20,0.5
Apapa,2026-03-21,0.7
Apapa,2026-03-22,2.9
Apapa,2026-03-23,0.2
Apapa,2026-03-24,1.0
Apapa,2026-03-25,0.2
Apapa,2026-03-26,0.0
Apapa,2026-03-27,0.5
Apapa,2026-03-28,2.2
Apapa,2026-03-29,0.8
Apapa,2026-03-30,0.0
Apapa,2026-03-31,0.9
Apapa,2026-04-01,0.0
Apapa,2026-04-02,0.5
Apapa,2026-04-03,0.2
Apapa,2026-04-04,0.0
Apapa,2026-04-05,4.9
Apapa,2026-04-06,0.7
Apapa,2026-04-07,0.0
Apapa,2026-04-08,3.3
Apapa,2026-04-09,0.2
Apapa,2026-04-10,0.0
Apapa,2026-04-11,0.0
Apapa,2026-04-12,0.0
Apapa,2026-04-13,6.3
Apapa,2026-04-14,3.9
Apapa,2026-04-15,0.5
Apapa,2026-04-16,0.2
Apapa,2026-04-17,0.3
Apapa,2026-04-18,0.0
Apapa,2026-04-19,6.0
Apapa,2026-04-20,0.8
Apapa,2026-04-21,2.4
Apapa,2026-04-22,0.1
Apapa,2026-04-23,1.6
Apapa,2026-04-24,2.7
Apapa,2026-04-25,3.1
Apapa,2026-04-26,27.3
Apapa,2026-04-27,0.0
Apapa,2026-04-28,7.5
Apapa,2026-04-29,2.0
Apapa,2026-04-30,0.7
Apapa,2026-05-01,0.0
Apapa,2026-05-02,0.8
Apapa,2026-05-03,4.2
Apapa,2026-05-04,6.0
Apapa,2026-05-05,1.6
Apapa,2026-05-06,10.7
Apapa,2026-05-07,2.0
Apapa,2026-05-08,5.6
Apapa,2026-05-09,2.4
Apapa,2026-05-10,0.7
Apapa,2026-05-11,1.4
Apapa,2026-05-12,0.6
Apapa,2026-05-13,0.1
Apapa,2026-05-14,2.0
Apapa,2026-05-15,5.9
Apapa,2026-05-16,1.1
Apapa,2026-05-17,11.0
Apapa,2026-05-18,5.8
Apapa,2026-05-19,8.7
Apapa,2026-05-20,3.2
Apapa,2026-05-21,7.1
Apapa,2026-05-22,18.9
Apapa,2026-05-23,12.0
Apapa,2026-05-24,5.9
Apapa,2026-05-25,7.6
Apapa,2026-05-26,7.7
Apapa,2026-05-27,1.1
Apapa,2026-05-28,4.1
Apapa,2026-05-29,1.4
Apapa,2026-05-30,8.3
Apapa,2026-05-31,0.4
Apapa,2026-06-01,11.6
Apapa,2026-06-02,4.2
Apapa,2026-06-03,5.1
Apapa,2026-06-04,12.9
Apapa,2026-06-05,4.6
Apapa,2026-06-06,13.7
Apapa,2026-06-07,6.0
Apapa,2026-06-08,6.8
Apapa,2026-06-09,7.7
Apapa,2026-06-10,3.2
Apapa,2026-06-11,0.2
Apapa,2026-06-12,7.6
Apapa,2026-06-13,4.6
Apapa,2026-06-14,7.5
Apapa,2026-06-15,6.1
Apapa,2026-06-16,6.3
Apapa,2026-06-17,5.2
Apapa,2026-06-18,2.9
Apapa,2026-06-19,1.9
Apapa,2026-06-20,11.7
Apapa,2026-06-21,35.2
Apapa,2026-06-22,0.5
Apapa,2026-06-23,1.2
Apapa,2026-06-24,3.1
Apapa,2026-06-25,3.9
Apapa,2026-06-26,2.6
Apapa,2026-06-27,1.9
Apapa,2026-06-28,7.6
Apapa,2026-06-29,38.0
Apapa,2026-06-30,28.1
Apapa,2026-07-01,2.0
Apapa,2026-07-02,2.8
Apapa,2026-07-03,4.4
Apapa,2026-07-04,5.5
Apapa,2026-07-05,1.3
Apapa,2026-07-06,1.4
Apapa,2026-07-07,4.3
Apapa,2026-07-08,6.6
Apapa,2026-07-09,10.8
Apapa,2026-07-10,56.7
Apapa,2026-07-11,6.7
Apapa,2026-07-12,6.3
Apapa,2026-07-13,20.1
Apapa,2026-07-14,13.9
Apapa,2026-07-15,6.9
Apapa,2026-07-16,7.8
Apapa,2026-07-17,1.2
Apapa,2026-07-18,0.0
Apapa,2026-07-19,1.7
Apapa,2026-07-20,1.8
Apapa,2026-07-21,0.2
Apapa,2026-07-22,1.4
Apapa,2026-07-23,4.6
Apapa,2026-07-24,6.1
Apapa,2026-07-25,0.3
Apapa,2026-07-26,1.0
Apapa,2026-07-27,16.2
Apapa,2026-07-28,7.7
Apapa,2026-07-29,16.8
Apapa,2026-07-30,6.1
Apapa,2026-07-31,0.5
Apapa,2026-08-01,1.1
Apapa,2026-08-02,4.5
Apapa,2026-08-03,2.4
Apapa,2026-08-04,2.0
Apapa,2026-08-05,1.5
Apapa,2026-08-06,8.7
Apapa,2026-08-07,2.3
Apapa,2026-08-08,0.2
Apapa,2026-08-09,0.8
Apapa,2026-08-10,1.0
Apapa,2026-08-11,0.3
Apapa,2026-08-12,0.2
Apapa,2026-08-13,1.4
Apapa,2026-08-14,0.9
Apapa,2026-08-15,0.1
Apapa,2026-08-16,1.8
Apapa,2026-08-17,1.0
Apapa,2026-08-18,1.6
Apapa,2026-08-19,2.8
Apapa,2026-08-20,0.7
Apapa,2026-08-21,2.3
Apapa,2026-08-22,5.1
Apapa,2026-08-23,9.0
Apapa,2026-08-24,6.2
Apapa,2026-08-25,0.3
Apapa,2026-08-26,1.2
Apapa,2026-08-27,6.2
Apapa,2026-08-28,18.0
Apapa,2026-08-29,8.6
Apapa,2026-08-30,13.6
Apapa,2026-08-31,1.0
Apapa,2026-09-01,0.0
Eti-Osa (VI/Lekki axis),2019-01-01,0.0
Eti-Osa (VI/Lekki axis),2019-01-02,0.0
Eti-Osa (VI/Lekki axis),2019-01-03,0.0
Eti-Osa (VI/Lekki axis),2019-01-04,0.0
Eti-Osa (VI/Lekki axis),2019-01-05,0.0
Eti-Osa (VI/Lekki axis),2019-01-06,0.0
Eti-Osa (VI/Lekki axis),2019-01-07,0.0
Eti-Osa (VI/Lekki axis),2019-01-08,0.0
Eti-Osa (VI/Lekki axis),2019-01-09,0.0
Eti-Osa (VI/Lekki axis),2019-01-10,0.2
Eti-Osa (VI/Lekki axis),2019-01-11,0.0
Eti-Osa (VI/Lekki axis),2019-01-12,0.0
Eti-Osa (VI/Lekki axis),2019-01-13,0.4
Eti-Osa (VI/Lekki axis),2019-01-14,0.4
Eti-Osa (VI/Lekki axis),2019-01-15,1.7
Eti-Osa (VI/Lekki axis),2019-01-16,1.6
Eti-Osa (VI/Lekki axis),2019-01-17,1.9
Eti-Osa (VI/Lekki axis),2019-01-18,0.9
Eti-Osa (VI/Lekki axis),2019-01-19,0.9
Eti-Osa (VI/Lekki axis),2019-01-20,0.6
Eti-Osa (VI/Lekki axis),2019-01-21,3.8
Eti-Osa (VI/Lekki axis),2019-01-22,0.4
Eti-Osa (VI/Lekki axis),2019-01-23,1.5
Eti-Osa (VI/Lekki axis),2019-01-24,14.2
Eti-Osa (VI/Lekki axis),2019-01-25,0.0
Eti-Osa (VI/Lekki axis),2019-01-26,0.5
Eti-Osa (VI/Lekki axis),2019-01-27,5.6
Eti-Osa (VI/Lekki axis),2019-01-28,3.7
Eti-Osa (VI/Lekki axis),2019-01-29,1.6
Eti-Osa (VI/Lekki axis),2019-01-30,5.5
Eti-Osa (VI/Lekki axis),2019-01-31,0.6
Eti-Osa (VI/Lekki axis),2019-02-01,0.8
Eti-Osa (VI/Lekki axis),2019-02-02,9.8
Eti-Osa (VI/Lekki axis),2019-02-03,3.0
Eti-Osa (VI/Lekki axis),2019-02-04,1.2
Eti-Osa (VI/Lekki axis),2019-02-05,1.5
Eti-Osa (VI/Lekki axis),2019-02-06,1.1
Eti-Osa (VI/Lekki axis),2019-02-07,1.0
Eti-Osa (VI/Lekki axis),2019-02-08,4.9
Eti-Osa (VI/Lekki axis),2019-02-09,0.0
Eti-Osa (VI/Lekki axis),2019-02-10,0.0
Eti-Osa (VI/Lekki axis),2019-02-11,0.0
Eti-Osa (VI/Lekki axis),2019-02-12,0.0
Eti-Osa (VI/Lekki axis),2019-02-13,0.0
Eti-Osa (VI/Lekki axis),2019-02-14,0.9
Eti-Osa (VI/Lekki axis),2019-02-15,2.0
Eti-Osa (VI/Lekki axis),2019-02-16,0.0
Eti-Osa (VI/Lekki axis),2019-02-17,0.8
Eti-Osa (VI/Lekki axis),2019-02-18,0.9
Eti-Osa (VI/Lekki axis),2019-02-19,1.0
Eti-Osa (VI/Lekki axis),2019-02-20,1.1
Eti-Osa (VI/Lekki axis),2019-02-21,1.1
Eti-Osa (VI/Lekki axis),2019-02-22,1.4
Eti-Osa (VI/Lekki axis),2019-02-23,1.5
Eti-Osa (VI/Lekki axis),2019-02-24,9.5
Eti-Osa (VI/Lekki axis),2019-02-25,2.4
Eti-Osa (VI/Lekki axis),2019-02-26,10.9
Eti-Osa (VI/Lekki axis),2019-02-27,0.6
Eti-Osa (VI/Lekki axis),2019-02-28,1.5
Eti-Osa (VI/Lekki axis),2019-03-01,2.6
Eti-Osa (VI/Lekki axis),2019-03-02,0.8
Eti-Osa (VI/Lekki axis),2019-03-03,0.6
Eti-Osa (VI/Lekki axis),2019-03-04,2.8
Eti-Osa (VI/Lekki axis),2019-03-05,0.9
Eti-Osa (VI/Lekki axis),2019-03-06,5.0
Eti-Osa (VI/Lekki axis),2019-03-07,1.5
Eti-Osa (VI/Lekki axis),2019-03-08,0.2
Eti-Osa (VI/Lekki axis),2019-03-09,4.4
Eti-Osa (VI/Lekki axis),2019-03-10,5.2
Eti-Osa (VI/Lekki axis),2019-03-11,0.6
Eti-Osa (VI/Lekki axis),2019-03-12,0.6
Eti-Osa (VI/Lekki axis),2019-03-13,0.3
Eti-Osa (VI/Lekki axis),2019-03-14,0.7
Eti-Osa (VI/Lekki axis),2019-03-15,0.4
Eti-Osa (VI/Lekki axis),2019-03-16,2.7
Eti-Osa (VI/Lekki axis),2019-03-17,0.3
Eti-Osa (VI/Lekki axis),2019-03-18,0.0
Eti-Osa (VI/Lekki axis),2019-03-19,0.1
Eti-Osa (VI/Lekki axis),2019-03-20,1.4
Eti-Osa (VI/Lekki axis),2019-03-21,4.7
Eti-Osa (VI/Lekki axis),2019-03-22,4.7
Eti-Osa (VI/Lekki axis),2019-03-23,1.2
Eti-Osa (VI/Lekki axis),2019-03-24,0.6
Eti-Osa (VI/Lekki axis),2019-03-25,2.5
Eti-Osa (VI/Lekki axis),2019-03-26,0.0
Eti-Osa (VI/Lekki axis),2019-03-27,0.4
Eti-Osa (VI/Lekki axis),2019-03-28,0.5
Eti-Osa (VI/Lekki axis),2019-03-29,1.8
Eti-Osa (VI/Lekki axis),2019-03-30,1.0
Eti-Osa (VI/Lekki axis),2019-03-31,1.3
Eti-Osa (VI/Lekki axis),2019-04-01,0.0
Eti-Osa (VI/Lekki axis),2019-04-02,0.4
Eti-Osa (VI/Lekki axis),2019-04-03,0.5
Eti-Osa (VI/Lekki axis),2019-04-04,1.3
Eti-Osa (VI/Lekki axis),2019-04-05,3.8
Eti-Osa (VI/Lekki axis),2019-04-06,1.0
Eti-Osa (VI/Lekki axis),2019-04-07,11.2
Eti-Osa (VI/Lekki axis),2019-04-08,2.2
Eti-Osa (VI/Lekki axis),2019-04-09,0.0
Eti-Osa (VI/Lekki axis),2019-04-10,2.4
Eti-Osa (VI/Lekki axis),2019-04-11,13.6
Eti-Osa (VI/Lekki axis),2019-04-12,1.0
Eti-Osa (VI/Lekki axis),2019-04-13,1.1
Eti-Osa (VI/Lekki axis),2019-04-14,5.3
Eti-Osa (VI/Lekki axis),2019-04-15,0.0
Eti-Osa (VI/Lekki axis),2019-04-16,0.0
Eti-Osa (VI/Lekki axis),2019-04-17,0.7
Eti-Osa (VI/Lekki axis),2019-04-18,0.8
Eti-Osa (VI/Lekki axis),2019-04-19,0.6
Eti-Osa (VI/Lekki axis),2019-04-20,0.0
Eti-Osa (VI/Lekki axis),2019-04-21,2.1
Eti-Osa (VI/Lekki axis),2019-04-22,1.5
Eti-Osa (VI/Lekki axis),2019-04-23,8.9
Eti-Osa (VI/Lekki axis),2019-04-24,5.1
Eti-Osa (VI/Lekki axis),2019-04-25,8.2
Eti-Osa (VI/Lekki axis),2019-04-26,2.4
Eti-Osa (VI/Lekki axis),2019-04-27,1.8
Eti-Osa (VI/Lekki axis),2019-04-28,0.7
Eti-Osa (VI/Lekki axis),2019-04-29,4.4
Eti-Osa (VI/Lekki axis),2019-04-30,7.5
Eti-Osa (VI/Lekki axis),2019-05-01,4.5
Eti-Osa (VI/Lekki axis),2019-05-02,5.6
Eti-Osa (VI/Lekki axis),2019-05-03,4.7
Eti-Osa (VI/Lekki axis),2019-05-04,2.0
Eti-Osa (VI/Lekki axis),2019-05-05,0.3
Eti-Osa (VI/Lekki axis),2019-05-06,0.6
Eti-Osa (VI/Lekki axis),2019-05-07,0.7
Eti-Osa (VI/Lekki axis),2019-05-08,0.3
Eti-Osa (VI/Lekki axis),2019-05-09,0.4
Eti-Osa (VI/Lekki axis),2019-05-10,1.8
Eti-Osa (VI/Lekki axis),2019-05-11,2.8
Eti-Osa (VI/Lekki axis),2019-05-12,0.1
Eti-Osa (VI/Lekki axis),2019-05-13,0.8
Eti-Osa (VI/Lekki axis),2019-05-14,1.9
Eti-Osa (VI/Lekki axis),2019-05-15,11.5
Eti-Osa (VI/Lekki axis),2019-05-16,0.2
Eti-Osa (VI/Lekki axis),2019-05-17,0.0
Eti-Osa (VI/Lekki axis),2019-05-18,0.5
Eti-Osa (VI/Lekki axis),2019-05-19,0.3
Eti-Osa (VI/Lekki axis),2019-05-20,9.3
Eti-Osa (VI/Lekki axis),2019-05-21,2.2
Eti-Osa (VI/Lekki axis),2019-05-22,3.4
Eti-Osa (VI/Lekki axis),2019-05-23,0.3
Eti-Osa (VI/Lekki axis),2019-05-24,6.1
Eti-Osa (VI/Lekki axis),2019-05-25,1.3
Eti-Osa (VI/Lekki axis),2019-05-26,1.8
Eti-Osa (VI/Lekki axis),2019-05-27,14.2
Eti-Osa (VI/Lekki axis),2019-05-28,3.2
Eti-Osa (VI/Lekki axis),2019-05-29,4.7
Eti-Osa (VI/Lekki axis),2019-05-30,16.8
Eti-Osa (VI/Lekki axis),2019-05-31,49.9
Eti-Osa (VI/Lekki axis),2019-06-01,15.0
Eti-Osa (VI/Lekki axis),2019-06-02,3.3
Eti-Osa (VI/Lekki axis),2019-06-03,0.8
Eti-Osa (VI/Lekki axis),2019-06-04,6.9
Eti-Osa (VI/Lekki axis),2019-06-05,5.6
Eti-Osa (VI/Lekki axis),2019-06-06,6.2
Eti-Osa (VI/Lekki axis),2019-06-07,11.0
Eti-Osa (VI/Lekki axis),2019-06-08,2.5
Eti-Osa (VI/Lekki axis),2019-06-09,2.7
Eti-Osa (VI/Lekki axis),2019-06-10,11.6
Eti-Osa (VI/Lekki axis),2019-06-11,4.1
Eti-Osa (VI/Lekki axis),2019-06-12,1.4
Eti-Osa (VI/Lekki axis),2019-06-13,1.8
Eti-Osa (VI/Lekki axis),2019-06-14,10.8
Eti-Osa (VI/Lekki axis),2019-06-15,27.4
Eti-Osa (VI/Lekki axis),2019-06-16,3.0
Eti-Osa (VI/Lekki axis),2019-06-17,1.8
Eti-Osa (VI/Lekki axis),2019-06-18,3.6
Eti-Osa (VI/Lekki axis),2019-06-19,2.0
Eti-Osa (VI/Lekki axis),2019-06-20,1.9
Eti-Osa (VI/Lekki axis),2019-06-21,2.4
Eti-Osa (VI/Lekki axis),2019-06-22,2.0
Eti-Osa (VI/Lekki axis),2019-06-23,3.0
Eti-Osa (VI/Lekki axis),2019-06-24,7.0
Eti-Osa (VI/Lekki axis),2019-06-25,6.8
Eti-Osa (VI/Lekki axis),2019-06-26,6.8
Eti-Osa (VI/Lekki axis),2019-06-27,2.2
Eti-Osa (VI/Lekki axis),2019-06-28,5.7
Eti-Osa (VI/Lekki axis),2019-06-29,1.4
Eti-Osa (VI/Lekki axis),2019-06-30,2.1
Eti-Osa (VI/Lekki axis),2019-07-01,1.8
Eti-Osa (VI/Lekki axis),2019-07-02,0.5
Eti-Osa (VI/Lekki axis),2019-07-03,1.4
Eti-Osa (VI/Lekki axis),2019-07-04,7.7
Eti-Osa (VI/Lekki axis),2019-07-05,4.9
Eti-Osa (VI/Lekki axis),2019-07-06,2.7
Eti-Osa (VI/Lekki axis),2019-07-07,2.4
Eti-Osa (VI/Lekki axis),2019-07-08,4.6
Eti-Osa (VI/Lekki axis),2019-07-09,1.5
Eti-Osa (VI/Lekki axis),2019-07-10,1.6
Eti-Osa (VI/Lekki axis),2019-07-11,8.1
Eti-Osa (VI/Lekki axis),2019-07-12,34.6
Eti-Osa (VI/Lekki axis),2019-07-13,2.3
Eti-Osa (VI/Lekki axis),2019-07-14,2.0
Eti-Osa (VI/Lekki axis),2019-07-15,10.3
Eti-Osa (VI/Lekki axis),2019-07-16,8.6
Eti-Osa (VI/Lekki axis),2019-07-17,1.0
Eti-Osa (VI/Lekki axis),2019-07-18,0.3
Eti-Osa (VI/Lekki axis),2019-07-19,1.6
Eti-Osa (VI/Lekki axis),2019-07-20,8.1
Eti-Osa (VI/Lekki axis),2019-07-21,1.0
Eti-Osa (VI/Lekki axis),2019-07-22,2.0
Eti-Osa (VI/Lekki axis),2019-07-23,2.9
Eti-Osa (VI/Lekki axis),2019-07-24,2.0
Eti-Osa (VI/Lekki axis),2019-07-25,1.6
Eti-Osa (VI/Lekki axis),2019-07-26,7.6
Eti-Osa (VI/Lekki axis),2019-07-27,8.5
Eti-Osa (VI/Lekki axis),2019-07-28,4.4
Eti-Osa (VI/Lekki axis),2019-07-29,2.3
Eti-Osa (VI/Lekki axis),2019-07-30,3.1
Eti-Osa (VI/Lekki axis),2019-07-31,2.3
Eti-Osa (VI/Lekki axis),2019-08-01,0.6
Eti-Osa (VI/Lekki axis),2019-08-02,1.1
Eti-Osa (VI/Lekki axis),2019-08-03,2.0
Eti-Osa (VI/Lekki axis),2019-08-04,1.5
Eti-Osa (VI/Lekki axis),2019-08-05,1.0
Eti-Osa (VI/Lekki axis),2019-08-06,1.1
Eti-Osa (VI/Lekki axis),2019-08-07,0.8
Eti-Osa (VI/Lekki axis),2019-08-08,1.2
Eti-Osa (VI/Lekki axis),2019-08-09,3.2
Eti-Osa (VI/Lekki axis),2019-08-10,1.1
Eti-Osa (VI/Lekki axis),2019-08-11,1.3
Eti-Osa (VI/Lekki axis),2019-08-12,1.3
Eti-Osa (VI/Lekki axis),2019-08-13,1.3
Eti-Osa (VI/Lekki axis),2019-08-14,3.2
Eti-Osa (VI/Lekki axis),2019-08-15,2.9
Eti-Osa (VI/Lekki axis),2019-08-16,1.2
Eti-Osa (VI/Lekki axis),2019-08-17,1.7
Eti-Osa (VI/Lekki axis),2019-08-18,0.9
Eti-Osa (VI/Lekki axis),2019-08-19,2.1
Eti-Osa (VI/Lekki axis),2019-08-20,1.8
Eti-Osa (VI/Lekki axis),2019-08-21,1.2
Eti-Osa (VI/Lekki axis),2019-08-22,0.8
Eti-Osa (VI/Lekki axis),2019-08-23,6.9
Eti-Osa (VI/Lekki axis),2019-08-24,2.8
Eti-Osa (VI/Lekki axis),2019-08-25,6.7
Eti-Osa (VI/Lekki axis),2019-08-26,4.4
Eti-Osa (VI/Lekki axis),2019-08-27,0.8
Eti-Osa (VI/Lekki axis),2019-08-28,4.4
Eti-Osa (VI/Lekki axis),2019-08-29,1.7
Eti-Osa (VI/Lekki axis),2019-08-30,1.5
Eti-Osa (VI/Lekki axis),2019-08-31,9.7
Eti-Osa (VI/Lekki axis),2019-09-01,15.2
Eti-Osa (VI/Lekki axis),2019-09-02,13.0
Eti-Osa (VI/Lekki axis),2019-09-03,3.4
Eti-Osa (VI/Lekki axis),2019-09-04,19.5
Eti-Osa (VI/Lekki axis),2019-09-05,1.7
Eti-Osa (VI/Lekki axis),2019-09-06,8.5
Eti-Osa (VI/Lekki axis),2019-09-07,1.9
Eti-Osa (VI/Lekki axis),2019-09-08,3.2
Eti-Osa (VI/Lekki axis),2019-09-09,7.2
Eti-Osa (VI/Lekki axis),2019-09-10,12.3
Eti-Osa (VI/Lekki axis),2019-09-11,13.7
Eti-Osa (VI/Lekki axis),2019-09-12,7.4
Eti-Osa (VI/Lekki axis),2019-09-13,1.5
Eti-Osa (VI/Lekki axis),2019-09-14,2.0
Eti-Osa (VI/Lekki axis),2019-09-15,2.9
Eti-Osa (VI/Lekki axis),2019-09-16,1.0
Eti-Osa (VI/Lekki axis),2019-09-17,7.2
Eti-Osa (VI/Lekki axis),2019-09-18,33.9
Eti-Osa (VI/Lekki axis),2019-09-19,138.2
Eti-Osa (VI/Lekki axis),2019-09-20,3.6
Eti-Osa (VI/Lekki axis),2019-09-21,0.3
Eti-Osa (VI/Lekki axis),2019-09-22,1.6
Eti-Osa (VI/Lekki axis),2019-09-23,1.5
Eti-Osa (VI/Lekki axis),2019-09-24,2.0
Eti-Osa (VI/Lekki axis),2019-09-25,0.5
Eti-Osa (VI/Lekki axis),2019-09-26,0.8
Eti-Osa (VI/Lekki axis),2019-09-27,4.7
Eti-Osa (VI/Lekki axis),2019-09-28,4.3
Eti-Osa (VI/Lekki axis),2019-09-29,13.4
Eti-Osa (VI/Lekki axis),2019-09-30,3.5
Eti-Osa (VI/Lekki axis),2019-10-01,22.9
Eti-Osa (VI/Lekki axis),2019-10-02,5.9
Eti-Osa (VI/Lekki axis),2019-10-03,5.0
Eti-Osa (VI/Lekki axis),2019-10-04,19.5
Eti-Osa (VI/Lekki axis),2019-10-05,46.3
Eti-Osa (VI/Lekki axis),2019-10-06,4.6
Eti-Osa (VI/Lekki axis),2019-10-07,8.5
Eti-Osa (VI/Lekki axis),2019-10-08,17.2
Eti-Osa (VI/Lekki axis),2019-10-09,4.6
Eti-Osa (VI/Lekki axis),2019-10-10,3.0
Eti-Osa (VI/Lekki axis),2019-10-11,5.4
Eti-Osa (VI/Lekki axis),2019-10-12,27.0
Eti-Osa (VI/Lekki axis),2019-10-13,4.3
Eti-Osa (VI/Lekki axis),2019-10-14,2.6
Eti-Osa (VI/Lekki axis),2019-10-15,6.5
Eti-Osa (VI/Lekki axis),2019-10-16,2.6
Eti-Osa (VI/Lekki axis),2019-10-17,9.3
Eti-Osa (VI/Lekki axis),2019-10-18,6.9
Eti-Osa (VI/Lekki axis),2019-10-19,17.6
Eti-Osa (VI/Lekki axis),2019-10-20,20.8
Eti-Osa (VI/Lekki axis),2019-10-21,0.5
Eti-Osa (VI/Lekki axis),2019-10-22,1.1
Eti-Osa (VI/Lekki axis),2019-10-23,4.2
Eti-Osa (VI/Lekki axis),2019-10-24,10.1
Eti-Osa (VI/Lekki axis),2019-10-25,8.0
Eti-Osa (VI/Lekki axis),2019-10-26,4.2
Eti-Osa (VI/Lekki axis),2019-10-27,13.5
Eti-Osa (VI/Lekki axis),2019-10-28,13.3
Eti-Osa (VI/Lekki axis),2019-10-29,1.8
Eti-Osa (VI/Lekki axis),2019-10-30,2.4
Eti-Osa (VI/Lekki axis),2019-10-31,0.6
Eti-Osa (VI/Lekki axis),2019-11-01,0.2
Eti-Osa (VI/Lekki axis),2019-11-02,3.3
Eti-Osa (VI/Lekki axis),2019-11-03,8.5
Eti-Osa (VI/Lekki axis),2019-11-04,0.3
Eti-Osa (VI/Lekki axis),2019-11-05,2.1
Eti-Osa (VI/Lekki axis),2019-11-06,0.7
Eti-Osa (VI/Lekki axis),2019-11-07,1.0
Eti-Osa (VI/Lekki axis),2019-11-08,1.0
Eti-Osa (VI/Lekki axis),2019-11-09,0.3
Eti-Osa (VI/Lekki axis),2019-11-10,22.6
Eti-Osa (VI/Lekki axis),2019-11-11,1.2
Eti-Osa (VI/Lekki axis),2019-11-12,1.0
Eti-Osa (VI/Lekki axis),2019-11-13,1.0
Eti-Osa (VI/Lekki axis),2019-11-14,0.1
Eti-Osa (VI/Lekki axis),2019-11-15,1.2
Eti-Osa (VI/Lekki axis),2019-11-16,0.8
Eti-Osa (VI/Lekki axis),2019-11-17,1.1
Eti-Osa (VI/Lekki axis),2019-11-18,0.9
Eti-Osa (VI/Lekki axis),2019-11-19,1.0
Eti-Osa (VI/Lekki axis),2019-11-20,0.4
Eti-Osa (VI/Lekki axis),2019-11-21,1.6
Eti-Osa (VI/Lekki axis),2019-11-22,0.4
Eti-Osa (VI/Lekki axis),2019-11-23,0.5
Eti-Osa (VI/Lekki axis),2019-11-24,2.9
Eti-Osa (VI/Lekki axis),2019-11-25,0.3
Eti-Osa (VI/Lekki axis),2019-11-26,0.8
Eti-Osa (VI/Lekki axis),2019-11-27,1.0
Eti-Osa (VI/Lekki axis),2019-11-28,1.8
Eti-Osa (VI/Lekki axis),2019-11-29,0.4
Eti-Osa (VI/Lekki axis),2019-11-30,0.0
Eti-Osa (VI/Lekki axis),2019-12-01,0.2
Eti-Osa (VI/Lekki axis),2019-12-02,1.0
Eti-Osa (VI/Lekki axis),2019-12-03,0.5
Eti-Osa (VI/Lekki axis),2019-12-04,0.2
Eti-Osa (VI/Lekki axis),2019-12-05,1.8
Eti-Osa (VI/Lekki axis),2019-12-06,2.9
Eti-Osa (VI/Lekki axis),2019-12-07,2.0
Eti-Osa (VI/Lekki axis),2019-12-08,1.0
Eti-Osa (VI/Lekki axis),2019-12-09,1.0
Eti-Osa (VI/Lekki axis),2019-12-10,1.8
Eti-Osa (VI/Lekki axis),2019-12-11,0.3
Eti-Osa (VI/Lekki axis),2019-12-12,0.4
Eti-Osa (VI/Lekki axis),2019-12-13,0.4
Eti-Osa (VI/Lekki axis),2019-12-14,0.3
Eti-Osa (VI/Lekki axis),2019-12-15,0.5
Eti-Osa (VI/Lekki axis),2019-12-16,0.0
Eti-Osa (VI/Lekki axis),2019-12-17,0.0
Eti-Osa (VI/Lekki axis),2019-12-18,0.0
Eti-Osa (VI/Lekki axis),2019-12-19,0.0
Eti-Osa (VI/Lekki axis),2019-12-20,0.2
Eti-Osa (VI/Lekki axis),2019-12-21,1.0
Eti-Osa (VI/Lekki axis),2019-12-22,0.0
Eti-Osa (VI/Lekki axis),2019-12-23,0.0
Eti-Osa (VI/Lekki axis),2019-12-24,0.0
Eti-Osa (VI/Lekki axis),2019-12-25,0.0
Eti-Osa (VI/Lekki axis),2019-12-26,0.0
Eti-Osa (VI/Lekki axis),2019-12-27,0.0
Eti-Osa (VI/Lekki axis),2019-12-28,0.0
Eti-Osa (VI/Lekki axis),2019-12-29,0.0
Eti-Osa (VI/Lekki axis),2019-12-30,0.0
Eti-Osa (VI/Lekki axis),2019-12-31,0.0
Eti-Osa (VI/Lekki axis),2020-01-01,0.0
Eti-Osa (VI/Lekki axis),2020-01-02,0.0
Eti-Osa (VI/Lekki axis),2020-01-03,0.0
Eti-Osa (VI/Lekki axis),2020-01-04,0.0
Eti-Osa (VI/Lekki axis),2020-01-05,0.0
Eti-Osa (VI/Lekki axis),2020-01-06,0.0
Eti-Osa (VI/Lekki axis),2020-01-07,0.0
Eti-Osa (VI/Lekki axis),2020-01-08,0.0
Eti-Osa (VI/Lekki axis),2020-01-09,0.0
Eti-Osa (VI/Lekki axis),2020-01-10,0.0
Eti-Osa (VI/Lekki axis),2020-01-11,0.1
Eti-Osa (VI/Lekki axis),2020-01-12,0.0
Eti-Osa (VI/Lekki axis),2020-01-13,0.3
Eti-Osa (VI/Lekki axis),2020-01-14,0.2
Eti-Osa (VI/Lekki axis),2020-01-15,0.0
Eti-Osa (VI/Lekki axis),2020-01-16,0.0
Eti-Osa (VI/Lekki axis),2020-01-17,0.0
Eti-Osa (VI/Lekki axis),2020-01-18,0.0
Eti-Osa (VI/Lekki axis),2020-01-19,0.0
Eti-Osa (VI/Lekki axis),2020-01-20,0.0
Eti-Osa (VI/Lekki axis),2020-01-21,0.0
Eti-Osa (VI/Lekki axis),2020-01-22,0.0
Eti-Osa (VI/Lekki axis),2020-01-23,0.0
Eti-Osa (VI/Lekki axis),2020-01-24,0.0
Eti-Osa (VI/Lekki axis),2020-01-25,0.0
Eti-Osa (VI/Lekki axis),2020-01-26,0.0
Eti-Osa (VI/Lekki axis),2020-01-27,0.0
Eti-Osa (VI/Lekki axis),2020-01-28,0.0
Eti-Osa (VI/Lekki axis),2020-01-29,0.0
Eti-Osa (VI/Lekki axis),2020-01-30,0.0
Eti-Osa (VI/Lekki axis),2020-01-31,0.1
Eti-Osa (VI/Lekki axis),2020-02-01,0.0
Eti-Osa (VI/Lekki axis),2020-02-02,0.0
Eti-Osa (VI/Lekki axis),2020-02-03,0.0
Eti-Osa (VI/Lekki axis),2020-02-04,0.0
Eti-Osa (VI/Lekki axis),2020-02-05,0.0
Eti-Osa (VI/Lekki axis),2020-02-06,0.0
Eti-Osa (VI/Lekki axis),2020-02-07,0.0
Eti-Osa (VI/Lekki axis),2020-02-08,0.0
Eti-Osa (VI/Lekki axis),2020-02-09,0.2
Eti-Osa (VI/Lekki axis),2020-02-10,1.6
Eti-Osa (VI/Lekki axis),2020-02-11,0.0
Eti-Osa (VI/Lekki axis),2020-02-12,0.0
Eti-Osa (VI/Lekki axis),2020-02-13,0.0
Eti-Osa (VI/Lekki axis),2020-02-14,0.0
Eti-Osa (VI/Lekki axis),2020-02-15,0.0
Eti-Osa (VI/Lekki axis),2020-02-16,0.0
Eti-Osa (VI/Lekki axis),2020-02-17,0.0
Eti-Osa (VI/Lekki axis),2020-02-18,0.1
Eti-Osa (VI/Lekki axis),2020-02-19,0.8
Eti-Osa (VI/Lekki axis),2020-02-20,0.3
Eti-Osa (VI/Lekki axis),2020-02-21,0.0
Eti-Osa (VI/Lekki axis),2020-02-22,1.4
Eti-Osa (VI/Lekki axis),2020-02-23,0.6
Eti-Osa (VI/Lekki axis),2020-02-24,0.4
Eti-Osa (VI/Lekki axis),2020-02-25,0.6
Eti-Osa (VI/Lekki axis),2020-02-26,0.9
Eti-Osa (VI/Lekki axis),2020-02-27,0.1
Eti-Osa (VI/Lekki axis),2020-02-28,0.7
Eti-Osa (VI/Lekki axis),2020-02-29,0.0
Eti-Osa (VI/Lekki axis),2020-03-01,1.3
Eti-Osa (VI/Lekki axis),2020-03-02,2.5
Eti-Osa (VI/Lekki axis),2020-03-03,0.1
Eti-Osa (VI/Lekki axis),2020-03-04,0.4
Eti-Osa (VI/Lekki axis),2020-03-05,0.4
Eti-Osa (VI/Lekki axis),2020-03-06,3.9
Eti-Osa (VI/Lekki axis),2020-03-07,0.2
Eti-Osa (VI/Lekki axis),2020-03-08,0.9
Eti-Osa (VI/Lekki axis),2020-03-09,0.0
Eti-Osa (VI/Lekki axis),2020-03-10,0.4
Eti-Osa (VI/Lekki axis),2020-03-11,0.6
Eti-Osa (VI/Lekki axis),2020-03-12,0.5
Eti-Osa (VI/Lekki axis),2020-03-13,1.7
Eti-Osa (VI/Lekki axis),2020-03-14,8.3
Eti-Osa (VI/Lekki axis),2020-03-15,0.1
Eti-Osa (VI/Lekki axis),2020-03-16,0.0
Eti-Osa (VI/Lekki axis),2020-03-17,0.4
Eti-Osa (VI/Lekki axis),2020-03-18,0.3
Eti-Osa (VI/Lekki axis),2020-03-19,0.8
Eti-Osa (VI/Lekki axis),2020-03-20,0.9
Eti-Osa (VI/Lekki axis),2020-03-21,0.5
Eti-Osa (VI/Lekki axis),2020-03-22,0.3
Eti-Osa (VI/Lekki axis),2020-03-23,0.4
Eti-Osa (VI/Lekki axis),2020-03-24,3.4
Eti-Osa (VI/Lekki axis),2020-03-25,2.2
Eti-Osa (VI/Lekki axis),2020-03-26,0.0
Eti-Osa (VI/Lekki axis),2020-03-27,0.0
Eti-Osa (VI/Lekki axis),2020-03-28,0.1
Eti-Osa (VI/Lekki axis),2020-03-29,0.0
Eti-Osa (VI/Lekki axis),2020-03-30,0.0
Eti-Osa (VI/Lekki axis),2020-03-31,0.0
Eti-Osa (VI/Lekki axis),2020-04-01,0.9
Eti-Osa (VI/Lekki axis),2020-04-02,0.0
Eti-Osa (VI/Lekki axis),2020-04-03,0.0
Eti-Osa (VI/Lekki axis),2020-04-04,0.8
Eti-Osa (VI/Lekki axis),2020-04-05,0.0
Eti-Osa (VI/Lekki axis),2020-04-06,0.8
Eti-Osa (VI/Lekki axis),2020-04-07,0.0
Eti-Osa (VI/Lekki axis),2020-04-08,0.0
Eti-Osa (VI/Lekki axis),2020-04-09,0.9
Eti-Osa (VI/Lekki axis),2020-04-10,1.1
Eti-Osa (VI/Lekki axis),2020-04-11,0.3
Eti-Osa (VI/Lekki axis),2020-04-12,0.4
Eti-Osa (VI/Lekki axis),2020-04-13,0.1
Eti-Osa (VI/Lekki axis),2020-04-14,0.1
Eti-Osa (VI/Lekki axis),2020-04-15,0.1
Eti-Osa (VI/Lekki axis),2020-04-16,1.7
Eti-Osa (VI/Lekki axis),2020-04-17,4.2
Eti-Osa (VI/Lekki axis),2020-04-18,3.8
Eti-Osa (VI/Lekki axis),2020-04-19,6.1
Eti-Osa (VI/Lekki axis),2020-04-20,0.7
Eti-Osa (VI/Lekki axis),2020-04-21,0.4
Eti-Osa (VI/Lekki axis),2020-04-22,1.2
Eti-Osa (VI/Lekki axis),2020-04-23,1.5
Eti-Osa (VI/Lekki axis),2020-04-24,0.7
Eti-Osa (VI/Lekki axis),2020-04-25,6.0
Eti-Osa (VI/Lekki axis),2020-04-26,4.5
Eti-Osa (VI/Lekki axis),2020-04-27,1.0
Eti-Osa (VI/Lekki axis),2020-04-28,0.0
Eti-Osa (VI/Lekki axis),2020-04-29,0.8
Eti-Osa (VI/Lekki axis),2020-04-30,0.6
Eti-Osa (VI/Lekki axis),2020-05-01,0.0
Eti-Osa (VI/Lekki axis),2020-05-02,1.0
Eti-Osa (VI/Lekki axis),2020-05-03,2.4
Eti-Osa (VI/Lekki axis),2020-05-04,0.8
Eti-Osa (VI/Lekki axis),2020-05-05,0.0
Eti-Osa (VI/Lekki axis),2020-05-06,0.6
Eti-Osa (VI/Lekki axis),2020-05-07,0.4
Eti-Osa (VI/Lekki axis),2020-05-08,0.9
Eti-Osa (VI/Lekki axis),2020-05-09,2.7
Eti-Osa (VI/Lekki axis),2020-05-10,5.6
Eti-Osa (VI/Lekki axis),2020-05-11,9.3
Eti-Osa (VI/Lekki axis),2020-05-12,0.8
Eti-Osa (VI/Lekki axis),2020-05-13,2.7
Eti-Osa (VI/Lekki axis),2020-05-14,0.4
Eti-Osa (VI/Lekki axis),2020-05-15,0.0
Eti-Osa (VI/Lekki axis),2020-05-16,1.7
Eti-Osa (VI/Lekki axis),2020-05-17,0.7
Eti-Osa (VI/Lekki axis),2020-05-18,0.7
Eti-Osa (VI/Lekki axis),2020-05-19,2.2
Eti-Osa (VI/Lekki axis),2020-05-20,1.8
Eti-Osa (VI/Lekki axis),2020-05-21,2.4
Eti-Osa (VI/Lekki axis),2020-05-22,11.7
Eti-Osa (VI/Lekki axis),2020-05-23,2.5
Eti-Osa (VI/Lekki axis),2020-05-24,0.9
Eti-Osa (VI/Lekki axis),2020-05-25,23.2
Eti-Osa (VI/Lekki axis),2020-05-26,0.0
Eti-Osa (VI/Lekki axis),2020-05-27,1.7
Eti-Osa (VI/Lekki axis),2020-05-28,16.7
Eti-Osa (VI/Lekki axis),2020-05-29,2.9
Eti-Osa (VI/Lekki axis),2020-05-30,10.5
Eti-Osa (VI/Lekki axis),2020-05-31,6.7
Eti-Osa (VI/Lekki axis),2020-06-01,1.3
Eti-Osa (VI/Lekki axis),2020-06-02,0.0
Eti-Osa (VI/Lekki axis),2020-06-03,0.8
Eti-Osa (VI/Lekki axis),2020-06-04,1.4
Eti-Osa (VI/Lekki axis),2020-06-05,3.3
Eti-Osa (VI/Lekki axis),2020-06-06,5.5
Eti-Osa (VI/Lekki axis),2020-06-07,5.9
Eti-Osa (VI/Lekki axis),2020-06-08,0.0
Eti-Osa (VI/Lekki axis),2020-06-09,2.1
Eti-Osa (VI/Lekki axis),2020-06-10,3.5
Eti-Osa (VI/Lekki axis),2020-06-11,8.0
Eti-Osa (VI/Lekki axis),2020-06-12,6.1
Eti-Osa (VI/Lekki axis),2020-06-13,5.4
Eti-Osa (VI/Lekki axis),2020-06-14,2.2
Eti-Osa (VI/Lekki axis),2020-06-15,6.2
Eti-Osa (VI/Lekki axis),2020-06-16,1.8
Eti-Osa (VI/Lekki axis),2020-06-17,7.0
Eti-Osa (VI/Lekki axis),2020-06-18,128.7
Eti-Osa (VI/Lekki axis),2020-06-19,5.1
Eti-Osa (VI/Lekki axis),2020-06-20,4.8
Eti-Osa (VI/Lekki axis),2020-06-21,8.5
Eti-Osa (VI/Lekki axis),2020-06-22,6.7
Eti-Osa (VI/Lekki axis),2020-06-23,3.4
Eti-Osa (VI/Lekki axis),2020-06-24,3.8
Eti-Osa (VI/Lekki axis),2020-06-25,4.5
Eti-Osa (VI/Lekki axis),2020-06-26,4.7
Eti-Osa (VI/Lekki axis),2020-06-27,7.6
Eti-Osa (VI/Lekki axis),2020-06-28,13.1
Eti-Osa (VI/Lekki axis),2020-06-29,63.0
Eti-Osa (VI/Lekki axis),2020-06-30,10.8
Eti-Osa (VI/Lekki axis),2020-07-01,7.7
Eti-Osa (VI/Lekki axis),2020-07-02,2.0
Eti-Osa (VI/Lekki axis),2020-07-03,1.3
Eti-Osa (VI/Lekki axis),2020-07-04,47.6
Eti-Osa (VI/Lekki axis),2020-07-05,11.8
Eti-Osa (VI/Lekki axis),2020-07-06,2.5
Eti-Osa (VI/Lekki axis),2020-07-07,9.2
Eti-Osa (VI/Lekki axis),2020-07-08,16.7
Eti-Osa (VI/Lekki axis),2020-07-09,11.7
Eti-Osa (VI/Lekki axis),2020-07-10,3.1
Eti-Osa (VI/Lekki axis),2020-07-11,19.3
Eti-Osa (VI/Lekki axis),2020-07-12,3.9
Eti-Osa (VI/Lekki axis),2020-07-13,1.2
Eti-Osa (VI/Lekki axis),2020-07-14,1.4
Eti-Osa (VI/Lekki axis),2020-07-15,0.3
Eti-Osa (VI/Lekki axis),2020-07-16,1.1
Eti-Osa (VI/Lekki axis),2020-07-17,1.4
Eti-Osa (VI/Lekki axis),2020-07-18,0.9
Eti-Osa (VI/Lekki axis),2020-07-19,0.0
Eti-Osa (VI/Lekki axis),2020-07-20,2.7
Eti-Osa (VI/Lekki axis),2020-07-21,4.2
Eti-Osa (VI/Lekki axis),2020-07-22,0.7
Eti-Osa (VI/Lekki axis),2020-07-23,2.0
Eti-Osa (VI/Lekki axis),2020-07-24,1.0
Eti-Osa (VI/Lekki axis),2020-07-25,0.9
Eti-Osa (VI/Lekki axis),2020-07-26,1.4
Eti-Osa (VI/Lekki axis),2020-07-27,0.3
Eti-Osa (VI/Lekki axis),2020-07-28,0.9
Eti-Osa (VI/Lekki axis),2020-07-29,0.3
Eti-Osa (VI/Lekki axis),2020-07-30,0.5
Eti-Osa (VI/Lekki axis),2020-07-31,2.7
Eti-Osa (VI/Lekki axis),2020-08-01,1.9
Eti-Osa (VI/Lekki axis),2020-08-02,0.1
Eti-Osa (VI/Lekki axis),2020-08-03,0.0
Eti-Osa (VI/Lekki axis),2020-08-04,0.0
Eti-Osa (VI/Lekki axis),2020-08-05,1.1
Eti-Osa (VI/Lekki axis),2020-08-06,0.8
Eti-Osa (VI/Lekki axis),2020-08-07,1.6
Eti-Osa (VI/Lekki axis),2020-08-08,0.4
Eti-Osa (VI/Lekki axis),2020-08-09,0.0
Eti-Osa (VI/Lekki axis),2020-08-10,0.0
Eti-Osa (VI/Lekki axis),2020-08-11,2.0
Eti-Osa (VI/Lekki axis),2020-08-12,0.0
Eti-Osa (VI/Lekki axis),2020-08-13,0.1
Eti-Osa (VI/Lekki axis),2020-08-14,1.7
Eti-Osa (VI/Lekki axis),2020-08-15,1.8
Eti-Osa (VI/Lekki axis),2020-08-16,0.4
Eti-Osa (VI/Lekki axis),2020-08-17,0.9
Eti-Osa (VI/Lekki axis),2020-08-18,0.7
Eti-Osa (VI/Lekki axis),2020-08-19,0.1
Eti-Osa (VI/Lekki axis),2020-08-20,0.0
Eti-Osa (VI/Lekki axis),2020-08-21,3.9
Eti-Osa (VI/Lekki axis),2020-08-22,2.8
Eti-Osa (VI/Lekki axis),2020-08-23,0.9
Eti-Osa (VI/Lekki axis),2020-08-24,0.7
Eti-Osa (VI/Lekki axis),2020-08-25,0.7
Eti-Osa (VI/Lekki axis),2020-08-26,0.6
Eti-Osa (VI/Lekki axis),2020-08-27,1.2
Eti-Osa (VI/Lekki axis),2020-08-28,0.5
Eti-Osa (VI/Lekki axis),2020-08-29,1.8
Eti-Osa (VI/Lekki axis),2020-08-30,1.2
Eti-Osa (VI/Lekki axis),2020-08-31,5.0
Eti-Osa (VI/Lekki axis),2020-09-01,2.5
Eti-Osa (VI/Lekki axis),2020-09-02,1.7
Eti-Osa (VI/Lekki axis),2020-09-03,2.4
Eti-Osa (VI/Lekki axis),2020-09-04,2.2
Eti-Osa (VI/Lekki axis),2020-09-05,1.7
Eti-Osa (VI/Lekki axis),2020-09-06,0.9
Eti-Osa (VI/Lekki axis),2020-09-07,1.4
Eti-Osa (VI/Lekki axis),2020-09-08,1.0
Eti-Osa (VI/Lekki axis),2020-09-09,137.0
Eti-Osa (VI/Lekki axis),2020-09-10,2.6
Eti-Osa (VI/Lekki axis),2020-09-11,1.1
Eti-Osa (VI/Lekki axis),2020-09-12,6.4
Eti-Osa (VI/Lekki axis),2020-09-13,10.8
Eti-Osa (VI/Lekki axis),2020-09-14,3.2
Eti-Osa (VI/Lekki axis),2020-09-15,6.5
Eti-Osa (VI/Lekki axis),2020-09-16,7.3
Eti-Osa (VI/Lekki axis),2020-09-17,7.1
Eti-Osa (VI/Lekki axis),2020-09-18,1.9
Eti-Osa (VI/Lekki axis),2020-09-19,2.1
Eti-Osa (VI/Lekki axis),2020-09-20,7.6
Eti-Osa (VI/Lekki axis),2020-09-21,3.7
Eti-Osa (VI/Lekki axis),2020-09-22,2.8
Eti-Osa (VI/Lekki axis),2020-09-23,3.7
Eti-Osa (VI/Lekki axis),2020-09-24,2.5
Eti-Osa (VI/Lekki axis),2020-09-25,0.9
Eti-Osa (VI/Lekki axis),2020-09-26,3.8
Eti-Osa (VI/Lekki axis),2020-09-27,2.7
Eti-Osa (VI/Lekki axis),2020-09-28,1.6
Eti-Osa (VI/Lekki axis),2020-09-29,2.4
Eti-Osa (VI/Lekki axis),2020-09-30,6.3
Eti-Osa (VI/Lekki axis),2020-10-01,4.7
Eti-Osa (VI/Lekki axis),2020-10-02,1.6
Eti-Osa (VI/Lekki axis),2020-10-03,1.6
Eti-Osa (VI/Lekki axis),2020-10-04,2.3
Eti-Osa (VI/Lekki axis),2020-10-05,1.3
Eti-Osa (VI/Lekki axis),2020-10-06,3.0
Eti-Osa (VI/Lekki axis),2020-10-07,2.8
Eti-Osa (VI/Lekki axis),2020-10-08,4.7
Eti-Osa (VI/Lekki axis),2020-10-09,10.5
Eti-Osa (VI/Lekki axis),2020-10-10,9.1
Eti-Osa (VI/Lekki axis),2020-10-11,11.1
Eti-Osa (VI/Lekki axis),2020-10-12,0.4
Eti-Osa (VI/Lekki axis),2020-10-13,0.4
Eti-Osa (VI/Lekki axis),2020-10-14,2.3
Eti-Osa (VI/Lekki axis),2020-10-15,1.6
Eti-Osa (VI/Lekki axis),2020-10-16,2.0
Eti-Osa (VI/Lekki axis),2020-10-17,11.9
Eti-Osa (VI/Lekki axis),2020-10-18,0.7
Eti-Osa (VI/Lekki axis),2020-10-19,0.9
Eti-Osa (VI/Lekki axis),2020-10-20,1.8
Eti-Osa (VI/Lekki axis),2020-10-21,1.4
Eti-Osa (VI/Lekki axis),2020-10-22,1.3
Eti-Osa (VI/Lekki axis),2020-10-23,2.6
Eti-Osa (VI/Lekki axis),2020-10-24,2.6
Eti-Osa (VI/Lekki axis),2020-10-25,8.6
Eti-Osa (VI/Lekki axis),2020-10-26,0.8
Eti-Osa (VI/Lekki axis),2020-10-27,1.9
Eti-Osa (VI/Lekki axis),2020-10-28,3.1
Eti-Osa (VI/Lekki axis),2020-10-29,1.4
Eti-Osa (VI/Lekki axis),2020-10-30,0.9
Eti-Osa (VI/Lekki axis),2020-10-31,1.1
Eti-Osa (VI/Lekki axis),2020-11-01,3.0
Eti-Osa (VI/Lekki axis),2020-11-02,4.4
Eti-Osa (VI/Lekki axis),2020-11-03,0.1
Eti-Osa (VI/Lekki axis),2020-11-04,9.7
Eti-Osa (VI/Lekki axis),2020-11-05,9.2
Eti-Osa (VI/Lekki axis),2020-11-06,2.2
Eti-Osa (VI/Lekki axis),2020-11-07,2.4
Eti-Osa (VI/Lekki axis),2020-11-08,0.5
Eti-Osa (VI/Lekki axis),2020-11-09,1.9
Eti-Osa (VI/Lekki axis),2020-11-10,1.4
Eti-Osa (VI/Lekki axis),2020-11-11,3.0
Eti-Osa (VI/Lekki axis),2020-11-12,0.1
Eti-Osa (VI/Lekki axis),2020-11-13,0.0
Eti-Osa (VI/Lekki axis),2020-11-14,1.4
Eti-Osa (VI/Lekki axis),2020-11-15,0.9
Eti-Osa (VI/Lekki axis),2020-11-16,3.2
Eti-Osa (VI/Lekki axis),2020-11-17,1.9
Eti-Osa (VI/Lekki axis),2020-11-18,1.8
Eti-Osa (VI/Lekki axis),2020-11-19,3.3
Eti-Osa (VI/Lekki axis),2020-11-20,0.9
Eti-Osa (VI/Lekki axis),2020-11-21,9.3
Eti-Osa (VI/Lekki axis),2020-11-22,0.3
Eti-Osa (VI/Lekki axis),2020-11-23,2.1
Eti-Osa (VI/Lekki axis),2020-11-24,0.6
Eti-Osa (VI/Lekki axis),2020-11-25,1.5
Eti-Osa (VI/Lekki axis),2020-11-26,3.1
Eti-Osa (VI/Lekki axis),2020-11-27,7.6
Eti-Osa (VI/Lekki axis),2020-11-28,2.0
Eti-Osa (VI/Lekki axis),2020-11-29,0.4
Eti-Osa (VI/Lekki axis),2020-11-30,0.3
Eti-Osa (VI/Lekki axis),2020-12-01,1.5
Eti-Osa (VI/Lekki axis),2020-12-02,1.0
Eti-Osa (VI/Lekki axis),2020-12-03,1.4
Eti-Osa (VI/Lekki axis),2020-12-04,1.6
Eti-Osa (VI/Lekki axis),2020-12-05,0.2
Eti-Osa (VI/Lekki axis),2020-12-06,1.2
Eti-Osa (VI/Lekki axis),2020-12-07,0.6
Eti-Osa (VI/Lekki axis),2020-12-08,1.1
Eti-Osa (VI/Lekki axis),2020-12-09,1.3
Eti-Osa (VI/Lekki axis),2020-12-10,0.9
Eti-Osa (VI/Lekki axis),2020-12-11,1.5
Eti-Osa (VI/Lekki axis),2020-12-12,1.6
Eti-Osa (VI/Lekki axis),2020-12-13,2.4
Eti-Osa (VI/Lekki axis),2020-12-14,1.8
Eti-Osa (VI/Lekki axis),2020-12-15,1.2
Eti-Osa (VI/Lekki axis),2020-12-16,1.4
Eti-Osa (VI/Lekki axis),2020-12-17,1.7
Eti-Osa (VI/Lekki axis),2020-12-18,1.4
Eti-Osa (VI/Lekki axis),2020-12-19,2.1
Eti-Osa (VI/Lekki axis),2020-12-20,0.6
Eti-Osa (VI/Lekki axis),2020-12-21,0.6
Eti-Osa (VI/Lekki axis),2020-12-22,1.0
Eti-Osa (VI/Lekki axis),2020-12-23,0.1
Eti-Osa (VI/Lekki axis),2020-12-24,2.5
Eti-Osa (VI/Lekki axis),2020-12-25,0.0
Eti-Osa (VI/Lekki axis),2020-12-26,0.0
Eti-Osa (VI/Lekki axis),2020-12-27,0.0
Eti-Osa (VI/Lekki axis),2020-12-28,0.0
Eti-Osa (VI/Lekki axis),2020-12-29,0.0
Eti-Osa (VI/Lekki axis),2020-12-30,0.0
Eti-Osa (VI/Lekki axis),2020-12-31,0.2
Eti-Osa (VI/Lekki axis),2021-01-01,0.4
Eti-Osa (VI/Lekki axis),2021-01-02,0.8
Eti-Osa (VI/Lekki axis),2021-01-03,0.2
Eti-Osa (VI/Lekki axis),2021-01-04,0.7
Eti-Osa (VI/Lekki axis),2021-01-05,2.3
Eti-Osa (VI/Lekki axis),2021-01-06,1.7
Eti-Osa (VI/Lekki axis),2021-01-07,2.5
Eti-Osa (VI/Lekki axis),2021-01-08,2.9
Eti-Osa (VI/Lekki axis),2021-01-09,1.2
Eti-Osa (VI/Lekki axis),2021-01-10,0.8
Eti-Osa (VI/Lekki axis),2021-01-11,0.3
Eti-Osa (VI/Lekki axis),2021-01-12,2.4
Eti-Osa (VI/Lekki axis),2021-01-13,2.0
Eti-Osa (VI/Lekki axis),2021-01-14,3.1
Eti-Osa (VI/Lekki axis),2021-01-15,1.0
Eti-Osa (VI/Lekki axis),2021-01-16,2.8
Eti-Osa (VI/Lekki axis),2021-01-17,0.2
Eti-Osa (VI/Lekki axis),2021-01-18,1.0
Eti-Osa (VI/Lekki axis),2021-01-19,0.1
Eti-Osa (VI/Lekki axis),2021-01-20,0.0
Eti-Osa (VI/Lekki axis),2021-01-21,0.0
Eti-Osa (VI/Lekki axis),2021-01-22,0.0
Eti-Osa (VI/Lekki axis),2021-01-23,0.0
Eti-Osa (VI/Lekki axis),2021-01-24,0.0
Eti-Osa (VI/Lekki axis),2021-01-25,0.5
Eti-Osa (VI/Lekki axis),2021-01-26,0.0
Eti-Osa (VI/Lekki axis),2021-01-27,0.3
Eti-Osa (VI/Lekki axis),2021-01-28,1.2
Eti-Osa (VI/Lekki axis),2021-01-29,0.9
Eti-Osa (VI/Lekki axis),2021-01-30,2.3
Eti-Osa (VI/Lekki axis),2021-01-31,0.7
Eti-Osa (VI/Lekki axis),2021-02-01,2.4
Eti-Osa (VI/Lekki axis),2021-02-02,1.9
Eti-Osa (VI/Lekki axis),2021-02-03,0.8
Eti-Osa (VI/Lekki axis),2021-02-04,1.3
Eti-Osa (VI/Lekki axis),2021-02-05,2.3
Eti-Osa (VI/Lekki axis),2021-02-06,2.5
Eti-Osa (VI/Lekki axis),2021-02-07,1.0
Eti-Osa (VI/Lekki axis),2021-02-08,0.7
Eti-Osa (VI/Lekki axis),2021-02-09,0.3
Eti-Osa (VI/Lekki axis),2021-02-10,0.3
Eti-Osa (VI/Lekki axis),2021-02-11,1.0
Eti-Osa (VI/Lekki axis),2021-02-12,0.6
Eti-Osa (VI/Lekki axis),2021-02-13,1.1
Eti-Osa (VI/Lekki axis),2021-02-14,0.7
Eti-Osa (VI/Lekki axis),2021-02-15,4.6
Eti-Osa (VI/Lekki axis),2021-02-16,0.8
Eti-Osa (VI/Lekki axis),2021-02-17,2.3
Eti-Osa (VI/Lekki axis),2021-02-18,0.0
Eti-Osa (VI/Lekki axis),2021-02-19,0.0
Eti-Osa (VI/Lekki axis),2021-02-20,0.0
Eti-Osa (VI/Lekki axis),2021-02-21,0.0
Eti-Osa (VI/Lekki axis),2021-02-22,0.0
Eti-Osa (VI/Lekki axis),2021-02-23,0.5
Eti-Osa (VI/Lekki axis),2021-02-24,0.3
Eti-Osa (VI/Lekki axis),2021-02-25,0.8
Eti-Osa (VI/Lekki axis),2021-02-26,1.0
Eti-Osa (VI/Lekki axis),2021-02-27,1.0
Eti-Osa (VI/Lekki axis),2021-02-28,0.3
Eti-Osa (VI/Lekki axis),2021-03-01,1.1
Eti-Osa (VI/Lekki axis),2021-03-02,1.0
Eti-Osa (VI/Lekki axis),2021-03-03,1.0
Eti-Osa (VI/Lekki axis),2021-03-04,0.5
Eti-Osa (VI/Lekki axis),2021-03-05,1.6
Eti-Osa (VI/Lekki axis),2021-03-06,1.5
Eti-Osa (VI/Lekki axis),2021-03-07,1.4
Eti-Osa (VI/Lekki axis),2021-03-08,1.3
Eti-Osa (VI/Lekki axis),2021-03-09,0.8
Eti-Osa (VI/Lekki axis),2021-03-10,1.6
Eti-Osa (VI/Lekki axis),2021-03-11,1.4
Eti-Osa (VI/Lekki axis),2021-03-12,1.2
Eti-Osa (VI/Lekki axis),2021-03-13,10.3
Eti-Osa (VI/Lekki axis),2021-03-14,0.4
Eti-Osa (VI/Lekki axis),2021-03-15,0.0
Eti-Osa (VI/Lekki axis),2021-03-16,0.2
Eti-Osa (VI/Lekki axis),2021-03-17,10.5
Eti-Osa (VI/Lekki axis),2021-03-18,3.4
Eti-Osa (VI/Lekki axis),2021-03-19,0.3
Eti-Osa (VI/Lekki axis),2021-03-20,0.0
Eti-Osa (VI/Lekki axis),2021-03-21,0.1
Eti-Osa (VI/Lekki axis),2021-03-22,6.1
Eti-Osa (VI/Lekki axis),2021-03-23,21.0
Eti-Osa (VI/Lekki axis),2021-03-24,0.9
Eti-Osa (VI/Lekki axis),2021-03-25,2.0
Eti-Osa (VI/Lekki axis),2021-03-26,0.0
Eti-Osa (VI/Lekki axis),2021-03-27,1.1
Eti-Osa (VI/Lekki axis),2021-03-28,2.2
Eti-Osa (VI/Lekki axis),2021-03-29,0.2
Eti-Osa (VI/Lekki axis),2021-03-30,0.5
Eti-Osa (VI/Lekki axis),2021-03-31,0.5
Eti-Osa (VI/Lekki axis),2021-04-01,1.2
Eti-Osa (VI/Lekki axis),2021-04-02,0.7
Eti-Osa (VI/Lekki axis),2021-04-03,1.1
Eti-Osa (VI/Lekki axis),2021-04-04,0.5
Eti-Osa (VI/Lekki axis),2021-04-05,0.8
Eti-Osa (VI/Lekki axis),2021-04-06,0.6
Eti-Osa (VI/Lekki axis),2021-04-07,0.3
Eti-Osa (VI/Lekki axis),2021-04-08,3.0
Eti-Osa (VI/Lekki axis),2021-04-09,2.4
Eti-Osa (VI/Lekki axis),2021-04-10,1.4
Eti-Osa (VI/Lekki axis),2021-04-11,0.1
Eti-Osa (VI/Lekki axis),2021-04-12,0.2
Eti-Osa (VI/Lekki axis),2021-04-13,0.7
Eti-Osa (VI/Lekki axis),2021-04-14,0.3
Eti-Osa (VI/Lekki axis),2021-04-15,0.0
Eti-Osa (VI/Lekki axis),2021-04-16,1.8
Eti-Osa (VI/Lekki axis),2021-04-17,2.7
Eti-Osa (VI/Lekki axis),2021-04-18,10.8
Eti-Osa (VI/Lekki axis),2021-04-19,0.6
Eti-Osa (VI/Lekki axis),2021-04-20,1.0
Eti-Osa (VI/Lekki axis),2021-04-21,0.0
Eti-Osa (VI/Lekki axis),2021-04-22,0.2
Eti-Osa (VI/Lekki axis),2021-04-23,1.3
Eti-Osa (VI/Lekki axis),2021-04-24,2.4
Eti-Osa (VI/Lekki axis),2021-04-25,0.6
Eti-Osa (VI/Lekki axis),2021-04-26,0.4
Eti-Osa (VI/Lekki axis),2021-04-27,0.6
Eti-Osa (VI/Lekki axis),2021-04-28,1.4
Eti-Osa (VI/Lekki axis),2021-04-29,0.4
Eti-Osa (VI/Lekki axis),2021-04-30,0.7
Eti-Osa (VI/Lekki axis),2021-05-01,0.5
Eti-Osa (VI/Lekki axis),2021-05-02,0.5
Eti-Osa (VI/Lekki axis),2021-05-03,1.9
Eti-Osa (VI/Lekki axis),2021-05-04,2.6
Eti-Osa (VI/Lekki axis),2021-05-05,0.3
Eti-Osa (VI/Lekki axis),2021-05-06,1.5
Eti-Osa (VI/Lekki axis),2021-05-07,0.8
Eti-Osa (VI/Lekki axis),2021-05-08,1.7
Eti-Osa (VI/Lekki axis),2021-05-09,1.7
Eti-Osa (VI/Lekki axis),2021-05-10,0.6
Eti-Osa (VI/Lekki axis),2021-05-11,1.3
Eti-Osa (VI/Lekki axis),2021-05-12,1.0
Eti-Osa (VI/Lekki axis),2021-05-13,1.6
Eti-Osa (VI/Lekki axis),2021-05-14,1.7
Eti-Osa (VI/Lekki axis),2021-05-15,1.0
Eti-Osa (VI/Lekki axis),2021-05-16,1.8
Eti-Osa (VI/Lekki axis),2021-05-17,1.2
Eti-Osa (VI/Lekki axis),2021-05-18,2.8
Eti-Osa (VI/Lekki axis),2021-05-19,2.5
Eti-Osa (VI/Lekki axis),2021-05-20,2.1
Eti-Osa (VI/Lekki axis),2021-05-21,1.3
Eti-Osa (VI/Lekki axis),2021-05-22,1.0
Eti-Osa (VI/Lekki axis),2021-05-23,0.0
Eti-Osa (VI/Lekki axis),2021-05-24,0.1
Eti-Osa (VI/Lekki axis),2021-05-25,0.8
Eti-Osa (VI/Lekki axis),2021-05-26,2.1
Eti-Osa (VI/Lekki axis),2021-05-27,3.0
Eti-Osa (VI/Lekki axis),2021-05-28,2.6
Eti-Osa (VI/Lekki axis),2021-05-29,3.1
Eti-Osa (VI/Lekki axis),2021-05-30,2.6
Eti-Osa (VI/Lekki axis),2021-05-31,2.2
Eti-Osa (VI/Lekki axis),2021-06-01,4.5
Eti-Osa (VI/Lekki axis),2021-06-02,2.0
Eti-Osa (VI/Lekki axis),2021-06-03,0.5
Eti-Osa (VI/Lekki axis),2021-06-04,6.8
Eti-Osa (VI/Lekki axis),2021-06-05,8.1
Eti-Osa (VI/Lekki axis),2021-06-06,1.3
Eti-Osa (VI/Lekki axis),2021-06-07,1.2
Eti-Osa (VI/Lekki axis),2021-06-08,1.7
Eti-Osa (VI/Lekki axis),2021-06-09,3.0
Eti-Osa (VI/Lekki axis),2021-06-10,0.4
Eti-Osa (VI/Lekki axis),2021-06-11,2.4
Eti-Osa (VI/Lekki axis),2021-06-12,1.2
Eti-Osa (VI/Lekki axis),2021-06-13,1.4
Eti-Osa (VI/Lekki axis),2021-06-14,0.1
Eti-Osa (VI/Lekki axis),2021-06-15,1.5
Eti-Osa (VI/Lekki axis),2021-06-16,11.4
Eti-Osa (VI/Lekki axis),2021-06-17,6.9
Eti-Osa (VI/Lekki axis),2021-06-18,5.3
Eti-Osa (VI/Lekki axis),2021-06-19,3.0
Eti-Osa (VI/Lekki axis),2021-06-20,22.4
Eti-Osa (VI/Lekki axis),2021-06-21,28.5
Eti-Osa (VI/Lekki axis),2021-06-22,7.5
Eti-Osa (VI/Lekki axis),2021-06-23,17.2
Eti-Osa (VI/Lekki axis),2021-06-24,5.0
Eti-Osa (VI/Lekki axis),2021-06-25,4.0
Eti-Osa (VI/Lekki axis),2021-06-26,23.4
Eti-Osa (VI/Lekki axis),2021-06-27,0.7
Eti-Osa (VI/Lekki axis),2021-06-28,3.0
Eti-Osa (VI/Lekki axis),2021-06-29,6.7
Eti-Osa (VI/Lekki axis),2021-06-30,1.9
Eti-Osa (VI/Lekki axis),2021-07-01,2.8
Eti-Osa (VI/Lekki axis),2021-07-02,18.5
Eti-Osa (VI/Lekki axis),2021-07-03,23.1
Eti-Osa (VI/Lekki axis),2021-07-04,8.4
Eti-Osa (VI/Lekki axis),2021-07-05,1.0
Eti-Osa (VI/Lekki axis),2021-07-06,1.2
Eti-Osa (VI/Lekki axis),2021-07-07,2.5
Eti-Osa (VI/Lekki axis),2021-07-08,3.8
Eti-Osa (VI/Lekki axis),2021-07-09,11.1
Eti-Osa (VI/Lekki axis),2021-07-10,3.0
Eti-Osa (VI/Lekki axis),2021-07-11,1.6
Eti-Osa (VI/Lekki axis),2021-07-12,2.1
Eti-Osa (VI/Lekki axis),2021-07-13,0.9
Eti-Osa (VI/Lekki axis),2021-07-14,2.2
Eti-Osa (VI/Lekki axis),2021-07-15,4.2
Eti-Osa (VI/Lekki axis),2021-07-16,76.7
Eti-Osa (VI/Lekki axis),2021-07-17,3.1
Eti-Osa (VI/Lekki axis),2021-07-18,1.5
Eti-Osa (VI/Lekki axis),2021-07-19,1.8
Eti-Osa (VI/Lekki axis),2021-07-20,4.0
Eti-Osa (VI/Lekki axis),2021-07-21,2.1
Eti-Osa (VI/Lekki axis),2021-07-22,0.4
Eti-Osa (VI/Lekki axis),2021-07-23,1.5
Eti-Osa (VI/Lekki axis),2021-07-24,1.6
Eti-Osa (VI/Lekki axis),2021-07-25,0.9
Eti-Osa (VI/Lekki axis),2021-07-26,1.8
Eti-Osa (VI/Lekki axis),2021-07-27,0.4
Eti-Osa (VI/Lekki axis),2021-07-28,2.8
Eti-Osa (VI/Lekki axis),2021-07-29,1.4
Eti-Osa (VI/Lekki axis),2021-07-30,0.1
Eti-Osa (VI/Lekki axis),2021-07-31,3.0
Eti-Osa (VI/Lekki axis),2021-08-01,0.8
Eti-Osa (VI/Lekki axis),2021-08-02,0.7
Eti-Osa (VI/Lekki axis),2021-08-03,2.1
Eti-Osa (VI/Lekki axis),2021-08-04,10.4
Eti-Osa (VI/Lekki axis),2021-08-05,15.8
Eti-Osa (VI/Lekki axis),2021-08-06,1.6
Eti-Osa (VI/Lekki axis),2021-08-07,6.1
Eti-Osa (VI/Lekki axis),2021-08-08,5.8
Eti-Osa (VI/Lekki axis),2021-08-09,3.1
Eti-Osa (VI/Lekki axis),2021-08-10,3.5
Eti-Osa (VI/Lekki axis),2021-08-11,0.7
Eti-Osa (VI/Lekki axis),2021-08-12,3.5
Eti-Osa (VI/Lekki axis),2021-08-13,2.7
Eti-Osa (VI/Lekki axis),2021-08-14,2.3
Eti-Osa (VI/Lekki axis),2021-08-15,2.7
Eti-Osa (VI/Lekki axis),2021-08-16,0.6
Eti-Osa (VI/Lekki axis),2021-08-17,0.9
Eti-Osa (VI/Lekki axis),2021-08-18,2.6
Eti-Osa (VI/Lekki axis),2021-08-19,9.9
Eti-Osa (VI/Lekki axis),2021-08-20,10.5
Eti-Osa (VI/Lekki axis),2021-08-21,23.6
Eti-Osa (VI/Lekki axis),2021-08-22,3.2
Eti-Osa (VI/Lekki axis),2021-08-23,3.1
Eti-Osa (VI/Lekki axis),2021-08-24,10.2
Eti-Osa (VI/Lekki axis),2021-08-25,7.8
Eti-Osa (VI/Lekki axis),2021-08-26,3.2
Eti-Osa (VI/Lekki axis),2021-08-27,2.7
Eti-Osa (VI/Lekki axis),2021-08-28,0.7
Eti-Osa (VI/Lekki axis),2021-08-29,3.8
Eti-Osa (VI/Lekki axis),2021-08-30,15.0
Eti-Osa (VI/Lekki axis),2021-08-31,1.9
Eti-Osa (VI/Lekki axis),2021-09-01,3.9
Eti-Osa (VI/Lekki axis),2021-09-02,17.7
Eti-Osa (VI/Lekki axis),2021-09-03,8.7
Eti-Osa (VI/Lekki axis),2021-09-04,3.7
Eti-Osa (VI/Lekki axis),2021-09-05,3.0
Eti-Osa (VI/Lekki axis),2021-09-06,5.4
Eti-Osa (VI/Lekki axis),2021-09-07,1.5
Eti-Osa (VI/Lekki axis),2021-09-08,1.5
Eti-Osa (VI/Lekki axis),2021-09-09,2.6
Eti-Osa (VI/Lekki axis),2021-09-10,11.8
Eti-Osa (VI/Lekki axis),2021-09-11,14.2
Eti-Osa (VI/Lekki axis),2021-09-12,0.4
Eti-Osa (VI/Lekki axis),2021-09-13,15.3
Eti-Osa (VI/Lekki axis),2021-09-14,1.5
Eti-Osa (VI/Lekki axis),2021-09-15,1.8
Eti-Osa (VI/Lekki axis),2021-09-16,2.4
Eti-Osa (VI/Lekki axis),2021-09-17,3.0
Eti-Osa (VI/Lekki axis),2021-09-18,6.1
Eti-Osa (VI/Lekki axis),2021-09-19,2.5
Eti-Osa (VI/Lekki axis),2021-09-20,0.0
Eti-Osa (VI/Lekki axis),2021-09-21,6.9
Eti-Osa (VI/Lekki axis),2021-09-22,27.2
Eti-Osa (VI/Lekki axis),2021-09-23,1.0
Eti-Osa (VI/Lekki axis),2021-09-24,4.0
Eti-Osa (VI/Lekki axis),2021-09-25,7.3
Eti-Osa (VI/Lekki axis),2021-09-26,0.4
Eti-Osa (VI/Lekki axis),2021-09-27,2.4
Eti-Osa (VI/Lekki axis),2021-09-28,3.0
Eti-Osa (VI/Lekki axis),2021-09-29,1.1
Eti-Osa (VI/Lekki axis),2021-09-30,11.3
Eti-Osa (VI/Lekki axis),2021-10-01,4.4
Eti-Osa (VI/Lekki axis),2021-10-02,1.7
Eti-Osa (VI/Lekki axis),2021-10-03,1.8
Eti-Osa (VI/Lekki axis),2021-10-04,1.1
Eti-Osa (VI/Lekki axis),2021-10-05,1.2
Eti-Osa (VI/Lekki axis),2021-10-06,10.1
Eti-Osa (VI/Lekki axis),2021-10-07,2.5
Eti-Osa (VI/Lekki axis),2021-10-08,0.3
Eti-Osa (VI/Lekki axis),2021-10-09,3.6
Eti-Osa (VI/Lekki axis),2021-10-10,9.4
Eti-Osa (VI/Lekki axis),2021-10-11,3.7
Eti-Osa (VI/Lekki axis),2021-10-12,1.6
Eti-Osa (VI/Lekki axis),2021-10-13,1.2
Eti-Osa (VI/Lekki axis),2021-10-14,6.8
Eti-Osa (VI/Lekki axis),2021-10-15,2.1
Eti-Osa (VI/Lekki axis),2021-10-16,1.2
Eti-Osa (VI/Lekki axis),2021-10-17,3.1
Eti-Osa (VI/Lekki axis),2021-10-18,16.7
Eti-Osa (VI/Lekki axis),2021-10-19,2.1
Eti-Osa (VI/Lekki axis),2021-10-20,2.2
Eti-Osa (VI/Lekki axis),2021-10-21,24.9
Eti-Osa (VI/Lekki axis),2021-10-22,2.5
Eti-Osa (VI/Lekki axis),2021-10-23,23.8
Eti-Osa (VI/Lekki axis),2021-10-24,9.7
Eti-Osa (VI/Lekki axis),2021-10-25,2.7
Eti-Osa (VI/Lekki axis),2021-10-26,2.9
Eti-Osa (VI/Lekki axis),2021-10-27,8.6
Eti-Osa (VI/Lekki axis),2021-10-28,2.2
Eti-Osa (VI/Lekki axis),2021-10-29,0.9
Eti-Osa (VI/Lekki axis),2021-10-30,1.2
Eti-Osa (VI/Lekki axis),2021-10-31,2.7
Eti-Osa (VI/Lekki axis),2021-11-01,1.5
Eti-Osa (VI/Lekki axis),2021-11-02,1.3
Eti-Osa (VI/Lekki axis),2021-11-03,0.6
Eti-Osa (VI/Lekki axis),2021-11-04,2.2
Eti-Osa (VI/Lekki axis),2021-11-05,1.2
Eti-Osa (VI/Lekki axis),2021-11-06,0.3
Eti-Osa (VI/Lekki axis),2021-11-07,5.6
Eti-Osa (VI/Lekki axis),2021-11-08,1.8
Eti-Osa (VI/Lekki axis),2021-11-09,2.0
Eti-Osa (VI/Lekki axis),2021-11-10,6.9
Eti-Osa (VI/Lekki axis),2021-11-11,7.9
Eti-Osa (VI/Lekki axis),2021-11-12,1.1
Eti-Osa (VI/Lekki axis),2021-11-13,0.9
Eti-Osa (VI/Lekki axis),2021-11-14,0.4
Eti-Osa (VI/Lekki axis),2021-11-15,2.4
Eti-Osa (VI/Lekki axis),2021-11-16,2.4
Eti-Osa (VI/Lekki axis),2021-11-17,1.9
Eti-Osa (VI/Lekki axis),2021-11-18,1.4
Eti-Osa (VI/Lekki axis),2021-11-19,3.4
Eti-Osa (VI/Lekki axis),2021-11-20,1.5
Eti-Osa (VI/Lekki axis),2021-11-21,1.5
Eti-Osa (VI/Lekki axis),2021-11-22,0.5
Eti-Osa (VI/Lekki axis),2021-11-23,1.6
Eti-Osa (VI/Lekki axis),2021-11-24,2.1
Eti-Osa (VI/Lekki axis),2021-11-25,2.5
Eti-Osa (VI/Lekki axis),2021-11-26,1.3
Eti-Osa (VI/Lekki axis),2021-11-27,0.6
Eti-Osa (VI/Lekki axis),2021-11-28,0.1
Eti-Osa (VI/Lekki axis),2021-11-29,0.7
Eti-Osa (VI/Lekki axis),2021-11-30,3.0
Eti-Osa (VI/Lekki axis),2021-12-01,1.1
Eti-Osa (VI/Lekki axis),2021-12-02,1.0
Eti-Osa (VI/Lekki axis),2021-12-03,0.8
Eti-Osa (VI/Lekki axis),2021-12-04,0.4
Eti-Osa (VI/Lekki axis),2021-12-05,1.9
Eti-Osa (VI/Lekki axis),2021-12-06,0.6
Eti-Osa (VI/Lekki axis),2021-12-07,1.6
Eti-Osa (VI/Lekki axis),2021-12-08,0.5
Eti-Osa (VI/Lekki axis),2021-12-09,0.0
Eti-Osa (VI/Lekki axis),2021-12-10,0.0
Eti-Osa (VI/Lekki axis),2021-12-11,0.4
Eti-Osa (VI/Lekki axis),2021-12-12,0.1
Eti-Osa (VI/Lekki axis),2021-12-13,0.0
Eti-Osa (VI/Lekki axis),2021-12-14,1.3
Eti-Osa (VI/Lekki axis),2021-12-15,1.2
Eti-Osa (VI/Lekki axis),2021-12-16,0.1
Eti-Osa (VI/Lekki axis),2021-12-17,0.0
Eti-Osa (VI/Lekki axis),2021-12-18,0.0
Eti-Osa (VI/Lekki axis),2021-12-19,0.0
Eti-Osa (VI/Lekki axis),2021-12-20,0.0
Eti-Osa (VI/Lekki axis),2021-12-21,0.0
Eti-Osa (VI/Lekki axis),2021-12-22,0.0
Eti-Osa (VI/Lekki axis),2021-12-23,0.0
Eti-Osa (VI/Lekki axis),2021-12-24,0.1
Eti-Osa (VI/Lekki axis),2021-12-25,0.0
Eti-Osa (VI/Lekki axis),2021-12-26,0.1
Eti-Osa (VI/Lekki axis),2021-12-27,1.0
Eti-Osa (VI/Lekki axis),2021-12-28,0.4
Eti-Osa (VI/Lekki axis),2021-12-29,0.8
Eti-Osa (VI/Lekki axis),2021-12-30,0.0
Eti-Osa (VI/Lekki axis),2021-12-31,0.9
Eti-Osa (VI/Lekki axis),2022-01-01,1.0
Eti-Osa (VI/Lekki axis),2022-01-02,0.6
Eti-Osa (VI/Lekki axis),2022-01-03,0.0
Eti-Osa (VI/Lekki axis),2022-01-04,0.0
Eti-Osa (VI/Lekki axis),2022-01-05,0.0
Eti-Osa (VI/Lekki axis),2022-01-06,0.0
Eti-Osa (VI/Lekki axis),2022-01-07,0.0
Eti-Osa (VI/Lekki axis),2022-01-08,1.9
Eti-Osa (VI/Lekki axis),2022-01-09,0.1
Eti-Osa (VI/Lekki axis),2022-01-10,0.0
Eti-Osa (VI/Lekki axis),2022-01-11,0.3
Eti-Osa (VI/Lekki axis),2022-01-12,1.2
Eti-Osa (VI/Lekki axis),2022-01-13,12.8
Eti-Osa (VI/Lekki axis),2022-01-14,1.6
Eti-Osa (VI/Lekki axis),2022-01-15,0.1
Eti-Osa (VI/Lekki axis),2022-01-16,0.5
Eti-Osa (VI/Lekki axis),2022-01-17,0.3
Eti-Osa (VI/Lekki axis),2022-01-18,0.3
Eti-Osa (VI/Lekki axis),2022-01-19,0.6
Eti-Osa (VI/Lekki axis),2022-01-20,0.0
Eti-Osa (VI/Lekki axis),2022-01-21,0.0
Eti-Osa (VI/Lekki axis),2022-01-22,0.0
Eti-Osa (VI/Lekki axis),2022-01-23,0.0
Eti-Osa (VI/Lekki axis),2022-01-24,0.0
Eti-Osa (VI/Lekki axis),2022-01-25,0.0
Eti-Osa (VI/Lekki axis),2022-01-26,0.0
Eti-Osa (VI/Lekki axis),2022-01-27,0.0
Eti-Osa (VI/Lekki axis),2022-01-28,0.0
Eti-Osa (VI/Lekki axis),2022-01-29,0.0
Eti-Osa (VI/Lekki axis),2022-01-30,0.0
Eti-Osa (VI/Lekki axis),2022-01-31,0.0
Eti-Osa (VI/Lekki axis),2022-02-01,0.0
Eti-Osa (VI/Lekki axis),2022-02-02,0.0
Eti-Osa (VI/Lekki axis),2022-02-03,0.1
Eti-Osa (VI/Lekki axis),2022-02-04,0.6
Eti-Osa (VI/Lekki axis),2022-02-05,2.8
Eti-Osa (VI/Lekki axis),2022-02-06,0.0
Eti-Osa (VI/Lekki axis),2022-02-07,0.0
Eti-Osa (VI/Lekki axis),2022-02-08,0.3
Eti-Osa (VI/Lekki axis),2022-02-09,0.4
Eti-Osa (VI/Lekki axis),2022-02-10,0.1
Eti-Osa (VI/Lekki axis),2022-02-11,0.3
Eti-Osa (VI/Lekki axis),2022-02-12,0.2
Eti-Osa (VI/Lekki axis),2022-02-13,1.9
Eti-Osa (VI/Lekki axis),2022-02-14,1.5
Eti-Osa (VI/Lekki axis),2022-02-15,0.8
Eti-Osa (VI/Lekki axis),2022-02-16,1.9
Eti-Osa (VI/Lekki axis),2022-02-17,1.0
Eti-Osa (VI/Lekki axis),2022-02-18,0.3
Eti-Osa (VI/Lekki axis),2022-02-19,1.4
Eti-Osa (VI/Lekki axis),2022-02-20,0.8
Eti-Osa (VI/Lekki axis),2022-02-21,1.0
Eti-Osa (VI/Lekki axis),2022-02-22,0.5
Eti-Osa (VI/Lekki axis),2022-02-23,0.2
Eti-Osa (VI/Lekki axis),2022-02-24,0.3
Eti-Osa (VI/Lekki axis),2022-02-25,0.5
Eti-Osa (VI/Lekki axis),2022-02-26,0.1
Eti-Osa (VI/Lekki axis),2022-02-27,2.0
Eti-Osa (VI/Lekki axis),2022-02-28,0.1
Eti-Osa (VI/Lekki axis),2022-03-01,0.4
Eti-Osa (VI/Lekki axis),2022-03-02,1.0
Eti-Osa (VI/Lekki axis),2022-03-03,5.5
Eti-Osa (VI/Lekki axis),2022-03-04,17.6
Eti-Osa (VI/Lekki axis),2022-03-05,0.4
Eti-Osa (VI/Lekki axis),2022-03-06,2.1
Eti-Osa (VI/Lekki axis),2022-03-07,0.3
Eti-Osa (VI/Lekki axis),2022-03-08,0.2
Eti-Osa (VI/Lekki axis),2022-03-09,3.2
Eti-Osa (VI/Lekki axis),2022-03-10,3.5
Eti-Osa (VI/Lekki axis),2022-03-11,4.4
Eti-Osa (VI/Lekki axis),2022-03-12,10.5
Eti-Osa (VI/Lekki axis),2022-03-13,7.5
Eti-Osa (VI/Lekki axis),2022-03-14,3.1
Eti-Osa (VI/Lekki axis),2022-03-15,6.2
Eti-Osa (VI/Lekki axis),2022-03-16,1.8
Eti-Osa (VI/Lekki axis),2022-03-17,0.8
Eti-Osa (VI/Lekki axis),2022-03-18,1.5
Eti-Osa (VI/Lekki axis),2022-03-19,0.2
Eti-Osa (VI/Lekki axis),2022-03-20,0.9
Eti-Osa (VI/Lekki axis),2022-03-21,1.6
Eti-Osa (VI/Lekki axis),2022-03-22,8.0
Eti-Osa (VI/Lekki axis),2022-03-23,1.2
Eti-Osa (VI/Lekki axis),2022-03-24,3.7
Eti-Osa (VI/Lekki axis),2022-03-25,0.3
Eti-Osa (VI/Lekki axis),2022-03-26,1.4
Eti-Osa (VI/Lekki axis),2022-03-27,1.7
Eti-Osa (VI/Lekki axis),2022-03-28,1.4
Eti-Osa (VI/Lekki axis),2022-03-29,2.2
Eti-Osa (VI/Lekki axis),2022-03-30,0.1
Eti-Osa (VI/Lekki axis),2022-03-31,0.4
Eti-Osa (VI/Lekki axis),2022-04-01,5.6
Eti-Osa (VI/Lekki axis),2022-04-02,2.8
Eti-Osa (VI/Lekki axis),2022-04-03,0.2
Eti-Osa (VI/Lekki axis),2022-04-04,0.8
Eti-Osa (VI/Lekki axis),2022-04-05,2.9
Eti-Osa (VI/Lekki axis),2022-04-06,0.3
Eti-Osa (VI/Lekki axis),2022-04-07,0.9
Eti-Osa (VI/Lekki axis),2022-04-08,1.0
Eti-Osa (VI/Lekki axis),2022-04-09,0.8
Eti-Osa (VI/Lekki axis),2022-04-10,0.0
Eti-Osa (VI/Lekki axis),2022-04-11,0.3
Eti-Osa (VI/Lekki axis),2022-04-12,10.1
Eti-Osa (VI/Lekki axis),2022-04-13,4.3
Eti-Osa (VI/Lekki axis),2022-04-14,0.4
Eti-Osa (VI/Lekki axis),2022-04-15,2.3
Eti-Osa (VI/Lekki axis),2022-04-16,12.8
Eti-Osa (VI/Lekki axis),2022-04-17,13.0
Eti-Osa (VI/Lekki axis),2022-04-18,4.5
Eti-Osa (VI/Lekki axis),2022-04-19,0.8
Eti-Osa (VI/Lekki axis),2022-04-20,0.5
Eti-Osa (VI/Lekki axis),2022-04-21,6.1
Eti-Osa (VI/Lekki axis),2022-04-22,0.0
Eti-Osa (VI/Lekki axis),2022-04-23,0.0
Eti-Osa (VI/Lekki axis),2022-04-24,0.7
Eti-Osa (VI/Lekki axis),2022-04-25,0.6
Eti-Osa (VI/Lekki axis),2022-04-26,3.8
Eti-Osa (VI/Lekki axis),2022-04-27,16.2
Eti-Osa (VI/Lekki axis),2022-04-28,4.1
Eti-Osa (VI/Lekki axis),2022-04-29,0.5
Eti-Osa (VI/Lekki axis),2022-04-30,3.0
Eti-Osa (VI/Lekki axis),2022-05-01,0.9
Eti-Osa (VI/Lekki axis),2022-05-02,1.4
Eti-Osa (VI/Lekki axis),2022-05-03,0.1
Eti-Osa (VI/Lekki axis),2022-05-04,9.6
Eti-Osa (VI/Lekki axis),2022-05-05,0.8
Eti-Osa (VI/Lekki axis),2022-05-06,8.5
Eti-Osa (VI/Lekki axis),2022-05-07,0.6
Eti-Osa (VI/Lekki axis),2022-05-08,1.0
Eti-Osa (VI/Lekki axis),2022-05-09,6.4
Eti-Osa (VI/Lekki axis),2022-05-10,1.6
Eti-Osa (VI/Lekki axis),2022-05-11,2.6
Eti-Osa (VI/Lekki axis),2022-05-12,0.7
Eti-Osa (VI/Lekki axis),2022-05-13,1.4
Eti-Osa (VI/Lekki axis),2022-05-14,0.4
Eti-Osa (VI/Lekki axis),2022-05-15,0.5
Eti-Osa (VI/Lekki axis),2022-05-16,1.5
Eti-Osa (VI/Lekki axis),2022-05-17,0.4
Eti-Osa (VI/Lekki axis),2022-05-18,2.0
Eti-Osa (VI/Lekki axis),2022-05-19,11.8
Eti-Osa (VI/Lekki axis),2022-05-20,1.8
Eti-Osa (VI/Lekki axis),2022-05-21,23.3
Eti-Osa (VI/Lekki axis),2022-05-22,17.2
Eti-Osa (VI/Lekki axis),2022-05-23,6.1
Eti-Osa (VI/Lekki axis),2022-05-24,0.3
Eti-Osa (VI/Lekki axis),2022-05-25,3.6
Eti-Osa (VI/Lekki axis),2022-05-26,11.7
Eti-Osa (VI/Lekki axis),2022-05-27,2.5
Eti-Osa (VI/Lekki axis),2022-05-28,2.0
Eti-Osa (VI/Lekki axis),2022-05-29,2.3
Eti-Osa (VI/Lekki axis),2022-05-30,2.8
Eti-Osa (VI/Lekki axis),2022-05-31,2.6
Eti-Osa (VI/Lekki axis),2022-06-01,0.4
Eti-Osa (VI/Lekki axis),2022-06-02,1.1
Eti-Osa (VI/Lekki axis),2022-06-03,9.1
Eti-Osa (VI/Lekki axis),2022-06-04,17.9
Eti-Osa (VI/Lekki axis),2022-06-05,21.7
Eti-Osa (VI/Lekki axis),2022-06-06,6.1
Eti-Osa (VI/Lekki axis),2022-06-07,5.3
Eti-Osa (VI/Lekki axis),2022-06-08,3.8
Eti-Osa (VI/Lekki axis),2022-06-09,2.7
Eti-Osa (VI/Lekki axis),2022-06-10,7.9
Eti-Osa (VI/Lekki axis),2022-06-11,7.5
Eti-Osa (VI/Lekki axis),2022-06-12,2.2
Eti-Osa (VI/Lekki axis),2022-06-13,4.6
Eti-Osa (VI/Lekki axis),2022-06-14,14.3
Eti-Osa (VI/Lekki axis),2022-06-15,26.5
Eti-Osa (VI/Lekki axis),2022-06-16,40.3
Eti-Osa (VI/Lekki axis),2022-06-17,9.2
Eti-Osa (VI/Lekki axis),2022-06-18,7.9
Eti-Osa (VI/Lekki axis),2022-06-19,0.5
Eti-Osa (VI/Lekki axis),2022-06-20,4.5
Eti-Osa (VI/Lekki axis),2022-06-21,11.3
Eti-Osa (VI/Lekki axis),2022-06-22,3.2
Eti-Osa (VI/Lekki axis),2022-06-23,0.6
Eti-Osa (VI/Lekki axis),2022-06-24,1.6
Eti-Osa (VI/Lekki axis),2022-06-25,0.3
Eti-Osa (VI/Lekki axis),2022-06-26,3.4
Eti-Osa (VI/Lekki axis),2022-06-27,3.2
Eti-Osa (VI/Lekki axis),2022-06-28,7.6
Eti-Osa (VI/Lekki axis),2022-06-29,5.7
Eti-Osa (VI/Lekki axis),2022-06-30,21.7
Eti-Osa (VI/Lekki axis),2022-07-01,11.5
Eti-Osa (VI/Lekki axis),2022-07-02,1.1
Eti-Osa (VI/Lekki axis),2022-07-03,0.5
Eti-Osa (VI/Lekki axis),2022-07-04,4.9
Eti-Osa (VI/Lekki axis),2022-07-05,8.7
Eti-Osa (VI/Lekki axis),2022-07-06,2.3
Eti-Osa (VI/Lekki axis),2022-07-07,0.7
Eti-Osa (VI/Lekki axis),2022-07-08,33.8
Eti-Osa (VI/Lekki axis),2022-07-09,11.7
Eti-Osa (VI/Lekki axis),2022-07-10,2.0
Eti-Osa (VI/Lekki axis),2022-07-11,3.8
Eti-Osa (VI/Lekki axis),2022-07-12,7.8
Eti-Osa (VI/Lekki axis),2022-07-13,1.7
Eti-Osa (VI/Lekki axis),2022-07-14,0.6
Eti-Osa (VI/Lekki axis),2022-07-15,1.9
Eti-Osa (VI/Lekki axis),2022-07-16,3.2
Eti-Osa (VI/Lekki axis),2022-07-17,5.8
Eti-Osa (VI/Lekki axis),2022-07-18,3.4
Eti-Osa (VI/Lekki axis),2022-07-19,0.6
Eti-Osa (VI/Lekki axis),2022-07-20,1.5
Eti-Osa (VI/Lekki axis),2022-07-21,0.8
Eti-Osa (VI/Lekki axis),2022-07-22,0.9
Eti-Osa (VI/Lekki axis),2022-07-23,2.9
Eti-Osa (VI/Lekki axis),2022-07-24,2.2
Eti-Osa (VI/Lekki axis),2022-07-25,1.3
Eti-Osa (VI/Lekki axis),2022-07-26,10.2
Eti-Osa (VI/Lekki axis),2022-07-27,1.5
Eti-Osa (VI/Lekki axis),2022-07-28,1.0
Eti-Osa (VI/Lekki axis),2022-07-29,1.1
Eti-Osa (VI/Lekki axis),2022-07-30,0.1
Eti-Osa (VI/Lekki axis),2022-07-31,0.6
Eti-Osa (VI/Lekki axis),2022-08-01,3.0
Eti-Osa (VI/Lekki axis),2022-08-02,0.2
Eti-Osa (VI/Lekki axis),2022-08-03,0.5
Eti-Osa (VI/Lekki axis),2022-08-04,0.2
Eti-Osa (VI/Lekki axis),2022-08-05,0.5
Eti-Osa (VI/Lekki axis),2022-08-06,0.9
Eti-Osa (VI/Lekki axis),2022-08-07,0.3
Eti-Osa (VI/Lekki axis),2022-08-08,0.2
Eti-Osa (VI/Lekki axis),2022-08-09,0.5
Eti-Osa (VI/Lekki axis),2022-08-10,0.6
Eti-Osa (VI/Lekki axis),2022-08-11,9.4
Eti-Osa (VI/Lekki axis),2022-08-12,1.8
Eti-Osa (VI/Lekki axis),2022-08-13,0.2
Eti-Osa (VI/Lekki axis),2022-08-14,2.3
Eti-Osa (VI/Lekki axis),2022-08-15,4.7
Eti-Osa (VI/Lekki axis),2022-08-16,3.5
Eti-Osa (VI/Lekki axis),2022-08-17,0.3
Eti-Osa (VI/Lekki axis),2022-08-18,0.4
Eti-Osa (VI/Lekki axis),2022-08-19,12.5
Eti-Osa (VI/Lekki axis),2022-08-20,4.8
Eti-Osa (VI/Lekki axis),2022-08-21,0.3
Eti-Osa (VI/Lekki axis),2022-08-22,2.4
Eti-Osa (VI/Lekki axis),2022-08-23,19.8
Eti-Osa (VI/Lekki axis),2022-08-24,2.2
Eti-Osa (VI/Lekki axis),2022-08-25,1.0
Eti-Osa (VI/Lekki axis),2022-08-26,17.8
Eti-Osa (VI/Lekki axis),2022-08-27,7.0
Eti-Osa (VI/Lekki axis),2022-08-28,3.4
Eti-Osa (VI/Lekki axis),2022-08-29,2.5
Eti-Osa (VI/Lekki axis),2022-08-30,9.8
Eti-Osa (VI/Lekki axis),2022-08-31,2.6
Eti-Osa (VI/Lekki axis),2022-09-01,0.5
Eti-Osa (VI/Lekki axis),2022-09-02,3.9
Eti-Osa (VI/Lekki axis),2022-09-03,1.0
Eti-Osa (VI/Lekki axis),2022-09-04,2.3
Eti-Osa (VI/Lekki axis),2022-09-05,1.9
Eti-Osa (VI/Lekki axis),2022-09-06,1.1
Eti-Osa (VI/Lekki axis),2022-09-07,0.9
Eti-Osa (VI/Lekki axis),2022-09-08,1.4
Eti-Osa (VI/Lekki axis),2022-09-09,1.9
Eti-Osa (VI/Lekki axis),2022-09-10,0.9
Eti-Osa (VI/Lekki axis),2022-09-11,2.5
Eti-Osa (VI/Lekki axis),2022-09-12,19.9
Eti-Osa (VI/Lekki axis),2022-09-13,2.0
Eti-Osa (VI/Lekki axis),2022-09-14,0.6
Eti-Osa (VI/Lekki axis),2022-09-15,0.8
Eti-Osa (VI/Lekki axis),2022-09-16,4.1
Eti-Osa (VI/Lekki axis),2022-09-17,1.2
Eti-Osa (VI/Lekki axis),2022-09-18,4.0
Eti-Osa (VI/Lekki axis),2022-09-19,28.0
Eti-Osa (VI/Lekki axis),2022-09-20,3.4
Eti-Osa (VI/Lekki axis),2022-09-21,4.0
Eti-Osa (VI/Lekki axis),2022-09-22,6.8
Eti-Osa (VI/Lekki axis),2022-09-23,0.5
Eti-Osa (VI/Lekki axis),2022-09-24,3.5
Eti-Osa (VI/Lekki axis),2022-09-25,4.8
Eti-Osa (VI/Lekki axis),2022-09-26,11.3
Eti-Osa (VI/Lekki axis),2022-09-27,6.1
Eti-Osa (VI/Lekki axis),2022-09-28,13.8
Eti-Osa (VI/Lekki axis),2022-09-29,2.0
Eti-Osa (VI/Lekki axis),2022-09-30,3.4
Eti-Osa (VI/Lekki axis),2022-10-01,2.4
Eti-Osa (VI/Lekki axis),2022-10-02,1.6
Eti-Osa (VI/Lekki axis),2022-10-03,0.0
Eti-Osa (VI/Lekki axis),2022-10-04,1.2
Eti-Osa (VI/Lekki axis),2022-10-05,1.6
Eti-Osa (VI/Lekki axis),2022-10-06,6.2
Eti-Osa (VI/Lekki axis),2022-10-07,7.3
Eti-Osa (VI/Lekki axis),2022-10-08,0.6
Eti-Osa (VI/Lekki axis),2022-10-09,28.8
Eti-Osa (VI/Lekki axis),2022-10-10,13.6
Eti-Osa (VI/Lekki axis),2022-10-11,0.9
Eti-Osa (VI/Lekki axis),2022-10-12,4.2
Eti-Osa (VI/Lekki axis),2022-10-13,14.4
Eti-Osa (VI/Lekki axis),2022-10-14,0.3
Eti-Osa (VI/Lekki axis),2022-10-15,11.7
Eti-Osa (VI/Lekki axis),2022-10-16,1.3
Eti-Osa (VI/Lekki axis),2022-10-17,1.3
Eti-Osa (VI/Lekki axis),2022-10-18,1.3
Eti-Osa (VI/Lekki axis),2022-10-19,0.7
Eti-Osa (VI/Lekki axis),2022-10-20,3.6
Eti-Osa (VI/Lekki axis),2022-10-21,1.9
Eti-Osa (VI/Lekki axis),2022-10-22,0.6
Eti-Osa (VI/Lekki axis),2022-10-23,2.3
Eti-Osa (VI/Lekki axis),2022-10-24,1.6
Eti-Osa (VI/Lekki axis),2022-10-25,7.6
Eti-Osa (VI/Lekki axis),2022-10-26,0.5
Eti-Osa (VI/Lekki axis),2022-10-27,1.5
Eti-Osa (VI/Lekki axis),2022-10-28,2.0
Eti-Osa (VI/Lekki axis),2022-10-29,0.6
Eti-Osa (VI/Lekki axis),2022-10-30,0.8
Eti-Osa (VI/Lekki axis),2022-10-31,1.1
Eti-Osa (VI/Lekki axis),2022-11-01,1.0
Eti-Osa (VI/Lekki axis),2022-11-02,0.4
Eti-Osa (VI/Lekki axis),2022-11-03,1.2
Eti-Osa (VI/Lekki axis),2022-11-04,2.6
Eti-Osa (VI/Lekki axis),2022-11-05,1.3
Eti-Osa (VI/Lekki axis),2022-11-06,2.0
Eti-Osa (VI/Lekki axis),2022-11-07,1.1
Eti-Osa (VI/Lekki axis),2022-11-08,0.4
Eti-Osa (VI/Lekki axis),2022-11-09,2.2
Eti-Osa (VI/Lekki axis),2022-11-10,0.8
Eti-Osa (VI/Lekki axis),2022-11-11,3.3
Eti-Osa (VI/Lekki axis),2022-11-12,3.6
Eti-Osa (VI/Lekki axis),2022-11-13,1.7
Eti-Osa (VI/Lekki axis),2022-11-14,0.4
Eti-Osa (VI/Lekki axis),2022-11-15,2.3
Eti-Osa (VI/Lekki axis),2022-11-16,0.1
Eti-Osa (VI/Lekki axis),2022-11-17,1.5
Eti-Osa (VI/Lekki axis),2022-11-18,0.8
Eti-Osa (VI/Lekki axis),2022-11-19,1.0
Eti-Osa (VI/Lekki axis),2022-11-20,0.6
Eti-Osa (VI/Lekki axis),2022-11-21,0.8
Eti-Osa (VI/Lekki axis),2022-11-22,2.4
Eti-Osa (VI/Lekki axis),2022-11-23,2.6
Eti-Osa (VI/Lekki axis),2022-11-24,0.1
Eti-Osa (VI/Lekki axis),2022-11-25,0.0
Eti-Osa (VI/Lekki axis),2022-11-26,1.1
Eti-Osa (VI/Lekki axis),2022-11-27,1.2
Eti-Osa (VI/Lekki axis),2022-11-28,1.3
Eti-Osa (VI/Lekki axis),2022-11-29,2.4
Eti-Osa (VI/Lekki axis),2022-11-30,0.6
Eti-Osa (VI/Lekki axis),2022-12-01,0.1
Eti-Osa (VI/Lekki axis),2022-12-02,0.5
Eti-Osa (VI/Lekki axis),2022-12-03,1.5
Eti-Osa (VI/Lekki axis),2022-12-04,0.4
Eti-Osa (VI/Lekki axis),2022-12-05,0.9
Eti-Osa (VI/Lekki axis),2022-12-06,0.4
Eti-Osa (VI/Lekki axis),2022-12-07,0.5
Eti-Osa (VI/Lekki axis),2022-12-08,0.6
Eti-Osa (VI/Lekki axis),2022-12-09,0.0
Eti-Osa (VI/Lekki axis),2022-12-10,0.0
Eti-Osa (VI/Lekki axis),2022-12-11,0.0
Eti-Osa (VI/Lekki axis),2022-12-12,0.1
Eti-Osa (VI/Lekki axis),2022-12-13,0.2
Eti-Osa (VI/Lekki axis),2022-12-14,0.2
Eti-Osa (VI/Lekki axis),2022-12-15,2.4
Eti-Osa (VI/Lekki axis),2022-12-16,0.4
Eti-Osa (VI/Lekki axis),2022-12-17,0.8
Eti-Osa (VI/Lekki axis),2022-12-18,0.4
Eti-Osa (VI/Lekki axis),2022-12-19,0.0
Eti-Osa (VI/Lekki axis),2022-12-20,0.0
Eti-Osa (VI/Lekki axis),2022-12-21,0.0
Eti-Osa (VI/Lekki axis),2022-12-22,0.3
Eti-Osa (VI/Lekki axis),2022-12-23,0.0
Eti-Osa (VI/Lekki axis),2022-12-24,0.0
Eti-Osa (VI/Lekki axis),2022-12-25,0.0
Eti-Osa (VI/Lekki axis),2022-12-26,0.0
Eti-Osa (VI/Lekki axis),2022-12-27,0.0
Eti-Osa (VI/Lekki axis),2022-12-28,0.0
Eti-Osa (VI/Lekki axis),2022-12-29,0.0
Eti-Osa (VI/Lekki axis),2022-12-30,0.0
Eti-Osa (VI/Lekki axis),2022-12-31,0.0
Eti-Osa (VI/Lekki axis),2023-01-01,0.0
Eti-Osa (VI/Lekki axis),2023-01-02,0.0
Eti-Osa (VI/Lekki axis),2023-01-03,0.0
Eti-Osa (VI/Lekki axis),2023-01-04,0.0
Eti-Osa (VI/Lekki axis),2023-01-05,0.0
Eti-Osa (VI/Lekki axis),2023-01-06,0.0
Eti-Osa (VI/Lekki axis),2023-01-07,0.0
Eti-Osa (VI/Lekki axis),2023-01-08,0.0
Eti-Osa (VI/Lekki axis),2023-01-09,0.0
Eti-Osa (VI/Lekki axis),2023-01-10,0.0
Eti-Osa (VI/Lekki axis),2023-01-11,0.0
Eti-Osa (VI/Lekki axis),2023-01-12,0.0
Eti-Osa (VI/Lekki axis),2023-01-13,0.0
Eti-Osa (VI/Lekki axis),2023-01-14,0.0
Eti-Osa (VI/Lekki axis),2023-01-15,0.2
Eti-Osa (VI/Lekki axis),2023-01-16,0.0
Eti-Osa (VI/Lekki axis),2023-01-17,0.0
Eti-Osa (VI/Lekki axis),2023-01-18,0.0
Eti-Osa (VI/Lekki axis),2023-01-19,0.0
Eti-Osa (VI/Lekki axis),2023-01-20,0.4
Eti-Osa (VI/Lekki axis),2023-01-21,0.9
Eti-Osa (VI/Lekki axis),2023-01-22,1.8
Eti-Osa (VI/Lekki axis),2023-01-23,0.8
Eti-Osa (VI/Lekki axis),2023-01-24,0.6
Eti-Osa (VI/Lekki axis),2023-01-25,0.6
Eti-Osa (VI/Lekki axis),2023-01-26,1.9
Eti-Osa (VI/Lekki axis),2023-01-27,0.8
Eti-Osa (VI/Lekki axis),2023-01-28,2.7
Eti-Osa (VI/Lekki axis),2023-01-29,1.4
Eti-Osa (VI/Lekki axis),2023-01-30,0.1
Eti-Osa (VI/Lekki axis),2023-01-31,1.9
Eti-Osa (VI/Lekki axis),2023-02-01,0.0
Eti-Osa (VI/Lekki axis),2023-02-02,1.5
Eti-Osa (VI/Lekki axis),2023-02-03,0.5
Eti-Osa (VI/Lekki axis),2023-02-04,0.6
Eti-Osa (VI/Lekki axis),2023-02-05,0.7
Eti-Osa (VI/Lekki axis),2023-02-06,1.4
Eti-Osa (VI/Lekki axis),2023-02-07,0.3
Eti-Osa (VI/Lekki axis),2023-02-08,0.9
Eti-Osa (VI/Lekki axis),2023-02-09,0.9
Eti-Osa (VI/Lekki axis),2023-02-10,0.7
Eti-Osa (VI/Lekki axis),2023-02-11,0.6
Eti-Osa (VI/Lekki axis),2023-02-12,1.4
Eti-Osa (VI/Lekki axis),2023-02-13,0.1
Eti-Osa (VI/Lekki axis),2023-02-14,0.1
Eti-Osa (VI/Lekki axis),2023-02-15,0.0
Eti-Osa (VI/Lekki axis),2023-02-16,0.0
Eti-Osa (VI/Lekki axis),2023-02-17,0.0
Eti-Osa (VI/Lekki axis),2023-02-18,0.0
Eti-Osa (VI/Lekki axis),2023-02-19,0.0
Eti-Osa (VI/Lekki axis),2023-02-20,0.0
Eti-Osa (VI/Lekki axis),2023-02-21,0.0
Eti-Osa (VI/Lekki axis),2023-02-22,0.4
Eti-Osa (VI/Lekki axis),2023-02-23,0.7
Eti-Osa (VI/Lekki axis),2023-02-24,1.6
Eti-Osa (VI/Lekki axis),2023-02-25,0.4
Eti-Osa (VI/Lekki axis),2023-02-26,0.2
Eti-Osa (VI/Lekki axis),2023-02-27,0.0
Eti-Osa (VI/Lekki axis),2023-02-28,0.0
Eti-Osa (VI/Lekki axis),2023-03-01,0.4
Eti-Osa (VI/Lekki axis),2023-03-02,1.1
Eti-Osa (VI/Lekki axis),2023-03-03,6.7
Eti-Osa (VI/Lekki axis),2023-03-04,3.3
Eti-Osa (VI/Lekki axis),2023-03-05,0.0
Eti-Osa (VI/Lekki axis),2023-03-06,5.0
Eti-Osa (VI/Lekki axis),2023-03-07,0.8
Eti-Osa (VI/Lekki axis),2023-03-08,0.5
Eti-Osa (VI/Lekki axis),2023-03-09,4.3
Eti-Osa (VI/Lekki axis),2023-03-10,0.2
Eti-Osa (VI/Lekki axis),2023-03-11,0.2
Eti-Osa (VI/Lekki axis),2023-03-12,0.6
Eti-Osa (VI/Lekki axis),2023-03-13,0.3
Eti-Osa (VI/Lekki axis),2023-03-14,0.5
Eti-Osa (VI/Lekki axis),2023-03-15,3.4
Eti-Osa (VI/Lekki axis),2023-03-16,14.1
Eti-Osa (VI/Lekki axis),2023-03-17,0.7
Eti-Osa (VI/Lekki axis),2023-03-18,2.4
Eti-Osa (VI/Lekki axis),2023-03-19,7.8
Eti-Osa (VI/Lekki axis),2023-03-20,0.3
Eti-Osa (VI/Lekki axis),2023-03-21,4.1
Eti-Osa (VI/Lekki axis),2023-03-22,0.5
Eti-Osa (VI/Lekki axis),2023-03-23,1.4
Eti-Osa (VI/Lekki axis),2023-03-24,0.0
Eti-Osa (VI/Lekki axis),2023-03-25,1.8
Eti-Osa (VI/Lekki axis),2023-03-26,1.2
Eti-Osa (VI/Lekki axis),2023-03-27,0.0
Eti-Osa (VI/Lekki axis),2023-03-28,0.1
Eti-Osa (VI/Lekki axis),2023-03-29,0.2
Eti-Osa (VI/Lekki axis),2023-03-30,0.5
Eti-Osa (VI/Lekki axis),2023-03-31,10.8
Eti-Osa (VI/Lekki axis),2023-04-01,0.2
Eti-Osa (VI/Lekki axis),2023-04-02,0.3
Eti-Osa (VI/Lekki axis),2023-04-03,2.7
Eti-Osa (VI/Lekki axis),2023-04-04,15.0
Eti-Osa (VI/Lekki axis),2023-04-05,0.2
Eti-Osa (VI/Lekki axis),2023-04-06,0.2
Eti-Osa (VI/Lekki axis),2023-04-07,0.8
Eti-Osa (VI/Lekki axis),2023-04-08,3.7
Eti-Osa (VI/Lekki axis),2023-04-09,7.2
Eti-Osa (VI/Lekki axis),2023-04-10,0.0
Eti-Osa (VI/Lekki axis),2023-04-11,0.8
Eti-Osa (VI/Lekki axis),2023-04-12,1.5
Eti-Osa (VI/Lekki axis),2023-04-13,0.5
Eti-Osa (VI/Lekki axis),2023-04-14,1.0
Eti-Osa (VI/Lekki axis),2023-04-15,3.3
Eti-Osa (VI/Lekki axis),2023-04-16,1.4
Eti-Osa (VI/Lekki axis),2023-04-17,6.0
Eti-Osa (VI/Lekki axis),2023-04-18,0.2
Eti-Osa (VI/Lekki axis),2023-04-19,1.7
Eti-Osa (VI/Lekki axis),2023-04-20,1.1
Eti-Osa (VI/Lekki axis),2023-04-21,0.9
Eti-Osa (VI/Lekki axis),2023-04-22,0.8
Eti-Osa (VI/Lekki axis),2023-04-23,8.8
Eti-Osa (VI/Lekki axis),2023-04-24,2.8
Eti-Osa (VI/Lekki axis),2023-04-25,0.2
Eti-Osa (VI/Lekki axis),2023-04-26,1.5
Eti-Osa (VI/Lekki axis),2023-04-27,14.1
Eti-Osa (VI/Lekki axis),2023-04-28,1.0
Eti-Osa (VI/Lekki axis),2023-04-29,18.8
Eti-Osa (VI/Lekki axis),2023-04-30,2.2
Eti-Osa (VI/Lekki axis),2023-05-01,4.6
Eti-Osa (VI/Lekki axis),2023-05-02,0.9
Eti-Osa (VI/Lekki axis),2023-05-03,0.8
Eti-Osa (VI/Lekki axis),2023-05-04,1.2
Eti-Osa (VI/Lekki axis),2023-05-05,0.0
Eti-Osa (VI/Lekki axis),2023-05-06,0.2
Eti-Osa (VI/Lekki axis),2023-05-07,0.3
Eti-Osa (VI/Lekki axis),2023-05-08,2.9
Eti-Osa (VI/Lekki axis),2023-05-09,1.6
Eti-Osa (VI/Lekki axis),2023-05-10,0.6
Eti-Osa (VI/Lekki axis),2023-05-11,2.0
Eti-Osa (VI/Lekki axis),2023-05-12,1.1
Eti-Osa (VI/Lekki axis),2023-05-13,0.7
Eti-Osa (VI/Lekki axis),2023-05-14,6.6
Eti-Osa (VI/Lekki axis),2023-05-15,30.4
Eti-Osa (VI/Lekki axis),2023-05-16,1.6
Eti-Osa (VI/Lekki axis),2023-05-17,1.5
Eti-Osa (VI/Lekki axis),2023-05-18,3.6
Eti-Osa (VI/Lekki axis),2023-05-19,1.6
Eti-Osa (VI/Lekki axis),2023-05-20,1.9
Eti-Osa (VI/Lekki axis),2023-05-21,11.3
Eti-Osa (VI/Lekki axis),2023-05-22,1.6
Eti-Osa (VI/Lekki axis),2023-05-23,2.1
Eti-Osa (VI/Lekki axis),2023-05-24,1.8
Eti-Osa (VI/Lekki axis),2023-05-25,1.4
Eti-Osa (VI/Lekki axis),2023-05-26,1.6
Eti-Osa (VI/Lekki axis),2023-05-27,2.2
Eti-Osa (VI/Lekki axis),2023-05-28,4.1
Eti-Osa (VI/Lekki axis),2023-05-29,3.1
Eti-Osa (VI/Lekki axis),2023-05-30,0.7
Eti-Osa (VI/Lekki axis),2023-05-31,2.2
Eti-Osa (VI/Lekki axis),2023-06-01,3.8
Eti-Osa (VI/Lekki axis),2023-06-02,8.8
Eti-Osa (VI/Lekki axis),2023-06-03,8.0
Eti-Osa (VI/Lekki axis),2023-06-04,2.4
Eti-Osa (VI/Lekki axis),2023-06-05,4.2
Eti-Osa (VI/Lekki axis),2023-06-06,25.7
Eti-Osa (VI/Lekki axis),2023-06-07,13.8
Eti-Osa (VI/Lekki axis),2023-06-08,9.3
Eti-Osa (VI/Lekki axis),2023-06-09,10.1
Eti-Osa (VI/Lekki axis),2023-06-10,5.9
Eti-Osa (VI/Lekki axis),2023-06-11,12.1
Eti-Osa (VI/Lekki axis),2023-06-12,0.7
Eti-Osa (VI/Lekki axis),2023-06-13,0.2
Eti-Osa (VI/Lekki axis),2023-06-14,2.5
Eti-Osa (VI/Lekki axis),2023-06-15,22.3
Eti-Osa (VI/Lekki axis),2023-06-16,3.6
Eti-Osa (VI/Lekki axis),2023-06-17,2.2
Eti-Osa (VI/Lekki axis),2023-06-18,3.8
Eti-Osa (VI/Lekki axis),2023-06-19,10.1
Eti-Osa (VI/Lekki axis),2023-06-20,19.7
Eti-Osa (VI/Lekki axis),2023-06-21,23.4
Eti-Osa (VI/Lekki axis),2023-06-22,19.2
Eti-Osa (VI/Lekki axis),2023-06-23,8.4
Eti-Osa (VI/Lekki axis),2023-06-24,22.3
Eti-Osa (VI/Lekki axis),2023-06-25,9.0
Eti-Osa (VI/Lekki axis),2023-06-26,0.0
Eti-Osa (VI/Lekki axis),2023-06-27,0.1
Eti-Osa (VI/Lekki axis),2023-06-28,19.0
Eti-Osa (VI/Lekki axis),2023-06-29,3.2
Eti-Osa (VI/Lekki axis),2023-06-30,1.4
Eti-Osa (VI/Lekki axis),2023-07-01,5.1
Eti-Osa (VI/Lekki axis),2023-07-02,6.1
Eti-Osa (VI/Lekki axis),2023-07-03,0.9
Eti-Osa (VI/Lekki axis),2023-07-04,10.5
Eti-Osa (VI/Lekki axis),2023-07-05,1.2
Eti-Osa (VI/Lekki axis),2023-07-06,0.8
Eti-Osa (VI/Lekki axis),2023-07-07,14.8
Eti-Osa (VI/Lekki axis),2023-07-08,13.4
Eti-Osa (VI/Lekki axis),2023-07-09,27.2
Eti-Osa (VI/Lekki axis),2023-07-10,1.5
Eti-Osa (VI/Lekki axis),2023-07-11,0.9
Eti-Osa (VI/Lekki axis),2023-07-12,30.3
Eti-Osa (VI/Lekki axis),2023-07-13,2.4
Eti-Osa (VI/Lekki axis),2023-07-14,1.3
Eti-Osa (VI/Lekki axis),2023-07-15,0.6
Eti-Osa (VI/Lekki axis),2023-07-16,7.0
Eti-Osa (VI/Lekki axis),2023-07-17,4.7
Eti-Osa (VI/Lekki axis),2023-07-18,4.4
Eti-Osa (VI/Lekki axis),2023-07-19,1.2
Eti-Osa (VI/Lekki axis),2023-07-20,3.9
Eti-Osa (VI/Lekki axis),2023-07-21,4.6
Eti-Osa (VI/Lekki axis),2023-07-22,6.8
Eti-Osa (VI/Lekki axis),2023-07-23,40.4
Eti-Osa (VI/Lekki axis),2023-07-24,12.3
Eti-Osa (VI/Lekki axis),2023-07-25,0.5
Eti-Osa (VI/Lekki axis),2023-07-26,1.4
Eti-Osa (VI/Lekki axis),2023-07-27,0.4
Eti-Osa (VI/Lekki axis),2023-07-28,2.2
Eti-Osa (VI/Lekki axis),2023-07-29,10.8
Eti-Osa (VI/Lekki axis),2023-07-30,2.6
Eti-Osa (VI/Lekki axis),2023-07-31,12.4
Eti-Osa (VI/Lekki axis),2023-08-01,15.9
Eti-Osa (VI/Lekki axis),2023-08-02,3.0
Eti-Osa (VI/Lekki axis),2023-08-03,1.8
Eti-Osa (VI/Lekki axis),2023-08-04,1.4
Eti-Osa (VI/Lekki axis),2023-08-05,2.0
Eti-Osa (VI/Lekki axis),2023-08-06,1.1
Eti-Osa (VI/Lekki axis),2023-08-07,1.3
Eti-Osa (VI/Lekki axis),2023-08-08,14.4
Eti-Osa (VI/Lekki axis),2023-08-09,6.3
Eti-Osa (VI/Lekki axis),2023-08-10,3.1
Eti-Osa (VI/Lekki axis),2023-08-11,0.6
Eti-Osa (VI/Lekki axis),2023-08-12,2.2
Eti-Osa (VI/Lekki axis),2023-08-13,0.7
Eti-Osa (VI/Lekki axis),2023-08-14,14.9
Eti-Osa (VI/Lekki axis),2023-08-15,2.2
Eti-Osa (VI/Lekki axis),2023-08-16,6.5
Eti-Osa (VI/Lekki axis),2023-08-17,9.4
Eti-Osa (VI/Lekki axis),2023-08-18,9.0
Eti-Osa (VI/Lekki axis),2023-08-19,10.7
Eti-Osa (VI/Lekki axis),2023-08-20,2.0
Eti-Osa (VI/Lekki axis),2023-08-21,0.5
Eti-Osa (VI/Lekki axis),2023-08-22,0.7
Eti-Osa (VI/Lekki axis),2023-08-23,6.9
Eti-Osa (VI/Lekki axis),2023-08-24,3.8
Eti-Osa (VI/Lekki axis),2023-08-25,0.7
Eti-Osa (VI/Lekki axis),2023-08-26,1.3
Eti-Osa (VI/Lekki axis),2023-08-27,5.5
Eti-Osa (VI/Lekki axis),2023-08-28,10.3
Eti-Osa (VI/Lekki axis),2023-08-29,1.2
Eti-Osa (VI/Lekki axis),2023-08-30,7.0
Eti-Osa (VI/Lekki axis),2023-08-31,4.3
Eti-Osa (VI/Lekki axis),2023-09-01,3.8
Eti-Osa (VI/Lekki axis),2023-09-02,6.2
Eti-Osa (VI/Lekki axis),2023-09-03,23.2
Eti-Osa (VI/Lekki axis),2023-09-04,2.6
Eti-Osa (VI/Lekki axis),2023-09-05,7.1
Eti-Osa (VI/Lekki axis),2023-09-06,1.4
Eti-Osa (VI/Lekki axis),2023-09-07,0.7
Eti-Osa (VI/Lekki axis),2023-09-08,6.2
Eti-Osa (VI/Lekki axis),2023-09-09,23.3
Eti-Osa (VI/Lekki axis),2023-09-10,0.6
Eti-Osa (VI/Lekki axis),2023-09-11,1.5
Eti-Osa (VI/Lekki axis),2023-09-12,4.8
Eti-Osa (VI/Lekki axis),2023-09-13,5.2
Eti-Osa (VI/Lekki axis),2023-09-14,6.8
Eti-Osa (VI/Lekki axis),2023-09-15,3.4
Eti-Osa (VI/Lekki axis),2023-09-16,44.1
Eti-Osa (VI/Lekki axis),2023-09-17,1.4
Eti-Osa (VI/Lekki axis),2023-09-18,1.8
Eti-Osa (VI/Lekki axis),2023-09-19,1.9
Eti-Osa (VI/Lekki axis),2023-09-20,0.3
Eti-Osa (VI/Lekki axis),2023-09-21,0.4
Eti-Osa (VI/Lekki axis),2023-09-22,11.1
Eti-Osa (VI/Lekki axis),2023-09-23,2.5
Eti-Osa (VI/Lekki axis),2023-09-24,42.6
Eti-Osa (VI/Lekki axis),2023-09-25,1.4
Eti-Osa (VI/Lekki axis),2023-09-26,1.7
Eti-Osa (VI/Lekki axis),2023-09-27,0.4
Eti-Osa (VI/Lekki axis),2023-09-28,0.8
Eti-Osa (VI/Lekki axis),2023-09-29,9.8
Eti-Osa (VI/Lekki axis),2023-09-30,3.0
Eti-Osa (VI/Lekki axis),2023-10-01,1.0
Eti-Osa (VI/Lekki axis),2023-10-02,1.4
Eti-Osa (VI/Lekki axis),2023-10-03,2.5
Eti-Osa (VI/Lekki axis),2023-10-04,4.0
Eti-Osa (VI/Lekki axis),2023-10-05,19.5
Eti-Osa (VI/Lekki axis),2023-10-06,1.4
Eti-Osa (VI/Lekki axis),2023-10-07,16.2
Eti-Osa (VI/Lekki axis),2023-10-08,6.2
Eti-Osa (VI/Lekki axis),2023-10-09,1.8
Eti-Osa (VI/Lekki axis),2023-10-10,0.3
Eti-Osa (VI/Lekki axis),2023-10-11,3.9
Eti-Osa (VI/Lekki axis),2023-10-12,18.2
Eti-Osa (VI/Lekki axis),2023-10-13,2.5
Eti-Osa (VI/Lekki axis),2023-10-14,3.1
Eti-Osa (VI/Lekki axis),2023-10-15,1.3
Eti-Osa (VI/Lekki axis),2023-10-16,4.1
Eti-Osa (VI/Lekki axis),2023-10-17,12.8
Eti-Osa (VI/Lekki axis),2023-10-18,0.0
Eti-Osa (VI/Lekki axis),2023-10-19,6.1
Eti-Osa (VI/Lekki axis),2023-10-20,0.3
Eti-Osa (VI/Lekki axis),2023-10-21,0.5
Eti-Osa (VI/Lekki axis),2023-10-22,0.9
Eti-Osa (VI/Lekki axis),2023-10-23,2.5
Eti-Osa (VI/Lekki axis),2023-10-24,0.9
Eti-Osa (VI/Lekki axis),2023-10-25,2.5
Eti-Osa (VI/Lekki axis),2023-10-26,2.0
Eti-Osa (VI/Lekki axis),2023-10-27,0.4
Eti-Osa (VI/Lekki axis),2023-10-28,0.6
Eti-Osa (VI/Lekki axis),2023-10-29,0.9
Eti-Osa (VI/Lekki axis),2023-10-30,4.0
Eti-Osa (VI/Lekki axis),2023-10-31,0.0
Eti-Osa (VI/Lekki axis),2023-11-01,0.4
Eti-Osa (VI/Lekki axis),2023-11-02,1.6
Eti-Osa (VI/Lekki axis),2023-11-03,0.7
Eti-Osa (VI/Lekki axis),2023-11-04,3.9
Eti-Osa (VI/Lekki axis),2023-11-05,1.9
Eti-Osa (VI/Lekki axis),2023-11-06,4.8
Eti-Osa (VI/Lekki axis),2023-11-07,1.1
Eti-Osa (VI/Lekki axis),2023-11-08,2.4
Eti-Osa (VI/Lekki axis),2023-11-09,0.8
Eti-Osa (VI/Lekki axis),2023-11-10,0.6
Eti-Osa (VI/Lekki axis),2023-11-11,3.5
Eti-Osa (VI/Lekki axis),2023-11-12,1.2
Eti-Osa (VI/Lekki axis),2023-11-13,2.6
Eti-Osa (VI/Lekki axis),2023-11-14,0.3
Eti-Osa (VI/Lekki axis),2023-11-15,3.3
Eti-Osa (VI/Lekki axis),2023-11-16,0.0
Eti-Osa (VI/Lekki axis),2023-11-17,0.5
Eti-Osa (VI/Lekki axis),2023-11-18,0.8
Eti-Osa (VI/Lekki axis),2023-11-19,0.3
Eti-Osa (VI/Lekki axis),2023-11-20,0.6
Eti-Osa (VI/Lekki axis),2023-11-21,0.1
Eti-Osa (VI/Lekki axis),2023-11-22,2.4
Eti-Osa (VI/Lekki axis),2023-11-23,0.6
Eti-Osa (VI/Lekki axis),2023-11-24,4.8
Eti-Osa (VI/Lekki axis),2023-11-25,4.3
Eti-Osa (VI/Lekki axis),2023-11-26,17.4
Eti-Osa (VI/Lekki axis),2023-11-27,0.0
Eti-Osa (VI/Lekki axis),2023-11-28,1.3
Eti-Osa (VI/Lekki axis),2023-11-29,0.5
Eti-Osa (VI/Lekki axis),2023-11-30,0.5
Eti-Osa (VI/Lekki axis),2023-12-01,1.3
Eti-Osa (VI/Lekki axis),2023-12-02,1.8
Eti-Osa (VI/Lekki axis),2023-12-03,1.2
Eti-Osa (VI/Lekki axis),2023-12-04,0.1
Eti-Osa (VI/Lekki axis),2023-12-05,0.1
Eti-Osa (VI/Lekki axis),2023-12-06,1.2
Eti-Osa (VI/Lekki axis),2023-12-07,0.8
Eti-Osa (VI/Lekki axis),2023-12-08,0.8
Eti-Osa (VI/Lekki axis),2023-12-09,1.0
Eti-Osa (VI/Lekki axis),2023-12-10,1.7
Eti-Osa (VI/Lekki axis),2023-12-11,0.2
Eti-Osa (VI/Lekki axis),2023-12-12,1.2
Eti-Osa (VI/Lekki axis),2023-12-13,0.0
Eti-Osa (VI/Lekki axis),2023-12-14,0.0
Eti-Osa (VI/Lekki axis),2023-12-15,0.0
Eti-Osa (VI/Lekki axis),2023-12-16,0.0
Eti-Osa (VI/Lekki axis),2023-12-17,0.0
Eti-Osa (VI/Lekki axis),2023-12-18,0.0
Eti-Osa (VI/Lekki axis),2023-12-19,0.0
Eti-Osa (VI/Lekki axis),2023-12-20,0.0
Eti-Osa (VI/Lekki axis),2023-12-21,0.0
Eti-Osa (VI/Lekki axis),2023-12-22,0.0
Eti-Osa (VI/Lekki axis),2023-12-23,0.0
Eti-Osa (VI/Lekki axis),2023-12-24,0.0
Eti-Osa (VI/Lekki axis),2023-12-25,0.0
Eti-Osa (VI/Lekki axis),2023-12-26,0.0
Eti-Osa (VI/Lekki axis),2023-12-27,0.0
Eti-Osa (VI/Lekki axis),2023-12-28,0.0
Eti-Osa (VI/Lekki axis),2023-12-29,0.0
Eti-Osa (VI/Lekki axis),2023-12-30,0.1
Eti-Osa (VI/Lekki axis),2023-12-31,0.1
Eti-Osa (VI/Lekki axis),2024-01-01,1.1
Eti-Osa (VI/Lekki axis),2024-01-02,0.4
Eti-Osa (VI/Lekki axis),2024-01-03,0.7
Eti-Osa (VI/Lekki axis),2024-01-04,0.1
Eti-Osa (VI/Lekki axis),2024-01-05,0.7
Eti-Osa (VI/Lekki axis),2024-01-06,1.0
Eti-Osa (VI/Lekki axis),2024-01-07,0.1
Eti-Osa (VI/Lekki axis),2024-01-08,0.3
Eti-Osa (VI/Lekki axis),2024-01-09,0.7
Eti-Osa (VI/Lekki axis),2024-01-10,2.0
Eti-Osa (VI/Lekki axis),2024-01-11,0.0
Eti-Osa (VI/Lekki axis),2024-01-12,0.3
Eti-Osa (VI/Lekki axis),2024-01-13,0.1
Eti-Osa (VI/Lekki axis),2024-01-14,1.2
Eti-Osa (VI/Lekki axis),2024-01-15,0.1
Eti-Osa (VI/Lekki axis),2024-01-16,0.0
Eti-Osa (VI/Lekki axis),2024-01-17,0.0
Eti-Osa (VI/Lekki axis),2024-01-18,0.0
Eti-Osa (VI/Lekki axis),2024-01-19,0.0
Eti-Osa (VI/Lekki axis),2024-01-20,0.0
Eti-Osa (VI/Lekki axis),2024-01-21,0.0
Eti-Osa (VI/Lekki axis),2024-01-22,0.0
Eti-Osa (VI/Lekki axis),2024-01-23,0.0
Eti-Osa (VI/Lekki axis),2024-01-24,2.9
Eti-Osa (VI/Lekki axis),2024-01-25,0.0
Eti-Osa (VI/Lekki axis),2024-01-26,0.0
Eti-Osa (VI/Lekki axis),2024-01-27,0.0
Eti-Osa (VI/Lekki axis),2024-01-28,0.0
Eti-Osa (VI/Lekki axis),2024-01-29,0.0
Eti-Osa (VI/Lekki axis),2024-01-30,0.0
Eti-Osa (VI/Lekki axis),2024-01-31,0.0
Eti-Osa (VI/Lekki axis),2024-02-01,0.0
Eti-Osa (VI/Lekki axis),2024-02-02,0.1
Eti-Osa (VI/Lekki axis),2024-02-03,0.0
Eti-Osa (VI/Lekki axis),2024-02-04,0.0
Eti-Osa (VI/Lekki axis),2024-02-05,0.0
Eti-Osa (VI/Lekki axis),2024-02-06,0.0
Eti-Osa (VI/Lekki axis),2024-02-07,0.0
Eti-Osa (VI/Lekki axis),2024-02-08,0.0
Eti-Osa (VI/Lekki axis),2024-02-09,0.0
Eti-Osa (VI/Lekki axis),2024-02-10,0.0
Eti-Osa (VI/Lekki axis),2024-02-11,0.0
Eti-Osa (VI/Lekki axis),2024-02-12,0.0
Eti-Osa (VI/Lekki axis),2024-02-13,0.4
Eti-Osa (VI/Lekki axis),2024-02-14,0.7
Eti-Osa (VI/Lekki axis),2024-02-15,0.5
Eti-Osa (VI/Lekki axis),2024-02-16,0.2
Eti-Osa (VI/Lekki axis),2024-02-17,1.1
Eti-Osa (VI/Lekki axis),2024-02-18,2.0
Eti-Osa (VI/Lekki axis),2024-02-19,0.9
Eti-Osa (VI/Lekki axis),2024-02-20,15.4
Eti-Osa (VI/Lekki axis),2024-02-21,1.5
Eti-Osa (VI/Lekki axis),2024-02-22,3.5
Eti-Osa (VI/Lekki axis),2024-02-23,1.7
Eti-Osa (VI/Lekki axis),2024-02-24,0.0
Eti-Osa (VI/Lekki axis),2024-02-25,0.0
Eti-Osa (VI/Lekki axis),2024-02-26,0.4
Eti-Osa (VI/Lekki axis),2024-02-27,0.0
Eti-Osa (VI/Lekki axis),2024-02-28,0.4
Eti-Osa (VI/Lekki axis),2024-02-29,0.7
Eti-Osa (VI/Lekki axis),2024-03-01,1.0
Eti-Osa (VI/Lekki axis),2024-03-02,5.8
Eti-Osa (VI/Lekki axis),2024-03-03,8.4
Eti-Osa (VI/Lekki axis),2024-03-04,0.0
Eti-Osa (VI/Lekki axis),2024-03-05,0.2
Eti-Osa (VI/Lekki axis),2024-03-06,0.9
Eti-Osa (VI/Lekki axis),2024-03-07,10.2
Eti-Osa (VI/Lekki axis),2024-03-08,0.6
Eti-Osa (VI/Lekki axis),2024-03-09,2.5
Eti-Osa (VI/Lekki axis),2024-03-10,0.0
Eti-Osa (VI/Lekki axis),2024-03-11,0.1
Eti-Osa (VI/Lekki axis),2024-03-12,0.7
Eti-Osa (VI/Lekki axis),2024-03-13,0.5
Eti-Osa (VI/Lekki axis),2024-03-14,5.8
Eti-Osa (VI/Lekki axis),2024-03-15,0.0
Eti-Osa (VI/Lekki axis),2024-03-16,0.0
Eti-Osa (VI/Lekki axis),2024-03-17,0.1
Eti-Osa (VI/Lekki axis),2024-03-18,0.8
Eti-Osa (VI/Lekki axis),2024-03-19,0.5
Eti-Osa (VI/Lekki axis),2024-03-20,1.2
Eti-Osa (VI/Lekki axis),2024-03-21,9.8
Eti-Osa (VI/Lekki axis),2024-03-22,0.0
Eti-Osa (VI/Lekki axis),2024-03-23,1.7
Eti-Osa (VI/Lekki axis),2024-03-24,0.0
Eti-Osa (VI/Lekki axis),2024-03-25,7.0
Eti-Osa (VI/Lekki axis),2024-03-26,0.0
Eti-Osa (VI/Lekki axis),2024-03-27,0.0
Eti-Osa (VI/Lekki axis),2024-03-28,6.3
Eti-Osa (VI/Lekki axis),2024-03-29,23.0
Eti-Osa (VI/Lekki axis),2024-03-30,1.1
Eti-Osa (VI/Lekki axis),2024-03-31,0.1
Eti-Osa (VI/Lekki axis),2024-04-01,1.4
Eti-Osa (VI/Lekki axis),2024-04-02,1.4
Eti-Osa (VI/Lekki axis),2024-04-03,0.4
Eti-Osa (VI/Lekki axis),2024-04-04,1.3
Eti-Osa (VI/Lekki axis),2024-04-05,7.0
Eti-Osa (VI/Lekki axis),2024-04-06,6.3
Eti-Osa (VI/Lekki axis),2024-04-07,0.0
Eti-Osa (VI/Lekki axis),2024-04-08,0.0
Eti-Osa (VI/Lekki axis),2024-04-09,0.1
Eti-Osa (VI/Lekki axis),2024-04-10,3.0
Eti-Osa (VI/Lekki axis),2024-04-11,4.0
Eti-Osa (VI/Lekki axis),2024-04-12,0.0
Eti-Osa (VI/Lekki axis),2024-04-13,0.3
Eti-Osa (VI/Lekki axis),2024-04-14,2.1
Eti-Osa (VI/Lekki axis),2024-04-15,0.8
Eti-Osa (VI/Lekki axis),2024-04-16,0.6
Eti-Osa (VI/Lekki axis),2024-04-17,0.2
Eti-Osa (VI/Lekki axis),2024-04-18,0.4
Eti-Osa (VI/Lekki axis),2024-04-19,2.6
Eti-Osa (VI/Lekki axis),2024-04-20,0.8
Eti-Osa (VI/Lekki axis),2024-04-21,1.7
Eti-Osa (VI/Lekki axis),2024-04-22,0.3
Eti-Osa (VI/Lekki axis),2024-04-23,8.0
Eti-Osa (VI/Lekki axis),2024-04-24,0.2
Eti-Osa (VI/Lekki axis),2024-04-25,1.3
Eti-Osa (VI/Lekki axis),2024-04-26,0.2
Eti-Osa (VI/Lekki axis),2024-04-27,0.0
Eti-Osa (VI/Lekki axis),2024-04-28,0.0
Eti-Osa (VI/Lekki axis),2024-04-29,1.6
Eti-Osa (VI/Lekki axis),2024-04-30,0.1
Eti-Osa (VI/Lekki axis),2024-05-01,0.6
Eti-Osa (VI/Lekki axis),2024-05-02,0.2
Eti-Osa (VI/Lekki axis),2024-05-03,5.3
Eti-Osa (VI/Lekki axis),2024-05-04,0.9
Eti-Osa (VI/Lekki axis),2024-05-05,0.3
Eti-Osa (VI/Lekki axis),2024-05-06,3.4
Eti-Osa (VI/Lekki axis),2024-05-07,2.5
Eti-Osa (VI/Lekki axis),2024-05-08,0.4
Eti-Osa (VI/Lekki axis),2024-05-09,0.0
Eti-Osa (VI/Lekki axis),2024-05-10,0.0
Eti-Osa (VI/Lekki axis),2024-05-11,0.6
Eti-Osa (VI/Lekki axis),2024-05-12,2.9
Eti-Osa (VI/Lekki axis),2024-05-13,0.6
Eti-Osa (VI/Lekki axis),2024-05-14,0.0
Eti-Osa (VI/Lekki axis),2024-05-15,0.4
Eti-Osa (VI/Lekki axis),2024-05-16,7.8
Eti-Osa (VI/Lekki axis),2024-05-17,2.2
Eti-Osa (VI/Lekki axis),2024-05-18,19.4
Eti-Osa (VI/Lekki axis),2024-05-19,1.2
Eti-Osa (VI/Lekki axis),2024-05-20,0.4
Eti-Osa (VI/Lekki axis),2024-05-21,1.4
Eti-Osa (VI/Lekki axis),2024-05-22,4.6
Eti-Osa (VI/Lekki axis),2024-05-23,0.9
Eti-Osa (VI/Lekki axis),2024-05-24,7.3
Eti-Osa (VI/Lekki axis),2024-05-25,25.7
Eti-Osa (VI/Lekki axis),2024-05-26,1.0
Eti-Osa (VI/Lekki axis),2024-05-27,0.2
Eti-Osa (VI/Lekki axis),2024-05-28,1.3
Eti-Osa (VI/Lekki axis),2024-05-29,0.8
Eti-Osa (VI/Lekki axis),2024-05-30,1.3
Eti-Osa (VI/Lekki axis),2024-05-31,12.4
Eti-Osa (VI/Lekki axis),2024-06-01,1.8
Eti-Osa (VI/Lekki axis),2024-06-02,10.2
Eti-Osa (VI/Lekki axis),2024-06-03,1.4
Eti-Osa (VI/Lekki axis),2024-06-04,2.3
Eti-Osa (VI/Lekki axis),2024-06-05,0.3
Eti-Osa (VI/Lekki axis),2024-06-06,10.4
Eti-Osa (VI/Lekki axis),2024-06-07,6.5
Eti-Osa (VI/Lekki axis),2024-06-08,8.0
Eti-Osa (VI/Lekki axis),2024-06-09,8.1
Eti-Osa (VI/Lekki axis),2024-06-10,4.3
Eti-Osa (VI/Lekki axis),2024-06-11,12.5
Eti-Osa (VI/Lekki axis),2024-06-12,1.6
Eti-Osa (VI/Lekki axis),2024-06-13,0.6
Eti-Osa (VI/Lekki axis),2024-06-14,5.2
Eti-Osa (VI/Lekki axis),2024-06-15,18.3
Eti-Osa (VI/Lekki axis),2024-06-16,4.3
Eti-Osa (VI/Lekki axis),2024-06-17,0.6
Eti-Osa (VI/Lekki axis),2024-06-18,1.4
Eti-Osa (VI/Lekki axis),2024-06-19,1.4
Eti-Osa (VI/Lekki axis),2024-06-20,3.4
Eti-Osa (VI/Lekki axis),2024-06-21,18.7
Eti-Osa (VI/Lekki axis),2024-06-22,1.8
Eti-Osa (VI/Lekki axis),2024-06-23,0.8
Eti-Osa (VI/Lekki axis),2024-06-24,4.1
Eti-Osa (VI/Lekki axis),2024-06-25,36.7
Eti-Osa (VI/Lekki axis),2024-06-26,4.9
Eti-Osa (VI/Lekki axis),2024-06-27,1.7
Eti-Osa (VI/Lekki axis),2024-06-28,5.0
Eti-Osa (VI/Lekki axis),2024-06-29,9.2
Eti-Osa (VI/Lekki axis),2024-06-30,2.4
Eti-Osa (VI/Lekki axis),2024-07-01,2.7
Eti-Osa (VI/Lekki axis),2024-07-02,13.3
Eti-Osa (VI/Lekki axis),2024-07-03,47.8
Eti-Osa (VI/Lekki axis),2024-07-04,29.2
Eti-Osa (VI/Lekki axis),2024-07-05,4.6
Eti-Osa (VI/Lekki axis),2024-07-06,10.5
Eti-Osa (VI/Lekki axis),2024-07-07,5.1
Eti-Osa (VI/Lekki axis),2024-07-08,16.5
Eti-Osa (VI/Lekki axis),2024-07-09,2.4
Eti-Osa (VI/Lekki axis),2024-07-10,1.1
Eti-Osa (VI/Lekki axis),2024-07-11,1.8
Eti-Osa (VI/Lekki axis),2024-07-12,5.6
Eti-Osa (VI/Lekki axis),2024-07-13,2.5
Eti-Osa (VI/Lekki axis),2024-07-14,1.4
Eti-Osa (VI/Lekki axis),2024-07-15,0.4
Eti-Osa (VI/Lekki axis),2024-07-16,1.5
Eti-Osa (VI/Lekki axis),2024-07-17,0.6
Eti-Osa (VI/Lekki axis),2024-07-18,0.6
Eti-Osa (VI/Lekki axis),2024-07-19,2.2
Eti-Osa (VI/Lekki axis),2024-07-20,1.8
Eti-Osa (VI/Lekki axis),2024-07-21,2.4
Eti-Osa (VI/Lekki axis),2024-07-22,0.6
Eti-Osa (VI/Lekki axis),2024-07-23,0.4
Eti-Osa (VI/Lekki axis),2024-07-24,0.8
Eti-Osa (VI/Lekki axis),2024-07-25,0.5
Eti-Osa (VI/Lekki axis),2024-07-26,0.5
Eti-Osa (VI/Lekki axis),2024-07-27,0.5
Eti-Osa (VI/Lekki axis),2024-07-28,0.9
Eti-Osa (VI/Lekki axis),2024-07-29,0.7
Eti-Osa (VI/Lekki axis),2024-07-30,0.7
Eti-Osa (VI/Lekki axis),2024-07-31,0.7
Eti-Osa (VI/Lekki axis),2024-08-01,1.2
Eti-Osa (VI/Lekki axis),2024-08-02,2.7
Eti-Osa (VI/Lekki axis),2024-08-03,1.5
Eti-Osa (VI/Lekki axis),2024-08-04,1.3
Eti-Osa (VI/Lekki axis),2024-08-05,0.8
Eti-Osa (VI/Lekki axis),2024-08-06,1.2
Eti-Osa (VI/Lekki axis),2024-08-07,1.1
Eti-Osa (VI/Lekki axis),2024-08-08,1.5
Eti-Osa (VI/Lekki axis),2024-08-09,0.7
Eti-Osa (VI/Lekki axis),2024-08-10,0.7
Eti-Osa (VI/Lekki axis),2024-08-11,0.9
Eti-Osa (VI/Lekki axis),2024-08-12,0.9
Eti-Osa (VI/Lekki axis),2024-08-13,1.0
Eti-Osa (VI/Lekki axis),2024-08-14,2.1
Eti-Osa (VI/Lekki axis),2024-08-15,0.4
Eti-Osa (VI/Lekki axis),2024-08-16,2.0
Eti-Osa (VI/Lekki axis),2024-08-17,1.3
Eti-Osa (VI/Lekki axis),2024-08-18,0.5
Eti-Osa (VI/Lekki axis),2024-08-19,6.1
Eti-Osa (VI/Lekki axis),2024-08-20,12.1
Eti-Osa (VI/Lekki axis),2024-08-21,2.0
Eti-Osa (VI/Lekki axis),2024-08-22,0.5
Eti-Osa (VI/Lekki axis),2024-08-23,19.8
Eti-Osa (VI/Lekki axis),2024-08-24,10.4
Eti-Osa (VI/Lekki axis),2024-08-25,1.3
Eti-Osa (VI/Lekki axis),2024-08-26,3.9
Eti-Osa (VI/Lekki axis),2024-08-27,0.8
Eti-Osa (VI/Lekki axis),2024-08-28,1.3
Eti-Osa (VI/Lekki axis),2024-08-29,0.8
Eti-Osa (VI/Lekki axis),2024-08-30,0.9
Eti-Osa (VI/Lekki axis),2024-08-31,0.6
Eti-Osa (VI/Lekki axis),2024-09-01,1.1
Eti-Osa (VI/Lekki axis),2024-09-02,0.4
Eti-Osa (VI/Lekki axis),2024-09-03,0.3
Eti-Osa (VI/Lekki axis),2024-09-04,0.5
Eti-Osa (VI/Lekki axis),2024-09-05,0.1
Eti-Osa (VI/Lekki axis),2024-09-06,0.0
Eti-Osa (VI/Lekki axis),2024-09-07,4.8
Eti-Osa (VI/Lekki axis),2024-09-08,0.6
Eti-Osa (VI/Lekki axis),2024-09-09,0.2
Eti-Osa (VI/Lekki axis),2024-09-10,5.1
Eti-Osa (VI/Lekki axis),2024-09-11,3.9
Eti-Osa (VI/Lekki axis),2024-09-12,2.0
Eti-Osa (VI/Lekki axis),2024-09-13,8.1
Eti-Osa (VI/Lekki axis),2024-09-14,4.3
Eti-Osa (VI/Lekki axis),2024-09-15,0.9
Eti-Osa (VI/Lekki axis),2024-09-16,1.2
Eti-Osa (VI/Lekki axis),2024-09-17,15.3
Eti-Osa (VI/Lekki axis),2024-09-18,13.9
Eti-Osa (VI/Lekki axis),2024-09-19,1.6
Eti-Osa (VI/Lekki axis),2024-09-20,1.3
Eti-Osa (VI/Lekki axis),2024-09-21,1.6
Eti-Osa (VI/Lekki axis),2024-09-22,3.2
Eti-Osa (VI/Lekki axis),2024-09-23,1.5
Eti-Osa (VI/Lekki axis),2024-09-24,3.3
Eti-Osa (VI/Lekki axis),2024-09-25,18.2
Eti-Osa (VI/Lekki axis),2024-09-26,3.5
Eti-Osa (VI/Lekki axis),2024-09-27,5.5
Eti-Osa (VI/Lekki axis),2024-09-28,9.7
Eti-Osa (VI/Lekki axis),2024-09-29,12.0
Eti-Osa (VI/Lekki axis),2024-09-30,11.8
Eti-Osa (VI/Lekki axis),2024-10-01,1.5
Eti-Osa (VI/Lekki axis),2024-10-02,1.1
Eti-Osa (VI/Lekki axis),2024-10-03,11.3
Eti-Osa (VI/Lekki axis),2024-10-04,7.8
Eti-Osa (VI/Lekki axis),2024-10-05,12.7
Eti-Osa (VI/Lekki axis),2024-10-06,6.2
Eti-Osa (VI/Lekki axis),2024-10-07,8.5
Eti-Osa (VI/Lekki axis),2024-10-08,0.6
Eti-Osa (VI/Lekki axis),2024-10-09,1.5
Eti-Osa (VI/Lekki axis),2024-10-10,0.7
Eti-Osa (VI/Lekki axis),2024-10-11,0.2
Eti-Osa (VI/Lekki axis),2024-10-12,8.6
Eti-Osa (VI/Lekki axis),2024-10-13,13.6
Eti-Osa (VI/Lekki axis),2024-10-14,10.3
Eti-Osa (VI/Lekki axis),2024-10-15,2.7
Eti-Osa (VI/Lekki axis),2024-10-16,4.8
Eti-Osa (VI/Lekki axis),2024-10-17,34.1
Eti-Osa (VI/Lekki axis),2024-10-18,1.2
Eti-Osa (VI/Lekki axis),2024-10-19,6.9
Eti-Osa (VI/Lekki axis),2024-10-20,0.9
Eti-Osa (VI/Lekki axis),2024-10-21,1.1
Eti-Osa (VI/Lekki axis),2024-10-22,2.8
Eti-Osa (VI/Lekki axis),2024-10-23,0.7
Eti-Osa (VI/Lekki axis),2024-10-24,0.8
Eti-Osa (VI/Lekki axis),2024-10-25,18.9
Eti-Osa (VI/Lekki axis),2024-10-26,2.0
Eti-Osa (VI/Lekki axis),2024-10-27,0.8
Eti-Osa (VI/Lekki axis),2024-10-28,0.4
Eti-Osa (VI/Lekki axis),2024-10-29,2.0
Eti-Osa (VI/Lekki axis),2024-10-30,1.6
Eti-Osa (VI/Lekki axis),2024-10-31,1.4
Eti-Osa (VI/Lekki axis),2024-11-01,0.6
Eti-Osa (VI/Lekki axis),2024-11-02,3.5
Eti-Osa (VI/Lekki axis),2024-11-03,4.3
Eti-Osa (VI/Lekki axis),2024-11-04,2.8
Eti-Osa (VI/Lekki axis),2024-11-05,0.0
Eti-Osa (VI/Lekki axis),2024-11-06,0.6
Eti-Osa (VI/Lekki axis),2024-11-07,0.0
Eti-Osa (VI/Lekki axis),2024-11-08,0.2
Eti-Osa (VI/Lekki axis),2024-11-09,0.3
Eti-Osa (VI/Lekki axis),2024-11-10,4.4
Eti-Osa (VI/Lekki axis),2024-11-11,0.9
Eti-Osa (VI/Lekki axis),2024-11-12,0.1
Eti-Osa (VI/Lekki axis),2024-11-13,1.0
Eti-Osa (VI/Lekki axis),2024-11-14,22.0
Eti-Osa (VI/Lekki axis),2024-11-15,0.3
Eti-Osa (VI/Lekki axis),2024-11-16,3.2
Eti-Osa (VI/Lekki axis),2024-11-17,1.8
Eti-Osa (VI/Lekki axis),2024-11-18,1.7
Eti-Osa (VI/Lekki axis),2024-11-19,0.7
Eti-Osa (VI/Lekki axis),2024-11-20,0.0
Eti-Osa (VI/Lekki axis),2024-11-21,0.3
Eti-Osa (VI/Lekki axis),2024-11-22,5.7
Eti-Osa (VI/Lekki axis),2024-11-23,1.1
Eti-Osa (VI/Lekki axis),2024-11-24,0.0
Eti-Osa (VI/Lekki axis),2024-11-25,0.0
Eti-Osa (VI/Lekki axis),2024-11-26,1.4
Eti-Osa (VI/Lekki axis),2024-11-27,1.6
Eti-Osa (VI/Lekki axis),2024-11-28,0.0
Eti-Osa (VI/Lekki axis),2024-11-29,0.0
Eti-Osa (VI/Lekki axis),2024-11-30,0.0
Eti-Osa (VI/Lekki axis),2024-12-01,0.0
Eti-Osa (VI/Lekki axis),2024-12-02,0.0
Eti-Osa (VI/Lekki axis),2024-12-03,0.8
Eti-Osa (VI/Lekki axis),2024-12-04,4.7
Eti-Osa (VI/Lekki axis),2024-12-05,3.2
Eti-Osa (VI/Lekki axis),2024-12-06,0.8
Eti-Osa (VI/Lekki axis),2024-12-07,0.0
Eti-Osa (VI/Lekki axis),2024-12-08,0.0
Eti-Osa (VI/Lekki axis),2024-12-09,0.0
Eti-Osa (VI/Lekki axis),2024-12-10,0.0
Eti-Osa (VI/Lekki axis),2024-12-11,0.5
Eti-Osa (VI/Lekki axis),2024-12-12,1.1
Eti-Osa (VI/Lekki axis),2024-12-13,1.5
Eti-Osa (VI/Lekki axis),2024-12-14,0.0
Eti-Osa (VI/Lekki axis),2024-12-15,0.0
Eti-Osa (VI/Lekki axis),2024-12-16,0.0
Eti-Osa (VI/Lekki axis),2024-12-17,0.0
Eti-Osa (VI/Lekki axis),2024-12-18,0.0
Eti-Osa (VI/Lekki axis),2024-12-19,0.0
Eti-Osa (VI/Lekki axis),2024-12-20,0.0
Eti-Osa (VI/Lekki axis),2024-12-21,0.0
Eti-Osa (VI/Lekki axis),2024-12-22,0.0
Eti-Osa (VI/Lekki axis),2024-12-23,0.0
Eti-Osa (VI/Lekki axis),2024-12-24,0.0
Eti-Osa (VI/Lekki axis),2024-12-25,0.0
Eti-Osa (VI/Lekki axis),2024-12-26,0.0
Eti-Osa (VI/Lekki axis),2024-12-27,0.0
Eti-Osa (VI/Lekki axis),2024-12-28,0.0
Eti-Osa (VI/Lekki axis),2024-12-29,0.0
Eti-Osa (VI/Lekki axis),2024-12-30,0.0
Eti-Osa (VI/Lekki axis),2024-12-31,0.0
Eti-Osa (VI/Lekki axis),2025-01-01,0.1
Eti-Osa (VI/Lekki axis),2025-01-02,0.0
Eti-Osa (VI/Lekki axis),2025-01-03,0.7
Eti-Osa (VI/Lekki axis),2025-01-04,0.5
Eti-Osa (VI/Lekki axis),2025-01-05,0.1
Eti-Osa (VI/Lekki axis),2025-01-06,0.1
Eti-Osa (VI/Lekki axis),2025-01-07,2.5
Eti-Osa (VI/Lekki axis),2025-01-08,1.0
Eti-Osa (VI/Lekki axis),2025-01-09,0.2
Eti-Osa (VI/Lekki axis),2025-01-10,0.0
Eti-Osa (VI/Lekki axis),2025-01-11,0.0
Eti-Osa (VI/Lekki axis),2025-01-12,0.0
Eti-Osa (VI/Lekki axis),2025-01-13,0.0
Eti-Osa (VI/Lekki axis),2025-01-14,0.0
Eti-Osa (VI/Lekki axis),2025-01-15,0.0
Eti-Osa (VI/Lekki axis),2025-01-16,0.0
Eti-Osa (VI/Lekki axis),2025-01-17,0.0
Eti-Osa (VI/Lekki axis),2025-01-18,1.1
Eti-Osa (VI/Lekki axis),2025-01-19,1.4
Eti-Osa (VI/Lekki axis),2025-01-20,0.2
Eti-Osa (VI/Lekki axis),2025-01-21,0.0
Eti-Osa (VI/Lekki axis),2025-01-22,0.3
Eti-Osa (VI/Lekki axis),2025-01-23,2.4
Eti-Osa (VI/Lekki axis),2025-01-24,0.1
Eti-Osa (VI/Lekki axis),2025-01-25,1.7
Eti-Osa (VI/Lekki axis),2025-01-26,1.1
Eti-Osa (VI/Lekki axis),2025-01-27,0.6
Eti-Osa (VI/Lekki axis),2025-01-28,0.4
Eti-Osa (VI/Lekki axis),2025-01-29,1.9
Eti-Osa (VI/Lekki axis),2025-01-30,0.1
Eti-Osa (VI/Lekki axis),2025-01-31,0.1
Eti-Osa (VI/Lekki axis),2025-02-01,0.2
Eti-Osa (VI/Lekki axis),2025-02-02,0.5
Eti-Osa (VI/Lekki axis),2025-02-03,0.0
Eti-Osa (VI/Lekki axis),2025-02-04,0.5
Eti-Osa (VI/Lekki axis),2025-02-05,0.6
Eti-Osa (VI/Lekki axis),2025-02-06,0.3
Eti-Osa (VI/Lekki axis),2025-02-07,0.0
Eti-Osa (VI/Lekki axis),2025-02-08,1.6
Eti-Osa (VI/Lekki axis),2025-02-09,0.8
Eti-Osa (VI/Lekki axis),2025-02-10,1.7
Eti-Osa (VI/Lekki axis),2025-02-11,1.7
Eti-Osa (VI/Lekki axis),2025-02-12,1.0
Eti-Osa (VI/Lekki axis),2025-02-13,3.0
Eti-Osa (VI/Lekki axis),2025-02-14,1.1
Eti-Osa (VI/Lekki axis),2025-02-15,0.7
Eti-Osa (VI/Lekki axis),2025-02-16,0.8
Eti-Osa (VI/Lekki axis),2025-02-17,1.0
Eti-Osa (VI/Lekki axis),2025-02-18,0.1
Eti-Osa (VI/Lekki axis),2025-02-19,0.5
Eti-Osa (VI/Lekki axis),2025-02-20,0.0
Eti-Osa (VI/Lekki axis),2025-02-21,0.4
Eti-Osa (VI/Lekki axis),2025-02-22,7.4
Eti-Osa (VI/Lekki axis),2025-02-23,0.5
Eti-Osa (VI/Lekki axis),2025-02-24,0.3
Eti-Osa (VI/Lekki axis),2025-02-25,0.9
Eti-Osa (VI/Lekki axis),2025-02-26,1.4
Eti-Osa (VI/Lekki axis),2025-02-27,0.6
Eti-Osa (VI/Lekki axis),2025-02-28,2.0
Eti-Osa (VI/Lekki axis),2025-03-01,0.3
Eti-Osa (VI/Lekki axis),2025-03-02,0.6
Eti-Osa (VI/Lekki axis),2025-03-03,2.0
Eti-Osa (VI/Lekki axis),2025-03-04,2.1
Eti-Osa (VI/Lekki axis),2025-03-05,1.2
Eti-Osa (VI/Lekki axis),2025-03-06,0.8
Eti-Osa (VI/Lekki axis),2025-03-07,0.5
Eti-Osa (VI/Lekki axis),2025-03-08,0.2
Eti-Osa (VI/Lekki axis),2025-03-09,1.1
Eti-Osa (VI/Lekki axis),2025-03-10,0.3
Eti-Osa (VI/Lekki axis),2025-03-11,1.0
Eti-Osa (VI/Lekki axis),2025-03-12,0.3
Eti-Osa (VI/Lekki axis),2025-03-13,1.7
Eti-Osa (VI/Lekki axis),2025-03-14,0.6
Eti-Osa (VI/Lekki axis),2025-03-15,0.3
Eti-Osa (VI/Lekki axis),2025-03-16,0.8
Eti-Osa (VI/Lekki axis),2025-03-17,2.4
Eti-Osa (VI/Lekki axis),2025-03-18,1.6
Eti-Osa (VI/Lekki axis),2025-03-19,3.1
Eti-Osa (VI/Lekki axis),2025-03-20,1.0
Eti-Osa (VI/Lekki axis),2025-03-21,0.4
Eti-Osa (VI/Lekki axis),2025-03-22,0.0
Eti-Osa (VI/Lekki axis),2025-03-23,0.6
Eti-Osa (VI/Lekki axis),2025-03-24,0.6
Eti-Osa (VI/Lekki axis),2025-03-25,1.8
Eti-Osa (VI/Lekki axis),2025-03-26,6.4
Eti-Osa (VI/Lekki axis),2025-03-27,1.4
Eti-Osa (VI/Lekki axis),2025-03-28,0.4
Eti-Osa (VI/Lekki axis),2025-03-29,0.5
Eti-Osa (VI/Lekki axis),2025-03-30,14.8
Eti-Osa (VI/Lekki axis),2025-03-31,5.0
Eti-Osa (VI/Lekki axis),2025-04-01,2.1
Eti-Osa (VI/Lekki axis),2025-04-02,16.2
Eti-Osa (VI/Lekki axis),2025-04-03,2.9
Eti-Osa (VI/Lekki axis),2025-04-04,0.0
Eti-Osa (VI/Lekki axis),2025-04-05,0.2
Eti-Osa (VI/Lekki axis),2025-04-06,2.4
Eti-Osa (VI/Lekki axis),2025-04-07,1.0
Eti-Osa (VI/Lekki axis),2025-04-08,1.2
Eti-Osa (VI/Lekki axis),2025-04-09,29.8
Eti-Osa (VI/Lekki axis),2025-04-10,1.1
Eti-Osa (VI/Lekki axis),2025-04-11,7.6
Eti-Osa (VI/Lekki axis),2025-04-12,0.3
Eti-Osa (VI/Lekki axis),2025-04-13,4.5
Eti-Osa (VI/Lekki axis),2025-04-14,5.0
Eti-Osa (VI/Lekki axis),2025-04-15,3.2
Eti-Osa (VI/Lekki axis),2025-04-16,2.8
Eti-Osa (VI/Lekki axis),2025-04-17,2.7
Eti-Osa (VI/Lekki axis),2025-04-18,0.5
Eti-Osa (VI/Lekki axis),2025-04-19,1.4
Eti-Osa (VI/Lekki axis),2025-04-20,2.1
Eti-Osa (VI/Lekki axis),2025-04-21,1.4
Eti-Osa (VI/Lekki axis),2025-04-22,12.6
Eti-Osa (VI/Lekki axis),2025-04-23,5.0
Eti-Osa (VI/Lekki axis),2025-04-24,0.1
Eti-Osa (VI/Lekki axis),2025-04-25,0.3
Eti-Osa (VI/Lekki axis),2025-04-26,1.1
Eti-Osa (VI/Lekki axis),2025-04-27,5.4
Eti-Osa (VI/Lekki axis),2025-04-28,0.7
Eti-Osa (VI/Lekki axis),2025-04-29,9.6
Eti-Osa (VI/Lekki axis),2025-04-30,0.0
Eti-Osa (VI/Lekki axis),2025-05-01,4.1
Eti-Osa (VI/Lekki axis),2025-05-02,12.4
Eti-Osa (VI/Lekki axis),2025-05-03,0.1
Eti-Osa (VI/Lekki axis),2025-05-04,1.2
Eti-Osa (VI/Lekki axis),2025-05-05,1.3
Eti-Osa (VI/Lekki axis),2025-05-06,1.7
Eti-Osa (VI/Lekki axis),2025-05-07,0.3
Eti-Osa (VI/Lekki axis),2025-05-08,7.6
Eti-Osa (VI/Lekki axis),2025-05-09,6.3
Eti-Osa (VI/Lekki axis),2025-05-10,0.7
Eti-Osa (VI/Lekki axis),2025-05-11,0.8
Eti-Osa (VI/Lekki axis),2025-05-12,0.6
Eti-Osa (VI/Lekki axis),2025-05-13,4.6
Eti-Osa (VI/Lekki axis),2025-05-14,0.0
Eti-Osa (VI/Lekki axis),2025-05-15,0.1
Eti-Osa (VI/Lekki axis),2025-05-16,1.4
Eti-Osa (VI/Lekki axis),2025-05-17,12.2
Eti-Osa (VI/Lekki axis),2025-05-18,8.9
Eti-Osa (VI/Lekki axis),2025-05-19,0.2
Eti-Osa (VI/Lekki axis),2025-05-20,13.3
Eti-Osa (VI/Lekki axis),2025-05-21,2.9
Eti-Osa (VI/Lekki axis),2025-05-22,1.2
Eti-Osa (VI/Lekki axis),2025-05-23,4.9
Eti-Osa (VI/Lekki axis),2025-05-24,12.0
Eti-Osa (VI/Lekki axis),2025-05-25,0.1
Eti-Osa (VI/Lekki axis),2025-05-26,0.3
Eti-Osa (VI/Lekki axis),2025-05-27,1.0
Eti-Osa (VI/Lekki axis),2025-05-28,7.4
Eti-Osa (VI/Lekki axis),2025-05-29,16.4
Eti-Osa (VI/Lekki axis),2025-05-30,4.6
Eti-Osa (VI/Lekki axis),2025-05-31,0.2
Eti-Osa (VI/Lekki axis),2025-06-01,0.7
Eti-Osa (VI/Lekki axis),2025-06-02,3.7
Eti-Osa (VI/Lekki axis),2025-06-03,9.3
Eti-Osa (VI/Lekki axis),2025-06-04,16.7
Eti-Osa (VI/Lekki axis),2025-06-05,1.0
Eti-Osa (VI/Lekki axis),2025-06-06,1.2
Eti-Osa (VI/Lekki axis),2025-06-07,13.2
Eti-Osa (VI/Lekki axis),2025-06-08,1.8
Eti-Osa (VI/Lekki axis),2025-06-09,11.4
Eti-Osa (VI/Lekki axis),2025-06-10,0.7
Eti-Osa (VI/Lekki axis),2025-06-11,8.0
Eti-Osa (VI/Lekki axis),2025-06-12,5.2
Eti-Osa (VI/Lekki axis),2025-06-13,1.3
Eti-Osa (VI/Lekki axis),2025-06-14,74.8
Eti-Osa (VI/Lekki axis),2025-06-15,13.7
Eti-Osa (VI/Lekki axis),2025-06-16,3.4
Eti-Osa (VI/Lekki axis),2025-06-17,2.0
Eti-Osa (VI/Lekki axis),2025-06-18,10.2
Eti-Osa (VI/Lekki axis),2025-06-19,19.3
Eti-Osa (VI/Lekki axis),2025-06-20,9.1
Eti-Osa (VI/Lekki axis),2025-06-21,3.1
Eti-Osa (VI/Lekki axis),2025-06-22,5.3
Eti-Osa (VI/Lekki axis),2025-06-23,6.6
Eti-Osa (VI/Lekki axis),2025-06-24,6.5
Eti-Osa (VI/Lekki axis),2025-06-25,2.9
Eti-Osa (VI/Lekki axis),2025-06-26,4.2
Eti-Osa (VI/Lekki axis),2025-06-27,2.3
Eti-Osa (VI/Lekki axis),2025-06-28,4.3
Eti-Osa (VI/Lekki axis),2025-06-29,6.4
Eti-Osa (VI/Lekki axis),2025-06-30,15.6
Eti-Osa (VI/Lekki axis),2025-07-01,6.0
Eti-Osa (VI/Lekki axis),2025-07-02,2.7
Eti-Osa (VI/Lekki axis),2025-07-03,13.1
Eti-Osa (VI/Lekki axis),2025-07-04,7.5
Eti-Osa (VI/Lekki axis),2025-07-05,7.7
Eti-Osa (VI/Lekki axis),2025-07-06,4.6
Eti-Osa (VI/Lekki axis),2025-07-07,16.6
Eti-Osa (VI/Lekki axis),2025-07-08,6.5
Eti-Osa (VI/Lekki axis),2025-07-09,3.0
Eti-Osa (VI/Lekki axis),2025-07-10,1.4
Eti-Osa (VI/Lekki axis),2025-07-11,5.3
Eti-Osa (VI/Lekki axis),2025-07-12,1.3
Eti-Osa (VI/Lekki axis),2025-07-13,1.7
Eti-Osa (VI/Lekki axis),2025-07-14,0.3
Eti-Osa (VI/Lekki axis),2025-07-15,0.0
Eti-Osa (VI/Lekki axis),2025-07-16,2.9
Eti-Osa (VI/Lekki axis),2025-07-17,2.9
Eti-Osa (VI/Lekki axis),2025-07-18,0.3
Eti-Osa (VI/Lekki axis),2025-07-19,0.6
Eti-Osa (VI/Lekki axis),2025-07-20,0.6
Eti-Osa (VI/Lekki axis),2025-07-21,1.2
Eti-Osa (VI/Lekki axis),2025-07-22,1.3
Eti-Osa (VI/Lekki axis),2025-07-23,1.5
Eti-Osa (VI/Lekki axis),2025-07-24,1.2
Eti-Osa (VI/Lekki axis),2025-07-25,0.2
Eti-Osa (VI/Lekki axis),2025-07-26,0.3
Eti-Osa (VI/Lekki axis),2025-07-27,0.8
Eti-Osa (VI/Lekki axis),2025-07-28,0.1
Eti-Osa (VI/Lekki axis),2025-07-29,0.9
Eti-Osa (VI/Lekki axis),2025-07-30,0.7
Eti-Osa (VI/Lekki axis),2025-07-31,3.5
Eti-Osa (VI/Lekki axis),2025-08-01,1.1
Eti-Osa (VI/Lekki axis),2025-08-02,1.0
Eti-Osa (VI/Lekki axis),2025-08-03,2.8
Eti-Osa (VI/Lekki axis),2025-08-04,35.1
Eti-Osa (VI/Lekki axis),2025-08-05,2.4
Eti-Osa (VI/Lekki axis),2025-08-06,4.7
Eti-Osa (VI/Lekki axis),2025-08-07,2.4
Eti-Osa (VI/Lekki axis),2025-08-08,2.0
Eti-Osa (VI/Lekki axis),2025-08-09,4.9
Eti-Osa (VI/Lekki axis),2025-08-10,0.5
Eti-Osa (VI/Lekki axis),2025-08-11,0.6
Eti-Osa (VI/Lekki axis),2025-08-12,0.7
Eti-Osa (VI/Lekki axis),2025-08-13,2.4
Eti-Osa (VI/Lekki axis),2025-08-14,1.6
Eti-Osa (VI/Lekki axis),2025-08-15,1.2
Eti-Osa (VI/Lekki axis),2025-08-16,2.1
Eti-Osa (VI/Lekki axis),2025-08-17,3.2
Eti-Osa (VI/Lekki axis),2025-08-18,1.2
Eti-Osa (VI/Lekki axis),2025-08-19,2.1
Eti-Osa (VI/Lekki axis),2025-08-20,1.2
Eti-Osa (VI/Lekki axis),2025-08-21,1.6
Eti-Osa (VI/Lekki axis),2025-08-22,1.9
Eti-Osa (VI/Lekki axis),2025-08-23,2.0
Eti-Osa (VI/Lekki axis),2025-08-24,0.8
Eti-Osa (VI/Lekki axis),2025-08-25,0.2
Eti-Osa (VI/Lekki axis),2025-08-26,0.9
Eti-Osa (VI/Lekki axis),2025-08-27,2.0
Eti-Osa (VI/Lekki axis),2025-08-28,0.5
Eti-Osa (VI/Lekki axis),2025-08-29,0.9
Eti-Osa (VI/Lekki axis),2025-08-30,3.9
Eti-Osa (VI/Lekki axis),2025-08-31,1.4
Eti-Osa (VI/Lekki axis),2025-09-01,0.2
Eti-Osa (VI/Lekki axis),2025-09-02,0.3
Eti-Osa (VI/Lekki axis),2025-09-03,2.3
Eti-Osa (VI/Lekki axis),2025-09-04,1.5
Eti-Osa (VI/Lekki axis),2025-09-05,1.6
Eti-Osa (VI/Lekki axis),2025-09-06,1.1
Eti-Osa (VI/Lekki axis),2025-09-07,1.3
Eti-Osa (VI/Lekki axis),2025-09-08,2.7
Eti-Osa (VI/Lekki axis),2025-09-09,11.6
Eti-Osa (VI/Lekki axis),2025-09-10,1.5
Eti-Osa (VI/Lekki axis),2025-09-11,1.6
Eti-Osa (VI/Lekki axis),2025-09-12,5.8
Eti-Osa (VI/Lekki axis),2025-09-13,3.6
Eti-Osa (VI/Lekki axis),2025-09-14,7.4
Eti-Osa (VI/Lekki axis),2025-09-15,7.5
Eti-Osa (VI/Lekki axis),2025-09-16,43.8
Eti-Osa (VI/Lekki axis),2025-09-17,3.7
Eti-Osa (VI/Lekki axis),2025-09-18,8.6
Eti-Osa (VI/Lekki axis),2025-09-19,2.4
Eti-Osa (VI/Lekki axis),2025-09-20,1.2
Eti-Osa (VI/Lekki axis),2025-09-21,1.4
Eti-Osa (VI/Lekki axis),2025-09-22,5.7
Eti-Osa (VI/Lekki axis),2025-09-23,8.3
Eti-Osa (VI/Lekki axis),2025-09-24,12.4
Eti-Osa (VI/Lekki axis),2025-09-25,6.0
Eti-Osa (VI/Lekki axis),2025-09-26,2.5
Eti-Osa (VI/Lekki axis),2025-09-27,1.4
Eti-Osa (VI/Lekki axis),2025-09-28,12.6
Eti-Osa (VI/Lekki axis),2025-09-29,13.5
Eti-Osa (VI/Lekki axis),2025-09-30,2.4
Eti-Osa (VI/Lekki axis),2025-10-01,6.9
Eti-Osa (VI/Lekki axis),2025-10-02,2.2
Eti-Osa (VI/Lekki axis),2025-10-03,1.1
Eti-Osa (VI/Lekki axis),2025-10-04,3.6
Eti-Osa (VI/Lekki axis),2025-10-05,25.6
Eti-Osa (VI/Lekki axis),2025-10-06,6.1
Eti-Osa (VI/Lekki axis),2025-10-07,17.5
Eti-Osa (VI/Lekki axis),2025-10-08,3.6
Eti-Osa (VI/Lekki axis),2025-10-09,0.5
Eti-Osa (VI/Lekki axis),2025-10-10,13.2
Eti-Osa (VI/Lekki axis),2025-10-11,3.0
Eti-Osa (VI/Lekki axis),2025-10-12,1.2
Eti-Osa (VI/Lekki axis),2025-10-13,6.1
Eti-Osa (VI/Lekki axis),2025-10-14,1.0
Eti-Osa (VI/Lekki axis),2025-10-15,2.1
Eti-Osa (VI/Lekki axis),2025-10-16,11.6
Eti-Osa (VI/Lekki axis),2025-10-17,0.5
Eti-Osa (VI/Lekki axis),2025-10-18,2.3
Eti-Osa (VI/Lekki axis),2025-10-19,1.0
Eti-Osa (VI/Lekki axis),2025-10-20,0.2
Eti-Osa (VI/Lekki axis),2025-10-21,0.4
Eti-Osa (VI/Lekki axis),2025-10-22,0.7
Eti-Osa (VI/Lekki axis),2025-10-23,1.0
Eti-Osa (VI/Lekki axis),2025-10-24,2.7
Eti-Osa (VI/Lekki axis),2025-10-25,0.3
Eti-Osa (VI/Lekki axis),2025-10-26,2.6
Eti-Osa (VI/Lekki axis),2025-10-27,1.4
Eti-Osa (VI/Lekki axis),2025-10-28,3.0
Eti-Osa (VI/Lekki axis),2025-10-29,0.5
Eti-Osa (VI/Lekki axis),2025-10-30,3.8
Eti-Osa (VI/Lekki axis),2025-10-31,4.1
Eti-Osa (VI/Lekki axis),2025-11-01,2.0
Eti-Osa (VI/Lekki axis),2025-11-02,1.5
Eti-Osa (VI/Lekki axis),2025-11-03,10.4
Eti-Osa (VI/Lekki axis),2025-11-04,1.8
Eti-Osa (VI/Lekki axis),2025-11-05,2.7
Eti-Osa (VI/Lekki axis),2025-11-06,1.2
Eti-Osa (VI/Lekki axis),2025-11-07,4.1
Eti-Osa (VI/Lekki axis),2025-11-08,0.7
Eti-Osa (VI/Lekki axis),2025-11-09,1.1
Eti-Osa (VI/Lekki axis),2025-11-10,0.4
Eti-Osa (VI/Lekki axis),2025-11-11,1.1
Eti-Osa (VI/Lekki axis),2025-11-12,0.6
Eti-Osa (VI/Lekki axis),2025-11-13,0.4
Eti-Osa (VI/Lekki axis),2025-11-14,0.1
Eti-Osa (VI/Lekki axis),2025-11-15,0.1
Eti-Osa (VI/Lekki axis),2025-11-16,2.2
Eti-Osa (VI/Lekki axis),2025-11-17,1.9
Eti-Osa (VI/Lekki axis),2025-11-18,1.3
Eti-Osa (VI/Lekki axis),2025-11-19,1.3
Eti-Osa (VI/Lekki axis),2025-11-20,1.3
Eti-Osa (VI/Lekki axis),2025-11-21,5.7
Eti-Osa (VI/Lekki axis),2025-11-22,2.1
Eti-Osa (VI/Lekki axis),2025-11-23,0.5
Eti-Osa (VI/Lekki axis),2025-11-24,0.5
Eti-Osa (VI/Lekki axis),2025-11-25,0.9
Eti-Osa (VI/Lekki axis),2025-11-26,1.2
Eti-Osa (VI/Lekki axis),2025-11-27,0.1
Eti-Osa (VI/Lekki axis),2025-11-28,1.8
Eti-Osa (VI/Lekki axis),2025-11-29,0.3
Eti-Osa (VI/Lekki axis),2025-11-30,2.8
Eti-Osa (VI/Lekki axis),2025-12-01,0.6
Eti-Osa (VI/Lekki axis),2025-12-02,0.8
Eti-Osa (VI/Lekki axis),2025-12-03,5.5
Eti-Osa (VI/Lekki axis),2025-12-04,0.8
Eti-Osa (VI/Lekki axis),2025-12-05,1.1
Eti-Osa (VI/Lekki axis),2025-12-06,0.3
Eti-Osa (VI/Lekki axis),2025-12-07,2.5
Eti-Osa (VI/Lekki axis),2025-12-08,1.2
Eti-Osa (VI/Lekki axis),2025-12-09,0.6
Eti-Osa (VI/Lekki axis),2025-12-10,0.9
Eti-Osa (VI/Lekki axis),2025-12-11,11.6
Eti-Osa (VI/Lekki axis),2025-12-12,0.5
Eti-Osa (VI/Lekki axis),2025-12-13,2.0
Eti-Osa (VI/Lekki axis),2025-12-14,0.8
Eti-Osa (VI/Lekki axis),2025-12-15,4.2
Eti-Osa (VI/Lekki axis),2025-12-16,0.7
Eti-Osa (VI/Lekki axis),2025-12-17,0.7
Eti-Osa (VI/Lekki axis),2025-12-18,0.3
Eti-Osa (VI/Lekki axis),2025-12-19,2.3
Eti-Osa (VI/Lekki axis),2025-12-20,0.1
Eti-Osa (VI/Lekki axis),2025-12-21,1.2
Eti-Osa (VI/Lekki axis),2025-12-22,1.0
Eti-Osa (VI/Lekki axis),2025-12-23,1.5
Eti-Osa (VI/Lekki axis),2025-12-24,0.5
Eti-Osa (VI/Lekki axis),2025-12-25,0.3
Eti-Osa (VI/Lekki axis),2025-12-26,0.3
Eti-Osa (VI/Lekki axis),2025-12-27,0.8
Eti-Osa (VI/Lekki axis),2025-12-28,0.5
Eti-Osa (VI/Lekki axis),2025-12-29,0.5
Eti-Osa (VI/Lekki axis),2025-12-30,0.2
Eti-Osa (VI/Lekki axis),2025-12-31,0.1
Eti-Osa (VI/Lekki axis),2026-01-01,1.2
Eti-Osa (VI/Lekki axis),2026-01-02,2.6
Eti-Osa (VI/Lekki axis),2026-01-03,0.4
Eti-Osa (VI/Lekki axis),2026-01-04,1.0
Eti-Osa (VI/Lekki axis),2026-01-05,0.3
Eti-Osa (VI/Lekki axis),2026-01-06,0.7
Eti-Osa (VI/Lekki axis),2026-01-07,0.4
Eti-Osa (VI/Lekki axis),2026-01-08,2.6
Eti-Osa (VI/Lekki axis),2026-01-09,0.3
Eti-Osa (VI/Lekki axis),2026-01-10,1.5
Eti-Osa (VI/Lekki axis),2026-01-11,2.4
Eti-Osa (VI/Lekki axis),2026-01-12,2.4
Eti-Osa (VI/Lekki axis),2026-01-13,0.1
Eti-Osa (VI/Lekki axis),2026-01-14,0.3
Eti-Osa (VI/Lekki axis),2026-01-15,2.5
Eti-Osa (VI/Lekki axis),2026-01-16,0.6
Eti-Osa (VI/Lekki axis),2026-01-17,2.0
Eti-Osa (VI/Lekki axis),2026-01-18,0.8
Eti-Osa (VI/Lekki axis),2026-01-19,1.8
Eti-Osa (VI/Lekki axis),2026-01-20,0.4
Eti-Osa (VI/Lekki axis),2026-01-21,0.2
Eti-Osa (VI/Lekki axis),2026-01-22,1.8
Eti-Osa (VI/Lekki axis),2026-01-23,0.0
Eti-Osa (VI/Lekki axis),2026-01-24,0.0
Eti-Osa (VI/Lekki axis),2026-01-25,0.0
Eti-Osa (VI/Lekki axis),2026-01-26,0.0
Eti-Osa (VI/Lekki axis),2026-01-27,0.0
Eti-Osa (VI/Lekki axis),2026-01-28,1.0
Eti-Osa (VI/Lekki axis),2026-01-29,3.0
Eti-Osa (VI/Lekki axis),2026-01-30,4.3
Eti-Osa (VI/Lekki axis),2026-01-31,2.3
Eti-Osa (VI/Lekki axis),2026-02-01,1.1
Eti-Osa (VI/Lekki axis),2026-02-02,3.5
Eti-Osa (VI/Lekki axis),2026-02-03,0.0
Eti-Osa (VI/Lekki axis),2026-02-04,0.1
Eti-Osa (VI/Lekki axis),2026-02-05,0.1
Eti-Osa (VI/Lekki axis),2026-02-06,0.3
Eti-Osa (VI/Lekki axis),2026-02-07,0.2
Eti-Osa (VI/Lekki axis),2026-02-08,0.0
Eti-Osa (VI/Lekki axis),2026-02-09,0.3
Eti-Osa (VI/Lekki axis),2026-02-10,0.7
Eti-Osa (VI/Lekki axis),2026-02-11,0.0
Eti-Osa (VI/Lekki axis),2026-02-12,0.0
Eti-Osa (VI/Lekki axis),2026-02-13,1.1
Eti-Osa (VI/Lekki axis),2026-02-14,27.3
Eti-Osa (VI/Lekki axis),2026-02-15,0.0
Eti-Osa (VI/Lekki axis),2026-02-16,1.0
Eti-Osa (VI/Lekki axis),2026-02-17,1.5
Eti-Osa (VI/Lekki axis),2026-02-18,0.4
Eti-Osa (VI/Lekki axis),2026-02-19,0.9
Eti-Osa (VI/Lekki axis),2026-02-20,0.3
Eti-Osa (VI/Lekki axis),2026-02-21,0.0
Eti-Osa (VI/Lekki axis),2026-02-22,0.1
Eti-Osa (VI/Lekki axis),2026-02-23,0.7
Eti-Osa (VI/Lekki axis),2026-02-24,1.3
Eti-Osa (VI/Lekki axis),2026-02-25,0.8
Eti-Osa (VI/Lekki axis),2026-02-26,0.4
Eti-Osa (VI/Lekki axis),2026-02-27,0.0
Eti-Osa (VI/Lekki axis),2026-02-28,0.8
Eti-Osa (VI/Lekki axis),2026-03-01,0.1
Eti-Osa (VI/Lekki axis),2026-03-02,1.6
Eti-Osa (VI/Lekki axis),2026-03-03,0.6
Eti-Osa (VI/Lekki axis),2026-03-04,0.7
Eti-Osa (VI/Lekki axis),2026-03-05,0.2
Eti-Osa (VI/Lekki axis),2026-03-06,0.0
Eti-Osa (VI/Lekki axis),2026-03-07,0.2
Eti-Osa (VI/Lekki axis),2026-03-08,0.2
Eti-Osa (VI/Lekki axis),2026-03-09,0.9
Eti-Osa (VI/Lekki axis),2026-03-10,0.4
Eti-Osa (VI/Lekki axis),2026-03-11,1.1
Eti-Osa (VI/Lekki axis),2026-03-12,0.1
Eti-Osa (VI/Lekki axis),2026-03-13,0.4
Eti-Osa (VI/Lekki axis),2026-03-14,3.8
Eti-Osa (VI/Lekki axis),2026-03-15,0.0
Eti-Osa (VI/Lekki axis),2026-03-16,0.6
Eti-Osa (VI/Lekki axis),2026-03-17,1.5
Eti-Osa (VI/Lekki axis),2026-03-18,0.0
Eti-Osa (VI/Lekki axis),2026-03-19,0.0
Eti-Osa (VI/Lekki axis),2026-03-20,0.5
Eti-Osa (VI/Lekki axis),2026-03-21,0.7
Eti-Osa (VI/Lekki axis),2026-03-22,2.9
Eti-Osa (VI/Lekki axis),2026-03-23,0.2
Eti-Osa (VI/Lekki axis),2026-03-24,1.0
Eti-Osa (VI/Lekki axis),2026-03-25,0.2
Eti-Osa (VI/Lekki axis),2026-03-26,0.0
Eti-Osa (VI/Lekki axis),2026-03-27,0.5
Eti-Osa (VI/Lekki axis),2026-03-28,2.2
Eti-Osa (VI/Lekki axis),2026-03-29,0.8
Eti-Osa (VI/Lekki axis),2026-03-30,0.0
Eti-Osa (VI/Lekki axis),2026-03-31,0.9
Eti-Osa (VI/Lekki axis),2026-04-01,0.0
Eti-Osa (VI/Lekki axis),2026-04-02,0.5
Eti-Osa (VI/Lekki axis),2026-04-03,0.2
Eti-Osa (VI/Lekki axis),2026-04-04,0.0
Eti-Osa (VI/Lekki axis),2026-04-05,4.9
Eti-Osa (VI/Lekki axis),2026-04-06,0.7
Eti-Osa (VI/Lekki axis),2026-04-07,0.0
Eti-Osa (VI/Lekki axis),2026-04-08,3.3
Eti-Osa (VI/Lekki axis),2026-04-09,0.2
Eti-Osa (VI/Lekki axis),2026-04-10,0.0
Eti-Osa (VI/Lekki axis),2026-04-11,0.0
Eti-Osa (VI/Lekki axis),2026-04-12,0.0
Eti-Osa (VI/Lekki axis),2026-04-13,6.3
Eti-Osa (VI/Lekki axis),2026-04-14,3.9
Eti-Osa (VI/Lekki axis),2026-04-15,0.5
Eti-Osa (VI/Lekki axis),2026-04-16,0.2
Eti-Osa (VI/Lekki axis),2026-04-17,0.3
Eti-Osa (VI/Lekki axis),2026-04-18,0.0
Eti-Osa (VI/Lekki axis),2026-04-19,6.0
Eti-Osa (VI/Lekki axis),2026-04-20,0.8
Eti-Osa (VI/Lekki axis),2026-04-21,2.4
Eti-Osa (VI/Lekki axis),2026-04-22,0.1
Eti-Osa (VI/Lekki axis),2026-04-23,1.6
Eti-Osa (VI/Lekki axis),2026-04-24,2.7
Eti-Osa (VI/Lekki axis),2026-04-25,3.1
Eti-Osa (VI/Lekki axis),2026-04-26,27.3
Eti-Osa (VI/Lekki axis),2026-04-27,0.0
Eti-Osa (VI/Lekki axis),2026-04-28,7.5
Eti-Osa (VI/Lekki axis),2026-04-29,2.0
Eti-Osa (VI/Lekki axis),2026-04-30,0.7
Eti-Osa (VI/Lekki axis),2026-05-01,0.0
Eti-Osa (VI/Lekki axis),2026-05-02,0.8
Eti-Osa (VI/Lekki axis),2026-05-03,4.2
Eti-Osa (VI/Lekki axis),2026-05-04,6.0
Eti-Osa (VI/Lekki axis),2026-05-05,1.6
Eti-Osa (VI/Lekki axis),2026-05-06,10.7
Eti-Osa (VI/Lekki axis),2026-05-07,2.0
Eti-Osa (VI/Lekki axis),2026-05-08,5.6
Eti-Osa (VI/Lekki axis),2026-05-09,2.4
Eti-Osa (VI/Lekki axis),2026-05-10,0.7
Eti-Osa (VI/Lekki axis),2026-05-11,1.4
Eti-Osa (VI/Lekki axis),2026-05-12,0.6
Eti-Osa (VI/Lekki axis),2026-05-13,0.1
Eti-Osa (VI/Lekki axis),2026-05-14,2.0
Eti-Osa (VI/Lekki axis),2026-05-15,5.9
Eti-Osa (VI/Lekki axis),2026-05-16,1.1
Eti-Osa (VI/Lekki axis),2026-05-17,11.0
Eti-Osa (VI/Lekki axis),2026-05-18,5.8
Eti-Osa (VI/Lekki axis),2026-05-19,8.7
Eti-Osa (VI/Lekki axis),2026-05-20,3.2
Eti-Osa (VI/Lekki axis),2026-05-21,7.1
Eti-Osa (VI/Lekki axis),2026-05-22,18.9
Eti-Osa (VI/Lekki axis),2026-05-23,12.0
Eti-Osa (VI/Lekki axis),2026-05-24,5.9
Eti-Osa (VI/Lekki axis),2026-05-25,7.6
Eti-Osa (VI/Lekki axis),2026-05-26,7.7
Eti-Osa (VI/Lekki axis),2026-05-27,1.1
Eti-Osa (VI/Lekki axis),2026-05-28,4.1
Eti-Osa (VI/Lekki axis),2026-05-29,1.4
Eti-Osa (VI/Lekki axis),2026-05-30,8.3
Eti-Osa (VI/Lekki axis),2026-05-31,0.4
Eti-Osa (VI/Lekki axis),2026-06-01,11.6
Eti-Osa (VI/Lekki axis),2026-06-02,4.2
Eti-Osa (VI/Lekki axis),2026-06-03,5.1
Eti-Osa (VI/Lekki axis),2026-06-04,12.9
Eti-Osa (VI/Lekki axis),2026-06-05,4.6
Eti-Osa (VI/Lekki axis),2026-06-06,13.7
Eti-Osa (VI/Lekki axis),2026-06-07,6.0
Eti-Osa (VI/Lekki axis),2026-06-08,6.8
Eti-Osa (VI/Lekki axis),2026-06-09,7.7
Eti-Osa (VI/Lekki axis),2026-06-10,3.2
Eti-Osa (VI/Lekki axis),2026-06-11,0.2
Eti-Osa (VI/Lekki axis),2026-06-12,7.6
Eti-Osa (VI/Lekki axis),2026-06-13,4.6
Eti-Osa (VI/Lekki axis),2026-06-14,7.5
Eti-Osa (VI/Lekki axis),2026-06-15,6.1
Eti-Osa (VI/Lekki axis),2026-06-16,6.3
Eti-Osa (VI/Lekki axis),2026-06-17,5.2
Eti-Osa (VI/Lekki axis),2026-06-18,2.9
Eti-Osa (VI/Lekki axis),2026-06-19,1.9
Eti-Osa (VI/Lekki axis),2026-06-20,11.7
Eti-Osa (VI/Lekki axis),2026-06-21,35.2
Eti-Osa (VI/Lekki axis),2026-06-22,0.5
Eti-Osa (VI/Lekki axis),2026-06-23,1.2
Eti-Osa (VI/Lekki axis),2026-06-24,3.1
Eti-Osa (VI/Lekki axis),2026-06-25,3.9
Eti-Osa (VI/Lekki axis),2026-06-26,2.6
Eti-Osa (VI/Lekki axis),2026-06-27,1.9
Eti-Osa (VI/Lekki axis),2026-06-28,7.6
Eti-Osa (VI/Lekki axis),2026-06-29,38.0
Eti-Osa (VI/Lekki axis),2026-06-30,28.1
Eti-Osa (VI/Lekki axis),2026-07-01,2.0
Eti-Osa (VI/Lekki axis),2026-07-02,2.8
Eti-Osa (VI/Lekki axis),2026-07-03,4.4
Eti-Osa (VI/Lekki axis),2026-07-04,5.5
Eti-Osa (VI/Lekki axis),2026-07-05,1.3
Eti-Osa (VI/Lekki axis),2026-07-06,1.4
Eti-Osa (VI/Lekki axis),2026-07-07,4.3
Eti-Osa (VI/Lekki axis),2026-07-08,6.6
Eti-Osa (VI/Lekki axis),2026-07-09,10.8
Eti-Osa (VI/Lekki axis),2026-07-10,56.7
Eti-Osa (VI/Lekki axis),2026-07-11,6.7
Eti-Osa (VI/Lekki axis),2026-07-12,6.3
Eti-Osa (VI/Lekki axis),2026-07-13,20.1
Eti-Osa (VI/Lekki axis),2026-07-14,13.9
Eti-Osa (VI/Lekki axis),2026-07-15,6.9
Eti-Osa (VI/Lekki axis),2026-07-16,7.8
Eti-Osa (VI/Lekki axis),2026-07-17,1.2
Eti-Osa (VI/Lekki axis),2026-07-18,0.0
Eti-Osa (VI/Lekki axis),2026-07-19,1.7
Eti-Osa (VI/Lekki axis),2026-07-20,1.8
Eti-Osa (VI/Lekki axis),2026-07-21,0.2
Eti-Osa (VI/Lekki axis),2026-07-22,1.4
Eti-Osa (VI/Lekki axis),2026-07-23,4.6
Eti-Osa (VI/Lekki axis),2026-07-24,6.1
Eti-Osa (VI/Lekki axis),2026-07-25,0.3
Eti-Osa (VI/Lekki axis),2026-07-26,1.0
Eti-Osa (VI/Lekki axis),2026-07-27,16.2
Eti-Osa (VI/Lekki axis),2026-07-28,7.7
Eti-Osa (VI/Lekki axis),2026-07-29,16.8
Eti-Osa (VI/Lekki axis),2026-07-30,6.1
Eti-Osa (VI/Lekki axis),2026-07-31,0.5
Eti-Osa (VI/Lekki axis),2026-08-01,1.1
Eti-Osa (VI/Lekki axis),2026-08-02,4.5
Eti-Osa (VI/Lekki axis),2026-08-03,2.4
Eti-Osa (VI/Lekki axis),2026-08-04,2.0
Eti-Osa (VI/Lekki axis),2026-08-05,1.5
Eti-Osa (VI/Lekki axis),2026-08-06,8.7
Eti-Osa (VI/Lekki axis),2026-08-07,2.3
Eti-Osa (VI/Lekki axis),2026-08-08,0.2
Eti-Osa (VI/Lekki axis),2026-08-09,0.8
Eti-Osa (VI/Lekki axis),2026-08-10,1.0
Eti-Osa (VI/Lekki axis),2026-08-11,0.3
Eti-Osa (VI/Lekki axis),2026-08-12,0.2
Eti-Osa (VI/Lekki axis),2026-08-13,1.4
Eti-Osa (VI/Lekki axis),2026-08-14,0.9
Eti-Osa (VI/Lekki axis),2026-08-15,0.1
Eti-Osa (VI/Lekki axis),2026-08-16,1.8
Eti-Osa (VI/Lekki axis),2026-08-17,1.0
Eti-Osa (VI/Lekki axis),2026-08-18,1.6
Eti-Osa (VI/Lekki axis),2026-08-19,2.8
Eti-Osa (VI/Lekki axis),2026-08-20,0.7
Eti-Osa (VI/Lekki axis),2026-08-21,2.3
Eti-Osa (VI/Lekki axis),2026-08-22,5.1
Eti-Osa (VI/Lekki axis),2026-08-23,9.0
Eti-Osa (VI/Lekki axis),2026-08-24,6.2
Eti-Osa (VI/Lekki axis),2026-08-25,0.3
Eti-Osa (VI/Lekki axis),2026-08-26,1.2
Eti-Osa (VI/Lekki axis),2026-08-27,6.2
Eti-Osa (VI/Lekki axis),2026-08-28,18.0
Eti-Osa (VI/Lekki axis),2026-08-29,8.6
Eti-Osa (VI/Lekki axis),2026-08-30,13.6
Eti-Osa (VI/Lekki axis),2026-08-31,1.0
Eti-Osa (VI/Lekki axis),2026-09-01,0.0
Ipaja,2019-01-01,0.0
Ipaja,2019-01-02,0.1
Ipaja,2019-01-03,0.0
Ipaja,2019-01-04,0.0
Ipaja,2019-01-05,0.0
Ipaja,2019-01-06,0.0
Ipaja,2019-01-07,0.0
Ipaja,2019-01-08,0.0
Ipaja,2019-01-09,0.0
Ipaja,2019-01-10,0.0
Ipaja,2019-01-11,0.1
Ipaja,2019-01-12,0.0
Ipaja,2019-01-13,0.3
Ipaja,2019-01-14,0.6
Ipaja,2019-01-15,1.1
Ipaja,2019-01-16,2.3
Ipaja,2019-01-17,0.8
Ipaja,2019-01-18,0.6
Ipaja,2019-01-19,0.4
Ipaja,2019-01-20,5.0
Ipaja,2019-01-21,4.9
Ipaja,2019-01-22,0.2
Ipaja,2019-01-23,1.1
Ipaja,2019-01-24,10.7
Ipaja,2019-01-25,0.3
Ipaja,2019-01-26,1.3
Ipaja,2019-01-27,5.5
Ipaja,2019-01-28,4.4
Ipaja,2019-01-29,8.7
Ipaja,2019-01-30,13.5
Ipaja,2019-01-31,1.1
Ipaja,2019-02-01,1.8
Ipaja,2019-02-02,5.6
Ipaja,2019-02-03,1.2
Ipaja,2019-02-04,1.1
Ipaja,2019-02-05,0.0
Ipaja,2019-02-06,1.2
Ipaja,2019-02-07,0.6
Ipaja,2019-02-08,2.8
Ipaja,2019-02-09,0.1
Ipaja,2019-02-10,0.0
Ipaja,2019-02-11,0.0
Ipaja,2019-02-12,0.2
Ipaja,2019-02-13,0.0
Ipaja,2019-02-14,0.1
Ipaja,2019-02-15,0.4
Ipaja,2019-02-16,0.0
Ipaja,2019-02-17,0.2
Ipaja,2019-02-18,0.5
Ipaja,2019-02-19,1.4
Ipaja,2019-02-20,0.2
Ipaja,2019-02-21,0.7
Ipaja,2019-02-22,1.3
Ipaja,2019-02-23,6.2
Ipaja,2019-02-24,11.1
Ipaja,2019-02-25,1.9
Ipaja,2019-02-26,8.4
Ipaja,2019-02-27,8.8
Ipaja,2019-02-28,7.7
Ipaja,2019-03-01,10.1
Ipaja,2019-03-02,2.6
Ipaja,2019-03-03,0.4
Ipaja,2019-03-04,0.4
Ipaja,2019-03-05,0.6
Ipaja,2019-03-06,9.1
Ipaja,2019-03-07,1.3
Ipaja,2019-03-08,2.7
Ipaja,2019-03-09,3.6
Ipaja,2019-03-10,20.0
Ipaja,2019-03-11,0.6
Ipaja,2019-03-12,1.1
Ipaja,2019-03-13,2.4
Ipaja,2019-03-14,0.5
Ipaja,2019-03-15,1.3
Ipaja,2019-03-16,9.7
Ipaja,2019-03-17,0.4
Ipaja,2019-03-18,0.2
Ipaja,2019-03-19,0.7
Ipaja,2019-03-20,1.5
Ipaja,2019-03-21,6.2
Ipaja,2019-03-22,9.7
Ipaja,2019-03-23,5.5
Ipaja,2019-03-24,4.9
Ipaja,2019-03-25,0.9
Ipaja,2019-03-26,0.1
Ipaja,2019-03-27,5.9
Ipaja,2019-03-28,0.7
Ipaja,2019-03-29,3.4
Ipaja,2019-03-30,4.5
Ipaja,2019-03-31,4.8
Ipaja,2019-04-01,0.0
Ipaja,2019-04-02,0.3
Ipaja,2019-04-03,0.6
Ipaja,2019-04-04,5.8
Ipaja,2019-04-05,2.6
Ipaja,2019-04-06,2.3
Ipaja,2019-04-07,13.4
Ipaja,2019-04-08,7.8
Ipaja,2019-04-09,0.0
Ipaja,2019-04-10,7.7
Ipaja,2019-04-11,15.8
Ipaja,2019-04-12,0.2
Ipaja,2019-04-13,0.5
Ipaja,2019-04-14,4.2
Ipaja,2019-04-15,0.1
Ipaja,2019-04-16,4.2
Ipaja,2019-04-17,3.3
Ipaja,2019-04-18,1.3
Ipaja,2019-04-19,1.1
Ipaja,2019-04-20,0.8
Ipaja,2019-04-21,0.7
Ipaja,2019-04-22,1.9
Ipaja,2019-04-23,11.6
Ipaja,2019-04-24,8.4
Ipaja,2019-04-25,10.2
Ipaja,2019-04-26,9.0
Ipaja,2019-04-27,2.1
Ipaja,2019-04-28,1.5
Ipaja,2019-04-29,7.9
Ipaja,2019-04-30,5.8
Ipaja,2019-05-01,2.8
Ipaja,2019-05-02,11.9
Ipaja,2019-05-03,8.0
Ipaja,2019-05-04,2.0
Ipaja,2019-05-05,0.0
Ipaja,2019-05-06,0.0
Ipaja,2019-05-07,1.4
Ipaja,2019-05-08,0.7
Ipaja,2019-05-09,0.6
Ipaja,2019-05-10,1.0
Ipaja,2019-05-11,3.3
Ipaja,2019-05-12,11.8
Ipaja,2019-05-13,10.0
Ipaja,2019-05-14,21.3
Ipaja,2019-05-15,21.9
Ipaja,2019-05-16,0.2
Ipaja,2019-05-17,0.2
Ipaja,2019-05-18,0.5
Ipaja,2019-05-19,4.2
Ipaja,2019-05-20,16.9
Ipaja,2019-05-21,6.8
Ipaja,2019-05-22,7.8
Ipaja,2019-05-23,6.5
Ipaja,2019-05-24,2.7
Ipaja,2019-05-25,6.3
Ipaja,2019-05-26,11.9
Ipaja,2019-05-27,6.4
Ipaja,2019-05-28,5.8
Ipaja,2019-05-29,6.1
Ipaja,2019-05-30,8.1
Ipaja,2019-05-31,42.2
Ipaja,2019-06-01,6.6
Ipaja,2019-06-02,1.0
Ipaja,2019-06-03,0.9
Ipaja,2019-06-04,12.3
Ipaja,2019-06-05,1.2
Ipaja,2019-06-06,4.9
Ipaja,2019-06-07,11.7
Ipaja,2019-06-08,1.7
Ipaja,2019-06-09,7.6
Ipaja,2019-06-10,6.2
Ipaja,2019-06-11,4.6
Ipaja,2019-06-12,6.6
Ipaja,2019-06-13,13.9
Ipaja,2019-06-14,11.6
Ipaja,2019-06-15,6.3
Ipaja,2019-06-16,1.2
Ipaja,2019-06-17,0.8
Ipaja,2019-06-18,2.2
Ipaja,2019-06-19,5.1
Ipaja,2019-06-20,8.5
Ipaja,2019-06-21,11.3
Ipaja,2019-06-22,9.5
Ipaja,2019-06-23,3.8
Ipaja,2019-06-24,6.2
Ipaja,2019-06-25,5.4
Ipaja,2019-06-26,9.6
Ipaja,2019-06-27,3.1
Ipaja,2019-06-28,11.8
Ipaja,2019-06-29,1.2
Ipaja,2019-06-30,6.6
Ipaja,2019-07-01,9.7
Ipaja,2019-07-02,0.4
Ipaja,2019-07-03,19.5
Ipaja,2019-07-04,4.4
Ipaja,2019-07-05,9.5
Ipaja,2019-07-06,3.1
Ipaja,2019-07-07,3.4
Ipaja,2019-07-08,4.4
Ipaja,2019-07-09,1.2
Ipaja,2019-07-10,4.5
Ipaja,2019-07-11,15.1
Ipaja,2019-07-12,29.6
Ipaja,2019-07-13,3.2
Ipaja,2019-07-14,1.3
Ipaja,2019-07-15,11.2
Ipaja,2019-07-16,6.0
Ipaja,2019-07-17,0.9
Ipaja,2019-07-18,7.8
Ipaja,2019-07-19,9.3
Ipaja,2019-07-20,13.4
Ipaja,2019-07-21,0.8
Ipaja,2019-07-22,1.4
Ipaja,2019-07-23,4.5
Ipaja,2019-07-24,3.7
Ipaja,2019-07-25,6.3
Ipaja,2019-07-26,19.6
Ipaja,2019-07-27,5.8
Ipaja,2019-07-28,8.7
Ipaja,2019-07-29,3.6
Ipaja,2019-07-30,1.3
Ipaja,2019-07-31,2.0
Ipaja,2019-08-01,3.0
Ipaja,2019-08-02,3.9
Ipaja,2019-08-03,1.4
Ipaja,2019-08-04,1.8
Ipaja,2019-08-05,0.6
Ipaja,2019-08-06,1.4
Ipaja,2019-08-07,2.4
Ipaja,2019-08-08,4.9
Ipaja,2019-08-09,4.2
Ipaja,2019-08-10,1.7
Ipaja,2019-08-11,1.3
Ipaja,2019-08-12,1.3
Ipaja,2019-08-13,5.4
Ipaja,2019-08-14,0.7
Ipaja,2019-08-15,2.1
Ipaja,2019-08-16,1.6
Ipaja,2019-08-17,2.1
Ipaja,2019-08-18,0.6
Ipaja,2019-08-19,5.0
Ipaja,2019-08-20,1.6
Ipaja,2019-08-21,4.6
Ipaja,2019-08-22,3.5
Ipaja,2019-08-23,3.5
Ipaja,2019-08-24,1.1
Ipaja,2019-08-25,11.8
Ipaja,2019-08-26,8.4
Ipaja,2019-08-27,9.6
Ipaja,2019-08-28,10.6
Ipaja,2019-08-29,1.6
Ipaja,2019-08-30,1.5
Ipaja,2019-08-31,14.6
Ipaja,2019-09-01,14.1
Ipaja,2019-09-02,5.9
Ipaja,2019-09-03,3.0
Ipaja,2019-09-04,13.9
Ipaja,2019-09-05,3.9
Ipaja,2019-09-06,20.8
Ipaja,2019-09-07,7.1
Ipaja,2019-09-08,15.0
Ipaja,2019-09-09,7.2
Ipaja,2019-09-10,12.8
Ipaja,2019-09-11,20.5
Ipaja,2019-09-12,15.9
Ipaja,2019-09-13,2.0
Ipaja,2019-09-14,4.1
Ipaja,2019-09-15,6.4
Ipaja,2019-09-16,3.8
Ipaja,2019-09-17,10.2
Ipaja,2019-09-18,17.1
Ipaja,2019-09-19,63.1
Ipaja,2019-09-20,3.7
Ipaja,2019-09-21,9.8
Ipaja,2019-09-22,7.1
Ipaja,2019-09-23,5.8
Ipaja,2019-09-24,9.4
Ipaja,2019-09-25,3.0
Ipaja,2019-09-26,2.1
Ipaja,2019-09-27,9.9
Ipaja,2019-09-28,7.7
Ipaja,2019-09-29,3.2
Ipaja,2019-09-30,9.2
Ipaja,2019-10-01,28.2
Ipaja,2019-10-02,19.3
Ipaja,2019-10-03,0.6
Ipaja,2019-10-04,13.1
Ipaja,2019-10-05,30.9
Ipaja,2019-10-06,25.2
Ipaja,2019-10-07,22.5
Ipaja,2019-10-08,13.5
Ipaja,2019-10-09,16.6
Ipaja,2019-10-10,5.7
Ipaja,2019-10-11,8.0
Ipaja,2019-10-12,90.7
Ipaja,2019-10-13,4.0
Ipaja,2019-10-14,1.3
Ipaja,2019-10-15,5.8
Ipaja,2019-10-16,8.2
Ipaja,2019-10-17,16.8
Ipaja,2019-10-18,8.7
Ipaja,2019-10-19,15.4
Ipaja,2019-10-20,51.7
Ipaja,2019-10-21,4.4
Ipaja,2019-10-22,7.2
Ipaja,2019-10-23,3.5
Ipaja,2019-10-24,10.7
Ipaja,2019-10-25,26.7
Ipaja,2019-10-26,10.4
Ipaja,2019-10-27,7.7
Ipaja,2019-10-28,5.8
Ipaja,2019-10-29,14.5
Ipaja,2019-10-30,7.7
Ipaja,2019-10-31,5.4
Ipaja,2019-11-01,5.7
Ipaja,2019-11-02,16.8
Ipaja,2019-11-03,11.3
Ipaja,2019-11-04,0.7
Ipaja,2019-11-05,1.5
Ipaja,2019-11-06,4.2
Ipaja,2019-11-07,1.4
Ipaja,2019-11-08,1.2
Ipaja,2019-11-09,1.8
Ipaja,2019-11-10,11.0
Ipaja,2019-11-11,8.1
Ipaja,2019-11-12,5.9
Ipaja,2019-11-13,3.6
Ipaja,2019-11-14,0.1
Ipaja,2019-11-15,5.1
Ipaja,2019-11-16,2.9
Ipaja,2019-11-17,1.1
Ipaja,2019-11-18,1.7
Ipaja,2019-11-19,1.4
Ipaja,2019-11-20,1.3
Ipaja,2019-11-21,1.4
Ipaja,2019-11-22,1.0
Ipaja,2019-11-23,0.9
Ipaja,2019-11-24,1.8
Ipaja,2019-11-25,1.0
Ipaja,2019-11-26,1.0
Ipaja,2019-11-27,2.8
Ipaja,2019-11-28,2.3
Ipaja,2019-11-29,0.0
Ipaja,2019-11-30,0.0
Ipaja,2019-12-01,0.0
Ipaja,2019-12-02,0.7
Ipaja,2019-12-03,1.7
Ipaja,2019-12-04,0.0
Ipaja,2019-12-05,4.7
Ipaja,2019-12-06,0.8
Ipaja,2019-12-07,2.1
Ipaja,2019-12-08,1.0
Ipaja,2019-12-09,0.4
Ipaja,2019-12-10,0.0
Ipaja,2019-12-11,0.8
Ipaja,2019-12-12,0.3
Ipaja,2019-12-13,0.1
Ipaja,2019-12-14,1.0
Ipaja,2019-12-15,0.6
Ipaja,2019-12-16,0.0
Ipaja,2019-12-17,0.0
Ipaja,2019-12-18,0.0
Ipaja,2019-12-19,0.0
Ipaja,2019-12-20,0.0
Ipaja,2019-12-21,2.0
Ipaja,2019-12-22,0.0
Ipaja,2019-12-23,0.0
Ipaja,2019-12-24,0.0
Ipaja,2019-12-25,0.0
Ipaja,2019-12-26,0.0
Ipaja,2019-12-27,0.0
Ipaja,2019-12-28,0.0
Ipaja,2019-12-29,0.0
Ipaja,2019-12-30,0.0
Ipaja,2019-12-31,0.0
Ipaja,2020-01-01,0.0
Ipaja,2020-01-02,0.0
Ipaja,2020-01-03,0.0
Ipaja,2020-01-04,0.0
Ipaja,2020-01-05,0.0
Ipaja,2020-01-06,0.0
Ipaja,2020-01-07,0.0
Ipaja,2020-01-08,0.0
Ipaja,2020-01-09,0.0
Ipaja,2020-01-10,0.1
Ipaja,2020-01-11,0.3
Ipaja,2020-01-12,0.1
Ipaja,2020-01-13,0.0
Ipaja,2020-01-14,0.0
Ipaja,2020-01-15,0.0
Ipaja,2020-01-16,0.0
Ipaja,2020-01-17,0.1
Ipaja,2020-01-18,0.0
Ipaja,2020-01-19,0.0
Ipaja,2020-01-20,0.0
Ipaja,2020-01-21,0.0
Ipaja,2020-01-22,0.0
Ipaja,2020-01-23,0.0
Ipaja,2020-01-24,0.1
Ipaja,2020-01-25,0.0
Ipaja,2020-01-26,0.0
Ipaja,2020-01-27,0.0
Ipaja,2020-01-28,0.0
Ipaja,2020-01-29,0.0
Ipaja,2020-01-30,0.0
Ipaja,2020-01-31,0.2
Ipaja,2020-02-01,0.0
Ipaja,2020-02-02,0.0
Ipaja,2020-02-03,0.0
Ipaja,2020-02-04,0.0
Ipaja,2020-02-05,0.0
Ipaja,2020-02-06,0.0
Ipaja,2020-02-07,0.0
Ipaja,2020-02-08,0.0
Ipaja,2020-02-09,0.0
Ipaja,2020-02-10,1.9
Ipaja,2020-02-11,0.0
Ipaja,2020-02-12,0.0
Ipaja,2020-02-13,0.0
Ipaja,2020-02-14,0.0
Ipaja,2020-02-15,0.0
Ipaja,2020-02-16,0.0
Ipaja,2020-02-17,0.0
Ipaja,2020-02-18,0.1
Ipaja,2020-02-19,0.1
Ipaja,2020-02-20,0.0
Ipaja,2020-02-21,0.0
Ipaja,2020-02-22,0.0
Ipaja,2020-02-23,0.0
Ipaja,2020-02-24,0.0
Ipaja,2020-02-25,0.1
Ipaja,2020-02-26,0.2
Ipaja,2020-02-27,0.4
Ipaja,2020-02-28,0.6
Ipaja,2020-02-29,0.1
Ipaja,2020-03-01,1.5
Ipaja,2020-03-02,4.7
Ipaja,2020-03-03,1.4
Ipaja,2020-03-04,2.3
Ipaja,2020-03-05,3.0
Ipaja,2020-03-06,7.4
Ipaja,2020-03-07,1.2
Ipaja,2020-03-08,0.1
Ipaja,2020-03-09,1.2
Ipaja,2020-03-10,0.3
Ipaja,2020-03-11,0.9
Ipaja,2020-03-12,0.6
Ipaja,2020-03-13,2.3
Ipaja,2020-03-14,4.4
Ipaja,2020-03-15,0.0
Ipaja,2020-03-16,0.0
Ipaja,2020-03-17,0.0
Ipaja,2020-03-18,0.7
Ipaja,2020-03-19,1.4
Ipaja,2020-03-20,0.5
Ipaja,2020-03-21,1.0
Ipaja,2020-03-22,0.4
Ipaja,2020-03-23,0.1
Ipaja,2020-03-24,2.9
Ipaja,2020-03-25,8.0
Ipaja,2020-03-26,0.2
Ipaja,2020-03-27,1.8
Ipaja,2020-03-28,0.0
Ipaja,2020-03-29,0.2
Ipaja,2020-03-30,0.5
Ipaja,2020-03-31,0.2
Ipaja,2020-04-01,1.2
Ipaja,2020-04-02,0.0
Ipaja,2020-04-03,0.4
Ipaja,2020-04-04,0.9
Ipaja,2020-04-05,0.0
Ipaja,2020-04-06,0.7
Ipaja,2020-04-07,0.0
Ipaja,2020-04-08,0.0
Ipaja,2020-04-09,0.9
Ipaja,2020-04-10,2.1
Ipaja,2020-04-11,0.2
Ipaja,2020-04-12,0.1
Ipaja,2020-04-13,0.7
Ipaja,2020-04-14,0.8
Ipaja,2020-04-15,0.1
Ipaja,2020-04-16,0.9
Ipaja,2020-04-17,5.2
Ipaja,2020-04-18,7.2
Ipaja,2020-04-19,4.4
Ipaja,2020-04-20,0.3
Ipaja,2020-04-21,0.4
Ipaja,2020-04-22,3.0
Ipaja,2020-04-23,2.6
Ipaja,2020-04-24,0.8
Ipaja,2020-04-25,5.7
Ipaja,2020-04-26,3.8
Ipaja,2020-04-27,0.5
Ipaja,2020-04-28,0.0
Ipaja,2020-04-29,0.3
Ipaja,2020-04-30,0.1
Ipaja,2020-05-01,0.0
Ipaja,2020-05-02,0.1
Ipaja,2020-05-03,4.1
Ipaja,2020-05-04,0.2
Ipaja,2020-05-05,0.1
Ipaja,2020-05-06,0.6
Ipaja,2020-05-07,1.0
Ipaja,2020-05-08,1.0
Ipaja,2020-05-09,4.3
Ipaja,2020-05-10,13.0
Ipaja,2020-05-11,18.1
Ipaja,2020-05-12,0.9
Ipaja,2020-05-13,1.8
Ipaja,2020-05-14,1.1
Ipaja,2020-05-15,0.0
Ipaja,2020-05-16,8.2
Ipaja,2020-05-17,6.3
Ipaja,2020-05-18,2.9
Ipaja,2020-05-19,12.3
Ipaja,2020-05-20,2.5
Ipaja,2020-05-21,9.6
Ipaja,2020-05-22,8.0
Ipaja,2020-05-23,7.5
Ipaja,2020-05-24,8.2
Ipaja,2020-05-25,21.7
Ipaja,2020-05-26,2.3
Ipaja,2020-05-27,0.1
Ipaja,2020-05-28,9.7
Ipaja,2020-05-29,7.6
Ipaja,2020-05-30,10.5
Ipaja,2020-05-31,3.0
Ipaja,2020-06-01,6.4
Ipaja,2020-06-02,0.1
Ipaja,2020-06-03,1.0
Ipaja,2020-06-04,4.6
Ipaja,2020-06-05,7.1
Ipaja,2020-06-06,12.3
Ipaja,2020-06-07,12.6
Ipaja,2020-06-08,0.5
Ipaja,2020-06-09,2.4
Ipaja,2020-06-10,5.2
Ipaja,2020-06-11,8.6
Ipaja,2020-06-12,5.2
Ipaja,2020-06-13,3.4
Ipaja,2020-06-14,5.6
Ipaja,2020-06-15,4.8
Ipaja,2020-06-16,8.9
Ipaja,2020-06-17,9.0
Ipaja,2020-06-18,40.8
Ipaja,2020-06-19,8.9
Ipaja,2020-06-20,1.9
Ipaja,2020-06-21,7.0
Ipaja,2020-06-22,13.5
Ipaja,2020-06-23,3.2
Ipaja,2020-06-24,4.8
Ipaja,2020-06-25,2.1
Ipaja,2020-06-26,1.5
Ipaja,2020-06-27,7.3
Ipaja,2020-06-28,9.1
Ipaja,2020-06-29,54.7
Ipaja,2020-06-30,6.2
Ipaja,2020-07-01,10.2
Ipaja,2020-07-02,4.7
Ipaja,2020-07-03,6.1
Ipaja,2020-07-04,42.6
Ipaja,2020-07-05,11.2
Ipaja,2020-07-06,9.2
Ipaja,2020-07-07,13.6
Ipaja,2020-07-08,13.0
Ipaja,2020-07-09,7.8
Ipaja,2020-07-10,8.1
Ipaja,2020-07-11,8.6
Ipaja,2020-07-12,3.9
Ipaja,2020-07-13,2.4
Ipaja,2020-07-14,1.2
Ipaja,2020-07-15,1.6
Ipaja,2020-07-16,2.3
Ipaja,2020-07-17,13.3
Ipaja,2020-07-18,1.2
Ipaja,2020-07-19,2.3
Ipaja,2020-07-20,8.7
Ipaja,2020-07-21,19.0
Ipaja,2020-07-22,1.6
Ipaja,2020-07-23,2.5
Ipaja,2020-07-24,3.5
Ipaja,2020-07-25,0.8
Ipaja,2020-07-26,5.1
Ipaja,2020-07-27,1.1
Ipaja,2020-07-28,0.8
Ipaja,2020-07-29,0.7
Ipaja,2020-07-30,1.0
Ipaja,2020-07-31,2.1
Ipaja,2020-08-01,0.7
Ipaja,2020-08-02,0.8
Ipaja,2020-08-03,0.0
Ipaja,2020-08-04,0.0
Ipaja,2020-08-05,0.1
Ipaja,2020-08-06,0.1
Ipaja,2020-08-07,0.1
Ipaja,2020-08-08,0.6
Ipaja,2020-08-09,0.0
Ipaja,2020-08-10,0.3
Ipaja,2020-08-11,0.1
Ipaja,2020-08-12,0.0
Ipaja,2020-08-13,0.3
Ipaja,2020-08-14,2.4
Ipaja,2020-08-15,1.4
Ipaja,2020-08-16,0.1
Ipaja,2020-08-17,2.0
Ipaja,2020-08-18,1.2
Ipaja,2020-08-19,1.1
Ipaja,2020-08-20,0.5
Ipaja,2020-08-21,3.7
Ipaja,2020-08-22,1.4
Ipaja,2020-08-23,0.6
Ipaja,2020-08-24,0.0
Ipaja,2020-08-25,0.1
Ipaja,2020-08-26,1.3
Ipaja,2020-08-27,1.4
Ipaja,2020-08-28,1.0
Ipaja,2020-08-29,0.8
Ipaja,2020-08-30,1.6
Ipaja,2020-08-31,10.1
Ipaja,2020-09-01,2.0
Ipaja,2020-09-02,2.1
Ipaja,2020-09-03,2.1
Ipaja,2020-09-04,2.9
Ipaja,2020-09-05,1.4
Ipaja,2020-09-06,1.0
Ipaja,2020-09-07,1.5
Ipaja,2020-09-08,1.5
Ipaja,2020-09-09,49.8
Ipaja,2020-09-10,3.3
Ipaja,2020-09-11,1.0
Ipaja,2020-09-12,9.1
Ipaja,2020-09-13,8.9
Ipaja,2020-09-14,7.9
Ipaja,2020-09-15,11.4
Ipaja,2020-09-16,9.5
Ipaja,2020-09-17,3.4
Ipaja,2020-09-18,1.9
Ipaja,2020-09-19,7.0
Ipaja,2020-09-20,5.5
Ipaja,2020-09-21,11.4
Ipaja,2020-09-22,9.2
Ipaja,2020-09-23,3.4
Ipaja,2020-09-24,1.0
Ipaja,2020-09-25,2.3
Ipaja,2020-09-26,6.2
Ipaja,2020-09-27,4.0
Ipaja,2020-09-28,11.9
Ipaja,2020-09-29,5.7
Ipaja,2020-09-30,6.9
Ipaja,2020-10-01,1.6
Ipaja,2020-10-02,2.7
Ipaja,2020-10-03,4.2
Ipaja,2020-10-04,7.4
Ipaja,2020-10-05,9.5
Ipaja,2020-10-06,7.5
Ipaja,2020-10-07,2.8
Ipaja,2020-10-08,10.9
Ipaja,2020-10-09,15.3
Ipaja,2020-10-10,8.6
Ipaja,2020-10-11,14.0
Ipaja,2020-10-12,0.8
Ipaja,2020-10-13,6.7
Ipaja,2020-10-14,9.1
Ipaja,2020-10-15,15.4
Ipaja,2020-10-16,8.7
Ipaja,2020-10-17,10.5
Ipaja,2020-10-18,2.7
Ipaja,2020-10-19,3.4
Ipaja,2020-10-20,5.8
Ipaja,2020-10-21,1.8
Ipaja,2020-10-22,2.1
Ipaja,2020-10-23,1.4
Ipaja,2020-10-24,5.6
Ipaja,2020-10-25,4.7
Ipaja,2020-10-26,13.3
Ipaja,2020-10-27,11.8
Ipaja,2020-10-28,1.4
Ipaja,2020-10-29,3.7
Ipaja,2020-10-30,0.4
Ipaja,2020-10-31,4.5
Ipaja,2020-11-01,3.4
Ipaja,2020-11-02,2.1
Ipaja,2020-11-03,5.6
Ipaja,2020-11-04,3.2
Ipaja,2020-11-05,4.7
Ipaja,2020-11-06,2.1
Ipaja,2020-11-07,7.1
Ipaja,2020-11-08,0.0
Ipaja,2020-11-09,2.4
Ipaja,2020-11-10,3.1
Ipaja,2020-11-11,7.0
Ipaja,2020-11-12,0.0
Ipaja,2020-11-13,0.0
Ipaja,2020-11-14,0.7
Ipaja,2020-11-15,0.9
Ipaja,2020-11-16,5.3
Ipaja,2020-11-17,1.2
Ipaja,2020-11-18,0.5
Ipaja,2020-11-19,0.4
Ipaja,2020-11-20,1.0
Ipaja,2020-11-21,0.8
Ipaja,2020-11-22,0.1
Ipaja,2020-11-23,0.9
Ipaja,2020-11-24,1.9
Ipaja,2020-11-25,3.4
Ipaja,2020-11-26,1.3
Ipaja,2020-11-27,7.8
Ipaja,2020-11-28,2.2
Ipaja,2020-11-29,0.9
Ipaja,2020-11-30,0.0
Ipaja,2020-12-01,0.3
Ipaja,2020-12-02,0.5
Ipaja,2020-12-03,1.3
Ipaja,2020-12-04,1.2
Ipaja,2020-12-05,0.8
Ipaja,2020-12-06,2.1
Ipaja,2020-12-07,0.8
Ipaja,2020-12-08,1.6
Ipaja,2020-12-09,0.8
Ipaja,2020-12-10,1.7
Ipaja,2020-12-11,0.9
Ipaja,2020-12-12,1.6
Ipaja,2020-12-13,3.1
Ipaja,2020-12-14,4.1
Ipaja,2020-12-15,0.7
Ipaja,2020-12-16,1.9
Ipaja,2020-12-17,1.0
Ipaja,2020-12-18,0.1
Ipaja,2020-12-19,0.4
Ipaja,2020-12-20,1.1
Ipaja,2020-12-21,1.3
Ipaja,2020-12-22,0.8
Ipaja,2020-12-23,2.9
Ipaja,2020-12-24,5.0
Ipaja,2020-12-25,1.4
Ipaja,2020-12-26,0.0
Ipaja,2020-12-27,0.0
Ipaja,2020-12-28,0.0
Ipaja,2020-12-29,0.0
Ipaja,2020-12-30,0.0
Ipaja,2020-12-31,0.0
Ipaja,2021-01-01,0.0
Ipaja,2021-01-02,0.3
Ipaja,2021-01-03,1.2
Ipaja,2021-01-04,1.5
Ipaja,2021-01-05,1.6
Ipaja,2021-01-06,2.0
Ipaja,2021-01-07,0.6
Ipaja,2021-01-08,0.5
Ipaja,2021-01-09,0.0
Ipaja,2021-01-10,0.6
Ipaja,2021-01-11,0.8
Ipaja,2021-01-12,0.0
Ipaja,2021-01-13,0.4
Ipaja,2021-01-14,1.3
Ipaja,2021-01-15,0.4
Ipaja,2021-01-16,1.7
Ipaja,2021-01-17,1.7
Ipaja,2021-01-18,1.4
Ipaja,2021-01-19,0.0
Ipaja,2021-01-20,0.1
Ipaja,2021-01-21,0.0
Ipaja,2021-01-22,0.0
Ipaja,2021-01-23,0.0
Ipaja,2021-01-24,0.0
Ipaja,2021-01-25,0.0
Ipaja,2021-01-26,0.0
Ipaja,2021-01-27,0.0
Ipaja,2021-01-28,2.2
Ipaja,2021-01-29,0.5
Ipaja,2021-01-30,0.2
Ipaja,2021-01-31,0.2
Ipaja,2021-02-01,2.1
Ipaja,2021-02-02,1.0
Ipaja,2021-02-03,0.5
Ipaja,2021-02-04,1.6
Ipaja,2021-02-05,2.2
Ipaja,2021-02-06,1.9
Ipaja,2021-02-07,0.2
Ipaja,2021-02-08,1.4
Ipaja,2021-02-09,0.5
Ipaja,2021-02-10,0.8
Ipaja,2021-02-11,1.5
Ipaja,2021-02-12,0.4
Ipaja,2021-02-13,4.0
Ipaja,2021-02-14,1.9
Ipaja,2021-02-15,6.9
Ipaja,2021-02-16,2.7
Ipaja,2021-02-17,1.5
Ipaja,2021-02-18,0.0
Ipaja,2021-02-19,0.0
Ipaja,2021-02-20,0.0
Ipaja,2021-02-21,0.0
Ipaja,2021-02-22,0.0
Ipaja,2021-02-23,0.3
Ipaja,2021-02-24,2.2
Ipaja,2021-02-25,3.5
Ipaja,2021-02-26,0.8
Ipaja,2021-02-27,0.4
Ipaja,2021-02-28,0.0
Ipaja,2021-03-01,1.0
Ipaja,2021-03-02,0.5
Ipaja,2021-03-03,0.2
Ipaja,2021-03-04,0.1
Ipaja,2021-03-05,1.9
Ipaja,2021-03-06,1.2
Ipaja,2021-03-07,1.3
Ipaja,2021-03-08,2.3
Ipaja,2021-03-09,3.3
Ipaja,2021-03-10,1.5
Ipaja,2021-03-11,1.6
Ipaja,2021-03-12,3.0
Ipaja,2021-03-13,23.0
Ipaja,2021-03-14,0.0
Ipaja,2021-03-15,0.0
Ipaja,2021-03-16,0.2
Ipaja,2021-03-17,11.4
Ipaja,2021-03-18,2.4
Ipaja,2021-03-19,0.1
Ipaja,2021-03-20,0.0
Ipaja,2021-03-21,0.1
Ipaja,2021-03-22,9.5
Ipaja,2021-03-23,17.6
Ipaja,2021-03-24,3.0
Ipaja,2021-03-25,2.3
Ipaja,2021-03-26,0.0
Ipaja,2021-03-27,1.7
Ipaja,2021-03-28,1.1
Ipaja,2021-03-29,0.0
Ipaja,2021-03-30,0.4
Ipaja,2021-03-31,1.8
Ipaja,2021-04-01,1.3
Ipaja,2021-04-02,2.4
Ipaja,2021-04-03,1.7
Ipaja,2021-04-04,0.8
Ipaja,2021-04-05,0.6
Ipaja,2021-04-06,0.7
Ipaja,2021-04-07,1.5
Ipaja,2021-04-08,1.9
Ipaja,2021-04-09,0.7
Ipaja,2021-04-10,0.0
Ipaja,2021-04-11,0.0
Ipaja,2021-04-12,1.4
Ipaja,2021-04-13,0.7
Ipaja,2021-04-14,0.8
Ipaja,2021-04-15,0.2
Ipaja,2021-04-16,1.1
Ipaja,2021-04-17,1.5
Ipaja,2021-04-18,3.4
Ipaja,2021-04-19,0.0
Ipaja,2021-04-20,1.0
Ipaja,2021-04-21,0.6
Ipaja,2021-04-22,0.6
Ipaja,2021-04-23,2.5
Ipaja,2021-04-24,3.8
Ipaja,2021-04-25,0.4
Ipaja,2021-04-26,0.7
Ipaja,2021-04-27,0.6
Ipaja,2021-04-28,0.8
Ipaja,2021-04-29,0.0
Ipaja,2021-04-30,0.1
Ipaja,2021-05-01,0.1
Ipaja,2021-05-02,0.7
Ipaja,2021-05-03,7.7
Ipaja,2021-05-04,1.5
Ipaja,2021-05-05,0.6
Ipaja,2021-05-06,3.0
Ipaja,2021-05-07,2.7
Ipaja,2021-05-08,1.4
Ipaja,2021-05-09,0.8
Ipaja,2021-05-10,1.1
Ipaja,2021-05-11,0.9
Ipaja,2021-05-12,3.7
Ipaja,2021-05-13,1.0
Ipaja,2021-05-14,4.8
Ipaja,2021-05-15,4.3
Ipaja,2021-05-16,3.1
Ipaja,2021-05-17,6.3
Ipaja,2021-05-18,1.7
Ipaja,2021-05-19,2.3
Ipaja,2021-05-20,11.4
Ipaja,2021-05-21,9.4
Ipaja,2021-05-22,0.9
Ipaja,2021-05-23,0.9
Ipaja,2021-05-24,0.0
Ipaja,2021-05-25,1.3
Ipaja,2021-05-26,2.2
Ipaja,2021-05-27,5.3
Ipaja,2021-05-28,2.3
Ipaja,2021-05-29,10.4
Ipaja,2021-05-30,10.1
Ipaja,2021-05-31,2.1
Ipaja,2021-06-01,1.0
Ipaja,2021-06-02,3.3
Ipaja,2021-06-03,1.1
Ipaja,2021-06-04,9.2
Ipaja,2021-06-05,5.7
Ipaja,2021-06-06,0.7
Ipaja,2021-06-07,0.7
Ipaja,2021-06-08,8.7
Ipaja,2021-06-09,17.0
Ipaja,2021-06-10,2.1
Ipaja,2021-06-11,2.7
Ipaja,2021-06-12,1.0
Ipaja,2021-06-13,0.2
Ipaja,2021-06-14,0.2
Ipaja,2021-06-15,2.5
Ipaja,2021-06-16,9.7
Ipaja,2021-06-17,6.6
Ipaja,2021-06-18,13.7
Ipaja,2021-06-19,6.4
Ipaja,2021-06-20,16.1
Ipaja,2021-06-21,22.4
Ipaja,2021-06-22,3.1
Ipaja,2021-06-23,7.0
Ipaja,2021-06-24,11.9
Ipaja,2021-06-25,3.7
Ipaja,2021-06-26,15.8
Ipaja,2021-06-27,0.3
Ipaja,2021-06-28,14.3
Ipaja,2021-06-29,21.6
Ipaja,2021-06-30,11.0
Ipaja,2021-07-01,15.9
Ipaja,2021-07-02,22.2
Ipaja,2021-07-03,7.2
Ipaja,2021-07-04,4.4
Ipaja,2021-07-05,1.2
Ipaja,2021-07-06,4.3
Ipaja,2021-07-07,1.2
Ipaja,2021-07-08,8.5
Ipaja,2021-07-09,21.1
Ipaja,2021-07-10,1.9
Ipaja,2021-07-11,1.4
Ipaja,2021-07-12,1.1
Ipaja,2021-07-13,0.4
Ipaja,2021-07-14,5.6
Ipaja,2021-07-15,7.4
Ipaja,2021-07-16,42.6
Ipaja,2021-07-17,1.5
Ipaja,2021-07-18,1.0
Ipaja,2021-07-19,8.6
Ipaja,2021-07-20,5.2
Ipaja,2021-07-21,1.0
Ipaja,2021-07-22,0.7
Ipaja,2021-07-23,0.2
Ipaja,2021-07-24,0.5
Ipaja,2021-07-25,0.6
Ipaja,2021-07-26,0.4
Ipaja,2021-07-27,0.0
Ipaja,2021-07-28,1.0
Ipaja,2021-07-29,0.9
Ipaja,2021-07-30,5.6
Ipaja,2021-07-31,1.0
Ipaja,2021-08-01,0.6
Ipaja,2021-08-02,0.4
Ipaja,2021-08-03,18.7
Ipaja,2021-08-04,17.7
Ipaja,2021-08-05,16.3
Ipaja,2021-08-06,1.1
Ipaja,2021-08-07,15.5
Ipaja,2021-08-08,13.3
Ipaja,2021-08-09,2.4
Ipaja,2021-08-10,4.5
Ipaja,2021-08-11,2.1
Ipaja,2021-08-12,2.2
Ipaja,2021-08-13,5.1
Ipaja,2021-08-14,0.9
Ipaja,2021-08-15,2.4
Ipaja,2021-08-16,4.0
Ipaja,2021-08-17,4.9
Ipaja,2021-08-18,1.7
Ipaja,2021-08-19,6.7
Ipaja,2021-08-20,19.2
Ipaja,2021-08-21,23.4
Ipaja,2021-08-22,7.2
Ipaja,2021-08-23,5.0
Ipaja,2021-08-24,9.5
Ipaja,2021-08-25,7.8
Ipaja,2021-08-26,1.5
Ipaja,2021-08-27,13.6
Ipaja,2021-08-28,3.9
Ipaja,2021-08-29,7.3
Ipaja,2021-08-30,15.2
Ipaja,2021-08-31,1.7
Ipaja,2021-09-01,6.3
Ipaja,2021-09-02,10.3
Ipaja,2021-09-03,8.8
Ipaja,2021-09-04,34.3
Ipaja,2021-09-05,8.4
Ipaja,2021-09-06,7.4
Ipaja,2021-09-07,7.0
Ipaja,2021-09-08,2.7
Ipaja,2021-09-09,5.8
Ipaja,2021-09-10,8.0
Ipaja,2021-09-11,12.8
Ipaja,2021-09-12,0.7
Ipaja,2021-09-13,14.0
Ipaja,2021-09-14,10.5
Ipaja,2021-09-15,8.5
Ipaja,2021-09-16,1.9
Ipaja,2021-09-17,4.5
Ipaja,2021-09-18,11.2
Ipaja,2021-09-19,3.3
Ipaja,2021-09-20,0.1
Ipaja,2021-09-21,15.3
Ipaja,2021-09-22,16.4
Ipaja,2021-09-23,3.0
Ipaja,2021-09-24,11.5
Ipaja,2021-09-25,36.5
Ipaja,2021-09-26,6.1
Ipaja,2021-09-27,7.6
Ipaja,2021-09-28,1.5
Ipaja,2021-09-29,11.0
Ipaja,2021-09-30,13.9
Ipaja,2021-10-01,9.2
Ipaja,2021-10-02,1.9
Ipaja,2021-10-03,5.0
Ipaja,2021-10-04,1.2
Ipaja,2021-10-05,5.1
Ipaja,2021-10-06,13.9
Ipaja,2021-10-07,1.8
Ipaja,2021-10-08,2.1
Ipaja,2021-10-09,13.2
Ipaja,2021-10-10,10.7
Ipaja,2021-10-11,3.8
Ipaja,2021-10-12,5.0
Ipaja,2021-10-13,7.7
Ipaja,2021-10-14,5.8
Ipaja,2021-10-15,2.7
Ipaja,2021-10-16,0.6
Ipaja,2021-10-17,3.5
Ipaja,2021-10-18,12.8
Ipaja,2021-10-19,11.3
Ipaja,2021-10-20,2.5
Ipaja,2021-10-21,14.9
Ipaja,2021-10-22,12.2
Ipaja,2021-10-23,25.6
Ipaja,2021-10-24,7.2
Ipaja,2021-10-25,5.1
Ipaja,2021-10-26,12.0
Ipaja,2021-10-27,14.3
Ipaja,2021-10-28,3.8
Ipaja,2021-10-29,0.8
Ipaja,2021-10-30,0.4
Ipaja,2021-10-31,0.8
Ipaja,2021-11-01,2.1
Ipaja,2021-11-02,0.5
Ipaja,2021-11-03,0.0
Ipaja,2021-11-04,3.4
Ipaja,2021-11-05,4.6
Ipaja,2021-11-06,0.5
Ipaja,2021-11-07,10.1
Ipaja,2021-11-08,9.5
Ipaja,2021-11-09,6.7
Ipaja,2021-11-10,6.9
Ipaja,2021-11-11,15.4
Ipaja,2021-11-12,1.1
Ipaja,2021-11-13,2.0
Ipaja,2021-11-14,2.2
Ipaja,2021-11-15,2.4
Ipaja,2021-11-16,7.1
Ipaja,2021-11-17,0.3
Ipaja,2021-11-18,3.1
Ipaja,2021-11-19,2.2
Ipaja,2021-11-20,0.0
Ipaja,2021-11-21,0.7
Ipaja,2021-11-22,0.8
Ipaja,2021-11-23,1.7
Ipaja,2021-11-24,1.2
Ipaja,2021-11-25,0.8
Ipaja,2021-11-26,2.2
Ipaja,2021-11-27,2.0
Ipaja,2021-11-28,0.6
Ipaja,2021-11-29,0.4
Ipaja,2021-11-30,1.1
Ipaja,2021-12-01,0.0
Ipaja,2021-12-02,0.6
Ipaja,2021-12-03,0.0
Ipaja,2021-12-04,0.0
Ipaja,2021-12-05,1.2
Ipaja,2021-12-06,1.6
Ipaja,2021-12-07,0.6
Ipaja,2021-12-08,0.3
Ipaja,2021-12-09,0.0
Ipaja,2021-12-10,0.0
Ipaja,2021-12-11,0.0
Ipaja,2021-12-12,0.0
Ipaja,2021-12-13,0.0
Ipaja,2021-12-14,0.0
Ipaja,2021-12-15,0.0
Ipaja,2021-12-16,0.0
Ipaja,2021-12-17,0.1
Ipaja,2021-12-18,0.0
Ipaja,2021-12-19,0.0
Ipaja,2021-12-20,0.0
Ipaja,2021-12-21,0.0
Ipaja,2021-12-22,0.0
Ipaja,2021-12-23,0.0
Ipaja,2021-12-24,0.0
Ipaja,2021-12-25,0.0
Ipaja,2021-12-26,0.4
Ipaja,2021-12-27,0.4
Ipaja,2021-12-28,0.1
Ipaja,2021-12-29,1.1
Ipaja,2021-12-30,0.0
Ipaja,2021-12-31,1.7
Ipaja,2022-01-01,1.0
Ipaja,2022-01-02,0.1
Ipaja,2022-01-03,0.0
Ipaja,2022-01-04,0.0
Ipaja,2022-01-05,0.0
Ipaja,2022-01-06,0.0
Ipaja,2022-01-07,0.0
Ipaja,2022-01-08,2.6
Ipaja,2022-01-09,0.0
Ipaja,2022-01-10,0.1
Ipaja,2022-01-11,0.4
Ipaja,2022-01-12,1.1
Ipaja,2022-01-13,8.1
Ipaja,2022-01-14,0.1
Ipaja,2022-01-15,0.0
Ipaja,2022-01-16,0.0
Ipaja,2022-01-17,0.0
Ipaja,2022-01-18,0.3
Ipaja,2022-01-19,2.4
Ipaja,2022-01-20,0.0
Ipaja,2022-01-21,0.0
Ipaja,2022-01-22,0.0
Ipaja,2022-01-23,0.0
Ipaja,2022-01-24,0.0
Ipaja,2022-01-25,0.0
Ipaja,2022-01-26,0.0
Ipaja,2022-01-27,0.0
Ipaja,2022-01-28,0.0
Ipaja,2022-01-29,0.0
Ipaja,2022-01-30,0.0
Ipaja,2022-01-31,0.0
Ipaja,2022-02-01,0.0
Ipaja,2022-02-02,0.0
Ipaja,2022-02-03,0.4
Ipaja,2022-02-04,0.1
Ipaja,2022-02-05,0.1
Ipaja,2022-02-06,0.0
Ipaja,2022-02-07,0.0
Ipaja,2022-02-08,0.8
Ipaja,2022-02-09,0.7
Ipaja,2022-02-10,0.0
Ipaja,2022-02-11,0.3
Ipaja,2022-02-12,0.3
Ipaja,2022-02-13,0.2
Ipaja,2022-02-14,0.5
Ipaja,2022-02-15,0.2
Ipaja,2022-02-16,0.8
Ipaja,2022-02-17,0.9
Ipaja,2022-02-18,0.1
Ipaja,2022-02-19,2.0
Ipaja,2022-02-20,0.4
Ipaja,2022-02-21,1.0
Ipaja,2022-02-22,1.7
Ipaja,2022-02-23,1.5
Ipaja,2022-02-24,0.5
Ipaja,2022-02-25,1.5
Ipaja,2022-02-26,0.8
Ipaja,2022-02-27,3.9
Ipaja,2022-02-28,1.0
Ipaja,2022-03-01,0.4
Ipaja,2022-03-02,0.3
Ipaja,2022-03-03,1.1
Ipaja,2022-03-04,13.9
Ipaja,2022-03-05,0.1
Ipaja,2022-03-06,3.1
Ipaja,2022-03-07,1.1
Ipaja,2022-03-08,0.5
Ipaja,2022-03-09,0.3
Ipaja,2022-03-10,0.2
Ipaja,2022-03-11,8.7
Ipaja,2022-03-12,13.5
Ipaja,2022-03-13,7.6
Ipaja,2022-03-14,0.1
Ipaja,2022-03-15,7.4
Ipaja,2022-03-16,2.2
Ipaja,2022-03-17,0.9
Ipaja,2022-03-18,2.2
Ipaja,2022-03-19,0.9
Ipaja,2022-03-20,1.2
Ipaja,2022-03-21,0.9
Ipaja,2022-03-22,2.4
Ipaja,2022-03-23,0.9
Ipaja,2022-03-24,2.8
Ipaja,2022-03-25,0.8
Ipaja,2022-03-26,0.2
Ipaja,2022-03-27,1.4
Ipaja,2022-03-28,1.0
Ipaja,2022-03-29,2.6
Ipaja,2022-03-30,0.5
Ipaja,2022-03-31,0.0
Ipaja,2022-04-01,11.9
Ipaja,2022-04-02,2.9
Ipaja,2022-04-03,1.5
Ipaja,2022-04-04,0.9
Ipaja,2022-04-05,2.0
Ipaja,2022-04-06,0.6
Ipaja,2022-04-07,3.9
Ipaja,2022-04-08,1.2
Ipaja,2022-04-09,1.4
Ipaja,2022-04-10,0.0
Ipaja,2022-04-11,0.4
Ipaja,2022-04-12,18.6
Ipaja,2022-04-13,2.1
Ipaja,2022-04-14,2.5
Ipaja,2022-04-15,2.4
Ipaja,2022-04-16,9.0
Ipaja,2022-04-17,8.3
Ipaja,2022-04-18,1.7
Ipaja,2022-04-19,0.7
Ipaja,2022-04-20,1.9
Ipaja,2022-04-21,3.4
Ipaja,2022-04-22,1.4
Ipaja,2022-04-23,1.0
Ipaja,2022-04-24,0.3
Ipaja,2022-04-25,0.8
Ipaja,2022-04-26,4.1
Ipaja,2022-04-27,18.4
Ipaja,2022-04-28,1.8
Ipaja,2022-04-29,3.5
Ipaja,2022-04-30,1.9
Ipaja,2022-05-01,0.8
Ipaja,2022-05-02,1.6
Ipaja,2022-05-03,1.1
Ipaja,2022-05-04,11.5
Ipaja,2022-05-05,0.0
Ipaja,2022-05-06,7.9
Ipaja,2022-05-07,0.3
Ipaja,2022-05-08,0.6
Ipaja,2022-05-09,9.4
Ipaja,2022-05-10,1.3
Ipaja,2022-05-11,3.6
Ipaja,2022-05-12,5.5
Ipaja,2022-05-13,6.4
Ipaja,2022-05-14,0.4
Ipaja,2022-05-15,3.0
Ipaja,2022-05-16,1.4
Ipaja,2022-05-17,0.2
Ipaja,2022-05-18,2.2
Ipaja,2022-05-19,10.3
Ipaja,2022-05-20,14.5
Ipaja,2022-05-21,27.7
Ipaja,2022-05-22,17.7
Ipaja,2022-05-23,5.0
Ipaja,2022-05-24,1.1
Ipaja,2022-05-25,2.0
Ipaja,2022-05-26,9.7
Ipaja,2022-05-27,7.7
Ipaja,2022-05-28,0.7
Ipaja,2022-05-29,2.7
Ipaja,2022-05-30,1.8
Ipaja,2022-05-31,1.9
Ipaja,2022-06-01,0.2
Ipaja,2022-06-02,7.2
Ipaja,2022-06-03,6.8
Ipaja,2022-06-04,13.0
Ipaja,2022-06-05,18.3
Ipaja,2022-06-06,5.8
Ipaja,2022-06-07,2.3
Ipaja,2022-06-08,5.7
Ipaja,2022-06-09,3.4
Ipaja,2022-06-10,5.7
Ipaja,2022-06-11,13.1
Ipaja,2022-06-12,1.9
Ipaja,2022-06-13,3.5
Ipaja,2022-06-14,22.0
Ipaja,2022-06-15,11.6
Ipaja,2022-06-16,41.6
Ipaja,2022-06-17,2.2
Ipaja,2022-06-18,12.0
Ipaja,2022-06-19,0.6
Ipaja,2022-06-20,6.4
Ipaja,2022-06-21,6.5
Ipaja,2022-06-22,4.5
Ipaja,2022-06-23,5.0
Ipaja,2022-06-24,11.3
Ipaja,2022-06-25,0.2
Ipaja,2022-06-26,7.5
Ipaja,2022-06-27,14.7
Ipaja,2022-06-28,5.8
Ipaja,2022-06-29,11.2
Ipaja,2022-06-30,19.6
Ipaja,2022-07-01,5.4
Ipaja,2022-07-02,0.9
Ipaja,2022-07-03,3.1
Ipaja,2022-07-04,11.9
Ipaja,2022-07-05,17.6
Ipaja,2022-07-06,5.0
Ipaja,2022-07-07,3.7
Ipaja,2022-07-08,29.0
Ipaja,2022-07-09,7.7
Ipaja,2022-07-10,3.4
Ipaja,2022-07-11,4.4
Ipaja,2022-07-12,2.8
Ipaja,2022-07-13,4.1
Ipaja,2022-07-14,1.9
Ipaja,2022-07-15,3.5
Ipaja,2022-07-16,3.1
Ipaja,2022-07-17,1.1
Ipaja,2022-07-18,0.9
Ipaja,2022-07-19,0.0
Ipaja,2022-07-20,1.3
Ipaja,2022-07-21,1.3
Ipaja,2022-07-22,0.6
Ipaja,2022-07-23,3.6
Ipaja,2022-07-24,1.1
Ipaja,2022-07-25,2.4
Ipaja,2022-07-26,7.6
Ipaja,2022-07-27,5.9
Ipaja,2022-07-28,2.2
Ipaja,2022-07-29,1.3
Ipaja,2022-07-30,2.1
Ipaja,2022-07-31,1.9
Ipaja,2022-08-01,7.1
Ipaja,2022-08-02,0.5
Ipaja,2022-08-03,1.2
Ipaja,2022-08-04,0.5
Ipaja,2022-08-05,0.1
Ipaja,2022-08-06,2.1
Ipaja,2022-08-07,0.3
Ipaja,2022-08-08,0.2
Ipaja,2022-08-09,0.8
Ipaja,2022-08-10,0.0
Ipaja,2022-08-11,1.3
Ipaja,2022-08-12,2.9
Ipaja,2022-08-13,2.0
Ipaja,2022-08-14,1.9
Ipaja,2022-08-15,4.7
Ipaja,2022-08-16,1.7
Ipaja,2022-08-17,1.1
Ipaja,2022-08-18,0.8
Ipaja,2022-08-19,8.3
Ipaja,2022-08-20,1.1
Ipaja,2022-08-21,1.9
Ipaja,2022-08-22,1.6
Ipaja,2022-08-23,8.8
Ipaja,2022-08-24,0.9
Ipaja,2022-08-25,1.1
Ipaja,2022-08-26,32.7
Ipaja,2022-08-27,12.2
Ipaja,2022-08-28,1.4
Ipaja,2022-08-29,1.7
Ipaja,2022-08-30,14.8
Ipaja,2022-08-31,6.4
Ipaja,2022-09-01,3.8
Ipaja,2022-09-02,3.2
Ipaja,2022-09-03,2.4
Ipaja,2022-09-04,12.2
Ipaja,2022-09-05,2.4
Ipaja,2022-09-06,2.1
Ipaja,2022-09-07,4.4
Ipaja,2022-09-08,3.3
Ipaja,2022-09-09,2.3
Ipaja,2022-09-10,0.7
Ipaja,2022-09-11,9.3
Ipaja,2022-09-12,18.6
Ipaja,2022-09-13,2.7
Ipaja,2022-09-14,2.7
Ipaja,2022-09-15,15.0
Ipaja,2022-09-16,1.4
Ipaja,2022-09-17,0.7
Ipaja,2022-09-18,6.3
Ipaja,2022-09-19,23.4
Ipaja,2022-09-20,1.9
Ipaja,2022-09-21,14.2
Ipaja,2022-09-22,4.4
Ipaja,2022-09-23,4.5
Ipaja,2022-09-24,9.8
Ipaja,2022-09-25,2.6
Ipaja,2022-09-26,8.6
Ipaja,2022-09-27,12.1
Ipaja,2022-09-28,12.3
Ipaja,2022-09-29,10.6
Ipaja,2022-09-30,10.7
Ipaja,2022-10-01,15.4
Ipaja,2022-10-02,4.0
Ipaja,2022-10-03,0.5
Ipaja,2022-10-04,12.8
Ipaja,2022-10-05,3.0
Ipaja,2022-10-06,10.7
Ipaja,2022-10-07,2.0
Ipaja,2022-10-08,0.5
Ipaja,2022-10-09,15.1
Ipaja,2022-10-10,20.1
Ipaja,2022-10-11,3.6
Ipaja,2022-10-12,16.2
Ipaja,2022-10-13,27.0
Ipaja,2022-10-14,7.9
Ipaja,2022-10-15,28.2
Ipaja,2022-10-16,3.7
Ipaja,2022-10-17,0.9
Ipaja,2022-10-18,5.1
Ipaja,2022-10-19,1.2
Ipaja,2022-10-20,2.4
Ipaja,2022-10-21,4.1
Ipaja,2022-10-22,5.3
Ipaja,2022-10-23,10.0
Ipaja,2022-10-24,4.7
Ipaja,2022-10-25,9.1
Ipaja,2022-10-26,1.6
Ipaja,2022-10-27,1.3
Ipaja,2022-10-28,0.8
Ipaja,2022-10-29,0.2
Ipaja,2022-10-30,6.1
Ipaja,2022-10-31,0.5
Ipaja,2022-11-01,8.3
Ipaja,2022-11-02,0.0
Ipaja,2022-11-03,0.9
Ipaja,2022-11-04,1.5
Ipaja,2022-11-05,2.0
Ipaja,2022-11-06,1.6
Ipaja,2022-11-07,0.1
Ipaja,2022-11-08,0.1
Ipaja,2022-11-09,1.4
Ipaja,2022-11-10,2.1
Ipaja,2022-11-11,1.2
Ipaja,2022-11-12,1.7
Ipaja,2022-11-13,2.3
Ipaja,2022-11-14,1.0
Ipaja,2022-11-15,0.3
Ipaja,2022-11-16,0.0
Ipaja,2022-11-17,0.4
Ipaja,2022-11-18,0.8
Ipaja,2022-11-19,2.4
Ipaja,2022-11-20,0.4
Ipaja,2022-11-21,0.0
Ipaja,2022-11-22,0.5
Ipaja,2022-11-23,0.3
Ipaja,2022-11-24,0.0
Ipaja,2022-11-25,0.0
Ipaja,2022-11-26,0.1
Ipaja,2022-11-27,0.7
Ipaja,2022-11-28,4.2
Ipaja,2022-11-29,1.7
Ipaja,2022-11-30,0.5
Ipaja,2022-12-01,1.2
Ipaja,2022-12-02,5.0
Ipaja,2022-12-03,0.2
Ipaja,2022-12-04,0.9
Ipaja,2022-12-05,0.9
Ipaja,2022-12-06,0.2
Ipaja,2022-12-07,0.1
Ipaja,2022-12-08,0.9
Ipaja,2022-12-09,0.0
Ipaja,2022-12-10,0.0
Ipaja,2022-12-11,0.0
Ipaja,2022-12-12,0.3
Ipaja,2022-12-13,0.5
Ipaja,2022-12-14,0.0
Ipaja,2022-12-15,0.6
Ipaja,2022-12-16,0.4
Ipaja,2022-12-17,0.9
Ipaja,2022-12-18,0.8
Ipaja,2022-12-19,0.0
Ipaja,2022-12-20,0.0
Ipaja,2022-12-21,0.0
Ipaja,2022-12-22,0.1
Ipaja,2022-12-23,0.0
Ipaja,2022-12-24,0.0
Ipaja,2022-12-25,0.0
Ipaja,2022-12-26,0.0
Ipaja,2022-12-27,0.0
Ipaja,2022-12-28,0.0
Ipaja,2022-12-29,0.0
Ipaja,2022-12-30,0.0
Ipaja,2022-12-31,0.0
Ipaja,2023-01-01,0.0
Ipaja,2023-01-02,0.0
Ipaja,2023-01-03,0.0
Ipaja,2023-01-04,0.0
Ipaja,2023-01-05,0.0
Ipaja,2023-01-06,0.0
Ipaja,2023-01-07,0.0
Ipaja,2023-01-08,0.0
Ipaja,2023-01-09,0.0
Ipaja,2023-01-10,0.0
Ipaja,2023-01-11,0.0
Ipaja,2023-01-12,0.0
Ipaja,2023-01-13,0.0
Ipaja,2023-01-14,0.1
Ipaja,2023-01-15,0.5
Ipaja,2023-01-16,0.0
Ipaja,2023-01-17,0.0
Ipaja,2023-01-18,0.0
Ipaja,2023-01-19,0.0
Ipaja,2023-01-20,0.2
Ipaja,2023-01-21,1.7
Ipaja,2023-01-22,1.1
Ipaja,2023-01-23,0.7
Ipaja,2023-01-24,2.7
Ipaja,2023-01-25,0.1
Ipaja,2023-01-26,0.2
Ipaja,2023-01-27,2.5
Ipaja,2023-01-28,3.1
Ipaja,2023-01-29,0.5
Ipaja,2023-01-30,0.2
Ipaja,2023-01-31,0.2
Ipaja,2023-02-01,0.0
Ipaja,2023-02-02,0.6
Ipaja,2023-02-03,2.3
Ipaja,2023-02-04,0.2
Ipaja,2023-02-05,1.6
Ipaja,2023-02-06,1.6
Ipaja,2023-02-07,0.2
Ipaja,2023-02-08,1.4
Ipaja,2023-02-09,0.9
Ipaja,2023-02-10,0.2
Ipaja,2023-02-11,0.3
Ipaja,2023-02-12,0.4
Ipaja,2023-02-13,0.0
Ipaja,2023-02-14,0.0
Ipaja,2023-02-15,0.0
Ipaja,2023-02-16,0.0
Ipaja,2023-02-17,0.0
Ipaja,2023-02-18,0.0
Ipaja,2023-02-19,0.0
Ipaja,2023-02-20,0.0
Ipaja,2023-02-21,0.0
Ipaja,2023-02-22,0.6
Ipaja,2023-02-23,0.9
Ipaja,2023-02-24,2.5
Ipaja,2023-02-25,0.6
Ipaja,2023-02-26,0.7
Ipaja,2023-02-27,0.1
Ipaja,2023-02-28,1.1
Ipaja,2023-03-01,0.0
Ipaja,2023-03-02,0.3
Ipaja,2023-03-03,2.3
Ipaja,2023-03-04,7.5
Ipaja,2023-03-05,0.1
Ipaja,2023-03-06,6.8
Ipaja,2023-03-07,0.2
Ipaja,2023-03-08,0.3
Ipaja,2023-03-09,3.7
Ipaja,2023-03-10,0.1
Ipaja,2023-03-11,0.6
Ipaja,2023-03-12,0.0
Ipaja,2023-03-13,0.7
Ipaja,2023-03-14,1.0
Ipaja,2023-03-15,3.2
Ipaja,2023-03-16,8.9
Ipaja,2023-03-17,0.6
Ipaja,2023-03-18,0.9
Ipaja,2023-03-19,9.1
Ipaja,2023-03-20,0.1
Ipaja,2023-03-21,0.5
Ipaja,2023-03-22,0.4
Ipaja,2023-03-23,8.0
Ipaja,2023-03-24,1.2
Ipaja,2023-03-25,0.2
Ipaja,2023-03-26,2.7
Ipaja,2023-03-27,0.3
Ipaja,2023-03-28,1.3
Ipaja,2023-03-29,0.3
Ipaja,2023-03-30,0.8
Ipaja,2023-03-31,16.8
Ipaja,2023-04-01,1.4
Ipaja,2023-04-02,0.8
Ipaja,2023-04-03,0.6
Ipaja,2023-04-04,3.0
Ipaja,2023-04-05,0.2
Ipaja,2023-04-06,0.6
Ipaja,2023-04-07,9.4
Ipaja,2023-04-08,9.3
Ipaja,2023-04-09,17.2
Ipaja,2023-04-10,0.2
Ipaja,2023-04-11,1.7
Ipaja,2023-04-12,0.7
Ipaja,2023-04-13,0.5
Ipaja,2023-04-14,0.4
Ipaja,2023-04-15,5.6
Ipaja,2023-04-16,1.7
Ipaja,2023-04-17,7.2
Ipaja,2023-04-18,0.7
Ipaja,2023-04-19,3.6
Ipaja,2023-04-20,1.9
Ipaja,2023-04-21,0.9
Ipaja,2023-04-22,2.8
Ipaja,2023-04-23,3.0
Ipaja,2023-04-24,0.7
Ipaja,2023-04-25,0.9
Ipaja,2023-04-26,2.4
Ipaja,2023-04-27,19.8
Ipaja,2023-04-28,0.3
Ipaja,2023-04-29,9.4
Ipaja,2023-04-30,0.1
Ipaja,2023-05-01,3.5
Ipaja,2023-05-02,9.9
Ipaja,2023-05-03,6.9
Ipaja,2023-05-04,4.7
Ipaja,2023-05-05,0.4
Ipaja,2023-05-06,0.3
Ipaja,2023-05-07,1.2
Ipaja,2023-05-08,0.4
Ipaja,2023-05-09,4.6
Ipaja,2023-05-10,1.2
Ipaja,2023-05-11,5.5
Ipaja,2023-05-12,4.4
Ipaja,2023-05-13,1.5
Ipaja,2023-05-14,11.7
Ipaja,2023-05-15,66.2
Ipaja,2023-05-16,2.6
Ipaja,2023-05-17,2.6
Ipaja,2023-05-18,1.4
Ipaja,2023-05-19,4.8
Ipaja,2023-05-20,5.8
Ipaja,2023-05-21,4.2
Ipaja,2023-05-22,2.1
Ipaja,2023-05-23,3.3
Ipaja,2023-05-24,1.8
Ipaja,2023-05-25,0.9
Ipaja,2023-05-26,2.1
Ipaja,2023-05-27,1.0
Ipaja,2023-05-28,3.0
Ipaja,2023-05-29,0.8
Ipaja,2023-05-30,1.4
Ipaja,2023-05-31,5.7
Ipaja,2023-06-01,3.4
Ipaja,2023-06-02,4.8
Ipaja,2023-06-03,9.3
Ipaja,2023-06-04,0.9
Ipaja,2023-06-05,3.2
Ipaja,2023-06-06,14.0
Ipaja,2023-06-07,12.2
Ipaja,2023-06-08,15.3
Ipaja,2023-06-09,2.1
Ipaja,2023-06-10,14.5
Ipaja,2023-06-11,10.1
Ipaja,2023-06-12,0.0
Ipaja,2023-06-13,0.0
Ipaja,2023-06-14,16.6
Ipaja,2023-06-15,10.4
Ipaja,2023-06-16,17.7
Ipaja,2023-06-17,4.6
Ipaja,2023-06-18,1.8
Ipaja,2023-06-19,2.9
Ipaja,2023-06-20,3.7
Ipaja,2023-06-21,14.4
Ipaja,2023-06-22,9.6
Ipaja,2023-06-23,18.6
Ipaja,2023-06-24,20.1
Ipaja,2023-06-25,1.9
Ipaja,2023-06-26,0.0
Ipaja,2023-06-27,0.6
Ipaja,2023-06-28,14.1
Ipaja,2023-06-29,1.7
Ipaja,2023-06-30,1.1
Ipaja,2023-07-01,6.3
Ipaja,2023-07-02,14.8
Ipaja,2023-07-03,2.7
Ipaja,2023-07-04,9.5
Ipaja,2023-07-05,0.7
Ipaja,2023-07-06,1.3
Ipaja,2023-07-07,9.9
Ipaja,2023-07-08,9.6
Ipaja,2023-07-09,31.1
Ipaja,2023-07-10,1.4
Ipaja,2023-07-11,2.2
Ipaja,2023-07-12,40.4
Ipaja,2023-07-13,1.7
Ipaja,2023-07-14,3.6
Ipaja,2023-07-15,2.4
Ipaja,2023-07-16,16.8
Ipaja,2023-07-17,2.4
Ipaja,2023-07-18,8.6
Ipaja,2023-07-19,1.6
Ipaja,2023-07-20,2.9
Ipaja,2023-07-21,9.4
Ipaja,2023-07-22,15.0
Ipaja,2023-07-23,32.2
Ipaja,2023-07-24,26.8
Ipaja,2023-07-25,0.9
Ipaja,2023-07-26,0.9
Ipaja,2023-07-27,3.6
Ipaja,2023-07-28,6.6
Ipaja,2023-07-29,6.5
Ipaja,2023-07-30,3.4
Ipaja,2023-07-31,6.5
Ipaja,2023-08-01,21.0
Ipaja,2023-08-02,1.2
Ipaja,2023-08-03,2.1
Ipaja,2023-08-04,1.5
Ipaja,2023-08-05,1.5
Ipaja,2023-08-06,1.5
Ipaja,2023-08-07,2.6
Ipaja,2023-08-08,4.6
Ipaja,2023-08-09,5.2
Ipaja,2023-08-10,2.2
Ipaja,2023-08-11,2.8
Ipaja,2023-08-12,11.7
Ipaja,2023-08-13,3.6
Ipaja,2023-08-14,15.2
Ipaja,2023-08-15,10.0
Ipaja,2023-08-16,7.1
Ipaja,2023-08-17,17.6
Ipaja,2023-08-18,7.3
Ipaja,2023-08-19,4.2
Ipaja,2023-08-20,3.6
Ipaja,2023-08-21,1.5
Ipaja,2023-08-22,1.7
Ipaja,2023-08-23,8.0
Ipaja,2023-08-24,1.9
Ipaja,2023-08-25,2.9
Ipaja,2023-08-26,2.1
Ipaja,2023-08-27,5.1
Ipaja,2023-08-28,6.9
Ipaja,2023-08-29,1.6
Ipaja,2023-08-30,23.7
Ipaja,2023-08-31,9.6
Ipaja,2023-09-01,7.3
Ipaja,2023-09-02,3.2
Ipaja,2023-09-03,20.6
Ipaja,2023-09-04,3.9
Ipaja,2023-09-05,10.0
Ipaja,2023-09-06,1.6
Ipaja,2023-09-07,0.3
Ipaja,2023-09-08,23.2
Ipaja,2023-09-09,18.6
Ipaja,2023-09-10,2.1
Ipaja,2023-09-11,1.6
Ipaja,2023-09-12,3.9
Ipaja,2023-09-13,9.8
Ipaja,2023-09-14,3.9
Ipaja,2023-09-15,12.0
Ipaja,2023-09-16,45.5
Ipaja,2023-09-17,8.1
Ipaja,2023-09-18,9.9
Ipaja,2023-09-19,11.5
Ipaja,2023-09-20,3.0
Ipaja,2023-09-21,2.1
Ipaja,2023-09-22,5.9
Ipaja,2023-09-23,19.9
Ipaja,2023-09-24,36.8
Ipaja,2023-09-25,3.2
Ipaja,2023-09-26,2.5
Ipaja,2023-09-27,0.3
Ipaja,2023-09-28,0.9
Ipaja,2023-09-29,16.2
Ipaja,2023-09-30,3.3
Ipaja,2023-10-01,3.0
Ipaja,2023-10-02,3.9
Ipaja,2023-10-03,3.3
Ipaja,2023-10-04,5.6
Ipaja,2023-10-05,7.5
Ipaja,2023-10-06,2.9
Ipaja,2023-10-07,19.2
Ipaja,2023-10-08,18.1
Ipaja,2023-10-09,17.4
Ipaja,2023-10-10,4.6
Ipaja,2023-10-11,1.6
Ipaja,2023-10-12,9.4
Ipaja,2023-10-13,5.2
Ipaja,2023-10-14,3.0
Ipaja,2023-10-15,9.0
Ipaja,2023-10-16,5.1
Ipaja,2023-10-17,9.1
Ipaja,2023-10-18,0.0
Ipaja,2023-10-19,3.6
Ipaja,2023-10-20,1.7
Ipaja,2023-10-21,3.5
Ipaja,2023-10-22,2.8
Ipaja,2023-10-23,7.5
Ipaja,2023-10-24,4.5
Ipaja,2023-10-25,7.5
Ipaja,2023-10-26,6.9
Ipaja,2023-10-27,1.9
Ipaja,2023-10-28,2.0
Ipaja,2023-10-29,1.4
Ipaja,2023-10-30,3.1
Ipaja,2023-10-31,1.0
Ipaja,2023-11-01,0.9
Ipaja,2023-11-02,0.3
Ipaja,2023-11-03,2.1
Ipaja,2023-11-04,2.3
Ipaja,2023-11-05,9.5
Ipaja,2023-11-06,13.9
Ipaja,2023-11-07,5.8
Ipaja,2023-11-08,1.9
Ipaja,2023-11-09,0.3
Ipaja,2023-11-10,1.1
Ipaja,2023-11-11,2.7
Ipaja,2023-11-12,2.0
Ipaja,2023-11-13,2.0
Ipaja,2023-11-14,0.9
Ipaja,2023-11-15,3.9
Ipaja,2023-11-16,0.3
Ipaja,2023-11-17,0.4
Ipaja,2023-11-18,0.4
Ipaja,2023-11-19,0.0
Ipaja,2023-11-20,0.4
Ipaja,2023-11-21,0.0
Ipaja,2023-11-22,0.8
Ipaja,2023-11-23,0.3
Ipaja,2023-11-24,4.2
Ipaja,2023-11-25,11.0
Ipaja,2023-11-26,9.6
Ipaja,2023-11-27,0.0
Ipaja,2023-11-28,1.2
Ipaja,2023-11-29,1.8
Ipaja,2023-11-30,0.6
Ipaja,2023-12-01,1.1
Ipaja,2023-12-02,0.7
Ipaja,2023-12-03,0.0
Ipaja,2023-12-04,0.0
Ipaja,2023-12-05,0.7
Ipaja,2023-12-06,1.6
Ipaja,2023-12-07,1.2
Ipaja,2023-12-08,0.0
Ipaja,2023-12-09,0.2
Ipaja,2023-12-10,1.1
Ipaja,2023-12-11,0.0
Ipaja,2023-12-12,1.4
Ipaja,2023-12-13,0.0
Ipaja,2023-12-14,0.0
Ipaja,2023-12-15,0.0
Ipaja,2023-12-16,0.0
Ipaja,2023-12-17,0.0
Ipaja,2023-12-18,0.0
Ipaja,2023-12-19,0.0
Ipaja,2023-12-20,0.0
Ipaja,2023-12-21,0.0
Ipaja,2023-12-22,0.0
Ipaja,2023-12-23,0.0
Ipaja,2023-12-24,0.0
Ipaja,2023-12-25,0.0
Ipaja,2023-12-26,0.0
Ipaja,2023-12-27,0.0
Ipaja,2023-12-28,0.0
Ipaja,2023-12-29,0.0
Ipaja,2023-12-30,0.0
Ipaja,2023-12-31,0.1
Ipaja,2024-01-01,0.2
Ipaja,2024-01-02,0.2
Ipaja,2024-01-03,1.9
Ipaja,2024-01-04,0.4
Ipaja,2024-01-05,0.7
Ipaja,2024-01-06,1.4
Ipaja,2024-01-07,0.7
Ipaja,2024-01-08,2.9
Ipaja,2024-01-09,1.0
Ipaja,2024-01-10,0.2
Ipaja,2024-01-11,0.2
Ipaja,2024-01-12,0.2
Ipaja,2024-01-13,0.0
Ipaja,2024-01-14,0.2
Ipaja,2024-01-15,0.1
Ipaja,2024-01-16,0.0
Ipaja,2024-01-17,0.0
Ipaja,2024-01-18,0.0
Ipaja,2024-01-19,0.0
Ipaja,2024-01-20,0.0
Ipaja,2024-01-21,0.0
Ipaja,2024-01-22,0.0
Ipaja,2024-01-23,0.0
Ipaja,2024-01-24,2.3
Ipaja,2024-01-25,0.0
Ipaja,2024-01-26,0.0
Ipaja,2024-01-27,0.0
Ipaja,2024-01-28,0.0
Ipaja,2024-01-29,0.0
Ipaja,2024-01-30,0.0
Ipaja,2024-01-31,0.0
Ipaja,2024-02-01,0.0
Ipaja,2024-02-02,0.0
Ipaja,2024-02-03,0.0
Ipaja,2024-02-04,0.0
Ipaja,2024-02-05,0.0
Ipaja,2024-02-06,0.0
Ipaja,2024-02-07,0.0
Ipaja,2024-02-08,0.0
Ipaja,2024-02-09,0.0
Ipaja,2024-02-10,0.0
Ipaja,2024-02-11,0.0
Ipaja,2024-02-12,0.6
Ipaja,2024-02-13,1.8
Ipaja,2024-02-14,0.2
Ipaja,2024-02-15,0.5
Ipaja,2024-02-16,0.0
Ipaja,2024-02-17,0.9
Ipaja,2024-02-18,4.3
Ipaja,2024-02-19,1.9
Ipaja,2024-02-20,10.2
Ipaja,2024-02-21,0.7
Ipaja,2024-02-22,4.0
Ipaja,2024-02-23,4.1
Ipaja,2024-02-24,0.1
Ipaja,2024-02-25,0.1
Ipaja,2024-02-26,2.4
Ipaja,2024-02-27,2.2
Ipaja,2024-02-28,0.5
Ipaja,2024-02-29,0.1
Ipaja,2024-03-01,1.3
Ipaja,2024-03-02,3.8
Ipaja,2024-03-03,11.0
Ipaja,2024-03-04,0.0
Ipaja,2024-03-05,1.5
Ipaja,2024-03-06,0.5
Ipaja,2024-03-07,3.0
Ipaja,2024-03-08,0.8
Ipaja,2024-03-09,3.8
Ipaja,2024-03-10,0.0
Ipaja,2024-03-11,0.4
Ipaja,2024-03-12,0.6
Ipaja,2024-03-13,0.6
Ipaja,2024-03-14,10.0
Ipaja,2024-03-15,0.0
Ipaja,2024-03-16,0.5
Ipaja,2024-03-17,0.2
Ipaja,2024-03-18,2.7
Ipaja,2024-03-19,0.8
Ipaja,2024-03-20,1.6
Ipaja,2024-03-21,20.9
Ipaja,2024-03-22,0.0
Ipaja,2024-03-23,2.0
Ipaja,2024-03-24,0.2
Ipaja,2024-03-25,0.9
Ipaja,2024-03-26,1.3
Ipaja,2024-03-27,0.3
Ipaja,2024-03-28,7.5
Ipaja,2024-03-29,9.6
Ipaja,2024-03-30,1.1
Ipaja,2024-03-31,0.6
Ipaja,2024-04-01,4.3
Ipaja,2024-04-02,0.3
Ipaja,2024-04-03,0.3
Ipaja,2024-04-04,1.6
Ipaja,2024-04-05,9.3
Ipaja,2024-04-06,16.2
Ipaja,2024-04-07,0.8
Ipaja,2024-04-08,0.2
Ipaja,2024-04-09,0.0
Ipaja,2024-04-10,8.1
Ipaja,2024-04-11,1.0
Ipaja,2024-04-12,0.0
Ipaja,2024-04-13,1.7
Ipaja,2024-04-14,0.6
Ipaja,2024-04-15,0.8
Ipaja,2024-04-16,1.0
Ipaja,2024-04-17,0.6
Ipaja,2024-04-18,0.7
Ipaja,2024-04-19,1.6
Ipaja,2024-04-20,2.1
Ipaja,2024-04-21,1.8
Ipaja,2024-04-22,0.8
Ipaja,2024-04-23,0.7
Ipaja,2024-04-24,0.0
Ipaja,2024-04-25,0.7
Ipaja,2024-04-26,2.2
Ipaja,2024-04-27,0.1
Ipaja,2024-04-28,0.5
Ipaja,2024-04-29,1.3
Ipaja,2024-04-30,1.0
Ipaja,2024-05-01,0.4
Ipaja,2024-05-02,0.3
Ipaja,2024-05-03,6.9
Ipaja,2024-05-04,0.3
Ipaja,2024-05-05,1.1
Ipaja,2024-05-06,3.4
Ipaja,2024-05-07,1.2
Ipaja,2024-05-08,1.3
Ipaja,2024-05-09,0.3
Ipaja,2024-05-10,0.4
Ipaja,2024-05-11,5.7
Ipaja,2024-05-12,2.2
Ipaja,2024-05-13,0.0
Ipaja,2024-05-14,1.0
Ipaja,2024-05-15,2.5
Ipaja,2024-05-16,6.8
Ipaja,2024-05-17,2.1
Ipaja,2024-05-18,14.0
Ipaja,2024-05-19,1.2
Ipaja,2024-05-20,0.5
Ipaja,2024-05-21,1.7
Ipaja,2024-05-22,1.2
Ipaja,2024-05-23,1.3
Ipaja,2024-05-24,7.5
Ipaja,2024-05-25,20.2
Ipaja,2024-05-26,1.7
Ipaja,2024-05-27,0.3
Ipaja,2024-05-28,4.0
Ipaja,2024-05-29,0.7
Ipaja,2024-05-30,8.3
Ipaja,2024-05-31,13.6
Ipaja,2024-06-01,11.6
Ipaja,2024-06-02,7.2
Ipaja,2024-06-03,1.7
Ipaja,2024-06-04,2.6
Ipaja,2024-06-05,1.0
Ipaja,2024-06-06,23.4
Ipaja,2024-06-07,3.8
Ipaja,2024-06-08,8.8
Ipaja,2024-06-09,19.0
Ipaja,2024-06-10,4.6
Ipaja,2024-06-11,8.9
Ipaja,2024-06-12,0.7
Ipaja,2024-06-13,0.6
Ipaja,2024-06-14,4.6
Ipaja,2024-06-15,16.6
Ipaja,2024-06-16,2.6
Ipaja,2024-06-17,9.6
Ipaja,2024-06-18,0.6
Ipaja,2024-06-19,9.2
Ipaja,2024-06-20,11.9
Ipaja,2024-06-21,16.7
Ipaja,2024-06-22,2.1
Ipaja,2024-06-23,2.0
Ipaja,2024-06-24,22.9
Ipaja,2024-06-25,28.5
Ipaja,2024-06-26,6.8
Ipaja,2024-06-27,2.2
Ipaja,2024-06-28,4.1
Ipaja,2024-06-29,15.2
Ipaja,2024-06-30,5.3
Ipaja,2024-07-01,3.4
Ipaja,2024-07-02,12.8
Ipaja,2024-07-03,35.5
Ipaja,2024-07-04,10.1
Ipaja,2024-07-05,9.6
Ipaja,2024-07-06,22.0
Ipaja,2024-07-07,6.8
Ipaja,2024-07-08,6.6
Ipaja,2024-07-09,3.0
Ipaja,2024-07-10,2.5
Ipaja,2024-07-11,2.5
Ipaja,2024-07-12,1.7
Ipaja,2024-07-13,3.3
Ipaja,2024-07-14,6.1
Ipaja,2024-07-15,2.9
Ipaja,2024-07-16,1.3
Ipaja,2024-07-17,1.6
Ipaja,2024-07-18,1.1
Ipaja,2024-07-19,1.6
Ipaja,2024-07-20,3.3
Ipaja,2024-07-21,1.5
Ipaja,2024-07-22,0.6
Ipaja,2024-07-23,1.0
Ipaja,2024-07-24,1.4
Ipaja,2024-07-25,0.1
Ipaja,2024-07-26,0.8
Ipaja,2024-07-27,0.5
Ipaja,2024-07-28,0.6
Ipaja,2024-07-29,0.4
Ipaja,2024-07-30,1.0
Ipaja,2024-07-31,2.9
Ipaja,2024-08-01,0.7
Ipaja,2024-08-02,1.4
Ipaja,2024-08-03,0.5
Ipaja,2024-08-04,0.9
Ipaja,2024-08-05,1.2
Ipaja,2024-08-06,1.7
Ipaja,2024-08-07,0.6
Ipaja,2024-08-08,1.0
Ipaja,2024-08-09,0.3
Ipaja,2024-08-10,0.7
Ipaja,2024-08-11,1.1
Ipaja,2024-08-12,1.2
Ipaja,2024-08-13,1.5
Ipaja,2024-08-14,1.0
Ipaja,2024-08-15,1.8
Ipaja,2024-08-16,1.7
Ipaja,2024-08-17,0.9
Ipaja,2024-08-18,2.1
Ipaja,2024-08-19,10.2
Ipaja,2024-08-20,8.9
Ipaja,2024-08-21,1.7
Ipaja,2024-08-22,6.2
Ipaja,2024-08-23,16.2
Ipaja,2024-08-24,11.4
Ipaja,2024-08-25,0.9
Ipaja,2024-08-26,6.9
Ipaja,2024-08-27,1.5
Ipaja,2024-08-28,3.8
Ipaja,2024-08-29,2.6
Ipaja,2024-08-30,8.4
Ipaja,2024-08-31,0.4
Ipaja,2024-09-01,0.3
Ipaja,2024-09-02,0.4
Ipaja,2024-09-03,0.0
Ipaja,2024-09-04,0.0
Ipaja,2024-09-05,0.2
Ipaja,2024-09-06,0.9
Ipaja,2024-09-07,10.8
Ipaja,2024-09-08,1.7
Ipaja,2024-09-09,1.4
Ipaja,2024-09-10,22.2
Ipaja,2024-09-11,5.3
Ipaja,2024-09-12,9.3
Ipaja,2024-09-13,5.1
Ipaja,2024-09-14,14.7
Ipaja,2024-09-15,14.7
Ipaja,2024-09-16,1.4
Ipaja,2024-09-17,19.3
Ipaja,2024-09-18,13.9
Ipaja,2024-09-19,2.5
Ipaja,2024-09-20,1.7
Ipaja,2024-09-21,8.1
Ipaja,2024-09-22,3.2
Ipaja,2024-09-23,1.2
Ipaja,2024-09-24,1.8
Ipaja,2024-09-25,18.3
Ipaja,2024-09-26,7.9
Ipaja,2024-09-27,5.8
Ipaja,2024-09-28,9.1
Ipaja,2024-09-29,11.2
Ipaja,2024-09-30,20.7
Ipaja,2024-10-01,1.9
Ipaja,2024-10-02,1.3
Ipaja,2024-10-03,13.5
Ipaja,2024-10-04,7.4
Ipaja,2024-10-05,6.9
Ipaja,2024-10-06,14.7
Ipaja,2024-10-07,6.3
Ipaja,2024-10-08,1.4
Ipaja,2024-10-09,6.8
Ipaja,2024-10-10,1.5
Ipaja,2024-10-11,4.9
Ipaja,2024-10-12,11.3
Ipaja,2024-10-13,3.7
Ipaja,2024-10-14,8.8
Ipaja,2024-10-15,2.2
Ipaja,2024-10-16,11.2
Ipaja,2024-10-17,15.8
Ipaja,2024-10-18,7.1
Ipaja,2024-10-19,12.7
Ipaja,2024-10-20,8.2
Ipaja,2024-10-21,8.5
Ipaja,2024-10-22,17.2
Ipaja,2024-10-23,2.8
Ipaja,2024-10-24,0.9
Ipaja,2024-10-25,18.8
Ipaja,2024-10-26,3.3
Ipaja,2024-10-27,0.6
Ipaja,2024-10-28,3.9
Ipaja,2024-10-29,4.1
Ipaja,2024-10-30,0.8
Ipaja,2024-10-31,1.7
Ipaja,2024-11-01,0.7
Ipaja,2024-11-02,2.1
Ipaja,2024-11-03,7.1
Ipaja,2024-11-04,0.0
Ipaja,2024-11-05,0.0
Ipaja,2024-11-06,0.1
Ipaja,2024-11-07,0.0
Ipaja,2024-11-08,0.0
Ipaja,2024-11-09,0.4
Ipaja,2024-11-10,5.7
Ipaja,2024-11-11,1.3
Ipaja,2024-11-12,0.4
Ipaja,2024-11-13,0.4
Ipaja,2024-11-14,18.0
Ipaja,2024-11-15,0.5
Ipaja,2024-11-16,0.7
Ipaja,2024-11-17,1.6
Ipaja,2024-11-18,0.5
Ipaja,2024-11-19,0.1
Ipaja,2024-11-20,0.0
Ipaja,2024-11-21,0.2
Ipaja,2024-11-22,0.5
Ipaja,2024-11-23,0.8
Ipaja,2024-11-24,0.0
Ipaja,2024-11-25,0.0
Ipaja,2024-11-26,0.8
Ipaja,2024-11-27,0.8
Ipaja,2024-11-28,0.0
Ipaja,2024-11-29,0.0
Ipaja,2024-11-30,0.0
Ipaja,2024-12-01,0.0
Ipaja,2024-12-02,0.0
Ipaja,2024-12-03,0.0
Ipaja,2024-12-04,1.6
Ipaja,2024-12-05,3.5
Ipaja,2024-12-06,1.6
Ipaja,2024-12-07,0.0
Ipaja,2024-12-08,0.0
Ipaja,2024-12-09,0.0
Ipaja,2024-12-10,0.0
Ipaja,2024-12-11,0.4
Ipaja,2024-12-12,0.1
Ipaja,2024-12-13,0.6
Ipaja,2024-12-14,0.0
Ipaja,2024-12-15,0.0
Ipaja,2024-12-16,0.0
Ipaja,2024-12-17,0.0
Ipaja,2024-12-18,0.0
Ipaja,2024-12-19,0.0
Ipaja,2024-12-20,0.0
Ipaja,2024-12-21,0.0
Ipaja,2024-12-22,0.0
Ipaja,2024-12-23,0.0
Ipaja,2024-12-24,0.0
Ipaja,2024-12-25,0.0
Ipaja,2024-12-26,0.0
Ipaja,2024-12-27,0.0
Ipaja,2024-12-28,0.0
Ipaja,2024-12-29,0.1
Ipaja,2024-12-30,0.1
Ipaja,2024-12-31,0.0
Ipaja,2025-01-01,0.0
Ipaja,2025-01-02,0.0
Ipaja,2025-01-03,1.7
Ipaja,2025-01-04,1.1
Ipaja,2025-01-05,0.0
Ipaja,2025-01-06,1.7
Ipaja,2025-01-07,0.2
Ipaja,2025-01-08,0.2
Ipaja,2025-01-09,0.3
Ipaja,2025-01-10,0.0
Ipaja,2025-01-11,0.0
Ipaja,2025-01-12,0.0
Ipaja,2025-01-13,0.0
Ipaja,2025-01-14,0.2
Ipaja,2025-01-15,0.0
Ipaja,2025-01-16,0.0
Ipaja,2025-01-17,0.1
Ipaja,2025-01-18,0.4
Ipaja,2025-01-19,0.1
Ipaja,2025-01-20,0.2
Ipaja,2025-01-21,0.2
Ipaja,2025-01-22,0.1
Ipaja,2025-01-23,2.3
Ipaja,2025-01-24,0.9
Ipaja,2025-01-25,0.7
Ipaja,2025-01-26,0.9
Ipaja,2025-01-27,1.4
Ipaja,2025-01-28,0.7
Ipaja,2025-01-29,1.4
Ipaja,2025-01-30,0.8
Ipaja,2025-01-31,0.6
Ipaja,2025-02-01,0.7
Ipaja,2025-02-02,0.3
Ipaja,2025-02-03,0.8
Ipaja,2025-02-04,0.0
Ipaja,2025-02-05,0.2
Ipaja,2025-02-06,0.9
Ipaja,2025-02-07,1.3
Ipaja,2025-02-08,6.8
Ipaja,2025-02-09,1.8
Ipaja,2025-02-10,0.5
Ipaja,2025-02-11,2.6
Ipaja,2025-02-12,2.3
Ipaja,2025-02-13,2.2
Ipaja,2025-02-14,0.4
Ipaja,2025-02-15,1.8
Ipaja,2025-02-16,0.1
Ipaja,2025-02-17,0.3
Ipaja,2025-02-18,1.7
Ipaja,2025-02-19,1.0
Ipaja,2025-02-20,1.7
Ipaja,2025-02-21,3.5
Ipaja,2025-02-22,6.9
Ipaja,2025-02-23,0.3
Ipaja,2025-02-24,0.2
Ipaja,2025-02-25,2.6
Ipaja,2025-02-26,3.0
Ipaja,2025-02-27,0.2
Ipaja,2025-02-28,1.2
Ipaja,2025-03-01,0.6
Ipaja,2025-03-02,0.2
Ipaja,2025-03-03,3.2
Ipaja,2025-03-04,5.2
Ipaja,2025-03-05,1.0
Ipaja,2025-03-06,1.3
Ipaja,2025-03-07,0.6
Ipaja,2025-03-08,0.5
Ipaja,2025-03-09,1.1
Ipaja,2025-03-10,1.3
Ipaja,2025-03-11,2.7
Ipaja,2025-03-12,0.6
Ipaja,2025-03-13,0.1
Ipaja,2025-03-14,1.0
Ipaja,2025-03-15,1.7
Ipaja,2025-03-16,3.4
Ipaja,2025-03-17,2.2
Ipaja,2025-03-18,0.9
Ipaja,2025-03-19,0.8
Ipaja,2025-03-20,2.2
Ipaja,2025-03-21,3.2
Ipaja,2025-03-22,0.5
Ipaja,2025-03-23,3.2
Ipaja,2025-03-24,2.6
Ipaja,2025-03-25,2.8
Ipaja,2025-03-26,7.8
Ipaja,2025-03-27,1.5
Ipaja,2025-03-28,0.8
Ipaja,2025-03-29,0.9
Ipaja,2025-03-30,14.6
Ipaja,2025-03-31,3.7
Ipaja,2025-04-01,3.0
Ipaja,2025-04-02,3.1
Ipaja,2025-04-03,5.7
Ipaja,2025-04-04,0.3
Ipaja,2025-04-05,1.0
Ipaja,2025-04-06,0.8
Ipaja,2025-04-07,0.8
Ipaja,2025-04-08,0.8
Ipaja,2025-04-09,11.8
Ipaja,2025-04-10,4.9
Ipaja,2025-04-11,13.9
Ipaja,2025-04-12,0.3
Ipaja,2025-04-13,1.8
Ipaja,2025-04-14,3.8
Ipaja,2025-04-15,3.3
Ipaja,2025-04-16,1.2
Ipaja,2025-04-17,2.3
Ipaja,2025-04-18,1.9
Ipaja,2025-04-19,4.7
Ipaja,2025-04-20,6.4
Ipaja,2025-04-21,0.6
Ipaja,2025-04-22,8.7
Ipaja,2025-04-23,2.6
Ipaja,2025-04-24,0.4
Ipaja,2025-04-25,1.4
Ipaja,2025-04-26,2.4
Ipaja,2025-04-27,1.0
Ipaja,2025-04-28,1.5
Ipaja,2025-04-29,15.2
Ipaja,2025-04-30,0.0
Ipaja,2025-05-01,5.5
Ipaja,2025-05-02,11.0
Ipaja,2025-05-03,0.0
Ipaja,2025-05-04,1.2
Ipaja,2025-05-05,0.7
Ipaja,2025-05-06,2.2
Ipaja,2025-05-07,3.0
Ipaja,2025-05-08,2.7
Ipaja,2025-05-09,9.4
Ipaja,2025-05-10,1.1
Ipaja,2025-05-11,0.6
Ipaja,2025-05-12,3.4
Ipaja,2025-05-13,6.6
Ipaja,2025-05-14,0.5
Ipaja,2025-05-15,0.9
Ipaja,2025-05-16,7.0
Ipaja,2025-05-17,19.7
Ipaja,2025-05-18,6.0
Ipaja,2025-05-19,0.2
Ipaja,2025-05-20,12.1
Ipaja,2025-05-21,0.7
Ipaja,2025-05-22,6.9
Ipaja,2025-05-23,10.4
Ipaja,2025-05-24,12.5
Ipaja,2025-05-25,0.2
Ipaja,2025-05-26,0.0
Ipaja,2025-05-27,0.9
Ipaja,2025-05-28,10.6
Ipaja,2025-05-29,10.2
Ipaja,2025-05-30,6.8
Ipaja,2025-05-31,0.4
Ipaja,2025-06-01,0.8
Ipaja,2025-06-02,2.4
Ipaja,2025-06-03,19.0
Ipaja,2025-06-04,36.1
Ipaja,2025-06-05,1.8
Ipaja,2025-06-06,1.8
Ipaja,2025-06-07,10.3
Ipaja,2025-06-08,1.4
Ipaja,2025-06-09,10.4
Ipaja,2025-06-10,1.8
Ipaja,2025-06-11,0.5
Ipaja,2025-06-12,1.8
Ipaja,2025-06-13,2.7
Ipaja,2025-06-14,17.0
Ipaja,2025-06-15,16.6
Ipaja,2025-06-16,0.5
Ipaja,2025-06-17,3.5
Ipaja,2025-06-18,15.5
Ipaja,2025-06-19,21.9
Ipaja,2025-06-20,13.1
Ipaja,2025-06-21,15.7
Ipaja,2025-06-22,3.9
Ipaja,2025-06-23,13.9
Ipaja,2025-06-24,7.7
Ipaja,2025-06-25,3.5
Ipaja,2025-06-26,7.8
Ipaja,2025-06-27,2.4
Ipaja,2025-06-28,1.4
Ipaja,2025-06-29,11.2
Ipaja,2025-06-30,10.3
Ipaja,2025-07-01,4.8
Ipaja,2025-07-02,2.3
Ipaja,2025-07-03,10.1
Ipaja,2025-07-04,7.3
Ipaja,2025-07-05,4.0
Ipaja,2025-07-06,33.9
Ipaja,2025-07-07,30.9
Ipaja,2025-07-08,13.1
Ipaja,2025-07-09,5.2
Ipaja,2025-07-10,0.7
Ipaja,2025-07-11,5.9
Ipaja,2025-07-12,3.4
Ipaja,2025-07-13,1.2
Ipaja,2025-07-14,0.4
Ipaja,2025-07-15,1.0
Ipaja,2025-07-16,0.9
Ipaja,2025-07-17,0.6
Ipaja,2025-07-18,1.1
Ipaja,2025-07-19,1.1
Ipaja,2025-07-20,0.7
Ipaja,2025-07-21,1.4
Ipaja,2025-07-22,2.8
Ipaja,2025-07-23,2.3
Ipaja,2025-07-24,1.3
Ipaja,2025-07-25,0.7
Ipaja,2025-07-26,1.6
Ipaja,2025-07-27,0.7
Ipaja,2025-07-28,0.3
Ipaja,2025-07-29,1.3
Ipaja,2025-07-30,2.6
Ipaja,2025-07-31,2.6
Ipaja,2025-08-01,3.2
Ipaja,2025-08-02,1.5
Ipaja,2025-08-03,11.1
Ipaja,2025-08-04,34.0
Ipaja,2025-08-05,3.8
Ipaja,2025-08-06,3.8
Ipaja,2025-08-07,4.5
Ipaja,2025-08-08,2.8
Ipaja,2025-08-09,0.7
Ipaja,2025-08-10,0.9
Ipaja,2025-08-11,1.0
Ipaja,2025-08-12,0.8
Ipaja,2025-08-13,1.7
Ipaja,2025-08-14,2.0
Ipaja,2025-08-15,2.9
Ipaja,2025-08-16,1.3
Ipaja,2025-08-17,1.5
Ipaja,2025-08-18,1.8
Ipaja,2025-08-19,1.9
Ipaja,2025-08-20,1.7
Ipaja,2025-08-21,10.9
Ipaja,2025-08-22,1.8
Ipaja,2025-08-23,1.1
Ipaja,2025-08-24,1.6
Ipaja,2025-08-25,1.4
Ipaja,2025-08-26,0.9
Ipaja,2025-08-27,1.6
Ipaja,2025-08-28,1.2
Ipaja,2025-08-29,2.2
Ipaja,2025-08-30,2.1
Ipaja,2025-08-31,1.2
Ipaja,2025-09-01,2.1
Ipaja,2025-09-02,1.3
Ipaja,2025-09-03,1.0
Ipaja,2025-09-04,1.1
Ipaja,2025-09-05,1.4
Ipaja,2025-09-06,0.8
Ipaja,2025-09-07,1.6
Ipaja,2025-09-08,10.2
Ipaja,2025-09-09,10.7
Ipaja,2025-09-10,0.8
Ipaja,2025-09-11,4.3
Ipaja,2025-09-12,8.3
Ipaja,2025-09-13,11.5
Ipaja,2025-09-14,2.1
Ipaja,2025-09-15,15.3
Ipaja,2025-09-16,48.5
Ipaja,2025-09-17,5.3
Ipaja,2025-09-18,17.1
Ipaja,2025-09-19,1.4
Ipaja,2025-09-20,2.4
Ipaja,2025-09-21,2.4
Ipaja,2025-09-22,1.1
Ipaja,2025-09-23,12.8
Ipaja,2025-09-24,13.2
Ipaja,2025-09-25,9.4
Ipaja,2025-09-26,1.3
Ipaja,2025-09-27,5.8
Ipaja,2025-09-28,30.4
Ipaja,2025-09-29,16.2
Ipaja,2025-09-30,8.4
Ipaja,2025-10-01,10.6
Ipaja,2025-10-02,3.3
Ipaja,2025-10-03,1.4
Ipaja,2025-10-04,1.0
Ipaja,2025-10-05,8.2
Ipaja,2025-10-06,6.1
Ipaja,2025-10-07,8.4
Ipaja,2025-10-08,1.2
Ipaja,2025-10-09,8.8
Ipaja,2025-10-10,18.1
Ipaja,2025-10-11,6.5
Ipaja,2025-10-12,1.3
Ipaja,2025-10-13,7.8
Ipaja,2025-10-14,8.9
Ipaja,2025-10-15,2.7
Ipaja,2025-10-16,15.6
Ipaja,2025-10-17,2.7
Ipaja,2025-10-18,1.9
Ipaja,2025-10-19,5.3
Ipaja,2025-10-20,0.9
Ipaja,2025-10-21,0.8
Ipaja,2025-10-22,7.2
Ipaja,2025-10-23,4.4
Ipaja,2025-10-24,8.6
Ipaja,2025-10-25,1.5
Ipaja,2025-10-26,10.8
Ipaja,2025-10-27,1.8
Ipaja,2025-10-28,22.0
Ipaja,2025-10-29,2.8
Ipaja,2025-10-30,16.4
Ipaja,2025-10-31,9.1
Ipaja,2025-11-01,1.9
Ipaja,2025-11-02,1.2
Ipaja,2025-11-03,3.3
Ipaja,2025-11-04,1.9
Ipaja,2025-11-05,7.2
Ipaja,2025-11-06,1.4
Ipaja,2025-11-07,0.4
Ipaja,2025-11-08,0.5
Ipaja,2025-11-09,1.3
Ipaja,2025-11-10,0.3
Ipaja,2025-11-11,0.7
Ipaja,2025-11-12,1.0
Ipaja,2025-11-13,1.2
Ipaja,2025-11-14,1.0
Ipaja,2025-11-15,0.0
Ipaja,2025-11-16,1.4
Ipaja,2025-11-17,1.6
Ipaja,2025-11-18,1.0
Ipaja,2025-11-19,0.3
Ipaja,2025-11-20,1.3
Ipaja,2025-11-21,1.2
Ipaja,2025-11-22,4.3
Ipaja,2025-11-23,0.3
Ipaja,2025-11-24,0.2
Ipaja,2025-11-25,0.4
Ipaja,2025-11-26,0.6
Ipaja,2025-11-27,2.3
Ipaja,2025-11-28,1.7
Ipaja,2025-11-29,2.4
Ipaja,2025-11-30,2.1
Ipaja,2025-12-01,1.5
Ipaja,2025-12-02,0.2
Ipaja,2025-12-03,9.6
Ipaja,2025-12-04,0.6
Ipaja,2025-12-05,1.1
Ipaja,2025-12-06,0.5
Ipaja,2025-12-07,0.2
Ipaja,2025-12-08,1.1
Ipaja,2025-12-09,0.4
Ipaja,2025-12-10,0.7
Ipaja,2025-12-11,4.4
Ipaja,2025-12-12,0.0
Ipaja,2025-12-13,1.8
Ipaja,2025-12-14,1.2
Ipaja,2025-12-15,1.0
Ipaja,2025-12-16,0.5
Ipaja,2025-12-17,0.5
Ipaja,2025-12-18,1.1
Ipaja,2025-12-19,1.4
Ipaja,2025-12-20,0.1
Ipaja,2025-12-21,0.2
Ipaja,2025-12-22,0.3
Ipaja,2025-12-23,0.4
Ipaja,2025-12-24,0.1
Ipaja,2025-12-25,0.8
Ipaja,2025-12-26,3.1
Ipaja,2025-12-27,0.9
Ipaja,2025-12-28,0.4
Ipaja,2025-12-29,1.2
Ipaja,2025-12-30,1.0
Ipaja,2025-12-31,1.2
Ipaja,2026-01-01,2.3
Ipaja,2026-01-02,4.1
Ipaja,2026-01-03,1.0
Ipaja,2026-01-04,0.4
Ipaja,2026-01-05,0.0
Ipaja,2026-01-06,0.1
Ipaja,2026-01-07,0.7
Ipaja,2026-01-08,1.4
Ipaja,2026-01-09,0.0
Ipaja,2026-01-10,0.1
Ipaja,2026-01-11,1.4
Ipaja,2026-01-12,0.8
Ipaja,2026-01-13,0.0
Ipaja,2026-01-14,0.0
Ipaja,2026-01-15,2.4
Ipaja,2026-01-16,0.5
Ipaja,2026-01-17,0.9
Ipaja,2026-01-18,1.3
Ipaja,2026-01-19,1.1
Ipaja,2026-01-20,1.1
Ipaja,2026-01-21,0.0
Ipaja,2026-01-22,0.3
Ipaja,2026-01-23,0.0
Ipaja,2026-01-24,0.0
Ipaja,2026-01-25,0.1
Ipaja,2026-01-26,0.0
Ipaja,2026-01-27,0.1
Ipaja,2026-01-28,1.7
Ipaja,2026-01-29,0.6
Ipaja,2026-01-30,1.4
Ipaja,2026-01-31,1.9
Ipaja,2026-02-01,2.3
Ipaja,2026-02-02,1.9
Ipaja,2026-02-03,0.7
Ipaja,2026-02-04,2.4
Ipaja,2026-02-05,0.3
Ipaja,2026-02-06,0.1
Ipaja,2026-02-07,0.6
Ipaja,2026-02-08,0.3
Ipaja,2026-02-09,0.5
Ipaja,2026-02-10,4.0
Ipaja,2026-02-11,0.0
Ipaja,2026-02-12,0.1
Ipaja,2026-02-13,0.2
Ipaja,2026-02-14,15.9
Ipaja,2026-02-15,0.0
Ipaja,2026-02-16,0.3
Ipaja,2026-02-17,0.6
Ipaja,2026-02-18,0.3
Ipaja,2026-02-19,0.2
Ipaja,2026-02-20,0.1
Ipaja,2026-02-21,0.4
Ipaja,2026-02-22,0.2
Ipaja,2026-02-23,2.3
Ipaja,2026-02-24,3.0
Ipaja,2026-02-25,0.2
Ipaja,2026-02-26,2.3
Ipaja,2026-02-27,1.2
Ipaja,2026-02-28,0.0
Ipaja,2026-03-01,0.9
Ipaja,2026-03-02,2.3
Ipaja,2026-03-03,2.0
Ipaja,2026-03-04,1.4
Ipaja,2026-03-05,0.1
Ipaja,2026-03-06,0.3
Ipaja,2026-03-07,0.7
Ipaja,2026-03-08,2.5
Ipaja,2026-03-09,1.6
Ipaja,2026-03-10,1.6
Ipaja,2026-03-11,1.2
Ipaja,2026-03-12,0.2
Ipaja,2026-03-13,0.5
Ipaja,2026-03-14,0.3
Ipaja,2026-03-15,0.3
Ipaja,2026-03-16,0.8
Ipaja,2026-03-17,0.5
Ipaja,2026-03-18,0.2
Ipaja,2026-03-19,0.0
Ipaja,2026-03-20,0.4
Ipaja,2026-03-21,1.7
Ipaja,2026-03-22,1.1
Ipaja,2026-03-23,1.3
Ipaja,2026-03-24,1.9
Ipaja,2026-03-25,0.2
Ipaja,2026-03-26,0.0
Ipaja,2026-03-27,2.0
Ipaja,2026-03-28,2.7
Ipaja,2026-03-29,2.4
Ipaja,2026-03-30,0.0
Ipaja,2026-03-31,2.0
Ipaja,2026-04-01,0.0
Ipaja,2026-04-02,0.5
Ipaja,2026-04-03,0.7
Ipaja,2026-04-04,0.5
Ipaja,2026-04-05,2.1
Ipaja,2026-04-06,0.5
Ipaja,2026-04-07,0.1
Ipaja,2026-04-08,2.0
Ipaja,2026-04-09,0.2
Ipaja,2026-04-10,1.2
Ipaja,2026-04-11,0.1
Ipaja,2026-04-12,0.3
Ipaja,2026-04-13,3.4
Ipaja,2026-04-14,6.1
Ipaja,2026-04-15,0.3
Ipaja,2026-04-16,0.3
Ipaja,2026-04-17,0.8
Ipaja,2026-04-18,2.2
Ipaja,2026-04-19,2.9
Ipaja,2026-04-20,1.8
Ipaja,2026-04-21,1.8
Ipaja,2026-04-22,0.7
Ipaja,2026-04-23,0.9
Ipaja,2026-04-24,2.7
Ipaja,2026-04-25,1.9
Ipaja,2026-04-26,22.3
Ipaja,2026-04-27,0.0
Ipaja,2026-04-28,1.4
Ipaja,2026-04-29,4.1
Ipaja,2026-04-30,1.2
Ipaja,2026-05-01,0.0
Ipaja,2026-05-02,1.5
Ipaja,2026-05-03,2.3
Ipaja,2026-05-04,1.1
Ipaja,2026-05-05,1.2
Ipaja,2026-05-06,11.5
Ipaja,2026-05-07,3.2
Ipaja,2026-05-08,2.2
Ipaja,2026-05-09,2.3
Ipaja,2026-05-10,2.2
Ipaja,2026-05-11,1.2
Ipaja,2026-05-12,0.9
Ipaja,2026-05-13,0.5
Ipaja,2026-05-14,5.3
Ipaja,2026-05-15,6.6
Ipaja,2026-05-16,0.3
Ipaja,2026-05-17,8.4
Ipaja,2026-05-18,8.8
Ipaja,2026-05-19,15.7
Ipaja,2026-05-20,3.2
Ipaja,2026-05-21,6.6
Ipaja,2026-05-22,18.8
Ipaja,2026-05-23,4.4
Ipaja,2026-05-24,6.1
Ipaja,2026-05-25,8.5
Ipaja,2026-05-26,6.7
Ipaja,2026-05-27,0.9
Ipaja,2026-05-28,1.4
Ipaja,2026-05-29,0.3
Ipaja,2026-05-30,6.8
Ipaja,2026-05-31,1.7
Ipaja,2026-06-01,10.2
Ipaja,2026-06-02,3.5
Ipaja,2026-06-03,12.7
Ipaja,2026-06-04,12.4
Ipaja,2026-06-05,20.0
Ipaja,2026-06-06,13.7
Ipaja,2026-06-07,3.3
Ipaja,2026-06-08,10.3
Ipaja,2026-06-09,16.2
Ipaja,2026-06-10,7.1
Ipaja,2026-06-11,0.4
Ipaja,2026-06-12,14.9
Ipaja,2026-06-13,2.1
Ipaja,2026-06-14,6.9
Ipaja,2026-06-15,15.0
Ipaja,2026-06-16,5.6
Ipaja,2026-06-17,4.4
Ipaja,2026-06-18,4.6
Ipaja,2026-06-19,4.9
Ipaja,2026-06-20,15.4
Ipaja,2026-06-21,33.5
Ipaja,2026-06-22,0.1
Ipaja,2026-06-23,1.9
Ipaja,2026-06-24,17.3
Ipaja,2026-06-25,12.8
Ipaja,2026-06-26,5.5
Ipaja,2026-06-27,2.9
Ipaja,2026-06-28,11.2
Ipaja,2026-06-29,22.8
Ipaja,2026-06-30,41.4
Ipaja,2026-07-01,2.7
Ipaja,2026-07-02,8.6
Ipaja,2026-07-03,3.2
Ipaja,2026-07-04,3.1
Ipaja,2026-07-05,3.8
Ipaja,2026-07-06,3.2
Ipaja,2026-07-07,2.1
Ipaja,2026-07-08,4.2
Ipaja,2026-07-09,3.0
Ipaja,2026-07-10,47.0
Ipaja,2026-07-11,9.6
Ipaja,2026-07-12,13.8
Ipaja,2026-07-13,28.3
Ipaja,2026-07-14,15.8
Ipaja,2026-07-15,4.4
Ipaja,2026-07-16,22.3
Ipaja,2026-07-17,0.7
Ipaja,2026-07-18,0.2
Ipaja,2026-07-19,0.8
Ipaja,2026-07-20,2.6
Ipaja,2026-07-21,2.3
Ipaja,2026-07-22,4.8
Ipaja,2026-07-23,4.6
Ipaja,2026-07-24,2.5
Ipaja,2026-07-25,2.4
Ipaja,2026-07-26,1.7
Ipaja,2026-07-27,18.8
Ipaja,2026-07-28,3.9
Ipaja,2026-07-29,20.7
Ipaja,2026-07-30,8.3
Ipaja,2026-07-31,2.2
Ipaja,2026-08-01,4.1
Ipaja,2026-08-02,3.5
Ipaja,2026-08-03,2.1
Ipaja,2026-08-04,2.0
Ipaja,2026-08-05,3.3
Ipaja,2026-08-06,4.1
Ipaja,2026-08-07,3.3
Ipaja,2026-08-08,2.2
Ipaja,2026-08-09,1.9
Ipaja,2026-08-10,0.4
Ipaja,2026-08-11,2.0
Ipaja,2026-08-12,0.9
Ipaja,2026-08-13,4.5
Ipaja,2026-08-14,1.7
Ipaja,2026-08-15,1.0
Ipaja,2026-08-16,2.0
Ipaja,2026-08-17,0.6
Ipaja,2026-08-18,1.2
Ipaja,2026-08-19,4.3
Ipaja,2026-08-20,2.6
Ipaja,2026-08-21,3.7
Ipaja,2026-08-22,6.2
Ipaja,2026-08-23,2.3
Ipaja,2026-08-24,0.9
Ipaja,2026-08-25,2.2
Ipaja,2026-08-26,3.1
Ipaja,2026-08-27,9.7
Ipaja,2026-08-28,27.0
Ipaja,2026-08-29,6.8
Ipaja,2026-08-30,7.6
Ipaja,2026-08-31,2.3
Ipaja,2026-09-01,2.3
