home_form,away_form,home_xg,away_xg,home_xga,away_xga,home_xt,away_xt,home_sot,away_sot,home_attack_strength,away_attack_strength,home_defense_strength,away_defense_strength,home_rest_days,away_rest_days,home_missing_players,away_missing_players,home_average_possession,away_average_possession,home_clean_sheet_rate,away_clean_sheet_rate,home_head_to_head_rate,away_head_to_head_rate,referee_card_rate,home_goalkeeper_rating,away_goalkeeper_rating,home_finishing_efficiency,away_finishing_efficiency,home_penalty_rating,away_penalty_rating,home_set_piece_strength,away_set_piece_strength,home_press_resistance,away_press_resistance,home_squad_chemistry,away_squad_chemistry,home_travel_fatigue,away_travel_fatigue,home_elo,away_elo,neutral_venue,competition_importance,weather_index,target
0.46,0.66,1.46,1.04,2.68,1.85,2.86,3.78,3.4,4.3,3.09,3.58,2.76,4.56,7,7,4,3,57,42,0.35,0.61,0.31,0.69,2.37,3.27,1.14,4.99,3.01,1.96,3.95,4.84,4.82,2.36,2.12,4.47,3.02,1.44,2.42,1996,2019,0,1,2.84,1
0.76,0.66,2.92,1.97,0.34,2.02,3.9,2.8,6.3,6.4,2.48,1.67,4.45,3.83,4,5,2,1,59,39,0.68,0.68,0.95,0.05,4.6,2.86,4.22,3.11,2.7,1.98,3.47,2.79,1.96,4.67,4.23,1.89,1.16,2.65,3.3,1628,1562,1,3,4.32,2
0.47,0.64,3.73,2.66,2.38,1.08,2.94,3.8,6.5,2.9,4.17,1.41,1.79,2.79,7,2,6,2,48,54,0.9,0.07,0.13,0.87,4.93,4.7,4.07,1.98,3.41,4.52,4.6,4.94,3.54,3.33,3.66,4.19,1.92,3.81,2.32,1523,1732,1,3,0.3,2
0.13,0.47,0.74,3.07,2.01,1.39,2.69,2.85,5.9,2.3,4.35,2.36,2.67,1.76,3,4,0,1,48,53,0.63,0.53,0.16,0.84,2.81,2.8,3.61,2.34,2.35,4.84,4.21,4.87,1.29,1.21,3.43,4.02,1.21,2.42,1.47,1995,1796,1,4,2.82,0
0.14,0.81,1.2,0.23,3.49,1.05,2.67,2.73,2.6,1.4,2.07,4.88,3.0,2.72,6,6,0,1,57,44,0.51,0.5,0.98,0.02,4.67,4.57,1.57,4.22,2.24,4.35,1.15,3.14,2.93,4.68,2.94,1.81,4.25,1.82,4.68,1971,1935,1,1,2.64,1
0.36,0.17,2.52,2.54,2.67,3.1,2.27,2.44,3.6,1.5,3.55,1.57,4.05,1.69,4,2,3,6,65,34,0.07,0.95,0.46,0.54,5.4,4.17,3.78,3.71,4.41,2.29,4.87,3.19,4.32,2.48,4.78,1.22,1.23,2.47,3.13,1889,1432,1,1,1.82,2
0.33,0.15,2.48,2.1,0.53,1.91,2.89,4.16,7.3,2.5,3.48,4.36,1.92,2.22,4,2,2,5,53,48,0.04,0.01,0.8,0.2,4.16,3.01,2.39,1.55,3.09,2.89,1.49,2.87,4.98,2.47,2.35,4.03,3.33,2.5,3.48,1804,1478,0,1,2.28,1
0.5,0.77,2.62,3.7,1.98,0.54,0.2,1.68,6.8,4.7,1.73,1.03,1.73,3.47,6,5,3,6,61,39,0.04,0.72,0.71,0.29,4.06,4.88,2.37,4.01,3.64,3.52,1.13,1.31,3.17,1.24,2.27,1.55,4.19,4.46,3.61,1670,1832,0,3,1.92,0
0.64,0.46,0.34,3.78,2.55,2.46,2.64,0.25,2.3,1.2,2.61,1.8,2.55,1.23,2,2,6,0,38,63,0.53,0.0,0.81,0.19,3.2,4.53,2.21,2.3,3.75,3.23,1.18,1.64,2.14,3.42,3.14,4.99,4.61,1.08,1.38,2050,1872,1,3,3.1,1
0.21,0.63,1.45,2.91,2.22,2.95,2.49,4.44,4.2,5.1,1.55,1.45,2.28,2.93,6,5,5,4,60,38,0.34,0.49,0.66,0.34,5.06,3.9,2.87,3.43,2.91,3.76,2.76,1.97,3.87,1.65,4.8,4.11,2.44,4.5,2.74,1740,1909,0,3,3.42,1
0.3,0.28,1.56,2.08,0.59,1.46,3.57,4.49,7.9,1.8,4.36,2.9,2.91,4.82,6,2,4,4,43,54,0.24,0.04,0.16,0.84,3.19,3.38,4.67,3.87,2.44,1.18,1.55,1.36,2.03,1.85,3.06,1.54,1.88,1.37,1.35,1651,2005,0,4,0.69,1
0.45,0.14,2.83,1.6,1.01,0.76,2.05,1.46,5.9,7.1,3.52,3.04,2.1,4.35,4,6,4,6,59,38,0.66,0.53,0.5,0.5,3.31,2.19,3.08,3.82,1.49,1.01,2.66,1.13,2.06,3.04,4.62,2.44,2.78,4.55,1.8,1422,1637,0,3,4.01,2
0.18,0.53,3.32,2.29,0.5,2.21,2.75,0.83,7.1,7.9,1.03,1.71,3.65,4.49,4,6,4,6,46,57,0.65,0.5,0.55,0.45,2.06,2.75,3.75,1.2,1.24,3.07,2.58,1.62,3.45,2.0,3.05,1.5,4.23,3.71,3.94,2072,1581,1,5,3.97,1
0.86,0.8,1.17,0.36,3.29,1.31,0.87,3.35,7.3,6.0,2.67,2.25,4.61,3.23,4,4,1,2,60,40,0.06,0.95,0.66,0.34,5.29,3.43,2.99,2.9,2.06,3.65,4.69,4.31,4.66,4.58,3.57,4.93,4.95,4.5,1.24,1549,1420,1,1,3.25,2
0.34,0.11,0.7,2.28,1.75,1.88,4.18,0.37,4.8,3.9,4.85,1.38,3.27,3.13,2,4,0,2,65,34,0.73,0.25,0.51,0.49,4.58,2.71,4.9,1.66,4.69,3.16,4.87,3.38,2.96,2.33,2.42,1.23,4.37,2.72,3.39,1427,2064,0,2,3.5,0
0.59,0.77,1.19,3.79,2.77,0.99,1.09,4.0,7.6,1.8,3.68,3.5,3.8,2.05,3,6,2,4,49,54,0.79,0.24,0.39,0.61,4.67,1.05,4.58,2.89,2.17,2.39,3.64,3.82,2.93,3.06,3.49,3.81,1.57,4.5,2.79,1732,1992,0,4,1.02,0
0.64,0.04,3.78,0.53,0.71,1.58,0.89,3.04,3.8,2.2,2.44,1.06,2.61,3.71,6,5,2,2,60,40,0.47,0.55,0.86,0.14,2.05,3.68,1.96,1.18,3.58,3.36,3.14,2.03,2.11,3.05,2.38,1.92,2.2,2.45,2.35,1769,1567,0,5,0.16,2
0.07,0.38,1.36,1.97,1.51,1.72,3.57,4.04,1.8,4.6,4.76,1.16,4.4,2.0,5,3,5,6,62,36,0.33,0.49,0.44,0.56,5.81,1.7,2.05,3.95,2.46,3.62,1.36,3.4,3.58,3.95,4.48,1.08,4.74,2.84,3.31,1766,1943,0,3,2.88,2
0.53,0.05,0.33,1.27,3.23,1.45,3.67,2.28,4.4,3.6,2.06,3.26,1.37,3.03,5,5,2,0,58,41,0.03,0.4,0.08,0.92,5.58,4.57,3.22,1.61,3.23,2.08,1.33,1.93,1.29,1.43,1.54,2.79,4.7,2.3,2.6,1490,1923,1,2,2.7,0
0.87,0.08,1.07,1.48,0.63,0.92,3.34,2.43,1.4,3.0,3.94,1.83,1.31,3.84,7,3,2,2,59,44,0.13,0.91,0.72,0.28,2.88,3.61,1.05,3.73,2.5,3.23,4.33,3.76,2.77,1.92,2.43,3.51,4.7,2.35,1.29,1590,1530,1,3,4.31,2
0.92,0.9,1.76,3.04,2.68,1.73,1.27,3.97,5.7,7.4,4.9,3.93,3.93,1.18,3,7,2,4,39,61,0.56,0.0,0.18,0.82,4.57,4.25,4.44,3.07,3.01,3.16,1.96,3.27,4.4,1.77,4.51,4.64,4.48,2.43,3.15,1831,1596,1,4,0.62,2
0.83,0.31,0.44,1.42,2.89,2.62,2.53,3.09,7.0,7.4,1.2,1.98,3.63,4.91,7,3,4,4,53,50,0.42,0.54,0.01,0.99,2.72,2.97,3.39,3.99,2.33,3.85,1.38,3.82,2.64,4.83,4.48,1.1,3.03,4.04,4.22,1453,1918,0,4,4.68,0
0.1,0.91,2.65,3.24,0.37,3.11,4.37,1.49,5.6,5.3,1.58,4.89,2.45,2.19,2,5,6,3,63,37,0.69,0.1,0.88,0.12,5.75,1.2,3.44,1.86,2.34,3.68,3.17,3.77,3.68,4.16,3.62,2.7,4.01,3.39,4.21,1766,2033,1,5,3.36,0
0.92,0.62,1.28,1.37,1.96,3.2,0.7,0.38,4.3,7.4,1.24,2.48,4.09,4.53,4,7,2,0,36,67,0.36,0.08,0.76,0.24,2.0,1.87,3.02,4.53,4.19,2.8,3.82,4.98,1.68,1.07,3.75,3.2,3.32,2.21,1.59,1899,1459,1,5,4.39,1
0.44,0.91,0.55,0.98,0.36,0.68,1.98,3.28,6.3,5.1,1.54,3.45,2.06,3.02,7,3,3,5,53,47,0.23,0.08,0.81,0.19,3.93,1.46,1.4,2.01,3.4,4.38,3.51,3.9,3.39,2.58,1.1,4.87,3.04,2.92,3.73,1632,1867,1,1,3.41,0
0.79,0.8,1.0,0.37,0.57,2.3,1.85,3.0,7.7,7.5,2.52,2.79,4.23,1.97,2,2,1,5,57,42,0.24,0.55,0.4,0.6,5.7,3.3,1.33,2.21,3.2,2.96,4.66,4.73,1.04,1.82,4.98,4.2,4.66,1.34,2.25,1447,2068,1,5,1.79,2
0.49,0.34,3.25,2.33,2.34,1.51,3.86,0.93,3.0,7.5,1.41,3.38,1.03,4.66,6,7,2,0,57,46,0.52,0.11,0.34,0.66,4.84,2.48,1.04,1.66,4.33,1.91,2.89,1.73,2.12,4.97,1.59,1.3,2.8,4.35,1.82,1468,1402,1,4,4.49,0
0.11,0.57,1.41,1.74,2.34,2.93,3.37,4.44,5.7,6.9,3.55,1.89,3.46,2.46,4,4,1,6,49,52,0.94,0.31,0.43,0.57,2.5,4.01,2.5,1.96,2.27,4.35,3.75,3.21,4.22,1.23,2.48,4.04,1.38,2.79,1.7,1723,1732,0,2,2.89,2
0.57,0.12,3.08,1.67,2.12,3.22,3.31,0.74,5.0,3.1,2.13,4.47,3.51,3.99,2,5,4,3,58,40,0.07,0.34,0.83,0.17,4.26,2.91,1.13,2.41,3.43,1.76,4.03,4.18,4.32,3.42,2.88,1.22,2.01,1.33,3.2,2019,1947,1,1,3.79,1
0.91,0.89,3.47,3.34,1.2,0.47,1.32,3.15,4.7,3.7,4.41,3.69,1.77,3.82,6,3,6,6,46,51,0.78,0.11,0.17,0.83,4.83,1.55,3.77,3.85,1.71,2.09,3.36,2.93,1.95,4.25,4.49,1.4,1.87,3.53,1.02,1600,1962,1,1,0.4,0
0.15,0.83,3.02,1.26,1.11,1.1,3.35,3.63,1.6,7.2,1.85,2.94,2.9,1.25,7,4,2,5,42,58,0.44,0.59,0.49,0.51,3.7,2.8,4.72,3.67,2.07,3.64,4.11,4.99,2.91,4.56,3.65,1.63,1.76,4.83,2.4,1946,1589,1,2,2.31,2
0.02,0.92,1.65,3.0,0.75,3.33,0.79,2.24,4.9,7.3,4.74,2.82,3.26,1.22,4,4,5,5,62,37,0.51,0.22,0.02,0.98,2.86,2.41,4.98,2.6,3.95,1.52,3.81,2.04,4.98,3.44,2.23,2.14,3.9,1.29,4.99,1722,1894,0,1,4.11,1
0.4,0.98,0.25,1.96,3.12,2.24,1.45,4.15,3.4,2.3,3.62,2.64,1.69,3.27,2,5,5,0,64,34,0.53,0.41,0.96,0.04,2.06,4.25,1.53,2.8,4.77,1.02,3.66,3.62,3.07,4.18,3.56,3.85,2.83,3.45,3.95,1517,1986,1,1,3.41,0
0.0,0.21,0.56,0.91,1.56,2.27,2.09,3.26,4.1,2.4,2.62,2.33,1.47,2.64,2,6,0,1,65,37,0.65,0.91,0.97,0.03,3.43,1.85,3.1,4.42,1.05,4.54,4.46,4.95,4.66,2.62,1.47,3.04,4.77,4.48,2.87,1408,2064,0,2,1.41,2
0.7,0.78,3.44,0.23,1.25,0.78,3.77,4.09,3.9,4.0,4.43,3.01,2.52,1.61,2,5,1,5,45,52,0.6,0.6,0.38,0.62,2.19,1.18,4.99,1.02,3.59,2.88,2.05,2.91,4.68,3.8,3.75,1.33,4.73,1.68,4.77,1473,1646,1,2,4.73,0
0.73,0.46,0.84,2.16,2.7,0.35,3.44,3.07,3.6,3.2,1.7,4.5,3.26,4.71,3,6,3,6,43,60,0.69,0.69,0.56,0.44,2.7,4.59,4.73,2.07,2.93,4.59,2.31,4.07,3.25,3.3,4.65,4.21,4.28,1.81,2.12,1805,1609,0,5,1.79,0
0.82,0.25,1.65,1.22,2.05,1.58,3.32,1.48,6.9,2.3,1.59,4.96,4.72,2.87,5,5,2,4,50,50,0.34,0.05,0.6,0.4,3.61,1.11,1.75,3.43,2.81,2.03,4.28,2.41,4.7,1.46,1.62,3.23,3.06,3.48,4.66,1499,1924,1,1,3.75,1
0.01,0.06,3.54,1.19,1.29,2.28,1.88,3.1,1.9,1.8,2.71,3.04,1.3,1.72,3,4,5,6,49,52,0.98,0.81,0.97,0.03,5.01,3.47,1.51,2.56,4.83,4.84,3.51,2.66,3.06,1.98,4.83,3.52,3.11,4.0,1.4,2017,2061,1,5,1.17,2
0.25,0.2,1.43,1.25,1.36,2.36,4.4,1.82,1.3,7.4,2.0,2.49,2.86,2.69,2,4,6,5,50,49,0.86,0.22,0.54,0.46,2.56,3.73,4.53,1.9,4.34,1.04,4.27,1.91,4.55,3.55,3.44,1.24,4.44,2.39,1.93,1455,1954,0,5,0.65,0
0.91,0.41,2.07,2.4,2.91,2.79,2.8,4.43,3.7,4.7,2.53,3.13,2.22,3.83,5,5,0,6,38,63,0.62,0.25,0.96,0.04,4.94,1.41,2.01,1.57,4.35,2.2,2.23,4.53,1.4,3.19,2.07,2.29,2.34,1.28,2.59,1570,1477,0,2,2.53,0
0.14,0.48,3.58,3.11,2.47,0.39,1.32,0.48,7.3,2.0,2.86,3.19,4.57,3.94,2,2,2,5,38,62,0.31,0.98,0.51,0.49,5.29,1.62,1.53,3.51,3.05,4.25,4.67,1.29,4.79,1.98,4.12,4.16,1.37,4.6,2.46,1877,1870,0,5,3.4,0
0.27,0.7,0.43,0.45,0.56,2.17,1.63,3.35,7.6,1.3,2.31,1.25,3.36,1.52,4,2,4,2,44,59,0.84,0.36,0.52,0.48,2.53,2.69,2.9,3.0,4.55,1.05,2.45,1.1,2.63,1.04,3.0,1.21,2.58,1.58,1.43,1925,1632,1,1,4.94,2
1.0,0.58,2.14,3.19,2.86,3.26,2.12,0.65,5.5,6.0,1.22,2.42,4.52,3.48,3,4,3,2,35,66,0.34,0.25,0.46,0.54,2.72,1.33,3.18,1.78,2.33,3.7,1.48,2.63,1.5,2.67,4.73,4.16,1.29,2.38,1.83,1575,1504,0,3,3.39,0
0.54,0.88,3.08,2.57,2.99,3.02,4.5,1.26,6.2,3.4,3.81,1.81,4.39,1.9,7,3,3,4,42,58,0.12,0.81,0.74,0.26,3.59,2.17,2.04,1.39,5.0,1.18,4.27,3.98,4.24,3.94,1.61,4.81,1.9,4.65,2.51,1764,1433,1,2,3.94,1
0.84,0.68,1.14,1.29,0.45,0.29,3.24,3.44,6.9,2.6,3.95,4.62,4.59,3.18,6,6,6,2,35,62,0.03,0.62,0.85,0.15,3.41,2.85,2.73,1.43,2.57,2.25,1.58,4.8,2.3,2.72,2.26,1.31,3.52,2.06,2.67,2026,1411,0,5,2.85,0
0.33,0.96,1.37,3.68,3.5,2.26,1.26,2.63,5.3,3.9,3.01,1.53,2.93,2.27,4,6,5,4,45,58,0.99,0.99,0.81,0.19,3.17,4.89,1.44,2.63,2.88,3.06,4.62,3.15,1.96,4.78,4.11,4.84,3.46,3.12,1.1,1825,1591,0,1,1.27,2
0.6,0.55,0.77,0.65,0.59,2.78,0.71,3.92,7.6,4.1,3.16,4.87,2.18,1.25,3,3,6,6,58,44,0.14,0.72,0.26,0.74,5.21,2.56,4.61,4.68,3.97,1.97,1.02,3.8,2.73,4.69,1.89,3.81,4.0,3.84,4.64,1475,1425,1,3,1.01,1
0.03,0.63,2.0,1.26,2.71,2.17,3.77,2.14,3.8,7.2,4.17,1.25,3.33,2.14,7,5,3,4,53,47,0.63,0.68,0.6,0.4,4.45,1.88,1.3,1.87,1.49,2.58,1.98,1.04,2.94,1.28,4.08,4.12,3.14,4.64,1.46,1510,1778,0,3,0.03,2
0.56,0.08,1.74,1.11,2.24,0.44,2.87,1.5,6.4,7.2,3.87,3.45,1.47,2.28,7,4,2,3,61,38,0.61,0.51,0.64,0.36,3.39,2.59,1.8,3.06,2.32,2.08,1.04,4.55,2.02,1.18,1.73,4.7,1.78,2.93,3.84,2029,1871,1,4,2.91,1
0.91,0.1,0.26,2.52,1.5,2.26,2.23,0.97,3.2,4.3,4.66,1.19,1.3,1.79,2,3,4,2,61,42,0.18,0.2,0.28,0.72,2.64,4.96,3.96,4.4,3.15,3.53,1.38,1.99,4.46,3.66,3.96,3.72,1.38,2.68,1.85,1729,1487,1,1,2.46,2
0.96,0.53,0.57,0.69,0.91,1.82,1.14,1.01,7.1,5.5,1.69,4.35,4.95,2.84,7,6,4,5,65,37,0.86,0.36,0.97,0.03,4.76,4.75,4.11,2.23,1.4,2.4,3.48,3.3,4.27,4.07,4.69,3.56,4.98,2.46,4.4,1671,1802,0,3,3.67,2
0.25,0.97,2.73,0.77,2.16,3.01,3.1,2.33,1.6,3.6,1.98,4.98,2.12,1.55,6,7,5,4,51,51,0.74,0.7,0.74,0.26,4.07,4.73,4.69,3.28,1.22,3.15,2.55,3.83,1.86,4.96,3.54,2.21,1.97,2.37,4.23,1531,1757,1,1,2.16,2
0.96,0.85,2.5,0.39,0.51,0.66,1.67,1.29,4.4,1.2,3.82,3.01,2.97,2.75,2,6,4,5,60,39,0.77,0.44,0.14,0.86,5.11,1.9,2.46,1.98,4.15,3.57,4.56,4.74,3.32,1.72,1.3,2.64,3.45,3.59,3.76,1887,1839,1,2,3.32,1
0.96,0.59,0.65,3.24,0.22,1.85,3.88,0.86,6.7,1.4,3.04,3.34,1.94,4.95,5,3,3,4,39,63,0.55,0.04,0.75,0.25,3.26,2.34,3.04,1.71,1.99,1.89,1.75,2.22,2.44,1.41,4.39,3.27,2.24,2.68,2.14,1404,1587,1,4,4.67,0
0.54,0.58,3.14,0.88,1.28,1.01,1.23,4.21,6.7,4.3,1.45,1.82,1.33,2.41,4,4,2,0,51,48,0.51,0.09,0.5,0.5,2.82,2.87,1.46,4.8,2.13,2.01,1.45,1.82,2.29,4.12,1.17,2.2,2.2,3.89,2.98,1840,1885,1,5,2.75,2
0.97,0.13,3.6,3.45,1.28,2.28,1.37,0.39,7.6,4.7,1.91,3.41,4.66,1.38,4,5,2,5,64,33,0.4,0.25,0.83,0.17,5.34,4.4,3.83,2.57,1.93,4.04,4.75,1.23,3.99,3.92,4.96,1.34,2.25,1.72,3.81,1803,1891,1,1,2.98,2
0.96,0.56,2.26,1.97,1.43,2.82,4.34,2.56,2.1,6.9,1.6,3.84,2.61,2.59,2,5,3,2,62,38,0.71,0.91,0.88,0.12,3.78,4.5,1.25,3.05,2.94,3.22,4.6,3.19,2.31,2.53,2.51,1.38,2.86,2.13,3.8,2095,1748,1,3,1.3,2
0.4,0.98,3.63,3.05,0.28,1.74,1.9,4.02,3.0,2.5,1.26,2.71,4.12,4.19,7,3,0,1,64,39,0.77,0.6,0.6,0.4,3.79,2.08,3.75,1.16,3.83,4.09,1.95,3.06,1.48,1.67,4.55,4.27,1.85,2.52,4.91,1865,1402,0,5,3.04,0
0.61,0.02,0.86,3.31,1.64,1.9,1.1,4.18,1.4,2.5,1.32,1.45,3.74,3.64,7,2,5,3,51,47,0.72,0.33,0.42,0.58,2.87,2.6,1.85,1.73,1.78,1.12,2.21,4.15,1.93,1.82,5.0,3.89,3.84,4.45,1.14,1622,1788,1,1,0.83,1
0.78,0.27,2.72,0.26,2.04,2.85,1.67,3.06,3.8,7.6,1.1,3.04,1.42,1.3,3,5,0,5,48,52,0.11,0.67,0.06,0.94,3.3,3.48,3.11,2.11,3.57,3.48,2.68,3.76,3.52,4.01,4.84,4.29,2.01,3.12,3.6,1695,1734,1,4,0.14,1
0.87,0.43,3.73,1.06,1.27,2.73,1.75,2.8,3.5,6.8,1.6,1.33,1.33,3.95,3,2,6,0,60,40,0.94,0.75,0.7,0.3,3.1,4.26,2.44,3.78,4.8,1.45,3.73,3.71,1.51,2.56,3.02,4.27,4.04,4.91,3.55,1694,1952,1,5,0.21,2
0.9,0.5,2.44,0.93,1.6,0.8,2.64,3.42,5.7,2.8,2.16,2.38,4.48,2.41,5,6,0,2,43,59,0.74,0.12,0.41,0.59,3.86,2.97,4.68,1.15,4.3,1.46,3.9,3.95,1.26,1.36,3.74,2.72,3.38,4.88,2.06,1747,1699,0,1,1.09,0
0.32,0.09,1.67,3.7,2.09,2.77,2.91,1.62,7.1,4.9,1.11,3.69,1.56,1.6,5,6,0,3,35,66,0.25,0.01,0.13,0.87,5.25,1.14,2.64,3.15,4.71,3.91,2.8,3.43,1.12,3.98,1.47,4.13,2.31,3.49,2.03,1840,1848,1,5,2.78,0
0.15,0.55,2.09,0.89,2.89,0.81,4.3,4.05,2.8,4.4,3.93,3.76,2.25,1.27,6,5,6,5,38,63,0.76,0.26,0.24,0.76,3.56,1.31,2.42,4.87,2.57,2.87,3.93,2.8,3.05,4.16,4.33,1.69,2.96,1.28,3.79,1915,1934,1,3,1.29,2
0.13,0.9,1.99,2.38,1.55,1.7,4.5,0.92,6.7,7.8,4.25,4.45,1.25,3.12,5,4,0,0,49,49,0.5,0.53,0.04,0.96,5.96,3.58,3.26,1.55,3.05,2.25,1.77,1.11,1.56,4.02,2.78,3.19,1.58,1.32,3.17,1936,1613,0,1,0.99,0
0.78,0.07,2.09,2.62,0.21,2.93,0.27,3.69,3.3,4.7,3.92,3.27,4.72,3.34,3,3,2,4,35,62,0.73,0.75,0.28,0.72,2.28,4.94,1.0,2.45,4.16,1.02,3.03,1.68,1.5,3.13,1.74,4.32,4.56,4.18,2.74,1705,1923,1,5,2.32,2
0.5,0.12,0.29,2.98,2.64,1.42,2.21,2.4,7.6,3.4,4.4,2.6,3.39,3.82,7,7,1,2,57,45,0.19,0.39,0.58,0.42,3.94,4.53,1.83,1.47,1.25,2.78,2.04,1.64,3.03,3.24,2.97,1.36,3.99,2.52,1.29,1669,2090,1,5,4.09,1
1.0,0.39,0.49,2.4,2.29,2.96,1.29,4.1,7.3,3.3,4.55,1.82,3.7,3.96,4,3,0,4,43,60,0.6,0.5,0.99,0.01,4.42,2.52,4.83,1.94,4.23,1.28,4.62,2.66,3.02,1.05,3.79,1.92,3.99,3.69,1.94,1401,1488,0,1,1.79,0
0.31,0.51,1.87,1.72,0.57,3.05,2.19,3.32,1.6,2.0,4.42,2.79,2.91,4.89,4,6,6,5,39,60,0.2,0.99,0.04,0.96,2.31,1.63,4.62,1.7,4.12,1.26,3.22,2.21,3.53,2.0,2.7,3.95,2.34,2.05,2.33,2042,1655,1,2,1.98,0
0.74,0.75,3.64,0.71,2.63,1.35,4.36,3.13,3.9,7.9,3.03,3.5,4.15,2.26,7,4,6,5,65,36,0.74,0.11,0.47,0.53,5.47,1.06,1.49,1.89,3.82,1.57,3.66,3.74,3.06,4.75,2.84,1.71,4.19,4.3,2.99,2088,1944,1,1,3.02,2
0.09,0.92,2.76,2.28,0.29,1.84,1.63,0.41,1.4,3.3,1.66,2.03,1.72,1.05,6,7,6,6,49,54,0.05,0.85,0.54,0.46,3.6,1.06,3.1,2.23,2.88,1.41,1.97,3.35,1.95,2.1,2.13,1.5,4.49,2.89,3.9,1663,1886,1,4,1.45,0
0.83,0.16,3.19,0.36,1.64,1.26,1.16,1.97,1.7,6.9,3.37,1.9,2.49,3.39,3,6,3,1,49,52,0.42,0.73,0.34,0.66,3.04,4.6,1.65,1.16,2.22,1.3,3.1,1.94,2.4,2.83,1.81,2.03,3.45,4.66,3.17,1788,1868,1,4,2.56,2
0.82,0.84,1.35,1.77,2.21,1.77,1.27,1.67,7.4,5.3,2.12,2.13,2.04,3.09,7,3,4,4,63,36,0.08,0.36,0.67,0.33,3.61,1.03,3.99,3.39,2.67,1.56,2.31,2.58,1.27,2.6,1.39,2.74,1.1,4.93,1.98,1426,1979,0,2,3.34,0
0.33,0.64,2.4,3.38,0.87,2.33,2.35,3.69,4.6,7.0,1.95,2.19,4.74,2.35,5,3,0,2,43,60,0.13,0.38,0.71,0.29,3.63,4.33,3.54,2.4,4.97,3.35,1.92,2.47,2.52,1.94,4.37,4.86,4.25,3.12,2.41,1831,1831,0,3,2.7,1
0.08,0.18,0.51,1.95,3.14,2.62,1.57,1.97,5.4,6.7,3.02,4.39,1.99,4.04,6,7,2,0,40,62,0.5,0.17,0.55,0.45,2.73,1.86,3.55,3.29,2.05,4.48,4.79,4.04,1.02,1.73,2.74,4.13,1.81,2.77,3.21,1527,1461,1,2,2.1,0
0.43,0.12,1.14,1.56,1.92,1.23,3.44,4.14,3.6,5.4,4.67,4.97,2.01,1.8,5,7,2,5,48,53,0.5,0.78,0.24,0.76,2.53,1.41,2.44,2.26,1.05,3.3,3.6,2.72,2.0,2.92,1.77,4.45,1.84,3.92,3.9,1962,1506,0,3,3.31,1
0.35,0.16,0.32,1.75,1.34,1.34,2.68,2.7,4.2,1.4,1.91,4.97,2.91,3.77,7,5,6,2,39,64,0.07,0.05,0.13,0.87,3.91,1.63,3.79,4.12,1.53,2.48,1.03,2.57,2.31,1.39,2.69,3.85,3.22,4.66,1.2,1685,2056,0,4,4.3,0
0.52,0.69,1.56,1.8,3.4,3.48,4.23,2.82,2.8,7.2,4.99,4.99,2.23,1.66,2,4,0,6,45,54,0.18,0.82,0.3,0.7,5.24,4.38,2.81,3.19,3.75,1.67,2.95,1.88,3.75,1.57,4.36,3.77,2.58,2.29,2.93,1463,1485,1,4,0.97,1
0.91,0.54,1.99,0.71,1.5,1.72,1.49,4.34,1.7,3.1,1.17,3.4,4.25,1.8,2,2,5,5,46,55,0.64,0.43,0.66,0.34,2.11,4.19,1.71,1.73,2.69,3.12,2.49,4.71,1.35,3.25,4.12,3.36,4.69,4.05,4.99,1827,1770,0,5,0.94,2
0.23,0.01,2.71,2.22,3.35,0.34,1.35,2.14,7.8,1.9,4.05,3.37,1.59,2.45,3,7,5,4,44,57,0.97,0.78,0.32,0.68,3.03,4.39,3.71,4.49,4.44,2.99,2.39,4.49,2.21,3.02,4.81,3.4,4.1,2.9,1.56,2025,1802,0,2,0.19,0
0.36,0.2,1.3,0.36,0.21,3.08,2.36,3.88,7.9,2.2,3.6,2.39,2.18,4.36,3,2,5,6,47,51,0.54,0.74,0.95,0.05,3.48,1.77,2.73,2.25,4.23,3.66,1.24,2.0,1.1,1.71,3.17,1.25,3.77,4.55,1.97,1575,1778,1,3,4.42,1
0.04,0.01,0.47,0.46,1.06,2.39,2.42,2.97,6.9,7.1,2.62,4.02,3.6,4.56,3,5,4,0,38,62,0.55,0.28,0.03,0.97,5.22,2.57,2.28,4.65,1.34,3.46,4.56,2.25,1.76,1.06,2.88,2.54,2.47,2.31,1.91,1767,1646,1,2,0.43,2
1.0,0.55,1.34,1.92,0.27,0.81,3.14,1.04,3.6,6.3,2.72,1.35,4.79,3.61,3,5,2,0,41,60,0.48,0.04,0.19,0.81,2.59,1.63,1.48,1.47,1.45,2.32,3.58,1.34,3.63,4.1,3.25,4.92,3.66,4.48,2.97,1650,1835,1,1,1.02,2
0.27,0.6,0.49,1.68,1.92,2.91,1.12,4.29,4.2,5.4,2.78,2.55,1.8,3.26,2,6,4,3,55,45,0.16,0.45,0.47,0.53,3.71,2.49,4.37,2.23,1.67,4.26,1.53,4.54,4.85,1.36,3.61,2.52,3.3,2.85,2.59,2025,1677,1,4,0.27,0
0.15,0.91,2.91,0.98,0.63,1.74,2.47,1.47,2.5,6.6,1.44,4.84,3.56,1.12,5,5,3,2,51,48,0.93,0.97,0.52,0.48,5.13,2.39,1.53,3.99,3.69,1.52,1.85,4.8,1.61,3.74,4.26,1.76,3.28,3.82,2.49,1453,1775,1,2,2.89,2
0.73,0.57,0.29,3.16,1.15,2.86,1.77,4.12,4.7,6.1,4.01,3.19,1.65,3.07,3,4,0,3,55,43,0.25,0.49,0.37,0.63,3.97,2.8,1.03,2.43,3.62,1.3,3.92,4.77,1.34,2.03,4.45,1.38,3.48,3.71,3.76,1879,1768,0,4,1.01,0
0.46,0.31,0.84,1.06,3.07,2.66,3.75,4.29,2.6,7.6,1.23,3.77,3.82,4.6,3,2,1,0,53,47,0.09,0.54,0.46,0.54,4.45,2.19,2.48,3.59,2.54,1.08,1.77,2.89,4.33,2.36,3.11,3.64,2.05,3.31,4.2,1967,1498,0,5,1.07,0
0.88,0.88,1.03,1.61,1.21,2.0,0.93,2.47,5.8,1.2,2.78,3.99,2.93,1.48,5,2,5,6,35,63,0.74,0.2,0.31,0.69,3.09,2.7,4.97,3.59,4.55,2.43,4.19,2.52,4.14,4.48,2.64,4.43,4.37,4.72,4.95,1470,1722,0,3,3.85,0
0.61,0.52,1.7,1.0,2.09,2.0,0.51,3.69,5.7,2.2,1.54,3.77,3.01,2.55,6,7,0,5,49,49,0.13,0.88,0.78,0.22,5.73,2.48,2.38,1.06,2.04,2.17,1.67,2.84,3.52,3.68,2.25,1.12,3.96,2.86,3.49,1831,1914,0,5,4.02,0
0.87,0.39,2.32,0.26,2.69,1.01,3.86,3.43,2.0,6.1,2.92,2.67,3.9,1.72,6,4,0,6,55,47,0.51,0.32,0.64,0.36,4.83,2.61,4.21,3.94,3.81,1.63,3.91,1.14,4.17,1.16,1.6,2.04,4.03,1.67,2.9,2073,1401,1,3,3.73,2
0.38,0.47,3.47,2.49,1.28,1.5,3.8,2.91,3.7,4.5,2.54,2.81,3.61,3.28,2,4,1,0,41,58,0.73,0.4,0.66,0.34,5.93,2.76,4.74,1.93,2.98,3.97,4.49,3.71,3.65,3.74,1.05,2.55,3.23,4.02,4.14,1679,1620,1,1,4.82,0
0.59,0.19,3.75,0.23,3.44,0.39,3.76,2.16,5.7,7.6,1.05,2.04,1.01,2.4,3,5,0,0,45,52,0.85,0.67,0.13,0.87,5.15,2.78,1.11,3.67,2.62,4.85,2.29,3.93,2.3,1.39,2.67,2.69,3.48,2.71,2.83,1501,1990,0,5,0.8,2
0.17,0.64,2.37,1.55,3.26,0.54,1.12,1.58,7.5,4.0,1.88,2.99,1.27,3.82,3,3,2,1,52,50,0.53,0.42,0.85,0.15,3.47,4.41,3.14,1.93,3.12,3.99,4.2,4.44,4.33,1.02,4.17,4.83,4.72,4.42,2.41,2093,2042,0,4,3.57,0
0.55,0.38,1.46,1.5,3.36,3.37,4.2,1.39,3.5,5.2,2.12,3.81,4.45,1.81,5,6,4,3,64,34,0.12,0.83,0.46,0.54,3.52,4.92,2.95,1.72,2.67,3.08,3.03,2.76,2.49,4.3,3.97,2.16,1.31,3.94,4.82,1769,1834,0,1,3.13,2
0.51,0.4,1.89,0.5,2.88,3.31,0.48,0.86,5.5,7.8,4.99,1.79,4.52,1.26,5,2,2,2,40,58,0.27,0.76,0.01,0.99,3.13,2.77,2.24,1.35,3.36,2.53,2.63,3.45,3.97,4.95,2.88,4.28,4.0,3.09,1.51,1649,1541,0,5,1.8,2
0.15,0.64,1.65,3.64,1.72,0.89,4.28,1.41,5.3,7.6,1.06,2.81,4.66,3.8,4,6,4,3,42,59,0.85,0.21,0.15,0.85,2.55,4.82,3.13,1.64,3.56,2.52,4.16,3.45,1.52,2.07,2.22,4.03,4.28,3.58,2.66,1498,1511,1,3,4.26,0
0.27,0.37,2.1,0.54,2.29,2.28,4.5,2.65,1.6,3.6,2.28,2.56,2.28,4.81,3,6,5,0,50,47,1.0,0.71,0.32,0.68,2.77,1.78,2.55,2.47,3.15,3.12,4.07,4.27,3.41,3.85,4.4,3.03,3.94,1.89,4.88,1741,1557,1,5,4.82,0
0.81,0.24,3.57,0.21,1.07,0.81,0.69,1.06,4.4,7.0,1.79,2.87,3.63,4.62,4,6,6,0,54,46,0.85,0.65,0.57,0.43,2.59,4.08,2.79,1.91,4.95,2.95,1.71,1.8,2.45,1.6,3.0,1.88,2.44,2.83,2.02,1935,2013,0,5,2.03,1
0.54,0.26,2.45,2.07,2.72,0.48,2.24,0.32,3.8,5.5,3.47,1.06,2.08,4.24,6,4,6,2,57,42,0.5,0.28,0.51,0.49,2.86,3.74,2.75,2.57,3.61,2.75,4.88,3.57,1.22,1.01,2.86,2.99,3.57,4.1,4.25,1873,2055,1,2,2.66,0
0.4,0.14,2.69,0.99,2.05,2.51,3.53,3.94,7.0,7.1,4.35,4.32,2.8,1.84,2,3,1,0,46,55,0.83,0.63,0.52,0.48,5.02,2.32,2.94,1.27,1.64,2.15,3.44,4.08,2.67,1.59,4.05,3.83,3.42,4.17,1.0,1951,1908,1,3,1.67,2
0.52,0.96,3.73,0.82,2.52,2.2,0.84,2.68,3.9,4.7,1.14,4.12,2.11,1.3,4,5,0,3,52,46,0.59,0.88,0.5,0.5,5.06,3.96,1.69,2.27,1.35,2.79,4.35,2.83,1.21,1.04,4.48,3.37,4.74,4.64,3.13,2063,1618,0,3,1.96,2
0.35,0.26,3.3,3.67,0.98,0.89,3.65,2.71,4.7,1.3,1.73,3.93,1.41,2.07,2,2,4,1,42,55,0.03,0.58,0.19,0.81,2.25,2.2,4.85,2.06,4.64,3.33,1.7,4.22,2.42,3.81,3.13,4.31,4.96,2.79,3.23,1999,1583,0,5,4.67,0
0.83,0.25,3.79,2.87,0.62,2.16,2.07,1.93,2.3,4.4,1.75,4.35,3.36,2.5,7,2,0,5,46,52,0.35,0.27,0.58,0.42,3.93,3.84,4.34,1.61,1.11,4.45,1.22,4.07,1.1,3.61,1.48,2.35,2.88,1.74,2.63,1624,1488,1,3,4.84,2
0.74,0.4,3.16,3.75,2.91,0.56,4.42,2.16,6.6,6.5,2.44,2.81,2.35,4.17,6,7,5,6,35,66,0.29,0.73,0.93,0.07,2.22,2.23,4.49,4.19,1.95,4.13,4.56,1.57,2.66,1.18,2.46,2.91,3.05,1.27,3.51,1709,1865,0,1,1.66,0
0.01,0.78,0.25,1.56,1.87,1.01,2.87,1.86,6.8,4.8,1.91,2.01,1.69,1.59,2,3,1,3,59,44,1.0,0.55,0.38,0.62,2.96,3.21,1.8,4.86,1.66,3.33,3.43,2.32,2.3,1.61,2.73,1.19,1.88,2.42,2.4,2060,1982,1,2,3.4,2
0.8,0.44,2.12,3.64,0.99,2.41,0.94,2.93,6.2,4.8,4.83,2.62,1.18,4.71,6,2,1,0,45,56,0.58,0.87,0.48,0.52,2.44,4.98,1.57,2.05,3.23,3.6,2.76,3.78,1.9,2.82,1.51,2.88,1.48,3.51,2.46,1465,1686,1,3,2.36,1
0.48,0.2,2.64,3.02,1.0,2.65,4.42,3.15,7.2,1.2,3.32,1.74,4.83,3.45,2,3,1,3,64,35,0.49,0.47,0.96,0.04,3.61,3.39,4.77,4.79,2.6,1.75,1.83,3.82,4.61,2.52,2.98,1.24,2.55,3.17,4.7,1960,1446,1,3,2.55,2
0.47,0.7,0.29,1.18,0.36,2.39,3.07,1.15,2.1,7.5,3.44,4.1,1.26,2.01,7,2,3,3,46,52,0.41,0.17,0.64,0.36,4.21,3.48,3.06,4.82,2.16,4.33,2.32,4.53,4.32,2.7,1.72,2.02,2.27,3.32,2.2,1756,1464,1,1,0.66,2
0.9,0.18,1.72,3.27,2.8,3.44,3.68,4.14,7.4,7.8,2.99,4.84,4.79,2.76,2,4,1,4,52,46,0.98,0.47,0.78,0.22,4.57,1.3,2.3,4.08,2.14,2.08,4.66,4.1,1.08,2.09,2.36,3.61,1.52,1.37,2.36,1917,1456,0,3,4.09,2
0.42,0.03,1.48,2.39,0.27,0.71,2.15,3.52,5.7,7.6,1.02,3.66,2.7,3.87,4,2,4,1,36,64,0.91,0.94,0.56,0.44,4.11,1.87,4.91,4.59,3.03,3.28,2.15,4.27,1.68,2.42,1.8,3.89,2.19,1.65,2.79,1993,2099,1,2,2.07,0
0.82,0.0,2.78,0.29,1.54,2.73,2.56,1.49,7.6,7.3,2.57,4.44,1.61,3.29,2,6,3,3,39,59,0.13,0.27,0.96,0.04,4.04,3.57,4.78,1.68,4.54,4.6,4.9,4.67,3.26,4.93,2.2,3.55,1.55,4.31,2.94,1723,1917,0,4,4.03,0
0.59,0.97,2.64,3.33,0.27,1.22,2.75,2.18,7.4,7.6,3.12,4.84,3.19,1.89,5,3,6,0,44,58,0.89,0.17,0.4,0.6,4.88,3.98,4.84,4.99,3.63,3.84,1.6,4.8,2.03,2.21,3.98,3.15,3.65,4.24,1.32,1941,1652,1,4,1.38,1
0.82,0.55,1.31,0.58,3.18,2.34,1.4,0.81,7.8,4.2,2.47,3.81,1.19,2.92,5,4,2,5,42,61,0.87,0.14,0.28,0.72,3.86,4.41,2.18,2.46,3.73,2.12,4.62,4.42,1.46,4.61,1.77,2.85,2.18,1.95,3.17,1694,2091,0,5,3.63,0
0.59,0.99,1.58,1.74,2.56,1.17,4.24,2.49,1.1,6.4,2.4,3.81,1.31,3.22,6,4,3,4,65,35,0.8,0.41,0.1,0.9,3.62,4.13,3.56,3.47,3.21,1.63,2.55,3.41,3.37,1.12,4.53,3.45,2.55,3.77,3.0,1803,1452,1,3,4.62,0
0.62,0.85,3.77,2.63,2.16,1.51,3.9,4.36,1.5,2.4,2.9,1.67,3.59,4.73,4,5,1,1,49,51,0.63,0.66,0.24,0.76,5.36,3.53,1.4,4.66,1.2,3.2,3.27,3.64,2.15,2.64,4.14,1.06,1.27,1.06,4.4,1741,2074,0,4,1.78,2
0.63,0.05,2.25,0.91,0.5,2.82,2.64,3.08,5.2,4.8,2.59,2.32,3.29,3.5,4,2,1,2,65,36,0.17,0.62,0.64,0.36,4.4,3.37,2.99,4.31,1.5,4.75,4.95,4.57,4.85,2.19,4.76,3.78,2.07,3.63,1.72,1681,1744,0,5,3.4,2
0.4,0.24,0.94,1.03,0.79,2.8,2.01,2.03,4.7,7.5,1.56,1.76,1.74,1.24,3,3,0,6,52,46,0.43,0.05,0.75,0.25,2.54,4.24,3.99,1.72,3.08,3.97,4.37,1.22,1.61,1.11,4.77,1.32,2.69,3.61,1.17,1702,1754,1,4,2.51,2
0.33,0.88,0.73,2.01,3.47,1.05,1.65,1.79,5.4,3.9,4.28,3.43,1.03,4.43,4,7,4,5,40,62,0.77,0.52,0.23,0.77,4.42,3.17,4.87,1.22,2.82,2.86,4.73,2.95,3.42,3.45,2.06,3.02,2.87,3.96,2.67,1558,1466,0,5,2.56,0
0.83,0.73,1.74,2.72,1.4,3.01,2.03,1.56,7.6,7.6,4.22,1.63,3.58,2.23,2,5,0,2,49,51,0.05,0.4,0.3,0.7,5.21,1.38,1.94,1.47,2.73,2.05,3.51,4.34,1.79,3.0,3.79,3.6,3.21,2.77,2.61,1642,1839,0,4,0.4,2
0.21,0.24,0.94,0.27,2.16,1.24,1.27,0.73,7.4,5.3,1.77,2.51,4.35,3.72,7,5,0,6,38,61,0.3,0.39,0.59,0.41,2.99,2.47,2.95,3.47,3.38,4.92,4.55,3.82,4.49,2.46,1.98,2.26,1.09,2.53,2.65,1494,2098,1,1,2.28,1
0.05,0.29,2.14,3.0,2.15,3.2,2.76,1.09,2.8,7.5,1.18,2.1,3.88,4.14,5,4,4,4,60,42,0.98,0.32,0.61,0.39,2.08,4.88,3.75,3.67,4.86,2.35,1.63,3.14,4.5,3.72,2.09,1.82,4.83,2.33,1.08,2008,1471,1,3,0.32,1
0.15,0.92,0.73,1.3,1.02,1.03,2.59,1.65,4.2,2.0,2.7,1.17,1.32,4.45,5,4,4,4,56,46,0.57,0.69,0.67,0.33,5.68,4.77,3.8,2.95,1.6,1.34,2.67,2.29,3.59,1.72,4.41,3.98,3.74,2.99,1.36,1545,2050,0,1,1.88,1
0.4,0.18,1.33,1.24,2.39,0.46,4.12,3.3,3.9,6.6,2.92,2.36,3.95,3.84,4,4,5,4,37,60,0.93,0.98,0.08,0.92,5.39,1.36,1.77,4.12,4.41,2.59,2.5,1.08,4.37,2.07,3.88,2.2,3.23,2.16,1.51,1568,1817,1,2,2.29,0
0.88,0.58,2.16,1.78,2.69,0.66,3.42,2.15,2.8,4.7,4.3,4.7,1.18,1.77,4,2,2,5,63,40,0.61,0.16,0.35,0.65,3.02,1.37,2.67,1.51,1.96,4.34,2.47,2.63,1.34,3.54,3.74,2.79,3.8,1.82,3.95,1402,2029,0,4,0.33,0
0.14,0.52,0.52,2.0,2.24,0.59,3.39,2.76,2.1,7.5,2.07,2.8,1.51,3.3,4,5,4,4,53,50,0.55,0.49,0.18,0.82,3.88,2.2,3.15,3.11,1.82,1.02,3.27,3.57,1.48,4.73,3.18,3.34,4.57,1.03,2.73,1734,1802,0,2,3.88,0
0.94,0.11,0.83,0.44,3.07,1.7,3.92,0.3,7.9,3.0,2.1,3.36,1.56,4.29,3,4,2,2,53,50,0.05,0.71,0.2,0.8,4.54,4.11,2.56,2.43,2.67,4.14,3.48,2.13,2.94,4.71,4.64,1.85,3.69,4.13,3.92,1447,1942,0,1,4.65,0
0.15,0.65,0.93,3.75,2.27,1.37,1.93,3.16,6.7,4.6,2.27,1.93,4.17,4.21,7,5,0,5,49,52,0.48,0.47,0.06,0.94,2.34,4.09,4.1,1.64,3.33,1.39,2.94,1.8,1.27,2.35,4.08,4.43,2.41,2.3,4.41,1926,1716,0,4,4.53,0
0.88,0.38,1.07,3.7,0.37,0.59,3.98,1.6,7.3,6.5,2.39,1.49,4.48,4.47,7,6,4,2,38,64,0.62,0.79,0.14,0.86,4.3,1.46,4.97,3.99,1.07,2.65,2.28,3.75,2.93,2.24,4.52,2.17,2.29,4.12,2.72,1739,1803,1,4,4.63,0
0.15,0.39,3.07,1.51,3.28,2.53,0.84,4.46,5.1,5.1,3.38,1.19,4.26,2.3,2,4,5,4,61,39,0.28,0.2,0.21,0.79,2.13,4.42,3.44,4.22,4.85,1.9,3.98,3.48,4.96,1.41,3.64,2.64,3.34,1.02,3.16,2097,1545,1,3,3.74,2
0.98,0.72,1.27,1.27,3.04,3.31,1.39,2.88,7.1,7.2,3.99,2.64,1.85,1.04,7,4,1,2,62,37,0.56,0.54,0.34,0.66,5.47,1.46,1.26,1.49,2.32,1.15,4.62,1.5,3.18,4.71,1.53,3.06,3.0,1.46,1.47,1770,2026,0,2,4.56,2
0.46,0.14,0.64,2.08,2.21,1.95,0.59,1.47,6.6,5.6,3.32,3.72,4.59,3.34,2,4,3,0,36,65,0.43,0.58,0.87,0.13,5.35,4.52,4.81,4.02,4.5,2.08,3.95,1.06,1.36,3.71,5.0,3.35,4.47,1.8,2.94,1803,1836,1,2,4.86,0
0.7,0.12,0.88,2.74,3.16,1.4,2.99,0.89,1.3,4.8,2.71,4.81,2.4,4.72,3,4,0,6,55,47,0.94,0.16,0.3,0.7,2.9,2.43,1.79,2.25,3.95,4.11,1.97,3.16,1.83,3.99,3.01,3.56,3.11,4.27,3.69,1850,2074,1,5,2.46,0
0.53,0.9,1.36,2.07,0.73,1.9,2.04,0.63,7.0,2.2,2.74,2.97,4.44,2.38,4,6,2,5,65,36,0.7,0.63,0.22,0.78,5.37,2.71,1.86,4.3,3.75,1.09,4.43,1.21,2.87,1.06,2.1,4.26,4.76,2.3,4.41,1431,2034,1,3,2.59,2
0.96,0.48,0.68,2.16,1.82,1.66,1.34,1.4,4.3,4.1,3.99,3.75,1.65,4.9,4,7,5,2,43,54,0.85,0.17,0.72,0.28,3.24,2.73,2.9,3.29,2.63,1.42,1.45,3.69,4.22,2.33,4.41,1.07,2.22,4.2,1.05,1557,1524,0,1,4.76,0
0.29,0.87,0.23,3.3,1.5,1.23,2.75,1.81,7.7,3.5,3.81,2.26,3.27,2.56,6,3,6,5,44,54,0.37,0.92,0.5,0.5,4.19,2.09,1.9,1.23,4.44,4.67,2.55,4.51,3.64,2.56,2.08,4.76,4.34,4.5,2.79,1664,1494,0,5,1.18,0
0.75,0.23,1.4,3.02,3.48,1.82,0.25,1.4,4.8,2.5,2.29,3.12,3.96,1.23,3,5,4,1,64,38,0.28,0.41,0.44,0.56,3.54,1.83,2.65,1.88,3.41,3.89,4.14,2.57,1.96,1.82,2.06,3.7,4.17,3.5,2.69,1499,1808,0,4,4.63,0
0.23,0.8,2.58,0.4,2.18,2.54,0.33,3.03,6.3,5.3,4.69,2.87,2.21,1.2,2,5,3,5,47,56,0.08,0.4,0.85,0.15,5.5,3.79,2.99,3.51,2.38,4.23,1.07,4.77,3.83,4.59,3.04,4.9,4.33,2.48,1.66,1440,2004,0,2,1.38,2
0.27,0.8,1.46,1.6,0.83,1.88,1.3,2.15,2.4,3.8,1.97,4.01,3.59,3.14,6,4,0,6,62,36,0.33,0.39,0.05,0.95,5.6,1.57,3.11,3.86,3.26,3.64,2.65,2.1,4.77,3.4,4.0,1.11,3.41,1.59,1.29,2092,1924,1,3,0.42,0
0.99,0.77,3.47,0.34,1.45,0.51,0.71,1.19,4.8,3.7,4.14,2.8,3.15,1.83,7,3,4,3,37,64,0.66,0.38,0.17,0.83,5.65,3.97,2.04,2.11,4.89,4.29,4.66,3.43,2.24,1.91,2.22,3.71,3.62,3.93,2.93,1626,1818,0,3,1.14,2
0.83,0.89,3.09,1.92,0.87,2.55,2.82,2.58,3.2,4.8,1.17,4.81,1.53,1.05,4,6,3,4,60,40,0.78,0.42,0.19,0.81,2.45,1.57,4.49,3.94,1.36,3.84,3.24,4.4,4.14,2.5,1.66,2.39,4.32,2.22,3.11,2044,1678,1,2,1.83,1
0.52,0.81,3.07,2.19,1.21,3.32,0.24,2.05,1.5,7.5,1.27,4.01,1.99,2.54,3,4,0,6,54,48,0.65,0.94,0.65,0.35,5.3,1.05,4.34,4.76,2.96,4.81,1.72,3.22,1.29,1.77,1.29,3.05,2.86,3.18,3.06,1565,1756,0,3,3.11,0
0.23,0.41,1.61,3.33,1.42,0.67,2.74,1.79,1.5,6.3,1.72,1.25,3.43,1.43,3,3,0,1,38,62,0.36,0.34,0.71,0.29,5.62,3.88,2.51,3.84,4.3,3.53,2.15,3.36,2.24,4.68,3.5,1.44,3.54,3.58,4.25,1981,1816,0,3,0.22,1
0.09,0.01,1.5,2.53,1.09,1.3,1.84,2.17,1.4,6.4,1.04,3.56,3.7,1.33,5,3,2,6,54,47,0.64,0.84,0.65,0.35,5.63,4.37,2.1,1.09,1.88,2.8,1.13,1.2,3.75,4.04,3.46,3.74,2.53,3.42,1.68,1875,1655,0,4,4.78,1
0.53,0.1,0.93,1.99,1.31,2.75,2.46,1.25,7.3,7.5,1.8,4.62,3.47,3.18,4,2,5,3,61,37,0.03,0.03,0.98,0.02,4.02,4.02,1.64,1.11,1.46,2.61,4.31,2.17,2.61,1.92,1.47,1.94,3.94,2.55,1.05,1819,1895,0,1,2.52,1
0.79,0.97,3.22,0.6,0.55,2.98,1.71,0.32,3.1,1.6,2.71,4.95,4.18,4.0,5,7,0,6,44,53,0.22,0.98,0.14,0.86,3.57,1.05,2.88,3.75,2.19,3.06,4.46,2.11,3.5,2.59,1.4,3.66,2.85,3.6,1.21,1831,1837,1,5,4.0,2
0.91,0.61,1.07,3.21,2.36,2.11,2.17,0.31,5.4,5.3,2.73,2.68,1.11,1.4,4,2,0,4,55,47,0.32,0.25,0.74,0.26,4.58,4.51,4.43,4.04,3.62,4.94,1.89,1.94,1.5,3.34,4.11,3.63,1.73,3.89,2.22,1885,1873,1,1,4.11,0
0.32,0.65,2.28,3.5,2.95,0.3,0.35,4.35,6.7,5.3,4.05,1.09,1.47,1.15,5,2,0,3,52,49,0.07,0.31,0.82,0.18,2.79,1.95,1.2,1.94,4.5,1.05,2.21,5.0,2.0,3.28,4.72,4.79,2.2,2.95,4.75,1501,2065,0,1,0.86,0
0.07,0.9,1.72,2.93,2.33,3.31,3.13,0.41,7.5,1.6,4.04,2.38,1.58,4.07,2,3,4,5,44,57,0.69,0.38,0.99,0.01,3.79,1.65,2.18,2.63,3.94,2.07,3.16,4.98,1.55,4.64,3.57,3.79,1.06,2.41,2.47,1748,2083,1,2,2.89,0
0.73,0.92,0.23,2.4,1.34,2.78,3.52,1.61,3.8,4.9,1.69,3.47,2.16,1.87,5,2,0,3,48,54,0.91,0.26,0.29,0.71,5.16,4.43,1.22,1.98,4.33,4.26,3.68,1.87,3.12,4.23,1.56,3.71,2.09,2.89,1.39,1514,1854,0,1,1.53,1
0.83,0.75,1.33,1.48,0.31,1.88,3.19,3.02,6.9,4.7,4.89,1.3,4.67,1.75,5,2,6,5,60,41,0.9,0.2,1.0,0.0,5.75,3.15,1.9,4.09,2.29,1.22,1.46,4.93,4.29,1.4,1.12,3.19,1.29,4.59,4.85,1407,1658,0,5,2.36,2
0.15,0.06,1.92,1.69,0.43,2.57,0.46,2.11,7.7,6.6,4.67,2.02,2.73,1.01,7,3,4,0,62,39,0.55,0.38,0.62,0.38,4.57,4.58,1.44,3.91,3.64,1.94,4.69,4.0,4.09,1.99,1.3,2.79,3.76,2.47,2.33,1491,1488,1,5,1.99,2
0.09,0.04,2.9,0.71,0.83,3.33,1.52,2.02,1.1,6.8,4.58,1.97,3.6,4.66,5,5,4,4,53,50,0.91,0.86,0.79,0.21,5.69,2.18,3.08,3.26,3.75,1.92,2.85,4.02,4.97,2.85,3.82,1.15,4.19,2.41,4.04,1693,1904,0,2,1.49,2
0.51,0.02,1.92,2.11,2.16,1.09,0.93,0.55,5.0,1.4,4.67,3.63,3.52,2.39,7,3,6,3,52,49,0.85,0.5,0.89,0.11,5.28,4.29,3.59,1.16,2.88,4.09,4.57,1.88,3.36,3.04,2.24,4.85,1.67,1.95,4.57,2023,1830,0,1,1.78,1
0.73,0.84,0.5,1.66,1.45,3.38,1.35,1.78,3.5,6.6,3.6,3.4,3.63,2.29,6,4,2,3,54,43,0.83,0.82,0.53,0.47,5.84,3.12,1.47,3.28,2.94,1.95,3.14,1.2,3.14,2.15,2.24,1.07,2.42,4.72,4.48,1912,1500,0,2,2.97,2
0.34,0.06,1.54,3.29,3.41,2.99,2.57,3.65,3.6,1.3,4.73,2.98,2.69,1.8,6,5,1,4,49,50,0.51,0.41,0.76,0.24,5.27,2.53,4.92,4.16,4.32,4.19,3.56,4.13,3.72,2.03,3.75,1.41,1.21,4.52,4.23,2032,2037,1,1,2.53,0
0.2,0.03,3.08,2.36,3.25,3.4,3.72,1.36,2.2,2.0,3.88,1.82,2.15,1.19,5,3,3,0,56,46,0.25,0.78,0.19,0.81,2.78,1.87,4.45,1.94,4.32,4.21,2.49,1.88,2.25,4.32,2.09,2.84,3.01,1.49,1.7,1778,1736,0,1,4.16,0
0.42,0.51,0.35,2.17,1.81,2.26,2.95,0.53,4.4,2.4,4.55,3.66,4.86,4.58,6,4,5,4,48,52,0.84,0.21,0.21,0.79,5.06,4.44,4.36,3.01,3.35,1.89,2.4,2.79,2.48,2.44,3.88,2.27,1.4,2.88,2.0,1601,1902,0,5,4.27,1
0.34,0.14,2.03,3.66,3.49,0.67,3.52,1.74,6.3,2.6,4.56,2.48,1.12,1.06,7,4,3,0,52,48,0.59,0.95,0.56,0.44,2.56,4.58,2.85,4.0,3.93,1.67,4.25,1.81,3.62,4.35,4.96,3.52,2.62,3.44,4.07,1841,1605,1,3,3.17,1
0.51,0.06,3.49,1.64,1.54,3.45,3.82,1.89,1.2,6.0,1.73,3.3,1.83,1.57,4,5,6,0,53,44,0.63,0.19,0.04,0.96,3.91,3.27,3.62,2.2,2.39,2.65,2.25,2.33,1.95,3.67,4.68,2.36,1.73,2.59,3.89,1558,1709,0,5,1.22,2
0.51,0.01,1.54,3.5,0.91,2.74,4.47,0.56,5.3,6.0,1.87,4.76,1.99,2.55,4,3,6,3,57,42,0.49,0.93,0.1,0.9,4.13,3.4,4.84,1.09,1.99,3.99,1.36,4.31,3.15,1.91,4.55,2.18,1.47,2.99,3.76,1578,1802,1,1,0.66,0
0.92,0.47,2.7,1.4,1.08,2.07,1.9,0.48,2.9,1.1,3.65,4.03,4.21,2.85,5,6,4,2,52,50,0.09,0.13,0.88,0.12,2.95,2.9,2.76,2.46,3.0,4.57,3.9,1.05,1.57,3.38,1.57,1.15,3.35,1.92,2.25,1750,1684,0,3,1.88,2
0.65,0.41,0.26,2.81,3.45,3.23,2.45,3.3,2.2,1.3,3.55,1.5,3.68,3.23,4,2,3,5,54,45,0.02,0.63,0.47,0.53,2.42,3.11,4.99,3.75,1.86,3.11,2.12,2.34,3.71,1.24,4.1,3.22,4.59,3.08,2.95,1556,2065,1,3,1.15,1
0.11,0.7,3.67,0.86,2.4,2.82,2.54,1.7,4.1,2.0,2.08,4.2,3.71,1.1,6,6,6,2,65,33,0.34,0.75,0.38,0.62,5.59,1.46,1.74,4.22,2.72,2.91,3.34,4.24,1.04,4.19,2.87,4.25,1.8,2.14,3.99,1856,1860,1,3,0.02,2
0.7,0.25,3.42,1.19,2.27,1.71,3.39,2.8,6.7,4.0,3.57,4.82,1.57,2.5,2,5,5,3,49,53,0.14,0.56,0.69,0.31,4.37,3.41,1.35,4.22,2.67,2.8,3.87,4.86,2.28,1.19,4.72,3.35,1.88,3.13,1.88,1621,1777,1,3,4.07,2
0.44,0.32,2.91,0.64,2.47,3.47,0.84,1.27,6.1,7.0,2.74,1.89,3.9,4.39,3,3,3,1,51,50,0.5,0.34,0.54,0.46,2.98,2.96,3.86,1.3,2.57,2.44,1.18,3.03,1.17,4.05,1.27,2.81,4.92,4.88,3.57,1896,1833,0,5,1.37,2
0.13,0.94,2.73,1.6,0.42,0.31,4.1,4.33,1.1,5.4,3.37,1.57,3.9,1.48,4,6,6,3,37,60,0.96,0.73,0.09,0.91,2.29,1.3,3.3,4.12,1.23,4.25,3.01,3.08,4.05,2.71,1.77,1.8,1.81,3.59,1.08,1814,1442,1,1,0.17,2
0.77,0.4,1.32,2.21,2.16,2.23,1.78,4.49,1.9,7.9,3.78,3.21,3.17,4.31,3,2,4,5,39,59,0.05,0.37,0.41,0.59,4.67,3.9,2.72,4.26,2.8,4.02,3.95,2.14,1.86,1.36,1.29,3.81,2.79,3.47,1.11,1759,1474,0,3,1.05,2
0.93,0.85,3.2,3.07,1.75,0.37,1.88,1.78,1.2,2.5,1.1,4.03,1.76,1.02,7,2,5,6,41,61,0.71,0.21,0.76,0.24,4.85,1.63,4.17,2.51,3.69,4.95,2.09,3.49,2.89,3.56,4.43,2.28,3.37,4.93,2.19,1737,1748,1,1,2.97,0
0.21,0.59,3.51,0.26,2.07,2.14,0.48,3.04,7.3,1.8,2.02,1.43,2.15,3.75,4,4,4,1,56,43,0.31,0.71,0.25,0.75,2.84,1.06,3.44,3.9,2.92,3.45,4.18,1.52,3.63,1.36,1.14,3.18,2.13,1.99,4.03,1418,2061,1,4,4.23,1
0.94,0.29,3.54,2.64,3.3,3.0,1.29,1.63,5.6,3.9,4.25,3.45,2.86,1.5,3,7,0,0,59,41,0.65,0.8,0.5,0.5,5.71,4.46,4.64,4.06,1.23,3.51,4.02,3.04,4.4,2.69,4.99,3.9,4.41,2.27,3.38,1547,1726,0,3,1.94,2
0.18,0.84,0.77,0.51,2.28,2.88,3.21,3.5,2.9,3.5,1.44,3.91,3.44,4.14,6,7,6,2,42,58,0.11,0.37,0.77,0.23,5.62,4.35,2.82,4.62,3.23,3.94,2.18,1.82,3.32,4.22,3.73,1.37,1.14,1.02,3.7,1519,1679,0,4,2.47,1
0.47,0.37,0.55,1.04,3.01,0.6,3.83,4.08,2.0,3.2,3.01,3.09,2.31,1.26,6,3,6,6,39,63,0.52,0.77,0.0,1.0,4.63,4.21,1.27,3.99,3.04,2.61,2.41,1.97,4.8,2.91,1.48,1.25,4.65,1.01,3.49,2054,1830,0,3,0.62,2
0.02,0.84,0.75,1.78,2.73,1.98,2.06,1.03,4.0,5.0,3.22,4.45,4.72,1.27,3,7,3,3,60,41,0.61,0.05,0.95,0.05,3.46,4.83,4.59,4.23,1.72,4.43,3.73,1.69,2.66,3.68,2.48,2.17,2.69,1.11,3.16,1406,1695,0,1,1.82,2
0.45,0.38,0.56,0.8,1.5,0.23,2.44,2.63,7.0,6.1,3.5,3.59,1.68,2.07,5,5,5,2,43,59,0.6,0.32,0.71,0.29,5.39,3.21,4.08,2.76,4.93,3.94,1.37,1.62,2.22,3.51,1.04,4.56,3.39,3.98,2.55,2004,2017,1,5,4.61,0
0.35,0.34,2.86,0.6,2.53,2.07,1.75,2.62,3.4,3.3,3.59,1.31,1.7,2.17,5,2,3,2,39,61,0.95,0.1,0.93,0.07,4.35,3.47,3.77,2.19,2.82,2.99,3.31,3.19,3.31,4.29,1.21,3.93,1.94,2.41,1.89,1696,1583,1,1,1.01,2
0.11,0.19,3.51,0.22,2.71,0.85,4.18,0.76,3.2,3.4,2.51,1.18,1.29,2.74,5,6,1,5,38,64,0.09,0.05,0.27,0.73,2.95,4.17,1.06,1.97,1.17,4.96,2.79,1.77,4.2,3.31,3.53,3.45,4.13,1.38,2.79,1482,1430,1,1,0.2,2
0.15,0.87,3.12,3.16,2.87,1.78,3.15,1.38,3.2,7.6,4.65,2.4,2.76,4.32,7,6,0,6,40,59,0.76,0.88,0.72,0.28,2.88,1.8,1.96,4.93,1.05,3.21,1.74,3.91,1.64,1.09,1.93,2.67,1.34,2.47,3.22,1664,1858,1,2,0.83,2
0.16,0.9,1.23,3.02,2.46,1.85,1.28,3.19,5.5,3.1,3.94,2.87,1.69,2.77,4,5,3,1,50,48,0.19,0.76,0.98,0.02,3.16,4.3,2.12,3.83,1.22,3.23,1.47,4.02,1.07,1.39,2.27,4.5,3.31,4.8,4.81,1746,1716,0,2,0.29,2
0.57,0.93,3.09,0.56,1.14,2.17,0.44,2.24,1.9,6.9,1.93,3.57,2.47,2.12,4,5,6,4,43,56,0.9,0.34,0.99,0.01,2.77,4.24,1.65,3.11,2.23,1.5,3.56,2.12,4.74,4.31,3.29,1.35,3.27,1.14,1.71,1400,2074,0,4,4.86,2
0.82,0.29,1.0,2.43,3.23,0.48,0.34,1.23,2.6,5.0,1.12,4.74,2.57,4.05,5,5,5,4,63,34,0.75,0.24,0.76,0.24,2.77,1.97,3.5,1.78,1.08,3.9,4.11,2.41,4.32,2.19,4.06,2.97,1.87,1.45,2.69,1791,1482,0,3,2.97,0
0.15,0.69,2.44,3.61,1.32,2.64,3.75,1.45,4.8,4.7,2.47,4.0,2.81,1.77,6,4,4,4,45,58,0.28,0.43,0.7,0.3,3.59,4.5,4.87,3.29,1.71,4.35,4.59,1.66,2.4,3.81,3.65,2.2,3.03,2.57,3.54,1991,1829,1,3,1.22,1
0.33,0.25,2.85,1.24,2.09,3.0,3.67,3.11,2.9,7.7,2.31,1.79,4.43,1.7,5,5,0,3,42,60,0.91,0.8,0.3,0.7,5.51,4.17,2.35,3.43,1.02,1.38,4.78,2.32,1.6,1.02,3.72,3.81,4.01,2.5,4.41,1584,1547,0,4,4.63,2
0.64,0.0,0.44,1.24,0.51,2.17,4.09,1.44,3.1,6.7,1.8,2.92,1.32,1.98,4,3,4,6,56,41,0.28,0.95,0.74,0.26,2.77,2.65,1.92,1.02,3.36,3.67,4.07,4.05,2.57,1.38,3.83,2.17,4.62,1.05,2.87,1885,1626,0,3,3.09,0
0.28,0.7,3.01,3.33,2.21,0.28,0.22,1.3,5.0,1.6,5.0,1.44,3.04,4.81,6,5,0,5,53,49,0.58,0.03,0.24,0.76,4.33,4.51,4.47,4.72,4.74,1.7,1.48,3.23,4.57,1.12,2.69,4.0,3.8,1.87,1.43,2046,1817,0,3,1.7,1
0.76,0.43,1.06,2.74,2.28,0.43,0.72,0.62,5.5,1.3,4.16,1.33,1.52,3.23,3,2,1,1,60,42,0.69,0.77,0.73,0.27,3.56,1.16,4.3,1.64,1.14,4.63,4.87,3.94,3.84,2.29,2.26,3.59,4.53,4.13,4.55,1825,1888,0,2,0.79,0
0.12,0.25,2.53,3.27,2.19,0.48,0.4,3.74,1.9,3.0,3.19,3.36,1.24,1.84,3,6,3,2,43,56,0.92,0.07,0.82,0.18,3.43,4.39,4.25,3.56,4.7,2.06,1.89,1.35,2.72,2.01,3.73,2.49,1.62,4.53,3.25,1724,1906,1,5,0.86,0
0.39,0.39,3.57,1.54,2.47,2.49,3.59,3.73,7.2,2.1,2.78,3.79,4.16,2.88,3,2,0,0,64,35,0.21,0.56,0.23,0.77,3.79,3.46,4.46,3.08,1.75,4.78,4.73,1.97,2.41,2.36,1.04,1.8,4.01,1.69,4.21,2014,1557,0,2,2.0,2
0.22,0.33,2.32,2.3,0.75,0.49,1.98,2.66,4.4,6.7,3.91,1.41,3.91,4.76,5,6,4,3,52,47,0.25,0.86,0.34,0.66,4.27,2.76,2.69,1.21,1.89,1.97,1.58,3.07,2.24,3.85,2.74,3.8,3.27,2.34,3.95,1474,1671,0,5,0.6,1
0.81,0.59,3.4,2.02,1.19,2.74,1.1,2.18,3.6,3.5,4.84,2.53,1.49,2.9,3,3,0,0,42,58,0.46,0.76,0.82,0.18,4.94,1.1,2.09,2.44,4.69,3.17,2.2,4.87,4.86,1.02,3.97,4.59,3.58,2.53,4.09,1842,1935,1,2,1.56,1
0.99,0.19,3.37,1.89,0.95,0.26,0.63,4.48,2.3,4.5,1.56,1.82,1.74,3.81,2,5,4,1,51,46,0.49,0.69,0.47,0.53,3.89,1.82,4.25,2.27,3.47,2.35,4.54,2.54,1.25,4.25,2.46,2.86,3.88,3.51,3.05,1705,1875,0,4,3.69,0
0.19,0.57,2.05,2.08,0.91,2.24,2.57,0.93,2.9,7.4,1.54,4.95,1.9,3.74,6,5,5,4,49,50,0.01,0.02,0.86,0.14,4.47,4.49,1.07,1.34,3.72,1.58,4.71,4.1,1.15,2.5,3.53,1.23,2.84,4.6,2.23,1952,1559,0,1,4.25,0
0.12,0.9,0.63,2.75,1.54,2.01,2.27,1.39,2.8,2.0,4.96,1.65,4.87,3.24,3,6,3,0,46,52,0.2,0.37,0.33,0.67,4.91,1.49,3.36,1.2,1.8,2.79,1.24,1.73,1.77,1.11,2.94,3.22,3.49,1.74,1.15,1820,1595,0,1,0.42,1
0.94,0.86,1.99,1.16,3.05,2.42,2.36,3.73,7.0,1.6,3.37,3.73,1.54,2.76,7,2,5,3,57,41,0.24,0.79,0.45,0.55,3.78,2.74,4.53,4.39,3.36,3.69,4.07,3.41,2.28,1.14,3.7,2.69,3.99,3.06,4.15,2073,1505,0,4,1.92,0
0.07,0.14,2.52,1.24,3.43,2.16,2.67,3.32,5.4,1.7,1.5,3.94,4.84,2.34,7,3,6,1,48,52,0.86,0.72,0.57,0.43,2.5,2.09,2.68,1.39,4.6,4.11,1.09,4.1,1.31,1.71,4.22,3.97,2.53,2.89,2.67,1971,1400,1,1,0.78,0
0.71,0.98,1.97,3.05,0.78,0.97,3.29,1.56,2.9,6.7,4.13,1.64,2.14,2.5,4,5,2,3,35,65,0.59,0.23,0.23,0.77,3.93,3.83,3.06,1.17,4.06,2.75,1.18,1.3,3.0,1.83,3.37,2.94,3.3,4.1,4.29,1472,1411,0,2,1.31,1
0.6,0.39,3.42,1.65,3.15,2.98,1.5,0.47,4.4,6.9,3.03,1.37,4.34,1.57,5,3,0,2,42,59,0.41,0.11,0.36,0.64,2.95,2.12,1.39,3.56,3.25,1.72,4.32,1.16,1.17,2.57,3.78,5.0,4.9,1.74,1.89,1778,2025,1,2,4.21,2
0.25,0.13,3.61,0.4,1.55,2.13,4.38,3.24,6.9,2.5,4.26,1.14,2.28,1.64,4,5,4,2,47,52,0.74,0.56,0.46,0.54,5.01,2.42,3.27,2.49,1.08,1.88,2.22,2.51,2.4,1.09,1.96,4.65,4.24,1.22,4.04,1570,1614,1,3,4.39,2
0.12,0.67,2.86,0.9,1.06,2.59,1.87,0.45,5.8,5.7,2.92,2.68,4.86,4.9,3,3,4,2,59,41,0.56,0.05,0.76,0.24,2.09,1.97,1.14,3.22,3.99,4.31,2.43,3.35,1.59,4.71,1.67,4.44,4.36,3.14,2.22,2009,1883,0,1,3.06,2
0.34,0.75,0.56,2.5,2.11,2.96,0.26,3.1,7.5,4.6,1.86,4.45,2.75,2.92,2,4,4,5,43,60,0.31,0.61,0.07,0.93,3.41,2.52,4.77,1.91,4.46,3.02,2.72,1.06,2.26,1.73,4.1,4.55,2.44,2.26,2.3,1971,1415,0,1,0.12,0
0.69,0.66,0.65,1.33,2.88,3.35,0.7,3.95,6.3,2.2,2.48,2.53,1.48,4.39,3,7,3,1,65,35,0.03,0.44,0.63,0.37,5.93,1.55,2.53,2.32,4.85,4.19,2.3,4.55,3.89,1.42,4.53,1.41,4.33,4.24,4.34,1485,1608,0,2,1.75,0
0.5,0.33,0.64,1.88,1.84,0.66,1.65,1.92,7.1,6.4,4.01,1.32,2.22,3.75,7,5,2,3,58,45,0.78,0.51,0.0,1.0,2.16,3.11,2.76,3.94,3.5,1.94,2.05,2.0,2.36,4.13,3.38,1.55,1.72,2.27,4.18,1769,1875,1,3,1.81,1
0.63,0.78,3.02,1.69,2.23,2.65,0.44,1.97,2.8,3.3,2.85,1.35,4.49,3.28,4,6,2,6,56,45,0.47,0.79,0.2,0.8,2.08,4.8,3.98,4.05,1.97,1.2,3.87,1.19,2.39,1.82,4.74,3.64,2.44,1.13,3.11,1434,1664,1,1,0.27,2
0.37,0.34,1.66,1.16,2.84,3.44,1.57,1.84,4.4,4.9,1.93,3.42,1.43,3.72,7,5,5,0,45,57,0.02,0.93,0.05,0.95,5.98,3.7,1.62,4.85,2.71,4.46,2.61,1.64,2.07,1.18,3.68,3.61,3.01,3.44,3.71,1491,1420,1,5,2.65,1
0.28,0.88,0.92,3.78,0.93,0.42,0.67,0.66,3.7,1.1,2.04,2.35,2.88,4.34,5,2,5,1,55,42,0.23,1.0,0.61,0.39,5.14,4.83,1.9,4.54,2.97,3.61,4.87,1.12,2.46,2.26,1.04,1.35,4.66,1.79,1.95,2013,1931,1,4,2.49,0
0.04,0.04,0.52,1.65,2.1,2.09,3.9,4.35,2.1,6.0,4.92,2.49,4.17,2.64,6,5,3,4,65,38,0.11,0.1,0.91,0.09,3.93,1.42,1.31,3.29,4.71,2.44,2.96,2.5,1.68,3.44,4.76,2.65,4.78,1.93,2.73,1706,2044,0,1,2.14,2
0.5,0.7,1.59,3.22,3.31,0.64,3.26,1.1,7.2,1.7,2.02,3.98,4.77,3.47,2,2,6,0,40,60,0.62,0.71,0.29,0.71,4.38,4.91,2.53,4.39,4.51,3.32,3.2,3.88,3.75,2.93,2.57,3.49,4.54,1.78,2.7,1788,1641,1,1,3.33,0
0.69,0.68,1.88,1.31,1.43,3.14,0.56,3.7,2.0,3.8,2.68,4.3,2.01,1.95,4,6,1,5,58,43,0.06,0.32,0.88,0.12,2.07,2.72,1.95,3.71,1.21,2.1,3.58,1.91,2.62,3.75,1.52,2.87,4.48,2.54,3.44,1885,1667,1,5,1.08,2
0.93,0.54,0.58,0.53,3.39,3.48,0.37,2.96,6.1,1.0,2.94,2.8,4.72,3.8,3,2,0,3,58,40,0.9,0.27,0.04,0.96,5.9,2.81,2.98,4.26,3.28,3.46,3.09,3.98,3.12,2.44,2.7,2.24,3.28,3.11,3.47,1562,1491,1,3,2.18,2
0.89,0.26,2.11,3.4,3.47,1.7,1.44,3.64,5.9,6.8,4.08,2.13,2.88,1.16,3,5,0,0,60,42,0.35,0.02,0.14,0.86,3.6,3.65,3.82,1.6,1.46,1.9,4.75,3.2,4.17,2.15,1.94,1.62,3.65,3.55,1.91,1618,1504,1,4,1.04,2
0.35,0.05,3.28,3.17,3.48,2.83,3.67,2.72,2.4,2.1,2.99,1.74,2.01,4.17,4,3,4,1,61,39,0.02,0.29,0.11,0.89,3.41,2.31,3.94,4.64,3.0,1.99,4.14,4.57,2.59,2.04,2.18,4.66,4.22,3.36,2.23,1950,1628,0,1,0.38,0
0.18,0.19,2.11,0.81,3.24,2.21,1.66,1.3,3.7,6.1,3.87,4.69,1.93,3.42,7,3,3,5,63,34,0.86,0.38,0.74,0.26,3.7,3.14,1.36,4.64,3.42,2.46,3.31,2.44,4.72,4.55,3.75,4.82,4.97,2.17,3.86,1686,1741,1,5,1.63,2
0.4,0.51,3.69,0.32,2.01,2.22,0.94,1.6,1.9,3.5,3.7,2.53,4.97,1.97,3,2,4,1,57,45,0.18,0.37,0.36,0.64,4.13,1.07,3.77,3.31,4.68,3.31,3.46,3.08,1.35,3.55,3.31,2.55,3.26,3.6,2.01,1500,1839,1,4,2.22,2
0.8,0.73,1.93,1.78,1.98,1.05,1.64,1.99,6.8,6.3,4.15,1.35,1.56,1.09,5,4,5,4,46,57,0.28,0.31,0.72,0.28,2.25,3.06,4.2,1.24,1.4,4.68,2.08,2.21,4.09,3.45,1.32,4.49,3.33,3.16,1.65,1977,1448,1,4,2.81,2
0.66,0.97,1.58,2.44,3.12,3.37,0.96,2.58,3.1,6.2,3.4,4.98,2.07,3.31,3,7,6,3,40,59,0.85,0.06,0.75,0.25,2.36,2.94,1.83,3.96,2.53,3.92,4.7,2.85,1.26,2.23,2.85,1.86,3.23,2.74,3.49,1583,1569,1,1,4.71,1
0.4,0.09,0.28,1.08,0.49,0.65,3.47,4.4,3.0,3.8,2.26,1.79,1.64,3.76,6,3,1,3,53,45,0.55,0.84,0.13,0.87,3.3,1.94,3.63,1.5,4.77,2.4,3.08,2.92,3.57,3.21,2.22,4.45,4.51,4.88,4.72,1741,1559,1,2,4.85,0
0.75,0.17,2.73,3.62,2.04,0.95,3.98,0.28,3.1,2.8,2.76,1.73,3.01,4.78,6,4,5,0,56,44,0.05,0.05,0.5,0.5,3.03,4.56,2.72,3.94,4.28,3.05,2.51,4.03,4.76,2.97,3.14,4.03,2.58,1.56,2.77,2023,1976,0,4,0.03,1
0.85,0.51,3.69,3.5,1.73,2.1,0.29,2.94,7.9,1.2,2.88,3.94,3.05,3.31,4,3,2,0,47,56,0.38,0.46,0.98,0.02,5.47,1.45,3.25,4.62,3.24,4.22,4.07,4.31,3.57,4.16,2.29,3.98,3.56,3.4,2.68,1423,1523,1,5,0.94,1
0.98,0.7,3.3,1.46,3.4,1.22,3.34,4.48,3.1,3.1,3.23,3.77,2.83,4.56,6,7,1,6,35,66,0.78,0.05,0.16,0.84,3.08,1.89,1.98,3.43,4.39,4.77,2.35,3.26,1.51,1.11,1.24,3.45,2.3,3.34,1.87,2060,1620,1,2,4.38,0
0.04,0.24,1.33,3.22,1.95,0.96,2.09,0.34,4.7,4.6,3.82,1.1,4.45,4.63,4,7,0,6,40,59,0.24,0.5,0.01,0.99,4.43,2.22,2.89,3.65,3.27,1.23,3.43,1.2,4.83,4.35,4.65,2.91,2.85,2.02,3.51,2012,2035,1,4,0.12,0
0.73,0.04,1.2,1.8,2.43,3.12,3.76,0.56,7.5,5.4,3.14,2.75,1.87,1.0,5,2,5,1,35,67,0.04,0.16,0.88,0.12,4.3,3.09,1.93,1.01,4.01,1.74,4.0,3.6,4.99,3.78,4.33,1.58,4.37,1.66,1.29,1597,1998,0,2,3.06,1
0.16,0.58,2.48,0.84,1.93,1.24,0.49,3.21,5.7,3.4,1.67,3.87,4.96,1.71,4,2,4,2,54,47,0.31,0.53,0.23,0.77,3.16,3.52,2.54,2.02,4.97,2.59,2.2,1.63,1.35,2.13,2.92,2.17,1.14,4.57,1.0,1947,1455,0,5,1.66,1
0.03,0.14,2.64,3.59,1.14,1.52,0.69,4.21,1.1,3.3,1.39,2.78,1.83,3.78,2,3,3,0,44,56,0.33,0.43,0.6,0.4,6.0,3.89,3.17,1.16,3.59,4.99,1.38,2.46,2.89,4.82,2.41,4.12,4.75,1.2,3.37,1838,1977,0,3,0.3,0
0.39,0.63,2.99,2.2,3.01,1.25,3.98,0.9,3.6,2.5,3.32,4.26,2.71,3.91,3,5,2,6,40,61,0.78,0.63,0.76,0.24,4.93,3.11,4.05,4.61,4.27,3.99,1.55,1.25,1.72,3.23,1.61,3.57,1.35,3.15,3.64,1788,1715,1,3,3.18,0
0.5,0.84,1.26,1.36,1.33,3.11,1.89,1.37,6.5,6.6,1.09,1.4,4.57,2.18,3,3,5,3,55,43,0.35,0.25,0.78,0.22,4.82,2.87,2.74,4.27,3.56,2.97,4.96,1.63,1.93,1.5,4.97,2.0,2.61,2.97,4.36,1859,2004,0,3,3.78,2
0.66,0.8,2.51,0.69,3.21,3.38,3.05,1.96,4.5,2.5,4.38,2.65,3.12,1.38,4,6,1,4,57,45,0.39,0.66,0.27,0.73,5.04,3.09,3.06,1.53,3.77,4.73,1.52,1.51,4.55,3.0,4.74,3.87,4.82,3.33,4.4,1459,1722,0,2,0.47,2
0.46,0.33,1.8,0.53,2.49,0.63,2.62,0.83,6.8,1.4,3.54,2.59,4.57,3.58,2,7,4,5,48,55,0.42,0.32,0.94,0.06,4.78,4.51,4.42,2.66,4.2,1.37,1.98,2.48,1.19,2.92,2.31,2.62,2.41,1.97,3.37,1851,1541,1,1,2.17,1
0.3,0.96,0.31,1.27,3.22,2.35,3.63,2.44,7.6,5.4,2.81,3.86,2.61,2.93,2,2,1,3,58,41,0.97,0.17,0.91,0.09,2.89,4.79,3.79,1.61,1.02,4.6,3.41,2.4,4.79,1.92,4.83,2.07,4.46,4.1,4.51,1460,1681,1,1,3.38,0
0.11,0.01,2.04,2.63,1.44,2.39,1.46,2.31,7.1,5.9,2.77,1.14,1.78,1.59,5,4,5,0,38,63,0.41,0.18,0.65,0.35,2.87,3.14,4.65,2.72,2.66,1.86,1.8,3.88,3.15,4.05,2.39,3.88,1.76,3.79,2.45,2000,1485,0,5,2.1,2
0.05,0.57,1.58,0.34,0.23,3.24,0.26,1.72,5.3,2.3,1.91,3.41,3.67,2.79,6,4,6,3,38,62,0.64,0.68,0.17,0.83,3.8,3.21,3.18,4.82,3.64,1.22,3.44,4.33,3.29,3.38,3.71,3.44,1.47,1.26,4.88,1711,1794,0,2,0.29,2
0.19,0.07,0.83,3.36,1.05,0.85,1.64,3.61,4.3,1.2,3.88,2.59,1.37,2.42,5,4,6,5,57,41,0.94,0.56,0.15,0.85,4.25,1.96,2.49,4.9,2.14,2.99,3.77,3.28,4.92,4.49,2.61,3.57,2.0,4.02,4.49,1401,1619,0,3,2.09,1
0.29,0.58,1.89,2.37,3.44,3.38,4.28,2.72,4.4,4.7,3.5,4.22,1.72,1.6,2,2,6,3,45,56,0.22,0.87,0.89,0.11,2.03,3.29,4.0,4.71,3.56,1.27,1.16,2.32,2.32,1.54,3.54,1.7,4.59,2.12,1.5,1535,2010,0,3,4.57,0
0.03,0.02,3.51,2.52,1.51,0.51,0.62,2.66,4.8,3.0,3.11,2.37,2.8,1.25,2,2,4,2,64,36,0.83,0.09,0.92,0.08,4.38,1.36,3.99,1.37,2.83,2.98,4.33,3.2,2.97,4.74,1.69,2.46,2.34,2.08,3.84,1847,1558,1,3,1.15,0
0.21,0.51,0.96,1.51,0.7,2.26,4.09,4.32,1.8,2.2,1.37,4.66,4.38,2.02,6,3,4,3,64,36,0.4,0.39,0.63,0.37,5.75,2.0,4.76,3.85,3.73,4.57,3.23,1.04,1.14,1.46,2.9,4.15,3.64,3.15,2.8,2097,1438,0,2,4.25,0
0.11,0.78,1.16,1.74,2.34,1.27,1.63,2.05,4.7,7.8,1.62,1.12,4.97,2.61,3,4,5,2,55,48,0.26,0.68,0.48,0.52,2.26,2.62,4.57,1.94,4.97,4.1,2.97,4.51,1.87,4.85,1.4,3.86,2.87,2.77,1.07,1806,2026,0,4,0.25,0
0.42,0.65,2.03,1.66,0.97,3.3,3.62,2.23,3.0,5.5,3.16,1.78,2.32,1.74,7,6,5,3,60,38,0.28,0.8,0.1,0.9,5.86,2.79,3.35,3.02,2.6,4.32,1.4,4.84,3.23,3.57,3.87,2.81,2.8,2.79,4.55,1965,1795,1,1,3.67,2
0.12,0.37,3.65,3.14,2.01,0.7,0.32,3.32,3.7,4.1,2.39,1.3,3.87,2.34,5,3,3,5,49,50,0.13,0.49,0.69,0.31,4.53,3.76,2.11,1.28,4.49,1.66,1.47,3.3,2.22,1.49,2.43,4.31,2.81,3.18,3.41,1739,1622,0,4,1.2,1
0.33,0.36,0.76,1.83,0.94,1.24,3.71,2.43,1.3,1.4,2.78,1.98,2.15,2.88,6,3,0,3,44,57,0.85,0.32,0.28,0.72,4.28,2.84,4.42,1.68,3.09,1.95,2.65,4.82,4.32,1.4,2.12,3.96,2.61,1.99,3.69,1893,1460,1,4,4.19,0
0.69,0.03,0.81,0.84,1.29,2.04,1.8,0.54,4.4,4.9,1.52,2.93,4.73,1.18,5,6,4,4,56,44,0.18,0.57,0.82,0.18,2.32,3.52,3.07,4.29,1.74,1.88,2.54,2.95,2.37,1.9,4.01,4.56,3.39,3.24,4.35,1856,1968,1,1,0.45,2
0.95,0.44,3.44,0.61,1.21,3.32,0.92,3.72,4.9,3.5,4.23,4.76,1.04,4.58,7,4,4,0,61,36,0.04,0.2,0.04,0.96,3.23,3.47,2.66,1.53,4.81,1.68,4.42,4.45,1.02,2.06,4.64,2.29,1.36,1.49,4.78,1449,1565,0,1,2.97,0
0.03,0.94,2.09,1.61,0.3,1.22,1.98,1.26,4.6,2.6,2.85,1.14,2.75,4.82,4,2,5,2,62,36,0.22,0.3,0.53,0.47,3.82,4.64,1.73,3.42,2.35,4.12,3.17,3.63,1.91,4.53,4.95,1.01,4.87,1.57,4.04,1758,1668,0,2,4.91,2
0.1,0.08,0.83,2.88,1.25,0.54,2.39,1.38,7.1,1.7,2.55,1.06,1.19,2.7,4,2,3,4,40,61,0.48,0.25,0.6,0.4,5.48,1.02,2.82,2.42,2.23,4.38,3.05,4.25,3.66,1.24,1.67,2.24,4.55,3.18,3.9,1963,1515,1,2,3.47,0
0.38,0.5,0.99,0.49,0.45,1.39,1.39,1.64,3.4,3.6,2.72,4.48,4.6,4.76,3,4,0,6,47,56,0.23,0.39,0.57,0.43,4.17,4.37,1.15,1.66,3.46,2.67,2.02,2.14,4.85,1.82,3.77,1.54,2.51,2.95,2.4,1984,2027,0,4,0.09,1
0.92,0.32,0.81,3.16,3.21,0.66,2.1,1.78,6.9,6.5,1.09,2.72,1.54,4.05,4,3,6,3,53,47,0.36,0.42,0.27,0.73,4.03,1.46,4.09,3.19,4.35,1.62,3.37,3.96,3.93,2.5,3.38,1.05,2.4,4.3,3.06,2022,2006,0,1,3.38,0
0.43,0.1,2.94,2.01,0.7,1.12,1.91,0.24,6.2,7.9,4.91,1.62,1.43,4.57,2,2,4,1,47,50,0.38,0.93,0.38,0.62,4.82,3.18,2.77,2.75,3.62,1.74,3.58,2.6,3.44,3.98,1.02,3.44,4.09,4.5,1.27,1735,1415,1,5,1.34,1
0.8,0.21,1.25,2.55,2.88,1.45,2.28,3.77,7.6,4.7,2.52,4.03,2.85,2.63,5,2,6,3,36,62,0.52,0.92,0.8,0.2,3.32,4.58,2.38,3.12,2.61,1.5,1.06,4.7,2.57,2.8,4.2,2.99,4.55,3.46,4.82,1483,1450,1,5,3.79,0
0.62,0.35,0.34,1.89,0.41,1.28,3.18,0.49,3.3,7.0,1.79,1.21,4.55,4.46,2,5,0,1,58,40,0.9,0.03,0.62,0.38,4.1,1.76,4.99,2.68,3.03,3.09,2.88,4.07,2.13,4.22,2.24,3.87,1.74,3.71,3.88,1442,1415,1,2,0.24,0
0.52,0.35,0.67,2.1,2.57,3.25,2.77,2.53,2.0,2.4,2.16,1.18,1.65,2.6,4,6,3,4,48,54,0.49,0.65,0.64,0.36,3.22,3.26,3.74,5.0,2.14,1.65,4.28,2.05,2.32,2.42,1.66,3.43,3.76,1.86,2.13,1756,1838,0,5,2.1,2
0.91,0.75,2.04,0.87,1.39,2.49,1.41,1.97,7.3,7.6,3.49,2.33,3.17,2.42,7,4,0,5,57,42,0.1,0.04,0.18,0.82,5.43,2.94,1.03,4.65,1.75,3.51,4.97,2.86,1.34,1.72,1.07,2.98,1.21,1.75,2.23,1765,1724,1,5,4.41,2
0.94,0.25,1.69,1.04,3.39,0.27,4.08,4.38,3.9,2.7,2.77,1.07,2.48,2.98,7,6,1,3,45,58,0.34,0.74,0.06,0.94,4.41,2.66,3.17,3.07,2.43,4.15,2.88,4.98,1.21,4.63,1.77,3.59,2.84,4.2,2.34,2093,1504,0,5,4.39,1
0.74,0.55,1.8,1.04,1.52,3.0,0.75,3.37,6.3,1.7,4.41,4.41,4.0,2.4,2,7,6,3,43,59,0.17,0.27,0.48,0.52,2.11,4.38,4.31,2.26,1.69,2.43,4.94,2.67,1.0,1.16,3.28,2.38,4.41,1.73,1.3,1537,1404,0,2,2.09,2
0.23,0.5,3.4,2.09,3.42,0.9,1.7,2.55,1.1,4.2,3.53,4.3,3.1,3.04,6,3,2,5,62,41,0.9,0.22,0.61,0.39,4.66,2.18,1.66,2.86,1.94,2.53,2.44,1.9,4.43,3.99,2.13,4.57,3.78,3.34,4.05,1710,1807,1,2,0.59,1
0.76,0.59,0.55,1.8,2.75,2.81,1.7,2.59,3.7,5.3,2.85,1.23,1.77,2.74,2,6,4,6,40,59,0.57,0.05,0.61,0.39,5.6,1.03,3.86,3.61,1.19,4.27,4.44,4.41,3.81,1.94,2.54,4.05,1.96,1.82,2.45,1680,1868,0,4,3.7,1
0.08,0.73,2.91,3.26,2.05,1.72,3.89,3.34,6.7,2.6,1.96,3.72,4.98,4.92,7,3,4,4,39,60,0.81,0.9,0.31,0.69,4.22,1.42,2.78,3.97,3.91,1.82,3.26,4.35,3.79,3.58,3.95,3.6,1.72,3.71,2.99,1606,1932,1,3,1.33,0
0.21,0.85,0.49,2.42,1.55,1.77,3.97,4.34,1.4,5.2,4.21,4.27,4.38,4.6,5,6,6,0,45,53,0.12,0.76,0.34,0.66,5.56,1.36,2.4,2.64,2.67,1.79,2.84,2.0,4.0,3.4,1.99,1.98,3.82,1.26,1.95,1599,1796,0,3,4.37,0
0.76,1.0,0.52,1.79,1.91,2.38,2.64,2.44,1.4,7.9,1.94,4.36,2.68,4.36,6,7,5,0,36,64,0.31,0.48,0.43,0.57,5.11,3.9,4.38,1.16,4.57,2.81,1.59,3.84,2.85,3.74,3.07,3.92,4.3,1.43,1.04,1503,1660,1,2,2.0,0
0.81,0.22,2.67,3.08,1.46,3.03,2.83,0.85,6.5,4.6,2.03,1.03,2.57,1.29,6,6,4,6,38,63,0.26,0.57,0.45,0.55,4.89,2.87,4.88,3.15,2.25,3.11,1.31,2.66,3.49,1.91,1.93,3.27,2.49,3.3,2.92,1604,1680,1,2,2.79,2
0.46,0.82,0.53,0.63,2.65,3.06,3.51,1.38,7.8,7.2,4.75,3.39,4.56,1.36,7,4,5,2,64,37,0.15,0.95,0.58,0.42,2.54,3.51,2.8,2.09,2.89,2.42,2.12,2.81,2.96,2.96,3.36,3.31,1.24,3.88,3.82,1952,1541,1,3,2.95,2
0.27,0.65,0.93,3.15,2.17,2.34,2.36,0.75,5.5,4.4,3.41,2.15,3.76,3.94,5,3,1,6,47,51,0.94,0.26,0.11,0.89,5.02,2.01,1.69,1.9,1.1,2.54,1.9,1.36,1.37,3.58,2.65,4.2,3.84,2.97,3.03,1630,1981,0,3,0.49,1
0.45,0.46,0.97,2.73,1.35,0.65,2.39,2.21,2.3,1.3,1.62,2.38,1.24,4.56,5,5,2,0,48,51,0.84,0.07,0.93,0.07,3.19,3.41,4.5,3.5,1.42,2.09,2.1,2.45,2.83,4.82,2.95,4.0,1.17,2.59,1.37,1926,1450,0,1,3.6,0
0.23,0.63,3.56,1.09,1.82,2.61,1.88,3.66,3.5,2.9,3.64,3.41,1.32,2.13,3,6,6,5,58,45,0.98,0.61,0.78,0.22,4.72,3.87,3.59,2.49,4.44,3.99,2.29,2.41,3.79,1.98,1.36,1.16,3.74,3.0,1.11,1997,1821,0,3,0.41,1
0.38,0.57,2.78,2.92,2.54,1.77,0.48,1.72,6.0,3.5,3.21,1.32,2.41,2.1,7,6,5,0,54,45,0.35,0.12,0.12,0.88,3.52,3.19,3.97,3.02,4.14,4.57,3.86,1.05,2.94,4.94,1.8,2.71,1.68,1.07,2.44,2005,1732,1,2,1.86,1
0.79,0.16,0.48,0.93,0.72,0.31,3.27,1.86,7.7,3.3,3.92,4.7,1.82,4.65,4,4,5,1,39,61,0.23,0.01,0.04,0.96,4.31,2.59,4.82,2.82,4.11,4.12,4.65,1.94,2.96,4.37,4.59,2.55,1.14,3.48,1.31,2076,1533,0,3,3.21,0
0.49,0.89,3.64,0.31,3.27,0.81,4.22,2.03,2.7,4.0,3.26,1.3,2.66,3.62,6,7,6,6,48,53,0.55,0.03,0.46,0.54,4.33,2.19,4.96,4.21,2.94,3.75,2.84,4.22,2.83,2.87,1.24,2.95,4.23,4.19,1.11,2051,1590,1,2,2.57,1
0.08,0.88,1.73,0.34,1.75,2.74,3.84,1.53,3.8,3.6,2.71,1.15,1.09,3.71,7,5,5,6,53,50,0.46,0.16,0.69,0.31,4.31,1.77,4.62,1.7,2.19,3.22,2.07,3.55,3.0,2.75,1.68,4.93,3.64,1.63,3.94,1503,2020,0,2,3.96,0
0.25,0.91,3.21,2.6,0.54,3.44,4.25,3.32,3.6,1.1,3.63,1.28,3.08,1.63,6,3,4,0,60,38,0.37,0.54,0.93,0.07,4.73,2.68,1.79,3.19,2.58,1.55,4.53,3.89,1.17,1.6,1.12,2.81,1.42,1.36,3.15,1707,1736,1,3,0.66,2
0.57,0.8,1.63,0.5,1.14,2.13,3.67,1.58,3.9,4.0,1.58,3.11,1.47,2.71,6,2,0,2,39,61,0.88,0.38,0.26,0.74,4.64,2.42,3.05,2.03,4.1,2.74,1.29,4.23,1.78,1.28,4.67,1.84,4.05,2.91,2.28,1798,1496,0,3,3.75,0
0.09,0.84,1.36,2.38,0.88,0.55,2.47,3.76,4.0,6.3,2.52,2.4,2.44,4.98,2,3,4,2,65,32,0.74,0.09,0.95,0.05,3.47,2.02,2.02,4.27,4.18,2.18,1.85,1.3,3.98,4.67,1.15,3.11,1.49,2.71,2.93,1980,2008,1,4,1.63,0
0.53,0.15,1.21,2.36,1.08,0.61,0.85,3.18,7.1,7.2,1.64,4.09,3.95,1.74,6,7,1,0,45,52,0.98,0.18,0.7,0.3,5.19,2.99,1.25,2.41,1.5,1.48,4.45,3.19,3.29,3.94,3.85,2.88,4.43,4.54,2.52,1823,1622,1,4,1.72,2
0.03,0.35,0.99,0.51,1.66,3.22,3.24,2.3,1.9,2.3,4.57,3.9,4.16,2.76,5,2,6,3,55,45,0.31,0.65,0.35,0.65,3.65,3.96,1.97,1.69,3.2,2.15,3.66,1.46,4.84,3.34,4.17,2.31,2.0,3.35,2.25,1669,2049,1,1,1.51,2
0.71,0.4,3.79,3.71,0.37,2.85,4.08,2.47,5.4,5.3,4.53,3.82,4.85,2.01,5,5,3,2,40,59,0.96,0.99,0.92,0.08,5.99,4.84,4.51,3.65,2.46,1.85,2.82,2.98,1.44,4.61,2.6,1.06,2.83,2.96,1.29,1554,1491,0,4,2.24,2
0.66,0.91,1.37,2.73,2.05,0.52,0.44,0.75,7.9,7.5,2.37,3.46,1.96,4.93,6,3,5,0,51,48,0.78,0.66,0.12,0.88,2.97,1.48,4.57,4.17,2.04,2.83,3.11,1.95,4.61,3.58,2.42,3.49,4.28,2.13,1.18,2041,1859,1,4,2.32,0
0.04,0.79,3.31,2.32,1.61,0.83,1.08,1.04,4.0,4.2,1.48,3.52,2.44,1.74,4,2,4,5,50,53,0.62,0.53,0.79,0.21,2.23,2.54,1.02,4.08,1.78,3.75,4.24,2.58,4.69,3.03,1.08,4.07,3.71,1.05,3.59,2035,2032,0,4,1.36,2
0.89,0.91,3.42,0.52,1.5,1.5,0.37,4.13,1.4,7.1,1.1,4.54,1.29,4.23,4,5,4,1,43,55,0.07,0.65,0.67,0.33,4.33,3.65,2.94,3.73,2.39,4.39,4.29,2.67,2.81,2.88,2.91,1.7,2.75,1.07,3.72,1629,2058,1,4,0.01,0
0.87,0.09,3.32,1.4,0.65,0.57,2.4,0.32,3.0,6.1,4.79,3.72,3.81,2.7,6,6,4,6,44,59,0.98,0.25,0.63,0.37,3.82,4.28,2.66,1.47,1.78,3.65,3.31,4.46,2.92,4.37,1.6,1.25,1.81,3.39,4.92,2071,2084,1,1,0.65,2
0.39,0.08,0.57,0.47,1.91,3.11,0.27,4.18,7.2,3.3,4.36,4.21,1.82,3.7,6,2,0,1,55,48,0.55,0.37,0.38,0.62,2.17,1.67,1.52,2.82,4.48,2.74,1.97,3.83,1.83,2.1,4.89,1.43,4.73,2.19,2.21,1435,1468,0,5,0.03,0
0.68,0.5,3.72,0.22,3.1,2.46,1.66,0.5,3.2,3.8,4.01,1.09,4.7,1.75,4,7,6,3,45,55,0.98,0.4,0.09,0.91,4.63,3.89,2.37,3.88,3.77,4.49,4.95,2.71,2.12,4.58,2.4,2.81,4.37,1.48,3.97,2029,1689,0,2,4.74,2
0.41,0.56,0.47,1.94,2.75,1.73,0.35,2.2,2.8,2.3,4.38,2.44,1.39,4.69,2,6,3,3,37,64,0.34,0.42,0.28,0.72,2.35,3.78,2.2,2.41,2.57,1.37,2.13,3.0,1.88,4.81,1.8,4.02,3.8,4.9,4.93,1629,1651,0,3,3.81,0
0.66,0.25,1.67,2.54,1.26,0.41,2.23,2.45,2.7,7.8,1.41,2.15,1.77,3.45,2,2,3,5,58,45,0.84,0.58,0.87,0.13,2.26,3.62,2.62,1.54,3.74,2.38,3.19,4.83,4.12,1.8,3.85,1.88,4.39,4.07,4.96,1515,1661,0,2,1.52,0
0.69,0.26,2.35,1.44,0.84,1.56,0.42,1.79,2.5,7.2,1.45,1.34,2.4,4.09,3,3,0,2,61,41,0.08,0.42,0.65,0.35,2.43,2.94,3.59,4.4,3.4,2.63,2.75,2.65,2.67,4.55,2.23,4.01,1.87,1.71,1.64,1696,1818,0,4,2.33,1
0.17,0.45,3.36,1.57,0.23,3.01,3.21,3.82,5.1,2.2,3.04,3.58,2.74,2.31,3,7,4,4,36,62,0.2,0.34,0.19,0.81,4.39,4.0,1.82,4.25,4.81,3.59,4.58,2.61,1.73,2.66,4.01,4.9,1.96,2.71,4.83,1719,1625,1,2,1.77,2
0.39,0.15,1.48,0.67,1.56,3.13,1.03,3.37,7.7,3.1,2.93,2.41,3.21,4.15,7,6,0,3,43,55,0.71,0.34,0.1,0.9,3.48,3.27,1.39,2.63,2.71,2.36,3.94,4.37,2.67,3.87,1.9,2.22,3.39,1.0,1.5,1725,1951,0,4,4.52,2
0.41,0.92,1.8,1.97,3.3,1.63,0.3,3.9,3.4,1.4,3.29,3.24,2.44,4.24,3,2,5,6,54,49,0.68,0.15,0.1,0.9,5.21,3.44,4.62,1.54,2.24,4.91,2.07,2.68,2.26,4.25,2.52,1.42,3.79,2.67,3.79,1629,1653,0,4,3.23,0
0.73,0.08,0.22,2.55,0.93,2.85,1.42,1.37,1.1,1.5,3.05,2.61,4.54,1.97,3,7,2,3,47,54,0.28,0.22,0.22,0.78,5.54,4.49,3.7,4.92,4.97,1.82,4.46,4.14,4.1,4.78,3.55,4.25,1.28,4.67,1.28,1804,1891,1,3,3.45,2
0.16,0.78,3.44,3.18,1.5,2.05,2.35,0.4,1.6,6.5,2.51,2.32,3.33,2.44,7,3,6,1,56,44,0.73,0.4,0.86,0.14,2.42,1.05,2.12,2.32,3.58,3.97,2.12,3.76,2.9,2.29,1.2,2.52,1.24,3.27,2.11,1594,1490,1,4,0.91,1
0.53,0.2,0.94,1.75,2.6,0.83,4.16,1.02,7.7,6.9,3.87,2.14,4.71,3.0,6,6,3,3,61,39,0.64,0.91,0.63,0.37,2.32,3.71,3.49,4.94,4.29,2.9,2.66,3.8,4.03,4.08,1.93,4.44,2.38,2.23,1.78,1733,2089,1,2,0.01,2
0.27,0.86,1.56,3.37,2.78,3.03,0.27,4.32,6.9,4.4,1.66,1.29,2.14,4.02,6,6,2,0,65,34,0.97,0.95,0.13,0.87,4.61,3.71,2.59,2.5,4.14,4.25,1.45,4.83,3.6,1.29,2.06,2.59,3.67,2.45,3.1,1828,1433,0,3,4.16,0
0.36,0.64,1.18,1.94,0.67,0.71,3.18,4.42,7.2,5.0,4.8,3.13,1.02,3.93,3,7,2,3,38,64,0.77,0.92,0.48,0.52,5.98,1.17,2.9,4.6,3.12,4.22,4.9,2.62,4.98,3.16,4.19,4.67,4.95,4.78,3.52,1881,1602,1,3,1.03,0
0.39,0.35,2.55,1.28,0.68,1.03,3.01,1.72,3.6,6.8,2.83,2.34,4.33,4.22,5,2,3,5,50,52,0.1,0.31,0.5,0.5,4.19,4.32,1.69,3.39,1.31,2.69,3.54,2.31,1.13,2.95,1.67,3.27,3.55,4.21,3.57,1594,1893,0,4,0.61,2
0.87,0.17,1.57,2.99,1.13,0.65,2.64,1.25,3.3,3.6,1.63,2.99,4.62,4.0,5,2,5,6,37,61,0.29,0.82,0.08,0.92,2.14,1.08,3.97,1.52,1.89,2.94,2.55,3.2,4.03,2.42,2.66,2.77,3.19,4.98,1.3,1859,1808,1,4,2.83,0
0.71,0.21,2.27,3.73,1.62,2.84,1.18,3.61,1.1,4.3,1.51,4.45,1.24,4.25,7,4,3,3,45,57,0.77,0.65,0.54,0.46,2.15,1.66,1.29,2.66,2.62,2.95,4.96,4.37,3.07,1.34,2.36,1.6,2.32,4.4,1.13,2094,1450,0,5,1.89,0
0.88,0.72,1.6,3.65,2.53,0.34,2.1,1.49,5.3,3.9,1.12,1.1,4.18,4.43,5,2,0,0,44,59,0.52,0.92,0.64,0.36,5.54,3.9,1.25,4.35,2.1,3.43,4.1,2.07,3.29,3.72,2.72,2.42,2.11,1.11,1.27,2100,1824,0,4,0.19,1
0.56,0.06,1.12,2.85,1.11,1.37,4.41,4.08,3.4,3.3,1.55,2.79,2.1,1.78,3,2,1,3,46,51,0.48,0.28,0.44,0.56,5.12,2.92,1.26,2.63,1.68,4.79,3.26,2.24,3.83,3.07,3.42,3.35,3.12,1.08,2.04,1859,1514,1,5,2.48,1
0.45,0.21,1.9,2.13,2.91,0.85,4.12,2.18,7.3,6.4,1.97,2.74,2.2,4.97,6,3,5,0,53,47,0.35,0.62,0.13,0.87,5.89,3.85,3.01,1.79,3.28,2.58,3.14,4.87,1.45,3.22,4.09,2.92,1.61,3.52,4.12,1516,1778,1,2,1.64,0
0.07,0.0,3.68,2.84,2.71,2.47,3.22,2.25,7.2,5.4,3.16,1.09,2.63,3.77,3,3,3,6,38,64,0.07,0.05,0.99,0.01,3.68,1.17,2.82,2.02,2.01,2.49,4.3,4.31,2.46,3.99,4.63,4.22,2.17,1.47,4.23,1428,1698,1,3,0.38,1
0.78,0.56,2.84,1.98,3.23,2.23,4.28,0.27,6.9,6.2,2.55,2.25,3.58,2.7,4,4,6,3,57,41,0.05,0.61,0.85,0.15,5.68,3.72,1.58,1.01,4.88,4.28,4.79,3.69,4.98,2.66,1.9,2.01,4.21,3.57,3.61,1552,1884,1,5,1.62,0
0.2,0.02,0.38,0.34,1.8,3.03,1.61,4.1,2.0,3.7,3.19,1.96,1.71,3.46,2,2,5,1,47,56,0.15,0.33,0.44,0.56,4.85,1.14,4.87,2.09,3.99,1.96,2.59,1.82,3.83,2.61,2.89,2.38,2.6,4.21,2.62,1809,1977,1,4,0.81,0
0.86,0.84,2.59,2.79,0.89,0.38,3.76,3.32,1.6,6.6,1.83,4.86,2.36,2.87,3,5,2,3,43,57,0.41,0.89,0.79,0.21,5.3,3.12,2.51,4.81,1.54,3.21,2.2,3.53,2.23,2.77,4.2,1.3,2.96,1.87,3.97,2000,1425,1,5,1.99,1
0.27,0.12,2.52,3.55,0.51,1.56,2.05,0.24,7.2,3.2,1.59,4.31,2.23,4.63,6,6,6,5,47,53,0.15,0.91,0.37,0.63,5.44,2.7,4.23,2.05,3.17,4.47,3.73,4.78,2.86,3.45,3.21,2.03,2.02,3.58,3.3,1653,1905,1,3,2.15,0
0.16,0.85,1.2,1.01,2.54,3.25,1.42,4.11,3.3,2.8,4.99,3.89,2.4,1.48,3,3,2,1,55,42,0.28,0.73,0.53,0.47,3.38,1.98,3.19,2.66,3.84,2.68,4.14,1.38,2.69,4.73,3.04,1.91,2.1,1.14,2.99,2051,1493,1,1,3.81,1
0.5,0.34,1.37,2.24,2.52,1.6,3.95,0.66,7.8,6.4,2.45,1.04,4.78,1.54,4,7,2,1,62,38,0.23,0.57,0.87,0.13,5.23,4.33,1.47,4.38,4.47,1.03,3.75,3.5,2.01,4.9,1.02,3.73,4.76,1.67,3.26,1930,1861,0,2,4.48,2
0.65,0.09,2.88,1.69,1.13,2.43,3.24,0.38,3.0,3.1,3.31,4.67,4.43,2.04,4,7,4,2,49,50,0.45,0.27,0.14,0.86,3.93,3.76,3.54,3.18,1.08,3.15,3.93,1.75,3.1,3.9,2.77,2.35,3.57,3.08,3.9,1800,1528,0,1,1.61,2
0.02,0.31,0.48,1.37,1.08,3.41,0.4,4.33,1.4,7.3,1.92,1.87,1.18,4.64,4,5,1,5,42,61,0.58,0.57,0.59,0.41,3.17,1.47,3.52,2.51,1.85,2.68,2.41,3.24,3.02,4.8,3.16,1.4,4.34,3.15,2.52,1420,1862,1,4,4.55,0
0.48,0.91,0.32,2.84,2.97,1.22,1.75,1.04,4.1,3.3,1.77,4.98,3.91,2.37,6,4,0,6,65,34,0.01,0.71,0.68,0.32,5.94,1.27,2.04,1.54,4.82,3.91,1.98,4.42,2.1,1.32,1.81,2.08,3.35,3.69,2.66,1642,1882,1,5,1.37,0
0.31,0.78,1.11,1.67,3.04,1.26,0.98,3.47,6.6,4.3,3.63,4.03,3.4,1.41,6,3,0,3,64,36,0.14,0.24,0.82,0.18,2.98,2.01,3.31,4.25,1.43,1.89,4.72,4.29,2.57,4.26,4.83,4.04,4.98,1.79,3.63,2087,1766,1,3,2.88,1
0.57,0.09,2.7,3.64,1.76,3.4,4.28,1.22,6.5,4.7,1.05,1.69,2.61,2.83,7,3,6,1,36,66,0.39,0.44,0.39,0.61,3.0,1.13,3.68,2.68,4.07,4.88,1.61,4.92,3.25,2.11,4.16,4.27,1.29,4.06,3.44,1418,1761,0,5,3.85,0
0.86,0.28,3.59,1.21,0.22,3.05,0.97,1.61,1.3,4.4,4.43,1.07,2.66,2.71,3,6,3,1,42,59,0.01,0.43,0.53,0.47,4.36,2.73,3.28,1.84,3.94,1.65,4.17,2.4,4.48,1.25,1.66,1.59,3.55,1.79,2.9,1675,1451,1,3,0.86,2
0.63,0.96,1.12,3.22,1.86,2.22,2.72,4.22,4.2,6.2,2.02,1.55,3.41,3.59,5,7,4,5,46,54,0.23,0.64,0.96,0.04,4.47,2.4,2.53,1.79,1.44,4.53,4.2,4.36,3.72,4.07,3.59,4.49,2.22,4.85,1.48,1460,1404,0,3,0.97,0
0.94,0.07,0.33,1.75,0.88,0.93,2.61,0.57,7.3,3.3,3.02,4.48,3.36,4.39,7,2,4,6,45,54,0.48,0.83,0.0,1.0,3.5,2.62,4.68,1.3,2.98,2.33,4.0,1.91,2.92,2.24,4.14,3.77,1.46,1.23,3.13,2060,1864,0,3,2.04,0
0.0,0.86,3.52,2.26,2.68,1.24,1.66,3.93,1.1,6.6,2.56,2.14,2.16,1.27,5,4,3,1,63,34,0.68,0.46,0.19,0.81,5.27,4.94,4.66,1.21,3.43,2.13,2.42,4.2,2.69,2.65,3.7,1.68,2.6,3.33,1.69,1779,1405,0,3,1.59,0
0.8,0.81,1.76,3.58,2.85,2.29,3.3,1.41,1.2,3.4,4.16,3.8,2.4,3.43,5,5,4,6,50,52,0.15,0.58,0.4,0.6,4.97,4.27,3.68,1.77,2.72,1.09,4.86,4.78,3.76,4.1,2.41,2.8,4.72,3.62,4.24,1993,2053,1,2,3.0,0
0.55,0.54,2.57,3.11,0.92,2.8,3.71,2.35,7.9,1.0,1.84,3.1,2.19,4.98,5,7,2,5,56,43,0.94,0.19,0.07,0.93,5.5,4.43,1.57,3.32,2.6,2.44,4.31,3.03,2.83,2.08,3.48,4.45,3.59,4.86,3.57,1690,1946,0,1,3.17,2
0.65,0.03,3.39,0.86,3.15,2.69,2.04,3.31,4.5,4.2,1.93,3.09,3.35,3.33,2,4,6,0,57,40,0.24,0.11,0.21,0.79,3.19,3.87,2.97,3.43,1.2,4.3,4.76,1.42,2.18,4.68,4.47,2.41,2.96,3.43,1.68,1991,1726,0,4,3.28,2
0.41,0.66,0.54,2.71,2.76,0.71,4.44,1.16,4.7,5.2,2.91,1.22,4.27,2.64,2,4,5,5,63,35,0.71,0.58,0.09,0.91,2.67,4.43,4.56,1.34,3.67,4.27,3.63,2.13,4.36,3.45,4.73,3.31,4.97,4.82,2.9,1801,1572,1,3,1.69,0
0.21,0.62,3.18,1.36,1.16,1.32,2.33,0.35,3.3,6.2,1.54,1.33,2.48,2.89,5,6,0,4,58,42,0.89,0.54,0.3,0.7,5.43,2.17,1.28,3.53,1.19,4.25,1.86,4.29,1.99,1.95,4.13,4.73,1.6,2.46,2.48,1777,1857,1,4,1.85,2
0.51,0.84,1.93,3.3,0.57,3.01,3.92,1.92,7.9,5.2,3.29,1.71,1.3,5.0,2,2,6,0,59,42,0.91,0.16,0.4,0.6,3.21,4.68,2.34,3.5,3.17,3.09,4.47,2.62,1.67,2.9,2.86,1.74,3.19,3.25,4.19,1539,1527,1,4,3.05,2
0.74,0.25,0.24,3.11,2.81,3.3,0.21,4.28,3.8,2.4,2.9,4.32,2.17,3.61,3,4,0,6,35,67,0.57,0.04,0.8,0.2,3.22,2.28,4.28,2.33,4.05,4.78,1.78,1.31,1.68,4.18,2.55,1.88,1.95,4.99,1.95,1876,1770,1,1,1.62,0
0.89,0.59,0.91,1.52,0.73,2.46,2.86,1.83,3.8,7.4,4.63,4.45,4.18,4.02,4,6,5,5,61,37,0.09,0.18,0.17,0.83,2.46,2.83,1.14,2.72,2.39,1.69,1.15,1.9,4.41,3.87,3.32,2.27,3.18,3.1,2.58,1544,2043,0,4,2.3,2
0.56,0.15,3.26,1.19,2.18,1.46,1.68,2.88,6.1,4.0,1.93,4.4,3.63,3.12,6,6,2,5,52,46,0.17,0.11,0.94,0.06,4.32,4.97,3.97,2.24,1.33,2.12,4.67,3.48,4.91,3.59,2.44,3.92,2.0,1.67,4.3,1458,2065,1,2,0.22,2
0.92,0.54,3.03,0.23,2.33,2.99,2.16,1.26,4.6,4.6,1.6,1.54,1.07,3.61,2,2,4,3,55,43,0.16,0.68,0.21,0.79,2.38,1.88,2.07,3.74,1.32,1.43,4.7,4.77,1.04,3.11,2.43,4.1,4.39,1.02,1.25,1904,1745,0,4,0.78,2
0.01,0.51,1.07,2.2,3.28,2.03,0.85,0.93,4.1,7.8,1.38,2.45,3.6,3.68,7,3,4,0,46,52,0.16,0.02,0.36,0.64,5.98,4.78,2.27,4.29,2.27,1.53,1.28,4.96,2.99,1.94,1.97,3.86,2.25,2.0,2.15,1761,1504,0,3,0.83,1
0.44,0.92,0.51,3.59,0.21,2.83,1.62,3.47,6.8,7.5,1.34,1.89,4.26,2.7,2,3,1,2,41,61,0.19,0.73,0.83,0.17,5.58,1.34,4.32,1.73,1.31,2.72,4.45,2.33,1.29,3.95,2.23,4.15,4.9,2.87,2.69,1989,2060,0,1,1.64,0
0.23,0.23,2.94,2.99,0.48,1.33,0.92,2.54,2.1,6.1,3.94,1.0,3.57,2.02,4,3,2,3,41,61,0.09,0.63,0.36,0.64,4.22,4.17,3.85,2.85,2.48,3.73,3.65,1.55,4.95,2.08,1.11,3.51,3.75,4.76,1.85,1612,1551,0,1,4.93,2
0.55,0.98,3.36,1.81,1.9,3.42,3.68,4.09,2.7,2.0,4.46,3.22,3.79,3.96,3,2,6,0,60,39,0.76,0.67,0.93,0.07,4.94,1.85,5.0,3.65,1.69,2.51,1.78,4.72,4.89,1.96,2.77,1.6,3.55,4.38,4.5,1594,1644,1,4,4.12,2
0.23,0.01,0.76,3.52,1.73,0.43,4.12,0.3,5.1,1.1,1.41,2.84,3.21,2.55,7,3,2,4,55,46,0.03,0.84,0.38,0.62,4.41,1.37,4.29,3.44,3.58,2.32,2.56,1.2,1.25,4.67,1.88,4.42,3.16,3.14,3.6,1648,1823,1,1,4.09,0
0.95,0.68,0.39,2.92,0.86,2.49,0.57,0.42,7.6,5.6,3.31,1.48,4.76,3.7,5,7,3,5,63,34,0.17,0.83,0.23,0.77,5.77,1.45,4.4,2.8,1.68,1.08,1.7,3.96,4.75,4.34,4.48,3.7,4.06,3.41,4.91,1619,2066,1,1,4.26,1
0.03,0.32,0.81,1.24,1.96,1.4,1.54,0.62,7.1,7.0,1.83,2.25,4.63,2.07,3,7,4,5,62,38,0.12,0.15,0.76,0.24,3.01,3.75,2.05,3.86,3.95,2.26,3.39,4.29,4.67,3.06,2.58,1.53,3.39,3.08,1.65,1685,1506,1,2,3.67,2
0.18,0.83,2.0,1.98,0.44,3.38,1.95,3.12,6.9,4.1,4.67,1.06,3.24,2.65,6,2,0,2,64,34,0.06,0.68,0.58,0.42,3.35,2.37,3.02,2.81,1.69,3.8,4.11,3.52,4.36,1.63,1.13,4.85,3.49,4.78,2.22,1920,1853,0,3,0.57,2
0.75,0.05,0.71,2.52,1.91,1.16,0.93,1.47,6.3,3.0,3.77,3.19,3.18,2.38,4,6,1,6,39,63,0.95,0.8,0.41,0.59,2.92,4.11,3.33,1.21,3.39,3.65,4.36,2.84,3.51,2.37,2.39,3.54,3.59,1.07,4.38,1663,1472,1,2,1.49,0
0.86,0.67,3.15,3.74,2.28,1.95,1.06,1.0,4.1,4.6,3.52,2.76,4.45,1.07,2,5,4,1,49,49,0.5,0.67,0.04,0.96,5.88,2.71,2.96,4.89,1.6,3.55,4.59,3.36,4.41,4.21,1.35,1.89,3.47,4.88,2.09,1468,2057,0,3,4.28,2
0.07,0.48,2.93,2.8,3.02,1.61,2.77,0.81,1.2,1.5,2.23,4.06,3.0,3.48,4,7,3,0,36,64,0.97,0.7,0.62,0.38,3.09,3.17,1.55,2.93,4.68,4.96,1.76,3.53,2.2,3.6,1.19,2.01,1.09,3.17,3.82,1617,1769,1,5,2.44,0
0.83,0.54,2.99,1.56,0.38,3.03,2.2,2.65,2.8,6.1,2.34,2.92,4.95,4.57,6,4,6,6,53,50,0.55,0.96,0.7,0.3,3.2,4.33,1.05,4.55,2.9,3.72,4.23,4.51,2.09,2.59,4.85,1.19,4.35,1.45,3.03,1694,1808,1,5,3.51,2
0.18,0.43,2.12,0.85,2.11,0.93,0.93,3.06,5.2,6.2,2.98,3.55,1.76,4.11,5,4,6,4,40,57,0.71,0.33,0.73,0.27,5.2,2.72,3.79,2.0,2.79,4.8,3.83,2.54,3.37,2.86,1.53,2.52,1.28,2.69,3.39,1686,1999,1,4,2.2,0
0.14,0.18,1.28,0.7,2.53,0.76,4.41,3.68,5.5,3.3,2.92,3.21,4.9,1.38,3,2,4,4,56,44,0.26,0.63,0.68,0.32,4.56,1.3,2.29,2.8,1.97,4.22,1.67,3.05,4.93,2.3,1.04,2.93,2.62,3.61,3.51,1442,1847,1,3,0.61,2
0.21,0.22,1.5,0.36,2.95,3.02,1.29,2.13,1.3,5.7,2.64,4.59,1.55,3.84,5,6,6,1,61,39,0.4,0.03,0.04,0.96,5.69,2.65,4.79,2.53,2.02,4.37,2.24,4.2,2.5,3.74,4.81,1.72,3.44,1.65,1.72,1630,1916,0,5,2.92,0
0.69,0.47,1.91,2.66,1.95,1.37,1.16,1.35,3.2,4.9,4.76,4.35,2.69,1.58,5,6,0,1,41,62,0.03,0.74,0.09,0.91,5.86,1.21,2.05,1.12,3.29,3.25,4.77,4.95,1.84,3.43,3.32,1.5,1.97,1.31,1.23,1662,2015,1,5,1.62,0
0.85,0.75,2.08,3.71,1.81,2.41,0.92,3.98,6.1,6.6,2.36,1.43,4.08,4.77,6,3,6,3,63,39,0.19,0.81,0.9,0.1,2.41,4.18,2.01,3.35,1.95,1.15,2.58,4.66,3.55,3.44,1.02,1.17,3.55,1.08,1.39,1487,1618,0,2,2.18,2
0.72,0.05,0.91,2.02,1.48,1.38,2.72,0.78,5.7,5.1,2.01,2.55,1.25,4.39,5,7,3,1,54,45,0.41,0.43,0.06,0.94,5.97,4.81,2.11,4.26,4.1,1.16,4.36,3.9,3.68,1.57,1.6,2.38,2.31,4.95,4.84,1487,1775,1,1,3.85,0
0.6,0.65,0.44,1.67,1.67,2.0,1.83,3.97,2.7,5.6,3.72,2.82,1.6,4.24,3,6,5,2,55,48,0.99,0.92,0.08,0.92,5.32,2.85,2.59,4.73,2.92,3.59,2.77,4.36,4.43,3.79,1.29,1.01,4.19,1.58,1.53,2044,1430,1,5,1.38,1
0.38,0.73,2.45,3.13,1.62,1.14,1.54,1.23,7.3,3.9,4.17,3.44,2.33,3.21,7,2,1,0,53,49,0.1,0.59,0.18,0.82,4.49,3.47,1.06,1.69,3.97,3.71,4.43,2.85,1.88,3.61,4.76,1.22,3.64,4.16,4.77,1968,1540,0,2,4.66,0
0.32,0.93,0.75,2.84,3.18,2.75,2.86,0.47,1.3,5.1,1.63,4.64,2.2,1.63,4,5,1,4,44,55,0.12,0.24,0.85,0.15,4.35,1.01,3.68,4.65,4.84,4.38,1.26,4.8,4.18,4.21,2.21,4.49,2.94,2.95,3.29,1830,1594,0,3,3.79,0
0.33,0.8,3.58,1.1,2.88,1.59,1.58,3.38,1.6,1.3,2.81,3.61,3.49,2.6,3,4,4,3,58,43,0.19,0.58,0.96,0.04,4.32,2.24,4.33,4.4,4.34,1.85,3.05,2.97,4.74,4.52,1.92,4.02,1.94,1.52,2.89,1528,1639,1,2,2.54,0
0.62,0.47,3.0,2.78,0.81,1.83,2.82,2.49,2.2,7.3,1.39,1.14,4.29,2.5,6,4,2,3,44,53,0.61,0.13,0.65,0.35,5.97,3.09,4.23,1.93,1.84,3.15,2.38,3.54,4.95,4.5,3.15,1.29,1.17,1.0,3.08,2068,1528,1,1,4.86,2
0.52,0.52,1.01,0.43,1.57,3.34,1.25,1.81,5.4,5.8,2.47,4.82,2.32,2.13,3,2,6,6,59,41,0.07,0.09,0.59,0.41,5.8,3.03,3.0,2.57,2.64,3.39,3.33,4.94,4.97,4.13,4.07,4.32,2.55,2.68,2.22,1942,1741,0,2,1.08,1
0.93,0.65,2.83,2.6,2.44,3.44,1.15,0.8,1.8,4.6,1.54,1.87,4.55,3.61,3,4,6,5,41,57,0.45,0.59,0.55,0.45,3.17,2.78,4.44,3.4,4.14,2.56,2.97,2.69,3.99,3.09,3.06,3.68,1.8,1.41,2.08,1607,1915,1,2,2.42,1
0.96,0.74,0.91,2.38,2.22,1.28,3.41,0.42,2.3,4.4,3.57,2.22,2.21,3.6,3,4,0,6,56,45,0.6,0.82,0.58,0.42,3.74,3.35,4.35,4.97,4.94,1.21,4.87,1.08,2.34,2.8,2.86,1.26,3.28,2.25,1.8,1550,1440,1,3,3.37,0
0.47,0.08,0.67,3.4,2.83,1.68,2.0,3.7,4.1,5.8,3.5,1.94,1.32,4.75,2,7,6,6,53,50,0.41,0.24,0.59,0.41,5.04,1.21,2.37,4.25,3.65,2.03,4.03,1.3,3.09,3.71,2.53,1.12,1.55,2.09,3.11,1907,1900,0,4,0.1,0
0.66,0.65,0.57,2.44,2.66,2.34,1.59,0.21,8.0,1.3,2.06,2.41,3.18,4.72,2,4,3,0,62,40,0.76,0.59,0.73,0.27,4.66,2.33,1.32,4.55,4.76,2.88,1.36,1.05,3.42,4.74,3.03,4.27,3.81,1.44,4.78,2069,1833,0,2,0.94,0
0.85,0.91,0.34,1.74,2.14,0.82,3.05,2.1,1.5,3.5,3.36,1.41,2.99,1.32,2,2,5,6,62,38,0.24,0.53,0.02,0.98,5.33,2.17,3.58,2.51,3.79,4.33,2.23,1.64,3.99,2.43,4.82,4.72,4.87,1.47,4.79,2024,1992,0,1,2.93,0
0.14,0.29,1.17,2.46,0.65,1.8,0.58,0.76,4.2,5.6,1.92,2.15,1.54,4.95,3,5,5,5,47,54,0.82,0.39,0.07,0.93,3.95,2.7,1.15,4.47,2.69,4.99,3.29,1.5,1.5,3.81,1.2,2.4,4.3,1.23,3.93,1443,1727,1,3,3.58,1
0.72,0.46,1.29,0.46,3.03,2.41,1.08,3.13,1.8,7.2,1.01,3.92,3.68,1.91,6,5,3,0,49,52,0.52,0.34,0.35,0.65,3.59,2.93,2.14,3.92,4.75,4.74,4.96,4.06,1.75,2.03,4.22,1.09,3.38,1.99,2.03,1686,1700,1,5,2.01,1
0.95,0.17,1.23,1.44,0.97,1.06,2.85,3.8,5.6,7.3,1.39,1.63,1.7,1.18,6,6,2,5,43,60,0.2,0.62,0.83,0.17,3.97,4.6,3.23,1.84,3.33,1.37,1.5,3.13,1.81,4.49,3.25,3.1,2.58,1.66,3.7,1742,1653,0,3,2.72,1
0.37,0.07,3.01,2.01,1.37,1.74,1.36,0.73,5.5,2.3,3.46,2.34,4.72,3.05,6,2,4,0,56,44,0.35,0.36,0.2,0.8,2.29,1.46,4.78,4.98,4.7,4.47,1.12,1.7,3.61,4.79,1.86,4.62,4.63,4.73,1.4,1699,1608,1,1,4.06,2
0.79,0.6,1.1,2.18,0.65,1.3,1.95,1.7,2.7,6.1,3.72,2.68,4.78,3.12,2,7,1,1,48,50,0.35,0.49,0.86,0.14,2.62,2.18,3.22,4.19,2.1,2.26,4.24,1.57,2.0,4.78,2.94,2.97,3.17,3.88,3.44,1605,1581,0,1,4.31,2
0.07,0.41,1.15,0.29,1.99,1.4,3.79,2.58,7.7,3.0,3.92,1.93,2.94,2.74,2,4,4,3,56,46,0.84,0.79,0.18,0.82,2.25,1.91,4.66,4.36,3.62,4.58,4.54,2.4,2.55,2.62,4.26,2.75,2.15,2.64,1.08,1720,1882,1,3,2.33,1
0.88,0.15,0.73,1.18,0.78,0.99,2.08,2.71,6.7,4.9,2.43,2.23,2.65,3.11,5,3,3,4,64,34,0.88,0.84,0.76,0.24,3.15,1.17,2.49,4.74,4.04,3.0,3.33,4.0,2.32,4.21,1.33,3.32,2.95,3.87,2.6,1672,1598,1,4,1.17,1
0.75,0.9,3.38,0.57,2.82,2.76,2.12,0.87,8.0,1.9,1.35,2.86,3.66,3.41,5,2,1,1,51,46,0.94,0.86,0.24,0.76,4.24,3.63,1.48,1.57,3.19,3.95,3.64,4.9,4.86,4.27,4.61,1.6,2.17,3.02,4.55,1572,1443,1,2,4.97,2
0.35,0.43,1.38,1.22,2.06,0.56,3.98,4.26,6.9,2.5,1.14,2.23,4.32,2.92,2,3,4,1,49,52,0.89,0.32,0.87,0.13,5.83,2.47,4.58,3.13,2.95,1.22,1.15,1.77,1.91,2.25,4.62,2.9,3.77,3.07,2.26,1758,1587,0,3,2.1,0
0.61,0.01,0.87,0.51,2.22,0.5,0.72,1.45,4.4,5.2,2.88,2.45,2.56,1.03,4,5,4,6,39,59,0.33,0.35,0.6,0.4,5.22,4.01,2.08,1.17,3.81,3.71,2.06,3.95,1.94,2.87,2.98,4.88,4.8,4.04,3.4,1860,2034,0,1,0.62,1
0.9,0.65,0.38,1.21,3.07,3.46,0.28,3.08,7.7,2.9,1.66,4.12,2.78,2.85,3,4,4,2,56,43,0.27,0.7,0.29,0.71,3.14,4.76,4.41,4.85,2.29,2.49,2.66,2.13,4.38,3.82,4.99,3.38,4.52,1.41,3.91,1785,1985,1,5,3.84,1
0.13,0.38,1.54,2.89,2.54,1.14,1.69,1.97,5.5,3.3,3.72,2.97,4.12,2.76,3,4,5,3,39,62,0.36,0.67,0.99,0.01,5.7,3.23,1.63,1.14,3.74,2.18,4.22,2.93,2.09,2.07,1.26,1.54,4.69,1.55,1.04,1613,1995,1,2,4.63,0
0.19,0.56,3.62,1.16,3.36,1.69,1.62,0.24,3.0,4.3,1.93,2.89,4.11,4.77,3,3,1,3,39,60,0.48,0.37,0.1,0.9,2.58,3.93,4.12,4.54,3.69,4.25,1.86,3.41,1.15,4.65,3.12,4.83,1.17,1.76,4.17,1710,1478,1,1,3.18,1
0.19,0.64,3.29,1.99,1.38,0.66,2.45,1.85,4.4,6.6,2.25,1.66,4.37,4.31,7,7,0,0,38,61,0.82,0.47,0.05,0.95,2.94,4.42,3.95,1.89,2.19,1.38,3.19,2.65,2.9,3.77,1.61,2.46,4.68,1.43,1.68,1568,1553,0,1,3.37,2
0.46,0.69,0.58,1.49,0.22,3.32,4.49,0.45,7.8,4.3,4.91,4.95,2.59,1.84,6,5,4,4,49,49,0.29,0.57,0.42,0.58,3.58,2.85,1.26,3.93,2.17,3.84,1.77,4.87,4.72,2.16,3.27,2.0,4.47,2.57,2.05,1410,1629,1,4,4.05,2
0.77,0.21,2.2,2.64,0.72,2.6,0.44,0.46,6.9,3.5,2.26,1.97,4.91,1.64,6,5,5,5,37,63,0.12,0.17,0.85,0.15,4.64,1.55,1.65,3.79,3.46,2.95,3.23,3.26,2.83,2.54,1.94,3.84,3.18,4.96,3.36,1931,2062,1,2,4.67,2
0.88,0.29,1.54,0.77,1.2,1.19,2.79,3.08,4.8,3.6,1.04,4.12,4.49,2.25,5,3,5,1,62,35,0.6,0.82,0.44,0.56,4.06,1.11,2.83,4.65,4.22,4.93,4.91,2.47,3.02,1.9,2.98,4.62,2.19,2.18,3.08,1774,1836,1,3,2.49,1
0.21,0.88,1.75,1.58,2.64,2.56,1.86,1.43,1.9,6.6,3.78,4.48,3.57,1.18,4,7,0,2,51,50,0.75,0.14,0.26,0.74,5.78,2.29,3.04,3.73,1.97,1.69,2.48,2.32,3.42,1.64,2.37,2.82,3.84,1.21,1.01,1706,1855,0,1,1.39,2
0.26,0.67,0.48,2.07,2.95,2.46,0.95,1.26,1.5,1.6,4.32,1.94,3.65,4.57,6,3,6,2,38,62,0.69,0.51,0.96,0.04,5.78,1.0,1.96,1.21,4.88,2.56,3.79,1.44,3.69,1.26,1.73,1.1,1.29,4.79,1.5,1515,1496,1,4,1.17,0
0.64,0.45,0.54,1.7,0.88,0.34,0.52,1.23,4.8,7.7,1.16,1.68,1.98,4.77,3,5,4,4,53,44,0.83,0.08,0.71,0.29,5.72,3.21,4.51,2.47,2.02,2.02,4.42,4.31,1.3,3.72,1.33,1.41,2.14,4.22,3.05,1676,1619,1,4,3.36,0
0.42,0.74,3.72,0.9,1.79,2.4,0.9,3.4,3.8,4.5,4.01,4.98,3.85,3.67,3,5,2,3,47,56,0.15,0.15,0.03,0.97,2.62,3.03,1.74,2.25,3.36,4.73,1.87,1.42,4.88,1.5,3.73,4.1,1.87,3.81,2.42,1700,1883,1,3,0.28,2
0.63,0.67,3.59,1.63,2.57,1.36,0.48,0.98,2.9,1.8,4.93,4.36,3.96,4.15,6,6,5,4,38,64,0.75,0.86,0.94,0.06,4.12,4.63,3.84,3.43,1.38,2.76,4.26,3.01,4.05,1.68,2.72,4.78,2.29,2.4,2.05,1919,1684,0,1,0.11,2
0.7,0.46,3.64,0.7,1.55,2.14,1.86,1.63,3.8,2.3,2.45,2.44,3.7,3.02,4,7,0,6,54,48,0.7,0.91,0.79,0.21,2.0,2.23,3.68,2.35,3.14,2.08,2.39,2.69,3.92,4.91,1.21,1.12,4.61,2.93,4.76,1769,1661,1,3,0.77,2
0.71,0.87,0.28,3.39,2.48,1.36,2.64,0.25,4.7,3.7,2.46,2.83,2.75,4.39,4,7,0,4,40,60,0.99,0.49,0.7,0.3,3.79,4.47,4.44,1.62,4.55,4.67,3.65,1.64,1.81,1.92,4.74,3.51,3.45,3.38,1.16,1724,1742,1,1,0.95,0
0.95,0.28,3.75,2.2,2.35,3.16,0.72,3.34,4.6,8.0,2.59,4.58,4.79,2.18,4,3,6,4,58,40,0.61,0.1,0.21,0.79,3.49,4.74,2.57,3.85,4.7,1.2,4.72,3.79,3.64,4.65,1.3,2.55,3.71,1.15,1.2,1619,1557,1,2,3.14,2
0.71,0.56,3.12,2.83,1.71,2.78,4.22,3.36,3.5,6.3,1.43,2.16,4.94,2.54,6,3,0,0,55,45,0.09,0.3,0.92,0.08,2.29,1.9,2.03,1.51,1.17,1.9,4.34,1.11,1.79,4.31,4.68,3.6,3.96,1.73,2.84,1800,1767,0,4,2.37,2
0.97,0.27,1.08,1.55,1.39,3.49,3.84,2.87,3.8,5.9,2.16,1.64,2.47,1.59,6,5,5,6,45,56,0.16,0.5,0.14,0.86,3.84,4.48,3.73,1.79,3.18,2.16,3.39,3.12,4.21,2.25,4.89,4.91,2.99,2.96,2.49,2027,1828,1,1,0.33,2
0.83,0.19,1.57,0.22,0.41,3.21,0.27,4.28,2.1,2.6,4.95,3.0,3.5,4.55,5,7,5,6,47,56,0.13,0.26,0.18,0.82,4.67,4.51,1.41,4.24,4.31,3.11,2.69,4.55,3.03,4.45,1.81,1.53,1.22,3.08,2.74,2040,2006,1,3,0.27,2
0.08,0.62,3.23,1.21,0.41,1.39,0.91,1.31,2.7,1.7,1.99,1.61,3.52,2.61,5,3,5,1,37,62,0.88,0.47,0.78,0.22,2.19,1.77,2.6,4.43,2.7,4.46,1.5,3.04,2.19,4.64,4.66,2.83,3.16,3.59,1.18,1983,1972,1,4,3.65,2
0.16,0.53,2.84,2.03,1.85,3.33,0.79,4.46,4.9,6.4,3.83,4.69,3.53,3.59,6,5,5,0,38,63,0.58,0.93,0.65,0.35,5.69,4.87,4.69,2.09,1.56,1.96,1.92,4.29,1.27,3.63,2.45,4.42,1.34,3.86,1.5,1924,1818,0,3,0.75,2
0.99,0.01,1.59,0.35,2.72,3.19,1.82,2.14,2.8,4.7,2.67,2.52,3.49,3.71,6,2,5,0,38,59,0.54,0.53,0.79,0.21,3.76,1.76,3.39,1.43,3.24,3.21,1.37,2.5,4.33,4.38,4.6,1.9,3.58,4.13,4.76,1924,1742,1,1,4.8,1
0.97,0.39,1.12,2.41,1.15,0.28,0.71,0.89,4.8,5.0,2.46,4.46,3.21,1.39,5,6,4,1,47,54,0.23,0.36,0.16,0.84,5.82,4.14,4.39,2.65,2.51,3.64,1.76,3.2,3.17,4.07,2.35,1.93,3.99,2.12,4.63,1555,1533,1,3,0.83,0
0.8,0.93,1.35,3.51,1.54,1.79,3.15,2.26,7.4,1.5,3.02,3.41,4.1,3.37,7,5,3,4,35,63,0.92,0.36,0.23,0.77,3.69,3.69,3.31,3.26,2.63,3.09,4.69,1.77,2.12,4.37,3.6,3.66,3.32,4.11,2.51,1517,1773,1,3,4.35,1
0.26,0.95,3.73,1.85,2.71,3.2,2.22,2.92,6.8,7.2,4.14,3.68,4.54,2.69,6,5,6,6,62,37,0.4,0.08,0.25,0.75,2.41,4.63,3.08,3.36,3.28,4.87,3.86,2.49,4.12,1.71,4.13,4.12,3.54,4.82,3.82,1662,1592,1,1,1.63,2
0.23,0.1,1.68,0.8,1.39,0.96,2.48,0.97,4.0,6.3,4.96,3.99,4.39,1.62,2,7,5,2,41,60,0.19,0.99,0.61,0.39,2.76,4.1,4.01,1.66,2.08,3.87,2.02,1.83,4.28,2.78,1.46,2.32,3.55,2.01,2.68,2056,1626,0,2,1.55,2
0.58,0.78,1.8,1.48,2.35,2.8,2.8,2.89,6.6,2.1,4.97,5.0,2.17,2.16,2,6,3,5,48,52,0.23,0.23,0.11,0.89,3.04,2.43,2.92,3.3,4.9,3.84,1.76,2.97,1.4,1.37,4.79,1.79,4.52,4.03,2.42,1543,1671,0,3,3.01,0
0.3,0.31,1.52,1.64,0.93,0.48,1.8,1.6,1.4,3.3,3.02,4.79,1.45,2.68,5,3,6,5,57,45,0.42,0.94,0.49,0.51,3.48,3.75,3.8,3.03,4.98,1.91,3.11,2.72,2.56,3.14,3.44,2.05,3.15,1.23,4.64,1432,1843,1,1,1.69,0
0.11,0.15,0.9,2.08,3.25,1.82,2.31,3.17,3.3,2.5,4.09,2.19,2.97,1.74,4,2,1,2,52,46,0.01,0.3,0.16,0.84,4.88,3.88,2.86,4.76,2.61,3.68,3.39,4.26,2.17,1.97,4.66,3.15,1.75,1.66,3.33,1579,1879,0,3,4.84,2
0.53,0.18,2.91,1.16,0.21,2.98,3.97,3.3,4.0,5.2,1.6,2.87,2.57,1.54,3,2,4,3,56,45,0.48,0.82,0.61,0.39,3.54,4.64,3.72,3.28,1.04,2.31,3.99,2.84,3.48,1.05,3.09,2.94,2.51,4.47,2.36,1739,1560,1,1,3.87,2
0.08,0.41,1.43,2.43,0.76,0.42,3.18,1.13,4.5,7.8,2.12,4.94,4.0,2.71,2,7,3,3,62,41,0.54,0.21,0.79,0.21,2.96,4.98,2.28,4.97,4.96,2.43,2.18,4.66,3.38,2.71,3.83,3.05,1.06,1.38,3.25,1692,1899,0,3,0.86,1
0.59,0.98,1.62,0.96,2.53,2.33,1.01,3.65,2.9,4.5,1.06,2.01,4.11,4.22,6,2,6,2,62,39,0.01,0.48,0.3,0.7,2.64,4.39,4.85,4.26,1.7,1.05,3.99,1.13,3.91,1.51,1.69,4.5,1.62,3.27,3.96,1547,1971,1,1,4.16,1
0.49,0.81,1.41,1.26,2.7,0.56,3.02,1.25,5.5,5.4,2.39,1.45,3.76,3.0,5,4,0,0,64,37,0.77,0.89,0.92,0.08,3.68,2.87,4.44,1.64,2.75,3.64,1.25,3.6,3.9,3.94,2.34,2.14,2.66,4.81,2.75,1488,2083,0,5,3.13,0
0.67,0.05,2.25,1.66,2.6,1.49,1.86,1.24,6.9,5.3,4.07,1.2,2.46,4.44,6,2,3,4,51,47,0.68,0.69,0.43,0.57,3.54,4.48,3.16,1.7,1.8,4.83,3.89,1.9,4.25,2.7,2.07,1.67,4.6,1.19,2.51,1622,1984,0,1,4.21,2
0.41,0.84,0.24,3.4,3.42,1.08,1.06,0.25,2.6,7.7,2.09,2.03,4.71,3.29,2,6,5,3,49,50,0.38,0.59,0.8,0.2,2.03,3.68,2.23,3.85,4.33,2.97,1.34,2.89,4.08,1.35,3.07,3.56,1.52,1.88,4.55,1783,1874,0,3,4.09,0
0.63,0.17,1.93,2.43,3.36,2.8,1.82,2.14,4.2,3.5,4.62,3.08,3.37,1.0,4,6,6,1,44,55,0.63,0.43,0.31,0.69,5.97,3.98,2.98,1.11,1.59,2.77,3.05,1.5,1.43,4.2,4.45,3.02,1.14,3.51,3.59,1419,1541,0,1,0.45,2
0.91,0.71,3.4,0.38,3.09,0.43,2.52,0.96,7.5,7.8,2.93,3.22,3.34,3.97,2,2,1,6,36,64,0.55,0.9,0.63,0.37,2.6,2.09,4.55,1.57,4.8,4.85,1.55,3.27,2.4,3.97,1.48,3.52,3.04,1.12,3.4,2038,1915,0,3,3.38,0
0.1,0.95,1.45,2.28,2.92,0.93,2.87,1.27,5.5,7.9,1.56,3.5,1.66,2.92,2,2,6,1,42,57,0.95,0.37,0.43,0.57,2.48,4.99,2.28,2.67,2.03,1.14,1.33,1.76,4.55,3.58,3.92,3.87,3.37,1.67,1.38,1403,2020,1,3,2.14,0
0.35,0.96,1.56,2.46,1.92,2.83,2.64,4.43,2.6,6.3,1.56,1.37,4.32,2.03,7,6,3,0,38,59,0.61,0.7,0.8,0.2,3.55,1.59,2.95,1.43,3.67,4.78,3.1,4.36,3.07,2.5,4.24,3.29,4.68,1.94,1.93,1406,1781,1,3,2.51,0
0.27,0.76,0.22,3.53,0.83,1.0,2.71,3.47,3.6,5.3,3.18,2.1,3.97,4.82,3,5,6,6,51,48,0.06,0.32,0.47,0.53,4.12,1.03,4.31,3.53,4.47,4.73,2.89,1.03,4.78,2.29,3.46,2.99,1.98,2.58,4.45,1687,1933,0,1,4.62,0
0.94,0.1,1.77,3.05,2.36,1.24,0.26,0.2,3.3,5.1,1.8,2.87,1.64,3.94,6,4,4,2,43,55,0.38,0.08,0.42,0.58,4.19,4.88,2.96,1.0,2.11,4.6,2.72,2.82,2.27,3.09,2.21,3.42,4.32,1.26,4.45,1891,1563,1,5,4.93,0
0.92,0.33,2.77,1.7,3.41,0.24,3.36,2.53,4.6,8.0,2.14,2.22,2.36,1.76,6,7,1,5,46,56,0.81,0.64,0.96,0.04,2.18,2.09,3.82,3.42,4.56,2.22,2.18,2.21,2.01,2.79,4.26,4.77,2.2,1.14,2.28,1575,1647,1,5,2.27,0
0.41,0.65,2.19,0.43,2.53,1.78,2.56,3.08,6.4,1.3,4.65,2.86,4.22,2.52,4,4,3,6,56,44,0.32,0.46,0.67,0.33,5.95,3.89,1.69,4.03,1.01,4.22,3.3,1.6,2.69,4.96,4.66,1.7,2.97,3.96,1.07,2009,1933,1,3,4.1,2
0.24,0.05,2.06,3.49,2.58,1.54,1.14,2.0,4.5,4.2,4.35,2.72,4.26,2.88,7,4,3,1,39,64,0.91,0.04,0.84,0.16,5.85,3.61,4.14,1.57,1.2,2.38,3.56,3.22,2.67,1.15,1.2,1.21,1.13,1.48,3.64,1847,1871,1,5,4.33,2
0.85,0.45,3.07,0.75,2.39,0.53,3.39,0.48,7.2,7.3,1.64,4.47,3.97,4.53,2,2,0,0,51,52,0.5,0.86,0.52,0.48,4.37,4.85,2.51,2.36,3.67,4.53,1.53,3.38,4.67,4.09,1.29,3.92,2.35,4.46,2.32,2039,1451,0,3,2.39,0
0.44,0.69,2.82,3.6,1.39,2.0,4.32,2.36,2.2,4.4,2.56,1.17,3.24,2.1,6,4,1,5,49,50,0.16,0.79,0.2,0.8,4.44,4.04,2.43,4.96,3.34,4.78,3.67,4.57,4.15,2.69,3.79,2.23,3.85,3.18,3.87,1605,1595,1,2,1.44,2
0.28,0.5,0.76,2.8,1.37,3.29,2.71,4.0,3.7,2.9,3.03,1.14,3.29,1.81,3,6,5,4,36,62,0.6,0.92,0.11,0.89,3.0,3.42,1.09,1.14,4.02,3.44,3.82,1.47,3.56,4.09,3.03,4.1,2.34,1.83,2.68,1569,1922,1,5,2.62,2
0.34,0.94,1.85,1.93,1.52,0.48,3.03,3.8,1.2,7.2,2.87,2.25,2.32,3.73,5,4,0,2,52,46,0.0,0.46,0.41,0.59,5.0,2.93,2.07,3.38,1.6,4.89,3.65,3.73,2.88,1.02,2.43,2.72,4.91,1.76,4.12,1975,1675,0,5,4.28,1
0.35,0.29,2.08,3.47,2.69,2.36,2.93,3.21,5.2,6.3,4.63,3.64,1.37,2.53,4,7,3,2,51,50,0.83,0.78,0.88,0.12,4.91,3.65,4.86,3.52,3.96,2.82,1.54,4.65,3.37,3.4,3.4,4.08,3.26,1.51,3.66,1575,2025,0,4,4.16,0
0.38,0.77,3.15,3.54,0.34,1.47,0.69,2.52,1.4,4.9,2.62,4.82,4.05,2.93,6,7,3,6,59,44,0.62,0.84,0.41,0.59,5.57,2.58,2.35,4.36,3.19,1.48,1.11,4.22,3.31,1.56,4.47,1.24,3.72,4.41,3.6,1698,1766,1,5,1.06,1
0.73,0.25,3.05,0.78,0.95,0.58,3.49,1.23,3.0,2.7,4.5,1.64,3.18,1.37,5,4,0,3,36,66,0.94,0.24,0.39,0.61,4.17,2.19,4.77,3.7,3.53,2.65,3.62,4.12,1.15,4.6,1.95,2.0,3.66,4.74,3.21,1683,1481,1,2,0.54,2
0.29,0.74,2.06,2.17,1.36,3.29,4.4,2.95,7.5,7.4,4.73,4.71,3.98,2.43,5,6,6,3,46,56,0.52,0.72,0.14,0.86,5.61,1.42,2.52,2.28,2.82,1.98,4.45,1.59,3.78,3.02,3.84,2.82,2.73,1.81,1.02,1567,1756,0,5,2.64,2
0.86,0.02,2.86,3.33,2.5,1.02,2.41,0.27,3.3,7.5,2.85,1.9,4.93,2.23,5,7,4,3,44,54,0.9,0.56,0.32,0.68,3.27,3.93,1.06,1.65,4.08,4.09,3.27,1.33,1.59,3.05,1.48,1.17,4.57,1.8,1.66,2045,1654,1,4,2.22,2
0.25,0.14,3.61,1.74,3.44,0.87,3.76,1.96,1.5,2.2,2.94,2.03,4.96,2.57,3,5,1,5,40,58,0.69,0.73,0.21,0.79,5.13,1.88,2.31,4.18,2.3,1.08,2.6,4.18,1.84,1.96,3.04,4.48,1.38,1.9,4.52,2044,1565,0,2,0.16,2
0.08,0.07,1.26,3.1,1.67,2.55,0.94,4.03,7.1,6.1,2.71,2.27,4.32,4.1,4,2,1,3,38,64,0.19,0.23,0.42,0.58,5.69,2.94,3.15,3.68,4.83,2.62,1.17,3.3,4.03,4.49,3.83,1.45,3.18,1.35,2.27,1946,1616,0,1,0.05,0
0.35,0.98,0.8,2.02,3.04,1.1,4.38,4.17,4.7,2.2,3.82,1.59,4.98,3.3,7,3,5,3,58,43,0.86,0.05,0.54,0.46,4.4,1.99,1.72,3.12,4.24,3.27,2.48,1.34,1.27,1.4,3.28,3.6,1.46,3.86,2.78,1889,1664,1,3,4.21,1
0.52,0.39,3.78,1.4,2.91,1.67,3.32,2.43,1.1,1.8,4.68,3.11,4.4,4.99,4,6,3,5,50,49,0.04,0.04,0.44,0.56,2.89,1.26,2.1,1.99,4.13,2.14,1.17,3.27,1.1,2.31,4.47,2.54,1.08,3.43,4.51,1452,1665,1,2,2.43,1
0.98,0.23,1.22,0.82,0.77,1.24,1.64,1.52,2.6,2.4,2.18,1.22,4.96,3.55,3,5,4,6,36,62,0.28,0.25,0.89,0.11,4.36,2.27,1.16,1.51,1.27,1.47,4.09,2.46,1.78,1.19,4.28,3.26,3.23,1.7,4.35,1412,1667,0,3,4.04,2
0.52,0.91,2.77,0.7,1.38,3.46,0.79,2.18,5.2,7.9,1.32,2.61,2.18,3.35,5,4,1,4,35,67,0.49,0.56,0.63,0.37,3.94,4.87,3.86,4.11,1.57,3.62,3.33,2.28,3.8,4.1,2.44,3.54,1.66,4.7,2.35,2007,1980,0,2,0.48,2
0.42,0.2,0.88,1.52,2.43,1.45,0.81,2.32,6.3,2.9,2.75,4.32,1.34,1.99,2,5,4,1,47,56,0.09,0.24,0.56,0.44,3.25,1.2,4.55,4.32,1.5,3.79,2.48,1.87,2.99,4.99,4.72,4.53,2.24,3.76,4.69,1858,1792,0,2,0.49,0
0.99,0.29,0.45,2.13,1.34,0.95,2.98,4.42,6.8,1.7,3.5,3.18,3.62,4.59,7,2,2,4,46,52,0.68,0.71,0.5,0.5,4.71,3.16,2.9,3.42,1.88,2.55,4.54,2.91,3.55,3.43,1.71,2.47,1.94,3.28,1.76,2090,1774,0,3,0.93,1
0.39,0.71,0.74,2.91,2.45,1.98,0.29,4.25,4.1,7.8,1.72,3.15,4.7,1.9,3,3,6,3,41,58,0.88,0.96,0.19,0.81,3.28,3.44,3.27,2.45,2.21,4.86,2.61,3.26,4.06,3.58,4.11,1.08,4.74,1.87,2.93,1768,2013,0,2,1.97,0
0.01,0.6,2.94,0.69,3.17,1.52,1.44,1.06,2.4,2.5,2.17,3.46,4.94,3.69,4,2,6,6,35,62,0.07,0.78,0.31,0.69,5.6,2.2,3.84,4.67,1.3,3.77,2.53,1.58,3.19,1.77,4.4,2.08,4.59,1.21,2.1,1720,1965,0,5,0.65,1
0.65,0.62,3.14,1.73,1.78,0.29,4.33,2.54,6.2,5.9,4.62,3.99,4.84,3.59,3,6,4,2,60,38,0.89,0.03,0.85,0.15,2.81,4.52,1.93,2.55,3.87,4.68,2.8,2.95,1.63,1.81,2.86,1.21,4.14,3.55,1.2,1883,1418,0,3,0.77,2
0.5,0.71,1.35,3.5,0.78,1.18,4.02,0.32,7.3,5.9,4.68,2.88,1.18,2.08,3,2,6,2,61,39,0.12,0.93,0.81,0.19,4.46,4.14,3.8,3.9,4.37,3.45,1.11,2.66,1.17,3.26,3.27,2.96,4.32,3.23,4.96,2004,1579,1,1,1.15,0
0.18,0.88,0.57,3.15,3.35,2.56,1.18,0.2,2.0,4.0,1.6,1.94,1.32,2.52,4,6,0,1,58,40,0.47,0.43,0.39,0.61,2.02,3.13,3.66,2.29,2.33,4.94,2.84,4.06,1.28,4.38,4.83,4.1,1.32,3.37,4.4,1616,1852,0,3,0.35,0
0.04,0.53,3.15,0.31,0.54,3.3,3.74,1.88,3.1,8.0,4.49,1.88,3.9,4.91,6,3,0,6,52,51,0.97,0.03,0.78,0.22,3.95,1.67,4.03,1.59,1.85,2.92,1.85,4.33,3.27,1.84,2.47,1.4,4.21,1.05,1.51,1949,1608,1,3,1.42,2
0.87,0.69,2.84,3.08,1.75,2.9,3.58,0.86,7.5,5.2,3.91,2.41,3.91,1.23,4,5,2,3,48,53,0.93,0.71,0.74,0.26,5.49,1.29,2.51,3.54,3.78,3.84,2.87,2.26,1.65,2.12,2.14,2.74,1.43,2.09,1.67,1885,1769,0,2,0.11,2
0.06,0.32,1.17,0.66,2.68,3.38,3.04,0.99,4.5,6.0,5.0,3.44,3.32,2.64,7,5,1,0,44,55,0.83,0.47,0.46,0.54,3.32,3.03,4.85,1.69,3.56,1.74,4.07,2.68,3.16,4.04,4.45,3.12,1.17,1.51,4.47,1946,1430,1,4,4.88,1
0.25,0.96,3.27,1.89,2.51,2.58,1.55,1.26,1.2,5.4,2.65,2.97,4.17,1.35,2,2,1,2,39,61,0.79,0.5,0.51,0.49,5.24,4.74,3.21,2.49,4.01,2.99,2.46,1.64,1.99,1.39,4.86,2.51,2.38,3.7,4.77,2023,1908,0,5,0.68,2
0.13,0.56,2.95,2.61,0.64,2.47,2.21,2.17,6.4,3.5,4.53,1.51,2.47,2.32,6,2,5,1,57,44,0.32,0.97,0.55,0.45,3.91,4.67,4.14,1.61,3.76,4.63,4.8,1.05,4.73,3.56,3.15,2.85,2.96,3.64,3.57,1864,1420,1,4,0.3,2
0.71,0.16,2.87,1.52,1.84,0.21,3.09,0.57,3.1,1.4,1.36,4.19,2.69,2.98,6,5,5,3,49,50,0.88,0.06,0.45,0.55,2.22,3.14,2.57,3.42,2.41,3.4,1.45,3.24,1.69,1.61,2.84,2.99,3.74,2.74,3.95,1642,2034,1,3,1.58,1
0.47,0.61,2.44,0.29,2.91,0.62,2.5,3.49,6.7,5.9,1.81,4.93,1.91,2.97,2,5,6,6,54,47,0.85,0.77,0.79,0.21,4.29,4.24,3.12,3.31,2.01,2.43,1.6,3.22,4.06,3.15,2.91,2.41,1.44,3.88,1.99,1920,1719,0,4,4.94,0
0.36,0.37,3.04,2.29,0.48,0.21,3.89,2.83,7.1,2.9,2.41,1.86,2.48,1.92,2,7,6,1,40,62,0.16,0.36,0.86,0.14,4.18,1.69,4.2,2.82,2.72,4.26,3.62,2.57,1.13,4.71,1.3,3.67,2.5,3.25,4.95,1898,1690,0,3,2.31,0
0.45,0.89,1.06,2.86,3.17,3.39,2.26,2.43,1.5,7.1,3.53,1.0,2.9,4.78,5,5,4,5,36,62,0.86,0.65,0.61,0.39,2.41,1.75,1.83,2.29,1.6,2.02,2.55,1.57,1.15,2.07,1.35,3.06,2.81,4.05,3.34,1840,1798,1,5,0.52,1
0.22,0.62,2.97,1.93,0.94,1.44,1.31,0.51,7.3,1.6,4.57,1.48,1.82,3.92,7,4,6,0,42,59,0.7,0.69,0.01,0.99,4.53,3.15,4.24,2.77,2.79,4.25,1.43,3.47,1.42,3.65,3.97,4.25,2.73,3.41,3.35,1493,1781,1,4,4.81,2
0.59,0.74,3.47,2.51,1.46,0.78,3.32,3.58,2.0,3.3,2.25,1.01,2.55,3.75,6,5,2,1,58,40,0.62,0.11,0.8,0.2,2.74,3.19,2.09,1.38,4.39,1.67,4.53,3.65,4.98,2.83,4.54,2.8,2.51,4.52,4.18,1638,1934,0,4,2.83,0
0.64,0.96,1.78,1.1,2.75,0.44,3.1,3.96,8.0,7.9,4.37,4.67,4.81,4.03,4,3,3,1,57,42,0.81,0.68,0.55,0.45,3.05,3.55,2.04,4.43,2.17,2.86,2.92,1.85,1.4,4.69,1.41,4.53,1.83,1.37,3.23,2045,1543,0,3,1.67,2
0.36,0.06,0.26,1.71,3.01,1.99,0.39,0.61,4.1,2.1,2.95,1.68,4.13,1.36,5,5,3,2,64,37,0.42,0.64,0.7,0.3,4.39,4.34,2.53,3.23,1.69,1.52,1.22,1.3,1.9,3.81,3.4,4.84,4.7,1.69,4.69,1883,1551,0,3,4.12,2
0.78,0.23,2.15,2.52,2.4,2.45,0.83,3.35,7.6,1.8,4.44,2.21,3.93,2.98,5,6,6,5,61,40,0.67,0.76,0.31,0.69,3.28,2.7,3.38,4.84,4.27,1.17,3.87,4.31,3.65,1.32,2.59,3.84,4.21,3.38,4.44,1768,1833,0,3,4.1,2
0.89,0.75,1.0,1.02,2.59,2.65,0.93,1.7,1.5,4.2,3.08,3.52,4.86,4.17,7,6,2,1,44,57,0.83,0.57,0.84,0.16,4.3,4.58,4.18,4.51,1.04,2.5,2.93,4.44,3.18,2.85,4.57,2.37,2.3,3.28,1.64,1584,2071,0,2,2.35,2
0.76,0.52,2.51,1.78,2.03,0.95,1.1,1.32,3.7,4.5,3.49,3.22,1.86,3.71,3,6,2,6,42,59,0.43,0.23,0.2,0.8,4.07,3.63,3.02,3.65,3.44,2.66,2.93,3.85,3.0,1.51,1.52,1.69,4.79,3.08,2.02,1685,1652,0,1,3.82,1
0.93,0.61,3.57,2.32,3.29,1.0,0.98,1.93,6.8,1.6,3.12,4.76,2.55,4.93,6,7,5,0,64,38,0.62,0.51,0.84,0.16,5.45,1.22,3.29,1.93,3.88,2.43,2.21,2.92,3.87,3.2,2.01,2.31,3.74,2.54,1.78,1652,1949,1,1,4.45,0
0.52,0.41,3.69,2.59,0.34,0.76,0.42,0.46,1.2,6.3,2.69,2.61,1.66,4.75,3,7,6,5,51,51,0.68,0.93,0.48,0.52,5.39,2.3,4.95,2.27,2.64,1.78,1.95,3.79,3.01,3.67,1.05,2.09,3.38,1.38,3.86,2096,2061,1,2,2.05,0
0.33,0.78,2.63,0.71,1.75,1.87,3.44,0.93,3.1,1.2,4.97,2.28,3.13,3.47,5,3,4,4,43,54,0.71,0.02,0.15,0.85,2.56,2.95,2.9,4.34,1.2,1.18,3.17,1.65,3.67,4.34,3.31,2.47,2.25,1.74,2.22,1859,1427,0,1,4.75,2
0.9,0.42,3.4,3.06,1.35,2.89,2.46,3.09,2.6,8.0,2.76,2.57,2.28,4.44,6,6,3,4,46,53,0.97,0.73,0.19,0.81,3.71,4.19,1.79,2.82,3.54,1.7,1.73,3.11,2.41,3.77,3.86,3.89,4.72,3.24,2.71,1468,1715,0,3,0.5,2
0.86,0.11,3.45,2.99,3.49,3.24,1.94,2.94,1.8,2.5,2.26,1.08,2.43,1.37,4,3,2,3,37,66,0.98,0.01,0.7,0.3,3.18,2.26,2.95,4.02,1.77,3.82,4.18,2.88,4.01,4.1,2.06,4.92,3.52,3.32,4.87,1943,2068,1,2,1.6,2
0.79,0.21,2.32,2.92,3.09,3.3,0.49,1.03,4.1,7.0,3.23,4.33,3.92,2.23,4,7,4,4,45,57,0.24,0.3,0.18,0.82,3.55,4.79,3.82,1.18,1.41,3.63,3.85,2.09,1.4,1.38,3.7,2.49,3.84,4.96,2.79,1760,1750,1,2,4.58,2
0.99,0.87,3.42,0.87,1.33,0.54,1.93,4.33,6.7,6.2,2.32,2.36,1.45,1.54,4,4,0,3,40,61,0.76,0.36,0.75,0.25,5.05,1.34,3.68,4.17,2.22,3.32,2.01,4.49,3.77,3.1,1.83,1.39,3.61,1.72,1.69,1479,2033,1,4,1.4,2
0.13,0.05,3.55,1.44,1.32,2.4,4.01,3.28,6.1,1.6,3.25,3.14,4.65,2.55,2,6,2,0,63,37,0.29,0.98,0.24,0.76,5.88,1.22,2.43,4.87,2.8,4.36,4.69,4.04,3.69,2.03,2.72,1.88,4.93,2.45,3.34,1872,1953,0,2,1.2,2
0.45,0.64,3.63,0.22,2.93,2.47,1.35,2.88,7.9,2.9,3.39,3.37,1.31,1.03,4,7,3,0,58,42,0.06,0.54,0.83,0.17,3.89,2.36,2.74,4.51,3.92,3.12,4.65,3.84,1.93,4.53,2.5,4.67,2.36,4.41,2.47,1414,1610,1,1,4.19,2
0.56,0.3,1.36,3.54,2.6,1.09,1.71,2.01,6.2,6.6,4.84,1.94,2.48,1.56,2,5,4,3,43,55,0.2,0.05,0.52,0.48,2.48,1.59,3.13,1.82,4.51,1.19,2.0,1.86,1.23,1.39,3.5,2.96,4.35,1.01,4.51,1436,1808,0,3,2.45,0
0.73,0.08,0.57,1.01,0.58,0.91,2.3,1.91,2.0,7.9,2.86,1.47,2.23,4.1,4,5,4,2,62,40,0.7,0.93,0.14,0.86,4.93,1.97,2.97,1.67,1.28,1.55,3.38,2.05,3.62,2.79,3.78,1.99,1.65,3.51,2.06,1436,1422,1,1,4.67,1
0.71,0.63,2.68,1.13,1.53,0.35,0.24,1.78,1.7,4.9,3.22,2.6,3.99,2.67,4,7,4,6,35,67,0.45,0.27,0.73,0.27,5.61,3.08,3.77,2.15,1.3,1.22,2.73,4.96,3.69,4.12,4.33,3.87,1.9,3.07,4.09,1770,1503,1,4,2.46,2
0.99,0.18,3.62,2.75,1.7,0.74,1.68,3.26,7.8,2.6,1.74,1.06,4.12,4.87,2,4,6,3,64,38,0.75,0.74,0.61,0.39,3.52,3.94,2.0,2.67,4.11,2.12,2.96,3.36,1.7,3.29,2.56,3.76,2.62,3.53,4.16,1562,1874,0,5,0.2,2
0.77,0.34,3.2,2.63,2.56,3.12,2.14,4.3,7.0,2.7,4.34,4.33,2.18,2.43,4,7,1,5,52,48,0.34,0.93,0.21,0.79,5.56,2.8,2.06,3.17,3.07,2.22,2.86,4.09,2.23,4.07,2.65,1.39,2.48,3.91,4.37,1926,1988,1,1,0.59,2
0.1,0.2,2.26,0.76,0.23,0.38,0.46,4.0,6.0,4.0,3.27,2.86,4.5,3.33,4,6,5,6,42,57,0.09,0.66,0.17,0.83,5.47,4.62,3.17,3.84,3.67,2.05,1.56,3.29,1.68,4.72,3.54,4.57,1.25,4.31,4.42,1528,1784,1,3,4.49,2
0.82,0.78,2.4,3.33,1.77,0.28,1.76,2.47,5.9,3.0,3.34,1.4,1.58,4.02,7,3,6,3,52,47,0.18,0.87,0.55,0.45,3.91,4.45,4.74,1.36,2.45,2.92,2.27,2.94,1.63,2.92,4.73,2.69,3.9,1.2,2.95,1782,1796,0,5,0.86,0
0.51,0.59,0.87,2.07,2.43,3.01,0.88,2.62,6.9,2.9,2.17,3.31,2.52,2.2,3,4,3,4,57,40,0.92,0.57,0.58,0.42,2.34,3.71,1.08,1.68,4.39,4.08,4.41,4.41,2.55,1.55,3.66,2.03,1.92,2.46,1.55,2012,1670,1,5,4.84,0
0.69,0.34,3.07,2.32,1.1,1.57,1.45,1.56,2.7,7.5,4.88,1.18,4.98,1.19,5,2,3,0,48,50,0.7,0.11,0.22,0.78,3.99,3.4,3.75,4.16,4.15,1.03,4.83,4.8,2.93,3.9,4.07,4.3,1.12,3.31,4.65,1752,1493,1,1,0.78,2
0.8,0.58,2.31,1.8,1.39,0.4,1.04,2.28,5.2,1.5,1.2,4.81,1.84,4.15,4,5,2,5,53,44,0.83,0.67,0.49,0.51,4.06,3.92,2.12,1.36,2.12,3.82,2.74,4.62,2.95,1.72,4.74,3.02,2.0,1.65,3.61,1509,2068,0,1,2.75,0
0.26,0.15,2.48,1.07,1.91,1.0,3.57,0.68,2.1,8.0,3.76,2.06,1.39,3.24,3,4,4,1,48,51,0.29,0.55,0.66,0.34,3.17,4.44,1.78,2.98,1.55,4.04,2.23,2.02,4.03,4.66,4.5,2.72,2.45,2.76,2.02,1502,1707,0,2,1.47,2
0.15,0.93,0.66,2.26,3.28,0.34,0.49,2.42,7.1,7.2,4.38,1.49,4.83,1.22,5,5,0,5,54,49,0.33,0.49,0.12,0.88,4.22,4.79,3.19,2.43,2.3,4.14,3.51,2.76,4.98,4.22,4.07,2.94,4.78,1.67,2.36,1714,1708,1,3,4.12,2
0.62,0.77,1.97,3.48,3.24,1.95,3.56,0.58,6.9,5.9,4.56,2.71,1.24,4.19,6,4,1,4,61,41,0.97,0.33,0.32,0.68,4.38,4.57,3.22,4.19,1.37,1.77,4.77,3.97,4.9,3.72,4.96,4.63,4.54,4.13,3.52,1602,1498,1,5,2.42,1
0.16,0.47,3.19,0.29,3.27,3.11,1.79,1.0,5.1,6.1,2.95,4.31,4.36,3.59,3,3,0,6,62,38,0.5,0.32,0.95,0.05,5.75,3.63,3.93,3.39,2.76,4.64,2.55,1.2,3.04,4.07,1.78,4.46,3.5,2.72,1.98,1427,1429,1,5,0.21,2
0.1,0.11,2.25,3.42,2.04,2.34,4.1,2.5,2.2,3.1,1.58,4.69,1.81,4.05,2,5,4,0,55,48,0.57,0.81,0.85,0.15,4.39,3.56,4.92,4.8,3.15,4.31,2.25,3.35,1.5,4.68,3.82,1.25,5.0,4.9,3.31,2023,2067,0,4,3.31,0
0.52,0.94,2.37,1.16,3.48,2.87,4.24,4.35,4.2,2.4,1.22,4.11,3.92,3.45,7,7,6,1,53,45,0.92,0.97,0.94,0.06,3.55,2.43,2.59,3.42,4.43,2.59,3.65,4.64,1.41,4.79,2.09,3.12,3.09,3.88,1.99,1676,2050,0,1,4.28,0
0.56,0.39,1.62,1.87,1.35,1.89,3.53,0.28,6.7,5.9,3.5,1.12,4.83,4.34,2,5,4,0,59,38,0.16,0.85,0.11,0.89,3.3,2.0,1.19,4.56,2.31,3.49,2.9,4.25,3.9,3.37,2.3,2.84,1.47,3.75,1.39,1809,1974,0,3,3.41,2
0.27,0.07,0.69,1.13,1.13,1.78,3.38,2.73,5.5,1.4,3.38,2.72,3.12,1.9,6,3,5,6,53,50,0.69,0.17,0.68,0.32,4.8,4.95,1.9,1.37,3.13,2.88,3.92,3.36,4.1,4.12,4.75,2.26,1.8,1.33,1.83,1685,2081,0,5,2.49,2
0.16,0.04,0.85,3.02,0.7,1.59,2.84,3.69,3.0,3.9,3.91,1.04,4.73,3.99,7,4,3,4,40,61,0.24,0.54,0.54,0.46,2.82,4.57,4.14,2.94,2.5,2.17,2.53,3.61,2.97,1.79,3.09,1.45,4.67,3.74,2.87,1710,1901,0,4,3.41,2
0.18,0.84,2.58,3.3,2.82,2.24,3.83,2.67,1.4,6.6,1.14,3.44,1.0,4.81,3,2,2,1,44,58,0.02,0.89,0.76,0.24,3.08,3.15,2.66,1.11,3.1,2.83,1.41,4.64,3.79,2.57,2.24,4.74,4.88,2.03,4.33,1781,2022,1,1,3.26,0
0.89,0.87,3.58,2.89,2.2,1.51,4.49,0.21,3.6,2.5,4.56,1.31,3.2,1.34,2,2,1,3,48,53,0.75,0.28,0.44,0.56,4.54,1.94,1.95,3.27,1.26,4.16,4.0,2.91,2.12,2.24,1.58,2.15,2.51,2.39,1.39,1834,1910,0,4,3.02,2
0.11,0.02,0.93,3.25,1.3,2.8,3.64,3.15,7.9,4.0,3.94,4.64,2.21,3.02,3,2,0,3,40,61,0.93,0.18,0.04,0.96,3.72,2.9,3.94,2.98,2.54,4.07,3.05,3.33,1.03,4.82,4.22,3.71,3.08,4.77,3.3,1400,1794,1,3,1.4,0
0.7,0.2,2.58,2.09,2.77,1.18,2.41,1.32,7.6,7.6,1.79,2.4,2.6,2.16,6,2,4,3,62,40,0.8,0.03,0.78,0.22,5.98,3.32,4.72,4.71,4.04,4.58,1.21,1.31,2.19,2.37,3.93,1.65,2.62,3.41,1.86,1740,1948,1,3,2.96,1
0.49,0.99,2.69,0.82,2.29,1.81,0.58,0.75,4.0,3.7,3.72,3.68,1.71,1.22,7,6,2,3,56,42,0.25,0.93,0.68,0.32,2.18,3.3,2.68,2.91,1.87,2.68,4.84,4.56,1.65,4.74,1.49,3.86,4.62,1.34,4.03,1601,1547,0,4,2.41,2
0.46,0.89,2.47,3.11,3.11,2.09,3.57,2.43,6.9,1.6,4.77,3.93,4.26,1.37,3,2,6,4,62,36,0.6,0.8,0.83,0.17,5.87,3.28,1.15,3.39,4.76,1.6,3.26,2.62,1.84,3.81,1.76,3.99,3.87,3.29,3.03,1622,1775,0,3,3.46,2
0.45,0.06,3.28,1.81,0.42,1.48,0.47,0.76,1.8,2.4,3.8,4.0,4.86,4.77,5,7,4,4,46,51,0.44,0.05,0.03,0.97,2.4,1.48,2.34,3.89,1.28,1.48,4.77,1.34,4.13,1.03,1.9,3.34,1.05,2.93,1.99,1541,2087,0,2,3.28,2
0.67,0.97,1.85,2.07,2.91,0.41,2.9,3.09,5.3,4.4,2.32,4.34,3.39,3.62,6,7,5,5,39,60,0.76,0.63,0.75,0.25,3.67,3.84,1.38,4.37,3.94,2.29,4.16,2.01,3.32,1.02,4.21,4.17,2.3,4.07,1.36,1449,1532,1,2,2.14,0
0.88,0.34,2.27,1.11,3.31,2.6,0.32,0.43,6.7,5.2,4.19,1.32,3.14,4.68,3,5,4,2,48,54,0.02,0.82,0.97,0.03,2.58,2.27,1.33,2.55,4.72,2.97,4.93,1.71,1.32,4.05,4.41,3.39,4.15,4.2,1.59,1902,1886,1,2,3.11,1
0.99,0.89,0.25,0.61,0.65,0.7,2.02,3.86,7.0,5.6,1.05,4.76,3.54,1.59,6,7,6,1,39,63,0.63,0.2,0.77,0.23,4.09,3.45,4.69,3.06,2.11,1.48,1.94,4.39,4.75,1.95,4.55,3.29,4.37,2.4,2.18,1990,2083,0,1,0.42,0
0.28,0.41,1.09,0.37,3.3,1.98,0.56,1.85,3.7,2.7,2.76,2.28,4.28,2.62,5,7,4,1,36,64,0.44,0.91,0.04,0.96,4.46,1.8,1.92,3.59,1.55,1.89,2.78,3.0,4.0,2.02,4.23,4.7,1.43,2.54,3.15,1555,1753,1,5,3.02,2
0.85,0.41,1.14,0.95,1.34,2.64,2.22,4.36,6.9,7.1,1.95,1.82,3.58,3.92,4,2,4,3,59,40,0.03,0.23,0.02,0.98,2.71,4.51,2.23,1.14,2.45,2.25,2.99,3.57,3.56,4.13,1.99,2.25,1.62,4.59,2.6,1924,1536,0,5,3.03,2
0.24,0.24,3.59,1.99,3.19,3.23,2.74,2.85,3.1,1.8,1.33,4.97,2.94,1.16,2,4,5,1,43,58,0.78,0.26,0.09,0.91,5.74,3.56,2.39,3.95,2.32,4.04,2.81,2.29,4.52,2.23,2.67,3.2,1.93,1.02,1.67,1663,1989,0,2,4.56,2
0.2,0.59,1.75,2.71,3.03,0.3,1.71,0.29,5.6,1.9,1.89,2.25,1.11,4.97,3,6,5,6,56,43,0.74,0.74,0.3,0.7,4.62,1.68,4.25,2.2,2.8,1.54,3.77,4.37,1.38,3.78,2.12,3.79,2.16,4.41,2.05,2015,1666,1,4,4.77,0
0.03,0.46,1.08,2.71,1.62,2.53,0.75,1.13,7.9,3.9,3.47,2.45,4.33,2.33,5,4,0,2,54,48,0.52,0.1,0.1,0.9,5.06,3.41,3.73,2.66,1.62,4.22,1.48,1.35,1.93,3.8,3.99,1.26,3.92,3.78,1.46,1942,1810,0,5,0.13,2
0.67,0.34,2.79,1.37,1.71,3.38,4.02,0.98,2.6,1.2,1.2,4.29,2.04,2.68,3,6,6,4,42,59,0.84,0.28,0.42,0.58,3.53,1.07,3.92,2.36,2.7,3.36,1.59,4.04,4.56,3.77,3.64,1.81,2.79,2.75,4.19,1773,1472,1,5,0.58,0
0.86,0.14,2.02,1.75,1.34,2.2,1.61,2.3,2.2,2.7,3.71,1.5,3.11,3.09,4,6,3,4,63,39,0.72,0.39,0.46,0.54,4.99,2.27,4.2,2.57,1.88,4.86,2.51,1.49,2.46,3.06,2.28,4.28,1.54,2.81,1.42,1565,2029,0,4,1.17,2
0.76,0.54,0.72,3.13,0.7,2.46,3.58,4.19,2.1,5.8,2.02,3.79,2.63,1.81,2,6,6,2,47,53,0.18,0.79,0.74,0.26,2.95,2.38,3.48,4.7,2.24,4.25,1.87,1.22,3.26,2.78,1.97,2.52,1.94,4.57,1.8,1905,1746,0,2,2.1,1
0.47,0.51,1.89,3.58,1.56,1.76,4.0,1.52,2.6,5.5,3.81,4.8,4.46,1.68,5,6,4,4,64,34,0.38,0.88,0.26,0.74,4.64,1.18,3.87,2.87,2.64,3.55,1.14,2.58,4.0,1.76,1.2,1.18,1.95,4.72,3.8,1507,1659,0,1,0.95,0
0.03,0.47,1.16,0.74,2.01,1.33,3.32,0.84,5.0,5.4,3.32,2.13,4.65,2.55,3,2,6,0,41,57,0.62,0.8,0.46,0.54,2.39,2.44,2.47,4.78,3.84,1.44,2.91,3.11,1.7,3.67,2.54,3.35,1.73,4.19,3.46,1406,1668,0,3,1.18,2
0.55,0.53,3.05,1.58,0.68,2.49,2.12,2.42,4.4,7.8,2.2,4.0,3.35,2.07,3,2,1,3,56,46,0.15,0.1,0.41,0.59,4.14,1.8,4.41,2.47,2.33,2.99,4.18,4.66,1.19,3.52,4.39,3.6,2.34,3.57,3.14,1562,1509,0,1,3.58,1
0.79,0.29,3.71,2.08,1.32,1.34,1.63,2.8,4.0,5.3,2.62,2.49,2.95,3.33,3,5,4,5,45,56,0.05,0.42,0.69,0.31,4.59,3.13,2.11,1.03,2.28,2.86,3.23,2.57,2.74,2.84,3.26,3.06,1.39,1.98,3.53,1753,1630,1,5,2.17,2
0.29,0.29,3.68,2.68,1.16,0.46,3.41,2.3,4.6,6.5,3.26,2.18,3.1,4.23,2,4,3,1,62,37,0.14,0.43,0.27,0.73,4.77,1.22,3.48,4.84,4.47,3.87,2.54,1.9,4.12,4.55,2.27,4.04,4.87,4.99,4.62,1616,1693,1,4,0.94,0
0.04,0.56,3.12,3.27,1.55,0.33,0.56,1.7,4.8,7.8,2.43,3.18,2.64,4.26,6,5,6,3,42,60,0.36,0.76,0.55,0.45,5.53,1.46,2.64,3.39,3.94,1.35,3.42,4.06,3.08,4.93,1.61,1.58,3.18,2.1,4.37,2081,1748,0,4,1.85,0
0.98,0.45,0.37,2.15,1.92,3.24,3.6,2.05,1.2,7.7,2.45,2.6,1.68,1.73,4,3,6,4,55,45,0.87,0.06,0.82,0.18,2.06,1.57,4.78,3.08,3.41,1.77,4.98,1.35,3.57,3.03,1.4,2.48,1.14,2.61,2.35,1655,1885,1,4,3.92,0
0.41,0.44,2.3,3.67,1.11,2.98,0.72,3.39,4.2,6.3,3.26,2.76,3.26,2.57,2,5,5,4,41,61,0.85,0.44,0.98,0.02,4.08,1.17,3.08,1.68,3.6,4.95,2.1,1.94,2.37,3.52,1.24,2.41,2.36,3.43,3.8,1602,1601,0,1,3.56,0
0.63,0.55,2.25,1.19,3.22,1.54,4.3,2.19,4.6,5.4,3.18,2.49,4.75,4.46,3,6,4,1,48,49,0.09,0.64,0.65,0.35,5.42,2.18,3.49,4.6,1.67,3.36,2.2,2.79,4.56,1.79,2.42,3.52,1.31,1.4,1.44,1460,1846,1,4,1.5,2
0.32,0.68,0.92,2.2,2.39,1.77,3.37,2.64,7.8,5.9,4.71,4.83,3.62,4.75,3,2,1,4,65,33,0.37,0.28,0.96,0.04,4.12,2.03,4.4,1.19,2.73,2.8,4.33,2.83,4.83,3.82,3.54,2.96,2.28,1.3,1.54,2010,1930,0,5,2.24,0
0.14,0.81,1.11,3.66,2.58,2.2,3.95,0.59,3.8,4.7,1.93,2.54,3.59,1.61,7,6,3,6,36,61,0.32,0.83,0.01,0.99,3.4,2.61,1.83,3.71,1.41,4.96,3.08,3.5,3.55,4.52,2.64,1.08,3.73,1.55,2.46,1431,2075,0,3,3.27,1
0.58,0.22,0.29,2.09,2.3,2.62,0.55,3.5,6.7,5.7,1.4,4.72,4.1,2.21,5,2,1,4,47,52,0.27,0.32,0.94,0.06,5.94,2.54,2.68,3.03,3.81,1.49,3.39,2.7,2.92,2.56,2.2,3.79,1.44,1.83,3.51,1905,2082,0,4,2.69,0
0.84,0.3,3.48,0.67,0.32,0.75,1.13,3.23,6.4,7.5,1.74,4.09,2.86,1.9,5,7,4,6,36,63,0.4,0.62,0.4,0.6,3.99,4.59,3.27,1.79,1.39,2.71,1.05,4.57,1.93,2.72,1.93,2.71,4.45,2.41,2.72,2059,1539,0,3,2.07,2
0.28,0.11,0.84,1.04,0.41,0.85,0.39,2.63,1.7,3.7,1.03,2.37,2.98,1.26,6,2,5,6,60,40,0.74,0.95,0.66,0.34,4.94,3.55,4.32,1.62,2.88,2.34,1.93,2.24,2.84,3.85,3.84,2.76,1.09,3.26,3.77,2051,1819,0,3,1.92,0
0.29,0.63,3.0,2.35,0.64,0.33,1.25,3.22,5.2,5.7,4.24,1.01,2.88,1.56,3,3,6,0,60,43,0.39,0.32,0.12,0.88,2.57,3.95,3.18,1.18,4.12,4.0,4.42,3.44,3.16,4.31,4.17,4.67,3.68,2.92,2.1,1603,1866,0,3,3.79,2
0.29,0.84,0.36,3.48,1.28,0.99,0.37,0.92,4.7,5.3,2.9,1.32,4.87,3.07,2,5,5,1,47,51,0.51,0.32,0.99,0.01,3.23,1.71,2.6,2.87,3.14,1.01,3.7,4.82,4.11,2.4,1.78,2.1,4.05,4.19,3.64,2014,2099,0,2,3.32,0
0.21,0.06,0.28,0.38,2.57,1.7,2.06,3.8,6.7,5.6,2.11,1.84,3.5,3.58,5,4,6,3,52,46,0.78,0.77,0.19,0.81,3.58,1.79,4.35,2.55,1.8,1.58,1.28,2.85,1.4,2.55,3.18,2.43,3.67,1.62,1.49,1519,1638,0,5,2.19,0
0.97,0.62,0.44,0.33,2.46,3.36,2.6,4.4,3.5,5.9,3.95,4.1,3.11,1.2,4,7,4,5,54,46,0.73,1.0,0.17,0.83,4.42,4.81,4.55,2.3,4.53,3.73,2.42,4.71,3.41,2.94,1.36,1.47,2.36,3.45,1.49,2074,1996,1,2,2.32,1
0.65,0.81,3.21,2.53,1.9,1.46,2.86,2.36,6.9,3.4,2.95,1.01,1.8,4.22,3,2,0,4,59,43,0.99,0.02,0.18,0.82,3.83,3.83,1.15,3.14,4.9,4.42,1.03,3.88,1.84,4.5,1.36,4.49,4.37,4.52,4.14,1830,1479,1,3,3.61,2
0.99,0.8,3.22,3.19,0.92,1.0,2.59,2.13,4.8,3.6,3.08,1.38,2.1,1.57,2,4,2,4,36,63,0.8,0.57,0.68,0.32,4.31,1.93,4.48,2.32,2.6,3.69,1.88,4.77,1.09,2.93,1.25,2.89,4.27,1.25,2.78,2043,1650,0,4,0.62,1
0.55,0.71,1.57,1.3,2.86,0.75,1.98,3.58,3.2,6.7,1.46,4.88,4.93,2.81,7,5,3,6,63,37,0.86,0.46,0.32,0.68,2.49,3.35,1.89,2.84,4.11,3.18,3.43,2.26,1.4,1.31,4.46,3.39,3.16,3.28,4.27,1936,1770,1,3,2.41,0
0.82,0.18,3.53,3.67,0.25,3.03,0.29,0.44,2.5,2.9,1.36,1.44,1.03,1.51,4,5,3,0,42,57,0.97,0.36,0.19,0.81,4.57,4.14,3.91,1.23,2.88,1.72,2.48,2.53,1.53,3.27,4.73,4.2,1.7,3.02,4.35,1857,1448,1,2,4.88,2
0.06,0.73,2.9,2.72,1.1,0.56,0.94,2.7,2.8,5.6,2.96,2.81,1.11,2.06,2,4,3,5,40,63,0.99,0.86,0.38,0.62,4.68,1.52,3.2,1.88,1.59,2.61,3.11,1.18,4.04,1.99,1.2,2.96,1.21,2.04,3.39,1449,1930,1,2,0.62,0
0.73,0.96,1.77,1.76,1.21,2.75,0.56,0.35,4.2,6.9,2.98,1.43,4.75,2.17,5,3,1,1,57,44,0.95,0.06,0.17,0.83,2.23,3.42,4.07,1.89,3.97,2.73,1.16,2.68,1.05,1.06,1.07,3.36,3.2,2.53,2.71,2020,1501,1,5,2.31,2
0.09,0.84,2.52,0.82,1.48,0.25,0.72,0.92,4.5,4.6,2.66,4.9,1.75,3.02,3,7,5,3,47,51,0.81,0.87,0.7,0.3,3.99,2.48,2.25,1.97,4.71,3.97,4.73,2.61,1.37,4.04,1.97,4.43,4.91,3.82,3.49,1841,2046,0,5,2.85,0
0.07,0.59,2.2,3.64,3.14,0.22,1.4,2.32,5.5,4.5,1.71,3.38,2.45,3.38,6,6,1,4,49,49,0.29,0.39,0.94,0.06,4.7,1.01,3.3,1.97,4.4,3.43,4.74,2.14,3.64,1.57,1.35,2.61,5.0,1.31,3.47,1586,1746,1,2,2.4,0
0.52,0.91,3.12,3.25,2.72,3.1,4.23,3.54,4.0,6.0,2.71,3.53,2.36,1.48,3,2,4,1,35,62,0.5,0.79,0.35,0.65,2.12,1.14,1.08,4.13,1.75,2.23,4.35,4.84,2.17,1.22,3.43,2.85,3.89,2.86,3.67,1792,2064,0,2,4.63,2
0.2,0.37,3.04,1.01,2.03,3.15,1.25,0.53,4.7,4.5,3.45,1.9,3.26,1.39,5,5,3,0,58,42,0.42,0.52,0.74,0.26,5.75,2.78,2.36,2.08,2.49,4.16,2.44,1.06,3.93,3.15,2.16,2.04,1.03,3.12,3.35,1995,1410,1,1,2.35,2
0.8,0.08,1.85,3.1,1.3,0.54,2.39,0.54,5.4,2.5,1.73,2.18,4.85,4.97,5,5,5,4,47,50,0.77,0.49,0.07,0.93,4.73,2.36,3.84,4.36,4.56,3.66,2.16,2.39,1.98,3.37,4.94,4.35,2.25,4.5,3.39,1675,1593,1,2,2.65,0
0.71,0.2,0.92,0.79,0.24,1.86,2.12,1.51,3.7,4.8,1.89,4.16,1.62,2.49,7,2,5,6,46,55,0.43,0.53,0.61,0.39,5.62,1.82,1.37,4.09,3.56,1.48,4.5,2.6,1.16,1.39,2.26,1.0,1.1,4.59,4.72,1575,1634,0,2,3.28,1
0.25,0.37,1.47,1.32,0.67,1.45,4.02,3.66,6.3,5.3,3.71,4.14,3.31,2.1,5,3,3,3,56,46,0.33,0.11,0.56,0.44,5.17,4.5,1.23,1.79,1.4,2.43,2.03,2.98,1.18,4.54,1.79,1.91,3.88,2.16,2.91,1826,1859,1,1,0.82,2
0.77,0.8,1.2,1.91,2.97,1.19,1.29,0.53,4.1,3.3,4.75,1.22,2.0,4.5,4,6,0,6,51,46,0.84,0.59,0.05,0.95,4.03,4.97,2.22,3.98,3.0,3.36,3.53,3.3,1.55,3.15,4.81,4.35,1.95,1.3,2.73,1822,1413,0,3,4.7,2
0.64,0.76,0.42,1.48,3.34,1.09,1.37,0.2,5.9,6.9,4.31,4.96,2.72,4.73,7,7,3,1,50,47,0.24,0.01,0.56,0.44,4.19,2.46,2.77,2.07,4.87,1.37,1.55,2.05,1.79,3.96,2.2,3.02,1.44,4.22,4.37,2080,1478,1,2,3.47,0
0.93,0.32,2.6,0.95,1.35,2.7,0.59,1.79,7.3,3.0,3.69,3.66,4.71,2.43,2,6,0,4,65,35,0.46,0.99,0.65,0.35,4.34,3.27,4.01,2.82,2.36,4.99,2.77,2.05,1.77,2.31,1.92,3.03,2.0,1.18,2.06,1419,2090,0,3,2.76,2
0.99,0.53,1.18,1.22,1.45,3.07,1.74,1.0,2.7,3.3,3.93,3.35,4.65,3.25,4,4,2,4,40,59,0.85,0.44,0.9,0.1,4.15,1.75,4.24,1.2,2.8,2.07,2.82,1.11,4.14,1.53,1.46,4.68,3.44,2.26,4.31,1582,1599,1,2,2.99,1
0.25,0.83,1.31,0.53,3.03,1.37,4.07,1.18,5.1,6.2,2.83,3.33,2.29,4.34,2,3,6,0,36,67,0.69,0.86,0.53,0.47,4.4,2.14,4.37,4.35,4.59,3.39,2.85,2.46,1.99,3.17,1.68,2.2,1.93,5.0,3.73,1485,1958,1,5,3.56,0
0.98,0.45,0.36,0.93,1.77,0.96,3.51,1.32,6.2,1.5,2.56,1.71,3.2,3.26,7,7,1,1,52,45,0.96,0.48,0.24,0.76,2.35,4.87,4.21,4.24,2.91,2.87,4.17,3.17,2.17,3.84,1.38,2.04,2.77,4.01,4.74,1914,1514,0,5,5.0,2
0.9,0.47,1.08,3.15,2.67,0.25,0.65,2.18,2.6,1.1,2.05,1.33,4.15,3.45,3,2,1,4,56,46,0.14,0.61,0.54,0.46,5.38,4.2,3.75,3.77,1.92,1.45,4.47,4.9,4.93,4.87,2.37,2.26,4.69,2.01,4.73,1967,1586,0,1,2.16,1
0.78,0.27,0.26,3.58,2.9,1.25,0.64,1.91,6.2,1.7,2.95,4.49,2.38,3.71,4,4,1,4,59,43,0.88,0.84,0.28,0.72,3.05,2.65,1.86,3.75,3.97,1.51,1.22,3.22,1.69,3.25,1.28,4.06,1.35,3.93,1.17,2090,2047,1,4,1.06,0
0.42,0.02,2.07,3.35,2.86,0.92,0.58,3.68,4.0,1.4,1.89,3.64,1.05,2.41,6,5,2,4,50,49,0.28,0.31,0.95,0.05,5.61,3.27,2.49,1.49,4.26,4.22,2.18,3.24,1.58,3.37,4.56,1.8,3.86,1.43,3.0,1959,1516,1,1,4.46,0
0.19,0.15,1.29,0.21,1.87,1.85,0.74,3.99,4.1,7.1,1.91,3.7,2.94,4.15,5,5,4,1,45,55,0.56,0.97,0.77,0.23,5.69,4.61,3.87,4.26,4.62,2.27,3.85,3.57,2.38,4.17,2.46,4.47,2.74,4.12,2.04,1513,2049,0,4,0.88,0
0.51,0.36,2.28,2.19,0.36,0.27,0.85,3.66,3.5,1.1,4.85,4.43,2.02,2.4,3,5,6,0,55,44,0.4,0.62,0.42,0.58,3.75,2.5,4.4,3.53,1.98,1.84,4.01,1.25,2.61,3.69,4.17,2.94,1.02,2.14,2.25,1803,2067,0,5,3.8,1
0.63,0.06,3.75,1.17,0.98,0.36,2.3,3.78,6.9,3.6,4.23,1.32,4.19,2.45,7,5,3,3,64,35,0.98,0.19,0.82,0.18,5.53,2.15,3.27,3.1,4.81,1.21,1.55,1.33,3.52,3.35,1.79,3.95,4.1,2.75,1.63,1801,1895,1,1,1.7,2
0.56,0.63,3.44,3.2,0.65,1.5,2.49,0.95,7.1,3.7,1.0,4.79,1.15,4.84,3,5,6,0,49,48,0.96,0.87,0.67,0.33,2.13,2.44,3.87,1.24,3.43,3.48,2.9,3.71,4.63,4.51,4.78,3.13,2.95,1.64,3.81,1884,1713,1,1,2.77,0
0.42,0.13,2.77,2.12,0.52,3.15,2.15,0.4,3.2,2.6,1.24,2.46,4.37,3.05,6,2,5,3,47,54,0.65,0.96,0.62,0.38,2.1,4.03,3.05,3.62,2.15,4.73,4.94,2.05,4.13,1.59,1.31,3.54,3.92,2.24,3.81,1827,1532,0,3,4.5,2
0.22,0.89,2.99,3.23,3.19,3.27,0.48,2.2,2.2,4.4,3.09,1.47,2.16,4.83,7,5,3,1,55,44,0.54,0.82,0.36,0.64,3.67,3.33,1.91,3.66,1.75,1.91,3.08,3.28,2.88,2.61,2.42,4.28,4.6,2.98,1.59,1810,1573,1,2,1.43,2
0.16,0.09,1.99,1.41,1.76,3.49,4.09,1.73,2.1,3.6,4.36,4.51,4.12,3.94,2,3,5,0,40,63,0.81,0.28,0.36,0.64,5.06,4.07,1.3,2.4,3.75,4.61,3.14,1.79,1.99,4.64,3.55,1.1,3.13,1.19,3.1,1791,1605,0,5,1.24,2
0.27,0.62,2.41,3.4,2.65,1.06,1.23,3.48,7.1,7.3,1.68,1.38,3.2,4.77,3,5,0,4,42,61,0.11,0.09,0.42,0.58,5.36,3.46,3.84,3.65,3.5,4.63,2.8,2.74,2.11,3.39,1.93,2.37,4.63,1.0,4.81,1941,1919,0,2,3.42,0
0.7,0.29,3.15,0.77,0.49,2.33,1.89,0.97,6.2,1.9,1.57,4.79,3.56,2.56,3,6,3,4,47,53,0.04,0.04,0.54,0.46,4.66,2.26,1.54,2.1,3.43,1.61,3.62,2.36,3.6,1.85,4.38,4.3,1.36,4.65,2.58,1985,1731,1,3,4.39,2
0.9,0.62,2.29,1.82,1.13,2.72,3.79,0.37,7.9,4.7,2.09,4.89,4.31,4.4,3,2,4,2,49,54,0.72,0.5,0.53,0.47,2.23,4.4,2.4,3.14,4.15,1.82,2.82,4.96,2.04,2.09,4.95,3.53,3.69,4.28,1.25,1486,1727,1,4,2.84,1
0.01,0.15,1.18,2.99,2.83,0.56,2.61,2.6,5.0,1.1,1.13,4.56,4.17,2.05,6,2,6,3,64,38,0.36,0.65,0.68,0.32,3.8,1.61,3.81,3.64,1.81,1.2,3.66,1.88,4.9,1.64,1.32,5.0,2.78,4.29,1.46,2081,1769,1,5,4.45,0
0.78,0.87,2.37,3.48,3.49,2.78,1.08,2.46,3.4,1.5,4.98,3.57,3.76,2.37,5,4,5,2,49,54,0.63,0.68,0.97,0.03,5.15,1.91,1.16,3.69,3.79,1.18,2.58,3.58,4.96,1.36,1.56,2.56,4.09,3.88,2.24,1499,1818,0,4,4.17,2
0.72,0.84,3.66,3.69,3.15,3.41,2.5,2.13,5.7,6.4,3.58,1.96,4.93,1.47,2,5,4,5,37,65,0.21,0.19,0.62,0.38,5.06,1.05,2.79,3.37,3.17,3.7,2.49,1.09,1.19,4.42,3.24,1.66,3.03,4.7,4.64,1971,2083,1,1,4.62,2
0.03,0.22,0.92,3.44,1.3,2.72,1.27,4.42,2.7,5.8,2.32,4.66,1.75,1.28,5,4,4,4,47,51,0.45,0.07,0.18,0.82,2.58,1.65,3.56,1.23,2.95,4.24,3.53,4.45,4.93,1.45,2.71,3.91,4.98,4.28,2.73,1604,1855,1,3,0.87,0
0.78,0.06,3.59,2.68,0.46,1.67,2.49,3.96,6.8,5.5,2.59,1.1,3.1,4.74,7,6,6,4,65,36,0.08,0.5,0.44,0.56,5.32,4.28,1.82,1.73,1.75,2.25,1.46,4.64,2.68,3.63,4.41,3.84,2.97,1.69,1.88,1652,1812,0,1,1.22,2
0.83,0.16,2.64,2.92,2.92,1.79,1.43,1.96,3.9,6.1,3.77,1.62,2.23,2.38,5,2,1,6,55,46,0.38,0.52,0.85,0.15,2.23,1.99,1.88,2.53,4.26,3.97,4.3,4.1,2.06,3.6,4.07,4.19,2.51,1.82,1.05,1661,1551,0,3,2.0,1
0.13,0.95,3.18,1.12,0.22,3.12,2.6,2.02,3.4,5.1,1.22,4.62,3.99,1.67,5,2,4,4,48,50,0.55,0.5,0.5,0.5,3.82,4.28,1.02,1.46,4.79,3.68,4.64,3.94,3.81,4.02,3.48,4.4,1.26,1.47,4.24,1696,1478,1,1,4.76,2
0.75,0.38,1.39,3.75,1.37,2.53,0.76,1.62,3.5,5.7,1.02,1.74,1.84,2.89,3,7,1,0,50,50,0.81,0.09,0.13,0.87,4.94,4.5,1.11,4.65,2.77,1.85,3.16,3.38,2.74,2.34,4.86,3.97,3.14,2.89,2.65,1942,1473,0,2,4.99,2
0.02,0.22,3.62,3.32,0.57,2.39,0.87,0.42,3.2,1.3,1.35,1.57,4.33,4.83,5,6,4,0,35,65,0.9,0.65,0.41,0.59,5.14,4.11,2.61,4.12,4.73,2.86,2.37,1.41,3.81,1.99,3.74,3.52,2.08,3.17,1.73,1765,1775,0,2,0.99,2
0.01,0.94,2.58,1.19,0.83,0.75,2.29,1.02,6.0,5.0,1.46,4.17,3.71,1.67,3,4,6,1,62,39,0.37,0.13,0.74,0.26,3.28,3.71,4.14,2.86,2.22,1.52,2.35,2.23,4.09,4.86,3.73,3.15,3.31,3.35,1.63,1833,2030,0,5,0.3,1
0.68,0.9,0.88,0.77,1.25,2.77,3.16,1.66,3.6,6.3,1.13,1.75,3.32,2.33,6,7,2,5,56,46,0.11,0.26,0.79,0.21,5.98,2.41,1.5,3.62,4.57,4.94,2.92,4.05,1.84,2.67,4.57,2.68,2.78,4.89,4.97,1434,1671,1,3,1.89,2
0.52,0.7,0.76,2.62,0.58,1.87,4.06,3.21,2.1,1.2,3.12,4.21,3.92,1.48,5,3,5,1,52,48,0.27,0.38,0.96,0.04,2.17,4.0,2.22,2.65,2.83,4.58,3.76,4.3,3.06,2.75,3.26,3.0,1.2,2.05,2.85,1963,1901,0,1,0.28,2
0.15,0.87,0.69,3.71,1.49,0.56,0.45,1.79,2.0,2.9,3.77,4.18,3.19,3.5,7,4,3,3,46,52,0.29,0.42,0.96,0.04,2.48,1.44,1.31,3.96,2.76,3.82,4.21,1.83,4.35,1.81,4.52,3.98,1.79,1.32,1.51,1864,1655,1,2,1.83,0
0.34,0.89,0.53,1.17,1.21,3.36,0.71,3.41,5.5,7.5,2.41,2.48,3.86,4.22,7,7,1,6,52,50,0.18,0.62,0.97,0.03,5.75,1.69,4.9,1.36,1.71,1.23,2.46,3.68,1.29,4.6,4.18,3.52,2.41,3.27,1.62,1477,1797,0,2,3.92,0
0.93,0.24,1.06,2.48,2.79,3.27,1.28,0.25,3.8,4.0,4.17,4.36,4.3,4.19,5,5,3,4,51,51,0.33,0.04,0.25,0.75,4.76,3.56,4.26,4.58,4.32,1.4,3.3,4.0,3.16,3.74,1.67,2.8,2.98,2.42,3.83,2060,1478,1,2,2.58,1
0.33,1.0,3.65,1.38,1.56,1.33,0.99,3.24,5.1,3.2,1.6,4.68,4.26,4.54,6,6,1,5,60,38,0.68,0.63,0.51,0.49,2.5,3.15,2.81,1.44,1.49,3.96,1.96,1.92,3.61,1.22,2.13,4.36,2.37,4.77,3.35,1963,1502,1,3,2.53,0
0.78,0.13,1.94,2.23,3.0,2.58,2.08,0.21,2.2,4.2,3.47,4.24,3.03,2.95,7,7,2,6,42,55,0.74,0.46,0.9,0.1,5.4,3.77,2.63,1.06,1.85,4.44,2.38,3.29,2.16,4.38,4.72,4.63,1.52,2.22,2.33,1574,1535,1,1,3.16,1
0.13,0.15,0.82,0.27,3.08,1.97,2.84,3.85,7.9,4.6,3.97,1.74,2.71,1.56,7,7,4,4,37,60,0.34,0.97,0.55,0.45,5.23,3.42,2.48,1.99,3.72,3.16,3.75,1.9,1.25,2.09,4.22,3.58,2.31,2.52,3.99,1500,1792,1,1,4.1,2
0.37,0.3,1.52,2.54,3.04,0.64,2.02,1.93,7.7,7.3,1.63,2.19,3.74,1.32,4,5,0,6,51,50,0.18,0.73,0.91,0.09,4.51,4.06,3.12,3.62,3.83,2.37,2.72,2.87,1.78,4.44,4.85,1.33,4.85,3.07,4.2,1401,2064,0,4,2.54,0
0.31,0.63,1.83,1.12,3.16,0.47,3.77,2.74,2.2,2.2,3.35,3.15,1.45,2.53,3,3,6,4,65,37,0.28,0.62,0.76,0.24,3.28,3.85,2.32,2.64,1.71,3.6,3.24,4.27,4.25,4.47,1.47,4.66,2.81,4.79,1.66,1555,1644,1,4,2.56,0
0.38,0.24,0.7,3.12,1.84,2.49,3.48,1.57,2.9,5.5,2.34,4.19,4.12,2.47,3,7,3,6,57,40,0.27,0.48,0.61,0.39,2.5,3.29,3.66,2.62,1.92,4.76,2.64,4.97,3.41,2.18,1.88,4.04,2.02,1.07,2.31,1848,1606,1,5,2.43,0
0.06,0.87,0.55,0.87,0.84,1.4,3.96,1.36,2.4,1.6,2.51,4.51,2.42,1.3,3,7,5,2,36,62,0.94,0.71,0.69,0.31,3.41,3.77,1.5,1.45,3.77,2.78,3.89,4.74,2.98,4.95,2.65,1.07,4.11,1.53,1.39,2055,1634,1,2,0.87,0
0.76,0.44,0.25,1.55,2.48,3.48,1.43,1.57,2.2,4.9,2.73,1.02,4.68,2.92,7,6,3,6,60,40,0.13,0.58,0.44,0.56,4.79,4.35,4.15,3.56,2.59,1.33,1.14,3.6,1.23,2.81,1.65,3.51,4.51,1.58,1.1,1998,1855,1,1,0.75,2
0.55,0.72,0.94,0.53,2.5,2.27,0.49,0.32,2.7,4.8,3.79,2.81,3.25,4.89,4,6,3,2,55,44,0.34,0.45,0.64,0.36,3.85,4.99,4.98,2.73,2.93,2.28,3.65,2.64,2.8,4.81,2.55,2.8,4.52,4.95,1.63,1798,1809,1,4,3.51,1
0.03,0.63,0.28,1.24,2.73,0.57,1.97,2.96,6.9,5.5,1.04,2.69,3.34,2.47,7,7,3,0,60,42,0.22,0.55,0.53,0.47,2.49,2.57,4.79,4.76,3.42,1.16,1.29,4.72,4.76,2.61,1.61,3.08,3.01,4.29,1.36,1598,2021,0,4,4.73,0
0.59,0.41,1.32,3.66,0.75,2.71,2.49,2.88,7.6,3.7,3.88,1.5,4.63,3.61,5,7,1,2,45,54,0.97,0.81,0.49,0.51,5.97,2.48,2.99,1.16,1.1,3.87,3.76,2.97,4.08,1.48,3.46,4.97,3.9,1.87,4.75,1750,1464,1,2,2.26,2
0.22,0.09,0.82,1.76,1.45,2.02,0.74,0.9,2.1,4.2,2.66,2.47,1.57,4.39,6,4,0,1,60,39,0.24,0.17,0.77,0.23,5.38,3.57,1.75,1.44,3.74,3.47,2.49,2.9,2.38,3.79,4.33,1.43,4.83,3.71,4.76,1738,2051,1,1,0.32,0
0.3,0.93,0.78,0.26,0.65,0.56,1.66,0.6,7.1,3.9,4.28,4.84,2.23,4.9,5,5,5,5,58,40,0.1,0.38,0.27,0.73,2.38,1.6,4.36,3.24,2.63,4.67,2.66,4.87,4.38,3.55,4.45,1.36,1.1,1.39,3.48,1785,2071,1,4,3.95,0
0.57,0.34,3.62,2.34,2.35,3.5,2.6,1.24,3.7,7.8,1.52,3.1,3.19,4.28,3,4,6,6,49,50,0.33,0.21,0.81,0.19,4.22,4.51,3.95,4.86,3.03,4.77,4.87,1.3,2.34,3.64,3.37,4.85,4.32,4.53,2.99,1477,2087,1,3,0.62,2
0.42,0.5,3.16,2.81,0.95,2.14,2.12,0.52,1.2,7.6,3.68,2.72,3.73,2.09,7,4,3,0,37,66,0.53,0.29,0.25,0.75,4.56,3.77,4.21,4.91,2.87,1.99,1.13,4.88,4.86,3.87,4.9,1.82,4.77,3.13,1.53,2016,1713,0,1,3.67,2
0.46,0.84,1.93,2.59,2.08,1.95,0.67,4.47,4.5,6.3,1.4,3.47,3.07,3.0,7,5,5,2,50,48,0.36,0.27,0.49,0.51,5.61,2.12,2.97,1.15,1.47,1.23,4.18,4.7,1.48,2.66,4.56,1.89,1.81,2.26,3.12,1648,1726,0,1,4.99,0
0.76,1.0,0.8,3.08,1.45,0.65,2.42,1.82,7.3,5.0,4.94,1.73,3.67,3.29,7,2,0,3,53,45,0.64,0.08,0.32,0.68,5.12,4.46,3.63,2.87,4.47,4.8,2.59,2.06,1.62,4.03,4.64,3.35,3.87,1.96,3.61,1616,1858,1,2,2.54,1
0.29,0.96,1.23,0.98,2.83,3.15,0.54,1.86,4.2,1.2,3.0,2.62,1.62,1.47,6,3,0,0,61,41,0.92,0.21,0.66,0.34,3.19,4.99,4.22,4.91,1.33,3.69,3.07,1.46,3.29,1.67,3.82,2.59,4.32,1.22,1.04,1651,1938,1,2,3.09,2
0.46,0.45,3.24,0.38,0.76,1.52,0.76,0.27,2.6,6.3,4.61,1.98,3.7,1.64,5,5,1,5,36,63,0.33,0.43,0.56,0.44,3.42,4.51,3.79,4.44,3.83,2.44,4.53,2.74,3.15,4.57,1.64,2.41,4.42,4.66,1.73,1702,1887,0,4,0.69,2
0.96,0.25,1.05,1.12,2.55,2.75,4.41,1.3,7.4,5.8,1.67,4.8,2.9,3.71,2,3,3,3,48,49,0.65,0.19,0.63,0.37,3.71,2.4,1.89,1.2,2.14,2.66,3.44,4.8,3.46,3.98,3.81,3.99,3.93,4.04,2.46,1951,1874,0,1,4.04,0
0.35,0.81,1.9,3.73,3.26,1.8,4.28,2.21,3.3,6.5,2.49,2.85,2.95,2.98,6,3,3,6,64,39,0.58,0.02,0.59,0.41,4.76,4.15,1.19,3.02,1.49,1.97,4.05,3.72,3.91,1.8,3.36,3.27,2.72,1.81,4.7,1492,1730,1,3,2.46,1
0.72,0.8,0.45,3.27,3.43,3.33,1.14,3.72,7.3,3.2,3.33,3.76,1.35,1.37,5,6,3,0,49,54,0.75,0.83,0.09,0.91,3.68,1.4,3.04,3.04,3.71,1.37,4.12,1.3,4.75,2.77,1.06,4.82,1.71,2.89,2.14,1598,1504,1,3,3.74,0
0.66,0.86,2.67,2.84,0.71,1.26,0.83,0.74,4.0,4.6,4.42,1.45,4.36,3.45,6,3,2,2,60,43,0.99,0.13,0.83,0.17,5.01,2.12,1.37,4.12,4.19,1.89,3.65,3.31,2.63,2.55,4.63,3.79,1.57,3.32,3.66,1654,2024,1,5,1.1,2
0.03,0.34,3.07,1.66,0.76,1.99,2.65,3.04,7.2,2.6,1.64,3.49,4.57,3.12,7,2,6,3,53,49,0.45,0.62,0.66,0.34,2.77,2.26,1.79,1.85,4.26,2.31,2.88,1.1,1.56,1.58,1.76,4.95,3.99,1.07,1.49,1586,1626,1,3,4.75,1
0.95,0.48,3.06,3.56,2.99,0.71,3.93,3.14,2.4,1.8,3.4,4.46,1.98,2.47,2,5,3,3,46,56,0.57,0.63,0.64,0.36,5.83,4.99,4.77,1.33,1.33,2.58,4.35,3.79,4.95,4.93,3.52,3.1,2.58,2.34,2.89,1996,1543,1,5,0.76,0
0.35,0.67,3.12,3.1,2.26,3.42,4.31,2.03,4.9,6.5,3.75,4.23,1.87,1.03,2,4,4,5,40,60,0.49,0.96,0.87,0.13,2.73,4.17,4.63,1.81,1.5,3.84,3.17,3.5,2.4,1.03,3.8,2.37,4.27,2.81,2.99,2034,1590,1,5,0.31,1
0.31,0.75,0.45,1.33,3.32,2.12,1.02,2.94,2.2,6.5,4.67,4.57,4.9,2.54,5,3,0,6,54,46,0.82,0.08,0.19,0.81,2.31,2.29,2.44,2.28,4.91,3.05,2.81,3.12,3.27,1.21,2.66,4.61,1.51,1.23,1.43,1891,1766,0,4,2.66,0
0.25,0.82,2.73,1.28,1.25,1.39,4.45,0.71,4.1,4.1,2.03,3.25,4.98,4.96,2,4,6,3,53,50,0.12,0.39,0.08,0.92,4.82,4.7,4.15,3.81,4.79,1.68,1.48,3.26,4.47,4.07,2.92,2.72,4.18,4.97,1.52,2023,1447,1,1,4.93,1
0.54,0.59,1.87,1.9,3.47,3.32,1.47,2.73,3.5,7.0,2.38,1.05,3.72,4.34,3,6,2,2,45,58,0.25,0.36,0.12,0.88,4.27,3.38,1.29,1.11,3.11,1.53,2.71,2.43,3.31,2.65,4.17,4.03,1.08,4.34,3.29,1431,1639,1,2,1.32,1
0.7,0.03,0.42,1.85,1.02,0.7,3.12,3.8,3.6,1.1,1.29,4.96,1.34,4.77,5,6,0,3,61,36,0.96,0.6,0.5,0.5,4.86,4.15,3.16,3.36,3.27,4.23,2.82,3.25,2.4,1.66,1.0,4.87,1.95,4.52,3.26,1929,1528,1,5,0.78,0
0.94,0.41,3.51,3.66,2.23,1.25,1.51,3.68,2.3,2.3,1.93,2.59,4.92,4.49,5,7,1,4,64,36,0.85,0.4,0.42,0.58,3.06,3.99,3.97,4.79,4.12,1.02,1.99,3.75,4.08,2.71,2.59,1.34,4.77,1.25,3.07,1567,2098,1,2,1.27,1
0.87,0.41,3.16,1.86,0.98,2.15,3.44,3.22,2.9,7.7,4.67,4.26,4.26,2.01,6,4,3,1,56,43,0.56,0.58,0.38,0.62,5.46,2.3,4.75,4.61,4.3,1.72,2.67,3.54,3.62,3.99,2.01,4.28,2.88,1.32,4.47,1854,1667,0,1,1.3,2
0.75,0.43,0.6,3.52,3.37,1.68,2.52,1.95,5.6,5.1,2.69,4.37,3.49,2.73,7,2,5,3,39,63,0.97,0.42,0.07,0.93,2.4,3.9,4.75,1.61,3.44,4.52,2.35,3.79,2.06,4.56,1.22,4.15,3.94,2.8,4.9,1804,1475,1,2,3.9,0
0.16,0.94,0.95,3.08,3.18,3.37,0.99,1.48,1.4,6.6,2.74,4.76,4.45,1.06,4,7,6,5,62,39,0.74,0.0,0.75,0.25,2.85,2.46,2.97,4.85,2.14,2.73,3.26,4.8,4.85,2.64,1.72,2.61,2.72,3.58,1.15,1835,1937,0,2,1.41,2
0.45,0.92,2.58,2.5,1.75,2.0,1.12,1.35,6.3,6.2,4.07,1.67,2.19,1.61,2,6,4,6,42,60,0.36,0.26,0.58,0.42,4.74,4.39,3.15,4.97,2.84,4.69,4.54,1.56,2.81,2.59,1.8,4.78,2.06,4.33,2.84,1653,1908,0,4,3.83,2
0.43,0.3,2.06,1.36,1.99,2.17,0.82,0.53,2.9,5.7,2.59,3.34,2.25,4.81,6,4,4,0,51,46,0.44,0.37,0.51,0.49,2.28,2.6,2.62,4.83,3.52,2.21,1.39,4.31,1.36,2.74,3.72,1.47,2.79,2.69,3.44,1703,1523,0,1,3.1,1
0.95,0.93,2.35,0.5,2.69,1.49,0.54,4.41,5.2,4.9,2.66,4.1,1.76,2.5,7,7,6,0,53,47,0.89,0.6,0.34,0.66,3.07,4.4,4.05,1.14,1.54,4.26,1.99,3.57,3.69,2.92,1.85,2.71,4.52,3.3,1.41,1497,1502,0,4,3.63,0
0.69,0.1,0.69,1.73,2.45,1.37,4.32,1.92,4.4,5.0,4.4,1.64,3.08,4.64,5,2,6,2,44,53,0.05,0.26,0.85,0.15,4.63,4.12,2.72,4.91,1.02,4.44,2.25,3.58,2.04,4.46,4.59,3.11,3.72,1.02,3.62,1496,1687,0,4,0.77,2
0.54,0.24,2.09,2.03,1.22,0.64,1.64,0.27,7.9,2.5,3.99,4.97,2.8,4.48,3,6,3,2,36,62,0.68,0.4,0.33,0.67,2.19,1.32,2.36,3.93,3.45,2.41,1.29,2.85,4.35,2.28,1.67,1.38,3.57,1.51,2.92,1749,1674,1,1,1.19,0
0.58,0.52,2.55,0.24,1.82,1.19,4.32,0.57,1.8,7.3,2.65,3.42,4.3,3.3,7,5,0,3,55,44,0.02,0.99,0.27,0.73,4.05,1.02,1.95,2.59,3.93,4.31,4.25,3.96,2.48,1.5,1.41,1.1,4.66,1.19,1.62,1416,1832,1,5,1.73,0
0.46,0.28,2.66,1.41,3.2,1.07,3.77,0.21,4.0,7.8,2.45,2.74,1.99,2.62,2,6,3,2,39,63,0.87,0.49,0.93,0.07,5.57,1.84,3.84,1.8,2.25,4.84,4.29,3.15,2.19,4.36,4.95,4.97,4.51,3.74,1.55,1927,1962,1,2,1.28,0
0.94,0.12,2.48,2.74,1.75,2.15,1.34,2.2,6.4,2.7,2.54,3.95,3.91,3.64,2,7,0,4,60,43,0.51,0.45,0.97,0.03,2.06,1.63,3.72,3.97,3.5,4.26,3.26,4.07,2.74,3.4,4.08,2.31,1.51,2.39,4.05,1839,1578,0,4,4.21,0
0.67,0.76,1.24,0.85,1.29,2.65,1.36,1.29,3.1,6.3,2.71,2.85,4.15,3.58,5,2,6,0,39,64,0.45,0.54,0.36,0.64,2.52,4.16,3.02,4.22,2.14,3.93,2.4,4.53,2.04,4.98,1.15,4.75,3.19,1.22,2.41,1608,1505,1,2,3.21,2
0.89,0.21,0.52,1.61,2.84,1.02,2.71,1.73,5.1,7.5,1.98,2.53,1.48,2.4,7,6,2,4,65,33,0.62,0.85,0.68,0.32,2.15,3.76,3.97,2.74,1.21,1.99,1.7,2.74,1.82,2.09,4.84,3.18,3.37,3.22,1.8,1492,1961,0,5,4.7,0
0.41,0.69,2.64,1.4,0.83,3.0,1.16,4.49,6.0,6.0,3.03,2.89,4.84,3.95,7,2,3,4,40,59,0.59,0.97,0.79,0.21,4.7,2.76,4.42,4.57,4.34,1.26,4.43,1.57,4.33,3.86,3.59,4.71,2.51,3.04,2.04,2090,1602,1,1,3.16,2
0.17,0.6,0.54,3.23,1.54,3.46,4.22,2.65,3.6,4.8,1.12,2.58,1.77,3.77,6,4,3,6,37,66,0.39,0.86,1.0,0.0,4.8,3.55,4.2,4.57,4.45,1.4,2.5,4.01,1.58,2.8,3.82,4.48,1.7,4.61,3.04,1751,1560,1,3,0.21,0
0.16,0.24,3.19,0.37,1.93,2.77,1.68,4.43,7.1,2.7,2.88,3.26,4.31,4.48,3,4,1,2,40,60,0.81,0.12,0.22,0.78,3.37,4.38,1.33,1.28,3.64,2.12,4.43,4.73,3.38,4.22,4.91,1.52,1.98,3.31,1.14,1920,1429,0,2,0.25,2
0.67,0.68,2.13,2.12,1.13,2.28,1.76,4.25,7.4,6.2,3.68,4.31,1.1,3.58,4,2,1,0,55,42,0.94,0.83,0.19,0.81,5.74,2.22,1.63,4.87,2.03,4.67,2.56,2.01,4.81,2.05,2.23,3.21,3.45,3.96,1.18,1417,2059,1,1,3.38,2
0.66,0.53,1.52,3.18,1.33,1.09,2.09,3.68,3.6,3.0,4.97,1.07,2.49,3.73,4,3,0,4,56,45,0.37,0.17,0.59,0.41,2.77,1.24,4.53,1.15,4.06,2.01,3.14,1.78,2.41,3.03,1.86,4.6,2.39,1.96,2.3,1474,1475,0,2,3.99,0
0.19,0.82,1.86,1.84,1.19,1.45,4.36,3.44,2.5,2.7,4.4,1.34,3.25,1.16,6,6,2,1,60,40,0.98,0.26,0.23,0.77,3.2,3.28,3.84,1.35,4.59,2.5,3.83,3.41,4.89,2.36,2.07,2.43,1.75,2.9,3.79,1753,1769,0,2,1.17,2
0.64,0.89,2.93,1.63,2.12,1.46,3.24,3.24,6.1,5.4,3.17,2.42,2.35,4.34,7,7,1,4,63,35,0.14,0.4,0.63,0.37,3.34,2.92,4.73,1.94,1.11,3.48,4.27,2.13,3.08,4.84,1.55,1.65,2.08,4.76,3.24,1689,1958,0,2,1.46,0
0.62,0.23,1.53,2.44,3.49,2.63,3.61,4.23,5.1,5.4,3.79,2.83,3.89,3.37,4,3,5,4,43,54,0.92,0.15,0.03,0.97,2.2,2.36,1.7,3.88,2.69,1.08,2.6,2.03,4.3,3.36,1.25,1.77,2.27,3.38,3.33,1509,1634,0,2,2.83,2
0.85,0.36,2.75,0.38,2.15,2.7,4.0,3.3,5.4,6.3,2.2,3.22,1.64,3.32,6,7,3,6,36,63,0.8,0.38,0.93,0.07,2.8,3.23,3.49,1.85,2.8,4.36,3.97,2.18,1.61,2.21,4.62,4.59,2.32,2.41,1.85,2040,1734,1,2,0.88,1
0.4,0.56,2.68,1.09,2.85,3.0,3.63,3.74,1.1,7.4,1.72,4.25,2.94,1.93,7,3,2,5,36,66,0.57,0.89,0.54,0.46,4.63,1.9,2.81,4.24,1.67,4.73,3.96,3.77,2.45,2.0,4.76,2.28,3.9,1.11,4.29,1651,2098,1,4,3.76,2
0.89,0.04,3.33,1.34,1.18,3.33,1.33,1.58,4.6,1.3,3.39,4.3,4.6,3.37,5,5,4,3,65,32,0.78,0.59,0.26,0.74,5.43,4.89,4.78,1.38,4.87,2.48,3.97,1.31,3.26,3.53,4.44,3.38,4.31,3.05,1.03,1948,1886,0,5,2.72,2
0.37,0.49,2.97,1.5,2.93,1.13,2.15,2.45,1.0,6.9,1.64,2.21,3.39,2.06,6,7,3,5,43,56,0.7,0.02,0.75,0.25,4.21,3.03,4.39,4.94,3.66,1.82,1.42,2.26,3.92,4.1,2.52,4.09,4.69,4.88,3.19,1778,1926,1,1,2.78,1
0.99,0.12,2.68,2.63,1.58,1.39,2.29,3.41,3.5,4.8,1.66,2.6,1.93,2.33,6,3,4,2,46,56,0.56,0.35,0.87,0.13,2.45,1.88,3.77,2.65,4.18,2.67,3.84,3.48,4.58,3.4,3.21,2.52,3.41,4.52,3.13,1687,1529,0,2,1.36,0
0.19,0.57,0.49,0.98,0.38,2.94,3.55,2.55,7.0,3.5,3.51,4.96,3.49,1.32,4,3,3,6,35,63,0.39,0.29,0.97,0.03,5.91,4.78,1.56,3.99,3.38,4.03,1.62,3.83,2.58,3.26,3.41,1.03,1.68,1.49,3.32,1617,1936,1,1,0.02,2
0.92,0.82,0.63,2.16,2.16,3.42,2.87,1.89,3.5,3.4,4.64,3.04,4.67,3.5,4,7,0,5,62,36,0.64,0.4,0.15,0.85,3.12,2.54,2.51,1.1,2.99,4.37,4.5,3.84,2.3,4.78,2.11,1.2,4.99,2.41,1.11,1911,1660,1,5,2.34,1
0.22,0.68,0.41,3.54,0.69,3.4,4.38,0.99,3.0,3.9,3.13,4.76,3.62,4.01,7,2,6,4,55,47,0.85,0.26,0.05,0.95,5.61,4.01,2.28,2.48,1.28,4.83,2.52,2.8,3.88,4.89,2.94,2.84,1.5,3.73,2.32,1455,1775,1,1,0.9,1
0.1,0.75,1.18,3.64,1.45,0.7,2.65,1.6,4.4,5.2,2.18,2.89,3.93,2.74,2,5,4,5,55,46,0.22,0.91,0.08,0.92,5.96,2.67,4.18,3.4,1.39,1.57,2.29,4.5,1.68,2.01,2.66,4.3,4.07,2.78,3.64,1658,1719,1,3,2.66,0
0.01,0.57,0.55,1.47,2.87,3.13,3.44,3.54,4.7,6.5,1.57,1.07,4.75,1.14,4,4,0,3,49,53,0.43,0.04,0.48,0.52,2.38,3.94,1.81,3.66,1.27,4.94,4.08,2.81,2.73,1.89,1.47,2.2,1.76,2.15,4.27,1948,1470,0,5,1.69,2
0.25,0.9,1.43,0.25,0.6,0.39,2.45,0.77,7.8,5.7,1.46,4.17,4.74,3.67,3,2,1,4,55,46,0.66,0.72,0.21,0.79,2.45,4.69,1.3,4.2,4.53,4.14,2.54,4.12,4.25,2.66,4.38,1.11,4.33,3.32,4.57,2075,1619,0,4,0.01,2
0.07,0.45,0.97,3.27,3.38,2.9,1.14,0.71,4.5,7.9,1.22,3.57,4.11,4.81,6,5,3,6,55,45,0.16,0.12,0.42,0.58,3.0,4.36,4.64,4.57,4.45,4.58,2.96,2.64,1.6,1.4,4.51,2.29,2.94,3.3,2.11,2089,1507,1,4,4.52,0
0.03,0.53,1.27,2.2,0.43,0.22,2.47,1.1,7.4,5.4,2.11,3.05,2.99,3.71,4,3,5,6,59,42,0.88,0.59,0.52,0.48,3.14,4.39,2.84,2.38,4.42,2.43,4.38,3.27,2.93,2.44,2.76,4.53,3.08,4.05,1.65,1995,1870,1,4,1.96,0
0.8,0.55,2.56,1.42,1.39,1.38,3.72,1.8,1.3,2.4,4.97,4.68,1.36,2.57,2,5,0,3,50,48,0.99,0.46,0.65,0.35,4.68,1.27,3.66,3.86,1.7,2.52,4.49,4.26,2.48,3.49,4.64,1.43,3.32,4.85,3.67,1847,1904,1,5,4.1,1
0.96,0.81,1.65,2.89,0.26,1.35,3.05,0.54,2.4,1.8,1.39,4.39,2.97,2.29,6,6,6,2,41,58,0.86,0.6,0.81,0.19,4.98,4.13,4.33,1.92,3.14,4.64,1.06,2.09,3.22,1.07,3.52,1.5,1.63,3.74,2.91,1556,1684,1,2,3.86,0
0.47,0.11,1.48,0.53,0.34,2.37,2.72,2.43,6.3,6.6,2.11,4.22,1.67,2.97,6,4,6,3,58,41,0.21,0.88,0.55,0.45,5.91,2.03,3.77,4.0,1.75,3.74,4.52,4.48,2.7,2.41,4.25,3.92,2.64,1.34,2.78,1744,2069,1,5,1.48,1
0.3,0.32,1.42,1.35,2.84,3.43,0.87,3.86,3.1,4.0,4.89,1.36,2.73,3.55,7,3,3,2,47,51,0.4,0.54,0.37,0.63,4.63,1.55,1.21,4.62,2.06,1.58,1.15,4.96,1.18,4.22,3.6,2.98,2.2,3.67,4.82,2001,2042,1,2,4.94,2
0.86,0.07,1.87,2.42,0.42,1.37,1.12,0.98,1.8,4.0,4.78,4.08,2.17,1.82,4,4,3,4,36,67,0.45,0.1,0.7,0.3,3.61,4.19,2.33,4.7,3.25,2.04,2.06,3.63,2.25,3.81,2.54,4.97,2.18,2.19,1.92,1416,1412,0,2,3.89,2
0.14,0.14,3.55,1.66,2.61,0.69,4.23,3.77,6.6,2.5,3.67,3.33,4.52,1.36,3,3,1,5,58,41,0.92,0.54,0.26,0.74,5.44,4.19,2.51,2.11,4.33,1.83,2.23,3.05,3.84,4.79,3.7,2.63,4.6,3.19,4.07,1460,1858,0,1,0.45,2
0.02,0.14,2.86,2.5,1.29,3.17,0.65,2.01,3.2,4.7,3.21,2.79,4.11,1.76,7,2,1,0,61,40,0.34,0.66,0.55,0.45,3.97,2.07,4.86,3.91,4.22,3.7,1.84,4.85,3.66,1.85,4.86,4.6,4.89,1.39,1.49,1785,1732,1,2,0.84,2
0.67,0.01,1.33,1.92,3.39,1.65,4.12,2.45,5.8,7.4,1.74,3.72,2.91,1.74,2,5,2,2,45,53,0.33,0.94,0.12,0.88,2.0,4.43,4.58,4.93,4.63,4.16,1.64,1.81,3.71,4.87,2.24,4.19,1.53,2.67,1.64,1782,1943,1,2,0.22,0
0.61,0.29,2.04,2.24,1.95,2.78,0.55,0.36,1.8,7.6,4.92,2.8,4.21,3.66,4,6,6,0,51,47,0.26,0.89,0.52,0.48,3.08,3.71,1.08,1.85,3.48,2.95,1.16,1.95,3.84,3.31,2.4,2.23,4.44,1.62,2.05,1602,1782,0,3,4.06,2
0.49,0.35,0.26,2.23,1.36,2.96,0.88,0.52,4.9,2.7,3.74,2.92,4.9,4.64,5,4,5,1,56,47,0.49,0.03,0.13,0.87,5.1,4.86,2.82,4.35,1.36,2.8,3.88,3.43,3.87,3.26,2.69,2.8,1.95,4.32,3.97,1496,2088,1,4,3.25,2
0.78,0.21,2.43,0.69,1.44,2.66,1.28,4.19,4.5,3.7,2.94,4.78,4.09,4.42,3,2,5,2,64,35,0.75,0.01,0.05,0.95,3.16,4.27,1.01,2.3,4.4,4.36,3.25,3.18,4.12,1.01,3.22,3.61,4.3,4.27,2.5,1923,1728,1,4,1.15,2
0.35,0.87,0.68,2.33,2.34,3.01,2.85,3.11,1.4,5.2,3.72,4.26,1.48,1.67,5,4,5,4,49,52,0.2,0.68,0.41,0.59,2.71,4.72,4.04,4.59,2.52,1.08,1.38,1.92,1.59,1.69,3.03,2.0,4.32,1.27,3.19,2053,1889,1,2,3.36,1
0.4,0.9,2.45,2.73,0.42,1.61,0.54,1.24,2.1,4.4,4.59,4.42,3.67,4.13,4,5,0,1,54,44,0.53,0.09,0.9,0.1,3.03,4.43,2.66,4.56,3.02,1.06,1.14,2.72,1.78,4.78,3.48,4.46,1.25,1.63,2.61,2007,1493,0,4,1.26,2
0.43,0.88,1.3,2.52,0.45,1.53,2.04,4.37,4.4,3.2,2.06,4.85,4.24,1.58,4,6,6,3,55,44,0.37,0.78,0.74,0.26,2.39,1.07,2.44,1.69,3.25,1.22,1.7,1.81,4.46,1.24,2.96,1.3,2.43,4.21,1.67,1798,1475,0,5,4.77,0
0.1,1.0,1.71,3.51,3.26,2.2,1.19,4.03,7.9,5.2,1.68,3.01,3.86,3.77,2,4,2,0,54,49,0.3,0.55,0.15,0.85,4.07,2.58,2.8,3.58,1.07,4.94,2.74,3.61,2.04,1.72,3.09,1.48,1.22,4.62,3.92,2021,1698,1,5,3.79,0
0.7,0.01,2.36,3.05,1.89,1.81,3.14,4.12,4.1,4.7,2.13,4.19,2.99,4.4,3,2,0,0,58,40,0.74,0.69,0.57,0.43,5.52,2.08,4.82,1.24,3.92,4.21,2.09,1.86,4.34,3.89,2.02,1.3,4.65,2.32,2.71,1402,1401,1,1,0.16,0
0.43,0.76,1.13,0.95,2.23,3.23,0.89,1.01,4.0,4.6,2.67,4.6,2.8,3.18,6,3,3,3,59,42,0.78,0.48,0.01,0.99,5.16,2.79,2.44,4.37,3.92,4.25,3.24,1.01,1.23,4.37,3.22,1.97,4.43,2.84,3.41,2006,1829,0,1,2.7,1
0.13,0.88,2.53,2.21,2.64,2.98,3.48,1.8,4.4,6.8,3.25,4.65,1.08,2.79,3,6,5,4,64,34,0.45,0.26,0.18,0.82,5.22,2.36,3.34,1.31,2.76,2.43,3.81,4.7,4.17,4.5,3.85,3.69,4.88,4.2,4.33,1550,1691,1,5,2.44,0
0.15,0.47,1.49,0.71,1.67,1.6,4.21,1.5,2.1,7.7,3.46,1.42,3.06,4.25,5,2,3,1,37,66,0.45,0.7,0.56,0.44,3.32,1.1,4.81,4.61,4.87,2.28,3.04,2.78,2.4,4.71,1.57,2.37,1.56,1.5,4.69,2029,2019,1,2,3.85,0
0.99,0.11,1.44,3.24,1.55,1.83,3.53,3.44,4.8,7.5,4.62,2.04,3.39,1.47,4,3,6,1,60,37,0.99,0.22,0.09,0.91,4.0,4.35,2.5,2.76,4.91,3.97,4.14,1.49,2.27,3.17,2.93,1.99,3.75,1.7,1.35,1690,1941,1,1,4.49,2
0.61,0.65,2.44,3.22,1.47,3.37,3.1,1.57,7.1,6.9,4.12,1.76,2.55,1.37,4,6,6,6,61,40,0.98,0.26,0.39,0.61,3.64,1.49,4.61,2.74,1.7,2.02,2.94,2.7,4.28,3.64,4.99,2.3,1.1,3.77,3.96,1832,2077,1,2,3.24,2
0.53,0.76,0.33,1.66,1.95,0.75,1.39,0.44,2.7,7.4,4.68,2.27,2.87,4.42,3,3,3,0,43,56,0.66,0.45,0.02,0.98,5.15,2.04,4.37,2.18,1.23,3.79,3.88,2.38,1.55,3.21,4.02,3.8,4.7,2.79,3.62,1726,1465,0,3,0.44,0
0.72,0.2,3.27,2.58,0.62,3.46,4.42,3.11,5.4,2.8,4.46,3.92,1.66,1.63,3,4,4,4,57,44,0.11,0.48,0.37,0.63,4.92,4.18,3.99,3.49,2.38,4.56,3.18,4.67,4.28,4.77,4.48,2.12,4.09,3.44,3.48,1723,2065,0,5,4.84,2
0.83,0.13,1.04,1.12,1.94,0.3,3.55,3.0,7.7,6.9,3.92,2.19,3.45,1.81,3,5,0,6,62,35,0.65,0.86,0.68,0.32,5.59,2.09,2.67,3.2,2.48,1.53,3.73,2.95,1.76,4.58,4.64,4.54,4.06,3.15,2.33,1457,1515,1,1,2.27,2
0.11,0.67,1.15,2.13,2.02,3.08,1.56,2.2,4.0,3.6,1.66,1.57,1.19,1.35,7,5,4,0,57,41,0.89,0.97,0.23,0.77,2.32,4.6,3.32,4.12,3.27,4.18,1.27,2.9,2.29,4.65,3.33,1.61,2.26,3.06,2.2,2086,1619,1,2,0.26,2
0.18,0.78,0.74,3.27,2.17,0.96,1.58,0.43,6.6,4.0,3.14,1.36,2.99,1.68,2,5,3,0,59,42,0.43,0.58,0.32,0.68,5.52,4.62,4.09,1.26,2.02,2.01,2.16,2.1,1.28,3.74,3.6,3.51,4.24,3.64,1.97,1534,2082,1,3,2.28,0
0.86,0.21,0.67,3.09,1.16,0.88,1.91,1.86,4.9,1.4,2.48,2.17,3.31,3.48,7,3,6,0,37,65,0.88,0.66,0.49,0.51,2.12,3.68,4.78,2.74,2.5,2.99,3.07,1.1,4.28,4.92,3.32,2.38,3.12,4.34,2.06,1478,1467,0,3,4.03,0
0.06,0.25,1.89,2.8,2.37,0.32,0.26,1.88,6.1,5.0,1.78,4.35,4.72,3.46,3,7,1,3,64,33,0.71,0.38,0.76,0.24,4.59,4.63,4.27,2.26,1.77,4.28,1.36,2.55,3.06,2.32,4.41,2.43,1.19,4.86,1.64,2008,1935,0,2,3.27,0
0.5,0.74,3.55,1.52,1.29,2.81,0.69,1.99,3.5,6.5,1.89,1.9,3.77,4.61,3,7,5,0,42,61,0.49,0.11,0.08,0.92,3.36,1.19,4.11,3.44,3.56,4.06,4.08,1.35,4.32,2.96,3.02,2.87,1.93,4.34,4.1,1938,1568,1,3,4.99,1
0.88,0.63,1.04,3.66,3.27,2.76,2.17,1.84,3.9,5.6,2.43,1.85,1.45,1.77,7,5,5,4,56,46,0.44,0.7,0.69,0.31,2.76,4.64,1.74,2.58,4.26,2.69,3.74,1.87,3.01,2.4,4.28,1.99,3.39,4.05,4.74,2045,1762,1,2,3.31,0
0.0,0.13,1.67,2.08,2.08,1.2,4.2,2.9,2.5,6.3,4.93,1.37,4.78,1.73,7,4,3,4,48,55,0.18,0.51,0.59,0.41,3.32,1.9,2.99,4.89,1.68,1.09,3.56,4.22,2.52,1.02,2.01,4.71,4.69,2.87,1.99,1522,1874,1,5,1.2,2
0.99,0.37,3.33,2.31,2.3,3.39,0.72,0.58,2.3,6.7,4.54,1.84,3.95,1.4,3,2,6,4,35,62,0.07,0.75,0.87,0.13,3.91,2.89,1.69,2.93,3.31,1.5,1.61,4.93,3.74,4.35,1.49,3.84,4.29,4.13,3.21,1624,1674,0,3,0.35,2
0.83,0.48,3.18,2.04,3.26,2.56,2.08,1.77,4.7,6.5,2.28,2.04,1.92,3.03,7,4,1,2,41,59,0.39,0.89,0.29,0.71,3.47,3.63,2.46,2.31,4.25,2.92,4.44,1.96,1.86,3.02,1.02,2.39,2.27,2.38,1.53,1788,2009,1,4,3.49,0
0.22,0.36,1.34,1.6,0.7,1.85,2.2,2.53,2.7,6.6,4.05,2.76,3.35,2.94,4,5,0,2,60,39,0.75,0.25,0.1,0.9,3.81,4.61,3.3,1.79,4.29,2.06,4.59,1.01,3.8,2.51,3.55,1.32,3.27,4.23,4.33,1847,1761,0,2,2.08,2
0.38,0.01,2.77,3.02,0.41,3.21,3.61,3.4,2.4,8.0,4.36,3.19,4.27,3.24,6,5,0,5,45,57,0.72,0.47,0.67,0.33,4.49,2.39,4.05,2.26,2.28,2.84,4.51,1.99,4.47,1.63,3.45,1.16,4.47,4.79,3.6,1996,1696,1,3,0.1,2
0.56,0.98,0.5,1.12,1.3,1.99,2.37,2.95,5.0,5.2,2.81,1.02,3.96,2.78,3,3,5,6,47,53,0.12,0.1,0.64,0.36,5.04,4.37,4.83,2.13,4.8,2.59,4.8,1.57,2.01,2.37,1.04,4.46,4.15,1.33,3.94,2048,1624,1,3,1.65,1
0.86,0.34,1.18,2.11,0.32,1.38,0.6,0.58,5.9,5.7,4.0,3.82,2.12,3.3,2,3,2,4,39,59,0.78,0.95,0.0,1.0,5.12,4.85,1.33,3.12,1.06,2.85,4.43,4.68,4.31,2.23,3.19,3.36,3.34,1.27,4.68,2066,1402,1,1,1.95,2
0.64,0.85,0.99,0.72,0.23,1.54,4.15,2.05,2.9,1.5,1.36,1.49,3.25,3.15,6,2,0,2,36,66,0.35,0.98,0.32,0.68,4.95,2.56,2.01,3.24,4.0,1.86,3.17,4.87,4.18,2.1,3.63,1.55,1.68,1.28,2.51,1679,1888,1,3,1.66,1
0.7,0.94,3.57,1.68,0.74,2.45,1.71,1.87,5.1,4.6,3.62,4.28,2.77,4.39,4,4,1,1,43,56,0.42,0.56,1.0,0.0,3.97,2.23,4.07,4.8,3.24,3.02,2.07,1.31,3.77,3.63,1.88,1.12,2.85,4.94,1.9,2000,2049,1,4,2.9,1
0.04,0.54,3.48,3.31,1.17,2.72,2.18,3.35,7.2,3.3,2.13,4.64,1.51,3.26,4,3,3,2,36,62,0.2,0.21,0.59,0.41,5.23,2.42,3.83,1.1,1.18,3.28,4.32,2.8,2.27,3.46,2.08,2.45,3.09,4.53,2.02,1811,2028,0,1,4.67,0
0.12,0.33,2.16,0.67,0.96,0.72,0.34,1.75,1.4,2.8,4.68,1.36,4.4,1.86,7,7,1,3,62,39,0.65,0.32,0.05,0.95,3.82,2.55,4.99,2.39,4.7,1.11,3.95,2.3,2.6,3.47,2.31,4.62,1.84,2.47,2.67,1831,1828,1,4,3.73,2
0.69,0.47,3.26,1.22,2.43,0.67,0.26,2.17,1.1,6.6,2.76,4.75,4.45,1.89,6,6,5,1,40,59,0.93,0.25,0.07,0.93,5.57,4.39,1.82,3.32,2.75,1.94,3.13,3.71,1.08,2.79,4.57,3.42,4.36,4.07,1.13,1454,1753,1,4,1.67,2
0.57,0.85,1.37,0.68,0.78,2.82,4.12,1.34,8.0,7.4,3.55,1.33,2.05,2.9,6,7,4,2,53,48,0.96,0.9,0.47,0.53,4.44,3.65,2.76,4.62,2.76,1.6,1.32,2.54,2.08,1.59,1.34,1.37,1.57,2.58,1.47,2090,1915,0,5,1.5,2
0.28,0.19,0.96,1.01,0.69,2.09,2.3,3.93,6.3,7.4,2.3,2.85,4.79,2.86,2,2,5,4,41,58,0.57,0.69,0.97,0.03,3.78,2.16,4.64,1.14,3.05,4.2,3.42,2.05,1.62,2.28,3.76,1.18,1.6,3.61,3.99,1699,1425,1,2,2.21,0
0.44,0.34,0.93,0.91,0.34,1.21,1.83,1.67,4.6,7.3,3.26,3.82,1.49,2.2,7,3,3,0,46,57,0.27,0.41,0.5,0.5,3.51,4.35,2.68,3.74,4.91,1.2,2.74,4.8,3.22,3.96,4.63,4.03,2.78,4.58,2.26,1744,1794,1,3,4.86,1
0.45,0.02,3.06,2.47,1.81,3.43,4.24,0.21,7.9,6.2,4.01,3.14,3.6,2.32,7,6,6,0,49,54,0.62,0.8,0.14,0.86,4.34,2.42,1.53,4.42,3.38,3.51,1.29,4.27,3.09,1.17,2.96,3.31,3.81,3.06,4.32,1967,1848,1,2,4.23,2
0.99,0.14,2.48,2.38,1.18,2.58,4.5,2.02,4.5,7.1,4.68,2.0,2.69,2.07,7,2,2,2,48,49,0.06,0.12,0.01,0.99,3.18,3.47,1.77,2.0,4.21,3.01,1.39,4.77,4.73,3.2,1.84,2.89,3.27,4.0,3.46,2090,1498,1,1,2.17,2
0.8,0.43,2.33,1.85,0.28,2.07,0.74,1.64,3.8,1.8,1.39,2.29,1.39,1.75,2,7,3,5,36,66,0.76,0.91,0.09,0.91,2.82,1.94,2.0,1.62,3.78,2.13,3.03,3.97,2.13,1.81,1.38,1.71,2.24,4.41,2.96,2097,1809,0,3,2.51,1
0.47,0.03,2.96,3.13,1.55,3.14,3.46,1.25,1.1,6.0,4.27,1.25,1.62,4.24,4,7,4,6,65,37,0.4,0.15,0.71,0.29,5.39,4.47,2.33,4.14,2.01,1.52,3.31,4.69,4.76,4.7,1.42,1.94,2.97,4.78,2.96,1411,2014,0,1,0.95,2
0.2,0.4,0.34,2.33,1.14,0.47,3.8,3.28,1.7,6.9,1.37,4.85,3.36,4.36,3,3,0,1,60,43,0.08,0.49,0.04,0.96,3.39,2.89,2.6,1.8,1.42,3.41,1.37,4.5,3.79,3.23,3.26,4.51,3.97,3.12,3.84,1669,1855,1,5,3.18,0
0.57,0.41,2.58,1.12,0.31,2.24,2.7,3.41,2.7,3.3,2.84,1.98,2.31,1.8,6,4,4,2,37,65,0.23,0.18,0.93,0.07,4.52,3.95,1.35,4.91,2.29,1.69,3.38,4.55,4.42,1.64,3.52,4.43,2.3,1.16,2.89,1619,1401,0,5,0.65,2
0.28,0.36,2.51,1.31,2.09,2.3,3.81,4.4,7.3,7.8,3.01,1.49,2.23,1.54,4,7,0,0,64,37,0.38,0.29,0.8,0.2,3.65,1.68,2.91,4.69,2.89,3.43,4.32,2.56,4.19,1.05,2.18,4.16,4.78,1.59,1.63,1940,1512,1,1,3.99,2
1.0,0.97,1.98,2.91,0.49,0.8,1.02,3.17,1.1,2.5,4.45,1.19,1.2,2.27,3,3,0,2,37,63,0.27,0.25,0.39,0.61,3.71,3.09,3.6,4.33,3.2,4.8,3.23,4.02,1.1,2.85,4.01,2.83,2.48,2.38,1.24,1649,2083,1,2,3.06,2
0.84,0.56,0.31,1.24,1.63,0.91,4.47,4.46,1.1,5.5,1.15,2.98,3.4,4.74,5,2,3,5,60,39,0.56,0.01,0.87,0.13,4.23,2.98,2.35,1.42,3.95,4.58,3.25,1.0,3.53,4.99,2.89,3.98,2.52,4.81,4.69,1792,1771,1,1,3.93,0
0.06,0.75,0.4,2.89,0.72,0.69,4.34,0.87,7.5,2.0,4.97,4.33,1.65,1.41,2,4,5,3,61,38,0.13,0.45,0.15,0.85,5.4,3.47,2.98,4.08,1.27,1.23,3.93,2.04,4.17,3.84,2.79,1.29,1.11,3.94,4.16,1491,1618,1,5,1.31,1
0.88,0.15,2.6,2.08,1.03,3.4,3.36,4.45,2.6,4.4,1.67,1.95,2.85,4.58,3,4,4,1,49,49,0.41,0.89,0.52,0.48,3.08,3.2,1.82,2.6,3.85,4.9,4.79,4.74,1.29,4.54,4.64,4.55,1.38,3.24,1.95,1959,1652,0,4,3.07,2
0.67,0.96,0.28,2.67,1.12,1.18,2.57,3.96,3.9,1.1,2.97,1.61,4.06,3.81,5,6,6,6,65,33,0.22,0.3,0.18,0.82,5.89,3.53,2.09,2.56,2.58,2.07,1.28,2.51,2.88,4.13,1.95,2.38,3.59,2.85,2.31,2065,1707,0,1,2.53,1
0.03,0.2,3.01,2.72,2.96,0.23,3.92,1.78,2.0,4.4,3.94,1.05,1.57,1.43,2,3,3,6,64,37,0.86,0.2,0.05,0.95,4.39,1.45,3.99,2.9,2.98,3.79,4.33,1.27,1.4,3.54,2.49,1.66,4.18,1.0,4.91,2040,1800,0,4,0.9,0
0.98,0.63,2.55,0.54,2.97,1.84,0.83,1.51,7.4,4.2,2.92,1.36,1.53,1.8,7,7,1,6,47,53,0.84,0.6,0.11,0.89,4.39,3.3,2.14,4.44,2.06,3.03,2.87,1.86,4.73,1.11,3.5,1.5,4.01,3.03,2.43,1746,1683,0,2,3.56,2
0.21,0.16,0.7,1.44,1.46,2.4,2.87,3.61,7.6,5.4,1.38,1.63,4.23,3.6,3,4,1,0,38,62,0.6,0.87,0.65,0.35,3.28,1.55,2.49,1.74,3.96,4.7,3.94,2.22,2.56,1.2,4.86,3.62,2.39,1.04,4.64,1691,1918,1,5,0.87,0
0.87,0.35,3.24,0.26,2.03,2.05,1.29,1.82,4.2,1.0,2.16,2.51,1.51,4.37,7,3,2,6,55,47,0.05,0.11,0.8,0.2,4.95,3.43,1.86,3.61,4.79,4.76,4.38,4.64,3.62,2.79,2.09,2.1,2.96,4.12,2.42,1794,1931,1,4,1.85,1
0.61,0.74,0.73,2.58,1.33,2.19,3.61,1.89,1.3,5.9,2.34,3.27,4.1,1.21,6,5,5,5,58,41,0.47,0.21,0.47,0.53,2.89,3.95,1.09,1.51,4.96,4.38,4.73,2.65,3.05,4.74,1.91,1.83,4.36,1.77,2.41,1647,1915,0,3,3.58,1
0.44,0.32,3.34,0.21,2.93,2.53,3.26,0.72,6.4,2.5,4.43,1.04,3.4,2.78,6,6,0,0,63,40,0.67,0.72,0.15,0.85,3.19,2.21,4.94,2.83,2.75,1.62,1.07,2.26,4.52,1.89,1.6,2.05,3.61,1.64,2.73,1796,1615,0,2,1.01,2
0.31,0.99,1.53,2.27,2.4,0.89,2.69,1.75,3.8,7.4,2.12,3.33,2.16,2.6,7,6,0,6,56,47,0.87,0.17,0.09,0.91,2.31,3.1,3.87,3.0,2.9,3.55,2.33,2.04,3.09,1.04,1.66,2.63,2.67,2.9,3.4,1858,1818,1,2,0.66,0
0.11,0.85,3.67,2.37,3.13,1.1,3.64,0.49,2.0,6.0,4.45,1.37,1.44,3.74,7,3,4,0,46,53,0.34,0.31,0.3,0.7,4.92,2.2,3.31,4.34,4.09,4.83,3.55,1.55,4.67,3.57,4.37,1.07,2.58,3.37,4.18,1470,2014,0,4,4.24,0
0.14,0.21,0.52,3.07,3.47,0.82,1.45,1.56,2.8,7.6,4.53,1.97,2.73,3.12,6,6,4,4,37,61,0.18,0.24,0.97,0.03,5.47,3.28,1.94,1.35,3.78,4.63,3.49,2.86,1.62,2.62,1.28,2.18,1.26,4.43,1.26,1816,1883,1,3,2.46,0
0.0,0.32,0.56,2.03,0.66,0.8,1.48,1.2,1.9,5.4,3.04,3.22,1.19,1.48,7,7,4,6,57,45,0.82,0.72,0.81,0.19,3.86,3.98,1.67,1.55,2.17,1.25,2.82,3.75,3.13,1.35,2.42,2.35,4.82,2.34,3.82,1941,2072,1,2,0.16,1
0.39,0.24,0.86,1.65,2.46,2.4,0.63,0.86,6.3,4.8,1.18,4.84,1.32,4.34,7,3,4,1,42,60,0.5,0.17,0.41,0.59,3.13,1.46,1.26,4.08,3.52,2.87,3.59,1.75,1.68,2.56,2.94,4.87,3.83,3.01,3.69,2095,1761,0,4,1.08,0
0.77,0.48,0.89,2.17,2.13,2.35,1.23,3.64,4.3,7.3,2.71,2.61,2.7,4.25,5,5,2,2,51,51,0.16,0.62,0.07,0.93,4.22,1.96,3.03,2.14,3.61,1.64,3.52,4.57,1.47,3.23,1.43,4.74,2.25,1.36,4.0,1749,2091,1,3,2.94,0
0.87,0.08,2.63,3.65,0.7,2.24,4.15,1.42,6.7,2.8,3.11,2.51,1.89,2.46,3,5,0,3,48,52,0.35,0.64,0.05,0.95,2.72,2.76,2.12,4.67,1.48,3.89,2.75,1.58,2.67,2.67,1.89,4.22,1.35,4.32,2.53,1879,1548,1,2,0.64,2
0.43,0.39,1.28,1.52,0.45,0.67,1.23,3.53,7.9,4.3,3.34,3.13,2.43,3.4,6,6,0,2,61,39,0.3,0.44,0.71,0.29,3.75,1.99,1.79,4.61,4.93,2.74,1.36,1.81,4.2,3.97,4.15,4.24,3.32,1.47,4.09,2093,1559,0,5,0.15,1
0.92,0.8,2.88,3.18,0.69,2.16,3.15,4.33,6.4,3.8,1.13,4.19,1.69,2.98,7,4,6,2,49,53,0.9,0.89,0.9,0.1,4.02,1.94,1.67,3.23,2.17,4.72,1.41,2.6,3.05,3.31,2.44,1.06,4.5,1.27,2.52,1772,1720,1,5,1.56,0
0.06,0.52,3.8,1.19,1.61,2.82,1.2,1.4,7.1,1.1,3.87,4.08,4.4,1.79,6,3,1,6,54,49,0.2,0.44,0.81,0.19,3.58,4.73,1.75,3.58,3.42,4.06,3.43,4.12,2.34,2.33,4.51,2.61,1.03,4.66,2.78,1850,1942,1,1,0.46,2
0.84,0.47,1.28,1.81,0.48,1.23,0.76,3.28,8.0,3.0,1.33,4.59,2.52,2.88,3,5,5,3,35,67,0.52,0.23,0.42,0.58,4.45,2.51,1.82,2.1,1.15,4.2,2.17,1.48,2.33,2.46,1.25,1.78,1.06,1.97,1.97,2095,1809,0,3,4.23,0
0.11,0.47,3.51,1.49,0.4,1.92,0.53,2.53,3.1,1.3,4.18,4.14,3.22,3.13,2,3,6,2,45,56,0.47,0.86,0.49,0.51,2.29,3.88,3.68,1.44,4.18,2.43,4.77,4.29,1.92,3.7,3.8,3.94,1.44,4.16,3.01,1625,2072,1,2,4.98,1
0.5,0.75,1.03,2.48,2.86,0.89,4.08,3.27,6.1,1.3,1.68,3.33,4.92,2.85,5,5,3,6,57,45,0.68,0.31,0.75,0.25,4.71,3.42,3.92,4.71,2.09,3.6,1.96,2.39,1.47,4.93,4.83,1.75,2.55,1.81,4.67,1700,1703,0,4,3.39,1
0.23,0.65,0.89,1.14,1.51,1.12,1.21,0.62,1.0,7.7,2.69,2.39,3.14,4.09,7,2,1,5,62,38,0.39,0.49,0.11,0.89,3.97,1.81,2.43,2.67,1.1,4.6,2.6,4.48,1.34,4.19,1.87,1.87,1.88,4.81,1.19,1590,1937,0,3,0.52,1
0.57,0.15,0.7,2.1,3.08,0.5,3.54,1.13,3.9,3.4,1.11,1.32,2.66,2.92,4,4,2,5,40,60,0.45,0.65,0.93,0.07,5.27,3.33,1.15,3.33,3.78,2.91,1.89,3.48,3.73,3.21,4.02,4.65,1.33,3.84,3.49,1953,1494,1,3,2.25,0
0.05,0.07,0.7,2.59,0.61,2.13,2.59,0.37,3.8,5.7,2.13,1.55,4.41,1.06,4,2,0,5,58,39,0.24,0.93,0.05,0.95,4.89,2.34,3.5,1.55,3.16,1.66,2.61,2.99,1.0,1.44,3.6,1.74,2.3,4.87,3.55,1842,2059,0,5,1.51,1
0.93,0.82,0.42,0.24,1.71,3.18,2.29,1.69,6.4,2.6,4.42,1.21,1.62,1.29,5,7,1,5,38,63,0.83,0.38,0.41,0.59,3.9,4.15,2.9,1.58,4.22,4.69,3.25,4.87,2.26,4.93,1.82,1.08,1.34,4.24,2.98,1413,1917,1,5,2.76,2
0.57,0.88,3.72,0.54,2.25,1.3,3.48,2.79,5.1,3.0,1.59,3.75,4.51,1.49,5,2,6,6,39,60,0.62,0.39,0.92,0.08,4.4,4.24,2.65,2.67,4.79,3.5,1.47,4.55,4.53,1.26,2.7,2.78,3.01,3.96,2.2,1945,1924,0,4,0.78,2
0.88,0.99,1.89,1.85,0.98,0.78,4.37,1.75,2.9,7.4,3.01,2.54,4.24,1.3,4,5,2,6,45,54,0.27,0.24,0.82,0.18,3.54,4.86,3.96,3.69,3.57,4.41,2.41,4.16,3.0,3.37,4.66,2.19,2.81,1.44,2.71,1666,1418,1,1,3.05,2
0.42,0.7,0.43,3.74,0.42,2.11,3.63,3.12,6.0,7.4,1.93,3.74,1.82,4.42,4,5,6,0,40,63,0.52,0.34,0.56,0.44,4.29,1.49,3.8,1.36,3.22,4.97,3.44,2.93,4.3,4.61,4.48,2.3,4.48,2.99,3.6,2050,1646,1,4,1.06,0
0.49,0.69,1.96,0.34,0.82,1.38,2.0,0.58,5.5,4.3,4.7,2.98,2.68,2.09,4,6,6,0,35,63,0.27,0.65,0.06,0.94,5.85,1.04,2.73,1.25,1.55,3.21,4.73,4.92,4.45,3.42,3.93,2.02,4.25,3.21,1.22,1721,1480,0,5,1.1,2
0.4,0.52,2.85,1.21,3.34,3.23,1.65,1.54,6.6,5.0,3.54,3.63,3.27,3.17,4,4,4,2,36,62,0.37,0.46,0.44,0.56,2.61,1.98,4.05,2.35,3.69,3.36,2.75,1.69,4.74,3.24,2.64,3.51,1.68,1.77,4.51,1450,2029,0,1,2.15,0
0.83,0.44,1.79,1.74,1.12,3.11,4.08,0.78,5.9,6.3,4.01,1.42,4.59,3.91,2,4,3,6,36,65,0.51,0.87,0.69,0.31,2.34,4.88,2.21,1.68,2.76,4.8,3.94,1.9,4.27,1.98,3.78,1.69,1.13,1.73,3.11,1610,1958,0,4,0.1,2
0.82,0.77,0.52,1.24,1.18,3.1,3.25,0.92,1.7,5.0,4.11,2.85,1.3,4.74,4,5,0,1,56,44,0.47,0.34,0.45,0.55,4.99,1.55,2.89,3.13,4.41,2.47,1.27,2.79,4.37,3.93,3.45,1.35,1.51,4.35,3.79,1777,1877,1,2,3.51,0
0.62,0.69,1.8,2.83,0.99,0.34,1.66,4.26,1.4,6.4,1.12,3.52,1.29,2.24,5,6,5,2,52,45,0.24,0.19,0.97,0.03,2.87,4.46,4.64,1.46,2.68,3.06,3.91,4.6,2.9,1.87,4.26,4.81,3.4,1.75,3.13,1985,2070,1,5,3.68,0
0.08,0.82,1.12,0.28,0.64,0.74,2.48,1.17,5.1,7.2,1.86,3.63,1.86,4.23,3,4,3,3,47,51,0.62,0.84,0.45,0.55,4.16,1.03,2.51,3.83,4.18,3.06,4.93,2.74,4.05,1.03,1.17,4.35,4.66,4.24,4.63,2044,1947,0,5,1.79,0
0.53,0.39,0.95,2.36,0.72,2.46,2.78,2.9,7.4,5.4,1.53,4.12,2.42,2.13,4,3,2,1,36,62,0.2,0.32,0.63,0.37,5.81,3.62,3.05,1.25,4.37,1.92,4.11,4.68,4.08,3.74,4.26,3.06,3.63,4.56,1.13,2039,1919,1,3,3.1,0
0.64,0.35,1.94,3.46,0.83,2.14,2.08,1.54,4.1,1.1,1.14,1.25,4.2,4.58,2,4,2,4,47,51,0.33,0.53,0.27,0.73,3.92,1.28,4.74,1.08,2.75,4.1,4.04,3.72,3.25,2.98,2.35,3.01,1.74,4.94,1.03,2040,1928,1,3,2.24,0
0.44,0.83,2.66,2.37,3.13,2.99,2.71,2.82,5.8,6.9,4.15,1.42,1.21,3.63,7,4,4,6,60,42,0.44,0.66,0.78,0.22,2.7,1.29,2.46,3.12,2.71,3.53,2.4,3.19,4.01,3.83,2.82,2.63,1.64,4.12,3.8,2011,1841,0,5,0.45,1
0.15,0.45,3.76,1.5,2.25,3.42,3.14,2.87,1.7,6.5,3.01,3.49,4.07,4.55,4,7,2,6,41,61,0.99,0.97,0.61,0.39,5.76,2.84,2.37,3.34,2.51,2.61,3.8,3.67,2.55,1.67,4.23,4.44,1.88,1.6,2.93,1837,1515,1,2,3.77,2
0.34,0.96,0.63,1.7,1.73,1.51,3.25,0.47,7.4,2.2,1.79,1.7,3.07,4.96,4,4,0,0,40,62,0.98,0.25,0.71,0.29,5.32,3.33,4.85,4.41,2.82,3.79,4.0,1.87,3.72,2.82,3.88,3.27,4.27,2.49,4.53,1651,1653,1,4,4.62,0
0.93,0.19,3.19,2.01,0.38,1.3,2.63,0.94,3.8,7.2,1.7,2.08,3.37,4.59,6,5,0,5,47,54,0.52,0.39,0.18,0.82,5.48,2.0,1.02,2.61,1.99,2.41,2.93,4.74,2.97,3.87,4.26,3.66,3.48,1.82,1.05,1424,1523,0,4,2.68,2
0.94,0.98,2.72,0.34,0.38,2.08,2.33,4.18,6.7,6.8,3.76,1.53,4.25,4.69,2,7,4,3,44,57,0.46,0.0,0.7,0.3,3.51,1.78,3.86,1.6,2.87,4.65,4.34,4.84,3.69,3.09,2.16,4.46,2.17,1.88,2.31,1897,1628,0,1,1.5,2
0.85,0.08,1.38,3.56,1.74,2.52,3.17,2.45,1.4,5.8,2.51,1.16,3.48,2.47,4,2,6,4,60,41,0.62,0.27,0.16,0.84,5.79,3.84,2.59,2.64,4.44,3.79,4.11,3.81,3.95,1.03,3.03,1.68,3.69,2.26,1.14,1782,1619,1,2,2.58,2
0.88,0.09,1.05,1.02,0.52,0.97,1.16,3.36,5.1,6.1,2.08,2.4,3.63,1.1,4,3,3,0,44,56,0.94,0.39,0.24,0.76,4.21,4.9,4.83,1.0,3.3,4.83,1.39,3.61,1.52,3.48,4.1,2.14,4.87,2.88,3.97,1630,1718,1,2,1.69,2
0.36,0.9,3.32,1.31,0.34,1.77,2.19,0.83,6.1,3.0,3.04,4.32,3.13,4.36,4,4,1,5,55,43,0.67,0.05,0.94,0.06,2.93,4.44,3.09,4.51,3.31,2.84,4.55,2.32,3.91,2.88,2.09,1.04,1.0,4.72,2.08,1936,1456,0,3,1.23,2
0.25,0.36,1.58,1.15,1.04,2.87,0.32,1.81,3.5,1.1,1.2,3.17,3.8,3.91,3,6,0,3,59,44,0.63,0.67,0.34,0.66,2.74,3.74,3.38,1.48,1.08,1.1,2.94,1.97,1.81,3.92,1.39,4.17,2.81,2.58,1.1,1900,1636,0,4,2.03,1
0.26,0.17,2.99,0.57,2.53,1.97,0.26,1.68,3.3,6.3,3.12,1.38,4.11,3.91,5,7,1,2,42,55,0.1,0.85,0.78,0.22,5.94,3.43,3.2,4.85,3.01,3.23,1.73,2.99,3.94,4.61,1.65,2.46,1.0,1.27,3.37,1580,1617,1,3,2.76,2
0.63,0.71,1.96,2.52,0.89,3.38,3.7,1.59,5.1,1.3,3.11,2.88,3.43,2.1,6,4,3,1,60,43,0.53,0.12,0.18,0.82,2.89,2.93,2.29,2.8,2.18,2.87,2.52,4.7,1.7,4.51,1.61,2.53,1.66,4.73,4.37,1755,2058,1,2,2.74,2
0.72,0.15,1.03,1.24,3.2,1.34,1.9,1.86,5.5,3.8,4.64,2.94,4.77,1.51,5,4,6,6,47,52,0.12,0.88,0.23,0.77,5.56,2.06,3.09,1.2,4.55,4.3,1.75,2.54,2.33,3.53,1.86,3.81,3.21,4.53,3.34,1514,1497,0,1,2.8,0
0.37,0.34,3.26,1.41,0.54,3.34,4.44,3.16,7.8,1.4,2.45,3.43,2.03,4.7,5,5,3,4,35,66,0.55,0.91,0.48,0.52,4.3,4.25,3.2,4.59,4.86,2.8,4.31,4.55,3.2,3.29,3.41,2.1,1.02,3.64,1.84,1921,1635,1,4,4.89,2
0.24,0.7,1.16,0.48,2.7,1.22,1.95,1.38,3.2,1.7,3.01,1.6,3.05,1.97,6,4,3,0,48,51,0.79,0.7,0.78,0.22,4.0,4.16,2.78,4.59,3.71,1.27,2.83,1.15,3.78,4.7,1.16,3.01,3.99,2.18,3.27,1540,1898,1,4,1.46,2
0.94,0.16,3.15,1.2,3.46,3.48,0.36,3.85,2.2,2.3,2.58,4.28,1.81,1.9,5,3,1,3,60,41,0.42,0.91,0.39,0.61,2.97,3.77,2.55,2.54,4.93,1.5,3.48,3.42,4.58,2.9,4.32,1.5,1.15,4.67,4.83,1934,1454,1,5,2.9,1
0.96,0.81,3.13,0.66,1.93,0.98,1.53,2.72,2.0,4.8,1.22,1.12,3.23,4.47,7,5,1,6,63,36,0.54,0.18,0.67,0.33,3.71,2.62,1.05,3.21,2.65,4.01,4.36,3.58,3.13,3.75,2.07,3.47,2.28,4.68,2.35,1720,1918,1,3,0.85,2
0.11,0.65,1.39,3.58,0.49,3.13,3.41,4.14,1.8,5.4,3.51,4.11,1.45,2.37,4,6,0,3,41,57,0.53,0.37,0.33,0.67,5.95,4.44,1.93,3.05,3.5,3.5,4.08,4.55,4.6,1.28,4.96,4.47,1.6,2.84,4.86,1880,2040,0,3,1.92,1
0.1,0.91,0.45,3.35,1.23,2.1,4.49,0.76,3.3,1.1,1.44,4.66,4.93,2.53,5,3,0,5,35,64,0.01,0.23,0.62,0.38,2.11,1.29,3.27,1.41,2.76,1.09,4.55,2.28,4.58,3.34,3.68,1.44,4.08,4.78,2.14,1558,1918,0,4,0.7,0
0.22,0.26,1.07,3.18,1.26,2.95,1.64,2.03,6.1,7.4,1.73,1.49,2.36,1.69,5,5,2,1,40,60,0.66,0.61,0.69,0.31,5.56,2.48,2.42,3.99,1.55,2.02,2.69,1.21,2.48,1.73,2.0,2.75,4.25,4.46,3.67,1502,1767,1,2,3.12,2
0.18,0.75,3.39,0.95,2.28,2.57,3.85,1.51,2.5,1.7,2.57,3.07,2.11,4.76,5,7,3,6,35,63,0.56,0.49,0.02,0.98,4.45,4.07,2.6,3.16,1.54,3.64,2.27,3.63,3.55,2.33,3.77,1.39,3.28,3.57,1.94,1560,1712,1,5,3.18,2
0.64,0.67,3.45,0.49,1.26,1.39,1.72,0.87,6.3,4.5,2.39,3.63,3.22,2.35,5,7,0,3,61,40,0.27,0.47,0.42,0.58,4.33,3.5,1.43,2.76,2.74,2.4,4.2,1.97,4.14,2.03,4.06,4.06,3.16,3.5,4.61,1986,1681,0,1,2.2,2
0.29,0.54,2.93,2.58,0.46,0.5,3.31,0.51,2.8,4.3,3.26,3.05,1.81,3.08,5,4,1,4,39,64,0.47,0.04,0.39,0.61,5.77,4.34,4.57,4.49,2.54,4.46,3.81,4.19,1.5,1.78,4.58,4.71,1.96,3.23,4.81,1764,1652,1,1,1.0,2
0.19,0.95,3.25,0.54,1.69,3.36,2.93,0.7,7.7,1.6,3.68,1.98,1.68,1.11,6,6,5,3,45,56,0.17,0.8,0.17,0.83,4.08,2.34,1.21,1.54,1.92,3.39,1.74,3.91,1.28,2.39,4.79,1.71,4.38,4.86,4.81,1459,1798,0,5,1.37,2
0.68,1.0,0.64,2.81,0.28,2.86,4.21,2.03,5.0,7.2,2.52,2.6,2.07,1.86,5,4,5,1,46,57,0.34,0.26,0.23,0.77,2.16,2.41,4.48,3.16,1.86,4.62,3.04,1.41,3.9,3.25,3.55,2.35,4.78,2.03,2.15,1872,2056,1,3,0.35,1
0.62,0.98,0.6,2.37,2.8,0.89,0.41,4.26,3.5,1.5,4.3,2.0,1.25,4.33,5,5,1,3,50,52,0.88,0.9,0.27,0.73,2.47,3.66,2.05,2.14,4.39,4.4,1.81,2.77,4.65,1.82,2.56,2.5,1.96,4.91,4.99,1438,1976,0,5,2.01,0
0.66,0.5,0.99,1.1,2.29,2.27,1.58,0.8,7.1,3.5,2.98,1.38,2.25,1.71,3,5,3,1,61,39,0.16,0.41,0.87,0.13,3.47,2.66,2.0,3.37,4.51,1.33,4.35,3.43,1.17,3.65,2.69,1.51,4.0,4.53,2.8,2038,1965,0,4,2.06,2
0.87,0.23,1.12,3.16,2.74,0.91,0.35,0.7,5.4,2.1,3.65,1.85,3.53,3.77,2,3,3,4,56,46,0.13,0.78,0.29,0.71,4.46,3.68,3.69,1.8,2.87,3.29,4.82,4.37,2.56,1.19,1.54,2.13,4.3,2.43,3.74,2049,1958,1,4,1.37,0
0.81,0.32,2.43,1.23,3.09,2.32,1.86,1.13,4.5,5.3,2.85,1.05,2.71,1.89,4,2,5,0,46,53,0.33,0.92,0.61,0.39,2.46,3.17,2.68,4.18,3.49,1.27,2.69,4.39,1.15,2.55,3.45,4.97,2.06,3.86,2.67,1878,1866,0,4,4.12,2
0.64,0.72,3.17,2.5,1.3,2.41,4.24,2.36,3.5,1.2,1.95,3.92,4.22,1.11,4,7,0,1,64,34,0.56,0.96,0.65,0.35,5.43,2.36,1.44,1.56,1.71,4.8,3.59,3.2,1.48,3.53,4.63,3.79,3.87,2.34,4.2,1537,1605,1,2,1.92,2
0.25,0.11,2.29,0.61,2.78,2.03,1.91,4.46,7.4,1.1,3.92,2.03,4.92,1.26,5,7,6,2,43,59,0.46,0.87,0.65,0.35,5.23,2.54,3.97,3.4,1.09,3.32,1.8,2.03,3.04,3.4,3.97,3.36,1.22,3.15,3.43,1780,1615,1,1,4.51,2
0.19,0.69,3.45,2.64,0.71,0.59,1.69,2.08,3.1,7.0,4.22,3.54,3.38,4.41,3,5,5,0,52,47,0.07,0.08,0.22,0.78,4.84,4.11,3.26,1.3,3.75,4.52,3.17,1.42,3.96,1.55,1.03,1.54,4.61,4.6,2.93,1458,2073,1,3,2.96,0
0.87,0.44,2.4,2.9,1.91,2.52,4.43,0.33,7.0,1.6,2.22,1.41,4.15,1.35,4,2,4,4,62,38,0.81,0.03,0.61,0.39,5.11,3.78,3.32,2.73,1.59,2.16,1.66,4.32,3.15,1.18,3.96,3.36,4.68,2.01,4.33,1807,1928,0,2,2.32,2
0.15,0.43,2.3,1.83,2.57,2.81,1.74,0.75,3.1,5.1,3.1,4.57,4.64,4.16,3,7,0,6,52,50,0.78,0.75,0.27,0.73,5.54,1.0,2.59,3.83,4.55,3.25,2.5,2.72,4.67,3.58,2.53,1.82,3.11,1.01,1.02,1754,1536,1,2,2.56,0
0.63,0.11,3.74,1.96,0.86,1.12,1.64,0.65,4.1,4.1,1.99,4.72,4.22,4.34,7,5,5,0,64,39,0.25,0.99,0.3,0.7,2.59,1.08,3.3,1.33,1.79,4.0,4.81,3.27,2.92,1.61,3.95,4.61,3.64,3.16,3.84,1905,2016,1,5,3.13,0
0.21,0.48,3.72,1.92,0.55,1.69,3.91,4.18,1.0,5.4,4.96,4.81,2.9,2.15,6,3,4,5,56,41,0.66,0.76,0.52,0.48,5.56,2.3,1.1,1.02,2.8,2.78,1.89,4.57,2.42,4.76,2.24,2.49,1.39,1.89,3.26,1568,1689,0,5,3.2,2
0.41,0.85,3.03,3.24,2.65,2.26,4.38,2.51,2.6,5.2,3.54,2.45,2.72,2.84,2,3,1,6,64,37,0.72,0.95,0.0,1.0,2.42,3.4,4.91,4.09,2.35,4.52,1.17,2.52,4.66,1.69,1.54,1.72,2.2,4.84,1.14,1542,1855,1,1,0.04,1
0.53,0.81,2.78,3.41,1.46,2.89,3.32,1.64,2.5,3.9,3.05,1.57,4.19,1.92,3,5,2,1,44,54,0.06,0.41,0.02,0.98,5.09,1.49,3.71,2.21,1.3,1.73,4.2,3.0,2.13,3.35,2.1,4.32,4.0,3.58,4.02,1425,1432,1,4,0.45,2
0.95,0.96,2.39,1.99,3.14,2.63,0.26,2.74,2.5,7.7,1.45,2.91,1.76,3.0,5,2,4,4,37,61,0.09,0.63,0.95,0.05,5.55,3.5,3.71,1.16,1.12,4.31,4.41,1.65,2.61,4.35,4.92,3.55,3.07,1.7,1.7,2016,1464,1,3,3.98,0
0.62,0.79,0.57,1.5,3.07,3.36,2.54,1.49,2.5,1.1,4.08,4.87,3.65,4.22,5,6,4,6,54,49,0.97,0.01,0.84,0.16,4.94,4.85,1.47,1.76,2.42,2.89,2.17,2.46,1.92,1.01,2.56,1.29,1.13,3.74,3.75,1722,1771,1,3,0.82,2
0.72,0.87,1.65,3.02,0.93,0.83,1.59,2.05,3.5,2.1,2.06,3.94,4.47,2.26,6,7,3,0,47,53,0.75,0.94,0.42,0.58,2.76,4.24,3.36,3.09,1.61,2.39,3.59,4.31,3.65,3.3,4.06,2.75,4.31,2.01,1.56,1915,1988,0,3,2.1,1
0.94,0.65,0.28,1.92,0.6,2.8,1.92,1.07,5.9,6.4,2.31,4.94,3.55,3.2,7,4,4,5,60,38,0.26,0.63,0.8,0.2,4.04,4.48,3.93,3.31,1.58,2.66,1.52,3.25,3.73,1.91,4.14,2.23,2.26,2.07,4.54,1624,1767,1,5,1.09,1
0.97,0.73,1.65,1.6,0.27,0.64,3.96,1.51,4.5,5.1,4.18,1.76,4.86,1.81,3,5,0,6,41,57,0.3,0.89,0.32,0.68,3.82,2.6,4.05,2.06,2.48,2.72,3.89,1.08,3.9,2.68,1.71,4.19,1.03,2.69,4.21,1611,1520,1,2,1.86,2
0.69,0.24,1.87,1.0,0.74,2.57,0.64,2.29,4.2,2.2,1.52,4.06,2.78,1.51,2,6,3,2,60,43,0.24,0.66,0.33,0.67,2.66,1.13,1.44,2.7,2.83,4.76,2.06,2.42,3.93,1.85,3.82,4.57,4.86,4.55,3.91,1639,1994,1,5,3.84,2
0.09,0.31,1.38,1.5,3.2,1.72,3.69,1.28,5.3,4.5,3.12,2.88,3.02,3.29,3,7,1,0,48,50,0.63,0.64,0.21,0.79,5.23,4.41,3.81,3.4,3.87,1.14,3.81,3.23,4.31,2.75,1.7,4.2,3.17,4.38,4.03,1519,2003,1,1,1.75,0
0.84,0.83,1.55,0.71,3.28,1.02,1.35,0.86,3.0,5.3,3.27,4.87,3.34,4.44,5,2,3,3,58,40,0.97,0.84,0.88,0.12,3.06,4.34,3.38,3.27,1.82,3.87,3.82,4.2,1.1,3.35,1.48,2.57,3.18,2.44,3.71,1941,2030,1,1,1.31,0
0.71,0.92,1.76,1.08,2.82,2.71,3.93,3.88,3.2,6.4,1.37,3.34,2.83,1.53,4,4,1,6,45,56,0.68,0.86,0.31,0.69,4.51,1.69,4.01,3.77,3.22,4.82,3.42,2.43,1.27,1.36,4.79,1.75,3.18,3.37,3.01,1557,1899,1,3,2.28,0
0.87,0.73,0.97,1.67,0.24,0.42,2.36,3.84,6.7,6.4,3.29,1.67,3.78,1.06,3,4,6,3,42,59,0.66,0.88,0.61,0.39,5.17,1.96,1.63,4.69,4.02,2.79,4.95,4.74,1.24,4.69,1.95,2.04,3.83,1.19,3.46,1975,1588,0,2,3.46,2
0.01,0.13,3.71,1.43,3.08,0.56,1.08,4.16,5.0,2.2,2.22,3.77,1.35,3.81,5,7,3,2,38,62,0.89,0.85,0.62,0.38,2.11,1.98,3.52,4.4,1.42,4.38,1.02,4.1,4.57,2.57,4.09,4.37,3.23,3.43,2.69,1726,1480,0,1,1.63,0
0.45,0.82,3.42,1.92,0.81,1.42,2.7,4.06,7.0,1.8,2.02,2.12,3.51,2.18,2,3,6,5,40,63,0.6,0.12,0.81,0.19,4.37,2.29,3.73,3.35,1.64,3.83,2.58,4.97,3.52,2.08,1.82,3.68,1.87,1.48,4.01,1702,2042,1,4,0.77,2
0.88,0.86,2.77,2.9,1.52,3.2,1.85,0.99,3.3,7.4,1.84,2.41,3.67,1.65,4,2,4,4,42,59,0.79,0.99,0.73,0.27,2.5,3.06,3.55,2.35,4.86,4.49,4.72,2.26,3.52,1.3,1.85,2.45,2.49,1.72,3.41,1911,1452,1,3,1.8,1
0.67,0.41,2.28,1.16,2.68,0.53,4.44,0.8,5.3,6.9,2.21,1.17,3.65,2.7,7,4,6,3,47,51,0.62,0.84,0.97,0.03,5.82,1.59,4.25,2.55,3.33,1.7,2.63,4.26,3.96,3.54,4.2,3.77,3.89,3.02,4.85,1476,2074,0,5,1.01,0
0.74,0.72,3.06,1.37,3.3,1.77,2.52,2.36,6.3,2.8,1.68,3.31,4.18,3.89,2,3,1,3,61,41,0.31,0.73,0.68,0.32,4.76,2.92,1.84,4.4,4.96,4.51,1.65,1.59,2.85,3.37,2.83,2.87,3.42,3.61,1.54,1502,2031,0,1,4.01,0
0.59,0.37,2.75,2.66,1.15,2.42,2.28,1.35,3.6,4.8,2.59,3.92,4.69,1.08,5,6,5,5,65,34,0.75,0.33,0.26,0.74,4.27,1.36,3.69,2.07,2.81,4.89,1.77,1.04,3.77,1.36,4.83,1.25,3.73,3.63,2.89,1558,2040,0,5,0.22,2
0.26,0.38,1.75,1.01,1.1,0.82,3.2,3.4,7.3,7.3,3.11,1.97,1.68,1.66,7,2,4,2,63,40,0.91,0.4,0.5,0.5,2.31,2.1,1.24,2.85,3.48,4.69,4.13,4.07,4.68,2.41,1.49,3.31,4.44,4.58,1.93,1903,1689,1,4,0.57,2
0.94,0.08,1.2,3.06,1.76,2.1,2.75,3.9,4.7,7.9,4.39,4.98,3.18,3.15,6,3,4,1,49,53,0.9,0.35,0.52,0.48,3.0,2.48,3.14,3.52,1.8,2.75,1.62,1.28,3.56,2.57,1.2,3.35,1.09,4.16,1.06,1547,1733,1,5,4.1,1
0.95,0.83,2.52,2.97,3.49,1.83,2.31,2.04,1.7,4.3,4.04,2.68,1.95,2.16,3,3,4,1,42,59,0.1,0.24,0.45,0.55,3.15,3.72,1.02,2.15,3.36,1.98,2.97,2.2,2.6,3.55,4.21,2.07,2.98,1.3,4.33,1869,1920,1,2,3.22,1
0.45,0.87,1.89,1.57,2.18,2.61,1.26,0.56,1.7,6.5,1.9,3.12,3.96,4.03,3,2,4,6,45,57,0.41,0.96,0.51,0.49,4.29,4.53,4.7,2.35,3.36,2.92,1.94,4.07,2.73,3.59,3.38,3.07,4.36,1.33,2.11,2046,2067,0,2,0.76,0
0.42,0.12,2.09,2.53,3.18,3.16,1.35,3.32,1.9,1.4,2.57,3.56,2.01,1.54,3,5,4,2,56,43,0.23,0.83,0.22,0.78,2.24,3.81,1.21,4.83,2.49,3.47,4.98,2.85,1.7,3.84,4.28,2.46,2.59,3.48,3.04,1956,1530,1,3,3.57,2
0.32,0.11,3.53,0.79,0.89,1.8,3.96,0.83,6.4,5.4,1.57,1.57,1.3,2.99,3,5,0,1,63,40,0.4,0.17,0.6,0.4,4.69,1.89,4.69,3.2,3.11,4.71,1.43,2.54,1.96,4.2,2.89,1.55,4.1,2.87,4.36,1403,1664,0,2,2.34,1
0.4,0.05,2.99,1.66,2.14,2.03,4.04,1.54,6.5,1.9,4.32,3.58,4.66,4.88,3,2,3,0,62,37,0.16,0.54,0.55,0.45,5.68,2.67,3.32,3.93,1.69,3.83,2.27,2.67,1.58,2.66,1.56,1.07,4.92,4.7,2.73,1889,1972,1,4,5.0,2
0.4,0.42,2.22,2.53,2.46,1.97,2.68,2.5,3.9,3.3,4.43,2.31,3.81,1.62,3,5,1,4,36,65,0.73,0.87,0.83,0.17,3.86,2.46,2.72,2.24,3.34,1.18,2.41,1.86,4.91,3.64,4.81,3.66,1.45,1.2,4.58,1962,1803,0,1,2.83,2
0.98,0.39,3.23,2.81,0.6,1.27,3.24,2.43,6.6,1.4,4.6,3.06,2.43,3.98,5,6,5,3,43,55,0.15,0.12,0.19,0.81,3.85,2.94,2.56,1.98,2.81,4.98,1.3,4.89,3.65,1.82,3.62,1.08,3.91,3.02,2.83,2049,2025,1,4,0.98,2
0.94,0.04,1.07,2.13,1.1,2.29,3.98,1.38,6.3,6.1,1.74,4.03,4.29,1.87,5,4,2,6,52,48,0.47,0.8,0.68,0.32,4.03,3.7,2.18,4.33,2.05,2.39,4.39,2.52,4.3,2.18,1.9,2.6,1.4,4.93,2.67,1846,1965,0,1,1.47,2
0.52,0.38,2.99,1.6,2.1,3.18,1.21,3.04,5.2,6.0,2.63,1.49,3.74,4.46,2,2,4,0,55,45,0.1,0.54,0.77,0.23,5.21,3.35,2.41,2.34,2.16,3.98,2.52,2.04,1.44,4.92,2.71,3.8,4.34,4.11,3.15,1800,1552,1,5,1.17,2
0.24,0.53,0.78,2.31,1.8,0.38,1.6,4.06,4.6,2.4,2.15,2.9,1.88,2.38,2,4,1,1,38,60,0.3,0.25,0.07,0.93,3.54,1.44,3.08,2.7,2.43,1.51,4.64,4.72,2.75,2.67,2.45,4.93,1.22,4.85,3.13,1932,2004,1,2,2.07,0
0.66,0.61,3.34,1.36,1.94,2.43,2.66,0.42,1.6,2.8,3.07,2.11,1.71,2.49,3,3,5,3,60,40,0.02,0.27,0.34,0.66,5.9,1.2,1.04,4.61,1.97,2.47,1.61,4.04,3.13,2.1,1.5,1.14,3.62,4.36,2.49,1403,1888,0,4,3.8,2
0.76,0.93,0.59,3.59,1.74,2.26,3.29,1.23,4.8,6.0,4.3,3.48,2.11,4.17,7,7,6,0,38,61,0.59,0.48,0.61,0.39,5.87,1.36,2.11,4.89,4.91,3.99,1.07,2.07,4.23,3.79,2.26,1.61,2.28,1.0,2.4,1978,1498,0,2,4.03,0
0.46,0.06,0.67,1.74,0.81,1.9,2.05,2.22,5.8,7.3,3.03,4.21,1.93,1.05,6,3,6,4,58,43,0.47,0.39,0.58,0.42,4.58,4.43,3.53,4.37,2.85,1.76,4.62,3.13,2.37,4.33,3.12,1.62,3.97,3.8,4.8,2040,1415,0,2,3.02,2
0.8,0.13,1.92,1.56,3.35,2.46,3.75,4.23,6.8,6.2,4.65,2.77,1.88,4.63,2,3,5,4,54,49,0.92,0.85,0.08,0.92,5.28,2.34,3.56,2.23,4.16,2.12,1.75,3.78,3.16,1.68,4.52,1.8,2.49,4.7,3.06,1683,1606,0,5,0.68,0
0.68,0.46,0.28,3.31,3.17,2.02,1.08,1.98,3.7,5.5,3.32,4.17,2.32,4.77,5,7,2,3,46,55,0.18,0.34,0.33,0.67,4.74,3.36,1.16,1.73,4.98,1.27,4.07,4.16,3.37,2.32,3.07,3.09,2.53,4.89,4.69,1729,1513,0,1,4.67,0
0.43,0.82,1.55,3.45,1.63,2.64,3.4,4.48,4.3,5.0,2.49,3.47,4.63,3.99,2,7,6,4,52,45,0.13,0.48,0.42,0.58,3.66,2.09,3.49,3.37,3.12,1.66,4.4,4.61,3.4,1.48,1.16,3.02,4.5,2.29,4.3,1944,1516,0,3,1.25,0
0.12,0.66,2.94,2.92,1.29,0.67,0.42,0.35,1.1,6.0,1.85,4.94,4.5,3.27,6,6,0,4,57,40,0.3,0.71,0.81,0.19,5.46,4.71,2.61,2.48,4.45,3.16,2.41,2.78,1.32,4.09,4.56,3.93,4.16,3.77,4.4,1873,1941,0,3,3.33,0
0.22,0.13,1.32,3.23,1.83,1.3,2.5,1.76,5.7,4.2,4.69,4.36,2.39,1.92,7,2,3,3,55,47,0.34,0.24,0.46,0.54,4.12,3.11,4.13,2.97,3.25,4.42,1.96,4.0,4.79,4.53,1.75,2.89,4.97,4.11,2.21,1699,1900,1,4,4.84,0
0.77,0.91,3.31,0.48,3.35,0.96,2.68,2.13,2.4,4.7,2.23,3.47,4.9,4.28,2,7,6,5,49,54,0.92,0.59,0.34,0.66,5.89,2.04,2.47,2.92,4.23,3.76,3.43,4.11,3.2,1.11,2.25,3.1,3.24,1.37,1.69,1675,1943,0,4,3.2,0
0.34,0.09,0.21,3.72,0.27,1.2,1.34,0.68,4.3,6.3,4.29,4.74,3.82,1.08,6,7,5,5,54,43,0.76,0.93,0.5,0.5,4.54,4.59,1.22,2.6,1.58,1.73,3.98,3.36,1.66,2.81,4.69,3.74,2.57,4.19,1.4,1903,1559,0,3,3.66,2
0.73,0.33,1.38,1.46,2.65,1.41,3.01,4.04,5.1,5.8,3.02,4.34,3.68,3.3,6,2,5,0,51,46,0.03,0.87,0.18,0.82,2.95,1.24,1.02,3.42,2.07,4.26,4.88,3.51,3.16,1.89,2.34,1.42,2.22,2.56,4.65,2073,2028,0,5,4.78,0
0.49,0.58,0.57,3.73,0.65,2.22,1.17,4.35,7.5,1.7,2.93,3.49,3.01,4.25,5,7,2,1,54,48,0.88,0.55,0.28,0.72,2.13,3.21,4.04,1.93,3.01,2.83,2.93,1.8,2.19,3.19,4.95,3.92,1.49,3.76,4.55,1813,1575,0,3,3.87,0
0.37,0.98,3.22,0.73,0.89,0.28,4.11,0.82,2.4,3.9,4.41,2.49,4.9,4.61,7,5,5,0,49,53,0.39,0.24,0.55,0.45,2.58,3.1,3.81,1.84,4.31,3.07,4.31,3.66,1.86,4.16,1.53,1.95,2.12,3.46,4.92,2015,1502,0,4,3.12,1
0.7,0.23,1.69,2.94,1.9,1.96,1.11,0.72,1.2,2.9,1.98,3.89,2.05,1.92,4,7,6,1,52,48,0.46,0.42,0.44,0.56,2.55,2.78,2.81,2.51,2.94,1.03,4.23,2.64,1.12,2.17,1.48,4.01,2.0,2.53,1.95,1899,1505,1,3,3.23,0
0.04,0.76,3.66,0.28,0.71,1.34,2.3,0.65,4.2,1.1,1.84,1.98,3.96,2.44,3,5,5,4,43,55,0.48,0.8,0.75,0.25,3.49,4.9,4.65,3.37,4.11,2.15,2.0,1.47,1.86,4.6,1.8,4.59,2.24,2.62,4.99,2058,1924,0,1,0.53,2
0.54,0.84,1.26,1.76,2.63,1.29,3.19,2.28,6.5,7.1,3.51,3.87,2.48,3.17,4,5,0,2,47,51,0.82,0.85,0.9,0.1,5.9,2.76,1.94,4.44,2.95,2.32,1.55,3.05,3.15,2.09,2.87,1.07,1.36,1.78,1.86,1713,1478,0,4,4.34,1
0.6,0.79,0.87,1.62,0.57,3.45,1.81,2.0,2.0,6.6,4.09,4.81,3.07,1.8,2,4,1,0,49,51,0.43,0.54,0.2,0.8,2.9,4.76,3.55,2.54,1.66,2.8,4.13,4.5,4.4,4.98,4.01,4.6,1.05,1.82,3.62,1644,2073,0,3,3.83,2
0.84,0.25,0.79,3.77,0.85,1.81,2.68,1.33,6.9,7.4,2.1,1.14,1.32,4.97,6,3,6,1,45,53,0.13,0.99,0.08,0.92,3.26,4.02,3.37,2.46,4.58,2.23,3.92,3.89,2.51,3.71,4.7,2.73,3.96,3.25,2.61,1971,1934,0,2,1.41,0
0.6,0.34,1.53,0.49,1.31,2.81,2.69,2.91,7.4,6.9,1.03,4.05,3.29,1.1,2,7,0,2,41,60,0.72,0.06,0.6,0.4,2.3,3.23,1.05,2.32,4.69,4.4,1.38,1.41,4.48,2.86,3.81,1.38,3.93,3.83,1.56,1488,1459,0,4,4.33,2
0.02,0.53,0.27,0.47,1.69,1.81,2.05,2.56,7.7,3.8,2.52,4.32,4.52,4.22,4,6,6,6,41,60,0.15,0.16,0.13,0.87,4.07,1.28,3.18,1.22,3.47,2.1,3.62,1.47,4.78,2.67,3.07,3.28,1.73,2.22,3.24,1904,1628,0,3,0.41,0
0.23,0.88,3.5,1.27,3.02,2.69,3.81,0.5,1.0,1.9,2.88,4.92,1.8,3.05,2,5,5,2,40,57,0.97,0.66,0.88,0.12,5.7,1.9,3.44,2.12,1.57,3.04,3.45,4.76,3.25,2.08,2.33,1.91,1.82,1.71,2.72,1787,1686,1,4,4.6,0
0.76,0.03,1.03,2.91,1.57,3.41,1.17,0.36,5.8,6.8,2.51,3.43,1.81,3.32,3,3,6,6,48,53,0.32,0.46,0.93,0.07,4.25,2.14,3.97,2.65,2.44,1.54,2.11,4.33,3.16,2.55,1.38,4.77,3.91,4.21,4.63,1769,1660,1,2,1.47,0
0.26,0.02,2.34,1.64,2.95,2.61,4.08,0.43,4.8,6.7,2.59,2.94,3.44,2.52,7,6,3,3,42,57,0.14,0.03,0.65,0.35,4.01,4.01,3.82,3.3,4.63,3.29,4.35,2.63,4.12,1.86,2.01,4.08,1.67,1.91,3.21,1545,1888,0,1,3.06,1
0.1,0.17,1.03,0.52,2.33,0.32,1.65,2.21,4.8,3.6,3.49,1.36,3.6,1.71,4,3,0,1,57,44,0.01,0.59,0.37,0.63,2.08,1.64,4.77,2.8,4.89,1.01,4.26,4.28,1.65,1.63,3.07,1.06,4.67,1.79,3.54,1912,1881,0,5,0.74,0
0.41,0.59,2.69,3.34,0.95,2.98,2.84,2.05,4.3,4.7,1.82,2.06,3.59,1.56,7,6,1,6,43,57,0.0,0.67,0.62,0.38,3.1,2.04,2.03,4.7,2.64,3.9,2.73,3.39,4.79,1.26,1.38,1.48,2.49,3.14,3.76,1921,1866,1,2,2.55,2
0.34,0.05,2.82,2.65,3.15,1.72,2.79,1.82,2.0,2.3,3.87,1.52,3.99,1.63,2,3,6,6,52,49,0.89,0.56,0.19,0.81,3.96,1.63,4.19,1.64,4.16,4.84,2.32,1.72,1.55,4.03,2.66,4.76,3.51,3.04,2.2,1959,1504,1,1,3.15,0
0.14,0.98,1.25,1.73,2.37,1.97,1.1,0.63,2.8,3.6,3.65,3.24,3.09,4.6,2,3,4,4,61,42,0.68,0.88,0.41,0.59,4.59,1.18,2.92,2.17,3.29,1.63,1.95,2.84,1.18,2.29,4.14,2.45,4.5,3.9,3.75,1583,1913,1,1,1.91,0
0.13,0.22,1.98,1.4,2.33,2.63,2.9,0.22,6.5,3.5,3.9,4.31,3.0,2.23,2,3,5,1,44,53,0.88,0.36,0.18,0.82,3.83,3.44,1.61,3.46,3.48,3.27,4.43,1.68,4.93,3.95,2.29,2.74,3.5,2.8,3.23,1801,1978,0,5,2.33,2
0.1,0.95,2.15,3.04,0.94,2.86,3.91,3.02,5.9,2.2,4.33,1.09,1.43,4.69,4,6,6,2,60,42,0.1,0.08,0.36,0.64,4.51,1.25,1.79,3.87,2.53,4.25,3.86,2.43,1.38,3.51,3.43,3.55,1.04,3.95,2.26,1567,1690,1,2,3.04,1
0.56,0.67,2.51,1.19,2.82,2.6,1.8,0.58,2.1,1.5,2.55,3.41,1.56,1.84,4,3,2,0,50,47,0.21,0.76,0.87,0.13,4.0,1.48,2.28,3.33,3.42,3.94,4.96,1.94,4.43,4.91,1.28,1.8,3.8,4.85,2.9,1410,1940,0,3,0.88,0
0.08,0.91,3.16,2.28,2.24,3.01,3.69,1.02,1.2,3.0,4.39,1.45,3.01,1.91,7,2,4,4,46,54,0.28,0.87,0.65,0.35,3.15,1.92,3.54,3.97,3.55,1.95,3.82,2.11,4.4,2.07,1.65,2.12,4.8,4.62,2.7,1734,1828,1,1,3.3,2
0.8,0.91,3.07,2.15,3.42,1.04,3.58,0.32,1.4,6.9,4.82,3.29,3.27,4.54,5,7,1,1,50,49,0.53,0.09,0.48,0.52,5.2,2.61,1.25,2.54,1.4,1.65,2.75,1.32,1.81,2.17,1.28,1.47,2.76,4.26,1.6,1821,1417,1,1,3.52,2
0.84,0.32,0.79,2.81,2.88,3.48,2.76,0.6,6.3,7.1,4.27,1.9,4.11,1.81,3,2,2,2,54,49,0.11,0.25,0.01,0.99,5.16,3.82,3.34,4.88,4.1,2.56,4.0,1.5,2.47,2.65,3.07,3.79,4.78,3.64,1.42,1833,2070,0,2,3.21,2
0.93,0.5,3.39,3.42,0.26,0.41,1.49,1.54,3.7,5.5,4.78,2.86,1.04,2.19,2,7,3,3,65,34,0.9,0.3,0.53,0.47,5.43,1.55,1.38,4.29,1.85,4.49,4.26,2.74,4.12,4.7,1.35,1.01,3.38,2.08,3.32,1614,1864,1,4,4.5,2
0.78,0.21,0.61,2.93,1.1,2.3,1.58,3.87,5.3,5.6,3.21,2.38,4.72,4.75,7,2,6,5,63,40,0.65,0.08,0.21,0.79,2.51,3.78,1.23,4.85,4.17,3.94,2.86,2.81,3.15,3.43,3.13,2.2,4.94,1.65,3.96,1633,1667,0,2,1.94,2
0.71,0.91,2.11,1.71,0.83,2.72,2.2,4.19,4.7,3.6,1.43,1.43,2.62,2.97,7,5,3,2,60,43,0.8,0.65,0.41,0.59,2.33,3.64,2.86,1.54,4.22,2.2,2.21,2.49,4.86,2.55,4.62,1.09,4.73,3.15,4.82,2089,1501,1,3,0.27,1
0.85,0.86,1.81,2.36,0.92,2.57,4.32,3.53,2.2,1.4,2.53,4.44,2.5,2.1,6,4,1,0,64,37,0.84,0.88,0.49,0.51,5.21,2.73,2.71,2.79,3.39,2.32,3.79,4.76,3.87,3.2,4.28,2.54,1.35,1.47,1.46,1844,1907,1,3,3.82,0
0.39,0.92,0.63,3.1,2.44,1.63,3.23,0.49,4.1,5.3,1.59,4.93,4.4,2.28,6,5,1,1,53,48,0.11,0.67,0.07,0.93,4.63,4.71,2.2,4.23,1.75,1.17,3.23,1.58,4.03,4.31,3.35,1.84,1.82,4.52,4.18,1489,1720,0,5,2.57,1
0.17,0.69,3.36,3.31,0.43,1.84,4.37,3.16,5.0,2.2,2.68,4.94,3.27,2.95,6,2,1,2,58,45,0.13,0.91,0.59,0.41,4.84,1.66,1.72,2.06,3.96,1.54,3.65,1.42,4.06,3.98,2.32,3.59,1.92,4.48,1.19,2056,1779,0,1,1.79,0
0.84,0.91,1.91,2.21,0.5,3.34,1.8,1.23,1.1,6.8,1.28,1.6,1.95,3.89,5,4,1,3,52,51,0.07,0.28,0.72,0.28,5.7,4.23,3.97,1.84,2.39,1.1,4.85,3.86,1.65,1.93,1.87,2.8,3.84,3.1,4.65,1967,1932,0,5,4.42,1
0.64,0.4,2.32,2.18,0.74,2.83,4.14,1.56,3.7,7.6,2.56,2.08,2.37,3.86,2,7,6,0,57,40,0.84,0.48,0.9,0.1,5.09,1.42,3.03,4.38,4.78,2.02,4.9,2.05,1.45,3.99,4.83,2.51,3.1,1.98,4.57,2071,1582,1,1,4.85,1
0.5,0.88,2.38,1.8,0.4,1.28,0.95,0.25,1.8,6.5,4.25,4.56,4.88,1.18,5,5,5,0,40,57,0.86,0.14,0.8,0.2,3.89,3.65,4.19,1.96,3.83,2.59,2.56,3.85,4.85,1.37,3.92,3.81,3.9,4.1,3.82,1400,1660,0,3,4.42,2
0.31,0.13,2.25,1.26,2.2,0.45,3.72,4.21,2.8,4.2,4.54,2.26,4.2,3.03,3,4,0,1,43,55,0.93,0.23,0.08,0.92,3.42,3.99,1.34,3.96,3.29,1.93,1.07,2.58,4.34,2.62,1.39,3.61,4.01,4.95,4.97,1677,1428,0,4,4.31,2
0.44,0.16,1.0,3.63,2.62,0.97,2.82,1.68,3.5,3.3,3.81,4.12,3.92,2.2,7,2,6,0,64,36,0.15,0.36,0.7,0.3,5.56,1.77,3.19,3.22,2.48,4.95,4.52,1.0,3.39,3.0,2.58,2.7,4.64,3.25,3.11,2049,1974,0,1,2.45,0
0.55,0.41,0.91,1.2,3.08,2.05,0.51,3.58,6.8,1.6,3.82,2.94,3.29,1.45,5,7,5,0,46,54,0.58,0.17,0.61,0.39,3.22,4.65,4.57,1.75,1.06,2.98,3.54,2.2,2.5,4.87,4.6,2.02,2.64,4.19,4.42,1900,1821,1,1,0.01,2
0.66,0.73,1.51,1.05,3.18,2.15,2.57,1.2,6.1,5.7,3.42,4.21,3.08,4.63,2,2,6,2,53,44,0.06,0.14,0.83,0.17,3.75,1.8,2.99,3.26,1.14,2.22,4.31,2.02,3.88,1.88,4.22,4.84,1.06,5.0,1.4,1959,1671,0,2,4.22,0
0.97,0.8,1.07,0.77,1.97,0.22,2.13,3.74,2.8,4.4,3.62,3.07,3.92,4.13,6,6,0,6,57,41,0.08,0.75,0.21,0.79,2.32,1.76,3.72,1.71,2.8,4.19,1.64,4.4,1.31,1.11,1.81,1.32,2.15,1.99,1.01,1627,1862,0,5,2.75,0
0.97,0.66,0.82,0.41,1.41,1.76,1.72,4.43,7.4,5.0,1.85,2.83,1.21,2.79,2,7,1,5,52,48,0.05,0.26,0.3,0.7,4.04,1.3,1.41,3.42,3.1,3.5,2.67,4.0,2.15,3.1,3.31,4.15,3.38,1.88,3.24,1811,2049,0,3,2.54,0
0.27,0.3,2.79,1.32,0.52,3.37,0.88,2.87,4.2,5.7,4.77,1.9,4.76,1.86,6,6,4,2,56,46,0.96,0.88,0.54,0.46,2.64,2.86,4.83,4.83,1.05,2.76,1.09,3.06,3.37,4.32,4.95,2.18,3.88,1.47,4.23,1974,1676,0,2,4.35,2
0.89,0.73,1.28,3.35,0.26,1.13,3.57,3.87,6.4,6.6,4.32,4.77,1.82,2.43,3,6,3,4,59,40,0.16,0.34,0.94,0.06,2.63,4.43,2.68,2.4,4.76,2.5,4.47,4.81,1.01,1.94,4.35,3.62,1.71,1.39,1.92,1713,1926,0,3,0.03,0
0.04,0.94,1.62,3.06,0.46,2.46,4.48,0.41,2.2,3.7,3.57,3.31,3.03,3.24,2,5,6,4,47,56,0.74,0.64,0.22,0.78,3.09,2.8,3.48,4.25,4.08,3.46,1.33,3.85,4.75,1.69,4.56,1.25,3.89,3.1,3.29,1407,1627,0,5,4.21,1
0.64,0.33,3.18,2.92,2.78,2.05,1.88,3.97,3.0,4.9,2.19,2.33,2.66,1.35,7,6,4,3,61,37,0.71,0.8,0.67,0.33,3.45,4.88,2.45,1.37,3.31,3.77,3.41,4.87,4.13,2.54,4.39,4.7,4.17,3.03,4.08,1776,1924,0,5,1.35,2
0.52,0.11,3.01,3.48,3.1,2.25,3.57,3.34,7.2,4.2,1.37,4.77,1.81,4.57,2,2,3,6,56,43,0.45,0.97,0.43,0.57,5.52,4.06,2.27,2.02,1.12,2.61,1.23,3.42,4.96,3.38,1.57,4.1,4.14,2.74,2.18,1735,1537,0,1,2.8,0
0.14,0.08,0.55,0.86,0.43,3.46,1.38,1.28,2.4,1.3,3.77,4.62,1.37,3.31,4,6,1,4,63,37,0.99,0.28,0.24,0.76,5.03,1.98,1.94,3.57,1.85,2.77,2.57,1.25,3.53,3.07,4.11,2.04,1.57,4.38,1.08,1973,1996,1,1,1.9,2
0.68,0.76,1.76,3.66,1.27,1.85,3.64,0.52,2.2,6.1,3.79,1.6,4.82,2.89,3,2,4,6,41,57,0.46,0.91,0.73,0.27,3.97,1.73,1.25,4.68,1.41,3.91,3.3,3.66,1.69,1.56,3.01,4.2,4.75,1.96,1.96,2018,1725,0,2,3.25,2
0.6,0.51,3.77,3.41,1.75,1.12,1.71,4.22,3.9,5.4,3.05,3.77,2.9,3.91,5,5,3,0,41,61,0.27,0.15,0.84,0.16,4.56,2.27,4.6,3.71,4.25,1.32,4.46,2.94,4.18,2.99,4.21,2.51,4.91,3.64,4.38,1936,1916,1,5,4.31,0
0.62,0.57,2.78,2.01,3.25,1.18,2.35,1.54,5.9,3.8,2.18,3.85,2.27,1.14,6,6,2,2,62,36,0.77,0.76,0.54,0.46,4.11,4.41,1.26,4.09,3.58,2.48,4.7,1.44,1.36,1.75,4.53,3.69,4.4,2.35,2.4,1449,1429,0,5,1.33,2
0.56,0.56,2.72,1.8,2.79,2.17,3.56,1.11,4.1,7.6,2.04,2.56,4.92,4.5,7,7,0,4,39,60,0.53,0.83,0.56,0.44,2.29,1.67,2.46,2.57,4.53,3.03,1.66,2.06,1.04,2.32,4.17,4.76,3.26,1.11,1.95,1492,2099,1,1,1.67,0
0.64,0.26,3.41,1.92,3.45,0.24,4.2,0.46,3.4,4.5,2.56,3.56,1.89,2.09,4,2,2,5,51,51,0.23,0.72,0.39,0.61,3.38,1.73,3.99,2.83,4.63,1.57,2.02,1.52,4.99,2.34,4.42,3.44,3.22,2.3,3.02,1666,1543,1,3,4.78,0
0.88,0.65,0.58,1.22,1.17,3.31,2.99,0.39,6.9,2.3,2.28,4.59,4.62,2.27,7,5,1,0,65,32,0.5,0.25,0.83,0.17,4.13,3.81,3.73,4.92,3.1,4.96,4.2,1.63,1.35,1.09,4.59,4.57,1.34,4.47,2.2,1662,1770,0,4,2.31,2
0.95,0.77,3.39,2.47,1.61,3.27,3.91,1.85,1.3,4.9,2.16,2.89,1.15,3.65,3,5,4,0,52,45,0.76,0.83,0.39,0.61,3.85,1.6,4.28,4.97,3.5,1.48,3.9,1.99,3.77,4.73,4.16,4.67,4.34,3.75,1.14,1803,1973,0,3,1.47,0
0.67,0.63,3.38,0.6,3.17,1.36,1.1,4.47,1.2,5.7,2.87,3.72,2.72,3.23,5,4,0,1,63,35,0.2,0.41,0.37,0.63,4.89,2.13,2.0,2.02,4.63,1.17,2.6,3.61,1.58,1.73,1.99,3.23,2.96,2.72,3.63,1716,1409,1,1,0.76,0
1.0,0.52,0.41,3.45,0.84,0.96,3.3,2.17,3.2,6.3,2.87,1.36,4.55,2.45,6,4,6,6,47,53,0.31,0.69,0.14,0.86,5.59,3.5,1.71,2.91,1.15,2.03,4.74,4.7,1.78,1.14,4.91,4.9,1.35,1.1,4.84,1877,1416,1,2,0.52,2
0.83,0.34,2.42,1.26,1.37,1.45,0.51,4.05,5.6,6.5,4.52,2.49,1.67,3.14,4,3,5,4,46,51,0.53,0.58,0.1,0.9,2.11,2.35,4.65,1.99,2.13,4.36,3.64,2.18,2.7,2.87,4.82,1.72,3.48,2.25,2.15,1427,1679,1,2,4.14,1
0.54,0.06,1.89,0.67,3.14,1.4,3.63,3.19,7.5,7.1,3.42,4.19,4.83,1.33,3,7,5,1,47,56,0.27,0.49,0.08,0.92,3.94,2.6,4.0,1.38,4.47,3.35,4.27,4.32,3.95,2.44,4.47,3.56,4.25,4.79,4.73,1845,1711,1,3,4.13,0
0.26,0.48,3.0,1.55,3.28,0.88,2.63,2.69,1.5,2.9,2.59,4.28,1.37,1.86,6,3,3,6,47,52,0.09,0.12,0.45,0.55,5.07,3.77,2.09,2.43,4.52,4.31,1.75,2.18,1.78,1.3,3.03,1.29,1.23,3.94,1.2,2020,1651,0,2,2.78,0
0.42,0.79,2.58,1.86,1.8,0.42,2.13,3.52,4.4,3.0,2.72,1.73,2.47,1.4,4,7,0,4,50,48,0.75,0.05,0.53,0.47,4.12,3.51,1.8,1.52,2.96,1.5,3.41,3.67,3.94,2.05,1.39,2.04,1.29,1.46,4.67,1608,1463,0,1,0.96,2
0.41,0.17,0.82,2.5,2.3,3.12,2.53,1.65,1.9,4.4,4.83,3.56,1.61,4.28,4,7,0,2,40,61,0.41,0.03,0.48,0.52,4.87,3.8,3.05,1.43,3.16,4.53,2.04,3.74,1.03,3.36,3.18,1.1,4.23,2.05,1.95,1983,1787,1,1,4.95,0
0.76,0.71,2.06,0.99,1.73,1.47,2.29,3.5,4.0,7.0,4.93,3.7,2.91,4.12,5,7,3,6,48,52,0.49,0.77,0.81,0.19,4.19,2.96,1.05,1.14,3.42,1.69,3.33,1.01,2.31,4.45,1.04,4.61,1.19,3.29,4.32,1500,1829,0,5,3.89,1
0.66,0.7,3.41,3.02,2.94,1.9,2.37,0.77,2.2,3.2,4.11,4.77,2.51,2.34,3,7,4,6,37,60,0.67,0.46,0.78,0.22,2.66,2.49,3.89,1.08,2.11,2.81,4.09,3.71,3.77,1.02,3.1,3.99,2.39,2.68,1.3,1610,2041,1,3,0.53,0
0.65,0.0,2.86,2.63,0.98,1.86,2.92,0.56,4.5,5.9,4.41,1.42,1.46,2.3,7,6,5,1,54,48,0.5,0.37,0.43,0.57,3.36,4.42,1.72,2.28,4.74,1.48,2.78,1.39,4.72,4.01,4.81,1.08,1.81,4.49,1.51,1613,1949,0,1,3.46,2
0.97,0.53,0.44,1.9,2.35,1.92,1.61,2.35,1.2,5.9,2.93,1.79,3.23,2.59,2,7,3,4,43,60,0.95,0.24,0.29,0.71,4.94,3.39,3.15,3.44,3.07,1.93,4.64,3.86,1.08,2.37,1.93,1.31,3.01,3.49,3.37,1517,1938,0,4,1.47,2
0.63,0.32,0.99,0.55,1.39,2.64,0.21,0.73,3.0,6.9,3.52,4.35,4.06,3.42,3,4,6,5,57,43,0.96,0.8,0.58,0.42,5.94,1.53,2.24,2.96,2.63,1.67,4.41,3.4,4.57,4.69,1.79,3.24,3.58,2.51,2.06,1607,1449,1,1,1.23,2
0.52,0.77,1.46,0.77,0.93,0.38,2.37,1.13,3.2,1.4,3.77,4.52,4.22,4.2,2,7,2,3,64,35,0.72,0.52,0.32,0.68,3.4,1.64,4.63,1.29,3.69,4.2,2.17,1.42,3.16,1.68,1.38,1.64,1.12,2.88,3.46,1707,1765,0,4,1.15,0
0.41,0.84,1.03,3.66,2.19,2.52,2.1,0.45,4.1,6.4,1.76,1.5,2.79,2.97,7,2,5,0,51,51,0.33,0.55,0.33,0.67,5.95,2.94,4.78,3.27,1.22,2.26,3.98,1.67,1.12,4.46,4.58,4.49,3.54,1.23,3.92,2003,1723,1,3,0.44,0
0.97,0.07,2.9,3.77,0.27,0.42,2.76,3.35,3.4,1.4,4.79,4.23,3.7,1.78,2,3,2,2,40,58,0.99,0.38,0.23,0.77,5.83,4.55,1.81,2.38,4.1,2.94,1.67,4.0,2.68,4.69,2.54,3.19,1.26,1.29,1.21,1609,1920,0,5,2.2,2
0.6,0.76,3.42,0.28,3.49,0.61,3.0,0.95,7.0,6.9,1.1,1.67,4.98,4.5,7,6,2,6,56,45,0.98,0.59,0.65,0.35,4.55,3.57,4.2,3.72,2.75,1.88,2.24,2.09,2.19,4.13,2.23,4.06,4.48,1.4,1.47,1591,1815,0,4,4.64,1
0.42,0.33,2.25,2.56,1.27,3.42,2.22,1.84,2.8,2.7,2.58,3.1,1.15,4.07,6,2,5,3,51,49,0.96,0.03,0.07,0.93,4.47,2.0,4.37,3.33,2.37,1.9,4.04,4.91,3.78,1.66,3.83,3.52,4.72,2.14,4.27,1507,2085,0,2,0.3,0
0.14,0.68,3.74,2.86,1.99,1.97,0.85,1.83,1.8,6.4,3.11,2.3,3.75,2.4,3,2,6,2,56,41,0.31,0.42,0.79,0.21,2.71,3.29,1.11,1.4,1.99,4.23,1.99,2.42,3.15,1.34,2.43,3.15,2.51,4.87,3.49,1930,2061,1,4,4.12,2
0.07,0.45,0.83,1.59,0.79,0.93,4.43,3.74,6.7,1.6,2.84,4.77,2.36,2.35,2,5,1,1,65,36,0.69,0.33,0.28,0.72,5.7,3.1,4.2,1.87,3.53,3.0,1.18,2.07,4.46,2.99,4.6,4.44,1.13,1.4,3.39,1823,1926,1,5,4.34,0
0.21,0.41,3.34,3.15,1.93,0.81,4.09,2.43,7.6,2.5,2.6,4.57,3.73,4.66,5,3,4,4,40,60,0.41,0.73,0.51,0.49,3.8,4.43,2.69,3.93,3.74,4.87,4.83,4.05,4.68,1.04,3.32,4.63,1.63,1.7,4.03,1971,2025,0,3,2.57,0
0.18,0.37,1.59,3.4,0.26,2.96,2.25,3.67,3.9,1.4,1.3,3.93,3.75,3.11,6,6,2,6,41,56,0.55,0.35,0.55,0.45,2.14,4.02,2.03,2.84,4.53,3.27,4.8,2.36,2.87,3.91,2.67,3.05,1.96,2.5,4.68,1439,2071,1,4,0.33,1
0.3,0.63,1.96,0.61,2.21,1.0,4.3,4.36,6.1,1.4,1.05,4.21,1.66,4.95,2,7,5,5,55,45,0.21,0.35,0.06,0.94,4.34,1.59,4.75,4.06,3.06,3.55,3.17,2.36,4.27,1.87,2.41,3.31,3.09,1.57,4.59,1829,1732,1,1,2.34,0
0.05,0.86,0.26,0.31,1.85,3.1,4.39,2.89,3.8,1.8,1.15,2.42,3.54,3.74,6,4,4,0,59,43,0.37,0.14,0.3,0.7,5.23,4.88,2.51,1.67,3.02,2.26,4.31,3.13,2.14,3.86,1.42,2.82,1.6,2.3,2.39,1671,1917,1,5,0.13,1
0.71,0.18,1.94,1.79,2.7,3.24,2.89,0.9,2.5,1.1,3.79,1.74,4.25,2.73,5,3,6,0,51,47,0.28,0.49,0.57,0.43,4.83,3.39,2.68,2.24,2.58,1.2,3.27,4.61,1.51,3.31,1.53,2.05,1.65,4.06,4.95,2014,1569,0,4,2.2,2
0.64,0.77,2.74,2.88,1.9,1.84,2.45,3.61,6.3,7.5,2.94,2.71,2.73,1.87,7,2,5,1,42,59,0.79,0.03,0.29,0.71,3.77,3.16,4.45,2.88,4.62,3.19,1.52,4.25,3.32,1.15,2.59,2.31,1.32,3.44,4.2,1537,1959,1,5,0.32,0
0.34,0.51,1.57,1.71,1.88,0.93,3.86,1.34,7.1,6.1,1.12,2.05,4.49,1.04,7,7,6,2,51,51,0.29,0.92,0.96,0.04,2.55,2.51,3.77,1.65,1.19,3.17,3.05,4.75,4.85,4.63,4.1,4.72,3.69,4.37,1.41,1802,1807,0,4,2.61,1
0.64,0.94,1.45,1.68,3.43,3.48,3.26,2.31,6.6,7.4,3.13,3.65,2.18,3.02,4,3,2,3,49,52,0.26,0.95,0.01,0.99,4.04,1.25,1.74,1.84,4.78,3.82,2.21,3.93,2.68,4.73,4.86,2.98,1.44,1.04,1.77,1570,1726,0,5,0.81,0
0.45,0.09,1.86,1.96,2.99,1.99,0.37,0.77,5.9,4.9,2.3,4.02,4.69,4.53,6,2,3,2,59,39,0.49,0.31,0.26,0.74,2.43,3.87,4.36,4.68,3.82,1.67,1.5,1.89,1.71,4.77,3.19,4.46,4.58,4.0,2.75,1497,1767,0,2,4.15,0
0.38,0.9,2.41,1.96,0.2,0.56,2.7,1.54,5.2,1.0,1.09,1.98,2.89,2.83,3,4,6,2,44,55,0.41,0.52,0.26,0.74,5.14,2.14,2.82,1.05,3.49,3.17,1.31,4.18,1.11,2.22,3.02,2.27,3.56,2.85,4.8,2002,1427,0,5,1.74,0
0.33,0.89,1.48,2.97,1.44,2.27,2.26,1.73,5.1,3.8,2.76,3.28,1.7,1.72,4,3,5,2,40,63,0.44,0.91,0.38,0.62,3.74,3.44,3.76,3.31,1.76,4.58,1.79,2.98,3.46,4.42,2.43,3.81,1.77,2.38,4.15,1861,1974,0,3,2.39,1
0.61,0.97,0.69,1.12,1.36,0.28,0.4,1.77,2.8,7.3,1.34,1.93,1.23,4.21,2,4,5,2,51,47,0.46,0.88,0.98,0.02,5.88,4.98,2.55,4.62,3.31,3.22,3.35,2.02,1.91,3.74,2.02,1.4,3.35,4.08,2.74,1481,2058,1,5,2.86,0
0.23,0.94,1.66,1.38,1.29,2.58,4.46,1.32,6.4,4.4,4.99,2.72,1.55,3.41,4,5,1,0,39,64,0.45,0.7,0.7,0.3,3.4,2.29,3.68,3.99,4.85,3.23,1.57,3.51,2.53,4.0,4.34,1.44,4.14,2.49,1.74,1656,1501,0,5,2.19,0
0.33,0.58,2.98,3.0,3.47,1.32,3.99,0.89,4.1,1.4,4.33,3.42,1.4,1.67,6,5,6,1,42,61,0.97,0.2,0.43,0.57,5.9,3.18,2.66,4.44,3.98,2.27,4.31,3.12,4.38,2.58,2.24,4.4,1.65,4.35,3.4,1902,1790,0,3,0.18,1
0.82,0.3,2.03,2.08,2.24,1.64,4.48,3.98,3.6,5.7,3.46,4.86,3.94,3.84,3,4,6,2,38,62,0.78,0.14,0.36,0.64,5.0,3.8,3.7,1.8,2.35,3.76,4.71,3.8,2.55,2.68,3.84,4.52,3.4,2.8,3.32,1612,1672,0,3,1.78,0
0.86,0.76,0.26,2.37,2.03,2.46,3.26,2.45,6.9,3.9,2.02,1.15,1.92,1.93,7,5,2,6,37,61,0.25,0.26,0.5,0.5,3.91,1.68,1.1,3.0,4.04,3.77,4.11,3.24,4.75,1.32,4.78,3.69,4.3,1.64,3.63,1713,1441,0,2,2.59,0
0.78,0.57,2.01,3.62,3.37,0.76,2.88,3.09,2.0,1.7,3.93,3.1,4.27,4.84,3,5,0,3,38,65,0.56,0.22,0.88,0.12,2.65,2.95,4.71,3.0,1.98,4.47,3.15,4.22,1.41,1.43,2.21,3.4,4.4,4.12,4.32,1559,2007,1,1,2.85,0
0.77,0.37,1.42,2.12,3.26,2.57,1.49,2.01,8.0,3.3,1.92,4.19,1.22,3.14,4,6,0,5,49,53,0.48,0.77,0.75,0.25,5.15,1.66,4.37,4.35,1.66,2.47,3.82,4.96,1.66,4.71,4.41,3.96,3.49,3.11,2.29,1555,1950,1,1,4.58,0
0.46,0.3,2.17,0.96,0.53,1.2,0.54,4.11,5.7,2.5,1.11,2.05,2.0,4.08,5,6,3,5,53,45,0.4,0.98,0.23,0.77,2.2,3.2,3.64,1.16,3.5,1.29,2.1,2.47,2.89,2.34,4.54,2.63,1.95,3.57,4.66,1591,1517,1,1,2.16,0
0.32,0.8,0.41,3.5,3.28,2.49,3.75,0.84,3.6,5.2,4.55,3.04,4.1,4.32,7,2,2,6,64,35,0.07,0.34,0.73,0.27,2.72,2.57,1.02,1.61,4.12,3.21,2.1,3.71,1.59,1.31,4.44,3.22,2.51,1.59,4.61,1715,2067,1,3,3.57,0
0.86,0.76,2.54,2.1,1.04,3.49,3.71,4.06,2.4,6.6,2.42,3.44,2.82,3.34,2,3,4,2,37,62,0.01,0.79,0.12,0.88,5.69,3.25,1.85,3.16,3.49,4.65,1.54,4.39,3.25,2.28,1.86,3.52,2.96,3.98,1.23,1561,1672,1,1,1.68,2
0.88,0.92,0.8,1.8,0.74,0.24,0.98,1.25,6.9,1.7,3.3,1.84,3.18,1.28,6,4,4,3,64,38,0.67,0.45,0.38,0.62,2.53,2.32,2.01,3.15,4.89,2.23,1.89,3.71,3.57,4.36,4.01,3.94,3.16,3.28,2.12,1578,1577,1,4,3.15,1
0.56,0.41,1.59,2.88,3.04,1.62,2.17,2.72,5.5,7.3,2.44,3.29,4.56,1.58,7,6,3,6,63,34,0.34,0.74,0.37,0.63,3.49,3.89,3.62,2.2,4.78,1.44,4.07,3.57,2.62,4.73,2.29,2.23,3.47,1.11,1.04,1455,1786,1,3,2.86,0
0.26,0.41,1.62,1.58,0.43,1.16,3.13,1.46,1.4,2.8,2.22,2.43,4.47,2.42,2,5,3,3,51,47,0.15,0.46,0.46,0.54,3.84,1.96,1.27,1.54,2.02,1.86,1.0,1.36,3.32,3.16,4.18,3.17,4.6,1.62,3.24,1785,1699,1,3,1.06,2
0.22,0.57,2.18,1.43,0.86,0.26,1.64,1.19,4.0,2.9,1.2,3.43,1.5,4.26,5,4,6,4,58,42,0.3,0.87,0.43,0.57,3.75,1.71,3.54,1.66,2.93,2.69,3.92,2.84,4.12,2.61,1.3,3.69,4.73,2.33,1.06,1567,1743,0,5,0.73,0
0.16,0.71,1.81,3.62,0.49,2.37,1.37,4.2,6.9,2.4,2.04,3.71,3.57,2.84,6,2,3,1,64,38,0.3,0.28,0.89,0.11,4.8,1.13,3.85,3.24,2.87,1.55,3.97,4.85,1.13,4.15,2.38,1.09,2.55,2.8,2.48,1918,1916,0,1,1.67,0
0.49,0.83,1.78,2.24,1.96,3.43,0.79,2.29,2.1,6.7,1.24,1.05,3.89,2.87,2,5,3,1,56,41,0.08,0.27,0.53,0.47,4.59,2.26,4.39,2.76,1.72,4.93,2.11,1.9,1.04,1.65,1.85,1.68,2.5,3.76,1.49,1409,1958,1,4,2.41,1
0.98,0.33,0.43,2.72,3.07,2.05,1.15,1.26,5.7,5.8,3.16,1.04,2.44,3.12,6,5,6,1,59,39,0.04,0.39,0.66,0.34,5.48,1.23,2.4,2.4,3.61,1.22,3.27,2.72,1.43,3.92,3.66,1.32,2.78,3.93,4.62,1666,1891,1,1,1.07,0
0.89,0.87,1.95,0.23,0.4,1.86,3.97,1.49,4.3,4.6,1.3,1.77,2.12,1.67,6,4,1,0,42,57,0.37,0.75,0.78,0.22,4.78,1.25,2.9,2.31,3.8,2.99,3.23,4.6,2.17,4.16,3.73,3.73,3.67,2.92,2.41,1442,1938,0,2,0.37,1
0.92,0.19,0.44,3.75,2.87,3.21,3.57,0.5,4.6,6.3,4.79,4.23,2.1,2.02,7,3,3,3,46,53,0.44,0.01,0.26,0.74,2.58,2.65,4.5,2.35,2.35,1.23,2.5,3.19,1.44,1.04,1.89,4.14,4.38,3.86,2.39,1883,1992,1,2,2.42,0
0.04,0.28,3.64,1.45,1.1,1.46,1.38,3.17,5.0,5.2,4.49,4.97,4.24,4.42,4,6,4,5,49,50,0.88,0.29,0.58,0.42,3.4,3.43,3.23,3.61,2.12,1.58,2.93,4.16,4.58,3.83,2.48,2.49,2.11,3.46,3.44,1472,1447,1,1,3.3,2
0.41,0.7,1.36,2.65,0.77,1.4,1.51,1.7,1.9,3.6,1.22,1.42,1.16,4.04,5,3,6,6,35,63,0.52,0.08,0.89,0.11,3.66,4.49,1.82,2.97,3.96,3.44,4.24,1.98,3.58,3.83,2.68,4.34,4.75,1.74,4.36,1645,1871,1,5,2.03,0
0.18,0.43,2.6,2.18,0.26,1.85,3.56,3.03,7.5,6.8,1.96,2.3,4.43,4.9,6,7,4,4,59,42,0.7,0.98,0.85,0.15,4.4,3.6,3.62,3.65,4.42,4.6,4.72,2.91,1.86,3.42,3.5,2.3,4.38,3.25,3.33,1818,2004,1,4,3.32,1
0.79,0.61,3.37,3.69,2.14,1.04,3.67,4.29,7.2,1.5,2.41,2.92,2.34,1.38,2,5,0,5,57,40,0.91,0.23,0.27,0.73,5.52,3.49,4.51,1.88,3.36,3.03,4.5,4.89,3.15,4.32,3.07,1.11,4.79,4.8,4.14,2075,1855,1,5,1.49,0
0.2,0.12,1.57,3.31,0.64,0.69,0.88,0.92,2.1,5.7,2.66,2.53,2.81,4.79,5,7,1,2,39,61,0.46,0.25,0.17,0.83,4.82,1.71,3.12,2.05,3.02,3.0,4.3,3.22,3.39,1.11,2.3,2.4,2.51,3.83,4.54,1811,1475,1,4,3.34,0
0.78,0.77,3.77,3.41,2.11,1.05,3.74,1.65,4.7,1.1,4.41,3.8,1.78,4.4,2,5,6,6,44,53,0.34,0.93,0.98,0.02,3.89,3.35,2.96,4.97,3.82,3.11,2.78,3.45,4.62,1.81,1.25,4.63,4.28,4.25,2.51,1554,1916,1,3,2.5,0
0.34,0.08,1.21,0.36,0.67,1.09,3.06,0.83,2.9,5.2,4.2,3.53,4.19,3.96,2,3,6,5,63,37,0.94,0.7,0.84,0.16,5.15,4.85,3.92,3.72,1.43,2.61,1.35,1.93,4.36,1.83,1.89,4.7,4.24,1.53,1.23,2040,1506,1,2,1.24,2
0.11,0.01,2.67,0.33,3.41,2.04,3.96,3.88,4.6,7.4,1.79,1.19,2.35,4.31,3,4,4,4,49,50,0.92,0.2,0.97,0.03,4.62,1.64,4.02,1.17,3.72,4.29,3.35,1.76,3.74,3.71,2.38,2.32,3.49,3.89,1.58,1686,1954,1,3,2.3,0
0.22,0.01,1.25,2.16,3.15,2.24,2.63,3.67,6.3,6.3,4.1,2.63,4.41,4.31,7,5,4,5,41,58,0.38,0.99,0.56,0.44,5.75,3.62,3.85,3.25,1.16,3.22,3.47,1.92,2.94,4.01,1.71,3.27,3.39,3.75,2.37,1833,1558,0,3,0.61,2
0.91,0.15,3.03,0.62,2.68,0.41,3.52,4.48,1.8,4.7,3.99,2.14,3.18,2.79,2,7,6,3,50,50,0.06,0.81,0.28,0.72,4.95,1.68,2.31,2.36,3.28,3.41,4.18,3.32,4.58,2.54,4.08,3.74,4.37,1.2,3.62,1666,1847,1,4,0.34,1
0.46,0.41,1.08,2.69,0.43,0.98,3.85,3.67,8.0,2.6,2.05,3.66,2.6,3.69,4,5,3,6,37,66,0.16,0.07,0.63,0.37,3.79,4.43,3.11,4.17,1.74,4.19,4.46,1.15,2.46,3.33,3.42,3.66,2.51,3.07,3.33,1851,1827,1,3,2.84,1
0.81,0.32,2.43,3.03,3.44,0.83,3.1,3.5,2.4,6.9,1.44,2.69,1.51,2.51,3,2,3,1,53,48,0.11,0.33,0.6,0.4,4.35,4.88,4.67,4.41,1.96,4.07,4.6,3.66,3.85,3.51,4.86,3.75,2.31,2.01,4.17,1491,1864,0,5,0.33,0
0.52,0.46,1.26,2.38,2.17,3.43,0.42,0.99,2.3,3.9,4.52,4.07,2.76,4.52,2,2,5,2,59,38,0.02,0.46,0.47,0.53,2.06,3.7,1.09,2.05,3.89,3.33,4.99,4.68,4.08,2.32,1.99,2.54,3.26,2.9,4.2,1468,2026,1,3,3.34,1
0.48,0.41,3.14,0.31,0.23,3.06,2.04,1.52,6.1,2.2,3.15,2.59,2.37,3.47,4,6,0,3,57,45,0.93,0.61,0.52,0.48,3.81,3.94,4.88,1.54,1.17,4.59,1.34,2.22,1.63,3.7,3.36,4.28,2.0,1.61,1.16,1737,1525,1,4,3.73,2
0.14,0.95,1.32,3.68,2.11,1.47,0.79,1.35,3.5,6.2,2.37,2.44,4.69,2.87,5,2,0,5,36,63,0.32,0.21,0.59,0.41,2.3,2.56,2.75,1.98,2.46,4.27,1.11,1.65,1.88,2.78,3.26,3.59,1.46,3.28,3.19,1643,2065,0,4,1.11,0
0.59,0.18,2.04,0.34,0.31,0.84,1.28,4.21,1.7,1.4,2.06,2.65,4.09,3.06,7,2,0,2,56,42,0.32,0.58,0.64,0.36,2.72,2.49,3.58,2.82,1.41,1.29,3.78,3.82,1.26,4.48,1.15,2.04,1.81,3.53,4.86,1579,1761,0,2,3.24,2
0.96,0.67,3.29,3.8,1.03,1.25,2.51,1.53,5.0,4.1,1.61,1.31,1.89,1.34,3,2,1,2,50,48,0.86,0.23,0.39,0.61,2.64,3.48,1.01,3.75,1.41,3.16,3.27,2.62,4.81,1.64,4.42,2.96,2.08,3.88,1.31,1938,1699,1,3,0.62,2
0.55,0.96,1.18,2.11,1.48,0.75,2.31,2.73,6.5,6.8,2.9,2.37,1.49,2.61,4,6,0,5,36,61,0.72,0.14,0.47,0.53,2.97,3.8,1.02,2.13,1.92,4.81,3.98,2.61,4.44,2.62,4.14,1.07,3.24,1.73,2.61,1852,1604,1,3,4.32,1
0.51,0.41,2.38,0.84,1.41,0.9,1.33,4.0,6.1,1.1,3.08,4.24,4.36,3.8,4,6,5,6,43,54,0.47,0.55,0.33,0.67,2.06,4.72,4.84,3.08,4.5,4.76,2.92,1.9,3.28,1.72,1.92,1.45,1.97,1.22,3.96,1706,1764,0,4,3.75,0
0.54,0.45,3.5,1.47,2.53,2.55,3.62,2.85,7.7,7.9,2.0,3.95,4.16,3.6,7,7,2,2,42,57,0.36,0.34,0.51,0.49,2.99,1.47,3.55,2.36,3.93,3.59,4.42,1.72,2.49,4.4,1.01,2.83,2.59,2.55,2.81,1956,1747,1,4,2.51,0
0.89,0.66,0.67,3.34,0.5,0.71,4.33,1.02,5.4,4.4,3.53,2.03,3.03,1.7,4,4,3,4,65,34,0.35,0.91,0.74,0.26,4.22,4.64,1.62,4.3,3.14,2.4,1.46,1.17,3.37,2.88,4.91,1.23,1.08,3.53,4.65,1746,1473,1,4,4.91,2
0.14,0.75,2.03,3.05,2.71,2.83,1.37,0.74,7.7,2.6,2.05,3.95,4.49,2.8,3,7,1,6,44,56,0.3,0.24,0.96,0.04,3.8,2.21,4.68,2.64,2.47,3.01,2.76,1.39,4.71,1.4,1.17,3.01,1.36,4.4,2.33,1501,1480,0,3,3.55,0
0.51,0.25,0.6,0.5,3.4,0.55,0.23,2.06,4.7,4.4,1.33,3.97,4.23,1.94,5,4,2,1,55,45,0.43,0.98,0.44,0.56,4.04,1.18,1.62,4.47,3.55,4.65,4.19,1.82,1.66,3.41,3.15,3.06,1.79,4.37,3.68,1581,1445,1,1,0.39,0
0.01,0.14,1.37,0.76,0.29,2.81,3.55,2.63,2.8,2.5,2.22,4.36,3.17,2.52,2,3,2,0,56,43,0.97,0.22,0.68,0.32,4.7,3.52,4.93,1.67,4.25,1.14,4.48,3.61,4.87,2.76,4.61,4.92,2.87,2.96,3.65,1863,1587,0,1,1.58,0
0.45,0.76,1.95,3.13,2.72,2.52,3.21,1.18,1.6,7.3,2.91,4.12,4.16,1.67,6,5,4,2,43,55,0.4,0.38,0.05,0.95,2.64,1.98,4.64,3.09,1.66,4.06,3.97,4.28,2.04,3.24,1.0,3.75,3.83,3.63,1.15,1541,1485,1,1,4.77,0
0.74,0.37,1.06,3.5,1.53,1.62,3.11,1.45,6.0,6.6,3.25,1.12,1.46,3.14,3,7,1,1,35,64,0.46,0.56,0.58,0.42,2.72,4.39,3.77,1.64,3.19,2.77,3.01,2.88,1.92,1.82,3.52,2.33,4.44,2.3,2.82,1826,1914,0,4,2.04,0
0.66,0.53,1.9,1.13,1.52,1.82,0.25,2.83,6.5,7.6,4.46,1.89,2.87,1.13,5,5,4,5,47,52,0.59,0.65,0.67,0.33,2.66,2.63,3.69,3.08,4.87,3.21,2.85,3.96,1.48,2.02,2.27,4.9,4.55,2.62,3.61,1741,2028,1,3,2.24,2
0.87,0.28,0.23,0.59,0.93,2.54,4.27,2.18,5.1,1.5,4.85,2.49,3.03,2.03,2,7,5,5,41,57,0.6,0.08,0.07,0.93,4.24,3.53,2.48,2.68,4.78,2.68,1.02,1.68,3.94,1.81,1.31,3.37,3.58,3.89,1.57,1578,2096,1,1,4.84,2
0.79,0.06,3.78,1.11,0.31,3.24,0.35,1.5,4.5,1.8,2.54,3.82,2.23,2.83,7,5,1,5,48,49,0.6,0.06,0.06,0.94,5.96,5.0,2.21,3.35,4.07,3.34,3.89,4.03,3.5,4.94,1.23,4.17,1.44,1.31,1.79,1938,1703,0,5,1.64,2
0.57,0.62,2.53,3.71,1.41,2.19,2.83,0.31,6.4,1.6,4.57,2.36,3.92,3.2,3,3,0,0,51,51,0.52,0.07,0.28,0.72,3.19,3.67,1.0,3.6,1.34,4.63,3.39,1.79,3.89,1.36,1.4,3.96,1.44,1.81,2.8,1566,1543,1,4,4.54,2
0.39,0.23,0.91,2.23,3.32,2.44,4.33,2.66,2.9,7.3,2.64,2.79,1.07,1.25,2,2,0,6,38,63,0.71,0.81,0.61,0.39,2.82,2.5,4.65,2.84,3.92,1.09,3.71,3.85,3.99,2.48,4.35,3.2,4.68,3.65,3.59,1483,1908,1,2,0.61,0
0.83,0.67,2.99,2.87,2.09,0.3,1.24,0.86,6.6,1.7,1.65,3.05,3.57,2.37,6,2,3,2,59,38,0.88,0.04,0.78,0.22,3.91,4.77,1.74,4.5,3.45,3.4,3.87,4.47,4.45,2.46,2.69,1.86,2.05,4.39,4.11,1781,1472,1,3,4.65,2
0.37,0.73,0.82,2.59,0.66,1.12,2.44,2.03,4.5,5.6,2.11,4.37,1.27,4.24,6,5,4,5,38,65,0.17,0.92,0.31,0.69,3.64,1.83,5.0,4.59,4.82,2.08,1.54,2.75,1.43,3.23,2.86,3.17,3.61,1.82,4.14,2062,1967,0,4,3.69,0
0.84,0.61,3.43,3.21,3.25,2.52,0.82,2.96,3.0,5.7,1.47,3.68,1.36,2.44,6,2,2,2,61,36,0.19,0.46,0.87,0.13,3.46,3.44,3.85,1.76,3.11,2.91,1.41,4.14,2.43,4.35,1.87,2.03,1.76,2.51,2.34,2070,1677,1,1,4.28,0
0.3,0.16,0.77,0.49,1.37,2.82,1.25,2.41,1.7,5.0,2.93,1.01,2.78,4.55,6,2,4,6,39,62,0.46,0.9,0.18,0.82,2.26,4.36,1.62,4.46,1.18,1.39,3.38,1.79,2.15,3.39,3.25,2.44,1.39,2.23,2.84,2001,1851,1,5,4.64,2
0.01,0.44,0.93,2.35,1.03,0.59,3.05,4.06,6.2,5.5,1.5,1.97,4.44,3.87,5,4,6,4,42,60,0.16,0.2,0.13,0.87,4.51,4.68,3.48,1.67,2.3,2.77,3.85,2.66,4.02,4.41,4.65,2.2,4.91,1.81,3.26,2084,1736,1,3,3.31,0
0.77,0.25,2.03,0.43,3.12,0.22,1.13,4.5,7.6,4.1,1.32,2.34,4.66,2.79,3,2,2,4,44,53,0.26,0.31,0.35,0.65,5.22,1.77,1.2,2.68,1.54,3.3,2.06,3.27,1.9,4.32,2.62,1.75,3.32,3.91,1.22,1444,1493,1,4,1.88,2
0.12,0.56,1.14,0.78,2.76,1.91,2.03,2.19,1.3,6.6,3.23,1.03,4.28,1.5,2,6,2,4,46,56,0.96,0.93,0.57,0.43,3.38,1.72,4.57,4.72,2.9,3.38,2.05,2.35,3.13,2.46,3.32,3.54,3.91,2.6,3.44,2012,1844,1,4,3.19,2
0.16,0.36,3.41,0.84,0.63,0.89,2.95,1.42,4.8,4.3,2.99,1.21,1.2,4.07,7,3,2,2,63,37,0.78,0.18,0.38,0.62,3.6,3.87,4.18,4.19,2.9,4.98,3.78,1.58,4.48,1.76,3.39,1.79,3.07,3.67,3.56,1908,1459,1,2,4.67,2
0.4,0.18,2.57,1.5,1.11,3.08,3.35,0.53,7.3,2.9,2.43,1.32,2.92,3.23,2,7,4,3,50,52,0.34,0.83,0.52,0.48,4.3,4.35,1.5,3.58,3.65,3.67,2.01,1.56,4.63,2.05,2.97,3.67,3.09,4.75,3.11,1671,1887,0,2,2.63,2
0.21,0.67,0.52,0.39,2.35,2.68,2.4,1.72,4.0,5.3,1.72,1.55,4.27,2.25,7,5,3,5,41,61,0.48,0.05,0.8,0.2,2.62,1.42,1.85,4.61,1.3,4.79,3.13,4.39,3.21,4.51,3.55,1.89,1.29,2.1,2.91,1885,1724,0,5,2.5,2
0.33,0.85,3.51,3.65,1.14,0.84,1.08,2.54,1.7,4.9,3.5,1.65,3.44,1.03,7,3,2,5,62,40,0.68,0.5,0.63,0.37,2.27,1.88,4.88,1.46,4.48,3.73,3.53,1.9,2.65,3.18,2.58,1.85,3.18,2.59,3.66,1858,1508,0,4,3.74,0
0.77,0.67,0.2,3.42,1.94,0.36,1.56,1.79,2.6,2.6,1.45,4.29,1.08,2.03,7,7,4,6,44,58,0.28,0.16,0.5,0.5,3.67,3.7,1.8,3.12,2.99,3.19,3.64,4.06,2.66,3.64,4.15,1.93,2.03,4.69,2.53,1415,1427,1,1,0.87,0
0.38,0.48,2.33,0.57,2.5,3.16,1.21,2.73,7.4,6.1,1.82,4.52,1.77,3.5,6,6,3,4,58,39,0.34,0.42,0.11,0.89,2.79,3.27,3.74,3.84,2.98,4.05,3.36,1.01,3.26,1.14,1.49,1.63,4.23,1.8,3.48,1565,1447,1,3,2.49,0
0.87,0.94,2.23,1.32,1.04,0.53,0.6,3.54,2.5,2.5,1.75,4.94,3.36,1.81,5,6,1,6,54,45,0.83,0.36,0.98,0.02,3.16,1.47,2.75,3.9,3.77,4.29,3.81,1.86,1.03,1.19,3.81,3.53,2.77,4.68,4.29,1795,2041,1,4,1.4,0
0.0,0.86,2.96,2.87,0.6,1.48,2.22,1.45,4.4,4.4,4.13,4.68,4.9,3.79,4,3,6,4,65,32,0.17,0.58,0.92,0.08,2.04,3.3,2.2,2.19,1.78,2.27,4.16,3.33,4.81,2.09,1.65,2.93,4.25,4.3,2.47,1474,1503,1,2,2.6,2
0.78,0.82,1.26,1.55,2.43,2.3,0.61,1.89,6.0,5.0,3.59,4.81,2.71,1.82,5,3,0,5,61,38,0.79,0.7,1.0,0.0,5.37,4.65,3.32,1.85,1.98,1.21,2.71,4.43,4.14,2.55,2.41,1.39,2.34,3.8,2.85,1721,1733,1,1,1.07,1
0.91,0.94,1.11,0.81,1.14,1.0,3.37,1.64,4.2,2.5,1.1,2.35,4.7,1.16,2,5,2,4,64,35,0.58,1.0,0.33,0.67,4.47,1.38,2.7,3.64,2.02,2.03,2.71,3.21,3.69,2.73,1.55,2.73,4.98,1.43,2.6,1535,2078,0,4,4.63,2
0.61,0.22,0.93,2.59,3.34,2.7,2.0,0.99,2.4,1.8,1.26,1.39,3.38,4.61,3,7,3,2,60,40,0.27,0.09,0.98,0.02,3.05,2.38,1.51,1.63,3.03,2.83,4.84,4.35,2.02,3.6,3.89,1.75,4.1,2.07,1.41,1959,1896,1,1,2.66,0
0.48,0.33,1.21,2.91,2.14,1.45,2.45,3.94,6.5,2.3,1.85,3.46,3.8,3.16,6,3,1,2,48,50,0.61,0.14,0.34,0.66,5.64,4.01,3.85,3.45,2.56,1.21,2.36,1.4,2.75,2.39,1.15,4.62,1.54,3.96,1.99,1635,1838,1,2,1.37,0
0.42,0.65,1.57,1.26,0.32,2.22,2.54,4.42,7.9,5.7,3.75,3.24,3.47,2.7,2,7,0,0,42,57,0.42,0.18,0.34,0.66,5.41,1.12,4.99,4.47,2.06,4.13,1.23,2.54,3.72,2.06,4.93,1.52,4.58,2.92,3.84,1458,1566,0,4,2.01,2
0.95,0.45,1.64,1.42,1.58,1.12,3.79,4.04,5.8,2.5,1.22,4.66,3.84,4.24,7,6,2,3,45,52,0.23,0.15,0.63,0.37,5.47,3.73,3.61,2.27,3.4,3.36,4.21,1.59,4.44,2.66,1.25,2.64,2.13,4.46,3.87,1420,1486,0,2,1.98,0
0.9,0.77,2.95,0.8,0.56,2.33,2.54,1.96,4.1,5.0,3.94,3.16,1.59,3.59,2,3,0,2,65,32,0.68,0.54,0.91,0.09,5.72,1.14,1.41,2.14,2.4,1.49,3.24,4.45,2.03,4.04,4.0,3.57,1.4,2.27,3.78,1681,1887,0,3,2.01,2
0.31,0.08,2.09,1.76,1.24,0.24,3.93,4.22,2.1,4.9,4.99,2.15,2.75,4.86,7,5,5,4,50,47,0.75,0.79,0.77,0.23,4.94,2.71,1.06,3.76,2.95,3.81,1.13,4.37,3.13,4.45,1.07,3.7,1.82,1.56,4.12,1492,2017,1,5,0.38,2
0.1,0.21,1.54,2.29,0.66,0.53,0.21,1.17,2.1,3.5,2.09,4.39,4.39,3.65,3,3,0,3,59,39,0.42,1.0,0.42,0.58,5.65,3.78,1.27,1.79,2.79,2.93,2.5,2.34,3.65,4.15,3.12,2.48,1.78,1.97,3.21,1512,1968,0,4,0.85,0
0.56,0.12,3.53,3.22,0.58,1.8,2.29,0.63,6.3,7.1,4.73,3.51,3.47,2.69,3,6,5,0,40,61,0.79,0.5,0.14,0.86,4.81,3.27,2.0,4.58,2.26,1.66,2.64,4.71,4.76,4.79,4.5,1.99,4.88,2.46,2.51,1486,1904,1,1,2.26,2
1.0,0.12,1.55,3.22,0.32,1.64,2.63,0.32,6.0,4.0,3.81,2.97,4.64,2.65,4,2,3,4,63,35,0.94,0.52,0.57,0.43,5.36,1.74,2.39,1.69,4.15,3.22,4.82,2.74,3.99,4.96,2.85,1.14,2.43,2.63,1.78,1680,2044,0,2,4.94,1
0.6,0.3,2.54,2.87,2.26,2.55,1.54,4.5,6.4,4.5,2.08,1.74,1.9,4.5,6,4,5,1,38,62,0.01,0.53,0.54,0.46,5.15,3.86,1.58,2.21,3.1,1.7,1.99,2.46,1.83,3.65,2.11,4.06,2.09,2.39,1.54,1991,1516,0,5,3.57,0
0.5,0.97,1.53,1.91,2.51,1.15,3.39,3.11,7.5,2.3,4.83,1.54,1.09,2.32,3,3,4,3,63,39,0.81,0.56,0.44,0.56,5.75,3.43,3.29,3.68,1.23,3.1,2.74,2.25,3.7,3.41,4.71,1.42,1.51,3.65,3.12,1905,1456,1,5,3.65,2
0.68,0.64,1.46,0.28,0.99,1.44,4.41,0.79,6.8,7.5,4.95,3.98,3.61,3.48,2,4,3,4,44,57,0.22,0.21,0.61,0.39,3.73,3.67,1.04,2.72,4.38,2.47,1.89,3.04,4.0,1.32,4.0,4.56,3.94,3.21,2.64,1470,1783,1,2,3.83,2
0.83,0.77,2.05,3.11,0.52,1.18,3.98,1.0,5.4,6.9,2.86,4.88,1.22,4.07,3,5,2,5,57,43,0.95,0.59,0.02,0.98,5.47,1.02,4.56,2.46,1.02,2.18,3.98,3.45,4.42,4.97,3.54,3.05,1.34,4.49,1.88,1804,2090,1,5,1.25,0
0.92,0.54,1.87,1.35,1.45,1.33,3.18,0.87,3.1,1.5,4.87,4.17,1.71,4.48,6,6,3,4,39,58,0.65,0.01,0.5,0.5,4.89,1.12,1.88,1.13,3.89,4.36,3.07,4.03,4.36,4.21,2.63,3.49,2.22,1.15,1.32,1752,1619,1,5,0.37,0
0.33,0.32,2.13,1.48,0.45,3.0,3.96,1.63,3.7,3.9,2.33,2.13,2.99,3.53,2,5,1,5,43,60,0.35,0.61,0.08,0.92,3.02,4.16,1.69,3.04,2.31,3.21,2.4,3.13,3.91,3.79,1.68,1.33,2.0,4.49,4.17,1572,1717,1,2,0.15,2
0.85,0.13,3.13,2.65,2.03,2.01,3.91,4.23,3.4,7.2,1.63,2.01,4.77,4.82,4,7,3,6,50,47,0.49,0.43,0.84,0.16,5.8,4.39,2.59,3.48,4.8,3.49,3.07,3.03,4.16,3.02,1.38,2.65,4.37,4.19,1.49,2020,1848,1,1,2.69,2
0.78,0.96,1.27,2.86,1.15,3.26,3.38,2.9,6.3,7.3,2.54,4.7,3.73,1.38,3,5,0,2,62,38,0.08,0.3,0.06,0.94,3.69,2.01,2.68,1.21,1.93,4.56,3.71,2.47,1.79,1.05,1.55,2.38,1.59,1.24,3.55,1544,2086,0,3,2.05,0
0.03,0.69,2.19,0.73,2.28,0.7,0.77,0.39,4.1,5.4,2.47,2.16,3.27,2.25,7,7,5,3,39,58,0.88,0.0,0.79,0.21,3.28,2.01,1.48,3.84,4.58,1.46,4.9,2.05,2.65,2.61,2.42,1.08,4.58,3.29,3.25,1704,1448,0,5,1.76,2
0.27,1.0,3.8,2.36,3.0,1.8,2.66,3.14,6.0,6.4,4.79,4.98,4.89,1.2,4,7,4,6,59,40,0.19,0.77,0.89,0.11,3.48,3.28,1.09,4.03,2.79,1.87,1.72,4.1,2.73,1.82,2.1,4.52,3.96,3.93,3.9,1891,1996,0,3,2.52,2
0.41,0.87,3.04,3.4,0.94,2.41,2.48,0.67,2.1,2.3,2.4,2.95,3.97,1.48,5,4,2,1,55,45,0.46,0.53,0.1,0.9,3.48,3.78,1.34,3.54,4.36,3.66,3.15,4.07,1.55,1.31,3.9,4.46,2.89,2.41,2.29,1632,2092,1,2,2.66,2
0.08,0.47,1.34,1.77,1.8,0.64,1.77,3.63,6.7,4.0,3.74,2.27,3.33,2.57,5,3,1,5,61,42,0.69,0.62,0.45,0.55,4.11,4.17,1.23,4.57,1.97,1.11,2.92,1.55,1.06,1.78,2.76,3.82,3.22,3.19,4.72,2018,1917,1,3,1.48,2
0.48,0.57,0.36,2.24,3.04,2.51,4.48,1.63,1.4,1.6,1.23,4.62,3.57,1.06,4,7,3,4,45,58,0.69,0.34,0.17,0.83,2.32,3.47,1.24,1.65,2.38,4.49,4.27,1.78,3.1,3.54,1.99,3.63,3.86,1.22,2.97,1997,1409,0,1,1.28,0
0.91,0.6,2.32,1.28,2.08,0.9,0.63,4.4,1.9,7.8,3.0,4.97,2.31,4.79,4,5,5,0,51,50,0.91,0.9,0.4,0.6,3.63,4.66,1.32,1.84,3.94,1.76,1.59,2.75,1.22,2.03,4.04,4.52,2.41,1.28,1.59,1954,1688,0,1,3.02,0
0.79,0.73,1.23,3.06,1.21,1.22,4.07,1.11,7.9,2.9,2.25,4.63,2.28,2.49,3,7,6,3,43,55,0.07,0.07,0.29,0.71,2.76,1.1,2.88,1.53,2.32,4.97,3.35,1.89,4.12,3.76,2.1,4.66,4.11,3.84,4.52,1985,1843,0,2,2.12,0
0.56,0.79,0.34,0.38,1.46,2.13,1.69,3.47,1.1,7.7,2.96,2.41,2.53,3.01,5,5,0,2,54,47,0.32,0.34,0.94,0.06,4.1,2.65,3.1,3.3,4.14,2.01,1.5,1.26,2.17,1.89,4.84,4.48,4.13,1.29,4.23,1872,1680,1,5,2.08,1
0.04,0.24,2.21,2.52,2.06,2.9,4.3,3.6,6.3,7.8,1.83,2.18,1.82,2.21,4,6,2,0,41,62,0.5,0.3,0.48,0.52,4.88,2.6,1.51,1.71,4.42,4.72,2.94,4.97,4.84,2.02,4.55,2.9,1.32,1.3,1.25,1652,1640,0,4,2.75,0
0.73,0.8,1.76,1.79,0.97,2.05,2.25,2.59,4.5,7.2,3.94,2.83,4.36,3.71,6,7,5,0,37,62,0.3,0.78,0.48,0.52,5.29,4.99,4.36,1.2,2.35,2.4,4.63,4.77,4.44,2.13,2.09,2.97,1.85,4.99,1.69,1427,1999,0,1,3.03,2
0.98,0.92,3.48,2.93,1.85,0.33,3.16,2.19,3.1,6.9,4.28,4.2,4.35,1.5,2,4,6,5,36,63,0.32,0.39,0.93,0.07,2.36,3.34,1.66,4.64,2.59,1.68,3.73,4.07,4.91,2.02,4.81,4.02,4.94,2.31,1.13,1617,1655,0,5,2.14,2
0.46,0.11,3.36,3.06,2.32,3.04,3.23,0.7,5.5,1.6,2.6,2.79,3.65,3.62,4,2,0,4,41,57,0.33,0.92,0.43,0.57,4.6,4.93,2.24,4.51,2.16,1.25,2.05,1.72,3.57,3.14,4.93,3.34,3.2,4.65,1.24,1929,1888,1,4,1.32,2
0.72,0.21,1.26,3.65,0.48,1.07,1.8,0.71,6.0,7.2,4.39,3.65,2.15,1.69,5,4,2,6,40,58,0.28,0.98,0.31,0.69,5.37,1.2,4.32,4.44,4.22,2.42,1.97,2.92,2.45,1.33,1.74,2.2,1.45,1.59,1.79,2039,2051,0,3,1.44,0
0.56,0.03,3.61,2.33,2.24,1.53,2.2,0.97,6.7,3.6,3.73,4.19,2.06,2.41,5,7,5,3,36,66,0.08,0.8,0.57,0.43,4.27,1.03,3.49,4.95,4.59,4.77,3.3,3.08,2.04,4.52,1.25,1.51,4.86,2.32,4.09,1478,1664,1,4,3.22,0
1.0,0.49,0.26,3.02,0.85,1.87,3.77,3.64,4.0,2.0,2.35,1.29,2.85,1.21,7,4,3,0,38,60,0.77,0.22,0.42,0.58,4.69,2.62,1.69,2.26,4.04,3.4,3.61,1.67,2.27,4.14,1.32,2.23,4.43,1.32,4.04,1945,1951,1,2,0.17,2
0.05,0.82,1.36,0.44,2.26,1.11,3.83,3.57,1.8,4.5,2.3,2.18,1.7,3.2,6,2,2,1,40,59,0.55,0.09,0.23,0.77,4.97,4.15,3.92,4.77,5.0,4.91,2.62,1.95,2.77,1.74,2.89,3.98,3.89,3.59,3.38,1826,1418,0,4,3.09,0
0.19,0.22,0.65,1.71,3.12,2.18,1.5,1.84,4.0,2.5,3.45,1.58,2.93,3.11,2,6,1,5,41,61,0.15,0.17,0.97,0.03,3.11,1.52,2.68,2.53,2.12,4.6,1.07,3.38,3.34,3.34,1.98,4.48,1.59,3.57,1.82,1486,1994,1,4,2.67,0
0.94,0.09,0.24,0.8,2.19,3.17,2.21,1.72,2.4,4.7,1.58,1.14,4.46,3.23,4,4,4,3,55,43,0.86,0.5,0.76,0.24,2.98,4.0,1.62,1.8,1.18,3.85,4.09,3.99,4.33,1.39,1.25,4.23,3.89,3.93,4.13,2064,1841,1,4,1.12,2
0.69,0.03,2.12,3.18,0.47,1.38,2.34,3.21,7.1,3.8,2.38,3.26,4.3,2.47,6,2,0,0,35,68,0.2,0.1,0.09,0.91,5.91,2.3,2.96,4.86,3.13,1.11,2.04,2.25,4.5,3.6,3.8,1.27,4.56,3.75,2.71,1478,1613,1,2,1.06,2
0.25,0.38,2.91,3.75,0.99,0.3,2.1,1.39,4.3,6.6,2.6,2.6,1.71,4.44,2,3,0,6,45,58,0.69,0.03,0.57,0.43,2.05,4.49,4.45,4.72,3.69,2.03,1.35,3.49,4.6,1.07,1.91,2.37,2.93,2.05,2.73,1530,1435,0,1,3.36,0
0.16,0.99,0.9,3.45,0.69,1.47,3.04,4.41,5.2,6.9,3.52,4.07,2.58,2.71,6,3,3,6,53,50,0.33,0.34,0.72,0.28,4.99,1.34,4.79,1.13,4.73,2.54,1.35,4.98,1.48,2.14,3.9,2.59,1.34,2.02,4.85,1657,1631,1,5,4.2,0
0.53,0.45,1.19,0.76,3.13,2.8,1.47,2.18,3.1,5.9,2.88,4.22,1.9,1.78,3,7,4,5,63,34,0.61,0.33,0.77,0.23,5.45,1.65,1.56,2.58,4.54,3.19,2.46,1.61,2.15,4.08,3.19,1.6,3.63,4.17,2.49,1856,1674,0,3,2.43,0
0.82,0.23,1.84,2.5,3.08,0.58,3.84,1.57,2.3,5.6,3.09,4.01,1.22,1.15,4,5,4,2,59,43,0.72,0.95,0.13,0.87,3.13,2.07,2.92,1.76,1.82,3.64,3.48,4.68,2.97,3.27,3.86,4.36,4.81,2.23,3.81,1824,1806,1,1,2.84,0
0.94,0.62,2.2,2.51,2.26,2.23,4.36,0.59,5.1,3.0,3.29,3.56,1.09,2.41,6,4,6,6,45,56,0.48,0.81,0.28,0.72,5.33,4.55,2.36,3.7,2.69,1.37,1.0,3.13,3.45,3.98,3.65,3.36,4.23,3.3,2.61,1868,1624,0,1,3.59,2
0.46,0.16,3.54,1.46,0.22,2.46,3.87,0.43,2.7,1.8,2.84,3.79,3.11,3.48,4,4,5,1,38,65,0.61,0.83,0.84,0.16,5.46,1.66,1.03,4.63,3.95,3.02,4.57,1.22,4.0,4.78,4.74,1.68,1.84,1.75,2.92,1734,1920,0,5,0.72,2
0.15,0.62,3.29,2.41,1.61,2.78,1.79,4.23,5.3,2.8,2.39,4.76,1.55,2.51,5,5,6,5,44,55,0.6,0.9,0.63,0.37,4.6,1.1,1.73,3.71,4.3,3.46,4.79,4.29,2.82,2.46,1.72,2.2,1.5,4.17,2.06,1409,1648,0,4,1.52,0
0.51,0.92,2.61,0.56,1.35,0.75,4.06,1.1,5.5,7.5,4.77,1.19,3.85,1.32,2,4,4,6,49,51,0.76,0.15,0.25,0.75,5.14,2.0,4.93,2.9,4.57,1.64,3.5,3.47,3.95,3.4,1.85,1.58,1.28,4.12,3.08,1968,1810,0,4,0.48,2
0.63,0.76,3.59,3.0,3.12,2.9,3.56,4.21,5.7,6.8,3.28,3.26,2.54,3.89,4,7,2,3,37,64,0.55,0.31,0.87,0.13,4.14,4.03,1.68,2.5,1.73,4.2,1.17,1.68,4.71,4.73,4.74,4.77,2.94,4.35,2.35,1574,1975,0,2,1.4,2
0.78,0.34,3.08,2.3,3.29,2.35,0.31,2.55,6.2,6.3,1.18,1.89,2.07,2.47,6,7,2,5,65,36,0.45,0.46,0.76,0.24,4.37,4.98,1.11,2.11,4.76,3.18,2.64,3.68,2.87,3.69,4.43,2.1,1.56,2.79,1.36,1876,1543,1,4,1.4,1
0.98,0.37,3.4,0.43,0.7,1.61,2.64,4.12,1.1,2.9,4.06,3.98,3.02,4.39,6,3,6,5,50,48,0.86,0.07,0.66,0.34,4.89,1.27,2.7,2.71,1.74,1.54,4.31,3.65,2.45,1.26,3.6,2.89,2.97,2.92,4.77,1925,2063,0,3,1.82,2
0.34,0.05,3.61,1.69,2.14,3.22,1.09,1.45,7.3,1.5,4.59,3.71,3.57,4.31,4,6,0,6,51,46,0.42,0.0,0.36,0.64,3.91,2.85,1.94,1.75,3.22,1.96,1.8,4.9,1.66,2.49,1.72,3.07,2.62,4.99,4.09,1818,2081,0,5,2.36,2
0.08,0.86,1.47,2.39,1.75,1.13,4.04,1.25,3.5,4.7,2.1,4.77,2.69,4.82,2,4,4,2,41,56,0.55,0.36,0.71,0.29,5.19,4.77,3.54,2.56,2.97,3.01,3.65,1.49,4.65,4.37,4.46,2.65,1.04,3.61,3.45,1958,1460,1,4,1.57,0
0.67,0.83,2.76,0.3,0.81,0.49,0.49,2.4,1.7,2.4,4.12,3.74,1.75,2.43,7,4,4,6,59,38,0.76,0.5,0.07,0.93,4.22,1.47,4.72,1.23,3.71,2.97,3.75,2.95,3.85,2.38,2.13,1.39,1.31,2.02,4.74,1401,1924,0,3,0.25,0
0.11,0.65,1.94,0.36,1.87,1.22,1.22,1.74,5.0,6.6,3.82,4.1,2.81,4.75,5,6,5,5,45,53,0.58,0.79,0.49,0.51,2.56,1.44,1.12,3.74,1.73,2.46,1.54,3.75,2.93,4.13,2.23,2.52,3.76,3.69,4.9,2028,1430,1,4,3.2,1
0.86,0.69,0.4,3.18,1.75,2.92,3.65,0.74,6.9,6.4,3.35,4.59,1.64,4.65,2,4,1,2,50,47,0.32,0.99,0.86,0.14,3.41,3.56,4.58,2.56,3.38,4.98,1.67,4.68,1.49,2.36,3.23,1.49,4.31,1.67,3.08,1448,1625,1,4,4.06,0
0.89,0.86,2.52,2.51,1.13,1.78,3.41,1.48,6.7,1.1,4.35,3.32,4.38,1.39,4,6,2,5,45,56,0.96,0.5,0.99,0.01,2.51,3.64,4.25,3.51,4.53,3.2,3.4,4.26,2.37,3.49,1.49,4.29,3.08,2.17,3.32,1507,1545,1,4,0.23,2
0.66,0.26,0.52,0.6,1.64,0.28,3.81,3.82,1.2,5.4,1.36,2.0,3.89,2.97,6,6,4,0,37,66,0.03,0.86,0.5,0.5,2.92,2.96,4.92,3.86,4.64,4.21,1.25,3.04,3.33,4.2,2.59,3.74,3.13,3.6,4.84,1581,1626,0,4,0.5,0
0.3,0.99,0.21,1.45,2.79,2.57,1.46,1.38,5.6,1.1,1.45,1.94,1.85,2.59,5,2,6,3,38,64,0.02,0.75,0.15,0.85,2.85,2.16,4.12,1.73,3.39,4.83,4.26,2.53,4.11,4.52,4.03,2.1,1.31,5.0,3.6,1921,1950,0,5,1.69,0
0.66,0.4,3.49,3.38,3.01,2.59,3.04,0.67,6.4,7.1,3.07,1.85,3.2,3.16,2,5,3,6,62,35,0.16,0.79,0.03,0.97,4.66,4.93,4.48,3.98,1.06,2.37,1.78,1.81,2.48,3.31,4.93,2.85,3.66,2.28,2.87,1888,1950,1,3,2.28,2
0.49,0.2,2.2,2.51,1.77,2.38,0.97,1.47,4.7,4.3,3.22,2.17,3.52,4.72,6,4,2,5,53,48,0.49,0.66,0.72,0.28,4.53,1.82,4.8,2.01,4.25,1.45,1.8,2.43,4.38,2.73,3.52,1.65,3.12,4.76,3.5,1659,1828,0,4,1.42,0
0.67,0.42,2.05,3.04,2.55,1.61,4.47,4.23,1.0,4.4,3.75,1.25,3.09,1.77,4,7,2,6,54,46,0.36,0.23,0.75,0.25,3.3,2.86,1.44,1.81,4.92,2.35,3.84,4.32,2.33,3.57,3.28,3.49,1.9,2.43,3.29,1651,1686,1,3,4.99,1
0.5,0.74,3.46,2.07,2.52,1.06,0.23,3.95,4.3,5.2,4.44,2.59,4.54,1.29,6,4,2,5,42,58,0.35,0.47,0.18,0.82,2.06,4.7,3.27,1.46,3.54,4.19,1.58,1.21,2.77,4.35,2.39,2.84,4.35,4.59,3.93,1887,1782,0,3,1.82,2
0.35,0.18,3.51,0.55,2.37,0.72,0.94,0.85,5.5,6.3,2.16,1.69,3.36,1.12,7,6,1,1,52,46,0.48,0.66,0.16,0.84,4.33,4.07,3.36,3.16,3.57,3.29,2.93,4.91,1.46,4.27,1.49,1.89,2.16,1.07,1.0,1603,1502,1,1,1.65,2
0.65,0.22,0.37,1.0,0.91,2.31,4.36,2.34,4.4,6.8,1.43,3.27,2.1,2.91,3,3,3,4,42,56,0.21,0.51,0.6,0.4,3.52,3.69,3.13,1.09,1.63,3.16,4.7,4.25,4.24,2.25,4.3,2.74,4.29,4.92,1.46,1738,1964,0,2,3.71,0
0.89,0.87,1.78,0.38,0.45,1.52,0.87,2.72,2.0,3.4,4.2,4.62,4.11,3.15,4,3,3,0,35,66,0.32,0.65,0.71,0.29,4.54,1.59,3.49,4.22,2.91,4.23,2.8,1.61,2.37,3.63,2.48,4.03,3.43,4.87,4.96,1582,1671,1,3,1.06,2
0.88,0.31,0.75,0.49,1.81,1.43,1.64,1.41,1.2,2.3,1.04,3.13,3.54,4.38,3,6,6,2,62,37,0.03,0.63,1.0,0.0,2.02,1.78,2.77,1.81,2.32,4.52,3.3,1.22,4.21,3.92,4.76,3.88,2.21,3.77,4.99,1630,1579,1,2,3.64,0
0.68,0.77,1.33,0.92,0.77,3.35,0.72,3.07,3.1,2.9,3.44,4.36,3.09,2.27,3,3,0,2,41,62,0.87,0.15,0.31,0.69,3.32,4.58,4.16,3.03,1.49,1.72,2.53,2.79,4.58,3.4,1.46,1.8,4.46,2.85,3.9,1675,1415,1,3,4.08,2
0.55,0.08,0.5,2.41,0.76,3.39,1.75,3.61,2.5,5.7,3.19,1.67,1.52,4.25,5,3,6,4,55,47,0.88,0.07,0.76,0.24,5.78,4.58,1.57,3.43,2.95,3.98,3.68,1.84,4.1,4.9,2.52,4.08,2.76,2.91,4.44,1790,1816,1,3,3.78,2
0.97,0.81,3.33,2.85,2.59,1.11,3.94,3.21,7.0,6.7,1.12,2.82,4.15,4.23,4,5,1,2,58,45,0.38,0.32,0.42,0.58,4.63,1.04,4.63,3.16,1.18,4.13,4.54,3.65,2.39,1.64,1.33,1.43,2.71,3.43,2.28,1483,1430,1,2,2.72,0
0.29,0.95,1.03,1.93,1.43,3.41,2.87,3.37,5.7,3.1,4.2,2.0,3.99,3.64,2,7,3,3,62,39,0.36,0.21,0.82,0.18,5.12,1.04,2.14,1.28,3.68,4.0,4.16,3.85,3.61,1.75,2.25,2.79,1.26,4.88,3.41,1767,2018,0,5,2.41,1
0.84,0.14,1.03,3.4,2.01,1.52,0.25,0.33,6.0,1.1,3.39,3.53,2.46,2.05,7,6,6,6,46,52,0.74,0.63,0.57,0.43,4.26,1.14,4.15,3.02,2.41,2.62,2.18,2.51,4.0,3.48,1.27,3.64,3.6,3.02,1.87,1402,1648,0,4,2.3,0
0.77,0.38,0.84,0.65,3.08,1.94,4.18,1.51,6.9,4.9,1.02,4.01,2.96,1.47,7,5,5,1,50,47,1.0,0.07,0.22,0.78,5.82,4.84,4.34,3.97,1.89,4.65,1.92,2.18,4.52,4.13,4.11,4.79,3.3,4.49,4.8,1437,1548,0,4,2.06,2
0.64,0.29,2.91,1.6,0.47,1.38,2.48,1.82,1.0,1.5,2.75,1.73,1.94,4.1,2,3,1,0,57,46,0.21,0.7,0.95,0.05,4.82,2.48,3.54,1.74,4.97,1.76,3.58,2.69,4.81,2.65,3.14,1.0,3.2,1.42,1.68,1640,1899,0,2,4.93,0
0.41,0.96,1.7,3.43,2.47,0.35,3.59,1.51,7.4,4.3,3.05,4.24,2.17,4.5,3,2,2,4,53,46,0.24,0.3,0.41,0.59,2.71,1.08,4.55,4.5,1.79,4.89,1.28,2.22,4.19,2.64,3.22,3.54,2.37,3.73,3.53,1604,1622,0,2,0.84,0
0.74,0.51,1.78,1.32,2.69,0.67,3.03,1.89,2.8,8.0,3.05,1.43,4.27,2.35,6,6,2,2,56,41,0.54,0.56,0.38,0.62,2.88,1.57,4.09,2.83,1.39,3.63,1.09,1.09,4.04,4.82,2.29,3.11,3.41,4.46,4.78,1421,2009,1,3,0.11,2
0.47,0.28,0.7,1.21,0.21,2.04,0.31,1.78,7.4,1.5,4.19,1.02,3.05,2.38,4,3,2,0,57,40,0.48,0.8,0.83,0.17,3.75,2.33,3.5,2.02,4.36,4.17,2.63,4.59,2.07,2.71,1.83,4.66,4.38,4.6,2.67,1798,1451,1,2,2.92,2
0.48,0.97,0.35,3.53,2.83,3.46,4.21,1.38,3.8,6.5,2.06,3.62,1.31,2.21,7,3,5,4,58,41,0.05,0.21,0.67,0.33,4.36,3.33,1.02,3.81,4.43,4.98,1.03,4.5,4.52,2.05,2.08,4.22,1.72,3.23,3.68,1664,1928,0,2,2.27,0
0.03,0.13,2.83,3.37,2.06,2.82,0.26,2.68,3.9,1.9,2.49,1.54,3.03,4.12,5,2,1,3,51,48,0.07,0.62,0.51,0.49,5.55,1.78,3.8,1.7,1.01,1.35,1.39,1.17,4.25,3.04,4.75,2.44,3.99,3.67,2.33,1539,1475,1,1,3.29,0
0.62,0.09,1.62,2.41,1.16,3.27,3.53,2.83,7.5,1.9,3.02,2.81,4.63,1.49,3,6,6,3,58,42,0.8,0.96,0.4,0.6,4.24,3.63,3.23,2.52,4.28,1.09,3.97,1.28,1.71,1.7,1.06,2.98,2.93,2.89,2.36,1792,1658,1,5,2.37,2
0.32,0.77,2.41,0.43,0.52,2.78,0.85,3.84,1.8,7.8,3.82,3.35,4.57,3.55,3,7,6,1,59,38,0.83,0.98,0.84,0.16,3.63,4.29,3.38,1.94,1.33,2.23,4.97,1.18,4.37,3.96,3.82,2.54,4.98,3.39,2.84,1680,1631,1,4,2.76,2
0.85,0.67,2.87,1.68,2.21,0.59,4.09,2.5,1.6,5.7,4.21,2.43,1.69,2.81,4,3,0,3,61,41,0.86,0.58,0.15,0.85,3.23,3.39,4.64,2.58,4.78,3.7,3.29,3.61,4.27,1.23,3.99,3.72,1.32,3.33,4.28,1698,1645,0,5,3.14,0
0.8,0.53,2.06,1.63,2.87,1.24,0.22,1.5,2.9,4.3,2.41,2.74,4.02,2.34,7,6,1,6,35,68,0.9,0.49,0.98,0.02,3.18,2.32,2.31,3.06,2.05,1.28,3.64,4.2,4.39,3.45,2.82,4.75,1.36,1.16,4.4,1956,1885,1,3,0.55,2
0.34,0.56,3.78,0.3,1.47,3.32,1.62,3.09,6.9,3.1,3.21,2.62,3.81,3.54,3,2,3,4,44,53,0.11,0.32,0.43,0.57,4.49,4.14,3.88,4.63,3.27,3.33,2.28,3.29,1.58,4.2,4.79,4.56,3.65,1.06,3.04,1679,1449,1,3,3.98,2
0.86,0.47,2.4,3.03,2.33,1.15,4.44,3.63,3.0,4.2,2.09,4.63,1.21,3.72,7,6,6,1,61,36,0.01,0.93,0.36,0.64,5.99,3.61,2.68,2.16,2.41,3.04,4.94,1.5,1.27,1.76,2.98,4.09,1.97,1.22,3.06,1965,1896,1,3,0.61,0
0.04,0.28,3.22,3.62,0.5,1.32,1.56,0.28,1.7,1.9,3.49,3.77,1.16,3.9,6,3,4,5,40,63,0.41,0.27,0.66,0.34,4.44,4.92,3.69,2.34,1.78,3.64,2.36,1.63,2.28,1.88,1.66,4.89,3.51,1.99,1.55,2002,1404,1,4,2.69,1
0.73,0.17,2.65,1.61,0.88,1.34,3.42,4.36,7.8,4.6,4.79,2.54,3.84,3.1,3,4,6,4,57,46,0.85,0.85,0.59,0.41,2.25,2.99,4.96,2.08,3.52,3.24,1.25,2.99,4.58,1.76,4.95,3.04,1.17,4.18,3.16,1640,1656,0,1,1.98,2
0.22,0.45,1.01,2.67,2.4,3.25,3.36,3.32,7.8,7.3,1.79,4.23,3.64,1.32,3,2,4,6,59,43,0.39,0.74,0.24,0.76,4.25,1.63,2.15,3.86,4.94,3.79,1.7,2.52,1.42,2.56,1.67,2.84,4.67,1.82,1.61,1465,1806,1,1,2.06,0
0.36,0.04,1.25,3.61,1.59,1.92,2.86,2.01,4.4,2.6,3.87,1.6,2.11,1.19,4,4,3,3,41,57,0.45,0.07,0.84,0.16,5.96,2.12,4.3,2.97,4.29,4.76,4.42,2.3,3.27,2.28,1.72,1.44,1.25,3.59,1.32,2046,2010,1,5,1.98,0
0.13,0.21,0.83,1.59,1.17,0.3,4.36,3.24,7.8,2.7,2.6,4.92,4.15,2.5,2,5,0,3,59,39,0.86,0.58,0.54,0.46,4.36,1.15,2.95,4.18,1.67,1.17,1.06,1.77,3.27,2.04,3.61,3.43,2.38,4.75,1.96,1677,2079,1,2,2.22,0
0.43,0.92,0.21,1.07,2.81,3.26,4.08,2.19,2.7,4.8,1.76,1.1,2.63,1.49,5,7,4,4,36,67,0.25,0.74,0.4,0.6,2.18,4.42,1.48,2.21,1.72,3.33,3.48,1.24,3.38,3.12,1.89,4.53,1.93,2.87,3.12,2071,2080,1,5,2.52,2
0.23,0.71,3.24,0.52,2.9,1.5,3.71,4.14,7.6,2.2,2.78,2.77,3.56,4.25,6,2,2,6,50,49,0.35,0.62,0.79,0.21,3.55,4.12,3.83,2.54,4.84,4.89,4.54,2.12,4.47,2.25,4.07,4.88,1.88,3.96,4.07,1657,1598,0,1,4.04,0
0.19,0.19,1.31,0.47,1.16,1.7,0.37,3.91,5.0,6.8,1.48,3.73,4.77,2.81,6,6,5,0,60,42,0.74,0.43,0.88,0.12,3.71,4.62,4.62,4.28,4.83,2.47,1.07,3.36,1.87,2.07,3.23,1.21,2.52,2.91,3.84,1791,1423,1,2,3.01,1
0.89,0.65,3.49,2.24,3.05,2.02,4.07,0.35,1.1,6.3,2.89,1.7,1.6,2.8,3,4,0,4,55,43,0.18,0.16,0.56,0.44,4.21,2.6,3.8,3.88,1.84,1.39,1.6,3.97,4.12,4.99,3.36,3.12,2.7,4.42,3.5,2024,1515,1,2,2.64,2
0.53,0.46,2.17,1.75,3.15,0.94,1.53,1.53,2.5,3.3,4.01,1.91,2.8,3.6,5,2,0,5,48,55,0.44,0.16,0.07,0.93,4.9,3.49,3.12,4.25,4.11,4.67,2.42,1.89,2.49,2.1,4.55,2.79,4.43,2.89,3.23,1790,1901,0,5,0.79,1
0.4,0.48,0.64,2.8,2.89,0.21,0.78,4.05,3.0,4.1,1.5,4.94,2.03,1.21,2,7,0,6,65,34,0.7,0.78,0.51,0.49,2.94,3.11,4.69,2.87,1.04,4.23,2.69,2.58,1.63,3.03,3.26,4.24,2.22,1.59,1.64,1737,1958,0,2,1.09,0
0.13,0.97,2.15,3.31,2.89,2.38,4.07,1.23,1.6,3.5,3.11,4.21,3.19,1.81,7,7,4,5,36,66,0.16,0.83,0.51,0.49,3.71,4.34,2.03,3.59,4.08,2.85,1.14,3.07,1.97,2.57,1.98,4.48,3.4,3.11,1.58,1726,1522,1,5,2.04,0
0.33,0.39,1.24,0.9,1.9,2.91,1.25,0.42,7.8,1.8,3.05,4.23,2.27,3.91,6,4,2,5,51,50,0.34,0.71,0.84,0.16,4.3,2.19,2.72,4.55,2.48,4.45,2.42,1.0,4.96,1.44,3.92,1.88,2.97,2.89,4.47,1681,1680,0,2,0.54,1
0.43,0.44,2.17,1.7,2.41,3.08,3.54,3.03,7.8,1.3,1.94,1.13,4.62,4.44,4,3,6,5,45,52,0.59,0.77,0.28,0.72,4.88,1.46,3.48,3.95,3.77,2.14,2.57,3.7,3.92,3.44,4.87,2.65,4.77,1.4,1.21,1763,1759,1,3,0.5,1
0.02,0.8,1.81,3.14,2.93,2.18,2.21,3.3,1.8,2.4,2.46,3.01,3.84,2.41,7,7,5,6,47,56,0.08,0.16,0.3,0.7,4.74,2.55,4.03,4.67,2.39,1.39,4.61,1.04,3.21,2.18,3.79,3.14,1.99,3.22,4.85,2031,1548,1,2,0.62,0
0.02,0.19,1.71,2.49,3.43,3.48,2.07,1.6,2.2,2.1,3.53,3.85,3.84,4.8,6,3,2,3,45,55,0.85,0.78,0.02,0.98,3.69,2.65,1.88,3.83,2.5,1.38,2.03,2.44,1.17,1.28,3.96,2.83,2.98,1.35,3.75,1666,1594,0,5,3.01,1
0.62,0.25,1.68,3.23,1.08,0.96,1.83,1.02,5.0,5.7,2.49,1.45,1.9,1.03,3,4,6,5,42,59,0.63,0.57,0.73,0.27,2.85,4.48,2.32,1.68,1.41,2.45,3.85,1.94,1.52,4.02,2.52,2.12,1.98,2.08,4.61,1677,2072,0,2,3.36,2
0.76,0.69,1.96,1.92,2.74,2.65,3.46,2.26,4.7,1.3,3.79,1.59,2.51,4.89,5,7,4,2,63,35,0.44,0.7,0.5,0.5,3.84,3.81,3.55,4.5,1.66,2.31,4.5,2.51,4.11,2.46,4.59,3.4,1.7,2.11,4.72,1587,1441,1,4,4.91,2
0.72,0.39,0.23,2.55,2.62,3.19,1.15,1.03,4.6,6.5,3.79,3.12,3.93,3.12,2,7,1,5,58,45,0.45,0.89,0.93,0.07,3.07,2.41,1.32,1.94,2.34,1.88,4.22,2.05,2.82,2.77,1.04,4.86,2.99,1.37,2.26,1714,1415,0,3,2.68,1
0.84,0.32,3.4,3.73,1.47,1.2,2.37,2.79,6.0,7.2,3.93,2.09,1.36,4.19,5,7,6,3,50,52,0.58,0.56,0.27,0.73,2.98,2.48,1.75,1.31,1.8,4.51,1.58,1.95,3.72,1.83,1.46,1.61,1.05,2.51,4.1,1692,1943,0,4,3.97,1
0.93,0.26,2.06,1.08,2.4,0.68,4.25,3.13,6.3,5.8,1.33,4.23,2.31,4.45,3,6,3,0,48,52,0.45,0.07,0.81,0.19,5.11,2.54,3.54,4.69,1.85,1.8,4.97,1.67,1.36,1.02,3.63,4.13,1.78,2.78,4.23,1753,1601,0,3,4.24,0
0.27,0.26,2.47,0.6,1.79,2.0,1.09,1.05,2.6,5.5,3.11,1.49,3.1,3.1,7,4,2,6,63,37,0.99,0.52,0.07,0.93,5.96,3.15,3.25,3.49,2.63,2.84,3.04,4.0,4.86,1.99,2.88,2.16,1.36,4.09,3.98,1715,1868,0,1,4.74,2
0.35,0.17,0.3,0.73,2.07,3.41,4.09,2.38,3.2,2.2,1.01,3.95,2.78,3.34,5,4,0,1,60,41,0.61,0.82,0.05,0.95,5.14,2.99,4.68,2.19,1.8,4.3,3.43,1.12,1.44,4.92,3.49,2.24,4.37,1.01,1.71,1873,1767,0,3,4.72,0
0.56,0.28,0.33,1.87,2.83,2.66,0.96,2.31,4.1,6.7,1.44,2.33,4.85,2.73,5,3,0,4,44,54,0.31,0.77,0.21,0.79,2.93,3.0,3.64,4.29,1.28,3.23,2.78,4.69,1.82,4.05,4.05,1.89,4.46,3.41,2.23,1909,1968,0,2,2.95,2
0.97,0.19,0.88,0.45,0.98,1.38,0.98,0.38,2.1,5.4,1.82,2.08,3.03,3.6,2,4,3,0,59,39,0.33,0.48,0.68,0.32,2.58,2.88,1.25,2.36,3.4,2.0,3.9,3.98,1.37,2.3,3.28,4.66,4.1,1.74,4.39,1468,1980,0,5,1.86,2
0.96,0.38,2.99,2.87,1.18,3.42,0.63,2.18,4.8,5.9,2.19,3.19,3.61,2.66,5,4,2,3,38,60,0.57,0.6,0.56,0.44,4.25,2.12,3.36,2.86,1.31,1.62,4.57,1.76,4.72,2.93,1.49,1.29,2.48,2.63,4.7,1768,2018,0,2,2.32,2
0.75,0.87,0.29,2.08,2.13,1.73,1.05,1.22,3.5,5.1,2.64,2.93,4.47,1.67,3,5,2,2,65,38,0.3,0.56,0.54,0.46,3.42,3.64,3.7,1.23,1.42,4.56,2.29,4.65,1.88,4.68,3.08,4.26,1.61,1.44,3.0,1520,1449,1,4,2.21,1
0.55,0.81,0.2,3.32,2.89,2.3,2.48,1.93,3.3,5.5,2.76,1.09,4.22,3.12,2,7,4,3,39,60,0.72,0.09,0.48,0.52,5.68,1.78,2.43,4.59,3.64,2.24,4.71,2.66,1.48,1.73,3.18,2.87,3.13,2.58,2.9,1622,1462,0,2,2.44,1
0.34,1.0,1.67,1.0,1.59,0.62,1.78,0.84,6.2,4.6,1.58,4.05,2.54,3.29,2,3,3,3,52,46,0.94,0.41,0.13,0.87,5.75,3.4,4.64,2.96,2.56,1.34,1.44,2.74,2.96,3.26,4.85,4.02,1.45,2.4,4.38,1703,1766,0,4,2.91,0
0.51,0.25,3.75,1.26,0.23,0.95,1.94,0.39,5.0,3.1,2.84,4.11,1.69,1.77,2,4,6,6,43,55,0.18,0.45,0.05,0.95,3.51,4.77,4.75,1.07,2.62,4.54,1.3,4.18,4.23,4.95,4.3,4.64,1.78,3.9,4.88,1451,2047,1,1,1.65,1
0.04,0.22,1.16,2.73,2.98,0.96,1.54,3.09,4.2,7.8,1.5,4.34,2.15,3.75,3,6,5,0,39,62,0.22,0.75,0.27,0.73,2.55,3.9,1.36,4.62,2.87,4.05,4.29,2.29,2.42,2.06,3.27,3.35,3.61,1.87,2.03,1702,1767,0,1,3.06,0
0.46,0.94,2.08,0.29,1.93,1.46,0.39,2.27,1.1,4.3,3.38,1.75,3.26,1.87,4,4,6,6,52,51,0.47,0.06,0.6,0.4,3.1,4.04,4.32,1.34,4.71,2.17,3.74,2.43,4.62,2.43,3.31,3.01,1.89,4.86,4.41,1992,1755,0,1,2.95,1
0.43,0.88,3.78,2.1,3.3,2.92,4.34,1.42,2.3,2.6,4.45,1.62,3.27,2.14,5,7,1,5,55,44,0.1,0.22,0.02,0.98,2.7,4.2,4.21,2.4,2.89,1.75,4.5,1.03,2.55,3.09,3.64,3.74,4.77,2.9,1.35,1746,1456,1,5,4.82,2
0.14,0.27,3.18,2.83,1.35,1.73,3.93,0.41,2.3,3.0,3.58,4.98,4.51,3.97,3,4,6,5,47,50,0.05,0.9,0.02,0.98,4.98,4.17,2.84,3.34,2.7,1.47,2.0,2.48,3.32,4.35,1.57,1.91,1.43,4.37,2.87,1719,1994,1,3,3.16,1
0.54,0.02,0.92,1.17,2.02,0.38,3.66,3.21,3.2,1.9,3.33,3.16,3.57,2.36,6,3,6,4,44,56,0.19,0.31,0.78,0.22,3.51,2.65,2.58,4.71,2.85,2.2,2.26,2.44,2.4,2.96,2.51,3.39,1.17,1.92,3.58,2052,1976,1,1,0.77,2
0.61,0.71,2.14,1.39,3.14,2.92,3.09,3.42,7.9,1.8,2.29,3.6,4.9,4.62,4,5,6,6,37,64,0.5,0.68,0.93,0.07,2.36,2.3,1.98,3.46,3.64,2.62,1.76,3.36,1.16,1.3,2.21,1.38,3.91,1.07,3.06,1762,1586,0,1,4.13,1
0.99,0.48,1.8,0.33,1.56,2.48,4.15,3.53,4.9,5.8,1.92,2.04,4.25,3.07,7,7,3,2,39,64,0.54,0.42,0.82,0.18,5.88,4.45,3.91,4.01,1.71,4.49,2.84,4.39,4.51,1.67,1.75,4.56,4.77,1.87,4.53,1703,1858,1,2,3.09,2
0.44,0.54,0.54,0.67,1.73,0.67,3.3,2.43,1.0,2.5,2.03,4.5,1.01,1.75,6,6,0,6,40,63,0.05,0.36,0.8,0.2,5.76,2.22,2.29,2.64,2.87,2.42,4.73,2.77,1.59,4.34,3.06,4.79,2.35,1.71,4.55,1686,1531,1,2,3.28,0
0.1,0.27,0.96,3.32,1.68,0.33,3.36,1.86,6.4,1.6,2.01,1.79,3.53,3.28,4,6,2,0,52,50,0.2,0.36,0.09,0.91,4.39,1.02,2.63,1.07,3.68,4.87,4.06,2.23,2.16,1.38,2.98,1.49,2.51,3.58,4.55,1965,1578,0,5,0.65,0
0.46,0.75,3.63,0.52,3.34,1.7,2.48,2.29,1.5,2.2,2.19,1.65,2.98,3.81,5,2,5,1,54,49,0.9,0.76,0.24,0.76,3.8,4.33,1.72,2.48,4.12,2.48,3.66,4.67,2.6,2.59,3.89,1.37,3.58,2.54,4.94,1721,1857,1,5,3.76,2
0.14,0.41,2.03,2.04,3.05,0.61,3.77,3.79,4.4,3.6,2.48,4.38,1.64,4.62,3,3,2,4,58,41,1.0,1.0,0.62,0.38,4.56,2.03,3.11,1.05,3.74,1.84,1.34,1.26,2.74,3.38,1.2,3.14,1.84,1.21,4.55,1863,1960,1,3,3.67,0
0.54,0.5,1.51,1.51,2.69,1.19,2.37,0.47,3.4,1.2,4.94,3.7,4.51,2.3,4,2,4,2,49,50,0.29,0.9,0.5,0.5,2.55,3.9,4.41,4.6,1.69,1.27,2.34,2.35,1.4,4.11,3.23,1.04,1.61,4.39,4.8,1694,1827,0,2,0.99,2
0.17,0.79,2.19,0.4,0.74,3.47,3.3,4.42,1.6,7.9,4.32,4.38,3.7,1.68,2,2,2,5,37,62,0.6,0.05,0.19,0.81,5.75,2.63,1.6,4.36,2.44,3.37,2.4,1.32,1.64,3.33,3.84,4.97,1.65,4.38,4.58,2006,1950,1,4,1.62,2
0.97,0.96,1.07,1.71,2.52,1.54,2.72,2.63,6.4,2.0,3.15,1.21,3.23,1.54,4,2,1,3,54,47,0.43,0.41,0.78,0.22,3.72,3.69,2.2,3.92,1.05,3.28,2.44,4.65,4.94,1.11,3.88,4.29,3.91,4.08,1.29,1949,1956,1,5,3.42,2
0.95,0.67,3.18,1.33,1.29,0.91,3.45,2.52,4.4,1.9,1.88,4.43,1.84,4.57,3,4,2,6,47,50,0.28,0.99,0.0,1.0,2.79,2.02,2.6,2.56,3.86,1.1,1.99,2.4,4.17,1.49,3.92,2.24,4.1,3.58,4.42,1872,2051,0,1,0.06,0
0.04,0.83,1.95,3.1,2.18,1.42,4.01,1.67,1.2,7.4,1.71,2.39,2.59,3.63,7,3,2,0,58,43,0.23,0.04,0.79,0.21,2.24,3.58,3.24,3.9,4.62,4.21,1.92,4.41,3.14,4.83,3.57,1.21,3.04,4.36,4.5,1826,1879,0,2,4.75,0
0.34,0.36,2.34,3.59,2.54,1.67,3.11,3.52,4.4,6.7,4.77,3.58,4.0,1.82,3,6,5,0,60,42,0.44,0.92,0.4,0.6,3.22,3.39,4.74,3.62,1.33,4.72,1.37,4.72,1.06,3.12,2.46,4.8,4.67,3.85,2.42,1471,1445,1,2,4.11,2
0.03,0.98,1.69,0.24,0.61,3.06,4.09,1.97,5.4,4.0,2.48,1.93,1.76,3.72,2,4,5,2,65,36,0.77,0.49,0.84,0.16,3.27,2.24,2.53,2.77,1.12,4.58,4.92,4.2,2.42,1.23,1.09,1.21,1.48,1.18,4.6,1907,1912,0,3,1.04,2
0.74,0.74,1.59,2.57,0.86,2.95,2.11,1.3,4.2,5.7,3.41,3.87,4.3,3.37,2,5,5,4,58,45,0.8,0.23,0.6,0.4,3.03,1.09,2.99,2.14,1.31,2.47,4.4,2.49,2.41,2.11,2.32,3.66,1.07,2.21,3.56,1765,1422,0,4,3.93,2
0.4,0.72,1.77,2.18,1.46,0.97,1.6,2.36,4.0,3.1,1.54,4.91,4.09,4.74,4,2,4,0,39,64,0.2,0.2,0.65,0.35,4.18,2.3,4.58,1.96,3.63,3.24,3.48,3.99,2.52,2.98,4.35,3.68,2.14,3.64,3.46,1661,2000,0,4,0.97,0
1.0,0.31,1.96,1.18,3.41,2.41,2.84,2.52,5.7,4.7,3.77,3.74,3.09,2.75,3,4,5,2,41,60,0.49,0.95,0.87,0.13,5.55,1.01,4.1,4.96,3.95,3.16,1.65,3.67,4.68,1.85,3.9,4.71,3.39,2.44,1.82,1942,1620,1,4,2.28,0
0.77,0.42,3.32,2.2,1.81,2.1,0.79,4.03,3.9,2.2,3.49,1.34,1.78,4.52,7,2,5,3,41,58,0.39,0.19,0.28,0.72,2.02,2.03,4.49,3.6,1.7,1.04,4.82,3.32,3.36,2.83,4.46,2.95,4.91,1.73,2.2,1662,1998,0,5,4.16,1
0.67,0.23,0.99,3.64,0.89,1.5,1.42,2.25,5.0,3.5,2.27,2.1,4.68,2.88,5,6,0,0,39,63,0.2,0.7,0.06,0.94,2.4,1.67,4.62,2.11,4.38,2.98,3.14,1.59,4.39,2.15,2.73,2.04,4.34,1.31,1.61,1556,1468,0,2,3.32,0
0.41,0.96,2.74,2.29,0.98,1.61,1.97,0.79,2.7,4.3,4.01,1.25,1.78,3.89,5,5,3,4,52,49,0.6,0.23,0.67,0.33,5.16,4.05,1.8,1.86,4.22,3.77,4.75,4.57,4.72,1.19,2.08,2.08,4.6,1.95,2.77,1630,1543,0,4,2.33,2
0.4,0.15,1.32,2.87,0.3,1.08,3.56,3.0,5.1,1.6,2.38,3.54,4.7,4.15,2,6,5,3,64,36,0.27,0.89,0.83,0.17,2.51,3.33,4.44,4.27,4.24,4.62,1.91,2.95,4.5,1.85,4.32,4.47,2.45,4.13,2.58,1614,2024,1,4,3.4,0
0.72,0.55,2.22,1.94,2.4,2.75,2.59,1.33,2.1,2.4,2.54,2.03,1.55,4.7,5,5,6,2,59,42,0.02,0.57,0.27,0.73,2.42,3.27,3.67,3.76,1.31,3.58,1.21,3.53,4.09,1.36,4.75,3.07,2.2,4.01,2.12,1492,1514,1,1,1.65,1
0.45,0.04,3.17,2.57,3.0,0.29,4.13,2.76,2.7,1.9,1.29,2.01,1.69,4.21,2,7,5,3,65,34,0.9,0.72,0.31,0.69,4.91,4.32,3.99,2.42,3.34,3.84,3.29,3.73,4.81,1.25,3.62,3.31,1.44,2.58,2.29,1525,1834,1,2,4.04,0
0.39,0.2,1.26,2.04,2.21,1.57,0.49,2.79,3.1,7.4,3.07,4.77,3.37,4.33,4,2,0,6,37,65,0.08,0.12,0.86,0.14,3.5,4.87,4.64,1.33,3.08,4.69,3.22,2.53,3.83,2.12,1.43,1.15,2.55,1.18,1.09,1854,1816,0,1,3.18,0
0.52,0.52,0.81,2.23,0.36,1.45,2.42,1.12,3.9,4.1,3.0,3.14,2.6,4.45,2,6,1,5,48,53,0.69,0.66,0.38,0.62,4.55,1.09,3.64,2.25,1.53,2.9,2.69,3.58,2.28,4.66,4.9,4.65,2.72,3.03,1.83,1400,1419,1,4,5.0,0
0.87,0.27,0.38,3.0,2.24,1.5,2.45,3.84,3.2,4.3,3.94,1.0,3.28,4.82,5,6,6,3,58,42,0.94,0.45,0.35,0.65,3.85,1.63,2.36,4.77,3.59,1.55,4.89,4.17,4.59,3.28,4.73,1.09,4.83,1.78,4.7,1447,1523,1,4,1.14,1
0.52,0.05,2.98,0.68,2.09,2.43,1.25,4.18,6.1,3.0,1.14,1.86,2.83,1.43,5,5,5,6,49,51,0.93,0.42,0.37,0.63,2.13,4.69,4.55,2.11,4.12,3.1,4.1,4.28,1.87,1.8,4.46,1.34,3.85,2.69,4.55,1629,2070,0,2,3.12,2
0.78,0.59,0.46,3.65,2.08,1.41,1.75,2.86,2.5,1.0,4.5,2.15,1.69,2.84,4,2,6,0,42,61,0.33,0.27,0.37,0.63,3.49,1.75,2.76,4.23,1.81,4.86,3.06,3.59,1.75,1.1,4.47,3.75,2.06,4.38,2.48,1756,1675,0,4,0.47,1
0.26,0.39,3.47,0.54,1.65,2.38,1.61,4.18,4.3,4.8,2.71,3.26,1.71,1.32,4,3,1,2,55,45,0.25,0.0,0.33,0.67,3.46,3.06,4.37,3.83,3.62,2.99,2.97,2.06,1.32,3.44,3.96,1.12,4.6,4.44,1.49,1697,1512,0,3,1.67,2
0.28,0.83,1.0,2.6,0.54,2.15,1.11,1.24,1.9,4.3,1.63,2.75,4.34,1.26,5,5,3,6,48,51,0.61,0.56,0.89,0.11,3.82,1.57,1.03,1.28,4.71,2.17,2.83,4.12,4.42,1.9,4.94,3.89,1.07,1.18,3.21,1778,1785,1,3,0.83,0
0.1,0.97,2.43,0.84,2.28,2.58,0.79,3.48,5.4,2.7,4.58,3.98,4.81,1.28,7,6,1,2,51,52,0.19,0.33,0.9,0.1,2.03,1.26,4.55,3.79,3.69,2.0,3.11,1.22,3.98,1.89,4.6,3.67,3.79,1.67,2.66,1400,1542,1,1,3.31,2
0.61,0.06,0.22,0.35,3.36,1.84,3.09,2.19,7.6,1.6,1.44,2.13,3.12,2.88,4,4,3,0,51,49,0.29,0.72,0.58,0.42,5.53,4.21,2.96,1.9,3.58,3.82,4.14,4.64,3.67,4.63,3.95,2.36,4.56,3.56,2.74,1703,2043,1,5,2.64,0
0.43,0.62,0.38,2.04,1.15,0.54,4.4,4.1,6.2,4.7,4.6,3.64,4.79,1.12,5,2,5,5,38,63,0.27,0.81,0.34,0.66,2.32,1.16,4.04,1.8,2.14,3.25,4.56,4.88,4.98,1.05,1.42,2.54,3.96,4.95,1.39,1912,1650,1,3,2.09,0
0.38,0.84,2.16,0.26,3.42,0.28,2.98,2.32,4.2,2.2,3.48,3.46,1.84,4.21,5,3,4,1,43,57,0.29,0.06,0.99,0.01,5.67,4.47,3.46,2.08,3.49,4.58,2.56,1.32,4.64,1.49,2.02,4.17,3.58,1.4,2.7,1501,1721,0,4,4.9,0
0.35,0.38,1.25,0.55,1.98,0.49,0.38,2.05,7.1,5.8,1.96,1.7,4.71,3.67,5,7,3,5,40,62,0.81,0.28,0.92,0.08,2.52,1.87,3.96,3.59,1.77,1.19,1.94,2.66,4.98,4.28,2.63,1.16,2.37,3.16,2.68,1900,2018,0,1,2.64,1
0.68,0.09,3.13,2.71,0.6,3.28,3.8,1.87,4.0,1.1,3.88,2.84,1.12,1.88,6,7,1,1,60,43,0.27,0.38,0.32,0.68,2.03,4.6,4.84,3.44,3.29,3.57,1.43,3.17,4.84,1.23,1.03,4.43,4.3,4.74,4.17,1883,1593,1,4,4.53,2
0.88,0.59,1.73,1.52,2.85,3.02,4.12,3.35,2.2,1.4,4.09,4.37,4.38,2.37,5,2,1,3,48,52,0.05,0.86,0.94,0.06,4.98,3.98,3.88,1.56,4.59,2.77,1.46,3.39,3.57,2.79,4.32,4.27,2.44,4.07,2.64,2071,1567,0,3,3.44,0
0.74,0.64,0.82,1.38,2.86,3.46,2.67,3.67,4.2,6.5,1.51,4.22,4.48,4.3,4,2,4,6,44,59,0.27,0.74,0.08,0.92,4.72,2.54,2.91,2.51,3.45,1.16,3.01,2.28,3.58,1.52,3.78,1.8,3.19,2.9,2.28,1525,1683,1,3,3.11,0
0.35,0.48,3.26,1.28,0.74,2.28,2.1,3.39,1.2,7.3,3.88,2.23,3.09,2.22,7,6,2,6,42,60,0.32,0.48,0.24,0.76,4.87,3.75,4.53,4.04,3.48,1.64,1.59,1.49,1.12,3.77,1.47,2.44,2.16,3.2,1.65,1804,1542,0,2,0.49,2
0.66,0.43,2.26,1.77,1.01,0.63,3.23,4.28,7.5,5.1,3.25,2.49,2.37,4.57,5,6,3,2,36,64,0.86,0.98,0.28,0.72,3.03,4.65,2.4,2.56,1.68,2.72,3.87,3.63,2.75,2.37,1.99,4.84,4.33,2.61,2.16,1566,1766,1,5,1.68,2
0.58,0.45,0.48,1.25,1.38,0.26,0.4,1.23,6.4,6.8,4.39,1.72,4.07,3.37,7,5,3,6,47,52,0.88,0.61,0.95,0.05,4.13,1.76,4.96,3.19,3.59,4.56,3.12,3.09,3.91,4.31,4.95,3.52,2.8,2.84,4.49,1669,1918,0,1,3.44,0
0.86,0.8,0.56,0.54,3.19,1.63,3.98,1.17,4.9,3.0,2.69,1.06,3.14,1.92,5,2,5,5,56,47,0.88,0.78,0.34,0.66,5.17,4.29,3.12,3.85,2.63,1.03,4.01,4.68,4.63,2.14,3.33,2.44,2.85,2.81,4.81,2018,1459,0,2,2.98,2
0.3,0.78,0.72,1.64,1.26,0.34,1.78,3.04,1.2,4.9,3.14,1.23,2.59,3.73,6,7,0,5,37,61,0.97,0.01,0.39,0.61,5.32,1.6,1.8,2.39,1.42,2.86,2.98,1.55,2.75,1.66,4.11,4.12,4.42,2.59,4.14,1446,1860,1,2,0.84,1
0.37,0.03,3.77,1.95,0.62,2.93,4.08,1.52,3.9,4.6,3.21,4.62,2.12,1.54,7,2,3,2,54,43,0.21,0.57,0.65,0.35,2.81,2.82,3.6,2.9,3.44,3.04,2.59,2.68,2.8,4.59,3.65,1.87,3.81,3.28,1.18,1650,1679,1,4,0.7,2
0.37,0.33,0.36,1.39,0.28,3.05,3.66,2.51,6.4,7.4,4.65,1.75,1.21,3.76,6,6,6,2,63,34,0.49,0.61,0.4,0.6,5.19,4.99,1.14,4.1,1.29,3.15,1.4,1.89,1.42,1.17,2.67,1.11,4.62,2.64,4.04,1866,1486,1,3,0.71,2
0.91,0.5,3.39,2.86,3.42,1.13,1.45,4.04,1.7,4.7,1.89,2.72,2.29,3.64,5,6,2,0,64,33,0.09,0.39,0.4,0.6,5.55,3.11,3.32,2.68,4.19,1.21,1.56,3.05,4.81,2.26,2.93,3.62,1.33,3.04,1.15,1805,1404,1,3,2.03,0
0.85,0.93,0.79,3.42,0.21,1.66,2.13,1.25,3.4,4.6,4.63,3.28,4.5,1.25,2,4,2,5,48,53,0.19,0.63,0.89,0.11,2.58,3.72,2.81,2.46,4.66,1.89,1.34,2.28,4.13,3.44,1.85,3.6,2.93,1.61,4.8,1816,1896,0,3,1.27,2
0.18,0.22,1.64,2.76,1.93,2.69,3.02,1.0,6.7,3.6,3.56,1.91,4.73,2.0,3,3,2,3,43,55,0.8,0.57,0.24,0.76,2.72,4.29,1.01,2.56,4.51,4.17,2.32,4.68,3.39,3.27,4.15,3.19,3.12,3.1,2.84,1717,1676,0,4,4.4,2
0.66,0.7,0.47,2.49,1.45,1.25,1.3,2.69,6.1,1.7,3.59,1.86,4.06,2.62,6,6,3,3,54,44,0.36,0.79,0.4,0.6,2.91,3.74,4.8,3.61,3.81,4.33,4.66,3.06,1.81,1.18,4.66,2.57,2.3,3.03,5.0,1977,1898,1,1,1.21,1
0.26,0.63,0.31,1.03,2.93,0.39,3.05,2.89,2.0,2.2,3.66,2.01,4.53,3.53,6,6,1,1,37,63,0.19,0.16,0.41,0.59,4.39,4.38,1.84,2.03,2.73,2.36,2.53,2.84,1.02,2.35,2.42,4.07,3.18,3.93,4.07,1897,2030,0,4,0.18,1
0.5,0.86,2.56,2.52,2.03,0.8,2.54,2.7,4.5,3.1,1.65,4.9,4.78,3.1,5,5,4,5,35,68,0.3,0.33,0.86,0.14,4.43,2.7,3.77,2.27,1.29,3.09,4.68,2.74,3.9,2.56,1.3,1.88,1.43,3.43,1.96,1544,1436,0,3,2.75,0
0.46,0.88,1.96,3.7,1.64,0.53,4.05,3.61,7.2,2.2,2.19,1.76,2.39,1.27,6,2,3,3,65,32,0.13,0.76,0.66,0.34,5.93,2.4,3.99,3.35,4.02,4.26,1.06,3.75,1.27,1.45,1.37,3.01,3.52,2.49,3.0,1704,1789,0,5,1.26,0
0.18,0.35,3.8,1.62,1.01,1.74,0.59,1.46,2.8,3.0,1.18,2.06,3.17,1.64,7,3,6,6,41,62,0.96,0.33,0.93,0.07,2.9,2.46,4.56,1.1,2.56,4.19,3.9,3.49,1.71,1.13,4.05,2.8,2.35,4.94,4.68,1827,2056,1,1,2.51,1
0.26,0.6,2.53,1.21,3.07,0.56,4.46,1.17,1.7,3.0,2.54,3.45,4.66,1.22,3,7,5,6,47,54,0.08,0.64,0.93,0.07,3.49,4.67,3.48,1.88,1.61,1.87,4.68,2.15,2.18,1.1,4.1,3.87,1.04,1.4,3.91,1923,1562,1,3,4.44,2
0.07,0.28,3.37,3.22,1.62,2.21,1.17,3.61,4.0,4.5,1.35,1.91,2.64,4.04,3,7,4,4,46,52,0.61,0.26,0.25,0.75,2.99,2.43,1.59,2.98,1.53,4.1,3.46,2.77,3.87,3.77,3.94,3.5,2.34,3.19,3.64,1535,2074,1,4,0.52,2
0.32,0.96,2.58,2.94,1.91,0.98,0.28,0.73,4.5,3.4,1.91,3.25,2.67,1.58,6,2,6,5,41,59,0.63,0.97,0.73,0.27,3.06,4.65,4.24,2.55,1.79,3.66,2.13,3.61,1.47,3.04,2.83,2.72,4.71,4.98,3.37,1613,1865,0,1,4.51,0
0.47,0.5,1.65,3.77,1.09,3.46,3.52,1.62,7.1,5.1,3.78,3.08,2.33,1.11,6,6,1,4,42,58,0.76,0.45,0.83,0.17,5.09,2.74,1.88,2.86,4.23,3.22,1.65,1.75,1.6,2.49,4.63,2.24,2.48,2.57,2.45,1823,1685,1,5,1.88,2
0.7,0.13,2.31,3.65,0.63,2.68,0.26,0.62,4.2,4.6,4.47,3.79,1.65,1.69,6,4,2,0,59,40,0.78,0.61,0.5,0.5,2.28,4.79,4.04,1.41,2.83,4.96,1.51,3.0,4.92,2.99,2.86,1.6,1.54,4.24,1.63,1493,1492,0,1,0.33,2
0.43,0.7,0.36,1.45,3.16,1.42,2.61,2.96,6.7,5.2,1.02,3.91,2.27,2.05,3,7,3,0,55,48,0.19,0.05,0.73,0.27,3.29,1.76,4.08,4.11,4.16,4.74,2.63,2.1,2.9,2.02,2.1,1.29,2.15,3.67,1.03,1435,1653,0,2,4.69,0
0.52,0.51,2.88,1.98,2.26,3.19,2.1,2.51,3.0,4.0,3.96,3.7,1.03,3.96,4,7,4,1,57,42,0.46,0.54,0.97,0.03,2.77,3.82,1.95,1.32,2.88,1.97,1.84,4.83,4.4,2.95,2.52,4.61,4.05,3.23,2.04,1431,2042,1,2,1.93,1
0.99,0.25,2.77,1.82,1.55,1.76,2.8,0.72,4.2,3.7,2.33,2.23,1.09,2.49,4,6,2,6,42,61,0.45,0.64,0.36,0.64,3.98,3.97,2.77,4.0,1.4,2.52,1.13,2.74,1.23,4.31,2.87,4.06,1.39,1.06,4.46,1670,1964,1,5,1.64,2
0.59,0.24,3.3,0.66,3.22,1.63,0.67,3.77,7.1,5.6,1.08,3.22,4.34,1.71,4,4,2,6,47,51,0.41,0.27,0.68,0.32,3.04,3.97,1.43,2.42,3.76,3.44,4.29,3.74,2.27,1.67,2.07,3.87,1.88,2.99,4.37,1450,1907,0,5,3.85,2
0.44,0.47,2.3,3.48,2.26,2.31,3.22,2.93,6.1,1.5,2.19,2.65,1.45,2.7,4,5,6,6,38,64,0.04,0.26,0.88,0.12,4.54,2.49,4.38,1.45,4.44,4.51,4.62,2.34,3.18,3.82,1.4,1.23,3.88,1.59,2.29,1658,1959,1,4,3.99,0
0.51,0.32,2.6,1.13,3.38,3.3,1.75,3.02,7.8,1.1,2.18,4.04,3.58,3.99,6,6,2,2,49,54,0.72,0.01,0.21,0.79,2.95,4.22,1.37,2.71,3.11,2.55,4.68,2.14,2.17,4.94,1.37,4.13,3.99,2.77,2.16,1928,1976,0,4,0.57,2
0.5,0.08,0.54,2.31,2.65,1.91,1.19,1.69,2.6,2.3,4.65,3.81,4.55,4.87,2,2,2,1,58,40,0.51,0.57,0.45,0.55,5.83,4.46,1.03,1.82,2.48,3.93,1.1,3.27,3.85,3.5,4.66,2.21,1.16,1.58,3.29,2080,2051,0,2,4.84,2
0.78,0.92,3.43,1.33,1.66,0.6,3.01,1.49,7.7,5.4,1.91,3.03,2.27,3.51,4,5,0,0,49,52,0.87,0.71,0.96,0.04,4.03,2.1,3.8,3.13,3.78,1.07,2.71,2.21,4.78,4.26,4.03,2.77,3.66,3.83,4.43,1416,1698,1,1,0.85,0
0.21,0.5,3.17,3.49,2.46,1.41,3.14,0.33,2.8,3.4,2.3,1.55,1.16,3.93,7,3,1,6,36,63,0.67,0.06,0.24,0.76,5.02,1.68,1.81,4.45,4.64,3.99,2.85,1.44,1.01,3.04,2.82,2.89,2.24,2.84,2.92,1539,1520,1,5,0.08,0
0.12,0.66,3.51,1.69,2.11,2.56,3.46,3.25,5.4,7.3,4.25,2.59,1.76,3.46,5,2,3,4,42,60,0.76,0.26,0.03,0.97,3.49,1.36,2.82,3.73,3.54,2.55,1.88,2.35,3.72,4.54,2.32,1.05,3.04,2.7,1.88,1451,1889,1,2,1.7,1
0.52,0.12,1.94,0.78,3.25,3.33,2.46,0.43,3.5,2.0,4.47,4.3,4.32,1.02,6,2,4,0,60,38,0.82,0.82,0.8,0.2,2.4,3.18,3.87,1.82,4.64,1.49,1.47,1.58,3.5,1.09,4.78,3.07,4.18,4.87,4.11,1647,1616,0,2,1.09,2
0.63,0.57,3.42,1.82,0.77,0.88,2.53,1.4,7.6,6.8,1.61,2.99,3.75,3.97,3,7,5,0,43,56,0.6,0.96,0.47,0.53,4.57,2.55,2.08,2.32,3.62,3.34,4.58,4.55,1.21,1.65,3.79,2.62,2.61,3.49,4.25,1842,1692,0,5,4.61,0
0.9,0.78,1.37,2.78,2.28,3.27,2.49,3.95,2.8,5.5,4.65,4.5,2.04,1.45,3,4,4,2,47,52,0.15,0.92,0.91,0.09,3.94,4.1,1.59,3.94,3.15,1.11,4.14,4.22,4.9,4.29,1.01,4.97,4.74,3.0,1.1,1452,1425,1,5,1.56,2
0.26,0.16,3.01,1.94,3.11,1.14,3.35,3.09,3.3,7.7,3.51,3.85,2.14,2.52,6,2,4,5,55,44,0.51,0.72,0.29,0.71,2.3,4.49,1.61,1.53,4.82,1.89,1.62,1.86,1.25,4.86,3.28,1.49,4.42,1.45,1.48,1633,1766,1,2,4.58,0
0.58,0.05,0.64,0.35,3.39,0.23,2.84,3.04,3.4,4.5,2.6,5.0,2.74,1.51,5,2,3,6,46,55,0.49,0.45,0.95,0.05,4.11,2.29,1.96,4.17,2.87,3.23,4.03,2.37,4.64,3.79,2.27,2.52,2.58,4.49,3.95,1533,1654,0,2,2.27,0
0.95,0.35,3.74,0.86,2.49,0.47,2.28,3.77,2.2,6.9,2.8,1.85,2.24,2.82,3,4,6,1,61,39,0.18,0.06,0.3,0.7,3.26,1.39,3.01,2.79,1.77,3.9,2.93,3.38,2.62,4.26,4.74,4.71,1.26,2.95,3.42,1547,1839,0,3,3.85,2
0.92,0.29,2.64,3.61,1.37,3.15,2.4,0.73,2.5,1.3,4.79,2.43,1.62,2.31,6,3,4,6,45,58,0.34,0.82,0.49,0.51,2.06,4.6,2.57,3.32,3.12,1.77,2.64,4.89,3.45,1.8,3.78,3.24,3.65,1.41,1.04,1898,1837,1,4,1.39,2
0.93,0.34,2.41,0.43,1.09,0.47,0.9,1.57,6.8,4.3,4.83,3.8,1.45,3.3,2,3,2,2,47,54,0.8,0.0,0.79,0.21,3.74,2.92,1.0,4.74,3.44,2.01,1.31,2.82,3.73,4.93,1.81,1.47,1.77,4.14,1.15,2056,1527,1,1,4.55,2
0.38,0.31,0.28,3.59,1.18,1.81,2.98,4.29,6.1,7.1,1.56,1.88,2.61,4.65,4,2,4,0,40,61,0.24,0.73,0.02,0.98,4.01,4.64,4.28,4.11,3.36,4.94,2.25,2.49,3.83,2.32,1.01,2.86,2.54,3.56,1.46,1984,1696,0,1,2.4,0
0.11,0.81,1.38,2.54,1.9,1.32,0.4,4.2,4.4,6.3,1.27,2.5,3.53,4.45,3,2,5,2,36,64,0.76,0.01,0.97,0.03,3.58,2.05,1.94,1.73,4.55,3.42,3.41,3.15,4.23,4.6,1.4,3.62,4.43,4.52,4.3,1410,1627,0,5,2.46,0
0.81,0.38,3.11,2.69,2.24,1.49,4.31,1.27,5.7,2.4,1.72,2.9,3.01,1.82,3,3,1,6,53,44,0.68,0.73,0.21,0.79,3.68,1.31,2.33,3.59,4.92,4.68,1.96,1.49,3.55,4.55,4.2,3.28,3.56,4.79,1.68,1441,1486,0,2,2.5,0
0.96,0.62,2.85,2.21,3.09,1.26,3.99,0.57,4.8,2.2,4.25,4.81,2.6,4.33,4,2,3,2,64,37,0.87,0.17,0.23,0.77,4.49,1.79,1.7,1.6,4.78,2.82,4.38,4.12,4.06,2.14,3.71,4.27,1.66,2.64,1.05,1467,2072,0,1,1.74,0
0.69,0.3,0.76,1.71,0.54,3.48,2.86,2.11,2.7,1.5,2.97,1.32,3.82,4.46,6,6,6,6,60,37,0.03,0.5,0.03,0.97,4.49,1.35,2.54,4.92,4.89,1.84,3.17,1.92,4.01,1.66,4.57,2.04,3.14,1.94,1.77,1560,1511,0,5,0.22,2
0.73,0.4,1.29,3.3,0.52,0.67,0.46,3.95,7.0,6.5,4.45,2.4,1.47,2.69,2,2,0,3,49,54,0.88,0.75,0.94,0.06,4.98,4.79,4.19,3.04,4.38,3.06,3.94,3.27,3.0,1.8,2.91,1.92,4.89,3.34,3.24,2055,1868,1,5,4.78,0
0.02,0.09,2.29,1.36,1.06,0.71,2.97,1.17,4.0,2.0,2.96,2.54,4.93,1.93,5,6,5,4,40,61,0.99,0.14,0.41,0.59,4.05,2.23,1.06,3.48,1.34,1.85,3.41,2.49,1.3,2.22,3.46,4.52,3.36,1.09,2.02,1949,1774,1,3,1.66,2
0.46,0.6,2.84,2.25,0.88,2.24,1.45,0.74,5.4,4.6,1.19,1.77,4.5,2.11,7,4,0,1,52,51,0.71,0.47,0.7,0.3,5.61,2.33,1.06,2.93,2.91,4.81,3.55,3.33,1.01,4.59,4.65,2.28,1.16,3.79,3.48,1512,2083,1,5,2.5,2
0.25,0.29,2.21,0.9,2.63,1.9,3.78,2.97,6.7,7.7,3.35,2.66,4.17,3.87,3,6,6,2,59,38,0.12,0.7,0.15,0.85,3.72,3.93,2.94,4.26,2.24,2.0,1.8,2.46,4.03,3.7,4.86,3.66,1.88,1.56,4.92,1400,1943,1,4,3.89,2
0.01,0.26,3.28,2.46,1.04,2.6,3.57,3.54,1.7,4.4,4.39,3.38,1.83,3.54,2,3,3,4,47,56,0.82,0.72,0.97,0.03,2.2,1.7,3.16,4.36,2.48,1.6,2.7,4.93,3.48,4.5,4.04,2.33,4.05,4.7,1.85,1937,1483,0,3,0.61,2
0.27,0.44,1.37,0.99,0.73,1.7,3.82,2.95,3.3,5.9,3.91,2.06,1.02,1.69,7,4,4,4,60,41,0.44,0.7,0.09,0.91,3.23,4.89,1.69,2.52,4.16,3.07,3.79,2.46,2.61,3.49,4.63,1.25,4.83,1.8,1.43,1582,1600,0,2,3.33,2
0.02,0.43,1.02,1.2,0.44,3.29,1.67,2.16,7.2,5.5,2.12,2.17,4.47,4.31,4,5,1,3,59,38,0.77,0.78,0.27,0.73,2.58,1.54,2.13,2.56,4.24,3.11,2.73,3.64,2.85,1.89,4.03,3.68,1.38,2.54,3.78,2023,1649,0,1,1.84,1
0.14,0.73,1.58,0.66,0.63,0.72,3.51,0.5,7.4,2.6,2.02,1.12,3.66,4.14,7,3,6,3,43,60,0.67,0.97,0.71,0.29,4.43,3.59,1.26,1.86,2.26,1.84,2.74,3.06,1.54,1.12,3.07,2.68,1.51,3.2,1.82,1448,2094,0,1,4.82,2
0.67,0.37,2.46,3.0,2.57,1.93,1.65,3.78,2.7,2.5,2.34,4.26,3.43,3.29,5,7,1,5,43,59,0.22,0.94,0.86,0.14,2.28,3.24,1.33,2.05,3.3,1.96,3.98,2.6,3.19,1.42,3.92,1.06,1.98,1.08,2.85,1436,2069,0,1,2.84,0
0.13,0.58,1.23,1.11,2.07,2.25,1.22,3.32,5.3,6.9,4.39,1.88,4.78,2.88,4,4,0,3,51,51,0.87,0.83,0.88,0.12,2.19,3.98,2.04,3.24,2.68,4.11,3.41,1.69,4.82,4.46,2.0,3.56,3.44,1.65,4.73,1840,1623,0,2,4.59,2
0.85,0.94,3.1,2.89,3.28,2.46,0.69,4.44,3.8,4.6,1.86,4.07,3.43,1.5,2,4,4,1,63,36,0.13,0.59,0.06,0.94,2.77,4.27,1.47,2.02,2.85,1.19,2.76,3.03,3.31,4.52,3.87,1.9,2.34,4.45,2.82,1968,2013,1,1,1.16,1
0.66,0.24,2.21,3.35,0.98,0.53,1.44,0.82,3.6,6.8,1.17,2.2,1.56,3.25,7,3,5,1,47,53,0.57,0.78,0.93,0.07,2.12,3.38,4.29,2.67,4.99,4.9,1.22,4.24,1.91,3.9,1.7,1.17,4.31,3.55,3.91,1505,1900,0,2,2.38,0
0.01,0.75,1.3,3.31,3.44,0.35,3.17,1.65,6.0,6.5,4.01,3.9,2.39,4.65,7,7,4,4,44,57,0.38,0.43,0.94,0.06,3.6,4.76,4.89,1.03,4.76,1.48,3.43,1.28,3.78,2.34,4.91,3.2,4.62,2.13,1.27,1496,1521,1,5,2.61,0
0.87,0.29,3.13,2.83,1.52,0.87,4.37,4.49,1.6,5.1,1.6,3.18,2.31,2.15,7,5,6,6,40,63,0.23,0.93,0.82,0.18,2.32,1.63,1.18,1.32,4.48,4.7,4.23,3.71,2.68,1.07,3.88,2.76,2.92,4.65,3.52,1550,1689,0,5,2.31,0
0.7,0.02,1.14,0.99,2.95,0.68,0.57,4.19,6.6,4.9,2.11,3.05,2.93,2.58,2,6,3,6,35,67,0.52,0.54,0.12,0.88,2.24,2.24,3.54,2.58,4.18,1.72,1.9,2.27,2.57,1.36,4.04,2.91,2.07,3.2,1.63,1422,1756,1,3,2.4,0
0.72,0.55,2.63,0.63,3.23,1.59,1.15,0.67,6.0,7.8,1.75,1.39,3.18,2.73,6,5,4,2,63,38,0.96,0.02,0.26,0.74,5.03,2.74,2.77,1.66,2.44,2.11,2.35,3.53,3.86,3.71,1.41,1.34,3.42,4.27,1.87,1548,1473,0,2,1.35,2
0.97,0.31,2.23,1.22,2.16,1.77,4.37,0.7,4.3,2.5,3.45,3.22,2.58,4.72,2,2,1,0,62,40,0.14,0.66,0.87,0.13,4.52,3.52,1.06,2.23,1.98,4.36,2.11,4.45,3.85,3.87,1.17,2.63,3.31,1.63,3.93,1477,2038,0,1,0.07,2
0.93,0.79,2.94,3.63,1.54,2.02,1.75,0.65,5.0,4.6,4.25,1.53,2.16,1.74,2,7,6,0,64,38,0.92,0.41,0.32,0.68,5.22,2.69,1.69,1.54,3.71,2.05,2.52,4.69,2.77,4.15,3.84,4.51,4.88,2.94,3.92,2031,1725,0,1,0.46,2
0.06,0.07,1.4,1.69,1.95,0.25,4.32,1.57,1.5,2.0,4.87,1.75,3.59,2.91,6,3,6,0,47,56,0.03,0.86,0.46,0.54,3.29,4.75,4.61,4.74,2.48,4.01,2.07,4.54,1.61,3.51,4.51,1.9,1.61,1.79,2.87,2004,1868,0,5,4.18,2
0.69,0.18,2.44,3.31,2.94,3.04,3.23,0.9,4.3,7.5,3.32,1.8,1.11,1.76,7,7,2,0,58,39,0.14,0.36,0.83,0.17,5.9,1.12,3.77,2.16,4.02,3.88,2.98,2.36,3.91,2.22,1.1,1.9,4.07,3.22,2.07,2035,1618,1,2,1.1,0
0.41,0.37,2.75,0.8,3.46,0.41,2.2,3.8,5.6,4.8,2.64,3.75,3.51,2.91,4,6,5,3,57,43,0.93,0.49,0.37,0.63,4.98,2.8,4.61,2.46,2.16,2.93,4.43,4.16,2.5,2.03,1.87,1.78,2.06,1.13,3.33,1914,1874,1,5,3.79,0
0.69,0.69,1.38,2.88,3.09,1.56,2.55,1.37,4.3,6.3,1.99,1.87,1.94,2.24,3,3,1,5,50,48,0.23,0.51,0.24,0.76,3.71,2.75,2.91,4.16,1.56,1.58,4.56,1.19,3.54,2.52,2.01,4.8,4.73,3.37,2.41,1651,2068,0,2,0.8,0
0.88,0.14,1.25,2.4,2.3,1.88,0.94,2.04,6.4,7.3,4.38,4.46,3.29,2.14,7,3,5,2,41,58,0.78,0.58,0.53,0.47,3.91,2.01,1.72,3.67,2.62,2.62,1.33,1.3,3.96,3.5,2.68,4.58,3.8,4.45,1.28,1709,1532,0,5,4.71,2
0.96,0.29,0.92,3.12,2.03,0.37,4.23,3.84,1.1,2.8,4.5,3.03,2.1,2.06,5,3,5,4,55,43,0.35,0.98,0.75,0.25,5.69,1.69,4.35,1.35,3.83,4.36,2.99,3.32,2.63,3.66,2.73,4.99,2.44,3.96,3.16,1813,1833,0,1,4.37,0
0.18,0.69,0.42,3.37,1.13,2.61,3.41,1.11,7.5,5.6,4.72,4.63,4.92,4.43,4,6,0,4,37,64,0.4,0.8,0.64,0.36,5.94,4.3,2.18,1.42,3.63,4.92,3.11,1.84,3.61,3.74,4.63,1.27,1.64,4.89,2.64,1806,1533,1,4,0.87,0
0.23,0.75,0.65,3.02,1.03,1.61,1.2,4.5,2.6,6.0,4.37,3.3,3.54,2.53,2,3,1,1,41,58,0.16,0.82,0.82,0.18,2.52,3.94,3.19,2.18,3.91,3.53,4.1,2.66,4.34,2.7,1.43,4.81,4.55,1.42,4.67,1804,1443,0,2,0.33,0
0.54,0.03,1.9,0.71,3.39,1.21,1.89,3.55,4.3,7.0,1.36,1.74,2.76,1.72,4,2,2,5,37,62,0.32,0.29,0.68,0.32,5.68,4.89,3.97,2.49,2.68,4.72,4.41,4.8,1.77,4.32,4.44,3.39,1.43,1.75,4.01,1993,1670,0,5,0.84,1
0.79,0.24,3.08,2.96,1.96,2.84,2.48,0.91,2.0,7.1,1.95,4.38,3.34,4.11,7,7,2,4,43,60,0.78,0.79,0.45,0.55,2.26,4.07,3.07,1.47,2.12,4.63,1.07,1.22,3.91,4.15,3.85,2.38,2.5,4.07,2.19,1630,2089,1,2,1.95,0
0.68,0.06,0.59,0.29,0.96,1.02,2.2,3.81,7.6,4.7,4.82,3.55,2.43,1.03,4,4,2,6,35,64,0.68,0.36,0.68,0.32,4.19,2.11,3.4,3.19,3.94,3.24,4.41,3.36,3.47,3.56,2.13,1.61,4.89,3.61,3.04,1494,1512,0,1,2.82,2
0.52,0.28,1.85,2.99,0.63,1.56,0.31,3.46,5.8,3.2,1.29,1.6,3.34,1.2,2,2,5,2,64,34,0.57,0.63,0.36,0.64,5.49,3.72,2.54,4.24,2.64,2.97,1.57,4.47,2.74,4.51,2.37,2.2,4.88,3.09,1.25,1808,1966,0,2,2.18,2
0.16,0.34,3.32,3.26,3.49,1.32,1.22,2.41,2.6,1.7,1.67,1.73,4.22,4.5,5,3,2,5,59,39,0.59,0.98,0.35,0.65,4.42,4.75,1.9,2.29,1.66,1.86,2.83,3.41,3.77,3.16,3.19,4.59,2.02,1.0,4.37,1862,1994,0,5,3.18,1
0.2,0.98,2.7,2.23,1.08,0.22,3.63,0.85,7.8,7.0,3.35,4.78,2.73,3.7,6,2,4,5,48,49,0.26,0.53,0.31,0.69,4.3,1.17,2.56,4.48,3.89,4.11,1.03,2.81,1.92,4.09,2.03,2.39,3.66,4.81,2.09,2063,1676,0,3,2.42,0
0.94,0.27,0.24,1.42,2.38,1.52,1.01,1.0,5.1,3.6,2.81,4.75,2.23,2.96,4,2,1,2,56,46,0.52,0.92,0.18,0.82,2.73,2.76,1.93,2.53,3.86,3.23,2.61,1.2,1.79,1.7,2.43,3.01,4.54,3.89,2.29,1933,1733,1,2,4.21,0
0.98,0.48,2.59,2.99,0.36,3.33,3.57,2.9,6.9,6.8,4.58,2.36,4.09,3.68,5,4,0,2,53,46,0.79,0.28,0.02,0.98,5.01,2.11,1.24,2.22,4.0,4.88,2.74,2.97,1.61,2.65,2.66,3.01,3.37,2.33,2.08,1407,2079,0,5,1.06,2
0.22,0.64,0.67,0.73,1.57,2.09,4.22,1.65,2.4,4.6,1.03,4.06,1.78,1.21,3,4,1,1,62,35,0.26,0.85,0.19,0.81,5.71,4.69,2.82,3.73,1.93,4.98,3.86,4.5,1.26,3.58,3.05,3.32,2.01,3.36,1.95,1801,2048,1,5,0.88,1
0.51,0.19,1.19,3.07,1.01,2.18,2.38,3.88,3.6,3.0,1.5,2.3,1.05,3.18,5,2,0,5,59,44,0.78,0.1,0.86,0.14,5.72,1.04,4.37,2.32,1.83,1.38,3.7,4.67,1.83,2.98,3.63,2.48,4.8,3.94,1.93,1529,1872,1,5,3.11,0
0.06,0.93,2.12,0.27,3.06,1.89,0.95,1.74,7.6,7.3,4.24,1.65,4.71,4.22,2,6,2,3,43,59,0.42,0.69,0.51,0.49,4.7,1.18,1.12,3.09,1.34,1.02,4.62,3.85,2.94,1.54,1.82,3.88,4.82,2.7,4.28,1886,1815,1,1,4.17,2
0.41,0.48,1.85,0.78,2.96,1.22,2.02,3.83,7.0,1.2,1.69,2.86,4.31,3.61,6,6,1,3,41,60,0.4,0.77,0.1,0.9,5.78,2.04,4.88,3.68,2.92,3.71,2.74,2.6,2.61,2.19,2.15,3.01,2.77,4.09,4.11,1740,1435,1,3,4.33,0
0.16,0.08,0.47,1.03,2.44,1.82,1.07,4.39,2.5,2.4,3.21,3.37,1.84,2.54,6,4,4,1,61,40,0.09,0.46,0.23,0.77,3.43,2.14,1.3,4.32,1.13,1.27,4.86,2.61,2.64,3.22,4.83,1.33,1.42,2.61,2.31,1998,1621,0,5,3.97,2
0.93,0.17,2.77,3.0,2.72,1.08,0.84,0.38,2.9,1.0,1.34,1.69,4.17,3.2,3,4,0,3,37,64,0.97,0.41,0.77,0.23,4.28,2.65,2.07,4.22,3.27,1.26,3.0,3.49,4.17,4.86,2.02,3.87,3.94,2.06,3.95,1739,1571,1,4,3.16,2
0.84,0.09,0.91,0.38,1.72,2.67,2.71,1.08,8.0,5.4,3.85,3.53,2.24,1.28,6,5,4,5,54,45,0.16,0.85,0.22,0.78,2.91,2.32,4.37,2.99,4.81,3.28,4.98,4.71,2.81,2.07,4.7,2.49,2.91,1.27,1.07,1465,1494,1,5,2.98,0
0.72,0.52,2.34,3.58,2.18,0.75,2.61,2.24,5.7,1.4,1.37,1.72,3.74,3.43,2,4,0,0,56,44,0.26,0.39,0.11,0.89,2.51,1.41,2.16,3.83,2.5,3.96,2.56,2.79,4.47,1.91,2.92,2.49,3.53,1.09,4.1,2029,1840,0,5,0.84,0
0.91,0.15,0.58,1.21,3.31,1.53,2.08,3.51,6.8,6.3,3.28,4.42,2.28,3.88,5,3,1,3,59,44,0.78,0.67,0.98,0.02,2.65,3.81,2.03,4.14,2.41,1.01,4.34,4.4,3.01,1.75,1.77,2.82,2.27,3.79,3.16,1841,1546,0,5,0.28,1
0.81,0.71,1.6,1.17,1.04,0.38,2.46,2.87,2.7,4.7,4.3,4.02,4.9,2.92,5,7,3,1,43,54,0.24,0.48,0.59,0.41,4.17,2.46,4.17,4.72,1.42,2.32,2.7,4.23,1.51,1.42,3.19,1.05,2.7,1.04,2.89,1960,1650,1,2,1.22,2
0.04,0.99,3.25,1.62,2.39,2.27,0.64,0.33,5.6,3.1,1.62,4.69,2.62,3.63,7,5,6,3,44,53,0.44,0.57,0.82,0.18,5.17,4.06,4.99,1.22,3.89,3.71,2.78,3.8,1.87,3.98,1.52,4.13,3.28,4.44,3.78,1960,1823,1,1,1.35,0
0.15,0.19,0.88,2.75,3.03,0.52,3.18,4.27,6.2,7.7,2.33,4.79,1.16,4.17,3,4,2,4,53,46,0.01,0.82,0.73,0.27,3.58,4.11,1.38,2.57,4.03,1.75,4.24,4.46,3.83,1.18,1.15,1.4,4.17,2.63,3.51,1838,2059,0,1,4.59,0
0.21,0.85,0.44,2.98,3.03,0.74,1.76,0.63,5.4,1.3,2.13,3.91,2.43,4.9,6,6,1,1,64,36,0.74,0.25,0.79,0.21,5.82,2.33,4.13,3.58,2.72,2.14,3.42,3.65,3.59,4.47,1.45,2.97,4.1,1.12,3.49,1989,1752,1,5,1.67,0
0.26,0.76,0.48,2.01,1.13,3.3,0.95,0.39,2.8,1.8,3.93,1.99,1.39,2.55,6,7,4,5,56,44,0.74,0.81,0.93,0.07,2.14,1.71,2.42,3.96,3.35,4.36,3.93,4.49,1.45,2.28,3.02,4.06,1.01,2.11,1.44,1623,1618,1,4,0.12,1
0.92,0.73,3.28,1.53,3.03,2.96,2.14,0.26,5.3,2.2,3.05,3.48,1.71,1.6,6,7,2,1,38,63,0.26,0.09,0.58,0.42,2.13,1.53,3.9,3.22,1.49,2.73,1.43,2.9,4.26,3.3,3.51,2.16,2.93,2.12,3.83,1529,1744,0,5,0.11,2
0.18,0.62,2.86,1.49,3.3,1.46,2.36,3.73,4.6,6.9,1.18,2.68,1.46,3.71,6,4,3,0,57,42,0.25,0.76,0.29,0.71,4.94,3.62,4.41,2.72,2.63,4.73,3.63,2.01,2.74,2.74,1.77,4.5,4.68,2.89,4.49,2009,1774,1,2,3.82,0
0.37,0.19,3.23,1.24,0.22,0.33,0.25,0.43,4.8,7.7,2.19,2.67,4.89,4.02,4,7,5,2,42,61,0.84,0.45,0.51,0.49,2.88,1.63,2.14,2.64,2.99,4.95,4.08,1.51,3.35,1.08,1.13,4.27,1.19,3.43,3.95,1437,1739,0,5,4.74,2
0.7,0.18,1.88,1.33,0.41,2.35,2.24,3.84,1.9,7.8,4.14,1.85,4.59,1.27,5,4,5,3,54,48,0.97,0.31,0.79,0.21,3.99,4.72,2.63,3.62,2.9,2.44,3.33,4.16,4.87,4.4,2.57,4.73,2.11,1.7,2.33,2053,2028,1,2,2.15,2
0.67,0.48,2.54,3.5,2.62,3.38,2.66,2.72,6.2,1.0,2.4,3.15,1.05,4.83,2,5,1,6,55,43,0.65,0.31,0.54,0.46,2.99,4.72,2.37,2.77,4.2,2.17,1.03,1.67,1.03,2.5,3.34,3.62,2.56,4.04,1.09,1402,1564,1,5,2.14,0
0.26,0.95,0.94,0.99,1.34,0.55,3.63,1.0,3.1,6.7,3.3,3.18,2.65,2.04,6,6,6,1,53,48,0.53,0.62,0.92,0.08,2.33,4.88,1.11,1.95,1.25,1.8,3.55,4.64,3.77,2.88,3.56,1.41,4.74,2.98,2.61,1802,1972,1,1,0.1,2
0.99,0.59,2.3,2.59,0.44,1.32,0.27,4.1,3.7,5.2,2.42,4.98,4.51,3.97,2,2,3,1,65,38,0.69,0.63,0.9,0.1,5.48,2.13,2.96,3.38,3.09,3.85,3.98,2.81,4.41,1.68,1.79,2.39,1.64,4.78,4.28,1416,2100,0,5,3.85,0
0.75,0.72,3.42,3.21,1.98,1.27,0.59,4.32,2.1,4.0,4.6,1.32,2.3,4.37,6,7,1,6,46,54,0.35,0.61,0.49,0.51,4.33,2.15,3.23,1.56,2.56,3.44,3.8,1.86,4.73,3.32,2.69,1.57,4.64,3.31,4.41,1499,1756,0,3,3.79,0
0.05,0.43,0.24,3.58,3.3,0.78,4.24,3.27,6.7,4.9,4.2,4.09,1.61,3.32,4,3,2,3,49,48,0.78,0.4,0.39,0.61,2.45,2.36,3.51,1.25,4.76,1.87,3.4,3.07,4.87,4.41,3.53,2.78,3.97,3.21,1.78,1434,1981,0,2,2.32,0
0.16,0.09,2.96,3.73,0.35,2.39,3.88,3.97,7.2,4.6,4.18,3.06,2.97,4.3,4,3,4,5,38,61,0.69,0.82,0.68,0.32,2.51,4.96,2.65,3.2,2.21,2.35,2.33,1.78,2.36,4.53,4.35,4.73,4.42,1.87,1.27,1577,1504,0,5,4.91,2
0.99,1.0,1.72,1.48,1.43,3.28,2.76,1.19,2.7,1.8,1.79,3.66,2.44,1.93,2,5,6,3,59,39,0.52,0.58,0.04,0.96,4.39,3.57,2.65,1.8,2.93,4.47,3.63,3.13,4.59,1.51,4.97,3.88,2.08,4.13,4.01,1443,1447,1,3,2.62,1
0.35,0.79,3.66,1.03,2.52,0.73,2.88,0.72,7.0,3.1,4.85,2.43,2.37,1.03,5,5,2,2,50,53,0.83,0.69,0.03,0.97,3.81,3.44,4.8,3.3,4.51,4.13,1.57,4.02,3.51,1.73,4.88,2.77,3.45,1.65,2.47,1524,1525,0,5,3.07,2
0.09,0.66,3.45,1.62,1.62,2.25,1.05,1.49,3.3,1.2,3.68,1.66,3.4,3.88,3,4,5,6,56,47,0.99,0.34,0.24,0.76,5.99,3.83,1.61,1.22,2.56,1.73,2.11,2.99,3.82,4.81,3.28,1.33,3.33,4.63,2.78,1696,1924,0,5,2.25,2
0.74,0.25,2.92,0.2,0.31,1.61,1.77,1.53,4.9,6.5,4.61,3.35,4.0,4.57,2,3,0,0,50,49,0.41,0.16,0.85,0.15,4.77,3.99,4.49,2.56,4.32,2.35,1.31,2.12,4.31,4.66,1.61,1.81,3.94,1.66,1.34,1744,2054,1,3,4.33,2
0.49,0.36,1.23,0.85,3.19,3.44,4.05,2.81,2.0,3.2,4.27,2.34,4.94,4.35,5,4,1,1,60,42,0.03,0.26,0.84,0.16,4.95,3.97,1.92,2.21,2.83,3.89,4.48,4.26,1.24,1.41,2.26,3.14,3.78,4.48,1.69,2000,2051,1,1,2.34,2
0.98,0.04,1.44,1.84,2.37,2.2,3.97,0.71,6.7,2.5,1.83,4.18,1.34,1.53,5,6,4,1,39,60,0.43,0.61,0.66,0.34,2.7,3.67,2.12,4.08,3.35,2.86,1.64,1.35,3.21,1.14,3.76,3.64,1.54,4.11,1.96,2011,1824,1,2,0.62,1
0.65,0.8,0.75,3.63,0.85,0.65,3.9,3.02,6.3,2.9,4.66,1.22,1.18,3.48,7,7,0,3,50,47,0.27,0.26,0.09,0.91,5.3,1.46,3.85,3.06,3.27,4.43,3.97,4.66,2.87,2.96,4.79,2.9,3.32,3.13,4.12,1852,1484,0,5,1.37,0
0.67,0.1,3.34,2.62,1.53,2.14,1.29,2.92,4.9,3.2,1.36,3.24,1.38,1.18,7,6,6,4,45,55,0.46,0.21,0.55,0.45,5.9,4.14,1.59,2.17,4.6,2.02,3.3,4.87,2.52,3.62,2.23,1.93,4.88,2.72,1.26,1837,1733,0,3,3.54,1
0.83,0.91,3.19,3.79,2.34,1.91,2.35,1.2,6.5,1.0,4.41,4.13,4.9,3.41,3,3,0,3,63,40,0.64,0.24,0.48,0.52,4.98,1.39,4.78,3.02,1.62,1.91,3.88,2.52,4.05,1.84,1.13,1.2,2.55,1.57,5.0,1858,1738,0,4,0.75,1
0.53,0.8,0.2,1.32,2.49,1.05,3.07,1.32,7.2,6.5,3.58,3.42,4.92,1.28,3,3,5,2,45,53,0.94,0.95,0.05,0.95,2.94,2.57,4.83,4.89,1.64,2.69,4.66,1.77,4.58,1.42,4.21,2.2,3.85,4.62,1.44,2031,1569,0,4,0.98,2
0.64,0.04,2.35,1.5,2.04,0.47,1.77,2.44,4.9,4.6,1.01,3.71,4.13,2.52,4,6,2,4,58,44,0.15,0.97,0.46,0.54,5.84,1.16,3.93,3.05,1.82,1.95,2.51,4.91,4.64,1.04,2.21,4.05,1.45,4.09,1.04,2043,1944,1,3,0.77,0
0.02,0.98,0.87,3.57,3.11,2.69,3.86,3.37,4.9,1.9,2.19,3.44,1.17,4.75,4,6,6,6,48,49,0.13,0.5,0.72,0.28,3.5,4.17,4.86,3.18,4.93,2.19,4.72,1.24,2.76,3.04,4.97,2.04,2.43,4.84,4.04,2061,2066,0,4,2.47,0
0.9,0.68,1.93,2.31,2.6,1.16,1.84,0.38,5.0,2.6,2.28,4.39,1.82,4.42,7,4,0,4,37,62,0.95,0.0,0.0,1.0,2.15,4.98,3.31,2.58,4.56,2.66,2.04,2.01,2.76,2.63,1.52,2.49,4.75,2.83,3.25,1420,1641,1,4,2.3,0
0.41,0.35,0.32,1.93,2.44,1.34,1.33,1.62,5.4,5.7,3.52,4.14,1.77,2.54,4,4,4,0,38,65,0.82,0.94,0.56,0.44,3.17,1.34,3.46,3.06,2.19,1.05,1.09,1.12,3.73,4.14,1.04,2.72,1.08,1.63,2.58,2098,1698,1,3,4.0,0
0.78,0.05,0.96,0.33,1.33,0.38,1.93,2.69,7.7,7.6,4.13,1.98,1.31,3.54,3,7,2,3,61,36,0.37,0.6,0.97,0.03,3.32,1.99,3.82,2.5,4.72,3.06,4.81,4.65,1.99,4.9,2.71,2.87,3.38,1.89,1.3,1530,1512,1,5,4.34,0
0.38,0.83,2.44,1.18,1.36,0.75,1.91,1.4,1.6,2.1,3.49,1.82,3.6,2.33,3,4,0,1,46,56,0.09,0.17,0.12,0.88,3.14,2.74,3.31,2.5,1.48,1.38,4.42,4.51,4.58,2.02,4.52,1.99,4.96,4.54,3.23,1947,1559,1,3,2.11,2
0.53,0.03,1.58,0.5,0.89,0.44,1.46,4.49,4.0,7.0,2.7,3.46,1.18,4.13,2,3,6,5,48,55,0.66,0.33,0.05,0.95,4.24,1.31,1.4,2.92,1.93,2.78,1.02,2.02,3.89,3.1,4.64,1.1,1.33,1.41,2.16,1774,1488,1,2,2.48,0
0.78,0.5,0.96,3.04,2.45,1.58,4.38,4.06,7.6,1.6,1.1,3.04,1.89,3.69,3,7,1,2,60,42,0.41,0.91,0.1,0.9,4.26,4.14,2.65,4.33,3.34,3.74,3.54,2.02,2.02,1.65,1.5,1.81,1.94,1.55,1.4,1956,1662,0,3,3.13,0
0.35,0.41,3.31,3.27,1.98,2.07,1.98,4.41,2.7,4.3,2.37,4.96,1.03,4.76,6,6,4,2,38,63,0.73,0.32,0.06,0.94,3.62,2.87,3.32,4.85,3.87,2.7,1.41,3.02,2.33,4.75,1.44,4.24,1.31,1.52,2.58,1882,1864,1,4,0.02,0
0.07,0.22,0.68,3.45,2.48,2.18,0.87,3.31,4.9,2.0,1.56,4.64,2.59,2.85,2,4,6,4,63,37,0.92,0.53,0.08,0.92,5.32,1.92,4.92,1.67,3.27,1.68,3.85,2.49,3.32,2.49,4.71,4.69,1.69,1.59,1.8,1621,1555,1,4,1.3,0
0.68,0.34,2.7,3.36,3.1,0.98,0.33,0.65,4.7,3.0,4.98,4.57,3.67,2.65,2,7,3,2,44,59,0.8,0.73,0.08,0.92,2.56,2.73,4.33,2.57,1.27,3.3,3.59,2.78,1.65,1.64,3.07,4.37,3.26,2.66,3.74,1887,2019,0,4,4.83,0
0.49,0.24,3.56,0.43,0.21,0.26,3.2,2.79,4.3,7.3,2.38,2.99,2.05,4.65,3,4,4,6,40,57,0.92,0.23,0.59,0.41,4.83,4.28,3.4,4.01,2.08,3.18,2.2,3.65,2.51,3.56,3.53,2.73,2.15,2.93,2.46,1734,1534,1,2,3.69,2
0.54,0.68,2.63,0.54,3.07,1.23,0.92,0.95,1.5,3.3,4.05,3.41,4.58,2.26,6,6,1,0,39,59,0.27,0.43,0.47,0.53,5.41,4.71,2.19,3.32,2.81,1.34,4.43,2.1,2.57,4.98,2.91,3.99,4.04,2.88,2.37,1729,1625,0,2,1.63,2
0.98,0.53,0.57,3.71,2.98,2.78,0.61,2.31,5.1,2.4,4.12,4.26,3.88,2.06,3,2,0,0,47,52,0.56,0.81,0.88,0.12,2.59,3.83,3.49,1.14,3.4,2.22,3.84,1.36,1.89,3.86,3.91,1.76,2.21,4.32,1.39,1994,2019,0,2,0.28,0
0.77,0.85,0.96,1.66,3.37,0.25,1.63,3.98,3.4,2.0,4.89,2.11,2.5,4.55,7,3,0,2,59,38,0.93,0.46,0.29,0.71,4.27,2.82,2.08,3.32,3.18,1.39,3.85,4.77,2.63,4.32,4.33,3.18,2.99,1.97,2.46,1987,1839,1,5,2.31,0
0.22,0.32,0.33,3.56,3.03,1.49,0.66,1.2,7.8,2.6,4.12,2.02,2.12,2.42,5,3,2,6,48,55,0.69,0.96,0.57,0.43,3.82,1.5,2.66,3.96,1.85,2.24,3.02,4.81,2.41,4.88,3.47,1.73,3.83,1.45,2.3,1903,1531,0,2,4.69,0
0.21,0.19,0.44,0.29,2.87,3.23,0.66,1.13,1.2,5.2,4.17,3.85,3.29,3.51,3,6,3,6,51,51,0.14,0.16,0.57,0.43,5.56,2.49,4.13,3.16,1.47,4.01,1.04,4.09,4.98,3.91,4.57,2.82,3.57,2.37,4.51,1624,1798,1,4,4.8,1
0.59,0.57,0.59,1.05,1.16,0.5,4.01,0.52,3.0,7.9,3.56,4.15,2.15,3.45,3,2,6,4,58,44,0.37,1.0,0.06,0.94,3.45,1.3,1.25,3.31,3.92,4.47,4.89,3.15,4.28,1.27,3.77,2.37,4.49,2.27,4.7,1822,1624,1,2,2.38,0
0.69,0.64,2.38,0.76,0.28,2.22,2.63,4.04,1.7,7.6,2.75,3.2,4.97,1.63,5,2,1,3,52,48,0.61,0.58,0.83,0.17,2.4,3.73,1.66,3.76,1.57,1.68,2.7,4.33,3.82,4.76,4.96,2.24,2.28,1.79,3.79,1573,1618,0,1,4.85,2
0.42,0.09,0.44,1.38,3.49,2.33,0.53,0.83,4.4,3.9,1.99,4.64,4.96,4.32,5,4,3,0,42,57,0.73,0.09,0.11,0.89,2.09,3.8,2.2,2.18,2.27,1.43,3.74,3.41,4.19,4.96,1.26,4.68,3.99,3.57,3.93,1436,1491,1,3,2.55,0
0.38,0.21,2.75,2.14,2.25,0.9,1.59,3.72,1.5,2.2,4.88,3.55,4.2,3.85,7,7,1,6,61,40,0.95,0.71,0.32,0.68,3.03,3.27,2.08,1.25,4.91,2.7,4.89,3.06,1.22,2.26,3.33,1.84,4.87,2.16,1.22,1894,1406,0,2,2.56,0
0.31,0.89,0.38,2.74,1.18,3.11,0.26,0.81,4.1,6.5,3.36,4.31,4.79,1.2,4,4,0,1,35,67,0.69,0.84,0.04,0.96,3.32,3.4,2.69,4.03,1.26,3.69,1.06,1.33,4.42,1.69,3.75,3.02,3.64,3.83,4.9,1700,1616,1,3,0.28,2
0.89,0.68,1.05,2.71,2.71,1.6,4.19,1.99,5.8,7.9,4.29,4.52,1.92,4.73,3,4,0,3,54,43,0.44,0.48,0.92,0.08,4.9,1.12,2.62,2.51,1.67,1.43,1.47,2.69,3.2,1.23,4.55,1.09,2.26,2.56,3.62,1757,1497,1,2,1.5,0
0.57,0.48,2.24,1.78,1.48,0.97,3.5,1.55,3.1,5.5,1.07,3.99,3.81,2.38,4,5,6,0,63,36,0.25,0.83,0.78,0.22,4.4,1.82,3.63,2.16,1.01,2.58,3.0,1.48,1.53,4.2,2.55,2.81,3.12,3.41,4.49,1705,1570,1,2,0.61,0
0.13,0.45,0.47,1.12,1.54,1.23,4.39,0.71,7.9,1.4,4.17,3.57,4.16,2.64,3,4,0,3,39,59,0.2,0.02,0.13,0.87,5.37,2.0,1.97,3.99,3.56,1.38,1.35,4.44,4.34,1.56,2.0,3.89,4.74,4.34,3.71,1531,1690,0,5,3.63,2
0.62,0.49,2.41,1.24,0.26,3.02,0.46,3.89,3.3,3.3,2.83,1.81,2.96,3.77,5,4,6,3,42,56,0.05,0.36,0.19,0.81,2.77,3.42,2.6,4.45,1.45,1.63,1.59,3.96,1.62,2.5,1.41,3.04,3.64,4.9,4.66,1895,1953,1,3,0.82,2
0.85,0.06,1.22,0.97,1.87,1.95,2.17,1.31,4.0,3.0,4.8,2.68,1.23,3.04,7,7,0,0,44,57,0.2,0.63,0.66,0.34,5.93,1.77,3.27,4.01,3.27,4.72,3.82,1.67,4.93,1.79,4.13,2.6,1.42,4.14,1.2,1583,1434,1,5,4.39,1
0.01,0.76,1.9,2.69,3.41,0.71,0.48,0.5,3.7,6.2,4.09,1.89,4.75,1.71,3,5,6,2,44,59,0.03,0.55,0.78,0.22,2.13,1.83,2.68,2.47,3.59,2.42,3.26,3.19,1.39,4.63,1.63,1.32,1.66,3.69,1.38,1857,1944,0,5,1.26,0
0.33,0.47,3.63,2.0,1.35,0.89,2.31,0.39,3.0,5.8,4.52,4.34,1.01,1.6,4,3,0,5,63,35,0.0,0.35,0.42,0.58,5.0,2.1,1.01,2.76,3.28,4.63,4.54,4.33,4.91,4.16,4.15,3.58,1.82,4.6,2.43,1636,1806,0,5,0.87,1
0.27,0.19,3.1,3.25,2.0,0.89,3.18,3.94,7.4,1.9,2.78,2.15,2.87,3.59,4,5,3,4,64,36,0.1,0.17,0.93,0.07,4.21,1.86,3.57,1.47,1.58,4.02,1.76,1.72,4.14,2.57,1.52,1.5,2.74,4.11,4.39,1854,1854,0,4,0.62,0
0.96,0.84,3.46,2.4,2.93,1.08,2.51,2.12,2.8,2.0,2.1,4.79,4.32,4.23,4,5,6,5,58,39,0.75,0.09,0.78,0.22,5.49,3.45,1.46,3.67,4.07,1.82,2.45,2.11,1.87,1.47,3.34,4.49,4.49,2.9,3.05,1702,1866,0,4,3.08,0
0.06,0.93,3.5,1.5,0.61,1.33,2.64,2.51,4.1,3.0,3.74,4.49,1.55,4.47,5,5,4,3,58,43,0.98,0.48,0.21,0.79,5.94,4.7,4.77,4.19,1.65,4.5,1.34,3.67,4.96,1.95,2.6,1.34,2.43,3.37,2.83,1985,1887,0,3,2.69,2
0.33,0.98,2.52,2.1,1.25,2.56,1.31,3.26,3.8,2.6,3.28,2.78,4.6,3.94,5,6,3,6,54,49,0.36,0.56,0.15,0.85,5.84,3.4,4.78,4.41,2.99,1.1,3.18,4.58,1.11,4.77,4.86,4.14,4.33,2.04,1.65,1920,1993,0,2,3.56,2
0.53,0.63,3.5,3.53,0.31,0.44,4.38,1.41,6.8,3.5,3.06,1.83,3.43,4.23,2,3,1,1,58,44,0.42,0.91,0.96,0.04,4.13,2.16,2.99,3.28,4.78,2.11,4.68,4.63,2.5,4.66,3.78,4.66,1.98,1.01,3.12,1802,1597,1,1,4.91,0
0.86,0.17,1.38,1.31,2.52,2.95,1.95,1.54,4.7,7.2,4.69,2.34,3.5,4.78,6,3,5,0,41,60,0.94,0.41,0.08,0.92,5.65,1.19,3.98,3.4,1.58,2.51,1.46,3.69,2.38,4.78,4.15,3.63,3.01,3.01,2.59,1427,1742,1,4,3.11,2
0.1,0.09,3.48,3.63,1.38,1.07,2.01,3.58,3.6,4.9,3.52,2.62,4.91,4.11,7,2,3,4,53,47,0.67,0.2,0.59,0.41,5.78,4.23,4.97,2.59,4.54,4.24,2.0,4.49,2.26,4.77,2.1,4.0,1.61,3.93,2.33,1534,1594,1,2,3.38,1
0.97,0.74,1.95,2.23,2.56,2.3,0.45,0.3,7.7,1.0,3.47,1.26,3.47,1.04,6,6,0,6,49,53,0.98,0.84,0.5,0.5,2.12,3.63,3.75,4.36,1.74,4.29,4.71,1.14,4.99,4.12,2.77,4.71,1.96,3.73,4.18,2032,2093,1,4,0.1,2
0.36,0.24,3.44,2.68,2.15,2.34,0.73,1.17,6.8,2.6,3.95,3.04,3.79,1.85,3,3,3,6,46,57,0.96,0.22,0.7,0.3,2.68,1.69,4.65,1.1,1.86,4.37,3.91,2.29,1.16,4.29,3.81,4.41,2.07,1.42,3.42,1988,1721,0,3,1.11,1
0.37,0.24,2.91,0.41,2.98,3.37,3.65,1.31,4.5,1.4,3.26,2.48,1.2,4.69,7,7,5,5,60,38,0.16,0.69,0.84,0.16,3.53,1.98,1.66,4.99,2.56,4.98,3.13,3.32,1.33,3.76,4.3,1.05,3.97,3.05,1.74,1607,2005,1,3,1.8,2
0.75,0.73,3.21,0.46,1.59,1.12,3.65,3.94,4.4,3.5,1.25,2.34,2.52,1.57,5,5,6,0,50,51,0.03,0.09,0.83,0.17,5.7,4.53,3.33,4.53,3.01,3.79,4.76,2.81,1.82,3.7,2.77,3.38,3.45,4.7,2.98,2099,1999,1,3,4.9,2
0.1,0.22,3.52,2.74,1.59,1.59,2.66,1.94,1.1,7.2,4.77,2.13,4.78,1.28,5,5,5,5,49,54,0.99,0.7,0.48,0.52,2.63,4.13,2.05,4.95,1.06,1.25,3.91,3.92,1.75,3.51,2.24,1.9,1.63,2.02,2.33,1568,1995,1,4,3.24,2
0.36,0.87,0.34,0.43,0.66,1.91,0.82,1.69,4.3,2.3,1.53,2.72,3.3,1.41,5,7,1,5,40,62,0.87,1.0,0.72,0.28,5.18,3.3,1.68,4.59,1.59,4.83,3.3,3.05,3.67,1.79,1.34,1.91,3.91,1.81,4.06,1505,1650,0,2,3.78,2
0.5,0.2,3.37,2.43,1.53,0.63,0.32,1.97,6.7,4.9,3.31,3.7,4.75,2.82,5,4,0,6,36,65,0.89,0.81,0.95,0.05,4.88,2.69,2.16,3.43,3.5,3.72,1.81,2.03,1.64,4.17,2.04,3.01,2.67,4.84,1.48,1799,1413,0,1,2.51,2
0.31,0.31,0.6,2.51,3.18,0.6,3.52,1.1,1.7,7.6,2.42,3.55,4.97,3.37,5,7,4,1,62,35,0.87,0.27,0.63,0.37,5.32,3.8,3.08,4.75,3.99,4.73,4.17,4.35,4.18,1.08,3.61,1.71,3.04,2.09,4.67,1867,1780,1,1,0.45,0
0.82,0.87,0.47,3.03,0.58,2.81,2.42,2.05,6.0,4.9,2.7,4.46,3.73,2.52,2,7,2,4,56,45,0.42,0.52,0.59,0.41,4.28,2.59,4.38,2.64,4.79,4.52,1.84,4.75,1.35,3.62,2.81,2.4,3.36,2.2,4.13,1602,1435,1,1,1.06,0
0.79,0.64,2.01,3.71,1.84,1.37,0.4,3.42,7.3,3.8,2.6,1.71,1.31,4.82,7,7,3,4,35,63,0.32,0.66,0.2,0.8,5.88,1.25,2.13,4.34,2.09,1.91,4.61,1.53,4.12,2.28,1.16,4.45,2.32,2.77,3.95,2052,1994,1,5,0.82,0
0.81,0.16,0.82,2.55,3.42,0.75,2.99,4.01,4.7,4.7,4.78,2.74,4.74,3.86,6,7,3,6,53,47,0.91,0.42,0.14,0.86,4.99,1.11,4.75,2.09,4.52,1.54,2.11,1.81,4.7,2.03,2.63,4.4,3.89,2.19,2.73,1786,1807,1,5,2.75,0
0.93,0.59,0.97,0.54,3.05,0.77,3.55,1.51,4.9,3.8,2.05,3.03,1.39,2.96,7,6,2,0,35,65,0.9,0.25,0.69,0.31,5.46,2.42,3.63,1.13,1.88,1.51,1.67,4.7,4.0,1.27,1.21,2.51,1.75,2.35,2.09,1491,2083,0,4,1.09,0
0.05,0.84,3.29,0.98,3.18,1.04,1.43,2.51,3.9,4.9,2.56,1.68,1.32,1.13,5,2,1,5,53,46,0.88,0.03,0.16,0.84,5.04,2.92,1.71,2.72,4.37,3.09,2.08,1.33,2.88,1.35,1.58,4.52,2.93,1.61,2.33,1901,1486,0,5,4.08,1
0.21,0.08,1.65,1.31,3.31,2.68,4.15,2.14,5.3,4.6,1.66,2.57,2.95,2.85,6,3,1,1,48,53,0.2,0.3,0.69,0.31,4.14,2.15,1.03,1.39,2.83,3.96,2.8,4.59,2.71,2.75,1.46,4.81,3.41,4.71,4.92,1875,1755,0,1,4.29,0
0.57,0.29,2.28,1.68,3.25,1.9,1.08,1.32,3.5,7.6,1.64,2.11,4.51,2.18,7,4,4,0,54,48,0.94,0.72,0.58,0.42,3.42,1.62,2.78,2.55,1.68,3.19,1.23,3.81,4.98,2.17,1.83,3.21,4.07,2.92,2.37,1575,2022,1,3,3.2,2
0.02,0.48,3.23,2.35,1.21,2.55,0.22,0.22,4.4,5.1,2.58,3.37,2.89,2.43,6,4,3,6,42,59,0.07,0.38,0.37,0.63,4.07,2.96,3.16,1.53,4.73,3.22,3.6,1.57,1.55,1.16,2.82,3.18,1.33,4.4,4.92,1543,1762,0,4,4.21,0
0.66,0.59,3.12,3.75,2.47,3.46,1.59,0.52,7.5,6.4,1.57,1.21,3.76,4.5,7,6,1,2,64,36,0.29,0.92,0.53,0.47,2.61,2.62,1.49,1.58,3.67,1.71,4.86,2.09,3.11,3.27,4.3,2.67,4.74,1.87,3.08,1445,1680,0,3,1.85,0
0.79,0.8,2.13,1.37,1.59,3.4,1.84,1.52,7.1,4.8,3.14,4.85,4.72,1.51,3,6,6,6,59,38,0.03,0.9,0.52,0.48,5.85,4.33,3.3,2.81,1.88,1.35,3.79,4.33,2.69,4.56,3.01,1.72,2.39,3.22,2.48,2052,2043,1,5,2.9,2
0.32,0.75,1.14,0.79,2.76,1.94,4.1,0.43,2.1,3.9,3.3,2.55,3.43,3.44,2,3,6,0,59,44,0.62,0.56,0.19,0.81,4.8,4.63,4.84,3.81,1.92,4.35,3.73,4.28,2.98,2.34,4.49,3.26,2.73,2.18,2.26,1698,1621,0,2,4.55,2
0.26,0.43,3.05,3.33,3.17,0.35,2.8,4.41,6.4,1.5,2.15,4.28,2.21,1.29,7,5,2,4,55,45,0.8,0.94,0.16,0.84,3.39,2.18,3.67,1.31,3.59,4.49,1.91,1.75,2.01,4.37,3.38,4.92,4.56,1.14,4.48,1728,2023,0,2,4.29,0
0.15,0.76,1.74,0.82,2.75,0.85,3.06,0.33,4.1,1.2,3.51,1.6,2.05,3.62,5,5,4,3,64,38,0.9,0.58,0.1,0.9,4.46,1.74,4.07,3.26,4.7,3.35,1.37,3.91,1.75,2.08,2.06,4.16,3.91,4.62,1.93,1837,1889,0,5,3.76,0
0.46,0.07,2.52,3.68,0.79,3.08,4.32,1.58,7.3,7.0,4.19,2.41,3.94,3.56,6,2,5,0,47,56,0.96,0.82,0.19,0.81,2.08,2.17,4.4,1.51,4.48,2.63,1.13,1.82,1.84,1.77,3.3,1.67,3.47,3.57,4.96,1593,2025,1,5,0.41,0
0.63,0.54,2.9,2.75,2.4,0.55,3.0,4.4,7.9,2.8,4.61,1.42,2.45,3.04,4,6,4,5,49,48,0.41,0.59,0.35,0.65,5.96,3.5,3.08,2.61,2.11,4.44,4.44,2.15,4.72,2.96,2.29,4.52,2.26,1.59,3.38,1701,1445,0,2,4.18,2
0.92,0.4,2.0,2.73,1.92,2.64,1.34,0.24,8.0,1.1,3.37,4.87,1.48,1.25,2,3,0,3,58,44,0.23,0.58,0.44,0.56,5.86,2.22,4.98,2.44,1.19,4.28,4.04,1.3,4.83,2.21,4.74,1.12,2.28,1.36,2.93,2002,1612,1,5,0.45,0
0.84,0.07,0.5,0.99,2.78,2.87,0.52,3.97,1.2,1.1,3.05,4.81,1.41,3.21,4,7,0,1,54,43,0.38,0.47,0.52,0.48,5.46,2.78,4.81,1.64,2.74,1.28,1.7,1.36,4.42,4.02,4.48,3.24,2.09,1.54,3.55,1884,1900,0,3,1.82,0
0.69,0.07,3.35,2.42,3.17,1.53,3.99,0.99,8.0,4.6,4.84,1.79,1.56,3.02,6,2,6,6,60,40,0.02,0.69,0.76,0.24,2.04,4.92,1.28,4.36,1.12,4.9,1.73,3.34,3.91,4.64,4.69,2.93,1.14,3.44,1.12,1557,1872,0,5,3.4,2
0.12,0.41,0.68,2.08,1.8,3.19,2.45,2.51,7.7,7.6,1.5,1.32,1.08,1.41,7,7,2,1,55,42,0.82,0.9,0.21,0.79,3.65,2.56,3.52,1.02,2.85,3.21,1.22,2.28,4.71,1.23,2.93,1.34,3.13,4.14,4.13,1409,1404,0,4,1.58,0
0.66,0.49,0.41,3.04,1.66,1.31,2.33,1.58,5.7,4.6,1.7,1.5,4.84,2.82,5,3,4,0,37,60,0.95,0.23,0.07,0.93,5.15,1.52,2.55,1.35,3.9,3.35,4.57,2.86,1.18,3.94,2.8,1.34,4.99,3.53,2.82,1477,2026,0,2,0.48,0
1.0,0.9,3.74,2.92,0.47,2.26,2.91,3.91,7.0,2.8,3.63,1.78,3.51,1.31,2,2,0,2,42,57,0.48,0.33,0.93,0.07,5.37,3.12,1.47,2.23,2.04,2.83,2.88,4.22,4.71,2.43,2.58,1.64,1.19,2.51,1.05,1991,1461,0,2,2.66,2
0.8,0.3,1.35,1.0,2.68,0.2,1.55,2.18,5.1,3.5,1.0,2.71,4.3,2.43,2,4,5,2,45,53,0.87,0.38,0.31,0.69,3.56,4.48,2.11,3.19,3.4,2.84,4.14,1.14,2.63,1.67,3.3,3.48,2.38,3.71,4.86,1978,1628,1,4,4.67,2
0.07,0.56,1.57,1.11,1.02,1.73,4.24,1.64,2.9,4.5,3.25,1.37,2.12,4.27,5,2,3,5,55,45,0.71,0.26,0.08,0.92,5.74,3.01,1.98,4.77,2.29,2.93,2.63,4.45,4.56,4.63,1.78,4.75,1.96,3.71,2.88,1568,1452,1,3,2.77,2
0.83,0.4,3.68,1.27,2.78,0.46,1.4,4.04,7.9,6.7,3.02,1.02,1.66,4.44,4,5,4,5,61,42,0.41,0.79,0.34,0.66,5.51,3.26,2.79,3.73,3.58,4.25,4.38,1.61,3.26,4.22,4.05,3.86,3.27,4.27,3.74,1492,2034,1,2,0.29,1
0.17,0.08,0.93,2.73,1.84,0.94,3.47,0.35,5.1,7.5,3.3,4.18,2.61,2.71,3,2,5,1,55,43,0.99,0.9,0.86,0.14,3.19,1.8,4.74,4.08,1.68,4.13,1.8,2.76,3.88,3.5,3.36,3.58,3.21,3.51,2.21,1829,1588,0,2,4.25,0
0.24,0.46,3.06,3.77,1.37,2.33,0.82,1.43,1.1,2.9,1.26,1.97,1.32,3.13,7,3,6,5,61,37,0.72,0.06,0.98,0.02,4.32,1.22,2.7,3.39,1.59,4.5,2.4,2.61,3.64,1.65,3.52,2.61,3.88,3.54,1.61,1525,1871,0,1,4.33,0
0.93,0.2,0.81,1.1,1.93,1.21,2.28,2.26,3.2,2.7,2.18,1.66,4.96,1.26,5,3,0,4,63,34,0.15,0.96,0.4,0.6,4.23,4.24,1.2,3.64,3.41,2.57,3.93,3.52,1.33,2.48,1.28,4.41,2.7,1.37,4.45,1720,1917,1,3,4.32,2
0.1,0.57,2.87,3.65,2.96,2.21,4.18,2.34,1.7,7.4,4.52,4.84,1.34,3.34,3,5,3,3,54,43,0.52,0.52,0.16,0.84,4.8,4.04,1.12,1.12,1.9,4.19,3.18,1.65,2.17,3.27,3.96,3.01,4.65,1.46,3.17,2084,1908,1,3,3.44,0
0.58,0.17,2.23,0.3,2.4,2.42,2.53,0.99,7.9,5.0,1.96,4.14,3.41,3.53,7,6,0,0,58,42,0.38,0.16,0.09,0.91,4.09,1.97,1.8,3.01,4.16,1.05,3.04,1.53,1.51,2.72,3.83,2.25,3.53,3.87,3.71,2053,1568,0,4,0.72,1
0.7,0.34,2.97,2.06,0.46,2.28,3.96,4.33,6.3,5.9,1.42,1.74,4.34,1.65,6,6,1,1,37,62,0.04,0.39,0.79,0.21,5.32,4.32,3.41,3.07,3.14,3.67,4.29,1.33,3.62,2.14,1.68,3.83,2.08,4.98,4.95,2043,1654,1,3,4.04,2
0.49,0.88,2.19,0.7,2.93,3.18,3.94,1.2,5.0,5.7,1.77,2.22,4.67,3.2,2,2,4,4,48,55,0.36,0.69,0.99,0.01,3.65,2.2,2.56,3.05,1.63,4.94,4.62,2.93,2.07,3.85,1.77,4.94,1.49,2.82,4.13,1818,2087,1,5,4.52,2
0.74,0.58,1.37,1.39,0.29,2.83,3.11,0.76,6.6,6.8,3.15,3.86,4.74,2.56,6,4,3,0,57,45,0.01,0.95,0.61,0.39,2.55,4.46,3.96,4.91,4.75,2.37,2.71,4.73,4.89,2.9,4.16,3.94,1.56,2.42,1.69,1765,1962,0,5,2.48,2
0.0,0.05,1.33,1.76,0.87,2.79,3.04,1.83,2.7,2.7,4.79,3.35,3.4,4.97,7,7,5,0,49,54,0.7,0.55,0.04,0.96,4.46,3.02,1.01,2.52,2.68,1.38,3.65,4.86,1.95,3.93,3.34,3.38,4.18,4.32,1.4,1466,1956,0,3,2.98,2
0.97,0.59,1.97,2.42,1.07,3.4,2.33,1.28,1.4,2.4,2.48,4.22,3.65,2.8,6,4,1,3,44,54,0.34,0.78,0.9,0.1,2.59,2.01,1.9,1.61,2.11,2.64,4.64,4.63,2.58,4.33,4.56,1.82,3.72,3.66,1.51,1627,2092,1,2,1.83,1
0.34,0.09,1.47,0.49,2.44,1.42,0.53,2.63,3.1,3.6,1.74,3.49,2.04,3.2,3,7,3,6,40,57,0.84,0.92,0.26,0.74,5.52,4.59,4.13,3.77,1.71,2.54,4.07,3.76,4.75,2.25,2.51,2.25,4.19,4.73,2.56,1858,1754,1,5,4.01,1
0.07,0.76,1.3,1.32,0.35,2.54,0.73,1.81,1.8,2.1,1.89,3.05,4.59,3.83,7,2,0,0,45,52,0.15,0.55,0.09,0.91,4.85,1.88,1.41,1.79,4.91,1.55,1.58,1.53,2.07,2.99,3.56,2.35,4.85,3.29,4.05,1916,1990,0,5,1.15,0
0.66,0.91,3.64,1.75,0.9,3.14,1.29,1.19,6.0,4.0,2.69,1.48,4.55,4.8,2,5,0,4,44,54,0.05,0.99,0.62,0.38,4.39,4.11,4.34,4.52,2.47,3.55,3.9,3.67,2.22,3.54,2.39,1.25,4.61,1.59,4.71,1689,1412,1,5,3.49,2
0.31,0.11,0.81,3.71,3.0,2.63,2.43,2.65,3.7,7.6,1.83,1.08,2.41,1.52,2,4,5,1,38,63,0.23,0.66,0.52,0.48,5.56,4.73,1.07,4.9,3.79,3.96,2.53,2.35,1.32,4.29,1.7,4.1,2.62,2.1,1.72,2056,1429,1,5,4.26,2
0.64,0.81,0.48,3.68,2.45,0.86,2.79,3.57,5.6,5.9,1.39,2.27,4.38,2.11,7,3,0,2,41,56,0.49,0.13,0.17,0.83,5.48,1.12,4.11,3.98,2.64,4.43,2.22,2.49,3.16,2.36,4.22,3.83,2.65,1.66,2.45,1676,1410,0,5,1.81,0
0.19,0.71,1.75,0.96,2.88,2.24,3.89,2.88,7.7,1.4,1.7,3.67,2.84,2.47,7,7,0,1,43,56,0.58,0.54,0.45,0.55,4.67,3.17,4.92,4.93,1.02,2.62,3.05,4.09,1.38,2.2,1.46,1.49,3.49,2.21,4.62,1455,1405,0,5,3.0,1
0.45,0.69,0.28,2.98,3.48,1.79,3.87,2.25,7.5,5.3,1.17,4.59,3.93,3.29,3,4,4,3,35,68,0.28,0.79,0.32,0.68,4.17,3.84,2.48,2.61,2.76,3.63,3.4,1.76,4.18,4.29,1.11,3.02,2.27,2.5,1.39,1897,1557,1,4,4.9,0
0.29,0.05,2.25,0.81,3.3,2.56,1.68,4.48,3.0,4.6,1.92,3.0,3.95,1.69,2,6,3,4,51,48,0.65,0.35,0.73,0.27,5.49,4.81,4.69,3.48,4.52,4.93,4.31,3.06,2.17,4.99,4.39,1.53,3.05,3.14,4.48,1724,1890,0,4,1.74,2
0.37,0.33,0.59,0.43,0.54,0.86,1.59,2.97,4.2,5.5,3.95,3.51,2.96,4.46,7,6,4,1,61,42,0.63,0.68,0.17,0.83,5.63,4.82,1.27,2.39,4.79,1.44,4.23,3.23,2.75,2.35,2.83,1.92,1.27,1.86,1.26,1535,1952,0,1,4.76,1
0.83,0.79,0.33,1.11,2.36,3.04,3.03,4.1,5.8,6.9,2.57,2.16,4.64,1.98,4,4,1,6,50,47,0.76,0.41,0.36,0.64,3.7,2.1,2.55,1.47,1.54,1.19,2.89,4.52,2.76,4.03,1.52,4.06,4.81,4.38,2.3,1872,2008,1,1,3.25,2
0.07,0.4,2.93,0.49,1.45,1.83,4.04,2.51,4.2,2.4,3.54,1.77,4.27,3.8,5,5,2,0,36,61,0.21,0.3,0.57,0.43,2.76,2.04,3.13,1.24,2.66,3.08,4.05,3.13,3.92,3.94,3.88,3.03,4.44,2.31,3.37,1755,1671,0,1,2.5,2
0.04,0.8,3.79,1.34,1.9,3.42,0.82,4.45,3.7,4.7,3.23,3.21,2.93,2.23,3,5,0,6,43,55,0.84,0.76,0.32,0.68,5.32,4.71,2.69,1.38,2.26,3.42,2.45,3.78,3.03,4.0,4.4,3.73,4.75,2.65,3.64,1650,1990,1,1,1.98,2
0.62,0.88,2.85,0.29,2.81,0.31,1.29,1.86,6.1,2.8,1.52,3.56,4.8,2.05,5,6,2,4,46,51,0.05,0.88,0.17,0.83,4.38,3.53,2.57,4.56,2.34,1.02,1.52,2.2,4.96,3.79,4.95,3.67,2.82,2.33,3.43,1969,1473,0,4,3.76,2
0.49,0.51,2.73,1.35,1.61,0.98,4.09,0.52,4.8,1.9,2.68,2.04,2.08,2.7,7,4,5,2,54,47,0.93,0.96,0.77,0.23,5.89,1.73,3.83,4.05,4.26,1.02,4.1,1.41,1.74,4.61,1.24,3.44,2.47,1.71,3.02,1804,1766,0,5,3.67,0
0.73,0.95,0.41,2.69,1.26,3.29,1.17,3.38,3.9,4.9,2.0,4.67,3.49,3.77,6,2,6,6,53,47,0.51,0.58,0.96,0.04,2.52,3.7,4.51,2.84,2.48,3.66,1.71,4.57,4.49,3.36,1.02,1.03,2.95,3.89,3.34,1768,1645,1,5,2.03,0
0.22,0.6,2.24,3.76,1.62,2.37,0.26,4.46,3.7,5.1,3.73,4.64,4.32,4.65,7,6,2,4,55,45,0.32,0.22,0.73,0.27,3.73,4.92,2.13,3.75,4.56,4.01,1.66,1.65,1.38,3.57,1.9,3.26,2.39,3.94,1.39,2091,1592,1,4,2.56,1
0.9,0.02,0.98,1.44,0.99,0.24,2.67,0.46,6.9,5.1,1.62,3.04,4.19,2.97,3,3,3,6,42,55,0.77,0.85,0.6,0.4,4.81,3.08,1.79,3.31,3.84,2.91,2.56,2.85,2.97,2.61,4.43,3.75,2.91,2.21,2.34,2079,1929,1,3,1.56,1
0.9,0.8,3.51,3.6,3.14,2.64,3.3,2.8,3.0,4.1,3.44,3.05,3.22,3.72,2,3,2,6,35,64,0.07,0.2,0.2,0.8,2.02,4.58,2.93,1.89,1.72,3.46,2.51,4.11,4.1,2.88,2.87,2.23,3.46,2.76,2.34,1614,1648,0,1,2.54,2
0.51,0.96,2.51,3.08,3.13,2.65,3.29,2.04,2.9,5.7,1.17,1.48,3.77,4.31,7,3,0,4,53,44,0.82,0.28,0.17,0.83,3.75,4.69,2.49,4.28,3.78,3.71,1.86,1.57,1.5,2.65,4.92,1.36,4.59,1.21,2.17,1674,1816,0,3,2.25,1
0.96,1.0,0.34,2.32,2.77,2.23,3.16,3.35,2.4,4.1,3.26,1.81,2.28,4.07,6,4,1,2,64,35,0.36,0.94,0.58,0.42,4.99,1.34,1.94,1.79,1.53,3.22,1.52,3.03,3.75,1.57,4.78,2.91,3.9,4.61,2.33,1742,1414,0,2,4.36,0
0.46,0.35,2.4,3.22,1.97,1.45,1.24,3.9,1.0,1.7,2.87,1.6,4.33,3.13,7,6,2,5,44,57,0.47,0.5,0.36,0.64,3.41,2.77,2.91,1.35,3.45,3.29,2.85,1.84,4.97,2.86,4.79,4.78,4.56,2.96,3.64,1621,2063,1,1,3.34,0
0.66,0.54,0.96,0.37,3.06,1.2,3.23,3.3,1.7,5.3,1.58,2.3,3.01,1.15,7,6,3,1,53,48,0.19,0.76,0.78,0.22,5.59,4.06,4.26,1.83,1.73,2.3,2.72,1.75,1.63,3.07,3.08,3.28,1.29,4.4,4.94,1899,1506,1,4,0.96,1
0.63,0.14,3.14,0.43,2.7,0.26,0.29,2.13,3.8,3.4,3.88,2.7,3.28,1.22,4,2,2,1,48,51,0.89,0.36,0.39,0.61,2.92,3.91,3.49,2.0,1.51,4.31,3.58,1.72,2.03,2.57,4.68,4.19,1.44,4.34,2.34,1710,2043,1,1,1.2,2
0.83,0.34,0.74,0.58,3.15,1.83,3.97,1.27,1.6,6.0,1.31,1.89,1.16,4.78,4,6,6,0,48,55,0.74,0.89,0.19,0.81,5.53,4.44,1.98,3.46,3.21,1.39,4.06,3.58,2.97,3.33,3.97,3.53,4.61,3.86,3.49,1770,1594,1,1,2.35,0
0.01,0.32,1.91,3.12,1.69,2.26,4.07,0.52,4.0,5.9,2.61,4.19,1.87,2.9,3,2,2,2,53,44,0.85,0.02,0.92,0.08,2.74,1.81,2.66,1.29,3.32,3.86,1.23,4.86,3.99,4.77,2.22,2.55,1.06,4.67,3.77,2097,1434,0,3,0.18,0
0.5,0.2,1.02,2.59,1.54,2.01,4.3,1.04,7.2,2.7,2.66,4.84,1.76,3.73,5,7,0,0,51,49,0.82,0.43,0.91,0.09,2.32,3.72,1.76,2.01,1.52,1.24,2.42,4.91,1.95,3.01,1.35,3.16,1.03,2.88,4.37,1571,1750,0,2,3.47,0
0.83,0.2,1.26,3.63,3.48,1.71,3.56,0.78,4.2,5.6,4.11,1.14,2.62,1.93,7,7,0,6,46,53,0.6,0.65,0.6,0.4,4.49,3.57,1.44,4.85,4.1,2.89,1.49,3.12,4.22,4.58,2.47,1.28,3.31,4.72,4.58,1898,1821,1,5,4.33,2
0.1,0.57,0.93,0.55,3.36,3.14,1.88,0.78,6.2,5.4,2.04,2.9,2.25,4.93,7,3,5,6,39,62,0.74,0.41,0.83,0.17,4.07,4.23,4.79,2.95,4.44,4.52,1.56,4.16,4.24,4.61,3.76,3.26,4.8,1.61,2.43,1915,1520,0,1,1.37,0
0.98,0.74,1.13,0.98,0.73,0.41,2.34,0.52,4.2,2.3,1.99,2.92,2.32,2.86,4,5,6,6,43,56,0.86,0.8,0.06,0.94,4.65,4.85,3.72,4.52,2.13,3.21,2.85,1.87,4.32,3.03,4.62,3.04,1.67,3.04,3.83,1966,1788,1,3,2.82,2
0.24,0.33,1.17,1.65,0.87,3.13,4.1,3.83,4.0,7.8,1.26,3.01,4.91,1.71,4,5,6,6,60,38,0.57,0.48,0.55,0.45,5.83,2.39,3.74,3.73,1.09,2.28,3.94,4.97,3.1,1.51,4.23,3.24,4.76,2.86,2.14,1516,1547,1,1,0.58,2
0.18,0.31,3.48,3.03,0.6,1.38,2.09,4.25,3.9,1.5,1.07,2.15,1.12,1.5,2,7,0,4,38,61,0.71,0.43,0.58,0.42,2.42,1.95,1.38,2.71,4.23,4.22,2.36,2.06,1.02,3.09,2.03,3.81,4.49,2.19,3.91,2051,1945,0,4,2.92,0
0.1,0.37,1.71,0.74,3.24,2.01,1.84,1.8,1.0,3.7,4.31,3.58,4.95,2.29,7,4,1,0,40,58,0.83,0.58,0.9,0.1,2.99,3.51,4.74,2.09,3.19,1.61,3.63,1.4,3.06,1.88,2.03,2.55,3.56,1.19,3.0,1443,1793,0,4,1.98,1
0.47,0.71,1.79,1.04,2.97,2.72,1.84,0.81,5.1,5.6,2.06,3.58,1.19,4.49,7,5,2,4,51,52,0.69,0.62,0.89,0.11,3.42,1.19,1.12,1.14,3.88,4.44,4.79,3.8,3.41,1.15,4.58,1.84,1.33,3.81,1.07,1566,1641,1,2,1.11,0
0.68,0.85,2.73,2.7,1.08,1.6,0.92,1.62,7.0,2.2,4.49,2.07,3.33,1.51,3,6,2,5,45,54,0.99,0.05,0.75,0.25,3.08,4.55,1.58,3.78,1.47,2.18,1.24,3.87,1.23,2.24,2.87,2.06,1.45,1.06,2.58,1774,1870,0,1,1.42,2
0.02,0.48,1.24,1.0,1.7,2.95,2.25,0.67,4.1,1.6,4.98,3.0,3.21,3.23,6,4,5,6,53,47,0.16,0.55,0.84,0.16,2.26,1.41,3.77,3.19,1.06,3.23,3.28,2.51,2.15,3.68,4.39,2.45,1.17,4.18,2.22,1737,1421,1,5,1.07,2
0.22,0.95,3.34,2.25,3.32,1.66,2.18,2.15,6.8,5.2,2.92,1.11,1.41,3.31,2,2,4,1,40,62,0.58,0.33,0.3,0.7,3.56,2.81,1.72,3.9,2.03,2.91,3.5,3.95,4.05,3.13,2.45,2.14,3.96,2.24,2.56,1687,1699,1,4,4.29,2
0.49,0.3,2.32,0.92,3.27,0.37,0.28,0.77,4.4,3.1,1.31,4.05,2.53,4.79,6,6,0,5,55,45,0.26,0.99,0.86,0.14,2.37,3.42,2.42,1.24,1.5,2.93,2.57,3.33,2.53,2.38,2.55,4.46,3.76,4.34,1.32,1473,1751,0,4,1.64,0
0.93,0.8,0.39,1.43,0.48,2.05,3.44,2.77,5.6,2.8,1.19,4.17,4.01,3.25,6,4,5,1,59,38,0.96,0.8,0.34,0.66,3.5,1.57,1.62,2.38,4.61,2.49,3.79,1.34,4.8,2.98,1.14,4.34,1.88,3.73,4.85,1736,1814,0,3,1.07,0
0.27,0.63,1.87,2.57,0.6,0.76,2.53,3.73,7.6,1.1,3.34,3.74,1.99,2.89,6,6,0,6,40,63,0.86,0.65,0.77,0.23,5.13,2.08,1.23,3.9,2.62,2.6,3.09,3.38,2.85,1.48,2.16,3.57,3.97,1.58,4.82,1954,1448,0,3,2.13,1
0.83,0.46,1.39,0.64,3.1,1.46,1.98,3.61,5.7,3.1,4.79,4.6,3.95,2.23,2,4,0,6,44,58,0.31,0.37,0.4,0.6,3.1,1.7,1.58,3.08,1.63,2.55,4.11,1.44,2.43,3.8,3.51,2.04,1.18,1.52,4.51,1852,1638,0,5,3.58,2
0.08,0.94,2.16,1.41,0.56,2.67,3.73,2.65,3.5,6.1,2.5,2.2,3.27,4.45,7,6,0,1,47,51,0.61,0.75,0.29,0.71,4.22,2.04,2.21,3.32,1.59,1.22,3.23,1.97,1.6,1.85,3.74,2.69,1.13,1.16,1.68,1903,1844,0,3,0.17,2
0.74,0.56,2.53,3.62,0.9,2.55,0.74,1.88,3.1,7.3,3.5,3.38,1.66,1.21,5,7,5,5,37,64,0.46,0.11,0.82,0.18,5.54,4.82,1.6,4.81,1.81,1.26,2.01,3.4,1.2,4.88,3.93,4.55,1.52,2.49,2.48,1614,2030,0,3,1.39,2
0.85,0.06,2.77,2.83,1.16,3.35,3.96,2.04,5.3,4.6,4.56,2.3,3.85,2.7,2,7,6,3,45,56,0.7,0.24,0.25,0.75,2.17,1.55,3.78,1.47,4.07,1.57,2.15,3.6,3.8,2.86,1.12,4.14,4.6,1.24,1.9,1963,1507,0,3,0.38,2
0.6,0.07,0.69,3.14,3.34,1.8,1.07,0.76,1.9,6.8,4.17,4.59,2.59,3.78,5,3,3,5,35,67,0.33,0.35,0.84,0.16,2.07,4.5,1.02,1.82,2.0,3.89,4.75,1.38,3.65,4.28,3.53,3.57,3.85,4.76,1.09,1534,1862,0,2,2.88,0
0.66,0.27,1.44,2.06,2.23,0.54,2.3,1.2,5.2,3.5,3.54,2.06,3.01,2.43,7,3,6,4,55,46,0.36,0.03,0.95,0.05,3.62,3.65,3.18,3.29,1.68,4.94,4.26,4.96,1.59,3.08,1.35,2.35,3.86,3.87,2.3,1901,1462,0,5,4.09,2
0.87,0.0,3.52,3.65,0.44,0.58,0.72,3.85,1.6,1.1,4.79,3.9,4.33,3.22,6,4,3,2,59,43,0.78,0.46,0.85,0.15,2.12,2.32,2.76,4.69,2.57,3.3,4.13,2.27,3.68,3.66,4.22,4.3,2.64,2.08,3.14,1532,1835,0,1,4.37,2
0.54,0.21,3.47,0.65,2.76,2.46,2.44,1.53,7.1,7.7,4.49,1.52,1.27,1.88,4,5,1,0,59,39,0.23,0.54,0.27,0.73,3.73,3.48,2.95,3.24,4.96,2.11,3.03,1.75,2.48,3.88,4.51,2.78,3.25,1.91,4.01,1962,1445,0,5,0.58,2
0.81,0.81,3.51,1.45,1.39,2.21,1.9,1.75,5.5,4.6,3.8,4.0,3.1,4.05,4,5,6,2,51,51,0.21,0.15,0.41,0.59,4.53,1.84,3.43,3.11,1.08,1.07,1.29,2.12,1.61,1.87,3.22,1.5,3.98,1.53,3.01,1539,1626,1,2,0.09,2
0.28,0.75,1.22,3.12,0.53,0.82,2.8,2.94,4.9,7.8,4.92,4.66,2.79,2.54,3,3,5,3,37,66,0.65,0.78,0.3,0.7,2.7,3.86,1.86,2.58,3.05,3.38,1.73,4.81,1.97,2.99,1.92,2.93,3.86,3.59,2.52,1954,1671,1,2,3.21,1
0.2,0.11,2.87,2.25,2.94,2.78,1.23,2.69,5.4,5.3,4.81,4.27,3.46,2.69,4,7,1,4,48,54,0.81,0.91,0.63,0.37,3.97,3.99,3.66,2.45,4.66,1.93,3.83,3.54,2.66,1.05,4.63,1.78,1.69,3.98,2.3,1749,1657,1,2,0.09,1
0.05,0.66,3.28,1.7,2.6,1.24,2.82,1.75,2.9,6.7,1.94,2.46,4.55,4.15,3,5,5,6,59,44,0.89,0.93,0.51,0.49,4.33,3.0,4.86,1.47,1.01,1.81,2.69,4.86,3.96,2.93,2.89,4.41,4.48,3.95,1.53,1776,1870,0,5,0.21,0
0.09,0.75,0.48,1.75,0.23,0.51,2.71,0.71,4.9,5.5,2.65,4.73,1.73,2.22,3,5,0,4,65,38,0.12,0.2,0.9,0.1,2.58,2.05,1.64,3.76,4.67,2.21,1.48,1.82,2.02,4.86,2.75,1.26,2.99,3.67,3.72,1526,1744,1,1,4.4,0
0.51,0.99,0.47,1.36,0.42,2.46,0.56,0.44,4.4,3.0,4.53,4.15,1.87,3.59,3,4,2,1,40,63,0.54,0.08,0.45,0.55,3.61,4.55,3.46,1.09,3.84,1.84,2.28,4.57,2.29,2.2,4.63,3.31,4.66,2.17,4.27,1484,1834,0,2,0.23,0
0.43,0.76,2.38,1.4,1.39,2.94,0.38,0.46,3.2,2.6,4.28,4.12,4.8,3.62,3,5,3,6,64,34,0.21,0.47,0.03,0.97,4.85,4.15,3.6,4.59,4.22,1.01,4.6,4.3,1.86,1.81,1.35,2.08,4.4,4.66,1.01,1586,2072,0,3,1.4,2
0.75,0.05,3.55,2.8,3.41,0.85,3.11,2.53,7.6,2.5,1.65,2.5,4.08,1.79,7,2,2,3,42,61,0.19,0.62,0.37,0.63,3.75,1.46,3.53,3.8,1.09,3.18,3.31,3.11,4.3,4.49,4.5,2.71,2.84,4.03,2.71,1533,1645,0,3,3.72,1
0.63,0.7,1.93,3.3,0.41,1.0,3.26,0.71,7.7,7.5,1.87,3.94,1.17,4.62,4,6,4,5,42,55,0.22,0.66,0.89,0.11,4.13,1.18,3.32,1.3,3.74,1.82,4.72,2.2,1.88,2.95,2.42,1.33,3.95,3.35,4.27,1578,1411,0,3,4.21,0
0.19,0.3,3.16,3.79,1.02,0.91,0.46,0.97,2.2,3.8,3.66,4.09,3.63,4.59,6,2,0,2,59,41,0.91,0.94,0.95,0.05,4.61,1.84,1.48,3.18,2.64,2.4,1.57,2.48,4.23,4.68,1.62,4.98,1.25,3.99,1.11,1474,1576,0,3,2.88,0
0.94,0.11,1.44,2.37,0.29,2.73,4.45,1.4,3.1,1.5,3.15,1.85,4.6,1.16,5,6,6,3,61,41,0.04,0.92,0.4,0.6,4.13,1.75,1.04,3.12,2.96,3.45,2.85,4.9,2.24,1.88,1.4,4.09,3.53,4.42,4.86,1750,2009,1,2,3.06,2
0.01,0.79,2.4,0.46,1.22,0.85,0.99,2.3,2.3,6.3,3.86,2.53,3.72,3.85,6,7,5,0,49,51,0.88,0.82,0.93,0.07,2.27,3.0,3.64,1.35,2.46,1.8,1.79,4.33,1.27,3.81,3.73,2.58,2.64,2.74,3.9,1813,1513,1,5,3.99,1
0.67,0.05,0.45,0.63,0.99,3.49,4.37,0.72,1.7,4.6,1.58,2.71,1.39,2.1,7,4,1,1,38,63,0.46,0.79,0.64,0.36,5.42,3.97,1.14,4.99,3.16,2.14,1.02,4.6,4.12,1.13,1.33,2.41,3.39,4.11,2.6,1687,1414,1,1,3.84,2
0.18,0.76,0.62,2.79,1.11,1.64,1.14,3.71,3.3,3.4,4.94,2.01,3.22,2.28,5,5,5,1,48,50,0.26,0.37,0.17,0.83,5.4,3.69,3.44,3.56,1.35,2.22,2.88,4.7,4.36,2.23,4.26,2.89,2.13,4.01,3.25,1963,1669,0,2,2.7,2
0.38,0.69,0.49,3.24,2.58,1.05,4.15,2.61,2.6,5.3,1.94,4.3,1.88,4.58,5,4,0,2,38,60,0.73,0.15,0.06,0.94,4.85,4.11,1.19,1.65,2.61,4.64,4.98,4.8,4.68,3.2,3.54,3.29,2.86,3.79,4.42,1543,1671,1,1,0.73,0
0.02,0.57,1.09,2.04,0.73,1.21,3.49,1.08,1.6,3.0,4.6,4.1,4.32,1.77,7,4,6,3,64,33,0.61,0.36,0.53,0.47,3.93,3.57,2.65,4.54,3.37,4.77,3.8,1.87,2.62,2.67,3.81,4.67,1.79,4.12,2.51,1789,1719,0,4,0.12,2
0.95,0.22,0.75,2.52,2.68,3.49,1.06,2.22,4.7,4.3,2.61,3.2,3.73,4.14,5,6,6,4,56,47,0.58,0.05,0.96,0.04,2.84,4.5,1.6,1.01,1.73,4.46,2.3,1.42,2.95,3.67,3.84,1.82,3.78,2.43,2.85,2081,1512,0,3,2.57,2
0.4,0.64,0.49,2.37,1.67,1.45,2.25,2.67,5.9,1.0,4.23,4.66,1.85,2.77,4,5,3,6,55,47,0.7,0.45,0.72,0.28,3.11,2.02,2.57,4.76,2.88,1.09,4.21,1.52,1.68,4.92,1.63,4.58,4.32,2.06,2.95,2080,1856,1,5,1.78,0
0.12,0.45,1.77,2.41,0.65,1.89,0.83,2.12,3.2,6.3,1.69,4.2,2.87,1.32,6,6,6,4,41,58,0.32,0.84,0.51,0.49,2.76,3.88,1.8,1.47,4.09,2.41,2.98,2.07,3.68,3.91,3.84,3.29,4.42,2.73,2.99,1885,1621,0,3,2.48,0
0.7,0.77,1.37,2.08,3.09,2.47,2.09,0.58,6.9,4.3,1.02,1.65,1.9,3.52,3,2,0,2,49,48,0.16,0.19,0.75,0.25,4.39,2.49,4.5,2.16,4.94,1.71,2.87,1.23,4.78,1.95,2.76,1.39,4.66,2.65,2.29,1600,1986,1,4,4.44,0
0.45,0.9,2.02,3.58,2.07,1.83,2.89,3.58,6.1,3.5,2.79,3.7,4.96,2.52,4,6,4,2,53,45,0.46,0.24,0.21,0.79,3.92,4.72,2.62,3.11,4.78,4.55,2.05,3.19,4.08,2.7,4.83,4.02,1.33,1.3,3.32,1970,1892,0,3,1.41,1
0.04,0.33,3.24,3.78,0.61,0.81,3.26,2.23,5.1,7.1,1.78,1.26,1.72,2.41,3,7,4,3,58,41,0.49,0.36,0.47,0.53,3.49,4.36,2.04,1.43,4.18,3.95,1.39,2.89,3.8,4.06,4.49,4.5,4.98,2.95,3.06,1452,1672,1,3,4.99,0
0.75,0.19,2.16,2.17,2.02,0.59,0.7,1.81,6.5,4.8,1.35,1.15,2.59,4.36,6,4,5,4,37,60,0.88,0.83,0.57,0.43,5.62,1.92,4.17,3.81,4.54,3.41,3.79,3.66,4.62,2.76,2.9,4.88,2.32,3.46,3.8,1673,1718,1,2,2.07,0
0.67,0.46,3.73,2.28,2.61,2.52,4.16,3.81,4.8,7.5,1.39,4.13,3.81,3.76,3,6,5,4,41,62,0.99,0.03,0.42,0.58,5.68,3.12,3.4,3.5,2.48,4.53,2.07,3.48,1.65,1.57,2.61,3.9,3.21,1.77,2.67,1479,1860,0,5,0.13,1
0.68,0.08,2.21,1.07,2.97,1.98,2.47,3.95,2.7,5.7,3.68,4.02,3.21,3.66,3,5,6,6,55,46,0.83,0.22,0.31,0.69,3.93,2.94,2.46,4.8,1.23,4.95,3.12,2.94,4.43,1.36,4.43,4.69,4.05,1.29,3.73,1662,1703,0,1,1.75,2
0.4,0.46,1.34,2.25,2.03,3.44,3.85,2.05,6.1,1.7,3.89,3.97,2.6,4.93,6,4,6,4,43,57,0.33,0.83,0.1,0.9,5.35,3.66,1.45,4.92,3.95,1.19,4.01,2.62,2.06,3.5,3.18,4.62,1.96,2.09,4.11,2072,1988,1,5,0.18,1
0.43,0.6,1.31,1.67,1.29,2.94,2.77,2.11,4.6,5.2,3.52,3.82,2.27,2.5,3,6,5,1,58,45,0.1,0.99,0.57,0.43,3.38,2.06,3.94,3.48,4.3,2.79,2.26,4.24,1.64,4.84,1.19,2.13,2.24,1.48,3.94,1422,1501,1,4,1.96,0
0.34,0.38,2.47,3.34,2.88,1.55,4.06,4.39,6.4,1.2,1.32,1.92,2.95,2.92,4,2,6,1,60,43,0.76,0.98,0.98,0.02,2.88,2.36,1.04,2.01,2.5,1.24,2.31,3.58,4.57,5.0,1.16,2.32,3.5,4.6,1.11,1874,1455,1,3,4.72,0
0.73,0.87,3.2,3.74,0.77,0.78,1.0,1.24,2.6,4.9,4.68,4.79,1.23,1.53,6,2,1,2,40,57,0.39,0.49,0.9,0.1,5.86,2.78,1.43,2.54,4.17,2.05,4.94,3.1,4.15,2.43,3.59,4.74,3.59,3.13,1.14,1616,1972,0,3,3.38,0
0.66,0.18,0.4,3.07,3.43,1.62,2.38,2.79,4.8,4.7,1.73,2.26,3.81,2.12,6,3,6,0,46,54,0.25,0.21,0.98,0.02,4.75,1.6,2.13,3.13,2.99,1.75,1.43,4.37,2.39,1.62,1.12,1.98,2.25,3.8,2.63,1597,1448,0,5,0.02,0
0.31,0.13,1.46,1.71,3.5,0.63,3.28,3.16,6.6,6.8,3.7,1.66,3.87,3.75,4,2,4,2,37,61,0.9,0.39,0.52,0.48,5.95,4.72,2.04,1.64,3.26,1.56,2.36,1.94,2.23,2.12,3.34,4.36,3.78,3.33,2.88,1990,1807,0,4,3.83,1
0.94,0.94,1.08,1.79,2.88,0.46,4.37,3.6,8.0,3.9,2.83,4.66,1.26,2.58,2,4,6,6,61,37,0.51,0.07,0.89,0.11,2.79,1.29,4.92,1.69,1.66,2.95,4.07,3.95,3.29,2.94,1.86,4.65,1.77,3.94,3.05,1706,1585,0,1,3.71,0
0.93,0.92,2.88,0.42,2.93,3.23,3.28,4.06,2.5,2.9,1.14,1.65,1.19,3.65,5,3,0,2,49,54,0.33,0.39,0.19,0.81,3.8,2.32,4.55,1.45,3.86,2.75,4.39,4.95,1.55,1.68,1.81,2.55,1.61,2.18,4.81,1562,2029,0,4,3.21,0
0.19,0.96,3.02,1.35,2.64,0.3,3.09,2.3,6.1,6.9,4.82,1.58,3.28,1.62,4,6,4,5,45,55,0.78,0.17,0.19,0.81,3.06,3.51,3.7,2.28,2.58,2.66,3.99,3.04,4.36,3.17,1.25,1.91,3.09,4.67,3.47,1994,1640,1,4,0.67,2
0.38,0.94,0.63,1.11,0.51,3.04,2.23,3.32,3.6,7.7,2.54,3.49,4.14,3.43,6,5,2,3,44,57,0.5,0.6,0.29,0.71,3.11,4.4,2.4,1.7,4.43,2.44,4.25,2.46,2.42,4.93,2.01,2.43,1.54,2.26,1.88,1427,1527,0,4,1.37,1
0.89,0.45,3.12,0.62,0.6,2.53,0.38,2.86,4.6,3.6,2.4,4.54,3.55,2.71,2,4,4,4,61,38,0.36,0.47,0.11,0.89,3.62,1.85,4.45,3.15,4.52,2.02,2.72,2.46,3.69,4.38,3.89,2.63,2.35,2.18,1.41,1425,1591,0,2,2.36,1
0.15,0.1,1.38,0.82,2.96,0.3,3.03,1.18,6.4,4.1,4.8,1.8,1.02,1.14,3,3,3,2,36,66,0.41,1.0,0.3,0.7,2.06,4.86,4.63,2.62,4.79,3.95,3.73,2.75,2.46,3.32,2.92,2.01,4.83,1.1,4.16,1509,2094,1,2,3.57,0
0.76,0.65,1.65,3.26,2.21,0.96,0.23,3.16,7.3,4.9,1.41,2.7,2.48,2.79,6,4,3,1,59,39,0.07,0.02,0.22,0.78,5.06,4.39,3.79,3.73,1.41,1.49,1.62,2.86,4.73,1.35,4.91,3.77,1.58,3.65,4.8,2002,1581,0,1,0.54,0
0.43,0.79,2.69,2.8,3.06,0.51,1.65,1.93,2.4,3.3,1.28,3.17,1.03,2.73,2,7,0,4,52,49,0.8,0.69,0.06,0.94,2.54,2.8,4.06,3.66,4.91,3.25,1.1,3.07,2.57,3.47,3.5,2.94,1.1,3.62,4.95,1620,1568,0,5,2.39,0
0.04,0.92,3.44,3.13,0.24,2.87,1.05,1.26,7.7,3.8,2.37,4.16,3.84,4.65,4,6,2,1,41,57,0.51,0.8,0.27,0.73,2.08,1.98,2.53,4.48,1.36,2.03,2.4,4.3,1.48,1.43,3.23,2.31,2.72,2.11,2.74,1553,1905,1,2,3.09,2
0.53,0.49,0.95,2.68,2.76,3.38,3.92,0.37,2.8,7.0,1.15,1.99,1.1,1.25,4,3,5,1,60,43,0.06,0.57,0.39,0.61,2.52,3.82,2.25,4.95,2.49,2.07,3.47,4.32,2.51,2.06,4.21,2.25,3.7,3.97,3.56,1690,1778,1,4,3.03,2
0.1,0.34,1.46,1.27,2.31,2.81,0.8,0.44,4.2,2.4,1.29,4.64,3.86,2.67,3,3,1,5,38,60,0.36,0.74,0.94,0.06,4.16,2.3,2.15,4.36,4.15,2.17,1.07,3.9,1.86,4.09,4.74,2.09,3.21,3.69,2.36,1473,1478,0,5,1.53,0
0.7,0.65,0.86,3.58,1.12,3.27,0.39,3.41,3.5,6.3,3.74,5.0,2.75,3.64,7,4,6,3,38,59,0.86,0.87,0.91,0.09,5.64,3.88,4.88,3.78,2.84,1.13,1.75,2.07,1.97,3.07,1.73,3.58,3.73,3.57,3.48,1967,1603,1,4,2.9,0
0.95,0.98,1.05,1.6,0.97,2.23,2.74,4.12,7.9,5.7,4.37,4.42,3.29,2.09,4,5,5,1,45,56,0.02,0.37,0.35,0.65,4.52,2.39,3.43,4.15,1.92,2.65,4.57,3.72,3.0,1.46,4.58,1.96,2.02,1.02,3.07,1899,2098,0,3,0.89,2
0.79,0.33,0.74,1.56,0.56,1.22,1.71,1.08,4.3,4.0,1.28,1.95,4.97,4.31,3,6,3,0,42,56,0.58,0.17,0.73,0.27,4.96,2.7,1.09,3.76,4.53,1.41,4.87,4.09,1.21,4.33,4.09,1.74,3.88,4.91,1.92,1628,2095,0,4,3.81,2
0.38,0.5,1.6,0.92,1.24,3.49,1.79,3.18,2.0,6.9,3.36,2.93,2.21,3.69,4,5,6,3,55,48,0.69,0.56,0.94,0.06,4.54,2.1,2.76,2.96,3.94,2.21,1.71,2.41,3.38,4.07,3.52,4.57,1.75,1.69,2.25,1567,1668,0,3,0.24,1
0.82,0.98,1.12,3.72,2.33,2.43,0.85,4.16,3.5,2.9,4.15,1.68,4.83,1.4,6,5,5,4,43,56,0.83,0.75,0.19,0.81,2.94,1.65,4.66,3.92,3.18,2.14,4.6,4.76,2.95,2.63,3.8,2.27,1.47,2.0,1.75,1815,1616,0,2,3.85,2
0.14,0.02,1.38,1.04,2.2,2.02,4.22,4.39,5.6,3.6,1.14,1.88,4.9,3.86,7,2,2,2,58,42,0.84,0.99,0.72,0.28,2.75,3.97,4.06,2.78,3.74,4.08,3.8,4.52,2.05,4.4,4.43,3.08,4.65,4.46,3.83,2003,1413,0,3,4.51,1
0.78,0.78,1.08,3.79,0.33,1.11,4.02,0.87,2.5,6.4,4.6,1.24,4.65,4.78,4,2,3,3,36,64,0.06,0.24,0.74,0.26,5.47,2.28,1.99,1.09,1.78,2.72,1.46,3.13,1.81,3.53,2.56,1.47,4.72,3.72,1.02,1686,1990,1,4,2.46,1
0.23,0.1,0.76,1.48,2.45,2.48,0.4,2.49,2.6,1.2,2.14,3.42,4.52,2.59,4,5,4,0,58,44,0.01,0.62,0.08,0.92,2.47,2.53,4.58,1.53,3.27,1.21,1.08,1.18,1.21,2.92,4.23,2.16,1.8,1.57,1.69,1874,1414,1,5,4.57,0
0.98,0.04,2.44,1.9,1.31,0.69,2.89,4.06,3.1,5.8,1.77,1.98,2.9,2.97,4,4,1,1,64,35,0.36,0.7,0.7,0.3,2.41,1.09,3.48,4.06,1.36,3.24,3.19,2.39,1.79,2.31,1.77,3.69,1.68,2.37,1.67,1786,2060,0,3,3.47,1
0.87,0.07,2.76,3.69,1.23,2.77,3.0,3.44,5.7,7.9,3.94,4.77,1.12,2.11,7,3,3,2,57,46,0.26,0.32,0.97,0.03,4.68,4.87,2.32,3.68,4.1,3.39,3.25,4.71,3.3,3.58,3.18,4.35,2.81,4.2,2.3,1931,2001,0,2,3.4,2
0.87,0.8,0.56,1.6,1.46,1.05,2.33,4.07,7.0,3.3,4.48,4.59,1.36,1.68,3,3,0,0,44,58,0.8,0.81,0.65,0.35,2.03,4.75,4.88,4.76,3.47,2.7,1.12,1.29,2.31,2.07,2.57,4.12,4.08,1.1,1.94,2014,1431,1,1,0.64,1
0.8,0.49,1.82,2.92,0.33,1.53,1.59,2.65,2.8,5.9,3.6,3.64,2.03,4.62,4,2,0,4,42,56,0.77,0.35,0.68,0.32,2.38,2.59,3.88,4.94,4.53,4.25,3.64,2.69,2.49,1.87,3.06,4.12,3.27,4.03,1.86,1408,1494,0,4,3.35,0
0.12,0.28,0.43,1.45,3.38,3.32,1.25,2.92,4.9,1.8,2.21,2.15,4.5,3.03,5,4,6,6,49,54,0.05,0.84,0.99,0.01,4.27,4.37,4.17,3.58,1.9,1.78,3.14,3.23,1.48,1.71,4.18,4.88,2.14,3.57,1.14,1737,1560,1,3,0.54,2
0.3,0.7,2.06,0.62,1.8,2.86,1.7,0.21,7.4,5.6,4.05,2.71,4.81,1.46,6,4,3,6,62,36,0.68,0.94,0.35,0.65,5.56,3.81,2.32,1.78,3.78,4.52,2.05,3.25,2.38,1.24,4.9,1.11,4.06,1.88,1.12,1696,1689,0,2,0.61,2
0.58,0.37,2.88,0.62,1.71,2.4,1.31,2.71,4.4,1.7,1.79,1.22,4.02,2.73,4,6,2,5,58,39,0.48,0.16,0.62,0.38,5.39,3.09,2.92,1.58,1.51,3.71,3.38,1.09,1.68,1.48,2.97,4.08,1.27,3.92,2.95,1667,1920,0,5,1.25,2
0.84,0.78,2.93,2.81,2.27,1.57,3.98,3.97,1.6,2.4,4.03,1.63,3.29,3.96,5,2,6,2,49,51,0.51,0.39,1.0,0.0,3.3,3.16,3.7,2.3,4.76,2.46,2.81,2.78,3.83,2.72,2.38,3.64,2.18,3.67,2.43,1603,1954,1,5,0.93,0
0.69,0.69,1.53,2.68,1.31,2.47,0.84,0.98,5.5,3.0,3.77,3.1,2.75,1.32,6,5,6,0,44,53,0.8,0.03,0.14,0.86,5.62,1.86,3.44,3.7,3.91,1.54,1.33,1.31,2.73,4.27,2.16,1.53,2.01,4.78,1.39,2050,1572,0,5,3.85,2
0.57,0.13,1.56,3.0,0.39,3.5,1.45,0.77,5.7,5.8,1.01,2.44,3.5,4.06,6,3,1,0,49,54,0.4,0.73,0.66,0.34,4.01,2.28,1.57,4.02,4.95,2.51,1.14,4.01,2.26,3.0,4.81,4.01,2.66,2.33,3.8,1996,2099,1,3,2.2,1
0.48,0.66,3.24,2.09,2.91,1.62,3.4,4.14,3.7,7.6,1.71,4.12,4.44,3.4,3,3,2,0,61,37,0.71,0.67,0.49,0.51,3.7,4.74,2.9,2.4,1.58,2.04,3.33,3.25,4.6,3.05,3.43,3.62,3.0,4.57,4.21,1936,1405,0,1,0.25,2
0.22,0.08,2.08,2.97,1.7,2.47,1.65,0.85,2.3,4.6,2.23,2.31,1.22,4.95,2,6,6,0,59,39,0.95,0.27,0.31,0.69,4.72,3.44,4.92,1.73,1.39,4.17,2.07,4.62,1.87,2.57,2.83,3.24,4.37,2.21,1.39,1857,1589,1,2,0.96,0
0.02,0.15,2.46,3.79,2.9,0.36,3.47,0.79,5.4,5.3,3.56,1.69,2.55,2.77,3,5,4,1,41,60,0.89,0.15,0.03,0.97,5.81,3.66,2.02,4.7,3.06,1.58,1.54,2.97,2.56,4.01,4.54,1.86,4.61,1.8,2.85,2063,1609,1,2,3.97,2
0.98,0.22,2.25,3.08,0.87,1.63,2.98,1.36,2.7,1.7,4.82,1.34,1.16,1.29,7,7,6,5,41,57,0.19,0.28,0.34,0.66,4.18,2.88,3.34,3.46,2.32,3.16,4.41,2.36,1.17,4.06,2.11,2.0,1.29,2.51,1.71,1524,1749,0,1,1.59,2
0.62,0.42,1.05,3.24,1.94,2.14,1.3,1.24,1.6,1.0,3.49,4.66,4.3,3.17,2,4,4,5,53,44,0.41,0.92,0.92,0.08,2.87,2.36,3.75,3.75,1.27,3.6,4.89,2.06,4.11,4.16,1.62,1.58,3.14,1.98,3.62,1769,1506,1,2,3.11,0
0.84,0.95,1.16,2.52,1.43,1.11,1.41,0.37,1.6,7.7,1.69,3.55,4.5,3.25,3,7,1,4,37,65,0.14,0.76,0.39,0.61,2.42,4.5,4.37,3.12,1.52,3.45,4.66,2.61,3.93,2.68,1.68,4.08,1.06,3.17,4.38,1915,1947,1,1,3.05,0
0.31,0.62,2.16,1.03,1.24,2.5,0.73,1.16,6.0,6.7,2.66,3.13,4.31,4.09,5,4,3,6,52,47,0.56,0.09,0.33,0.67,4.23,1.73,1.6,3.85,3.26,1.92,3.05,1.43,3.36,4.07,2.73,2.44,2.63,1.37,1.01,1706,1540,1,4,3.87,2
0.03,0.36,1.72,1.48,2.61,3.31,1.14,0.22,5.7,4.5,2.13,3.54,4.06,1.2,6,6,6,3,65,37,0.84,0.04,0.99,0.01,3.4,2.45,1.06,3.9,3.8,4.41,2.28,2.37,3.11,1.54,3.67,1.2,4.58,1.19,1.72,1434,2028,0,4,2.11,2
0.2,0.11,1.85,1.0,1.29,1.3,1.01,0.39,2.5,4.0,2.96,3.16,2.07,4.37,4,2,2,6,65,35,0.87,0.34,0.18,0.82,3.36,3.37,2.63,2.93,2.43,1.67,4.21,3.5,4.51,3.94,1.85,1.16,4.82,1.63,4.44,1539,1468,0,5,1.17,1
0.14,0.21,3.23,0.35,2.07,2.75,4.27,2.11,4.3,2.4,3.26,2.23,4.61,2.28,7,3,5,1,56,42,0.4,0.93,0.18,0.82,2.24,1.9,4.7,1.97,2.95,2.09,3.75,2.64,2.27,4.06,2.81,4.64,4.53,1.86,4.36,1546,1714,0,1,0.13,2
0.19,0.76,0.87,3.5,3.18,1.94,2.97,2.08,6.2,6.8,2.96,3.97,1.11,4.43,5,7,0,1,35,66,0.42,0.16,0.8,0.2,4.65,4.64,4.66,1.9,4.73,3.36,3.92,2.14,2.72,2.64,1.97,3.72,3.77,1.6,4.09,1722,1472,0,3,2.69,0
0.0,0.97,1.26,1.69,2.39,2.91,4.01,1.52,1.4,7.7,3.36,1.3,3.56,2.87,6,4,3,3,56,45,0.56,0.78,0.47,0.53,3.8,4.37,2.71,2.61,1.17,2.51,3.32,2.17,1.08,3.79,1.81,4.08,2.34,3.0,2.63,1847,1712,1,1,3.12,2
0.54,0.91,2.03,2.78,2.59,0.46,3.44,4.23,2.2,7.5,1.24,1.06,2.74,1.17,5,3,4,0,63,37,0.57,0.36,0.9,0.1,2.54,4.82,4.02,4.67,3.63,3.29,1.81,4.15,2.18,1.38,3.45,2.88,3.99,3.32,4.13,1475,1648,1,1,0.86,1
0.15,0.9,2.88,2.46,0.23,1.34,3.61,3.51,4.0,7.1,1.09,4.88,4.19,2.22,2,4,0,2,45,56,0.39,0.13,0.66,0.34,2.39,2.7,1.24,4.71,4.05,2.87,1.93,1.59,1.62,2.62,3.76,2.67,2.88,1.92,2.51,1631,1699,1,1,1.86,2
0.49,0.64,0.49,0.22,2.5,1.92,1.45,2.29,1.2,4.8,4.35,2.61,4.8,3.94,3,3,6,4,54,48,0.61,0.92,0.14,0.86,3.12,4.03,1.98,3.68,1.51,3.54,1.57,1.55,2.08,4.79,4.3,1.33,1.27,4.5,4.17,1470,1693,0,4,3.02,2
0.16,0.01,3.15,2.74,0.85,2.44,0.87,1.79,1.8,5.9,4.08,4.8,2.3,3.77,2,5,3,2,61,41,0.35,0.28,0.31,0.69,2.79,1.34,1.79,3.99,1.14,2.74,2.3,2.15,1.74,2.87,3.92,2.15,2.11,2.16,2.75,2078,1401,1,2,3.38,2
0.86,0.35,2.62,1.3,2.89,3.0,3.67,0.63,7.2,6.2,3.92,4.92,1.29,4.75,2,4,2,2,59,39,0.17,0.98,0.64,0.36,5.29,3.1,3.12,2.4,1.38,3.36,3.58,2.33,1.85,4.29,4.87,3.69,3.68,2.11,1.16,1586,1930,1,1,3.0,0
0.59,0.17,2.07,3.33,1.29,2.89,0.84,1.65,2.6,4.0,4.17,4.43,4.83,4.87,7,4,0,3,54,43,0.2,0.43,0.74,0.26,3.55,1.5,1.16,3.84,2.15,4.64,1.05,4.5,2.93,4.03,3.81,4.99,2.38,2.0,1.92,2096,1765,1,3,4.36,2
0.17,0.93,2.39,3.4,2.71,2.59,3.7,3.64,4.2,1.9,2.5,2.43,2.57,1.7,5,6,1,3,59,41,0.73,0.51,0.58,0.42,3.78,3.08,3.69,4.2,3.06,3.61,2.69,2.49,1.63,1.53,2.25,4.25,4.16,1.07,3.39,1690,1416,0,3,3.82,1
0.03,0.56,1.69,3.7,2.76,1.9,1.06,2.46,6.8,5.3,2.69,4.88,1.38,4.68,6,7,2,2,62,40,0.64,0.45,0.01,0.99,4.28,3.99,3.31,4.99,2.23,4.99,3.6,2.82,4.29,2.84,3.51,3.18,4.03,4.19,3.19,1864,1498,1,3,4.64,0
0.52,0.88,3.03,2.98,2.82,2.48,2.57,3.38,6.0,5.8,1.32,3.66,3.76,1.21,6,7,4,6,36,61,0.58,0.29,0.29,0.71,5.16,3.27,4.16,2.27,2.42,2.6,2.53,3.6,2.67,4.1,3.86,3.17,2.96,4.68,4.03,1695,1857,1,3,0.06,0
0.4,0.28,3.76,0.74,2.75,3.07,1.69,0.99,4.0,1.9,2.45,3.46,1.52,2.37,5,4,4,4,64,38,0.24,0.91,0.97,0.03,2.03,3.34,2.14,1.95,1.46,1.61,3.98,1.94,1.1,1.62,2.03,4.79,2.91,1.57,4.33,1809,1785,0,1,3.27,2
0.38,0.05,3.29,1.07,1.24,1.38,2.81,4.0,2.9,7.2,4.82,4.2,1.68,2.19,2,6,1,6,62,40,0.83,0.28,0.58,0.42,4.89,4.31,1.13,1.74,4.67,1.48,3.45,4.82,4.44,1.63,3.54,1.75,3.28,1.82,1.86,2077,1749,1,5,4.56,2
0.64,0.16,1.35,1.15,3.5,2.78,4.01,4.01,2.3,2.5,2.58,2.6,1.38,3.5,6,3,2,4,38,64,0.08,0.27,0.98,0.02,5.63,2.97,3.1,2.49,2.35,2.34,1.14,3.13,3.91,3.85,2.76,2.3,4.26,4.31,2.21,2062,1976,0,5,2.35,0
0.52,0.91,1.73,3.42,0.38,3.33,0.54,0.89,4.6,1.8,2.09,2.03,1.45,4.27,5,6,5,0,56,44,0.22,0.01,0.42,0.58,3.12,4.66,4.04,3.54,4.99,1.32,2.14,4.32,3.34,2.61,2.35,2.11,4.82,4.0,4.79,1616,2098,0,3,2.51,0
0.03,0.93,1.73,0.78,1.32,2.17,3.97,3.0,1.1,7.8,3.03,3.64,2.81,2.06,2,4,2,3,61,38,0.35,0.52,0.91,0.09,2.85,2.87,2.38,2.24,3.79,1.82,2.32,1.97,1.66,1.26,4.05,4.0,1.77,1.77,3.12,1823,1754,0,4,0.8,1
0.86,0.37,1.53,2.99,0.36,0.68,2.28,4.46,1.8,3.9,3.65,2.47,3.49,3.9,2,6,0,0,45,53,0.38,0.99,0.07,0.93,4.76,4.23,3.43,1.95,4.26,3.91,3.1,2.61,1.15,3.57,4.89,1.58,3.86,3.8,1.11,1680,1800,1,2,3.82,0
0.49,0.75,2.49,1.81,0.42,3.37,1.5,2.75,1.3,2.3,2.19,4.45,4.51,4.11,7,7,5,0,45,52,0.48,0.71,0.09,0.91,5.27,2.98,1.88,1.76,4.42,4.9,4.6,2.31,4.99,3.43,2.97,4.1,4.79,3.41,2.02,1554,2085,0,4,0.2,1
0.5,0.27,2.9,1.99,3.0,2.06,2.84,2.92,3.9,4.0,2.58,2.73,1.01,1.78,7,7,1,6,54,47,0.41,0.55,0.47,0.53,4.57,1.92,1.35,4.36,1.24,2.55,4.24,1.53,1.8,4.56,1.19,2.66,2.87,4.55,4.93,1457,1825,1,5,1.16,2
0.4,0.3,2.26,2.62,2.71,0.3,1.88,4.27,7.9,7.1,4.15,3.2,2.71,2.04,3,2,5,3,42,58,0.75,0.53,0.95,0.05,4.88,2.49,2.21,2.1,3.18,4.67,1.89,4.61,2.96,4.15,1.29,1.02,1.68,1.75,4.35,1810,1954,1,5,4.26,0
0.38,0.23,0.44,0.32,3.3,3.08,0.44,2.09,4.1,6.7,2.55,2.59,4.93,2.0,7,5,1,6,45,57,0.39,0.51,0.8,0.2,3.29,1.05,1.86,2.17,2.7,4.03,2.65,3.91,2.28,1.98,4.03,1.64,1.67,4.04,4.81,1471,1581,0,3,1.28,2
0.78,0.8,1.13,3.71,1.33,0.62,1.97,2.47,2.3,3.4,3.92,1.31,3.52,4.24,4,5,2,2,40,60,0.71,0.37,0.75,0.25,4.48,2.28,2.32,2.75,4.32,3.24,1.32,2.41,3.27,2.4,2.83,3.56,2.45,2.33,2.29,1508,1742,0,5,4.18,0
0.24,0.11,3.56,2.6,1.64,2.25,2.63,1.6,7.3,5.1,4.97,2.28,2.04,1.44,3,7,6,1,64,33,0.32,0.47,0.76,0.24,3.92,3.56,1.07,2.69,1.37,2.89,4.57,2.66,2.72,2.8,3.13,2.24,2.68,1.18,1.33,1819,1738,0,1,1.2,2
0.98,0.75,0.42,3.23,3.34,1.0,0.85,2.44,1.7,8.0,3.67,4.73,4.94,1.76,4,5,5,4,51,50,0.97,0.56,0.72,0.28,3.23,4.54,4.25,4.62,3.96,3.95,1.46,4.45,2.95,3.43,4.54,2.95,3.68,3.22,3.92,1975,2098,1,1,3.48,0
0.0,0.46,1.53,3.7,0.45,1.2,4.1,2.93,3.5,6.3,2.15,3.41,2.25,3.6,2,5,4,4,63,35,0.36,0.88,0.26,0.74,5.28,2.89,1.22,4.79,4.42,3.12,4.89,2.08,1.0,4.98,3.03,1.37,3.39,2.32,1.8,1801,1428,0,2,3.78,0
0.13,0.57,1.3,1.89,2.42,1.85,1.57,2.24,7.3,3.3,1.94,1.66,4.1,3.57,4,6,2,5,59,44,0.82,0.58,0.52,0.48,3.06,3.72,3.43,2.09,4.93,1.52,4.67,3.87,4.48,3.01,2.15,2.85,1.98,2.78,4.91,1940,1500,1,1,2.3,0
0.24,0.19,3.66,3.48,2.13,1.3,4.41,0.26,3.9,4.1,3.33,5.0,1.34,4.74,7,3,6,6,41,61,0.89,0.61,0.34,0.66,3.29,2.04,4.94,4.69,4.34,1.24,3.73,2.71,3.37,4.64,4.11,3.36,4.57,3.32,1.11,1838,1794,1,4,0.08,0
0.79,0.53,2.18,3.43,0.93,1.76,1.53,0.32,4.8,3.1,3.36,4.05,1.73,2.9,4,4,6,1,54,47,0.74,0.76,0.49,0.51,5.9,4.7,3.42,2.72,2.98,3.15,2.88,4.42,4.32,3.67,3.56,1.88,4.84,4.55,1.46,1621,1618,0,5,4.54,0
0.04,0.22,1.35,3.0,2.47,1.23,2.54,1.89,3.2,1.3,1.02,4.78,3.77,1.51,7,6,2,2,39,61,0.64,0.77,0.15,0.85,5.98,2.52,2.95,4.76,3.12,4.65,3.5,4.67,4.64,4.72,2.71,1.59,1.59,2.14,1.06,1916,1972,0,4,2.42,0
0.89,0.62,1.24,3.12,1.61,2.66,0.59,4.15,6.1,4.8,3.2,4.42,2.07,1.98,5,5,5,6,47,50,0.98,0.05,0.1,0.9,4.52,4.25,2.75,2.23,3.57,1.41,3.94,2.94,2.84,1.19,4.24,1.69,2.58,4.38,2.75,2020,2074,0,5,4.84,1
0.15,0.48,3.09,1.57,1.22,0.61,3.16,2.4,7.0,4.3,1.39,1.71,2.51,4.91,5,3,1,6,36,62,0.48,0.49,0.8,0.2,3.6,1.16,2.36,1.59,2.96,3.84,2.89,3.26,2.38,2.8,1.94,3.42,1.45,4.93,1.43,1756,1460,1,5,0.23,0
0.92,0.64,1.81,3.74,3.4,1.82,4.02,1.91,7.0,1.7,1.94,4.67,4.5,2.08,4,2,1,5,56,42,0.81,0.23,0.54,0.46,3.53,2.97,1.33,3.57,3.83,2.26,3.91,2.27,3.43,3.55,4.74,3.45,4.05,3.62,1.25,1423,2048,0,3,0.45,0
0.94,0.27,1.68,3.34,2.73,2.61,0.57,2.49,3.5,1.9,1.49,3.55,2.68,1.93,7,5,1,6,42,59,0.99,0.37,0.1,0.9,4.05,1.7,3.43,4.07,4.18,4.88,4.71,1.63,1.25,2.51,1.64,1.65,3.71,4.81,4.04,1727,2082,0,2,0.66,0
0.97,0.92,3.68,0.82,1.47,3.03,0.23,3.26,6.3,5.6,3.49,1.32,1.55,2.62,7,2,6,4,65,32,0.42,0.49,0.94,0.06,4.81,2.68,4.89,3.68,3.96,1.1,1.81,2.5,1.13,2.22,2.45,4.0,4.62,3.39,1.16,1607,1774,0,5,0.15,2
0.56,0.38,1.39,0.9,0.76,0.6,3.5,2.53,7.9,7.7,1.28,2.24,1.87,2.35,5,5,4,3,57,46,0.44,0.02,0.78,0.22,5.47,3.98,2.48,4.45,4.84,2.34,4.3,2.49,3.27,3.59,4.91,1.53,2.23,4.93,2.63,2058,1805,1,5,2.93,1
0.01,0.83,3.61,1.09,2.62,2.85,3.26,1.68,8.0,1.5,3.55,1.4,4.66,3.59,5,3,2,3,46,52,0.78,0.08,0.93,0.07,5.83,1.99,4.39,1.45,2.33,2.49,4.25,4.1,4.79,3.6,3.44,3.76,1.24,1.33,2.64,1981,1484,0,2,0.96,2
0.09,0.33,0.43,3.7,1.94,2.24,2.3,3.83,6.4,2.9,4.38,1.71,1.48,2.43,6,4,5,4,35,62,0.4,0.47,0.27,0.73,3.41,3.28,2.29,4.95,2.96,2.73,3.34,4.85,4.38,1.19,1.21,2.91,2.16,3.92,2.93,1749,1700,1,2,2.4,2
0.98,0.47,1.36,3.16,0.74,2.4,4.27,0.64,3.3,1.3,4.47,3.97,3.85,2.85,2,2,2,1,52,51,0.63,0.22,0.19,0.81,5.3,3.61,1.36,4.91,2.61,1.19,2.04,3.28,2.17,1.54,4.7,3.68,1.7,3.7,4.96,1534,1424,1,3,4.22,2
0.74,0.93,0.94,2.4,0.93,2.3,1.08,2.09,1.7,7.6,2.12,1.94,2.43,2.75,2,7,5,6,38,62,0.79,0.73,0.84,0.16,4.95,2.59,2.11,1.91,4.65,2.71,2.21,1.09,4.94,3.86,3.49,1.69,3.73,4.51,3.41,1754,1567,1,3,3.21,0
0.58,0.67,3.45,0.29,2.61,1.33,3.46,1.26,1.6,5.9,3.51,2.93,4.91,2.5,2,6,4,6,49,49,0.21,0.85,0.47,0.53,5.45,3.93,4.75,5.0,3.14,4.28,2.38,4.17,4.77,4.91,2.19,1.85,2.8,3.91,4.31,1606,1699,0,2,2.71,2
0.38,0.56,2.29,3.13,2.77,2.69,1.2,1.21,6.9,5.0,4.94,1.83,4.77,1.56,2,5,0,3,52,50,0.92,0.24,0.77,0.23,5.07,4.93,3.45,4.17,3.65,3.15,4.11,3.04,3.89,4.13,4.04,2.33,4.26,4.05,3.34,1878,1704,1,2,0.37,2
0.91,0.97,0.53,1.8,0.97,0.75,2.84,2.21,2.8,6.5,1.34,4.23,3.72,2.03,7,6,3,1,51,52,0.01,0.62,0.28,0.72,4.37,3.84,2.59,4.78,3.8,4.74,4.08,4.2,4.25,4.37,3.96,4.54,2.28,4.37,1.53,1431,1779,1,2,1.52,0
0.51,0.99,3.3,2.93,1.26,2.75,2.09,1.51,6.0,7.6,2.36,1.26,4.71,4.27,3,6,6,4,62,41,0.56,0.5,0.58,0.42,4.07,1.11,4.21,4.65,1.49,2.49,3.64,3.21,1.11,3.95,1.7,3.33,1.53,4.34,1.95,1935,2038,1,4,3.58,2
0.16,0.73,2.15,0.98,0.82,1.48,1.29,0.64,3.7,5.9,1.18,3.57,3.62,3.38,2,2,3,1,59,42,0.85,0.47,0.53,0.47,5.28,3.15,1.47,1.09,1.88,2.39,4.52,1.54,4.65,1.28,4.63,2.18,3.08,1.58,1.36,1838,1417,1,5,1.3,1
0.55,0.07,2.2,3.58,1.04,1.57,2.69,4.37,7.6,7.4,3.91,1.42,1.21,4.7,5,3,3,4,64,35,0.5,0.57,0.26,0.74,4.32,4.18,4.02,3.66,1.65,1.5,2.7,4.17,3.22,3.34,2.05,2.35,3.67,3.68,4.18,2076,1533,1,3,2.48,1
0.04,0.58,0.28,1.06,3.01,2.99,0.6,4.0,6.9,4.6,4.47,4.78,4.0,3.28,4,6,2,2,51,51,0.91,0.24,0.68,0.32,4.66,2.32,4.71,1.03,2.99,3.19,1.42,3.48,3.98,3.77,2.87,4.5,2.27,3.31,3.22,1547,1523,0,2,3.29,0
0.51,0.74,2.9,0.94,0.5,2.44,0.39,3.0,4.7,7.5,4.26,1.41,4.86,1.99,4,2,1,3,45,52,0.69,0.9,0.38,0.62,2.57,4.03,3.36,3.87,2.26,4.63,3.06,1.22,1.76,1.0,1.89,4.62,3.45,1.66,1.59,1845,1682,1,5,3.66,2
0.15,0.58,1.16,2.11,1.18,2.89,3.03,3.0,5.8,4.4,4.57,4.32,3.6,4.43,2,4,4,4,61,36,0.4,0.67,0.2,0.8,5.62,4.58,3.54,4.51,4.69,1.85,2.34,3.28,3.2,1.36,2.05,3.79,1.98,3.91,1.32,1434,1515,0,2,4.22,1
1.0,0.49,2.48,1.76,3.02,2.64,2.86,2.11,1.3,6.1,1.03,4.37,3.1,2.17,2,2,4,1,60,40,0.77,0.77,0.46,0.54,5.29,4.23,3.01,4.54,4.61,2.47,2.73,2.1,2.62,3.78,4.35,1.81,2.27,1.73,2.65,1598,1884,0,4,0.72,1
0.61,0.46,1.04,2.44,1.59,1.71,0.73,1.76,3.2,6.6,4.74,4.06,5.0,1.33,3,4,1,1,44,58,0.83,0.34,0.71,0.29,4.96,2.29,2.17,1.38,2.81,2.88,1.11,2.96,1.75,1.89,3.71,2.37,4.83,1.18,4.76,1955,1573,0,4,0.74,2
0.39,0.63,0.84,1.32,0.9,2.84,2.07,2.79,3.5,6.6,3.58,4.1,2.17,4.33,3,6,2,6,62,38,0.64,0.38,0.25,0.75,3.69,1.23,2.36,4.74,4.29,4.07,1.05,3.67,3.64,1.86,2.7,3.59,1.05,3.38,4.73,1769,1503,1,4,0.22,0
0.88,0.01,1.09,1.85,0.57,0.9,3.93,0.65,3.9,6.4,1.12,4.47,2.62,3.97,7,7,5,3,58,41,0.07,0.29,0.79,0.21,4.9,1.14,1.75,2.59,2.35,1.94,2.5,3.66,2.71,4.29,2.12,1.4,1.99,2.27,4.86,1494,1502,1,1,1.87,0
0.83,0.36,2.37,0.93,3.12,1.0,1.43,1.52,6.2,6.1,1.56,2.0,2.04,2.45,2,7,3,2,43,57,0.06,0.64,0.13,0.87,5.27,3.67,3.41,4.19,1.71,4.77,3.63,2.07,1.6,3.52,1.75,4.59,1.11,1.66,4.79,1404,2088,0,1,2.05,2
0.51,0.29,2.99,3.68,2.49,1.98,1.46,3.99,3.3,3.2,3.09,3.55,1.29,4.62,7,7,3,6,65,32,0.6,0.5,0.84,0.16,4.26,3.24,4.79,3.95,4.8,1.7,3.76,4.38,1.82,4.13,2.83,2.01,1.09,1.91,3.88,1529,1797,1,2,4.22,0
0.56,0.78,0.23,3.26,1.47,2.32,3.78,0.21,5.3,2.5,1.43,3.51,4.25,1.26,5,5,4,2,43,60,0.84,0.99,0.32,0.68,3.84,1.53,2.82,2.58,2.53,1.47,4.74,1.4,2.04,2.2,3.44,1.98,1.9,3.3,4.27,2100,1697,1,4,3.99,0
0.95,0.14,3.61,3.19,2.41,2.08,4.43,0.61,1.8,3.4,4.98,3.51,1.42,2.18,2,3,1,6,62,37,0.91,0.29,0.69,0.31,2.55,3.62,1.49,4.0,2.36,3.48,3.19,1.35,1.89,1.62,2.22,4.74,1.28,4.04,2.07,1787,2003,1,5,1.42,2
0.69,0.69,1.7,0.8,2.56,1.05,2.36,2.69,7.9,7.6,3.54,2.06,4.71,2.38,4,6,5,6,63,38,0.83,0.12,0.95,0.05,5.71,4.32,1.63,4.75,3.04,3.71,1.69,4.38,4.83,3.15,4.53,2.87,2.42,2.58,4.76,1686,1513,0,1,0.15,2
0.06,0.09,3.38,1.84,2.51,2.89,0.71,1.02,7.2,2.5,4.56,2.61,3.02,2.09,4,5,2,2,47,54,0.49,0.75,0.53,0.47,5.6,4.78,1.47,3.68,4.01,2.42,1.25,2.58,2.09,1.3,1.98,1.58,4.42,1.86,3.91,2049,1423,0,4,1.36,2
0.31,0.23,2.1,3.16,2.38,2.52,2.06,4.12,1.0,1.9,4.02,1.67,4.66,3.38,3,3,0,1,55,44,0.66,0.49,0.41,0.59,5.89,1.98,3.87,1.01,3.29,1.71,1.96,1.65,3.46,1.02,3.6,1.51,4.17,2.68,2.89,2087,1802,0,5,4.97,0
0.06,0.63,2.49,0.37,2.68,3.12,1.22,1.83,1.5,3.2,2.1,4.78,3.18,2.37,4,3,0,6,35,67,0.36,0.51,0.96,0.04,3.62,2.79,2.31,1.94,3.65,2.42,3.76,1.72,4.13,4.62,4.43,3.84,3.3,4.65,4.75,1512,1946,1,5,0.47,0
0.75,0.94,2.95,3.36,2.81,2.6,0.92,3.45,4.9,6.4,1.58,2.97,1.87,4.91,2,6,5,4,64,39,0.65,0.28,0.27,0.73,4.63,2.51,3.28,3.41,2.9,1.61,3.28,3.79,3.97,4.64,2.13,4.51,2.46,1.46,1.25,1915,1553,0,5,0.87,0
0.98,0.44,3.41,0.54,2.86,1.0,0.33,2.77,1.4,7.7,3.81,2.29,1.2,3.34,3,5,5,6,48,55,0.43,0.6,0.84,0.16,5.39,3.1,3.99,1.04,4.12,4.82,2.33,2.07,4.09,2.28,4.46,1.28,2.1,4.25,3.38,1596,1488,1,4,4.12,0
0.34,0.25,3.07,3.56,0.7,0.55,0.93,3.0,3.3,3.2,1.37,2.68,4.78,3.7,5,6,3,1,59,42,0.25,0.57,0.2,0.8,5.32,3.66,4.48,1.49,1.23,3.12,1.34,2.79,1.59,3.19,4.32,3.97,3.74,4.11,3.52,1412,1880,0,2,0.9,0
0.34,0.03,1.75,3.4,0.21,3.03,4.04,4.27,2.5,6.5,2.99,4.48,1.19,3.99,7,6,3,2,43,59,0.81,0.63,0.28,0.72,5.78,4.01,3.32,1.13,1.35,3.28,4.72,3.95,4.37,1.66,4.89,1.25,3.02,2.9,2.05,2088,1540,0,2,2.81,0
0.55,0.59,1.32,3.04,0.4,1.89,0.71,2.68,3.5,1.3,4.23,2.76,3.81,3.45,6,7,2,0,54,46,0.28,0.26,0.23,0.77,5.58,2.14,3.08,3.66,2.19,3.34,2.92,4.79,4.64,3.55,3.22,3.67,1.96,3.75,4.92,1997,1829,0,3,0.81,2
0.47,0.81,2.87,3.03,3.29,0.97,0.76,3.37,7.1,5.1,3.76,4.91,4.42,3.66,7,5,3,6,54,49,0.26,0.85,0.44,0.56,3.17,2.05,1.22,1.56,1.44,2.1,1.3,1.36,2.3,1.56,4.2,1.52,3.3,1.46,3.86,1893,1953,0,4,1.74,0
0.4,0.67,2.74,1.78,1.39,2.03,2.53,2.79,2.6,6.7,4.01,1.91,1.49,2.75,4,2,4,3,42,60,0.18,0.06,0.79,0.21,5.45,2.96,1.16,2.46,3.45,3.31,4.54,4.54,2.37,1.23,3.52,2.71,1.48,1.33,3.48,1994,2076,1,5,1.43,2
0.94,0.88,1.05,1.96,2.35,0.57,0.58,2.39,2.4,7.0,3.46,1.63,2.05,4.93,2,6,5,5,47,53,0.73,0.02,0.82,0.18,3.1,3.96,2.19,4.11,4.13,4.87,4.19,2.52,3.54,4.18,3.03,4.32,1.29,3.4,2.85,1816,1580,0,4,4.86,0
0.9,0.43,0.98,3.63,2.19,2.22,2.56,1.9,2.6,3.3,3.17,2.54,2.08,1.06,7,3,2,2,43,56,0.54,0.28,0.34,0.66,2.98,4.17,2.52,4.99,1.5,1.2,4.2,4.64,2.5,3.91,1.1,3.75,1.39,2.61,2.17,1870,1633,0,4,0.3,2
0.19,0.48,3.48,2.04,1.7,2.33,3.35,1.96,7.3,1.2,3.4,3.09,1.21,4.22,5,4,3,3,50,52,0.52,0.13,0.92,0.08,2.75,2.46,1.28,1.25,4.6,3.58,2.5,4.33,4.47,3.34,3.87,1.07,3.49,4.65,4.99,1834,1627,0,5,3.0,0
0.26,0.64,1.38,1.49,1.52,2.99,3.87,0.85,3.5,1.6,3.57,1.51,1.45,2.68,4,5,2,6,39,64,0.89,0.36,0.36,0.64,3.88,3.3,3.52,4.65,4.29,3.43,3.75,4.34,4.91,4.62,3.09,1.81,1.59,3.37,1.05,1577,1565,1,3,1.7,2
0.57,0.06,0.54,1.98,1.91,3.35,1.37,1.9,3.4,2.4,3.38,1.57,3.45,3.03,6,2,4,3,48,53,0.29,0.42,0.52,0.48,4.78,1.58,2.75,3.52,3.79,1.85,2.05,4.35,2.74,1.93,4.32,4.1,2.16,1.55,4.86,1512,1940,1,5,0.05,2
0.33,0.82,0.9,2.24,1.66,1.65,0.94,2.35,1.9,7.6,3.3,1.06,3.35,4.25,5,2,0,0,63,38,0.95,0.9,0.49,0.51,3.94,4.64,2.05,1.54,4.32,3.33,2.61,3.86,1.49,2.79,4.1,4.22,1.92,2.47,3.36,1898,2097,0,2,3.88,1
0.02,0.32,1.14,0.45,3.04,2.0,1.63,0.99,3.8,6.1,4.55,1.15,3.45,3.93,6,4,5,0,64,39,0.94,0.15,0.07,0.93,3.44,3.33,4.53,4.0,3.81,1.81,3.01,1.83,3.42,4.9,2.93,1.91,1.87,2.25,2.05,2056,1658,0,3,0.61,2
0.13,0.66,1.16,2.46,1.18,0.43,4.36,3.77,3.2,2.2,4.48,2.99,3.86,2.77,5,4,4,3,51,51,0.9,0.4,0.61,0.39,2.44,2.85,2.92,1.27,4.41,2.47,4.49,1.4,2.26,3.25,4.19,1.33,1.52,1.44,3.09,1942,2047,1,2,1.36,0
0.92,0.12,1.91,2.22,1.24,2.13,0.46,0.92,6.3,3.7,3.17,4.08,4.63,1.84,6,3,6,6,41,56,0.12,0.64,0.97,0.03,5.3,3.57,1.87,3.38,4.89,3.73,4.7,3.3,1.18,3.24,1.54,2.39,1.79,4.64,1.25,1968,1711,1,5,0.25,2
0.88,0.67,0.22,0.74,1.28,1.39,3.36,1.46,7.4,4.7,4.71,4.31,2.63,2.23,2,7,1,2,39,61,0.04,0.41,0.18,0.82,3.56,2.67,4.15,3.12,2.01,2.03,3.44,1.13,4.68,4.8,3.15,3.71,1.73,2.76,2.06,1551,1905,0,5,4.57,1
0.7,0.62,1.01,2.74,2.31,2.79,0.7,2.31,1.3,2.6,1.28,1.84,1.9,1.15,4,4,6,4,58,40,0.73,0.68,0.9,0.1,3.84,1.48,3.13,3.44,4.68,4.08,3.06,2.45,4.34,2.21,1.91,4.21,4.22,3.64,3.12,1703,1589,0,3,0.5,0
0.57,0.86,3.38,2.36,0.76,2.17,4.38,0.48,3.5,5.8,1.9,3.78,4.27,2.06,7,5,3,6,51,47,0.92,0.71,0.09,0.91,4.94,1.95,4.91,3.99,1.87,3.71,4.88,3.73,3.98,2.52,3.23,3.23,3.99,4.0,1.67,1918,1502,0,1,0.05,2
0.15,0.21,2.13,1.46,2.72,2.83,1.78,0.62,3.6,3.8,1.43,3.95,3.21,1.35,3,2,1,4,52,46,0.36,0.89,0.76,0.24,5.16,4.14,4.63,4.54,2.96,1.41,4.33,1.45,1.09,2.41,1.62,3.51,3.5,1.82,3.02,1448,1604,1,3,0.08,1
0.98,0.63,0.88,3.74,0.91,0.72,1.59,0.62,4.1,6.0,3.08,3.55,1.5,2.99,5,6,3,3,56,41,0.82,0.2,0.45,0.55,3.5,4.41,2.68,4.02,4.86,1.79,4.93,2.38,5.0,3.84,2.05,3.48,4.65,2.98,4.45,1868,1699,1,2,1.65,0
0.92,1.0,1.94,0.66,1.18,1.98,3.84,3.16,7.4,4.5,1.66,3.92,2.34,2.13,6,5,5,5,49,52,0.44,0.85,0.48,0.52,5.38,4.47,4.05,3.92,4.78,1.09,4.64,1.49,1.64,2.99,2.59,4.02,3.3,4.9,3.89,1426,1855,1,2,0.11,1
0.3,0.52,0.6,3.13,2.58,0.2,3.95,3.96,3.9,3.9,2.85,1.63,4.96,4.77,3,3,4,0,35,65,0.82,0.36,0.8,0.2,4.08,2.16,4.98,4.5,2.48,4.77,2.39,4.76,2.34,2.89,1.67,3.87,4.15,4.77,3.39,1791,1411,1,1,2.57,0
0.23,0.07,0.49,1.36,2.16,2.08,0.62,2.19,2.9,3.8,1.92,3.43,2.83,1.85,3,2,3,4,50,47,0.13,0.65,0.9,0.1,3.44,2.94,4.8,3.38,3.94,3.55,3.26,2.37,1.78,2.75,4.19,3.36,1.38,2.35,1.01,1696,1980,1,4,4.81,0
0.78,0.25,1.2,1.9,3.12,0.35,2.54,0.76,1.3,1.8,3.96,2.34,2.21,2.74,5,2,2,0,45,52,0.34,0.55,0.94,0.06,2.62,3.36,3.04,2.14,4.26,1.56,1.54,4.77,1.6,3.82,3.04,1.62,1.67,2.04,4.44,1641,1539,0,5,1.27,0
0.25,0.74,1.9,0.35,1.78,3.01,0.74,1.43,3.2,7.4,4.6,4.84,1.82,1.21,4,3,4,1,64,38,0.86,0.77,0.95,0.05,2.55,3.73,3.93,3.29,2.99,4.12,4.05,4.52,1.59,4.99,1.74,3.0,1.97,2.35,4.7,1968,1947,0,1,4.54,2
0.55,0.08,0.73,0.89,2.11,1.44,0.98,2.92,5.4,7.3,2.24,2.15,1.3,1.06,5,6,3,3,40,60,0.67,0.3,0.58,0.42,3.7,3.91,2.16,3.33,2.38,1.99,2.68,1.06,1.2,3.58,3.05,1.03,3.98,2.15,4.16,1843,1571,1,2,3.0,2
0.72,0.47,0.8,1.74,2.37,3.31,4.39,0.81,5.9,7.6,4.61,4.8,2.55,4.36,3,3,3,1,47,53,0.72,0.11,0.01,0.99,4.9,3.13,1.35,4.7,4.82,2.6,2.47,2.39,1.21,3.33,3.22,1.28,1.68,2.9,3.94,1544,1848,0,3,1.85,1
1.0,0.04,2.03,1.88,2.38,3.47,2.29,1.32,6.9,6.2,2.57,1.65,4.08,2.63,3,5,2,0,60,40,0.87,0.44,0.0,1.0,4.08,1.14,4.45,1.88,1.02,2.58,3.36,1.98,3.92,3.03,3.03,2.54,3.5,3.77,4.55,2078,1547,0,1,2.06,2
0.77,0.24,3.72,1.22,1.43,0.69,0.59,3.28,7.6,2.1,4.26,1.97,2.77,1.57,5,5,3,2,63,35,0.32,0.05,0.26,0.74,2.1,4.75,1.96,4.77,3.59,1.83,1.03,3.02,4.03,3.12,2.72,4.25,3.49,3.6,3.89,1983,2071,0,2,2.33,2
0.24,0.99,1.74,3.45,2.26,1.57,1.33,1.42,3.9,1.0,3.11,3.84,3.05,2.7,7,6,3,1,51,47,0.83,0.96,0.9,0.1,3.19,3.74,2.53,4.75,4.83,1.86,3.95,4.5,3.86,3.4,1.08,1.24,4.44,2.45,3.83,1735,2045,1,4,0.17,0
0.85,0.07,3.05,1.5,2.29,0.36,1.91,2.29,3.3,6.8,4.87,4.08,3.62,4.92,5,3,5,3,41,56,0.9,0.02,0.27,0.73,5.35,3.34,2.08,2.87,2.45,1.87,1.82,4.86,2.51,1.11,4.22,3.56,3.55,1.83,4.88,1597,2081,0,5,3.89,2
0.25,0.66,2.82,0.31,3.13,0.2,2.83,2.11,1.6,7.1,4.27,3.29,2.48,1.6,6,7,1,1,38,64,0.36,0.68,0.97,0.03,5.21,4.44,2.17,3.35,3.08,3.65,2.82,4.57,2.1,1.37,1.86,1.04,4.45,4.52,2.74,1441,1744,0,4,4.11,2
0.61,0.85,3.16,1.03,3.36,3.36,1.93,2.12,3.5,3.0,2.1,4.08,3.62,2.11,6,6,6,6,48,53,0.03,0.56,0.8,0.2,4.6,4.63,2.38,3.75,3.64,4.1,2.57,1.16,3.36,3.83,3.46,4.41,2.85,3.66,2.57,1801,1741,0,4,0.73,2
0.64,0.06,2.27,0.74,0.38,2.2,4.37,3.47,6.2,7.3,1.37,4.69,4.9,1.79,7,6,3,4,59,44,0.18,0.58,0.96,0.04,3.61,4.89,1.86,2.61,2.73,4.23,1.27,2.93,3.99,2.07,4.59,4.1,1.88,4.0,2.84,1674,1656,0,3,2.75,2
0.2,0.74,2.22,2.3,0.71,2.8,2.14,2.8,4.4,3.0,4.77,1.98,1.04,3.79,6,6,4,0,54,46,0.96,0.28,0.15,0.85,2.39,1.52,3.92,3.31,2.77,4.42,4.37,3.87,2.51,3.12,1.69,2.3,3.01,2.05,2.4,1537,1588,0,2,3.34,1
0.98,0.66,2.29,2.73,0.3,3.01,2.73,1.16,5.3,4.0,1.25,1.01,1.58,1.39,2,4,6,0,37,60,0.68,0.7,0.63,0.37,5.03,1.8,4.58,3.39,1.94,3.22,2.05,3.06,2.73,2.23,2.83,3.63,1.61,1.75,3.54,1580,1987,1,5,2.68,2
0.13,0.86,0.8,2.91,1.65,1.55,1.17,0.64,4.6,6.7,2.24,3.47,3.35,1.0,4,3,5,5,52,51,0.66,0.3,0.78,0.22,3.41,1.01,2.97,2.11,1.36,1.76,4.87,3.44,4.45,1.88,4.07,1.43,2.03,1.46,1.14,1718,1477,0,1,1.08,0
0.19,0.73,0.44,2.44,1.54,2.27,1.19,3.19,6.3,4.4,1.25,4.25,3.72,1.73,3,2,3,2,51,51,0.19,0.89,0.4,0.6,3.24,4.4,1.17,3.99,4.69,4.04,3.86,1.78,2.94,1.49,3.94,1.94,3.14,3.47,4.94,1972,1695,1,3,1.24,1
0.76,0.27,3.64,0.95,0.34,1.93,0.9,2.68,1.2,7.2,2.59,4.96,4.61,2.81,6,6,6,1,41,60,0.97,0.55,0.37,0.63,5.48,1.74,3.39,2.07,2.92,2.59,2.55,2.89,4.77,2.71,4.21,3.02,2.54,4.89,1.76,1939,2080,1,3,4.25,2
0.53,0.18,0.22,0.41,1.57,0.43,4.2,4.4,4.7,5.1,2.58,2.86,2.46,3.59,6,7,0,4,38,59,0.52,0.06,0.99,0.01,2.79,3.4,2.44,2.2,1.34,4.15,2.43,1.52,4.9,1.17,3.41,3.64,1.81,4.11,1.57,2080,1707,0,2,2.88,1
0.11,0.0,0.76,1.1,2.86,1.25,3.32,1.6,5.6,1.1,3.26,2.61,2.92,4.64,3,7,3,4,42,55,0.7,0.84,0.92,0.08,4.84,4.09,1.36,2.56,1.77,1.71,1.51,4.82,3.07,3.83,4.98,1.35,2.97,2.44,4.32,1491,1634,0,2,2.19,1
0.8,0.35,0.82,0.67,2.14,1.13,1.51,1.32,1.1,1.1,1.64,3.57,1.85,3.45,6,7,1,3,47,53,0.89,0.45,0.27,0.73,4.25,3.26,2.22,4.49,3.32,2.64,4.86,2.28,3.91,2.15,2.31,1.59,2.43,3.84,2.81,1503,1661,0,2,0.02,0
0.3,0.82,2.76,1.0,1.02,1.49,2.97,1.01,7.5,5.3,1.9,3.37,3.17,1.32,5,3,4,3,41,58,0.91,0.35,0.05,0.95,5.98,4.21,3.5,4.48,4.69,4.91,3.69,2.02,1.52,3.06,1.91,1.32,3.19,1.48,4.05,2026,1781,1,3,4.96,2
0.36,0.07,0.32,2.98,1.55,1.74,2.18,3.37,2.1,7.7,3.52,4.18,3.54,3.18,4,4,1,5,47,51,0.34,0.53,0.68,0.32,4.19,1.36,4.4,1.69,1.07,2.98,2.36,4.47,3.74,1.01,3.1,2.53,1.26,2.54,2.42,2007,2057,0,2,3.55,0
0.03,0.89,0.89,1.76,0.96,0.35,2.25,2.27,6.8,4.1,3.95,3.86,4.12,4.84,7,5,4,3,64,36,0.25,0.06,0.56,0.44,4.23,1.95,1.23,4.57,2.65,1.25,2.91,3.05,4.25,1.2,4.11,4.13,4.48,1.83,3.27,1496,1407,0,4,3.34,1
0.73,0.83,3.76,0.36,3.43,1.25,2.67,2.79,2.7,2.2,4.94,1.78,3.33,4.46,7,4,6,4,53,47,0.17,0.5,0.89,0.11,5.61,1.06,3.71,2.85,1.95,3.88,3.55,3.16,3.01,1.77,1.21,1.07,3.18,2.29,4.18,2047,1688,0,2,0.06,2
0.94,0.46,3.24,1.28,3.06,2.99,0.4,3.28,2.8,4.3,4.71,3.46,2.71,2.14,3,7,4,5,55,45,0.49,0.6,0.96,0.04,5.8,3.23,3.1,3.04,4.99,1.41,4.42,3.51,4.4,1.87,1.24,2.04,4.0,3.35,2.64,1709,1589,0,2,0.75,2
0.2,0.53,2.0,3.41,1.26,2.25,0.28,3.88,3.6,3.0,2.05,2.49,2.3,1.02,4,7,4,3,51,52,0.17,0.37,0.8,0.2,4.12,1.32,1.74,2.49,4.41,3.97,4.2,2.33,3.97,4.1,2.98,1.85,2.1,1.24,4.43,1926,1421,1,2,3.45,0
0.82,0.57,1.01,3.14,3.23,3.07,0.27,2.86,6.2,5.2,4.73,2.46,1.89,3.75,4,6,6,1,41,60,0.44,0.99,0.96,0.04,2.28,3.03,3.26,3.37,4.93,1.16,3.99,2.32,2.25,2.04,4.03,4.89,1.78,2.0,2.62,1909,1802,0,3,1.02,0
0.99,0.85,2.14,1.81,3.15,0.91,3.46,0.37,2.9,5.5,4.31,4.25,3.88,4.64,6,6,5,0,56,46,0.13,0.81,0.73,0.27,2.26,3.12,3.59,1.03,2.87,2.84,3.92,3.16,4.45,2.16,4.01,2.13,3.38,3.4,3.84,1809,1590,0,2,0.66,0
0.49,0.44,1.99,2.16,0.23,1.49,1.84,0.29,4.7,6.2,4.67,4.82,2.45,4.22,2,6,5,0,52,51,0.73,0.75,0.75,0.25,3.6,3.44,4.42,1.25,1.2,2.32,4.21,4.03,1.16,4.52,1.07,4.9,2.55,3.1,4.59,1565,1644,1,3,4.42,0
0.98,0.3,2.18,0.83,1.13,0.61,4.15,1.14,6.1,1.7,2.16,2.51,1.69,4.22,6,3,0,0,38,63,0.04,0.47,0.0,1.0,3.29,1.71,1.61,1.66,2.6,3.9,1.68,4.27,1.17,2.57,3.45,2.36,2.91,2.82,4.4,1971,1882,1,5,4.75,0
0.36,0.63,2.69,2.16,3.22,1.54,1.95,0.51,4.0,1.4,3.54,1.53,4.32,3.74,5,3,4,1,44,59,0.32,0.49,0.84,0.16,5.03,2.59,3.82,4.79,3.17,4.19,4.78,4.99,2.31,1.14,4.32,3.02,1.82,4.83,3.23,2006,1900,0,5,4.04,2
0.53,0.77,3.71,0.48,2.13,1.02,0.2,1.42,6.6,1.3,2.32,2.05,4.92,2.17,5,5,1,3,36,67,0.28,0.39,0.06,0.94,3.18,4.49,4.24,3.96,4.95,1.89,2.61,3.8,1.01,1.68,3.25,1.18,3.32,2.69,1.92,1474,1675,0,5,1.5,2
0.64,0.27,3.59,3.09,3.37,0.76,2.31,0.73,4.3,3.9,2.18,1.6,3.56,2.81,6,4,2,2,40,62,0.1,0.28,0.67,0.33,3.44,1.54,1.2,4.07,3.84,3.96,3.61,4.68,3.1,1.41,4.6,2.6,3.91,3.39,1.66,1533,1896,0,3,0.8,1
0.03,0.85,1.91,2.4,2.65,1.92,3.28,0.39,4.3,6.7,3.56,1.35,3.84,2.95,5,2,2,6,37,63,0.23,0.94,0.11,0.89,3.12,4.72,4.14,4.32,1.49,3.62,1.26,4.75,1.14,2.4,3.26,2.96,3.27,3.44,4.8,1748,1639,0,3,3.27,2
0.1,0.12,0.22,0.27,0.49,1.19,2.57,2.71,7.7,4.4,4.2,2.93,2.57,2.97,7,5,5,5,58,41,0.86,0.07,0.25,0.75,2.49,1.82,4.84,3.61,4.81,3.02,2.97,3.55,4.07,4.06,4.07,1.38,2.52,1.53,1.57,1537,1552,1,4,0.26,0
0.85,0.21,2.39,0.89,0.2,2.42,0.87,1.04,3.3,2.6,2.7,2.16,2.85,4.9,3,2,4,2,56,43,0.73,0.32,0.6,0.4,4.87,4.79,2.43,1.54,2.52,3.97,4.69,1.22,4.52,2.89,4.34,2.74,3.19,2.04,4.5,1539,1515,0,2,3.26,2
0.11,0.13,1.7,3.12,2.44,0.79,1.96,1.47,5.9,7.0,1.8,3.87,4.04,3.09,5,2,6,2,47,53,0.55,0.62,0.2,0.8,3.82,1.83,2.85,3.31,2.13,3.76,1.74,4.65,4.06,3.4,3.35,2.79,4.59,4.07,3.55,1698,1785,1,3,3.76,0
0.72,0.27,2.29,3.59,0.84,2.2,3.48,4.28,7.7,5.5,1.33,3.7,4.96,2.59,3,5,2,4,61,41,0.19,0.85,0.39,0.61,3.31,2.4,2.51,4.1,4.74,1.7,2.02,4.03,1.69,1.67,4.18,4.54,2.01,4.67,3.7,2070,1505,1,2,4.8,1
0.11,0.52,3.13,0.38,0.25,1.41,4.19,0.77,1.7,7.5,1.75,3.12,1.34,1.73,5,6,0,0,41,59,0.28,0.1,0.95,0.05,3.38,3.95,4.41,3.28,1.99,2.2,2.34,3.44,2.68,1.31,2.6,2.62,4.51,4.5,3.62,1429,1982,1,5,1.02,2
0.8,0.07,2.22,1.36,0.35,3.06,1.88,4.21,6.5,5.2,1.16,2.79,3.58,3.63,5,4,5,5,48,54,0.77,0.71,0.62,0.38,3.99,2.22,1.71,3.09,2.56,4.86,3.71,3.63,3.81,3.31,2.13,1.24,2.73,2.27,2.13,2057,2067,0,4,3.72,2
0.58,0.75,0.33,3.56,3.39,2.97,1.01,3.55,2.6,2.0,4.41,2.07,2.33,4.65,2,6,4,0,39,59,0.14,0.23,0.47,0.53,2.86,4.33,4.03,2.72,2.69,3.23,3.5,2.3,1.28,2.7,2.21,1.03,2.87,3.25,1.78,1421,1967,0,1,3.92,0
0.96,0.91,1.05,3.36,1.96,3.06,1.58,1.35,2.6,6.9,4.76,2.77,3.09,1.45,6,2,1,0,45,53,0.93,0.71,0.92,0.08,2.65,3.87,3.06,3.25,3.76,3.77,2.77,1.45,1.5,2.59,3.16,4.56,3.72,3.85,2.72,2090,1914,1,3,1.66,2
0.14,0.56,2.7,2.66,1.59,1.81,1.13,4.07,4.0,7.3,2.59,1.58,3.14,1.34,4,5,3,1,57,40,0.91,0.95,0.44,0.56,5.53,4.66,3.77,1.59,1.22,3.93,4.84,4.16,1.59,3.35,2.53,3.92,4.2,3.79,1.83,1427,1707,1,5,0.75,2
0.66,0.97,3.0,0.73,0.58,3.26,3.28,0.38,2.9,6.1,3.37,3.96,1.93,3.89,5,4,3,6,61,41,0.34,0.16,0.53,0.47,2.2,3.15,2.02,4.93,3.82,2.86,2.22,1.28,4.78,4.24,1.55,2.94,4.21,1.94,4.76,1503,1838,0,1,1.11,2
0.12,0.78,0.63,0.79,0.32,1.59,4.38,1.94,5.5,1.4,2.68,2.32,2.17,3.56,4,7,2,2,37,63,0.68,0.34,0.15,0.85,3.36,2.12,2.64,1.51,4.73,3.74,2.77,2.3,4.33,4.53,4.25,3.1,2.88,2.29,3.83,1649,1518,1,5,4.44,0
0.75,0.47,0.56,1.44,1.29,2.41,2.1,0.47,4.4,3.1,3.9,4.62,1.05,4.1,6,5,4,6,45,58,0.81,0.93,0.13,0.87,3.05,3.26,4.92,3.31,2.66,3.11,3.32,2.24,2.3,2.2,1.31,1.4,2.93,1.77,1.4,1711,1562,0,2,0.25,0
0.52,0.89,2.1,2.79,0.57,0.39,3.86,2.68,6.3,4.7,3.39,1.15,4.87,1.98,5,3,4,2,39,61,0.48,0.2,0.36,0.64,4.98,1.2,2.4,1.84,1.42,2.81,3.41,2.07,3.25,3.95,2.2,1.6,1.32,4.9,4.06,2099,2043,0,1,4.63,2
0.07,0.55,1.58,2.43,1.82,2.27,3.96,1.14,5.4,7.0,4.05,4.05,1.09,2.62,4,2,0,0,54,47,0.83,0.71,0.11,0.89,5.52,4.15,2.13,4.94,1.51,4.07,2.94,2.86,1.65,4.54,4.12,4.22,2.79,1.71,1.1,1509,1555,1,5,3.55,2
0.6,0.65,3.62,2.09,1.35,1.1,2.79,3.6,2.4,2.5,1.38,2.04,4.97,2.9,5,3,0,3,49,49,0.77,0.85,0.43,0.57,3.95,1.07,2.15,4.7,2.87,2.19,3.9,3.68,2.1,2.98,2.44,4.94,2.48,3.27,3.9,1625,2038,0,5,4.88,2
0.55,0.41,2.75,1.02,3.0,3.32,3.55,0.41,7.7,3.0,2.2,3.83,3.12,4.88,6,7,6,5,51,49,0.52,0.03,0.08,0.92,5.11,3.67,3.95,4.65,2.79,1.26,2.0,3.49,3.61,3.5,1.76,4.48,1.31,1.71,4.44,1408,1626,0,4,3.46,1
0.6,0.34,3.56,3.24,0.68,2.63,1.6,2.64,4.3,7.8,2.22,1.56,4.06,1.51,3,4,1,3,48,52,0.58,0.9,0.91,0.09,3.27,2.6,2.18,2.77,2.78,1.07,3.22,2.36,3.52,4.68,1.59,3.66,3.54,3.76,3.12,1777,1907,0,3,1.91,2
0.89,0.08,1.54,2.48,1.92,1.09,0.23,2.47,5.5,1.4,3.88,1.99,3.23,3.14,3,3,1,4,46,53,0.25,0.2,0.21,0.79,2.24,3.07,4.33,1.52,4.22,3.35,2.31,4.46,4.04,2.18,1.56,4.66,1.08,2.57,4.86,1449,1855,1,4,3.4,0
1.0,0.26,0.22,1.05,0.76,2.82,0.78,4.36,5.8,1.2,3.96,4.76,4.19,2.41,7,6,0,6,63,39,0.79,0.48,0.38,0.62,3.66,4.0,2.82,3.63,2.18,2.0,3.69,2.4,1.43,1.01,3.58,4.26,1.43,1.82,4.07,1943,1444,0,1,3.35,2
0.09,0.8,1.61,1.3,3.25,3.27,0.77,3.45,4.2,5.0,1.64,4.4,3.2,1.79,2,6,5,6,41,60,0.81,0.5,0.61,0.39,5.3,4.77,4.23,4.84,1.22,1.51,1.38,3.8,3.92,2.63,3.52,4.4,3.82,4.11,2.13,1946,1717,0,4,4.58,2
0.48,0.54,2.12,3.24,1.15,3.44,2.45,0.32,1.7,7.9,4.05,3.72,4.4,1.96,5,4,0,4,45,56,0.08,0.17,0.0,1.0,2.27,3.97,1.2,1.32,1.79,1.69,1.06,4.15,4.89,1.67,1.91,1.07,2.4,1.31,1.3,1686,1583,0,3,2.01,2
0.02,0.42,1.68,1.46,2.44,3.26,3.62,3.37,6.6,1.5,3.63,3.74,1.86,3.34,5,4,2,3,62,40,0.56,0.26,0.76,0.24,2.52,1.93,3.84,1.18,4.85,4.1,4.86,1.05,1.72,4.11,1.09,2.06,2.56,2.68,2.75,1966,2006,0,4,2.8,0
0.66,0.44,2.72,0.45,2.97,2.84,3.58,1.44,5.7,3.7,3.4,1.57,2.05,2.63,5,5,3,3,60,42,0.51,0.33,0.67,0.33,5.24,1.06,4.15,1.36,2.06,3.22,4.35,3.17,1.72,3.6,4.4,2.01,3.11,3.02,1.79,1820,1429,0,3,0.99,1
0.24,0.37,0.47,0.62,1.5,1.51,3.12,3.21,3.6,5.3,4.63,4.35,4.85,2.34,4,5,3,6,62,38,0.64,0.06,0.69,0.31,3.75,1.07,2.81,1.89,2.67,3.18,4.13,4.48,3.45,4.95,3.25,2.93,3.84,1.68,4.11,2043,1821,0,3,0.68,1
0.01,0.66,0.21,2.92,1.49,1.58,0.43,3.53,1.4,6.5,4.55,4.32,1.98,2.35,2,7,1,4,65,35,0.28,0.09,0.84,0.16,5.24,2.59,1.63,4.53,4.33,3.9,3.14,2.92,2.17,4.67,2.23,1.41,4.37,3.77,1.79,1479,1485,1,1,2.53,0
0.95,0.8,0.62,2.96,1.56,2.86,2.24,1.7,2.0,6.1,3.55,3.42,1.65,3.54,6,6,3,2,48,49,0.21,0.29,0.6,0.4,2.42,1.28,1.9,2.71,4.81,1.28,2.82,4.22,2.67,2.51,3.36,4.98,1.28,3.95,3.48,1694,2011,0,5,0.54,0
0.42,0.95,2.23,0.27,0.6,0.58,0.61,0.41,7.5,2.6,3.2,3.1,1.03,4.48,7,5,5,6,60,40,0.94,0.95,0.06,0.94,4.72,3.5,4.12,2.69,2.97,4.8,4.63,2.26,2.71,4.14,2.52,1.34,2.21,4.72,3.12,1571,1621,1,2,1.23,0
0.19,0.34,2.97,2.95,0.95,2.67,3.13,1.54,1.0,6.4,4.99,1.55,1.7,2.83,4,5,2,6,51,48,0.55,0.08,0.3,0.7,4.85,4.94,2.08,3.78,3.77,4.27,2.31,4.29,4.05,4.56,2.43,3.87,3.56,2.06,1.09,1694,1598,1,5,4.05,2
0.45,0.56,1.78,3.49,0.94,2.14,3.15,4.21,6.9,5.6,1.16,2.98,2.32,4.13,4,5,0,5,49,48,0.54,0.78,0.19,0.81,2.36,1.85,2.15,1.72,1.9,2.87,1.17,3.56,3.33,1.27,4.78,4.55,1.37,2.2,3.83,1839,1488,1,1,1.1,0
0.53,0.42,2.4,1.42,1.86,3.13,4.0,4.09,3.3,7.5,1.86,2.53,3.11,4.63,2,2,1,2,47,56,0.58,0.04,0.64,0.36,2.07,3.54,2.51,1.68,3.97,4.01,4.78,1.25,4.72,2.06,4.59,2.75,1.96,2.57,4.51,1523,1536,1,3,2.09,1
0.23,0.09,2.04,1.83,1.8,0.73,2.31,3.07,1.4,1.2,3.04,2.73,3.89,2.37,6,6,5,1,41,58,0.23,0.28,0.74,0.26,4.21,2.87,3.94,2.99,4.25,2.15,3.81,1.69,3.72,3.38,3.51,2.03,2.37,3.04,1.91,1974,1682,1,5,0.29,0
0.48,0.84,2.69,3.18,1.52,1.57,1.52,3.86,3.3,7.2,4.48,3.4,1.07,2.26,7,5,0,5,55,48,0.79,0.79,0.93,0.07,4.22,3.36,1.85,3.75,1.42,2.37,3.43,4.8,2.95,1.5,2.1,1.5,2.53,1.46,1.63,1807,1532,1,3,3.61,2
0.8,0.66,0.9,1.64,1.63,0.5,1.82,0.38,2.1,7.9,2.82,1.09,3.07,2.49,7,3,1,3,52,47,0.02,0.57,0.66,0.34,2.25,3.18,1.57,3.56,4.73,2.93,1.44,3.02,2.61,3.62,1.05,1.22,2.02,4.81,1.34,1532,1939,1,5,2.31,1
0.03,0.56,2.28,2.44,2.74,1.29,2.93,0.28,4.6,6.3,4.01,1.46,1.96,3.16,2,6,4,1,40,57,0.48,0.22,0.14,0.86,4.69,4.87,1.23,2.49,4.02,1.03,3.72,1.83,3.11,3.93,1.63,1.51,1.03,2.7,3.39,2039,1648,1,2,3.53,2
0.73,0.82,2.85,2.69,1.76,0.77,2.95,2.41,4.1,2.8,4.92,4.68,1.47,4.01,7,7,0,5,55,44,0.58,0.04,0.31,0.69,4.05,3.67,4.12,3.6,4.31,3.96,2.07,3.94,1.96,1.13,4.63,1.02,4.63,1.81,3.85,1652,1701,0,2,1.24,0
0.64,0.46,2.55,3.17,3.39,1.89,0.29,0.5,5.2,6.9,1.56,4.5,4.01,2.1,2,5,3,0,54,43,0.46,0.1,0.93,0.07,2.28,1.79,2.21,3.0,2.17,2.95,1.83,1.75,3.33,3.96,1.52,3.13,4.22,2.55,2.37,1594,1413,1,3,3.04,0
0.54,0.24,3.66,2.03,1.43,0.43,3.08,0.29,4.4,3.4,3.98,1.76,4.62,4.76,4,5,4,0,60,37,0.01,0.09,0.97,0.03,3.93,4.26,1.61,4.39,3.53,4.63,4.77,2.37,4.77,4.01,2.16,1.76,3.28,3.69,4.61,2084,2019,0,2,2.12,2
0.14,0.18,1.01,2.14,0.88,1.36,2.58,2.05,5.0,6.7,3.33,4.16,1.05,4.97,3,7,4,3,41,62,0.82,0.23,0.96,0.04,3.68,4.5,3.59,4.46,1.25,3.72,1.14,4.9,3.26,2.18,1.33,1.23,3.29,4.32,4.66,1620,1682,1,2,0.36,1
0.52,0.42,1.44,3.05,0.93,1.23,3.13,2.4,2.9,1.1,2.85,4.1,1.56,1.39,2,2,5,2,62,35,0.94,0.05,0.45,0.55,5.92,1.99,4.96,1.7,4.89,2.6,4.27,4.94,1.46,4.71,3.61,4.15,3.63,4.92,3.17,1432,2073,1,1,2.8,0
0.8,0.15,0.75,3.57,0.84,2.96,1.84,1.23,6.3,1.1,2.2,2.7,1.75,1.56,2,3,4,3,43,54,0.11,0.14,0.03,0.97,3.91,3.49,3.93,4.99,3.55,3.41,3.32,4.55,2.99,3.72,2.06,4.54,2.29,1.55,1.32,1875,2033,0,1,1.2,1
0.41,0.39,1.71,2.05,3.33,0.7,4.14,1.25,6.0,2.2,3.63,3.45,4.53,3.35,2,2,3,5,61,37,0.54,0.77,0.11,0.89,5.67,4.87,2.11,1.16,1.03,1.18,1.13,1.4,1.53,4.62,4.25,2.6,2.78,1.54,1.31,1409,1526,0,2,0.35,2
0.89,0.33,0.41,0.67,1.8,3.08,2.77,2.28,5.7,5.3,1.07,1.96,2.78,3.88,3,4,1,3,45,56,0.93,0.35,0.4,0.6,5.98,1.51,3.26,2.64,4.05,4.77,4.8,1.6,1.25,3.39,2.9,4.24,2.86,4.07,1.65,1997,1645,1,2,0.15,0
0.68,0.21,0.24,3.45,3.23,1.74,2.81,3.18,4.2,1.9,3.53,2.43,2.11,4.25,6,5,5,1,42,61,0.61,0.6,0.43,0.57,5.83,1.62,3.56,1.58,4.73,2.15,4.01,3.09,2.69,4.66,3.15,3.6,4.45,1.18,3.21,1654,1746,1,5,1.29,0
0.95,0.01,3.75,0.75,3.39,2.76,0.8,2.66,7.2,6.4,3.93,4.59,2.81,3.61,7,4,6,5,60,41,0.52,0.01,0.21,0.79,4.0,3.39,4.29,1.86,2.62,3.24,4.8,4.82,4.22,1.51,4.3,4.91,1.52,4.03,2.49,1909,1410,1,3,0.42,1
0.27,0.2,3.3,2.33,3.02,2.2,3.06,0.77,1.8,3.5,2.76,2.69,3.25,1.59,3,5,0,3,61,39,0.45,0.94,0.57,0.43,5.31,2.5,1.67,2.06,4.48,4.6,4.99,2.08,4.84,4.11,4.2,3.59,1.32,3.4,3.75,2000,1596,0,4,2.24,1
0.49,0.91,2.63,0.51,3.18,2.77,3.66,2.22,5.5,3.3,3.48,4.24,1.2,1.87,7,6,2,6,46,56,0.34,0.19,0.8,0.2,3.1,3.15,4.4,4.92,4.5,3.63,3.32,3.41,4.63,1.67,1.17,4.57,4.01,3.48,1.82,1971,1762,0,5,0.77,1
0.27,0.25,1.35,3.54,2.21,2.73,3.14,4.28,4.4,6.0,3.2,3.09,1.23,1.75,2,4,0,2,38,61,0.34,0.39,0.78,0.22,4.04,1.03,2.22,3.81,3.44,2.87,3.69,3.73,4.64,4.35,2.27,2.08,2.56,2.87,3.85,1663,2049,0,2,4.6,0
0.49,0.25,2.98,0.78,2.71,1.74,1.47,3.86,4.4,5.9,2.37,4.83,3.0,1.56,3,4,4,3,47,53,0.2,0.06,0.39,0.61,3.19,3.97,3.78,3.61,2.32,3.41,4.66,2.01,3.62,2.67,1.53,4.55,4.84,2.79,3.95,2091,2014,0,1,2.19,2
0.19,0.96,1.28,0.38,1.38,2.48,2.78,3.11,5.8,4.1,4.47,4.94,2.41,1.14,5,4,4,1,42,55,0.85,0.35,0.98,0.02,2.71,3.96,2.92,1.12,1.78,3.85,4.6,2.79,2.27,4.67,3.52,2.42,3.56,2.24,1.64,2087,1457,1,1,0.86,2
0.3,0.12,2.9,3.5,1.93,2.56,2.36,1.07,7.7,2.7,2.15,3.55,1.03,4.75,2,5,1,0,51,48,0.31,0.59,0.55,0.45,2.2,2.34,1.73,1.41,3.26,3.97,2.99,1.36,1.94,3.65,2.69,2.47,1.32,2.99,3.92,1777,1873,1,1,2.2,0
0.07,0.74,0.25,2.8,0.89,0.76,4.43,0.52,1.3,1.0,4.27,1.89,2.5,2.84,5,6,4,6,61,42,0.97,0.35,0.99,0.01,5.47,2.4,1.3,1.82,3.37,1.98,2.97,1.61,2.69,2.98,3.67,1.18,2.53,1.12,2.48,1709,2050,1,1,2.8,0
0.98,0.48,1.95,2.26,1.97,2.83,4.09,2.4,1.9,6.0,3.53,3.32,1.65,2.85,5,4,1,0,36,66,0.11,0.26,0.24,0.76,5.25,4.25,4.8,3.28,4.49,3.8,4.18,4.05,2.63,2.73,3.26,4.0,4.74,1.34,4.41,1707,1821,1,2,3.82,0
0.98,0.84,1.43,0.21,2.34,0.39,1.65,0.37,1.9,5.9,2.94,4.77,2.73,2.66,3,4,6,2,56,43,0.04,0.59,0.45,0.55,2.91,4.05,2.62,1.65,4.95,3.31,2.87,4.49,4.33,3.89,3.34,1.6,4.08,4.16,4.75,1621,1697,1,3,3.85,0
0.33,0.78,1.65,2.12,3.04,1.92,0.57,1.67,5.9,4.2,2.42,4.31,4.16,2.58,7,3,0,0,52,46,0.02,0.21,0.9,0.1,4.89,1.21,1.96,4.98,1.97,2.24,4.54,1.57,4.36,3.25,1.05,2.99,3.54,3.87,4.32,1830,1698,1,2,4.57,1
0.41,0.3,0.78,1.16,3.2,1.18,0.58,3.46,4.6,5.6,1.55,2.75,4.92,4.68,4,4,4,5,63,38,0.59,0.91,0.14,0.86,4.27,3.82,2.98,1.75,4.71,1.82,1.34,2.08,4.64,3.85,3.09,1.8,2.47,1.5,1.99,1456,1643,1,4,3.53,0
0.02,0.18,0.72,1.4,2.79,1.85,0.76,2.19,4.9,3.2,1.72,4.88,3.5,1.24,4,4,1,1,40,61,0.14,0.88,0.23,0.77,5.84,4.65,2.22,2.01,3.96,1.67,2.54,4.97,3.07,4.62,2.87,3.58,3.85,1.08,3.17,2099,1785,0,5,1.92,0
0.23,0.23,1.56,2.79,3.41,2.59,4.42,3.94,3.8,1.8,1.97,3.63,4.67,4.82,3,6,6,3,56,43,0.64,0.74,1.0,0.0,2.84,3.67,1.34,3.49,2.69,4.42,1.95,1.68,2.72,1.92,2.14,3.54,2.51,2.75,4.17,1977,1640,1,1,3.09,1
0.99,0.15,1.97,2.7,1.42,3.36,0.33,1.61,1.6,7.7,4.96,1.33,3.66,3.04,6,3,5,4,53,50,0.62,0.77,0.66,0.34,2.77,3.18,1.19,3.89,4.02,2.63,1.5,4.75,3.93,4.42,2.73,4.73,3.02,1.33,3.17,1982,1590,0,5,2.86,2
0.64,0.12,0.83,2.42,1.53,2.14,0.61,3.64,3.4,1.5,2.02,3.54,1.0,1.69,6,7,6,6,52,45,0.26,0.65,0.59,0.41,4.9,1.03,2.65,1.8,4.32,2.5,2.49,4.5,2.76,3.3,3.7,3.7,4.24,1.33,1.43,1642,1585,1,4,1.38,0
0.89,0.94,1.6,1.94,0.86,2.08,0.63,2.71,5.4,2.0,4.29,4.2,2.11,4.99,3,5,5,4,44,58,0.94,0.48,0.11,0.89,5.31,4.08,3.73,3.74,3.11,1.23,4.51,3.2,1.5,4.6,4.18,2.57,1.67,4.27,3.5,1719,1451,1,1,4.59,1
0.95,0.55,3.13,0.41,0.29,0.92,3.37,1.05,5.3,5.3,4.96,1.11,1.48,2.95,3,4,2,4,38,59,0.41,0.22,0.31,0.69,2.06,2.94,4.02,2.46,3.65,4.26,1.14,3.89,2.06,4.51,2.56,3.46,1.47,1.23,3.03,2099,1532,0,3,3.5,2
0.24,0.3,2.96,2.12,0.89,1.26,1.07,3.47,4.1,4.3,3.11,1.33,3.58,2.14,4,3,0,1,46,56,0.78,0.58,0.16,0.84,5.42,1.93,3.27,4.31,4.57,4.6,3.54,2.74,4.67,4.17,1.35,2.82,4.08,1.42,2.76,1433,1849,0,5,1.91,2
0.75,0.3,0.46,2.47,2.74,0.39,4.23,2.69,6.7,7.2,2.05,3.3,1.2,4.92,7,6,0,1,48,49,0.13,0.8,0.77,0.23,2.29,1.83,3.83,3.4,3.27,4.47,3.78,1.22,2.22,3.67,2.31,3.29,4.2,3.79,1.23,2081,1741,1,5,1.62,0
0.28,0.79,0.52,3.4,2.54,2.37,1.1,1.36,2.4,6.7,3.52,4.21,3.03,2.97,2,4,6,5,64,34,0.03,0.78,0.34,0.66,5.78,3.15,3.07,1.8,1.62,2.1,4.8,1.59,2.59,2.2,3.18,2.78,4.88,2.83,4.34,1495,1723,1,3,1.5,0
0.9,0.98,0.74,0.74,3.09,2.54,0.89,2.47,2.6,1.8,3.09,2.32,1.77,3.58,6,5,1,1,47,55,0.6,0.62,0.14,0.86,3.02,3.16,1.69,1.22,4.03,3.8,1.03,4.12,2.98,3.64,4.11,4.34,4.74,1.86,2.28,1621,1850,0,4,4.75,0
0.24,0.12,2.97,0.6,2.38,2.07,1.55,2.22,5.1,5.1,4.47,2.17,3.07,4.32,5,7,1,2,62,41,0.44,0.15,0.27,0.73,3.43,3.51,4.07,3.12,3.25,3.76,4.6,4.47,1.93,1.75,3.42,4.27,3.6,4.42,2.92,1901,1446,0,5,0.28,2
0.2,0.68,2.15,2.65,1.44,3.23,0.29,1.79,1.8,7.7,3.67,4.54,3.52,3.0,4,6,5,3,53,49,0.15,0.77,0.78,0.22,4.37,1.16,3.43,1.37,4.49,1.94,1.5,3.77,4.99,4.74,4.74,2.54,2.12,1.68,3.23,1897,1509,1,5,2.54,0
0.37,0.33,2.05,3.57,1.05,2.16,3.25,2.7,4.7,6.5,4.15,1.99,1.9,4.76,4,5,2,0,63,35,0.46,0.38,0.46,0.54,3.88,2.38,4.99,2.82,3.4,3.08,2.73,2.45,1.26,1.29,2.84,3.95,2.32,4.18,2.28,2067,1429,1,2,3.05,0
0.87,0.41,0.28,1.12,0.4,0.28,3.62,3.82,1.8,6.7,1.09,3.13,3.15,3.16,2,3,4,1,59,44,0.03,0.23,0.31,0.69,2.25,2.18,3.98,1.82,2.84,2.48,4.22,3.18,1.56,1.09,3.69,1.98,1.52,3.6,4.55,1580,2079,1,5,1.22,0
0.43,0.84,2.87,0.28,1.2,1.58,1.71,0.9,2.3,4.0,3.8,3.99,2.49,4.55,5,4,0,1,58,43,0.99,0.7,0.9,0.1,2.24,4.52,4.42,1.5,3.15,2.61,3.04,2.76,2.83,3.31,4.64,2.39,1.7,1.93,1.06,1829,1500,1,3,0.26,1
0.97,0.99,2.34,0.66,0.99,3.39,1.0,3.4,6.5,2.6,4.56,2.06,1.4,1.97,4,7,2,4,62,37,0.87,0.53,0.43,0.57,5.37,2.65,2.82,3.85,2.74,4.09,1.53,3.12,4.07,2.73,4.25,4.89,3.64,3.96,3.31,1827,1948,0,5,2.56,2
0.28,0.48,0.93,3.65,2.51,0.86,1.09,0.46,1.0,7.4,3.85,3.37,4.95,4.81,6,4,3,2,61,36,0.72,0.29,0.75,0.25,3.77,3.23,2.88,2.67,4.95,1.36,1.99,2.86,3.51,4.83,1.02,2.48,4.0,4.09,4.82,1410,2053,1,2,3.72,0
0.75,0.98,0.96,2.12,0.21,0.81,0.27,3.41,1.0,2.6,1.46,1.29,2.06,1.85,3,6,0,4,41,58,0.56,0.36,0.65,0.35,3.04,1.34,2.95,2.22,3.0,3.67,4.45,1.86,3.96,2.08,3.56,2.93,4.08,1.76,3.18,1790,1779,0,5,2.69,0
0.78,0.43,3.59,1.12,2.34,2.64,2.86,0.86,7.2,3.1,1.11,2.91,3.99,2.35,4,4,3,5,54,48,0.41,0.63,0.35,0.65,5.8,2.7,4.9,4.09,2.45,2.5,4.82,4.83,3.58,3.36,1.68,1.6,4.28,3.15,2.94,1902,1710,0,1,4.59,2
0.38,0.34,3.68,1.82,1.35,1.28,0.62,0.4,7.1,1.9,3.57,3.51,4.4,1.32,5,5,4,1,45,52,0.7,0.6,0.43,0.57,5.25,4.08,2.85,2.91,1.55,2.78,3.12,3.03,3.67,3.52,2.82,3.32,3.25,3.68,2.9,1965,1665,1,3,0.65,2
0.8,0.92,0.27,0.57,3.16,2.16,1.33,1.61,3.5,4.3,1.89,2.56,4.59,4.57,6,3,5,1,56,44,0.4,0.49,0.98,0.02,2.33,3.85,3.79,4.18,1.92,2.23,1.8,4.34,2.31,4.14,3.44,4.56,1.68,3.03,1.1,1691,1883,0,3,2.46,1
0.18,0.99,2.84,0.42,2.57,2.7,1.4,2.77,2.7,7.0,3.47,2.63,3.47,2.76,6,5,5,4,60,42,0.69,0.92,0.41,0.59,2.19,2.39,2.16,1.95,1.44,1.65,4.09,4.47,4.95,4.39,1.63,1.18,1.52,2.85,1.75,1476,1897,0,5,3.1,2
0.82,0.26,1.06,0.67,1.59,3.1,1.29,3.82,7.5,5.9,1.42,4.84,1.36,2.34,3,4,0,2,65,37,0.66,0.45,0.85,0.15,3.57,4.17,3.92,2.04,1.19,4.07,3.49,2.86,1.8,3.57,2.78,3.9,4.86,1.19,3.33,1690,1775,1,4,4.92,1
0.18,0.37,1.15,2.01,3.45,1.59,3.05,2.55,2.2,6.8,4.74,2.9,2.34,1.13,3,2,1,2,51,46,0.54,0.09,0.18,0.82,3.73,2.77,3.78,3.94,1.8,4.99,1.75,3.06,2.43,1.35,3.45,2.68,4.39,1.58,1.38,1796,1780,1,3,3.67,2
0.4,0.69,0.6,2.63,1.59,0.21,3.88,4.25,5.2,7.3,2.62,1.92,3.34,3.77,6,5,5,5,61,41,0.11,0.35,0.87,0.13,4.74,2.37,3.01,4.12,2.47,1.43,4.07,1.02,1.68,4.88,1.26,3.65,3.49,3.7,3.14,1983,1835,1,2,3.1,0
0.07,0.61,2.75,2.93,3.47,1.12,1.57,2.13,4.9,6.4,4.75,2.09,2.77,1.99,2,5,3,2,45,57,0.0,0.24,0.73,0.27,4.6,4.13,1.43,2.24,3.73,1.95,3.41,4.25,3.32,4.02,3.81,3.93,4.33,4.28,2.85,1732,2009,0,5,1.14,2
0.42,0.51,1.01,2.66,1.61,1.44,0.87,3.24,1.1,2.6,1.86,4.44,1.06,2.9,5,5,0,4,65,33,0.98,0.6,0.59,0.41,5.49,2.19,4.07,4.6,1.94,2.78,2.99,2.82,4.4,3.24,3.37,2.2,4.6,1.78,2.79,1743,2002,0,4,3.89,0
0.68,0.91,1.9,2.27,1.6,1.67,3.55,1.9,3.4,4.8,2.33,4.0,4.26,3.16,5,4,4,6,58,40,0.9,0.64,0.46,0.54,3.52,1.97,3.88,4.3,2.05,3.95,1.46,1.29,3.58,4.23,4.75,1.27,3.56,3.39,3.51,1545,1861,0,1,2.8,1
0.08,0.7,0.98,2.7,1.5,1.45,3.24,1.04,3.6,4.6,4.12,4.85,2.82,4.16,4,5,6,2,52,49,0.74,0.13,0.59,0.41,2.69,4.13,3.47,4.45,1.34,2.05,4.83,3.61,1.66,2.95,4.27,4.64,4.25,3.18,2.25,1476,1686,0,5,2.72,1
0.07,0.57,1.17,3.23,1.55,0.55,2.1,0.25,4.6,3.4,4.29,2.68,3.57,4.37,7,4,1,5,45,53,0.61,0.0,0.21,0.79,2.72,1.26,4.63,1.41,2.23,4.23,1.47,3.61,4.12,2.32,2.18,1.42,3.05,1.56,3.04,1857,1583,1,1,1.75,0
0.17,0.38,1.03,2.99,1.2,1.82,2.27,2.89,1.6,3.8,3.38,3.43,4.22,3.08,7,6,6,4,44,57,0.24,0.29,0.08,0.92,3.76,4.24,1.33,1.52,1.36,4.84,2.68,1.81,1.32,1.49,2.87,3.28,1.53,1.97,3.25,1977,1755,0,2,0.03,2
0.29,0.57,1.82,3.58,1.61,2.44,0.84,4.16,2.2,5.2,3.58,1.04,2.27,1.9,4,4,3,5,63,35,0.21,0.33,0.27,0.73,4.64,3.44,3.67,2.76,3.02,3.72,1.68,3.41,2.02,4.39,3.17,1.63,2.32,3.49,1.79,1536,1929,0,5,0.45,2
0.1,0.05,1.93,2.1,3.25,1.93,4.4,1.47,7.1,1.5,3.81,4.31,1.77,1.94,2,3,4,4,50,51,0.45,0.7,0.71,0.29,2.68,1.65,2.9,1.01,1.55,1.36,3.65,4.9,1.47,4.12,3.25,1.31,3.14,4.07,4.18,1611,1421,0,4,3.07,0
0.88,0.64,2.97,0.21,2.78,2.25,2.66,2.14,5.1,5.2,2.34,2.2,3.22,1.02,3,7,2,1,43,57,0.67,0.47,0.9,0.1,5.78,1.58,1.11,2.61,3.09,1.15,4.41,1.73,2.36,4.24,3.27,3.74,3.87,3.02,4.71,2077,1570,1,5,2.4,2
0.51,0.71,1.1,2.2,3.39,1.8,4.18,0.87,4.5,6.0,4.04,3.0,1.29,3.45,3,7,3,4,44,56,0.03,0.47,0.5,0.5,2.1,2.57,2.19,1.32,4.6,1.68,1.5,2.95,2.99,2.55,3.37,3.47,1.09,3.43,2.31,1661,1848,0,4,3.91,0
0.76,0.29,2.64,2.26,1.81,2.3,3.62,3.98,7.4,5.3,2.08,4.91,4.16,2.74,3,7,6,3,48,53,0.14,0.9,0.09,0.91,4.54,4.45,1.74,4.79,3.66,3.67,3.55,4.5,3.08,4.23,3.34,4.25,3.31,4.24,1.52,1788,1963,0,3,1.84,2
0.41,0.99,1.65,1.03,2.06,1.87,2.28,0.37,5.2,5.4,4.89,2.38,1.51,2.08,3,7,0,1,55,46,0.36,0.47,0.76,0.24,4.59,4.49,3.18,4.21,4.68,2.18,1.76,1.57,2.94,4.16,1.73,2.59,3.64,3.3,3.72,1548,1684,0,1,4.83,2
0.47,0.1,0.24,1.42,3.1,1.51,0.67,2.67,2.7,5.6,3.65,2.8,1.74,1.35,6,4,2,0,63,40,0.81,0.03,0.22,0.78,2.88,3.88,2.46,4.09,3.57,2.47,4.43,1.52,2.76,3.53,3.0,2.31,3.63,1.06,4.66,1853,2098,0,4,1.72,2
0.38,0.99,2.72,3.32,0.24,1.23,0.7,1.13,2.6,3.0,2.42,4.97,1.56,1.87,4,7,4,0,39,63,0.17,0.47,0.37,0.63,3.52,3.09,3.51,1.2,4.88,2.72,2.76,4.16,4.63,4.11,2.82,1.03,4.13,3.75,1.46,1796,1766,0,3,3.07,0
0.55,0.1,3.54,3.42,0.92,2.73,1.39,0.52,1.6,6.5,4.03,2.61,3.35,2.94,6,4,1,3,59,42,0.61,0.71,0.36,0.64,5.06,2.41,3.8,1.93,2.9,4.74,2.28,4.45,3.16,4.15,1.77,2.31,2.16,1.62,4.94,1943,1594,1,5,3.12,2
0.24,0.03,1.84,1.47,1.61,3.21,0.83,0.54,2.5,6.0,1.34,4.98,2.09,3.22,7,2,6,0,43,56,0.57,0.59,0.19,0.81,4.93,1.33,4.72,1.74,1.98,3.38,4.4,3.13,2.16,3.95,2.2,2.58,2.4,4.28,3.48,1848,2055,1,5,4.97,0
0.86,0.29,2.84,1.75,2.14,2.65,0.67,1.02,4.9,6.3,1.4,2.62,2.15,2.97,2,2,2,6,50,48,0.38,0.72,0.02,0.98,5.08,3.1,1.16,2.81,4.79,4.31,4.78,4.72,3.99,4.29,1.16,3.37,4.66,1.75,4.91,1905,1556,0,2,1.92,1
0.65,0.37,1.54,3.22,0.84,0.89,2.14,3.08,4.8,1.6,4.53,2.37,1.08,1.03,6,7,3,5,35,64,0.01,0.79,0.94,0.06,4.52,2.07,4.61,4.11,2.09,3.16,1.65,1.45,3.26,1.51,1.57,3.66,1.39,1.55,3.81,1502,1673,0,3,4.71,1
0.41,0.21,1.31,2.98,2.51,1.1,1.8,1.51,6.2,4.6,3.9,1.13,3.8,2.94,2,6,2,3,55,42,0.26,0.91,0.01,0.99,3.72,3.29,3.8,3.77,3.88,3.25,1.67,4.78,2.51,3.77,2.72,2.0,1.18,2.59,1.2,2079,2090,1,5,2.14,1
0.09,0.63,1.02,0.96,1.56,3.4,1.27,2.27,7.1,6.9,1.16,2.98,2.05,3.93,3,3,4,6,47,56,0.53,0.99,0.17,0.83,4.34,1.59,3.89,1.28,3.15,3.0,3.39,3.93,3.72,1.96,2.07,2.34,1.78,3.62,4.7,1536,1781,1,5,3.85,0
0.19,0.89,2.11,0.55,1.52,2.95,2.74,1.37,4.4,1.5,4.94,1.01,1.49,2.45,7,2,4,1,57,40,0.21,0.8,0.48,0.52,3.36,2.5,2.73,2.59,3.73,1.96,2.77,3.74,1.76,1.43,2.95,4.27,3.88,2.5,4.53,1534,1501,1,1,3.8,2
0.63,0.49,1.64,3.13,2.05,2.26,1.19,0.38,6.3,5.7,1.1,2.01,2.27,2.24,4,5,3,4,39,62,0.76,0.82,0.12,0.88,2.71,3.93,3.18,1.53,4.28,4.13,3.63,2.32,4.99,1.25,3.55,1.44,2.4,1.35,2.46,1555,2041,0,3,3.79,0
0.06,0.72,3.4,0.92,1.75,0.26,1.12,0.68,6.2,4.2,2.08,1.69,1.58,4.34,7,6,3,3,45,55,0.03,0.45,0.07,0.93,3.38,1.01,2.12,2.32,3.64,1.15,4.35,3.08,2.06,2.34,1.4,2.33,2.57,1.18,2.36,1655,1766,0,2,2.28,0
0.73,0.93,0.93,1.93,1.15,0.25,3.38,2.07,3.5,4.8,1.75,2.48,3.88,4.63,3,4,0,4,63,37,0.16,0.17,0.57,0.43,2.94,2.95,1.11,3.17,2.73,1.19,4.25,2.04,2.74,3.26,4.36,2.31,2.47,4.04,4.91,1416,1674,0,4,1.42,0
0.43,0.11,1.76,0.33,1.52,1.92,3.41,2.76,4.9,1.3,4.24,1.33,1.86,3.72,7,4,3,1,52,50,0.0,0.75,0.07,0.93,2.8,1.1,1.4,2.37,2.46,1.71,3.27,1.99,1.35,2.07,2.11,3.79,1.77,1.85,2.52,1777,1665,0,2,0.07,2
0.42,0.25,3.37,1.9,1.02,1.87,4.4,2.82,7.8,4.8,1.49,4.33,4.31,4.14,6,3,2,6,50,47,0.55,0.19,0.4,0.6,4.52,2.38,2.78,3.63,3.31,4.69,1.11,3.63,2.54,1.26,1.89,1.24,3.12,1.26,2.63,1780,1605,0,1,3.6,1
0.44,0.27,2.47,2.23,0.85,3.44,0.66,1.46,7.3,1.4,3.38,3.91,1.69,1.62,7,3,6,3,41,57,0.96,0.87,0.98,0.02,5.08,4.41,1.5,1.13,2.95,1.35,2.18,3.19,3.35,3.4,1.91,4.38,2.88,4.38,5.0,1454,2085,1,3,3.76,2
0.42,0.61,2.22,2.56,2.32,1.86,3.96,0.65,1.4,6.8,3.64,1.99,3.54,3.99,2,3,6,5,37,66,0.26,0.81,0.32,0.68,4.0,2.11,1.81,4.79,4.98,1.28,3.19,4.03,3.75,3.29,1.77,4.98,3.26,2.25,4.46,1834,1721,0,5,1.22,1
0.69,0.18,3.13,3.23,0.54,3.32,2.91,3.04,1.8,4.8,3.94,3.86,2.77,4.9,3,4,1,2,63,34,0.84,0.87,0.13,0.87,4.55,3.97,3.56,4.53,4.03,4.89,1.84,1.38,2.76,2.7,3.24,1.76,2.3,3.24,2.78,1523,1495,1,5,1.36,2
0.84,0.37,3.11,2.78,1.28,0.63,1.01,2.48,3.9,4.7,2.2,3.39,2.19,2.32,4,6,6,0,50,48,0.57,0.05,0.08,0.92,4.77,1.04,1.79,2.44,3.75,4.36,3.86,3.38,1.56,4.89,4.18,1.29,3.96,3.67,3.27,1533,1648,0,2,3.03,0
0.9,0.81,1.56,1.19,0.92,0.84,2.28,4.48,4.2,4.6,3.67,2.88,3.35,1.23,4,2,1,4,63,35,0.44,0.98,0.38,0.62,5.46,3.24,3.6,4.82,1.7,2.68,4.68,4.9,1.66,1.54,3.5,2.44,2.53,2.04,3.23,1401,1739,1,2,0.42,2
0.26,0.98,3.43,3.79,1.79,3.11,3.79,3.58,1.8,4.0,3.77,2.86,3.4,1.72,6,5,0,2,59,40,0.9,0.38,0.32,0.68,2.07,2.48,4.92,3.23,4.98,3.16,1.41,1.18,2.48,4.09,2.87,1.2,2.95,1.13,3.77,2087,1982,1,2,4.62,1
0.91,0.53,3.64,3.66,0.55,0.25,3.23,4.17,5.5,1.8,1.97,4.43,1.53,3.96,7,6,5,0,55,43,0.49,0.04,0.06,0.94,2.8,3.1,3.23,2.04,3.31,2.22,1.81,4.14,1.13,4.26,3.7,2.8,3.09,2.64,4.58,1539,1862,0,4,4.96,0
0.24,0.31,2.06,0.8,0.46,1.45,1.5,2.87,7.9,3.0,1.22,1.56,3.03,2.05,6,4,5,5,58,41,0.21,0.36,0.18,0.82,2.53,2.45,1.09,3.92,1.0,3.97,4.84,1.72,4.02,4.27,2.21,1.22,3.57,2.69,4.54,1503,1412,1,2,2.53,2
0.29,0.22,3.19,3.23,1.38,3.06,0.57,0.53,6.1,6.4,4.7,3.74,1.18,4.02,4,4,6,1,60,42,0.33,0.48,0.36,0.64,4.79,2.19,2.8,3.32,4.08,1.11,1.14,4.64,3.58,4.31,1.38,2.35,3.3,1.58,1.84,1906,1459,1,3,3.59,0
0.33,0.77,2.92,2.0,0.59,2.71,2.95,0.6,5.4,7.4,4.91,1.87,1.17,4.5,6,5,0,2,38,61,0.4,0.63,0.03,0.97,2.25,4.47,1.54,3.08,4.14,2.48,2.21,4.2,1.3,1.47,1.33,3.06,1.42,4.25,3.88,1547,1963,0,4,4.11,2
0.37,0.19,2.25,0.73,2.11,0.5,2.34,3.36,6.5,5.3,3.18,3.5,3.71,1.38,7,5,1,6,38,64,0.05,0.65,0.6,0.4,5.9,1.86,3.5,3.92,1.13,4.86,1.49,3.32,4.73,1.97,2.75,2.85,4.23,1.59,3.79,1554,1439,1,1,3.69,2
0.41,0.09,0.87,2.58,2.24,2.65,2.73,1.77,7.3,7.2,2.61,2.57,3.88,2.46,3,3,5,0,39,59,0.39,0.04,0.21,0.79,2.6,2.1,1.78,3.3,1.88,4.0,4.1,4.34,1.59,4.41,3.61,2.03,1.02,3.99,4.32,1863,1663,0,5,3.03,2
0.04,0.62,1.53,1.06,3.04,2.09,3.1,2.54,3.7,3.8,4.12,3.1,1.8,4.57,4,7,0,4,64,33,0.94,0.17,0.16,0.84,2.28,3.52,4.89,3.16,4.83,4.53,1.04,4.56,3.06,2.77,1.07,1.89,1.59,1.86,2.65,1957,2042,0,3,4.25,0
0.84,0.42,2.63,0.55,2.67,1.58,1.16,2.98,5.9,7.3,2.46,1.04,1.18,2.47,2,6,1,0,46,55,0.51,0.75,0.97,0.03,3.85,1.75,1.66,2.02,2.38,3.72,1.71,2.43,4.48,4.63,4.16,4.29,3.5,3.92,1.42,1482,1874,0,3,0.44,2
0.65,0.9,1.79,0.47,1.47,2.27,3.3,4.06,3.6,6.1,2.27,4.34,4.95,1.7,6,3,6,1,56,45,0.85,0.15,0.28,0.72,5.93,1.24,2.34,3.29,2.47,1.95,3.95,2.6,3.6,2.11,3.86,4.05,3.79,1.12,3.0,1464,1405,1,5,1.09,2
0.86,0.45,3.1,1.69,1.63,0.96,2.68,1.68,3.8,7.4,2.85,2.76,2.79,4.55,6,4,3,5,53,45,0.41,0.06,0.76,0.24,4.45,4.68,4.65,2.73,1.16,4.3,3.49,4.77,4.84,2.04,3.38,4.86,2.37,2.19,3.85,1944,1632,0,1,3.61,2
0.8,0.15,0.29,0.61,3.31,1.42,0.58,1.92,1.2,6.0,3.92,2.09,4.95,3.56,4,3,0,6,45,52,0.11,0.27,0.04,0.96,3.28,3.7,2.53,2.69,3.94,1.46,2.41,1.55,4.61,2.52,3.97,2.38,2.14,4.5,2.91,1630,1469,0,5,1.11,2
0.81,0.17,1.26,2.6,1.97,0.55,2.57,2.7,3.6,4.3,1.11,2.01,3.95,1.02,5,6,5,0,65,33,0.37,0.6,0.48,0.52,3.55,2.45,2.99,2.88,3.69,3.77,4.65,1.61,2.06,3.84,2.6,4.96,2.39,1.84,1.93,1943,1737,1,5,4.66,0
0.96,0.98,0.34,3.74,1.75,0.86,0.66,1.22,3.8,1.2,3.94,1.27,4.33,1.46,3,4,1,5,52,45,0.01,0.13,0.58,0.42,3.86,1.96,3.25,1.99,1.66,2.99,4.98,1.16,3.1,3.27,3.12,3.68,2.26,4.2,2.86,1412,2042,1,4,1.37,1
0.94,0.7,2.79,3.19,0.62,2.84,3.91,2.07,7.0,4.0,4.14,3.39,4.73,3.62,3,5,5,3,61,38,0.39,0.54,0.14,0.86,4.86,3.63,4.31,1.95,4.8,1.99,2.01,4.36,4.12,2.2,2.11,4.6,2.14,2.45,2.86,1718,1825,1,3,2.26,1
0.32,0.43,3.72,3.16,2.75,2.11,0.74,3.15,4.8,6.3,2.6,4.34,2.67,2.1,7,5,1,0,49,53,0.02,0.41,0.98,0.02,3.13,3.07,3.52,2.2,4.96,1.18,1.69,4.91,2.51,1.74,3.33,5.0,1.39,1.41,4.02,2046,1989,1,1,4.88,0
0.84,0.43,0.75,2.14,1.13,3.38,0.95,3.68,7.7,7.4,2.6,2.69,3.2,2.28,2,6,6,1,60,43,0.64,0.12,0.58,0.42,2.47,3.0,2.51,1.32,1.1,1.83,2.22,4.04,3.31,4.67,1.35,3.88,2.15,4.95,1.97,1929,1485,0,4,4.05,2
0.43,0.13,2.64,3.44,0.86,1.48,3.28,3.78,7.8,6.1,3.59,3.89,4.77,1.9,2,2,5,5,50,49,0.74,0.33,0.81,0.19,3.42,2.97,3.79,4.33,4.18,1.59,1.51,4.67,1.38,2.24,2.63,1.76,4.48,2.85,2.8,1812,2006,1,1,0.11,2
0.4,0.67,2.78,1.46,0.29,1.73,2.62,1.64,3.0,6.3,1.13,2.46,3.99,1.18,4,5,2,6,64,33,0.52,0.06,0.58,0.42,2.95,1.55,1.6,1.81,1.8,4.95,1.49,2.95,1.89,4.27,2.79,3.99,3.82,4.48,1.37,1457,1497,1,1,1.98,2
0.17,0.12,1.26,1.09,0.33,1.93,4.12,3.65,7.0,4.1,1.31,4.63,3.43,2.77,2,5,4,1,54,44,0.33,0.28,0.04,0.96,4.68,4.61,2.76,2.11,3.35,2.08,4.72,3.01,4.7,2.61,3.53,1.58,1.53,3.07,1.14,1838,2000,0,2,3.67,1
0.6,0.45,2.77,0.96,3.3,2.77,2.82,0.62,3.7,7.9,3.34,4.38,1.31,3.65,4,6,0,6,60,37,0.22,0.21,0.37,0.63,5.08,2.8,2.23,3.37,1.5,4.42,4.61,1.71,2.8,3.68,2.15,4.69,3.19,4.99,1.79,2055,1628,0,3,1.92,1
0.56,0.1,2.78,2.5,0.46,2.93,1.69,2.17,2.1,5.1,1.04,3.47,3.03,1.81,5,3,5,6,37,62,0.68,0.56,0.54,0.46,4.78,3.66,1.98,3.38,3.0,4.5,4.65,1.03,2.28,1.71,1.21,1.85,4.87,4.7,3.55,1755,1746,0,1,3.42,2
0.15,0.6,1.42,1.14,0.99,0.81,4.41,4.25,6.8,6.5,1.11,2.42,2.43,2.36,6,7,6,4,56,43,0.38,0.63,0.16,0.84,4.73,2.49,4.56,3.99,1.03,1.28,4.78,1.37,3.18,2.44,4.08,2.78,1.3,1.34,2.67,1628,1853,1,2,2.2,1
0.53,0.21,0.29,2.88,3.21,3.01,3.11,4.16,4.3,7.1,1.31,2.44,4.54,3.37,4,4,1,1,47,53,0.7,0.38,0.47,0.53,3.8,1.2,3.38,2.02,1.93,2.92,2.22,2.89,3.01,2.77,3.85,4.93,3.61,2.99,4.17,1730,1470,1,1,2.94,0
0.31,0.1,2.97,3.55,2.88,0.24,3.98,1.5,1.9,3.2,3.2,1.63,1.04,3.91,3,7,6,1,50,49,0.64,0.29,0.56,0.44,3.56,4.06,2.22,4.16,3.21,4.7,3.21,1.49,1.04,1.62,4.77,2.29,2.32,2.3,1.71,1405,1632,0,2,4.33,0
0.41,0.5,0.51,1.21,2.94,0.52,1.35,1.0,5.7,2.2,4.55,4.0,2.01,3.35,7,5,1,4,44,55,0.1,0.32,0.68,0.32,5.12,4.75,2.48,1.71,3.76,3.47,4.63,2.6,2.25,4.69,2.48,4.23,1.28,2.3,4.66,1990,1848,1,1,1.64,0
0.6,0.15,2.47,0.31,1.26,2.25,1.01,2.79,6.8,5.4,1.71,2.31,2.54,1.05,6,2,6,6,41,62,0.26,0.92,0.9,0.1,4.63,4.66,4.43,1.41,4.97,3.31,4.89,2.89,4.01,2.64,2.2,2.46,4.57,1.58,4.04,1623,1780,0,2,3.88,1
0.02,0.79,3.5,0.35,3.17,1.81,2.91,1.39,4.6,4.9,4.86,4.81,1.66,4.28,7,4,2,5,44,58,0.88,0.59,0.26,0.74,3.58,4.71,1.2,2.79,4.39,3.04,4.0,4.1,2.5,2.53,2.31,2.81,2.39,1.14,1.19,1698,1948,0,3,2.72,1
0.23,0.22,2.9,3.2,0.94,3.12,2.03,1.11,7.5,2.9,2.85,3.52,4.46,2.1,7,2,5,4,62,38,0.14,0.03,0.62,0.38,3.89,1.68,2.37,3.28,3.35,3.35,2.2,2.21,1.44,3.03,2.82,1.25,4.32,1.74,3.44,1440,2066,0,4,4.07,2
0.64,0.66,0.96,0.85,0.38,0.89,4.39,4.09,4.5,4.7,1.45,3.75,2.93,4.71,2,4,0,4,52,50,0.34,0.2,0.17,0.83,2.09,1.95,3.5,4.61,1.38,1.49,2.58,1.74,2.02,3.49,2.02,2.32,1.1,4.89,3.41,2097,1550,1,2,3.71,0
0.8,0.16,3.36,0.58,0.72,1.2,3.78,2.21,3.1,5.9,1.57,3.77,3.67,1.53,7,6,1,3,54,47,0.84,0.28,0.01,0.99,5.38,1.51,1.44,3.09,3.9,3.16,2.9,4.16,4.19,3.6,4.13,2.39,3.42,2.27,3.71,1684,1446,1,5,4.49,2
0.77,0.85,1.74,1.42,3.31,0.39,0.25,3.18,6.8,5.8,4.18,3.38,4.04,2.4,6,7,4,3,54,46,0.12,0.49,0.19,0.81,3.22,2.62,2.97,2.03,4.96,3.67,4.91,2.54,2.81,1.42,2.88,4.92,4.8,1.59,1.47,1517,1801,1,3,2.64,0
0.06,0.97,0.49,2.89,0.96,0.93,3.66,1.12,5.8,4.9,2.44,2.0,3.2,2.17,6,2,2,4,48,49,0.75,0.38,0.66,0.34,2.32,3.1,3.28,1.07,1.1,4.83,3.04,4.84,2.01,2.18,4.68,2.33,1.7,4.97,2.9,1461,2096,0,2,4.66,0
1.0,0.39,1.67,3.58,2.03,0.58,4.09,1.76,1.5,6.5,2.27,4.8,1.18,3.68,2,6,3,1,58,44,0.57,0.73,0.18,0.82,5.91,4.13,4.27,3.69,2.52,1.39,4.84,4.81,4.78,2.2,2.38,1.04,2.7,3.68,3.15,2067,1400,1,1,2.09,0
0.66,0.71,1.11,1.89,3.41,3.24,2.25,1.63,1.4,4.5,3.91,4.91,3.83,4.06,5,6,3,3,48,52,0.48,0.93,0.03,0.97,5.69,4.55,4.47,3.35,1.69,3.24,1.42,1.9,2.7,1.55,4.51,4.08,4.31,3.07,4.45,1781,1677,0,5,0.28,1
0.06,0.74,3.76,2.69,1.72,1.53,1.93,0.53,1.1,6.3,3.23,4.72,3.72,2.31,5,7,1,6,65,34,0.16,0.7,0.66,0.34,2.74,1.6,4.76,3.34,4.79,3.82,3.46,3.7,3.3,3.58,3.85,3.37,4.92,2.14,4.22,1590,1969,1,1,3.53,0
0.79,0.68,1.1,2.12,3.11,0.56,2.33,4.08,4.3,5.9,1.77,3.28,1.14,3.8,2,5,4,2,36,67,0.35,0.76,0.84,0.16,4.73,4.42,3.03,4.8,2.74,2.1,1.1,2.76,4.55,4.3,1.12,2.11,2.68,2.73,3.01,2024,2073,0,2,2.17,0
0.23,0.86,2.1,0.42,2.06,1.3,4.32,3.28,6.1,1.1,4.0,1.4,4.27,2.33,2,7,2,2,61,42,0.56,0.08,0.36,0.64,4.01,2.88,3.58,2.79,3.19,1.38,1.04,4.41,2.5,2.76,2.86,4.77,3.68,1.4,2.75,1699,1558,0,4,0.68,2
0.41,0.26,2.94,2.25,3.19,2.54,4.1,0.78,3.0,6.1,3.48,3.74,1.39,1.69,6,5,0,6,55,44,0.35,0.25,0.37,0.63,3.27,1.23,1.15,3.1,2.32,2.2,2.15,2.88,4.91,4.07,1.56,3.97,4.26,4.57,2.66,1942,1472,0,4,2.17,1
0.06,0.64,3.03,2.17,2.95,2.93,1.98,1.65,3.0,6.0,4.06,3.93,3.28,3.48,4,4,1,5,41,59,0.66,0.59,0.42,0.58,3.37,2.24,4.09,1.06,3.42,2.07,1.82,1.65,2.32,3.81,4.77,1.42,2.42,3.23,2.63,2087,1439,0,3,2.48,0
0.09,0.43,2.27,3.05,1.76,0.73,3.61,4.31,4.2,2.4,2.67,4.43,1.09,3.27,2,2,6,3,51,47,0.18,0.97,0.26,0.74,5.38,1.09,1.67,2.58,3.4,4.47,4.6,3.55,1.98,4.48,3.01,1.35,1.51,4.95,4.59,1410,1797,1,4,2.87,0
0.19,0.29,2.55,2.98,3.35,3.29,3.4,0.2,5.6,4.6,3.68,1.31,3.62,4.56,5,6,6,2,51,49,0.37,0.9,0.51,0.49,2.82,1.11,1.4,2.0,2.83,4.97,3.31,4.92,1.82,2.08,4.09,2.31,1.47,4.26,3.72,1626,1929,1,3,2.0,1
0.76,0.2,1.54,2.62,1.77,0.31,1.73,1.01,7.6,1.7,4.92,3.53,2.54,1.68,6,3,5,1,58,44,0.45,0.18,0.38,0.62,2.99,2.39,4.5,3.37,3.86,4.94,4.19,3.53,4.06,2.88,4.49,3.71,4.84,2.76,4.77,1604,1773,0,3,4.57,0
0.99,0.0,0.46,1.86,2.56,0.72,1.51,3.59,1.6,6.1,4.67,2.24,1.92,1.76,3,6,4,6,36,64,0.28,0.84,0.63,0.37,3.34,1.84,3.36,1.92,4.42,1.03,4.48,3.21,1.12,3.7,2.13,2.7,3.07,3.25,1.85,1813,1522,1,4,1.32,0
0.13,0.95,3.22,2.88,2.29,1.24,0.92,0.44,7.4,5.2,1.94,2.34,1.33,1.77,7,4,0,5,45,56,0.92,0.84,0.86,0.14,3.7,2.69,2.49,3.03,3.0,1.54,2.93,1.96,1.35,3.52,4.62,4.11,1.02,1.94,2.48,1510,2054,1,3,2.34,0
0.82,0.18,2.85,2.43,0.42,0.81,1.55,1.13,3.2,5.0,2.88,1.05,3.82,2.73,7,2,3,5,55,42,0.17,0.01,0.62,0.38,5.68,1.09,1.04,2.23,3.21,2.56,1.86,4.08,3.89,2.49,3.17,2.51,4.28,4.77,1.99,2095,1891,0,5,1.63,2
0.84,0.55,0.6,0.82,0.43,0.87,2.54,1.77,2.8,3.6,4.46,4.41,1.78,2.9,7,7,2,3,60,41,0.93,0.86,0.26,0.74,5.66,4.17,2.52,2.92,3.49,3.37,1.1,1.64,1.81,1.14,4.49,3.81,3.02,4.11,3.67,1967,1576,1,4,1.51,1
0.63,0.38,1.32,2.51,0.86,1.38,2.63,0.2,2.8,1.2,4.21,3.47,4.38,1.56,5,5,1,1,45,55,0.08,0.18,0.4,0.6,3.88,2.69,3.83,1.36,1.06,2.52,3.4,4.79,1.26,1.7,1.7,4.12,3.3,1.08,2.5,1781,1988,0,4,2.15,2
0.23,0.24,1.47,1.56,2.42,2.2,4.14,0.23,1.8,4.6,2.96,4.57,1.14,1.5,2,7,6,3,54,45,0.82,0.46,0.77,0.23,3.68,4.27,2.54,3.53,2.18,4.02,4.46,3.05,2.07,4.46,3.25,1.14,3.63,2.93,1.28,1664,1706,0,5,2.29,2
0.28,0.28,0.76,1.08,1.3,1.4,1.58,1.76,6.0,3.6,3.4,4.28,3.47,4.98,2,2,2,4,56,45,0.72,0.09,0.0,1.0,4.21,2.54,4.07,1.88,3.47,2.07,4.33,3.75,2.56,4.85,4.3,1.48,1.55,1.76,4.41,1979,1985,0,1,0.57,0
0.22,0.49,2.18,2.11,1.49,3.06,3.19,4.01,6.9,7.8,4.64,2.49,1.21,4.52,7,7,3,1,39,62,0.69,0.1,0.87,0.13,3.89,2.69,4.1,3.29,4.07,1.24,2.56,2.95,4.49,3.89,4.93,1.56,2.72,2.93,2.77,1736,2006,1,1,4.76,0
0.36,0.41,3.77,1.81,1.42,1.09,3.78,4.46,3.3,6.5,1.46,3.78,3.25,1.52,4,4,0,2,49,50,0.5,0.59,0.25,0.75,3.09,2.46,4.06,3.41,4.26,2.71,1.52,4.07,3.25,3.84,1.7,4.57,4.09,2.96,3.36,2012,1974,1,1,4.08,0
0.73,0.98,0.83,2.09,2.2,2.87,2.55,3.78,3.6,6.2,3.41,3.69,3.09,4.81,2,3,0,2,49,54,0.51,0.8,0.53,0.47,5.58,2.24,4.77,3.52,1.12,1.67,4.77,3.81,1.5,3.88,4.3,1.08,2.12,2.08,2.21,1448,1908,1,3,2.48,0
0.02,0.31,3.55,2.25,1.34,2.71,3.04,0.21,3.3,2.0,1.86,4.37,1.52,4.11,2,2,6,4,53,45,0.36,0.85,0.61,0.39,4.56,4.07,1.57,3.84,2.04,2.88,1.19,1.6,4.88,2.79,3.1,4.35,2.55,1.24,4.53,1833,1456,1,2,0.32,2
0.93,0.15,0.54,2.14,1.41,1.95,0.41,4.45,6.0,5.4,2.81,2.78,4.84,1.19,3,4,5,0,63,35,0.57,0.55,0.9,0.1,5.88,4.23,4.67,4.37,3.82,4.53,3.67,1.18,4.43,1.64,4.04,1.08,4.67,4.78,3.28,1975,1766,0,1,1.13,2
0.59,0.59,0.32,2.07,1.79,1.98,4.45,0.81,2.1,5.6,4.49,1.81,4.71,1.54,2,2,3,0,49,48,0.65,0.79,0.96,0.04,4.59,4.45,2.98,4.2,4.06,2.53,3.7,1.89,1.2,2.23,2.13,2.16,4.33,4.28,3.07,1595,1509,0,5,4.48,2
0.71,0.27,0.7,1.28,1.02,1.67,2.93,2.37,2.0,1.0,1.0,3.49,3.82,1.57,6,7,3,2,50,53,0.77,0.2,0.98,0.02,2.44,2.13,4.37,1.38,2.0,1.91,3.41,4.42,3.1,4.0,3.9,2.08,3.69,1.52,1.26,1579,1677,1,2,3.77,0
0.14,0.11,1.82,0.88,1.49,1.98,0.6,2.52,6.8,3.5,2.74,3.6,1.55,1.46,2,7,4,2,57,46,0.24,0.22,0.12,0.88,3.66,4.55,2.58,3.0,1.07,2.33,4.81,3.29,1.59,4.79,2.9,4.2,4.78,1.12,4.05,1968,1667,1,1,1.37,2
0.36,0.44,2.59,1.89,3.12,3.25,3.02,4.2,3.2,3.1,2.57,1.62,1.61,4.78,5,6,5,3,50,50,0.45,0.77,0.9,0.1,4.38,4.35,3.14,3.04,4.84,3.96,3.63,1.83,3.81,3.86,2.16,2.6,3.37,2.82,2.61,1413,1793,0,1,0.37,0
0.77,0.06,2.82,1.41,1.79,1.88,2.03,2.93,3.2,4.7,3.45,3.38,3.27,4.53,6,4,1,3,58,39,0.92,0.66,0.02,0.98,2.27,2.65,1.13,3.39,3.75,1.13,1.44,4.51,3.29,2.84,2.79,2.88,4.68,4.72,4.14,2071,2029,0,1,3.71,2
0.41,0.29,1.87,0.32,2.98,0.67,0.29,2.13,3.6,1.5,2.59,3.54,2.99,3.64,2,3,1,5,51,49,0.92,0.81,0.66,0.34,5.75,1.84,1.01,2.93,3.42,3.36,2.1,2.62,1.69,2.13,3.61,1.15,1.18,2.34,3.44,1791,1959,1,3,2.46,0
0.6,0.8,1.96,2.68,3.28,0.28,1.35,4.07,5.9,7.2,2.07,2.11,4.53,4.5,6,5,0,0,45,54,0.31,0.16,0.78,0.22,3.55,1.65,3.19,4.81,2.39,1.28,4.11,1.87,2.62,2.41,4.93,3.4,1.1,2.1,1.5,2069,1792,1,4,1.58,0
0.54,0.88,1.73,0.84,3.19,3.05,2.79,3.35,1.8,3.5,4.83,3.51,2.19,2.25,5,2,4,3,59,43,1.0,0.5,0.78,0.22,3.08,2.11,3.27,2.43,2.36,3.45,3.43,1.41,3.39,2.82,1.52,1.57,4.26,3.66,2.1,1436,1506,1,2,1.71,2
0.68,0.32,2.91,2.18,2.44,2.26,2.34,3.72,5.1,7.5,2.3,1.06,4.67,3.81,7,3,2,6,56,47,0.96,0.97,0.38,0.62,3.02,1.29,4.46,2.59,2.78,2.25,2.34,1.92,4.03,4.9,3.3,2.73,2.09,3.96,1.94,1747,1724,0,4,3.78,1
0.88,0.71,3.55,1.42,0.86,2.81,1.84,4.23,4.0,3.7,3.03,2.82,4.7,2.54,7,7,5,4,55,48,0.01,0.74,0.85,0.15,3.62,3.76,1.88,4.4,4.71,3.94,2.02,4.37,2.81,1.94,4.37,3.67,3.13,1.4,1.11,1632,1659,0,2,2.13,2
0.48,0.8,2.54,2.35,2.06,3.11,1.33,0.57,5.7,2.9,4.23,3.94,3.86,3.32,2,3,4,4,55,43,0.42,0.68,0.57,0.43,4.35,2.04,4.5,1.71,3.47,3.68,3.13,3.04,3.32,3.55,2.18,3.76,4.27,1.13,1.44,1747,2004,0,1,4.24,0
0.27,0.46,0.8,1.89,1.95,2.72,1.66,0.35,3.2,2.7,2.05,3.12,4.47,4.32,7,5,1,4,57,44,0.64,0.48,0.64,0.36,2.2,1.6,2.79,3.46,3.21,4.75,1.16,2.19,3.35,1.03,2.38,3.44,4.86,3.22,2.63,1564,1951,0,3,4.41,0
0.06,0.05,0.84,2.95,0.48,1.92,4.14,3.05,4.3,7.7,1.54,2.35,1.18,1.87,3,3,2,0,57,40,0.72,0.28,0.4,0.6,5.71,4.43,1.71,3.31,3.48,1.69,4.96,1.93,3.14,3.37,3.63,4.72,3.6,3.69,1.68,1666,2055,1,4,0.5,1
0.29,0.73,3.65,3.26,3.17,0.56,2.67,1.64,6.1,3.1,2.83,3.53,1.4,3.79,2,6,2,1,44,59,0.23,0.06,0.47,0.53,2.49,3.03,1.07,1.61,2.53,4.43,2.19,4.2,3.86,4.01,1.15,4.52,4.25,2.81,3.67,1689,1615,0,4,2.23,0
0.17,0.61,3.14,1.55,2.35,0.99,1.16,3.63,7.3,6.2,1.33,1.09,2.83,4.04,4,2,2,1,37,66,0.18,0.88,0.04,0.96,5.63,4.04,3.88,3.69,3.94,2.79,3.81,3.82,1.42,4.58,3.43,4.53,2.02,1.95,4.93,2004,1512,0,5,0.73,0
0.15,0.94,3.34,3.7,3.18,2.2,1.65,4.09,7.1,4.7,2.29,4.32,2.54,4.24,7,7,1,6,46,53,0.78,0.02,0.51,0.49,4.75,1.43,1.15,1.55,3.27,1.07,1.95,2.82,1.46,3.21,2.46,2.71,3.65,3.33,1.36,1549,1495,1,3,2.18,0
0.75,0.1,0.87,3.41,1.6,0.65,1.96,0.45,4.5,1.9,4.14,2.35,1.34,1.26,6,6,4,1,60,42,0.1,0.18,0.95,0.05,3.41,4.55,4.89,4.62,4.32,3.84,1.91,3.66,2.34,1.04,4.75,3.52,4.07,1.92,3.02,1638,1539,1,5,1.48,0
0.84,0.01,2.2,2.5,1.64,0.46,1.77,3.76,3.3,5.5,2.63,4.64,4.28,3.3,7,2,1,3,42,56,0.61,0.57,0.06,0.94,4.86,3.11,4.4,4.77,2.77,3.2,2.41,3.64,3.08,3.27,4.36,3.62,3.6,3.21,4.21,1468,2050,1,1,4.6,1
0.03,0.69,2.07,0.85,1.93,1.35,3.23,2.89,4.9,4.3,3.55,2.07,1.05,4.67,4,4,2,6,41,61,0.53,0.71,0.02,0.98,4.11,2.78,4.15,2.13,2.03,2.51,4.04,1.89,1.95,1.39,2.06,1.64,1.32,4.39,4.51,1585,1857,0,1,0.38,0
0.26,0.86,0.54,1.48,1.64,0.56,2.06,3.64,6.4,7.6,4.94,1.2,4.25,2.87,5,7,4,2,61,41,0.93,0.93,0.45,0.55,4.83,4.27,4.03,1.46,4.13,2.55,3.65,3.0,1.99,3.51,3.81,1.72,2.63,2.57,4.49,2023,1738,0,4,4.81,1
0.07,0.03,2.68,1.61,2.48,3.07,1.05,1.25,1.4,2.4,3.07,2.65,2.44,4.25,4,4,2,1,51,50,0.7,0.26,0.63,0.37,3.11,3.36,4.81,1.65,1.15,4.53,4.54,2.42,2.25,2.47,2.27,2.15,2.89,2.04,1.14,2025,1841,1,3,1.04,1
0.81,0.23,1.91,2.12,1.55,0.34,1.72,3.31,1.6,3.6,2.77,3.64,2.08,3.25,4,4,0,5,47,56,0.62,0.19,0.69,0.31,3.73,4.1,2.71,1.73,2.89,2.23,1.82,2.44,1.51,1.12,3.94,1.03,2.14,4.23,1.58,1616,1952,1,5,4.81,0
0.43,0.09,1.09,0.51,2.9,0.89,1.01,3.45,8.0,4.7,4.05,1.05,4.99,2.52,2,5,4,0,59,39,0.13,0.33,0.37,0.63,3.41,2.4,2.63,1.37,1.8,4.15,2.64,1.03,3.09,1.12,2.37,3.95,2.97,3.92,1.71,1900,1667,0,5,0.25,2
0.65,0.69,2.09,2.7,2.12,1.57,1.65,1.19,7.9,4.4,3.15,4.95,4.38,4.83,2,4,0,2,36,63,0.26,0.92,0.12,0.88,4.43,1.95,1.85,4.67,4.18,3.74,4.84,4.89,1.66,2.52,2.12,2.18,3.13,1.65,3.31,1506,2079,1,1,0.87,0
0.45,0.74,3.77,1.14,2.73,3.1,0.77,1.16,6.9,3.4,2.08,2.2,2.15,3.3,4,4,5,4,53,44,0.55,0.01,0.7,0.3,4.58,2.5,1.07,1.8,4.6,4.21,1.8,3.37,3.07,3.9,3.62,1.61,2.46,3.73,1.88,1612,1444,1,3,1.21,1
0.77,0.95,0.8,2.57,1.5,1.88,1.6,3.05,3.1,7.7,1.02,4.22,2.15,1.25,4,2,1,1,39,59,0.9,0.24,0.52,0.48,5.87,2.26,2.3,1.96,4.9,4.69,3.02,4.6,1.51,1.85,2.0,1.76,2.5,4.48,1.64,1669,1700,0,5,0.5,0
0.81,0.69,0.33,3.55,0.97,0.37,2.7,3.39,5.7,3.0,4.73,4.69,2.06,4.32,5,3,3,3,57,43,0.42,0.41,0.7,0.3,3.62,4.81,3.28,4.12,2.93,4.58,3.6,3.05,1.09,1.42,4.36,4.52,2.0,1.96,2.98,1893,1415,1,4,2.4,0
0.74,0.97,1.34,3.29,3.03,2.11,3.39,0.65,6.5,6.8,3.32,1.47,2.38,2.87,6,7,6,6,48,55,0.64,0.72,0.87,0.13,4.6,2.96,3.88,3.4,2.15,2.09,3.53,2.68,2.67,1.51,4.03,2.97,2.72,3.55,3.85,1934,1416,0,4,0.08,0
0.35,0.77,3.52,0.54,1.68,2.14,2.62,2.26,7.1,5.5,1.16,4.17,4.92,2.27,4,3,2,3,44,55,0.39,0.44,0.83,0.17,3.03,2.5,2.03,3.67,1.88,4.36,4.59,2.81,4.49,4.53,4.77,3.35,4.57,1.1,4.23,1487,2013,1,2,0.9,2
0.88,0.2,2.58,1.78,1.42,0.71,2.67,4.35,3.6,3.6,1.48,2.28,1.89,4.33,7,2,4,0,41,56,0.15,0.74,0.17,0.83,4.25,1.62,4.24,2.78,2.98,3.24,3.36,1.69,2.0,4.27,4.35,4.82,4.93,2.76,3.32,1509,2006,1,4,3.61,0
0.46,0.37,1.74,2.7,1.42,0.54,2.25,2.9,2.2,5.9,1.85,3.2,1.62,3.45,6,7,5,1,45,52,0.06,0.47,0.96,0.04,3.21,4.07,4.91,2.24,1.33,1.15,3.28,2.69,2.78,4.45,3.82,3.73,2.7,1.41,2.22,1672,1992,1,5,4.17,0
0.78,0.17,3.46,1.66,1.84,1.7,1.29,2.83,4.9,3.8,1.41,3.85,3.08,2.38,7,5,1,5,52,49,0.37,0.58,0.5,0.5,3.34,4.02,1.33,2.91,3.3,3.2,3.94,2.71,1.7,2.62,2.33,4.82,2.22,1.55,2.64,1881,1603,1,2,0.7,2
0.88,0.43,1.58,3.49,1.63,0.68,1.27,3.22,2.9,6.7,2.59,4.16,4.36,2.18,6,5,5,6,40,61,0.06,0.68,0.8,0.2,2.82,4.3,4.44,4.56,4.29,2.89,1.93,1.64,4.88,4.33,4.3,3.66,3.68,4.76,1.98,1509,1426,1,1,3.95,0
0.57,0.97,1.51,3.79,2.42,2.73,1.21,4.45,1.8,6.1,1.96,3.35,1.26,4.21,7,5,6,5,44,54,0.86,0.46,0.7,0.3,3.9,2.2,2.73,3.93,3.9,1.49,2.52,4.59,2.78,2.62,3.47,1.72,1.35,1.83,1.95,2060,1803,1,4,1.6,0
0.35,0.77,3.39,3.37,0.37,0.94,3.67,3.95,6.6,4.1,3.8,1.91,4.73,3.71,7,3,3,0,47,54,0.94,0.92,0.84,0.16,4.14,3.16,3.97,3.62,3.2,2.16,3.7,1.98,1.11,1.05,2.72,4.99,1.47,1.53,4.05,1917,1540,1,3,2.62,2
0.09,0.25,2.01,2.27,2.65,2.19,2.43,3.79,6.1,2.9,3.02,4.82,2.3,2.95,6,6,1,2,49,52,0.29,0.56,0.91,0.09,2.4,2.0,4.46,3.84,2.01,2.2,2.42,1.37,2.9,3.99,3.34,4.07,2.58,3.08,2.14,1661,1970,0,3,4.13,0
0.27,0.97,0.8,2.51,2.74,1.05,2.71,1.13,1.4,5.0,2.06,2.95,4.27,1.95,6,2,2,4,35,68,0.35,0.95,0.68,0.32,4.91,1.53,1.82,1.09,3.31,3.99,2.68,4.57,2.28,1.35,3.18,3.81,4.61,2.03,2.03,1992,1690,0,2,4.06,0
0.55,0.91,3.22,3.74,0.71,0.39,3.94,1.64,6.7,7.9,4.47,2.27,2.82,4.4,3,4,1,6,52,49,0.85,0.15,0.6,0.4,3.57,2.59,2.9,3.76,1.22,1.09,4.98,1.89,2.54,4.1,2.95,4.56,1.74,2.9,3.34,1742,2062,1,5,4.33,2
0.94,0.45,2.24,1.64,0.45,2.94,3.34,2.68,1.7,3.3,2.92,2.85,3.15,2.23,5,4,1,1,37,61,0.81,0.68,0.33,0.67,5.43,2.57,3.38,1.46,2.0,4.6,3.05,3.57,4.92,4.59,4.84,1.43,4.62,3.5,3.31,1776,1839,0,1,3.91,2
0.02,0.44,2.94,0.72,2.27,3.23,2.13,1.53,2.9,5.3,3.12,4.59,3.52,4.03,7,7,4,5,40,60,0.26,0.52,0.68,0.32,2.64,1.55,4.32,3.83,1.29,2.89,4.55,2.04,1.16,2.05,2.24,3.51,4.97,1.39,4.08,1795,1651,0,1,2.03,1
0.74,0.99,0.65,1.99,0.67,0.49,1.43,0.43,1.4,3.7,2.61,4.35,3.2,2.37,2,4,1,4,55,45,0.13,0.87,0.25,0.75,2.6,2.98,4.65,4.89,4.94,3.27,3.78,4.86,2.61,1.81,4.84,2.34,2.66,4.03,3.85,1655,1510,1,5,0.19,0
0.02,0.36,0.58,3.52,0.84,1.34,3.13,0.85,3.8,2.8,2.99,4.22,4.06,4.14,5,3,6,0,53,47,0.31,0.71,0.44,0.56,5.25,1.32,2.57,1.01,4.62,1.26,3.53,1.11,2.48,4.46,3.44,4.69,4.43,3.87,1.57,1599,1953,1,4,2.95,0
0.84,0.93,2.41,3.29,3.33,0.65,4.18,2.17,4.0,5.2,1.1,2.21,2.79,1.62,3,3,5,2,62,35,0.46,0.04,0.46,0.54,5.88,5.0,2.17,2.88,3.69,3.99,4.64,1.58,3.0,2.27,2.63,4.22,1.85,1.51,1.01,1892,1503,0,1,2.11,0
0.12,1.0,3.4,3.74,2.84,1.6,4.31,3.13,1.3,7.3,1.3,1.52,4.22,2.94,2,5,1,4,35,66,0.24,0.55,0.4,0.6,2.53,3.56,2.59,4.32,3.57,1.49,3.63,2.44,4.76,1.88,3.83,4.55,3.03,3.46,1.14,1842,1672,0,2,0.34,1
0.87,0.07,1.41,3.18,1.7,1.49,2.91,4.12,7.8,4.2,4.44,3.64,1.99,3.34,2,6,4,2,39,64,0.63,0.07,0.05,0.95,2.56,4.91,2.61,1.37,3.95,2.85,2.74,2.61,3.7,3.72,2.48,1.9,4.87,2.08,3.5,1664,1897,1,3,2.11,0
0.04,0.02,1.04,0.71,3.3,3.03,1.12,4.38,6.6,6.3,1.5,4.0,4.01,4.77,6,5,6,1,51,47,0.35,0.21,0.59,0.41,4.82,3.9,3.42,2.01,2.43,2.44,4.28,3.55,3.4,2.35,3.06,2.88,1.78,4.91,3.57,1681,1770,0,3,3.52,0
0.58,0.53,1.9,1.29,1.05,0.56,1.45,4.24,3.5,7.1,2.36,2.98,3.72,3.57,3,6,6,3,51,49,0.19,0.18,0.27,0.73,5.34,3.88,3.73,2.91,2.35,4.37,4.78,3.31,4.52,1.63,1.92,2.99,3.03,1.29,1.33,1764,1830,0,5,4.24,1
0.72,0.71,0.77,1.38,1.05,1.13,3.32,1.21,5.3,4.3,2.52,2.71,2.69,3.09,6,4,4,4,51,48,0.68,0.83,0.3,0.7,5.61,1.31,1.31,1.02,2.31,2.07,2.07,4.84,4.17,4.5,4.79,2.93,1.78,2.45,4.12,1484,1773,0,1,1.9,0
0.03,0.11,2.02,3.36,2.43,2.43,1.6,1.23,2.4,7.0,1.9,3.9,3.75,2.95,4,5,4,1,39,59,0.38,0.15,0.29,0.71,4.41,3.5,3.93,2.45,2.57,2.86,4.91,3.27,3.97,3.44,3.81,1.61,2.75,4.5,2.69,1436,1812,0,4,0.52,0
0.09,0.97,2.45,2.33,3.23,1.24,2.66,2.72,1.0,4.8,1.06,1.41,1.89,2.28,6,7,4,5,62,39,0.74,0.77,0.34,0.66,3.57,2.01,4.27,3.67,2.3,1.23,1.28,1.08,4.08,1.71,1.24,1.57,1.87,4.44,4.95,1689,1540,1,5,3.82,0
0.13,0.76,0.32,3.29,1.36,2.82,4.13,1.19,5.3,4.9,1.93,4.23,2.78,3.96,3,3,5,2,53,50,0.52,0.19,0.26,0.74,5.52,1.98,1.62,4.77,2.11,2.21,4.19,2.3,4.79,2.05,4.87,4.26,4.95,1.41,2.65,1769,1590,1,4,0.05,0
0.96,0.51,1.21,3.69,1.72,3.14,2.08,2.73,5.4,5.4,3.84,3.24,1.44,4.02,5,5,2,6,59,42,0.17,0.13,0.61,0.39,2.19,4.04,4.92,2.58,4.41,3.3,3.17,4.79,1.77,4.46,2.84,2.56,4.63,2.94,2.4,1742,1455,1,3,0.31,0
0.64,0.24,3.6,2.55,2.19,1.54,0.52,2.36,6.3,4.1,3.54,2.26,1.17,3.92,2,5,4,1,52,49,0.72,0.86,0.29,0.71,3.7,2.76,2.23,3.25,3.98,4.37,2.39,4.17,2.1,1.57,1.44,3.15,2.12,4.67,1.24,1930,2004,0,3,2.12,0
0.05,0.45,0.53,1.88,1.7,0.69,1.54,4.1,2.7,5.8,1.59,2.24,4.21,4.01,7,4,1,4,39,62,0.44,0.61,0.41,0.59,5.86,2.9,1.73,1.7,1.94,3.78,1.32,1.53,1.46,2.56,3.88,2.7,1.2,1.76,1.03,1929,2039,1,2,0.63,0
0.04,0.41,1.52,2.29,1.44,2.69,2.64,1.58,3.5,7.8,4.94,1.12,4.09,1.73,7,5,3,0,62,41,0.7,0.45,0.91,0.09,4.33,1.21,2.01,1.14,1.24,1.88,1.27,1.14,1.9,1.93,2.11,4.51,3.51,3.66,4.41,1862,1648,0,1,4.22,2
0.27,0.79,0.42,3.33,3.01,1.08,1.17,1.37,2.9,2.8,1.41,4.45,2.99,4.81,6,6,0,4,40,57,0.78,0.87,0.46,0.54,2.12,3.81,4.94,4.24,3.03,3.4,3.89,2.95,1.66,4.65,2.4,1.17,3.61,4.47,4.57,2084,1497,1,2,2.91,0
0.58,0.91,2.46,1.78,0.67,0.45,1.57,3.82,3.2,7.7,4.4,4.12,4.33,1.36,5,6,5,4,65,35,0.52,0.66,0.99,0.01,4.04,2.05,4.17,4.81,3.9,4.31,3.87,3.98,1.5,1.47,2.73,3.38,2.02,2.88,4.75,1410,1498,0,4,2.93,2
0.65,0.83,1.74,2.58,1.04,0.55,1.56,4.02,2.2,6.6,4.73,4.64,4.28,2.93,7,3,1,5,61,41,0.32,0.6,0.27,0.73,5.51,2.6,3.0,4.04,2.01,3.99,2.26,3.25,1.2,4.99,1.65,2.37,2.03,1.46,3.13,1974,1984,1,4,3.72,2
0.34,0.74,2.06,1.27,3.1,0.88,2.69,0.34,7.2,7.4,3.43,1.52,1.58,1.32,3,7,6,6,65,34,0.39,0.08,0.6,0.4,4.81,3.79,2.78,4.49,3.15,2.44,4.52,2.72,1.8,1.62,1.08,4.29,2.65,3.44,1.28,2084,1443,1,4,2.19,2
0.97,0.68,3.53,1.71,1.82,2.69,3.1,4.14,1.6,2.2,1.69,4.68,4.66,2.15,7,5,0,0,62,36,0.2,0.19,0.92,0.08,4.99,1.22,1.3,3.23,2.4,3.82,4.8,1.6,4.76,3.06,2.78,2.02,2.54,1.68,2.82,1965,1549,0,3,4.56,2
0.24,0.76,3.48,1.4,2.95,3.05,3.78,1.54,6.4,1.9,2.19,3.35,4.5,1.23,7,4,0,1,64,36,0.11,0.22,0.3,0.7,4.01,4.17,3.48,4.78,2.92,4.15,1.59,3.98,3.38,4.1,4.98,4.35,2.53,3.22,2.1,2051,2018,1,1,1.86,2
0.65,0.86,2.57,2.69,2.68,1.15,3.64,0.68,7.6,2.6,4.03,1.77,2.96,1.84,5,4,1,5,56,45,0.06,0.45,0.17,0.83,5.1,1.36,3.15,2.97,3.32,4.16,3.45,4.9,2.08,3.03,1.69,3.01,2.97,2.21,1.68,2049,1682,1,4,2.17,0
0.12,0.76,2.87,2.44,2.33,2.45,2.34,2.81,6.9,7.1,3.97,2.98,2.88,1.52,5,5,1,2,38,59,0.98,0.93,0.35,0.65,4.03,3.62,1.83,2.33,1.54,4.31,1.32,2.58,1.95,4.35,2.08,4.72,1.96,3.94,2.01,2009,1921,0,2,3.64,2
0.23,0.83,3.61,2.41,1.66,1.57,3.7,2.22,2.5,1.2,2.71,4.76,2.71,4.63,4,5,6,3,61,36,0.42,0.43,0.87,0.13,2.63,2.75,3.63,4.59,3.45,2.68,4.02,1.1,3.66,2.25,2.25,1.44,2.25,2.44,1.27,1918,1898,0,3,4.45,0
0.23,0.06,1.91,2.42,2.5,2.29,0.29,1.93,1.5,6.7,3.61,4.47,3.73,2.47,3,7,5,5,40,61,0.5,0.52,0.28,0.72,3.23,1.05,2.7,1.7,2.71,3.64,2.12,3.92,1.34,1.28,3.66,1.67,3.57,3.95,1.88,1761,1814,1,3,4.24,0
0.36,0.87,3.23,1.07,0.55,2.91,1.61,1.55,1.6,6.4,1.84,2.28,3.98,3.7,4,7,0,3,59,42,0.92,0.92,0.24,0.76,2.49,2.66,3.16,2.02,1.95,3.4,3.47,1.54,3.31,1.96,4.76,2.07,3.11,4.26,3.41,1878,1984,1,5,0.1,2
0.16,0.87,3.02,1.32,0.51,1.16,0.89,4.18,1.6,7.9,2.99,4.54,2.38,3.84,6,4,1,4,59,44,0.8,0.65,0.24,0.76,3.01,4.92,3.22,3.32,4.43,3.35,4.95,4.84,3.76,3.33,4.21,1.28,2.06,4.05,1.65,1634,1614,1,1,2.65,1
0.37,0.26,0.3,0.7,0.33,1.16,2.05,0.46,7.7,3.0,2.21,2.36,3.14,3.86,6,3,2,4,53,50,0.54,0.07,0.56,0.44,4.39,1.3,2.81,2.49,1.64,4.62,4.91,2.01,4.2,2.72,1.26,4.83,1.46,4.6,3.92,2050,1899,0,3,0.78,1
0.38,0.49,3.27,3.09,1.82,3.01,3.06,1.34,6.3,4.6,4.83,3.37,2.36,2.75,3,3,6,4,44,59,0.8,0.2,0.11,0.89,3.15,4.61,4.8,3.33,4.69,4.37,2.02,4.18,2.58,4.64,4.94,1.27,3.04,1.11,2.52,1945,1683,1,5,4.99,2
0.83,0.65,0.83,3.14,1.52,3.49,4.33,2.01,3.0,7.4,1.91,4.92,1.49,3.82,4,5,1,1,59,39,0.25,0.99,0.81,0.19,4.88,1.24,2.73,1.03,2.74,1.46,1.61,4.83,4.57,4.89,2.57,3.0,3.99,3.72,1.89,1489,1676,0,4,4.66,0
0.18,0.39,0.36,1.51,0.75,1.51,0.55,4.02,4.7,7.0,2.58,1.26,2.66,1.18,5,4,6,4,56,45,0.22,0.25,0.58,0.42,2.83,3.1,3.47,1.13,4.37,4.79,4.7,4.79,2.99,2.71,4.26,1.99,4.07,3.14,2.34,1710,1607,1,5,2.78,0
0.33,0.46,2.02,1.94,2.73,0.98,4.42,2.27,3.4,2.5,3.64,3.88,2.75,3.66,3,4,1,5,50,51,0.62,0.17,0.0,1.0,5.72,3.26,4.24,4.79,4.9,2.89,3.11,3.97,3.76,2.27,3.78,1.62,3.06,1.41,4.54,1966,1947,1,4,3.71,0
0.62,0.61,2.11,2.16,0.76,1.63,1.27,0.56,1.7,4.7,4.05,4.73,4.17,3.79,4,4,5,2,64,35,0.99,0.83,0.29,0.71,3.42,4.14,1.16,3.32,2.0,1.91,3.43,4.38,4.61,2.67,2.96,3.03,2.74,3.81,3.4,1764,1731,1,1,2.63,2
0.96,0.94,3.02,1.37,1.41,1.05,2.56,3.56,3.4,7.7,2.05,1.81,4.05,4.44,2,4,5,6,58,45,0.57,0.62,0.32,0.68,2.7,1.51,4.09,4.29,3.52,4.31,4.84,3.66,4.91,2.66,1.1,2.6,4.36,4.65,1.01,1893,1537,0,4,4.61,1
0.67,0.41,1.35,0.5,2.51,0.67,1.01,2.34,4.7,3.4,1.08,2.54,2.2,3.53,6,5,1,3,46,57,0.89,0.88,0.39,0.61,3.11,3.48,4.39,3.89,2.78,4.61,3.13,4.04,4.42,2.36,1.33,2.06,1.69,3.37,1.12,1567,1531,0,3,4.72,0
0.95,0.46,0.76,1.67,3.26,0.62,1.94,2.85,5.5,5.4,2.4,3.34,4.71,1.92,7,2,2,4,39,62,0.39,0.37,0.76,0.24,3.27,4.12,2.83,2.21,1.48,1.57,4.7,1.74,3.57,3.21,2.48,4.28,4.0,3.4,2.71,1424,1896,0,1,2.03,1
0.8,0.55,1.87,3.11,2.55,1.51,4.37,0.48,2.7,2.2,1.03,3.42,3.83,4.48,3,6,5,5,35,67,0.72,0.04,0.44,0.56,4.33,4.8,1.06,1.86,4.52,1.81,4.92,3.18,4.2,3.51,4.14,2.71,2.88,1.66,3.54,1855,2050,1,3,2.73,0
0.44,0.61,1.63,1.16,0.78,0.25,2.53,2.29,6.1,6.8,3.65,4.05,2.95,4.15,2,5,2,4,38,64,0.38,0.03,0.67,0.33,4.16,3.43,1.12,1.69,3.93,2.17,1.91,2.88,4.78,3.46,1.91,2.92,3.59,1.85,2.7,1613,1801,0,3,3.18,0
0.57,0.82,2.0,3.41,2.96,2.93,3.85,0.54,8.0,3.6,2.18,4.17,4.92,4.3,3,5,4,4,48,55,0.59,0.8,0.42,0.58,5.31,3.01,1.2,1.85,3.93,3.1,4.28,4.98,1.96,2.48,4.1,4.97,2.79,3.15,3.56,1467,1749,0,4,4.43,0
0.59,0.63,3.47,3.26,0.8,0.76,0.28,3.78,1.8,4.4,1.5,1.7,2.28,4.48,4,3,3,2,48,49,0.87,0.25,0.2,0.8,3.53,1.73,1.99,4.56,2.76,3.28,2.56,2.47,2.05,4.36,4.99,3.95,3.66,2.38,4.9,1495,1579,1,4,1.6,1
0.31,0.53,1.86,2.84,2.57,1.58,1.75,1.47,4.8,7.3,1.91,1.52,3.5,2.36,3,2,3,0,35,67,0.44,0.32,0.37,0.63,5.54,4.6,4.46,4.96,3.66,3.34,3.11,3.99,3.76,3.36,2.65,2.85,4.34,4.76,1.98,1653,1869,1,3,4.0,1
0.84,0.76,1.33,1.06,1.12,1.48,3.19,4.23,2.0,3.7,2.54,4.27,4.43,2.32,3,6,4,4,40,60,0.95,0.52,0.51,0.49,5.35,4.63,4.2,3.97,2.99,2.76,1.79,3.08,4.55,3.14,3.92,2.3,2.23,3.92,4.66,2013,1719,1,2,1.29,2
0.78,0.34,2.47,1.77,0.46,0.51,3.65,2.11,1.3,3.1,4.08,4.26,1.88,3.45,5,4,0,3,54,48,0.29,0.99,0.22,0.78,2.74,1.35,3.61,4.69,3.1,4.12,1.54,3.7,2.86,1.02,4.24,4.68,4.02,1.57,4.17,1827,1824,0,4,2.21,0
0.43,0.63,3.01,0.62,1.92,3.03,1.63,1.39,1.8,3.3,1.56,4.74,2.71,3.4,5,3,2,0,40,57,0.82,1.0,0.42,0.58,4.57,1.55,3.56,1.36,2.3,1.75,3.5,2.76,3.48,4.6,3.02,1.22,2.19,3.5,4.9,1906,1773,0,4,1.08,0
0.83,0.23,1.89,3.25,2.43,2.11,2.9,2.58,3.2,3.2,3.76,2.42,4.91,4.07,3,7,4,1,44,58,0.7,0.27,0.87,0.13,2.45,4.02,2.65,3.96,2.86,3.22,4.73,1.77,1.66,1.18,1.66,3.94,1.85,4.82,4.96,1487,1649,0,1,1.67,2
0.17,0.41,1.42,2.41,0.72,0.57,1.43,1.77,6.3,6.4,4.62,3.36,1.51,3.46,3,7,2,5,47,56,0.99,0.59,0.91,0.09,4.48,3.94,1.02,2.73,2.03,1.74,4.9,4.16,1.59,4.68,3.3,2.86,4.04,3.24,3.83,2070,2085,1,5,2.66,2
0.47,0.19,0.45,0.97,3.01,0.22,4.13,0.25,2.5,1.5,4.33,2.55,2.04,1.57,3,2,6,4,51,52,0.88,0.46,0.96,0.04,5.39,2.19,3.73,2.85,1.09,2.94,3.72,4.18,4.44,3.79,4.51,2.52,2.32,4.64,2.16,1557,1593,1,1,2.66,1
0.06,0.94,1.71,3.58,1.91,0.39,3.81,3.47,1.7,7.1,2.01,2.17,1.54,3.36,4,2,4,1,39,59,0.22,0.22,0.33,0.67,3.32,4.63,4.47,3.08,3.86,3.26,2.75,3.09,4.88,1.78,1.26,1.07,2.65,3.29,2.64,1987,1602,0,3,0.5,0
0.56,0.65,2.06,3.8,3.25,3.49,1.54,2.1,3.6,6.7,2.44,1.36,2.0,4.09,7,2,3,1,40,59,0.9,0.3,0.63,0.37,5.49,2.14,4.61,1.29,1.33,3.31,4.43,3.95,3.22,1.9,3.02,4.32,3.19,2.65,3.14,2023,1966,0,1,4.03,0
0.72,0.91,0.68,2.86,0.71,2.48,0.72,0.4,7.5,2.6,3.89,1.73,4.93,3.02,6,5,2,3,37,61,0.74,0.06,0.92,0.08,2.57,2.35,4.85,2.86,1.39,4.12,3.33,3.02,2.06,3.29,1.62,4.74,3.81,1.88,2.64,1481,1923,1,1,3.61,2
0.33,0.51,3.35,0.67,2.79,2.23,4.06,3.08,7.9,3.9,3.69,4.9,4.87,3.0,3,6,3,3,64,33,0.24,0.66,0.4,0.6,2.22,1.21,1.55,1.02,1.59,5.0,3.59,1.66,2.74,2.61,4.3,1.24,2.68,4.93,4.85,2051,1610,0,1,0.54,2
0.09,0.48,1.87,1.87,2.0,0.28,1.15,0.33,5.3,7.8,3.38,1.27,2.75,1.31,4,7,5,5,43,55,0.41,0.72,0.75,0.25,5.1,3.82,2.16,4.45,3.64,4.09,3.87,2.07,4.2,3.15,3.81,3.4,2.28,4.04,4.5,1814,1696,1,4,0.65,2
0.39,0.25,2.2,3.04,2.72,2.12,0.64,1.72,1.4,7.6,4.67,4.56,2.7,4.27,6,5,6,4,56,41,0.09,0.87,0.75,0.25,4.0,4.28,3.67,1.05,2.86,2.13,4.17,3.19,4.05,1.56,2.34,2.44,2.53,2.56,2.92,2014,1829,0,4,0.13,0
0.36,0.68,1.7,3.37,3.15,2.54,2.76,2.9,2.7,2.2,2.87,4.81,4.11,2.66,7,4,5,1,54,44,0.61,0.97,0.03,0.97,3.83,3.81,1.14,1.1,3.9,3.98,1.62,3.05,3.66,2.01,2.24,3.78,3.61,2.21,1.33,1708,1939,0,1,4.16,0
0.79,0.23,3.2,1.82,1.81,0.78,1.13,2.09,7.2,4.7,4.85,1.06,4.64,1.98,2,3,1,1,47,55,0.55,0.25,0.26,0.74,4.79,1.03,4.86,2.64,4.16,2.86,1.16,1.51,4.81,2.84,4.43,3.88,2.42,1.19,1.56,1651,1946,1,4,3.56,2
0.67,0.73,1.58,2.67,2.43,0.47,1.48,1.34,4.7,7.6,1.98,4.37,4.04,2.15,5,6,2,2,42,61,0.67,0.02,0.03,0.97,4.79,1.59,3.17,1.36,4.11,1.21,3.7,1.39,1.34,1.76,4.61,2.37,2.58,3.14,4.03,1775,1425,1,3,0.87,0
0.89,0.6,3.01,1.95,1.81,1.74,1.95,0.25,1.2,1.5,4.67,3.31,3.96,3.75,4,6,6,6,51,51,0.9,0.36,0.64,0.36,5.87,1.1,4.6,2.09,1.15,2.32,2.43,1.29,4.96,2.15,4.6,2.57,2.2,4.86,2.93,1945,1900,1,3,3.92,1
0.57,0.08,0.72,1.12,2.76,1.81,3.3,0.28,6.0,4.7,2.26,4.66,4.36,2.74,5,6,3,5,45,57,0.35,0.88,0.5,0.5,2.92,1.59,3.56,1.63,1.43,4.44,4.04,1.02,3.06,2.29,2.91,3.6,2.79,1.4,4.32,2007,1667,0,2,0.99,0
0.45,0.25,0.97,3.47,2.87,1.36,1.95,0.92,4.0,6.9,4.29,4.66,2.65,3.7,7,2,3,2,38,60,0.29,0.08,0.08,0.92,3.23,3.32,2.06,2.26,3.83,1.31,3.2,4.0,1.39,2.74,2.3,2.62,4.8,3.15,4.63,1892,1454,0,2,2.44,0
0.32,0.37,1.17,0.9,2.53,1.59,2.86,0.25,2.2,5.5,2.56,1.77,3.67,3.13,6,5,6,1,62,37,0.21,0.35,0.04,0.96,4.93,2.97,3.7,2.14,3.33,4.78,1.03,3.94,2.42,1.88,2.78,2.13,2.28,2.13,3.95,1782,2087,1,2,3.73,0
0.4,0.98,2.43,1.6,1.66,1.76,1.64,3.21,5.4,1.6,1.95,1.06,1.51,4.92,6,4,1,2,52,50,0.8,0.02,0.46,0.54,2.43,3.67,4.28,1.18,3.05,2.1,1.5,4.14,2.17,3.88,3.19,2.14,3.84,3.03,1.17,1555,2080,1,1,2.71,0
0.71,0.3,0.57,1.42,1.87,0.83,2.65,2.6,5.3,6.2,3.77,1.78,4.12,2.08,2,3,0,0,56,47,0.96,0.99,0.7,0.3,2.0,1.87,2.0,4.12,1.6,1.38,3.69,2.05,4.24,1.41,2.06,1.93,3.75,3.71,2.38,1566,1594,1,2,1.82,2
0.83,0.46,3.72,3.04,0.99,1.62,1.99,2.97,4.2,4.2,1.5,2.24,2.7,1.67,4,2,2,3,47,50,0.3,0.29,0.19,0.81,5.71,2.54,1.31,3.58,4.78,4.7,3.69,2.94,3.08,3.67,1.29,3.17,4.28,4.5,1.31,1919,1919,1,4,0.19,2
0.53,0.8,3.44,3.71,2.38,2.75,3.61,1.57,6.5,7.9,3.49,1.06,2.89,1.48,4,4,3,4,63,38,0.18,0.17,0.2,0.8,5.26,2.31,4.76,4.07,1.17,2.92,4.48,4.46,3.32,1.1,4.0,4.96,1.09,4.28,4.18,1783,1948,1,1,3.47,2
0.8,0.64,1.48,3.72,1.8,1.52,1.33,1.39,4.6,4.3,4.5,4.0,1.13,3.98,3,3,2,5,45,57,0.62,0.57,0.41,0.59,4.58,1.49,1.59,4.17,1.83,2.03,1.44,1.13,4.74,3.97,2.42,1.46,3.35,4.08,3.32,1648,1719,1,4,1.4,0
0.67,0.71,1.44,3.05,2.18,2.16,2.33,0.22,5.6,1.2,4.0,1.04,4.51,3.38,3,7,3,0,35,66,0.09,0.98,0.99,0.01,4.49,3.04,4.22,2.17,1.62,4.52,3.5,2.94,1.29,3.46,2.41,2.17,1.3,4.39,2.95,1817,2070,0,2,0.86,1
0.65,0.43,2.03,0.75,2.36,0.74,3.91,3.6,3.8,6.1,1.24,4.39,1.36,4.87,4,3,3,2,61,38,0.43,0.58,0.13,0.87,3.87,4.65,4.46,1.87,2.9,2.5,4.37,3.17,2.81,2.97,3.35,1.89,2.07,3.05,1.76,1593,1431,0,1,2.96,0
0.3,0.28,1.58,0.35,2.5,1.11,1.28,2.73,3.7,1.2,4.57,4.33,3.03,1.53,6,4,6,1,61,37,0.69,0.79,0.43,0.57,4.03,2.0,2.61,2.09,1.96,4.2,1.77,3.55,4.16,3.97,3.04,1.53,2.18,2.89,1.98,1923,1954,0,4,1.16,2
0.24,0.22,3.31,2.78,1.66,2.01,0.88,2.5,7.0,2.7,4.78,2.76,1.52,2.06,3,4,5,0,47,50,0.3,0.09,0.64,0.36,4.0,4.73,1.55,4.75,3.1,3.77,4.67,4.88,4.93,4.26,2.33,3.01,4.4,1.27,4.3,1465,1437,0,5,1.12,2
0.92,0.27,2.82,1.25,2.59,0.63,1.31,3.31,1.5,5.7,1.8,4.45,3.08,4.63,5,3,6,1,63,34,0.27,0.65,0.8,0.2,4.65,4.12,2.53,2.8,2.93,1.32,3.82,2.04,3.01,2.28,4.07,4.01,1.12,2.71,2.42,2058,1421,1,2,0.66,0
0.88,0.55,1.51,0.38,0.83,1.76,0.6,3.31,5.0,5.8,2.36,2.71,3.62,3.83,4,5,3,0,62,37,0.08,0.65,0.09,0.91,2.84,2.4,4.85,4.99,2.15,4.02,1.72,2.68,3.63,1.68,4.4,1.45,2.58,3.21,3.98,1432,1740,1,1,3.21,2
0.28,0.77,0.81,1.41,3.03,0.81,3.7,2.82,6.5,2.6,2.81,4.09,2.05,3.64,5,2,5,2,49,53,0.35,0.31,0.72,0.28,4.14,1.24,1.63,4.82,3.33,1.7,4.25,3.9,3.32,2.59,4.98,3.25,2.76,1.36,2.58,2007,1726,0,1,4.17,0
0.4,0.55,0.79,3.43,0.6,2.84,0.64,1.64,1.9,2.4,2.0,1.77,4.76,3.28,4,2,0,2,35,64,0.61,0.0,0.08,0.92,4.87,1.35,1.18,1.97,2.57,3.93,4.42,2.99,3.88,3.94,3.33,4.52,1.64,3.06,1.44,1597,1465,1,5,2.14,2
0.34,0.7,1.69,0.97,0.87,2.51,1.21,2.35,7.5,2.7,1.14,2.71,1.85,4.5,5,2,1,4,53,47,0.96,0.41,0.61,0.39,3.18,2.7,4.51,3.69,2.85,4.76,4.99,2.45,3.59,1.77,4.53,4.46,2.03,5.0,1.65,1859,2034,0,5,0.17,0
0.6,0.0,2.86,3.36,0.83,2.91,1.5,1.15,5.8,3.3,2.65,4.25,3.47,1.4,3,7,6,5,44,54,0.39,0.42,0.17,0.83,4.3,3.82,1.19,1.12,2.2,2.39,1.99,4.46,4.92,1.27,3.84,1.67,3.52,3.89,1.07,1936,1686,1,5,3.9,2
0.7,0.26,0.75,0.74,3.2,2.1,3.6,3.43,6.1,5.0,4.01,4.13,4.65,1.01,6,4,3,2,60,39,0.0,0.16,0.4,0.6,4.56,3.51,1.66,4.89,1.84,3.09,2.73,4.09,1.07,1.07,4.61,4.79,1.91,4.79,1.5,1644,1821,1,5,2.29,2
0.59,0.91,2.79,1.04,1.03,3.29,4.31,2.26,3.7,4.7,4.82,2.56,3.7,1.91,4,3,5,0,48,55,0.52,0.28,0.36,0.64,2.43,4.13,1.53,4.12,2.73,2.34,1.92,1.87,4.56,2.77,1.37,4.3,1.07,1.02,4.9,2006,1722,0,2,2.31,2
0.32,0.1,0.35,0.8,2.13,1.13,0.26,3.6,3.7,6.6,2.75,1.99,3.33,4.56,5,6,1,3,36,67,0.61,0.95,0.89,0.11,3.51,1.62,1.98,4.43,4.9,3.67,2.52,1.11,3.1,4.58,2.55,1.31,2.06,1.39,3.54,1649,1871,1,3,0.09,0
0.36,0.07,2.72,2.0,2.02,1.86,1.63,3.54,4.2,2.8,1.06,4.52,4.55,4.13,4,4,1,4,40,60,0.59,0.14,0.08,0.92,3.39,1.24,2.02,1.01,1.72,2.12,1.24,3.05,4.51,1.04,4.46,2.97,2.86,3.26,1.63,1497,2027,1,2,2.73,0
0.56,0.71,0.84,2.02,2.8,2.06,3.92,2.39,2.0,5.3,2.92,1.42,2.28,3.77,7,5,1,0,64,36,0.36,0.76,0.79,0.21,2.88,3.0,4.24,4.39,4.38,2.33,4.35,3.6,4.62,3.39,4.98,1.37,2.0,3.55,3.49,2085,1401,1,4,1.8,0
0.97,0.68,2.66,1.45,0.94,3.31,1.25,0.57,1.6,7.0,4.54,4.69,3.67,3.82,2,6,3,4,63,35,0.36,0.38,0.98,0.02,2.85,1.97,2.55,2.99,3.45,2.74,4.68,4.89,2.36,2.08,2.0,1.04,1.36,3.19,4.01,2091,1683,1,3,4.75,2
0.08,0.49,2.64,2.79,0.41,0.52,2.0,1.56,1.6,1.1,2.54,3.28,2.09,2.69,6,6,0,4,36,61,0.32,0.14,0.12,0.88,3.52,2.53,2.08,4.66,1.41,4.6,3.11,3.12,4.6,2.65,3.5,2.89,1.63,3.86,4.42,1986,1412,1,3,1.31,2
0.25,0.59,2.49,3.05,0.5,0.83,2.86,2.1,1.1,3.6,3.64,4.52,4.13,3.28,5,4,3,0,58,39,0.75,0.55,0.66,0.34,4.4,3.27,3.95,2.91,3.82,3.75,1.8,4.53,3.36,1.41,4.91,1.67,4.03,3.47,3.61,2010,1539,1,5,1.29,0
0.9,0.66,2.93,3.27,2.14,0.23,3.47,2.03,6.4,1.9,4.38,2.89,3.21,1.6,7,7,4,0,39,64,0.1,0.25,0.26,0.74,3.28,2.45,1.55,2.25,1.21,3.93,4.15,3.64,4.08,2.78,2.53,2.98,3.98,3.23,2.27,2047,2041,1,3,4.53,2
0.74,0.31,1.09,2.24,3.19,0.35,1.34,1.04,7.7,7.5,3.68,2.32,4.26,4.58,6,5,0,4,58,42,0.26,0.51,0.36,0.64,3.11,4.81,1.23,3.43,1.15,2.44,1.67,1.81,4.45,2.63,1.03,3.6,4.68,3.44,4.45,2031,1897,1,2,2.18,2
0.01,0.22,2.34,1.34,3.47,1.07,1.38,0.94,1.5,4.7,4.74,3.75,2.05,3.89,4,4,1,6,49,53,0.59,0.29,0.2,0.8,4.36,1.77,3.24,4.85,1.33,4.62,2.96,4.41,2.25,2.62,4.46,1.88,3.42,3.51,4.69,1680,1673,1,2,2.37,1
0.87,0.25,1.77,1.64,0.45,0.72,4.09,3.41,6.4,3.6,4.36,2.66,2.12,3.47,7,7,1,2,57,41,0.64,0.31,0.0,1.0,2.8,3.48,3.75,4.33,4.56,1.65,4.79,3.59,2.8,3.81,1.68,3.46,4.66,1.66,2.73,1467,1805,0,3,2.61,2
0.12,0.66,1.07,2.36,2.02,0.98,0.52,0.59,1.7,5.8,4.17,3.07,4.59,3.07,5,3,3,6,61,40,0.65,0.25,0.09,0.91,3.94,3.26,2.35,2.08,4.93,4.57,4.13,2.28,4.4,3.43,2.41,4.29,1.42,4.41,4.01,1773,1799,1,5,1.53,0
0.77,0.8,3.59,1.24,3.49,2.69,3.98,4.37,4.4,7.4,4.62,2.4,4.57,2.91,2,4,6,2,56,45,0.37,0.54,0.64,0.36,5.66,2.63,2.94,1.57,2.09,3.14,4.02,3.83,1.63,4.48,1.86,2.13,3.74,1.62,1.75,2016,1423,0,1,1.02,2
0.39,0.35,2.07,1.95,1.55,2.7,0.58,0.56,3.7,2.1,1.09,3.53,1.45,3.29,3,2,4,4,45,58,0.03,0.12,0.48,0.52,3.62,4.46,2.75,2.66,3.46,3.89,3.94,4.25,4.76,3.24,2.75,4.11,2.33,4.06,3.03,1900,1594,1,4,1.35,0
0.46,0.59,3.43,2.72,1.59,2.09,3.76,1.35,3.6,3.5,2.34,2.64,4.38,4.75,6,2,2,2,63,34,0.83,0.27,0.14,0.86,4.01,3.55,1.06,3.25,4.35,3.66,4.58,2.95,3.91,3.51,2.38,2.25,2.91,3.75,3.33,1439,1929,0,1,2.5,2
0.1,0.35,1.55,2.38,2.47,0.31,4.45,2.43,5.6,6.6,1.09,3.39,3.26,2.01,5,3,3,3,35,62,0.39,0.47,0.54,0.46,4.73,2.08,4.25,4.74,4.66,3.13,2.54,4.75,4.68,3.04,3.42,4.77,2.13,4.64,1.18,1807,1836,1,5,3.5,0
0.82,0.62,2.35,1.37,3.43,1.7,3.52,0.44,1.6,2.4,1.2,2.26,3.05,2.64,6,5,1,3,59,41,0.74,0.62,0.36,0.64,2.53,1.58,1.01,2.07,1.26,1.71,2.39,3.72,3.31,2.17,3.89,3.97,3.97,4.79,2.58,2079,1950,0,1,2.67,1
0.74,0.42,2.76,1.23,1.12,2.55,4.12,2.2,6.0,2.0,4.36,3.51,2.21,1.58,4,5,4,5,62,40,0.44,0.5,0.79,0.21,4.15,4.59,4.43,3.32,2.23,3.58,3.45,1.63,2.75,4.1,4.31,2.39,4.11,4.59,3.64,1606,1923,0,5,0.21,2
0.82,0.86,2.49,1.13,2.11,0.33,3.78,1.64,5.6,5.7,3.8,4.01,2.48,4.46,3,5,3,1,48,49,0.99,0.08,0.77,0.23,3.29,3.08,1.36,2.26,3.67,3.86,4.8,3.59,2.09,3.71,4.13,4.42,3.75,3.93,1.55,1602,1994,0,1,2.96,0
0.38,0.16,3.36,0.86,2.83,0.83,3.67,3.95,1.3,5.2,3.1,1.91,2.98,3.3,6,2,6,5,59,42,0.61,0.53,0.38,0.62,5.74,3.97,1.66,3.89,4.17,1.1,3.1,2.75,2.4,2.43,3.76,3.8,3.27,2.88,4.76,1675,1876,0,2,1.4,2
0.48,0.17,0.79,1.73,2.89,3.01,3.25,0.35,5.1,4.2,2.76,2.85,1.31,3.83,4,7,2,5,50,50,0.57,0.51,0.28,0.72,5.16,2.92,1.85,3.38,4.2,4.62,4.24,4.13,1.82,4.17,2.5,2.17,2.27,2.98,3.68,1711,2098,0,5,0.28,0
0.43,0.38,1.35,0.74,0.96,2.04,4.23,1.07,2.8,6.2,2.19,3.29,4.74,1.93,3,5,0,2,63,38,0.25,0.3,0.11,0.89,3.08,2.72,1.84,1.6,2.43,1.91,4.06,1.11,4.98,1.7,2.98,2.34,1.6,3.93,2.54,1705,1981,0,1,0.64,2
0.77,0.4,3.7,0.79,0.24,2.79,2.01,2.98,4.8,2.1,3.03,3.45,1.47,1.26,6,3,1,2,56,45,0.67,0.47,0.72,0.28,2.46,2.03,4.24,2.14,2.38,2.69,2.65,1.07,4.16,4.2,4.55,3.62,1.78,1.19,2.28,1986,1715,0,3,4.6,2
0.39,0.68,3.64,2.8,0.56,0.57,1.91,3.45,4.6,5.5,3.27,3.23,1.97,1.31,3,4,2,1,56,42,0.98,0.86,0.13,0.87,3.6,2.09,4.02,2.27,3.92,3.42,3.03,1.1,3.17,1.32,1.68,3.1,2.39,4.26,1.96,1782,1672,1,3,2.08,0
0.97,0.01,2.76,0.38,0.96,2.89,3.9,2.82,6.1,3.5,1.97,2.02,2.03,4.4,4,3,6,2,37,63,0.56,0.39,0.87,0.13,4.76,3.35,2.43,3.75,3.47,4.45,2.39,4.8,4.49,3.79,1.34,1.53,1.49,4.01,4.82,1777,1408,0,2,3.53,2
0.7,0.55,2.58,2.46,2.61,3.03,4.01,4.35,3.3,7.6,2.59,1.04,1.31,1.95,7,4,6,6,39,58,0.38,0.62,0.22,0.78,5.34,3.59,1.08,1.02,3.48,2.38,2.64,1.74,3.65,2.94,1.12,4.99,4.78,4.56,2.05,1838,1516,0,2,2.05,2
0.23,0.98,0.72,0.35,3.23,1.99,0.8,4.14,6.4,6.8,4.21,1.74,2.65,4.15,2,4,3,3,58,40,0.93,0.74,0.5,0.5,3.12,4.37,2.32,3.33,1.73,1.65,4.53,1.67,3.19,2.94,1.2,4.31,2.36,1.58,1.15,1691,1428,0,2,3.75,2
0.63,0.96,0.25,0.37,2.98,3.43,3.93,1.81,6.4,4.6,3.33,2.46,3.04,1.78,5,2,6,0,37,62,0.01,0.28,0.3,0.7,3.84,2.17,4.29,4.22,1.13,4.98,4.01,4.48,1.69,3.73,1.64,1.18,2.52,2.86,1.64,1514,1751,0,4,4.52,2
0.51,0.94,0.25,3.26,3.31,0.93,3.77,2.04,1.2,7.0,1.52,4.88,3.77,1.72,3,6,1,5,52,45,0.74,0.11,0.19,0.81,3.33,3.61,3.6,3.55,4.53,2.08,2.72,2.63,2.54,3.4,2.18,1.69,4.65,2.33,3.75,1535,1703,0,2,4.54,0
0.08,0.64,0.57,0.97,0.42,0.62,3.69,1.61,1.3,5.9,2.03,4.61,4.57,2.95,2,3,0,1,45,57,0.51,0.78,0.28,0.72,3.05,3.46,1.62,1.63,4.0,3.51,2.73,3.98,1.51,2.67,1.28,4.89,1.91,2.84,4.85,1593,1913,1,4,2.22,0
0.29,0.88,1.68,0.9,2.87,2.13,0.31,0.39,4.4,7.4,4.07,3.67,4.37,1.59,5,5,1,5,54,47,0.8,0.8,0.84,0.16,2.71,1.51,1.6,4.75,2.86,2.07,2.2,4.67,1.59,2.29,4.7,3.03,3.91,3.17,3.18,1975,2042,1,4,2.93,2
0.31,0.97,0.81,2.85,3.14,0.9,3.1,2.95,7.1,6.7,1.08,3.39,3.21,5.0,7,5,1,5,38,62,0.51,0.56,0.79,0.21,4.05,1.93,2.0,1.8,4.0,1.57,5.0,4.39,1.11,3.87,3.34,2.91,2.45,3.95,1.51,2043,1841,0,5,2.65,0
0.01,0.22,3.25,3.79,0.56,0.22,4.49,3.12,6.9,1.1,2.45,4.6,2.4,4.95,3,2,1,0,42,58,0.89,0.65,0.42,0.58,3.13,1.95,2.62,1.86,4.65,4.5,2.51,1.35,2.97,3.25,3.3,1.84,3.35,4.39,4.49,1742,1736,1,1,1.23,0
0.68,0.16,1.61,2.06,1.95,1.92,3.29,1.19,5.5,6.1,4.26,4.51,1.68,4.06,7,6,3,0,56,45,0.19,0.99,0.09,0.91,2.54,4.57,4.56,4.47,1.96,4.16,1.18,3.28,4.78,3.08,4.2,2.96,4.61,3.01,3.52,1460,1786,0,1,1.76,1
0.71,0.31,1.51,2.66,1.24,1.06,3.15,2.45,1.1,6.6,3.28,2.15,3.48,2.37,2,3,0,3,46,53,0.81,0.32,0.87,0.13,3.62,2.22,5.0,3.38,4.17,3.81,1.13,3.05,1.16,4.13,1.93,2.44,3.3,1.46,1.6,1912,1561,1,1,3.4,0
0.05,0.99,1.58,1.88,1.58,0.41,4.46,0.31,4.4,4.5,2.09,1.29,1.11,3.92,3,3,3,5,51,48,0.87,0.97,0.92,0.08,4.63,4.6,4.4,3.04,4.52,4.69,1.24,3.53,2.57,4.13,3.83,2.17,1.9,2.63,1.58,1856,1607,0,3,1.1,0
0.61,0.58,1.36,2.7,2.01,2.95,3.09,1.45,1.2,3.8,4.53,3.69,4.13,3.87,4,4,5,4,37,62,0.56,0.13,0.24,0.76,4.09,1.51,1.63,3.02,1.96,3.44,4.16,1.62,1.43,4.53,3.2,3.43,2.25,2.43,3.59,1791,1496,0,3,2.66,2
0.7,0.82,3.15,0.49,0.21,1.57,3.78,0.82,7.4,3.6,4.65,3.52,1.65,2.49,6,6,1,4,54,46,0.21,0.82,0.44,0.56,4.67,4.37,4.77,3.58,1.27,4.28,2.99,1.75,4.48,1.81,3.78,3.26,1.09,1.58,4.43,1747,1587,0,1,0.98,2
0.51,0.77,3.05,0.98,1.56,0.82,2.99,1.39,3.4,2.6,2.86,3.31,4.03,1.22,2,4,6,5,53,46,0.88,0.2,0.44,0.56,4.48,3.73,3.66,3.81,1.42,3.93,1.67,2.51,3.42,2.82,3.25,1.87,3.47,1.83,3.1,1470,1409,1,3,1.13,2
0.24,0.44,3.23,2.4,0.97,0.93,3.99,0.34,6.0,6.4,4.03,4.4,3.5,1.44,5,2,5,1,52,45,0.7,0.89,0.66,0.34,5.81,1.84,3.49,2.56,1.28,4.45,4.45,4.93,4.73,1.84,4.43,1.6,2.33,4.5,4.61,1637,1556,0,1,4.62,2
0.41,0.51,1.03,3.73,0.33,0.91,0.94,2.8,4.3,3.0,3.77,1.05,1.24,4.95,5,4,6,5,57,46,0.04,0.36,0.27,0.73,2.92,4.54,4.65,2.46,4.37,3.2,1.67,2.56,4.01,1.93,3.56,3.36,1.9,3.03,1.56,1805,2062,0,2,2.17,0
0.24,0.38,1.77,1.73,1.5,2.84,0.46,1.11,5.1,2.0,2.48,3.17,1.82,4.56,6,3,3,6,46,51,0.4,0.01,0.68,0.32,5.24,2.98,2.99,4.3,1.1,3.13,1.14,3.95,1.26,1.25,1.56,2.99,2.35,4.58,1.1,1410,2079,1,2,4.98,2
0.78,0.34,3.67,1.17,3.47,2.51,1.23,2.99,5.0,1.0,3.63,1.84,3.27,1.88,2,4,0,3,50,52,0.16,0.56,0.7,0.3,3.45,1.18,1.09,2.12,4.77,4.32,2.38,4.11,4.84,1.9,2.91,2.45,1.73,4.86,3.93,1406,1757,0,4,4.07,2
0.26,0.72,3.71,2.69,3.3,2.83,4.07,2.46,2.7,7.9,4.07,2.08,4.75,3.61,5,4,1,1,44,58,0.08,0.39,0.5,0.5,3.07,1.44,4.36,2.9,2.74,3.3,1.51,4.72,2.99,1.23,1.98,3.28,4.81,3.16,3.59,1989,1937,1,5,2.75,1
0.45,0.09,3.73,3.64,3.39,1.93,3.1,1.34,4.5,1.0,2.85,1.54,1.25,2.42,3,4,1,6,45,52,0.44,0.72,0.3,0.7,4.17,3.2,3.16,2.87,3.47,4.58,1.09,4.3,3.83,3.83,3.86,3.28,4.67,1.06,3.66,1766,1870,1,2,2.07,0
0.47,0.75,0.81,1.5,2.57,2.54,0.53,2.66,5.6,4.6,1.96,3.84,4.35,3.36,7,7,6,0,40,59,0.87,0.75,0.4,0.6,5.67,2.24,2.45,1.33,4.02,2.76,1.99,2.26,4.28,2.38,2.04,1.36,2.94,2.86,4.09,1525,1408,0,2,3.32,0
0.51,0.74,3.44,2.36,0.29,0.3,2.84,0.99,2.0,1.8,4.93,2.29,4.05,3.09,5,2,4,2,45,54,0.58,0.99,0.58,0.42,4.04,4.94,2.39,3.92,2.42,3.24,4.18,2.55,1.02,4.35,1.25,3.96,3.55,4.3,3.74,2099,1586,0,2,4.28,2
0.52,0.87,1.26,1.49,2.82,0.65,0.49,1.53,5.6,6.6,2.32,4.2,2.94,4.41,4,5,5,3,50,49,0.88,0.36,0.8,0.2,2.81,4.34,3.88,4.21,3.45,2.73,2.9,4.76,3.34,3.53,2.17,4.24,1.27,4.81,2.96,1727,1964,0,3,0.43,0
0.35,0.29,2.26,2.94,0.5,2.2,2.29,2.45,6.7,3.5,2.16,4.08,4.93,3.01,3,3,4,3,56,44,0.9,0.34,0.84,0.16,5.27,1.82,3.98,3.56,4.84,2.64,2.71,1.92,4.61,4.24,1.61,2.23,1.14,2.64,2.12,2053,2100,1,3,0.67,0
0.25,0.01,2.33,2.75,3.37,3.4,0.37,2.99,5.7,4.1,4.96,4.46,4.64,1.58,2,5,3,4,57,44,0.6,0.98,0.56,0.44,3.48,3.33,1.54,2.05,3.16,1.7,4.76,2.28,3.01,2.04,3.09,1.24,1.53,3.63,1.05,1925,1753,1,4,3.77,2
0.52,0.74,1.83,1.41,2.39,3.29,1.15,3.9,7.5,2.6,2.89,2.98,3.18,1.35,4,7,1,5,53,44,0.14,0.02,0.95,0.05,5.31,2.04,2.39,1.0,1.01,2.36,1.6,3.93,1.55,4.21,4.03,2.78,1.27,2.64,3.02,2014,2061,1,4,1.84,2
0.36,0.57,2.8,2.53,1.16,0.76,1.57,2.4,7.5,5.5,3.25,4.87,4.35,3.19,3,4,2,0,38,59,0.5,0.98,0.02,0.98,4.94,2.73,3.95,4.18,1.5,2.91,4.99,2.55,1.08,4.04,2.66,1.02,1.78,3.93,2.8,1604,1536,1,1,0.6,1
0.14,0.48,1.8,0.52,0.63,0.24,1.05,2.77,6.2,6.1,3.66,3.67,4.81,3.8,7,3,1,2,46,52,0.43,0.43,0.53,0.47,2.74,3.51,1.31,3.02,1.24,3.17,3.53,4.69,3.68,1.79,1.81,4.14,3.58,4.03,4.5,1551,1868,1,2,3.23,2
0.67,0.56,1.89,0.88,1.06,0.24,1.16,3.48,3.0,3.8,2.06,3.75,1.85,1.97,2,4,0,0,56,46,0.62,0.72,0.02,0.98,3.77,3.35,4.93,3.23,4.58,1.32,2.63,3.98,4.62,4.66,2.65,1.71,3.33,2.36,3.81,1404,1541,1,5,3.14,0
0.66,0.17,3.2,0.99,1.35,2.2,3.67,4.31,4.4,2.9,2.78,2.54,1.76,1.16,7,2,2,1,49,48,0.62,0.93,0.66,0.34,2.74,3.93,4.36,2.85,2.08,3.91,4.19,1.67,2.99,3.82,1.16,2.08,2.94,3.29,2.3,1894,2073,0,5,1.3,2
0.28,0.32,1.1,3.37,2.91,3.04,4.32,0.95,6.3,6.3,1.85,2.31,3.46,3.34,2,5,3,0,51,47,0.51,0.97,0.54,0.46,4.84,4.89,4.68,3.56,3.36,2.01,4.57,4.07,3.95,4.63,2.99,4.08,1.8,4.07,4.44,2068,1972,1,4,4.02,0
0.97,0.28,0.59,2.61,0.2,2.13,1.36,0.28,4.9,5.0,1.14,4.72,1.17,3.28,4,6,0,4,52,45,0.79,0.41,0.05,0.95,4.35,1.01,2.43,4.92,3.59,1.57,1.83,1.72,4.08,1.47,4.2,3.33,2.45,1.25,1.96,2009,1669,0,3,4.5,0
0.33,0.35,1.61,2.27,0.71,3.0,0.39,3.34,2.4,3.9,4.69,3.43,3.54,3.82,3,5,4,3,63,39,0.92,0.89,0.33,0.67,4.73,4.91,3.74,2.5,1.33,3.05,3.9,2.3,1.56,2.12,1.15,2.35,4.13,4.37,1.38,1928,1809,1,2,3.52,2
0.73,0.41,3.49,2.69,3.09,3.36,3.73,3.08,2.6,2.4,3.72,3.14,2.6,1.83,3,2,3,3,52,51,0.8,0.28,0.68,0.32,3.5,3.51,1.79,3.35,3.34,1.19,4.76,2.35,3.17,4.81,2.76,2.43,3.25,1.28,2.02,2012,1714,1,4,1.47,2
0.02,0.97,1.95,1.42,2.82,1.95,1.17,1.44,2.4,6.3,4.89,2.38,1.08,4.95,7,6,5,2,62,35,0.41,0.68,0.41,0.59,4.41,3.65,2.48,4.4,3.46,2.3,4.56,3.95,3.53,3.0,4.53,2.09,3.87,4.73,4.83,1706,1798,1,2,2.87,1
0.35,0.38,1.74,2.11,0.61,1.88,4.06,1.28,3.1,7.8,3.54,2.36,2.1,1.79,5,4,1,0,50,53,0.06,0.62,0.94,0.06,3.99,3.93,1.93,1.84,2.65,1.53,1.13,2.36,3.09,4.27,3.3,3.39,3.86,3.82,1.15,2049,1561,0,4,1.15,2
0.53,0.32,0.92,1.3,0.21,1.77,0.68,2.92,6.6,4.1,4.2,1.61,2.94,1.42,3,6,0,3,63,36,0.12,0.16,0.85,0.15,4.75,3.68,3.75,2.41,3.69,4.48,4.4,1.86,4.84,3.81,4.64,2.25,2.14,1.59,1.2,1471,1482,0,1,3.69,2
0.24,0.13,0.69,2.33,1.74,1.84,0.38,3.6,7.6,1.8,3.78,3.3,4.39,2.85,5,2,0,4,42,58,0.09,0.09,0.77,0.23,2.71,3.98,2.38,3.11,4.32,3.41,2.47,4.45,3.23,1.06,3.26,1.74,3.48,2.27,4.04,1423,2036,0,5,2.52,1
0.33,0.72,0.46,0.71,2.02,1.52,3.17,1.17,7.9,6.5,3.38,4.48,3.01,1.4,4,6,5,1,60,40,0.51,0.18,0.66,0.34,2.97,2.55,2.2,3.05,2.71,4.62,2.66,3.2,3.29,1.31,2.9,1.49,2.25,2.98,1.82,1864,1507,0,2,1.2,1
0.66,0.2,2.04,3.32,1.78,2.28,3.6,1.4,2.2,4.9,2.98,1.2,4.86,1.92,4,6,1,0,55,47,0.86,0.1,0.99,0.01,2.87,4.7,3.53,1.26,4.57,3.55,4.09,4.58,3.66,3.44,3.08,1.36,4.76,2.35,4.97,1515,1502,1,3,3.0,2
0.27,0.08,2.84,1.99,0.32,3.32,1.55,1.03,6.3,1.8,2.86,3.95,1.96,4.84,4,2,3,1,55,45,0.3,0.77,0.81,0.19,2.79,1.15,3.48,4.85,4.75,1.87,4.35,2.07,2.47,1.15,3.89,4.59,1.2,2.62,4.1,1570,1755,0,2,2.46,0
0.77,0.59,1.93,3.2,1.52,2.09,3.47,4.14,5.8,4.1,3.67,4.41,4.71,3.82,4,6,0,2,63,37,0.14,0.9,0.31,0.69,4.43,4.94,2.81,4.99,2.27,2.14,2.3,1.38,2.95,3.19,2.3,1.84,3.28,2.0,2.26,2089,1458,0,4,4.94,2
0.9,0.02,1.6,2.81,1.45,2.69,2.35,0.57,3.8,5.5,3.69,3.6,4.17,4.15,2,6,3,1,35,63,0.05,0.14,0.37,0.63,3.97,2.48,3.88,1.52,1.47,1.8,3.53,2.68,3.31,2.57,4.91,2.39,1.53,4.29,3.49,2075,1995,0,3,1.57,1
0.83,0.4,1.11,3.56,2.99,2.24,3.65,3.72,6.3,4.5,2.75,4.92,4.37,4.7,6,3,6,5,62,38,0.24,0.0,0.81,0.19,5.15,1.49,1.26,3.55,3.8,3.18,1.71,4.94,4.15,1.45,3.33,2.69,4.8,3.41,4.55,2036,1556,1,4,3.1,0
0.27,0.73,0.51,1.25,0.58,1.62,4.36,4.34,6.9,7.8,4.97,1.83,2.75,4.95,7,7,1,5,63,34,0.57,0.41,0.06,0.94,5.71,4.03,1.05,4.49,4.03,3.47,1.34,2.79,1.08,3.98,2.6,2.37,4.29,4.09,4.6,2016,1795,0,1,3.43,2
0.66,0.89,1.9,1.01,2.45,0.26,4.17,2.54,5.0,6.5,2.88,1.59,1.73,1.72,6,5,3,3,59,38,0.18,0.85,0.22,0.78,3.69,2.56,3.97,1.19,1.69,2.02,4.85,3.55,2.99,1.24,2.74,2.43,3.96,1.44,3.39,1630,1581,1,4,4.52,0
0.13,0.52,2.1,2.53,1.3,2.95,2.06,1.26,1.4,4.7,3.71,1.02,4.79,2.35,2,5,4,5,49,53,0.24,0.31,0.18,0.82,2.6,1.95,1.45,4.76,2.11,2.1,4.41,1.1,1.73,4.02,2.7,4.25,1.71,3.97,4.89,1518,1891,1,1,4.26,2
0.8,0.94,3.79,1.39,1.64,1.65,3.73,1.16,1.9,3.5,2.92,4.87,4.55,2.13,6,3,0,1,61,37,0.66,0.33,0.69,0.31,5.21,1.41,2.0,2.01,4.39,1.55,2.51,1.67,1.25,2.92,4.31,3.2,2.59,3.4,3.53,1839,1432,1,4,4.12,1
0.54,0.05,0.67,1.24,2.13,1.75,0.21,2.62,4.0,3.3,4.39,4.7,4.02,1.2,3,2,5,2,51,50,0.2,0.1,0.22,0.78,2.46,1.82,3.95,1.9,2.12,4.78,3.13,3.96,1.84,1.57,4.91,4.44,2.46,2.6,3.05,1698,1521,1,1,4.3,1
0.92,0.29,0.57,1.67,1.93,0.5,3.14,0.51,2.2,4.1,3.05,2.48,3.93,2.53,3,4,5,3,54,49,0.45,0.28,0.76,0.24,5.99,2.34,3.16,3.42,4.16,4.5,2.11,2.37,4.71,1.84,2.98,2.99,3.82,1.31,2.27,2013,2082,1,4,0.82,0
0.62,0.4,2.88,1.43,1.87,3.49,2.88,3.66,2.8,3.0,2.61,1.71,4.29,4.72,6,2,1,5,35,68,0.97,0.64,0.66,0.34,4.2,2.73,2.24,4.55,3.39,3.39,2.91,3.36,1.5,4.74,2.59,4.6,4.11,3.63,4.86,1970,1639,1,4,2.89,2
0.37,0.71,1.17,3.41,1.98,3.16,3.36,2.59,3.1,5.0,3.45,2.58,2.45,1.98,7,6,3,2,48,54,0.76,0.29,0.51,0.49,3.89,1.47,1.44,1.32,1.26,4.64,1.14,1.5,2.93,2.83,3.86,4.04,3.03,1.45,4.57,1693,1955,1,2,0.3,1
0.82,0.06,3.36,3.24,2.71,3.26,4.09,4.23,8.0,2.7,4.96,2.73,3.57,2.49,7,2,6,6,49,53,0.13,0.31,0.0,1.0,2.99,2.51,1.63,4.04,2.04,4.27,3.6,2.24,4.57,4.7,1.37,1.27,4.05,3.26,2.38,1718,2065,0,3,0.62,2
0.98,0.62,0.26,0.7,2.48,2.98,0.77,0.47,1.1,6.4,2.78,3.26,1.02,4.59,2,6,0,4,62,35,0.25,0.55,0.2,0.8,4.14,3.45,1.24,2.63,2.99,4.61,1.35,2.47,4.06,3.46,4.68,3.51,4.48,4.29,1.81,1954,1884,1,4,1.91,0
0.58,1.0,0.82,3.12,2.01,1.07,1.71,4.47,7.4,3.0,4.86,4.7,4.18,3.13,3,2,0,6,42,60,0.37,0.62,0.6,0.4,5.65,2.28,1.14,1.89,3.69,1.27,4.49,3.35,2.25,3.29,1.38,1.75,2.4,4.48,3.08,1496,1708,0,4,2.0,0
0.52,0.44,0.86,0.73,1.74,3.33,3.53,2.5,2.5,2.4,1.26,2.78,4.99,3.65,7,6,0,1,49,51,0.91,0.91,0.81,0.19,4.27,3.14,3.83,3.7,2.38,4.29,4.17,1.29,3.8,1.65,3.32,4.65,3.91,4.97,3.72,1470,1594,1,4,4.88,2
0.95,0.45,0.38,1.22,2.5,3.15,3.03,4.28,5.4,1.8,4.77,3.03,2.19,2.35,4,5,0,4,46,51,0.0,0.12,0.9,0.1,4.02,4.34,3.5,4.96,3.79,2.17,3.78,2.25,2.73,1.88,2.05,4.96,3.46,2.25,4.44,1809,1942,0,3,2.35,2
0.84,0.26,0.25,1.63,1.72,2.22,1.84,1.57,2.2,6.0,2.42,2.14,3.38,3.56,7,4,5,0,51,51,0.46,0.74,0.72,0.28,2.28,1.59,3.04,4.06,4.95,3.37,3.29,2.99,2.58,1.82,2.26,2.8,4.58,4.28,3.69,1517,1920,1,2,3.27,0
0.13,0.12,2.43,1.9,0.69,1.49,2.47,0.23,2.0,4.6,1.4,2.85,1.11,1.07,5,6,5,3,38,64,0.24,0.75,0.97,0.03,4.24,3.46,3.53,3.41,1.91,2.5,4.1,4.83,4.98,4.88,3.95,4.22,2.42,2.98,4.3,1509,1664,0,3,1.54,1
0.34,0.4,3.31,0.75,0.85,2.5,1.27,3.62,3.3,5.5,3.41,3.19,1.78,4.77,4,5,0,0,58,40,0.75,0.65,0.23,0.77,3.18,2.15,4.8,2.53,1.47,4.33,4.29,1.94,4.79,2.72,4.11,2.37,2.23,1.66,3.16,1849,1712,0,2,2.42,1
0.9,0.14,0.56,2.7,2.01,2.38,0.27,4.38,6.9,6.6,1.68,4.05,4.41,3.63,4,5,3,6,60,39,0.86,0.71,0.57,0.43,3.43,2.14,2.98,2.17,4.34,1.38,1.95,2.5,1.92,3.39,1.22,1.1,2.72,1.33,1.27,1653,1813,1,5,1.71,0
0.81,0.39,3.59,2.68,2.0,0.81,0.84,1.98,5.1,1.8,1.69,2.52,1.81,4.8,2,3,0,3,53,48,0.51,0.28,0.05,0.95,5.72,2.4,4.0,2.84,3.89,1.54,4.95,2.18,4.28,3.6,4.94,3.55,4.49,3.28,1.53,1755,2050,0,5,3.32,0
0.17,0.42,1.72,3.26,0.21,1.91,0.97,4.2,1.3,1.6,4.59,2.72,1.51,4.26,3,4,6,5,49,53,0.15,0.52,0.55,0.45,2.52,2.81,1.77,3.94,2.68,3.02,2.02,1.35,3.08,4.72,3.96,1.53,3.7,3.66,4.43,1588,1723,0,5,0.17,1
0.64,0.79,2.95,2.83,0.91,1.34,3.05,4.42,3.7,2.1,2.66,4.56,2.77,3.26,5,5,6,6,62,35,0.35,0.91,0.47,0.53,5.82,4.03,1.32,4.17,1.34,3.54,3.02,4.54,3.72,2.88,3.05,3.38,4.23,1.6,2.49,1628,1563,1,4,2.63,2
0.04,0.48,0.89,1.8,2.34,1.75,1.5,0.78,4.0,6.8,4.64,3.72,3.08,2.84,6,7,4,2,56,47,0.89,0.46,0.44,0.56,2.73,4.71,1.91,1.31,4.33,3.33,3.33,1.61,2.18,3.35,1.5,4.12,2.35,4.55,2.63,1460,1591,1,5,1.41,1
0.09,0.05,1.48,1.64,2.19,2.42,4.31,0.3,7.3,4.8,2.43,1.74,3.49,3.83,5,6,6,5,62,35,0.68,0.13,0.73,0.27,2.68,4.24,3.18,1.5,2.92,4.9,1.28,4.78,4.21,3.74,4.85,4.53,2.2,4.09,3.93,1808,1573,0,1,0.99,1
0.31,0.6,2.95,3.29,0.68,0.71,3.65,0.29,1.5,2.0,2.3,3.29,1.09,2.85,4,4,6,5,46,52,0.27,0.72,0.55,0.45,4.26,1.81,4.43,2.45,4.57,3.2,2.95,1.02,3.81,4.46,4.93,3.06,4.55,3.25,4.18,1876,1615,0,1,4.37,0
0.79,0.52,1.03,3.6,3.09,2.56,4.16,2.58,5.3,6.2,4.84,4.18,2.65,3.79,4,3,4,3,36,64,0.19,0.98,0.35,0.65,3.65,4.47,2.77,4.61,1.18,4.08,1.47,2.39,3.79,2.89,4.19,3.11,1.77,3.49,4.74,1525,1503,1,3,4.13,2
0.43,0.28,2.4,3.2,2.59,1.89,2.21,1.77,6.7,3.6,2.83,4.77,1.53,2.03,4,3,0,2,59,44,0.0,0.31,0.92,0.08,4.16,4.88,1.54,2.1,1.16,4.05,1.67,3.14,3.99,4.43,1.74,2.62,1.33,1.38,1.79,1906,1880,0,1,2.55,1
0.47,0.15,2.95,2.17,0.31,0.45,0.3,1.7,7.8,1.9,2.09,3.72,2.56,1.36,2,6,2,5,46,51,0.76,0.34,0.83,0.17,5.92,2.07,1.17,1.69,3.31,3.85,3.89,3.82,2.5,1.87,1.05,4.2,4.64,2.55,3.19,1918,1968,0,5,4.56,1
0.86,0.23,0.84,1.42,2.3,0.25,3.24,1.79,1.6,1.5,2.36,2.75,4.87,3.32,4,4,0,6,53,47,0.2,0.19,0.78,0.22,4.55,1.79,2.84,4.91,4.69,4.19,4.58,2.77,2.5,4.6,4.59,3.25,4.89,3.71,1.13,1763,1466,1,5,4.46,0
0.48,0.42,0.9,1.54,2.6,1.85,2.35,3.82,7.6,5.8,4.46,1.66,3.47,2.97,2,3,4,3,36,62,0.18,0.77,0.19,0.81,4.25,2.35,3.47,1.12,3.43,4.48,3.33,2.35,3.52,4.59,4.82,1.91,4.59,3.66,3.99,1649,2099,1,4,0.45,0
0.77,0.56,0.93,2.66,2.01,0.67,3.92,1.39,5.8,6.1,2.11,4.48,3.88,4.01,3,5,1,1,50,48,0.04,0.79,0.0,1.0,3.22,1.96,2.85,2.81,2.59,2.36,4.8,1.39,4.18,3.77,4.86,3.81,4.27,3.71,1.8,1494,1529,1,2,2.33,0
0.82,0.43,1.87,2.04,2.66,1.06,1.0,1.79,3.5,6.4,1.96,4.07,3.63,1.15,6,5,6,2,38,65,0.19,0.09,0.11,0.89,3.23,4.22,3.04,4.13,3.41,4.75,3.86,1.97,3.71,4.25,2.68,4.13,1.4,1.36,3.55,1957,1418,1,1,4.53,1
0.26,0.14,0.36,0.45,1.9,3.14,1.86,4.43,5.3,1.0,3.08,1.09,4.02,1.25,3,6,3,6,58,45,0.16,0.82,0.76,0.24,2.42,3.88,4.54,3.39,1.74,2.47,1.6,3.26,4.25,1.71,1.84,1.88,2.67,3.23,3.27,2078,1947,0,1,4.29,2
0.61,0.8,0.5,0.93,2.68,0.76,1.19,1.66,2.0,3.2,4.96,4.13,2.25,3.73,4,5,1,3,64,37,0.14,0.41,0.5,0.5,4.22,1.71,3.22,4.17,2.12,3.57,2.57,3.31,1.12,3.37,4.65,1.97,3.75,1.88,3.36,1976,1403,0,5,3.27,0
0.42,0.69,3.13,0.93,2.89,3.39,4.27,2.96,1.9,6.6,1.3,2.07,3.32,2.6,3,3,2,2,39,61,0.33,0.66,0.61,0.39,3.54,1.51,3.28,2.76,3.19,1.17,4.59,1.22,3.83,1.27,4.99,2.84,3.46,1.42,2.58,1765,1687,0,3,2.61,1
0.16,0.39,1.49,1.33,1.86,2.9,2.53,3.98,4.2,4.5,2.78,4.79,1.08,1.87,5,5,1,2,41,60,0.38,0.95,0.1,0.9,2.65,4.96,2.15,4.27,4.46,2.95,4.29,4.35,4.53,3.76,3.31,1.41,1.31,1.11,2.12,1631,2052,0,4,1.38,1
0.46,0.06,2.93,1.75,2.77,1.73,3.94,3.54,4.1,4.6,2.91,1.82,4.35,2.96,3,4,0,0,38,65,0.47,0.78,0.64,0.36,2.56,2.11,2.24,1.81,3.93,1.9,3.05,4.54,2.41,1.28,4.57,4.97,3.01,3.21,3.35,2019,1729,0,4,2.91,1
0.04,0.13,3.61,1.12,0.8,2.77,0.52,2.29,3.6,3.9,3.85,3.25,2.95,2.84,3,2,3,1,37,66,0.32,0.54,0.02,0.98,3.47,1.42,3.52,4.32,1.61,4.66,3.89,1.75,4.05,1.46,4.68,2.52,1.89,3.04,2.21,1698,1537,1,5,1.32,2
0.14,0.08,3.42,3.04,2.72,0.45,1.39,2.96,4.8,4.5,3.34,3.35,3.85,2.08,2,6,1,6,56,41,0.99,0.74,0.97,0.03,4.63,1.07,1.38,2.3,3.57,4.8,3.71,4.61,3.61,1.4,3.62,2.05,4.24,3.16,1.68,1906,1473,1,2,2.42,0
0.86,0.55,3.39,3.45,1.31,0.67,4.11,4.0,2.7,6.9,4.3,1.33,4.14,2.36,3,6,2,4,43,55,0.54,0.82,0.7,0.3,4.02,3.63,3.08,3.96,3.73,4.24,4.99,4.71,1.53,1.81,4.25,3.71,1.06,2.19,4.02,1719,1877,1,3,1.41,2
0.26,0.6,0.94,1.01,1.8,0.81,4.49,2.0,7.4,4.8,2.25,1.12,1.41,1.63,6,4,1,5,44,56,0.18,0.63,0.36,0.64,4.78,1.17,4.17,4.67,4.12,4.82,1.72,4.39,3.41,1.21,4.46,1.46,1.87,1.81,3.11,1828,1672,1,1,4.49,0
0.96,0.88,2.5,2.43,2.08,2.23,3.13,2.53,6.3,2.6,4.52,3.26,2.14,1.3,3,5,5,5,37,66,0.72,0.24,0.41,0.59,5.04,1.21,3.37,3.42,1.78,3.79,4.22,3.27,3.84,2.2,1.01,2.22,2.57,1.45,2.72,2021,2058,0,3,0.76,2
0.86,0.18,2.61,2.21,3.02,1.31,1.75,2.75,7.2,5.2,2.08,1.25,1.14,2.56,6,3,3,6,43,57,0.61,0.96,0.51,0.49,3.21,3.11,1.11,1.22,4.22,2.74,1.64,1.55,3.01,4.59,4.43,2.54,2.79,2.23,3.32,1977,1619,1,3,3.19,0
0.33,0.32,0.38,1.27,1.66,1.94,1.1,1.86,6.3,2.0,1.69,2.73,2.49,3.34,6,6,0,5,38,63,0.35,0.2,0.05,0.95,5.2,2.64,2.94,1.88,3.17,3.9,3.48,2.84,2.73,3.49,4.53,4.26,1.46,3.04,2.86,2005,2019,1,3,1.19,0
0.56,0.96,3.13,2.52,0.48,3.27,0.63,0.88,5.9,5.6,1.59,4.93,1.58,2.12,5,7,4,5,49,51,0.08,0.42,0.1,0.9,5.83,4.93,1.29,3.31,2.73,4.55,1.37,3.77,4.88,2.37,4.79,1.31,3.74,4.65,1.64,1732,1618,1,1,2.62,2
0.34,0.16,0.27,1.05,2.96,2.09,3.65,4.48,4.0,4.6,2.94,2.3,1.06,4.25,3,6,1,1,58,41,0.91,0.03,0.76,0.24,2.06,4.9,1.49,3.96,1.94,2.16,2.16,2.0,3.11,3.63,2.1,4.08,3.55,3.65,3.78,2024,1888,1,4,2.99,2
0.28,0.7,1.98,1.56,1.52,3.2,2.81,0.7,6.1,5.0,4.29,4.47,4.2,2.58,2,3,2,3,39,60,0.67,0.22,0.15,0.85,2.27,1.11,1.08,4.98,2.81,3.68,3.62,1.82,1.49,2.42,1.02,3.12,4.92,3.35,2.89,1603,1886,1,3,3.48,2
0.87,0.39,3.34,0.64,3.11,2.24,3.45,3.81,6.9,7.4,1.25,1.54,1.89,1.15,7,4,0,6,49,48,0.18,0.6,0.76,0.24,5.06,2.88,3.01,2.38,1.4,2.02,4.3,1.64,1.67,4.33,1.85,1.5,4.53,3.47,3.4,2051,1471,1,2,0.93,2
0.66,0.97,2.84,0.36,0.28,3.01,0.57,3.16,2.0,2.7,4.45,3.75,4.96,3.54,3,4,2,5,45,54,0.28,0.83,0.36,0.64,3.86,2.0,1.23,1.76,2.5,1.17,3.05,1.74,4.21,3.61,1.05,4.61,3.87,1.44,3.86,1706,1797,0,5,4.57,2
0.95,0.59,3.5,2.2,0.71,2.9,1.22,1.3,7.1,1.2,2.67,2.58,2.13,4.17,3,5,1,2,64,37,0.02,0.93,0.27,0.73,2.71,4.1,3.11,4.41,3.25,4.35,3.44,2.27,1.27,2.18,2.54,4.89,4.15,4.16,3.83,1576,1608,0,2,1.73,2
0.38,0.8,0.86,3.46,1.51,1.91,0.56,0.42,1.5,2.5,3.93,3.75,3.77,1.17,5,6,5,4,58,40,0.45,0.3,0.72,0.28,4.72,4.85,3.98,4.39,4.56,1.31,2.04,1.83,1.59,3.55,1.08,1.76,2.64,3.75,1.93,1785,1708,0,1,2.86,2
0.23,0.54,3.26,2.95,3.16,2.91,0.51,1.67,7.0,1.8,4.41,4.43,3.66,1.62,5,6,2,6,35,64,0.83,1.0,0.85,0.15,3.77,2.71,2.76,3.07,2.96,3.73,2.03,1.26,1.57,4.13,4.16,2.12,2.83,2.85,4.45,1852,1460,0,3,0.77,2
0.21,0.38,1.28,0.39,1.2,3.25,2.12,0.74,6.6,3.1,3.46,1.97,1.83,4.64,4,6,1,5,41,57,0.28,0.76,0.59,0.41,3.98,1.64,4.66,4.5,1.72,3.45,4.34,3.46,3.05,3.57,3.38,3.6,2.41,1.64,2.56,2018,2067,0,3,1.59,1
0.1,0.7,2.14,0.25,3.31,2.66,0.21,1.23,6.0,2.9,3.43,2.14,1.66,3.5,5,4,3,4,56,47,0.51,0.82,0.97,0.03,2.01,4.86,1.65,2.82,1.22,2.56,3.52,1.23,4.6,4.3,3.2,4.43,1.54,4.04,3.19,1992,1830,0,5,4.59,2
0.01,0.88,0.71,1.43,2.16,1.98,3.47,3.72,6.0,3.8,1.38,4.14,2.38,4.33,5,7,0,5,59,42,0.52,0.16,0.13,0.87,4.74,2.01,1.12,1.31,1.56,3.11,2.92,2.51,2.04,2.95,1.33,3.88,3.98,1.99,3.11,1418,1694,0,1,0.33,0
0.67,0.1,2.9,2.07,2.21,2.74,3.63,0.96,5.4,7.9,4.87,4.24,2.53,3.64,4,4,5,3,40,61,0.11,0.32,0.06,0.94,5.6,3.86,3.16,1.72,2.6,2.84,4.17,2.16,4.46,3.45,2.4,3.78,3.24,2.3,2.36,1779,1837,1,1,1.07,2
0.23,0.96,0.72,1.27,1.89,1.12,2.24,1.72,2.8,3.4,3.98,4.81,2.46,1.21,3,3,2,2,39,61,0.14,0.14,0.68,0.32,2.84,2.89,1.07,3.65,2.59,3.43,2.64,1.66,2.13,1.51,3.73,2.37,3.86,3.06,3.38,1862,1757,0,4,2.75,2
0.81,0.92,2.56,2.74,2.83,1.17,1.61,3.39,2.1,4.9,3.34,2.48,1.72,1.12,5,7,4,3,52,50,0.09,0.56,0.4,0.6,3.27,2.78,3.49,1.02,1.69,1.35,4.91,1.38,3.55,2.34,1.79,2.25,2.13,3.96,2.66,1540,1673,0,1,3.99,0
0.43,0.56,2.21,2.99,0.56,3.26,0.63,0.95,7.2,7.2,4.71,1.16,3.47,1.15,6,3,1,5,63,34,0.3,0.87,0.83,0.17,5.42,3.86,4.32,2.71,3.44,1.58,2.69,2.35,3.93,1.39,4.06,2.84,1.9,3.55,4.26,1631,1982,0,4,3.71,2
0.3,0.72,0.52,3.79,2.76,2.49,1.03,1.6,4.7,3.1,1.19,4.56,4.5,1.06,2,4,0,2,44,54,0.12,0.5,0.81,0.19,2.46,2.01,2.58,1.49,4.91,1.03,1.97,1.97,2.36,2.45,4.33,1.7,1.93,1.84,2.54,1977,2084,1,5,4.47,0
0.47,0.48,1.6,1.27,1.3,0.63,2.18,4.35,3.4,5.4,4.7,3.06,1.62,2.63,7,6,0,4,47,51,0.6,0.93,0.4,0.6,4.77,3.95,4.71,2.34,4.96,2.18,1.53,2.19,1.2,3.21,2.01,3.79,3.16,2.84,2.2,1440,2008,1,2,3.9,0
0.02,0.33,2.68,2.3,1.81,3.11,2.02,2.11,1.3,5.1,4.1,1.69,4.41,3.38,7,7,0,1,52,49,0.66,0.03,0.62,0.38,2.22,3.95,3.99,2.7,4.7,1.45,4.31,1.74,3.84,3.28,1.83,3.39,2.28,3.59,2.59,1950,1662,1,5,0.14,2
0.37,0.71,3.3,3.56,0.66,2.22,2.4,1.47,7.2,2.4,4.88,4.28,1.64,2.39,5,4,2,2,65,33,0.59,0.72,0.16,0.84,2.41,3.25,1.13,1.03,3.25,3.71,2.07,2.52,2.26,2.81,3.39,3.99,4.33,4.03,3.37,2097,1881,1,1,2.43,1
0.76,0.44,3.52,1.39,0.68,1.63,1.04,2.88,2.1,4.1,3.03,3.19,3.1,2.19,6,5,5,0,58,40,0.97,0.61,0.3,0.7,2.41,3.82,4.37,1.59,3.42,3.22,4.41,1.42,2.94,1.44,1.33,4.89,3.81,4.62,2.52,1477,1511,0,2,0.92,2
0.98,0.97,2.44,1.47,2.86,3.23,2.47,0.58,7.8,1.7,3.09,3.33,3.73,2.94,6,4,2,1,53,50,0.41,0.58,0.95,0.05,2.17,4.89,3.89,4.56,1.43,3.08,3.77,3.83,3.62,1.76,3.71,1.95,3.67,3.19,3.97,1933,1864,0,4,1.6,2
0.34,0.1,2.32,1.53,3.04,2.96,3.65,3.05,4.4,2.9,1.13,2.7,3.75,1.19,3,2,2,1,64,38,0.82,0.31,0.06,0.94,5.21,3.03,4.29,1.59,2.06,1.96,2.13,2.73,1.6,2.09,4.01,1.27,1.62,4.68,2.04,2027,1611,1,3,4.32,1
0.01,0.93,0.84,2.51,0.75,0.36,2.19,0.96,2.7,3.0,2.28,1.43,3.0,2.56,7,2,6,2,47,51,0.29,0.16,0.7,0.3,3.79,1.47,4.96,4.26,3.91,2.68,3.49,3.73,4.0,3.28,3.8,4.73,4.64,4.02,2.71,1986,1816,0,2,4.6,0
0.61,0.18,1.03,1.53,1.56,0.79,0.9,1.68,2.4,2.9,1.27,2.65,1.57,3.24,4,3,3,3,63,40,0.79,0.72,0.67,0.33,5.48,4.15,2.2,2.87,1.17,2.26,3.38,1.24,3.18,2.63,4.46,3.49,1.62,4.85,2.56,1417,2016,1,5,1.43,1
0.8,0.51,2.52,1.77,3.2,1.79,0.86,0.55,1.7,4.2,1.01,4.94,4.83,1.86,6,2,5,3,37,60,0.92,0.71,0.74,0.26,5.74,1.47,1.06,4.38,4.9,3.79,4.31,1.81,4.49,1.08,2.8,2.5,3.34,2.51,3.44,2095,1500,1,5,3.21,0
0.51,0.12,2.88,0.5,3.37,3.0,3.47,0.21,4.3,1.1,2.06,3.02,4.57,4.99,4,2,3,3,63,38,0.29,0.85,0.15,0.85,4.12,3.87,3.43,2.61,1.56,4.42,2.6,1.65,1.85,3.53,3.35,4.16,2.34,4.05,3.71,1730,1526,0,1,2.32,2
0.38,0.7,3.62,1.59,1.67,2.01,3.48,0.4,1.1,7.3,2.69,3.84,2.3,4.07,4,2,5,2,39,62,0.69,0.52,0.45,0.55,3.98,1.68,4.04,4.29,2.45,2.99,4.35,2.34,3.64,1.4,2.92,2.2,4.15,4.02,3.58,1684,2054,1,1,0.24,0
0.95,0.34,0.79,1.11,0.55,2.62,3.97,0.48,7.2,7.8,3.73,2.77,4.03,2.67,5,6,2,6,43,58,0.21,0.92,0.65,0.35,4.73,4.36,3.29,1.33,3.31,4.07,1.64,3.33,2.4,4.72,1.8,1.78,2.74,2.1,1.53,1622,1617,0,4,4.59,2
0.67,0.81,0.42,3.35,0.83,3.23,2.94,3.87,1.9,1.6,3.68,3.01,2.81,2.9,5,7,4,1,64,35,0.26,0.41,0.25,0.75,3.35,2.39,4.69,4.72,2.01,2.1,4.84,2.68,2.15,3.36,1.39,1.66,4.73,3.63,2.26,1444,1516,0,5,2.68,1
0.12,0.82,1.94,1.87,2.62,1.72,3.03,1.74,2.0,1.3,1.33,3.3,4.72,3.77,2,6,3,5,37,64,0.41,0.27,0.06,0.94,4.73,1.18,4.79,1.91,1.82,4.5,4.72,2.77,4.71,4.4,1.89,4.59,2.43,2.57,1.36,2054,1810,0,1,1.01,0
0.04,0.64,0.42,0.98,1.37,2.02,3.21,1.7,4.4,2.9,1.7,2.31,4.98,4.98,3,6,3,3,35,64,0.72,0.52,0.91,0.09,3.17,4.83,3.19,1.45,4.95,1.33,3.75,2.97,4.38,2.12,4.94,2.19,1.76,2.3,4.57,1957,1443,0,4,0.66,0
0.87,0.09,3.7,1.74,2.76,1.73,1.35,2.07,6.9,5.7,1.79,4.14,2.51,4.78,3,2,2,0,61,40,0.54,0.87,0.64,0.36,3.54,4.29,2.29,1.02,3.85,2.08,1.08,3.72,4.05,3.56,1.83,1.37,3.67,4.88,3.38,1921,1576,0,5,1.45,0
0.74,0.53,1.61,3.51,2.93,0.27,1.2,3.12,4.7,6.3,4.68,1.88,1.35,4.84,6,7,0,5,47,50,0.94,0.53,0.81,0.19,5.37,1.22,4.07,1.36,2.5,3.15,1.82,3.69,3.88,1.51,1.86,4.27,2.69,1.4,2.97,1515,1878,0,2,1.69,0
0.63,0.63,2.35,1.48,1.32,1.81,4.21,0.73,6.8,7.9,2.76,3.33,4.45,4.59,4,6,5,5,56,43,0.55,0.26,0.44,0.56,2.33,2.29,3.08,3.36,3.14,4.97,4.03,2.04,1.8,2.88,4.75,2.58,1.59,4.78,2.5,1799,1475,1,1,0.54,1
0.45,0.8,0.39,2.54,1.46,1.63,0.28,3.29,4.2,3.5,2.79,1.33,1.69,1.61,3,7,3,2,65,38,0.38,0.38,0.75,0.25,5.26,4.25,3.98,3.36,3.59,1.5,1.5,1.59,4.3,2.39,3.07,2.44,1.67,3.94,3.93,1655,1957,1,1,0.4,1
0.78,0.93,3.7,2.77,2.71,1.31,3.74,0.25,3.1,1.6,2.06,1.15,3.18,2.56,4,6,6,2,63,34,0.13,0.05,0.65,0.35,5.34,3.03,1.87,3.35,1.42,1.96,3.98,3.25,1.26,2.09,1.09,4.14,3.71,1.01,3.82,1582,1441,1,3,1.55,2
0.21,0.16,2.46,0.96,0.86,1.33,3.71,2.25,3.4,4.9,4.71,3.31,2.99,4.89,5,7,1,3,39,59,0.64,0.08,0.32,0.68,2.95,3.67,2.54,1.73,2.06,3.98,4.78,1.47,2.91,4.24,2.22,3.78,1.68,3.67,1.6,1986,1525,0,3,3.87,2
0.24,0.27,2.14,2.08,0.61,2.46,1.46,4.19,5.5,7.9,4.58,4.42,2.01,4.48,7,4,5,3,37,64,0.4,0.87,0.2,0.8,4.44,2.63,2.05,2.45,2.59,1.33,2.72,2.74,4.08,2.87,3.42,1.29,4.14,4.34,2.25,1594,1602,0,4,4.92,1
0.28,0.88,2.42,2.51,1.53,1.15,3.41,3.22,2.7,5.1,3.02,1.22,1.74,4.47,4,6,5,3,35,66,0.88,0.54,0.46,0.54,4.43,2.74,1.63,2.84,4.26,3.0,1.66,3.49,2.08,2.42,4.01,4.2,4.49,2.23,4.17,2023,1601,0,3,0.33,0
0.11,0.17,3.65,0.43,3.48,1.36,0.84,1.92,7.6,5.8,2.97,2.91,4.36,1.84,7,6,2,1,49,49,0.18,0.0,0.81,0.19,2.14,3.36,2.94,3.06,2.32,1.88,3.86,1.24,4.19,3.48,3.95,1.13,2.87,1.96,2.95,1411,1815,0,2,1.1,2
0.87,0.39,0.87,3.69,1.46,3.01,4.19,0.71,4.7,6.1,1.24,2.04,3.69,3.92,5,6,0,5,61,42,0.39,0.36,0.66,0.34,5.18,4.78,4.3,3.62,2.67,2.84,2.75,4.22,1.58,4.15,3.79,3.26,2.45,3.84,2.55,1672,1490,0,2,0.39,1
0.12,0.57,1.26,3.31,2.46,3.42,2.29,0.87,1.7,4.0,4.34,1.81,2.65,4.17,4,3,0,4,37,60,0.35,0.85,0.86,0.14,5.61,3.09,4.65,3.05,2.68,1.07,4.4,4.64,2.28,1.87,3.91,3.17,3.23,4.75,1.02,1935,1851,1,1,2.27,0
0.02,0.12,3.59,2.28,1.73,0.86,3.56,2.85,1.5,4.7,4.74,2.69,3.58,2.78,4,6,4,2,55,46,0.42,0.0,0.53,0.47,5.34,2.78,4.99,2.14,3.48,2.64,2.91,1.41,2.76,1.65,1.47,3.81,2.56,2.49,2.23,1819,1480,0,3,2.63,1
0.89,0.98,2.71,3.42,0.67,2.59,3.66,4.03,7.6,7.6,1.53,4.49,1.08,3.13,5,6,3,1,52,49,0.55,0.16,0.45,0.55,2.74,1.55,4.25,2.39,4.91,1.14,4.58,3.42,4.76,4.18,2.89,4.83,1.74,3.4,3.3,1745,1650,0,3,2.89,0
0.37,0.3,0.29,3.29,0.47,2.45,1.17,1.34,5.6,1.9,1.7,4.1,2.04,3.86,5,4,6,4,53,48,0.45,0.6,0.2,0.8,3.62,1.45,1.37,4.7,3.95,3.85,3.02,3.7,4.32,2.16,4.84,3.58,1.02,4.39,1.84,1538,1627,0,5,4.14,0
0.55,0.42,1.68,0.37,1.5,2.97,3.44,0.82,7.9,6.1,3.57,3.31,1.06,2.09,6,7,1,5,49,49,0.26,0.95,0.59,0.41,3.89,3.49,2.54,1.21,4.28,2.08,3.01,3.02,3.8,1.75,4.91,3.16,1.69,4.79,3.83,1903,1480,1,4,3.43,1
0.61,0.18,3.11,0.47,1.16,2.15,1.87,1.11,3.2,4.9,4.65,2.96,3.56,4.25,6,4,3,3,41,59,0.79,0.21,0.89,0.11,2.63,3.14,1.63,3.94,1.03,4.23,3.81,1.37,3.41,3.54,4.38,4.68,2.23,3.44,4.42,1578,1743,1,2,4.25,2
0.37,0.58,1.59,3.3,3.3,0.2,3.54,0.4,3.1,7.0,4.2,4.27,3.33,1.26,2,7,6,2,48,53,0.81,0.24,0.04,0.96,4.06,3.25,4.07,1.79,1.17,2.52,4.13,2.85,4.51,3.14,1.93,1.86,3.99,1.26,4.65,1514,1905,0,2,3.62,0
0.22,0.83,0.4,2.45,2.5,1.85,1.96,2.18,7.9,7.3,4.56,4.44,2.3,1.35,7,3,5,0,45,56,0.22,0.74,0.92,0.08,2.22,4.48,2.6,4.66,3.97,1.05,2.1,4.2,3.84,2.59,1.2,4.65,2.75,4.7,4.77,1518,2053,1,2,2.97,1
0.01,0.55,2.82,0.68,3.17,2.52,4.28,3.6,4.2,4.8,1.1,4.3,3.31,4.6,5,7,3,1,40,60,0.6,0.84,0.3,0.7,2.22,2.9,2.7,1.27,2.17,2.19,2.19,3.53,1.95,2.95,3.62,4.7,4.02,1.29,4.19,2052,1699,0,2,0.78,0
0.6,0.23,1.0,1.68,1.89,2.54,3.81,3.79,4.4,2.3,3.58,2.17,3.62,3.59,4,7,1,1,39,61,0.22,0.13,0.98,0.02,2.15,4.25,4.85,3.62,1.99,3.36,1.91,3.95,3.08,2.41,3.15,2.43,2.59,2.73,1.36,1633,1778,1,4,4.1,2
0.26,0.06,2.89,3.26,1.27,2.45,3.89,2.34,1.9,2.0,1.09,4.19,4.38,2.28,5,4,5,0,45,58,0.43,0.75,0.78,0.22,2.86,3.15,4.7,1.22,4.6,2.32,3.74,4.71,2.53,3.92,1.67,2.72,3.02,2.53,1.66,1647,1915,1,4,1.57,0
0.44,0.83,1.38,1.06,2.59,3.33,3.92,0.21,3.3,7.2,3.11,1.74,1.07,3.38,3,2,5,6,54,43,0.19,0.14,0.3,0.7,5.11,1.15,1.65,3.95,3.44,2.78,1.28,1.42,4.31,1.71,3.86,3.89,1.15,1.54,3.86,1558,1525,1,4,0.93,1
0.19,0.54,0.49,1.84,1.51,1.35,1.25,1.32,6.2,2.3,3.31,2.33,1.45,2.43,4,7,5,0,44,53,0.42,0.6,0.11,0.89,3.5,4.52,4.9,4.68,1.56,1.71,2.74,2.93,1.41,3.07,1.11,1.2,2.42,3.72,4.81,1515,1629,1,3,4.27,1
0.55,0.73,2.8,1.21,3.34,1.82,2.95,0.4,4.3,1.5,3.11,4.46,2.49,2.42,5,5,4,1,53,50,0.08,0.22,0.29,0.71,5.21,4.01,2.28,1.32,1.42,4.54,1.88,1.69,3.91,4.95,2.54,4.3,4.21,3.27,4.5,1826,1572,0,1,1.56,1
0.15,0.32,2.95,1.29,0.49,2.01,0.29,3.36,4.7,2.1,3.09,2.83,2.22,2.64,2,6,1,5,36,64,0.92,0.57,0.99,0.01,3.23,1.15,4.06,3.72,1.71,4.19,1.92,1.49,4.17,1.78,3.9,3.7,4.95,4.24,3.26,1824,1761,1,5,0.31,2
0.35,0.27,1.92,1.32,0.98,2.03,3.55,1.8,4.3,6.7,1.25,1.44,4.75,1.03,7,6,5,1,37,63,0.03,0.43,0.19,0.81,5.63,2.02,2.85,4.12,1.64,3.44,4.44,1.75,3.09,3.67,2.53,4.03,3.04,1.85,4.5,2029,1505,1,2,3.67,2
0.41,0.49,2.56,0.63,0.72,0.73,3.17,0.48,7.1,2.8,1.69,4.23,1.03,1.14,7,7,2,2,54,44,0.59,0.93,0.3,0.7,4.38,4.12,4.52,2.5,2.59,1.06,2.47,2.86,3.1,4.21,3.17,1.08,2.82,1.72,2.12,1948,1950,1,3,0.66,0
0.2,0.0,3.02,1.21,0.5,3.34,2.13,2.83,5.8,4.4,3.72,4.84,2.62,4.56,7,5,0,4,54,46,0.08,0.87,0.99,0.01,3.04,2.86,2.54,2.77,1.46,3.11,2.14,2.3,3.82,3.8,1.5,1.86,1.88,3.13,4.2,1513,1736,0,2,1.88,2
0.61,0.31,1.98,2.26,1.39,2.99,0.85,4.08,7.7,1.2,2.74,4.29,2.62,3.28,5,7,6,0,40,57,0.39,0.75,0.25,0.75,5.2,2.47,4.08,3.55,4.27,4.3,1.05,3.86,1.93,2.36,1.72,2.4,2.16,4.0,3.27,1803,1764,1,5,0.97,0
0.49,0.59,1.68,0.38,3.25,1.43,1.31,3.24,2.1,7.9,2.31,2.86,1.41,3.06,2,2,5,0,36,65,0.0,0.32,0.41,0.59,5.14,2.88,3.78,3.9,2.09,3.18,3.75,1.06,1.08,4.05,4.97,1.22,2.91,4.8,2.91,1915,1744,1,4,4.81,0
0.72,0.12,0.73,3.63,3.13,0.6,2.24,4.03,2.6,1.4,1.18,1.1,2.89,1.77,6,7,2,6,58,39,0.36,0.88,0.51,0.49,4.14,3.74,2.24,2.56,3.38,2.36,3.89,1.27,3.31,2.91,3.96,2.02,2.32,1.6,1.84,2066,1455,0,3,0.88,0
0.67,0.03,2.45,2.09,0.58,0.76,0.28,1.6,5.9,5.8,1.74,3.24,1.61,2.67,3,7,2,1,46,56,0.13,0.63,0.32,0.68,5.94,2.49,4.04,4.26,4.72,1.73,1.39,1.29,4.2,3.69,4.91,3.01,2.36,1.91,1.08,2047,1863,1,5,1.55,0
0.66,0.76,2.06,1.7,3.16,1.2,4.41,2.92,5.3,7.9,4.82,3.55,2.11,5.0,5,6,5,0,53,46,0.01,0.45,0.61,0.39,4.52,2.56,4.87,1.13,2.53,2.62,4.29,1.32,3.7,3.13,2.7,3.44,2.27,2.16,2.66,1627,1798,1,4,2.16,0
0.7,0.99,1.95,1.47,1.54,1.11,4.3,4.1,3.5,6.5,1.36,2.3,2.14,4.07,7,6,3,3,60,42,0.86,0.9,0.59,0.41,2.24,1.94,4.08,4.7,4.99,3.94,3.9,3.78,4.94,1.48,2.1,1.43,4.7,2.89,3.25,2019,1811,1,3,4.95,0
0.88,0.06,0.77,1.98,0.89,1.96,1.29,3.65,3.1,6.3,4.19,4.32,2.13,2.88,7,4,0,6,61,41,0.7,0.82,0.46,0.54,2.9,1.34,1.78,1.19,1.01,4.96,4.45,1.02,3.69,1.01,1.69,1.79,1.85,3.34,3.34,2074,1877,1,4,2.57,1
0.07,0.02,3.72,1.19,1.63,1.4,3.33,3.65,4.3,1.4,1.48,3.25,4.45,3.37,2,7,3,2,50,49,0.98,0.02,0.01,0.99,3.81,2.35,3.58,4.18,3.61,4.88,2.97,4.56,2.02,3.29,3.85,1.57,1.25,1.55,2.48,1439,1598,0,3,0.9,2
0.42,0.99,1.61,0.43,2.93,1.17,3.91,1.29,2.7,4.4,3.52,2.77,1.31,2.83,3,4,2,1,64,33,0.88,1.0,0.04,0.96,3.39,2.66,3.01,4.69,2.31,4.19,3.45,2.25,2.44,4.82,4.41,2.56,1.34,4.31,2.37,1937,1488,0,5,1.59,1
0.92,0.61,2.56,0.24,3.11,0.4,2.46,3.59,7.0,3.1,1.9,2.9,1.94,3.39,4,3,3,1,35,63,0.68,0.47,0.32,0.68,4.65,3.11,2.81,3.83,3.91,4.01,2.66,3.82,1.44,3.77,1.69,4.41,1.99,3.98,2.74,1721,1729,0,5,1.44,0
0.25,0.88,3.56,1.42,3.07,2.31,2.67,0.72,2.0,5.9,2.45,4.86,2.02,2.48,3,7,4,2,43,57,0.07,0.67,0.59,0.41,3.81,4.28,2.3,4.9,4.43,1.37,4.25,3.74,1.7,4.25,1.89,1.2,2.61,3.55,3.5,1973,1659,1,4,2.25,1
0.48,0.29,2.77,3.59,2.05,0.74,0.8,3.54,1.7,2.1,1.84,4.09,2.8,1.36,6,7,0,2,51,46,0.23,0.58,0.7,0.3,3.02,1.53,3.77,4.28,2.25,3.94,3.88,3.47,2.56,3.18,4.67,1.86,2.23,4.5,1.24,1873,1784,1,1,4.79,0
0.38,0.37,0.96,3.26,2.32,0.4,0.24,2.25,6.3,7.8,3.69,2.22,3.31,4.48,5,3,6,3,36,61,0.37,0.04,0.77,0.23,5.09,3.95,1.72,3.96,2.81,3.75,3.42,2.3,3.56,3.05,2.83,3.05,2.61,2.18,4.86,1920,1887,0,1,2.01,1
0.78,0.87,2.43,0.91,0.31,3.05,3.35,1.19,6.1,2.1,4.07,3.19,4.01,4.41,5,7,1,3,42,58,0.54,0.65,0.04,0.96,5.62,2.15,4.02,3.26,4.56,4.22,4.85,4.94,2.73,3.94,2.21,4.24,3.42,3.69,2.71,2051,1431,0,2,3.63,2
0.87,0.7,1.36,1.05,2.48,2.27,1.94,3.91,5.7,6.1,4.76,3.46,1.4,2.22,7,3,2,1,57,41,0.75,0.54,0.49,0.51,3.84,2.91,1.86,1.37,4.63,1.91,1.66,3.19,3.92,3.48,2.51,1.68,1.45,3.15,4.26,1705,1798,0,4,0.5,0
0.44,0.09,0.76,1.86,2.49,3.23,3.14,1.35,2.1,4.3,4.26,3.71,4.15,1.05,2,5,4,1,52,48,0.37,0.61,0.19,0.81,5.78,1.9,2.33,2.09,3.78,1.83,3.71,1.38,3.61,3.52,1.86,4.77,4.13,4.17,4.3,1548,2084,0,3,0.8,2
0.88,0.67,0.89,3.26,2.86,1.7,2.33,1.72,1.8,5.5,4.24,1.56,1.17,1.59,2,3,3,3,64,36,0.21,0.45,0.72,0.28,5.37,2.62,3.1,3.28,4.26,4.25,2.88,1.37,2.78,2.69,3.69,2.18,3.5,2.55,2.42,1845,1578,0,4,2.96,0
0.41,0.02,1.89,3.21,0.81,1.89,0.88,3.92,7.0,4.6,3.75,1.84,3.38,2.49,2,6,4,1,42,55,0.89,0.22,0.35,0.65,5.24,1.54,4.58,4.92,3.49,2.85,4.86,4.87,1.13,2.74,3.81,4.44,1.77,1.87,1.61,2076,1817,0,1,2.02,2
0.76,0.96,3.62,0.9,2.07,2.32,0.73,1.39,2.5,1.7,4.49,1.33,4.32,3.94,2,2,6,6,55,44,0.76,0.89,0.23,0.77,5.23,3.49,1.88,1.76,3.01,4.35,1.27,1.51,1.77,1.88,1.53,4.3,1.52,3.05,4.3,2015,1901,1,1,4.76,2
0.68,0.73,1.76,0.32,1.58,2.17,2.93,0.84,2.9,7.8,4.59,4.2,3.75,1.72,3,7,0,6,54,48,0.86,0.86,0.32,0.68,3.64,1.9,1.78,3.02,3.63,2.21,1.8,3.54,4.57,3.38,2.61,4.34,1.53,1.23,4.66,1789,1874,1,4,3.75,2
0.28,0.45,0.88,0.46,1.55,1.1,4.06,3.62,6.5,7.6,1.42,2.65,1.84,4.17,3,2,4,6,55,48,0.1,0.1,0.73,0.27,4.61,4.39,4.28,3.63,1.33,3.88,1.89,3.89,2.43,1.03,4.85,2.94,4.59,4.3,2.61,2016,1824,0,4,2.89,0
0.92,0.11,2.12,0.3,2.02,1.39,2.6,0.97,6.3,1.9,3.88,2.81,3.93,1.78,7,6,4,4,60,38,0.81,0.8,0.31,0.69,5.65,4.25,3.94,3.57,2.85,4.95,2.47,3.27,4.56,3.14,2.76,4.58,1.27,2.66,3.8,1820,2048,1,4,3.56,2
0.12,0.91,0.27,1.18,1.44,2.65,4.22,2.17,7.6,3.9,4.37,4.69,4.22,4.84,7,3,5,3,38,63,0.21,0.49,0.11,0.89,4.45,4.46,3.57,2.66,1.21,1.48,2.94,4.14,3.83,1.86,3.06,1.38,4.38,2.36,1.18,1783,1423,0,1,3.56,1
0.36,0.13,0.21,0.97,0.25,1.0,2.35,3.63,3.2,5.2,2.94,4.85,2.65,2.73,6,6,6,6,38,65,0.58,0.69,0.05,0.95,3.37,3.29,2.56,1.32,2.43,1.02,1.89,2.68,2.81,2.79,4.4,3.42,3.37,2.66,2.67,2040,1449,0,5,2.83,0
0.05,0.98,0.25,1.94,1.38,1.97,3.2,2.97,3.3,5.1,3.35,3.73,4.3,2.82,6,2,5,3,52,49,0.21,0.12,0.69,0.31,2.29,2.22,1.44,2.02,3.72,3.97,3.09,3.7,3.91,1.89,3.95,4.89,3.46,3.14,2.29,1877,1849,0,5,2.31,0
0.2,0.93,1.93,2.51,0.55,0.43,3.3,4.24,5.4,5.4,2.5,4.92,1.12,1.46,6,2,6,2,55,45,0.45,0.48,0.76,0.24,5.37,3.28,1.92,2.49,1.96,4.78,2.06,1.84,4.5,4.54,1.49,2.98,4.65,2.24,1.15,1487,1475,1,5,1.39,0
0.15,0.97,2.09,0.85,0.9,1.65,0.35,3.51,6.4,6.3,3.08,2.92,3.07,1.58,3,6,1,2,42,56,0.93,0.42,0.89,0.11,3.59,3.7,2.03,1.01,4.4,2.82,2.04,4.03,2.55,4.46,3.48,2.05,1.04,1.07,4.63,1505,2091,0,4,3.23,2
0.09,0.38,2.04,2.14,2.52,2.26,1.23,2.83,5.3,3.8,1.4,4.69,3.12,4.92,4,7,3,5,41,59,0.84,0.09,0.54,0.46,5.67,3.28,3.53,1.71,3.24,2.08,4.6,1.99,4.16,2.63,3.08,1.89,3.5,1.74,1.55,1462,1498,1,2,0.85,0
0.09,0.08,0.27,2.49,0.46,1.45,2.63,1.77,3.5,2.1,3.51,3.51,3.16,1.04,2,4,1,3,36,65,0.42,0.78,0.15,0.85,2.01,1.48,3.8,1.79,1.48,4.53,1.34,3.15,4.2,3.76,2.99,2.8,4.85,3.79,2.42,1721,1976,0,3,1.24,0
0.4,0.22,2.45,2.39,1.27,2.9,3.0,1.91,2.4,7.0,2.26,1.49,1.82,4.16,2,3,5,6,46,51,0.2,0.22,0.52,0.48,2.26,1.37,2.84,3.4,4.75,1.9,1.89,2.39,1.56,1.96,1.45,4.7,3.25,1.39,4.17,1695,1770,1,5,4.43,0
0.92,0.78,2.33,1.49,3.44,3.1,4.41,3.78,3.1,4.9,3.74,2.19,2.97,3.37,4,7,0,5,39,64,0.51,0.03,0.81,0.19,4.4,1.29,2.33,3.7,1.04,1.13,2.29,1.88,4.32,4.57,1.22,3.18,3.62,2.02,1.26,1618,1983,0,4,1.9,2
0.22,0.96,2.9,3.69,0.54,1.63,1.17,2.66,2.8,7.4,4.08,3.91,4.25,2.68,4,6,5,5,60,42,0.43,0.52,0.17,0.83,4.64,1.88,4.08,4.81,1.53,2.91,2.55,1.45,1.23,4.29,1.17,3.84,4.28,4.58,2.27,1939,1402,0,4,2.34,2
0.33,0.87,0.32,2.65,1.67,0.89,3.55,3.07,6.3,7.9,2.84,4.68,3.3,3.68,2,5,0,1,57,40,0.49,0.6,0.48,0.52,5.6,1.53,2.39,2.19,4.7,2.99,3.82,4.65,4.45,3.99,1.57,1.87,3.55,4.77,1.01,1446,1613,0,2,4.61,0
0.67,0.62,1.17,2.02,1.51,3.01,4.09,0.59,2.6,5.0,1.18,1.81,1.87,2.16,2,6,2,3,57,41,0.4,0.15,0.71,0.29,4.64,2.17,4.57,1.25,1.63,3.42,4.2,1.61,4.87,3.55,3.29,2.55,3.74,2.54,2.14,1553,1417,0,2,2.68,0
0.47,0.08,0.65,2.61,3.14,1.21,3.28,3.02,6.4,5.3,1.18,3.33,4.97,3.77,4,7,1,6,52,49,0.73,0.25,0.42,0.58,3.57,3.28,2.58,4.7,4.62,3.89,4.21,2.04,1.56,3.64,1.49,4.79,1.57,3.74,2.77,1550,1564,0,3,2.92,0
0.09,0.69,2.7,0.27,1.03,1.4,3.22,0.82,5.2,3.9,1.58,2.72,4.56,1.09,2,4,4,4,36,61,0.82,0.2,0.57,0.43,5.18,3.45,2.79,3.27,3.21,4.62,3.19,2.91,3.81,3.42,2.67,3.16,2.69,2.3,3.93,2056,1639,1,5,3.35,2
0.17,0.02,1.7,1.1,1.75,0.7,2.08,3.72,2.8,5.6,2.07,1.35,1.3,1.29,3,4,2,0,57,43,0.09,0.24,0.75,0.25,4.38,2.18,4.64,4.83,4.42,2.39,2.05,2.56,4.14,2.95,4.79,2.23,2.95,3.56,4.44,1910,1867,1,5,4.14,0
0.78,0.19,3.23,0.27,3.08,0.77,3.25,1.07,4.8,1.4,3.9,2.44,1.33,1.81,5,2,6,4,60,42,0.09,0.44,1.0,0.0,3.58,1.84,1.75,2.4,3.52,3.95,2.36,4.72,2.56,2.95,3.45,2.99,3.81,1.76,4.96,1765,1621,0,4,2.67,1
0.15,0.05,3.8,2.27,3.42,2.16,3.58,0.25,7.1,4.2,2.53,2.46,3.67,4.57,4,4,3,4,65,36,0.4,0.79,0.72,0.28,5.61,2.76,1.9,2.24,3.25,2.65,2.4,4.35,2.3,1.98,3.32,2.73,2.64,1.15,2.49,1686,1955,1,1,3.35,0
0.61,0.75,2.81,2.55,1.22,0.23,2.26,2.61,1.0,1.8,1.94,3.91,3.86,3.64,4,5,3,5,41,62,0.6,0.78,0.02,0.98,5.53,2.8,3.57,4.86,2.91,2.28,1.68,2.07,1.38,3.13,2.53,4.81,3.59,1.54,4.76,1414,1726,0,3,1.51,0
0.72,0.74,2.62,3.55,2.38,0.98,0.88,2.07,3.8,6.5,4.39,1.06,4.15,1.97,6,4,0,0,63,37,0.21,0.43,0.4,0.6,4.13,4.1,4.09,4.23,3.11,2.96,3.69,1.97,2.14,3.35,4.36,4.32,2.42,1.71,2.34,1909,1733,0,1,1.02,2
0.18,0.11,3.33,0.82,1.89,0.69,1.25,3.53,2.9,2.8,2.44,1.05,1.76,2.22,4,6,6,3,39,63,0.29,0.81,0.31,0.69,2.28,1.52,1.25,1.06,2.57,1.27,3.81,2.36,3.46,3.82,1.82,1.82,1.15,4.76,2.59,1472,1707,1,1,0.65,1
0.86,0.82,0.28,3.15,0.21,2.15,2.29,3.58,7.7,2.8,3.07,4.23,1.66,1.7,4,2,0,6,52,50,0.66,0.54,0.73,0.27,3.15,4.8,3.17,1.53,3.73,3.34,1.61,3.69,3.56,3.5,2.36,4.07,2.26,3.22,3.87,1669,1976,0,5,0.38,0
0.15,0.61,1.32,1.68,0.95,3.47,0.75,1.95,1.3,3.3,2.09,4.34,2.95,4.88,4,4,5,4,39,59,0.83,0.75,0.46,0.54,3.76,3.31,4.98,1.06,1.66,1.45,4.36,2.31,3.44,3.19,4.38,4.12,3.1,3.8,1.87,1425,1563,0,4,2.75,0
0.91,0.49,3.65,3.02,2.7,1.93,2.86,4.18,7.9,3.2,1.97,3.75,3.9,4.25,2,4,6,0,35,68,0.02,0.86,0.03,0.97,4.53,4.05,2.92,1.87,2.63,1.52,3.83,2.83,3.16,4.26,3.2,3.92,1.92,1.08,1.24,1946,1891,1,4,1.08,0
0.22,0.69,0.55,1.1,2.4,2.84,0.82,3.01,6.1,4.9,1.35,3.89,3.96,2.99,3,6,4,1,46,54,0.65,0.34,0.89,0.11,4.39,4.84,3.84,2.89,1.42,2.98,2.23,4.84,3.77,3.21,2.89,3.21,4.15,3.19,3.33,1982,1553,1,3,0.89,1
0.63,0.15,2.49,1.2,2.14,1.37,3.75,2.53,4.9,2.1,3.63,1.51,2.21,3.16,6,7,1,1,37,63,0.12,0.07,0.49,0.51,3.79,2.66,3.69,1.04,3.78,4.77,2.64,1.24,1.43,3.07,1.99,2.68,1.13,1.31,1.81,1798,1640,0,5,0.43,0
0.96,0.46,1.42,1.83,2.15,1.49,2.64,2.5,4.2,4.1,4.39,1.35,2.48,2.41,5,7,2,3,47,50,0.19,0.77,0.52,0.48,5.1,4.97,2.83,3.5,2.58,4.04,3.76,4.33,4.94,1.48,3.43,2.44,1.2,4.41,4.17,1465,1617,1,4,2.79,2
0.78,0.61,2.09,1.8,2.1,2.43,4.26,3.49,7.7,3.7,1.98,2.69,3.37,1.6,6,5,6,0,38,64,0.41,0.65,0.69,0.31,4.16,3.53,2.39,3.98,2.4,1.34,1.1,2.96,1.29,3.03,3.86,3.3,3.53,4.99,2.51,2013,1611,0,3,4.76,2
0.19,0.78,2.11,2.33,1.21,1.06,4.03,3.24,4.9,2.6,4.88,4.14,1.16,4.45,4,4,2,2,48,55,0.7,0.34,0.84,0.16,3.22,1.85,1.52,3.69,1.01,2.49,2.18,1.27,1.54,3.57,4.72,2.37,1.6,4.67,4.17,1571,1981,0,3,4.54,1
0.23,0.83,1.23,3.6,2.8,0.67,3.27,2.19,7.3,1.4,4.03,2.63,2.28,3.64,6,5,3,0,47,53,0.9,0.61,0.3,0.7,2.91,1.6,2.51,4.55,3.85,3.82,2.95,3.29,2.2,2.75,1.39,4.9,1.11,4.18,3.55,2057,1517,1,2,2.47,0
0.26,0.44,0.39,1.16,2.57,0.22,0.75,1.13,4.8,3.1,2.29,1.73,4.01,3.62,4,7,2,0,57,41,0.13,0.56,0.84,0.16,5.1,2.03,2.8,4.55,3.88,1.43,1.49,1.49,3.94,1.46,1.94,3.4,1.67,3.87,3.6,1483,1877,1,4,1.65,0
0.27,0.46,2.0,3.03,1.78,1.78,0.77,2.7,7.4,1.7,3.74,2.85,2.13,2.78,3,3,5,1,62,40,0.26,0.51,0.51,0.49,2.56,3.58,3.06,4.06,1.84,4.5,4.31,4.29,4.02,2.54,2.89,2.68,1.39,3.76,1.4,2033,1731,0,5,4.58,2
0.29,0.54,1.51,0.59,1.17,0.58,3.06,1.18,7.9,3.5,1.65,3.03,3.35,2.0,5,6,4,5,36,61,0.41,0.36,0.27,0.73,3.47,2.37,3.62,1.24,4.9,4.49,2.67,2.2,2.33,1.91,3.02,2.85,2.39,1.47,4.54,2061,1739,1,1,3.73,0
0.06,0.53,3.64,0.68,0.85,0.35,0.55,3.98,5.4,1.8,1.42,3.17,3.53,3.44,4,2,0,0,60,39,0.8,0.76,0.98,0.02,4.54,1.98,3.46,3.22,3.51,2.66,2.7,1.68,4.58,4.19,3.07,2.1,4.19,3.8,4.08,1485,1736,0,3,4.97,0
0.21,0.32,2.74,1.54,2.13,2.42,3.6,0.43,6.4,8.0,1.74,2.29,3.26,4.94,6,6,2,6,57,43,0.9,0.72,0.66,0.34,2.32,3.38,2.77,1.52,2.65,4.51,3.34,1.39,1.32,2.3,4.58,3.61,3.85,3.79,3.06,1979,1658,0,4,0.19,0
0.62,0.48,1.24,1.18,2.66,3.0,4.08,2.84,7.9,1.8,3.88,2.46,2.32,3.8,3,6,1,1,40,57,0.48,0.14,0.04,0.96,3.46,4.96,4.61,3.56,3.63,1.73,3.42,3.59,3.72,4.49,3.55,1.95,3.81,3.18,1.84,1539,1628,1,3,1.8,2
0.49,0.08,1.2,0.67,0.45,0.83,4.0,0.83,4.5,2.3,2.84,4.52,4.03,1.23,6,3,4,2,52,51,0.6,0.09,0.15,0.85,2.32,1.33,2.55,3.95,2.24,4.52,2.31,1.41,1.87,1.26,2.74,4.51,2.65,1.95,1.07,1704,1658,0,2,4.64,2
0.23,0.89,0.8,1.01,0.95,2.2,2.28,3.76,6.2,1.6,3.48,2.44,3.34,2.86,6,4,3,0,54,48,0.8,0.12,0.07,0.93,4.69,1.87,3.32,4.03,4.18,3.98,1.61,4.8,3.96,2.84,2.68,4.07,4.66,1.73,4.45,1770,1823,0,3,2.47,1
0.09,0.08,1.29,2.61,1.55,0.38,0.31,3.03,6.8,6.9,1.66,2.37,4.78,3.66,3,3,6,5,45,55,0.03,0.43,0.18,0.82,5.63,2.76,3.63,2.77,1.89,3.17,3.34,4.23,1.87,2.35,3.05,2.66,1.37,2.3,1.56,1779,1610,0,1,0.58,0
0.41,0.96,3.32,2.19,2.85,0.27,2.01,2.92,2.8,7.0,2.38,1.95,2.06,4.22,6,3,0,0,39,63,0.77,0.91,0.99,0.01,4.52,3.32,4.9,1.3,4.56,1.8,3.57,3.79,3.34,1.73,3.5,4.13,1.55,2.77,1.56,1403,1650,1,5,0.61,0
0.54,0.23,2.37,0.28,1.07,1.5,2.61,4.3,1.1,4.2,1.02,2.69,2.57,1.03,3,2,4,5,40,60,0.45,0.26,0.09,0.91,3.02,3.64,2.46,4.66,3.11,2.48,1.52,3.94,1.38,1.02,1.17,1.66,4.4,2.61,1.68,1629,1939,1,1,3.2,2
0.93,0.04,1.71,1.68,2.04,3.18,2.43,2.71,7.7,6.3,4.17,2.91,2.29,1.23,7,4,1,1,54,48,0.32,0.33,0.55,0.45,4.32,4.87,4.43,2.21,2.89,1.52,4.78,4.93,3.34,3.52,2.73,1.81,1.89,4.79,2.25,2070,1754,0,4,1.55,2
0.17,0.56,3.5,0.24,2.6,0.41,0.35,2.17,5.0,1.2,3.91,1.07,2.41,2.1,6,6,0,1,56,47,0.12,0.93,0.15,0.85,2.84,2.86,4.13,2.58,3.62,2.23,4.88,1.77,2.84,1.82,3.25,1.27,3.16,1.74,3.94,1601,1596,0,3,2.54,1
0.26,0.09,0.34,2.78,1.49,0.57,0.52,4.32,4.3,2.1,2.61,2.88,1.69,1.12,6,7,1,0,45,55,0.41,0.87,0.37,0.63,2.96,2.05,4.9,1.03,3.24,3.84,1.17,2.98,4.56,3.43,3.92,2.23,3.12,3.56,1.5,2016,1423,1,5,2.24,0
0.31,0.95,3.59,3.66,0.77,1.57,1.45,3.01,7.0,6.2,3.21,1.72,1.97,1.59,2,4,5,3,60,41,0.39,0.99,0.89,0.11,3.11,3.07,4.45,3.42,3.64,2.39,3.18,3.91,3.78,4.48,3.22,2.4,2.8,1.99,2.53,1866,1610,1,1,1.43,1
0.92,0.43,2.88,0.69,1.33,1.3,0.95,1.11,7.0,4.2,2.84,1.87,4.89,4.94,7,5,5,2,38,61,0.91,0.58,0.21,0.79,5.23,3.19,2.6,3.19,1.57,1.8,3.65,4.09,4.67,3.36,3.65,1.98,2.29,2.04,2.0,1631,1802,0,5,4.62,2
0.95,0.78,3.68,2.34,1.92,2.73,4.12,4.06,6.9,5.1,1.78,3.96,3.64,2.48,5,6,2,4,46,56,0.56,0.6,0.43,0.57,2.88,2.97,4.99,3.96,2.09,4.13,1.18,4.43,2.05,3.09,2.79,4.4,4.99,3.13,1.95,1878,1740,0,2,0.27,2
0.83,0.08,0.96,3.0,2.29,2.69,2.98,3.92,1.0,6.2,4.17,1.25,2.2,2.49,5,7,5,6,52,46,0.41,0.7,0.47,0.53,4.19,1.34,1.07,2.41,1.21,1.27,2.04,2.12,1.42,3.28,3.46,2.49,4.14,3.59,2.81,1968,1456,0,5,1.56,2
0.45,0.77,1.46,3.7,2.01,2.44,3.76,3.23,1.9,4.7,4.07,2.09,2.04,1.93,3,2,0,1,60,39,0.16,0.46,0.83,0.17,4.19,4.7,2.27,3.34,2.1,4.04,2.21,2.63,1.06,3.79,3.0,3.47,3.39,3.16,4.69,2000,1476,1,1,0.29,2
0.66,0.34,3.29,2.91,1.74,1.49,0.94,0.33,2.6,4.8,1.49,4.34,2.44,2.09,2,6,2,2,44,54,0.04,0.93,0.2,0.8,5.57,3.55,4.38,2.91,1.41,1.3,3.13,2.58,2.13,4.17,2.01,2.58,2.91,2.3,4.47,1728,1622,0,3,2.73,0
0.35,0.28,3.55,3.27,3.12,0.65,1.67,3.5,1.6,2.3,3.14,3.43,2.41,1.78,4,2,0,4,44,56,0.59,0.53,0.23,0.77,2.23,1.98,3.33,2.73,4.84,4.85,4.08,3.78,4.67,4.34,4.8,3.95,3.05,4.84,4.37,1848,1429,1,3,2.21,0
0.31,0.8,2.96,2.42,0.79,3.27,4.02,2.52,2.5,3.5,2.91,3.94,4.8,1.28,5,7,5,4,46,55,0.19,0.82,0.65,0.35,3.34,4.76,2.45,2.91,1.37,1.25,4.88,1.2,1.22,3.32,1.22,4.04,2.18,4.06,3.75,1498,1900,0,2,3.21,2
0.7,0.53,2.78,3.11,1.52,1.56,3.14,2.43,3.4,4.7,3.85,3.62,1.27,2.2,6,4,4,0,51,50,0.14,0.9,0.15,0.85,2.92,2.2,3.99,3.74,3.88,4.22,4.62,4.8,4.13,1.43,3.36,4.21,2.84,2.66,4.58,2037,1413,0,1,0.15,0
0.45,0.12,1.63,0.32,0.57,1.64,4.2,3.17,6.8,3.3,4.9,4.24,1.23,2.75,3,2,5,5,43,59,0.49,0.38,0.01,0.99,2.86,3.91,1.41,1.41,2.98,3.13,2.83,3.81,4.94,1.61,2.81,2.94,4.44,4.42,2.25,1650,1935,0,5,0.85,2
0.25,0.7,3.09,1.44,3.31,1.54,0.71,2.44,2.2,4.0,2.61,1.28,4.33,4.74,5,5,2,4,52,49,0.95,0.64,0.66,0.34,5.28,1.18,2.67,3.91,1.96,2.24,1.95,3.11,2.1,4.59,1.98,4.18,4.76,3.18,1.52,1474,1998,1,4,1.59,2
0.7,0.88,1.86,2.82,0.59,2.5,1.27,1.43,5.0,5.3,1.79,1.05,3.08,2.96,3,4,6,4,57,45,0.98,0.7,0.98,0.02,2.72,3.83,1.27,3.34,3.32,4.44,2.03,2.72,1.66,4.62,3.93,4.89,3.79,4.53,2.1,2085,1860,1,3,3.25,2
0.54,0.79,1.17,0.59,1.3,0.52,3.35,4.24,2.1,4.7,1.41,3.09,1.71,2.14,3,3,0,4,61,41,0.49,0.28,0.21,0.79,2.33,3.46,3.83,4.55,3.73,4.15,4.28,4.24,1.25,3.22,4.32,3.11,3.18,4.81,3.17,1649,1693,0,4,2.89,0
0.62,0.79,3.33,3.35,3.15,0.42,0.45,3.67,7.6,7.5,3.26,3.9,4.64,2.42,3,2,1,1,61,36,0.46,0.11,0.24,0.76,2.68,3.93,3.31,2.92,4.23,3.74,3.09,2.18,2.56,3.46,2.03,4.2,4.26,3.22,4.35,1980,2100,0,4,1.48,0
0.64,0.08,0.95,0.48,0.97,1.38,1.94,2.34,2.7,4.1,1.31,4.14,3.01,1.16,6,3,1,6,64,33,0.85,0.3,0.62,0.38,3.07,4.89,4.29,2.91,1.03,2.33,4.79,1.51,4.02,2.41,1.95,3.03,4.38,3.69,3.59,2060,1882,1,5,1.09,2
0.67,0.97,3.58,2.79,2.14,3.0,4.4,0.6,7.5,7.3,1.37,1.96,3.19,3.05,7,7,2,4,62,38,0.75,0.82,0.64,0.36,5.78,3.57,3.92,3.61,1.58,2.71,3.49,4.68,3.94,3.73,1.66,1.92,4.99,2.8,1.0,1754,1693,1,5,1.67,2
0.69,0.22,2.62,2.89,2.74,1.36,3.06,3.73,1.3,3.4,2.75,3.06,4.73,2.47,2,7,5,3,65,32,0.93,0.18,0.26,0.74,3.95,1.43,4.66,3.8,1.73,1.79,4.51,1.88,1.37,4.05,3.71,4.05,1.72,3.28,2.08,1902,1865,1,3,3.45,1
0.8,0.55,0.91,0.83,1.08,0.95,3.14,2.99,3.9,3.3,4.67,3.96,1.42,4.17,2,4,2,6,48,51,0.08,0.77,0.25,0.75,2.27,2.23,2.03,2.16,3.67,1.15,4.8,2.08,2.0,1.37,1.48,4.28,2.27,3.06,1.33,1690,2059,0,2,3.94,0
0.8,0.38,2.47,1.66,1.34,3.33,2.28,2.56,7.0,5.8,4.27,4.12,2.5,2.05,6,5,5,3,56,41,0.88,0.53,0.76,0.24,2.78,4.13,3.73,4.75,3.52,1.76,1.81,4.19,4.35,1.04,1.86,1.45,3.01,2.22,2.63,2030,1715,1,2,3.8,2
0.22,0.21,3.38,3.42,3.43,3.47,2.53,3.03,2.0,5.2,3.97,4.79,3.56,2.08,6,6,4,4,65,35,0.35,0.68,0.86,0.14,4.07,2.87,2.03,3.28,3.1,1.91,4.7,4.64,3.5,4.36,3.14,1.28,2.19,3.99,2.6,1768,1902,0,5,0.13,2
0.71,0.7,3.62,3.26,1.39,1.78,4.31,1.56,5.7,3.5,2.44,3.47,2.13,1.86,2,3,2,2,60,38,0.53,0.44,0.88,0.12,2.21,3.86,3.09,3.18,3.6,2.99,3.99,2.43,2.42,3.1,3.84,3.57,2.39,2.18,3.78,1612,2011,0,5,3.42,1
0.16,0.37,2.16,3.38,2.04,2.56,4.39,2.68,3.4,5.1,1.05,3.86,2.38,1.74,3,7,1,2,60,42,0.03,0.54,0.49,0.51,2.66,3.04,3.75,2.53,3.39,2.4,2.64,3.7,2.99,4.24,3.66,3.78,1.39,4.88,2.46,1955,1933,0,1,2.92,0
0.14,0.89,1.96,3.14,3.42,1.79,2.56,2.38,1.6,3.1,2.95,3.9,1.28,3.7,3,7,2,3,46,55,0.14,0.11,0.06,0.94,5.82,2.47,2.96,2.74,4.69,3.68,3.19,1.73,2.71,4.39,2.53,4.23,1.12,4.33,3.21,1826,1655,1,1,3.28,0
0.24,0.61,1.63,3.61,1.67,1.12,1.39,2.96,7.1,5.0,2.32,1.71,1.25,2.24,5,2,1,6,59,44,0.37,0.43,0.46,0.54,5.98,1.76,2.22,4.84,4.95,3.12,2.54,2.97,4.71,2.88,4.2,1.92,2.33,3.55,2.06,1991,1647,1,3,1.17,0
0.08,0.83,0.34,1.81,0.29,1.33,3.17,2.87,4.7,7.1,1.73,1.85,3.46,3.52,2,7,2,5,57,45,0.71,0.01,0.9,0.1,5.45,3.8,1.07,3.7,1.04,1.08,2.56,1.74,3.05,4.66,4.22,2.69,4.88,1.6,4.92,1652,1553,0,5,3.98,2
0.62,0.24,0.28,2.4,3.12,0.46,0.72,0.5,6.8,5.0,1.59,1.44,4.97,4.04,7,6,5,5,55,45,0.68,0.2,0.33,0.67,3.13,1.67,4.61,3.1,4.96,3.97,2.13,2.6,3.1,4.35,3.42,2.47,4.93,4.94,4.16,1829,1753,1,1,1.91,0
0.01,0.98,3.33,0.23,2.36,1.63,3.41,3.11,6.4,3.7,3.86,1.69,3.12,1.37,4,4,1,3,63,35,0.32,0.47,0.87,0.13,3.91,4.51,3.2,3.47,1.83,3.88,4.23,3.85,4.47,2.24,1.04,3.68,3.91,3.92,2.37,1409,1834,1,3,2.08,2
0.01,0.64,2.39,0.82,0.36,2.3,1.79,3.6,7.3,7.3,4.39,1.36,1.19,4.03,2,3,4,0,44,56,0.77,0.72,0.53,0.47,3.56,4.83,1.55,2.51,1.64,3.23,1.37,3.95,1.85,2.11,1.36,4.15,3.18,4.46,1.21,1528,1422,0,3,3.62,2
0.59,0.67,2.61,0.46,2.09,2.5,1.92,2.71,7.7,4.5,4.11,1.41,2.2,4.22,3,6,1,0,56,45,0.05,0.35,0.65,0.35,5.88,3.62,1.56,1.84,1.68,3.15,4.29,3.61,3.02,2.35,4.7,2.28,3.21,1.92,4.71,2074,1652,1,3,4.4,2
0.7,0.72,1.54,1.69,3.29,1.11,1.76,4.31,7.7,2.6,3.53,4.57,2.72,2.26,2,3,5,0,49,53,0.61,0.36,0.72,0.28,5.92,4.3,4.99,1.76,1.76,2.6,4.93,3.11,4.49,2.31,2.33,3.13,2.15,2.87,2.8,1653,1993,0,4,2.11,0
0.27,0.02,3.47,3.36,1.2,2.75,2.77,2.88,7.4,1.8,4.78,1.93,2.28,4.32,2,5,3,0,65,33,0.89,0.05,0.18,0.82,3.75,4.54,2.84,2.21,2.79,2.72,2.31,4.83,1.57,4.9,4.62,3.65,2.11,4.18,1.11,1983,2011,0,1,3.89,2
0.09,0.79,2.67,1.77,1.74,3.49,2.87,2.84,7.5,6.9,2.1,3.61,2.59,3.63,3,3,6,2,52,47,0.16,0.16,0.33,0.67,2.16,3.9,3.77,4.57,4.4,3.64,4.19,4.12,4.57,4.06,2.86,1.56,3.59,1.84,4.04,2024,1405,1,2,4.8,1
0.75,0.59,0.25,2.38,2.21,0.74,1.32,2.36,1.0,6.9,1.93,3.4,4.04,2.72,2,5,2,6,52,46,0.19,0.06,0.2,0.8,2.2,1.57,4.01,4.85,2.72,4.96,4.38,2.6,4.78,2.0,1.09,4.03,1.25,3.58,4.57,2040,1560,1,3,2.72,0
0.54,0.59,2.86,2.52,0.3,0.97,3.86,4.37,3.1,2.0,3.76,2.56,1.23,3.92,4,4,3,0,64,37,0.39,0.55,0.55,0.45,5.08,3.14,1.31,1.17,4.93,4.42,4.33,4.46,4.19,3.95,2.01,4.24,1.89,1.05,1.49,1728,1996,0,4,2.49,0
0.36,0.25,1.38,2.26,1.78,2.52,1.93,3.85,6.9,6.0,2.12,3.5,1.08,3.86,5,3,1,6,48,53,0.8,0.59,0.9,0.1,2.11,2.81,2.34,4.59,2.77,2.87,3.12,2.17,3.2,1.47,4.52,3.12,3.46,4.44,4.77,1455,1699,0,2,4.76,0
0.18,0.48,3.75,1.73,2.66,1.39,0.94,4.16,4.3,2.3,1.05,4.74,2.84,4.87,5,4,2,2,56,44,0.36,0.97,0.95,0.05,5.36,1.29,3.23,2.13,2.05,3.04,2.32,2.61,3.53,4.83,4.16,3.91,3.12,4.56,1.24,1643,1653,1,4,2.09,0
0.21,0.7,2.69,3.38,2.0,0.68,1.64,3.29,4.1,1.6,1.2,4.25,3.26,1.25,4,2,1,1,56,44,0.99,0.19,0.5,0.5,3.63,1.99,3.68,2.06,1.68,4.78,1.81,2.87,3.89,1.45,3.04,4.61,3.94,3.0,3.34,1676,1829,1,1,1.69,0
0.33,0.09,2.26,2.95,1.13,1.89,3.12,2.96,5.9,3.4,1.05,1.8,3.06,3.0,6,5,4,2,63,38,0.81,0.7,0.87,0.13,5.75,2.95,3.51,3.51,2.68,3.45,2.37,3.8,1.29,4.23,3.57,3.67,1.54,4.69,1.04,1586,2081,0,5,3.31,1
0.36,0.61,1.8,2.08,2.14,0.63,1.87,2.93,3.3,2.9,4.02,2.44,4.98,2.5,7,5,2,3,53,47,0.51,0.33,0.32,0.68,3.16,3.44,2.75,2.64,1.32,4.77,2.77,1.52,4.23,1.81,4.83,2.81,1.76,2.06,2.4,1524,1958,0,3,1.26,2
0.4,0.53,1.16,1.08,2.11,3.36,1.72,2.76,7.8,2.9,2.99,4.38,5.0,1.86,5,6,5,0,44,58,0.84,0.93,0.13,0.87,4.45,4.18,2.4,4.66,1.13,3.16,4.44,4.43,3.83,1.7,4.8,2.36,3.92,3.71,1.4,1468,1457,1,5,3.51,2
0.0,0.98,1.02,1.45,0.61,3.17,0.52,2.09,4.1,5.0,2.41,1.0,2.39,4.34,3,4,1,4,41,56,0.53,0.1,0.61,0.39,5.09,4.83,2.47,3.8,1.74,1.55,4.63,4.73,2.31,4.56,4.9,3.12,4.41,4.42,2.48,1754,1839,0,4,4.01,2
0.59,0.8,2.37,2.03,0.26,1.84,1.05,3.69,7.4,5.6,3.44,3.48,4.72,2.57,2,2,5,3,38,62,0.36,0.14,0.66,0.34,2.07,1.85,2.17,2.43,2.16,1.85,4.45,4.7,3.9,1.75,3.55,4.88,4.67,4.09,4.93,1599,1608,1,5,3.47,2
0.44,0.63,3.55,0.46,1.09,3.32,1.35,0.79,5.3,6.9,3.06,3.97,2.92,2.57,6,2,2,1,50,47,0.78,0.85,0.19,0.81,2.09,4.31,2.85,3.19,2.26,3.15,2.89,2.34,1.38,4.32,1.89,3.21,1.57,4.89,2.52,1760,1564,0,2,2.51,2
0.39,0.25,0.76,3.67,1.64,3.07,3.29,4.43,4.2,1.0,1.65,3.27,1.47,1.6,6,6,0,5,61,38,0.79,0.51,0.04,0.96,5.35,3.77,1.53,1.6,1.47,1.92,4.06,2.97,1.42,4.53,1.86,1.46,1.62,2.34,1.91,1690,1402,0,3,0.7,1
0.3,0.09,1.13,3.34,1.38,3.23,2.53,3.67,5.5,4.9,3.15,3.57,3.48,4.1,6,3,1,0,48,54,0.83,0.93,0.46,0.54,4.01,4.06,1.33,3.25,3.84,2.91,2.17,3.86,4.19,2.74,4.35,4.63,2.94,3.99,4.74,1825,1530,0,3,4.68,1
0.19,0.74,3.17,1.95,0.97,0.96,2.44,0.74,1.1,7.0,3.91,3.1,4.43,4.1,3,7,3,1,35,62,0.23,0.84,0.85,0.15,3.13,4.69,4.55,3.03,4.17,1.69,4.51,1.61,3.14,4.08,4.23,4.43,5.0,1.71,2.82,1677,1457,1,5,0.43,1
0.38,0.78,1.68,1.33,3.33,3.35,0.31,1.46,7.8,3.0,2.84,3.76,3.0,1.74,6,5,5,1,59,40,0.96,0.69,0.43,0.57,5.55,2.74,3.9,1.35,2.2,4.43,3.32,2.11,1.36,3.46,3.92,3.91,4.53,3.81,4.62,1916,1967,0,5,2.42,0
0.66,0.99,1.67,1.96,3.28,1.73,2.34,2.1,3.9,2.5,1.19,4.67,1.37,2.95,3,7,3,6,57,43,0.42,0.45,0.56,0.44,2.46,3.06,4.08,4.12,4.08,2.73,4.18,3.7,1.5,1.51,2.89,3.95,4.69,2.79,3.35,1938,1665,0,1,3.07,0
0.22,0.6,1.22,1.56,1.08,1.38,0.35,2.62,4.2,4.1,1.61,4.9,4.51,3.4,7,5,6,5,41,56,0.3,0.87,0.16,0.84,5.19,4.14,4.21,1.38,2.81,4.11,4.03,1.05,3.39,3.89,4.36,2.26,3.78,2.0,4.91,2017,1463,0,4,3.18,0
0.13,0.45,0.79,3.68,1.4,2.56,4.49,3.25,6.4,1.5,2.47,2.39,3.09,4.39,4,6,4,0,42,57,0.81,0.69,0.05,0.95,4.02,4.43,2.63,2.22,2.88,2.99,1.36,1.66,3.54,2.95,4.38,2.37,4.59,4.27,2.15,1649,2079,1,4,0.73,0
0.92,0.05,2.69,3.69,2.23,2.0,1.82,3.02,3.7,6.0,1.38,4.04,2.17,3.45,6,2,2,3,52,46,0.03,0.45,0.02,0.98,2.06,3.6,4.23,3.32,1.95,2.42,2.75,1.36,1.16,2.14,4.35,4.17,1.43,3.92,4.75,2067,1485,0,1,0.71,0
0.09,0.02,1.37,1.1,1.93,0.58,2.08,2.11,6.0,5.9,2.26,1.21,2.73,3.9,4,6,5,0,41,59,0.56,0.59,0.37,0.63,4.44,2.42,2.88,4.69,4.67,4.36,1.92,2.69,4.94,4.75,2.29,1.71,3.52,2.87,3.9,1820,1993,0,5,3.28,0
0.61,0.98,1.01,0.72,1.17,1.29,2.93,0.71,7.4,2.2,2.6,1.96,3.39,2.48,6,6,4,1,53,47,0.82,0.41,0.48,0.52,3.06,2.14,2.34,1.85,4.42,4.4,4.01,2.71,3.63,4.78,4.13,3.86,1.32,1.51,3.99,1600,1723,0,4,3.61,1
0.9,0.61,1.89,3.33,1.43,2.59,2.81,0.69,2.7,6.3,4.97,3.9,4.62,2.48,3,6,6,0,56,45,0.24,0.94,0.86,0.14,3.06,1.51,1.08,2.4,3.59,1.56,4.11,1.16,1.74,1.87,2.77,4.02,4.94,2.36,3.33,1730,1469,1,3,1.7,2
0.3,0.08,1.09,0.83,1.66,2.05,0.85,1.61,5.8,6.6,3.95,3.79,3.3,4.48,4,6,5,5,56,44,0.97,0.51,0.61,0.39,2.1,2.84,1.74,3.31,2.8,4.21,1.84,3.54,4.05,3.72,3.35,2.13,3.65,1.86,3.45,2047,1800,0,2,0.12,2
0.64,0.57,2.66,0.77,1.09,1.21,3.52,2.04,5.3,3.5,2.3,3.56,4.5,3.31,7,6,5,1,51,47,0.89,0.78,0.79,0.21,3.29,4.32,1.7,3.94,1.19,4.05,2.87,4.61,4.17,1.46,2.33,2.1,4.19,2.32,2.53,1704,1540,0,2,1.96,2
0.17,0.64,1.85,0.34,0.3,1.95,3.65,1.81,4.8,1.0,2.94,3.36,2.65,4.42,2,3,1,3,39,60,0.26,0.6,0.75,0.25,5.61,3.76,4.47,1.52,1.08,4.57,1.57,2.59,2.69,3.7,2.32,1.73,2.48,1.26,1.04,1469,1668,0,1,3.04,1
0.28,0.64,1.5,0.29,2.94,1.83,4.44,1.57,7.6,1.3,2.2,2.38,4.93,3.09,4,4,4,4,53,48,0.39,0.75,0.94,0.06,4.69,1.47,3.27,3.55,4.41,2.78,3.02,3.7,3.76,4.41,3.57,3.92,4.01,4.01,1.85,2063,1673,1,1,2.96,0
0.43,0.6,1.18,2.31,1.43,2.11,0.7,0.29,4.3,6.0,1.03,1.74,2.87,4.14,5,6,0,6,60,43,0.52,0.7,0.44,0.56,5.56,3.4,2.53,1.27,2.35,3.51,3.8,4.88,1.66,2.56,1.06,3.19,2.98,1.1,3.98,1968,1449,0,1,0.61,0
0.1,0.49,2.41,0.46,3.22,2.64,1.62,4.44,6.5,5.4,1.29,2.95,3.66,2.7,5,4,0,6,43,55,0.03,0.65,0.11,0.89,3.09,2.21,3.35,1.84,2.92,4.84,1.62,1.93,1.66,2.59,3.79,1.42,4.08,2.59,2.71,1799,2078,1,2,0.86,0
0.11,0.74,1.08,3.63,2.8,2.79,3.42,3.92,1.0,5.5,1.29,3.3,3.13,1.51,5,4,3,2,36,63,0.34,0.58,0.79,0.21,2.58,1.39,4.45,1.73,2.41,1.6,3.53,2.82,1.61,2.2,3.63,2.62,2.97,2.56,1.95,1684,1896,1,3,4.23,0
0.11,0.72,1.5,1.57,0.89,1.4,0.95,3.39,4.7,4.1,3.74,2.82,4.5,1.24,3,6,2,6,62,37,0.52,0.19,0.76,0.24,5.89,4.52,4.23,1.51,1.86,2.97,4.84,3.63,1.61,1.58,4.32,1.55,2.93,3.14,2.67,1850,1632,0,5,3.05,2
0.99,0.38,1.9,1.85,0.65,3.18,3.87,0.29,7.6,4.9,1.22,1.02,1.28,1.36,4,4,2,4,57,44,0.64,0.61,0.73,0.27,3.09,2.4,1.92,2.05,1.47,4.41,4.97,3.58,1.97,4.06,2.28,3.56,3.39,4.32,1.47,1470,1687,0,4,0.18,2
0.98,0.22,1.61,0.92,3.44,1.49,2.75,1.01,1.5,7.7,1.97,2.96,4.53,2.96,7,3,4,1,35,66,0.89,0.84,0.73,0.27,3.08,4.42,2.78,1.93,3.56,3.71,3.31,2.15,1.11,4.76,1.15,4.61,3.9,3.2,3.47,1564,1858,1,2,0.72,1
0.98,0.75,0.64,2.01,0.62,2.98,4.31,3.79,5.4,5.1,2.45,1.68,1.66,3.21,7,4,0,1,54,49,0.42,0.95,0.27,0.73,4.09,2.29,2.77,2.3,2.24,2.48,3.66,4.71,3.05,2.31,4.22,1.94,1.47,4.25,1.35,1467,2010,1,4,0.09,1
0.32,0.92,2.24,3.63,0.38,2.2,3.56,1.14,7.4,3.9,4.09,1.37,1.65,3.94,5,2,3,5,38,62,0.07,0.7,0.75,0.25,5.82,1.05,3.43,2.0,3.47,2.99,1.43,1.63,1.91,4.12,2.19,3.94,2.64,4.01,4.89,1427,1718,0,1,0.79,0
0.96,0.09,0.37,1.58,0.74,0.21,0.79,1.0,2.6,7.6,3.35,4.27,1.58,3.12,2,6,3,0,35,65,0.34,0.73,0.62,0.38,4.3,4.78,4.32,1.66,4.25,3.47,4.87,3.21,3.06,2.08,4.39,2.46,4.64,2.64,3.82,1925,1842,0,2,0.48,0
0.88,0.36,1.8,1.01,3.28,0.41,3.68,3.95,6.3,1.2,2.4,2.12,3.59,3.5,4,7,4,3,53,45,0.57,0.14,0.49,0.51,3.22,3.83,4.32,3.56,1.77,1.72,2.63,1.34,2.93,3.23,1.9,2.39,2.14,2.35,3.04,1421,1459,0,1,4.2,1
0.84,0.64,1.55,1.76,2.84,0.57,0.26,1.65,5.5,4.5,1.82,2.43,1.0,4.14,2,2,0,3,49,54,0.78,0.29,0.07,0.93,3.59,3.25,4.98,1.07,3.37,1.33,4.43,2.41,3.41,3.7,2.65,2.46,2.42,1.63,1.81,1881,1958,1,1,0.85,0
0.51,0.24,3.52,1.91,3.36,2.26,4.15,3.29,7.5,3.0,1.42,3.52,1.01,3.6,5,7,2,1,38,61,0.53,0.54,0.88,0.12,4.37,3.13,3.54,3.22,1.84,4.93,4.27,2.4,3.3,1.32,3.75,4.36,3.21,4.71,3.34,1661,1710,1,2,4.36,0
0.12,0.43,2.92,3.04,2.61,1.85,0.23,1.9,6.8,7.3,1.96,4.44,3.25,1.45,5,4,1,0,43,54,0.61,0.17,0.78,0.22,3.4,3.14,4.88,4.48,2.23,1.48,1.28,1.52,2.74,1.84,4.78,3.82,1.75,1.1,2.35,1822,1794,0,5,2.01,1
1.0,0.84,1.95,2.2,2.23,1.17,2.67,0.64,2.2,6.3,3.69,2.05,1.46,1.06,2,5,0,4,38,64,0.39,0.96,0.35,0.65,5.01,4.0,1.06,4.1,3.81,1.82,2.39,1.23,4.01,1.33,2.29,4.34,1.25,1.1,2.92,1903,2039,0,5,3.18,2
0.47,0.48,3.27,2.38,3.26,0.26,1.31,3.9,6.1,3.4,4.29,3.92,4.59,3.67,2,5,1,4,37,66,0.67,0.05,0.37,0.63,3.16,3.01,4.3,1.08,4.36,1.69,3.05,4.78,2.52,2.95,3.85,4.36,3.04,4.85,2.57,1603,1767,0,5,4.34,0
0.95,0.17,3.18,1.14,1.75,3.49,2.04,2.38,7.4,2.9,4.36,4.19,3.4,4.41,6,7,0,3,50,48,0.36,0.64,0.09,0.91,2.27,1.44,1.32,1.26,1.77,1.94,1.49,1.97,3.12,4.85,1.19,4.36,1.75,3.41,1.48,1813,2037,1,1,0.64,2
0.93,0.16,2.64,0.75,1.96,2.9,4.41,0.57,5.1,6.3,2.67,1.15,2.45,2.59,6,6,0,6,36,63,0.58,0.72,0.73,0.27,5.45,1.64,4.02,1.5,3.5,1.58,1.28,1.53,1.21,2.84,4.55,2.16,3.09,4.94,3.78,1836,1690,0,4,4.37,1
0.28,0.19,1.55,3.59,0.54,2.11,0.34,4.35,5.5,2.7,1.84,1.51,2.15,2.23,2,4,1,4,55,44,0.21,0.56,0.03,0.97,2.07,1.13,2.45,1.12,1.78,3.74,1.2,2.72,2.52,1.05,3.45,4.51,2.27,4.86,1.13,2060,1503,0,4,1.2,0
0.76,0.41,2.47,2.22,2.48,0.76,1.08,0.46,4.9,3.0,1.21,3.17,2.51,1.05,3,2,0,2,63,34,0.22,0.46,0.21,0.79,2.91,1.67,1.11,4.4,4.16,1.64,1.81,4.8,1.22,3.47,1.67,4.68,3.93,4.89,4.61,1995,1797,0,4,4.75,0
0.84,0.23,2.72,2.01,3.32,0.39,0.23,0.39,1.6,4.1,2.04,1.51,3.94,4.13,7,6,0,4,36,64,0.09,0.98,0.22,0.78,2.08,2.38,4.23,4.31,3.93,1.14,1.38,4.56,4.36,1.74,4.49,1.18,2.51,1.09,3.09,1587,1893,1,5,0.82,0
0.87,0.76,0.65,3.44,2.12,2.95,0.72,2.27,2.7,2.5,3.36,3.39,4.84,1.13,3,3,0,6,47,50,0.65,0.16,0.16,0.84,4.56,3.62,4.74,1.03,4.34,2.11,3.24,2.27,3.3,1.81,4.12,1.31,2.41,2.45,3.82,1521,1655,1,1,1.03,0
0.78,0.92,3.32,2.65,2.13,3.45,1.57,3.77,8.0,5.3,4.54,4.74,4.86,4.93,7,2,5,4,64,37,0.62,0.34,0.52,0.48,4.95,4.54,1.84,3.85,1.27,1.34,3.29,1.1,4.48,2.83,2.0,4.13,2.28,3.8,2.64,1975,2084,0,5,1.07,2
0.67,0.77,1.22,1.23,3.08,1.22,3.27,1.57,5.1,6.6,2.61,3.83,1.02,4.52,6,7,1,3,49,54,0.2,0.87,0.64,0.36,4.76,2.12,3.59,2.07,1.76,1.87,3.34,4.52,1.01,2.75,4.78,2.57,4.5,2.12,4.93,1464,1420,1,4,3.76,0
0.9,0.18,2.1,2.51,2.95,2.96,1.9,1.06,1.5,7.6,2.6,3.69,3.95,4.34,6,2,5,1,40,62,0.62,0.33,0.94,0.06,5.95,3.37,2.42,3.37,2.46,2.52,4.12,4.87,4.31,4.68,4.07,1.39,1.96,1.62,1.53,1559,1483,1,5,4.7,1
0.74,0.05,1.21,0.6,1.61,3.38,3.68,1.08,3.8,5.6,1.88,2.29,4.2,1.84,3,7,6,4,61,40,0.7,0.87,0.9,0.1,4.75,3.57,4.94,3.77,2.17,2.47,1.87,2.73,3.81,4.76,3.57,2.7,1.34,1.16,2.46,1560,1458,0,3,0.38,2
0.67,0.05,1.03,3.51,1.77,3.17,2.04,0.83,5.2,7.4,4.22,4.13,3.13,3.86,4,7,0,2,51,46,0.81,0.09,0.6,0.4,4.6,2.72,2.81,2.4,2.45,1.2,2.89,1.23,1.46,3.87,3.27,2.75,1.36,2.28,4.9,1449,1447,1,2,3.67,1
0.33,0.22,3.33,3.12,1.51,1.29,0.91,4.14,1.3,7.2,4.34,4.74,2.63,2.05,6,4,0,1,43,56,0.32,0.58,0.73,0.27,4.76,1.43,1.02,1.36,2.19,2.78,2.6,2.69,2.43,3.17,4.39,2.52,1.21,3.9,4.01,1850,1663,0,2,2.39,1
0.88,0.37,3.69,0.96,2.51,1.02,2.03,2.72,5.7,7.2,3.66,2.42,3.12,3.43,4,7,6,3,42,56,0.25,0.78,0.22,0.78,4.01,1.16,4.42,4.21,1.74,3.81,4.3,4.1,2.82,1.94,1.66,1.52,1.43,3.91,4.08,1818,1651,1,4,0.93,2
0.89,0.3,0.32,3.36,2.86,3.16,3.03,3.62,5.0,7.9,4.43,3.2,4.83,2.52,5,6,1,1,36,66,0.35,0.69,0.97,0.03,3.24,3.9,3.4,3.62,1.44,1.49,2.52,1.66,4.48,1.04,4.05,3.29,1.16,4.04,2.29,1772,1749,1,2,1.55,2
0.89,0.9,2.19,1.18,3.47,2.62,2.79,1.93,5.0,2.3,1.5,1.84,3.2,2.68,5,4,6,5,59,39,0.35,0.49,0.4,0.6,5.84,2.94,3.1,2.1,3.0,4.04,4.86,4.5,3.34,2.21,1.1,3.34,1.21,4.63,3.31,1517,1445,0,5,1.86,1
0.21,0.36,2.46,1.96,1.6,1.83,2.53,1.32,4.6,4.3,2.97,2.11,4.1,2.22,7,7,4,4,49,49,0.32,0.53,0.81,0.19,4.37,3.84,4.72,4.36,1.63,1.03,4.96,2.08,1.57,1.47,2.56,1.28,1.41,4.75,4.38,1641,1635,1,2,2.37,2
0.8,0.79,3.07,2.05,0.84,1.69,3.53,4.14,4.4,6.5,1.76,4.42,2.11,3.19,5,5,3,5,65,37,0.43,0.3,0.0,1.0,2.07,3.27,3.61,4.94,4.71,3.01,1.95,2.5,1.51,4.56,1.99,3.26,2.45,2.64,1.55,1476,1622,0,4,2.14,0
0.63,0.37,2.06,3.1,2.12,0.88,2.56,1.51,2.9,1.7,2.32,2.39,2.01,1.86,3,5,1,4,57,40,0.31,0.42,0.17,0.83,2.75,4.37,4.37,2.91,1.88,1.73,4.71,1.68,1.92,1.14,4.2,3.66,2.46,4.44,4.33,1672,1739,1,5,3.05,0
0.09,0.61,0.23,0.21,2.08,1.68,1.63,4.38,6.1,3.9,4.05,4.0,3.53,1.92,2,2,4,2,43,55,0.87,0.54,0.37,0.63,5.98,1.92,1.43,2.61,3.54,2.97,4.01,4.1,1.29,3.08,1.38,4.03,3.5,1.02,2.09,1425,1982,0,3,3.96,1
0.57,0.81,2.06,3.13,1.12,1.28,0.37,0.55,6.5,3.6,2.66,2.91,4.51,2.18,5,6,6,5,47,51,0.72,0.13,0.38,0.62,5.68,2.58,3.46,4.35,3.82,3.81,2.3,3.88,1.42,3.88,5.0,4.7,3.48,1.63,3.55,1817,1894,1,2,4.8,2
0.27,0.07,2.56,2.11,2.65,2.01,2.05,4.35,6.1,7.8,4.5,4.29,1.39,1.48,2,2,2,2,54,46,0.35,0.61,0.61,0.39,3.39,4.44,4.24,1.16,2.03,4.19,2.29,4.64,3.25,3.79,2.75,4.25,4.46,2.88,1.86,1842,1969,1,2,4.79,1
0.53,0.21,0.92,3.79,1.0,1.3,1.47,3.11,3.7,6.0,2.03,2.53,2.75,2.34,2,7,0,3,48,54,0.97,0.85,0.43,0.57,2.42,4.24,1.11,4.71,1.12,2.3,3.91,3.23,1.75,2.17,4.29,3.6,1.69,3.88,2.07,1604,1756,1,5,1.53,2
0.96,0.01,2.61,3.11,1.23,3.17,3.18,0.23,2.4,5.3,1.55,2.52,4.24,4.92,7,5,2,5,48,55,0.71,0.63,0.25,0.75,5.12,1.68,1.59,4.09,4.71,1.15,4.16,3.88,3.23,1.94,1.2,2.06,2.89,3.38,2.02,1733,1448,1,1,4.34,1
0.15,0.91,2.66,1.09,0.56,0.88,1.98,3.01,2.9,3.8,3.27,4.41,4.33,2.32,4,3,4,4,63,39,0.43,0.71,0.6,0.4,3.09,1.14,2.3,4.96,2.14,1.65,4.42,3.64,1.73,1.21,1.48,2.13,1.37,3.77,4.07,1791,1470,1,4,3.05,2
0.02,0.41,1.68,1.57,1.68,0.74,3.02,4.36,2.0,1.8,4.96,1.07,1.49,4.06,3,3,4,5,53,48,0.47,0.68,0.31,0.69,5.36,1.42,1.9,4.26,4.19,4.73,4.85,3.03,2.02,3.81,4.97,5.0,2.31,3.34,3.15,1669,1625,1,4,2.06,1
0.09,0.28,2.75,0.95,1.12,3.49,4.3,0.6,2.1,3.0,2.22,1.18,3.85,4.43,6,3,2,4,65,36,0.15,0.48,0.89,0.11,3.33,2.68,1.8,1.58,4.94,4.25,5.0,1.67,4.45,2.44,2.79,2.15,4.43,2.86,1.91,1940,1562,1,3,3.59,2
0.78,0.69,2.5,0.44,0.62,1.04,0.79,0.58,3.1,3.0,3.84,1.51,4.28,1.0,7,4,0,2,52,51,0.58,0.72,0.38,0.62,3.03,3.66,1.48,3.65,2.85,2.97,4.21,4.99,2.57,2.35,4.72,2.21,1.99,1.87,2.36,1764,1867,1,4,0.74,2
0.45,0.77,0.94,0.39,0.55,3.21,2.9,0.39,3.4,2.7,3.9,3.91,3.6,3.71,7,5,5,0,57,42,0.77,0.27,0.86,0.14,2.19,1.33,3.94,2.9,4.81,4.15,4.35,4.96,4.86,4.97,2.15,3.46,1.83,3.47,3.53,1722,1698,0,2,2.93,0
0.95,0.99,1.35,2.24,0.75,0.9,1.47,0.55,2.7,6.5,1.84,2.35,3.2,2.96,3,5,1,5,62,35,0.59,0.17,0.41,0.59,2.89,1.29,2.65,4.03,1.27,2.66,2.34,2.86,4.05,3.99,2.07,4.13,3.84,3.52,3.93,1718,1764,1,1,1.89,1
0.25,0.49,2.5,2.56,0.26,0.59,2.06,0.29,6.3,4.5,1.82,2.0,4.24,1.16,3,6,1,1,51,48,0.78,0.52,0.07,0.93,3.04,4.21,1.24,1.43,1.14,2.75,4.52,4.92,3.71,1.54,4.14,4.17,3.92,1.78,4.75,1906,2043,1,5,2.73,2
0.67,0.1,1.18,0.78,1.3,1.42,3.18,0.44,3.0,5.5,1.2,2.2,3.15,1.74,6,3,4,2,36,63,0.35,0.04,0.88,0.12,5.71,1.09,3.47,1.25,4.93,3.81,2.61,4.77,4.25,3.22,3.94,3.62,4.96,4.6,4.86,1676,1813,0,4,0.09,0
0.35,0.29,3.18,1.12,1.99,1.05,1.39,4.0,2.9,4.6,2.21,4.23,2.85,4.72,2,3,6,5,46,53,0.0,0.0,0.1,0.9,2.98,2.99,5.0,1.92,1.69,2.31,1.05,1.77,3.81,3.77,1.47,1.66,1.84,2.87,4.2,2036,1538,1,3,0.78,0
0.43,0.26,2.27,3.78,0.42,1.39,1.4,2.83,5.3,7.9,3.1,2.79,4.12,4.44,4,5,0,5,53,46,0.63,0.91,0.84,0.16,2.82,2.02,2.46,2.24,2.3,4.96,4.53,4.94,5.0,3.13,1.49,1.59,4.53,2.76,2.22,1531,2079,1,4,3.98,0
0.44,0.57,3.1,2.73,3.33,0.41,2.77,2.47,1.8,7.0,4.64,2.64,2.86,2.79,7,3,1,3,44,58,0.13,0.54,0.53,0.47,2.7,3.02,2.39,1.03,1.45,2.46,3.46,4.1,4.03,2.51,3.04,4.94,1.72,1.25,4.45,1668,1893,1,5,1.23,1
0.56,0.09,2.8,1.45,1.65,2.1,1.77,1.02,3.1,1.9,4.39,2.9,2.79,1.99,3,2,5,6,64,39,0.31,0.5,0.02,0.98,5.11,1.66,2.49,2.06,4.99,1.8,4.9,3.46,1.2,4.08,3.59,3.79,2.02,1.03,2.86,1921,1999,0,2,0.67,1
0.19,0.05,1.33,2.34,2.05,1.47,1.55,0.86,7.4,7.7,4.78,4.12,3.11,1.24,5,3,1,5,41,59,0.75,0.0,0.75,0.25,2.93,4.18,4.48,4.7,4.97,1.53,4.59,2.03,3.06,2.99,1.68,4.8,3.21,2.95,3.46,1904,1837,1,1,4.3,2
0.7,0.96,1.91,1.76,1.63,2.14,2.85,1.33,3.9,7.6,3.16,4.49,1.76,2.95,4,6,4,2,38,59,0.45,0.55,0.86,0.14,5.68,2.67,3.78,1.05,3.5,2.6,4.6,2.26,4.72,2.58,4.69,1.93,4.07,2.24,2.66,1693,1956,0,3,3.89,0
0.65,0.47,1.27,2.91,0.44,1.34,0.37,3.98,7.4,2.7,2.08,1.6,1.85,1.59,6,3,2,1,45,55,0.07,0.48,0.4,0.6,3.35,1.39,3.85,1.92,2.1,2.02,1.06,2.8,3.62,2.53,1.07,4.2,2.9,2.25,2.18,1665,1920,0,5,2.52,0
0.59,0.52,2.6,0.33,0.42,0.98,3.94,3.1,2.2,4.1,3.04,4.1,1.4,2.36,4,3,5,1,52,50,0.58,0.1,0.35,0.65,5.97,4.01,1.43,4.96,3.8,1.37,2.01,3.0,2.24,1.21,4.17,4.15,1.1,2.72,3.44,1800,1574,1,3,1.56,2
0.0,0.05,3.58,2.3,0.7,1.04,4.3,3.35,5.5,1.6,4.66,1.52,4.02,3.57,3,5,4,6,49,51,0.04,0.25,0.83,0.17,3.39,2.39,4.38,3.46,1.47,4.21,4.93,1.85,3.06,2.55,3.1,3.23,2.2,1.93,4.07,1520,1921,0,4,1.04,2
0.82,0.03,0.94,1.35,1.46,2.34,0.49,0.58,6.0,6.9,2.21,1.19,1.6,1.8,4,7,1,5,54,48,0.07,0.64,0.31,0.69,3.95,2.79,3.47,4.38,2.05,3.5,1.98,2.48,1.87,1.51,2.65,2.98,2.01,1.49,4.61,1765,1508,0,4,0.1,2
0.96,0.93,2.55,3.24,1.52,1.37,3.56,2.93,4.2,2.3,4.48,2.79,3.25,2.2,2,4,4,0,38,59,0.65,0.12,0.38,0.62,5.4,1.08,4.99,4.98,1.39,4.97,3.16,1.04,3.81,1.9,3.96,1.99,2.93,1.1,4.86,1536,2032,1,5,4.57,2
0.65,0.5,3.37,1.05,0.57,3.49,0.79,1.86,7.0,2.6,3.6,4.16,1.28,2.13,6,4,4,2,54,43,0.42,0.29,0.73,0.27,2.33,1.37,3.03,3.65,4.92,1.15,4.45,4.21,4.59,3.36,2.72,2.37,2.89,2.22,4.18,1837,1903,1,5,3.35,2
0.32,0.7,0.6,2.28,0.22,0.48,1.74,3.89,6.8,2.1,3.93,1.1,1.84,2.75,3,6,2,1,39,58,0.52,0.88,0.21,0.79,5.07,2.07,4.44,3.74,4.62,4.71,3.57,2.42,3.41,4.37,1.84,1.77,4.69,1.11,3.32,1984,1798,0,2,0.85,0
0.23,0.16,0.55,1.75,3.36,1.53,3.58,1.27,1.5,4.5,2.53,2.24,3.27,3.61,2,2,3,6,54,44,0.92,0.12,0.89,0.11,3.37,1.89,1.16,2.17,2.58,1.14,3.74,4.73,3.78,1.11,2.9,2.13,1.63,3.64,4.86,2057,1799,1,4,4.74,0
0.29,0.8,3.52,3.63,1.32,1.29,0.94,2.34,6.4,1.5,1.2,4.53,1.42,3.86,2,5,0,2,61,42,0.43,0.7,0.25,0.75,2.04,1.41,2.31,1.88,3.34,3.32,4.9,4.64,1.67,3.58,3.66,1.22,3.73,1.74,2.91,2039,1956,0,3,0.44,0
0.44,0.05,2.69,3.34,1.87,2.61,2.84,2.38,2.1,2.5,3.5,3.69,2.9,2.06,5,7,5,5,57,45,0.3,0.43,0.43,0.57,4.09,3.77,4.47,4.84,1.87,1.3,2.65,1.95,4.84,2.27,2.13,4.67,3.2,3.81,1.03,1842,2097,1,3,1.48,2
0.15,0.22,1.02,2.02,2.04,2.54,1.21,3.32,2.3,7.4,1.89,4.85,1.31,4.58,5,3,3,5,47,50,0.73,0.63,0.87,0.13,2.19,2.75,4.72,4.07,1.28,3.01,2.2,3.17,2.81,2.8,2.35,4.67,3.47,3.01,2.48,1657,1617,0,2,4.91,0
0.98,0.82,0.42,1.13,2.24,2.56,1.71,4.13,5.1,7.5,4.62,4.4,3.18,2.37,3,4,0,6,45,57,0.81,0.58,0.01,0.99,5.49,2.77,4.41,3.38,2.01,1.81,4.21,2.68,4.56,3.1,1.63,1.73,4.55,3.02,2.14,1742,1863,1,3,3.33,1
0.55,0.65,3.14,3.13,1.88,2.84,4.25,3.93,2.5,8.0,2.93,4.26,4.71,2.06,2,7,5,0,59,44,0.53,0.67,0.39,0.61,2.36,1.67,1.88,4.65,2.19,3.82,1.63,4.05,3.46,1.53,1.14,4.52,3.68,2.34,1.67,1884,2040,1,5,1.8,2
0.21,0.81,1.6,2.15,3.18,0.83,2.39,3.39,4.0,2.3,4.44,2.75,2.06,3.11,4,4,6,1,57,44,0.08,0.05,0.07,0.93,4.04,1.96,1.75,2.6,4.19,2.02,3.0,3.05,4.23,1.88,1.61,4.49,1.99,1.87,2.28,1521,1559,0,5,1.13,0
0.47,0.81,1.59,3.55,1.8,0.96,0.62,0.69,7.3,2.5,4.43,1.42,3.91,1.35,5,4,5,2,48,55,0.08,0.17,0.32,0.68,3.23,1.12,4.25,2.91,2.99,3.65,1.39,2.23,1.8,2.2,4.34,1.56,3.73,4.28,3.45,1910,1656,1,3,4.39,1
0.14,0.87,0.94,1.33,3.24,0.89,3.37,4.22,5.2,7.7,4.2,1.13,3.45,2.35,7,3,1,3,42,58,0.6,0.71,0.45,0.55,2.97,4.89,1.89,1.72,2.87,1.87,4.7,2.72,2.25,2.18,2.41,1.22,4.23,4.0,4.45,1461,1597,1,3,1.77,2
0.94,0.54,1.04,2.69,2.33,2.84,4.38,2.15,4.9,7.4,3.99,3.39,4.51,3.33,5,7,2,6,61,40,0.01,0.25,0.12,0.88,3.84,3.17,2.38,1.88,4.06,2.71,4.29,1.71,3.75,1.52,4.26,4.06,3.12,1.22,1.98,2083,1856,1,2,0.88,1
0.4,0.51,1.44,0.35,0.77,1.53,0.98,3.11,6.8,3.1,4.82,4.53,3.32,2.35,5,7,1,5,61,37,0.23,0.83,0.41,0.59,4.35,1.81,1.44,4.91,3.3,3.0,4.05,2.39,3.11,2.23,4.21,3.34,2.88,3.65,2.42,1435,1778,0,1,3.36,2
0.23,0.68,0.9,3.01,3.07,3.21,0.52,1.19,7.3,2.2,3.79,4.32,4.28,3.3,5,6,5,5,53,46,0.11,0.29,0.64,0.36,3.43,3.59,4.12,1.97,3.79,3.44,3.17,2.18,1.02,3.26,2.27,4.94,2.76,1.49,2.73,1686,1546,0,3,0.7,0
0.98,0.83,0.53,1.56,1.99,1.57,0.54,1.68,4.6,3.6,3.03,3.97,4.43,3.71,5,3,2,4,44,59,0.41,0.77,0.07,0.93,2.91,1.64,2.15,2.99,4.11,3.22,1.91,4.86,3.16,1.24,1.7,4.17,4.28,4.15,1.85,1888,2037,0,5,3.66,0
0.4,0.27,3.66,0.82,0.22,2.86,4.04,4.4,7.3,2.6,2.06,3.43,2.57,3.87,4,7,3,3,37,66,0.04,0.87,0.53,0.47,4.91,1.44,1.21,1.78,1.22,3.96,3.4,3.93,2.99,2.05,4.46,3.92,3.39,1.7,2.23,1406,2010,0,4,2.14,2
0.13,0.74,0.82,0.98,1.7,2.44,1.84,3.31,4.4,1.1,3.79,1.63,3.04,1.44,6,7,2,1,38,63,0.11,0.65,0.08,0.92,4.11,3.39,2.98,1.66,3.8,3.85,1.98,1.02,2.54,2.9,1.46,4.34,3.95,2.41,4.35,1721,1746,1,3,2.33,2
0.52,0.41,3.61,2.98,3.13,2.3,2.16,1.91,7.0,2.6,3.63,2.93,4.92,1.91,7,4,4,2,48,55,0.92,0.5,0.45,0.55,2.48,3.26,1.16,4.04,2.0,3.63,3.29,1.41,4.77,1.01,4.58,1.79,1.93,2.19,2.21,1727,1477,1,4,3.8,2
0.33,0.88,0.32,1.7,2.5,2.83,2.21,0.83,5.3,6.3,1.14,2.44,4.29,3.78,5,3,2,3,44,59,0.13,0.61,0.29,0.71,5.7,1.97,4.04,2.34,1.19,1.55,2.38,3.09,2.8,3.96,2.74,1.1,4.44,1.89,4.04,1952,1873,0,4,2.71,0
0.1,0.23,0.86,0.59,2.44,3.14,1.2,2.26,8.0,4.7,2.65,3.88,1.68,2.41,3,3,6,5,37,65,0.83,0.63,0.09,0.91,2.78,4.07,4.04,2.01,1.74,1.21,1.9,3.07,1.12,2.54,4.78,1.45,3.85,2.78,1.88,1525,1844,0,4,1.77,1
0.69,0.35,3.47,1.9,3.14,2.67,1.55,0.61,4.2,4.0,1.24,2.11,4.74,4.25,3,7,1,3,55,48,0.12,0.05,0.67,0.33,4.21,2.46,4.08,4.9,3.19,4.11,2.53,3.67,2.5,3.29,2.15,1.09,3.96,4.49,2.7,1709,1581,1,2,4.25,2
0.8,0.15,2.68,0.28,0.65,2.52,3.9,1.56,5.6,4.7,3.82,2.6,2.41,4.9,3,4,6,4,62,38,0.32,0.45,0.25,0.75,2.45,4.59,4.41,2.56,4.84,4.87,4.82,4.87,4.07,3.08,4.62,2.45,2.96,3.87,3.56,1604,1874,1,3,1.78,2
0.55,0.52,1.03,0.84,1.7,1.59,0.26,1.95,1.2,3.5,2.55,1.32,4.24,4.01,4,5,5,6,39,62,0.12,0.15,0.34,0.66,3.2,3.83,2.75,1.75,3.33,1.16,3.02,1.92,4.4,3.46,2.73,3.9,2.71,1.69,3.35,2048,1753,0,1,2.93,2
0.33,0.79,3.73,1.21,1.8,2.72,1.23,3.44,2.1,7.6,2.69,4.26,1.65,4.83,7,5,4,1,65,33,0.66,0.06,0.18,0.82,3.21,4.51,4.51,2.89,2.16,4.94,3.69,4.65,4.63,1.02,4.51,2.67,3.64,2.71,2.62,1950,1486,0,4,4.81,1
0.25,0.38,1.98,0.27,2.4,0.84,2.71,3.38,5.6,4.7,3.98,4.36,1.07,1.79,7,6,4,4,48,51,0.01,0.4,0.66,0.34,5.88,1.48,1.14,4.49,2.09,2.92,4.69,2.6,2.06,1.33,3.76,3.54,4.91,2.13,3.76,1793,1877,0,4,0.1,2
0.62,0.64,1.68,3.55,2.04,2.88,3.42,1.23,4.9,5.7,2.95,2.16,4.56,1.2,3,6,1,1,46,52,0.32,0.02,0.97,0.03,2.12,2.38,4.65,1.74,2.41,3.92,1.83,2.98,1.44,3.32,2.81,3.24,4.77,2.64,3.51,2014,1812,0,2,2.84,1
0.84,0.9,0.85,0.55,1.43,1.43,3.61,1.46,3.1,5.7,3.75,2.87,3.69,4.69,3,6,1,2,55,48,0.51,0.28,0.62,0.38,4.69,2.54,4.69,3.91,1.01,1.75,4.91,2.65,3.01,4.49,3.88,2.05,4.45,4.73,2.15,1883,1423,1,5,4.49,2
0.08,0.97,2.47,1.79,3.47,2.71,2.3,4.49,3.7,6.1,3.45,3.02,4.02,2.33,6,2,6,0,47,50,0.39,0.55,0.43,0.57,2.12,3.67,2.24,3.66,3.54,3.29,1.32,1.61,2.87,3.24,1.23,3.88,1.27,2.53,4.68,1993,1634,0,1,1.79,2
0.97,0.1,3.27,2.67,3.34,2.08,3.66,1.75,7.4,2.8,2.07,3.04,2.22,2.77,2,5,1,3,36,66,0.01,0.71,0.8,0.2,4.1,1.37,4.17,4.74,2.81,3.2,1.59,2.03,2.07,2.59,2.97,3.67,2.4,3.56,3.44,1996,1632,1,3,1.57,0
0.13,0.19,3.0,3.76,0.47,2.97,3.34,2.19,3.7,6.9,1.26,1.84,2.46,2.55,3,7,5,6,51,50,0.92,0.48,0.23,0.77,3.79,1.08,3.28,1.59,2.1,3.69,4.64,4.53,1.85,1.22,3.45,1.66,2.21,2.8,2.8,2053,1400,1,4,0.2,0
0.37,0.44,3.03,3.07,1.78,1.97,2.17,1.82,3.5,2.5,2.28,1.91,3.88,3.44,6,7,6,2,39,62,0.28,0.77,0.4,0.6,5.6,1.6,4.49,2.81,1.39,1.92,3.61,2.62,2.52,4.28,3.04,1.27,3.45,2.05,3.3,2035,1636,1,1,1.84,0
0.93,0.11,3.06,3.29,2.61,1.36,1.94,2.97,4.0,6.6,1.05,4.07,2.49,1.71,7,2,0,1,52,51,0.36,0.08,0.46,0.54,3.83,4.12,4.51,4.83,4.99,4.16,4.1,4.28,3.45,3.55,1.93,2.49,1.96,1.49,4.97,1630,1417,0,2,3.15,0
0.8,0.52,3.46,1.23,3.38,1.77,3.67,3.18,2.5,6.7,4.69,4.86,1.17,2.79,7,3,5,1,53,44,0.83,0.54,0.67,0.33,5.87,1.79,1.08,3.65,4.66,3.52,1.05,1.79,2.16,1.3,2.2,3.05,1.21,2.13,1.99,1407,1839,0,4,2.74,1
0.14,0.0,0.33,3.07,1.41,3.34,3.27,4.42,3.9,6.3,3.83,1.84,3.67,1.32,5,5,4,1,39,59,0.54,0.26,0.57,0.43,2.36,1.25,4.86,4.04,2.75,3.76,4.47,1.76,2.76,2.66,1.37,1.01,1.72,4.38,2.04,1856,2022,0,4,0.47,2
0.11,0.65,3.44,1.99,3.26,2.63,0.41,2.69,1.2,6.0,1.22,2.66,4.17,3.85,5,7,0,1,59,43,0.43,0.83,0.89,0.11,2.91,1.51,2.44,3.53,1.88,3.9,4.84,4.99,1.76,1.38,3.76,1.78,1.68,2.11,2.23,1628,1792,0,3,2.08,1
0.48,0.46,0.83,0.86,1.76,3.18,2.21,2.93,3.4,6.8,3.39,4.53,3.18,3.69,7,7,0,1,45,53,0.43,0.86,0.38,0.62,2.29,3.22,4.67,2.37,2.97,2.7,1.66,1.31,1.92,2.79,1.39,1.52,3.59,1.12,1.89,2001,1471,1,4,2.62,0
0.22,0.27,0.59,2.95,0.21,0.83,3.73,1.14,6.6,6.9,3.11,2.13,2.3,1.04,3,4,0,1,45,53,0.91,0.01,0.24,0.76,2.44,4.42,2.89,4.23,1.17,2.68,1.88,1.35,4.76,3.28,4.52,3.06,4.26,2.17,2.58,1846,1772,0,4,3.84,2
0.89,0.09,3.08,0.3,3.49,0.91,3.12,3.46,6.6,4.2,3.63,3.79,3.48,2.57,5,5,5,1,45,52,0.58,0.64,0.71,0.29,5.79,1.31,2.89,1.08,2.89,2.57,3.08,1.66,4.67,1.05,3.11,3.15,4.61,4.22,1.91,1764,1570,0,2,2.55,0
0.2,0.97,1.79,1.99,1.53,2.52,2.61,4.06,7.9,5.7,4.36,2.41,3.48,4.99,5,7,4,2,35,67,0.71,0.29,0.48,0.52,2.63,2.62,2.26,3.64,4.22,4.35,2.03,3.44,3.4,2.28,4.3,3.58,4.43,4.1,4.81,1618,2051,1,1,4.31,1
0.15,0.83,2.18,3.24,2.48,0.22,2.63,0.89,5.0,5.4,2.22,1.99,4.74,2.62,5,7,3,2,44,55,0.79,0.29,0.08,0.92,4.6,3.67,3.27,3.09,1.05,3.4,1.58,1.88,4.85,1.23,2.96,2.58,1.59,2.7,4.02,1678,1640,1,2,0.52,2
0.68,0.71,2.05,1.16,1.52,0.95,3.88,2.29,7.8,1.4,4.67,1.62,4.68,3.9,6,5,2,5,57,42,0.49,0.78,0.6,0.4,5.82,2.36,4.5,3.96,3.18,1.96,1.62,2.31,2.4,4.86,3.32,1.93,3.7,1.75,1.51,1716,1483,0,2,1.96,2
0.45,0.15,2.65,3.15,2.99,1.36,0.88,3.65,4.5,2.1,3.29,4.23,2.82,3.47,2,4,3,5,38,60,0.87,0.26,0.74,0.26,2.28,3.23,4.99,3.19,3.39,4.07,4.06,1.65,4.35,1.4,3.91,4.31,4.92,3.54,3.77,1579,1761,1,4,0.95,0
0.72,0.53,3.79,1.31,1.07,2.3,3.66,1.99,4.4,3.3,3.37,1.82,1.64,3.15,5,4,0,3,38,65,0.93,0.79,0.2,0.8,3.88,1.4,2.48,3.5,2.18,2.09,1.33,3.34,4.04,2.11,1.38,1.28,3.88,4.95,2.36,1481,2084,0,2,4.06,2
0.47,0.66,1.65,2.65,0.28,0.21,0.43,0.84,3.7,7.9,1.7,2.17,1.63,4.21,5,3,5,5,55,47,0.95,0.49,0.53,0.47,2.12,4.75,1.29,1.58,1.96,4.37,3.83,2.22,1.5,2.59,4.78,2.22,2.53,2.64,4.69,1539,2021,1,2,4.57,1
0.46,0.37,2.23,1.64,0.54,1.15,2.12,1.21,7.4,6.3,4.32,1.4,2.4,1.66,6,3,5,0,54,43,0.75,0.84,0.71,0.29,5.11,2.95,1.63,3.93,1.15,2.26,1.44,4.43,4.85,2.27,2.35,2.28,4.41,4.14,1.71,1919,1971,0,4,4.62,2
0.83,0.0,2.06,2.24,1.2,1.41,2.21,3.28,6.2,6.5,1.2,3.69,2.6,3.03,3,4,0,2,65,33,0.51,0.18,0.6,0.4,2.89,3.82,4.44,4.6,1.11,2.63,2.16,1.17,4.54,3.94,4.33,3.23,1.97,2.16,4.35,1924,1568,1,2,2.64,2
0.08,0.49,1.3,3.69,3.07,3.49,3.84,2.25,7.8,1.5,2.29,4.29,2.76,1.63,4,4,2,3,64,38,0.65,0.58,0.91,0.09,3.27,1.78,4.6,4.77,4.09,2.26,2.18,1.89,1.17,1.41,2.07,2.55,2.54,1.72,2.3,1565,1734,1,2,0.5,0
0.14,0.03,2.38,0.7,1.16,3.38,1.21,2.55,4.8,1.3,3.45,1.4,2.34,1.57,4,3,5,5,53,45,0.25,0.36,0.97,0.03,4.68,1.21,1.19,1.03,2.73,3.59,3.24,1.86,2.32,1.17,4.92,2.71,1.95,1.82,1.32,1785,1871,1,3,0.54,2
0.69,1.0,1.42,1.49,0.92,1.14,3.65,1.98,4.4,4.0,3.71,4.12,3.72,3.22,6,3,3,0,39,61,0.08,0.98,0.24,0.76,4.29,1.51,2.92,3.83,1.43,4.42,4.62,2.22,1.68,4.55,4.36,4.41,3.23,3.1,2.02,1685,1724,0,5,1.2,1
0.94,0.94,3.59,2.51,0.56,3.08,3.61,3.4,4.9,4.0,4.51,3.33,1.52,2.6,4,4,2,0,61,39,0.2,0.93,0.88,0.12,4.0,4.56,1.14,1.06,3.38,1.57,2.95,2.2,3.38,2.28,3.76,3.6,2.58,3.7,4.82,1705,1410,0,3,2.14,2
0.27,0.53,0.52,2.13,1.58,2.53,0.66,3.12,2.5,1.1,3.87,4.91,4.21,3.36,2,7,0,3,36,64,0.83,0.25,0.52,0.48,3.27,4.78,2.6,2.56,1.65,3.45,4.19,3.14,1.98,2.95,4.42,3.22,3.91,4.09,3.75,1557,1813,0,4,3.84,2
0.22,0.88,0.71,1.9,2.58,1.3,0.29,1.91,5.2,2.7,2.17,3.47,4.51,3.64,4,5,1,4,38,59,0.85,0.15,0.48,0.52,3.22,4.59,3.32,3.22,3.52,1.25,4.84,3.98,2.91,1.08,2.17,2.64,1.48,4.25,2.57,1538,2021,1,2,3.05,0
0.92,0.07,1.03,0.86,1.12,1.68,4.41,3.79,2.9,4.9,4.65,2.35,4.05,2.88,6,2,4,2,51,51,0.41,0.78,0.58,0.42,3.17,3.7,3.73,1.88,1.81,2.85,4.91,1.15,1.84,3.52,2.24,4.42,1.49,3.52,2.12,1648,1721,1,3,2.42,2
0.59,0.96,2.52,2.45,1.09,0.51,3.71,1.62,2.9,3.7,4.45,3.66,4.37,1.37,2,3,2,5,64,39,0.02,0.0,0.81,0.19,4.97,4.53,3.43,4.75,1.88,1.62,2.36,4.64,4.68,1.7,4.16,1.23,4.28,1.05,3.1,1431,1768,1,4,4.14,2
0.82,0.21,3.2,3.14,1.92,2.02,0.84,3.57,4.8,3.9,4.04,4.29,4.84,4.27,6,4,6,2,42,57,0.78,0.72,0.63,0.37,4.61,2.13,3.17,2.12,1.76,3.11,3.99,4.01,4.98,4.88,2.36,2.75,2.71,4.73,2.01,1518,1985,1,5,4.62,1
0.03,0.67,2.35,3.3,0.84,1.92,1.05,2.25,7.3,5.5,3.53,4.97,2.1,4.23,7,2,2,4,60,37,0.79,0.32,0.49,0.51,3.78,3.01,2.12,4.92,2.23,1.17,2.82,4.12,3.06,3.72,4.91,2.03,4.81,4.99,4.29,1739,1612,0,5,1.05,1
0.32,0.9,2.83,1.29,0.36,2.45,1.83,3.48,3.5,4.5,1.71,2.97,2.65,2.82,7,4,2,4,57,43,0.76,0.22,0.33,0.67,2.09,2.6,2.43,4.77,3.15,2.45,3.82,4.71,4.96,2.53,1.42,3.21,1.06,2.39,4.81,2073,1807,0,2,2.61,2
0.92,0.03,3.78,3.1,0.71,2.09,3.08,4.3,6.8,5.4,4.75,2.21,2.51,4.14,2,3,3,4,58,40,0.59,0.08,0.23,0.77,3.37,1.47,4.17,3.0,4.6,3.74,3.77,2.31,4.93,1.82,2.52,2.02,4.96,2.34,2.99,1768,1675,0,5,4.63,1
0.53,0.04,0.97,1.7,2.44,1.45,0.84,3.48,3.6,4.9,2.11,2.92,3.37,4.62,5,5,4,4,50,51,0.45,0.98,0.64,0.36,2.44,1.39,1.99,3.59,1.59,4.89,3.86,3.92,3.61,1.16,2.83,2.01,4.97,4.44,3.42,1742,1765,0,1,4.64,0
0.36,0.32,2.86,1.39,3.38,2.48,3.37,3.91,1.8,5.1,1.3,1.45,3.28,1.07,7,7,0,1,41,60,0.14,0.47,0.14,0.86,2.08,3.62,2.74,4.74,3.0,3.78,4.92,4.14,4.25,4.08,3.94,3.72,4.17,3.4,3.97,1806,1952,1,5,1.85,2
0.81,0.34,3.73,0.95,1.14,1.74,1.34,1.3,5.2,5.8,2.66,3.07,3.48,4.62,7,2,3,5,50,53,0.54,0.57,0.39,0.61,5.53,2.75,2.22,3.39,4.1,2.74,1.22,1.16,2.62,2.45,2.51,2.71,2.45,3.62,2.02,1648,1579,0,1,3.45,2
0.34,0.85,0.33,0.87,1.2,2.07,3.67,1.68,2.3,4.0,4.09,4.24,3.7,2.03,6,6,6,0,53,49,0.89,0.04,0.18,0.82,2.11,4.72,2.6,2.54,3.01,1.72,3.1,3.06,1.53,3.91,2.99,3.46,4.73,2.16,1.84,1653,1653,1,4,3.43,2
0.09,0.8,1.2,0.28,2.82,1.87,3.3,0.72,6.7,7.1,4.35,2.28,4.84,3.29,4,3,6,0,37,62,0.38,0.51,0.13,0.87,5.26,4.35,1.76,4.14,3.58,2.43,2.46,4.43,4.3,3.41,1.95,3.97,4.49,1.36,3.65,1653,1929,0,1,2.43,2
0.96,0.9,0.52,3.3,3.4,2.64,1.1,3.95,6.7,3.2,1.66,4.33,3.79,1.13,5,7,3,4,37,62,0.56,0.62,0.66,0.34,4.2,1.34,1.64,4.78,2.2,4.89,1.78,3.96,1.82,3.11,3.99,3.62,2.76,4.46,1.19,1416,1564,1,4,1.5,0
0.2,0.17,2.99,0.45,1.62,3.23,2.99,3.56,7.0,2.2,1.07,1.42,2.04,2.03,7,5,2,4,53,44,0.06,0.55,0.93,0.07,4.92,4.15,3.48,3.48,1.17,4.03,3.21,3.93,1.09,2.32,4.8,2.87,4.7,1.21,4.86,1986,1513,1,5,1.69,2
0.39,0.8,2.54,2.03,3.08,0.55,2.4,3.08,7.6,3.1,1.04,2.45,1.35,2.94,2,5,5,0,47,53,0.49,0.12,0.53,0.47,2.61,3.95,1.83,2.67,4.54,4.4,1.08,3.64,2.77,2.19,3.29,3.17,3.29,3.65,4.25,1894,1460,0,2,2.16,0
0.16,0.98,1.78,1.41,2.39,0.23,2.28,3.7,7.0,3.1,2.35,2.31,3.07,4.93,2,6,2,0,65,38,0.09,0.44,0.22,0.78,4.15,4.97,1.22,3.94,4.88,3.46,4.69,4.6,4.77,3.43,2.89,1.4,1.2,2.73,4.28,1605,1578,1,3,4.25,0
0.04,0.02,2.36,3.04,3.31,3.03,1.31,2.51,1.3,1.6,2.02,3.95,4.0,3.96,4,4,2,2,46,56,0.29,0.45,0.92,0.08,3.46,2.12,3.14,4.12,1.19,2.91,4.91,1.82,3.15,2.81,2.76,4.82,3.78,4.88,1.07,1704,1750,0,2,1.84,0
0.86,0.14,1.24,2.16,1.33,0.22,2.5,3.42,2.8,5.5,3.83,4.74,1.91,1.01,6,5,6,2,42,59,0.32,0.97,0.85,0.15,5.49,2.34,2.86,2.68,2.99,1.41,1.55,3.18,3.78,1.5,2.23,4.32,2.82,3.73,1.03,1540,1634,1,5,1.77,0
0.95,0.48,2.93,1.0,2.33,0.57,0.9,2.93,4.9,5.2,3.17,3.38,2.94,2.95,5,7,0,5,62,38,0.42,0.28,0.57,0.43,3.19,1.6,4.13,3.62,3.22,1.4,3.89,3.25,1.57,2.68,2.06,1.72,1.81,1.53,3.0,2054,1789,0,5,3.81,0
0.74,0.88,1.02,1.4,0.88,0.67,1.56,3.63,5.7,3.3,1.66,3.6,2.45,4.57,2,4,1,1,42,55,0.21,0.14,0.58,0.42,3.81,3.45,3.11,2.57,1.11,1.65,3.55,4.46,4.69,4.81,4.43,3.5,1.24,3.18,1.04,2063,1623,1,2,1.44,0
0.89,0.32,1.41,2.32,2.6,0.37,1.0,4.05,2.4,5.0,2.57,2.24,4.93,1.24,7,2,0,2,57,42,0.25,0.55,0.59,0.41,5.45,4.48,2.32,3.93,1.37,3.67,4.71,4.79,4.22,2.9,3.18,1.73,1.62,3.25,3.25,1600,1921,0,2,2.32,2
0.51,0.19,2.38,3.57,3.29,2.8,1.38,4.32,4.1,5.8,1.3,2.45,1.4,1.64,3,7,5,1,39,61,0.78,0.7,0.92,0.08,5.34,2.9,3.1,4.54,1.42,4.87,2.02,3.83,2.8,1.98,4.39,2.93,3.45,2.63,3.5,1727,1625,1,2,1.09,1
0.12,0.19,3.17,3.49,1.11,3.1,4.01,2.37,5.2,4.2,2.45,4.89,2.35,2.41,5,2,5,3,52,47,0.84,0.55,0.38,0.62,2.93,2.94,1.04,4.51,2.76,2.5,4.95,3.02,1.23,4.28,4.75,4.4,4.88,1.33,1.24,1801,1651,0,5,4.18,2
0.32,0.02,2.04,0.44,1.01,2.8,1.13,1.41,5.4,7.7,2.43,2.28,4.26,1.24,5,2,0,2,39,59,0.43,0.73,0.18,0.82,5.96,3.98,1.07,4.74,2.42,3.2,2.19,3.69,4.57,3.45,2.0,4.41,2.95,4.82,2.27,1849,1970,0,2,3.17,2
0.8,0.7,1.35,1.39,3.18,1.23,1.85,0.49,3.5,3.0,2.19,2.39,1.07,4.81,7,3,3,6,49,52,0.86,0.29,0.47,0.53,5.14,4.4,3.31,1.53,4.39,3.87,3.24,1.05,3.48,2.96,2.04,4.37,3.49,2.32,2.35,1714,1971,0,1,0.78,0
0.89,0.72,1.6,1.38,1.51,1.79,3.58,1.99,4.1,3.5,2.71,2.4,2.46,3.16,3,5,1,5,51,51,0.77,0.17,0.34,0.66,5.79,1.96,1.77,4.92,1.14,3.17,2.42,4.97,1.55,4.27,3.64,2.17,1.8,1.82,3.79,1889,1984,0,2,1.31,2
0.31,0.91,3.4,1.64,1.05,2.48,3.33,0.56,6.9,2.8,3.11,2.56,2.76,4.47,5,2,2,6,47,50,0.84,0.98,0.21,0.79,3.64,1.68,3.66,2.94,3.35,2.45,2.12,4.32,1.45,1.91,4.41,2.86,3.15,3.54,1.53,1741,1628,0,3,2.91,0
0.33,0.95,3.8,0.74,1.21,1.62,3.67,2.17,6.6,7.5,1.27,3.75,1.73,2.6,2,4,2,3,52,49,0.3,0.06,0.06,0.94,4.43,3.45,2.85,1.15,4.33,1.04,1.82,3.02,2.82,2.78,2.71,4.13,4.1,2.62,4.29,1623,1909,1,5,1.73,0
0.3,0.78,3.54,0.39,1.54,2.84,2.14,0.4,4.8,2.5,3.32,4.49,3.71,1.12,4,7,4,2,57,46,0.24,0.84,0.42,0.58,5.17,3.04,1.08,3.38,3.82,4.65,1.74,1.18,2.45,2.96,1.19,2.18,2.84,1.18,4.86,1853,2048,0,4,3.21,2
0.07,0.61,0.65,1.63,3.1,2.55,3.41,4.32,1.7,5.8,2.8,2.26,4.98,3.41,2,6,3,0,49,53,0.72,0.44,0.04,0.96,3.86,1.87,2.37,3.9,3.73,1.91,4.88,1.37,2.98,3.67,2.24,3.25,1.7,3.35,1.25,1753,1628,0,4,0.19,1
0.76,0.16,0.2,0.41,0.44,0.47,1.93,0.52,3.1,1.3,2.85,3.96,3.34,3.73,3,2,6,5,42,57,0.83,0.65,0.96,0.04,5.29,4.63,1.34,3.26,2.96,2.36,1.89,3.12,4.19,1.37,3.1,2.07,2.26,4.63,3.31,1539,1439,1,4,0.68,2
0.6,0.16,0.27,2.44,2.53,1.16,2.89,4.44,4.2,6.7,2.0,1.41,3.47,4.19,2,7,0,3,54,45,0.54,0.03,0.24,0.76,4.45,4.25,3.69,3.1,2.15,3.19,3.75,4.43,3.05,3.94,3.24,2.07,2.55,4.9,1.44,2027,1663,1,3,0.17,0
0.76,0.01,0.9,3.44,1.6,1.86,4.29,2.08,4.0,5.3,2.0,2.96,3.32,4.3,5,2,0,1,36,64,0.37,0.39,0.04,0.96,4.39,2.3,1.75,1.19,1.8,4.43,4.74,1.82,1.82,1.44,2.73,2.25,4.67,1.85,1.75,2070,1473,1,3,4.04,0
0.7,0.32,2.53,3.48,0.59,3.38,0.47,2.41,5.0,3.6,4.05,3.1,3.22,4.71,2,2,5,4,60,43,0.6,0.3,0.14,0.86,4.93,4.55,1.28,4.32,2.69,2.05,1.65,2.86,3.86,2.38,2.45,1.45,4.04,4.28,1.57,1871,1593,1,1,4.66,2
0.79,0.68,3.13,0.36,3.41,1.95,1.05,1.33,5.1,7.9,4.96,3.0,2.41,1.31,3,5,1,2,48,54,0.37,0.64,0.77,0.23,4.19,3.94,3.85,4.4,4.01,3.1,3.74,4.51,3.18,1.18,3.81,2.75,3.49,2.57,3.51,1736,1796,0,5,2.91,2
0.97,0.38,1.15,2.46,1.71,3.42,0.53,2.25,2.5,2.1,3.49,3.11,1.01,1.21,4,3,3,5,51,46,0.88,0.59,0.43,0.57,5.59,1.64,4.69,3.16,2.44,4.99,2.55,1.86,4.7,4.0,2.05,2.02,2.64,3.4,4.56,1942,1553,1,1,3.6,1
0.15,0.0,3.36,3.49,2.64,0.54,3.6,0.51,6.3,2.5,3.25,2.12,1.33,4.07,6,3,2,3,46,51,0.41,0.86,0.93,0.07,4.87,1.22,1.79,4.74,4.76,1.12,2.54,3.76,1.56,2.92,1.79,3.29,2.08,4.08,4.91,2035,1839,0,3,2.06,0
0.28,0.57,2.62,1.8,2.46,0.55,0.36,1.78,1.2,1.9,3.63,4.92,4.45,1.8,5,2,2,6,45,57,0.37,0.9,0.54,0.46,3.4,4.38,2.55,4.02,2.6,3.76,4.78,2.4,1.76,3.19,1.22,2.09,3.39,2.21,2.86,1879,1500,1,1,0.08,2
0.04,0.01,2.71,0.99,2.81,0.54,0.37,4.22,3.3,4.0,1.33,2.08,4.09,1.09,5,5,2,1,48,50,0.39,0.69,0.03,0.97,5.74,3.91,3.38,1.76,2.81,3.19,2.48,1.6,3.7,2.28,4.36,4.04,3.16,3.64,2.51,1457,1587,1,1,0.32,1
0.87,0.25,3.15,3.59,3.32,0.92,2.85,2.85,2.1,6.8,4.22,1.61,3.83,1.31,2,6,3,5,60,42,0.47,0.28,0.14,0.86,4.76,4.63,2.04,3.63,3.78,2.8,1.91,2.58,4.68,2.09,2.41,3.02,3.81,4.52,3.78,1942,1911,0,3,2.93,2
0.89,0.81,1.08,2.36,0.35,2.18,1.33,0.83,2.6,5.8,2.28,1.08,3.72,3.06,4,2,5,3,55,42,0.79,0.61,0.49,0.51,5.88,1.87,4.35,3.28,2.69,3.92,4.38,4.1,4.76,3.35,4.5,2.72,1.93,2.97,3.41,1767,1741,1,2,2.09,1
0.05,0.79,2.27,3.3,0.37,2.36,4.48,3.01,3.8,4.9,1.48,3.59,2.37,3.47,4,3,2,0,54,46,0.87,0.36,0.58,0.42,2.61,4.08,1.28,3.44,3.6,1.68,4.57,4.2,1.34,2.02,2.47,2.02,2.31,1.93,2.41,2019,2050,0,5,3.84,1
0.14,0.7,1.24,0.84,3.21,3.46,3.3,0.34,3.8,5.1,1.58,1.83,2.22,3.22,4,3,1,6,55,47,0.2,0.82,0.07,0.93,2.05,3.36,1.6,1.41,3.68,4.83,1.95,2.8,2.44,2.73,1.91,4.12,3.38,1.64,4.67,1813,1434,1,3,3.56,0
0.85,0.52,1.14,0.91,2.6,0.37,0.36,4.04,5.3,7.1,1.44,4.59,2.3,2.91,4,7,2,1,56,42,0.16,0.01,0.59,0.41,5.91,4.53,1.29,3.32,4.28,4.78,1.17,4.37,1.49,1.07,4.99,4.1,4.44,4.5,3.69,2072,1579,1,2,4.44,0
0.02,0.58,2.85,0.97,3.12,1.78,1.39,2.57,3.0,1.6,2.79,1.38,4.29,4.96,4,3,3,3,40,62,0.46,0.87,0.37,0.63,2.34,3.65,2.57,1.91,3.32,3.57,2.3,2.99,4.03,2.4,4.03,4.09,2.4,2.69,2.99,1910,1666,1,1,3.1,1
0.67,0.23,2.01,3.61,2.8,0.88,4.0,1.85,1.4,2.6,3.39,4.66,1.17,1.64,2,4,4,6,63,37,0.72,0.3,0.87,0.13,2.32,2.64,2.58,1.91,1.56,1.69,4.64,2.8,4.4,4.31,1.41,3.9,3.52,2.92,3.63,1883,1514,0,5,2.32,0
0.4,0.32,1.27,2.57,2.94,0.51,1.97,1.04,5.7,1.4,3.39,3.24,4.54,3.52,4,4,3,4,51,52,0.58,0.94,0.65,0.35,2.52,4.92,4.71,3.82,2.93,4.39,2.3,4.99,3.64,3.19,4.85,1.1,1.8,2.83,4.16,1745,1698,0,5,2.94,0
0.97,0.11,1.09,1.85,1.66,0.87,4.27,1.33,1.4,7.7,2.33,4.01,3.72,2.11,2,2,2,2,63,36,0.72,0.88,0.82,0.18,4.69,2.64,4.7,4.31,4.31,3.02,2.2,3.81,2.25,4.9,4.85,1.52,1.47,3.67,4.74,1478,1855,1,5,0.45,0
0.13,0.47,2.86,2.88,1.15,0.4,1.75,2.92,4.9,6.2,3.5,4.02,2.28,2.49,2,7,4,3,36,63,0.95,0.49,0.76,0.24,5.32,3.77,3.89,1.39,2.0,4.65,2.48,3.58,1.3,4.51,3.22,2.17,2.57,2.61,1.78,1792,1834,0,2,1.09,0
0.94,0.99,3.66,1.25,3.18,2.88,3.27,1.02,2.8,3.7,1.61,2.79,1.37,3.23,3,5,4,4,63,36,0.32,0.27,0.85,0.15,5.71,2.64,4.84,3.27,3.57,4.32,4.26,3.84,4.06,2.77,3.37,1.16,2.79,2.78,1.81,1984,1607,0,1,4.61,0
0.34,0.15,2.96,3.06,1.57,2.91,3.36,0.87,4.8,2.6,2.71,3.88,3.74,1.28,3,7,1,1,60,42,0.15,0.19,0.37,0.63,5.96,4.85,1.65,1.93,2.29,4.31,1.64,4.63,2.29,5.0,1.85,3.05,4.55,3.38,4.66,1783,1849,1,4,2.8,2
0.02,0.32,0.8,0.89,1.67,3.23,3.57,2.99,1.1,2.1,2.21,3.16,4.63,1.94,3,4,3,3,49,48,0.27,0.43,0.5,0.5,5.47,1.58,2.02,2.42,4.38,1.63,4.87,1.39,4.93,3.73,3.78,1.78,4.47,3.66,4.66,2049,1513,1,5,4.43,1
0.86,0.73,0.28,2.92,3.1,1.13,2.89,3.08,1.2,4.4,2.78,1.88,2.34,1.46,4,4,3,0,50,51,0.21,0.56,0.24,0.76,5.33,1.58,1.59,2.83,1.7,2.55,3.77,1.03,3.14,1.33,4.84,1.71,3.68,2.21,4.84,2007,1650,1,1,3.61,0
0.96,0.64,2.23,2.77,0.45,0.33,4.13,3.57,6.7,3.2,4.7,1.61,4.28,3.47,2,2,4,6,36,67,0.02,0.1,0.72,0.28,4.21,4.95,4.14,1.77,2.22,3.44,3.06,1.24,3.39,3.4,1.35,1.26,4.92,2.45,3.44,1801,1484,0,5,2.4,2
0.42,0.64,0.97,3.41,3.16,0.42,0.24,1.61,4.8,5.9,4.84,3.24,2.58,4.14,5,7,6,6,65,37,0.26,0.94,0.21,0.79,3.11,2.71,4.19,2.29,1.61,3.08,4.83,4.48,2.23,1.93,2.69,2.09,3.65,3.01,1.5,2054,2092,0,3,2.77,0
0.88,0.3,0.61,0.99,0.6,0.92,1.27,0.45,4.2,6.8,4.85,4.91,2.56,2.4,2,7,0,1,42,61,0.84,0.26,0.0,1.0,4.57,1.55,4.76,2.3,1.93,3.92,2.28,1.41,3.72,1.89,3.68,1.29,3.23,1.73,4.19,2055,1513,0,5,2.68,0
0.71,0.01,2.32,3.63,3.08,2.58,1.04,1.11,2.9,4.3,2.83,1.39,2.33,4.0,6,5,2,6,43,60,0.3,0.25,1.0,0.0,4.87,4.57,2.7,2.99,2.52,1.21,3.74,1.62,2.67,4.81,1.4,2.74,3.45,2.31,1.05,1791,1764,0,2,3.82,2
0.2,0.3,2.75,1.7,2.3,2.82,3.82,1.15,4.9,5.2,4.98,3.84,3.42,4.54,5,4,3,0,56,46,0.99,0.82,0.46,0.54,2.51,3.6,2.04,2.43,2.6,3.29,2.51,3.92,2.78,1.15,3.76,2.97,2.93,3.03,4.71,1648,1944,0,1,1.57,2
0.52,0.58,3.32,0.31,2.25,1.04,2.73,1.26,2.7,7.3,1.63,2.49,3.02,3.3,5,4,3,1,48,54,0.84,0.49,0.18,0.82,5.72,1.07,1.12,3.15,1.66,2.55,1.82,3.7,2.11,2.94,4.9,4.27,3.15,3.5,1.13,1912,1474,0,4,0.19,2
0.22,0.47,2.01,1.24,2.27,1.48,3.21,1.13,4.7,5.5,1.39,1.76,4.09,1.9,4,2,1,3,65,36,0.82,0.85,0.75,0.25,2.5,3.74,2.83,3.42,4.89,1.44,2.54,1.15,2.38,1.09,1.67,3.62,4.54,1.07,2.01,1737,1796,0,4,4.37,1
0.73,0.29,2.62,3.34,1.96,1.03,1.18,4.11,3.2,3.5,2.25,4.2,4.78,3.79,3,5,2,3,65,34,0.66,0.56,0.32,0.68,4.25,3.27,1.13,3.89,1.78,4.69,4.95,4.37,4.36,2.32,2.5,2.79,4.53,3.71,4.07,1763,1586,0,3,2.14,2
0.85,0.94,2.99,3.07,1.56,2.95,3.18,3.02,5.8,6.3,3.07,4.86,4.46,1.38,5,4,3,1,42,59,0.59,0.47,0.69,0.31,2.24,1.87,1.55,4.85,1.66,3.63,4.89,4.57,4.55,4.02,3.58,3.08,2.84,1.12,1.59,1838,1934,1,5,0.92,2
0.88,0.95,2.21,2.93,1.47,2.14,3.07,4.48,7.2,5.2,1.61,1.84,4.55,1.27,6,4,1,6,45,55,0.67,0.4,0.16,0.84,4.86,4.04,3.73,3.37,4.36,1.7,4.89,3.29,1.09,2.47,3.9,2.54,1.37,1.18,4.17,1980,1408,0,1,4.46,2
0.77,0.09,2.36,0.31,0.85,2.37,1.82,2.4,5.8,2.4,1.71,2.23,2.25,3.85,7,7,6,5,59,41,0.36,0.95,0.29,0.71,3.59,4.63,4.74,1.06,3.65,3.89,4.58,3.03,4.48,4.18,4.03,2.51,2.13,3.83,3.46,1731,1847,1,4,2.77,0
0.44,0.7,2.7,3.58,1.64,1.13,2.22,0.33,4.1,7.9,3.47,2.01,1.73,4.61,5,2,6,6,47,55,0.33,0.05,0.84,0.16,2.77,2.56,3.97,3.9,1.46,1.92,1.66,1.58,1.83,1.67,4.26,4.39,1.55,3.21,1.43,1837,1522,0,3,1.37,0
0.73,0.68,2.36,1.94,3.0,0.23,0.35,2.34,7.1,1.1,3.95,3.2,3.71,4.52,6,7,2,5,45,53,0.72,0.22,0.15,0.85,2.79,3.41,1.44,3.65,3.83,1.96,1.26,3.05,3.23,3.48,3.33,2.22,3.03,2.85,2.4,1545,1880,0,5,4.86,1
0.7,0.87,2.12,1.43,0.62,3.16,2.78,4.22,5.7,2.1,2.93,3.91,2.6,2.86,4,5,3,0,54,44,0.66,0.53,0.04,0.96,4.14,4.86,4.72,2.16,1.14,2.09,2.26,4.39,3.7,2.13,1.75,2.15,4.08,4.95,4.35,2018,1978,0,2,4.27,2
0.61,0.23,2.41,2.15,1.98,2.07,3.68,1.14,2.0,4.3,2.79,3.96,2.98,4.74,4,3,1,6,62,39,0.5,0.19,0.75,0.25,3.15,4.62,4.55,4.14,4.78,1.75,4.25,4.84,2.3,1.83,3.4,4.59,1.88,4.09,4.65,1854,1815,1,5,3.63,0
0.24,0.21,1.23,1.74,0.92,0.44,1.48,1.24,7.6,4.4,4.59,3.42,2.47,2.33,4,4,0,1,42,57,0.47,0.68,0.01,0.99,4.79,4.65,2.7,4.44,2.06,2.57,3.2,4.51,1.55,2.78,2.83,2.64,4.6,3.43,1.11,1733,1500,1,2,4.04,2
0.21,0.02,2.21,2.65,2.42,1.69,1.98,2.16,3.4,4.1,2.78,3.08,3.92,1.7,6,7,5,2,46,52,0.28,0.81,0.7,0.3,5.74,4.01,2.73,4.2,3.32,4.11,4.8,2.21,4.1,4.78,1.76,1.91,1.15,2.57,2.8,1618,2012,0,1,0.27,2
0.17,0.04,0.54,3.01,0.69,0.84,2.31,2.3,3.2,7.5,3.8,2.34,4.16,3.01,6,4,3,5,54,46,0.43,0.53,0.26,0.74,4.36,4.01,1.78,1.63,2.25,2.26,2.46,4.71,3.11,3.86,3.99,3.73,4.48,3.31,2.86,1551,1600,1,2,3.2,2
0.23,0.57,2.44,1.88,1.86,2.25,3.89,2.78,6.8,4.8,4.93,1.34,1.17,3.79,2,5,0,1,62,37,0.74,0.83,0.56,0.44,2.87,3.4,4.04,2.02,4.89,4.22,3.85,2.51,2.39,3.76,1.16,3.78,3.33,4.32,3.95,1676,1732,0,2,3.48,0
0.2,0.89,1.67,0.33,0.49,2.53,2.75,4.48,6.6,6.9,1.84,4.72,3.46,2.74,7,2,6,5,42,55,0.08,0.31,0.11,0.89,3.45,3.33,3.16,2.99,2.63,3.7,1.39,1.23,4.34,2.54,4.53,1.68,1.6,1.48,4.43,1958,1971,1,4,1.02,1
0.4,0.18,0.75,0.5,2.13,1.57,3.06,0.28,4.1,7.5,2.63,3.67,2.08,3.71,5,7,4,0,44,58,0.19,0.41,0.16,0.84,3.12,3.27,2.23,1.64,1.39,1.53,1.03,2.42,4.36,2.32,2.17,4.17,2.87,1.17,4.35,1434,1570,1,3,4.52,0
0.88,0.27,1.83,0.57,2.56,1.21,4.24,2.29,5.9,6.4,2.71,2.78,3.39,1.99,4,2,1,5,37,61,0.97,0.96,0.06,0.94,4.7,3.27,1.66,4.72,2.26,3.66,3.11,3.46,2.61,4.17,3.51,2.36,1.11,3.01,4.37,1667,1587,1,5,2.82,2
0.87,0.12,1.51,3.64,0.95,2.85,3.3,4.01,4.4,5.9,3.18,4.2,4.67,1.88,3,5,2,6,52,49,0.83,0.24,0.33,0.67,2.65,2.97,2.14,4.6,3.85,2.58,4.99,3.92,4.91,2.36,3.35,2.09,2.56,1.89,1.46,1968,1565,0,2,2.09,2
0.08,0.93,0.97,2.82,2.81,3.05,1.78,1.52,2.7,3.5,4.05,3.51,1.34,4.55,2,4,6,5,58,39,0.27,0.57,0.62,0.38,5.39,1.91,2.07,3.44,4.42,1.82,1.54,1.66,1.76,1.04,1.62,4.49,3.2,2.89,4.99,1776,1460,1,1,0.6,0
0.06,0.21,0.96,0.75,3.13,2.24,3.54,0.86,6.7,4.4,3.78,3.2,1.8,2.21,4,2,4,4,56,42,0.38,0.69,0.04,0.96,4.11,4.58,4.74,1.96,1.45,3.67,2.97,3.83,3.41,3.07,4.32,3.24,1.13,2.57,1.35,1930,2002,1,1,3.36,1
0.95,0.17,3.06,3.24,2.1,2.44,2.9,3.6,4.1,2.3,1.81,1.13,1.75,2.89,2,4,4,1,47,52,0.56,0.15,0.79,0.21,3.47,4.96,2.65,2.53,4.32,2.92,4.27,3.34,2.32,5.0,3.71,3.02,4.66,1.52,4.22,1539,1506,0,3,0.25,2
0.2,0.29,2.69,3.35,1.18,3.46,3.87,0.35,3.0,2.0,1.57,1.38,1.43,3.84,2,4,5,3,37,60,0.09,0.98,0.24,0.76,5.9,4.52,4.92,1.05,4.03,3.54,4.49,3.61,2.24,3.88,3.94,3.4,4.95,2.91,4.39,1589,1691,1,3,0.55,0
0.94,0.38,2.25,1.16,1.81,0.91,4.14,1.18,5.4,3.5,1.36,4.68,3.66,1.13,6,2,1,5,47,52,0.61,0.43,0.35,0.65,5.45,2.56,1.0,3.04,3.85,3.11,2.7,2.54,4.62,1.39,3.6,1.67,2.04,1.69,3.55,1670,1740,1,3,2.6,1
0.22,0.8,3.16,0.55,2.7,0.51,2.07,0.5,1.0,1.6,4.96,3.59,3.11,2.33,4,3,5,2,52,46,0.32,0.85,0.69,0.31,4.05,1.9,4.93,2.4,3.3,1.02,2.25,4.91,1.23,4.5,3.02,2.46,1.71,1.32,1.13,2082,1603,0,4,0.17,0
0.51,0.94,2.06,2.91,2.89,3.26,3.71,1.55,3.4,1.0,4.16,2.61,2.27,1.51,3,3,1,5,41,61,0.75,0.6,0.38,0.62,5.97,1.65,1.24,2.44,4.28,4.47,2.51,4.45,2.38,2.01,2.14,4.17,3.51,2.82,2.59,1709,1992,0,5,3.79,1
0.25,0.19,2.31,0.94,1.92,3.45,1.39,4.43,5.0,4.8,4.48,3.37,2.3,2.7,7,4,6,1,44,53,0.83,0.29,0.25,0.75,3.89,1.98,1.72,2.55,2.65,2.72,2.24,2.53,3.1,2.34,3.08,3.38,5.0,2.97,2.25,1849,2062,0,1,4.35,2
0.64,0.77,1.99,2.34,2.98,1.21,0.94,3.85,4.9,7.3,3.91,4.0,1.37,2.05,3,3,1,1,43,54,0.07,0.14,0.26,0.74,2.1,2.92,3.39,3.56,4.96,1.18,2.86,2.56,4.9,2.4,1.51,2.61,1.84,2.37,2.19,2074,1723,0,3,3.76,0
0.32,0.7,0.71,0.83,0.33,2.38,3.41,2.69,7.3,5.3,4.58,4.36,4.51,2.1,5,5,2,6,61,41,0.61,0.38,0.79,0.21,2.48,3.59,3.15,3.51,2.29,4.12,1.19,1.45,3.19,2.87,2.16,2.59,3.54,4.86,4.65,1469,1946,1,5,4.34,2
0.3,0.37,1.32,3.51,2.35,3.08,1.63,1.88,1.6,1.8,1.0,4.7,3.88,1.83,6,2,5,2,50,48,0.92,0.11,0.79,0.21,4.12,1.46,3.03,3.09,4.72,2.84,3.58,2.84,1.68,3.56,3.94,1.31,4.05,4.15,1.96,2040,1630,0,1,2.17,0
0.64,0.11,3.57,0.84,1.23,1.54,0.87,1.24,6.5,7.6,4.49,4.59,3.35,2.21,2,5,1,0,56,42,0.34,0.57,0.38,0.62,3.14,1.55,2.21,2.16,2.51,1.14,3.87,3.13,4.76,4.23,3.38,1.69,3.02,1.34,1.81,1833,1640,0,1,3.03,2
0.81,0.83,1.18,1.77,3.11,3.44,4.32,1.36,3.0,4.4,1.27,3.45,4.78,3.79,6,4,2,3,50,48,0.95,0.75,0.9,0.1,2.02,2.42,4.26,3.56,1.01,2.91,4.04,3.41,4.5,1.09,1.02,1.26,4.91,3.29,1.18,1871,1520,1,4,4.8,1
0.65,0.27,1.63,2.06,0.54,0.44,1.61,3.94,3.5,7.2,3.14,4.91,3.49,1.26,5,3,3,3,51,48,0.15,0.95,0.32,0.68,3.12,4.86,4.08,4.96,2.95,3.55,2.96,4.22,1.61,3.67,3.95,1.44,3.88,2.84,3.89,2017,1544,1,2,3.09,2
0.35,0.12,1.14,2.25,1.5,3.34,1.31,3.1,1.1,7.0,3.89,1.27,2.35,2.76,4,2,2,4,54,46,0.86,0.52,0.28,0.72,5.78,1.14,2.1,4.69,3.85,1.57,1.64,2.57,2.62,3.77,1.61,2.43,4.57,4.69,1.68,2032,1860,1,4,4.63,2
0.19,0.34,3.69,0.64,0.24,0.22,3.21,1.15,6.7,7.9,4.38,4.56,3.76,3.35,7,5,5,2,40,59,0.72,0.68,0.66,0.34,5.86,4.62,1.98,3.58,4.53,3.52,3.98,4.0,2.5,2.54,2.89,2.27,3.44,2.03,3.81,1729,1742,1,4,2.71,2
0.85,0.97,2.37,3.69,2.6,0.88,4.49,1.04,4.5,3.6,4.48,4.49,4.98,3.78,6,5,4,5,63,39,0.04,0.76,0.43,0.57,2.88,2.08,4.95,2.44,2.86,1.52,3.52,1.43,4.15,1.09,2.84,1.37,1.86,4.5,3.78,1657,1816,0,1,2.63,0
0.44,0.81,2.63,1.02,1.23,3.43,0.67,1.95,3.1,7.3,1.87,4.26,1.85,2.27,2,4,0,2,57,40,0.67,0.74,0.72,0.28,3.43,1.72,2.17,4.61,3.53,2.34,2.65,4.64,2.33,1.55,1.18,4.98,2.17,3.64,2.24,1406,1758,0,5,2.19,2
0.04,0.38,3.28,3.48,0.76,2.49,4.18,3.55,6.3,4.0,4.96,4.82,1.47,1.6,2,5,4,0,49,53,0.67,0.62,0.84,0.16,4.74,2.35,2.32,2.04,1.43,4.73,4.02,3.38,4.54,1.87,4.36,2.65,3.2,1.79,1.31,2048,2043,1,3,0.89,2
0.99,0.94,3.27,1.82,3.15,2.42,4.4,3.75,4.7,2.0,4.73,4.34,2.14,3.18,2,7,2,6,37,60,0.52,0.9,0.18,0.82,3.64,1.75,3.39,3.57,3.62,3.88,3.14,4.22,2.94,1.47,1.02,2.07,3.68,4.13,4.5,1544,1635,1,1,4.73,0
0.87,0.22,1.61,0.7,0.94,1.78,2.31,1.89,6.2,4.1,2.3,1.24,2.59,3.29,5,6,6,0,60,43,0.27,0.06,0.2,0.8,4.95,3.49,3.81,3.74,2.17,4.73,3.99,3.38,4.86,1.82,2.94,4.67,3.12,1.5,2.44,1563,1605,1,3,1.1,2
0.2,0.33,0.51,2.51,1.05,1.73,3.95,1.69,2.9,7.7,3.96,3.91,2.58,4.89,6,3,6,3,39,61,0.61,0.66,0.43,0.57,2.99,3.16,2.02,1.56,4.66,2.25,2.39,3.35,1.02,2.74,2.94,3.37,4.39,4.79,4.26,1952,1434,0,3,4.45,0
0.06,0.86,2.05,3.67,3.3,2.43,0.57,0.46,5.6,7.1,2.76,1.08,2.39,3.87,7,6,1,1,44,58,0.36,0.73,0.03,0.97,2.86,1.65,4.08,1.37,1.46,2.85,4.89,1.91,3.87,3.49,1.42,3.86,1.64,4.96,4.46,1469,1550,0,5,4.91,0
0.47,0.45,2.42,2.53,1.59,1.72,0.76,1.28,2.2,6.9,2.23,4.42,2.57,1.51,3,4,2,0,38,59,0.13,0.43,0.52,0.48,2.68,4.78,3.58,3.31,4.54,1.59,3.42,4.4,1.45,4.47,3.48,3.04,2.71,4.21,1.94,1645,1955,1,3,0.95,0
0.71,0.71,2.08,2.28,1.12,2.6,1.6,1.0,3.7,7.7,2.73,4.28,4.64,3.52,5,5,3,3,52,47,0.83,0.73,0.23,0.77,5.53,2.43,3.42,4.9,4.86,4.1,4.46,1.85,3.86,3.28,2.37,2.09,1.44,3.57,3.59,1402,2008,0,4,2.63,1
0.72,0.75,0.57,1.78,3.0,1.05,3.38,4.23,5.9,5.4,2.21,1.2,2.72,1.57,5,3,5,4,45,52,0.46,0.15,0.75,0.25,5.54,2.64,1.84,3.3,3.49,2.08,3.68,3.07,2.49,3.0,3.76,3.36,4.28,3.35,1.59,1980,1816,0,5,0.33,1
0.71,0.35,0.84,0.6,2.79,0.82,0.69,0.25,6.4,1.3,1.84,3.21,4.69,3.09,6,7,2,5,55,43,0.81,0.89,0.37,0.63,3.61,2.94,1.23,2.32,2.89,1.98,2.21,1.12,3.05,2.29,1.85,4.85,3.95,3.07,3.06,1940,1913,0,5,4.93,1
0.49,0.23,1.59,1.9,1.13,1.5,2.52,2.84,4.4,4.5,1.22,2.79,2.75,3.08,2,2,3,2,56,46,0.17,0.06,0.88,0.12,4.25,2.13,2.08,2.47,2.43,4.46,3.53,4.47,4.1,3.85,3.34,1.03,3.9,4.98,3.99,1808,1401,1,4,3.61,0
0.29,0.79,0.96,3.66,2.85,2.56,3.22,3.71,1.4,2.2,1.93,1.78,2.43,1.36,7,2,1,4,37,60,0.68,0.68,0.02,0.98,2.79,2.83,3.44,3.05,1.23,4.11,2.3,1.81,2.28,4.75,3.77,1.08,4.78,1.09,1.74,2013,1686,1,5,3.44,0
0.6,0.52,3.13,2.49,1.82,2.3,0.97,1.41,1.5,1.7,1.14,2.82,4.18,4.6,3,6,4,6,57,44,0.98,0.93,0.67,0.33,2.32,4.84,3.03,3.58,3.48,2.09,2.72,4.94,1.36,1.58,1.28,1.15,3.3,2.12,2.21,1845,1646,0,5,2.39,2
0.01,0.52,0.92,2.12,2.16,0.48,3.72,4.27,5.9,1.5,3.86,4.81,1.76,1.69,3,7,6,3,64,34,0.74,0.24,0.38,0.62,5.21,1.21,3.02,1.87,3.22,4.2,4.58,4.57,1.07,2.0,3.76,4.84,4.5,2.38,3.7,1710,1693,0,3,2.1,0
0.86,0.1,3.71,2.08,3.48,0.98,3.91,3.55,6.5,5.2,3.95,3.08,1.26,4.08,3,2,6,3,60,42,0.52,0.81,0.67,0.33,3.76,3.16,1.77,3.36,4.99,3.3,2.65,3.59,3.79,4.7,3.57,2.87,2.53,3.84,3.37,1880,1665,1,2,3.34,0
0.61,0.56,0.93,0.34,3.13,0.8,0.53,1.18,7.4,7.2,3.59,1.16,2.73,4.45,7,7,3,2,40,59,0.84,0.94,0.18,0.82,5.41,3.14,2.61,3.26,1.63,4.56,3.89,2.29,1.52,4.2,2.48,2.67,1.87,1.61,3.81,1449,1436,1,4,0.51,2
0.09,0.81,1.66,1.53,1.25,3.39,3.74,3.52,3.2,2.4,2.58,3.6,3.66,3.0,2,2,0,4,41,58,0.51,0.74,0.73,0.27,4.16,2.18,4.0,2.1,1.19,4.88,1.58,2.9,2.33,2.48,1.31,1.66,3.49,4.76,1.63,1873,1859,1,5,0.96,1
0.44,0.59,2.37,1.47,3.26,1.25,2.18,1.72,3.4,5.7,3.19,2.65,2.65,1.23,4,4,3,0,36,66,0.41,0.7,0.16,0.84,4.04,2.37,2.99,2.99,1.37,4.89,2.05,1.64,2.7,3.01,4.69,4.26,1.53,2.63,2.53,1449,1519,1,3,0.73,2
0.89,0.63,3.77,3.26,2.74,2.66,2.29,2.54,4.9,2.2,3.27,4.45,1.72,3.32,2,4,1,5,49,52,0.45,0.3,0.12,0.88,3.11,1.2,3.17,3.77,2.45,1.05,4.43,2.25,3.37,1.22,3.99,4.33,4.05,1.41,2.83,1937,1785,0,1,2.89,0
0.08,0.7,1.59,3.01,1.36,0.38,0.67,1.88,4.0,7.1,4.23,1.04,3.8,3.44,3,4,2,5,65,35,0.11,0.94,0.7,0.3,2.49,1.84,3.18,2.42,3.83,1.52,3.16,1.94,4.0,3.79,1.24,3.41,2.42,4.0,1.98,1418,1802,1,5,1.04,0
0.89,0.18,2.44,3.53,1.56,2.85,0.61,2.96,2.4,1.9,1.96,4.03,1.36,2.33,2,7,0,6,47,55,0.93,0.66,0.09,0.91,2.77,4.42,4.85,1.85,3.14,1.74,4.8,2.09,4.23,3.58,2.35,3.04,2.52,3.24,2.97,1701,1404,0,5,2.92,0
0.35,0.47,0.76,0.22,2.95,2.97,3.23,3.65,2.8,7.5,4.55,4.92,1.61,3.02,6,4,4,0,55,43,0.49,0.23,0.65,0.35,2.48,3.45,2.83,4.18,3.41,4.64,4.3,4.47,4.65,3.12,4.5,4.27,3.99,4.49,3.57,1847,1410,0,5,1.94,1
0.41,0.91,1.77,0.94,1.43,0.58,3.74,0.84,4.8,2.1,1.36,3.63,1.93,1.98,2,2,4,1,59,41,0.32,0.59,0.13,0.87,2.92,1.29,4.0,4.66,4.12,2.78,1.3,2.42,4.72,3.81,3.76,1.03,3.59,1.07,2.0,1653,2054,1,5,0.06,0
0.18,0.98,1.87,3.52,1.9,1.28,1.09,2.54,4.1,2.5,4.16,2.52,2.41,2.89,3,5,2,5,45,57,0.46,0.98,0.02,0.98,4.35,1.47,2.43,2.25,3.15,2.68,3.23,1.62,1.23,4.89,4.49,2.54,4.34,1.94,1.65,1865,1447,1,4,1.09,0
0.53,0.94,3.41,3.79,3.02,3.48,2.78,3.22,1.6,3.2,3.93,2.69,2.41,2.6,6,7,5,3,43,58,0.01,0.4,0.03,0.97,3.47,3.19,1.3,3.68,3.86,2.27,2.72,1.45,3.32,1.4,1.17,3.53,1.44,1.49,3.2,1435,1688,0,2,1.15,2
0.88,0.5,0.99,1.07,2.69,0.97,2.37,4.49,1.3,2.8,1.13,3.52,1.6,3.98,2,7,0,1,52,50,0.85,0.68,0.61,0.39,2.72,2.9,1.62,4.51,4.44,1.18,4.54,2.3,2.57,1.27,2.12,1.26,4.32,2.07,3.48,1571,1948,0,2,0.36,0
0.87,0.4,3.41,3.78,1.87,1.54,0.34,1.84,2.2,1.4,4.51,4.41,3.66,4.31,7,2,3,4,42,56,0.46,0.3,0.95,0.05,5.68,2.16,4.26,1.6,1.76,1.97,1.56,1.86,3.56,2.5,4.88,1.78,4.23,4.0,3.47,2005,1477,1,1,4.06,0
0.87,0.72,2.23,3.7,3.23,2.27,0.4,4.26,1.2,5.0,1.01,4.91,4.49,1.83,2,6,2,6,65,37,0.15,0.91,0.09,0.91,5.54,4.45,4.36,4.05,3.73,3.8,1.31,1.12,2.06,4.15,1.95,2.79,1.71,4.68,3.7,1763,1559,0,3,1.63,0
0.89,0.87,2.17,2.12,2.63,2.81,4.34,3.14,1.1,5.8,2.71,4.91,4.32,1.16,3,5,3,4,43,59,0.6,0.63,0.77,0.23,4.76,2.44,1.56,4.39,3.18,1.86,1.41,1.98,2.07,1.9,1.53,1.05,2.25,4.9,3.59,1787,1705,1,5,2.88,2
0.59,0.47,3.27,0.56,1.07,0.8,1.17,2.49,7.5,7.9,3.33,4.78,3.49,1.06,2,4,1,3,65,34,0.28,0.52,0.18,0.82,4.41,4.71,2.37,2.76,3.74,2.53,1.57,4.58,3.83,1.29,2.85,2.77,2.28,4.26,1.55,2070,1576,0,5,0.43,2
0.51,0.24,2.55,3.07,1.97,0.8,3.78,0.84,4.6,1.8,1.94,4.47,3.27,1.68,7,7,3,3,48,55,0.25,0.53,0.91,0.09,2.22,4.68,2.78,4.04,2.73,1.4,3.56,2.23,3.33,4.57,3.07,4.21,3.91,1.45,3.62,2088,1485,0,4,1.52,1
0.4,0.46,1.3,2.01,3.15,1.31,4.21,1.37,7.5,7.8,3.79,4.88,2.42,1.81,5,5,2,2,50,52,0.89,0.63,0.9,0.1,2.03,3.13,1.98,2.65,2.39,4.79,2.72,3.78,2.38,3.7,3.63,1.87,3.11,4.12,4.82,1865,1570,1,2,2.26,0
0.93,0.28,2.53,3.18,1.8,2.74,1.75,2.61,2.1,4.8,1.76,3.93,3.36,1.13,6,5,1,0,65,33,0.08,0.76,0.59,0.41,3.7,4.34,1.18,3.57,3.09,1.22,4.8,3.58,1.26,2.94,2.94,4.55,3.62,4.09,2.39,1450,1646,1,4,0.36,2
0.3,0.94,2.52,0.52,0.26,2.2,2.62,0.7,5.0,2.5,1.8,1.67,3.03,1.71,6,6,6,2,51,48,0.72,0.84,0.82,0.18,3.01,2.27,2.4,3.92,1.84,3.72,2.44,2.49,2.96,1.08,1.78,4.33,1.01,1.65,2.0,2087,1468,1,1,0.25,2
0.46,0.1,3.19,2.79,1.15,3.16,0.6,3.93,6.8,1.4,3.78,3.28,2.52,1.55,6,7,6,1,52,49,0.09,0.33,0.37,0.63,5.16,4.84,2.3,4.28,2.96,1.95,2.84,3.71,1.91,2.18,2.97,2.58,4.81,2.09,1.46,1549,1679,0,2,3.05,2
0.37,0.68,1.08,2.91,0.26,0.67,1.26,1.74,1.4,3.5,3.41,2.51,4.21,3.1,7,2,2,5,60,38,0.5,0.9,0.15,0.85,5.38,4.09,3.98,1.32,2.61,4.78,3.89,4.09,1.22,2.36,2.0,4.96,1.12,4.76,3.25,2079,2072,1,1,3.12,0
0.92,0.49,3.36,2.9,0.44,2.11,3.69,2.06,1.2,5.0,1.01,2.37,2.34,3.61,5,5,3,0,63,34,0.32,0.88,0.38,0.62,5.37,4.44,1.73,2.16,3.52,4.19,3.61,1.19,4.23,2.61,2.55,3.3,2.22,3.02,3.56,1569,2083,1,1,2.06,1
0.21,0.62,1.98,2.73,2.93,2.32,3.98,1.58,7.9,7.2,4.2,4.65,3.16,1.15,3,5,5,6,43,57,0.46,0.12,0.87,0.13,2.36,2.75,4.44,4.92,3.63,1.06,3.62,4.84,4.01,1.1,1.36,1.83,3.72,1.85,1.06,1415,1573,1,1,3.86,1
0.78,0.08,1.41,0.61,2.67,1.33,2.19,2.84,5.8,6.6,1.17,1.31,1.09,1.34,3,5,5,0,54,43,0.02,0.44,0.49,0.51,4.06,2.41,2.15,2.99,4.89,2.42,1.29,3.45,3.8,4.36,4.64,1.63,1.07,2.28,1.69,1609,1727,0,4,1.64,0
0.83,0.43,2.31,0.78,1.52,0.56,0.44,2.4,6.0,4.2,4.73,4.19,2.73,4.96,4,2,6,1,55,47,0.96,0.28,0.88,0.12,3.31,2.21,4.04,2.77,2.75,1.88,3.43,4.8,1.07,3.29,2.74,1.14,4.63,1.16,1.44,1602,1501,1,4,2.86,0
0.68,0.16,1.08,0.32,0.63,1.69,1.65,0.33,6.5,1.1,3.31,3.46,1.43,1.87,7,7,6,5,65,38,0.95,0.06,0.21,0.79,3.66,2.78,3.68,2.77,2.48,1.15,2.77,1.1,4.72,3.39,2.27,3.64,1.16,2.99,3.28,1684,1408,0,2,4.81,2
0.43,0.46,2.64,3.15,2.52,2.99,3.43,3.54,6.3,5.0,2.26,4.67,1.03,2.88,2,6,1,2,62,41,0.49,0.33,0.8,0.2,5.42,4.69,3.36,1.97,4.6,1.53,2.11,3.79,3.79,3.39,2.91,3.24,4.88,2.2,2.72,1599,1431,1,1,4.82,0
0.89,0.78,2.82,1.55,2.13,2.49,4.02,1.71,4.1,2.7,3.3,2.15,2.16,3.16,4,5,5,0,43,56,0.9,0.3,0.34,0.66,4.74,1.49,1.02,4.89,4.47,4.69,1.78,4.6,3.39,4.71,4.08,1.62,1.01,1.88,3.31,1424,1799,0,5,2.57,2
0.83,0.53,3.27,0.45,1.25,2.63,2.95,1.39,2.2,1.6,2.02,2.88,4.09,2.36,4,3,0,6,40,57,0.45,0.21,0.19,0.81,2.23,1.46,1.37,2.12,4.77,1.57,3.87,1.6,4.81,3.68,4.86,3.35,3.49,4.12,1.41,1678,1904,1,5,0.64,2
0.94,0.3,2.8,3.01,0.57,2.67,4.38,0.35,5.8,4.7,1.89,3.32,4.74,3.53,4,6,6,2,47,54,0.24,0.98,0.82,0.18,5.39,3.19,1.26,1.34,4.91,4.7,3.76,2.97,1.58,4.03,3.49,3.31,2.4,2.57,2.79,1734,2023,0,3,0.73,1
0.32,0.94,3.29,3.0,1.96,2.61,2.74,1.03,7.5,3.1,4.43,1.84,2.58,3.69,4,3,3,3,56,44,0.79,0.06,0.85,0.15,5.17,3.37,4.79,3.86,2.91,2.09,2.97,2.15,4.56,3.36,1.53,3.34,3.44,1.71,4.86,1986,1412,1,4,1.98,2
0.49,0.99,1.55,0.95,2.12,2.1,1.94,1.69,6.7,4.7,3.97,1.0,1.78,1.08,6,3,1,2,36,66,0.31,0.04,0.11,0.89,2.72,3.64,1.47,1.91,2.79,4.28,1.46,2.53,4.59,3.68,1.99,2.39,3.68,3.86,1.0,1684,1954,1,1,2.93,2
0.64,0.89,2.6,1.69,0.4,2.36,1.37,1.09,7.2,1.2,1.86,1.9,4.73,4.88,4,2,5,3,58,44,0.4,0.22,0.03,0.97,4.77,4.54,4.05,1.92,3.38,4.42,1.92,4.17,1.15,2.83,2.0,2.24,1.05,3.94,4.35,1669,2049,1,5,2.47,2
0.67,0.66,0.72,2.04,0.93,2.46,2.37,3.48,2.8,7.7,2.85,4.85,2.48,3.28,4,2,6,2,64,35,0.45,0.23,0.16,0.84,4.78,4.45,2.79,4.87,2.21,1.73,2.69,4.61,1.64,1.74,1.97,1.05,4.89,1.75,3.27,2024,1664,1,3,2.34,2
0.55,0.14,1.65,1.31,2.34,0.9,3.19,2.03,3.9,7.5,4.65,2.96,2.08,4.96,6,5,2,1,37,65,0.49,0.67,0.28,0.72,5.25,4.42,3.3,3.69,2.81,2.97,2.82,2.51,4.61,3.22,1.99,2.25,3.57,2.26,4.63,1844,1533,0,5,0.82,1
0.17,0.22,1.86,2.75,2.65,0.69,2.9,3.94,7.4,2.6,3.44,1.45,2.55,3.36,2,3,0,6,64,33,0.3,0.04,0.87,0.13,4.33,4.83,4.62,1.94,1.42,3.19,1.7,2.82,2.25,3.62,2.21,1.77,2.04,4.43,3.92,2047,1569,1,4,3.46,1
0.83,0.22,1.87,2.47,1.33,3.37,3.91,3.86,5.1,1.9,3.34,4.72,4.08,3.28,2,7,5,0,45,57,0.61,0.74,0.34,0.66,2.21,1.54,3.11,4.51,2.63,1.28,3.85,2.63,3.27,1.36,1.02,4.69,4.53,4.21,3.14,2017,1913,1,1,1.52,2
0.55,0.18,0.88,1.97,1.78,1.27,0.54,4.17,6.8,6.8,4.37,3.37,2.91,2.55,3,7,1,5,35,64,0.43,0.89,0.26,0.74,4.05,3.3,2.09,3.59,2.45,3.25,3.81,3.82,2.85,2.4,3.38,3.05,1.19,3.41,3.52,1979,2038,1,1,2.1,2
0.37,0.24,0.51,1.29,1.17,2.03,2.94,2.09,5.8,5.9,3.07,3.25,4.96,3.5,6,6,2,4,36,64,0.37,0.49,0.28,0.72,2.43,2.43,2.53,1.26,4.12,4.14,4.68,2.77,3.86,1.42,4.1,2.52,2.19,1.83,4.21,1890,1550,1,4,2.8,0
0.36,0.84,2.39,2.14,2.52,3.34,1.4,1.31,4.4,4.6,2.64,1.81,2.28,3.5,4,4,6,2,41,56,0.96,0.43,0.83,0.17,2.1,3.81,4.74,1.1,2.72,1.24,4.18,4.87,4.83,4.66,4.11,3.05,4.07,4.22,3.4,2059,1793,1,1,3.29,0
0.24,0.16,2.56,2.05,3.12,0.45,2.19,2.84,5.1,7.0,4.63,2.76,4.05,4.45,6,5,1,1,40,63,0.55,0.66,0.72,0.28,3.69,2.19,3.03,1.15,4.86,3.26,4.82,1.8,1.93,4.46,4.12,4.52,1.63,4.08,2.16,1544,1471,0,5,2.14,0
0.26,0.59,1.45,2.89,1.22,0.81,3.13,3.32,7.5,3.8,4.5,3.55,2.54,2.48,7,5,6,5,58,44,0.14,0.87,0.07,0.93,3.79,4.63,4.9,4.12,4.71,4.44,3.88,3.49,2.48,3.86,4.2,1.21,2.35,4.82,3.18,1443,1744,0,3,3.94,0
0.41,0.04,0.6,2.62,2.65,3.28,2.39,2.08,5.8,6.4,1.56,1.17,3.1,2.97,6,4,1,3,62,39,0.98,0.22,0.15,0.85,4.78,4.61,3.83,1.56,3.73,3.27,2.82,3.6,2.14,1.0,3.53,1.26,4.67,4.27,1.95,2065,1716,0,1,4.72,0
0.66,0.47,3.59,0.44,2.81,0.92,0.72,4.2,7.0,7.3,4.45,1.02,4.81,2.17,2,2,2,1,57,41,0.26,0.47,0.23,0.77,4.02,3.34,3.88,3.67,2.65,1.13,4.84,4.33,4.82,3.45,4.87,4.62,3.93,4.46,1.12,1585,1798,1,3,3.17,2
0.83,0.61,1.2,1.92,3.21,1.12,4.32,1.58,1.5,1.8,2.74,2.71,4.12,4.11,3,4,2,1,42,56,0.45,0.26,1.0,0.0,3.16,3.83,3.69,4.33,4.31,3.95,4.45,1.03,2.83,1.29,3.1,4.21,1.82,2.81,1.92,1413,2077,0,1,3.53,0
0.91,0.33,1.53,2.18,2.88,2.32,2.21,3.88,3.0,6.6,4.78,1.16,2.64,3.91,6,7,4,6,36,67,0.45,0.37,0.33,0.67,2.62,3.84,4.14,1.11,4.24,1.91,3.13,1.41,2.41,2.62,1.33,1.32,1.04,3.34,3.38,1605,1677,1,4,2.04,0
0.07,0.21,0.96,2.72,3.33,1.84,2.14,1.74,7.3,1.9,2.5,3.67,4.1,2.04,4,4,5,6,65,37,0.48,0.29,0.59,0.41,4.34,3.77,2.11,1.27,4.49,4.56,1.57,2.33,3.77,2.24,1.37,3.88,2.12,1.65,4.16,1585,1500,0,5,1.25,0
0.92,0.64,2.76,2.94,3.39,1.82,1.58,2.65,5.0,7.4,4.69,4.45,4.21,2.37,2,6,4,6,58,40,0.83,0.48,0.07,0.93,4.11,2.86,3.61,2.65,2.04,2.05,3.46,2.27,2.61,3.4,1.37,2.55,2.21,1.59,4.5,1822,1976,0,3,0.75,1
0.39,0.14,1.64,3.25,0.93,2.96,3.47,2.81,1.6,1.9,3.8,1.39,4.44,2.54,7,7,0,2,48,54,0.53,0.59,0.44,0.56,2.71,4.13,4.49,4.18,4.69,4.26,2.95,3.93,4.5,1.8,3.28,2.69,4.75,3.35,2.92,1933,1682,1,5,0.3,2
0.28,0.99,0.94,2.68,2.57,0.38,3.56,2.94,6.9,1.8,3.92,4.87,2.7,2.9,7,5,1,2,48,52,0.9,0.15,0.48,0.52,5.52,2.07,1.27,2.24,2.9,3.23,4.2,1.59,4.92,1.43,3.19,2.45,1.92,2.93,1.38,1567,1592,0,2,1.89,0
0.7,0.49,0.24,3.29,3.44,2.12,2.87,3.23,2.3,4.6,4.31,1.06,4.68,1.49,2,2,2,3,42,56,0.64,0.72,0.03,0.97,4.39,2.56,4.31,4.88,3.74,2.38,2.73,3.55,3.27,3.97,1.36,3.96,2.71,1.89,2.18,2053,1750,0,1,0.64,2
0.51,0.39,0.4,2.75,1.13,0.52,1.17,1.56,3.7,1.6,1.4,2.4,4.32,3.89,7,2,3,0,41,56,0.72,0.98,0.91,0.09,2.81,2.6,2.54,4.27,1.37,1.45,1.08,1.9,4.21,4.84,4.74,2.97,4.82,2.7,3.37,1842,1915,0,4,1.33,1
0.95,0.5,1.77,1.15,2.82,1.41,1.6,2.51,5.2,3.4,3.73,1.66,3.77,1.95,5,5,0,5,47,52,0.16,0.52,0.76,0.24,2.46,1.64,1.11,2.98,2.63,3.25,3.18,1.27,4.55,4.75,3.12,2.74,1.43,4.47,1.73,1991,1431,1,2,3.98,2
0.62,0.69,3.68,1.48,0.73,2.6,1.39,3.51,2.0,3.1,2.03,3.74,1.45,3.88,4,6,6,3,49,54,0.01,0.19,0.44,0.56,5.53,1.79,1.14,2.17,3.79,3.58,2.84,2.3,2.84,2.36,4.74,2.55,2.57,3.03,3.63,1552,1559,1,2,3.41,0
0.39,0.43,3.38,2.18,0.36,2.46,3.16,3.46,3.7,4.3,2.74,2.8,3.39,2.14,7,6,3,2,60,39,0.07,0.01,0.63,0.37,5.97,1.82,4.24,1.93,2.2,3.72,4.97,3.1,1.23,4.69,1.91,1.39,2.3,4.01,1.39,1572,1720,1,5,3.42,2
0.61,0.18,1.26,2.13,0.99,2.88,2.9,3.82,7.1,1.8,4.42,2.18,3.38,2.31,7,4,1,2,43,60,0.71,0.64,0.14,0.86,2.32,2.97,4.34,4.8,4.26,4.21,2.31,1.31,1.65,3.19,2.25,4.33,4.65,3.18,3.78,1987,1736,1,2,3.07,2
0.39,0.11,2.01,0.82,3.3,0.38,1.67,3.86,2.9,4.0,3.13,4.19,2.49,4.2,4,6,0,1,61,37,0.51,0.56,0.7,0.3,3.22,4.83,4.77,3.01,3.8,2.02,1.61,4.93,1.36,3.1,1.16,1.67,3.1,3.47,3.28,1406,1668,0,3,0.56,0
0.55,0.76,3.43,3.48,1.68,2.71,4.03,3.02,6.5,2.2,3.69,4.53,1.61,4.51,5,7,0,4,58,43,0.97,0.2,0.4,0.6,3.78,3.59,2.84,3.34,3.05,3.24,4.01,3.98,4.92,4.74,1.51,3.64,1.49,1.74,2.07,2060,1930,0,1,1.7,0
0.97,0.8,2.42,2.73,0.51,0.61,3.17,1.33,7.8,4.5,4.98,2.65,1.61,3.35,7,5,1,5,59,43,0.28,0.86,0.25,0.75,3.36,1.03,3.95,3.03,1.73,1.22,2.77,2.5,2.44,1.56,2.67,4.9,3.46,3.6,4.68,1521,1830,0,5,0.56,0
0.43,0.24,3.59,2.95,2.74,2.98,0.21,1.61,4.7,2.1,2.11,2.43,4.02,3.14,2,5,2,6,50,48,0.05,0.74,0.2,0.8,5.96,2.05,1.06,4.65,2.47,3.48,3.91,4.72,3.94,2.42,4.07,2.5,4.97,3.82,3.19,2032,1643,1,4,3.43,2
0.28,0.44,3.29,2.6,2.55,0.61,3.85,1.56,1.1,7.2,4.68,4.47,3.6,2.09,6,2,6,3,59,40,0.38,0.85,0.14,0.86,3.91,3.53,4.58,2.34,1.83,1.36,3.61,3.05,3.72,1.94,2.84,4.64,4.71,3.62,4.1,1525,1821,1,5,4.07,1
0.57,0.1,3.19,1.99,0.3,2.96,4.32,3.84,7.1,2.7,2.22,2.41,2.94,2.03,6,3,2,5,46,54,0.6,0.39,0.11,0.89,5.52,4.57,4.35,4.25,1.94,2.71,3.41,3.17,2.4,3.42,1.16,1.53,4.96,2.39,3.89,1550,1466,1,3,1.21,2
0.53,0.69,2.13,3.07,1.87,2.2,2.38,3.5,6.4,5.9,1.52,3.32,2.98,3.2,6,5,6,3,65,37,0.39,0.27,0.9,0.1,3.58,3.7,4.73,2.9,4.96,3.85,1.67,2.16,2.85,1.59,3.84,2.33,4.17,2.23,1.92,2067,1750,0,5,1.09,0
0.8,0.96,2.09,3.08,1.85,2.18,1.26,2.53,4.0,6.9,4.69,4.74,1.61,3.56,6,6,6,1,57,40,0.22,0.71,0.37,0.63,5.0,2.09,1.89,2.22,1.91,1.53,4.39,2.1,2.8,3.92,4.09,2.12,4.0,1.33,3.25,1667,2076,1,5,4.72,0
0.57,0.51,0.37,1.17,2.5,1.78,4.44,2.33,8.0,6.5,3.13,3.99,3.14,3.74,7,5,6,0,38,61,0.63,0.3,0.28,0.72,3.44,3.93,2.09,4.83,4.38,1.32,4.93,3.51,2.22,2.01,4.24,4.83,2.68,2.95,3.96,1773,1429,1,2,2.43,1
0.67,0.04,0.52,1.98,2.94,1.35,2.35,2.29,1.5,7.4,3.28,1.92,2.88,2.16,3,4,5,5,50,50,0.77,0.25,0.67,0.33,2.41,2.72,3.27,1.17,4.82,1.83,2.81,1.68,1.29,1.97,1.1,4.26,2.05,2.72,3.02,1944,1540,0,2,1.81,0
0.25,0.78,3.08,0.71,2.7,0.5,1.05,3.82,7.0,2.7,3.97,3.37,4.74,1.39,7,3,0,5,35,64,0.57,0.89,0.93,0.07,4.38,4.46,1.56,2.06,3.02,2.73,4.68,4.15,2.81,4.33,3.73,1.27,2.6,3.48,1.73,1903,2059,0,5,3.51,2
0.29,0.04,0.36,0.28,1.99,0.64,0.83,2.1,5.8,4.9,3.98,2.09,4.01,2.56,7,5,2,1,62,41,0.6,0.66,0.28,0.72,5.55,2.28,3.11,1.7,3.78,2.17,2.28,1.47,4.09,4.48,3.34,1.44,2.61,2.29,4.19,1945,1617,1,2,1.5,1
0.68,0.62,0.54,1.31,0.37,1.6,3.07,1.91,1.9,4.4,2.09,1.96,4.47,1.82,7,3,5,2,36,65,0.25,0.33,0.76,0.24,4.28,2.18,2.42,2.89,3.47,1.05,4.43,1.06,1.63,4.33,4.88,4.05,3.69,3.69,2.51,1981,1708,0,4,2.52,2
0.28,1.0,1.74,3.77,1.2,0.31,1.01,0.28,5.8,7.3,4.93,3.99,2.81,1.92,4,2,2,6,35,66,0.95,0.95,0.49,0.51,2.73,3.35,3.02,3.4,2.26,1.69,4.9,1.16,4.88,4.97,1.66,3.32,1.0,3.31,1.27,2042,1598,0,3,0.46,1
0.82,0.03,0.75,1.88,0.58,2.14,1.19,0.23,1.1,4.0,1.01,3.4,2.31,3.07,4,4,5,4,47,56,0.64,0.02,0.8,0.2,2.26,1.19,4.03,1.92,3.91,4.3,4.46,4.0,3.7,4.2,4.38,3.08,4.95,3.96,1.52,1464,1447,0,1,3.98,0
0.43,0.98,1.88,2.27,1.84,0.38,2.04,0.83,4.7,1.6,1.82,4.42,1.5,4.62,2,4,3,3,45,53,0.86,0.63,0.92,0.08,5.19,3.03,3.31,1.03,1.37,4.22,3.29,1.86,4.37,3.82,3.94,3.66,3.65,1.41,2.08,2075,1433,1,4,0.61,0
0.94,0.07,0.82,3.13,2.81,1.01,1.48,1.62,1.7,7.9,3.91,2.03,2.2,3.73,5,6,1,2,57,43,0.67,0.06,0.12,0.88,3.2,3.76,1.95,3.5,3.32,2.72,1.35,3.93,1.13,2.75,3.54,2.34,2.37,3.46,1.71,1931,1451,0,1,4.72,1
0.1,0.25,1.55,0.95,1.63,2.47,4.19,1.18,7.9,2.2,4.12,2.48,4.1,3.67,2,5,1,1,60,43,0.49,0.53,0.21,0.79,5.32,2.14,3.8,3.92,4.3,2.19,3.04,1.39,1.7,4.5,4.74,3.05,4.15,3.92,3.69,2008,1630,1,5,0.8,2
0.31,0.76,0.97,2.85,1.22,2.71,3.72,4.04,3.5,2.0,4.46,4.31,3.41,3.77,3,4,5,2,42,55,0.54,0.94,0.96,0.04,2.65,2.43,3.59,4.23,2.97,1.66,3.68,3.06,2.35,2.86,4.08,3.76,1.02,2.82,3.31,2053,1845,0,5,0.5,0
0.45,0.38,2.01,0.88,1.97,2.9,1.06,2.6,3.3,4.4,3.38,2.22,3.29,2.73,7,7,0,4,43,54,0.6,0.48,0.83,0.17,5.09,2.32,1.27,1.34,2.74,2.49,4.41,1.26,4.41,3.45,2.78,1.71,1.88,4.79,4.72,1739,1557,0,5,2.52,2
0.0,0.06,3.04,0.63,3.1,2.59,0.42,1.73,7.3,4.9,4.0,3.02,4.85,4.09,3,7,4,0,43,60,0.82,0.05,0.6,0.4,5.01,2.16,4.45,2.87,4.21,1.42,3.44,1.02,1.14,1.57,2.65,1.17,3.93,1.2,2.3,1415,2072,0,2,2.16,1
0.42,0.57,1.03,3.61,0.39,1.16,2.78,3.0,3.7,7.4,4.62,1.61,3.27,2.67,5,7,2,3,43,56,0.37,0.69,0.12,0.88,4.56,2.32,1.06,4.18,1.89,3.4,3.14,2.2,3.43,3.99,2.82,4.82,3.92,3.89,1.81,1991,1529,1,2,3.87,2
0.51,0.02,2.67,2.99,0.53,0.8,0.24,2.26,5.2,6.9,2.48,2.41,4.78,4.78,4,6,3,0,64,37,0.77,0.12,0.01,0.99,5.61,2.33,2.9,1.75,3.27,4.48,1.74,4.13,3.8,2.58,3.82,2.71,2.67,2.89,4.43,1930,2070,1,4,1.81,1
0.73,0.6,1.39,1.95,0.8,1.93,3.47,3.84,6.4,2.8,2.65,4.9,2.32,1.36,7,2,6,4,53,46,0.74,0.6,0.08,0.92,5.21,1.05,1.89,3.44,4.35,3.98,3.77,1.89,1.61,2.19,2.61,4.29,3.3,2.03,2.75,1457,1928,1,1,0.13,0
0.45,0.62,0.35,0.81,0.65,2.06,4.41,3.86,5.0,1.5,3.18,3.18,2.22,3.23,5,2,0,6,63,39,0.18,0.62,0.8,0.2,3.64,3.11,2.86,4.67,4.78,4.94,3.53,3.02,1.19,4.16,3.41,4.89,3.89,2.03,3.49,1555,1903,0,1,2.54,1
0.52,0.37,2.38,2.7,2.65,1.68,1.57,2.2,3.1,3.3,3.96,4.11,1.06,2.99,7,4,3,1,50,53,0.85,0.57,0.92,0.08,4.83,3.46,4.12,3.69,1.39,3.71,4.28,1.3,2.61,3.6,1.94,1.18,3.18,4.84,3.9,2025,1687,1,4,2.95,0
0.26,0.27,0.58,3.08,2.77,2.01,2.82,3.47,7.5,2.6,3.33,4.71,4.41,3.94,7,6,4,0,36,61,0.89,0.37,0.61,0.39,2.14,3.69,3.49,1.2,4.79,2.17,3.38,2.0,3.93,3.78,2.06,3.24,3.65,3.31,4.25,1972,1466,1,4,1.1,0
0.98,0.73,3.54,1.32,0.29,3.13,1.3,0.79,5.4,2.4,1.16,4.11,1.53,4.69,3,7,0,6,54,46,0.56,0.5,0.05,0.95,5.95,1.63,1.45,3.3,4.36,3.13,4.6,2.39,4.7,3.02,2.74,3.9,4.31,1.32,4.91,1492,1808,1,2,3.45,0
0.6,0.46,2.23,3.46,3.15,3.44,3.37,3.08,6.5,5.3,4.61,3.65,1.58,4.89,6,3,0,6,64,37,0.53,0.5,0.79,0.21,4.51,3.22,4.99,4.68,4.64,3.15,3.28,2.26,4.65,4.28,4.07,1.5,2.84,1.99,4.05,1565,1794,1,2,4.48,0
0.9,0.31,3.24,1.67,2.06,1.45,2.12,1.88,5.5,3.8,1.64,1.85,4.19,3.24,2,3,4,2,43,54,0.67,0.85,0.91,0.09,2.54,4.72,2.91,4.34,3.25,3.88,1.71,1.29,4.22,3.72,1.15,1.55,2.02,3.58,4.85,1808,1553,0,4,2.91,2
0.81,0.65,0.78,2.29,0.62,2.86,3.0,1.7,5.5,6.7,3.97,4.57,1.1,3.19,5,5,2,2,39,63,0.68,0.44,0.81,0.19,3.55,2.3,1.69,2.41,1.57,3.88,2.56,4.55,4.53,4.36,3.34,1.51,4.38,4.48,4.89,1824,1495,0,4,1.77,1
0.97,0.03,2.32,0.92,2.39,0.51,4.14,2.89,2.5,6.0,4.98,3.61,2.73,3.26,6,4,6,6,54,46,0.32,0.48,0.95,0.05,4.68,2.8,3.13,2.1,2.58,4.13,3.08,3.94,2.49,3.16,1.36,1.03,4.85,3.88,3.28,1693,1963,0,2,1.38,1
0.31,0.27,2.61,3.06,0.91,1.6,4.14,3.61,4.9,8.0,4.05,3.28,3.54,1.45,2,3,6,2,35,66,0.79,0.29,0.54,0.46,4.93,3.43,4.55,1.78,1.48,3.43,1.37,2.34,2.78,4.25,4.56,3.47,1.44,4.77,3.12,1570,1428,0,5,2.83,2
0.96,0.52,3.48,3.57,1.52,2.42,2.41,0.73,1.1,5.3,4.54,1.3,4.94,1.71,2,3,2,6,56,44,0.56,0.54,0.0,1.0,5.43,4.77,1.16,1.9,1.98,2.25,2.04,4.16,1.84,1.27,3.46,4.54,1.55,1.39,3.92,1450,1448,0,3,4.15,2
0.81,0.75,3.08,3.15,3.22,1.12,4.32,1.6,5.1,4.8,3.0,1.78,3.2,1.49,4,5,2,5,49,48,0.36,0.15,0.75,0.25,5.56,2.11,4.65,3.02,1.57,1.16,4.43,2.63,4.98,4.17,1.04,1.74,4.76,1.23,4.7,2003,2020,0,2,3.77,1
0.82,0.6,2.92,1.88,1.21,3.42,1.04,1.03,7.6,4.9,2.95,2.31,2.87,4.81,3,2,2,1,60,39,0.23,0.43,0.15,0.85,4.71,1.18,3.09,1.91,3.36,2.77,4.71,1.31,4.74,3.92,2.85,2.17,4.4,2.38,2.51,1884,1408,0,2,1.96,0
0.4,0.17,1.36,2.76,0.74,1.87,3.63,0.23,7.4,5.1,3.16,3.33,2.54,3.02,5,3,2,2,50,53,0.77,0.6,0.01,0.99,4.53,3.45,2.64,2.8,3.65,2.21,2.2,4.17,1.43,4.04,1.11,4.39,3.66,1.08,1.71,2025,1407,0,4,1.36,1
0.82,0.64,0.25,2.25,2.11,1.85,1.4,1.78,5.3,7.9,2.95,2.17,1.44,3.93,3,6,4,4,58,41,0.72,0.2,0.15,0.85,3.63,4.23,3.66,2.65,4.25,2.17,1.48,1.05,2.02,3.03,1.56,2.77,2.84,1.82,4.16,1721,1876,1,5,1.48,0
0.23,0.79,2.6,0.37,0.89,3.04,0.63,2.55,7.6,5.2,2.74,1.3,3.26,3.51,2,4,6,5,65,35,0.57,0.31,0.02,0.98,4.89,2.9,3.17,4.61,4.63,4.02,4.52,3.96,4.22,4.53,2.49,1.17,1.14,1.32,2.11,2053,2050,1,3,2.07,2
0.9,0.92,2.1,3.2,2.11,3.48,1.0,2.93,3.4,4.9,2.99,3.28,2.48,3.13,6,4,1,2,36,67,0.53,0.14,0.65,0.35,5.62,4.13,4.32,1.78,3.96,4.27,3.34,1.83,1.87,2.19,2.32,4.11,1.8,4.64,2.01,1760,1841,0,4,2.57,0
0.14,0.93,2.12,1.15,2.73,2.89,1.38,0.57,5.1,2.6,2.47,1.16,4.25,2.17,3,3,4,2,40,59,0.45,0.22,0.68,0.32,5.03,4.15,4.71,1.81,1.35,2.71,3.62,3.03,4.03,4.74,2.33,2.75,4.17,3.21,4.94,1730,1479,0,3,2.46,2
0.52,0.36,2.13,0.88,2.14,3.44,3.84,0.82,7.2,7.2,1.59,2.89,4.91,4.06,2,6,4,5,42,55,0.1,0.16,0.31,0.69,4.17,1.01,3.26,2.1,1.81,1.66,1.55,2.25,3.49,3.11,4.69,4.36,2.61,1.72,1.96,1593,1464,0,1,1.22,1
0.16,0.05,2.0,1.86,0.52,3.08,3.45,2.91,2.9,2.6,4.07,1.27,4.05,3.88,5,4,4,3,62,35,0.66,0.21,0.04,0.96,3.63,3.95,4.9,3.52,1.91,2.28,2.39,2.56,1.54,2.19,4.34,4.47,2.75,4.11,1.89,1764,1595,1,5,0.5,2
0.54,0.63,3.5,3.6,1.8,0.77,2.91,4.45,3.5,4.3,3.78,4.55,3.32,4.97,2,7,4,1,51,47,0.27,0.6,0.15,0.85,3.08,3.92,1.64,4.46,3.51,1.59,1.9,3.27,1.36,3.92,2.47,4.11,3.0,3.26,1.81,1451,1814,0,2,3.63,1
0.63,0.23,0.32,0.95,1.08,0.64,3.44,4.21,6.2,6.7,2.21,2.82,2.01,1.17,3,7,3,2,65,37,0.1,0.92,0.18,0.82,3.5,3.36,3.96,2.08,2.31,4.82,3.18,3.25,2.05,2.6,4.2,1.85,4.72,3.43,3.09,1943,1660,1,1,1.83,0
0.96,0.35,2.55,2.39,1.4,1.61,3.76,2.4,1.5,2.1,3.29,4.83,2.41,3.23,5,4,3,1,45,57,0.43,0.33,0.63,0.37,5.37,2.18,4.48,3.73,4.18,2.04,3.56,2.48,1.91,4.32,4.41,2.17,3.58,3.43,3.68,1756,1450,0,4,3.62,0
0.26,0.71,0.3,1.29,0.43,2.21,2.1,1.18,4.8,4.8,4.07,2.91,1.51,4.37,2,2,2,4,65,35,0.34,0.9,0.23,0.77,2.39,1.31,4.54,3.42,2.29,2.53,3.59,1.48,2.61,4.38,4.91,2.0,3.35,4.96,2.74,2077,1763,0,3,1.69,0
0.24,0.62,0.8,1.35,2.3,2.76,0.54,2.3,3.7,3.1,2.85,4.01,1.7,2.99,6,7,5,1,39,60,0.49,0.5,0.99,0.01,3.33,1.77,1.16,4.13,3.8,1.49,4.89,4.17,2.83,3.96,1.78,3.13,2.05,3.67,3.97,1491,1767,1,1,3.75,0
0.42,0.54,3.39,0.23,2.36,1.9,0.65,4.4,2.5,2.7,1.84,2.7,2.27,2.64,6,7,5,5,57,46,0.91,0.81,0.2,0.8,3.49,3.0,2.6,2.93,3.26,2.31,2.39,3.28,1.15,2.2,1.3,3.22,4.17,1.27,4.66,1511,1756,1,4,1.05,2
0.94,0.2,3.49,2.23,2.35,0.35,1.41,3.59,6.1,2.6,3.41,3.49,2.46,2.83,2,7,2,4,49,52,0.15,0.67,0.72,0.28,5.1,1.09,1.95,1.68,4.37,3.67,1.52,3.43,2.06,2.46,3.52,2.84,3.28,4.87,1.15,2040,1919,1,1,4.37,0
0.57,0.76,0.68,1.05,2.71,3.05,3.66,0.31,5.2,5.4,1.65,1.6,3.74,1.69,2,5,1,2,36,62,0.66,0.25,0.79,0.21,5.7,4.16,2.8,2.33,1.71,1.55,2.1,4.02,3.36,2.64,2.93,2.29,1.96,4.38,2.05,1785,1977,0,3,3.19,2
0.56,0.74,1.13,0.85,2.29,2.72,1.13,0.61,3.5,6.2,4.92,2.44,1.8,4.52,3,4,3,6,37,61,0.81,0.43,0.41,0.59,5.72,1.26,4.61,1.72,2.42,2.37,4.02,4.2,3.85,4.82,4.47,3.47,1.18,3.25,4.79,1674,2070,1,4,3.75,0
0.17,0.84,1.24,1.67,1.06,1.71,2.22,0.46,7.1,4.3,1.32,1.94,3.41,4.51,6,5,5,5,37,63,0.34,0.74,0.22,0.78,3.13,4.36,4.28,2.55,1.26,4.62,1.52,2.56,3.78,4.14,4.97,3.37,3.82,4.9,4.69,1652,2043,1,5,1.5,0
0.85,0.73,1.94,2.52,2.8,1.84,1.99,2.87,1.1,1.7,4.35,4.68,2.42,4.34,5,5,3,2,56,44,0.28,0.12,0.75,0.25,5.75,2.98,3.98,3.01,4.31,2.37,4.31,4.74,3.86,3.63,1.95,4.14,3.5,4.47,3.55,1489,1756,1,5,3.21,0
0.23,0.93,1.55,2.26,2.75,0.24,0.6,2.09,4.9,2.4,1.14,4.91,3.24,1.61,4,5,2,3,48,50,0.71,0.36,0.84,0.16,5.36,1.02,4.36,1.89,4.15,4.68,3.8,3.83,3.83,1.33,1.58,2.3,1.57,3.59,1.85,1918,1686,0,1,4.7,0
0.85,0.43,3.31,2.04,3.5,0.27,3.1,2.7,4.6,7.8,2.48,1.13,3.69,4.02,4,6,0,2,35,67,0.22,0.57,0.87,0.13,4.6,2.94,1.17,3.56,4.11,2.84,2.89,4.41,3.35,2.13,4.69,4.12,4.1,3.27,2.69,1754,1790,0,3,2.69,1
0.18,0.82,1.26,0.4,1.38,3.36,2.63,1.81,4.8,7.6,3.9,1.58,2.16,3.08,3,4,2,6,47,56,0.4,0.83,0.59,0.41,2.4,3.24,1.6,2.53,4.66,3.45,2.94,1.88,1.41,1.85,3.76,4.13,1.26,2.48,2.58,1885,1638,1,3,3.85,2
0.9,0.65,0.22,3.43,2.28,0.61,3.84,3.35,4.4,5.3,3.77,2.76,1.41,4.41,6,2,6,6,58,43,0.88,0.62,0.71,0.29,4.66,4.89,2.26,1.73,4.55,3.34,2.19,1.8,1.49,2.89,3.99,2.0,3.46,1.75,1.36,1548,1703,0,5,0.27,0
0.19,0.5,1.59,0.81,2.39,1.35,0.74,3.88,1.2,6.4,1.45,4.52,1.21,1.68,2,4,3,4,43,57,0.67,0.69,0.36,0.64,2.45,4.85,4.95,3.63,3.45,2.11,4.41,4.89,1.69,1.74,1.26,4.58,3.37,3.93,2.18,2034,2082,1,4,4.02,0
0.44,0.83,2.7,2.43,3.16,3.22,4.19,3.88,7.5,7.3,4.36,3.13,2.77,4.62,4,3,6,4,38,60,0.31,0.67,0.88,0.12,4.13,3.25,2.23,3.16,4.89,2.9,3.48,2.24,2.36,1.5,1.35,1.96,1.36,1.12,3.24,1736,1739,0,3,0.12,0
0.66,0.27,0.51,2.21,0.97,0.45,1.15,2.53,4.7,7.9,2.55,2.2,3.2,4.32,2,6,2,1,57,45,0.5,0.01,0.4,0.6,3.71,3.96,2.92,2.51,3.76,3.74,3.58,3.82,1.02,3.49,3.22,2.4,1.46,4.0,4.61,1655,2047,1,5,3.66,0
0.12,0.46,1.18,2.76,0.9,1.88,2.8,1.27,2.3,4.1,2.57,4.73,3.69,3.19,7,7,2,0,44,53,0.24,0.24,0.59,0.41,4.37,3.08,3.58,4.53,1.0,3.35,1.82,1.67,3.58,1.35,2.5,3.69,4.87,3.47,3.89,1480,1859,1,3,2.7,1
0.49,0.29,2.2,1.57,1.47,3.22,2.32,0.53,7.5,5.2,3.78,4.66,2.07,4.17,2,3,3,3,51,47,0.81,0.57,0.99,0.01,2.79,3.15,2.89,1.06,3.11,1.37,1.88,1.04,4.31,3.69,2.37,2.49,1.26,4.56,2.0,1424,1502,0,2,2.45,0
0.92,0.75,3.13,2.16,2.84,1.47,0.52,4.13,7.8,4.0,4.5,4.83,4.28,3.2,6,4,2,3,43,60,0.74,0.96,0.46,0.54,3.8,3.04,1.12,4.72,3.18,3.39,1.64,3.06,4.52,2.07,3.08,3.17,4.93,1.3,3.91,1963,1525,0,5,0.62,2
0.69,0.22,1.65,0.58,1.22,2.92,3.66,3.61,4.8,4.1,4.09,3.09,1.3,2.79,3,2,1,3,61,42,0.35,0.84,0.07,0.93,3.79,1.62,1.64,2.31,3.61,3.4,2.25,3.74,1.7,4.4,4.64,4.49,2.11,3.91,3.35,2075,1842,1,1,0.22,1
0.49,0.21,0.45,2.1,2.76,2.1,0.96,1.92,5.7,7.4,3.44,2.32,4.94,2.4,3,7,2,2,36,62,0.46,0.46,0.49,0.51,5.87,3.88,4.9,1.33,4.52,4.61,3.55,4.89,4.92,3.39,2.38,3.59,1.7,4.28,3.69,1866,1456,1,4,2.24,0
0.51,0.92,1.01,2.19,1.15,2.42,0.67,4.05,1.5,2.0,1.09,4.79,3.25,4.72,5,3,4,3,45,56,0.86,0.89,0.19,0.81,2.24,3.22,4.54,1.57,2.89,2.07,2.16,4.76,4.83,4.14,3.32,3.15,2.84,3.33,1.59,1819,1915,0,1,1.3,0
0.51,0.04,3.02,3.17,3.07,1.25,3.02,2.39,1.5,7.5,2.63,1.4,3.34,4.67,4,2,2,3,62,39,0.86,0.81,0.68,0.32,5.07,1.67,1.61,3.45,4.84,1.62,4.81,2.61,2.44,4.87,1.88,3.49,2.51,1.96,1.53,1478,1700,1,1,4.6,0
0.17,0.47,1.81,3.77,2.65,1.2,1.34,2.1,7.2,5.3,2.19,1.87,3.89,4.22,6,2,4,6,43,55,0.76,0.98,0.02,0.98,2.11,1.36,1.46,2.86,4.95,2.23,4.66,4.86,3.59,1.9,4.1,2.14,2.62,1.67,2.07,2042,1648,0,4,4.54,0
0.89,0.89,2.53,2.67,2.96,2.05,3.44,1.2,1.5,2.6,4.63,3.07,3.83,4.36,3,7,0,6,58,42,0.09,0.62,0.51,0.49,3.57,2.59,4.88,4.21,3.71,1.43,1.31,3.99,3.41,4.77,4.96,2.49,2.97,2.52,3.58,1611,1679,0,2,0.68,0
0.26,0.08,3.32,2.88,0.69,0.7,1.96,0.24,2.3,1.1,4.51,1.31,1.53,3.54,5,3,1,2,47,55,0.3,0.23,0.37,0.63,2.3,1.32,1.55,2.08,2.26,4.88,1.77,4.77,3.22,3.13,1.84,4.87,3.1,4.85,4.16,1903,1471,0,4,4.37,2
0.04,0.28,1.98,1.45,3.07,1.52,1.26,2.16,4.1,6.8,2.68,1.79,4.61,2.06,6,3,1,4,50,51,0.01,0.67,0.55,0.45,4.14,4.75,2.11,3.81,2.38,4.22,4.19,2.86,4.13,2.82,4.21,1.58,4.33,2.3,2.04,1650,1943,0,4,1.34,2
0.84,0.4,2.87,0.27,1.77,2.63,1.1,1.51,4.5,4.7,4.52,4.72,3.21,2.59,5,2,3,1,43,56,0.55,0.71,0.48,0.52,5.23,2.41,3.66,1.78,4.01,4.49,4.23,4.17,4.3,2.06,3.53,3.35,3.17,3.5,4.36,1416,1608,0,2,3.66,1
0.25,0.85,2.75,2.28,2.62,0.81,0.62,1.15,1.2,6.5,4.52,2.11,3.01,1.02,7,2,6,0,60,38,0.29,0.05,0.44,0.56,4.54,4.7,4.63,1.65,1.4,3.63,3.74,3.08,1.37,2.35,1.75,2.09,3.6,2.31,2.71,2095,1860,1,1,3.31,2
0.88,0.65,0.92,3.07,3.49,1.48,3.5,3.3,2.4,7.1,2.69,1.58,3.63,1.36,2,6,4,2,41,62,0.72,0.6,0.04,0.96,4.44,3.73,3.59,3.68,3.88,2.05,4.18,3.41,3.67,1.56,2.61,1.93,1.28,4.5,1.0,1829,1913,0,4,4.56,1
0.09,0.18,0.32,1.35,0.89,2.96,2.47,0.73,2.0,5.9,2.0,1.55,4.1,3.67,6,6,6,0,46,51,0.04,0.56,0.11,0.89,5.99,2.68,4.22,2.23,2.42,4.0,1.61,1.84,3.52,2.79,1.32,2.32,4.7,3.31,2.58,1464,1627,0,4,1.19,1
0.56,0.99,1.33,2.0,2.66,1.72,4.01,0.74,6.7,3.5,3.99,4.31,3.43,2.07,3,5,6,4,45,58,0.51,0.98,0.22,0.78,5.4,1.53,1.53,4.53,2.06,1.6,3.93,3.09,4.09,1.9,2.79,2.98,2.53,1.26,4.9,2088,1404,1,5,1.39,1
0.99,0.53,2.0,0.83,0.52,3.14,1.72,1.05,6.0,5.6,3.45,4.98,4.76,2.86,3,6,6,2,53,49,0.3,0.27,0.24,0.76,5.45,2.91,3.4,2.14,2.83,2.8,3.38,3.6,2.62,2.41,1.01,4.28,4.93,1.66,3.6,1826,1690,1,4,3.28,2
0.69,0.34,0.66,3.13,0.85,0.67,2.69,0.91,2.6,4.2,2.44,2.72,2.25,2.49,2,4,2,5,51,47,0.61,0.57,0.35,0.65,5.3,3.57,3.71,1.32,2.62,3.36,1.66,1.04,3.13,3.01,1.48,2.77,3.2,2.29,4.96,1881,1504,1,4,2.88,0
0.28,0.09,1.58,3.24,0.96,2.99,3.87,2.11,6.0,7.3,1.5,1.13,2.09,2.23,4,6,3,5,57,46,0.36,0.49,0.46,0.54,2.12,2.21,2.41,4.08,1.7,3.14,2.55,3.53,4.07,2.64,2.11,2.66,1.16,4.21,1.44,1702,1654,0,1,1.69,2
0.7,0.76,2.94,1.98,2.49,1.38,2.4,3.67,5.5,4.6,2.1,1.44,1.87,2.79,2,7,3,4,47,52,0.24,0.65,0.2,0.8,2.83,1.26,2.57,4.14,1.6,1.41,4.35,3.63,1.49,2.01,4.41,3.34,1.19,3.32,3.58,1660,1901,1,3,1.35,1
0.38,0.06,0.59,2.49,2.37,0.83,1.66,1.38,7.0,3.6,4.69,2.2,4.42,3.32,6,2,4,5,50,48,0.12,0.71,0.48,0.52,3.32,4.83,3.09,1.01,3.33,2.99,4.69,3.13,3.18,2.87,1.2,1.61,4.5,3.88,4.41,1846,1774,1,1,1.45,1
0.08,0.99,3.73,1.25,0.78,1.03,3.52,0.99,5.6,1.8,1.92,3.14,3.33,4.15,4,3,5,4,54,48,0.97,0.05,0.92,0.08,3.28,4.84,3.53,4.47,1.93,1.84,2.2,2.87,4.15,4.95,4.77,1.98,3.89,3.72,4.53,2046,1629,0,5,1.77,2
0.43,0.37,0.51,0.34,2.65,1.77,2.61,3.16,6.3,4.1,2.28,4.78,2.21,3.91,5,3,6,3,41,61,0.72,0.3,0.28,0.72,5.72,2.93,2.1,2.85,2.62,4.78,1.78,1.67,2.23,3.24,3.8,1.74,1.52,3.3,1.72,1853,1910,1,2,4.03,0
0.45,0.94,1.94,3.78,0.67,1.34,2.41,1.18,5.9,5.9,1.82,4.1,1.14,3.96,5,4,6,1,63,39,0.18,0.43,0.68,0.32,3.81,4.2,1.08,2.85,3.79,1.22,3.18,2.85,3.75,1.45,2.7,2.95,4.98,3.7,3.38,1969,1621,0,1,0.25,0
0.07,0.51,2.28,0.22,0.77,2.0,0.81,1.5,5.2,4.1,2.89,2.78,1.14,2.0,7,7,3,0,52,47,0.81,0.4,0.46,0.54,6.0,4.1,3.64,4.33,1.52,4.29,3.64,3.01,3.23,4.32,2.28,1.65,3.84,3.22,2.5,1562,1447,0,1,0.25,2
0.32,0.7,2.45,3.53,1.81,0.97,3.87,1.44,5.4,5.2,1.25,1.4,4.3,2.8,3,4,5,5,44,59,0.84,0.47,0.32,0.68,5.85,1.08,1.22,1.19,3.12,3.87,2.21,4.84,4.22,4.71,3.38,1.78,3.08,3.38,4.3,1608,1800,1,5,3.65,0
0.55,0.97,3.52,2.64,3.49,1.24,2.44,1.89,5.5,1.1,4.11,1.12,1.91,4.44,3,5,5,6,52,50,0.6,0.27,0.68,0.32,5.24,4.49,2.9,4.82,4.92,3.75,2.6,2.04,4.13,4.41,2.15,1.55,3.02,4.0,3.18,1606,1832,0,1,0.91,1
0.48,0.05,3.62,2.25,1.46,3.5,2.43,0.2,4.8,5.2,4.85,4.57,1.15,3.35,6,5,2,3,51,48,0.9,0.32,0.34,0.66,2.18,3.24,4.47,3.81,4.54,2.87,1.86,5.0,3.15,2.59,1.98,3.48,2.4,2.64,2.39,2017,1712,0,3,2.13,1
0.17,0.92,3.32,1.92,2.59,1.1,0.92,3.88,7.1,2.5,3.04,2.05,3.44,4.12,4,6,4,0,56,45,0.42,0.76,0.97,0.03,2.67,3.67,1.26,2.98,2.5,2.45,4.49,1.99,4.47,2.47,1.33,1.4,2.91,2.69,4.01,1536,1808,0,1,3.47,2
0.97,0.31,3.32,2.13,1.81,2.7,1.57,3.64,4.8,4.7,3.48,2.95,3.0,4.54,5,4,0,2,41,61,0.71,0.45,0.32,0.68,4.9,5.0,3.21,4.5,3.79,3.58,3.25,3.84,1.41,2.28,1.34,4.24,4.53,2.74,2.6,1461,2034,0,1,3.85,2
0.37,0.99,2.82,0.93,1.82,3.0,4.38,2.22,4.0,4.5,4.26,3.14,2.64,4.7,7,5,3,2,37,61,0.24,0.69,0.72,0.28,3.76,4.74,3.99,4.81,1.76,4.88,1.16,4.25,2.54,4.66,3.86,1.52,4.21,2.34,1.37,2064,2004,1,3,1.98,2
0.25,0.62,3.72,3.51,1.38,0.21,3.59,3.07,7.1,7.4,1.2,3.42,1.92,3.08,7,3,1,3,56,46,0.11,0.12,0.42,0.58,2.42,2.06,2.29,2.01,3.79,4.47,2.37,2.1,1.56,2.53,1.86,2.72,4.5,4.58,2.95,1943,2013,0,2,3.3,0
0.72,0.67,3.12,3.29,2.71,2.22,2.36,0.53,4.8,2.9,2.52,4.15,2.48,4.29,7,2,4,1,54,44,0.95,0.51,0.8,0.2,2.94,2.52,1.35,4.05,3.78,3.88,1.81,3.32,4.23,4.26,2.31,2.23,1.8,3.18,1.82,1474,1642,1,2,0.16,0
0.22,0.4,0.44,3.27,2.7,3.07,1.61,3.47,5.3,1.8,2.17,3.07,4.02,3.05,3,7,5,5,53,48,0.92,0.5,0.12,0.88,5.42,2.09,4.31,4.04,3.97,3.67,4.11,2.24,4.46,4.95,2.41,3.25,3.82,4.62,1.98,2022,1541,1,3,1.36,0
0.53,0.69,3.66,0.83,1.16,1.98,4.28,0.88,6.4,2.2,3.49,1.87,3.26,1.92,4,5,3,5,47,54,0.21,0.05,0.55,0.45,5.82,1.21,1.04,1.82,2.76,2.78,3.73,3.99,1.82,2.0,1.06,1.7,5.0,4.79,2.67,1536,1664,0,3,1.71,2
0.15,0.92,0.25,1.54,0.67,1.17,2.88,3.78,4.2,4.9,4.48,4.1,3.7,2.79,2,7,5,3,64,33,0.81,0.98,0.3,0.7,5.46,3.97,1.42,2.61,1.18,3.37,1.86,1.55,4.86,4.54,3.12,2.19,4.85,1.57,2.65,2052,1441,1,5,4.54,2
0.35,0.47,1.13,1.54,1.35,2.71,1.47,1.01,5.5,2.1,4.31,1.74,1.66,2.71,4,7,5,6,51,46,0.88,0.11,0.37,0.63,5.42,2.31,1.34,2.0,2.9,1.17,4.46,2.4,2.18,3.39,4.17,1.71,4.77,2.69,2.05,1546,1900,1,4,3.69,2
0.32,0.67,2.03,2.11,3.42,1.99,4.07,0.62,5.0,5.7,2.58,4.65,2.99,2.26,5,3,1,3,63,36,0.35,0.76,0.49,0.51,3.67,4.9,4.39,2.42,4.35,2.27,4.04,3.63,2.43,1.41,4.19,4.66,3.23,3.78,3.01,1418,1524,1,2,1.03,0
0.41,0.42,3.24,1.63,0.83,2.5,1.82,1.87,1.9,3.2,4.84,1.76,1.06,4.35,2,4,5,0,54,43,0.18,0.35,0.02,0.98,3.39,4.4,1.35,3.7,3.59,4.73,3.77,4.83,4.13,3.65,3.55,4.83,4.53,3.59,1.6,1649,1665,1,2,1.25,2
0.76,0.5,3.08,0.62,2.8,2.14,0.91,2.94,2.8,5.8,2.33,1.37,2.04,3.69,2,7,6,0,57,45,0.31,0.08,0.34,0.66,3.2,2.82,3.61,4.55,2.23,4.61,3.87,4.95,1.37,4.38,2.38,1.7,1.49,2.82,4.96,1919,1682,1,3,2.99,2
0.95,0.6,3.15,1.8,2.11,0.69,1.58,3.15,2.8,6.7,1.21,3.2,2.31,2.44,6,6,4,0,38,64,0.73,0.94,0.75,0.25,2.28,2.15,3.52,2.75,2.41,1.87,4.04,3.98,3.47,2.73,4.78,3.19,3.45,4.41,1.4,1636,2080,1,3,3.69,0
0.07,0.67,0.72,0.49,2.53,2.44,0.99,3.22,4.1,4.6,1.95,2.8,3.83,4.22,6,5,5,5,65,37,0.51,0.89,0.39,0.61,2.19,3.81,1.12,2.44,4.25,4.67,2.5,4.04,3.67,4.7,4.27,3.29,3.52,4.31,4.75,1686,1929,0,1,2.49,0
0.19,0.84,0.91,1.43,1.71,2.17,0.78,2.26,5.7,5.7,2.61,3.16,3.56,3.93,2,6,1,5,38,62,0.88,0.71,0.69,0.31,3.61,4.78,2.54,2.2,4.21,1.81,1.35,2.98,1.86,4.54,2.37,2.26,1.22,4.07,4.99,1788,1788,1,4,3.18,0
0.85,0.12,1.02,2.33,0.98,1.97,2.26,1.27,6.5,6.6,3.19,3.48,2.78,2.37,4,6,6,4,55,43,0.91,0.95,0.28,0.72,4.0,3.04,4.42,4.76,1.07,2.31,1.44,2.08,3.79,1.57,2.9,3.41,1.03,4.59,2.85,1419,1727,0,5,2.19,2
0.13,0.5,1.39,2.69,1.67,1.44,4.46,0.48,3.5,7.5,3.99,3.81,4.53,3.49,7,3,1,1,54,48,0.25,0.62,0.39,0.61,4.15,4.7,2.81,2.81,3.54,4.59,4.03,2.36,3.4,4.59,2.68,4.72,4.32,2.75,4.92,1741,2035,0,4,3.67,1
0.28,0.41,1.25,2.43,1.1,1.33,2.55,4.13,5.3,3.7,1.59,2.97,1.15,3.63,7,7,4,2,41,58,0.38,0.6,0.83,0.17,3.56,1.36,4.61,4.9,3.8,3.43,3.0,2.63,1.81,4.44,4.21,2.64,2.56,2.53,2.58,1612,1438,0,2,2.59,0
0.03,0.36,3.49,1.81,1.59,2.64,0.73,2.71,4.5,7.0,2.49,2.71,2.55,3.02,7,6,6,3,39,60,0.64,0.8,0.89,0.11,4.74,3.03,3.35,1.97,4.71,1.44,2.85,3.34,4.51,4.63,2.32,2.93,3.88,4.15,4.49,1947,1990,0,3,0.09,0
0.97,0.75,2.6,0.23,3.26,0.22,0.29,1.28,3.5,7.1,1.23,3.28,4.18,3.76,7,6,1,1,61,37,0.1,0.71,0.03,0.97,4.14,3.62,1.78,3.77,1.39,2.41,4.56,4.46,1.37,2.17,2.74,4.58,1.66,4.72,1.95,1408,1520,1,5,4.07,2
0.45,0.86,2.27,0.57,2.35,1.02,2.46,2.85,6.6,6.5,2.63,2.68,4.6,3.32,5,5,5,3,57,41,0.34,0.85,0.35,0.65,2.65,4.53,4.82,1.49,3.1,1.1,2.6,3.9,3.25,3.4,2.14,1.86,1.47,1.39,1.12,1504,1677,0,2,3.33,0
0.12,0.33,2.27,2.51,2.61,2.92,0.52,1.8,1.2,7.0,4.94,2.46,2.03,1.3,4,3,4,6,54,48,0.98,0.56,0.93,0.07,5.92,1.25,4.01,1.16,1.42,1.25,2.37,2.92,3.68,4.46,1.1,2.17,2.26,4.99,2.82,1726,1679,1,2,4.58,1
0.85,0.65,1.21,2.71,2.32,0.7,2.9,0.57,1.6,6.3,1.57,4.98,3.49,3.79,2,6,4,0,63,34,0.19,0.86,0.76,0.24,5.22,1.64,2.45,2.62,4.92,3.19,1.72,4.31,1.18,1.82,3.57,3.89,3.91,4.3,1.06,1814,1565,0,1,4.61,0
0.58,0.61,3.49,1.14,0.63,1.24,2.36,3.21,7.4,6.0,1.57,3.92,3.76,1.82,6,2,3,0,36,64,0.32,0.43,0.96,0.04,3.01,1.37,1.25,2.02,1.74,3.59,1.77,3.79,1.34,1.05,2.74,2.17,3.35,1.65,4.48,1576,2072,1,5,2.38,2
0.1,0.43,0.79,2.45,1.04,1.0,2.28,3.31,5.2,7.5,4.17,1.04,2.02,2.21,6,7,4,0,37,65,0.35,0.04,0.16,0.84,5.2,2.02,3.08,3.19,1.64,3.61,1.25,4.02,2.2,3.01,2.52,1.86,1.26,3.04,3.16,1740,1700,1,2,1.94,2
0.68,0.48,0.8,0.86,2.96,0.48,2.4,0.55,1.5,6.5,4.4,2.79,1.85,4.64,3,4,6,0,49,49,0.56,0.17,0.47,0.53,2.34,3.85,4.39,4.94,1.75,2.95,1.45,1.65,4.31,3.37,1.8,4.03,1.34,1.79,3.78,1610,1729,1,3,4.4,1
0.86,0.04,3.47,1.29,0.41,3.02,2.62,0.76,4.6,1.6,3.33,1.28,4.55,2.77,3,5,6,4,56,41,0.88,0.62,0.19,0.81,5.92,3.92,1.4,3.05,2.71,3.02,2.42,1.55,4.88,3.83,4.34,3.56,3.94,3.22,1.58,1910,1742,1,3,2.92,2
0.77,0.28,1.06,0.99,2.6,2.96,3.07,2.24,4.6,3.4,3.27,2.61,2.07,2.45,2,7,0,2,65,37,0.11,0.2,0.02,0.98,5.86,1.57,3.46,3.47,1.43,2.5,4.67,1.07,4.21,2.32,4.59,3.0,1.13,3.07,3.96,1917,2026,0,3,0.78,2
0.69,0.61,2.33,1.76,1.47,2.25,2.62,1.13,2.8,5.4,4.2,1.74,4.41,4.35,2,3,6,0,53,46,0.89,0.31,0.34,0.66,4.55,2.72,1.83,4.68,1.88,2.64,3.72,3.3,2.93,4.19,4.55,3.94,3.09,3.72,1.8,1563,1611,0,3,0.11,2
0.03,0.74,2.49,3.71,0.27,3.16,2.62,0.23,4.6,3.8,3.64,3.41,3.65,4.82,6,3,4,1,39,58,0.62,0.24,0.27,0.73,5.41,1.92,3.46,2.19,2.65,2.88,4.55,2.5,2.21,3.5,4.76,4.18,2.54,4.75,4.82,1830,1593,1,5,4.46,0
0.48,0.41,0.38,0.81,2.31,0.43,1.28,2.67,6.4,2.5,1.54,2.39,1.79,2.88,6,4,1,0,64,38,0.69,0.85,0.88,0.12,4.99,1.12,2.51,4.49,1.58,3.99,4.94,4.02,1.33,2.14,4.92,3.76,3.02,2.9,1.6,1812,2037,1,1,1.35,0
0.93,0.31,1.06,0.95,2.53,2.75,0.31,2.26,2.9,4.3,3.07,4.12,2.28,3.29,6,6,3,0,63,35,0.23,0.87,0.86,0.14,5.72,2.24,2.11,2.12,1.1,1.94,4.83,3.17,1.26,3.06,4.74,2.58,1.25,2.45,3.17,1649,1982,0,5,1.1,1
0.59,0.28,1.93,1.73,1.32,2.25,3.74,4.02,4.0,6.6,1.0,3.44,3.3,2.9,6,4,2,5,61,36,0.64,0.08,0.39,0.61,3.66,2.17,3.23,3.18,3.06,4.85,3.99,2.53,3.11,3.58,4.89,3.66,1.74,4.99,2.81,1962,1715,1,4,4.1,1
0.96,0.53,1.48,2.24,0.33,0.45,4.18,1.13,5.4,5.8,4.93,4.1,1.95,4.19,4,6,1,4,65,34,0.07,0.06,0.18,0.82,5.35,1.99,4.67,4.18,3.09,1.81,4.04,3.29,1.81,1.95,2.71,4.5,3.4,1.95,3.42,1994,1750,1,2,0.13,0
0.34,0.33,0.35,1.89,2.81,2.83,4.32,3.72,5.2,7.3,3.13,2.28,2.65,1.16,7,7,6,5,41,56,0.04,0.57,0.46,0.54,5.51,1.51,3.54,2.7,2.04,4.73,1.04,1.1,1.63,4.16,4.29,2.99,1.36,4.34,3.42,1873,1739,1,2,2.46,0
0.88,0.06,2.78,3.36,1.96,1.28,3.2,1.65,6.9,2.5,3.59,4.03,3.54,3.28,5,6,0,3,47,51,0.77,0.22,0.14,0.86,2.5,3.31,2.75,1.66,3.7,3.29,4.9,2.15,1.13,3.66,2.83,3.86,3.52,4.26,2.23,1949,1480,0,5,4.98,0
0.74,0.67,2.46,1.7,0.67,1.19,1.39,3.65,7.8,5.9,3.16,2.62,2.61,4.9,5,7,3,0,60,38,0.54,0.58,0.79,0.21,5.59,4.85,2.67,2.09,4.1,4.49,1.85,3.93,2.23,4.1,2.21,1.19,4.64,2.95,1.96,2072,1477,1,3,2.87,1
0.33,0.98,3.06,1.01,2.63,3.41,1.23,1.93,4.7,1.9,2.57,1.28,1.57,1.41,7,3,2,5,62,35,0.36,0.15,0.21,0.79,3.32,1.41,3.98,1.26,4.31,3.72,2.72,2.11,3.18,2.44,3.29,1.49,4.82,1.69,4.0,1727,2054,0,5,0.59,0
0.66,0.84,1.69,2.61,1.76,1.83,2.21,1.81,1.6,6.9,1.44,1.51,1.01,2.67,4,4,1,1,48,54,0.34,0.75,0.58,0.42,3.59,4.54,4.01,2.03,1.21,2.77,2.91,2.86,1.67,4.36,2.17,4.75,3.82,3.73,4.13,1667,2047,0,1,0.07,0
0.82,0.12,2.9,0.22,0.71,2.01,3.8,1.36,4.0,2.3,2.48,4.11,3.1,2.68,5,7,1,6,57,45,0.27,0.06,0.37,0.63,2.93,4.21,4.69,4.67,2.33,1.14,3.76,4.06,1.23,1.72,1.07,2.76,4.31,3.71,4.79,1741,1787,1,5,4.3,2
0.31,0.7,2.43,2.98,1.98,3.15,0.34,1.58,3.0,2.7,2.63,2.08,1.24,3.48,5,3,6,2,46,56,0.47,0.49,0.21,0.79,3.18,1.83,2.27,1.1,4.69,3.57,3.55,2.28,1.8,1.77,2.37,1.96,1.37,1.37,4.92,1471,1684,0,2,4.7,0
0.78,0.44,2.27,3.55,0.79,3.34,3.13,2.22,4.2,7.7,2.6,4.48,4.04,4.06,6,5,6,6,59,42,0.07,0.67,0.41,0.59,2.57,2.99,4.64,4.99,3.81,3.06,4.79,1.95,1.05,3.68,4.78,3.92,1.51,3.85,3.42,1495,1592,1,5,3.31,0
0.19,0.77,3.19,3.41,0.4,2.31,2.97,0.66,6.3,7.3,1.54,3.85,1.31,1.11,3,3,6,0,64,36,0.29,0.48,0.81,0.19,3.4,3.99,2.48,2.77,4.18,2.05,2.2,2.38,4.21,4.86,3.44,4.7,1.38,2.99,4.5,1690,1747,1,4,1.84,0
0.73,0.52,1.66,0.43,2.38,2.72,0.49,1.03,7.5,6.6,1.09,3.83,3.53,2.66,2,6,1,1,51,48,0.73,0.68,0.12,0.88,2.08,3.48,4.79,1.79,3.2,3.47,1.58,1.48,4.71,4.89,2.23,3.01,2.53,1.57,2.26,1980,1790,1,2,0.69,0
0.81,0.89,3.4,3.54,1.26,2.74,1.73,3.58,3.4,1.2,1.28,4.99,3.51,1.04,3,2,0,5,65,34,0.7,0.62,0.12,0.88,2.17,2.49,4.22,1.78,2.43,1.71,2.69,1.06,1.46,4.66,2.02,3.89,3.2,2.56,1.68,1407,1638,0,5,1.06,0
0.2,0.94,2.83,1.83,1.24,2.38,1.11,3.67,3.7,7.2,4.55,3.81,3.02,1.96,6,7,5,6,35,62,0.02,0.32,0.76,0.24,4.78,3.18,1.99,3.87,2.06,1.11,4.93,2.0,1.86,3.1,1.23,1.26,1.45,4.69,3.51,1650,1893,1,2,0.17,2
0.9,0.34,2.06,3.4,0.41,1.62,3.07,3.43,5.9,7.5,4.72,2.42,2.95,1.45,6,4,0,2,62,37,0.36,0.02,0.19,0.81,4.35,3.35,3.0,1.56,3.77,3.87,4.06,1.16,2.27,2.48,3.65,3.01,2.2,2.57,1.39,1658,1618,1,5,2.35,2
0.23,0.39,0.95,0.99,1.35,3.3,2.56,0.43,3.5,1.2,3.31,2.46,1.88,2.27,5,7,3,1,58,40,0.9,0.59,0.09,0.91,2.01,3.49,1.62,2.82,1.37,3.69,2.39,2.49,3.53,3.06,3.19,2.87,3.9,4.2,4.13,1466,1413,0,5,4.14,2
0.58,0.4,2.66,1.02,1.69,1.06,3.85,2.2,1.1,7.1,3.93,4.98,1.02,4.19,7,3,1,6,48,53,0.4,0.58,0.27,0.73,2.14,4.14,4.41,2.0,4.01,2.35,1.66,2.3,3.65,4.46,1.4,3.15,2.66,3.21,1.51,2025,1447,0,5,2.7,0
0.02,0.63,1.42,1.73,1.87,3.39,2.56,3.47,3.3,1.3,4.01,4.72,4.53,1.49,2,7,2,0,36,65,0.51,0.34,0.77,0.23,2.78,2.88,3.33,2.6,3.19,3.46,2.39,2.75,2.12,2.66,1.15,1.67,4.99,2.04,2.59,1563,1585,1,2,1.48,2
0.76,0.22,1.36,3.28,3.38,1.84,0.24,2.1,5.0,3.1,3.02,1.85,4.95,1.67,6,2,0,2,65,34,0.44,0.97,0.99,0.01,2.69,2.4,1.13,1.55,4.35,2.5,4.65,1.47,2.08,1.11,1.81,4.65,3.38,1.11,2.71,1430,1723,1,3,2.21,1
0.84,0.75,2.61,0.4,1.95,3.1,1.78,3.77,5.4,6.2,4.59,3.8,2.62,4.29,4,4,2,4,44,55,0.95,0.52,0.17,0.83,2.01,3.12,3.88,2.75,4.03,3.98,4.87,2.95,1.34,1.91,1.78,1.28,2.71,3.58,1.52,1919,1882,0,4,1.14,1
0.24,0.55,0.46,0.29,1.77,3.17,2.17,2.37,3.3,6.3,3.59,4.32,3.01,1.02,2,4,2,5,64,34,0.12,0.56,0.31,0.69,3.2,2.64,2.19,2.49,2.42,3.63,1.74,4.15,2.0,2.03,1.89,1.12,3.8,2.77,3.95,1561,1696,1,5,3.27,2
0.72,0.75,3.65,2.26,1.88,2.61,2.23,4.28,4.8,1.8,4.8,1.53,2.32,2.79,2,4,4,0,57,45,0.72,0.8,0.53,0.47,3.82,4.71,4.41,3.68,1.55,4.85,4.28,2.21,4.84,1.52,1.23,1.95,2.62,2.94,1.34,1915,1952,0,1,4.06,2
0.52,0.9,1.16,0.22,2.3,2.17,1.42,4.38,2.7,6.8,4.59,2.02,4.46,4.8,6,4,0,0,47,56,0.83,0.82,0.15,0.85,5.7,3.37,4.28,3.45,2.3,4.7,4.81,4.54,2.25,2.58,2.38,4.69,2.77,1.16,4.6,1941,1708,1,5,4.53,2
0.22,0.43,3.77,1.82,0.39,2.64,3.25,1.85,4.0,4.8,1.23,1.7,1.3,4.82,4,3,4,1,56,44,0.65,0.68,0.98,0.02,4.35,4.99,4.92,3.11,1.38,4.97,1.9,1.67,1.5,4.03,2.69,1.05,2.85,3.17,3.43,1852,1440,0,2,0.0,2
0.58,0.36,3.71,2.88,1.52,0.56,2.55,3.34,6.2,2.5,4.57,4.54,4.26,1.13,5,6,1,4,43,55,0.77,0.22,0.0,1.0,2.59,3.03,1.89,2.98,4.96,2.92,2.17,2.15,2.52,3.25,3.92,4.03,3.49,4.41,4.7,2064,1757,0,3,1.56,2
0.06,0.01,2.37,2.57,3.02,0.36,1.79,3.69,7.3,3.7,3.03,4.01,4.52,3.44,5,3,2,6,54,49,0.02,0.37,0.95,0.05,2.17,4.25,3.25,4.77,4.26,4.26,2.33,3.71,2.05,4.06,1.73,2.89,4.01,1.22,3.8,1951,1932,1,5,2.83,0
0.24,0.75,1.75,1.98,3.08,2.87,4.39,2.8,2.3,5.8,1.87,2.03,4.66,1.73,2,4,5,1,65,32,0.32,0.09,0.3,0.7,2.71,3.96,1.67,1.25,2.61,1.96,4.56,1.65,1.59,3.13,2.26,3.58,3.48,2.98,1.42,1701,1593,0,2,4.4,2
0.74,0.1,3.65,3.73,1.74,2.32,3.51,4.0,6.1,8.0,2.14,3.72,2.84,4.01,5,7,4,1,40,61,0.1,0.68,0.31,0.69,2.04,1.66,1.28,2.13,1.11,4.38,3.97,2.35,3.04,1.49,2.43,3.22,3.7,4.97,3.66,1848,1861,1,2,2.85,1
0.38,0.82,2.18,0.27,0.57,3.24,1.06,0.88,2.4,7.5,3.95,3.52,3.95,1.28,5,2,1,4,60,41,0.64,0.96,0.61,0.39,2.94,3.82,1.4,3.59,1.35,4.91,4.82,4.42,2.79,4.85,2.07,2.52,3.91,2.91,2.9,1874,1665,0,5,1.92,2
0.72,0.85,2.05,0.58,0.61,0.29,1.87,0.89,3.3,5.2,2.33,3.92,4.21,3.66,5,3,4,5,60,43,0.35,0.04,0.8,0.2,4.99,3.36,1.05,1.24,4.49,1.89,4.87,3.89,2.99,2.56,3.66,1.38,2.25,3.3,1.12,1831,1883,0,3,1.69,1
0.02,0.21,1.99,1.87,2.75,0.83,0.65,2.78,4.1,4.1,3.43,4.78,3.48,4.07,2,5,6,6,49,53,0.2,0.52,0.63,0.37,3.61,2.26,3.79,2.03,2.02,3.63,1.27,1.53,4.53,4.05,2.42,2.87,4.36,3.01,2.47,1669,1631,0,2,1.5,0
0.43,0.96,1.18,0.77,0.59,2.22,1.89,0.97,2.8,7.0,1.96,2.19,2.62,4.13,5,5,5,2,45,53,0.63,0.81,0.15,0.85,4.1,4.23,2.26,1.0,4.55,2.02,2.68,3.84,1.64,1.83,3.07,2.03,1.27,4.4,2.25,1419,1974,0,2,3.79,0
0.04,0.16,0.33,1.02,2.48,3.33,2.3,3.86,2.7,7.0,1.27,3.12,4.18,2.24,5,7,4,2,47,56,0.25,0.2,0.09,0.91,2.04,4.31,2.31,4.39,2.26,2.13,1.76,3.38,2.07,3.94,4.2,4.03,4.54,1.74,1.16,1537,1584,0,3,1.94,2
0.01,0.07,1.55,1.53,1.56,3.09,3.21,2.3,3.0,7.5,3.57,3.22,1.59,3.76,7,2,2,3,39,64,0.08,0.5,0.05,0.95,4.74,3.2,2.97,1.31,2.84,3.11,3.38,1.42,1.95,2.77,1.06,1.62,3.61,3.09,3.37,1758,1507,0,3,4.92,0
0.95,0.21,3.17,1.31,1.76,0.34,3.86,4.46,1.2,6.3,2.66,2.08,3.35,2.35,2,4,1,2,36,66,0.34,0.71,0.88,0.12,3.57,1.66,1.63,2.92,4.67,1.76,2.36,1.16,3.22,1.06,1.67,3.85,1.75,2.39,1.7,1818,1770,0,2,1.8,1
0.77,0.51,3.59,3.08,2.37,2.28,4.16,4.25,6.6,7.1,4.93,4.4,1.76,3.13,2,2,3,5,39,60,0.4,0.68,0.54,0.46,5.7,1.0,1.49,4.9,2.46,1.59,3.19,1.48,3.59,4.37,2.1,4.15,4.11,1.86,4.08,1894,1512,1,4,0.98,2
0.75,0.07,2.16,1.89,2.83,3.45,2.27,3.84,7.7,3.7,2.94,4.42,4.26,3.98,5,4,5,1,47,56,0.25,0.01,0.76,0.24,4.82,1.34,3.33,4.1,1.38,2.21,3.06,3.71,3.3,1.87,3.2,2.31,4.49,3.66,4.35,2079,2036,0,3,2.67,2
0.37,0.57,2.03,0.35,1.94,2.1,3.77,3.61,2.8,3.1,2.9,4.47,2.76,4.15,5,7,3,3,47,51,0.31,0.31,0.79,0.21,5.34,3.67,4.42,2.74,3.14,2.1,1.11,2.67,1.53,3.79,2.75,1.13,4.67,1.34,3.57,1450,1777,0,2,4.27,0
0.94,0.15,0.23,0.5,1.06,0.92,0.54,4.39,5.3,5.5,2.53,2.19,1.98,1.05,5,2,3,1,46,55,0.73,0.78,0.23,0.77,5.22,2.28,2.12,3.18,1.58,3.72,1.4,3.33,3.3,3.67,2.59,3.54,3.87,2.22,4.85,2066,1408,0,5,0.74,2
0.5,0.91,0.3,1.89,2.18,1.12,4.14,2.21,1.6,2.7,3.04,2.1,4.44,4.66,3,7,3,0,60,37,0.98,0.16,0.44,0.56,3.56,1.86,4.58,2.57,1.01,1.81,1.51,3.46,3.85,2.9,2.49,1.96,2.68,3.02,3.94,1675,1584,0,5,2.58,0
0.81,0.13,2.66,3.75,3.47,2.04,3.79,1.65,2.7,6.8,1.83,3.18,4.27,4.73,5,2,1,6,51,52,0.72,0.17,0.39,0.61,3.24,2.17,4.67,2.67,2.58,3.17,4.43,4.04,3.04,3.63,1.46,3.81,4.82,1.42,2.76,1925,1794,1,4,0.19,0
0.88,0.01,1.94,1.91,1.19,2.04,2.66,3.24,2.3,6.5,3.46,4.12,4.74,2.3,3,5,4,5,47,54,0.94,0.39,0.19,0.81,5.79,2.15,4.22,2.93,3.61,3.34,1.86,4.04,4.05,3.43,1.46,4.93,3.36,2.32,2.08,1570,1494,1,5,2.8,2
0.92,0.62,3.64,1.43,1.08,0.46,4.06,3.03,5.2,7.2,1.32,4.16,2.62,3.49,5,4,4,6,62,36,0.2,0.24,0.2,0.8,2.88,1.82,3.22,1.58,2.77,1.13,4.27,4.37,4.4,3.74,2.04,3.27,1.29,3.22,4.21,1544,1644,0,5,1.19,0
0.76,0.22,0.92,3.67,2.88,1.46,2.47,0.91,5.1,3.6,4.95,2.24,1.73,1.94,5,5,1,2,43,56,0.15,0.64,0.06,0.94,4.74,3.37,2.2,2.5,4.45,1.86,2.57,4.01,3.75,4.02,2.63,3.4,2.5,1.39,3.67,1647,2019,1,2,5.0,0
0.68,0.05,0.53,3.34,0.9,1.85,4.49,2.43,4.9,5.6,1.01,4.99,2.79,3.45,6,7,2,4,60,42,0.69,0.46,0.71,0.29,4.24,4.57,4.29,3.31,3.85,3.54,4.52,2.86,2.37,4.28,2.73,1.01,4.69,3.22,1.54,1523,1494,1,4,1.37,0
0.59,0.04,3.01,0.73,2.51,1.04,3.23,4.29,2.0,4.7,1.28,3.0,1.93,4.26,3,4,3,3,44,56,0.3,0.5,0.92,0.08,4.98,3.12,4.59,3.41,2.27,4.27,3.62,1.86,4.6,2.83,4.49,1.02,2.16,2.55,1.35,1500,1509,1,1,0.73,0
0.98,0.66,0.31,2.43,1.43,0.85,3.18,0.42,7.2,3.6,3.27,4.69,2.64,4.96,7,2,0,6,55,42,0.6,0.37,0.61,0.39,4.54,4.31,2.37,4.62,3.75,3.78,3.46,3.37,4.14,2.1,3.91,3.31,1.24,4.21,3.55,1938,1429,1,4,2.59,0
0.85,0.91,1.01,3.28,3.24,1.55,2.98,4.25,2.8,5.6,4.9,2.86,2.68,1.42,6,6,3,0,61,42,0.5,0.39,0.3,0.7,5.6,4.73,1.87,1.67,4.63,1.78,1.34,1.27,4.91,3.85,2.1,1.51,2.48,3.04,3.86,1464,1585,1,1,2.7,1
0.63,0.35,1.0,1.42,2.38,1.61,2.0,3.89,2.9,2.2,3.73,4.5,1.99,1.43,2,7,2,2,60,37,0.97,0.93,0.47,0.53,2.21,1.15,1.3,1.07,2.91,3.92,3.78,1.6,3.77,1.86,3.24,4.07,4.56,2.82,4.26,1598,1888,1,4,3.13,0
0.46,0.37,3.67,2.1,2.67,1.73,2.66,1.28,2.0,5.3,1.74,4.65,4.88,4.05,4,2,4,2,62,38,0.45,0.82,0.86,0.14,4.43,2.19,1.22,4.33,3.0,2.09,4.77,1.4,1.53,2.67,2.64,2.63,2.93,3.98,4.64,1734,1427,1,5,3.6,1
0.94,0.87,1.76,2.94,0.81,2.75,4.14,4.22,2.2,3.2,4.14,1.84,1.66,1.36,6,6,5,5,63,38,0.9,0.57,0.91,0.09,4.22,3.55,2.75,4.51,2.42,3.11,3.02,3.41,1.8,4.44,2.55,3.92,4.35,1.61,1.68,1793,1744,1,1,3.1,2
0.35,0.51,1.27,3.32,2.12,1.4,3.48,1.41,5.6,3.3,2.77,3.99,3.4,2.96,2,3,1,1,47,53,0.8,0.27,0.67,0.33,5.89,2.04,1.44,2.74,2.12,4.93,2.95,1.68,1.44,2.29,4.42,4.99,1.39,4.24,4.6,1520,1546,1,5,0.57,0
0.16,0.04,0.87,1.55,0.77,3.39,2.25,2.16,6.7,2.1,2.69,2.19,1.68,4.01,3,2,0,5,61,41,0.99,0.58,0.83,0.17,5.41,1.65,2.24,3.07,2.67,1.36,2.77,2.2,4.78,4.01,2.79,3.33,2.4,3.89,3.25,2023,1923,0,5,4.37,1
0.71,0.7,0.63,1.71,0.86,0.93,2.12,0.45,3.5,1.4,1.4,2.12,1.06,3.17,4,3,3,6,41,61,0.99,0.61,0.28,0.72,4.41,1.51,3.03,3.21,1.68,2.03,4.98,2.31,2.51,4.18,3.37,2.82,2.02,2.53,1.01,1545,1653,0,2,1.76,0
0.7,0.56,2.27,0.72,2.88,1.9,0.28,2.73,2.2,6.1,2.71,2.37,3.7,1.56,6,3,3,0,65,38,0.63,0.52,0.49,0.51,2.56,4.22,1.74,4.23,3.27,4.24,4.47,2.51,3.44,4.05,1.59,3.66,2.84,3.86,2.89,1482,1617,0,3,2.21,2
0.24,0.3,0.36,3.78,0.8,2.11,2.95,3.11,7.7,2.1,2.37,3.61,3.83,2.08,7,2,1,3,54,46,0.77,0.79,0.31,0.69,3.05,2.06,1.38,2.17,1.19,4.18,4.75,1.53,4.0,4.1,4.84,2.24,3.35,2.82,4.38,1464,1681,0,4,3.92,1
0.06,0.8,2.85,2.52,0.68,0.44,2.37,2.24,7.9,3.0,1.47,2.08,4.04,2.18,3,6,5,6,56,47,0.54,0.91,0.07,0.93,5.8,3.44,1.91,4.39,1.76,4.37,3.74,4.57,4.02,1.9,2.69,1.09,1.7,1.7,4.38,1925,1902,1,2,4.75,2
0.9,0.5,2.92,2.0,3.32,0.49,3.53,3.47,7.9,7.5,2.64,1.75,2.07,2.02,4,3,2,5,42,55,0.4,0.46,0.83,0.17,5.57,4.09,3.88,2.68,4.31,3.52,2.8,1.68,3.51,1.94,3.54,4.95,2.83,1.97,2.19,2011,1699,0,5,4.47,0
0.16,0.27,3.01,1.69,2.86,3.06,1.66,3.76,1.5,6.1,2.08,4.77,1.38,3.26,5,2,3,1,58,39,0.07,0.93,0.37,0.63,4.46,1.25,1.88,1.51,1.61,4.36,3.44,2.5,2.12,2.65,1.55,4.91,2.34,3.4,4.23,1588,1565,1,3,2.62,0
0.97,0.37,0.27,1.44,0.51,1.42,1.55,1.49,5.5,1.4,1.84,2.96,4.64,1.3,3,2,3,6,40,62,0.28,0.59,0.84,0.16,4.72,4.39,4.16,4.34,2.96,3.46,3.74,1.59,3.71,3.82,4.23,1.52,1.34,2.51,3.32,1984,1845,1,1,1.45,2
0.82,0.54,3.02,0.44,0.47,1.05,1.23,0.68,1.1,5.3,3.21,3.03,4.35,2.24,7,5,1,1,65,38,0.26,0.1,0.92,0.08,3.83,3.98,4.25,2.76,1.79,2.09,4.09,3.13,3.37,1.42,3.27,2.7,3.61,2.6,3.73,1884,1806,0,1,2.14,2
0.72,0.57,3.29,3.3,2.25,1.56,2.37,1.01,3.8,5.4,2.3,1.55,1.93,1.65,5,6,4,5,35,66,0.26,0.81,0.92,0.08,3.77,2.5,1.62,1.13,3.76,3.93,1.54,4.49,4.53,1.77,2.67,4.47,1.14,1.61,2.05,1699,1545,0,2,4.42,0
0.16,0.73,3.07,1.86,1.26,1.06,1.6,0.75,6.6,2.4,1.97,2.16,4.05,2.47,5,2,6,6,37,61,0.57,0.96,0.78,0.22,2.4,2.51,4.33,3.93,4.63,2.17,4.86,4.85,3.54,1.13,2.25,1.64,3.08,1.36,3.44,1697,1677,1,3,0.48,0
0.81,0.83,3.46,2.47,2.9,0.59,1.87,3.33,6.0,2.9,3.33,1.64,3.97,4.81,3,3,3,0,40,63,0.22,0.93,0.98,0.02,5.23,3.86,4.78,4.63,1.56,2.88,1.8,1.66,3.97,3.47,2.23,1.16,1.57,1.07,2.42,1914,1635,0,4,2.31,1
0.22,0.04,2.01,1.71,2.44,0.48,1.67,1.71,4.2,6.3,4.24,4.0,4.78,1.8,2,2,4,2,56,47,0.27,0.37,0.7,0.3,2.48,4.19,1.61,2.28,3.37,2.61,4.94,4.92,4.58,3.77,2.39,1.91,1.72,4.35,1.68,1841,1643,0,5,1.78,2
0.02,0.55,0.44,2.47,1.21,0.31,2.46,3.49,1.0,2.9,2.62,3.0,2.21,4.96,5,3,6,5,64,38,0.45,0.51,0.29,0.71,2.01,2.9,2.39,2.67,4.49,2.2,4.04,3.14,2.96,4.77,4.5,3.88,2.27,2.41,4.97,1874,1877,0,2,0.64,0
0.12,0.7,0.75,2.33,3.2,0.76,1.61,1.24,7.8,2.8,1.75,1.36,1.31,4.08,5,7,5,6,58,43,0.97,0.26,0.26,0.74,2.35,3.08,2.12,4.9,2.41,1.5,1.54,1.12,4.52,3.82,4.56,3.31,1.39,1.02,2.26,1707,2057,0,5,0.14,0
0.79,0.77,2.76,1.17,3.25,1.0,2.64,2.17,1.7,2.3,4.66,2.65,3.14,4.23,6,2,5,3,57,41,0.2,0.1,0.42,0.58,3.3,1.59,2.67,3.53,2.36,4.44,2.49,1.71,2.97,3.47,1.33,1.06,2.81,3.25,1.89,1478,1858,0,3,2.3,1
0.89,0.14,3.01,2.5,1.24,2.35,1.01,0.54,5.8,5.8,4.84,2.61,2.37,3.6,6,2,1,3,54,43,0.3,0.9,1.0,0.0,3.01,2.56,3.29,2.6,4.23,1.19,1.49,4.23,3.79,1.2,4.24,4.85,1.18,4.78,1.3,1662,2013,1,2,1.21,1
0.9,0.1,1.05,2.95,3.16,1.51,2.95,0.26,5.0,5.1,3.56,3.6,1.21,1.05,5,6,3,4,60,38,0.76,0.45,0.63,0.37,2.82,1.47,2.91,4.13,3.58,2.57,2.11,2.91,3.55,4.33,3.25,4.48,4.71,1.63,1.05,1700,1914,0,2,1.06,0
0.28,0.29,0.49,1.18,0.36,2.26,2.98,0.89,5.6,4.5,2.39,1.65,4.48,1.47,7,2,5,0,55,46,0.52,0.72,0.19,0.81,2.51,3.24,1.37,1.99,1.15,2.45,1.09,1.09,2.59,3.38,2.02,4.43,3.79,3.77,3.14,2021,1630,0,3,0.56,2
0.85,0.48,1.53,2.57,0.43,0.62,2.48,3.26,2.4,6.9,3.33,4.95,4.57,1.08,6,6,0,1,61,38,0.58,0.23,0.8,0.2,5.46,3.98,2.63,1.43,4.29,4.98,2.24,4.49,1.99,4.34,4.09,2.33,2.88,2.78,1.9,1945,2021,1,1,4.41,1
0.02,0.1,1.25,1.88,3.07,2.8,2.46,4.3,2.8,4.1,2.7,3.79,4.82,3.44,4,3,2,1,65,38,0.06,0.74,0.9,0.1,2.15,1.65,3.41,4.88,2.44,3.91,4.28,3.14,1.14,4.71,4.35,3.31,2.81,3.93,4.09,1430,1948,0,2,0.59,1
0.23,0.94,1.4,0.54,1.39,1.55,0.25,1.46,1.1,7.9,2.12,3.77,4.17,4.58,3,5,1,6,57,44,0.78,0.11,0.86,0.14,2.46,3.52,2.22,2.92,4.66,4.98,3.2,2.73,1.35,1.49,3.15,2.78,1.11,3.45,2.4,1790,1432,1,5,3.26,0
0.33,0.54,2.79,2.91,1.08,0.77,0.53,0.82,3.4,6.1,3.03,2.57,3.24,3.25,5,4,3,0,57,45,0.94,0.88,0.96,0.04,5.76,2.9,2.94,3.55,1.37,4.48,3.53,4.43,2.66,1.36,2.05,1.26,2.85,2.2,3.77,1672,1603,1,2,0.67,2
0.36,0.47,0.24,2.21,0.36,2.97,3.97,4.25,1.7,7.3,4.81,4.8,2.36,4.91,2,4,5,6,35,66,0.34,0.74,0.29,0.71,2.35,4.77,2.43,3.94,1.12,4.84,1.85,2.46,4.23,4.76,2.63,4.53,2.6,4.11,2.08,1879,1634,1,2,1.14,2
0.53,0.93,2.24,0.83,2.82,0.78,1.72,3.7,1.5,6.2,1.03,4.07,1.15,3.38,3,2,5,1,39,59,0.12,0.64,0.48,0.52,5.14,3.42,2.98,1.32,1.69,1.05,1.93,1.37,4.01,1.75,4.62,4.55,2.86,1.76,3.99,2080,1624,0,3,0.52,0
0.85,0.65,2.97,2.95,2.89,2.89,2.46,4.22,3.4,2.0,4.24,3.87,4.8,4.24,3,5,0,1,52,48,0.6,0.8,0.76,0.24,3.05,4.1,1.51,3.76,2.77,4.56,1.12,2.3,4.25,1.72,1.89,1.09,4.13,3.24,4.5,1629,1634,0,3,1.53,2
0.74,0.22,1.08,0.38,0.31,0.54,2.98,3.84,4.2,3.7,2.16,4.15,1.88,1.1,2,6,6,0,43,55,0.43,0.3,0.45,0.55,4.11,4.38,1.38,3.56,4.0,2.38,4.99,4.66,3.55,2.02,3.41,3.45,4.05,2.99,1.78,2027,1755,1,4,3.48,2
0.75,0.61,2.71,1.12,2.05,3.27,2.21,0.97,3.5,2.1,4.86,2.34,4.73,1.34,6,5,1,4,45,52,0.81,0.06,0.35,0.65,2.05,1.62,3.51,4.02,2.45,1.56,4.15,1.46,3.24,1.52,1.02,4.23,4.36,3.78,3.88,1817,1925,1,4,3.02,2
0.54,0.85,0.39,2.49,0.75,1.4,3.72,2.28,5.1,7.2,2.83,1.1,2.81,2.47,7,3,0,0,57,42,0.88,0.85,0.72,0.28,5.0,2.64,1.2,3.29,1.33,2.6,1.85,3.84,3.74,2.69,2.82,4.12,2.52,3.47,3.59,2080,1465,1,3,3.62,2
0.33,0.99,3.76,2.13,1.86,1.06,1.79,3.78,3.1,5.0,3.07,3.94,2.71,1.99,7,3,6,6,39,61,0.19,0.51,0.65,0.35,2.99,3.45,2.46,2.88,1.52,1.9,1.09,3.01,2.51,3.92,2.59,3.45,4.66,3.49,1.1,1454,1455,1,2,1.68,2
0.79,0.62,1.73,2.96,1.69,2.46,3.45,3.81,7.5,4.4,1.75,1.0,1.2,2.87,5,2,5,1,51,50,0.53,0.36,0.58,0.42,6.0,3.69,1.86,2.1,3.15,1.71,3.67,4.62,3.12,4.88,4.86,1.99,3.04,3.46,4.17,1560,1604,0,3,2.11,1
0.76,0.78,1.02,2.55,2.22,2.07,1.91,3.77,7.4,3.5,1.22,3.39,4.67,4.98,2,3,2,4,56,47,0.92,0.17,0.74,0.26,4.69,4.36,2.74,3.14,2.39,2.01,1.74,4.02,1.47,4.36,1.72,2.93,4.63,1.43,2.84,1995,1439,1,4,0.21,0
0.91,0.21,3.74,3.44,1.05,2.03,2.67,4.49,6.0,6.3,1.11,3.78,2.17,1.68,5,7,5,1,55,45,0.03,0.17,0.1,0.9,4.42,3.88,2.3,4.6,2.9,1.28,3.2,1.95,3.69,1.33,1.24,2.35,3.05,2.01,1.58,1840,1595,1,3,0.49,2
0.83,0.86,1.4,3.71,2.57,2.48,0.92,0.49,7.8,4.7,1.16,3.06,4.76,3.42,2,5,0,6,37,63,0.86,0.24,0.84,0.16,4.89,1.45,1.07,1.98,1.6,2.11,2.45,3.16,4.91,4.4,4.24,3.15,1.43,1.38,4.17,1405,1997,0,2,4.85,0
0.12,0.31,0.67,3.44,0.65,3.23,2.85,2.17,5.1,3.2,3.56,2.8,2.62,4.21,6,4,0,0,42,57,0.93,0.8,0.19,0.81,3.49,4.15,3.0,2.35,1.9,2.44,3.94,3.85,2.52,3.33,1.31,1.13,4.77,1.48,4.55,1790,1551,1,5,2.88,1
0.1,0.56,2.24,0.61,0.23,1.69,1.85,1.04,3.3,7.2,2.25,3.24,2.09,1.93,3,6,6,0,49,50,0.79,0.39,0.37,0.63,2.36,4.88,1.6,4.1,4.41,2.71,3.04,3.26,1.13,1.88,4.04,2.87,1.44,2.88,3.4,1993,1934,1,1,3.2,2
0.14,0.35,2.79,3.47,1.0,1.83,2.73,3.69,8.0,2.3,1.61,3.44,4.91,1.72,2,3,4,1,55,45,0.87,0.07,0.15,0.85,4.76,2.57,3.98,2.71,2.56,3.16,3.89,3.13,1.6,3.33,3.57,1.45,1.22,2.12,4.57,1592,2082,1,4,4.7,1
0.72,0.28,2.02,2.21,0.41,2.22,4.23,4.47,3.0,5.5,1.56,1.11,2.68,3.95,2,4,1,3,35,65,0.93,0.13,0.04,0.96,2.22,2.53,3.73,3.07,1.59,4.42,4.53,2.34,1.09,1.71,2.13,1.29,4.63,1.48,3.8,1921,1504,1,1,2.35,2
0.92,0.04,3.73,2.39,2.48,2.46,3.73,1.01,1.1,5.0,1.16,2.6,3.4,1.64,4,7,2,5,53,47,0.45,0.36,0.68,0.32,5.72,3.78,2.81,1.46,4.83,4.62,2.84,1.41,3.43,1.63,1.38,2.57,3.18,1.7,2.4,2063,1511,0,3,1.14,1
0.02,0.62,2.52,1.46,3.21,0.71,2.42,3.5,7.2,1.1,3.38,4.08,3.43,3.11,2,7,1,6,40,63,0.59,0.88,0.86,0.14,2.36,4.67,3.17,2.03,3.77,4.88,3.41,4.96,2.38,4.5,2.45,1.27,4.7,4.35,1.79,1899,1411,0,3,3.97,0
0.01,0.29,1.81,3.23,3.37,0.92,3.54,1.98,6.9,3.9,4.81,3.07,2.74,3.18,3,2,5,3,50,50,0.33,0.42,0.53,0.47,4.43,4.25,1.79,4.26,4.58,1.96,1.54,2.46,1.54,1.27,4.1,2.33,1.96,3.77,1.31,1470,1587,0,3,3.28,1
0.11,0.58,2.29,1.15,2.06,2.96,0.21,0.32,2.2,4.0,1.8,4.96,4.62,3.4,2,5,1,4,52,45,0.25,0.09,0.85,0.15,3.63,1.75,2.08,1.9,1.75,3.82,3.31,4.05,2.24,2.72,1.74,4.56,1.62,1.44,1.82,1446,1587,0,3,3.47,1
0.38,0.67,0.69,2.6,2.51,3.22,0.23,2.72,2.0,5.6,3.76,3.56,3.0,1.12,5,6,6,5,58,45,0.87,0.01,0.34,0.66,3.96,4.56,2.56,2.45,2.45,2.96,4.9,2.86,4.97,1.51,3.17,4.2,4.47,2.77,4.8,1644,1716,0,1,4.53,2
0.16,0.47,3.02,2.94,3.45,0.26,4.32,2.23,4.8,5.4,2.06,4.16,2.29,2.97,2,3,0,3,54,43,0.03,0.66,0.92,0.08,5.83,3.8,2.19,2.14,3.44,1.66,1.56,2.93,3.56,4.11,1.33,3.66,4.23,3.76,2.29,1741,1874,1,1,1.94,0
0.82,0.24,3.13,1.42,1.95,1.9,1.11,3.58,7.8,4.8,4.09,1.11,3.38,1.17,2,7,3,3,42,60,0.01,0.36,0.67,0.33,3.31,3.79,3.29,1.66,1.89,2.5,2.62,1.51,4.12,1.1,1.69,3.73,2.36,4.53,3.11,1670,2006,1,2,2.22,2
0.99,0.73,1.16,1.78,0.29,1.51,3.21,1.98,5.8,7.9,4.01,4.55,1.04,4.8,4,5,4,0,39,64,0.77,0.37,0.86,0.14,5.13,1.95,4.55,2.16,4.0,3.71,2.47,2.12,1.19,2.9,3.86,3.18,1.23,4.74,1.13,1727,1866,0,5,0.29,0
0.33,0.18,3.1,1.89,3.35,1.23,3.91,3.48,3.1,3.2,2.53,1.31,4.26,3.63,7,7,4,3,43,56,0.17,0.16,0.52,0.48,4.26,4.08,1.18,3.82,1.29,4.54,2.84,1.21,2.53,2.36,1.02,1.54,1.04,4.1,4.44,2056,1425,0,4,3.42,2
0.6,0.36,3.04,3.27,0.48,1.7,2.87,1.98,3.7,3.4,1.87,2.76,4.7,3.68,6,2,0,2,51,50,0.22,1.0,0.92,0.08,3.14,2.25,4.55,1.46,1.5,4.17,1.29,1.67,4.29,1.82,1.4,3.19,1.25,4.46,4.22,1457,1508,1,4,1.46,0
0.58,0.02,0.91,0.91,0.86,2.23,3.49,2.92,4.8,4.1,1.85,2.53,1.33,4.57,3,4,3,4,48,53,0.37,0.74,0.96,0.04,3.82,3.94,3.55,1.85,2.5,3.74,1.06,1.64,4.17,3.66,1.15,3.96,2.08,1.9,1.01,1470,1808,1,1,0.47,0
0.48,0.94,1.31,0.51,2.59,1.1,2.73,4.05,2.0,3.4,1.64,1.83,3.37,2.08,6,6,0,0,56,47,0.27,0.7,0.88,0.12,5.16,4.27,4.82,3.27,4.07,3.0,1.52,3.14,4.42,2.2,1.08,3.3,1.78,3.63,3.37,1977,1551,1,3,1.01,0
0.78,0.82,2.19,3.29,1.29,2.47,0.99,0.24,7.4,5.6,3.06,3.69,3.53,3.59,6,4,3,5,55,44,0.87,0.14,0.41,0.59,4.47,4.18,2.33,4.02,4.81,3.67,4.53,4.53,4.06,1.92,2.84,2.97,1.08,2.57,3.65,1811,1504,0,3,1.19,2
0.86,0.85,2.86,3.26,0.32,2.15,2.44,2.26,2.1,1.6,4.0,4.52,2.04,2.2,7,5,0,2,40,57,0.29,0.61,0.61,0.39,4.62,2.27,1.46,3.51,4.49,2.89,3.26,4.0,3.26,3.44,4.52,4.53,3.58,1.56,2.83,1714,1708,1,1,4.23,1
0.88,0.1,2.71,3.54,0.96,0.95,0.37,2.35,3.0,6.2,3.44,2.12,4.45,4.21,3,3,1,0,36,65,0.7,0.7,0.18,0.82,5.65,2.13,3.49,2.29,3.98,1.59,3.61,4.04,2.15,1.84,3.57,2.19,1.95,3.83,2.54,1870,1617,0,2,3.5,0
0.88,0.26,2.6,1.15,3.33,0.68,1.42,1.59,1.5,3.7,1.7,2.28,2.23,3.65,7,3,1,1,52,45,0.25,0.82,0.0,1.0,3.23,2.49,3.94,4.26,1.51,2.44,1.53,4.19,4.42,1.68,4.7,1.43,4.19,3.72,4.99,1722,1784,0,5,3.65,0
0.1,0.89,1.45,0.43,0.42,1.25,4.01,3.12,3.9,4.2,4.85,3.98,4.95,2.39,2,7,2,0,57,41,0.34,0.25,0.1,0.9,3.25,3.59,2.83,2.76,4.09,2.82,2.46,2.12,4.29,1.42,2.53,1.08,3.77,3.91,2.75,1820,1598,1,4,0.45,2
0.43,0.73,1.36,2.45,0.27,3.31,0.98,2.81,7.5,3.3,4.84,2.33,1.45,4.2,2,7,3,2,58,43,0.44,0.93,0.66,0.34,2.4,1.93,4.47,4.14,3.25,2.65,1.04,3.53,1.2,1.27,4.17,1.92,4.17,1.46,3.62,1920,1453,0,2,3.02,1
0.81,0.19,0.96,3.31,1.4,0.29,2.41,2.04,4.5,2.2,2.21,3.06,3.68,1.94,5,6,5,2,47,52,0.43,0.41,0.22,0.78,4.71,2.6,2.53,1.58,3.65,3.66,1.84,2.32,4.68,1.8,4.45,3.94,3.98,4.54,1.8,1923,1554,0,5,3.96,0
0.1,0.81,0.63,3.29,1.91,0.77,3.9,4.35,5.0,7.9,1.1,1.28,1.55,2.14,6,4,6,2,64,39,0.88,0.55,0.66,0.34,4.46,1.08,1.78,2.39,3.82,1.29,2.39,2.57,3.93,4.53,3.51,4.09,2.81,4.13,3.51,2006,1558,0,3,3.85,0
0.8,0.39,1.93,3.35,2.81,2.14,1.39,2.52,3.4,4.1,4.73,4.52,2.79,4.63,4,7,0,5,44,58,0.87,0.74,0.96,0.04,4.96,3.13,1.08,1.1,1.84,3.29,4.93,3.92,3.67,4.23,2.52,3.3,1.58,4.3,2.31,1830,1674,0,4,1.55,0
0.78,0.36,0.28,1.16,0.32,1.15,1.53,0.48,1.3,6.6,3.13,4.28,4.67,3.89,2,7,1,0,62,35,0.89,0.4,0.48,0.52,3.79,2.32,2.36,4.86,4.59,2.43,1.85,4.41,1.7,2.93,3.3,4.39,1.58,3.99,1.87,1846,1600,0,5,4.3,1
0.52,0.37,3.1,1.53,1.5,2.07,1.41,1.44,2.4,6.7,4.0,1.49,4.4,2.55,3,5,4,4,40,61,0.39,0.57,0.78,0.22,4.16,4.52,3.84,1.65,2.05,4.15,3.02,2.11,1.09,1.4,3.38,3.53,4.58,1.18,5.0,1837,2061,1,2,4.02,2
0.65,0.36,1.19,0.45,3.11,1.86,2.62,1.96,6.6,1.9,2.78,3.67,3.14,4.15,6,3,5,2,52,51,0.71,0.24,0.49,0.51,4.47,4.3,1.02,1.16,4.06,4.72,3.51,3.9,2.9,3.65,1.54,2.14,4.04,2.21,2.26,1419,1908,1,5,2.69,0
0.28,0.88,1.81,1.19,1.54,2.67,3.15,2.17,7.1,2.4,3.72,1.22,3.85,3.54,5,3,3,4,50,47,0.69,0.74,0.66,0.34,2.76,2.52,1.86,3.61,1.88,4.01,4.25,3.06,4.32,5.0,4.94,2.8,2.78,3.96,4.77,1483,1728,1,1,4.43,2
0.47,0.55,2.01,2.61,2.87,0.54,3.34,3.14,5.6,7.7,2.97,2.67,1.02,2.69,2,7,6,1,37,60,0.51,0.51,0.63,0.37,5.08,4.08,4.53,4.99,4.55,2.18,1.2,4.85,2.24,4.38,1.09,1.28,4.36,3.38,1.62,1902,1530,1,2,1.55,0
0.46,0.28,2.79,0.3,1.39,0.29,3.14,0.77,6.1,2.1,3.83,2.48,1.72,4.03,4,7,1,3,53,44,0.85,0.32,0.06,0.94,5.09,2.66,4.45,2.66,4.73,1.58,1.13,3.06,1.18,3.88,2.52,2.64,1.61,4.87,4.34,1846,1836,1,1,1.84,0
0.55,0.47,1.36,0.45,1.33,2.41,4.05,0.55,1.1,4.6,1.16,4.76,2.09,2.45,7,7,4,5,58,39,0.9,0.09,0.1,0.9,5.31,2.43,1.37,3.97,1.13,4.21,4.8,4.58,2.49,4.1,2.98,3.69,2.11,2.83,3.32,1520,1577,1,1,0.68,2
0.92,0.39,2.81,2.21,1.48,1.35,4.33,4.35,6.6,1.7,2.79,2.92,2.76,2.58,6,3,0,6,55,42,0.48,0.41,0.79,0.21,5.24,1.5,1.17,2.77,1.69,2.53,3.17,3.06,1.8,3.83,1.52,1.66,1.64,1.77,4.59,1566,2000,1,3,4.29,2
0.61,0.74,0.83,3.41,2.5,3.12,0.35,3.73,5.0,4.9,2.1,4.03,4.74,4.93,7,2,6,0,49,51,0.87,0.81,0.62,0.38,4.36,2.83,2.9,3.77,3.97,2.62,1.04,2.53,4.78,3.68,2.94,3.07,4.54,3.75,4.07,1511,1917,0,5,4.87,0
0.56,0.75,2.89,2.39,0.21,2.67,3.02,0.4,3.7,4.7,3.34,2.5,1.53,4.67,7,3,6,6,38,64,0.78,0.36,0.47,0.53,5.49,1.27,4.94,4.6,1.14,3.78,1.69,1.88,1.3,1.39,2.04,1.91,1.02,3.27,2.31,1823,2009,0,3,4.91,1
0.52,0.84,2.67,2.39,0.8,0.34,1.28,0.21,5.1,5.6,4.33,1.32,4.24,2.38,7,3,2,3,46,51,0.07,0.67,0.07,0.93,5.79,4.72,1.61,1.64,1.62,4.85,2.27,1.87,4.37,3.02,1.81,4.74,4.32,3.43,4.2,1795,1769,1,1,4.41,2
0.42,0.12,2.4,3.26,3.23,2.05,0.42,4.06,7.6,1.8,3.76,3.56,1.83,3.8,6,4,0,6,54,45,0.73,0.75,0.8,0.2,2.28,3.87,2.91,3.76,4.28,3.88,3.99,1.88,1.02,3.41,4.4,1.94,3.77,1.76,4.55,1688,1420,0,2,3.02,0
0.67,0.06,2.06,2.34,0.41,2.94,1.95,0.22,4.0,5.6,3.21,1.82,2.48,2.34,7,6,2,2,43,55,0.34,0.79,0.2,0.8,5.2,4.94,2.48,4.75,2.02,2.61,1.84,3.56,2.16,2.62,1.54,1.57,4.46,2.53,2.8,1475,1690,0,5,2.96,2
0.91,0.41,2.36,1.78,0.92,2.45,1.18,0.58,1.9,2.2,4.9,2.32,4.8,1.04,7,2,2,5,44,56,0.45,0.57,0.66,0.34,2.49,4.04,2.74,2.31,1.18,1.19,4.59,1.31,2.59,2.33,4.72,2.42,1.2,1.25,2.43,1809,1722,1,5,0.39,2
0.62,0.96,2.65,1.93,0.97,2.51,1.72,1.73,3.8,4.6,1.16,3.89,3.37,3.76,4,3,5,3,46,54,0.88,0.72,0.7,0.3,5.74,4.7,1.16,3.51,1.93,1.31,2.47,2.92,3.43,3.21,3.66,2.34,3.16,1.2,1.68,2028,1685,1,5,3.84,2
0.23,0.31,2.74,2.73,1.82,1.2,2.62,2.28,3.4,7.5,4.35,1.77,4.12,2.96,3,7,3,6,47,52,0.82,0.37,0.03,0.97,2.68,1.71,4.29,4.85,3.06,4.35,1.31,2.46,4.57,4.13,2.59,3.57,1.41,1.43,1.23,1438,1870,1,5,0.33,2
0.85,0.18,2.65,2.52,0.84,0.91,2.84,3.99,3.5,2.8,3.17,1.14,3.47,4.83,5,2,3,4,63,35,0.94,0.17,0.49,0.51,5.35,3.93,3.5,1.33,1.28,4.89,4.62,1.92,1.95,4.13,4.75,1.55,3.95,1.43,3.46,1617,1572,1,4,0.69,2
0.34,0.11,0.71,2.35,2.62,2.21,2.6,4.39,2.1,1.7,1.03,2.51,2.38,3.33,3,6,1,6,64,36,0.45,0.15,0.01,0.99,5.19,1.14,2.76,3.51,4.85,4.01,2.47,3.37,4.06,2.07,4.88,3.54,1.2,4.5,2.84,1550,2096,1,2,4.57,0
0.36,0.04,1.5,2.98,0.98,0.9,2.77,0.23,3.0,7.6,2.11,3.79,1.89,1.19,6,3,2,4,55,48,0.93,0.64,0.9,0.1,4.57,3.49,2.38,3.35,4.81,4.32,1.5,4.42,2.47,2.3,3.04,1.14,4.6,1.9,1.79,1425,1570,0,4,3.09,0
0.91,0.88,3.53,1.92,1.36,2.05,3.79,4.35,1.4,3.1,2.88,1.69,1.07,4.01,6,3,0,5,52,46,0.75,0.6,0.72,0.28,5.12,4.82,3.58,1.19,2.71,1.54,2.65,1.99,1.81,3.47,4.22,4.07,4.88,3.68,2.87,1496,1549,0,5,3.49,1
0.33,0.21,0.6,3.53,2.74,3.09,3.09,2.47,5.0,5.9,2.7,4.39,2.44,3.51,2,4,5,2,55,44,0.49,0.64,0.32,0.68,2.38,4.11,1.45,4.99,2.98,3.47,1.02,4.58,3.0,3.44,3.2,2.96,3.71,3.56,3.59,1746,1690,0,2,1.04,1
0.24,0.83,2.9,3.27,1.74,1.63,0.58,2.57,3.8,5.0,3.5,3.97,4.55,4.47,5,7,2,0,47,52,0.86,0.42,0.1,0.9,4.65,2.55,1.46,1.77,1.53,4.34,4.2,4.51,1.82,3.81,1.98,2.61,3.29,1.54,2.41,1428,1664,1,5,3.86,1
0.01,1.0,0.99,3.42,2.99,2.51,2.77,3.26,5.9,4.9,3.5,1.86,3.96,4.32,4,5,2,6,64,37,0.74,0.61,0.1,0.9,3.14,4.23,4.65,4.44,1.23,1.71,4.96,2.62,2.3,1.75,4.84,1.01,3.62,1.9,2.49,1997,1466,1,5,2.52,1
0.77,0.25,2.42,0.57,1.98,3.13,4.34,0.71,1.4,5.8,4.44,3.72,3.09,4.02,5,2,3,4,64,38,0.38,0.6,0.08,0.92,2.57,2.66,4.19,2.76,2.61,2.93,4.52,1.69,3.47,4.56,3.39,2.61,1.79,2.44,3.59,1920,1635,1,5,0.86,2
0.41,0.93,3.57,1.08,2.6,2.08,4.15,3.14,1.2,6.4,1.83,1.43,4.22,2.49,7,2,2,6,40,63,0.49,0.01,0.14,0.86,2.33,3.52,3.89,4.54,1.87,1.36,3.42,3.35,3.02,1.26,2.7,3.13,1.04,3.32,3.17,1503,1729,0,4,4.07,2
0.95,0.84,2.19,2.32,2.58,2.01,0.62,1.22,5.7,7.2,4.4,1.15,3.96,2.92,3,7,2,5,43,54,0.53,0.34,0.04,0.96,3.35,3.92,1.25,2.02,4.15,4.77,2.06,3.23,3.77,1.45,2.72,4.04,1.44,1.98,1.04,1537,1564,1,2,4.14,2
0.24,0.32,1.98,0.25,1.04,0.75,1.68,4.15,4.9,4.0,4.73,3.81,4.72,4.96,2,7,4,0,42,60,0.55,0.82,0.42,0.58,5.64,1.64,1.51,2.64,2.4,4.85,4.97,1.64,3.09,2.75,4.14,4.24,2.24,4.84,1.76,1714,1690,0,4,1.98,2
0.72,0.43,3.33,1.12,0.43,3.06,2.96,2.69,3.6,3.2,3.06,1.56,1.62,2.33,4,3,4,1,35,68,0.26,0.77,0.89,0.11,5.01,1.91,4.43,4.78,2.77,1.23,2.86,2.21,4.36,2.26,2.62,2.03,4.71,4.99,4.36,1671,1788,1,1,2.35,2
0.64,0.85,3.41,2.39,2.98,1.88,3.62,2.42,6.0,7.3,1.15,1.08,4.57,2.3,4,5,3,3,47,53,0.52,0.16,0.2,0.8,3.34,4.77,2.16,2.49,4.99,2.95,1.62,3.96,4.01,1.91,4.61,2.3,1.84,3.56,4.14,1858,1867,1,4,2.99,2
0.45,0.47,2.31,0.95,3.27,2.96,2.6,3.41,3.1,4.6,2.37,2.56,3.56,1.84,2,2,1,3,39,61,0.3,0.73,0.57,0.43,5.51,2.56,3.7,2.59,1.64,2.8,2.09,1.89,3.02,4.3,2.86,1.85,4.39,3.35,1.48,1640,2058,0,4,0.93,2
0.8,0.06,0.81,2.88,0.24,2.93,1.76,2.6,1.8,7.7,4.27,2.32,1.47,4.45,2,3,5,3,62,38,0.8,0.09,0.33,0.67,2.07,4.85,2.65,3.33,2.89,2.46,1.1,3.54,3.69,3.91,3.61,4.66,4.01,1.13,4.82,1773,1673,1,4,3.78,2
0.94,0.32,1.06,0.72,0.86,1.41,3.32,1.01,3.6,5.8,4.52,3.47,4.25,4.27,7,5,5,6,44,54,0.75,0.58,0.74,0.26,2.96,2.68,3.51,2.52,3.68,2.18,4.24,2.44,3.04,1.28,3.47,1.13,1.2,4.99,3.16,1585,1580,1,4,1.72,1
0.81,0.25,0.85,2.54,2.4,2.65,1.57,3.97,4.3,3.2,3.1,1.37,3.74,4.81,2,2,5,2,42,55,0.96,0.63,0.15,0.85,5.37,2.29,2.54,1.88,4.37,4.22,4.38,4.98,1.9,2.42,2.22,4.82,2.25,4.61,1.74,1623,1763,1,5,4.98,0
0.8,0.27,3.44,2.03,3.35,1.15,0.36,4.23,6.8,7.8,1.55,2.53,1.41,4.14,6,4,3,5,39,60,0.62,0.27,0.51,0.49,5.26,2.44,4.29,4.48,2.7,2.21,4.64,4.78,1.37,4.94,4.97,3.76,4.9,2.22,1.8,1825,2077,0,1,2.96,0
0.08,0.76,3.03,2.94,1.28,0.43,3.43,1.87,2.7,6.7,1.01,2.41,3.68,3.0,4,5,2,4,57,42,0.21,0.9,0.32,0.68,4.27,4.45,3.34,1.27,3.85,2.65,3.08,2.55,4.3,1.56,3.83,2.45,1.87,2.71,4.72,2046,1485,0,3,4.87,0
1.0,0.97,3.27,0.37,1.04,1.96,1.5,0.73,5.7,3.6,2.61,2.09,2.14,1.42,7,5,2,3,48,53,0.21,0.36,0.63,0.37,2.69,3.04,3.59,1.45,4.76,1.14,1.04,1.05,2.09,4.45,2.81,3.83,4.36,1.35,2.08,1410,1680,1,4,2.92,2
0.34,0.39,0.91,0.75,2.76,1.74,3.01,0.98,6.5,7.7,1.83,1.01,2.13,1.59,4,7,0,2,59,42,0.02,0.06,0.12,0.88,2.43,2.99,1.48,1.69,3.57,2.37,3.57,3.97,3.51,3.95,4.16,1.5,3.59,3.93,1.38,2082,1505,0,3,2.2,1
0.13,0.35,2.82,1.51,2.89,0.47,2.48,0.71,1.8,4.8,3.94,4.62,3.27,2.57,3,4,2,0,63,34,0.4,0.26,0.06,0.94,5.96,3.16,2.93,2.95,4.04,1.75,4.39,4.76,1.74,1.1,1.7,2.62,1.2,2.36,4.73,1823,1921,1,3,0.37,0
0.09,0.91,1.07,2.85,0.87,2.55,3.83,3.12,4.4,2.1,3.04,1.79,3.17,2.96,3,4,1,6,60,38,0.12,0.93,0.27,0.73,4.36,1.47,3.35,2.16,2.88,4.14,1.29,4.25,2.7,4.28,4.15,4.11,3.13,3.01,4.28,1936,1978,1,5,4.48,0
0.77,0.12,1.81,1.68,2.43,3.24,3.11,2.94,4.1,1.1,1.54,3.31,1.25,1.16,5,7,4,3,52,48,0.19,0.46,0.35,0.65,5.7,2.48,2.51,1.67,4.66,1.69,3.75,1.61,1.9,3.43,1.54,2.98,2.45,1.31,3.59,1919,1799,0,2,4.19,0
0.73,0.95,2.82,0.52,3.4,1.55,3.11,1.74,1.2,4.1,1.42,4.9,2.85,3.0,7,7,6,0,65,38,0.52,0.19,0.41,0.59,5.94,2.85,4.07,2.68,2.48,1.42,3.96,4.11,4.01,1.85,2.63,3.01,2.91,3.09,3.09,2013,1536,1,4,3.5,0
0.41,0.63,3.47,3.35,1.62,0.27,0.22,2.59,6.3,5.3,3.6,4.98,2.9,3.89,3,5,2,6,50,48,0.65,0.67,0.66,0.34,5.44,1.61,3.02,2.28,3.41,4.51,2.12,1.52,2.84,2.03,1.41,2.37,3.55,4.77,3.02,1882,1928,0,2,3.11,0
0.42,0.63,1.74,3.39,2.36,1.6,1.91,0.46,3.0,5.6,1.38,4.83,1.73,3.15,4,6,3,2,58,45,0.59,0.47,0.64,0.36,5.49,2.28,4.59,4.46,2.78,4.95,3.08,3.46,3.39,2.94,1.13,1.99,3.62,2.86,1.87,2081,2090,1,5,3.85,0
0.17,0.69,2.71,0.58,2.91,2.02,3.37,1.94,7.5,3.8,3.03,1.68,3.59,3.26,5,3,6,5,45,57,0.7,0.15,0.92,0.08,3.43,4.34,3.63,4.39,1.31,1.93,4.17,2.01,2.49,2.3,3.3,4.8,1.12,3.66,3.65,1864,2062,1,1,4.13,2
0.51,0.65,2.09,1.85,0.87,1.66,2.24,2.25,1.8,4.2,4.4,4.21,3.85,1.87,4,4,0,0,65,33,0.95,0.27,0.73,0.27,2.5,2.67,1.46,4.77,2.21,3.54,2.57,3.6,3.34,3.49,1.03,2.38,3.8,1.94,4.94,1539,2084,1,5,1.49,2
0.51,0.69,2.8,3.7,2.97,0.21,2.02,0.24,2.6,2.0,1.15,2.78,1.02,3.27,7,5,2,1,47,50,0.31,0.62,0.85,0.15,3.24,1.14,4.85,3.39,2.88,1.27,4.2,3.7,1.11,2.28,2.56,1.06,4.18,4.04,4.74,2014,2084,0,1,1.6,0
0.32,0.8,1.98,0.7,2.9,3.27,2.51,1.91,2.6,7.4,3.4,2.57,4.25,2.79,5,4,6,4,64,33,0.95,0.99,0.38,0.62,4.41,1.87,2.11,3.7,1.31,3.4,1.78,2.1,1.11,4.15,3.05,3.94,1.25,2.13,4.88,1651,1468,0,2,2.41,2
0.45,0.44,0.33,1.55,1.94,2.36,1.1,3.33,7.7,1.8,4.21,2.2,4.7,1.14,5,7,0,5,61,38,0.27,0.83,0.43,0.57,5.22,3.26,2.56,3.46,2.97,4.47,2.93,2.55,2.49,3.42,2.76,2.4,3.97,1.29,3.98,2097,1977,1,3,1.43,2
0.98,0.33,2.1,2.28,1.12,0.7,3.79,1.17,4.7,6.9,4.78,3.69,4.93,3.2,3,5,4,2,40,62,0.01,0.2,0.19,0.81,3.63,3.14,3.24,3.11,1.71,1.76,4.25,3.17,3.99,2.43,3.3,2.14,3.98,4.49,2.41,2030,2036,0,1,4.05,2
0.21,0.95,0.33,2.18,0.78,3.47,2.29,3.99,6.0,5.6,3.26,1.93,1.08,1.2,2,5,5,3,45,53,0.26,0.55,0.96,0.04,5.71,3.79,2.82,3.11,1.28,4.75,4.25,4.75,2.28,1.55,1.14,4.67,4.7,4.02,3.9,1803,1699,1,2,0.13,2
0.42,0.39,3.44,0.84,0.41,2.77,3.77,3.1,7.8,4.1,1.88,2.63,2.42,3.08,3,6,5,5,54,45,0.73,0.25,0.36,0.64,4.86,2.53,2.2,4.79,4.18,2.26,2.62,1.66,3.56,3.96,2.77,2.91,4.4,4.21,2.56,1420,1998,1,3,3.15,2
0.17,0.74,0.76,2.02,1.7,0.31,1.17,1.3,1.0,1.6,1.32,3.11,3.14,2.74,7,6,6,5,48,55,0.14,0.43,0.06,0.94,2.29,3.84,1.79,3.99,1.73,1.42,1.54,3.28,1.29,3.96,4.97,4.01,3.9,4.92,4.82,1823,1524,0,3,2.58,1
0.02,0.93,3.37,3.06,1.34,1.55,2.94,3.83,6.1,3.1,3.3,3.44,4.98,1.18,7,4,2,3,59,43,0.19,0.28,0.3,0.7,3.69,4.34,3.95,4.11,3.77,4.57,4.27,1.17,3.12,1.45,1.06,2.16,4.4,4.88,3.76,1573,1578,0,2,2.44,2
0.02,0.17,3.26,1.24,3.43,3.5,0.64,1.92,4.3,1.6,3.54,3.47,1.2,2.88,4,2,3,0,35,65,0.5,0.23,0.13,0.87,3.39,1.07,4.2,4.18,2.37,1.83,3.05,2.08,1.42,2.01,2.17,4.58,1.74,1.97,4.98,1644,1540,0,3,1.19,1
0.35,0.55,2.43,1.16,0.66,2.08,2.11,0.63,3.9,7.1,2.78,1.86,4.08,4.93,3,6,1,1,37,66,0.89,0.81,0.02,0.98,3.29,1.69,4.53,3.0,3.27,3.06,2.73,3.37,1.76,2.27,1.66,2.57,1.81,3.25,2.0,1563,1428,1,5,1.64,1
0.58,0.61,0.59,3.25,0.47,1.47,0.36,1.68,5.0,1.7,4.83,4.77,1.26,4.1,4,3,1,3,56,41,0.83,0.93,0.17,0.83,2.76,2.74,2.19,2.15,2.26,3.58,3.25,1.95,4.44,2.99,3.77,1.54,3.18,1.61,3.48,1555,1432,0,1,0.08,0
0.04,0.65,2.19,0.68,1.48,1.82,3.36,1.44,6.0,4.2,4.56,4.99,3.43,1.44,5,3,2,3,49,52,0.13,0.23,0.15,0.85,3.57,4.22,2.84,4.83,3.42,2.8,2.42,4.03,4.67,3.16,2.91,1.66,3.94,1.77,2.87,2057,1761,1,2,1.83,2
0.91,0.11,3.37,2.83,2.24,2.71,1.61,2.89,3.9,1.1,4.6,4.81,2.69,1.87,7,6,2,1,64,38,0.15,0.1,0.3,0.7,3.81,1.27,1.53,1.11,3.74,2.27,3.64,1.54,1.65,2.99,3.95,1.14,3.5,4.87,1.16,1863,1663,1,4,1.84,1
0.79,0.36,2.43,2.68,1.26,0.38,0.61,4.12,3.7,2.1,1.5,2.78,4.47,1.71,7,7,5,6,50,51,0.71,0.84,0.43,0.57,3.47,1.38,4.33,1.42,2.14,1.52,2.37,4.43,4.11,2.07,3.52,3.8,3.2,3.12,4.74,1573,1471,0,1,4.02,0
0.08,0.27,2.2,3.39,0.67,1.55,3.22,2.77,2.7,6.4,2.17,3.73,3.52,1.43,6,7,1,0,50,52,0.33,0.25,0.84,0.16,4.26,2.49,1.99,2.09,2.43,2.02,2.35,3.03,2.93,1.97,3.07,1.18,3.93,3.36,3.29,1675,1916,1,5,2.19,1
0.41,0.73,2.32,1.36,3.28,3.36,1.34,2.63,3.9,4.1,3.11,1.61,4.59,2.75,7,6,2,2,51,47,0.35,0.13,0.66,0.34,3.32,2.08,4.28,2.18,1.06,3.41,2.67,3.63,2.18,1.7,2.06,2.92,3.5,3.09,2.81,1627,1408,0,2,2.23,2
0.11,0.65,1.11,3.01,2.16,0.57,3.99,0.47,4.6,4.3,2.76,2.98,1.38,3.66,7,4,0,3,57,41,0.01,0.2,0.4,0.6,2.46,1.27,2.55,1.43,1.1,3.56,3.32,4.6,3.97,2.84,1.51,1.86,1.96,2.58,2.19,1445,1564,0,3,0.39,0
0.44,0.92,1.66,3.36,1.59,2.12,4.24,3.87,5.7,1.6,4.19,2.24,2.38,3.37,3,4,5,1,54,45,0.93,0.3,0.33,0.67,4.79,4.36,4.55,1.73,1.59,2.63,4.71,3.16,1.68,1.47,4.93,3.2,4.5,1.49,2.92,1533,1753,1,3,2.71,1
0.71,0.7,2.66,0.46,1.52,2.51,0.22,2.38,4.1,3.5,3.52,3.98,3.7,3.74,6,2,2,3,64,33,0.17,0.0,0.79,0.21,2.58,4.55,2.41,4.9,3.01,4.89,3.48,1.99,1.36,1.37,4.26,3.73,1.69,3.28,3.21,1503,1773,1,5,1.27,2
0.11,0.61,1.23,2.55,1.08,0.95,0.6,2.72,7.3,2.9,1.63,2.83,3.47,2.73,7,5,0,4,44,53,0.14,0.21,0.52,0.48,5.18,4.47,4.52,4.55,1.2,1.14,1.58,4.01,2.52,3.64,2.75,2.94,2.65,4.0,3.48,1620,1516,0,5,3.67,1
0.15,0.38,3.41,1.0,0.47,1.64,3.98,0.82,7.2,1.5,3.11,1.43,1.14,1.12,3,6,3,0,47,51,0.23,0.01,0.65,0.35,2.9,1.51,1.86,3.74,2.7,4.53,2.07,1.61,3.27,3.25,1.05,4.93,4.38,3.68,1.15,1589,1717,0,5,4.28,2
0.09,0.4,3.17,0.86,3.45,2.77,2.95,1.03,1.1,2.3,1.09,3.46,2.76,2.9,2,2,1,1,62,37,0.02,0.21,0.49,0.51,5.27,1.2,4.39,4.35,4.91,1.48,1.6,3.51,1.78,1.74,1.2,4.07,4.24,2.15,4.74,1962,1811,1,5,4.4,0
0.7,0.32,3.6,3.54,2.05,3.22,3.2,2.05,1.2,5.4,4.94,1.63,3.62,3.36,6,6,4,6,35,63,0.42,0.74,0.75,0.25,3.33,4.52,4.4,4.84,1.61,3.79,1.59,4.69,4.09,2.99,4.79,4.25,1.54,2.86,3.48,1563,1912,1,3,3.37,2
0.81,0.47,0.49,3.49,2.79,3.11,3.25,2.83,5.1,5.4,2.76,3.01,3.9,1.46,4,2,6,1,46,52,0.18,0.47,0.08,0.92,4.07,2.24,1.33,1.71,3.33,4.92,3.21,1.86,4.42,4.56,2.15,1.59,2.58,4.99,4.63,1491,1680,0,5,0.07,0
0.9,0.66,0.99,0.2,3.3,3.02,0.79,3.67,3.1,1.1,1.94,3.63,3.02,3.57,6,4,0,2,41,59,0.61,0.0,0.45,0.55,3.9,4.58,2.2,4.92,1.25,3.84,1.47,4.88,1.75,2.68,4.54,4.29,1.06,3.64,2.09,1755,1969,0,5,4.31,2
0.23,0.48,1.36,3.03,1.04,0.63,2.39,0.54,3.1,6.9,1.89,2.43,2.76,3.67,5,4,0,5,45,56,0.93,0.9,0.93,0.07,4.47,4.11,3.29,4.6,2.98,1.16,1.55,4.56,4.27,2.6,3.66,3.22,3.07,4.09,4.19,1566,1511,0,5,4.26,0
0.04,0.52,2.7,3.17,2.87,2.94,4.12,0.44,1.5,1.7,2.54,2.56,1.28,3.5,6,7,3,1,39,58,0.21,0.97,0.39,0.61,3.16,4.2,4.96,3.11,1.41,3.17,3.88,3.45,2.58,1.54,1.03,1.55,3.54,4.86,1.24,2021,1737,1,4,3.55,0
0.83,0.43,0.32,0.93,0.44,2.68,2.24,1.06,3.2,6.5,4.83,3.46,2.94,4.73,6,3,6,4,57,42,0.28,0.84,0.96,0.04,2.23,1.98,2.43,2.41,2.9,2.32,1.09,4.02,2.48,2.37,4.88,2.35,1.66,4.05,2.04,1806,1732,0,5,2.87,1
0.48,0.36,0.37,1.05,0.91,2.7,2.55,2.28,6.8,7.5,4.79,2.25,1.21,1.03,6,5,3,2,43,55,0.24,0.98,0.02,0.98,2.56,1.9,1.52,3.59,4.41,4.74,1.88,2.63,2.42,4.68,3.35,4.09,4.6,3.93,2.19,2059,1608,0,2,0.3,2
0.8,0.41,1.16,0.57,0.38,0.34,1.11,1.94,5.0,5.8,4.82,2.22,2.58,2.91,7,7,1,5,53,45,0.3,1.0,0.05,0.95,2.58,1.73,2.85,4.93,1.28,1.58,4.52,4.34,3.65,1.97,4.31,4.92,3.53,3.32,3.1,1731,1795,1,4,0.47,2
0.47,0.81,1.12,1.89,3.18,2.14,0.26,3.66,5.9,2.8,3.92,1.58,2.24,1.33,5,4,4,5,60,43,0.97,0.35,0.12,0.88,2.28,1.89,3.32,1.58,3.24,1.6,4.25,2.68,4.16,3.21,3.56,3.31,4.63,3.36,2.94,1401,1927,1,4,0.44,0
0.12,0.89,3.56,2.04,1.79,1.54,0.69,2.97,4.0,3.6,2.34,4.33,1.34,1.26,2,7,1,5,55,43,0.37,0.18,0.54,0.46,3.03,1.45,3.59,2.55,3.39,1.85,4.54,3.41,1.73,4.4,3.23,3.73,2.34,4.89,1.71,1844,1916,0,1,4.09,0
0.14,0.47,3.53,1.43,1.58,1.46,2.81,2.98,7.6,6.4,1.91,1.18,3.58,2.25,3,3,5,2,55,44,0.57,0.47,0.6,0.4,2.73,3.85,3.87,3.96,2.14,3.3,4.4,1.73,3.17,4.83,2.9,2.98,3.48,3.32,3.91,1572,1512,1,3,3.38,2
0.68,0.75,3.78,1.47,1.15,0.88,2.59,2.19,3.8,6.8,2.03,1.93,3.29,3.97,4,7,0,5,43,60,0.31,0.53,0.32,0.68,4.72,1.8,2.0,2.32,4.68,1.29,2.67,3.74,3.22,2.33,4.36,4.91,3.88,3.46,2.02,1959,1804,1,3,2.61,0
0.5,0.81,1.19,2.97,1.89,2.98,0.85,2.27,5.4,6.3,1.56,1.51,2.97,4.97,7,5,2,3,39,58,0.89,0.78,0.66,0.34,2.1,3.67,3.39,3.86,1.29,4.93,4.48,3.44,2.16,3.09,4.33,4.02,1.8,1.97,2.52,1715,1780,0,1,0.11,1
0.81,0.73,1.18,0.67,1.28,0.9,2.15,3.65,5.7,2.8,4.26,2.84,1.14,2.01,2,2,2,5,46,53,0.96,0.97,0.69,0.31,2.21,1.86,1.9,1.05,1.29,1.62,4.94,4.12,2.18,4.18,3.85,2.69,2.39,3.49,2.42,1675,1821,0,1,4.55,1
0.97,1.0,1.56,0.86,3.06,0.98,2.23,2.09,2.2,7.8,4.22,2.19,3.57,3.25,3,6,5,6,35,63,0.18,0.29,0.86,0.14,2.22,4.59,2.32,2.18,3.37,4.31,3.09,4.66,3.31,2.73,4.65,2.3,3.6,3.5,1.8,1433,1799,0,4,1.98,2
0.54,0.7,1.85,0.95,2.52,1.57,1.83,0.23,4.1,2.5,3.3,2.69,2.08,3.86,6,7,4,6,46,57,0.32,0.12,0.12,0.88,2.27,2.83,2.27,1.39,3.56,3.89,4.37,2.77,2.65,4.73,3.08,3.79,1.11,2.65,2.72,2087,1886,0,1,1.59,0
0.27,0.27,1.9,0.48,1.69,2.63,1.58,0.74,1.5,1.1,4.57,2.33,3.71,3.68,5,5,2,4,56,41,0.71,0.21,0.77,0.23,5.89,3.94,4.03,2.3,2.93,3.66,3.01,3.78,4.74,2.39,1.29,2.17,4.11,2.46,1.43,1916,2080,1,5,0.59,2
1.0,0.56,3.34,1.45,0.61,2.56,2.87,1.16,7.0,4.2,1.14,2.18,4.77,1.58,2,5,4,2,39,63,0.51,0.58,0.41,0.59,2.76,3.49,3.43,1.18,1.53,4.85,4.49,2.3,1.18,2.18,4.1,1.34,3.87,3.45,2.39,1474,1704,0,5,4.45,2
0.6,0.53,2.22,3.17,0.91,3.17,2.2,4.42,3.6,4.9,2.69,1.34,4.85,4.19,2,7,2,3,40,60,0.81,0.02,0.81,0.19,3.47,4.11,1.7,4.86,2.5,3.89,3.64,2.21,3.12,2.03,1.49,3.63,1.12,2.9,4.39,1663,2092,0,2,1.67,2
0.59,0.16,2.76,0.63,1.75,1.06,4.46,1.64,7.3,1.7,3.32,4.53,2.18,2.49,2,4,6,4,40,62,0.43,0.47,0.88,0.12,2.0,3.52,4.21,3.54,4.14,3.55,1.41,1.91,1.57,4.66,1.04,4.19,3.03,3.81,2.01,1738,2024,0,3,0.06,1
0.38,0.15,0.6,3.48,1.93,2.72,3.03,1.76,5.8,7.2,3.17,1.94,4.82,3.9,7,6,3,1,35,66,0.57,0.25,0.03,0.97,5.78,3.11,3.9,3.81,4.63,1.52,4.98,3.9,3.07,1.32,2.24,2.09,4.22,1.63,1.37,1894,1466,1,4,3.11,1
0.51,0.57,0.49,3.71,1.75,0.22,2.96,1.23,5.3,7.3,3.05,3.59,2.38,3.44,5,6,3,3,60,39,0.37,0.49,0.93,0.07,2.61,3.3,4.09,3.98,4.74,1.01,1.52,4.89,3.44,2.71,4.98,1.87,4.78,2.47,2.36,2053,1663,0,3,2.1,0
0.31,0.14,2.47,2.16,0.28,2.01,2.32,0.63,3.8,7.0,3.92,2.64,3.38,2.53,6,7,0,4,65,38,0.96,0.2,0.25,0.75,5.59,4.17,3.98,3.7,4.14,1.93,4.11,4.36,3.98,2.87,3.3,2.86,1.84,1.29,3.99,1611,1773,1,2,4.1,2
0.82,0.86,0.35,3.56,0.49,1.76,1.28,3.69,2.2,6.9,3.65,1.83,2.62,2.82,4,5,2,1,57,46,0.16,0.28,0.77,0.23,3.07,4.6,1.03,2.2,3.23,4.38,2.77,1.38,3.45,1.78,3.09,2.11,4.82,1.83,3.49,1951,1540,1,2,4.51,2
0.8,0.15,0.39,0.7,1.17,0.63,0.26,3.95,6.5,2.4,1.98,1.22,1.16,2.48,6,4,2,1,48,49,0.74,0.45,0.29,0.71,5.45,2.35,3.82,3.33,1.3,1.8,3.6,1.72,3.74,2.54,4.86,4.94,1.03,1.81,2.57,1818,1938,1,2,3.59,1
0.93,0.76,0.7,1.64,0.74,1.49,3.25,0.25,6.4,7.6,3.02,3.16,2.99,4.5,6,4,2,3,43,55,0.28,0.98,0.44,0.56,3.14,4.82,4.36,4.52,1.78,4.9,4.36,4.6,1.54,1.44,1.95,2.08,4.72,3.29,1.94,2072,1561,0,3,4.97,1
0.7,0.89,2.05,3.27,0.41,2.41,1.51,1.55,1.7,2.4,2.85,1.61,2.81,2.98,2,2,3,3,51,47,0.93,0.41,0.82,0.18,5.45,4.23,1.42,2.9,3.64,4.67,4.38,2.39,4.17,4.3,4.91,3.18,1.7,1.84,4.61,1742,1620,0,5,3.13,2
0.04,0.53,1.11,1.12,1.71,2.38,4.23,2.93,2.3,1.7,3.63,1.34,1.5,4.3,6,4,2,0,58,45,0.66,0.68,0.3,0.7,3.47,3.28,4.17,2.53,4.05,4.6,1.73,2.78,2.46,3.24,3.76,3.4,1.77,4.06,3.56,1526,1892,1,1,0.23,0
0.04,0.27,1.67,1.64,1.25,1.21,0.36,2.6,6.1,6.5,2.4,4.74,4.06,2.26,7,7,4,4,39,59,0.1,0.25,0.13,0.87,2.26,4.29,3.8,4.51,1.53,3.16,1.79,1.78,2.73,2.54,2.36,4.63,2.32,1.37,2.29,1566,1671,0,1,1.34,2
0.87,0.55,0.52,1.88,1.16,1.27,2.8,3.48,7.0,2.4,4.78,2.36,1.73,2.6,7,4,6,6,56,44,0.29,0.02,0.48,0.52,5.03,2.1,4.21,4.0,1.69,2.45,1.12,1.55,4.47,1.5,4.21,2.42,1.25,2.04,1.03,2046,1484,1,1,1.73,2
0.83,0.92,1.08,1.36,0.83,0.56,1.21,4.16,7.3,3.9,3.26,2.31,1.0,3.08,5,7,4,3,36,63,0.13,0.84,0.29,0.71,3.61,4.08,4.54,1.26,1.55,3.51,1.94,2.98,2.13,1.99,2.72,1.1,1.05,4.48,2.34,1467,1527,0,3,1.04,0
0.29,0.99,2.91,3.59,2.14,1.76,2.4,0.63,5.3,7.8,1.16,4.89,2.91,1.05,4,7,2,0,46,53,0.82,0.23,0.54,0.46,2.07,1.37,2.75,2.23,3.57,4.65,4.49,1.06,4.36,1.06,4.13,3.92,2.76,3.7,1.4,1591,1497,1,1,2.14,0
0.23,0.15,1.1,2.36,0.47,2.59,2.06,2.86,4.1,3.7,2.23,4.04,1.26,4.01,5,6,4,0,38,62,0.81,0.38,0.77,0.23,2.74,2.32,1.76,4.67,2.02,3.38,4.32,4.96,4.08,4.94,1.59,1.84,3.99,2.13,4.93,2032,1475,0,5,3.87,1
0.89,0.05,2.77,0.84,0.58,2.69,2.77,1.27,3.9,5.3,4.83,3.5,4.75,3.18,2,2,0,5,41,58,0.19,0.12,0.15,0.85,5.71,2.21,4.89,4.21,4.4,2.75,4.23,2.53,4.14,4.09,1.32,1.03,3.73,2.94,4.35,1684,1462,0,4,3.97,2
0.34,0.57,2.89,3.49,1.53,3.14,1.71,0.78,3.5,3.4,3.81,4.99,4.84,2.71,2,7,4,0,65,38,0.31,0.4,0.62,0.38,4.64,4.62,4.61,4.57,2.52,4.63,1.87,1.08,2.34,4.06,4.99,3.27,3.51,2.72,1.92,2099,1504,0,2,3.61,2
0.82,0.51,3.48,1.55,2.02,2.05,1.62,1.08,6.8,4.4,2.68,3.22,2.83,2.38,6,3,2,6,58,40,0.04,0.99,0.98,0.02,3.05,1.63,4.97,1.12,3.8,2.47,2.51,2.4,2.54,3.72,2.35,3.45,2.74,1.53,3.45,1598,1942,1,5,1.45,0
0.0,0.6,3.65,1.99,0.95,1.01,0.51,2.94,4.3,4.6,1.13,4.86,3.95,1.86,6,6,3,1,39,63,0.38,0.97,0.45,0.55,2.32,4.43,3.96,1.46,3.55,1.73,3.69,2.36,4.89,4.46,4.24,3.95,3.15,3.87,3.75,1693,1737,0,1,1.57,0
0.7,0.69,0.93,1.17,0.88,3.32,4.23,3.73,7.1,5.6,3.78,1.08,2.34,3.03,5,6,6,2,55,43,0.49,0.69,0.81,0.19,3.55,4.5,3.71,3.17,3.53,1.08,3.27,4.67,2.25,2.36,1.72,2.63,3.19,1.54,3.03,1517,1826,1,4,0.15,2
0.56,0.82,0.5,2.56,2.91,3.13,0.52,2.54,3.8,5.6,3.91,1.18,1.68,1.32,3,5,3,2,46,53,0.4,0.32,0.49,0.51,2.37,2.87,2.62,3.79,2.31,3.47,2.61,4.15,3.52,1.34,2.17,2.48,3.49,3.12,3.31,1410,1570,0,5,0.08,2
0.3,0.27,2.08,1.22,1.23,2.35,3.37,2.75,6.5,3.1,1.33,4.14,4.53,3.53,2,4,3,4,58,42,0.34,0.69,0.47,0.53,4.5,4.05,3.35,1.35,2.87,1.78,1.08,4.19,3.22,1.58,1.5,1.07,1.24,1.03,1.65,1467,1531,0,3,1.86,1
0.49,0.73,0.64,1.65,2.77,0.96,4.28,3.68,6.0,1.6,3.69,3.8,1.54,2.51,6,4,1,2,64,33,0.18,0.21,0.28,0.72,4.0,1.89,1.43,4.3,4.83,3.2,4.18,3.8,4.69,4.46,4.47,2.41,1.47,4.72,1.76,1738,1408,1,2,4.09,0
0.67,0.39,2.11,3.61,0.78,0.89,2.67,3.57,3.0,4.9,4.84,4.08,3.23,1.57,2,2,2,4,63,40,0.78,0.2,0.35,0.65,2.31,2.87,3.85,2.52,3.99,3.77,3.5,4.61,3.08,4.9,4.87,2.59,1.43,4.07,3.12,1664,1973,1,2,0.39,1
0.19,0.23,1.45,1.04,3.22,0.86,1.64,0.96,6.8,4.7,2.23,3.1,1.67,4.37,6,2,0,1,49,52,0.66,0.45,0.59,0.41,4.97,2.62,4.48,3.8,2.18,3.94,4.41,1.36,3.51,2.62,2.94,1.99,3.17,1.77,2.2,1759,1848,1,4,4.88,0
0.76,0.53,2.91,2.93,0.48,3.4,3.0,3.33,1.0,1.0,4.6,4.31,1.4,1.44,4,2,2,0,44,53,0.21,0.32,0.81,0.19,5.69,1.5,1.1,2.58,4.03,3.44,2.57,3.3,4.91,1.19,1.44,3.18,2.99,3.99,2.83,1717,1536,0,4,2.86,2
0.27,0.08,2.96,1.51,3.37,1.19,2.0,4.11,2.3,1.5,2.7,1.87,2.87,4.56,6,5,0,3,56,42,0.51,0.82,0.03,0.97,3.22,2.59,3.27,4.69,3.25,3.61,2.95,3.91,2.0,3.0,4.54,4.11,1.89,3.7,3.03,1668,1728,1,4,2.29,1
0.86,0.55,3.19,2.35,1.16,1.43,1.3,0.7,5.5,1.6,4.55,2.15,1.16,2.36,6,3,5,4,52,45,0.67,0.07,0.16,0.84,3.13,4.13,1.69,3.92,1.67,2.68,1.51,1.57,4.75,1.93,2.58,3.75,3.11,1.19,2.17,2085,1878,1,2,2.61,2
0.96,0.54,1.66,1.81,0.81,1.42,2.01,0.21,1.6,1.9,4.61,3.84,1.16,1.07,7,5,1,5,38,62,0.53,0.5,0.81,0.19,2.32,3.13,1.18,2.16,1.56,3.64,2.7,1.74,4.58,2.0,3.49,1.04,4.54,3.06,4.47,1514,1652,0,2,0.32,2
0.73,0.36,3.37,2.96,0.86,1.86,2.92,4.22,2.2,4.2,3.1,4.82,1.52,3.05,4,7,5,0,52,45,0.55,0.95,0.91,0.09,3.62,2.51,3.84,2.75,1.21,1.5,2.26,3.45,3.37,4.67,4.64,3.92,3.35,4.82,4.68,1848,1536,1,5,3.71,0
0.72,0.8,0.24,2.52,1.49,0.88,2.13,0.98,6.1,2.2,3.01,4.93,3.19,2.42,5,4,0,3,46,53,0.03,0.78,0.51,0.49,3.28,2.02,3.35,1.32,4.02,4.98,3.44,2.34,4.3,1.15,2.58,1.31,1.71,3.66,3.23,1460,1576,1,2,1.49,0
0.89,0.77,0.4,2.27,1.43,2.11,0.31,3.94,3.5,6.9,4.2,4.29,4.1,1.68,7,4,4,5,54,49,0.5,0.7,0.69,0.31,3.11,3.83,3.61,1.13,1.48,2.56,3.16,2.46,3.89,1.56,2.56,5.0,2.81,4.6,1.95,1511,1723,0,3,4.96,1
0.14,0.29,3.39,1.19,2.23,2.46,0.54,1.96,3.0,2.5,2.17,3.6,1.38,4.24,6,7,4,1,59,41,0.73,0.01,0.07,0.93,2.52,2.61,3.66,1.05,2.82,4.75,4.83,1.34,2.57,1.03,4.33,2.32,4.37,2.14,1.19,2077,1756,1,5,3.58,0
0.54,0.57,2.06,2.16,0.75,1.15,1.86,4.24,6.5,4.0,3.74,4.22,2.63,3.14,4,6,4,2,45,52,0.15,0.85,0.35,0.65,5.48,4.01,3.08,3.27,4.27,2.16,4.17,2.62,4.16,3.07,1.1,4.01,4.36,2.82,1.45,1927,1760,0,3,1.93,0
0.43,0.98,1.76,2.41,0.58,0.88,2.23,2.09,5.3,1.3,4.56,4.91,4.42,4.36,7,2,0,3,55,47,0.06,0.87,0.17,0.83,3.13,4.5,2.14,1.72,4.81,2.31,2.71,1.54,4.18,1.97,1.26,3.05,3.0,2.23,3.25,1824,1853,0,4,3.71,0
0.63,0.56,2.94,1.26,0.95,2.86,4.03,1.6,3.8,6.0,2.16,3.32,4.17,1.23,5,6,3,3,39,62,0.25,0.3,0.17,0.83,2.35,1.43,3.17,3.54,3.01,2.5,1.43,3.07,3.23,2.91,3.8,4.94,2.75,1.35,2.7,1743,2016,1,5,4.29,2
0.34,0.43,1.75,3.25,2.44,2.79,2.82,0.46,6.6,2.4,2.49,3.55,2.11,2.57,5,7,1,3,52,50,0.63,0.44,0.83,0.17,3.38,4.91,3.62,2.55,1.7,4.62,3.63,3.35,3.24,1.34,3.41,2.34,2.88,2.22,1.53,1465,2099,0,1,0.5,1
0.29,0.57,3.41,1.22,1.98,3.2,1.44,0.41,7.2,5.2,4.52,4.84,1.35,4.23,6,3,5,1,41,60,0.63,0.12,0.84,0.16,5.53,3.41,1.24,3.65,2.2,3.01,2.26,3.51,3.89,2.62,1.58,3.92,4.35,2.09,3.79,2034,1756,0,3,0.46,2
0.84,0.05,0.87,3.51,2.87,1.91,3.26,3.57,5.8,3.1,4.62,4.83,3.58,4.87,2,7,3,1,61,41,0.13,0.13,0.5,0.5,5.6,1.69,4.12,1.92,1.55,3.25,2.14,2.39,1.07,4.97,2.53,2.71,2.72,3.44,2.78,1883,1569,0,3,2.21,0
0.48,0.59,2.85,3.41,1.46,0.67,2.26,3.45,3.8,2.8,3.8,4.57,4.01,1.84,7,4,3,4,64,37,0.57,0.41,0.73,0.27,3.02,1.7,3.72,2.42,1.67,2.17,1.56,4.83,3.15,1.37,2.36,1.83,3.57,1.56,2.64,1434,1718,0,5,4.67,0
0.36,0.46,1.44,0.71,3.24,0.85,0.24,0.53,6.0,7.8,1.53,2.81,4.78,3.95,5,4,6,6,52,45,0.94,0.18,0.33,0.67,4.21,2.49,2.24,2.39,1.91,2.34,4.02,4.79,2.15,1.21,2.2,4.57,4.59,2.83,2.04,1476,1711,0,4,4.17,1
0.99,0.96,1.8,0.37,1.89,2.29,1.6,0.94,3.5,4.9,1.88,2.97,1.54,4.18,4,4,4,4,59,41,0.09,0.39,0.44,0.56,5.28,4.69,3.97,1.86,4.66,2.07,2.53,3.09,4.13,2.38,4.11,1.83,3.04,1.73,2.67,1730,1753,0,3,1.24,0
0.88,0.71,2.44,0.82,2.99,0.71,1.84,1.53,7.6,1.1,4.09,4.86,3.62,3.25,6,3,0,5,38,61,0.51,0.14,0.24,0.76,3.54,1.67,3.66,4.61,1.86,4.98,2.8,4.72,2.77,4.53,2.71,1.67,1.11,1.78,3.57,1471,1868,1,1,0.24,1
0.82,0.64,2.65,3.05,2.75,3.33,0.81,3.11,2.9,6.4,2.72,1.74,2.56,2.85,4,6,3,5,64,34,0.86,0.75,0.28,0.72,2.29,4.52,3.22,4.74,2.44,2.01,2.57,1.27,2.64,4.06,4.9,3.68,3.77,2.5,4.95,1633,1484,1,2,3.66,2
0.84,0.06,2.96,0.36,2.79,2.64,3.57,3.22,5.9,1.5,2.36,2.07,4.75,2.78,5,3,2,0,52,47,0.86,0.94,0.61,0.39,2.18,2.23,2.3,3.62,1.9,2.21,2.87,3.79,3.41,2.37,1.12,1.32,2.39,1.75,3.52,1510,1803,1,4,0.5,2
0.72,0.76,1.77,0.5,1.51,0.44,3.5,2.63,6.4,1.3,4.24,2.05,4.19,3.23,6,4,6,2,63,38,0.3,0.4,0.12,0.88,2.57,4.42,1.55,2.65,4.57,4.64,4.66,1.64,2.0,2.86,1.36,1.68,4.96,4.97,3.51,2042,1917,1,3,3.16,2
0.14,0.27,2.23,1.0,2.46,0.87,1.47,0.69,1.0,6.0,1.77,4.55,2.84,1.58,7,5,5,4,65,38,0.38,0.07,0.06,0.94,4.07,2.02,2.61,3.32,1.41,1.44,3.36,4.42,1.59,2.95,2.03,1.04,2.38,2.65,4.54,1486,1786,0,5,0.02,1
0.09,0.59,3.59,1.91,1.44,3.27,0.92,2.86,7.3,2.5,3.13,3.49,2.47,2.34,5,7,0,4,58,43,0.91,0.66,0.4,0.6,3.81,4.67,4.4,3.62,4.28,3.52,2.91,3.71,4.13,4.71,3.01,3.54,2.48,4.62,3.43,1515,1538,0,5,4.67,2
0.97,0.56,1.52,3.57,1.17,1.33,0.93,3.74,4.3,4.3,3.59,1.82,1.42,4.21,6,6,4,1,37,61,0.02,0.42,0.07,0.93,3.07,4.34,1.04,2.97,2.77,1.04,1.98,3.0,1.34,2.09,2.16,1.2,2.07,4.72,3.55,2055,1994,1,2,3.16,1
0.33,0.41,2.09,2.98,0.42,3.34,1.79,1.71,1.4,2.8,3.75,1.69,3.19,1.92,5,6,1,4,58,40,0.98,0.15,0.21,0.79,4.5,3.53,1.43,3.7,3.59,4.28,3.91,2.49,3.1,1.8,4.46,1.01,1.04,3.56,3.19,1613,1789,1,5,3.14,2
0.18,0.89,1.46,3.27,0.67,2.77,3.74,0.48,1.7,6.5,4.58,2.89,2.35,4.83,7,5,4,1,56,46,0.49,0.44,0.61,0.39,4.99,1.69,1.15,2.72,4.66,4.9,4.8,1.87,1.12,4.74,3.79,1.31,4.63,3.49,4.16,2098,1668,1,1,2.95,0
0.67,0.71,2.98,2.56,2.74,2.45,0.47,2.26,3.6,6.9,4.48,2.38,1.38,3.4,4,6,4,0,58,43,0.86,0.17,0.25,0.75,3.98,4.38,1.59,2.02,4.52,1.18,3.25,1.18,2.44,3.73,4.32,1.93,4.62,4.31,3.85,1667,2041,0,3,4.87,2
0.6,0.37,1.53,2.98,2.3,1.85,4.12,4.47,7.8,7.8,1.91,4.43,2.76,3.1,2,7,4,0,58,45,0.35,0.78,0.08,0.92,2.24,2.01,2.79,1.11,2.48,1.5,3.09,4.31,3.71,4.85,1.56,3.71,2.91,3.52,3.38,1463,1755,1,3,1.76,0
0.57,0.26,0.3,2.32,2.97,1.74,3.78,2.74,1.3,1.4,3.74,3.9,4.77,3.92,6,6,3,3,41,60,0.28,0.84,0.76,0.24,4.74,4.06,3.08,4.18,2.95,1.16,1.22,4.98,4.4,1.56,2.13,2.76,4.65,1.98,2.49,1673,1571,1,4,3.31,1
0.05,0.53,3.26,0.38,0.34,1.95,2.84,1.46,1.9,6.8,2.77,1.17,3.03,4.04,6,3,6,3,51,50,0.74,0.76,0.1,0.9,5.97,3.31,3.42,3.24,1.75,3.61,3.65,1.99,4.95,2.49,1.04,1.48,4.62,1.8,2.64,1891,1559,1,4,2.0,2
0.06,0.23,0.52,2.39,1.74,2.86,2.56,2.45,2.4,3.4,1.48,1.23,2.63,3.53,4,6,1,5,48,54,0.56,0.42,0.92,0.08,5.89,2.4,4.97,3.66,3.66,2.01,4.41,3.14,3.71,2.96,2.02,2.14,4.97,3.24,4.54,1767,1497,0,2,2.85,0
0.63,0.95,2.74,2.82,2.33,2.12,2.22,3.12,2.2,4.8,3.02,3.18,2.16,4.89,6,5,5,2,53,49,0.27,0.62,0.04,0.96,2.78,4.99,2.96,3.15,2.33,3.91,1.28,1.06,4.57,1.97,4.04,3.02,4.04,2.01,1.32,2014,1632,0,3,1.72,1
0.32,0.54,1.62,3.15,0.98,1.13,1.71,3.9,1.7,6.4,3.79,1.31,4.53,1.48,3,4,2,1,58,41,0.86,0.27,0.98,0.02,5.18,1.34,3.56,4.83,2.6,4.53,2.26,3.8,3.32,2.57,2.21,1.51,4.49,1.67,2.77,2073,1639,0,3,0.69,2
0.42,0.39,2.46,1.8,0.92,1.13,1.48,2.69,5.6,7.8,4.32,2.64,4.1,1.83,2,2,2,2,60,42,0.65,0.62,0.38,0.62,2.2,1.14,4.93,2.78,3.65,1.77,3.18,1.14,1.41,3.37,2.45,4.22,4.31,3.47,3.66,1751,1544,1,5,3.89,1
0.25,0.54,2.98,2.25,1.63,3.32,3.41,4.04,7.8,5.9,4.39,2.35,2.31,1.83,2,7,2,2,42,57,0.45,0.02,0.79,0.21,5.51,4.15,4.66,1.38,2.19,4.03,3.59,4.91,3.88,1.81,1.4,2.44,1.68,2.77,4.73,2085,1865,0,2,1.41,2
0.16,0.81,1.58,0.63,1.07,2.76,2.2,4.31,4.1,5.2,3.03,4.34,1.19,3.85,7,3,4,0,59,39,0.36,0.75,0.46,0.54,4.51,3.41,2.96,2.34,1.48,4.22,4.1,4.78,3.27,2.94,4.82,3.33,3.44,4.36,1.92,1511,1997,1,4,3.47,0
0.22,0.51,3.46,1.38,0.52,2.48,4.44,1.42,7.5,3.9,3.91,1.55,4.17,3.54,5,3,6,1,46,52,0.27,0.61,0.29,0.71,3.71,4.48,2.62,4.39,2.41,2.75,4.79,4.66,2.17,1.62,1.35,3.73,4.09,2.22,1.16,2029,1735,1,5,2.27,2
0.74,0.78,3.25,2.25,0.6,2.05,4.08,4.5,2.7,5.0,2.02,3.35,4.04,2.03,2,7,4,2,63,38,0.17,0.56,0.63,0.37,2.04,1.97,4.53,3.56,1.25,4.26,4.37,4.98,3.71,1.79,2.04,2.31,2.13,2.15,1.78,1497,1610,0,5,2.41,2
0.58,0.24,3.3,3.04,1.62,3.47,3.64,3.45,4.4,1.6,2.69,4.97,2.79,3.25,7,2,2,2,36,66,0.89,0.98,0.66,0.34,4.12,1.68,4.61,4.07,4.46,4.74,1.04,2.15,1.81,1.64,2.64,3.08,4.29,1.61,2.87,1989,1866,1,3,3.65,0
0.73,0.09,3.57,1.77,3.31,2.43,2.15,3.93,6.5,5.5,1.06,3.31,2.15,3.93,4,5,2,0,49,51,0.98,0.95,0.57,0.43,2.34,4.6,2.91,1.06,2.2,4.78,4.18,1.13,3.9,4.32,3.13,2.38,1.74,2.19,4.38,2016,1510,0,5,1.03,0
0.41,0.09,2.04,1.82,1.24,3.31,0.71,1.51,5.4,6.0,2.4,2.57,3.34,1.56,7,3,4,1,61,41,0.86,0.71,0.47,0.53,3.95,3.66,3.54,2.09,2.53,1.16,1.9,2.5,1.33,2.45,1.61,3.97,3.99,4.96,1.68,1759,1984,1,5,2.13,2
0.24,0.87,1.03,2.92,1.71,3.49,1.28,2.73,3.2,6.5,1.56,3.56,2.0,2.43,3,4,1,2,58,43,0.43,0.04,0.27,0.73,2.76,3.32,3.66,2.75,4.83,1.65,3.16,1.58,1.82,1.16,1.78,1.55,2.12,4.78,3.51,1549,1421,0,4,3.74,0
0.99,0.82,2.84,1.7,1.12,1.72,1.13,4.27,6.5,7.9,3.07,2.69,1.38,2.77,7,7,3,0,46,52,0.89,0.25,0.57,0.43,5.55,3.18,4.21,2.32,1.2,2.63,1.28,4.15,4.6,4.19,3.76,4.41,2.62,4.27,4.32,1482,1873,0,4,3.93,2
0.93,0.77,1.94,0.82,2.42,2.02,0.79,2.61,3.7,2.6,2.27,2.56,1.15,2.92,2,5,3,5,55,48,0.23,0.17,0.23,0.77,2.36,3.21,1.8,2.32,1.16,2.12,4.73,2.09,2.35,2.96,2.06,1.15,3.54,3.28,2.74,1688,1650,0,1,3.2,2
0.5,0.93,0.64,1.44,3.17,2.39,2.77,1.29,7.3,2.7,3.01,4.1,1.86,3.62,5,4,2,6,60,41,0.32,0.14,0.59,0.41,5.21,2.28,4.87,2.49,1.63,2.11,4.63,4.18,2.84,1.19,1.23,4.89,3.0,3.68,3.97,2026,1777,0,4,1.01,0
0.97,0.89,1.06,3.59,2.36,2.22,2.65,1.57,6.7,7.7,1.48,2.3,4.94,4.2,4,2,5,5,65,35,0.08,0.58,0.51,0.49,4.95,2.07,2.27,3.78,1.52,4.64,2.77,4.25,4.36,3.02,2.21,3.49,3.38,3.51,3.37,1616,1511,1,2,2.3,0
0.08,0.49,3.41,1.92,3.11,0.69,1.15,1.52,1.5,1.3,4.3,1.78,4.07,1.36,2,7,6,5,35,63,0.91,0.8,0.86,0.14,4.17,3.45,3.33,2.14,4.91,3.27,1.02,2.86,1.29,2.73,4.26,3.31,3.71,4.86,2.05,1615,1645,1,2,0.51,2
0.35,0.89,2.95,0.85,0.86,2.63,0.33,3.73,1.8,4.4,1.47,2.16,2.88,4.01,5,6,5,4,63,37,0.85,0.77,0.5,0.5,3.6,3.38,4.38,2.75,3.56,3.15,4.83,4.17,1.14,4.19,1.87,1.77,3.14,1.65,2.29,1758,2087,1,1,3.22,1
0.81,0.78,3.63,1.09,2.48,1.55,3.71,0.75,6.0,4.3,4.61,2.22,3.15,2.82,7,2,4,1,42,55,0.27,0.64,0.06,0.94,3.31,3.3,3.97,3.11,3.0,3.13,4.18,2.48,2.48,4.25,3.85,4.77,4.85,1.49,2.37,1632,2081,0,3,1.1,2
0.96,0.41,1.38,2.6,3.14,1.7,3.86,3.63,3.5,1.5,2.5,2.03,4.64,1.18,5,7,2,0,65,38,0.07,0.33,0.03,0.97,5.03,1.5,4.99,3.31,4.78,1.81,2.96,2.92,4.51,4.85,2.06,3.37,2.36,1.15,2.94,1663,1486,0,1,0.15,0
0.9,0.78,3.05,1.84,1.27,3.14,3.51,3.78,3.4,1.2,2.7,4.45,1.01,4.46,5,5,3,2,43,58,0.35,0.4,0.66,0.34,2.07,4.55,1.13,2.74,5.0,2.32,2.58,4.99,1.16,1.74,4.62,2.87,4.61,2.49,4.14,1964,1755,1,3,0.68,1
0.24,0.36,0.48,3.78,1.66,1.25,1.23,2.47,7.1,3.8,2.74,3.03,2.07,2.43,3,7,2,0,57,45,0.78,0.87,0.04,0.96,5.07,1.06,4.82,4.69,2.46,4.19,2.15,3.11,2.61,1.04,1.96,1.94,1.81,2.94,3.11,1992,1753,0,4,1.22,0
0.78,0.65,3.65,0.9,1.81,0.26,2.28,1.64,5.1,6.7,3.45,2.0,2.38,1.71,5,2,0,1,40,59,0.15,0.96,0.11,0.89,5.99,2.02,4.18,4.0,3.13,4.84,1.53,2.88,4.14,1.83,1.07,4.32,4.72,1.06,1.37,1470,1503,0,4,4.41,2
0.76,0.63,3.59,0.36,0.93,2.55,2.5,2.94,7.7,7.6,3.91,2.15,2.21,1.74,5,3,6,2,62,36,0.88,0.95,0.94,0.06,4.84,4.59,1.57,1.93,4.72,1.17,3.67,1.26,2.24,1.55,3.88,1.18,4.1,4.95,1.3,1424,1414,0,5,1.6,2
0.53,0.44,2.88,3.46,1.29,2.73,1.89,1.26,5.7,4.5,2.88,2.06,1.31,4.72,4,3,1,5,40,60,0.6,0.37,0.93,0.07,4.83,4.81,3.6,1.36,2.87,1.99,4.48,3.92,2.71,2.97,4.75,1.62,2.49,1.08,4.28,1682,1977,0,2,2.2,0
0.92,0.34,3.68,2.86,2.08,3.4,0.76,3.12,5.5,1.7,1.8,3.66,2.18,3.39,2,7,2,0,41,56,0.54,0.74,0.04,0.96,5.35,4.47,2.28,2.66,1.74,1.45,4.24,4.12,3.4,4.51,4.11,2.83,2.2,2.43,1.92,1566,1538,1,2,0.94,2
0.16,0.82,1.4,1.34,0.63,1.87,2.6,0.79,2.0,5.8,2.95,1.59,3.43,4.3,4,3,2,5,40,59,0.5,0.56,0.46,0.54,4.94,1.21,2.5,1.45,3.04,4.93,1.09,2.03,4.75,2.95,1.58,2.6,2.3,4.02,4.63,1562,1766,0,3,4.2,0
0.55,0.2,2.83,1.86,2.21,1.17,3.54,3.29,4.5,4.8,2.46,4.31,2.74,4.56,7,2,3,5,65,38,0.8,0.53,0.4,0.6,2.41,2.57,1.6,1.12,3.37,4.0,3.31,3.31,3.61,2.88,1.46,2.84,2.46,4.38,2.49,1451,1402,1,5,3.16,0
0.38,0.37,0.74,1.4,0.44,1.2,3.28,2.78,4.2,5.4,2.79,4.81,4.79,1.32,5,6,5,3,63,39,0.68,0.5,0.54,0.46,3.49,1.55,3.51,3.02,2.18,4.95,1.13,4.53,3.59,4.98,3.66,1.54,2.97,2.53,1.48,2072,1915,1,4,2.25,1
0.98,0.07,1.29,2.27,1.97,3.01,2.17,1.36,3.1,2.8,3.62,1.31,4.41,4.61,3,2,2,2,51,49,0.58,0.62,0.65,0.35,2.0,3.12,4.41,3.57,4.2,4.19,2.42,3.11,4.3,4.78,1.38,3.15,3.7,1.46,2.78,1672,1782,0,1,2.39,2
0.73,0.23,1.67,3.53,1.55,0.32,3.75,1.2,2.7,4.2,1.99,1.2,3.78,3.58,4,5,0,5,39,61,0.17,0.2,0.15,0.85,4.79,3.33,1.97,3.62,4.57,3.39,3.65,4.65,1.48,3.95,1.45,3.68,2.79,2.03,1.84,2040,1846,1,1,1.67,0
0.18,0.11,1.75,2.01,0.31,2.37,1.61,0.51,5.7,4.4,4.99,4.44,1.0,2.03,6,7,4,6,56,47,0.31,0.29,0.49,0.51,2.99,3.52,2.57,2.41,4.17,2.75,4.07,1.67,1.6,4.42,1.3,1.61,3.6,4.29,3.52,1533,1490,0,2,4.01,1
0.29,0.81,1.97,0.24,1.89,0.87,2.92,4.29,1.0,2.6,1.14,1.71,4.14,4.3,7,7,5,4,63,35,0.25,0.61,0.34,0.66,5.04,4.61,4.46,4.37,2.69,2.9,2.81,2.49,2.89,1.91,4.66,4.86,4.04,4.24,4.89,1703,1704,0,4,1.06,1
0.72,0.12,0.33,3.25,0.62,2.52,0.89,4.04,2.0,6.9,2.68,1.38,1.07,4.43,2,2,4,2,51,52,0.4,0.67,0.61,0.39,2.52,3.59,1.25,1.68,1.68,4.44,3.24,4.17,1.46,4.64,1.15,2.46,1.09,2.75,3.37,1906,1898,1,5,0.28,1
0.26,0.16,3.64,2.11,1.65,0.55,1.4,0.22,4.8,6.3,4.97,2.22,4.35,3.7,2,3,3,4,55,44,0.01,0.17,0.94,0.06,4.97,3.06,4.54,4.16,1.6,4.5,3.46,1.09,4.33,1.11,1.78,2.03,1.5,1.16,4.62,1612,1545,1,4,1.12,2
0.59,0.05,3.23,0.78,2.82,2.73,1.33,2.86,3.6,3.3,2.02,2.33,1.08,2.57,2,4,2,5,49,49,0.88,0.6,0.91,0.09,5.43,2.63,1.5,1.85,2.37,3.47,1.87,3.71,1.12,3.72,1.76,2.6,3.45,2.15,3.54,2048,1559,0,2,0.14,2
0.84,0.28,0.75,1.89,3.35,2.81,2.32,3.97,7.8,2.6,2.53,1.05,4.19,4.85,3,4,4,0,43,60,0.94,0.49,0.92,0.08,2.97,2.47,3.89,1.87,2.66,1.14,3.05,3.13,1.87,3.5,1.83,3.08,2.5,1.48,2.32,2017,1452,0,4,3.26,0
0.64,0.44,0.23,0.58,1.34,0.34,1.19,2.52,5.2,5.0,3.64,4.17,1.92,2.39,6,2,3,3,50,49,0.78,0.36,0.35,0.65,5.14,3.73,3.06,3.37,4.42,1.94,1.24,1.77,3.73,4.35,2.56,4.03,3.05,3.81,1.99,1777,1736,0,5,1.88,0
0.83,0.11,1.06,0.78,0.64,1.83,4.48,4.44,1.5,2.8,2.88,4.14,1.31,4.08,2,5,1,2,57,46,0.96,0.39,0.04,0.96,5.52,3.33,3.46,1.11,4.99,1.33,3.39,2.28,2.93,3.11,3.26,4.02,3.48,3.41,3.32,1410,1623,0,2,4.22,0
0.8,0.4,2.29,1.73,2.9,0.43,3.04,0.41,6.5,7.2,2.58,1.56,3.89,2.08,6,7,1,6,38,61,0.09,0.11,0.87,0.13,3.08,4.59,4.51,4.29,3.31,2.35,3.42,2.51,2.89,1.22,3.52,1.17,3.4,3.77,1.81,1566,1790,1,5,4.89,2
0.33,0.58,1.96,1.21,0.45,2.68,3.17,2.87,3.1,5.4,2.67,2.56,4.65,4.53,2,7,0,0,42,60,0.19,0.58,0.78,0.22,2.2,1.1,2.2,1.15,1.23,4.77,3.65,3.93,1.04,3.01,1.64,1.71,4.17,1.22,2.41,1648,1814,1,5,2.45,2
0.49,0.16,1.8,0.9,0.42,2.84,1.6,0.65,2.8,7.7,3.78,1.65,1.08,3.09,2,4,1,0,65,32,0.94,0.63,0.92,0.08,5.6,4.63,4.82,1.79,2.13,4.31,2.84,3.86,3.96,4.86,4.45,3.84,3.91,3.87,2.69,1850,1862,0,4,3.77,2
0.21,0.87,1.69,1.64,0.63,0.81,3.95,2.99,1.5,3.6,2.14,3.09,1.82,2.02,6,2,2,5,61,40,0.39,0.84,0.46,0.54,3.77,4.09,3.78,2.82,2.18,1.09,2.07,3.74,1.39,4.52,1.67,4.24,4.65,4.44,2.98,1855,1926,1,3,4.4,0
0.17,0.47,3.48,2.69,1.45,2.51,4.28,4.25,3.3,5.0,2.65,3.55,2.86,3.07,3,3,0,3,48,50,0.98,0.75,0.67,0.33,4.33,3.05,3.27,1.32,1.09,4.07,1.2,4.71,1.87,1.08,1.93,4.29,2.61,2.48,4.1,1546,2093,1,2,0.71,1
0.5,0.38,3.46,0.44,3.08,1.07,0.46,0.69,5.0,4.0,3.89,2.47,3.44,4.18,6,4,5,2,41,62,0.89,0.19,0.77,0.23,3.53,1.44,4.41,1.99,1.37,3.75,2.08,3.62,1.26,2.38,3.51,3.98,1.78,4.25,4.3,1493,1445,1,1,1.46,1
0.39,0.18,0.78,1.94,1.51,1.11,4.27,0.41,7.2,3.6,3.5,1.99,2.8,1.04,4,5,2,6,40,63,0.42,0.96,0.52,0.48,5.53,2.62,2.78,4.66,1.06,4.11,4.78,2.67,3.47,2.08,1.55,4.08,1.44,2.21,3.21,1449,2059,1,2,2.59,2
0.88,0.25,0.9,1.4,2.61,3.12,3.1,4.24,5.9,4.4,4.0,1.4,4.89,4.93,6,4,3,1,49,52,0.29,0.95,0.5,0.5,5.0,4.16,3.24,3.95,3.7,2.92,2.47,4.87,3.41,2.61,4.13,3.03,1.21,3.73,1.09,1803,1715,1,5,0.25,2
0.56,0.53,0.49,3.44,2.3,1.47,1.3,3.34,4.6,7.8,1.11,4.41,4.19,2.25,6,7,5,0,35,67,0.18,0.94,1.0,0.0,5.07,2.41,1.51,2.29,2.41,2.62,4.68,1.19,3.55,1.51,4.76,4.13,2.96,3.04,1.81,1794,1745,1,1,4.1,0
0.79,0.36,0.65,1.07,0.72,0.55,3.14,3.19,4.5,4.2,2.38,2.95,3.52,2.01,4,3,6,3,40,59,0.24,0.55,0.26,0.74,4.78,2.48,2.91,3.14,2.9,1.47,2.49,4.07,2.72,2.21,3.2,4.56,4.12,1.46,2.59,2035,1974,0,1,4.66,1
0.66,0.61,3.25,0.49,1.69,1.95,2.93,3.17,7.3,1.3,1.6,3.08,3.65,2.35,7,5,6,0,43,56,0.91,0.66,0.13,0.87,3.2,1.31,4.09,3.5,2.42,1.73,3.85,3.78,4.75,3.41,2.01,2.6,3.54,4.2,2.1,1640,1892,1,4,2.26,2
0.91,0.73,0.73,0.87,1.47,1.98,1.91,0.8,4.7,6.9,3.94,4.15,1.74,4.67,4,4,4,5,38,61,0.81,0.97,0.47,0.53,5.98,2.31,2.12,2.79,1.15,3.63,3.37,2.26,1.01,2.93,3.0,4.88,4.38,4.73,1.77,1495,1521,1,1,4.14,1
0.53,0.81,0.4,1.39,1.18,0.66,2.1,2.81,5.0,3.5,3.85,4.13,1.86,2.08,2,3,5,3,51,51,0.05,0.53,0.26,0.74,2.25,2.29,2.67,3.06,2.19,1.85,4.23,1.22,1.41,4.11,2.74,2.72,1.25,3.26,3.26,1759,1577,0,2,4.87,0
0.97,0.84,3.33,1.53,1.47,3.48,0.98,2.32,3.5,1.4,4.47,1.01,3.71,4.0,2,2,5,6,36,64,0.68,0.81,0.76,0.24,2.39,2.76,1.15,4.71,4.76,3.85,2.03,3.43,2.67,1.62,3.59,2.63,3.5,4.68,1.28,1862,1504,0,2,2.76,2
0.33,0.99,0.55,0.79,0.26,2.29,2.62,0.36,1.3,6.3,2.4,2.28,3.39,2.87,4,3,1,1,49,48,0.65,0.44,0.41,0.59,3.38,1.18,2.22,1.23,3.03,4.04,2.65,3.91,2.19,4.83,3.97,1.66,4.79,2.51,3.3,1756,1518,1,5,0.34,1
0.59,0.1,2.3,1.51,3.22,0.64,4.37,0.58,6.4,3.2,4.76,4.2,4.52,4.21,5,2,4,5,38,61,0.07,0.34,0.49,0.51,5.89,2.8,1.75,2.69,1.48,3.91,3.41,3.25,3.41,2.82,3.86,2.45,4.89,3.59,2.49,1422,2045,1,5,4.78,2
0.94,0.6,1.05,1.66,2.74,1.52,1.56,4.45,6.9,1.4,1.8,1.18,1.82,4.2,5,2,4,5,47,52,0.55,0.23,0.35,0.65,5.12,3.98,3.9,2.34,3.49,1.02,1.18,4.92,4.78,1.76,1.46,1.43,1.57,3.46,2.61,1999,1647,0,5,4.58,0
0.43,0.04,3.04,1.64,1.35,2.18,3.44,1.03,4.1,3.6,4.01,3.32,2.08,3.25,7,7,3,0,53,45,0.7,0.87,0.95,0.05,5.5,1.22,3.8,1.28,2.94,2.28,4.99,1.69,4.91,2.05,4.54,2.15,3.6,3.32,1.57,1470,1633,1,3,1.93,0
0.24,0.37,1.62,1.48,0.43,2.0,1.38,4.38,1.5,1.2,3.82,4.94,1.21,3.03,2,7,5,3,38,64,0.9,0.34,0.62,0.38,4.48,1.07,4.43,2.58,4.06,2.74,1.72,2.9,3.6,2.66,2.6,1.58,3.54,2.52,1.08,2097,1813,0,3,0.73,0
0.44,0.78,3.29,0.22,0.99,0.29,3.57,1.72,4.3,5.1,3.56,1.26,3.12,1.6,2,2,2,6,40,63,0.04,0.39,0.46,0.54,4.09,1.59,1.61,2.0,3.38,4.86,2.47,1.41,3.38,1.12,1.89,3.35,3.98,3.55,4.48,1937,2072,0,5,1.38,2
0.2,0.41,2.89,1.57,0.25,2.37,4.17,4.05,7.7,8.0,2.14,3.88,1.02,3.05,6,7,3,6,56,43,0.53,0.05,0.94,0.06,5.64,3.29,3.05,3.39,2.13,2.24,2.1,1.63,3.05,4.81,2.65,4.04,2.18,4.99,1.54,1518,1964,0,3,1.45,2
0.5,0.26,2.52,2.25,1.49,2.9,3.77,1.55,5.0,4.6,1.14,2.15,4.8,1.17,5,2,2,2,64,38,0.24,0.03,0.74,0.26,5.26,4.93,4.48,1.05,2.71,3.91,2.28,2.63,4.5,1.97,2.71,3.67,1.11,2.0,4.68,2006,2023,1,4,2.32,2
0.89,0.94,1.66,2.91,1.13,0.91,4.2,2.35,3.7,3.5,2.87,4.26,4.53,4.28,2,5,5,4,53,45,0.1,0.24,0.67,0.33,4.67,2.86,2.88,1.73,2.64,4.76,4.92,1.35,4.35,1.37,2.06,2.41,1.9,1.26,4.68,1710,2041,1,2,1.56,0
0.25,0.69,2.41,1.7,1.58,1.74,0.97,0.64,5.1,3.4,1.46,2.04,2.01,1.79,2,5,3,5,38,61,0.02,0.17,0.2,0.8,5.14,1.9,4.45,1.62,4.0,3.45,3.89,1.93,2.35,4.08,4.92,1.29,3.98,1.42,1.85,1685,1511,0,1,1.04,0
0.57,0.51,0.78,1.1,1.6,0.59,1.04,2.21,6.6,7.8,3.21,1.04,4.4,2.85,5,5,0,5,43,55,0.7,0.8,0.45,0.55,4.4,4.84,1.28,3.13,4.53,2.48,4.63,2.6,1.4,4.31,4.29,3.34,2.18,4.49,1.37,1973,1667,1,5,4.47,2
0.69,0.26,1.83,0.31,0.48,2.96,1.15,0.71,3.6,6.7,1.83,3.34,3.72,1.73,3,4,0,0,50,48,0.73,0.39,0.09,0.91,4.28,1.0,3.66,3.6,1.58,1.81,2.2,2.24,1.54,3.99,1.66,2.26,3.01,2.56,3.44,1742,2026,1,1,2.14,2
0.38,0.83,3.05,3.24,1.66,1.75,4.17,0.27,6.9,5.6,2.02,3.7,1.01,1.91,2,4,4,2,45,58,0.84,0.3,0.48,0.52,3.73,3.08,1.56,4.55,1.74,1.05,3.53,3.16,2.48,4.86,4.54,4.38,1.72,3.56,2.13,1685,2001,0,1,2.79,2
0.29,0.57,1.82,2.76,2.37,0.58,2.74,1.13,3.6,2.8,1.55,4.55,3.31,1.14,4,4,0,4,45,54,0.22,0.21,0.28,0.72,2.43,2.69,4.49,1.95,2.61,3.96,1.55,3.24,2.17,4.09,4.76,3.83,1.5,4.6,2.37,2044,1464,0,1,2.46,0
0.7,0.69,2.47,3.32,3.1,0.28,0.43,1.81,4.8,4.5,1.08,4.01,3.23,3.32,5,7,4,0,59,40,0.36,0.99,0.29,0.71,4.59,1.61,4.23,1.08,2.1,2.48,1.53,1.26,4.65,1.55,3.4,3.81,3.69,2.04,4.07,2036,1685,1,3,2.42,0
0.24,0.11,0.37,2.56,1.81,1.25,0.43,3.32,5.9,6.6,2.17,1.92,3.34,2.81,5,4,6,3,43,60,0.01,0.99,1.0,0.0,5.79,1.11,4.05,2.61,3.42,2.69,3.7,4.16,4.61,2.73,3.32,4.38,1.54,3.77,1.16,1729,1681,1,4,0.18,0
0.28,0.77,1.59,1.41,1.09,2.24,2.61,1.39,2.9,5.8,4.05,3.06,2.67,3.66,6,5,2,5,48,54,0.17,0.42,0.37,0.63,2.53,2.06,1.68,2.02,1.19,3.39,1.37,3.61,3.41,4.78,3.7,3.9,3.37,1.86,4.08,2056,1663,0,1,1.59,2
0.83,0.49,2.11,1.13,3.3,1.88,2.7,2.67,4.5,1.1,2.09,4.22,3.11,4.0,6,3,5,4,50,50,0.53,0.76,0.08,0.92,5.14,4.85,2.38,3.71,3.31,4.97,2.67,3.22,4.12,2.42,2.94,3.85,2.16,1.26,4.99,2098,1495,0,4,4.65,1
0.08,0.67,1.3,3.07,1.09,2.9,3.06,3.11,2.2,5.1,2.83,4.7,2.28,4.18,2,6,4,6,41,60,0.6,0.64,0.13,0.87,2.69,3.89,4.55,4.95,3.33,4.67,1.07,2.95,2.37,2.22,2.09,4.8,3.8,3.93,4.36,1440,1897,1,3,1.52,0
0.71,0.32,0.76,2.53,2.85,1.38,4.41,3.44,1.3,5.1,4.14,4.81,2.58,1.73,5,4,5,5,61,38,0.29,0.04,0.22,0.78,2.1,2.01,1.55,3.85,1.83,3.91,3.98,3.68,2.82,4.91,4.0,3.92,3.46,2.96,3.29,1620,2006,0,5,1.01,1
0.0,0.73,0.29,0.41,0.88,3.47,3.92,1.23,7.6,1.8,3.97,2.45,3.47,2.76,4,5,3,4,43,60,0.29,0.48,1.0,0.0,3.57,4.21,3.89,1.53,4.43,1.35,1.86,3.91,4.43,2.59,1.73,1.64,3.54,2.65,1.79,1789,1600,0,3,0.27,2
0.74,0.9,2.54,1.47,3.16,0.52,4.49,3.82,4.8,5.2,3.63,4.42,2.18,2.72,4,3,4,5,43,56,0.73,0.82,0.63,0.37,2.68,3.42,2.02,2.13,4.74,3.26,1.66,2.74,3.99,2.13,1.79,2.5,2.83,3.92,4.06,1891,2007,1,1,1.89,0
0.12,0.44,2.48,1.43,2.03,0.56,3.75,0.25,2.9,3.7,3.04,3.91,3.17,2.05,6,7,2,3,59,43,0.55,0.92,0.23,0.77,5.23,3.65,2.83,3.8,2.71,2.41,2.33,1.17,2.02,4.84,3.59,3.38,1.32,2.96,2.69,1974,1776,1,5,3.07,2
0.26,0.6,1.17,1.03,1.14,0.76,1.2,0.56,7.0,6.6,2.26,3.12,4.15,2.71,3,5,4,3,65,37,0.33,0.1,0.53,0.47,5.61,1.86,3.37,4.29,1.49,3.24,3.46,1.12,3.47,4.67,3.79,4.38,3.64,3.3,3.01,2083,1502,0,3,4.35,2
0.56,0.8,0.66,2.9,2.51,0.69,2.18,1.08,1.1,6.2,3.06,3.7,2.96,1.74,2,2,0,1,61,39,0.87,0.27,0.86,0.14,3.44,4.96,1.42,4.18,4.27,3.59,3.07,1.38,2.93,2.63,2.92,3.04,4.63,3.77,1.36,1944,1773,0,3,4.54,1
0.03,0.59,0.69,0.81,0.45,3.47,2.23,0.31,1.9,6.6,2.59,4.78,2.83,2.89,6,6,2,6,41,58,0.37,0.28,0.46,0.54,2.43,2.9,2.7,4.72,2.43,4.64,1.56,1.32,2.94,4.61,1.53,2.91,4.19,2.2,1.72,1579,2037,1,5,2.7,2
0.96,0.46,1.95,0.35,2.11,0.47,4.48,0.78,2.6,4.4,3.43,3.6,2.25,5.0,3,6,3,1,42,61,0.62,0.92,0.74,0.26,3.3,1.78,2.68,4.75,1.34,2.07,1.81,1.93,4.6,4.48,1.57,2.95,3.17,1.73,2.15,1477,1631,0,2,4.84,1
0.82,0.96,0.98,2.27,0.33,2.19,3.65,1.04,2.6,2.3,4.15,2.18,1.44,4.45,4,3,4,2,56,42,0.94,0.82,0.23,0.77,4.6,3.06,4.16,4.21,4.16,1.52,2.41,2.89,3.08,4.6,4.28,2.78,2.37,1.97,2.47,1441,2058,1,4,1.89,0
0.41,0.51,0.6,1.68,2.69,1.33,4.31,1.97,6.5,4.1,3.48,3.74,2.96,3.53,3,5,1,1,54,44,0.73,0.93,0.91,0.09,4.66,1.57,1.25,1.23,1.18,3.32,4.28,4.34,1.69,1.26,2.48,2.11,1.97,3.34,3.29,2069,2095,1,4,4.94,0
0.65,0.67,1.96,1.46,2.36,2.25,4.29,4.45,2.9,4.0,1.27,2.06,4.4,2.58,4,5,2,5,64,33,0.72,0.4,0.06,0.94,4.35,1.86,4.15,4.76,2.55,1.97,2.26,4.01,1.08,2.13,4.04,2.08,4.57,4.88,2.08,1958,1816,1,3,1.34,2
0.5,0.58,2.55,3.52,1.81,2.32,0.81,1.42,5.5,4.2,4.12,4.05,4.77,3.62,6,5,3,0,64,39,0.04,0.43,0.15,0.85,3.9,4.15,3.66,2.46,3.31,3.73,1.03,3.86,2.32,2.93,4.99,1.36,2.64,1.47,1.61,1919,1978,0,5,4.77,1
0.67,0.66,2.41,0.27,3.12,0.71,2.09,2.65,5.5,5.8,1.57,2.61,3.61,3.44,5,3,4,1,58,44,0.84,0.87,0.03,0.97,2.54,1.25,2.22,3.66,1.2,3.71,4.61,3.38,3.89,3.98,1.92,2.17,3.62,4.71,2.18,1893,1664,0,5,3.56,1
0.46,0.14,0.57,0.7,3.04,1.73,2.15,3.01,3.6,3.5,1.04,4.79,2.65,1.57,7,6,2,6,61,36,0.96,0.21,0.89,0.11,2.7,1.27,4.36,4.52,2.15,1.68,3.4,1.49,3.09,2.1,4.09,3.79,4.11,2.64,2.56,1410,1492,0,5,3.23,0
0.44,0.29,1.2,3.46,1.25,1.52,1.81,2.47,4.1,5.2,1.71,4.25,2.8,4.4,2,6,1,6,45,58,0.68,0.77,0.16,0.84,4.02,4.85,1.6,2.44,1.18,2.63,2.68,2.61,4.86,4.77,2.14,2.25,1.23,1.22,2.89,1721,1782,1,5,1.22,0
0.74,0.3,1.79,0.67,2.68,0.65,3.62,3.5,6.9,7.7,3.57,3.74,1.95,1.58,4,5,4,1,49,49,0.29,0.35,0.25,0.75,4.54,2.26,2.35,3.25,3.95,3.85,4.69,2.01,1.41,3.24,1.77,1.94,1.83,4.39,2.37,2042,1400,0,5,0.38,0
0.67,0.19,2.19,1.94,0.24,2.59,4.22,1.22,5.7,7.5,2.08,4.08,1.56,1.77,4,7,2,1,52,48,0.86,0.89,0.83,0.17,4.69,2.88,1.14,3.01,2.17,2.1,2.01,3.52,2.65,2.8,3.64,2.71,2.26,2.61,1.51,1960,1810,0,5,1.15,2
0.29,0.35,3.43,3.34,2.96,2.48,3.67,2.34,6.8,3.8,3.48,1.44,1.56,3.77,3,5,2,2,62,36,0.38,0.12,0.19,0.81,4.46,4.91,3.49,1.87,2.02,1.16,4.83,3.33,4.96,1.86,4.61,1.67,2.0,1.66,4.49,1903,1484,0,2,0.44,1
0.27,0.2,0.5,3.3,1.7,0.71,3.57,4.04,3.4,2.9,2.49,1.63,4.75,2.84,7,7,4,4,43,56,0.19,0.48,0.38,0.62,2.89,1.53,4.14,4.77,1.88,2.97,1.88,1.13,1.41,4.3,1.99,4.87,4.87,1.67,3.65,2060,2086,0,1,4.86,1
0.25,0.28,0.91,1.37,1.92,0.61,1.21,1.14,4.0,5.8,4.85,4.78,1.08,3.93,3,4,0,1,43,58,0.14,0.83,0.67,0.33,3.56,2.4,4.52,2.55,3.1,3.09,2.97,1.27,2.66,4.72,2.26,1.56,2.26,3.21,4.86,1443,1571,0,5,4.61,0
0.97,0.76,2.45,0.64,1.99,2.4,3.44,0.86,5.9,2.0,3.28,4.78,1.09,3.66,3,4,3,0,37,64,0.41,0.5,0.55,0.45,2.26,2.71,4.47,1.5,4.59,4.39,4.42,2.07,1.23,3.1,2.33,1.85,4.11,2.74,4.92,1830,1714,0,5,4.4,0
0.92,0.5,1.94,2.97,1.39,0.81,4.11,2.89,5.0,3.6,2.43,4.1,4.96,4.94,4,3,5,4,52,51,0.46,0.25,0.2,0.8,3.74,1.61,4.16,3.03,2.09,3.95,3.6,3.13,4.86,3.32,1.39,3.33,1.58,3.5,1.06,2089,1438,1,1,2.51,0
0.51,0.32,3.75,2.73,1.12,2.93,1.43,0.89,7.6,5.9,4.54,3.62,1.75,1.29,3,5,3,6,43,56,0.18,0.82,0.38,0.62,5.86,1.3,1.4,2.28,2.47,1.71,4.14,2.61,4.13,1.04,3.68,2.42,4.63,2.37,1.32,1603,1847,0,5,2.7,2
0.4,0.88,2.41,1.88,2.09,2.81,4.35,3.34,1.9,5.3,3.45,2.22,1.39,1.68,2,7,0,2,63,36,0.43,0.72,0.03,0.97,3.63,1.92,4.68,3.6,4.34,3.93,3.04,4.3,3.73,3.37,3.3,1.39,2.99,2.86,2.74,1866,1450,0,5,0.78,0
0.01,0.87,2.67,2.76,0.85,2.2,0.26,3.46,1.3,4.3,1.28,3.12,3.51,4.95,7,2,3,5,42,60,0.39,0.67,0.11,0.89,3.65,1.62,2.69,1.18,4.61,3.08,3.61,3.66,2.02,2.23,1.75,2.89,3.94,4.61,4.95,1920,1825,0,5,4.44,0
0.48,0.09,2.26,3.72,3.49,2.68,0.93,1.69,4.2,4.1,4.2,3.35,3.0,4.71,2,5,2,3,35,62,0.63,0.93,0.89,0.11,3.35,3.92,3.08,1.72,4.49,2.44,3.53,3.8,2.32,3.23,3.67,1.94,2.48,2.6,2.03,1543,1619,1,5,1.52,0
0.34,0.69,0.22,0.78,0.31,0.48,2.99,1.81,4.7,2.5,4.24,4.24,4.62,4.56,3,4,1,5,42,59,0.47,0.67,0.62,0.38,4.44,4.56,4.59,4.69,3.04,4.12,3.21,1.13,3.07,2.13,2.67,3.92,4.02,3.54,4.96,1738,1710,1,5,2.76,1
0.31,0.79,2.79,1.18,1.08,3.15,4.09,3.27,2.2,6.4,3.68,2.3,3.08,2.66,2,2,2,5,53,44,0.18,0.37,0.15,0.85,2.23,1.42,3.37,1.64,4.52,1.73,2.48,1.9,4.97,3.93,1.57,3.55,2.14,1.66,4.77,1677,1752,0,1,2.35,1
0.6,0.46,2.44,3.51,1.3,2.2,1.41,4.02,1.9,5.3,1.71,2.07,2.68,2.77,2,6,1,1,60,38,0.06,0.52,0.53,0.47,4.74,3.61,1.76,2.82,2.01,2.76,4.74,2.92,4.95,4.59,1.1,2.74,3.04,1.82,4.86,1743,1509,0,2,3.32,2
0.77,0.6,0.25,3.54,0.45,3.07,1.35,3.95,1.4,2.3,1.38,3.78,1.34,1.25,7,7,6,0,48,54,0.66,0.42,0.25,0.75,4.21,1.03,4.36,1.89,3.53,1.45,1.83,1.22,4.13,4.04,3.74,2.95,2.12,3.32,1.61,1745,1921,1,1,3.89,0
0.88,0.54,2.01,3.17,0.98,0.9,3.53,1.06,7.3,1.5,4.45,4.73,4.29,3.15,3,6,1,2,62,35,0.65,0.57,0.89,0.11,4.32,2.46,3.66,4.87,4.07,1.09,2.49,3.01,2.38,2.56,3.66,2.81,4.19,2.61,3.53,1641,1777,0,2,0.22,1
0.58,0.77,2.36,1.03,1.57,3.13,3.63,2.2,3.4,6.8,2.2,4.61,2.05,2.34,2,4,0,4,43,58,0.88,0.58,0.79,0.21,2.14,2.77,3.34,3.45,1.12,4.25,1.3,4.69,2.08,2.91,3.06,1.13,4.66,4.03,1.67,1912,1965,0,2,2.4,2
0.71,0.22,1.08,3.61,2.25,0.93,0.63,0.67,1.8,6.6,1.82,1.59,1.39,1.26,5,5,3,3,40,57,0.35,0.13,0.66,0.34,3.21,2.51,4.43,1.34,1.82,3.02,2.98,4.05,1.51,3.18,2.59,2.52,1.18,3.21,4.67,1468,1967,1,4,4.72,0
0.61,0.45,2.16,3.44,3.41,2.12,2.01,2.66,6.2,4.8,1.63,3.04,1.06,1.82,2,4,1,6,42,57,0.69,0.73,0.75,0.25,3.97,1.1,4.83,2.78,2.44,2.11,1.71,3.2,2.22,1.01,1.89,2.86,3.56,3.16,2.7,1994,1973,1,4,0.22,0
0.92,0.51,3.78,1.76,0.8,1.44,4.47,0.47,4.6,5.9,1.81,4.05,2.01,2.67,5,5,0,5,45,52,0.3,0.65,0.2,0.8,4.18,2.96,4.75,3.38,1.98,1.47,2.77,1.87,2.46,3.56,3.13,1.65,4.82,1.75,1.5,1721,2048,0,5,0.26,1
0.91,0.93,1.78,1.12,0.56,1.86,0.46,4.3,1.7,4.2,4.37,3.6,3.29,2.19,7,7,6,6,37,66,0.32,0.72,0.02,0.98,5.16,1.17,3.91,4.7,2.09,2.78,2.7,4.01,1.47,2.7,2.15,1.98,2.45,3.71,1.52,2093,2011,0,1,4.99,2
0.93,0.07,1.87,0.84,0.64,0.48,1.78,2.56,2.6,3.8,3.72,4.55,2.87,4.52,3,5,4,2,63,39,0.66,0.21,0.37,0.63,3.62,1.56,4.08,4.69,1.66,1.51,2.22,1.7,4.79,4.95,1.81,1.07,1.85,4.26,2.47,1595,1987,1,4,3.16,1
0.73,0.78,1.82,3.56,0.92,1.25,1.69,3.14,2.5,3.4,1.65,3.28,1.71,3.85,4,7,0,3,46,54,0.31,0.35,0.72,0.28,3.13,4.84,4.12,2.4,2.75,3.43,3.01,3.66,1.27,1.89,2.68,4.34,1.56,3.36,1.25,1455,1635,0,2,4.65,0
0.77,0.48,0.96,2.03,2.85,1.29,1.82,2.77,4.4,7.1,3.73,3.39,1.15,1.04,6,3,5,1,54,45,0.41,0.87,0.94,0.06,3.07,2.85,2.18,1.36,1.51,2.94,4.44,3.96,3.28,2.94,3.31,3.95,2.3,2.09,4.58,1685,1930,1,5,1.29,0
0.42,0.61,0.58,3.6,2.08,1.39,3.22,4.31,1.9,1.1,1.71,3.25,3.17,1.09,2,3,0,3,52,49,0.33,0.82,0.5,0.5,4.98,3.18,4.21,4.36,2.59,2.74,1.49,1.92,1.81,2.88,1.71,1.92,4.83,2.05,2.47,1498,1705,0,2,2.6,0
0.14,0.72,0.83,1.94,1.94,0.78,2.12,0.56,7.7,2.5,4.41,3.68,3.15,1.57,5,6,4,6,56,46,0.69,0.27,0.47,0.53,4.1,3.17,1.95,1.56,4.07,1.49,1.12,3.42,4.51,3.94,4.42,4.4,3.7,3.9,2.86,1641,1590,0,5,3.41,0
0.47,0.84,2.69,0.3,3.45,0.44,3.24,3.57,3.7,3.5,3.78,1.47,3.99,3.95,2,7,1,2,53,44,0.4,0.96,0.6,0.4,2.52,4.88,4.83,3.62,2.51,2.12,1.89,1.66,2.1,1.39,2.48,2.36,1.56,2.3,3.94,1896,1946,1,4,2.78,2
0.14,0.99,1.32,2.77,0.93,1.31,3.05,3.97,3.8,6.8,4.92,3.01,1.5,3.41,5,7,5,2,36,67,0.42,0.05,0.94,0.06,5.86,4.31,2.96,2.55,2.86,4.1,4.27,3.19,3.53,1.33,3.32,4.18,1.7,1.91,2.87,1470,1437,0,4,2.13,1
0.01,0.38,3.48,3.72,2.96,2.21,3.09,3.51,7.3,2.2,3.21,3.23,1.14,2.61,6,6,6,6,46,57,0.07,0.61,0.53,0.47,2.18,4.93,2.05,3.9,4.24,2.74,3.11,2.04,4.37,3.74,3.03,3.72,4.58,4.82,1.55,1799,1972,1,2,4.46,1
0.06,0.14,1.73,2.14,0.32,2.52,1.15,0.77,3.3,2.9,4.51,2.36,4.36,4.0,4,6,1,0,55,47,0.73,0.67,0.54,0.46,3.8,1.25,3.85,3.5,3.51,2.71,4.41,3.3,2.98,1.34,2.87,2.69,1.17,3.8,2.27,1882,1616,1,5,2.67,2
0.52,0.53,1.54,1.2,2.62,0.53,0.82,2.28,7.1,4.5,2.29,1.24,4.59,1.85,3,7,3,1,46,57,0.73,0.09,0.61,0.39,5.97,3.78,1.38,2.89,2.01,3.67,3.36,1.22,4.19,4.99,1.07,2.02,4.1,4.89,1.08,1599,1494,1,5,1.66,2
0.82,0.15,3.38,3.69,0.75,0.71,0.67,3.29,2.7,4.9,4.14,2.59,1.97,4.18,6,4,3,2,42,58,0.36,0.09,0.1,0.9,5.53,4.42,4.69,3.63,2.84,1.13,4.58,3.62,3.32,3.17,3.42,4.47,1.18,2.71,4.9,1907,1901,1,3,2.03,1
0.15,0.21,0.43,2.64,2.92,2.71,0.84,3.64,2.0,6.7,3.6,4.69,3.78,4.69,7,4,6,6,35,64,0.19,0.84,0.48,0.52,4.21,3.15,1.99,4.22,2.79,4.28,1.25,1.93,2.21,3.79,3.51,3.25,1.81,4.25,2.06,1883,1544,0,2,3.28,0
0.5,1.0,2.79,1.43,2.83,1.54,3.91,0.85,7.9,2.3,1.48,1.13,2.86,3.43,6,2,0,5,36,63,0.11,0.72,0.11,0.89,2.96,4.2,2.68,1.3,1.61,3.25,2.12,2.48,4.02,2.44,4.82,2.76,4.96,3.47,1.02,1956,1942,1,4,1.86,1
0.03,0.5,3.1,0.57,0.97,0.29,2.95,3.25,7.9,5.3,3.01,1.81,1.62,4.04,6,7,1,2,63,35,0.71,0.36,0.44,0.56,2.0,2.29,4.87,2.51,2.94,1.98,3.01,4.0,2.84,3.88,2.17,2.27,2.95,4.48,2.1,1559,2004,0,1,0.56,0
0.23,0.42,0.87,2.85,3.25,2.85,3.67,3.12,1.1,2.5,3.82,1.8,1.77,3.54,3,4,2,6,60,41,0.76,0.74,0.46,0.54,3.22,3.99,3.45,1.35,2.11,4.6,2.5,2.07,3.97,2.29,3.58,2.17,2.19,2.8,2.37,2044,1462,0,5,4.64,0
0.94,0.21,2.57,3.14,2.4,1.76,2.43,1.81,4.1,2.5,1.1,2.95,2.74,2.48,4,2,2,1,50,53,0.36,0.61,0.14,0.86,3.98,3.32,2.22,2.43,4.02,2.19,3.96,2.88,3.27,2.44,3.55,1.83,1.59,2.62,2.72,1785,1902,1,3,0.25,0
0.73,0.87,1.17,0.87,0.79,2.42,0.77,4.14,2.8,5.4,2.88,1.49,2.3,3.04,6,4,4,6,42,59,0.07,0.29,0.81,0.19,5.9,3.58,1.65,1.12,3.5,1.1,1.2,3.21,1.26,3.07,2.6,3.27,4.74,1.54,2.23,1658,1989,0,2,0.76,2
0.52,0.21,1.03,1.82,2.13,2.78,2.06,2.17,7.6,2.0,2.61,2.94,1.65,1.52,7,6,2,2,63,37,0.07,0.23,0.05,0.95,5.51,2.47,1.72,4.23,1.53,2.81,4.57,3.25,3.18,1.7,2.12,2.4,3.77,1.61,3.65,1668,1759,1,5,4.68,2
0.15,0.5,3.41,3.62,2.85,2.26,0.61,1.32,6.3,6.3,3.88,2.54,2.42,1.89,2,6,6,6,65,32,0.59,0.48,0.6,0.4,3.21,1.86,3.38,4.6,4.12,1.55,4.74,1.94,4.64,2.74,3.85,3.75,4.1,1.3,3.94,1969,1555,1,4,1.41,1
0.71,0.97,3.09,3.77,3.4,1.17,3.43,1.7,7.7,4.0,1.32,4.51,4.22,4.16,3,6,3,1,52,49,0.24,0.49,0.96,0.04,2.45,4.51,4.01,4.4,4.39,1.18,4.0,3.65,3.08,1.21,2.89,2.79,1.42,2.26,2.39,1966,1773,0,5,2.41,0
0.65,0.75,1.2,1.29,1.44,2.32,0.27,0.34,3.1,3.9,4.69,2.31,1.54,2.36,7,2,3,6,54,47,0.88,0.47,0.32,0.68,2.61,4.66,4.08,4.26,4.01,1.05,2.61,3.92,1.72,3.1,3.48,1.59,1.2,4.59,3.96,1979,1422,1,3,1.71,2
0.78,0.07,1.49,0.43,1.87,2.56,3.45,1.46,6.5,4.3,4.14,3.69,4.73,1.49,4,6,2,3,43,55,0.12,0.57,0.24,0.76,3.35,1.98,2.02,4.36,4.71,2.13,3.03,4.56,1.1,3.33,3.05,4.98,1.98,4.74,2.59,2048,1434,0,4,0.53,2
0.9,0.7,0.52,2.72,1.42,0.74,1.69,3.8,1.1,1.4,4.63,4.52,2.63,2.69,4,4,6,4,64,36,0.33,0.19,0.02,0.98,5.47,3.12,1.74,1.61,2.74,4.06,1.89,2.43,2.28,4.23,2.22,3.04,3.57,3.33,4.45,1548,1776,1,5,0.17,0
0.47,0.8,3.1,2.94,1.55,0.24,2.6,1.45,3.6,7.2,3.13,1.52,1.91,2.74,3,4,6,4,53,47,0.13,0.5,0.1,0.9,4.89,2.21,1.52,4.51,2.19,3.55,1.01,1.52,2.79,1.3,1.58,1.76,1.49,4.43,1.87,2093,1725,0,4,1.84,2
0.08,0.19,0.7,1.22,0.3,1.34,0.53,2.47,5.5,2.5,4.01,4.52,3.8,2.69,2,5,0,5,37,66,0.74,0.47,0.36,0.64,2.68,2.2,1.67,1.16,2.51,1.36,1.24,4.8,1.45,3.89,3.07,2.87,1.78,1.62,1.66,1688,1697,1,5,1.38,1
0.97,0.37,2.06,0.99,2.17,0.61,4.45,1.33,6.1,1.9,4.82,3.85,4.41,2.85,7,7,2,2,55,43,0.63,0.74,0.36,0.64,4.32,3.58,3.97,4.74,2.36,4.39,1.04,3.3,2.38,1.52,4.22,1.21,2.39,2.36,3.46,1863,1589,1,1,1.65,2
0.12,0.92,3.66,2.94,1.71,1.17,2.26,4.29,4.1,2.1,3.72,2.66,3.04,2.68,3,2,0,4,60,39,0.43,0.28,0.82,0.18,5.96,3.61,1.91,4.7,2.9,4.53,2.42,3.8,2.65,1.66,1.02,4.62,2.06,2.74,1.37,1421,1463,0,4,4.8,2
0.97,0.43,1.77,2.71,0.97,1.31,0.44,1.76,3.5,2.8,1.76,4.36,1.83,1.92,4,2,0,2,50,50,0.47,0.87,0.89,0.11,4.71,3.81,4.05,3.66,1.81,3.85,3.73,2.48,3.69,2.01,3.14,2.04,3.72,1.77,3.86,1561,1472,0,2,3.93,0
0.79,0.72,1.84,0.79,3.41,2.49,1.83,2.86,3.0,7.4,3.9,3.94,2.32,4.75,3,6,6,2,61,41,0.95,0.51,0.36,0.64,3.38,1.02,1.4,1.77,4.3,2.11,4.68,3.59,4.67,2.64,2.83,1.61,3.15,1.74,1.51,1807,1837,0,1,1.33,0
0.68,0.52,0.23,1.34,2.52,0.24,3.19,4.35,5.9,1.9,1.06,2.92,4.79,3.94,6,3,4,0,35,65,0.27,0.61,0.8,0.2,5.42,1.27,3.41,1.65,1.4,1.09,2.49,2.81,3.9,2.13,4.35,1.91,3.33,5.0,2.57,2078,1745,0,4,4.98,0
0.5,0.95,0.89,2.56,2.16,3.4,3.86,0.94,2.2,5.2,1.96,4.89,3.32,3.76,7,6,5,1,59,43,0.85,0.77,0.99,0.01,4.82,3.1,2.66,3.93,4.35,1.2,2.25,3.47,1.73,1.73,1.04,3.85,4.25,2.53,2.33,1802,1453,0,5,4.93,0
0.65,0.46,3.53,2.52,0.62,0.73,3.05,0.83,3.7,6.7,1.3,2.46,4.46,2.74,4,3,2,5,53,49,0.03,0.57,0.66,0.34,2.7,3.86,1.71,2.02,4.86,2.68,4.61,4.03,2.54,1.84,3.33,2.44,3.76,4.96,3.15,1471,1613,0,2,4.37,1
0.61,0.82,0.36,1.54,0.85,0.39,3.98,3.21,6.0,5.0,4.36,2.2,4.29,2.83,5,3,1,6,51,49,0.94,0.08,0.55,0.45,3.1,4.42,2.08,4.71,2.43,4.05,3.88,1.33,4.34,3.89,2.66,3.73,1.63,1.06,2.15,2093,1464,1,2,1.65,2
0.37,0.39,2.12,1.52,2.54,3.16,2.1,1.48,5.4,3.9,2.52,4.28,2.41,3.61,6,4,5,6,47,50,0.95,0.39,0.52,0.48,5.74,2.07,2.98,4.6,1.58,4.44,1.23,4.52,1.79,4.9,4.4,1.83,4.4,3.84,4.37,2059,2034,0,5,2.99,1
0.89,0.65,2.6,1.66,2.63,1.69,2.39,1.83,5.9,4.9,1.64,1.46,3.53,2.46,3,5,4,5,50,47,0.87,0.92,0.44,0.56,4.77,2.01,2.22,1.27,4.07,3.17,2.98,4.16,1.03,3.24,1.78,4.61,2.36,1.7,3.84,1589,1627,0,4,1.98,0
1.0,0.16,1.64,0.91,3.03,1.76,0.78,0.98,4.3,3.1,2.39,3.96,3.78,2.02,6,5,3,5,39,63,0.06,0.37,0.09,0.91,4.26,4.43,4.12,3.4,4.65,2.7,1.97,3.84,4.26,1.06,1.35,2.05,4.89,4.48,2.06,1933,1957,1,5,4.02,1
0.59,0.25,1.63,1.18,1.19,1.62,2.99,3.82,2.5,7.9,4.39,2.98,4.34,4.5,7,2,0,6,50,51,0.96,0.48,0.93,0.07,2.12,1.81,3.24,2.62,4.93,4.02,2.34,4.54,2.02,3.08,4.52,1.3,4.3,4.4,4.35,1626,2033,0,2,2.03,1
0.4,0.47,1.75,3.28,1.12,2.71,0.28,4.03,5.0,4.9,3.28,4.93,1.34,4.98,3,7,2,3,55,47,0.38,0.75,0.52,0.48,5.22,4.49,3.74,3.35,4.7,3.83,2.02,3.58,2.67,2.08,3.14,2.71,3.12,1.44,4.81,1512,1947,1,1,2.43,0
0.73,0.25,1.76,0.98,2.2,3.3,1.77,2.73,4.4,3.3,1.55,3.83,3.26,1.42,7,7,2,1,58,45,0.87,0.28,0.85,0.15,5.32,3.77,3.33,2.7,1.81,3.1,1.18,3.45,1.28,3.69,1.9,4.54,4.73,1.79,4.71,1812,1806,1,2,2.46,2
0.69,0.59,2.5,1.17,2.62,0.44,1.06,0.4,1.2,6.6,4.13,1.85,4.35,2.15,7,6,1,2,44,57,0.12,0.35,0.32,0.68,4.55,2.87,2.61,4.5,3.35,4.82,3.42,2.54,4.47,4.91,1.62,3.89,1.82,4.92,3.68,2012,1985,0,1,1.37,2
0.9,0.89,2.41,3.14,3.34,1.59,1.32,3.32,4.4,3.0,3.18,2.29,2.6,2.08,2,4,0,0,62,41,0.29,0.51,0.26,0.74,5.41,2.38,2.56,2.51,3.5,1.62,2.41,1.81,2.95,4.22,1.81,3.34,1.55,1.32,3.04,1521,1988,0,5,4.23,0
0.98,0.13,0.6,2.19,0.78,1.27,4.18,1.31,6.9,5.3,2.11,1.39,4.32,1.76,6,5,5,2,47,52,0.4,0.97,0.13,0.87,5.83,3.7,1.42,4.31,1.06,2.98,4.88,3.46,1.39,2.36,3.69,4.66,2.78,4.33,4.43,2074,1446,1,3,2.93,2
0.08,0.25,1.33,3.28,1.42,2.58,1.99,0.36,6.8,6.6,1.61,4.0,2.53,1.8,6,5,2,5,55,47,0.26,0.9,0.18,0.82,2.24,3.58,3.32,4.45,3.85,2.91,2.49,3.04,1.85,2.31,4.14,2.76,4.58,4.39,3.41,1716,1795,1,3,0.51,0
0.47,0.52,2.16,3.02,1.03,1.62,1.15,1.37,1.7,6.5,4.0,2.04,2.55,2.86,4,7,4,4,35,66,0.87,0.37,0.11,0.89,4.15,4.16,1.41,1.73,3.94,1.6,1.36,4.88,4.88,2.27,1.62,2.66,3.72,1.16,3.23,2015,1885,0,5,2.4,2
0.33,0.64,1.43,2.19,3.01,1.21,4.42,4.14,4.0,1.4,1.27,1.34,1.86,1.94,3,3,5,6,48,54,0.28,0.79,0.87,0.13,4.95,3.29,1.13,4.5,1.29,3.25,3.09,1.21,1.81,1.55,2.85,3.44,4.96,3.98,3.17,1543,1893,1,3,2.12,2
0.68,0.97,1.16,2.37,0.34,1.35,0.3,2.64,6.0,7.8,4.69,1.99,1.78,3.03,5,4,6,0,39,58,0.74,0.99,0.09,0.91,5.53,3.87,1.0,4.8,1.31,2.23,1.4,3.93,2.53,2.35,3.65,3.22,3.02,2.34,1.68,1552,1829,1,3,4.78,2
0.61,0.74,0.72,3.21,2.09,3.47,0.47,1.97,2.5,2.1,4.82,3.68,2.48,1.97,5,3,4,3,42,58,0.61,1.0,0.83,0.17,2.96,2.48,3.03,1.14,1.33,1.03,4.13,4.57,3.4,1.74,1.22,4.33,3.53,1.35,3.65,2044,2036,0,4,3.74,1
0.64,0.73,0.44,2.05,2.6,0.37,0.28,0.88,6.8,6.9,4.11,1.62,4.88,4.69,7,6,5,1,64,38,0.17,0.54,0.76,0.24,5.48,1.74,2.13,3.26,3.76,3.32,1.53,2.51,2.77,2.94,4.01,3.6,3.38,1.53,4.53,1538,1801,1,2,0.33,0
0.28,0.4,3.49,0.96,0.92,1.39,2.74,2.64,3.5,7.4,3.82,3.02,3.48,4.03,7,3,1,4,57,42,0.55,0.03,0.27,0.73,4.08,3.76,3.19,3.45,1.84,4.77,3.24,3.66,2.87,1.54,4.5,2.61,2.96,4.37,1.01,1692,1432,1,2,0.85,2
0.56,0.92,1.35,2.07,3.33,2.45,2.88,2.41,6.9,1.9,1.85,4.22,3.52,1.56,3,7,1,1,53,44,0.27,0.19,0.71,0.29,4.3,1.11,4.53,2.74,3.28,1.35,1.54,1.14,3.07,1.02,3.03,2.5,1.65,3.04,2.28,1836,1622,1,4,1.83,0
0.88,0.95,2.98,3.07,1.11,1.73,0.66,0.98,2.4,2.2,4.39,1.27,4.29,1.57,3,5,6,6,37,64,0.56,0.62,0.34,0.66,3.04,1.09,3.18,1.18,2.4,1.5,2.64,1.21,2.28,2.08,2.18,1.63,2.02,4.96,3.84,1632,1495,1,3,4.46,2
0.59,0.8,1.3,2.48,1.55,1.41,1.87,1.18,5.2,1.9,1.28,3.4,1.68,4.81,6,7,3,0,55,48,0.58,0.51,0.96,0.04,3.79,2.02,1.62,4.96,4.4,4.84,2.59,4.63,3.25,1.54,3.6,2.3,1.51,1.17,3.83,1923,1541,0,3,1.95,0
0.05,0.1,2.94,2.09,0.95,1.43,3.9,1.06,3.2,1.9,4.56,1.93,2.79,3.53,7,2,1,0,44,54,0.89,0.75,0.36,0.64,4.71,1.49,3.56,2.33,2.91,2.25,4.96,4.74,4.7,4.28,2.08,2.84,4.88,3.78,1.55,1778,1958,1,1,4.29,1
0.0,0.04,2.68,1.35,1.09,0.62,1.32,0.64,3.2,6.8,4.77,3.62,2.6,1.57,5,2,0,1,46,53,0.63,0.35,0.54,0.46,3.96,3.15,3.45,3.58,4.7,3.38,2.54,4.52,4.23,4.95,4.54,2.0,3.03,4.8,4.34,1508,1723,1,5,0.56,2
0.21,0.16,2.2,1.52,2.39,2.99,0.81,0.55,1.5,6.0,1.38,1.83,3.12,3.35,7,2,5,6,40,58,0.14,0.72,0.46,0.54,5.6,2.84,2.75,1.51,2.27,3.47,1.41,4.35,3.71,1.24,1.17,4.88,2.33,1.4,4.22,2016,1837,1,3,3.3,1
0.06,0.29,2.79,2.27,0.27,0.33,1.43,3.19,2.3,4.7,3.67,4.54,2.73,4.74,2,4,1,5,41,61,0.29,0.81,0.8,0.2,4.43,1.27,2.88,2.96,3.67,4.5,1.34,1.17,3.55,3.25,1.57,1.82,1.57,1.97,2.63,1924,1682,1,4,3.98,0
0.49,0.66,3.27,0.73,1.33,1.2,3.69,2.15,2.7,7.9,4.91,3.77,1.7,2.14,7,6,2,6,48,55,0.33,0.09,0.99,0.01,3.59,3.28,1.23,3.04,3.63,2.35,1.09,4.37,1.99,4.29,4.42,4.97,2.06,2.32,3.69,1639,1962,1,4,0.67,2
0.96,0.53,1.22,2.51,2.05,1.45,2.96,1.75,1.2,4.5,2.19,3.56,1.9,3.96,6,3,5,2,63,38,0.14,0.62,0.01,0.99,2.82,1.58,1.12,4.43,4.21,3.56,2.25,2.07,4.2,4.17,1.35,1.78,1.33,4.29,1.22,1858,1475,1,4,3.14,0
0.1,0.58,0.39,0.36,2.74,3.14,1.88,4.04,1.5,1.4,1.36,2.38,1.04,2.98,6,2,5,0,64,38,0.99,0.07,0.77,0.23,5.21,4.39,1.46,4.74,4.55,1.71,4.64,1.68,4.23,3.62,1.01,3.7,3.31,3.5,4.45,2043,1789,0,2,1.33,2
0.48,0.75,3.4,0.81,1.46,3.48,3.1,3.32,6.9,2.1,1.48,4.22,3.21,2.15,2,3,5,5,55,46,0.7,0.92,0.49,0.51,4.36,4.95,3.85,3.52,4.61,3.7,4.08,2.46,2.98,3.27,2.17,1.13,3.78,4.36,1.41,1634,1851,0,1,4.09,2
0.73,0.32,1.37,1.91,0.84,0.49,3.91,4.26,1.1,5.3,4.37,2.8,1.3,1.62,5,3,5,4,65,32,0.51,0.22,0.85,0.15,5.0,4.0,4.67,1.16,4.64,3.48,2.25,1.87,1.94,3.92,1.64,2.7,2.22,4.49,2.83,2060,1988,0,4,0.35,0
0.09,0.03,2.22,3.11,0.69,1.02,0.45,1.79,5.9,3.1,3.08,4.24,1.03,3.45,4,3,3,0,59,44,0.58,0.49,0.77,0.23,2.32,3.9,3.66,3.81,3.21,1.95,2.07,1.22,3.5,2.35,3.03,2.38,2.77,2.94,2.45,1707,1608,1,2,3.9,0
0.33,0.98,0.48,1.74,3.15,3.46,1.13,4.42,4.8,4.7,1.02,1.67,2.61,2.37,3,6,6,5,40,63,0.42,0.48,0.65,0.35,3.83,2.27,1.15,1.08,3.26,1.38,4.0,2.7,1.65,2.75,1.21,4.08,2.07,2.64,1.89,1596,1744,1,3,1.49,0
0.93,0.16,1.41,2.11,1.19,0.29,3.21,3.83,2.5,3.6,1.03,2.71,1.18,1.39,3,3,5,2,53,44,0.42,0.46,0.17,0.83,5.33,3.36,2.5,1.08,1.34,3.04,4.75,2.16,3.2,1.67,3.37,2.01,4.72,1.46,1.41,2093,1604,1,1,4.71,0
0.93,0.05,1.27,3.62,1.19,1.82,1.55,2.76,5.1,5.3,4.26,1.82,3.13,4.43,3,3,2,5,48,49,0.47,0.8,0.69,0.31,4.05,3.49,3.15,1.96,4.84,3.98,2.24,2.46,1.34,1.62,2.68,1.72,4.16,3.79,1.71,1406,1714,0,5,2.54,0
0.07,0.79,2.79,1.21,3.38,3.42,4.21,3.81,5.3,2.8,2.55,3.42,4.66,2.35,5,5,1,0,55,42,0.0,0.03,0.64,0.36,2.32,3.87,2.31,3.69,1.77,4.14,3.02,2.12,2.43,4.72,3.74,2.25,3.89,4.61,3.31,1521,2026,1,1,2.11,2
0.48,0.9,3.18,1.46,2.91,3.05,0.52,3.4,6.5,6.0,3.24,4.04,4.38,2.83,3,2,4,0,61,40,0.53,0.52,0.21,0.79,4.01,3.91,2.44,1.51,2.05,1.57,3.61,1.74,2.2,3.82,3.95,2.24,1.71,3.9,2.92,2060,1430,1,1,3.11,2
0.55,0.78,3.06,0.5,1.01,1.49,3.55,0.47,7.4,4.0,1.92,1.51,2.0,4.02,5,4,1,3,43,58,0.05,0.76,0.56,0.44,5.65,3.14,1.05,1.07,1.46,2.7,2.6,4.89,2.48,3.12,4.67,3.1,3.06,3.37,2.58,1415,1937,1,2,2.52,2
0.01,0.44,2.49,1.19,0.37,1.01,2.04,4.07,1.6,3.0,3.57,4.2,2.34,1.37,5,3,1,0,41,62,0.12,0.51,0.38,0.62,3.37,4.53,1.87,4.23,2.94,3.51,4.56,1.52,2.25,4.04,4.39,1.94,2.61,3.25,3.95,1694,1718,1,2,0.39,2
0.74,0.77,2.55,1.33,0.28,1.96,4.49,0.78,6.5,1.2,3.05,4.97,1.0,4.82,7,2,4,4,57,41,0.46,0.46,0.28,0.72,2.59,1.08,4.58,2.5,3.2,2.46,3.62,2.13,1.48,2.41,3.07,4.91,2.42,3.4,3.13,1931,1405,1,1,4.2,0
0.89,0.6,1.37,3.15,0.22,1.35,4.22,1.77,4.2,4.2,1.03,2.2,3.69,1.5,2,4,1,1,57,44,0.69,0.37,0.07,0.93,5.57,3.23,4.89,1.71,1.35,3.07,1.11,2.79,3.13,4.82,4.19,4.64,4.73,2.43,1.19,1699,2025,0,1,1.39,1
0.62,0.6,0.66,2.93,0.9,1.41,1.9,1.95,5.2,2.3,3.95,1.49,2.35,3.97,2,4,6,4,56,46,0.52,0.67,0.09,0.91,4.88,2.28,1.55,3.1,2.63,1.05,4.78,2.45,1.82,1.32,3.0,2.28,4.15,4.35,1.77,1927,1906,1,4,2.78,1
0.62,0.57,1.28,2.9,0.29,2.31,1.56,3.66,4.6,1.4,3.08,2.52,2.31,3.06,7,3,4,2,40,58,0.1,0.03,0.73,0.27,2.13,2.92,3.55,2.55,2.27,3.74,3.77,3.42,1.34,2.62,4.76,1.13,3.35,2.78,3.04,1852,1598,1,3,3.91,1
0.9,0.55,0.82,3.23,3.38,0.4,0.48,0.29,3.3,4.1,2.02,1.67,4.31,2.1,5,2,4,5,64,39,0.38,0.5,0.07,0.93,4.19,2.67,3.29,2.4,4.36,2.63,3.67,4.83,2.79,1.09,3.89,4.71,4.34,3.66,1.71,1824,1906,0,4,0.68,0
0.39,0.62,1.96,3.06,1.03,1.43,0.26,3.81,6.9,2.6,1.06,2.18,1.84,3.85,3,7,6,1,50,51,0.49,0.2,0.45,0.55,4.33,3.14,4.91,1.77,2.72,2.58,4.09,3.35,4.31,3.04,3.62,4.04,4.74,3.13,2.66,1877,1757,1,2,1.63,0
0.64,0.31,2.57,2.97,0.5,2.68,2.94,0.85,1.4,2.6,4.33,2.28,2.95,1.51,3,5,0,2,46,51,0.54,0.43,0.4,0.6,3.03,4.68,1.96,2.12,2.63,2.68,3.74,3.21,2.96,3.58,3.1,4.58,4.98,1.89,2.18,1701,2093,0,1,1.69,2
0.84,0.67,1.15,2.37,2.39,0.39,2.42,3.9,5.0,7.1,4.46,4.85,2.67,1.83,3,5,1,4,56,42,0.25,0.72,0.89,0.11,5.45,1.24,2.66,2.83,4.92,3.68,1.49,2.32,2.63,1.81,2.47,1.01,3.71,2.17,4.3,1427,2087,0,1,1.31,0
1.0,0.66,0.22,1.71,2.88,1.42,2.84,2.34,5.3,7.9,2.14,1.55,4.13,2.7,5,3,2,2,54,45,0.03,0.74,0.93,0.07,3.65,4.57,3.7,3.84,1.36,2.71,3.52,2.34,3.38,3.26,2.35,3.22,4.1,1.22,3.41,2070,1590,0,4,3.03,2
0.75,0.3,2.56,0.21,1.28,2.39,1.71,3.52,6.7,7.1,3.21,2.98,2.93,3.54,6,2,6,2,63,34,0.93,0.68,0.52,0.48,2.89,1.01,4.32,2.61,3.58,1.54,2.9,4.85,4.46,1.26,3.09,1.9,3.55,4.85,1.37,1518,1551,0,5,3.53,1
0.47,0.69,1.56,2.3,3.07,0.71,3.51,3.54,7.0,7.5,1.62,1.43,1.63,1.47,6,7,2,6,57,46,0.64,0.3,0.04,0.96,3.95,1.33,3.24,3.45,2.64,2.77,3.02,3.86,4.14,3.75,3.92,1.68,2.24,3.89,1.65,1658,1950,1,2,1.95,0
0.57,0.13,1.34,3.38,2.61,0.6,2.16,4.48,4.1,4.8,3.23,2.2,2.88,4.96,6,6,3,0,41,58,0.23,0.68,0.36,0.64,5.79,1.45,3.98,2.62,4.89,1.7,4.6,2.32,4.46,4.35,1.9,3.63,3.36,3.15,2.12,1489,1950,1,4,2.67,0
0.91,0.41,2.36,2.72,1.84,1.1,2.85,1.35,3.4,6.5,3.79,3.72,3.56,3.14,2,4,3,1,43,55,0.44,0.16,0.9,0.1,4.5,2.66,2.75,3.78,2.95,2.05,4.21,1.46,1.97,4.27,4.48,2.12,1.17,2.43,4.55,1749,1628,0,3,4.03,1
0.72,0.32,0.61,0.99,2.25,2.12,0.56,4.5,5.8,7.2,2.41,3.17,2.92,3.22,5,3,5,1,41,58,0.73,0.96,0.97,0.03,4.33,4.45,1.73,2.47,1.41,3.17,4.25,3.74,2.1,3.42,4.59,1.69,4.63,3.26,1.57,2098,1466,1,4,3.43,2
0.02,0.56,0.93,1.4,1.52,1.53,0.44,4.37,7.9,2.0,4.74,2.21,1.9,2.61,3,4,5,2,58,41,0.81,0.17,0.86,0.14,3.96,3.06,3.73,2.78,1.21,2.88,2.74,3.68,1.3,3.7,2.39,3.63,1.29,2.38,4.06,1739,1837,0,2,4.32,2
0.41,0.83,0.6,1.58,1.25,0.96,1.13,3.94,6.9,2.3,4.67,1.22,2.86,2.37,7,2,2,2,44,54,0.6,0.53,0.97,0.03,3.65,2.4,2.1,3.13,4.17,2.97,3.03,2.91,2.83,3.9,3.98,4.98,3.62,3.72,4.35,1579,1431,0,3,1.0,2
0.04,0.19,1.87,2.52,0.79,2.1,1.84,1.83,7.2,6.8,4.84,1.34,4.26,3.72,2,7,0,3,64,37,0.76,0.48,0.37,0.63,3.27,2.14,3.08,4.55,4.95,1.29,4.57,2.71,1.24,2.15,3.16,4.52,4.69,2.35,4.73,1714,1811,1,1,3.45,2
0.73,0.15,1.21,2.26,1.77,3.08,3.86,2.11,2.1,4.2,2.52,2.31,4.06,3.74,3,5,0,2,62,38,0.97,0.79,0.18,0.82,5.6,2.96,1.33,1.95,3.22,4.83,4.15,3.14,2.12,4.34,2.52,4.63,2.15,1.83,1.79,1685,1483,0,3,1.83,2
0.31,0.06,1.14,0.9,0.68,1.84,1.22,3.15,5.4,3.4,3.02,1.56,2.79,2.61,6,4,2,2,54,43,0.86,0.09,0.61,0.39,2.45,3.48,2.42,1.74,2.43,1.85,1.97,2.87,4.22,3.13,1.91,4.95,3.34,4.93,2.62,1881,1764,1,5,0.33,2
0.94,0.86,3.79,2.33,0.75,1.06,4.37,2.34,4.7,7.6,2.58,2.36,2.83,4.44,5,3,6,0,46,55,0.3,0.33,0.23,0.77,5.84,4.57,2.95,1.99,3.61,2.76,3.86,1.15,4.03,4.45,2.53,2.03,2.31,1.05,4.65,1698,1506,1,4,3.35,1
0.46,0.36,2.11,0.53,1.41,2.97,3.63,0.54,6.4,7.6,4.06,2.09,1.84,1.56,4,5,0,0,64,37,0.32,0.21,0.46,0.54,2.66,3.52,2.89,3.57,3.48,2.51,3.28,1.75,4.68,2.19,1.94,1.69,4.14,2.81,3.81,1425,1708,1,1,4.15,2
0.41,0.03,0.52,2.0,1.1,0.29,1.5,1.86,1.6,2.3,3.33,4.7,3.64,1.77,7,6,4,6,57,41,0.49,0.06,0.15,0.85,4.93,4.62,1.37,1.14,3.46,1.31,2.66,3.17,3.56,4.83,3.2,3.17,3.75,1.79,4.93,1619,1696,1,2,0.76,1
0.23,0.92,0.56,0.38,0.49,1.07,3.89,4.15,6.9,5.2,4.93,4.94,2.55,3.71,5,2,0,0,38,60,0.71,0.72,0.41,0.59,4.43,2.39,2.26,3.69,4.87,2.48,4.63,4.03,3.04,4.21,1.38,1.76,4.47,3.55,3.09,2048,1803,0,1,1.83,0
0.51,0.51,3.16,0.64,2.02,1.56,3.09,3.97,5.5,4.5,4.74,1.26,4.93,1.06,4,7,1,1,59,41,0.83,0.07,0.5,0.5,5.08,1.82,2.79,3.86,2.9,4.19,4.88,1.7,1.49,4.13,4.55,3.88,4.64,4.12,3.71,1552,1963,1,1,0.53,2
0.24,0.08,2.06,2.86,0.71,3.02,1.27,2.04,7.2,7.5,1.09,4.75,2.35,2.45,7,2,5,0,44,54,0.85,0.13,0.63,0.37,4.53,1.94,4.95,4.68,4.72,3.14,1.66,2.3,1.09,1.36,2.89,1.39,4.18,4.7,2.83,1943,1806,0,5,0.63,0
0.16,0.62,2.63,1.06,2.4,2.22,0.32,4.01,6.9,7.2,2.74,1.5,1.03,4.49,6,5,1,5,63,38,0.72,0.71,0.32,0.68,2.32,4.75,4.67,3.68,3.97,2.52,3.77,3.72,3.96,1.03,3.4,4.58,2.01,3.75,1.57,1927,1700,1,4,0.14,0
0.04,0.16,3.28,1.86,1.56,1.93,1.82,2.28,3.2,1.2,2.08,4.2,4.17,1.51,3,2,4,2,46,56,0.14,0.1,0.69,0.31,5.02,4.93,4.6,2.89,4.39,4.8,4.1,2.56,1.91,2.01,4.42,4.34,1.97,2.41,3.32,1717,1418,1,2,2.53,2
0.25,0.77,0.53,3.52,3.13,1.36,1.87,1.92,7.3,5.2,4.4,2.3,4.71,4.4,3,3,0,5,43,60,0.0,0.65,0.53,0.47,2.55,4.97,2.3,4.13,4.55,4.74,4.57,1.71,4.69,1.07,1.58,2.53,1.1,1.23,3.65,1411,1940,0,5,1.08,0
1.0,0.86,3.15,3.61,2.13,1.04,0.41,2.69,5.4,3.0,2.79,2.28,1.07,1.21,2,6,2,6,47,52,0.57,0.46,0.57,0.43,5.61,3.79,2.52,4.47,4.29,4.56,2.73,1.68,2.36,1.16,2.01,2.54,4.67,2.83,3.13,1504,1847,0,4,0.08,1
0.71,0.94,0.59,3.13,2.06,0.84,1.5,2.65,1.2,3.3,2.5,2.87,1.39,2.97,7,4,0,3,62,40,0.41,0.28,0.04,0.96,2.03,4.25,2.0,4.64,1.21,1.68,3.58,1.85,4.09,1.13,1.21,3.68,2.33,2.35,3.08,1921,1899,0,1,3.98,1
0.3,0.24,3.09,3.39,2.09,3.09,3.28,3.64,3.3,4.9,4.55,1.5,4.02,1.37,2,5,2,2,40,63,0.12,0.33,0.08,0.92,3.14,1.99,4.72,1.07,2.87,1.41,2.45,2.51,4.38,2.66,4.9,2.83,3.84,3.83,3.77,1815,1529,1,5,4.37,2
0.55,0.19,2.36,2.79,1.05,0.95,1.32,4.09,2.2,3.0,1.07,4.37,4.17,4.17,6,6,3,0,52,50,0.02,0.77,0.91,0.09,3.21,1.78,4.08,4.94,4.98,3.07,4.6,2.66,2.27,3.21,3.23,2.17,4.9,1.97,4.07,1937,1659,0,5,3.19,0
0.86,0.07,2.72,1.18,3.15,0.41,2.52,1.68,1.5,7.2,3.22,3.64,3.79,1.56,5,6,2,0,57,43,0.13,0.76,0.43,0.57,5.43,3.47,3.77,2.65,3.31,3.4,2.5,3.5,2.47,4.11,4.33,4.48,2.62,1.09,4.51,1432,1683,0,5,4.22,1
0.77,0.87,3.1,0.7,1.61,0.71,2.05,0.84,5.4,1.9,4.4,4.57,1.25,1.47,5,2,6,3,40,58,0.43,0.18,0.14,0.86,5.63,1.0,3.12,1.16,1.96,4.49,2.39,3.94,3.82,1.02,2.67,2.47,2.43,2.91,2.15,1533,1810,0,4,3.71,0
0.64,0.23,3.03,2.17,3.5,1.76,2.72,4.07,2.2,5.7,4.36,2.47,3.96,3.61,7,7,4,6,40,59,0.91,0.09,0.13,0.87,4.52,4.19,1.56,2.08,3.9,2.89,1.99,4.86,2.86,3.13,3.46,3.33,2.93,4.73,3.95,1401,1985,1,2,1.04,2
0.36,0.19,0.55,2.54,3.16,1.96,4.49,0.58,7.0,6.3,4.64,1.66,3.1,4.1,3,5,1,3,55,47,0.39,0.56,0.89,0.11,2.73,2.69,3.08,2.81,1.25,3.04,2.11,1.01,1.17,1.72,2.51,4.81,1.69,1.83,1.68,1796,1436,1,4,2.8,1
0.14,0.29,3.67,1.5,2.3,1.08,2.61,1.32,6.0,2.8,3.77,3.15,2.03,3.51,2,4,6,4,60,38,0.1,0.8,0.14,0.86,5.79,2.61,1.79,3.84,1.78,1.74,2.68,4.99,3.39,4.16,3.82,1.06,2.41,2.81,1.6,1855,1953,1,2,4.48,2
0.72,0.51,2.21,0.36,0.76,1.37,0.85,3.6,7.9,4.7,1.05,1.56,1.03,2.45,2,2,2,1,56,45,0.85,0.42,0.34,0.66,3.9,2.06,4.69,4.33,4.15,1.79,2.87,1.08,2.61,4.82,4.92,1.07,1.46,2.96,4.41,1632,1481,1,2,4.17,0
0.2,0.9,0.68,2.8,0.24,3.42,3.62,3.35,5.0,1.6,4.37,3.2,2.08,4.83,4,6,0,3,63,34,0.37,0.96,0.22,0.78,3.58,2.93,3.84,4.01,3.09,1.26,3.9,3.39,1.54,1.33,1.71,3.07,1.08,1.79,1.19,2091,1453,1,2,1.1,0
0.43,0.13,1.87,3.03,1.69,3.09,0.91,0.62,6.9,1.8,3.94,2.96,1.76,4.89,6,2,2,5,43,56,0.56,0.32,0.77,0.23,3.96,2.23,4.36,3.59,4.34,3.23,3.98,1.33,1.3,3.58,2.3,1.16,3.14,2.89,2.65,1618,1654,1,4,0.04,0
0.25,0.84,1.95,1.14,1.07,0.76,0.88,2.25,4.1,3.3,1.35,3.26,1.91,2.84,4,6,1,5,50,52,0.37,0.13,0.24,0.76,3.34,2.58,4.35,1.47,4.18,4.63,4.85,4.63,3.47,3.38,1.36,1.99,3.79,3.48,2.5,1576,1906,1,2,0.23,0
0.37,0.08,2.68,1.57,2.41,0.79,0.65,2.46,2.1,6.3,2.29,3.66,1.11,2.76,5,6,0,1,36,67,0.93,0.4,0.86,0.14,2.61,3.05,4.03,4.19,3.16,4.49,4.08,3.59,2.73,1.89,1.85,1.36,1.55,4.89,4.53,1872,2086,0,4,3.75,0
0.1,0.03,0.98,1.11,1.8,2.95,4.43,3.54,2.3,3.5,2.4,2.63,1.6,1.05,4,5,6,3,61,40,0.18,0.85,0.55,0.45,4.41,2.2,1.63,2.23,2.81,4.94,4.44,1.77,1.24,4.08,1.68,2.56,2.86,2.94,2.17,1949,1915,0,3,4.87,1
0.65,0.8,3.48,2.32,0.22,1.81,2.7,3.62,6.0,6.0,4.54,3.12,2.37,1.71,3,4,1,6,51,46,0.09,0.13,0.21,0.79,4.97,2.71,2.52,1.17,2.81,4.1,4.31,4.83,4.37,4.26,2.48,4.34,1.43,3.8,4.94,1898,1613,1,1,3.63,2
0.29,0.6,2.73,2.74,3.43,3.1,3.84,2.55,3.3,2.3,4.4,3.18,3.88,1.68,4,2,0,1,43,59,0.04,0.18,0.39,0.61,2.68,3.25,1.69,2.84,2.73,1.66,2.56,3.01,1.88,1.01,2.37,2.02,4.95,1.72,4.34,1960,1925,0,3,2.64,2
0.86,0.8,2.56,2.1,2.3,1.48,3.82,0.65,7.3,1.2,4.27,2.42,1.36,2.55,4,5,0,2,62,40,0.79,0.88,0.28,0.72,3.66,2.93,3.9,4.12,4.43,4.18,2.7,4.66,1.58,2.77,4.25,1.52,4.08,4.16,1.18,1903,2034,1,5,4.66,0
0.01,0.9,1.43,3.07,2.89,1.44,4.11,0.64,1.6,7.6,4.57,1.13,2.08,1.64,6,5,0,2,39,60,0.94,0.89,0.92,0.08,3.8,1.25,3.25,4.56,2.19,4.44,2.59,3.22,4.16,1.63,2.62,1.82,3.37,1.72,1.91,1918,1522,1,1,1.26,1
0.15,0.22,1.06,0.33,3.0,3.27,1.49,2.57,2.0,3.6,4.89,1.76,3.1,1.33,3,7,3,0,37,61,0.98,0.67,0.3,0.7,2.76,3.15,3.2,4.32,1.14,4.52,2.02,2.07,1.81,1.7,4.79,4.11,1.96,2.68,1.68,1750,1576,1,2,1.79,2
0.92,0.6,1.69,0.76,0.96,3.35,3.25,3.17,3.1,5.6,2.11,2.37,4.91,4.24,7,3,0,1,65,37,0.52,0.74,0.79,0.21,2.19,4.75,4.51,2.45,3.47,2.79,2.34,2.83,4.45,3.74,3.43,2.2,3.97,4.29,2.13,1569,1959,1,4,3.62,2
0.38,0.94,0.43,1.69,3.23,2.86,2.26,2.14,7.1,5.5,3.12,4.85,2.61,2.18,4,3,4,6,38,64,0.89,0.77,0.44,0.56,3.89,3.34,3.12,3.34,1.19,3.92,4.01,1.03,4.95,3.96,4.4,3.65,4.28,4.64,3.63,1611,1822,0,4,4.08,0
0.03,0.01,3.16,1.42,1.01,2.48,0.44,4.14,3.3,7.6,2.05,2.04,3.98,3.6,4,7,3,5,38,61,0.8,0.61,0.19,0.81,5.53,2.42,2.15,4.45,3.57,1.96,4.63,1.97,3.64,4.97,1.55,1.24,4.29,3.83,1.95,1428,1694,1,2,4.96,2
0.03,0.63,1.47,0.79,2.07,2.7,2.21,2.08,7.7,1.5,4.65,3.35,3.26,1.65,2,4,0,0,59,38,0.54,0.33,0.74,0.26,4.22,2.52,3.06,3.13,3.6,4.52,3.39,1.43,1.75,2.85,1.56,1.25,2.21,2.11,3.35,1535,1805,0,1,1.85,2
0.81,0.89,0.66,2.05,2.26,2.23,3.58,2.15,7.8,7.8,4.97,1.88,2.91,4.11,7,6,3,3,42,61,0.56,0.87,0.24,0.76,2.96,2.69,4.09,4.04,1.67,4.3,2.91,1.13,2.85,2.7,4.88,4.57,1.44,3.65,4.21,1790,1522,0,4,4.62,2
0.72,0.38,0.22,1.74,2.59,1.28,0.83,2.59,4.3,7.0,3.36,3.1,3.27,3.41,5,3,2,3,64,39,0.03,0.51,0.21,0.79,3.86,1.79,1.8,3.85,2.05,4.28,1.63,3.17,1.0,4.11,2.57,3.35,3.11,1.77,4.14,1543,1906,0,2,0.53,0
0.24,0.82,1.22,3.56,0.22,3.45,4.23,4.38,6.1,3.4,1.87,3.56,3.58,2.62,5,5,2,1,47,53,0.83,0.79,0.03,0.97,4.48,1.51,1.71,1.16,4.93,1.92,2.44,1.72,3.8,1.88,3.2,2.92,2.3,1.38,1.84,1995,2014,1,2,0.87,0
0.7,0.98,2.57,3.3,1.88,2.94,1.51,1.21,1.3,5.6,2.41,2.02,4.31,2.64,3,6,0,1,47,54,0.31,0.74,0.83,0.17,3.32,4.71,3.52,4.35,2.97,4.07,3.93,2.94,4.05,4.36,1.31,1.44,2.82,4.99,2.64,1902,2071,1,1,2.88,2
0.38,0.35,0.52,2.99,1.83,0.36,4.08,0.34,5.9,2.1,3.42,3.04,3.37,3.28,2,4,0,6,37,63,0.08,0.44,0.57,0.43,4.47,4.41,1.11,3.18,1.48,4.02,2.52,4.47,1.92,3.42,2.23,4.56,2.89,4.23,1.58,1689,1687,0,4,3.17,2
0.17,0.0,0.86,2.74,1.93,2.49,3.11,2.49,2.5,2.0,4.01,2.5,2.62,1.56,3,7,0,2,61,37,0.91,0.45,0.5,0.5,3.91,4.87,3.57,2.03,2.38,1.2,1.3,3.18,1.03,3.03,2.98,3.01,3.25,3.59,2.24,1402,2045,1,4,2.97,2
0.48,0.77,0.38,3.16,1.17,3.22,0.65,0.49,7.9,1.4,4.82,3.34,4.8,2.2,7,5,3,3,49,54,0.52,0.43,0.75,0.25,5.68,1.43,3.77,2.36,1.83,3.15,1.56,4.45,1.65,3.91,2.13,4.91,3.07,4.53,1.09,1430,1968,1,3,0.41,2
0.54,0.74,1.04,1.83,2.56,1.19,1.75,0.66,5.2,7.0,4.48,2.84,3.09,2.95,6,5,2,4,61,38,0.21,0.11,0.44,0.56,2.29,2.42,4.16,2.76,2.87,2.97,1.43,3.46,2.22,3.64,1.5,1.11,4.61,1.3,3.73,1912,1489,0,2,4.65,0
0.47,0.37,1.32,2.05,0.47,1.54,3.15,2.22,4.1,6.7,3.11,1.73,2.08,1.47,7,3,2,2,64,35,0.0,0.91,0.23,0.77,4.53,4.61,2.46,2.13,2.4,3.97,3.21,3.17,2.16,2.88,3.4,1.28,1.35,1.89,3.31,1548,1518,1,4,3.21,2
0.32,0.47,1.32,1.17,0.79,0.68,0.9,0.66,2.0,4.8,1.91,4.53,1.86,4.25,5,2,2,1,40,60,0.64,0.98,0.06,0.94,3.0,4.87,4.0,1.77,3.1,1.85,2.73,3.39,3.2,4.45,4.4,1.67,4.67,1.6,2.96,1863,1631,1,3,0.59,0
0.62,0.01,0.65,2.92,2.66,1.67,3.58,3.03,2.9,6.0,4.46,4.07,3.35,1.4,4,3,3,3,40,63,0.31,0.59,0.14,0.86,5.3,4.83,4.75,3.27,3.08,4.63,3.1,4.01,3.3,2.82,1.08,4.34,3.3,3.81,3.94,1565,2091,0,1,0.54,1
0.92,0.98,3.18,3.6,2.36,0.76,2.39,2.74,8.0,5.2,1.87,1.74,3.11,3.51,6,4,3,1,56,46,0.53,0.67,0.01,0.99,4.8,1.88,1.04,2.77,1.34,3.05,1.1,4.95,1.73,4.07,1.43,3.98,4.65,2.71,1.93,2029,1452,1,2,4.82,1
0.69,0.79,1.92,3.0,2.98,2.57,2.25,1.28,3.2,7.3,3.93,2.81,1.81,2.35,5,7,6,1,44,59,0.44,0.84,0.77,0.23,5.28,3.24,1.47,3.84,2.64,4.06,1.5,2.84,4.35,1.88,2.12,2.6,4.04,1.91,3.13,1776,2078,1,4,2.24,2
0.44,0.83,3.48,3.7,3.38,3.23,3.23,1.57,6.8,5.7,2.35,4.93,3.55,3.54,3,5,2,0,62,39,0.05,0.14,0.22,0.78,2.31,3.25,2.96,3.81,4.78,1.32,4.76,3.09,3.48,2.17,3.55,4.09,1.42,2.08,4.82,1428,1961,0,1,2.11,0
0.72,0.21,1.92,1.3,2.04,0.67,3.65,3.33,7.9,7.0,2.24,4.39,2.58,3.31,7,2,5,0,43,54,0.31,0.52,0.91,0.09,5.67,4.35,3.3,2.19,4.53,4.28,2.0,3.05,4.2,1.96,4.13,1.78,4.3,2.08,2.87,1790,1790,0,2,0.84,0
0.58,0.88,2.58,1.66,3.45,3.46,4.13,1.31,5.4,5.6,1.22,2.75,2.49,2.03,4,3,2,4,35,64,0.01,0.98,0.21,0.79,4.29,1.12,2.48,2.79,1.58,3.65,2.37,3.97,1.05,3.66,1.14,3.13,4.43,3.59,2.39,1819,1574,1,2,1.51,0
0.82,0.53,1.5,0.99,2.54,1.79,3.66,3.75,4.3,1.8,3.54,3.68,4.77,4.77,4,6,4,5,37,64,0.39,0.98,0.0,1.0,3.42,3.1,2.57,2.17,3.34,2.71,3.94,3.68,4.33,3.06,3.54,1.75,1.05,4.32,3.49,2035,1643,0,1,4.69,0
0.42,0.37,1.76,1.0,1.78,2.58,0.33,2.75,1.8,3.4,3.93,3.83,2.31,1.6,7,3,6,4,58,43,0.92,0.36,0.59,0.41,3.48,2.96,1.83,2.02,3.89,4.71,3.51,2.31,3.91,4.9,2.98,4.39,4.9,2.35,4.91,1443,1595,0,1,0.96,2
0.73,0.34,2.34,2.42,3.34,0.96,1.81,0.4,5.9,5.9,3.13,4.1,3.43,4.9,2,3,3,1,55,46,0.66,0.67,0.45,0.55,5.65,1.81,2.52,2.15,4.15,1.53,3.26,2.79,4.5,3.7,2.68,1.24,2.08,3.13,3.75,1873,1454,1,4,4.49,0
0.4,0.22,3.62,2.07,0.9,2.43,0.36,1.14,3.5,5.6,1.59,2.64,1.2,3.59,7,7,6,0,46,56,0.9,0.34,0.79,0.21,2.92,4.19,1.75,3.11,4.68,2.34,1.57,4.05,2.22,2.37,2.26,1.86,2.53,1.93,3.11,1818,1617,1,5,4.58,2
0.61,0.85,0.29,2.58,1.23,1.72,1.29,2.83,4.3,4.6,1.47,2.21,3.02,4.47,2,3,0,0,58,45,0.04,0.94,0.38,0.62,3.62,1.78,3.22,1.3,2.12,3.9,2.61,4.06,4.42,1.28,3.67,2.04,3.95,4.59,1.36,1663,1602,1,2,0.94,0
0.82,0.48,0.3,0.35,2.24,0.57,3.84,0.74,5.8,2.7,3.52,4.95,4.6,2.19,5,4,0,3,60,37,0.74,0.15,0.25,0.75,4.31,2.08,1.76,3.88,3.16,2.83,2.51,1.46,4.89,1.65,1.73,4.7,1.33,1.33,4.24,1474,1667,1,1,0.95,2
0.7,0.18,1.73,2.07,1.27,1.95,3.56,3.86,4.9,7.9,1.63,4.17,4.87,2.34,6,3,5,0,52,46,0.2,0.46,0.38,0.62,4.72,4.64,3.64,1.55,1.48,1.68,4.16,2.73,1.47,4.46,1.49,3.71,2.3,4.72,4.72,1548,1819,0,3,3.22,2
0.6,0.44,2.57,1.98,2.92,0.2,4.17,2.56,2.1,2.2,1.44,1.95,3.98,1.67,2,2,5,6,64,34,0.97,0.59,0.61,0.39,2.45,3.52,2.85,4.81,1.71,2.45,3.98,1.91,4.65,1.94,3.63,2.79,2.23,2.76,3.62,1699,2024,0,4,0.22,2
0.03,0.34,1.3,2.54,2.64,0.95,3.93,1.73,3.6,3.7,2.41,3.32,1.92,1.51,3,7,2,0,51,47,0.25,0.15,0.13,0.87,4.4,1.58,1.69,4.47,4.79,1.2,4.38,3.93,4.33,2.4,1.75,3.71,2.91,4.97,2.98,1933,1623,1,2,0.13,0
0.6,0.59,1.39,1.21,1.34,2.35,1.65,1.63,6.1,5.6,2.54,2.55,4.96,1.95,6,2,6,0,56,43,0.58,0.63,0.97,0.03,2.79,4.76,2.15,1.02,4.86,1.89,2.84,4.51,2.0,3.01,3.4,3.06,2.1,4.19,3.66,1799,1736,0,1,1.22,2
0.63,0.87,3.71,2.23,0.85,2.46,3.56,3.75,5.1,5.2,3.9,2.08,4.79,1.86,7,6,2,2,50,53,0.88,0.43,0.14,0.86,3.38,2.33,3.77,1.92,2.55,4.47,2.64,3.44,1.29,3.95,4.52,2.21,4.12,4.59,2.15,1982,1527,0,4,4.02,2
0.7,0.88,0.95,2.54,1.4,3.33,3.45,1.09,7.1,4.7,1.94,3.23,2.23,4.76,6,5,2,5,52,47,0.32,0.45,0.24,0.76,4.25,1.51,4.58,1.37,4.21,1.51,1.77,2.0,2.89,3.93,1.55,3.49,2.05,2.11,2.75,1690,1585,0,1,1.97,0
0.69,0.69,3.41,1.1,2.07,3.24,1.47,3.88,1.8,4.6,2.89,4.38,1.47,4.43,3,4,5,4,60,40,0.03,0.02,0.57,0.43,5.13,3.94,4.65,3.99,2.13,2.88,4.45,3.23,1.3,3.14,3.45,3.16,2.55,2.29,4.01,2042,1485,1,2,4.06,1
0.84,0.3,1.33,1.63,2.0,1.65,3.76,2.67,2.6,7.3,3.43,1.01,2.81,4.04,2,2,4,3,58,45,0.84,0.53,0.29,0.71,2.88,2.9,1.88,1.58,2.18,4.3,1.65,2.2,3.26,3.92,1.57,2.96,2.04,2.89,2.13,1655,1812,0,5,2.38,2
0.58,0.48,0.98,3.34,3.49,3.01,1.85,3.78,7.9,2.0,3.36,2.82,4.7,3.28,4,5,6,3,59,39,0.59,0.46,0.76,0.24,5.92,1.65,4.38,1.33,1.23,3.99,3.11,3.59,4.45,2.01,4.75,4.17,4.01,4.12,2.51,1926,2040,1,1,1.51,0
0.88,0.97,0.56,3.13,3.22,2.17,0.76,3.69,4.1,5.3,3.21,4.69,4.82,3.7,3,4,0,6,53,45,0.61,0.49,0.83,0.17,4.23,4.44,1.44,1.13,1.21,2.92,2.23,4.45,1.44,1.79,2.55,2.99,2.48,4.93,2.96,1886,1660,0,1,0.22,0
0.26,0.23,1.41,3.47,3.34,2.59,2.48,1.18,3.9,4.2,4.88,3.49,4.11,4.81,4,5,0,4,37,60,0.53,0.98,0.82,0.18,3.72,1.18,3.4,2.16,1.08,2.15,2.81,2.13,4.28,4.13,3.61,4.56,3.27,1.56,2.96,2071,1496,1,3,2.19,0
0.07,0.93,1.45,1.28,1.15,3.17,0.89,4.28,4.5,2.9,3.89,2.47,2.98,3.57,4,2,2,5,35,63,0.17,0.97,0.19,0.81,3.01,4.88,1.81,3.24,2.75,3.71,2.43,2.49,2.48,1.72,3.16,1.77,2.05,3.5,2.59,1937,2068,0,4,4.97,2
0.07,0.68,0.98,2.32,0.43,2.92,4.5,0.92,2.6,2.9,3.69,4.99,2.01,2.53,4,2,3,1,58,42,0.23,0.53,0.62,0.38,2.76,1.03,3.88,2.74,3.5,1.7,4.32,3.82,1.7,1.47,4.98,4.4,2.1,2.96,4.09,2055,1562,0,2,4.14,0
0.39,0.06,2.75,1.74,0.33,0.51,0.83,4.0,5.4,3.7,4.29,3.13,2.01,3.68,6,6,5,5,50,53,0.79,0.72,0.3,0.7,4.66,3.74,2.04,2.53,2.61,1.62,4.08,4.36,3.61,1.91,1.41,1.86,4.0,4.31,2.99,2055,1924,0,2,2.12,2
0.18,0.86,0.5,3.54,2.88,3.43,2.66,1.66,7.6,6.3,4.86,1.1,4.14,3.93,5,3,0,5,60,38,0.57,0.82,0.58,0.42,3.55,3.41,3.05,4.47,3.26,2.47,3.21,2.81,3.08,3.51,2.0,2.88,1.12,3.48,2.02,1977,1801,0,1,0.37,2
0.0,0.46,1.79,1.02,3.44,2.4,3.33,2.33,2.3,7.2,3.19,4.53,4.9,1.55,7,2,1,5,45,57,0.3,0.39,0.08,0.92,5.17,2.6,3.45,2.97,2.35,3.04,4.16,3.61,4.48,4.43,1.56,4.62,2.86,4.76,4.79,1571,1969,1,2,2.89,1
0.22,0.26,0.26,0.54,2.49,2.36,2.38,2.27,7.1,3.9,4.07,3.62,3.99,4.34,6,7,0,5,36,64,0.66,0.03,0.26,0.74,4.58,1.91,4.55,4.55,2.64,3.26,3.17,1.53,4.59,2.1,4.83,1.15,2.84,4.23,3.3,1511,1473,1,5,1.38,1
0.05,0.35,2.46,2.23,0.27,0.37,2.73,1.47,5.1,7.9,3.72,4.31,1.06,3.98,3,6,0,6,58,45,0.09,0.17,0.13,0.87,5.36,2.43,2.42,3.95,3.97,1.68,4.48,3.42,4.85,4.85,2.75,3.9,3.96,1.13,3.24,1788,1903,1,2,4.45,0
0.1,0.32,2.17,2.53,3.45,0.36,3.09,1.05,4.7,5.8,4.86,3.59,4.8,2.15,3,2,6,5,45,57,0.85,0.86,0.31,0.69,5.29,1.1,4.38,2.16,2.85,2.84,3.04,3.51,1.84,1.27,1.09,2.4,4.98,3.32,2.03,2059,1916,0,4,0.81,0
0.83,0.58,2.58,3.37,1.41,3.24,0.53,3.45,1.3,2.0,4.38,4.83,3.79,3.09,5,4,4,2,41,59,0.47,0.34,0.88,0.12,5.75,4.22,4.84,4.66,1.4,3.44,4.67,4.03,1.23,1.85,3.3,1.47,1.81,4.72,4.97,1666,1699,1,4,3.88,2
0.53,0.07,0.73,1.21,0.54,2.16,1.98,2.84,4.6,4.5,2.66,4.89,2.73,2.82,2,4,5,1,55,42,0.46,0.98,0.82,0.18,5.7,4.52,4.03,4.43,4.39,1.49,1.1,2.34,4.07,3.53,2.68,2.37,1.79,4.17,1.78,1863,1778,0,2,1.85,1
0.63,0.87,2.88,0.69,0.67,2.67,4.22,3.17,1.4,4.5,3.68,3.96,3.32,3.27,7,6,3,1,38,60,0.03,0.3,0.6,0.4,5.51,1.9,1.07,3.13,3.15,2.52,2.1,1.03,3.44,2.49,1.19,2.71,1.89,2.17,1.43,1818,1768,1,1,4.52,2
0.57,0.48,1.02,0.51,0.52,0.62,0.95,2.38,5.1,2.9,2.9,2.69,1.41,2.32,6,5,0,3,45,56,0.34,0.45,0.23,0.77,5.45,4.79,3.37,3.96,1.73,4.13,4.28,2.09,1.4,1.37,3.11,1.91,3.9,3.82,4.63,1751,1959,1,1,3.85,2
0.68,0.93,2.93,1.45,1.57,2.78,1.44,4.34,1.4,6.0,1.2,1.04,2.87,1.62,5,2,6,4,52,46,0.94,0.54,0.44,0.56,3.7,4.56,1.98,2.38,3.49,3.49,1.74,3.14,2.77,4.8,3.76,4.12,4.78,2.69,3.64,1827,1516,0,1,0.89,2
0.87,0.31,0.54,2.66,3.24,2.59,3.03,0.67,7.2,6.2,4.75,4.5,1.23,2.14,2,7,4,0,36,63,0.05,0.04,0.82,0.18,5.76,3.18,2.08,2.42,1.47,4.2,4.19,1.54,3.19,1.68,3.32,4.44,3.6,1.99,2.78,1566,1807,1,1,1.39,1
0.08,0.73,2.35,1.28,0.71,0.64,4.05,3.28,2.5,6.9,4.36,4.32,3.68,4.73,6,5,3,6,42,58,0.23,0.16,0.72,0.28,4.48,4.98,3.27,1.86,4.92,3.96,3.66,2.41,3.02,2.91,2.94,2.11,4.53,1.3,2.73,1484,1442,0,1,3.57,0
0.77,0.06,0.89,3.0,0.82,2.71,2.94,1.11,6.9,5.2,4.33,4.79,4.55,2.66,2,4,4,3,37,61,0.67,0.19,0.97,0.03,5.65,2.83,1.15,3.58,2.85,1.46,2.74,4.71,1.58,2.23,2.59,2.75,2.95,2.84,3.75,1846,1944,0,5,0.78,2
0.82,0.37,3.48,1.8,2.0,1.99,2.62,3.82,4.5,5.5,3.6,2.49,2.87,4.69,3,7,3,0,48,54,0.68,0.69,0.98,0.02,5.12,4.01,1.24,4.51,4.63,2.5,4.41,1.48,2.45,1.7,1.49,2.34,1.17,2.45,3.24,1996,1662,0,2,4.43,2
0.34,0.4,3.46,0.42,3.24,0.94,0.96,4.18,3.0,2.0,3.71,4.04,4.23,3.31,5,2,4,5,63,38,0.61,0.23,0.05,0.95,5.25,3.56,3.63,1.79,4.28,1.78,1.33,1.83,4.77,1.73,2.12,3.29,2.2,3.64,2.4,1442,1415,0,1,1.26,1
0.71,0.09,1.4,1.42,0.39,1.21,1.35,0.24,1.1,4.0,3.33,2.98,1.86,3.84,6,4,2,6,61,39,0.3,0.34,0.32,0.68,4.13,4.24,4.58,3.82,3.86,1.43,1.65,1.63,2.48,3.54,3.26,4.72,2.5,3.42,2.45,1915,2008,0,5,2.67,1
0.13,0.34,3.53,3.29,1.65,1.6,3.87,2.03,7.6,2.5,3.56,1.56,3.62,2.7,5,2,4,1,51,49,0.31,0.0,0.68,0.32,2.7,1.5,4.65,2.99,1.41,2.28,2.86,1.71,4.86,2.11,5.0,2.28,4.57,2.88,4.12,2024,1840,1,1,2.3,2
0.04,0.66,2.83,2.09,2.46,3.08,0.76,3.13,1.2,7.1,4.29,1.96,1.8,2.73,6,6,4,2,46,51,0.39,0.58,0.17,0.83,3.33,1.54,3.89,1.38,4.61,4.99,2.15,4.69,4.84,1.47,2.03,2.43,3.4,3.17,4.2,2054,1591,1,1,2.18,0
0.77,0.44,1.3,3.0,1.2,1.92,0.83,4.45,3.5,2.1,3.07,1.8,1.46,4.53,6,5,1,4,46,52,0.09,0.26,0.2,0.8,5.87,1.79,4.08,1.07,4.29,2.66,4.28,4.88,2.63,1.22,2.31,3.2,1.24,3.93,3.86,1592,1731,1,1,2.91,0
0.82,0.57,3.25,0.61,0.37,1.45,2.48,4.14,3.3,4.9,3.23,3.66,3.02,4.8,6,3,1,0,35,63,0.12,0.42,0.26,0.74,4.63,4.52,3.67,2.26,2.62,3.6,2.83,1.15,2.46,4.72,3.54,3.1,4.44,2.53,1.23,1528,1470,0,4,1.0,2
0.92,0.99,3.74,2.62,0.89,1.23,2.59,2.12,4.3,1.1,1.68,4.03,2.82,1.52,4,3,3,2,59,42,0.8,0.4,0.77,0.23,3.52,1.49,2.75,1.11,3.64,2.73,2.93,2.15,2.65,1.47,1.05,1.67,2.9,1.61,4.39,1706,1459,0,5,2.76,0
0.77,0.89,1.17,3.69,1.5,3.07,2.88,3.85,1.2,1.6,3.76,1.51,4.05,2.87,4,6,0,6,51,51,0.96,0.28,0.51,0.49,2.28,3.41,2.48,2.6,4.68,1.88,1.19,3.83,1.81,3.84,1.16,4.46,2.76,1.05,3.32,2013,1691,1,2,2.71,2
0.68,0.4,2.69,2.54,1.86,3.42,1.96,1.56,5.1,6.6,2.5,1.06,3.59,2.43,7,3,0,3,62,36,0.59,0.78,0.76,0.24,2.33,3.52,3.27,2.25,1.1,1.16,3.65,4.39,2.27,4.52,1.61,3.07,4.29,2.67,2.55,1784,1485,0,1,1.27,2
0.14,0.41,0.94,3.69,2.28,0.61,4.38,2.43,2.5,3.8,2.48,4.82,4.93,1.62,3,2,2,4,37,60,0.99,0.68,0.85,0.15,4.72,2.6,3.3,3.7,3.6,4.48,2.29,3.81,3.92,1.56,1.8,4.26,2.28,4.39,1.15,1410,2037,1,4,4.64,0
0.34,0.09,3.03,2.84,2.69,2.79,2.15,1.73,4.0,4.2,3.46,3.6,4.75,2.99,6,5,5,5,59,40,0.9,0.94,0.23,0.77,3.31,3.65,3.21,3.56,4.02,1.07,1.27,4.87,2.46,1.76,1.85,2.07,1.91,3.92,4.54,1612,1563,0,2,2.09,2
0.95,0.77,2.64,1.83,2.64,1.59,1.6,1.61,7.0,3.6,3.47,3.39,4.4,3.04,4,7,4,1,44,56,0.69,0.96,0.53,0.47,5.05,1.79,2.35,3.97,2.39,3.19,2.53,3.68,3.51,1.6,2.79,2.84,2.92,4.1,2.27,2060,1499,1,1,3.72,2
0.87,0.05,1.18,3.52,1.52,0.21,2.66,4.37,4.1,5.9,1.64,1.98,2.38,2.7,5,7,6,6,42,59,0.02,0.12,0.99,0.01,3.16,1.87,3.16,2.09,2.22,4.23,4.15,1.23,3.83,1.82,2.29,1.92,1.66,2.21,2.99,1869,1580,0,5,2.44,0
0.49,0.8,2.35,0.37,1.71,1.33,4.11,0.26,3.1,5.8,3.4,2.12,4.92,1.1,2,5,4,5,40,62,0.03,0.67,0.41,0.59,2.61,1.13,2.04,3.64,4.97,3.84,4.11,4.86,3.74,4.68,4.9,4.78,3.38,1.65,4.58,2052,2092,1,1,0.61,2
0.02,0.91,2.49,3.22,2.01,0.86,0.22,0.48,6.5,3.1,2.22,1.52,1.13,3.42,4,6,2,3,57,42,0.85,0.71,0.69,0.31,3.68,3.81,1.56,2.35,1.93,1.19,2.11,1.41,4.53,4.36,2.87,2.25,3.54,1.54,2.19,1578,1868,0,2,4.02,0
0.46,0.41,0.33,1.03,0.89,1.35,0.29,1.34,7.8,5.8,1.61,3.16,2.91,3.48,4,2,6,6,52,50,0.05,0.95,0.64,0.36,5.45,1.58,2.85,3.03,1.12,1.81,1.41,3.25,1.05,2.3,4.55,3.47,3.61,3.42,2.46,1425,1446,1,1,1.66,0
0.47,0.14,2.67,3.07,2.74,3.3,2.98,4.11,5.9,2.1,4.06,3.25,4.28,4.71,5,3,6,3,54,47,0.11,0.51,0.6,0.4,5.3,4.21,4.34,3.03,4.57,4.15,2.35,4.94,1.87,4.57,4.6,2.32,2.89,3.4,1.53,1934,1651,0,5,2.18,0
0.92,0.13,3.41,1.29,2.47,0.25,0.83,1.77,7.3,7.7,4.68,3.84,1.91,4.01,5,5,0,4,52,45,0.54,0.57,0.77,0.23,2.71,2.23,4.31,4.22,2.39,1.33,1.91,1.31,3.45,2.69,3.68,4.2,1.2,4.78,2.44,1624,1645,0,3,0.59,1
0.66,0.6,3.32,2.26,1.06,2.53,3.13,3.02,5.5,2.9,4.23,3.12,3.16,4.05,2,6,0,6,61,40,0.62,0.0,0.48,0.52,5.09,1.99,2.44,1.24,4.45,2.08,4.9,1.72,1.09,3.93,4.85,1.02,2.55,3.92,4.19,1772,1604,0,2,1.91,1
0.95,0.02,3.52,3.2,3.48,0.93,0.25,3.83,2.1,5.0,1.62,2.54,4.58,2.59,3,3,0,3,41,57,0.88,0.05,0.53,0.47,4.41,1.7,3.83,2.09,4.13,2.34,1.34,2.43,3.8,4.92,3.59,2.98,3.33,3.56,4.33,1942,1881,0,2,4.62,0
0.53,0.87,1.8,0.95,1.03,3.16,1.53,4.16,4.6,6.7,4.31,2.81,1.28,3.19,5,7,6,2,41,60,0.87,0.9,0.64,0.36,3.42,4.16,3.22,3.81,4.13,4.75,2.81,3.3,3.52,4.3,1.49,1.47,2.21,3.77,4.56,2048,2007,0,4,4.76,2
0.31,0.88,2.47,2.24,0.92,0.5,2.67,0.97,6.3,5.6,1.86,3.78,1.9,2.18,6,6,0,6,36,65,0.87,0.89,0.21,0.79,4.27,2.09,4.83,3.78,4.87,4.54,2.86,4.54,2.89,4.89,2.59,1.24,3.82,4.11,4.18,1815,1545,1,2,3.5,0
0.72,0.92,1.58,2.1,3.38,2.0,0.37,3.64,6.9,6.6,2.15,1.83,3.88,4.58,7,2,6,6,48,53,0.96,0.77,0.61,0.39,4.94,2.89,1.03,4.16,4.37,2.9,4.67,2.72,4.76,4.32,1.65,1.74,2.04,3.76,1.14,2063,1502,0,2,4.85,1
0.63,0.79,1.55,3.73,0.93,1.67,2.34,1.39,6.6,2.3,3.35,3.52,4.84,4.77,3,3,2,5,56,42,0.78,0.97,0.17,0.83,5.63,3.33,3.47,4.64,2.14,1.36,1.37,1.21,4.8,4.84,4.59,4.44,1.93,3.35,3.29,1741,1544,0,4,4.72,1
0.07,0.34,0.49,1.2,0.84,0.75,0.64,1.94,3.7,4.0,4.85,3.9,4.12,4.71,5,3,1,5,50,50,0.41,0.31,0.23,0.77,5.59,2.28,2.96,4.29,3.35,2.46,2.86,4.79,4.9,4.22,4.91,2.83,3.83,1.95,2.67,1639,1913,0,2,2.53,1
0.74,0.45,1.61,2.74,2.5,1.49,2.64,3.88,6.8,7.0,3.34,1.13,1.42,2.0,7,2,2,1,47,54,0.14,0.82,0.73,0.27,5.7,1.15,3.27,1.84,3.67,2.88,4.21,3.34,3.84,3.34,4.44,2.89,4.14,4.5,3.57,1773,1942,0,1,4.66,0
0.9,0.47,0.3,1.97,3.24,1.33,3.11,1.76,3.7,1.9,2.38,3.31,3.81,4.87,7,4,3,5,58,43,0.05,0.14,0.23,0.77,5.21,2.43,4.3,2.91,2.07,4.06,4.03,1.48,3.55,4.4,1.96,2.0,2.66,4.62,4.58,1865,1943,1,5,2.02,0
0.06,0.65,2.72,0.49,1.22,0.94,0.77,1.18,6.4,2.3,2.29,4.36,4.97,1.33,4,4,5,3,37,63,0.75,0.5,0.12,0.88,3.91,4.49,4.21,4.05,1.9,3.92,4.78,4.81,1.51,1.18,2.36,4.24,3.98,4.58,3.67,1966,1610,0,2,4.03,2
0.01,0.15,3.52,1.19,3.09,3.29,0.63,1.0,5.0,2.3,4.21,4.71,2.57,3.22,3,5,4,3,58,45,0.27,0.07,0.81,0.19,5.11,1.15,3.61,3.69,1.66,4.02,3.44,1.89,2.9,2.97,2.96,4.1,2.58,4.47,3.79,1471,2096,1,2,1.44,2
0.21,0.83,3.12,3.52,0.37,2.35,3.14,1.2,7.4,2.4,3.84,1.86,4.44,3.06,6,2,5,1,53,48,0.62,0.12,0.15,0.85,5.4,1.08,3.38,4.13,4.73,1.79,1.67,2.18,1.32,2.32,4.48,2.66,1.12,4.76,1.68,2002,1722,1,4,2.49,2
0.5,0.92,3.41,0.21,2.74,1.28,0.32,3.92,1.4,1.6,2.72,3.08,2.2,1.4,3,4,3,0,45,52,0.31,0.33,0.23,0.77,4.39,4.72,4.71,3.25,4.54,3.45,4.38,3.77,2.29,1.4,2.45,1.16,1.6,2.69,2.16,2093,2040,0,5,1.95,1
0.35,0.36,3.35,3.54,1.53,2.9,3.44,2.52,4.8,5.7,2.7,3.99,2.49,4.06,7,2,0,3,44,55,0.31,0.91,0.0,1.0,5.73,3.21,3.59,2.08,3.84,3.3,3.7,2.44,1.95,3.35,1.82,4.08,1.86,1.01,2.4,2079,1741,1,2,0.03,0
0.81,0.51,1.38,1.94,2.54,3.14,3.4,1.85,3.6,7.2,4.25,2.96,4.01,1.45,3,7,5,4,45,58,0.13,0.2,0.97,0.03,5.91,4.07,2.15,2.18,3.53,3.93,1.4,4.73,1.52,1.28,1.05,1.22,4.92,2.08,2.24,1940,1808,0,1,4.58,2
0.34,0.37,2.94,2.77,1.43,2.89,2.83,1.5,3.2,1.1,3.14,4.17,2.22,3.22,6,2,6,4,60,43,0.52,0.68,0.65,0.35,2.44,2.92,4.4,1.47,3.36,1.91,3.46,1.44,3.01,1.44,2.72,2.34,3.74,4.79,2.22,1835,1506,0,2,0.99,0
0.82,0.06,2.68,1.6,3.38,2.62,1.46,0.96,4.5,7.5,3.18,3.88,1.42,3.91,2,6,3,4,44,59,0.98,0.49,0.36,0.64,4.04,4.22,3.09,2.47,4.45,2.1,4.76,4.86,1.07,2.88,1.85,3.72,3.94,3.34,1.7,1607,1952,1,1,2.72,0
0.49,0.41,1.26,1.12,3.47,2.31,0.88,3.7,1.2,4.5,3.28,2.26,3.24,1.68,2,6,1,4,63,37,0.52,0.97,0.8,0.2,2.06,2.07,1.97,2.81,3.74,4.52,4.76,1.78,1.86,2.75,4.69,4.83,2.7,1.82,3.42,1419,1598,0,2,0.93,1
0.18,0.93,0.9,0.51,1.87,2.14,3.9,2.97,4.2,2.0,2.72,3.53,1.27,2.26,6,3,5,0,37,63,0.01,0.8,0.46,0.54,2.46,4.84,3.55,2.45,2.0,4.02,3.93,1.76,4.8,3.85,4.29,1.96,1.91,1.5,1.9,2026,1885,1,5,1.49,1
0.19,0.36,2.63,2.59,2.2,1.79,2.4,1.01,3.9,7.2,2.31,2.33,1.42,3.03,5,7,1,5,36,65,0.63,0.5,0.84,0.16,2.75,4.02,2.33,3.68,2.7,3.46,4.25,3.16,1.4,3.37,3.09,1.48,4.47,3.46,3.23,1823,1638,1,1,3.05,1
0.35,0.75,1.56,3.2,1.54,1.93,4.48,4.14,5.4,3.7,1.9,2.03,4.27,4.28,5,3,1,3,47,56,0.77,0.43,0.57,0.43,4.09,1.65,3.59,4.13,2.1,3.03,2.13,1.27,4.7,3.85,2.14,2.84,3.72,2.42,3.21,1701,1830,0,2,0.47,0
0.52,0.67,2.28,1.38,3.4,2.7,2.65,3.78,7.0,4.4,3.52,4.7,4.36,2.08,4,4,4,4,50,48,0.98,0.44,0.41,0.59,5.17,2.34,3.67,2.24,4.26,3.57,2.07,4.7,1.92,2.68,3.46,4.16,3.08,2.67,2.71,1876,2029,0,5,1.16,0
0.1,0.33,2.57,0.3,3.12,1.28,4.01,2.72,6.3,7.6,1.32,4.64,1.07,2.64,7,6,0,1,52,47,0.72,0.42,0.68,0.32,3.27,4.11,1.69,2.64,2.41,3.24,3.55,4.17,4.18,3.48,4.44,3.31,4.95,2.1,2.7,1603,1935,1,3,3.43,0
0.93,0.44,3.46,3.43,2.26,3.22,1.15,3.0,5.5,2.5,1.67,3.07,1.65,1.9,6,6,2,0,45,56,0.24,0.75,0.72,0.28,4.3,3.37,3.25,4.78,2.57,1.51,2.78,1.26,1.9,1.25,3.76,3.44,3.84,1.65,3.51,1605,1471,1,3,4.03,2
0.77,0.88,3.58,0.24,1.3,0.89,2.72,1.89,5.4,6.8,3.56,2.59,2.94,3.01,6,3,1,5,59,41,0.74,0.79,0.6,0.4,2.79,1.58,2.41,3.05,3.01,2.9,1.03,4.38,4.94,1.8,4.98,4.73,4.45,4.12,1.99,1741,1807,1,2,2.56,2
0.59,0.78,3.29,1.1,1.13,1.44,2.36,1.79,5.3,3.7,1.13,1.11,3.26,1.63,4,5,1,3,39,63,0.27,0.15,0.99,0.01,5.16,3.17,2.11,1.15,1.06,4.59,4.27,4.33,3.54,1.7,4.56,2.52,1.39,4.27,4.05,1574,2034,0,1,1.4,2
0.42,0.68,0.87,3.52,3.16,1.25,1.93,3.51,6.8,5.1,2.56,1.28,3.61,1.51,2,4,4,1,52,46,0.44,0.09,0.57,0.43,4.41,1.17,3.97,2.9,1.29,3.07,2.75,3.28,2.35,2.23,1.33,1.56,2.62,4.11,2.69,1512,2045,1,2,2.69,0
0.68,0.25,0.31,1.87,3.23,0.89,1.57,2.38,5.1,7.2,2.97,3.65,4.53,1.01,2,5,6,0,62,35,0.07,0.38,0.28,0.72,3.95,4.02,1.86,2.29,2.63,4.72,1.12,1.6,3.26,2.78,3.92,4.42,4.54,4.43,1.4,1535,1776,1,5,2.97,1
0.44,0.75,2.43,0.41,1.73,0.46,2.54,3.86,6.2,6.2,3.84,2.97,2.61,3.01,6,5,5,2,50,49,0.22,0.74,0.86,0.14,3.07,4.23,1.99,2.27,4.65,4.54,3.52,3.31,3.99,3.8,3.66,4.77,4.54,4.56,1.01,1468,1496,1,5,3.8,1
0.29,0.13,2.99,2.22,0.59,1.13,1.96,4.33,6.3,6.8,3.19,1.2,1.37,3.05,2,4,4,4,41,61,0.18,0.3,0.76,0.24,5.46,4.21,2.53,3.21,3.19,3.06,3.54,3.41,3.93,3.49,2.01,3.06,1.73,2.76,1.41,2060,1806,0,1,3.26,2
0.54,0.85,3.7,3.24,0.57,1.47,0.7,0.47,2.7,7.4,1.1,2.85,4.05,4.74,5,6,1,1,55,46,0.71,0.01,0.46,0.54,4.94,2.55,1.35,3.11,1.69,3.73,2.57,1.07,1.69,1.94,2.8,1.04,3.41,2.01,1.83,2037,1638,1,5,4.1,2
0.16,0.8,1.01,3.66,2.01,0.37,1.11,1.78,5.5,7.2,3.13,3.61,3.42,3.63,7,6,2,1,47,54,0.23,0.59,0.49,0.51,4.63,4.22,3.07,3.95,2.88,2.32,1.14,4.2,4.63,4.91,2.57,2.78,2.8,2.35,1.7,1986,1969,0,4,2.96,0
0.6,0.1,1.05,1.12,1.04,1.1,0.56,1.31,4.1,4.2,3.96,1.16,4.71,3.5,6,3,1,5,42,59,0.26,0.38,0.85,0.15,4.82,2.81,4.87,1.14,4.07,4.4,4.56,3.9,2.77,3.17,4.99,4.87,1.06,1.98,2.07,1958,1849,0,5,1.03,1
0.07,0.75,1.5,2.52,3.5,1.6,2.03,2.61,5.3,4.8,3.18,2.15,3.02,3.32,5,2,1,3,58,43,0.33,0.66,0.81,0.19,2.92,2.92,3.24,4.69,3.27,2.25,4.54,2.97,3.16,2.42,3.73,4.85,1.99,2.9,3.87,1900,1869,0,1,1.58,0
0.82,0.21,0.22,0.81,2.94,0.5,2.74,0.5,6.0,2.1,4.2,3.4,3.63,2.48,3,3,5,2,55,44,0.02,0.07,0.34,0.66,3.1,3.05,1.13,2.01,1.23,3.72,2.81,3.24,2.91,4.32,4.13,1.39,2.24,1.99,4.15,1900,1407,0,5,1.4,2
0.44,0.33,2.65,2.29,1.15,2.41,4.28,0.64,2.9,3.3,4.71,4.03,4.25,3.25,6,7,3,1,65,33,0.6,0.52,0.18,0.82,2.54,4.56,4.56,1.12,2.22,3.2,2.6,3.84,1.41,4.5,4.36,3.16,2.9,3.68,1.33,1777,1450,1,2,4.35,2
0.87,0.34,1.46,0.57,1.02,0.61,3.36,1.83,1.7,4.4,3.7,1.22,2.77,3.24,4,7,1,1,57,43,0.1,0.6,0.13,0.87,3.71,4.99,3.43,4.01,3.45,2.74,4.69,1.46,3.46,1.07,1.15,4.81,2.53,2.91,1.37,1835,1597,1,5,3.52,2
0.36,0.54,0.56,2.05,0.89,0.8,1.3,0.86,3.9,4.4,2.04,1.98,1.07,4.88,2,5,1,0,63,38,0.69,0.59,0.11,0.89,4.49,1.62,2.16,1.26,3.18,4.93,2.23,2.71,1.04,2.47,2.52,4.08,1.9,1.79,4.49,1882,1781,0,3,1.62,0
0.24,0.61,2.25,2.86,2.24,1.4,2.48,4.42,2.0,7.3,1.4,3.01,4.81,4.61,5,3,3,1,63,36,0.07,0.85,0.18,0.82,2.91,3.88,2.32,3.06,1.7,1.32,1.66,3.73,4.17,2.81,3.11,3.13,1.74,2.38,3.22,1782,2071,0,5,1.96,0
0.34,0.27,2.45,1.03,1.66,2.2,1.11,0.21,2.1,5.9,2.72,3.91,2.25,3.03,2,4,2,6,60,42,0.42,0.45,0.94,0.06,3.34,4.26,2.08,3.73,4.56,3.63,3.0,2.91,1.17,4.62,4.85,3.09,4.57,3.26,3.25,1597,1890,1,3,3.64,2
0.16,0.4,2.28,2.46,0.91,2.34,1.6,3.39,4.7,6.1,4.35,1.76,2.87,1.41,4,5,6,0,35,62,0.93,0.49,0.45,0.55,2.13,4.61,3.55,1.86,3.56,4.91,1.16,3.53,4.81,3.44,1.87,2.91,2.13,1.48,3.79,1911,2096,0,4,4.35,2
0.7,0.75,1.14,1.33,0.41,1.17,1.11,3.48,2.7,1.8,2.1,4.56,3.45,2.52,3,6,5,5,46,54,0.44,0.61,0.71,0.29,4.1,3.84,3.12,4.78,1.18,3.84,3.05,4.5,1.26,3.63,4.72,4.38,1.96,4.18,4.25,1524,1834,1,4,4.71,2
0.46,0.4,2.11,3.56,0.81,3.1,0.93,3.67,3.7,4.3,4.92,3.4,4.07,1.86,3,7,0,1,57,42,0.97,1.0,0.31,0.69,5.5,2.55,1.27,2.45,3.45,2.46,1.68,2.37,4.82,1.42,4.04,2.14,3.02,3.75,1.91,1957,1902,1,5,3.6,2
0.92,0.86,0.67,3.3,3.26,2.94,0.71,3.47,3.3,7.1,4.54,1.21,3.65,4.36,2,7,6,3,50,49,0.25,0.53,0.62,0.38,4.91,1.5,1.68,4.51,1.44,1.7,4.78,3.76,1.06,1.07,3.58,3.95,3.63,4.42,4.09,1760,2059,0,4,4.81,2
0.14,0.06,3.72,0.65,0.5,1.2,0.53,0.84,2.7,1.7,1.61,1.86,2.29,2.8,2,5,3,2,64,36,0.9,0.98,0.32,0.68,3.17,1.78,2.69,1.94,4.6,4.4,3.84,2.35,1.25,3.76,4.84,4.86,1.52,1.13,1.01,1564,1825,0,4,4.43,1
0.28,0.85,2.62,3.4,0.21,3.14,2.25,3.21,2.3,4.5,2.58,4.49,2.37,3.95,2,4,1,2,59,40,0.27,0.69,0.87,0.13,5.1,3.98,2.78,4.47,1.49,2.25,4.03,2.57,3.48,3.99,2.38,4.33,1.04,1.58,1.14,2029,1734,1,1,3.25,2
0.11,0.27,0.56,2.23,3.43,2.94,3.14,4.02,6.1,6.6,1.44,3.83,2.28,1.1,5,5,1,5,53,50,0.32,0.95,0.25,0.75,5.64,1.7,3.42,1.47,1.09,1.79,4.64,2.6,2.13,2.86,4.14,4.35,1.24,1.5,4.03,2061,1673,0,4,4.1,0
0.63,0.11,3.54,0.42,3.49,0.32,1.3,2.0,1.3,2.9,3.32,2.6,3.94,3.47,6,2,3,4,52,49,0.25,0.35,0.52,0.48,4.53,4.66,2.26,2.22,3.24,2.91,3.95,2.77,2.78,2.06,4.47,1.93,1.6,3.93,3.76,1949,2048,1,4,0.33,2
0.1,0.4,3.03,2.37,0.37,2.14,1.29,1.58,4.3,7.5,2.76,1.28,3.62,3.26,4,6,0,0,64,37,0.49,0.71,0.02,0.98,4.85,3.41,2.99,1.58,3.24,3.3,1.49,2.72,4.47,3.09,3.91,1.88,4.12,4.34,3.64,1670,2020,0,2,1.52,2
0.53,0.14,2.55,3.75,2.09,0.74,0.77,0.83,5.7,5.8,1.62,2.46,3.89,3.16,5,2,4,0,42,61,0.32,0.74,0.81,0.19,3.22,3.77,4.93,3.12,4.73,4.08,4.95,1.06,4.43,2.02,3.69,4.96,2.36,1.11,3.54,1506,1734,1,1,4.57,0
0.62,0.25,2.72,3.33,1.06,1.19,0.56,2.46,5.0,5.9,4.22,3.31,2.03,2.3,7,3,2,1,38,60,0.61,0.69,0.08,0.92,2.63,1.64,4.49,4.1,3.41,2.05,4.05,2.97,4.85,3.74,3.08,4.27,3.24,1.11,1.12,1906,1798,0,1,0.95,0
0.88,0.84,2.35,3.51,3.11,0.36,1.42,1.97,4.7,5.8,4.98,2.78,4.49,2.46,6,3,2,0,39,62,0.92,0.96,0.73,0.27,3.76,1.3,1.46,3.07,4.43,2.46,4.26,2.67,2.21,4.85,1.89,3.81,4.34,1.33,3.8,2022,1634,0,4,3.13,0
0.42,0.09,1.75,0.62,1.5,2.56,1.55,2.04,1.0,5.2,4.36,4.4,1.72,2.36,3,3,6,6,59,44,0.46,0.29,0.68,0.32,3.64,1.39,2.48,1.24,4.83,2.23,1.72,1.43,2.93,1.55,3.36,4.74,2.85,3.2,4.09,1507,2087,0,3,4.52,0
0.48,0.92,1.93,2.83,2.02,0.54,3.0,0.7,5.2,3.0,4.48,1.7,4.69,1.19,2,7,0,0,62,36,0.23,0.45,0.29,0.71,5.85,3.2,4.31,2.74,1.03,1.07,4.33,2.45,2.13,4.97,2.27,4.7,3.73,2.81,1.5,1828,1870,0,3,3.48,2
0.56,0.03,3.03,2.2,3.03,2.4,2.23,1.06,6.2,5.2,4.3,2.53,1.57,4.65,5,6,4,0,52,46,0.59,0.87,0.28,0.72,3.42,4.69,2.03,1.08,1.95,1.0,1.43,4.92,3.56,1.59,2.79,3.08,1.32,4.24,3.4,2025,1832,0,5,2.43,1
0.92,0.68,0.75,2.09,1.41,0.93,2.41,2.68,3.2,1.5,1.43,3.39,4.42,2.47,4,2,2,5,47,55,0.15,0.74,0.76,0.24,2.22,4.5,1.72,2.25,3.05,2.21,3.69,4.8,4.71,4.13,2.72,4.61,2.87,3.26,4.32,1927,1553,1,1,2.24,1
0.06,0.68,3.1,1.14,2.96,0.27,1.83,3.2,2.3,2.5,2.5,2.96,3.97,2.83,6,2,1,1,53,45,0.76,0.43,0.91,0.09,2.76,1.32,4.11,1.21,2.78,4.41,1.74,3.36,4.64,1.64,3.0,4.68,3.92,1.86,2.47,1506,1581,0,3,4.7,0
0.54,0.8,2.37,3.59,2.27,3.03,4.43,0.58,5.9,1.5,2.52,4.39,2.44,3.57,7,2,3,1,42,61,0.55,0.76,0.8,0.2,5.68,1.25,4.08,1.37,4.14,4.87,2.41,2.64,4.04,3.09,2.34,1.56,2.15,4.75,1.57,1459,2069,1,4,1.03,0
0.53,0.43,3.66,1.29,2.21,1.63,2.18,2.35,6.6,8.0,3.8,1.29,4.57,1.23,6,2,0,0,59,44,0.18,0.77,0.11,0.89,2.09,2.18,1.75,2.63,2.8,2.56,4.01,3.9,3.94,3.45,1.37,2.18,2.39,4.9,2.58,1960,1944,1,4,0.73,2
0.51,0.85,1.82,1.71,2.53,3.25,0.92,1.64,4.0,1.6,2.4,4.79,4.83,4.82,2,3,1,2,56,42,0.71,0.07,0.06,0.94,3.6,1.57,2.47,3.24,3.46,1.96,2.89,3.28,4.75,4.65,1.74,3.9,1.19,4.32,1.0,1830,1606,1,4,1.4,0
0.73,0.35,3.52,3.64,1.46,1.86,2.38,0.85,5.7,6.6,3.76,4.39,1.19,4.53,5,6,0,6,61,42,0.89,0.71,0.15,0.85,3.17,3.92,3.9,4.86,4.99,3.28,4.31,3.15,4.0,4.15,4.19,4.54,2.45,2.2,2.29,1887,1839,0,2,0.46,0
0.56,0.12,1.7,1.0,0.73,3.4,2.16,3.08,1.8,2.5,1.48,4.9,4.71,3.22,7,5,1,3,64,33,0.7,0.44,0.0,1.0,5.2,3.29,4.57,1.07,3.39,3.6,3.63,1.5,3.18,3.54,2.99,3.92,1.5,2.44,1.5,1783,1982,0,5,2.92,0
0.01,0.06,3.67,3.27,0.98,3.46,3.22,3.12,6.8,4.3,1.94,1.1,3.77,1.63,3,7,1,3,41,56,0.76,0.49,0.77,0.23,2.09,1.18,3.05,2.03,1.88,1.05,4.41,4.51,3.7,2.3,1.98,3.62,3.2,4.24,1.39,1673,1546,0,3,3.01,2
0.13,0.88,2.23,2.48,1.07,3.34,1.91,3.98,6.6,6.4,2.17,3.35,3.82,2.82,6,4,5,4,48,55,0.45,0.25,0.48,0.52,3.06,3.36,3.54,4.15,1.14,2.71,4.6,3.34,1.59,4.09,2.51,3.9,4.08,1.23,2.04,1842,1705,0,2,4.43,2
0.79,0.98,2.58,3.52,1.25,2.32,0.84,4.0,2.5,3.6,4.29,1.8,4.68,3.27,6,6,4,2,52,47,0.26,0.71,0.5,0.5,5.46,1.72,2.36,1.62,1.38,3.59,4.64,4.01,4.65,3.54,2.04,1.0,4.3,2.52,4.65,1682,1421,1,3,4.11,2
0.12,0.41,3.24,1.32,2.42,3.01,1.68,2.54,5.5,1.2,2.24,3.58,3.5,4.61,6,3,6,1,52,47,0.42,0.89,0.08,0.92,3.35,4.85,1.68,4.86,1.57,3.43,1.72,1.88,2.33,1.08,1.02,2.94,2.12,2.33,2.68,1776,1720,1,2,3.42,2
0.75,0.25,0.27,0.5,2.56,1.66,0.5,2.52,3.3,5.1,3.52,2.32,3.01,3.21,6,4,6,6,41,59,0.55,0.06,0.88,0.12,2.36,1.74,2.35,2.53,3.61,1.6,2.22,4.36,3.52,2.84,3.37,3.99,2.58,4.66,2.43,1998,1523,0,3,3.74,1
0.3,0.96,2.25,3.14,0.98,1.27,3.02,4.14,4.5,4.5,3.3,2.2,4.87,2.11,5,6,6,5,41,59,0.97,0.73,0.37,0.63,2.89,2.25,1.1,3.63,2.78,2.19,1.07,2.08,1.31,4.41,4.14,2.3,4.74,4.44,3.08,1827,1500,0,1,1.21,2
0.22,0.85,1.56,2.13,0.2,0.74,0.51,2.4,2.8,4.9,4.72,4.65,4.89,3.91,3,2,1,2,55,48,0.72,0.55,0.07,0.93,4.11,1.81,2.74,2.65,2.31,1.54,2.12,4.84,4.06,1.6,2.68,3.55,1.47,2.64,2.18,1579,1662,0,5,3.78,1
0.09,0.63,2.97,3.11,1.69,0.43,0.85,3.84,1.7,2.0,1.61,2.59,1.92,3.89,3,7,4,4,44,59,0.08,0.93,0.84,0.16,4.01,3.93,3.7,3.68,3.88,2.79,4.56,4.8,1.43,1.98,1.19,4.63,3.52,1.77,3.66,1784,1500,1,1,0.23,0
0.11,0.42,2.41,0.62,2.74,0.97,4.29,0.87,7.1,1.6,2.35,1.36,1.68,1.89,4,7,4,1,36,67,0.48,0.47,0.76,0.24,3.68,2.51,2.99,4.85,4.29,4.73,3.8,1.88,3.11,4.49,1.62,3.26,4.99,1.27,4.11,1771,1524,1,2,0.67,1
0.22,0.59,1.84,1.06,0.97,2.75,4.3,3.46,7.5,1.9,2.39,4.6,1.12,1.28,7,3,0,5,58,40,0.55,0.24,0.75,0.25,2.93,1.06,1.92,2.98,1.17,2.17,3.21,4.9,2.28,2.16,2.45,1.46,3.51,3.52,1.52,1667,1957,0,1,2.69,2
0.21,0.68,1.54,0.89,0.82,2.38,0.36,1.04,2.4,3.4,2.46,4.89,3.71,3.47,4,4,6,1,49,53,0.91,0.25,0.42,0.58,5.85,2.24,1.88,2.04,2.51,3.66,3.97,1.71,3.38,1.72,3.71,1.68,4.46,1.69,3.53,1679,1990,1,5,0.17,1
0.85,0.68,3.63,3.27,3.15,2.84,0.24,3.98,6.9,3.7,3.72,4.2,3.47,2.92,5,2,2,2,60,38,0.3,0.28,0.49,0.51,2.15,4.36,3.48,3.69,2.18,3.98,3.56,4.95,1.13,3.71,3.8,1.54,2.56,3.38,3.86,1429,1993,1,1,2.44,2
0.91,0.42,2.34,1.86,1.67,1.8,2.84,3.19,2.9,6.6,3.78,2.96,3.42,1.52,7,4,3,0,48,49,0.08,0.44,0.49,0.51,3.63,4.82,4.43,2.97,2.23,4.92,2.88,3.55,3.06,1.55,3.03,2.74,2.25,2.88,2.07,2067,1673,0,4,4.53,2
0.1,0.28,3.78,3.71,1.53,1.27,2.26,3.53,7.8,2.7,1.75,4.64,2.16,3.14,2,4,5,0,65,34,0.07,0.47,0.59,0.41,4.98,4.81,3.48,1.6,4.4,3.46,2.43,4.35,2.25,4.66,3.48,3.63,1.64,3.44,3.48,1484,1705,0,1,4.07,0
0.32,0.77,3.66,2.88,2.88,0.95,4.02,1.84,4.0,7.2,3.84,3.12,1.17,3.09,6,4,3,0,50,51,0.9,0.1,0.08,0.92,3.41,2.41,2.5,1.9,3.07,3.84,2.64,4.23,2.27,2.42,3.6,1.54,3.28,4.61,3.44,1967,1604,0,3,1.44,0
0.51,0.89,0.37,3.64,0.26,2.59,1.67,2.38,6.4,7.2,4.52,1.22,1.64,2.23,5,5,4,3,64,39,0.33,0.89,0.09,0.91,4.43,2.91,1.64,2.52,3.47,3.01,3.14,2.16,2.08,1.81,4.94,2.17,1.29,1.52,2.12,1842,1634,1,5,4.15,2
0.86,0.94,3.02,1.85,1.81,3.13,1.38,3.63,6.0,2.9,1.65,3.61,3.19,2.87,7,5,6,3,60,37,0.62,0.99,0.61,0.39,3.59,1.87,2.8,2.84,3.2,4.82,2.75,4.41,1.99,1.52,2.44,3.75,2.05,2.72,1.47,1412,1788,1,1,0.96,1
0.68,0.77,2.43,0.63,2.57,2.86,0.72,0.8,7.0,1.8,1.48,2.51,3.14,2.87,4,7,1,2,61,36,0.73,0.85,0.92,0.08,2.62,3.09,4.96,3.54,4.98,3.28,3.55,2.16,1.44,1.57,3.47,1.31,1.21,4.64,3.93,1612,1506,1,3,1.28,0
0.57,0.44,3.12,0.54,1.56,1.31,3.56,2.08,6.8,7.4,3.09,1.68,4.82,3.72,4,4,0,6,45,55,0.51,0.88,0.29,0.71,2.33,2.0,4.96,3.04,1.55,2.43,4.59,2.66,4.15,1.83,4.09,1.16,2.93,1.84,1.58,1673,1773,0,3,1.34,2
0.17,0.54,0.94,3.12,2.4,2.43,3.96,3.31,7.4,7.3,3.84,2.83,2.29,1.19,6,2,3,2,64,38,0.38,0.98,0.19,0.81,2.55,3.29,4.97,2.68,2.47,1.78,1.39,3.93,4.89,3.52,1.79,4.04,2.67,4.21,4.76,1428,1548,1,4,2.98,0
0.76,0.8,1.29,2.76,2.61,1.18,0.67,1.11,4.3,5.7,2.92,2.49,2.34,4.74,5,3,1,1,40,62,0.13,0.69,0.63,0.37,2.12,2.12,3.38,1.25,4.72,3.91,2.62,1.58,3.33,2.79,3.9,3.61,2.64,2.76,3.75,1892,1941,0,4,4.06,0
0.69,0.58,2.37,3.32,2.24,1.19,2.88,0.43,3.1,5.2,4.31,1.47,4.8,2.44,6,5,2,3,54,44,0.66,0.3,0.02,0.98,5.35,1.87,3.03,3.02,2.29,4.04,1.93,2.74,2.02,4.02,2.84,4.67,2.68,3.8,4.63,2048,1839,0,2,1.69,2
0.77,0.6,1.91,2.38,1.97,3.21,1.66,0.33,7.7,5.9,2.77,1.43,4.61,2.87,6,6,5,0,62,35,0.16,0.82,0.78,0.22,5.85,4.5,1.78,3.37,3.88,3.81,2.76,2.99,3.84,1.82,1.07,4.86,1.53,3.02,1.12,2020,1807,0,3,0.64,2
0.86,0.66,0.46,3.27,3.03,3.37,1.24,2.26,1.4,1.2,1.7,3.95,1.03,4.74,3,3,3,0,56,47,0.97,0.62,0.59,0.41,4.07,1.84,1.85,3.74,2.84,1.68,4.33,3.64,4.81,3.02,3.66,3.65,2.48,4.35,1.27,1834,1911,0,5,4.8,0
0.31,0.37,1.6,1.73,1.37,0.83,1.94,1.43,3.1,5.6,4.57,3.19,2.04,2.34,6,3,3,1,48,53,0.9,0.09,0.72,0.28,4.04,2.81,2.83,1.38,4.67,4.51,2.77,3.69,4.0,4.37,4.6,2.56,2.62,4.88,2.46,1963,1880,1,3,0.35,0
0.4,0.5,3.18,3.02,1.74,0.58,1.85,0.71,2.6,2.1,1.21,3.64,3.42,3.86,4,3,6,1,41,60,0.92,0.34,0.08,0.92,4.71,1.67,2.61,3.22,1.83,4.39,3.5,1.26,2.54,4.2,2.18,3.88,4.75,3.16,4.06,1415,1952,1,4,2.39,0
0.22,0.98,1.1,0.81,0.2,0.95,0.63,0.36,3.5,5.2,4.27,4.95,2.57,4.22,3,2,2,5,38,60,0.07,0.47,0.64,0.36,5.18,3.35,1.97,2.67,2.6,2.75,4.45,1.18,4.65,4.45,3.0,1.87,2.87,4.13,4.57,1716,1428,1,5,2.16,0
0.58,0.49,0.76,3.66,2.12,0.6,0.47,0.98,1.4,1.3,1.25,3.68,1.71,2.07,2,7,5,1,48,54,0.4,0.16,0.32,0.68,3.61,1.81,4.36,3.17,1.76,2.59,3.49,1.91,2.67,1.21,4.37,4.46,2.52,1.9,3.4,2048,1490,1,5,0.95,0
0.05,0.31,2.93,0.21,2.95,3.07,1.44,3.15,5.2,5.6,4.8,3.67,3.67,2.56,4,2,6,6,55,45,0.75,0.51,0.53,0.47,4.72,3.77,2.09,2.36,3.41,3.57,3.22,1.23,1.99,2.3,3.7,3.82,3.55,3.73,1.15,2014,1837,0,2,2.14,2
0.49,0.25,1.34,0.53,1.39,0.38,0.52,4.31,3.5,6.7,4.09,3.92,1.83,2.8,2,2,5,1,45,55,0.67,0.85,0.08,0.92,2.86,2.72,1.31,4.07,2.92,3.58,2.55,3.5,4.89,1.59,4.44,1.73,4.45,4.98,4.31,1519,1763,0,4,3.73,2
0.65,0.67,1.99,2.13,3.41,1.41,3.22,2.7,7.5,6.1,3.62,4.59,1.69,2.64,4,6,5,5,38,61,0.46,0.99,0.67,0.33,3.95,1.62,1.73,2.77,4.03,3.41,1.69,3.48,1.83,4.74,4.96,4.08,3.68,1.29,4.57,1874,1873,1,1,0.52,0
0.38,0.77,2.94,1.5,3.19,0.52,2.7,0.28,7.3,5.2,3.34,2.45,3.3,2.71,4,3,2,6,62,36,0.24,0.18,0.04,0.96,4.16,3.94,1.48,4.28,1.13,2.19,4.36,2.98,4.3,3.18,4.56,2.13,4.46,3.14,2.74,1674,1877,1,4,0.45,2
0.61,0.68,2.34,3.29,1.92,3.24,2.58,2.43,2.0,3.6,2.8,3.61,3.11,4.26,7,2,2,3,47,56,0.26,0.9,0.26,0.74,3.77,3.22,1.26,1.32,4.73,3.11,2.01,4.85,2.51,2.5,3.77,3.18,1.96,4.35,2.6,1475,2086,0,1,0.07,0
0.78,0.19,2.54,2.86,1.94,2.42,0.7,1.0,6.3,7.8,3.23,1.1,3.6,4.26,2,3,5,5,65,36,0.57,0.67,0.04,0.96,2.23,2.72,3.17,2.1,2.46,3.45,3.36,2.47,2.6,3.54,4.0,3.98,4.95,2.56,1.25,1628,1667,0,3,2.83,2
0.49,0.34,0.95,2.67,1.37,1.32,0.55,1.72,1.9,1.2,5.0,2.98,3.32,2.97,4,4,2,5,64,34,0.73,0.34,0.45,0.55,4.51,2.7,3.03,1.51,3.52,2.86,1.22,4.69,3.77,1.89,3.35,3.55,1.83,4.74,1.42,1669,2041,1,5,0.33,0
0.83,0.43,3.79,0.89,2.35,1.95,3.53,2.82,4.5,6.5,1.63,4.44,4.45,1.21,2,6,6,6,41,62,0.48,0.42,0.63,0.37,4.03,3.96,2.34,3.15,1.26,2.12,4.1,1.1,1.41,2.56,4.14,1.88,2.0,2.76,3.55,2021,1850,0,5,4.19,2
0.98,0.11,2.72,1.99,1.73,1.44,3.67,4.35,2.0,1.5,1.49,1.76,3.62,2.55,4,7,1,6,59,44,0.78,0.1,0.59,0.41,3.8,3.21,2.3,2.33,1.85,1.36,1.58,1.58,4.6,1.22,3.07,2.85,1.65,4.48,1.68,1874,1877,0,3,3.47,2
0.41,0.15,3.25,1.52,1.56,0.61,1.68,3.71,4.2,7.8,1.81,4.16,1.8,2.57,4,6,5,3,58,45,0.46,0.8,0.26,0.74,3.22,2.97,3.32,1.01,4.59,2.16,2.52,4.12,4.52,2.65,3.97,3.91,2.0,4.01,2.31,1895,1584,0,4,2.34,0
0.95,0.29,1.61,2.87,1.11,2.05,1.86,2.67,6.4,1.7,1.62,2.74,1.13,3.33,2,4,4,5,35,63,0.75,0.85,0.6,0.4,3.05,3.08,1.58,4.53,4.05,4.98,4.83,2.85,4.68,2.63,1.3,4.77,4.32,2.25,2.46,1864,1947,0,4,3.9,0
0.64,0.12,2.97,0.22,1.05,1.34,2.18,2.86,4.4,3.0,4.02,4.75,4.31,2.55,7,5,5,5,59,41,0.04,0.88,0.19,0.81,5.23,3.2,3.22,1.65,2.35,1.83,3.22,2.42,4.46,2.73,1.75,4.57,4.49,4.28,4.06,1807,1739,0,4,1.88,2
0.07,0.62,1.86,3.04,1.25,1.8,1.32,4.21,3.0,2.7,1.92,1.94,3.93,2.38,4,4,5,4,50,50,0.66,0.03,0.7,0.3,2.98,1.25,4.61,1.6,1.86,4.54,1.73,4.41,2.51,1.47,4.24,2.83,3.95,3.09,4.65,2071,1546,1,4,3.53,0
0.39,0.57,2.01,1.39,3.12,3.43,4.4,0.66,2.8,1.2,1.15,3.1,4.54,1.99,2,5,0,5,37,60,0.52,0.61,0.08,0.92,5.34,4.35,1.32,4.22,2.53,4.79,3.59,3.19,3.05,2.82,2.33,1.13,4.76,3.79,4.97,1678,1630,0,2,2.79,2
0.78,0.99,1.8,3.31,2.96,0.44,2.2,1.96,1.2,1.9,1.78,3.29,1.8,3.61,3,3,2,3,65,33,0.37,0.59,0.94,0.06,5.34,1.71,1.69,4.23,4.75,2.74,4.6,4.53,1.84,2.38,2.52,1.47,2.77,1.26,2.85,1957,1808,1,3,0.07,0
0.99,0.43,3.28,0.78,1.74,0.77,4.37,1.18,4.2,5.7,1.43,1.19,3.76,4.17,5,2,1,4,44,57,0.1,0.51,0.28,0.72,3.96,1.7,2.18,3.32,4.83,2.47,1.07,4.37,3.35,3.35,2.59,4.25,3.97,3.63,2.88,1945,1787,0,2,2.17,1
0.48,0.23,3.35,1.84,3.04,2.73,2.85,4.49,6.4,5.3,2.48,3.27,1.23,4.4,7,5,2,3,55,48,0.95,0.27,0.09,0.91,5.61,4.87,3.81,2.05,4.17,3.08,4.26,1.37,4.17,4.47,1.71,3.09,4.39,1.23,3.68,1794,1412,0,2,4.59,0
0.82,0.37,2.38,2.4,1.68,1.36,3.52,3.68,2.8,7.3,1.96,1.23,2.06,2.31,6,3,1,4,63,34,0.2,0.42,0.56,0.44,2.67,3.94,2.73,2.46,3.45,3.74,3.06,1.35,4.3,4.82,2.71,2.13,2.62,3.0,1.05,1933,1763,1,1,3.03,1
0.05,0.69,0.9,1.91,0.54,0.94,0.34,2.79,5.9,2.1,1.49,3.79,2.51,2.66,3,5,3,5,53,44,0.17,0.08,0.68,0.32,5.62,2.23,1.53,1.44,2.2,2.69,1.33,2.11,3.44,3.72,3.06,4.33,1.67,4.01,2.48,2066,2082,0,5,1.64,0
0.62,0.61,1.65,3.45,1.23,1.0,3.5,1.24,4.6,6.0,3.19,2.98,3.49,2.05,3,3,6,6,40,59,0.85,0.61,0.97,0.03,2.04,2.39,3.51,4.03,4.67,4.91,2.52,2.78,3.67,3.11,4.95,2.9,2.58,1.39,1.4,1642,1465,0,4,1.67,0
0.82,0.19,3.31,2.61,2.83,1.06,2.29,2.73,1.2,1.1,2.14,3.76,1.83,2.23,3,2,5,3,37,61,0.55,0.12,0.92,0.08,4.18,3.49,1.64,1.6,2.15,2.1,4.74,1.13,4.69,1.28,2.37,2.05,2.56,3.71,4.88,1711,1793,0,5,2.11,1
0.41,0.34,1.22,2.18,1.49,1.81,2.36,1.22,3.7,2.4,3.47,1.49,4.34,4.22,3,4,2,6,48,52,0.01,0.25,0.1,0.9,5.01,2.7,1.61,4.93,1.36,1.09,3.1,4.43,2.45,3.4,4.68,4.53,2.08,2.75,2.45,1680,1636,1,4,4.93,2
0.14,0.9,2.87,0.52,1.12,0.66,3.86,1.53,4.9,1.0,2.13,2.61,4.65,2.63,3,5,0,6,44,59,0.52,0.05,0.82,0.18,4.25,2.97,1.36,4.72,3.15,2.41,1.55,1.2,3.11,1.61,4.09,4.94,4.79,4.32,4.47,1710,1634,1,5,2.73,2
0.2,0.88,0.78,0.88,2.25,0.82,3.11,4.19,1.1,4.9,4.42,1.98,3.68,1.2,2,4,4,6,56,42,0.3,0.1,0.36,0.64,4.1,4.51,2.18,3.22,3.87,3.74,3.77,1.74,1.57,2.87,4.65,2.0,3.7,4.72,3.22,1875,1628,1,3,1.77,2
0.77,0.64,3.05,1.14,0.78,0.53,4.12,1.65,2.6,7.9,2.04,2.88,1.42,1.87,5,5,6,2,58,39,0.22,0.38,0.44,0.56,5.1,3.72,4.48,4.78,3.49,4.31,3.72,3.16,3.11,1.86,3.6,3.44,3.38,2.98,2.66,1931,1477,0,2,1.69,1
0.69,0.47,0.71,1.33,2.34,2.55,3.34,3.02,3.1,5.3,2.86,3.23,4.09,1.68,7,7,2,0,45,52,0.76,0.34,0.47,0.53,4.71,1.5,1.79,1.32,3.99,2.02,4.42,3.68,2.45,5.0,2.7,2.73,3.43,4.03,3.69,2022,2049,0,1,1.68,1
0.96,0.57,1.13,0.45,2.58,1.54,3.73,2.03,5.0,5.1,2.01,3.91,2.78,3.11,2,4,5,0,45,53,0.87,0.53,0.1,0.9,2.22,1.06,2.31,2.26,1.63,1.78,3.82,4.3,3.94,4.63,3.78,4.39,2.6,4.2,4.89,1419,1583,1,2,1.35,0
0.25,0.24,2.08,0.89,1.81,0.59,2.22,0.48,2.3,1.5,1.37,4.99,3.65,3.4,2,3,5,2,42,58,0.7,0.91,0.52,0.48,4.73,4.25,1.78,3.87,4.27,2.49,2.75,2.59,1.58,2.25,4.15,4.32,4.47,4.64,4.06,1810,1526,0,3,0.13,0
0.21,0.59,3.11,3.38,1.07,0.35,0.58,4.4,4.9,7.1,1.53,4.26,3.17,4.8,3,2,4,2,61,40,0.34,0.45,0.63,0.37,2.43,3.62,2.04,3.16,1.42,4.58,3.5,3.55,2.4,1.09,2.28,2.88,2.39,1.63,1.26,1830,1559,0,4,2.15,0
0.79,0.39,0.49,2.51,3.43,2.27,2.65,0.6,1.2,4.2,2.7,3.17,3.46,4.47,4,4,3,0,44,59,0.77,0.58,0.06,0.94,2.61,3.06,4.93,3.06,2.66,4.39,3.05,1.52,3.9,1.27,1.93,3.13,4.99,4.02,3.11,1791,1841,1,2,1.37,0
0.01,0.76,0.92,3.69,2.96,3.15,4.47,1.35,7.1,4.6,2.1,4.11,2.65,4.54,4,7,0,3,54,48,0.3,0.53,0.9,0.1,4.95,3.22,3.59,1.55,3.57,1.09,1.78,4.22,1.65,3.37,4.48,2.22,1.43,1.25,3.55,1929,1809,1,3,3.38,0
0.82,0.13,2.44,1.36,1.8,0.21,2.53,4.22,7.6,7.7,5.0,2.34,1.02,4.38,3,4,6,1,59,40,0.73,0.47,0.05,0.95,5.54,3.35,1.18,1.46,3.98,4.26,3.91,2.71,3.55,3.23,4.31,1.91,4.13,3.66,3.04,1854,1924,0,5,0.52,1
0.17,0.35,2.29,0.8,0.98,2.91,0.65,1.06,4.7,6.0,1.53,4.56,4.16,4.78,3,6,5,3,38,61,0.68,0.06,0.44,0.56,3.28,2.46,3.26,2.96,1.44,2.69,2.39,3.18,3.76,4.52,2.31,4.78,1.6,3.38,1.64,1816,2078,1,5,0.33,1
0.13,0.39,1.98,2.23,1.86,3.32,1.4,2.69,2.5,5.4,2.08,3.95,2.07,2.02,4,4,6,3,51,51,0.26,0.88,0.86,0.14,2.43,2.99,4.05,3.2,2.17,2.8,2.99,2.53,2.33,2.84,4.05,4.28,2.44,2.76,4.3,1767,1648,1,3,3.16,0
0.44,0.3,0.32,3.13,0.36,0.84,2.08,2.64,6.8,4.2,4.96,2.75,3.06,3.68,5,7,0,5,56,44,0.97,0.53,0.59,0.41,3.21,4.66,2.12,1.23,4.01,4.85,3.94,1.99,2.0,1.41,1.63,2.1,1.4,1.36,2.28,1419,1685,1,3,3.03,1
0.09,0.56,0.66,2.03,2.46,0.76,1.97,2.29,3.1,2.2,4.62,3.99,3.04,4.0,7,5,0,6,39,64,0.95,0.86,0.17,0.83,3.14,1.16,1.4,1.65,4.28,2.94,2.71,3.58,4.61,4.77,2.67,4.1,1.72,1.78,2.11,1616,1708,1,5,1.25,0
0.24,0.89,2.24,2.3,3.24,1.36,3.79,4.23,5.0,1.3,1.17,3.54,2.72,1.44,2,5,0,5,55,46,0.32,0.43,0.19,0.81,5.34,1.89,1.68,1.05,1.63,1.9,1.13,1.81,1.42,2.08,4.54,2.16,1.17,2.04,3.18,1604,1576,0,1,3.64,0
0.2,0.1,1.45,1.3,1.32,1.24,3.55,3.76,7.3,4.7,1.93,2.57,3.58,1.16,3,3,2,2,56,46,0.27,0.93,0.2,0.8,5.23,3.6,3.57,3.67,4.53,2.47,3.81,1.01,2.21,3.81,3.38,3.88,2.01,3.41,3.39,1599,2067,1,4,4.33,1
0.73,0.51,1.19,0.21,0.46,2.03,0.73,1.77,4.7,5.6,3.97,1.94,4.27,2.56,5,2,6,2,47,51,0.61,0.03,0.61,0.39,3.15,4.8,3.54,1.78,1.11,2.31,2.52,3.6,3.43,4.52,1.93,1.87,2.89,1.44,2.4,1980,1626,1,5,0.82,2
0.19,0.57,3.41,3.26,3.34,0.4,1.8,0.63,2.7,7.7,3.21,2.31,1.63,3.76,4,4,1,4,50,51,0.62,0.7,0.98,0.02,5.76,4.9,4.6,4.76,2.42,2.73,1.16,3.35,4.77,3.23,4.55,3.36,3.09,4.96,4.76,1978,1936,1,3,0.47,0
0.9,0.25,2.01,3.59,2.11,0.67,2.71,2.35,2.9,1.5,2.81,1.39,1.01,1.21,2,3,2,2,65,37,0.99,0.61,0.48,0.52,2.0,4.91,1.11,3.37,1.43,2.94,2.9,1.44,4.93,1.44,3.13,3.84,3.85,4.64,3.94,1598,1683,1,1,3.71,2
0.38,0.23,3.18,2.46,0.33,1.89,4.06,3.25,2.2,4.9,1.76,3.84,2.64,1.54,5,3,3,6,43,60,0.3,0.91,0.22,0.78,3.82,3.72,3.14,1.43,1.74,4.91,1.86,1.95,2.53,3.77,2.31,4.13,2.72,3.86,1.66,1614,2036,0,5,2.21,2
0.3,0.45,1.23,1.51,3.08,3.33,2.18,0.55,4.0,6.4,4.17,2.15,3.14,3.23,4,4,2,6,39,59,0.6,0.07,0.98,0.02,4.9,1.98,1.99,3.15,3.61,3.12,3.43,1.5,2.05,2.18,2.17,2.35,1.98,3.28,1.67,1567,1916,1,4,0.6,2
0.62,0.49,3.72,1.64,1.31,1.22,0.51,1.07,1.0,5.0,1.73,2.9,4.39,2.25,6,2,1,6,61,42,0.17,0.24,0.94,0.06,5.43,4.82,4.87,4.82,1.87,2.59,3.41,3.52,2.99,4.8,4.02,2.49,1.32,2.6,4.25,1595,1774,0,3,3.49,2
0.17,0.49,2.13,1.76,1.85,2.15,2.71,3.83,5.0,5.7,1.29,2.19,4.78,1.06,7,5,4,4,58,42,0.57,0.87,0.93,0.07,3.51,2.38,4.01,2.84,4.06,2.65,2.41,2.43,4.92,4.96,3.42,3.88,4.01,4.99,1.88,1426,1567,0,2,0.97,1
0.36,0.47,2.06,0.66,0.63,1.2,2.66,0.62,5.8,5.1,1.05,1.02,4.18,4.5,7,2,0,2,48,51,0.21,0.28,0.27,0.73,4.93,1.14,1.42,1.96,2.97,2.35,3.61,4.96,2.68,2.56,1.55,4.11,4.51,4.35,3.63,1625,1669,0,4,3.96,1
0.34,0.02,2.77,2.51,2.82,3.16,3.81,3.62,1.8,2.9,3.43,3.64,1.66,1.42,4,6,6,6,54,47,0.6,0.54,0.64,0.36,4.2,4.31,2.61,3.29,2.7,4.42,4.34,1.13,2.72,1.23,1.05,4.03,4.29,3.31,1.84,2003,1919,0,3,2.29,2
0.5,0.93,0.55,1.38,2.5,0.33,1.74,3.84,6.6,7.5,3.47,4.97,3.16,3.12,5,2,6,6,59,40,0.07,0.5,0.27,0.73,4.46,1.01,3.23,1.28,3.18,4.1,4.04,2.89,1.85,3.62,1.4,2.42,1.66,1.56,1.86,1525,2038,1,4,4.87,0
0.54,0.99,3.61,2.75,0.63,0.23,2.91,1.86,5.5,1.4,3.17,1.82,2.77,4.77,2,7,1,0,64,33,0.07,0.31,0.14,0.86,2.99,2.59,4.68,1.35,3.67,1.97,3.08,2.61,4.93,2.94,2.8,1.48,4.29,1.75,3.0,1588,1900,1,3,3.17,0
0.26,0.16,0.48,2.68,0.3,0.34,3.08,1.84,1.1,3.1,1.58,1.18,3.26,4.4,2,7,5,2,56,45,0.82,0.29,0.42,0.58,3.29,3.61,2.12,4.96,3.26,3.53,3.75,4.84,2.48,3.69,2.43,3.91,3.25,1.9,4.83,1705,1576,1,5,2.3,1
0.26,0.65,0.82,0.67,0.38,1.6,4.43,1.5,7.9,7.0,2.09,4.27,2.66,4.34,6,5,1,6,65,35,0.06,0.01,0.33,0.67,3.74,3.44,4.57,4.95,3.89,3.29,4.76,4.78,4.78,2.72,3.22,3.61,4.97,4.89,2.42,1846,1648,1,4,4.05,0
0.51,0.49,2.51,1.48,0.62,1.27,0.94,0.29,2.8,1.2,4.9,3.33,4.73,2.13,4,4,4,1,50,53,0.55,0.27,0.52,0.48,2.9,4.46,2.58,4.84,2.49,2.61,4.88,4.4,4.95,3.64,2.55,4.66,1.11,2.98,3.98,2013,1616,0,2,1.29,2
0.06,0.88,3.23,3.63,1.23,2.34,0.26,0.48,2.0,1.4,1.67,2.36,3.84,1.94,6,7,3,2,59,44,0.71,0.49,0.13,0.87,4.97,2.27,4.74,2.61,3.23,2.55,2.72,2.98,2.16,4.06,2.1,2.18,3.66,2.54,4.05,1489,2008,1,3,1.34,0
0.07,0.92,2.56,2.0,0.84,1.78,3.39,3.48,5.5,2.9,2.13,2.04,4.77,2.21,2,7,2,3,37,60,0.89,0.91,0.91,0.09,5.53,3.77,3.43,2.65,3.23,1.94,3.14,4.99,1.16,3.92,4.94,2.8,4.34,2.86,4.26,1587,1605,0,1,2.04,2
0.43,0.06,3.08,1.14,0.38,0.96,4.47,0.25,6.5,4.5,2.63,3.03,4.85,3.01,4,2,4,1,59,39,0.11,0.36,0.45,0.55,4.49,2.4,3.06,4.35,3.69,4.59,1.2,1.92,1.66,4.01,1.42,1.76,3.35,4.12,2.2,1741,1417,1,3,1.56,2
0.6,0.55,3.13,2.72,3.39,1.22,1.09,2.13,1.8,7.3,2.74,2.56,4.46,1.28,6,5,0,1,61,39,0.88,0.81,0.83,0.17,2.54,2.54,4.31,1.54,4.89,1.25,4.53,3.46,1.77,3.87,1.25,4.73,4.94,1.17,2.65,1772,1602,1,3,4.23,0
0.62,0.66,0.97,2.47,2.57,2.89,1.32,4.45,7.8,5.2,4.7,2.36,1.44,2.24,6,5,1,4,62,38,0.48,0.35,0.52,0.48,5.33,3.98,4.44,1.41,1.63,2.44,4.5,3.86,2.41,2.01,3.3,4.83,4.71,1.52,2.85,1822,1831,1,1,4.81,1
0.92,0.54,3.58,2.16,2.82,0.6,2.01,1.28,7.4,4.7,1.61,2.38,1.03,1.83,7,3,6,1,48,51,0.29,0.85,0.31,0.69,2.52,4.57,4.11,2.69,4.63,4.89,1.55,3.4,3.62,2.34,3.75,2.43,1.44,4.49,4.14,1957,1523,0,3,3.68,0
0.49,0.02,2.16,1.18,3.11,1.34,0.84,1.86,1.3,5.5,3.49,4.73,4.3,1.02,4,4,2,5,65,38,0.08,0.99,0.07,0.93,5.99,3.81,2.29,1.77,4.62,3.81,4.49,1.52,4.23,1.43,3.96,2.86,4.63,2.74,1.97,1656,1514,0,2,2.43,1
0.53,0.76,2.76,3.01,1.06,1.58,0.21,2.12,5.3,5.8,4.37,1.41,4.85,3.32,5,4,6,4,49,51,0.45,0.21,0.04,0.96,5.33,3.09,2.41,4.06,3.93,3.86,3.8,2.13,4.11,1.91,4.99,1.98,1.32,1.95,3.64,1681,1428,1,4,1.91,2
0.59,0.72,2.18,2.54,2.13,2.7,2.41,4.13,7.4,4.5,2.57,2.66,4.12,2.98,5,6,0,2,44,54,0.25,0.1,0.23,0.77,4.61,1.39,4.66,4.28,4.11,2.33,4.16,1.05,3.21,2.03,3.21,3.04,3.3,1.0,4.03,1863,1820,1,4,2.2,0
0.14,0.05,1.46,1.66,2.63,1.29,2.98,1.25,3.4,1.7,2.98,3.38,2.61,4.58,5,7,3,1,47,56,0.52,0.58,0.6,0.4,2.44,3.79,4.26,3.68,3.49,1.49,3.17,4.62,1.88,2.73,4.98,1.66,1.37,3.96,1.74,1659,2058,1,4,4.63,0
0.1,0.32,0.26,2.99,0.48,3.5,1.69,0.45,3.8,5.4,2.89,3.08,3.02,2.28,4,4,6,0,49,48,0.46,0.02,0.0,1.0,5.79,2.44,4.24,4.69,1.63,3.93,3.27,3.28,4.76,3.51,3.82,2.78,1.98,4.52,4.08,1473,1694,0,3,0.13,2
0.69,0.41,3.22,3.17,2.2,3.14,3.74,3.42,6.6,5.1,3.96,4.82,3.12,2.03,7,4,0,2,57,45,0.12,0.57,0.86,0.14,3.49,4.11,2.81,4.96,2.11,1.68,3.98,1.45,1.09,4.68,1.66,2.34,2.6,1.31,3.67,1872,1627,1,2,1.85,2
0.85,0.58,1.92,3.8,0.33,0.64,3.2,2.41,3.6,2.1,1.02,4.68,4.79,3.14,6,6,0,5,53,49,0.1,0.72,0.66,0.34,2.46,3.23,2.6,3.97,4.61,3.81,3.05,1.62,4.73,1.22,1.38,2.69,3.96,1.06,3.85,2020,1828,0,2,0.46,0
0.53,0.37,0.89,1.36,2.12,1.47,4.19,1.97,5.8,4.0,1.98,3.28,1.84,3.44,7,7,1,6,58,42,0.07,0.44,0.98,0.02,3.68,4.01,2.22,1.6,2.94,1.11,2.58,3.79,2.3,1.95,2.42,1.27,2.62,3.54,1.84,1870,1773,1,2,2.64,0
0.01,0.83,3.06,1.43,0.67,3.15,0.53,0.49,7.2,8.0,2.69,4.53,2.09,2.99,6,5,5,6,48,51,0.95,0.53,0.34,0.66,4.14,3.24,2.8,2.39,1.9,1.86,1.37,2.18,4.63,3.07,1.54,1.05,2.87,2.14,1.88,2040,2045,1,5,4.61,2
0.31,0.11,0.24,2.45,2.06,2.22,2.44,2.01,5.0,2.8,1.93,2.68,4.13,3.83,3,4,6,2,50,49,0.32,0.94,0.9,0.1,2.69,1.91,3.98,3.57,4.4,2.3,3.78,2.14,3.33,2.06,3.1,1.02,4.3,3.78,2.12,1593,1773,1,5,4.3,0
0.34,0.12,0.89,1.18,0.3,2.54,3.5,1.86,7.6,6.1,2.25,2.4,4.47,2.1,5,2,1,5,58,43,0.18,0.3,0.35,0.65,3.92,3.02,3.41,1.15,2.5,2.98,4.41,1.72,2.97,2.11,2.05,2.97,4.93,1.59,3.18,1721,1713,1,1,1.68,2
0.9,0.63,3.08,0.81,1.19,1.31,3.68,4.38,4.5,1.1,1.55,4.75,1.68,1.25,4,6,2,0,49,53,0.31,0.8,0.56,0.44,4.35,3.53,2.65,3.27,1.29,4.86,4.61,3.96,1.51,4.89,4.79,3.8,2.04,4.64,3.8,1464,1978,0,1,3.77,2
0.97,0.7,3.56,2.45,2.53,0.77,0.93,4.15,5.4,3.9,4.24,1.54,2.37,3.43,5,7,2,4,36,67,0.43,0.88,0.45,0.55,3.67,3.43,1.02,3.71,4.21,4.96,3.12,4.35,1.76,4.92,4.91,3.56,4.79,2.82,1.81,2077,1841,1,3,4.56,2
0.37,0.57,2.07,2.57,0.47,3.18,1.38,0.21,1.8,7.6,1.14,4.06,1.91,1.61,2,4,0,6,45,58,0.62,0.07,0.55,0.45,3.33,1.12,1.22,2.4,4.51,1.96,3.56,1.85,4.87,2.56,2.63,1.77,3.77,1.78,3.19,1693,1599,1,4,3.88,0
0.32,0.82,1.42,3.04,1.13,1.48,4.15,1.81,1.3,3.4,1.5,4.48,3.81,4.77,7,5,4,1,56,47,0.21,0.53,0.52,0.48,5.31,1.64,4.32,1.88,2.05,1.06,4.56,3.18,1.05,3.56,3.17,4.54,1.68,4.18,4.44,1780,2072,1,3,3.65,0
0.26,0.87,1.35,1.35,2.46,1.84,1.94,2.85,4.4,3.4,1.79,4.92,2.66,1.97,6,7,2,6,41,57,0.56,0.52,0.35,0.65,3.89,1.53,4.06,3.89,4.01,1.33,3.4,4.07,4.31,3.07,2.46,2.39,2.97,1.4,4.24,1469,1733,1,3,2.75,0
0.44,0.43,3.8,1.79,0.88,2.2,2.95,2.11,6.7,2.7,2.12,4.36,2.28,3.34,5,2,3,4,52,49,0.29,0.39,0.27,0.73,3.14,1.72,2.18,3.89,4.61,2.25,2.53,3.93,2.6,2.98,1.15,2.47,4.36,3.88,1.02,1694,2028,1,5,1.09,0
0.12,0.36,2.26,1.86,3.4,1.85,4.37,1.58,5.4,1.2,2.99,2.7,3.38,4.12,6,7,3,3,51,52,0.23,0.51,0.79,0.21,3.58,3.26,3.45,1.03,1.71,2.37,4.42,2.02,1.6,2.26,4.58,2.14,4.16,3.34,3.65,2071,1605,0,3,0.11,0
0.5,0.09,2.95,1.99,2.41,0.49,2.72,2.49,1.1,3.0,3.25,2.33,4.01,4.59,6,4,2,4,48,49,0.18,0.05,0.3,0.7,3.66,2.82,3.41,2.9,4.75,3.15,3.52,1.1,4.91,4.47,1.04,4.35,2.22,1.02,2.92,1891,2071,0,3,1.7,0
0.29,0.06,1.95,2.44,2.5,0.95,3.19,0.37,4.2,7.7,2.96,3.65,4.25,1.51,5,5,2,5,48,49,0.19,0.31,0.97,0.03,3.79,3.29,4.88,3.97,4.76,4.19,4.63,4.6,4.81,2.81,3.46,1.61,2.91,4.72,3.04,1624,1458,0,5,2.91,0
0.51,0.97,1.73,3.48,1.71,2.59,2.4,4.18,7.8,5.0,4.23,4.44,2.48,1.24,6,7,5,3,43,60,0.82,0.47,0.56,0.44,2.08,2.36,1.73,2.6,2.44,3.85,3.55,1.02,3.03,4.78,2.88,3.35,2.22,1.67,3.87,1448,1605,1,3,2.83,1
0.45,0.67,3.35,3.34,2.16,2.61,1.73,2.01,6.9,3.0,4.94,3.99,1.96,4.55,4,2,5,0,37,63,0.83,0.37,0.62,0.38,3.19,1.33,2.51,3.84,4.55,4.61,4.41,1.45,3.76,1.28,4.79,3.64,2.58,1.32,3.16,1656,1654,0,2,3.66,0
0.33,0.42,3.04,0.9,2.49,0.85,1.99,1.56,2.9,6.7,1.25,4.79,4.78,2.19,5,6,0,4,51,52,0.52,0.05,0.03,0.97,2.71,3.06,1.94,2.97,1.15,3.71,4.87,4.02,3.61,4.87,4.99,4.91,3.58,3.56,1.98,1815,1890,0,3,0.63,2
0.69,0.81,2.76,2.73,0.93,1.76,1.83,3.95,4.3,1.6,3.82,4.56,4.61,4.15,5,2,2,0,65,32,0.24,0.16,0.04,0.96,5.69,2.69,2.16,3.88,4.49,4.39,1.68,3.67,2.04,4.67,4.58,3.48,1.84,2.99,3.8,1636,1418,0,1,1.05,1
0.34,0.28,3.18,1.86,0.6,2.64,0.42,4.0,4.6,3.1,4.34,2.85,1.24,3.21,5,3,2,4,63,36,0.09,0.87,0.12,0.88,5.3,4.14,2.31,3.39,2.13,2.56,2.92,1.14,3.77,2.59,3.57,1.06,2.46,4.93,4.14,1632,1629,1,4,3.78,2
0.71,0.35,1.96,1.46,1.9,2.86,0.88,0.85,3.4,3.9,3.19,3.27,4.99,3.94,2,2,4,0,37,60,1.0,0.63,0.29,0.71,5.95,3.63,2.29,2.19,2.08,4.3,2.58,1.27,4.31,4.96,4.65,1.58,3.22,4.49,2.71,2013,1446,0,4,1.96,2
0.77,0.55,1.71,0.77,0.56,3.18,1.99,2.95,4.4,3.0,3.12,2.4,1.1,1.7,4,2,4,6,56,47,0.73,0.85,0.58,0.42,2.45,3.96,4.34,3.81,3.21,1.51,4.63,3.02,1.16,3.08,2.19,4.94,2.9,4.66,3.29,1558,1586,0,5,0.15,2
0.77,0.56,0.45,3.29,3.35,3.29,2.88,4.49,2.0,2.4,2.58,4.36,3.09,3.91,5,4,2,2,62,41,0.43,0.34,0.82,0.18,5.16,2.84,4.59,3.83,3.6,4.42,1.56,3.69,3.48,4.33,1.11,3.5,4.82,3.07,3.61,1952,1453,0,3,1.22,0
0.49,0.47,1.06,1.23,0.79,0.55,3.94,1.03,1.4,2.6,4.9,4.92,3.69,1.11,2,3,1,6,52,49,0.51,0.56,0.17,0.83,5.14,2.71,2.82,3.28,2.89,3.45,3.13,4.57,3.93,1.82,2.13,1.04,4.0,4.74,3.33,1458,1856,0,1,0.3,2
0.94,0.03,1.87,1.61,0.27,1.49,1.61,1.9,6.0,1.1,1.64,2.15,2.12,4.96,6,4,3,2,37,62,0.43,0.71,0.46,0.54,4.02,4.45,3.25,4.06,1.24,1.61,1.87,3.17,2.37,1.3,4.15,4.15,1.0,2.39,4.71,1729,2032,1,4,1.72,2
0.6,0.67,0.85,3.32,2.17,1.32,4.03,2.73,7.0,1.9,4.64,1.61,3.52,1.73,3,7,1,5,50,49,0.96,0.14,0.65,0.35,5.95,1.61,4.43,2.55,3.4,4.82,1.75,2.29,4.68,4.6,2.04,1.4,2.11,2.4,1.98,1986,1968,1,3,1.13,0
1.0,0.8,0.61,1.18,0.22,3.23,0.83,3.48,7.1,4.2,1.83,4.99,3.99,1.38,3,6,2,6,56,43,0.51,0.67,0.7,0.3,3.94,2.61,2.7,3.47,1.85,2.23,2.39,1.5,1.92,1.26,3.06,3.21,3.03,3.47,2.53,1815,1536,0,4,3.6,2
0.83,0.57,0.2,3.65,2.04,0.87,1.3,4.0,2.6,6.7,2.93,3.69,4.66,3.6,6,7,1,2,59,44,0.2,0.36,0.21,0.79,5.8,1.62,1.02,1.06,4.68,2.03,3.37,3.84,3.27,1.86,4.29,3.46,2.2,4.42,4.69,1443,2086,1,2,4.12,0
0.08,0.41,2.7,0.62,2.65,0.73,4.19,2.62,4.7,2.0,2.58,3.84,1.88,1.83,5,7,0,2,57,43,0.63,0.79,0.87,0.13,3.84,3.69,1.96,4.69,4.56,3.57,1.25,1.6,2.81,4.34,3.89,4.38,2.33,4.53,2.99,1666,1404,0,3,2.57,1
0.18,0.11,2.09,3.39,2.69,2.0,0.96,2.61,3.8,3.2,4.13,2.56,4.82,2.64,5,6,1,0,65,37,0.84,0.28,0.43,0.57,4.77,4.5,4.98,1.23,4.4,4.41,4.18,2.27,1.39,3.12,3.14,4.74,4.6,2.3,1.42,1667,2005,0,1,0.32,0
0.15,0.69,1.4,3.16,0.27,2.02,2.63,0.64,3.6,4.2,4.23,3.43,1.99,4.97,7,5,0,2,40,63,0.28,0.06,0.8,0.2,5.88,2.43,3.0,3.25,1.7,3.01,4.65,3.28,1.7,1.89,2.4,4.34,2.22,3.66,4.38,1590,1473,1,3,4.32,0
0.42,0.52,1.32,2.91,3.02,2.81,0.46,4.37,6.4,2.3,4.54,2.42,2.52,4.78,2,3,3,5,43,59,0.91,0.83,0.84,0.16,4.5,2.53,4.91,3.65,4.74,3.32,3.0,4.25,1.3,3.74,2.95,2.79,3.68,3.57,4.4,1695,1449,1,2,2.86,0
0.15,0.53,2.89,1.97,2.3,0.77,3.52,3.37,1.1,6.1,2.42,3.77,2.92,2.68,5,5,0,4,39,62,0.74,0.35,0.8,0.2,3.21,1.57,4.56,4.81,4.49,2.03,3.08,3.22,4.27,4.74,1.72,4.83,4.64,4.05,2.33,1711,1447,0,5,3.75,0
0.8,0.82,0.8,2.27,2.61,3.36,1.63,1.73,4.4,7.4,4.61,2.22,2.99,1.09,3,3,2,0,59,44,0.75,0.92,0.62,0.38,2.14,2.74,2.58,4.95,2.59,4.5,3.08,2.08,2.16,1.07,1.53,2.84,3.15,2.63,1.31,1534,1828,1,3,1.8,2
0.07,0.75,1.95,0.76,0.84,2.7,3.16,3.0,2.6,3.7,1.88,2.66,4.66,3.83,7,5,4,4,55,44,0.88,0.12,0.67,0.33,3.33,3.82,2.63,2.46,1.15,2.47,2.51,2.91,1.49,1.46,1.83,2.87,2.82,2.43,3.98,1832,1612,0,2,3.1,2
0.95,0.13,3.66,1.09,2.62,2.05,1.75,0.26,5.1,5.1,3.48,3.46,4.73,1.87,7,2,0,0,58,44,0.85,0.41,0.31,0.69,5.46,4.17,2.16,4.5,2.51,3.26,1.37,1.79,1.11,1.37,4.4,4.34,2.89,3.64,2.74,1463,1468,0,3,3.76,2
0.79,0.57,3.01,3.02,3.42,2.86,3.18,1.61,1.6,3.6,4.59,4.09,2.58,2.52,4,6,0,2,35,66,0.02,0.56,0.96,0.04,4.35,1.78,2.08,4.95,3.42,4.19,3.89,1.21,2.01,3.38,4.69,4.67,3.19,3.34,2.77,1845,1508,0,3,2.74,1
0.72,0.5,2.82,1.78,2.24,2.43,1.89,3.08,8.0,5.2,2.72,3.7,2.72,1.17,4,3,5,0,53,48,0.64,0.82,0.57,0.43,3.46,3.75,2.26,4.55,3.19,1.57,4.68,4.53,1.17,4.39,2.15,1.17,2.57,1.27,4.14,1907,1644,0,2,1.88,2
0.7,0.28,2.52,0.75,1.71,1.19,3.5,1.58,6.4,7.7,3.04,1.76,4.19,1.36,4,7,5,1,51,50,0.78,0.92,0.6,0.4,2.54,4.66,2.41,1.12,3.58,3.7,1.64,4.56,3.55,1.36,1.18,2.72,3.76,3.1,3.59,1649,1430,0,3,1.36,2
0.14,0.96,1.88,1.56,2.9,2.18,3.51,2.37,6.2,2.1,3.18,1.36,4.04,2.19,4,6,0,5,39,60,0.12,0.99,0.93,0.07,3.43,2.7,1.85,3.73,3.06,1.84,2.13,2.7,1.47,1.47,4.53,2.67,3.63,1.41,4.13,2072,1857,0,2,2.44,2
0.9,0.49,0.54,2.32,1.49,0.45,2.37,0.4,6.5,2.0,2.57,4.57,3.82,3.35,5,7,1,4,42,59,0.31,0.7,0.59,0.41,5.28,4.85,3.75,2.89,1.73,4.36,1.57,3.56,2.46,1.6,3.57,3.07,3.18,2.61,1.04,1800,1542,0,4,0.74,0
0.36,0.33,1.51,3.53,1.71,3.49,0.29,3.16,1.7,6.6,1.68,4.75,2.91,3.72,5,5,4,1,43,54,0.29,0.57,0.81,0.19,2.1,1.56,4.05,2.57,1.4,2.54,2.46,1.13,4.54,3.86,2.57,1.28,4.53,3.97,4.47,1877,1847,0,2,1.91,0
0.31,0.66,3.44,3.6,3.04,2.26,2.68,3.11,6.4,6.2,3.88,3.52,1.99,1.36,6,6,3,4,46,54,0.87,0.65,0.26,0.74,2.99,1.21,4.69,1.85,2.19,2.38,4.52,2.57,3.16,3.98,4.23,2.55,3.62,4.9,4.51,1489,1865,1,5,4.45,0
0.03,0.31,0.38,1.45,2.49,1.97,3.18,4.17,1.3,3.3,3.23,4.67,2.66,2.14,6,3,1,1,54,45,0.35,0.32,0.55,0.45,3.73,4.86,3.72,1.16,2.57,3.06,3.39,3.65,3.36,4.41,2.4,3.22,4.48,3.25,4.61,1487,1547,0,4,2.38,0
0.06,0.27,2.54,1.19,2.59,0.59,2.31,0.5,1.6,5.6,1.23,4.37,3.5,4.78,6,6,4,6,60,41,0.29,0.89,0.35,0.65,4.29,1.87,4.37,4.55,1.94,2.49,4.53,1.14,2.06,4.62,1.41,3.34,1.97,3.91,1.7,1403,1411,0,4,0.28,0
0.37,0.9,2.41,3.16,2.49,2.9,3.65,1.48,1.5,7.9,2.58,3.85,2.36,3.19,6,4,3,2,60,43,0.04,0.46,0.72,0.28,2.59,4.6,1.52,2.6,1.52,4.94,3.65,1.43,1.59,4.17,1.03,2.14,3.21,3.84,2.85,1739,1780,1,4,0.93,1
0.28,0.34,0.37,0.78,0.51,0.29,1.52,3.92,3.8,2.1,2.22,2.62,1.58,4.15,6,6,3,1,46,52,0.98,0.37,0.87,0.13,4.22,3.2,3.88,1.56,1.06,1.45,3.21,3.92,3.26,3.14,3.74,1.17,1.1,4.68,2.49,1578,1814,0,1,3.93,0
0.44,0.3,1.9,0.92,1.64,2.83,3.62,3.56,7.5,7.3,3.71,3.49,1.08,1.94,3,2,6,4,47,52,0.66,0.15,0.46,0.54,2.92,1.96,3.06,2.66,3.22,4.26,2.98,1.91,2.27,1.45,2.01,2.55,1.23,3.72,1.18,1757,1788,0,3,3.51,1
0.99,0.14,2.38,3.21,0.5,1.08,3.22,3.15,2.7,3.4,2.25,1.94,4.12,2.63,7,6,3,4,40,59,0.53,0.55,0.73,0.27,3.01,1.78,2.71,4.83,2.01,2.4,4.96,4.91,1.69,2.12,2.17,1.95,3.39,4.22,4.13,1708,1484,0,2,1.34,2
0.75,0.66,0.6,1.91,2.68,2.36,4.17,1.08,1.1,6.3,2.52,1.78,1.65,4.19,5,2,1,3,36,61,0.16,0.51,0.31,0.69,4.68,1.55,4.52,3.61,4.35,3.96,2.3,3.79,3.16,2.62,4.86,1.11,1.87,3.94,4.8,1456,1637,0,4,4.46,0
0.36,0.7,2.73,1.03,1.56,1.12,2.37,2.34,6.0,7.5,1.91,4.04,4.08,1.34,5,4,2,1,63,34,0.37,0.73,0.97,0.03,4.96,3.14,3.81,1.46,4.14,4.39,1.57,1.3,3.55,1.26,2.33,3.25,3.76,4.41,4.61,1433,1714,1,2,2.78,0
0.95,0.39,2.27,3.8,0.52,0.73,3.29,2.73,5.9,4.4,3.88,3.82,3.67,1.36,4,4,0,0,63,35,0.42,0.53,0.39,0.61,2.07,4.29,3.46,1.62,3.47,4.81,3.72,1.48,3.91,2.76,2.76,3.54,2.47,2.24,4.55,1608,1646,0,5,0.76,1
0.16,0.24,1.55,0.51,1.53,0.68,0.34,0.68,7.0,7.3,4.16,4.08,3.17,3.39,2,2,6,4,43,57,0.55,0.18,0.47,0.53,3.25,3.25,4.6,1.42,1.89,3.95,4.57,2.4,3.18,4.3,2.45,3.48,2.18,2.47,1.63,1509,1452,0,1,1.92,0
0.42,0.27,1.41,3.08,1.34,1.8,1.56,1.76,2.8,7.3,3.46,3.16,2.87,4.46,5,5,5,5,42,57,0.81,0.36,0.54,0.46,3.4,2.56,2.32,3.77,2.52,1.98,4.61,2.94,4.98,2.42,2.29,4.15,3.15,4.27,1.28,1952,1955,1,2,2.44,1
0.54,0.81,3.11,2.27,1.39,2.88,3.19,1.33,6.1,4.4,1.3,4.17,1.67,3.51,5,6,1,0,45,54,0.43,0.29,0.13,0.87,3.72,2.79,3.2,2.69,3.06,1.38,3.49,4.51,2.62,3.6,4.85,1.11,1.76,1.98,4.24,1855,1637,1,4,2.8,0
0.61,0.13,1.95,3.07,3.38,3.37,1.8,3.69,6.4,3.0,1.21,4.72,4.82,3.24,3,4,3,5,50,52,0.64,0.81,0.84,0.16,5.28,3.12,4.07,3.61,3.34,4.87,2.66,1.41,1.57,3.95,3.24,4.93,2.91,3.88,4.85,1814,2011,1,2,1.92,0
0.33,0.61,0.45,2.21,2.32,2.16,4.3,2.62,7.8,2.5,3.45,3.11,1.08,2.42,3,2,6,4,63,38,0.83,0.6,0.43,0.57,5.14,4.59,4.49,4.0,4.07,4.85,3.37,3.62,3.17,3.3,3.28,3.22,2.9,1.67,3.79,1626,1716,1,3,3.75,0
0.53,0.99,1.77,3.13,2.96,1.96,0.61,0.72,4.5,7.9,1.51,3.36,4.28,3.16,7,7,5,1,60,42,0.61,0.83,0.45,0.55,4.05,1.98,2.39,2.74,4.67,3.25,3.06,3.34,2.22,1.54,4.91,2.39,4.59,2.97,4.1,1760,1622,0,4,0.63,0
0.69,0.69,3.36,0.73,1.27,1.58,0.82,2.56,1.5,1.7,4.95,2.68,4.28,1.79,5,4,0,1,53,49,0.94,0.38,0.49,0.51,5.83,1.92,3.67,2.47,3.98,1.81,3.51,1.84,2.57,3.21,1.44,3.66,1.51,3.09,1.78,1475,1666,0,4,4.94,2
0.07,0.74,3.66,1.92,1.21,0.46,3.95,0.64,7.0,4.8,4.62,1.51,3.42,3.49,2,6,2,1,41,57,0.96,0.27,0.9,0.1,4.56,3.25,2.11,3.2,3.17,2.25,3.95,3.02,3.53,2.56,3.96,3.46,1.58,2.9,3.5,1568,2073,1,2,0.37,2
0.67,0.3,2.43,3.65,3.26,2.83,4.05,1.45,5.8,6.7,1.99,3.76,2.02,3.4,6,4,5,4,45,58,0.46,0.95,0.02,0.98,5.05,4.15,3.68,3.45,3.53,3.31,1.51,2.73,4.51,1.78,3.47,1.91,4.19,1.86,4.29,1429,1539,1,1,1.65,0
0.85,0.63,0.82,0.54,1.06,3.03,2.71,2.74,4.6,4.7,1.28,2.93,3.42,3.29,6,2,4,4,44,58,0.23,0.27,0.52,0.48,3.13,4.42,1.54,1.81,2.17,3.85,1.89,2.13,1.58,3.56,1.45,3.0,1.55,3.87,2.24,1902,2036,0,3,0.59,2
0.05,0.17,2.84,2.25,2.4,2.98,1.76,1.4,7.3,3.1,3.84,2.26,1.65,1.3,7,7,3,2,42,60,0.57,0.28,0.03,0.97,3.94,3.7,1.6,1.1,1.52,1.84,3.28,4.09,1.12,4.51,4.4,2.43,4.69,1.13,4.69,2065,2045,1,3,0.51,2
0.14,0.97,0.24,0.65,3.02,2.22,1.66,0.98,2.7,5.4,1.08,2.37,1.02,3.78,4,7,2,4,64,39,0.68,0.27,0.84,0.16,3.42,4.52,1.45,2.05,3.74,1.35,1.02,2.72,2.24,4.73,2.81,3.98,4.53,1.39,2.37,1824,1543,1,4,3.03,0
0.23,0.88,0.93,3.75,0.77,3.14,4.08,1.3,4.7,3.8,3.52,1.91,3.61,3.33,2,3,5,6,47,50,0.02,0.54,0.37,0.63,3.47,2.53,3.54,1.79,3.7,4.49,3.5,2.66,2.09,2.05,1.72,2.45,3.23,1.48,2.85,1904,1585,0,5,3.9,0
0.38,0.27,2.89,0.46,1.05,1.7,2.19,4.13,5.3,7.7,4.57,1.78,1.04,2.75,5,2,2,3,43,56,0.13,0.21,0.75,0.25,4.89,3.25,3.14,1.99,3.39,4.36,1.75,3.75,2.14,2.4,3.7,3.11,2.94,4.03,3.62,1815,1510,1,3,3.91,2
0.65,0.78,1.84,1.18,2.5,0.86,0.81,0.49,4.7,1.7,2.57,3.8,1.73,2.31,4,7,0,6,60,39,0.97,0.39,0.97,0.03,3.9,1.19,4.49,1.35,2.99,3.95,3.53,1.3,2.13,1.04,1.65,2.61,2.8,4.05,1.49,2044,1867,1,5,1.4,0
0.89,0.59,2.95,1.1,2.73,3.35,2.99,1.15,7.2,1.6,2.29,3.67,4.55,4.8,5,6,6,1,37,60,0.64,0.2,0.4,0.6,3.33,2.27,3.04,1.54,4.02,2.47,1.68,4.32,2.71,2.87,2.23,2.95,2.94,1.72,2.36,1494,1630,1,2,2.84,0
0.02,0.48,0.44,3.53,2.84,2.68,4.36,4.26,2.7,7.8,2.31,1.51,3.43,2.41,7,2,4,3,41,61,0.69,0.22,0.98,0.02,5.94,4.92,1.87,4.09,4.98,1.87,1.12,4.27,1.23,3.28,2.65,2.3,4.54,1.19,2.39,1714,1875,1,4,2.86,1
0.96,0.95,0.34,2.04,0.32,2.59,3.42,2.5,1.5,4.6,2.5,4.97,1.15,3.22,2,4,5,1,41,59,0.47,0.32,0.18,0.82,4.03,2.57,1.78,4.81,2.85,1.04,4.77,3.18,2.3,3.44,1.92,2.26,3.33,2.62,1.4,1405,1429,0,4,4.37,0
0.2,0.86,3.78,1.72,3.32,2.3,1.67,3.15,3.4,1.6,4.04,2.41,2.63,2.76,7,7,5,6,58,41,0.05,0.0,0.94,0.06,5.73,4.51,2.54,4.44,1.59,3.82,1.6,3.6,2.09,4.03,2.33,3.13,3.94,1.62,4.92,1833,2038,0,5,1.43,2
0.3,0.78,0.77,3.65,0.79,1.29,1.62,3.41,1.4,5.9,4.72,2.14,2.81,3.44,6,3,5,5,50,51,0.29,0.79,0.79,0.21,2.56,1.56,4.09,2.95,4.38,1.09,2.06,4.1,3.45,3.32,4.17,2.06,2.97,2.8,4.54,1788,1412,0,1,0.73,0
0.49,0.64,2.44,2.79,0.57,0.98,4.42,4.08,7.0,1.7,1.23,1.47,4.17,4.22,7,2,0,1,60,41,0.03,0.69,0.07,0.93,5.4,2.72,2.13,2.78,3.29,2.96,2.58,2.79,4.85,1.23,4.42,1.54,3.4,1.32,3.06,2062,2035,0,5,0.05,1
0.82,0.81,2.13,0.68,2.32,2.71,3.41,1.11,1.5,3.5,2.59,4.38,3.78,2.01,2,5,5,4,61,39,0.96,0.53,0.3,0.7,2.6,3.57,1.6,1.85,4.5,1.29,2.56,3.4,3.87,1.05,4.75,3.22,2.12,2.9,2.28,1474,1961,1,4,4.3,2
0.62,0.78,2.23,3.17,0.65,0.65,1.86,1.89,6.3,3.6,4.57,1.3,3.59,3.19,7,5,4,0,44,58,0.3,0.26,0.11,0.89,2.1,1.17,4.05,1.93,2.34,3.73,3.18,4.27,2.34,2.86,4.09,2.4,2.01,1.48,2.39,1546,1690,1,3,2.36,1
0.34,0.75,0.31,1.45,1.55,1.83,0.59,2.1,3.7,5.0,3.31,1.93,1.25,1.67,6,3,1,6,42,58,0.68,0.77,0.16,0.84,4.49,2.76,3.59,4.54,3.96,4.1,2.02,2.75,3.28,3.7,4.0,2.73,1.19,2.17,1.17,1845,1648,1,2,1.61,1
0.04,0.02,2.33,0.97,0.94,1.72,1.53,0.9,2.2,7.5,1.45,1.51,2.72,1.18,6,4,2,4,51,46,0.31,0.41,0.27,0.73,3.39,3.52,1.95,2.7,2.49,1.85,2.25,4.1,2.75,1.01,1.9,2.08,1.77,4.93,4.67,2074,1968,0,4,3.42,2
0.72,0.2,0.23,1.3,3.18,0.81,2.92,4.24,5.8,6.7,2.74,2.39,1.64,3.39,5,2,1,0,42,57,0.73,0.67,0.97,0.03,4.73,1.38,1.72,2.71,2.37,3.9,2.4,4.88,3.17,2.37,1.44,2.33,4.81,2.78,1.91,1797,2030,0,5,4.75,0
0.92,0.25,0.35,0.66,0.27,2.79,0.73,3.19,2.7,2.4,2.45,1.57,4.03,1.83,6,6,4,2,41,57,0.87,0.01,0.09,0.91,2.52,4.83,1.48,2.08,1.03,2.02,1.57,3.18,2.46,3.23,3.47,2.2,4.65,1.3,1.64,1716,1925,0,5,4.59,2
0.57,0.64,3.77,2.07,1.38,0.24,1.05,4.5,7.6,2.9,2.13,2.45,1.85,1.49,5,7,0,5,43,56,0.15,0.41,0.94,0.06,2.97,4.67,3.64,3.17,4.89,4.11,3.64,1.24,2.54,2.95,3.09,2.18,3.85,3.0,4.79,1674,1659,1,4,3.33,1
0.94,0.14,2.07,2.77,2.33,0.9,1.79,2.87,2.5,8.0,3.21,3.35,4.58,2.42,2,3,2,2,53,45,0.48,0.85,0.05,0.95,3.17,1.78,3.72,4.69,2.97,4.66,2.36,4.22,3.59,1.2,3.82,3.26,2.25,3.63,4.95,2088,1473,1,5,4.6,1
0.38,0.4,0.83,2.58,3.38,1.54,0.89,2.09,4.9,7.8,4.94,4.37,3.89,1.83,6,4,6,3,60,39,0.2,0.71,0.2,0.8,5.33,2.72,4.9,1.74,3.8,2.33,3.82,4.5,2.28,4.81,1.63,4.39,3.06,1.96,3.46,1641,1670,0,4,2.4,0
0.3,0.66,1.13,0.47,0.85,1.61,0.45,2.31,5.8,4.6,1.87,2.93,2.79,4.67,4,7,0,4,62,39,0.78,0.54,0.28,0.72,3.92,3.53,2.29,2.08,4.88,4.76,1.72,2.05,3.49,2.18,1.54,1.93,1.72,3.6,2.38,1647,1910,1,4,1.01,0
0.42,0.03,3.63,3.46,1.96,2.44,2.88,3.27,6.3,4.0,1.9,1.82,4.23,3.8,5,3,1,0,60,38,0.8,0.6,0.07,0.93,3.14,1.89,1.54,1.56,4.54,2.03,4.83,3.0,3.66,2.06,2.1,4.66,4.86,4.01,3.08,2096,1969,0,4,0.18,1
0.66,0.6,3.21,3.6,3.33,2.83,0.37,0.69,3.9,7.9,1.68,3.74,4.23,4.79,4,4,0,6,61,39,0.04,0.5,0.38,0.62,4.75,1.35,2.76,4.84,2.89,3.58,5.0,1.75,4.85,4.3,1.36,3.4,1.49,4.81,1.63,2061,2092,0,2,3.2,0
0.64,0.92,1.64,3.5,0.79,1.75,1.89,1.24,6.2,7.4,1.05,2.11,2.85,3.7,3,5,4,1,37,65,0.94,0.17,0.96,0.04,4.75,4.62,4.13,4.98,2.92,3.01,3.33,2.42,1.88,3.93,1.29,1.23,4.71,4.49,4.7,1841,1451,1,2,2.55,1
0.48,0.47,3.34,3.45,0.42,1.07,1.41,1.32,7.4,4.6,1.35,3.75,2.13,4.18,7,7,3,5,38,64,0.06,0.62,0.07,0.93,3.31,4.71,2.59,3.74,1.92,3.33,1.74,2.77,4.36,3.07,3.26,4.78,1.71,4.7,4.59,1899,1918,0,4,4.07,1
0.69,0.78,0.34,3.12,0.48,1.38,3.81,0.7,3.1,6.7,4.09,2.48,1.39,2.78,3,5,5,5,59,41,0.9,0.8,0.33,0.67,5.12,4.66,2.44,2.74,3.31,1.39,3.51,4.01,1.37,4.62,3.32,4.3,3.95,4.1,4.36,1746,2021,0,3,1.92,1
0.97,0.8,1.02,3.58,1.67,0.3,3.46,2.96,7.7,2.8,3.71,2.7,3.57,3.84,7,4,0,6,51,46,0.12,0.18,0.56,0.44,5.08,1.07,1.21,3.3,4.8,1.95,2.47,1.62,3.24,2.0,3.97,3.43,3.77,4.87,1.24,1701,1995,1,5,4.96,0
0.36,0.5,0.77,0.66,2.44,2.72,3.23,0.38,3.5,5.0,2.05,2.66,3.19,3.15,2,5,0,2,43,56,0.05,0.36,0.9,0.1,4.12,2.8,2.12,4.55,3.32,2.07,4.8,4.69,3.2,1.34,2.97,1.99,1.21,2.37,4.21,1868,1594,1,2,1.31,2
0.39,0.62,0.84,2.0,2.57,1.83,4.38,2.58,4.0,4.6,2.32,1.46,2.09,2.05,5,4,2,2,52,49,0.62,0.96,0.7,0.3,3.86,1.64,1.49,1.72,2.34,4.66,3.98,1.76,2.02,4.11,2.47,2.54,4.19,3.14,1.75,2016,1413,1,1,3.28,0
0.47,0.39,1.93,1.74,3.01,3.26,0.7,1.85,8.0,2.5,2.35,3.42,1.71,3.98,4,2,2,0,60,42,0.86,0.54,0.44,0.56,3.68,2.86,1.97,3.44,3.5,1.63,1.9,1.79,4.11,2.65,2.32,2.66,2.45,4.02,2.23,1877,1775,0,5,0.16,0
0.4,0.38,0.59,3.3,2.92,1.12,1.11,4.49,6.5,3.3,3.14,3.1,2.2,1.47,2,3,6,3,50,51,0.4,0.57,0.39,0.61,2.47,1.84,4.03,4.13,4.2,1.32,3.15,1.28,1.25,3.81,4.26,4.71,2.18,3.09,4.96,1650,1757,0,2,2.18,0
1.0,0.96,2.29,3.04,2.99,2.49,2.53,1.69,5.4,6.0,3.31,1.84,2.98,2.2,3,6,3,5,48,51,0.7,0.72,0.34,0.66,5.56,3.41,4.27,4.04,3.18,3.13,2.75,2.72,3.47,1.21,1.92,4.68,4.36,4.71,2.85,1604,1432,0,4,4.63,2
0.01,0.32,1.23,3.09,3.42,1.74,2.28,1.99,3.1,4.1,2.91,2.48,3.06,2.53,5,6,0,6,37,61,0.09,0.07,0.85,0.15,4.85,1.16,1.66,1.88,1.2,2.95,3.25,2.69,1.38,1.7,1.89,4.11,2.2,1.3,2.54,1631,1544,0,4,0.5,0
0.84,0.78,2.31,1.24,1.34,1.89,1.22,2.33,3.3,4.6,2.97,3.22,2.4,3.99,3,4,4,2,39,60,0.65,0.14,0.23,0.77,3.25,3.02,4.25,3.08,2.71,3.57,3.32,3.73,1.69,3.61,1.53,1.1,1.0,3.09,2.42,1852,1411,1,2,1.41,1
0.59,0.3,0.36,2.53,1.68,2.68,2.38,2.28,1.3,7.1,3.19,3.35,3.96,1.23,2,2,3,6,63,35,0.97,0.17,0.5,0.5,2.46,4.33,2.08,4.97,1.37,2.99,2.28,3.37,1.42,4.29,4.07,4.62,4.96,1.35,3.32,1594,1485,1,1,1.52,2
0.8,0.78,1.91,1.81,0.33,2.19,2.04,4.21,7.5,7.0,4.72,1.6,1.87,3.73,3,2,3,3,36,67,0.65,0.46,0.2,0.8,3.47,3.31,3.36,4.94,3.41,4.22,4.87,4.54,4.7,2.25,2.56,2.12,3.15,1.63,4.01,1856,1811,0,1,2.38,2
0.57,0.93,3.43,2.72,2.62,0.43,3.23,1.73,2.9,3.6,4.13,3.62,3.85,3.2,4,2,2,6,35,63,0.49,0.02,0.15,0.85,4.32,3.87,4.82,4.75,4.2,2.19,1.4,1.8,2.15,2.2,1.02,4.05,1.02,2.37,3.31,1626,1406,0,1,2.22,1
0.8,0.76,0.8,0.75,0.7,2.22,3.4,2.14,3.4,7.2,1.67,4.52,3.77,3.56,2,3,0,3,46,54,0.41,0.23,0.65,0.35,3.38,1.29,2.12,1.67,4.39,4.89,2.56,2.33,4.8,1.68,2.1,4.91,1.25,2.84,4.76,1900,1924,0,1,0.04,0
0.35,0.07,3.56,1.87,2.19,2.97,0.87,2.83,4.2,6.0,3.66,4.36,4.58,3.58,2,6,0,2,43,57,0.6,0.86,0.32,0.68,4.88,1.42,3.14,3.63,4.16,3.8,2.45,3.67,1.65,2.64,4.39,2.72,3.38,1.55,4.04,1654,1817,1,4,3.28,1
0.99,0.99,3.07,2.79,0.55,0.9,2.57,2.72,7.7,1.0,1.26,3.37,4.51,4.37,6,2,6,5,53,45,0.27,0.91,0.82,0.18,4.47,3.82,3.75,2.93,1.86,2.22,3.45,2.07,3.69,4.09,2.22,4.82,2.17,2.01,1.53,1912,1912,0,1,0.17,1
0.12,0.94,3.69,2.02,1.2,3.23,0.91,0.37,4.1,3.4,2.31,4.34,4.92,3.46,6,5,0,4,54,46,0.59,0.24,0.1,0.9,2.52,1.12,1.18,1.12,3.54,4.53,1.37,4.2,3.31,2.81,3.96,4.02,1.86,4.58,1.31,1528,1724,0,5,0.11,1
0.84,0.61,0.5,3.21,1.18,2.05,0.8,0.6,7.4,5.3,1.1,1.49,3.64,3.97,7,3,5,4,65,37,0.86,0.16,0.59,0.41,2.66,3.39,2.11,4.34,4.61,4.71,3.48,3.58,3.68,4.81,1.94,2.43,3.09,4.43,1.26,1445,1763,1,2,4.92,1
0.84,0.45,2.37,3.06,3.17,1.18,0.72,1.0,2.0,6.5,4.07,4.19,4.96,2.63,3,7,2,4,37,60,0.57,0.14,0.77,0.23,3.46,3.27,3.51,3.94,2.86,2.66,2.86,1.97,2.3,4.99,3.13,4.36,1.3,2.29,1.8,1794,2023,1,3,0.49,2
0.07,0.73,1.57,2.43,1.95,1.12,2.27,0.9,7.9,3.1,4.65,4.2,3.78,4.37,5,3,6,5,50,52,0.29,0.1,0.37,0.63,3.98,4.29,3.99,1.88,1.66,1.91,2.64,3.61,2.03,1.68,2.51,1.81,3.78,2.06,1.21,1976,1497,0,1,0.26,0
0.71,0.59,3.62,3.35,1.04,3.29,3.54,3.07,5.6,5.8,3.02,2.87,1.14,4.66,3,4,4,6,47,54,0.84,0.22,0.68,0.32,3.45,3.15,4.36,2.36,4.66,4.99,3.81,3.94,1.2,1.81,4.21,3.9,1.11,3.97,4.06,2044,1872,1,4,1.56,0
0.16,0.31,1.06,3.48,0.98,0.3,2.76,1.54,2.6,4.1,1.39,4.06,4.59,4.61,5,6,0,1,60,39,0.83,0.49,0.98,0.02,5.91,2.41,1.97,1.69,2.01,3.91,2.51,3.63,3.24,4.01,2.17,1.09,3.73,3.69,3.04,2007,2009,1,1,2.62,0
0.51,0.22,2.09,1.89,1.77,2.61,3.33,1.48,3.0,6.3,1.16,3.24,3.56,4.36,4,3,2,6,60,43,0.73,0.42,0.48,0.52,4.86,3.81,3.27,2.83,1.5,3.74,2.78,2.09,4.13,3.32,4.22,3.55,4.93,3.45,4.19,1502,1616,0,3,2.62,1
0.2,0.59,2.32,0.53,2.86,2.5,3.8,1.16,4.8,6.9,3.43,3.64,2.62,4.13,2,7,3,4,40,62,0.99,0.41,0.26,0.74,5.08,2.01,1.88,1.83,3.05,4.82,3.33,3.06,2.23,4.24,2.84,1.51,3.33,4.56,1.69,1973,1419,0,1,1.06,0
0.46,0.31,2.74,2.44,1.16,2.34,2.11,1.62,3.6,2.4,3.89,1.05,3.61,3.66,7,4,1,6,55,45,0.09,0.49,0.89,0.11,5.63,1.26,3.48,4.37,3.97,2.52,4.65,2.13,2.75,3.41,2.26,3.05,4.11,3.09,1.68,1883,1540,0,5,3.85,2
0.37,0.99,2.38,2.2,0.82,1.99,0.31,0.97,3.1,7.1,2.43,2.79,4.51,3.47,6,2,0,1,59,38,0.53,0.79,0.61,0.39,2.46,2.96,2.05,4.03,2.74,2.96,3.59,4.42,3.7,2.62,3.33,2.46,3.77,2.78,4.85,1408,1904,1,2,0.55,2
0.4,0.95,1.87,3.21,2.77,0.36,2.37,1.55,6.4,2.7,1.54,2.58,3.16,3.1,3,4,3,0,50,48,0.69,0.19,0.62,0.38,2.34,1.22,1.97,2.06,1.99,3.95,3.3,4.97,4.28,3.63,3.14,3.11,1.04,4.51,2.88,2004,1668,1,2,1.93,0
0.02,0.35,1.72,3.49,1.7,2.58,4.15,2.68,6.3,7.4,3.3,1.71,3.16,3.88,2,2,4,6,65,37,0.66,0.3,0.66,0.34,5.24,4.5,4.33,2.28,1.82,4.86,4.83,1.04,4.71,4.04,4.57,4.72,2.89,4.65,3.81,1748,2017,0,2,0.52,1
0.55,0.7,1.41,3.03,1.66,2.59,3.07,3.18,7.2,1.4,2.57,1.85,1.07,4.27,6,5,1,5,39,62,0.43,0.38,0.2,0.8,5.22,1.43,1.33,3.76,4.76,4.4,2.32,3.25,1.74,2.05,2.06,4.64,1.05,3.09,3.22,1822,1702,1,2,1.78,0
0.42,0.91,1.75,3.55,0.6,1.69,3.35,0.3,6.1,3.7,1.54,4.5,1.52,1.89,2,7,0,2,36,65,0.12,0.79,0.23,0.77,3.0,4.73,1.68,4.74,2.17,4.7,2.79,3.11,3.75,1.45,2.68,3.71,2.74,1.25,4.65,1707,1892,1,5,0.88,1
0.96,0.1,1.51,3.13,1.31,2.64,3.35,1.83,6.4,6.5,3.97,2.38,3.56,1.32,4,5,0,2,55,46,0.15,0.18,0.24,0.76,3.9,1.29,1.02,4.72,2.29,3.83,4.72,2.78,1.78,1.85,3.22,2.93,2.9,4.42,2.5,1923,1727,0,4,3.08,2
0.1,0.39,3.43,1.81,2.72,0.27,2.46,1.9,5.5,7.7,2.37,4.9,1.6,5.0,3,2,3,2,59,44,0.94,0.43,0.83,0.17,4.21,2.49,1.18,1.99,1.84,3.78,4.85,2.55,2.7,1.81,2.91,1.22,1.64,3.14,3.9,1829,1738,0,3,0.55,0
0.27,0.56,3.06,3.53,0.23,0.42,2.51,0.37,7.8,6.8,2.89,1.74,1.42,1.69,6,5,3,4,42,55,0.9,0.85,0.61,0.39,3.89,4.81,1.38,3.78,2.45,1.04,2.13,4.5,3.68,2.35,3.71,2.56,3.59,3.89,4.55,2082,1815,0,1,0.68,2
0.66,0.41,3.1,2.8,3.32,1.77,3.44,3.48,1.1,2.9,2.26,1.28,3.35,4.13,5,3,5,1,49,50,0.58,0.08,1.0,0.0,3.06,3.38,1.86,1.91,2.04,3.91,3.94,1.8,4.95,1.4,3.14,3.07,3.33,1.24,4.4,2077,1734,1,5,4.44,2
0.04,0.0,3.64,3.29,1.52,0.46,0.8,2.76,6.1,2.4,3.81,4.21,2.89,3.87,4,5,2,4,59,38,0.31,0.22,0.57,0.43,5.03,4.15,1.71,2.76,4.96,2.56,2.26,2.93,2.11,4.68,4.42,2.11,1.57,4.04,3.9,1726,1622,0,3,0.96,0
0.92,0.01,0.65,1.48,2.45,2.64,2.64,3.85,4.5,3.5,4.3,1.07,1.5,2.74,5,2,4,6,46,55,0.36,0.63,0.36,0.64,4.94,3.93,4.47,2.39,1.3,4.54,4.53,4.68,2.23,2.94,2.76,1.79,2.49,2.21,1.62,1657,1865,0,4,4.95,2
0.76,0.33,0.91,0.28,3.44,2.36,4.19,0.98,1.4,4.8,3.18,2.88,3.04,4.35,6,5,3,1,57,42,0.22,0.83,0.12,0.88,5.78,2.27,3.67,1.36,4.5,1.91,2.06,3.29,3.18,2.1,4.08,3.42,1.79,4.19,4.62,1917,1765,0,1,3.71,0
0.88,0.7,2.52,1.88,0.24,3.35,3.08,3.8,6.0,3.2,1.55,1.39,3.77,2.9,7,3,0,2,45,58,0.49,0.7,0.3,0.7,4.24,2.12,1.12,1.25,2.47,2.56,3.66,3.27,3.4,4.17,2.57,2.27,2.24,4.41,2.31,1467,1711,0,4,4.34,2
0.43,0.74,2.96,0.56,0.82,0.46,0.94,3.07,2.9,2.0,3.34,1.65,4.3,2.29,6,5,4,6,65,32,0.6,0.95,0.44,0.56,5.83,1.86,3.19,3.44,3.18,2.07,4.35,1.12,4.94,3.59,2.37,1.93,2.81,3.11,3.43,1487,1935,0,3,4.57,2
0.54,0.5,1.08,2.31,1.25,0.88,1.59,2.3,3.8,3.5,2.15,3.4,3.25,4.99,4,3,0,1,39,60,0.26,0.75,0.34,0.66,3.7,3.62,2.05,1.87,3.19,4.04,1.18,2.62,4.06,4.88,3.94,2.49,3.19,3.29,4.31,1921,1660,0,2,3.93,0
0.86,0.18,1.39,2.04,3.21,0.95,3.4,2.95,2.0,5.0,4.94,4.38,1.39,2.91,4,7,4,5,46,57,0.37,0.93,0.87,0.13,4.72,2.94,2.1,3.97,1.36,1.48,4.59,3.5,4.78,1.74,1.86,4.0,4.36,1.32,4.53,1706,1982,0,4,3.19,1
0.57,0.82,2.67,1.66,2.81,1.22,1.41,2.9,4.8,3.2,2.66,1.12,3.18,3.57,7,7,3,2,40,63,0.47,0.83,0.3,0.7,4.28,1.15,4.09,3.32,2.94,3.63,1.79,2.09,4.92,4.81,1.55,2.46,2.71,3.73,3.33,1888,1476,0,5,2.33,0
0.07,0.15,3.79,1.6,2.35,2.36,2.92,3.75,3.4,3.8,1.04,4.93,3.37,1.22,5,5,3,5,42,61,0.07,0.29,0.11,0.89,5.85,1.96,4.16,3.27,4.98,4.31,1.19,1.27,2.98,1.58,4.4,2.19,3.81,4.98,2.65,1507,1420,0,1,4.09,0
0.94,0.26,0.89,0.85,1.88,0.47,1.56,3.03,5.2,2.4,3.88,1.26,1.44,3.59,6,7,2,5,45,54,0.79,0.03,0.3,0.7,2.67,1.94,2.65,3.26,3.79,3.54,1.84,2.75,4.87,1.8,4.6,3.62,3.8,2.89,1.81,1893,1986,0,3,4.41,1
0.13,0.38,2.71,2.32,1.97,0.43,1.52,3.43,7.3,2.1,4.44,3.52,3.02,1.53,3,7,6,3,56,46,0.44,0.24,0.9,0.1,2.27,1.19,1.51,3.87,2.72,1.49,4.71,1.38,2.97,4.35,1.1,3.0,4.26,4.88,2.12,1782,1905,1,4,2.37,2
0.73,0.8,1.0,3.16,1.54,2.87,1.65,0.72,5.9,5.8,4.94,3.52,2.58,1.57,3,4,2,0,57,45,0.28,0.95,0.85,0.15,4.42,1.63,1.77,3.22,1.3,4.33,4.1,3.7,1.4,3.33,4.54,3.03,2.49,2.77,2.76,1519,1974,1,4,0.56,2
0.75,0.91,1.0,3.13,1.03,2.93,2.6,2.68,2.4,1.8,1.8,3.02,2.17,2.99,2,3,6,2,49,51,0.13,0.0,0.36,0.64,5.45,4.83,2.77,1.51,1.6,3.16,3.18,4.85,4.06,4.73,1.82,4.74,3.56,4.42,2.63,1817,1632,1,4,0.68,1
0.79,0.49,0.42,3.52,0.2,2.86,2.09,1.97,1.6,5.8,4.26,3.53,2.51,3.6,4,6,1,0,51,52,0.92,0.61,0.87,0.13,2.72,2.56,4.94,4.51,3.48,4.15,4.14,3.35,2.68,2.98,3.82,2.77,4.39,2.23,2.19,1786,1736,0,1,4.8,0
0.91,0.41,3.68,1.09,1.75,1.29,2.08,2.13,4.2,6.5,2.74,1.27,1.9,3.56,6,4,0,3,36,65,0.89,0.9,0.41,0.59,2.16,2.24,3.46,1.09,4.75,1.59,4.75,1.83,4.66,4.45,1.18,2.46,4.45,1.42,2.93,1798,1789,0,3,3.87,0
0.28,0.12,1.76,0.25,0.4,2.36,1.71,4.04,6.5,2.8,4.89,4.07,4.02,3.32,6,7,4,5,61,42,0.73,0.09,0.52,0.48,5.59,3.05,2.67,3.4,3.14,2.35,2.9,4.01,2.16,3.72,1.89,1.36,1.8,3.06,1.08,1755,1692,1,5,1.51,2
0.32,0.74,0.38,3.23,3.34,0.29,4.27,3.9,1.9,3.1,2.79,3.34,3.34,4.74,6,6,4,6,63,39,0.38,0.77,0.42,0.58,4.17,1.2,2.0,1.04,2.16,4.93,3.61,4.68,4.8,4.28,2.13,4.74,3.75,1.59,2.11,1932,1638,0,1,4.24,0
0.8,0.82,2.93,2.56,2.41,0.86,4.34,4.44,5.0,6.4,4.07,4.63,3.42,2.14,5,6,6,6,55,46,0.98,0.02,0.86,0.14,4.53,1.6,1.78,1.13,2.05,2.61,3.36,3.01,2.13,3.25,1.8,2.92,2.74,3.63,3.78,1774,1429,0,4,0.51,1
0.37,0.6,1.87,1.2,3.23,0.29,3.61,4.49,3.5,4.8,2.84,2.75,3.7,1.67,4,4,4,3,49,50,0.39,0.06,0.4,0.6,3.06,1.67,2.46,1.14,3.37,1.87,3.65,3.58,3.96,2.67,4.44,2.49,2.01,4.05,2.22,1568,1615,0,5,1.13,0
0.86,0.56,1.7,2.12,1.9,0.48,3.4,1.42,6.7,1.4,3.84,4.57,3.5,3.02,7,3,6,0,63,37,0.53,0.93,0.24,0.76,2.28,1.06,2.35,1.12,2.25,1.18,1.99,1.03,4.43,1.13,1.7,1.5,4.65,3.88,3.1,1579,1532,0,5,0.03,0
0.79,0.17,0.9,1.0,2.89,0.71,4.0,1.08,6.9,6.4,3.2,1.53,2.61,1.37,5,7,0,2,42,56,0.06,0.5,0.02,0.98,4.7,3.24,2.99,4.97,1.6,3.89,4.03,2.32,1.41,3.4,1.61,1.75,4.14,4.22,2.26,1778,1614,0,3,3.43,2
0.32,0.65,2.2,3.53,1.3,1.87,4.19,4.25,1.6,7.7,4.92,4.54,3.26,1.51,3,6,2,3,35,62,0.81,0.11,0.26,0.74,2.78,2.71,4.2,1.14,4.24,2.8,2.76,3.42,1.94,2.42,3.22,4.87,3.68,4.73,2.41,1881,1692,1,4,1.24,0
0.02,0.05,2.61,0.4,3.19,2.19,1.7,1.43,6.6,5.9,4.44,1.59,4.88,3.37,2,2,4,1,50,53,0.55,0.35,0.65,0.35,4.71,4.52,4.18,1.31,4.43,3.57,1.25,4.15,2.6,4.83,1.3,3.4,1.87,2.49,2.47,1818,2006,0,1,4.63,2
0.45,0.91,3.44,3.28,2.82,3.1,2.86,0.98,6.3,3.3,4.08,2.85,3.9,3.81,5,4,2,0,54,47,0.48,0.11,0.81,0.19,3.0,2.41,4.76,2.81,1.84,3.66,4.35,3.85,3.43,3.72,1.92,2.17,4.29,1.22,2.84,1937,1728,0,2,3.45,1
0.79,0.41,2.67,3.26,0.68,0.65,3.69,3.22,7.8,3.6,4.66,3.65,2.34,4.16,4,6,4,3,38,62,0.31,0.41,0.96,0.04,4.54,1.53,4.4,2.19,1.28,4.63,1.61,2.39,3.99,4.74,2.6,1.14,3.51,4.14,4.84,2028,2071,0,1,2.41,0
0.43,0.64,1.41,2.88,2.33,1.64,0.94,2.73,5.3,2.6,2.1,4.27,4.5,3.55,4,6,6,6,40,62,0.11,0.95,0.31,0.69,2.54,1.24,3.69,1.03,4.08,1.49,1.71,1.82,3.33,3.1,1.3,3.65,2.28,1.83,1.91,1990,1835,1,2,3.38,0
0.85,0.06,2.83,1.47,2.53,0.47,0.29,4.11,3.8,6.8,2.38,3.28,1.97,1.51,7,6,1,2,39,62,0.75,0.96,0.58,0.42,3.13,2.66,4.19,1.72,2.34,3.33,1.61,3.02,3.48,4.14,4.09,3.86,4.8,2.4,1.48,1680,1605,0,2,2.61,0
0.9,0.06,2.5,2.23,0.48,3.41,2.47,1.72,1.1,5.7,3.39,1.61,2.74,4.95,2,4,2,6,47,54,0.95,0.1,0.52,0.48,2.66,4.53,4.19,2.5,4.91,4.55,2.47,3.72,1.73,2.36,2.55,4.92,3.93,1.87,1.48,1537,2082,0,2,3.11,2
0.07,0.49,1.98,0.21,0.58,1.95,4.18,0.87,2.0,3.1,2.78,1.03,4.77,4.35,6,4,1,3,53,46,0.18,0.21,0.86,0.14,5.47,1.62,4.36,3.43,3.55,1.34,4.96,1.29,1.4,4.29,4.13,1.25,2.44,4.98,1.28,1753,1950,1,2,2.32,2
0.87,0.11,0.56,1.59,0.91,2.46,4.32,3.51,7.9,7.7,1.32,1.5,4.14,3.51,5,6,0,6,46,55,0.63,0.45,0.18,0.82,4.21,3.47,4.9,2.31,2.65,4.03,4.85,2.24,2.15,3.27,1.35,3.65,1.44,3.27,2.05,1740,1758,0,4,1.64,1
0.32,0.83,2.61,3.52,0.37,1.94,3.48,2.49,1.3,1.2,4.47,4.12,2.51,1.2,2,7,1,1,65,37,0.04,0.92,0.15,0.85,3.47,4.41,3.8,1.58,3.38,1.48,3.95,1.21,3.85,2.06,1.27,1.84,4.68,1.92,1.42,2026,1550,1,1,1.12,1
0.39,0.32,0.84,3.04,2.66,0.47,1.49,2.38,4.8,5.9,2.34,1.38,1.96,1.74,3,4,0,6,63,37,0.88,0.98,0.77,0.23,3.35,4.97,3.12,4.67,4.16,3.94,1.93,3.42,4.2,4.29,3.4,3.24,3.47,3.75,1.85,1678,1861,1,1,1.04,1
0.74,0.87,2.95,0.91,0.71,3.07,4.22,2.68,4.9,1.5,4.95,1.37,1.01,4.2,4,2,2,3,54,43,0.26,0.46,0.72,0.28,3.17,2.58,2.69,3.08,1.04,3.23,1.35,4.82,4.07,4.41,2.23,4.08,3.6,1.87,2.88,1547,1804,0,3,0.84,2
0.47,0.11,1.13,0.83,0.83,3.3,4.15,1.69,4.4,7.3,4.97,4.17,2.96,2.65,4,6,4,5,54,44,0.53,0.61,0.7,0.3,2.9,4.18,4.62,4.42,4.06,3.15,1.97,2.75,2.44,4.48,2.57,4.92,4.85,1.11,2.27,1670,1678,0,3,2.22,2
0.43,0.06,0.79,1.54,2.62,0.29,4.03,4.48,5.9,6.8,2.98,3.37,1.35,2.48,2,4,6,5,61,39,0.13,0.68,0.01,0.99,2.61,3.12,3.87,2.41,1.3,4.56,4.9,3.39,4.96,4.65,4.86,4.89,2.08,3.71,1.83,1977,1818,0,5,0.69,0
0.34,0.07,1.28,2.63,0.47,1.58,3.17,2.93,4.2,4.9,1.15,4.51,4.12,3.84,2,3,0,0,44,58,0.38,0.25,0.68,0.32,5.42,4.61,2.85,3.85,2.35,1.41,1.51,3.35,4.35,3.28,2.92,4.18,2.52,4.92,3.74,1837,1821,1,4,3.26,1
0.17,0.66,1.22,1.36,0.9,0.29,1.31,0.41,6.8,4.4,1.58,4.81,2.34,1.19,4,4,4,3,55,45,0.61,0.95,0.44,0.56,3.85,3.47,3.84,1.35,3.74,2.57,1.81,2.07,4.23,4.28,2.08,4.44,3.88,3.91,3.66,2012,1490,0,2,0.16,0
0.85,0.05,2.75,1.52,3.48,1.55,0.74,3.37,4.7,4.4,1.32,4.99,3.07,4.84,3,5,5,0,52,46,0.36,0.51,0.66,0.34,4.76,2.29,2.86,4.93,2.23,1.47,1.67,1.5,2.94,2.96,2.16,4.62,3.13,1.51,2.63,1519,1455,1,4,2.55,0
0.52,0.97,3.38,0.93,1.91,2.85,2.19,3.76,3.9,1.8,3.01,3.07,3.83,4.32,7,3,6,2,35,65,0.48,0.5,0.52,0.48,5.26,1.84,4.43,4.95,3.48,3.84,4.38,4.12,3.86,2.92,2.0,3.12,1.18,1.39,1.81,1419,1886,0,4,1.51,2
0.92,0.26,2.6,0.63,2.29,1.94,3.63,1.14,4.5,6.7,3.18,1.17,1.83,1.37,7,7,1,4,63,39,0.63,0.45,0.71,0.29,4.94,3.15,1.12,2.64,2.31,4.56,3.75,1.61,2.01,2.33,1.68,3.3,1.94,4.61,3.2,2058,1621,1,4,3.93,2
0.59,0.27,2.73,3.35,1.09,1.68,0.29,4.47,6.4,3.4,2.89,4.95,1.47,4.86,7,7,6,2,58,45,0.95,0.72,0.35,0.65,2.98,2.04,1.02,4.27,1.61,1.96,3.28,1.32,2.97,1.96,3.97,1.82,2.34,2.6,4.36,1580,1754,0,1,2.89,0
0.96,0.85,3.64,3.11,1.57,0.24,1.69,2.98,1.4,4.0,1.02,2.27,4.13,1.56,2,6,3,2,46,51,0.21,0.05,0.43,0.57,2.45,4.82,1.66,4.74,3.7,3.04,1.68,4.86,4.75,2.28,1.15,4.4,3.24,1.35,4.11,1456,2085,0,3,0.49,2
0.45,0.43,0.51,3.46,0.46,2.92,0.75,0.8,2.5,7.3,2.76,2.67,3.4,3.0,2,4,6,2,53,46,0.22,0.34,0.12,0.88,3.49,3.67,3.71,4.61,2.31,1.36,1.94,4.77,4.66,4.2,1.73,3.87,2.94,4.01,1.45,2039,2020,1,5,0.92,2
0.31,0.08,1.15,0.52,2.52,1.41,2.07,1.99,1.9,3.2,3.0,1.02,4.35,2.87,5,5,5,3,35,67,0.55,0.36,0.88,0.12,3.97,2.39,2.76,4.4,4.62,4.68,3.18,3.88,1.09,4.39,4.99,4.58,3.87,2.69,1.95,1494,1880,1,1,0.04,2
0.32,0.67,2.59,1.94,0.37,0.74,2.3,0.67,6.2,5.1,4.22,1.41,2.13,3.86,7,3,1,3,45,53,0.76,0.79,0.29,0.71,4.97,4.87,1.79,4.26,1.52,1.55,2.05,3.44,1.19,4.95,4.04,1.07,2.51,4.61,4.86,2091,1893,0,2,3.71,2
0.05,0.98,2.92,3.47,0.28,2.6,2.72,1.17,3.1,2.1,2.61,2.05,4.58,4.77,7,3,1,6,58,42,0.46,0.18,0.63,0.37,2.29,3.53,2.39,1.93,1.4,1.73,4.5,2.81,1.75,4.74,3.39,4.36,3.72,1.94,1.0,1695,2098,0,2,2.99,2
0.63,0.9,1.22,2.94,3.35,2.55,4.23,3.72,3.1,4.3,2.76,3.42,3.67,3.28,7,3,4,0,45,54,0.15,0.3,0.62,0.38,3.21,4.14,4.66,3.59,3.95,2.22,1.2,4.87,1.47,4.95,1.95,3.6,2.71,4.32,4.25,2022,1625,1,2,2.26,0
0.32,0.18,2.88,3.28,3.0,1.33,1.79,1.48,3.0,2.4,2.82,2.4,3.28,3.16,2,7,6,4,52,47,0.54,0.4,0.33,0.67,5.95,2.11,2.82,4.26,2.76,3.97,4.5,2.71,2.14,4.86,3.44,3.79,4.75,2.07,1.74,1581,1910,1,1,3.0,1
0.1,0.44,1.45,2.68,3.46,2.68,2.13,3.54,5.1,4.2,2.1,4.01,3.88,1.1,6,4,0,4,46,54,0.14,0.82,0.77,0.23,2.63,3.78,4.72,1.91,1.31,2.54,3.3,1.09,1.94,1.08,2.76,2.94,2.24,3.36,3.05,1828,1501,0,1,3.44,0
0.65,0.34,1.94,1.68,1.2,0.22,3.61,0.75,5.7,3.8,2.6,2.93,4.9,1.7,5,2,6,3,57,42,0.4,0.03,0.78,0.22,5.78,3.6,2.78,3.49,2.04,1.14,3.04,2.79,3.66,3.6,4.94,1.31,1.03,4.01,2.8,1990,1837,1,1,2.89,2
0.99,0.09,1.82,1.92,1.66,2.18,4.0,1.09,6.3,6.0,3.57,1.91,4.03,4.42,7,2,3,0,65,35,0.27,0.37,0.05,0.95,3.91,1.74,2.94,3.91,2.12,3.72,1.39,2.59,2.08,3.03,2.66,3.03,4.65,1.19,1.32,1756,1717,0,3,2.84,2
0.53,0.04,1.79,1.71,0.7,1.49,2.39,0.85,5.0,3.3,4.68,2.14,1.78,2.98,6,4,4,3,47,56,0.91,0.09,0.12,0.88,3.83,3.92,2.02,4.25,4.1,2.22,3.87,3.72,2.48,3.17,4.31,2.68,1.7,4.56,4.17,1538,1827,1,4,3.01,2
0.21,0.13,3.14,1.18,3.19,1.32,3.57,3.33,2.8,7.9,3.63,2.87,1.09,1.37,6,3,1,3,38,64,0.16,0.31,0.32,0.68,2.1,2.29,1.96,4.41,2.45,4.77,3.17,2.1,4.1,2.89,1.85,3.22,4.75,3.02,2.62,1648,2026,0,1,3.99,2
0.28,0.96,1.97,2.83,0.27,1.02,4.24,1.51,1.4,5.8,2.06,1.36,2.4,1.23,2,7,3,3,49,49,0.42,0.74,0.71,0.29,3.26,2.87,1.4,1.6,1.53,3.63,3.1,1.33,1.25,3.54,1.32,1.71,2.47,1.78,1.96,1423,1791,0,4,3.68,2
0.0,0.9,1.22,2.51,2.8,2.57,4.1,3.79,2.6,7.4,3.15,3.88,2.09,4.23,4,6,6,3,60,40,0.7,0.55,0.74,0.26,5.9,3.71,4.96,4.75,3.91,3.6,4.49,3.0,3.56,3.6,1.57,3.48,3.06,1.85,2.95,1483,1959,0,3,0.31,0
0.87,0.1,1.99,1.78,1.32,1.56,3.4,3.43,1.8,5.9,1.29,1.71,4.5,1.82,4,6,4,0,53,45,0.83,0.45,0.43,0.57,2.18,4.53,3.35,2.8,4.07,3.27,4.15,4.37,2.75,2.71,3.25,3.55,4.99,4.34,2.69,1791,1801,1,4,3.54,2
0.07,0.6,0.64,1.18,2.67,2.6,3.43,0.7,4.9,7.8,3.69,1.13,1.21,3.4,5,3,0,2,44,55,0.17,0.82,0.44,0.56,4.73,3.06,3.77,3.79,2.92,1.73,2.79,3.36,1.13,1.39,4.93,1.93,1.59,2.33,4.13,1709,1574,1,5,0.18,0
0.82,0.94,3.76,2.07,2.51,0.78,2.72,4.41,1.6,7.4,1.4,2.41,3.98,2.76,7,5,2,2,49,53,0.56,0.83,0.8,0.2,2.17,1.24,2.05,3.27,2.18,1.06,4.9,2.65,4.02,1.19,1.42,1.85,2.43,2.42,4.23,1459,1527,0,3,4.7,1
0.97,0.33,1.5,2.6,1.65,1.43,4.47,0.54,4.8,1.3,1.15,4.31,3.75,3.32,4,2,4,2,53,44,0.27,0.01,0.3,0.7,5.52,4.07,3.46,4.65,4.87,2.24,1.35,4.78,4.62,4.81,1.78,3.22,4.05,4.88,3.62,1964,1967,0,2,4.75,0
0.04,0.74,1.54,1.65,0.37,0.8,0.54,1.03,3.0,3.5,4.88,3.31,2.86,3.73,2,6,0,2,65,38,0.24,0.39,0.82,0.18,3.29,4.86,4.29,3.24,3.08,3.08,1.46,1.29,4.21,1.07,4.76,3.55,4.72,3.7,1.09,1415,2089,0,3,1.02,1
0.03,0.93,1.1,0.85,0.61,1.32,3.13,2.3,4.0,7.1,1.08,1.53,3.74,3.51,5,6,6,0,61,41,0.96,0.74,0.04,0.96,3.59,2.56,4.37,1.78,4.02,2.01,4.19,3.91,1.9,3.77,4.2,1.23,1.07,3.96,2.42,1793,1720,0,5,4.39,0
0.18,0.64,2.06,1.85,2.81,2.2,3.91,3.26,5.7,6.9,4.42,2.94,2.05,1.78,2,3,6,2,46,56,0.63,0.97,0.56,0.44,2.9,2.98,2.45,2.42,3.63,3.2,3.29,2.51,2.06,3.03,4.47,4.83,3.28,2.32,1.59,2088,1825,1,2,3.87,1
0.31,0.65,1.54,0.88,0.34,2.73,1.18,1.79,7.2,2.3,1.1,2.89,3.15,2.14,6,4,2,5,65,34,0.34,0.16,0.52,0.48,2.33,3.76,2.51,1.33,2.91,3.21,1.57,3.55,2.91,1.57,2.71,1.79,4.97,2.3,2.36,1724,2062,0,5,2.74,2
0.69,0.54,0.36,2.39,1.77,1.1,2.63,0.43,5.0,2.2,4.81,3.33,4.62,1.03,7,6,5,6,64,37,0.01,0.58,0.25,0.75,3.04,4.48,3.8,4.5,3.28,4.07,3.24,3.06,4.15,1.14,2.65,3.54,2.16,2.2,3.22,1651,1731,1,4,1.38,2
0.41,0.29,2.52,1.21,1.54,1.82,2.52,1.62,7.2,5.6,3.94,2.27,3.53,4.53,6,6,4,3,53,44,0.23,0.45,0.49,0.51,5.78,1.67,3.22,3.14,4.63,1.2,1.66,4.63,2.74,2.5,2.37,3.16,3.05,3.2,2.52,2009,1738,1,5,3.25,1
0.17,0.51,1.91,2.28,2.28,2.67,4.44,4.06,4.4,2.1,3.33,1.23,1.55,2.39,7,3,5,2,65,36,0.47,0.33,0.34,0.66,3.58,1.55,2.58,3.64,1.43,1.45,2.93,1.13,2.17,2.11,1.2,2.68,2.79,1.46,2.93,1712,1933,0,2,2.26,2
0.98,0.35,3.55,1.51,2.48,0.27,2.44,0.95,7.5,4.6,3.9,2.54,4.61,2.61,7,2,4,4,53,44,0.81,0.53,0.4,0.6,3.47,1.08,1.56,2.29,4.17,1.57,5.0,5.0,1.48,3.68,4.75,3.54,3.5,1.96,2.32,1675,2020,0,4,3.89,2
0.82,0.36,3.59,2.98,2.52,0.27,2.13,2.55,3.9,4.5,4.24,2.4,3.93,3.57,2,7,5,2,65,38,0.95,0.11,0.38,0.62,3.22,2.41,2.27,3.64,1.81,1.73,3.35,1.73,1.99,4.37,2.6,4.94,2.28,2.94,3.33,1452,1773,0,2,1.23,2
0.47,0.38,2.27,0.36,0.84,2.11,3.17,3.51,7.2,5.4,1.76,3.06,4.33,4.41,2,2,3,5,48,49,0.58,0.49,0.1,0.9,5.76,4.94,2.06,1.9,1.81,4.25,3.07,4.87,3.32,1.06,4.59,2.13,4.9,1.38,2.24,1732,1589,1,1,0.18,2
0.69,0.22,1.31,0.96,2.44,1.09,3.37,4.27,1.3,2.1,2.22,3.43,2.03,1.76,4,6,4,1,41,59,0.09,0.84,0.52,0.48,2.68,2.56,1.92,2.87,3.67,3.81,4.22,3.04,2.23,4.48,2.2,4.58,2.99,2.17,2.55,1606,1680,1,5,4.4,0
0.41,0.49,2.55,0.94,0.58,0.3,1.02,2.91,2.1,2.0,2.33,1.5,3.25,2.27,4,6,3,5,61,40,0.29,0.33,0.65,0.35,3.91,2.2,4.31,4.75,1.6,3.38,1.22,4.1,4.34,1.88,1.01,1.71,4.42,4.48,2.1,1585,1477,0,3,1.22,2
0.69,0.2,2.52,3.0,0.49,2.47,0.68,2.66,6.5,6.2,3.22,1.05,3.85,2.33,4,3,0,1,62,38,0.5,0.1,0.63,0.37,3.28,3.52,3.58,4.35,1.83,2.16,3.81,1.04,1.1,3.91,1.52,2.62,1.83,2.48,2.45,1488,1405,1,5,2.74,2
0.41,0.59,1.46,0.41,1.4,2.7,4.46,3.01,6.5,7.2,4.67,4.19,3.47,3.38,2,3,2,6,35,63,0.18,0.78,0.65,0.35,2.23,4.02,1.1,3.69,1.96,1.87,3.79,2.5,4.84,1.52,3.92,4.21,2.82,2.62,2.7,1627,1570,0,4,2.6,2
0.37,0.66,2.58,0.74,3.29,2.67,4.23,1.6,1.5,7.2,1.35,4.22,4.88,4.68,7,7,0,0,49,50,0.47,0.12,0.5,0.5,4.31,1.02,2.57,3.5,4.59,2.79,4.98,4.41,1.79,1.91,3.39,1.08,3.51,3.95,1.91,1453,2043,0,3,4.2,0
0.38,0.51,0.72,3.42,1.87,2.24,2.04,0.23,6.2,2.9,1.62,3.89,4.15,4.94,4,6,3,3,54,43,0.94,0.25,0.39,0.61,4.34,1.72,2.16,3.27,1.01,4.89,2.92,2.45,3.2,4.38,3.95,1.34,1.72,1.2,2.38,2038,1451,0,3,0.1,0
0.7,0.05,0.32,1.16,2.46,1.49,4.47,3.62,5.3,4.0,3.49,2.7,1.45,4.96,2,3,2,4,63,36,0.77,0.08,0.87,0.13,2.48,2.41,4.61,4.36,4.18,1.9,3.19,3.23,3.45,3.27,1.93,2.78,4.25,1.73,3.11,1537,1771,0,4,0.03,0
0.83,0.2,2.98,3.46,2.19,2.82,3.83,0.24,7.5,5.1,1.11,3.95,1.54,2.7,4,7,2,1,49,48,0.51,0.62,0.87,0.13,4.45,1.19,1.13,4.99,3.93,1.96,3.3,2.58,1.1,2.7,4.9,2.36,1.16,1.06,3.3,1996,1465,0,4,2.73,0
0.61,0.49,3.37,1.49,2.62,2.19,3.28,2.26,4.1,6.3,3.47,1.64,1.7,3.98,6,5,1,4,49,53,0.95,0.76,0.51,0.49,5.59,2.88,4.13,4.5,3.91,2.75,2.79,2.65,1.07,2.02,1.28,4.46,4.25,4.89,2.85,1933,1484,1,4,3.41,1
0.27,0.82,1.52,2.58,3.26,2.15,4.14,1.84,5.3,7.8,3.75,4.19,4.91,1.02,2,5,1,1,39,62,0.82,0.32,0.25,0.75,3.91,3.29,3.94,3.23,3.91,3.16,4.86,3.69,3.85,4.46,1.72,1.69,4.95,1.62,2.57,1891,1582,1,5,2.04,1
0.87,0.1,2.32,3.19,1.69,2.74,3.74,2.91,2.3,2.2,4.39,2.55,2.72,2.21,4,5,4,0,35,62,0.98,0.29,0.44,0.56,4.06,3.52,2.82,3.06,4.51,4.86,3.11,4.04,2.25,1.59,1.15,2.14,1.09,2.47,1.92,1860,1700,0,1,4.91,2
0.51,0.6,0.2,3.19,3.44,0.71,3.17,0.44,2.0,3.7,2.86,4.35,2.01,1.3,4,7,6,2,65,34,0.53,0.79,0.99,0.01,2.47,1.26,2.44,2.64,1.09,1.1,4.48,2.1,4.75,2.39,3.78,1.49,2.99,4.48,3.92,1793,1623,1,2,0.12,0
0.33,0.66,2.18,0.91,3.11,2.12,4.4,2.6,6.0,1.9,4.25,1.07,1.19,2.64,5,5,5,0,39,62,0.35,0.17,0.91,0.09,3.31,4.25,2.7,2.08,1.24,1.64,2.2,1.94,2.71,2.56,3.75,2.95,3.03,2.79,4.2,1662,2095,0,5,2.58,2
0.98,0.16,2.86,1.3,2.54,1.57,3.25,0.34,2.6,5.1,3.98,2.21,1.92,1.59,2,3,2,0,58,43,0.69,0.1,0.3,0.7,3.88,2.63,2.31,1.13,3.49,3.64,2.79,3.3,1.47,4.02,1.78,3.11,4.19,2.64,2.28,1642,2034,1,3,1.93,2
0.48,0.18,1.11,0.78,3.48,1.67,3.79,0.7,2.3,2.8,1.7,1.5,3.6,3.11,7,2,6,0,38,64,0.93,0.21,1.0,0.0,5.89,1.56,3.69,2.08,2.95,1.93,3.23,1.4,4.58,2.56,2.44,1.51,3.59,3.54,2.74,1546,2026,0,4,3.3,0
0.14,0.68,0.31,2.69,1.86,2.85,0.44,2.27,5.2,2.0,3.08,4.16,4.09,2.6,7,5,5,3,47,50,0.82,0.19,0.7,0.3,3.67,2.18,1.92,4.84,4.83,1.7,3.33,1.99,1.13,4.73,4.87,3.19,3.15,2.87,3.37,1717,1757,0,1,1.99,1
0.81,0.02,1.69,3.74,0.23,3.32,2.64,2.06,3.5,5.6,1.43,4.37,4.01,2.99,6,3,0,3,37,66,0.11,0.11,0.88,0.12,3.9,2.76,3.62,3.59,1.9,2.92,3.82,5.0,2.68,4.64,1.5,1.36,3.53,2.45,2.63,1991,1440,1,5,0.92,1
0.6,0.63,1.72,1.57,1.8,0.81,0.67,3.33,4.7,2.5,2.57,1.36,1.05,4.07,7,2,4,3,46,56,0.09,0.55,0.55,0.45,5.4,3.36,2.34,1.56,3.58,2.62,4.99,3.5,1.55,3.87,4.54,3.56,1.91,1.57,2.34,1712,1500,0,1,1.19,0
0.27,0.54,3.5,0.33,1.27,2.79,0.89,2.6,6.1,5.5,4.42,2.92,2.63,1.17,4,3,4,3,46,55,0.22,0.36,0.23,0.77,2.83,4.22,3.77,3.35,4.34,4.78,1.58,3.01,1.62,2.43,3.95,1.02,2.83,4.68,2.77,1538,1637,0,1,4.94,2
0.61,0.37,3.17,1.54,1.98,2.12,1.97,0.59,1.5,6.9,4.93,4.62,2.99,2.16,7,7,0,4,48,50,0.92,0.31,0.44,0.56,5.82,2.48,4.04,3.3,3.83,1.89,1.79,2.33,3.96,3.58,2.41,4.93,2.14,3.53,4.14,1550,1553,1,2,1.89,2
0.31,0.23,2.05,2.45,1.52,2.09,3.55,0.81,7.4,6.2,3.29,4.06,3.88,4.46,5,3,0,0,54,47,0.82,0.71,0.99,0.01,2.19,3.25,4.46,4.15,2.93,3.58,4.36,3.74,2.04,4.37,2.12,3.78,3.71,4.31,1.76,1815,1648,1,2,0.07,1
0.35,0.16,3.42,2.71,1.46,3.0,4.09,3.78,6.8,2.1,3.76,1.4,1.4,3.92,3,5,4,0,57,45,0.81,0.93,0.14,0.86,4.34,4.01,1.04,4.78,4.23,2.0,2.11,4.7,2.68,2.21,4.05,1.68,2.94,3.76,2.95,1816,1516,1,5,3.09,2
0.29,0.1,3.15,3.47,1.98,2.12,4.11,1.22,7.7,2.0,4.22,3.24,2.69,4.69,3,7,3,2,46,54,0.88,0.03,0.24,0.76,3.84,3.46,1.12,2.8,2.22,2.8,2.26,2.86,1.13,1.9,4.14,2.18,4.26,1.11,2.89,1634,1606,1,3,0.37,2
0.61,0.41,1.82,1.36,1.35,1.72,1.13,1.51,2.5,2.9,1.96,4.24,2.34,3.78,6,2,5,1,51,47,0.43,0.47,0.53,0.47,4.67,3.02,4.61,1.15,3.23,2.31,4.35,4.72,3.74,3.41,3.97,4.9,4.46,1.22,3.93,1975,1814,0,1,0.15,0
0.27,0.24,1.06,0.44,0.35,2.44,2.62,3.27,6.1,4.8,3.1,2.96,1.31,3.32,4,3,1,2,53,47,0.89,0.51,0.7,0.3,5.21,4.56,3.62,3.17,2.37,3.28,2.04,4.76,3.07,1.69,3.48,1.42,1.3,2.59,3.76,1595,1465,1,5,3.58,2
0.14,0.58,0.71,0.82,1.94,3.1,4.24,1.09,3.9,2.7,3.22,2.25,3.52,2.82,6,3,3,6,35,64,0.99,0.93,0.77,0.23,5.08,4.59,2.23,3.74,4.99,1.48,1.16,1.33,3.91,1.79,4.2,1.69,2.41,2.25,4.92,1832,1602,0,2,1.04,2
0.46,0.61,2.45,2.07,1.79,2.27,3.17,2.12,6.8,3.0,2.15,3.93,4.56,3.12,6,2,0,5,42,56,0.14,0.71,0.96,0.04,3.25,2.62,4.39,2.35,3.99,1.78,3.56,2.18,3.96,2.01,2.12,2.88,4.46,3.1,1.85,1776,1854,0,1,0.92,0
0.19,0.52,1.78,3.59,2.5,1.48,2.99,0.38,7.0,7.4,2.0,1.55,4.59,1.32,4,7,2,1,38,63,0.06,0.09,0.92,0.08,4.37,2.12,3.16,1.68,4.37,1.73,4.4,4.7,3.7,3.92,3.62,1.94,2.18,1.98,1.96,2059,1661,1,4,4.87,0
0.35,0.44,3.71,2.2,3.11,3.17,1.34,1.39,1.8,2.6,3.24,2.21,4.35,3.16,4,5,2,3,62,36,0.51,0.48,0.8,0.2,2.48,4.99,4.43,2.86,4.52,1.59,3.06,1.33,3.49,1.98,1.64,4.76,2.72,3.84,3.8,1816,1908,1,1,0.52,2
0.41,0.85,1.36,3.01,3.15,3.27,2.3,2.99,4.4,3.3,3.57,2.66,1.89,4.39,5,7,0,2,54,43,0.56,0.41,0.31,0.69,5.25,1.98,2.29,2.75,3.19,4.63,2.7,3.95,3.37,2.53,1.15,3.24,2.31,2.09,1.94,2097,1581,0,5,3.02,0
0.25,0.8,2.9,3.4,1.63,3.09,1.94,0.5,3.2,6.7,1.58,4.39,3.27,2.27,3,7,5,0,45,58,0.6,0.36,0.36,0.64,2.98,4.68,4.48,3.85,2.25,3.05,4.54,4.89,4.13,3.44,3.4,3.62,1.21,2.6,2.86,1916,1835,1,2,4.8,1
0.07,0.08,2.42,1.43,1.77,2.0,3.42,3.47,3.0,2.9,2.43,4.84,2.26,4.46,5,5,6,6,42,61,0.49,0.37,0.55,0.45,5.07,4.89,3.22,4.4,3.62,2.27,2.04,4.48,3.84,4.48,2.01,3.97,1.09,1.14,3.61,2024,1679,0,1,4.99,1
0.48,0.5,3.07,2.89,3.43,1.43,1.17,1.08,2.0,6.9,4.24,1.53,4.75,3.3,7,3,5,5,41,56,0.29,0.5,0.88,0.12,2.61,2.44,4.95,1.69,3.64,1.74,1.16,4.37,2.11,3.9,1.58,1.24,3.88,2.55,1.8,1926,1786,1,5,0.72,0
0.36,0.25,0.73,2.1,3.46,0.5,2.69,3.82,5.6,5.6,3.48,1.71,4.66,1.23,3,2,0,6,38,62,0.96,0.43,0.22,0.78,3.88,4.45,2.29,3.68,1.76,2.73,3.87,4.8,1.76,4.38,4.23,2.96,4.66,3.18,1.7,1484,1591,1,5,0.66,2
0.11,0.62,0.43,3.6,3.36,3.41,0.71,1.37,7.3,1.9,4.67,3.66,4.1,3.77,4,2,0,1,64,38,0.11,0.03,0.79,0.21,5.11,1.36,3.69,1.82,4.88,4.73,1.91,3.49,1.7,3.88,2.15,3.09,4.22,1.83,1.43,1881,2008,0,2,3.15,0
0.71,0.03,1.62,3.62,2.75,1.89,2.29,3.18,1.7,3.3,2.84,4.29,3.52,1.71,5,2,5,4,60,42,0.88,0.58,0.05,0.95,4.46,3.87,4.96,4.23,2.85,1.1,3.31,2.29,4.16,1.17,4.03,4.76,1.1,2.62,4.72,1587,1825,1,3,4.04,0
0.96,0.17,1.81,2.9,0.65,3.42,3.1,2.67,7.8,5.0,1.8,2.06,2.31,1.58,6,2,0,3,58,40,0.12,0.42,0.2,0.8,2.07,2.65,1.06,2.94,1.55,1.3,1.55,3.84,1.18,4.36,1.47,3.1,2.57,1.9,4.42,1905,1753,0,5,4.41,2
0.15,1.0,1.74,1.01,1.44,1.77,3.9,3.23,5.3,1.9,1.29,1.9,4.85,1.4,3,2,6,6,59,44,0.26,0.87,0.47,0.53,2.63,2.62,2.12,2.07,3.06,3.49,2.37,2.82,2.97,1.24,2.47,2.47,1.65,2.26,3.34,1586,2085,1,2,2.15,2
0.94,0.74,0.68,0.21,0.25,0.41,3.77,3.6,4.2,4.6,1.68,2.44,1.02,4.85,2,6,4,1,42,57,0.33,0.46,0.25,0.75,5.06,1.75,2.26,4.31,3.62,4.91,2.79,4.15,4.64,3.55,1.63,3.98,4.16,4.38,3.93,1491,1689,0,3,2.16,0
0.37,0.87,3.75,1.57,0.91,1.7,3.89,1.33,3.3,3.7,1.51,3.42,4.49,2.67,3,4,3,6,42,60,0.39,0.94,0.84,0.16,3.71,1.31,2.71,3.5,3.46,1.51,2.5,2.91,1.15,3.57,3.6,1.73,4.46,4.32,4.74,1998,1515,0,3,3.94,1
0.43,0.26,1.98,1.5,3.46,1.98,0.44,2.98,4.6,5.0,2.86,3.66,3.28,1.08,4,7,1,3,64,38,0.75,0.96,0.74,0.26,5.78,4.53,3.26,2.1,2.64,3.8,4.76,3.26,2.01,4.46,4.64,2.11,2.15,3.21,1.5,1795,1639,1,2,2.51,2
0.57,0.25,1.25,0.6,3.07,2.86,1.42,0.35,4.7,6.0,2.6,1.89,4.82,1.65,3,2,1,1,35,62,0.81,0.29,0.48,0.52,4.74,1.32,2.41,2.27,4.07,2.25,3.48,2.74,1.03,1.32,1.87,1.49,3.62,4.54,4.01,1687,1915,1,1,1.34,2
0.62,0.28,2.59,0.98,1.44,0.76,1.29,3.31,4.4,3.8,4.18,3.98,2.89,4.25,7,2,6,2,52,51,0.65,0.71,0.6,0.4,2.11,1.89,3.86,4.98,1.83,4.07,1.43,3.87,4.05,3.45,1.19,1.72,3.14,4.02,4.63,1417,1891,1,1,4.85,2
0.81,0.85,2.27,0.38,0.43,0.97,3.9,3.86,6.1,2.5,3.03,2.94,4.34,3.18,7,7,1,2,44,58,0.75,0.99,0.87,0.13,4.25,4.42,1.56,2.54,3.06,1.85,4.59,3.07,4.37,3.73,3.36,3.32,1.69,3.73,3.18,1912,1673,1,3,3.87,2
0.96,0.04,3.41,1.62,1.26,0.34,2.04,4.05,6.6,2.3,2.27,3.64,3.94,3.86,7,3,6,1,41,60,0.59,0.7,0.59,0.41,2.47,2.37,1.99,3.73,2.46,4.38,2.56,4.93,2.31,3.56,1.76,2.45,3.72,2.43,2.55,2064,1608,1,1,0.07,2
0.49,0.83,2.43,0.26,1.64,0.24,1.83,0.34,6.3,3.3,1.19,3.59,3.03,1.24,4,3,2,5,61,40,0.29,0.89,0.91,0.09,3.3,2.26,4.27,1.11,4.68,1.18,2.77,4.79,2.15,2.51,1.74,4.42,2.54,4.48,4.24,1587,1924,0,1,3.59,0
0.3,0.7,0.85,0.56,2.1,1.47,0.76,0.8,5.2,7.6,1.14,1.36,4.22,3.18,6,2,3,1,50,47,0.97,0.12,0.97,0.03,2.71,4.64,3.6,3.61,2.34,2.44,1.13,3.23,2.92,3.82,3.81,4.41,3.6,2.07,1.68,1710,1802,1,1,1.38,2
0.66,0.37,3.71,2.17,2.14,2.8,0.37,0.34,5.2,7.0,4.82,3.91,2.8,3.07,4,2,2,2,42,59,0.75,0.86,0.84,0.16,4.28,1.61,2.09,2.6,4.92,3.19,2.3,3.46,1.61,3.95,1.5,4.8,3.49,1.53,3.14,1537,1761,0,4,2.88,1
0.22,0.62,3.57,0.54,0.5,2.11,0.4,3.79,7.3,6.3,4.76,3.09,4.02,1.91,4,5,4,2,57,45,0.63,0.3,0.04,0.96,3.12,2.22,2.62,4.3,3.46,4.51,2.52,2.36,1.69,2.76,1.48,2.21,1.26,2.35,2.42,1602,1571,1,1,3.47,2
0.93,0.86,2.36,3.41,2.51,0.72,3.13,3.31,1.3,4.7,4.88,3.34,3.65,4.24,7,7,0,0,65,33,0.74,0.89,0.68,0.32,2.53,2.99,1.26,1.97,2.54,2.44,3.45,1.76,2.55,2.72,3.04,3.28,3.34,4.81,3.24,1984,2094,1,5,3.65,1
0.82,0.33,2.31,2.77,1.45,0.83,0.44,2.06,1.4,1.3,2.56,2.13,2.07,1.27,3,5,0,5,48,55,0.01,0.93,0.92,0.08,5.95,4.71,2.36,4.59,2.47,4.03,1.67,4.06,2.99,4.68,4.81,2.95,2.37,2.2,3.98,2021,1537,0,5,2.3,2
0.5,0.31,2.98,0.67,3.49,1.59,3.16,0.7,6.5,3.3,3.05,2.51,4.9,4.85,7,2,6,4,50,47,0.16,0.13,0.26,0.74,5.38,4.17,4.95,1.24,2.0,4.65,1.1,2.29,1.71,2.31,4.25,1.89,3.84,1.37,3.62,2009,1736,0,4,0.51,1
0.48,0.95,3.07,2.66,0.47,2.11,2.12,3.87,3.2,3.8,4.44,2.77,2.61,4.76,6,5,4,1,64,37,0.16,0.77,0.51,0.49,3.73,4.84,1.11,4.42,2.0,2.96,2.36,3.29,3.04,2.52,3.2,4.48,4.6,2.17,1.1,1466,1845,1,1,0.83,2
0.02,1.0,3.78,2.11,3.41,2.73,1.29,0.3,4.1,5.4,4.37,2.09,4.33,1.24,3,3,1,5,47,52,0.07,0.75,0.5,0.5,3.78,1.11,2.16,2.22,2.62,3.85,3.7,1.22,1.28,3.13,2.01,3.84,2.31,2.71,4.11,1840,1612,1,2,3.4,2
0.69,0.04,2.0,3.42,2.64,2.02,1.2,0.63,4.5,7.9,3.42,2.28,2.04,3.36,2,5,3,0,54,48,0.87,0.15,0.53,0.47,4.5,3.78,2.4,3.82,4.62,3.5,1.86,3.31,1.87,4.97,1.86,2.24,3.02,2.19,2.76,1983,1723,1,4,2.79,1
0.99,0.73,3.12,3.14,3.17,1.43,1.86,1.54,2.4,6.5,1.46,4.58,4.0,1.11,5,2,3,2,47,55,0.53,0.09,0.71,0.29,2.96,4.36,1.65,4.68,1.17,1.01,4.41,3.35,2.41,1.64,3.7,4.5,3.52,1.49,3.59,1405,1600,0,5,2.15,2
0.72,0.8,3.78,2.51,0.3,2.37,2.18,2.05,5.0,3.1,3.99,2.35,2.9,2.93,5,5,3,4,49,54,0.32,0.68,0.4,0.6,2.0,2.84,3.4,4.21,3.94,2.83,3.35,1.66,3.42,4.55,2.42,3.8,4.62,1.59,2.1,1545,1819,1,1,4.41,2
0.62,0.96,3.37,3.21,1.35,0.75,3.7,3.64,3.7,4.3,4.69,1.1,1.52,1.36,2,7,5,5,59,39,0.97,0.93,0.88,0.12,4.82,2.03,1.7,3.62,1.76,1.96,4.85,2.9,4.02,1.62,2.53,1.3,3.03,4.81,4.14,1687,1820,0,2,4.92,2
0.97,0.02,2.45,0.57,1.1,0.7,1.47,0.27,4.9,7.9,1.48,1.1,4.77,2.35,4,7,4,6,40,60,0.96,0.13,0.85,0.15,2.68,2.88,2.59,3.46,3.68,3.41,3.95,1.14,4.89,1.99,2.26,2.2,3.03,1.96,2.0,1849,1869,1,2,2.57,2
0.57,0.01,3.74,0.97,3.35,0.95,0.89,3.24,7.4,5.3,1.12,4.05,1.82,3.19,4,5,1,0,64,39,0.38,0.22,0.92,0.08,3.36,4.37,2.02,1.99,3.68,3.3,4.7,2.55,4.08,1.07,2.54,1.27,2.76,1.08,1.49,1536,2090,0,4,0.99,0
0.82,0.54,1.02,3.59,3.29,3.07,3.11,1.34,7.5,7.1,3.78,4.77,1.87,3.69,7,2,6,1,37,66,0.11,0.31,0.0,1.0,5.12,4.79,3.67,5.0,2.01,4.79,4.31,2.88,1.92,1.41,1.36,1.34,1.61,4.39,1.49,1616,1729,1,4,3.56,0
0.54,0.84,3.64,3.52,1.22,1.31,4.38,1.34,7.3,4.5,4.09,2.36,1.1,3.8,7,5,4,3,55,46,0.73,0.83,0.61,0.39,5.08,1.25,1.89,1.53,3.67,2.48,1.63,1.79,1.4,1.06,4.02,3.2,4.09,4.22,2.29,2021,1460,0,5,4.28,0
0.18,0.22,1.38,2.36,1.05,2.65,2.83,0.21,4.6,2.7,4.15,2.02,3.21,1.35,3,5,3,6,61,38,0.16,0.49,0.59,0.41,4.74,1.23,2.48,3.47,3.23,4.47,4.65,3.12,2.99,2.23,3.42,4.28,1.98,2.76,1.92,1754,1935,1,1,3.46,2
0.8,0.49,3.45,2.84,0.7,2.37,1.51,2.99,3.3,7.5,2.83,3.62,4.47,2.37,7,5,2,6,46,55,0.98,0.82,0.24,0.76,5.43,1.99,1.75,1.98,1.5,3.44,2.39,1.87,3.37,3.84,2.07,4.37,2.12,2.62,2.24,1765,2005,0,2,4.18,2
0.23,0.67,2.63,1.08,2.09,2.36,4.23,1.62,7.8,7.4,3.24,2.84,3.12,3.79,5,2,5,6,40,60,0.43,0.11,0.95,0.05,3.01,4.13,3.44,1.78,1.58,4.25,1.1,3.8,2.79,4.35,2.12,2.9,3.71,4.98,3.08,2052,2020,1,5,1.35,2
0.96,0.06,3.39,3.63,3.48,2.06,2.53,0.79,2.0,6.2,4.31,1.32,3.75,2.55,2,4,3,1,49,51,0.23,0.02,0.79,0.21,2.95,2.91,1.03,4.04,2.14,2.98,4.53,4.07,4.27,2.81,1.56,4.7,3.16,1.19,4.39,2014,2076,0,1,3.72,2
0.14,0.46,0.76,1.46,3.23,1.64,1.75,3.79,3.5,2.7,1.7,2.03,4.07,4.83,5,4,2,1,35,62,0.6,0.11,0.94,0.06,3.37,4.09,4.23,2.92,3.11,1.85,1.87,3.03,1.66,3.82,2.43,2.08,1.34,1.13,1.39,1453,2048,0,2,0.9,0
0.04,0.89,1.84,3.33,0.48,1.14,3.85,4.44,4.9,3.3,1.09,2.76,2.12,1.43,5,2,6,6,51,46,0.91,0.73,0.47,0.53,2.96,1.76,3.7,1.03,2.3,4.51,1.06,1.62,3.28,4.87,3.51,2.63,1.32,4.53,2.14,1689,1599,0,4,0.31,0
0.0,0.06,2.77,1.63,2.92,2.74,1.16,1.81,5.1,3.6,1.77,3.16,4.9,1.0,2,7,1,4,59,42,0.34,0.27,0.5,0.5,2.09,1.55,4.6,2.39,1.96,3.14,2.49,4.58,2.68,4.87,2.29,3.16,2.73,2.35,1.66,1970,1444,0,1,3.72,1
0.39,0.32,2.37,2.07,2.79,0.84,1.24,1.19,1.6,3.9,4.8,1.41,3.91,2.35,7,2,2,4,41,62,0.94,0.77,0.51,0.49,5.58,1.05,2.5,3.91,3.98,2.93,2.5,3.86,1.77,2.39,1.11,4.42,1.73,4.87,3.5,1562,1969,1,5,0.9,2
0.18,0.99,2.08,2.79,1.06,1.33,0.78,1.58,1.6,6.3,2.0,2.05,2.71,1.14,4,4,4,0,41,61,1.0,0.75,0.07,0.93,5.45,2.98,1.3,2.43,1.5,2.1,3.31,3.95,4.84,3.95,3.09,3.69,3.24,4.86,4.23,1790,1952,1,2,1.47,2
0.52,0.03,0.97,2.41,3.21,2.35,2.69,4.34,5.1,6.2,5.0,4.34,3.55,3.98,3,3,4,3,55,46,0.58,0.44,0.16,0.84,2.43,1.22,1.91,4.22,2.92,3.64,3.3,4.55,4.08,3.35,2.0,3.76,2.74,1.62,1.58,1947,2096,0,4,2.36,1
0.02,0.24,2.82,2.32,0.54,1.85,2.3,0.84,1.7,4.2,3.86,3.53,4.83,1.42,3,4,1,0,41,61,0.17,0.42,0.2,0.8,4.16,4.59,1.14,1.8,1.98,4.44,1.78,1.35,4.41,1.53,2.25,3.34,1.83,1.11,2.61,2019,1614,0,4,1.93,2
0.17,0.17,0.34,1.04,3.23,3.33,3.46,1.01,7.2,5.5,1.3,3.63,1.6,2.56,7,6,4,0,39,63,0.81,0.5,0.07,0.93,2.07,2.21,2.08,2.5,3.65,4.25,4.48,3.07,1.72,3.2,1.48,3.94,1.46,2.02,4.96,1756,1467,1,4,4.54,0
0.9,0.67,1.99,0.92,1.46,3.21,3.96,2.51,7.0,5.5,2.3,4.96,2.2,3.19,2,5,4,2,46,52,0.75,0.47,0.97,0.03,4.71,4.6,2.17,3.35,4.57,4.14,4.1,4.66,4.68,3.39,3.24,3.34,4.6,3.68,4.78,2065,1544,0,4,4.84,1
0.03,0.82,0.81,1.17,3.07,2.66,1.57,2.75,7.2,6.1,4.35,2.85,1.96,2.37,2,4,4,0,56,46,0.61,0.64,0.74,0.26,5.02,1.48,4.59,4.12,2.5,1.27,3.62,3.76,2.16,3.18,1.98,2.33,3.96,4.63,1.97,1630,1448,1,2,3.44,0
0.74,0.48,3.71,2.73,0.25,1.68,0.25,3.23,6.6,3.9,4.25,2.89,1.57,1.51,7,6,3,0,36,63,0.9,0.49,0.54,0.46,2.56,1.23,2.96,4.96,1.28,3.77,1.85,3.99,1.29,4.93,3.89,1.03,2.19,2.92,4.05,1631,2028,0,4,4.12,2
0.29,0.95,3.47,0.4,2.91,0.97,2.25,0.44,5.6,1.4,4.42,1.55,3.05,4.64,4,4,2,5,36,61,0.54,0.79,0.82,0.18,2.29,3.83,3.43,2.77,1.23,1.12,3.96,3.45,2.58,2.19,4.88,2.51,1.17,2.62,2.92,2067,1426,0,3,3.12,2
0.49,0.62,0.53,2.28,1.58,1.53,4.27,4.14,1.8,3.1,3.3,4.45,4.11,4.87,6,3,5,0,57,40,0.2,0.54,0.75,0.25,3.4,1.16,2.53,2.3,1.66,4.8,1.86,3.59,3.89,1.15,2.29,1.76,3.94,3.29,2.49,1879,1762,1,2,3.99,0
0.13,0.87,2.0,2.43,1.83,0.83,2.02,0.23,1.6,2.8,1.72,4.9,1.62,1.22,3,5,1,0,36,63,0.28,0.27,0.21,0.79,5.54,4.18,2.78,3.96,4.66,3.68,4.41,3.15,1.11,4.21,1.0,1.69,2.76,2.84,2.64,1826,2089,0,1,4.26,0
0.7,0.83,0.85,1.23,1.61,1.96,1.71,0.42,7.7,1.6,4.65,2.19,2.6,4.84,6,7,6,2,52,47,0.07,0.52,0.03,0.97,3.54,2.81,3.8,4.62,2.55,2.9,1.72,4.57,2.22,2.96,1.82,4.04,4.07,2.89,1.87,1564,1887,1,5,1.83,1
0.51,0.58,3.43,0.77,0.96,0.68,4.4,0.87,5.7,7.7,4.09,4.82,2.17,2.56,7,5,4,5,36,64,0.22,0.71,0.33,0.67,3.7,3.58,2.93,2.51,1.02,1.26,3.93,3.81,3.79,2.47,3.21,2.17,2.2,4.7,3.1,1736,2045,1,4,1.67,2
0.34,0.54,3.17,0.68,1.86,2.82,0.71,3.42,2.9,5.2,3.35,3.23,1.26,2.28,3,6,1,2,44,54,0.29,0.4,0.41,0.59,5.21,3.65,3.78,2.34,4.54,2.61,4.03,4.36,1.33,2.26,1.17,1.41,4.52,1.27,3.76,1451,1713,1,5,1.64,1
0.77,0.26,2.28,0.36,1.67,1.06,4.48,3.74,1.9,1.2,4.7,2.58,1.85,3.96,6,7,5,2,56,41,0.91,0.22,0.42,0.58,5.48,1.29,2.5,4.36,2.79,2.36,2.54,3.36,1.2,4.55,2.91,1.16,1.27,4.77,2.11,1691,1918,0,2,3.23,2
0.45,0.73,1.1,1.31,1.07,0.47,0.43,3.49,7.6,2.8,1.66,3.01,2.05,4.33,5,5,5,6,60,38,0.69,0.81,0.77,0.23,4.18,1.28,2.28,4.77,4.79,3.29,1.36,2.03,3.19,3.08,4.04,2.15,2.81,2.61,3.47,1598,1579,0,5,2.06,0
0.05,0.01,3.45,0.58,2.85,2.43,0.33,2.91,5.2,2.5,1.93,4.39,4.5,2.02,6,7,3,1,37,61,0.38,0.44,0.42,0.58,2.62,1.03,1.55,1.51,4.39,1.86,1.19,2.74,3.93,4.89,3.91,3.33,1.78,2.73,4.9,1979,1824,1,2,0.7,1
0.24,0.59,2.23,2.26,1.94,2.22,2.18,4.48,2.3,7.2,3.8,3.0,4.43,1.49,6,7,3,0,62,38,0.64,0.55,0.66,0.34,5.15,1.17,4.91,3.3,3.39,1.29,4.25,3.48,1.36,2.52,3.83,5.0,1.22,4.27,4.69,1829,1804,0,5,0.56,1
0.28,0.29,3.35,2.96,1.31,1.34,0.72,4.12,1.8,1.3,4.32,4.74,2.91,2.11,6,2,3,0,61,42,0.49,0.35,0.21,0.79,5.58,2.5,3.4,1.97,3.62,2.44,2.97,3.64,3.1,1.46,1.76,1.76,1.65,1.44,1.78,1509,2017,1,2,0.34,0
0.79,0.18,3.63,1.27,2.47,2.74,2.01,0.38,5.7,1.9,2.54,4.83,3.11,4.09,7,3,2,6,46,53,0.17,0.58,0.08,0.92,5.06,3.11,1.92,4.19,1.06,1.66,2.41,2.21,1.27,3.07,3.88,4.83,1.71,1.13,3.97,1796,1906,0,3,4.94,2
0.16,0.0,0.55,2.77,3.02,1.54,3.14,2.41,5.7,3.8,2.69,1.43,3.76,4.47,4,2,1,2,41,62,0.73,0.56,0.44,0.56,2.56,4.15,3.49,2.33,4.21,3.16,2.19,4.16,1.93,3.75,3.52,2.11,1.57,1.4,2.11,1922,1478,1,4,1.57,0
0.68,0.84,3.12,3.38,3.23,1.05,1.77,1.08,2.9,6.1,2.4,3.24,4.33,4.47,3,5,0,0,38,60,0.3,0.84,0.86,0.14,5.04,2.55,2.69,4.07,1.91,1.81,2.45,2.24,2.5,3.25,3.06,1.06,4.34,3.02,3.01,1589,1831,1,1,1.6,0
0.09,0.81,1.55,2.47,2.94,0.56,1.65,2.14,4.7,6.6,1.82,3.14,4.34,3.61,2,4,4,1,47,52,0.69,0.46,0.64,0.36,4.35,1.42,1.01,2.11,3.74,3.33,4.04,1.46,3.77,1.33,4.42,1.35,2.09,2.14,2.23,1433,1792,0,4,4.52,0
0.1,0.1,2.5,2.71,0.36,2.67,2.87,1.97,2.4,4.2,2.16,1.83,1.87,4.65,4,4,5,3,46,53,0.66,0.65,0.65,0.35,4.22,3.63,4.16,2.06,4.12,2.6,4.86,1.49,4.38,2.44,4.88,2.06,1.79,2.8,4.82,2068,1805,0,2,4.35,0
0.16,0.46,0.27,0.73,2.04,1.36,2.64,0.88,5.6,5.5,3.09,2.83,3.02,1.38,4,3,3,6,53,46,0.44,0.19,0.48,0.52,2.9,4.67,3.76,1.72,3.84,4.94,2.04,3.79,4.1,2.04,2.85,4.54,4.98,1.75,3.26,1573,1826,0,3,1.6,1
0.42,0.9,1.04,3.47,0.9,1.8,1.08,0.75,6.4,6.9,1.62,2.93,1.96,1.97,2,3,1,0,36,66,0.59,0.97,0.79,0.21,4.54,4.15,4.53,1.89,2.16,4.3,2.67,2.14,3.3,4.72,1.82,1.61,1.54,2.6,3.65,1932,1624,1,2,2.5,0
0.53,0.2,3.23,2.58,3.34,0.95,3.03,1.82,5.0,4.8,3.92,2.99,1.14,1.17,6,4,1,1,48,53,0.89,0.99,0.26,0.74,4.01,1.87,3.44,1.41,4.56,2.9,4.72,2.15,2.22,3.16,1.29,3.44,4.16,4.82,3.66,1610,1886,1,3,3.01,0
0.36,0.28,1.28,0.29,2.74,0.71,3.28,4.2,3.0,3.9,4.05,1.87,3.15,4.97,2,5,3,1,36,61,0.76,0.77,0.43,0.57,3.63,3.11,2.93,1.37,4.81,3.53,3.37,4.4,2.44,1.19,4.84,4.89,4.96,3.43,3.71,1718,1577,1,2,2.75,0
0.86,0.8,1.65,2.0,3.22,2.17,3.05,4.12,7.0,7.1,4.73,1.76,3.71,4.38,3,5,1,1,49,54,0.47,0.13,0.76,0.24,3.45,1.42,3.13,3.62,4.69,2.14,3.77,2.82,3.45,4.21,2.24,1.56,1.99,1.12,2.52,2036,1818,1,5,1.06,0
0.8,0.21,0.66,3.37,1.95,2.81,0.5,2.69,2.4,3.4,2.38,3.96,3.31,4.52,4,7,3,5,43,56,0.34,0.41,0.96,0.04,4.06,4.63,2.98,2.1,4.02,4.26,3.68,3.2,4.75,1.99,4.08,1.05,2.79,1.36,2.83,1717,1645,0,4,1.13,0
0.74,0.33,3.21,3.04,2.33,2.52,3.57,3.33,4.7,6.0,4.97,4.18,2.78,3.43,5,7,4,0,62,41,0.61,0.78,0.74,0.26,4.28,1.55,4.27,2.2,4.05,4.27,4.47,3.23,4.41,4.37,4.68,2.54,2.78,4.48,1.06,1732,1700,0,3,0.53,0
0.49,0.26,1.68,0.88,3.17,3.25,0.73,3.32,6.4,5.5,2.93,1.53,1.19,2.51,2,6,0,0,63,40,0.19,0.1,0.85,0.15,3.54,2.32,2.31,2.23,1.15,3.71,4.12,3.93,3.44,4.4,4.96,3.47,4.63,3.42,3.83,1418,1751,1,1,0.64,2
0.14,0.58,1.98,2.2,3.26,1.71,4.08,3.99,3.8,1.2,4.56,2.78,1.04,1.04,4,3,4,1,60,39,0.02,0.99,0.82,0.18,2.94,4.1,1.54,3.8,3.92,4.73,2.12,4.68,1.32,4.49,4.32,4.93,2.43,3.16,4.31,1985,1423,1,3,0.69,2
0.62,0.09,2.31,2.1,0.78,2.74,1.91,4.45,2.8,4.3,3.07,1.76,1.68,4.97,3,2,5,4,62,37,0.8,0.49,0.63,0.37,4.39,1.15,1.47,4.06,4.23,4.36,3.3,3.81,4.4,4.8,1.31,2.33,3.27,3.38,3.64,1745,1510,1,3,2.97,1
0.77,0.57,3.72,2.63,3.36,2.75,4.31,4.06,5.2,2.0,2.12,3.46,1.77,2.62,4,2,2,5,57,44,0.66,0.2,0.38,0.62,5.06,4.69,1.12,1.37,2.9,1.05,1.78,1.63,4.36,2.0,3.34,3.67,1.38,2.44,4.69,2070,1780,1,5,0.1,1
0.18,0.51,1.84,2.81,1.01,1.96,2.98,1.15,2.5,4.6,2.52,1.24,3.9,2.24,6,4,5,3,51,49,0.82,0.0,0.75,0.25,2.19,2.67,1.86,1.91,1.81,1.4,4.99,3.22,2.58,3.59,1.5,4.05,2.1,4.03,3.8,1517,1683,1,5,1.46,2
0.2,0.36,1.12,1.85,2.53,3.12,2.91,1.43,4.7,5.1,2.02,1.87,4.48,4.23,6,5,3,2,44,53,0.77,0.78,0.04,0.96,4.43,1.99,3.8,2.31,1.95,3.11,1.22,4.88,1.28,3.24,2.18,2.14,4.01,2.94,4.3,1995,1911,0,3,0.91,0
0.46,0.86,2.21,2.64,1.07,0.95,1.88,1.17,1.9,5.6,2.58,4.39,3.41,4.85,2,5,5,4,49,53,0.28,0.4,0.13,0.87,3.83,4.91,3.53,2.63,4.4,4.23,2.97,4.6,4.05,2.08,2.37,3.52,4.3,2.11,1.91,1675,1850,1,3,3.48,0
0.27,0.34,2.92,2.68,2.55,3.47,1.87,3.53,2.1,5.8,1.79,2.47,3.25,1.75,6,3,4,0,41,61,0.97,0.34,0.71,0.29,5.33,2.35,4.07,3.17,3.5,4.14,4.42,1.63,3.58,3.56,4.84,1.16,4.53,2.83,1.68,1487,1636,0,5,0.25,1
0.01,0.64,0.51,1.72,0.5,1.34,2.15,0.27,4.8,1.5,3.35,4.0,2.07,4.26,3,7,4,6,65,34,0.33,0.48,0.06,0.94,3.21,1.59,1.41,1.02,2.92,2.6,4.99,4.95,4.31,1.6,4.84,3.0,4.91,3.56,1.57,1971,1511,1,3,0.66,0
0.28,0.8,2.6,2.13,2.48,2.63,4.25,3.47,2.4,5.1,4.76,1.95,4.65,1.47,3,4,5,6,49,50,0.13,0.23,0.49,0.51,5.65,2.17,4.06,1.83,2.72,2.29,1.66,2.91,3.27,4.4,3.25,4.63,4.42,1.1,2.47,1519,1772,1,4,1.51,2
0.03,0.23,2.22,2.61,2.77,0.98,2.25,2.56,2.3,1.5,1.38,2.56,4.66,4.51,2,2,0,0,52,45,0.34,0.19,0.12,0.88,5.1,4.14,2.58,1.21,4.11,1.03,2.34,4.02,2.68,4.5,2.48,1.82,3.19,1.97,2.6,1538,1785,0,1,2.63,0
0.97,0.38,3.76,3.08,1.75,1.54,4.16,2.84,4.4,5.7,3.2,4.07,3.61,1.85,7,6,3,6,42,61,1.0,0.57,0.11,0.89,3.0,4.49,4.3,3.93,1.85,1.55,4.54,3.84,2.97,4.18,3.01,4.13,4.08,3.36,1.3,1759,1646,0,2,4.08,2
0.66,0.8,3.01,1.47,2.04,0.84,1.78,3.8,2.3,3.3,4.85,1.68,3.33,2.38,2,7,2,3,49,54,0.37,0.23,0.58,0.42,2.05,1.85,3.46,3.79,3.36,3.89,4.56,2.57,2.51,4.29,3.09,3.1,3.46,3.45,2.05,1593,1717,0,3,3.63,2
0.68,0.19,3.08,2.47,0.25,1.94,4.44,1.78,5.9,7.3,4.62,3.54,1.69,2.23,5,7,4,2,63,35,0.42,0.0,0.52,0.48,2.17,4.19,1.03,3.31,2.56,2.39,4.6,2.72,1.54,2.48,4.44,1.64,3.3,4.21,4.94,1588,1907,0,5,0.22,2
0.81,0.71,2.33,0.49,0.97,2.61,3.91,3.51,7.3,4.8,1.94,2.45,4.69,1.07,6,2,2,2,58,41,0.69,0.93,0.67,0.33,3.29,1.39,4.3,1.7,2.06,1.18,2.5,1.45,3.6,2.85,2.68,1.03,3.32,2.21,2.04,1503,1929,0,5,3.31,2
0.72,0.84,2.79,2.58,1.35,0.34,4.22,0.55,6.4,7.3,3.76,3.16,4.93,2.47,6,7,5,3,60,39,0.44,0.02,0.31,0.69,2.37,4.78,4.89,2.11,3.04,4.03,2.22,3.97,4.16,1.17,4.87,4.5,4.66,2.12,2.65,1403,1996,1,4,0.35,2
0.62,0.82,1.32,1.51,1.91,0.94,0.8,0.35,2.5,7.2,3.26,3.42,1.22,3.38,3,4,3,6,54,49,0.64,0.18,0.4,0.6,3.04,4.24,3.03,3.37,3.44,2.81,4.92,4.03,1.6,2.1,2.18,1.13,2.95,4.33,2.65,1438,1695,0,2,3.0,0
0.42,0.34,0.76,1.37,0.26,2.83,4.23,0.91,3.1,2.4,2.94,4.48,3.21,1.16,6,6,1,2,35,64,0.15,0.62,0.23,0.77,5.27,2.07,3.16,4.63,4.84,3.87,4.95,4.27,2.21,4.23,1.47,3.31,4.79,2.93,4.06,1694,1444,0,2,2.36,1
0.17,0.39,3.1,3.18,2.94,1.02,2.06,3.79,1.0,4.2,1.75,4.95,3.38,4.89,4,7,4,0,52,48,0.14,0.34,0.36,0.64,3.56,2.5,1.01,4.56,1.84,4.01,1.11,3.19,4.36,1.24,3.47,3.98,2.54,1.07,1.79,1853,1708,1,1,2.57,0
0.7,0.85,1.45,1.49,0.41,0.38,1.06,0.42,5.4,2.8,2.2,3.85,1.19,4.82,3,6,2,1,57,45,0.57,0.19,0.86,0.14,5.73,2.31,1.68,1.18,2.92,2.29,3.27,1.15,1.51,1.41,1.62,3.1,2.23,2.95,4.71,1624,1947,0,4,4.35,0
0.85,0.86,1.79,0.25,2.56,0.5,1.75,3.2,1.0,5.2,3.05,1.7,2.16,2.91,6,7,2,3,50,50,0.63,0.81,0.53,0.47,4.73,4.13,3.03,2.78,2.24,2.5,2.0,3.88,2.83,4.76,1.79,2.36,2.77,4.55,2.76,1466,1951,1,3,2.01,2
0.56,0.23,1.42,2.85,2.84,2.58,2.35,4.46,1.1,1.4,1.38,4.51,2.0,2.97,3,7,6,5,48,49,0.42,0.47,0.32,0.68,3.75,3.11,2.3,3.91,4.36,2.18,1.35,4.41,3.49,3.45,1.51,2.53,4.79,4.12,1.05,1894,1708,1,2,4.48,0
0.58,0.45,2.84,1.82,3.2,2.34,0.77,1.07,7.6,2.2,2.35,1.83,2.85,2.68,6,5,3,2,58,40,0.8,0.53,0.29,0.71,4.84,4.92,4.64,4.35,2.36,2.44,2.24,4.08,4.01,4.49,2.26,3.12,4.26,3.72,3.88,1716,1682,0,2,4.13,2
0.87,0.53,1.64,1.11,3.03,0.45,3.95,0.95,6.4,4.7,2.05,3.11,3.29,3.93,7,3,2,1,58,45,0.27,0.57,0.11,0.89,5.9,1.13,4.18,1.36,3.6,1.48,3.77,1.26,2.34,3.26,4.6,4.34,2.14,4.3,1.53,2067,1614,0,4,3.67,0
0.43,0.29,0.67,3.19,2.28,3.5,1.06,1.01,2.5,7.6,4.59,1.49,2.72,3.91,4,4,5,6,43,57,0.89,0.07,0.91,0.09,2.0,1.47,2.79,2.16,1.76,2.57,4.19,3.23,2.46,1.6,4.15,4.84,2.9,1.85,1.5,1540,1850,1,3,4.27,1
0.16,0.97,0.35,1.69,3.1,0.89,3.69,1.71,3.8,7.5,1.74,1.81,2.34,2.49,7,7,1,1,62,40,0.97,0.28,0.54,0.46,4.85,2.58,2.7,4.15,2.33,1.17,2.38,2.87,1.38,2.32,4.05,3.9,2.93,1.1,2.78,1662,1968,0,1,3.6,0
0.09,0.16,2.43,2.78,0.51,2.11,1.11,3.24,3.7,1.0,4.59,3.68,1.16,4.4,2,5,3,1,63,34,0.15,0.62,0.52,0.48,3.47,2.69,1.29,3.02,2.83,1.56,4.93,2.46,4.6,4.11,1.08,1.15,3.26,3.6,3.51,1926,2086,0,5,0.82,1
0.94,0.52,3.6,2.34,3.05,1.44,2.4,1.22,3.7,2.6,4.2,2.76,1.21,4.12,4,6,1,3,40,63,0.38,0.08,0.14,0.86,3.77,2.08,4.56,1.3,1.05,4.41,1.17,2.12,1.42,4.07,4.82,4.59,2.64,2.72,2.36,1630,1807,0,3,1.48,0
0.92,0.07,3.06,0.73,1.16,0.49,4.33,2.02,3.3,7.2,1.26,1.28,4.37,1.84,5,2,5,0,42,60,0.14,0.39,0.44,0.56,2.46,2.54,3.52,2.29,2.98,3.18,1.18,1.89,2.2,4.61,1.83,2.04,4.1,1.46,1.67,1522,1986,0,4,2.47,2
0.57,0.21,3.67,0.27,1.27,2.3,2.0,1.94,3.9,4.5,1.74,2.1,1.82,3.17,4,5,0,0,55,46,0.28,0.53,0.62,0.38,3.0,4.15,2.83,1.72,4.01,3.48,4.07,1.65,1.47,4.51,3.34,1.54,3.34,2.6,3.4,1910,1875,1,2,2.74,2
0.98,0.07,2.22,2.75,3.38,2.92,2.13,1.89,4.4,3.6,3.57,3.01,1.62,4.63,5,3,1,4,53,47,0.72,0.33,0.45,0.55,3.44,1.87,3.63,1.64,4.06,3.74,2.1,1.95,3.2,3.63,4.53,2.67,4.04,4.42,4.48,1406,1448,1,3,3.11,0
0.09,0.25,1.67,2.9,2.94,3.25,1.26,1.96,5.7,7.4,1.56,1.24,1.82,3.43,7,3,1,1,51,47,0.13,0.22,0.64,0.36,5.39,1.48,3.42,4.56,4.59,4.01,4.04,2.55,1.26,1.08,3.94,2.04,2.25,2.95,2.11,2068,1725,1,2,3.97,0
0.41,0.31,2.75,0.97,1.49,2.33,4.4,3.6,1.4,7.1,3.99,3.75,2.92,2.31,2,6,5,0,46,57,0.23,0.47,0.57,0.43,5.69,3.32,4.73,2.65,4.61,4.23,2.39,4.7,2.08,3.32,3.9,2.81,2.38,1.27,1.55,1768,1480,1,2,2.28,1
0.14,0.2,3.34,1.69,2.19,0.89,2.77,1.64,3.5,7.6,4.64,4.9,1.04,4.44,2,2,2,3,65,32,0.7,0.45,0.38,0.62,5.39,4.87,2.89,2.84,1.91,1.18,4.53,1.8,3.46,2.81,4.32,3.59,1.72,4.84,4.17,2061,1866,0,4,0.31,1
0.64,0.13,1.29,1.94,1.11,3.43,0.53,1.91,7.1,3.2,1.18,1.96,2.17,3.35,7,3,6,0,51,51,0.2,0.25,0.33,0.67,3.41,3.64,4.43,1.47,1.78,2.67,2.79,3.88,3.38,4.22,1.51,1.54,3.17,4.43,3.93,1882,1534,0,2,2.35,1
0.81,0.02,1.62,2.9,2.39,0.83,2.23,3.51,5.7,5.0,3.48,1.0,2.69,1.15,6,2,0,4,65,35,0.01,0.27,0.79,0.21,4.07,3.77,1.79,3.25,2.4,4.04,2.11,2.03,4.54,1.8,2.25,3.53,1.81,3.13,4.57,1595,1802,1,4,2.34,2
0.17,0.22,0.37,0.79,1.29,1.38,2.91,3.44,3.4,7.9,2.26,2.67,4.53,4.85,2,2,0,2,41,59,0.36,0.51,0.34,0.66,2.51,4.16,3.95,3.34,3.45,1.91,1.66,4.53,1.1,3.62,1.93,4.37,3.84,2.13,2.69,1947,1959,0,3,2.3,0
0.04,0.55,3.25,1.64,0.76,2.73,1.05,1.99,1.0,1.1,1.21,4.11,4.15,4.03,6,4,2,6,39,59,0.84,0.47,0.01,0.99,3.4,2.54,3.65,2.58,4.76,3.36,2.42,4.0,3.32,2.19,3.82,3.74,3.69,2.68,4.64,1712,1409,0,5,3.43,0
0.65,0.56,1.57,2.49,3.31,0.98,0.73,0.89,7.1,1.7,4.2,4.53,1.18,3.69,2,3,3,3,44,58,0.56,0.53,0.74,0.26,5.11,1.25,4.31,1.91,4.85,3.7,4.82,2.06,1.72,4.31,2.66,1.91,3.27,4.09,3.43,1927,1781,1,1,0.8,0
0.89,0.21,2.73,2.94,2.98,1.38,3.87,2.21,1.6,2.6,2.09,4.27,4.61,1.92,7,2,3,5,48,50,0.03,0.17,0.63,0.37,2.43,4.77,1.92,2.82,3.99,4.97,1.66,3.42,1.3,4.14,1.78,4.65,1.41,3.81,3.59,1831,1783,1,1,1.87,1
0.28,0.39,1.71,0.27,3.24,3.04,3.87,3.63,4.5,4.4,1.35,3.4,2.91,2.75,7,4,4,1,35,63,0.76,0.72,0.03,0.97,3.84,3.6,4.15,2.22,1.78,1.85,3.91,2.27,3.94,1.83,4.17,3.0,3.93,4.95,1.37,2072,1673,1,2,0.48,1
0.69,0.76,1.0,2.9,3.04,3.37,3.41,1.27,1.0,4.6,1.21,2.4,1.01,2.95,7,6,5,0,64,36,0.31,0.68,0.06,0.94,3.32,3.33,2.06,2.0,1.49,3.38,2.96,3.86,3.37,4.55,3.14,2.12,4.42,2.97,2.19,1675,1981,0,4,2.16,0
0.17,0.77,3.14,2.78,0.87,3.47,1.68,1.03,1.0,5.1,1.28,1.22,4.82,3.83,3,6,5,5,57,41,0.6,0.22,0.27,0.73,4.83,2.24,2.22,1.84,2.61,4.61,2.98,2.67,2.29,4.86,3.58,2.21,4.45,1.57,4.89,1689,1754,1,1,2.75,2
0.02,0.82,0.62,2.08,3.27,3.16,4.26,3.7,7.0,4.5,1.78,2.02,4.78,4.59,4,4,2,0,36,62,0.49,0.89,0.74,0.26,4.44,2.4,1.36,4.42,4.86,1.61,4.23,3.35,2.97,1.36,2.79,2.76,4.5,2.3,1.92,1952,1548,0,5,2.58,0
0.27,0.8,1.23,0.86,1.27,2.23,0.92,3.41,5.1,7.8,4.86,2.41,1.61,4.39,4,2,0,4,65,35,0.31,0.34,0.53,0.47,5.87,2.23,2.95,4.72,3.92,3.94,4.91,2.93,1.88,4.27,3.62,2.83,1.01,3.27,3.52,1966,1861,0,2,0.95,1
0.65,0.91,2.4,1.26,2.79,1.79,1.72,2.59,4.8,1.5,4.02,3.51,3.65,3.02,2,4,5,2,60,43,0.38,0.51,0.78,0.22,2.77,4.09,3.34,4.11,1.29,2.18,2.75,2.11,2.94,3.04,3.58,3.76,2.09,4.69,3.78,1687,1622,0,2,1.8,2
0.04,0.6,0.34,0.51,2.72,1.69,0.31,3.75,4.5,4.1,3.96,1.22,4.17,3.79,3,3,3,1,65,37,0.53,0.11,0.73,0.27,4.32,1.1,3.07,3.98,1.75,4.58,2.76,2.06,2.26,4.29,4.38,3.48,2.31,4.02,2.25,1494,2065,0,1,0.73,2
0.05,0.97,2.96,2.66,2.11,1.71,3.62,4.36,5.0,5.7,1.82,4.02,4.97,3.53,2,5,0,4,62,37,0.17,1.0,0.64,0.36,4.53,1.79,3.86,3.95,4.7,4.06,1.99,3.82,3.81,3.24,3.93,4.01,2.31,1.69,4.77,1686,1503,0,3,4.12,0
0.95,0.42,3.24,2.4,1.07,2.21,2.03,2.29,2.1,1.6,1.29,3.27,1.4,1.23,4,2,5,3,55,48,0.18,0.5,0.76,0.24,5.92,4.89,1.73,3.96,1.36,4.64,2.19,2.67,2.62,3.2,4.14,2.67,3.19,2.69,2.55,1884,1568,1,4,1.76,2
0.52,0.03,2.24,1.88,1.28,2.65,4.21,2.75,8.0,5.7,2.17,3.86,4.36,1.19,6,4,5,4,44,55,0.86,0.96,0.48,0.52,3.76,2.66,1.04,3.87,4.88,1.11,2.27,4.95,4.33,1.51,4.99,1.82,2.8,4.27,2.57,2016,1475,0,1,3.53,2
0.11,0.54,2.33,3.59,1.26,1.97,1.86,0.22,7.0,7.7,2.54,4.91,4.43,3.38,5,5,6,4,48,54,0.68,0.26,0.17,0.83,2.59,2.32,1.66,2.47,1.44,4.27,2.88,3.19,1.51,3.82,2.46,4.12,2.25,4.29,4.53,1695,1459,1,1,2.22,1
0.42,0.13,0.37,3.15,0.7,2.41,0.84,2.3,7.4,5.8,2.02,3.93,3.64,1.29,5,3,0,3,37,64,0.75,0.39,0.93,0.07,5.07,4.99,4.95,3.14,3.7,4.36,2.35,4.22,2.31,1.69,1.34,2.74,4.68,3.59,1.72,1669,1679,0,5,4.0,1
0.73,0.19,3.08,3.09,2.92,3.29,3.55,1.1,5.4,3.6,4.07,1.94,2.48,4.07,4,5,6,1,49,50,0.12,0.19,0.0,1.0,3.56,2.85,2.42,3.7,4.7,1.71,1.26,3.9,2.82,3.7,3.34,2.74,4.31,3.52,4.28,1656,1816,1,3,1.74,1
0.65,0.41,0.46,2.51,1.56,0.63,1.68,1.37,3.2,4.5,4.41,1.17,2.35,1.44,2,5,6,5,45,54,0.77,0.85,0.55,0.45,5.21,1.23,4.81,4.95,3.45,1.02,3.49,1.84,2.44,4.39,2.82,4.36,2.5,2.95,3.81,1809,2029,1,2,2.55,1
0.71,0.65,3.67,0.57,3.03,1.71,1.9,2.17,4.7,6.5,4.81,3.74,2.57,2.86,6,7,1,1,47,56,0.48,0.86,0.73,0.27,3.91,3.03,4.28,2.41,4.79,2.17,2.76,4.45,3.63,2.0,3.75,1.82,3.58,3.11,3.54,1997,1921,0,5,1.13,0
0.48,0.83,0.98,0.72,0.56,2.9,1.73,2.3,5.1,1.9,2.65,4.48,4.41,4.63,2,3,2,6,61,39,0.7,0.37,0.44,0.56,2.41,1.96,2.66,4.71,4.95,2.24,1.77,2.01,2.94,2.47,3.99,1.9,2.96,4.37,1.06,1844,1944,0,4,0.24,1
0.35,0.58,1.45,0.37,1.15,1.09,1.2,2.9,1.2,4.5,2.01,2.89,4.63,1.5,7,6,5,1,46,55,0.78,0.75,0.1,0.9,5.17,2.04,4.62,3.31,3.95,1.83,3.25,3.32,2.11,2.25,4.64,3.3,4.11,3.65,1.03,1656,1998,0,3,2.93,1
0.31,0.94,2.68,1.75,0.81,3.22,0.96,4.47,2.7,3.6,4.0,2.6,1.88,1.79,5,2,5,5,65,37,0.57,0.36,0.39,0.61,2.79,1.94,2.67,1.08,1.82,3.35,4.42,2.23,3.12,4.42,3.38,2.72,1.49,3.97,3.33,1661,1581,1,4,3.81,2
0.18,0.2,0.46,3.78,0.39,0.3,2.37,2.05,6.1,3.6,2.25,1.23,2.57,4.97,3,3,3,3,52,48,0.7,0.51,0.41,0.59,5.59,4.79,3.21,1.97,2.31,4.0,3.84,4.43,1.72,4.96,2.95,1.87,3.48,4.86,2.89,2047,1542,0,5,4.92,0
0.27,0.71,1.39,0.73,2.56,0.23,2.5,1.29,2.6,3.5,1.24,2.28,3.48,1.9,2,2,3,6,41,57,0.16,0.9,0.27,0.73,3.38,4.37,2.29,1.75,2.69,2.83,2.7,2.15,3.7,2.98,4.27,3.38,2.71,4.56,2.09,1989,1540,1,4,0.82,0
0.8,0.85,3.39,0.64,1.1,2.04,1.11,3.47,5.1,6.8,1.04,3.78,2.9,1.36,6,2,6,6,53,47,0.78,0.82,0.89,0.11,3.69,1.31,3.15,3.29,4.87,4.52,2.96,4.4,2.78,1.64,4.43,2.54,1.96,1.51,2.53,1880,1612,0,4,2.47,0
0.48,0.67,2.98,2.93,0.68,0.26,3.65,0.54,6.8,2.0,3.19,2.21,1.23,4.44,6,5,0,1,35,66,0.71,0.76,0.32,0.68,4.56,1.99,2.93,1.18,3.26,4.09,2.31,2.0,2.5,3.91,2.71,3.7,3.95,4.01,2.15,1507,2055,0,3,2.19,0
0.57,0.38,3.1,1.9,0.34,1.02,3.3,2.54,3.4,3.5,3.6,2.23,4.32,3.1,2,5,4,3,44,58,0.19,0.98,0.95,0.05,3.09,4.99,1.18,2.61,4.02,2.12,3.92,4.44,1.76,1.19,2.42,2.42,1.84,1.29,1.95,2027,2084,0,3,2.35,2
0.42,0.43,1.96,1.83,1.17,1.51,3.85,2.64,1.3,1.6,1.63,4.19,3.52,4.25,5,4,5,0,51,47,0.5,0.12,0.71,0.29,5.11,4.78,2.75,3.63,4.06,4.56,4.11,1.19,2.66,4.1,3.63,4.78,3.62,1.71,3.66,1499,1466,1,3,1.07,1
0.07,0.36,1.64,0.34,2.78,2.22,1.26,3.04,2.4,7.6,2.03,4.38,3.03,4.75,7,4,3,6,45,56,0.05,0.62,0.47,0.53,3.53,1.39,3.32,3.18,3.65,4.49,3.33,3.11,1.63,2.59,3.48,3.87,1.34,3.99,3.52,1414,1748,0,2,3.5,0
0.67,0.9,3.12,0.83,1.86,1.79,2.2,4.22,5.6,1.6,1.42,3.74,1.15,1.04,3,5,3,6,40,61,0.9,0.32,0.52,0.48,5.52,1.01,3.86,3.29,2.68,4.74,3.14,1.71,3.99,4.75,3.53,3.4,2.24,1.33,1.59,2006,1726,1,4,2.42,0
0.55,0.33,2.46,1.54,0.3,1.79,3.46,4.46,5.9,1.3,3.18,4.83,4.95,4.13,7,2,5,3,58,42,0.47,0.26,0.3,0.7,3.34,4.57,2.65,2.74,2.75,3.69,1.25,1.41,2.35,2.84,3.07,4.42,2.36,3.9,1.69,2031,1793,1,4,0.86,2
0.32,0.21,3.12,1.83,0.94,3.06,3.01,4.18,7.5,6.7,4.38,1.6,4.89,3.58,6,7,2,3,45,53,0.08,0.66,0.39,0.61,2.86,2.55,3.32,4.24,4.32,1.66,2.79,1.23,2.66,2.9,3.64,4.45,1.26,3.51,3.31,1806,2004,0,1,1.61,2
0.96,0.16,1.48,2.61,0.92,2.45,2.41,1.96,7.1,2.6,1.3,3.24,2.67,4.71,7,4,0,1,52,49,0.98,0.16,0.05,0.95,3.55,1.81,4.58,4.48,4.41,3.87,2.17,2.44,3.15,2.63,1.32,4.7,3.39,3.11,1.2,1798,1650,1,5,2.29,0
0.57,0.27,0.73,3.63,2.61,0.32,1.81,1.5,1.2,3.2,4.24,3.05,3.25,3.47,6,3,3,2,39,60,0.28,0.2,0.79,0.21,5.07,2.1,2.62,3.88,3.13,4.4,1.63,2.43,4.79,1.5,1.36,4.78,4.32,1.37,2.64,1635,1849,1,4,1.07,0
0.69,0.5,3.72,0.59,1.29,2.46,2.49,2.85,7.0,6.9,4.26,1.48,3.39,4.13,6,4,4,1,62,38,0.03,0.71,0.82,0.18,3.71,2.94,2.37,2.24,2.53,1.55,3.75,2.38,1.8,2.67,3.79,4.62,1.8,2.31,4.32,1675,1697,0,4,1.48,2
0.57,0.7,3.11,1.39,3.14,3.23,4.11,2.63,1.9,3.8,2.84,4.45,2.51,1.82,5,4,0,5,35,62,0.1,0.53,0.07,0.93,5.28,1.02,1.42,3.0,3.18,3.47,1.89,2.98,3.54,2.25,2.16,1.74,4.01,1.56,4.74,1543,1702,0,5,0.74,1
0.26,0.78,1.11,2.24,1.06,1.6,4.12,3.4,6.5,6.8,2.22,4.07,3.14,2.72,6,6,1,2,52,50,0.73,0.76,0.52,0.48,4.99,4.57,2.84,2.24,2.97,1.33,1.4,4.9,4.27,3.33,1.47,4.45,2.06,3.14,4.5,1498,1802,0,3,0.69,0
0.64,0.5,1.2,3.53,1.3,1.19,2.19,0.84,1.7,7.0,4.63,1.5,2.25,4.42,2,7,3,6,50,47,0.94,0.99,0.63,0.37,2.29,2.13,3.82,4.26,3.04,3.57,4.54,4.86,4.89,1.87,3.02,4.64,4.07,4.3,1.03,1869,1462,0,2,1.69,0
0.89,0.83,1.38,2.12,1.25,3.45,3.49,4.49,2.5,5.7,4.61,1.36,4.5,2.43,3,7,3,3,48,50,0.55,0.96,0.54,0.46,4.08,4.27,2.8,1.49,3.91,1.57,1.96,4.96,2.23,3.96,3.49,2.77,4.46,2.08,3.28,1402,1614,0,2,1.62,2
0.61,0.01,2.11,2.1,1.7,0.69,2.52,1.9,3.6,5.9,2.26,1.34,2.03,3.44,6,3,1,4,46,57,0.98,0.08,0.55,0.45,2.65,2.35,3.49,3.02,4.29,1.54,3.1,3.27,4.63,4.39,1.21,1.8,4.69,3.46,2.09,1754,1842,1,2,0.81,0
0.37,0.93,3.55,3.41,2.55,0.51,2.42,2.08,5.4,3.2,3.26,2.56,1.07,3.42,6,5,4,6,45,56,0.54,0.96,0.07,0.93,4.13,3.1,3.61,2.45,4.29,2.87,4.0,3.8,1.11,4.49,2.62,4.34,1.17,4.37,1.52,1531,1945,1,5,0.27,0
0.42,0.27,3.04,2.97,2.31,0.75,4.41,0.22,5.2,1.2,4.12,4.19,1.69,3.04,2,5,2,1,39,60,0.3,0.32,0.0,1.0,3.14,2.29,2.64,1.95,2.18,3.4,3.24,4.15,1.54,3.9,4.6,3.41,2.7,4.16,1.96,1606,1437,0,1,4.91,0
0.85,0.74,3.44,2.96,1.13,1.96,1.82,2.44,1.0,1.1,1.95,3.45,2.83,4.57,6,2,1,5,55,45,0.84,0.78,0.69,0.31,4.91,3.84,1.92,2.1,2.5,4.59,3.65,4.25,4.77,3.13,2.88,2.66,1.48,1.34,2.86,1574,1514,0,3,3.18,1
0.34,0.77,2.29,2.63,2.33,3.31,3.2,1.15,1.4,2.4,2.85,4.16,4.79,4.1,4,5,5,4,63,40,0.29,0.77,0.02,0.98,2.79,1.67,3.2,3.62,3.75,4.92,3.15,3.72,3.59,2.78,3.24,3.16,2.39,3.19,2.16,2081,1579,0,1,2.66,0
0.92,0.66,1.71,1.81,1.32,1.29,1.05,1.25,6.7,2.4,1.18,3.98,3.13,4.7,2,6,1,4,38,61,0.31,0.03,0.31,0.69,4.39,2.54,3.61,3.44,3.16,3.32,3.35,2.64,4.0,1.28,4.67,1.58,4.93,3.87,1.41,1936,1904,0,3,0.88,0
0.92,0.94,3.15,1.6,2.53,2.05,2.45,4.14,7.9,2.8,4.52,3.7,1.06,1.2,2,3,4,4,35,62,0.92,0.4,0.58,0.42,4.57,2.53,2.75,4.99,3.52,3.65,3.29,2.93,2.42,4.57,4.3,4.18,4.42,4.39,2.75,1632,1517,0,3,3.03,2
0.58,0.95,2.91,1.4,2.78,3.0,2.24,0.73,2.0,3.6,3.78,4.55,4.99,2.65,3,6,1,0,47,51,0.36,0.02,0.2,0.8,2.98,1.49,1.76,3.51,4.41,1.13,2.31,1.45,2.15,3.07,4.34,3.53,2.55,3.91,3.47,1939,1852,1,1,1.43,2
0.57,0.02,2.58,3.05,0.7,2.87,2.4,3.28,2.5,6.9,2.95,3.58,2.34,2.65,6,3,1,2,41,62,0.31,0.82,0.76,0.24,3.06,2.55,1.9,2.64,4.34,1.98,3.82,3.41,1.7,3.47,2.13,3.51,2.04,3.77,2.71,1653,1623,0,4,2.39,1
0.45,0.43,0.87,2.5,1.2,3.15,0.67,3.43,2.6,6.6,1.77,1.87,3.03,3.93,5,3,5,4,46,56,0.57,0.2,0.98,0.02,5.93,3.21,1.58,1.43,1.81,4.63,3.53,1.16,3.59,3.25,4.78,2.7,1.29,4.4,4.63,1524,1889,0,2,2.87,1
0.74,0.36,2.98,2.72,0.99,3.32,4.1,0.74,5.8,6.5,1.6,4.94,2.66,2.19,3,6,4,3,35,64,0.41,0.56,0.92,0.08,4.53,2.58,2.75,3.79,2.93,3.55,2.27,3.16,2.7,4.76,4.35,3.9,3.43,4.46,4.58,1967,2003,0,2,1.11,1
0.79,0.74,3.73,3.11,2.07,1.8,2.96,1.44,7.7,3.1,4.11,1.89,4.17,4.83,7,3,6,4,65,36,0.2,0.18,0.32,0.68,5.67,4.54,1.67,4.99,4.86,4.31,4.66,1.64,2.93,2.68,4.79,1.32,2.91,4.87,3.28,1650,1779,0,4,1.37,2
0.31,0.84,2.11,1.81,1.88,0.25,1.88,3.69,4.3,2.2,3.08,4.46,2.91,4.25,2,4,3,6,56,41,0.32,0.29,0.7,0.3,5.87,4.78,1.89,3.33,2.38,4.9,4.33,2.76,1.23,4.55,4.44,3.03,2.89,2.82,1.86,2079,1568,0,1,4.42,1
0.41,0.62,2.94,1.15,1.79,1.66,3.72,1.16,6.1,5.6,4.68,2.02,4.77,2.72,5,6,0,2,51,50,0.51,0.84,0.11,0.89,5.58,4.08,2.47,1.03,4.41,3.39,4.11,1.64,1.61,2.06,1.61,3.13,4.79,3.4,2.59,1623,1767,1,1,4.02,2
0.86,0.8,3.34,0.58,0.98,0.42,2.95,2.39,1.3,5.4,3.48,2.69,3.6,4.15,7,4,2,6,63,38,0.77,0.0,0.91,0.09,4.76,2.15,1.79,2.96,2.03,2.11,3.96,4.71,1.54,1.3,4.36,4.33,2.0,3.25,1.25,1616,2086,1,2,0.36,2
0.13,0.23,0.54,2.42,2.91,1.02,2.64,3.38,2.0,4.7,1.35,4.55,3.07,3.11,4,4,1,3,43,54,0.28,0.8,0.17,0.83,5.86,1.03,3.01,2.73,3.22,3.8,4.67,1.5,2.82,4.98,1.5,1.12,4.34,4.94,3.24,1891,1713,1,3,4.95,0
0.66,0.59,2.87,2.52,1.63,1.87,3.1,2.62,6.9,7.7,2.94,3.68,3.58,3.36,4,6,3,5,37,60,0.19,0.27,0.18,0.82,5.65,2.41,4.6,3.71,1.7,3.11,2.29,1.83,1.76,1.14,3.73,4.81,1.92,4.24,1.77,1984,1505,0,3,2.27,1
0.44,0.01,1.39,2.69,0.81,2.59,1.97,0.74,3.5,6.7,2.95,4.75,4.01,2.61,6,5,6,5,64,38,0.06,0.62,0.16,0.84,3.95,4.62,3.57,1.5,1.63,2.73,2.02,3.86,1.25,2.4,2.67,3.39,2.22,1.76,3.21,1517,1750,0,4,1.14,1
0.59,0.13,1.47,0.46,0.95,0.98,0.36,3.76,6.8,4.4,2.93,2.55,2.12,3.91,6,7,1,2,64,38,0.34,0.88,0.46,0.54,4.89,4.2,3.82,1.2,3.55,2.55,4.31,3.6,1.76,1.58,2.27,2.92,4.96,1.16,4.0,1909,1655,0,4,4.98,0
0.64,0.09,1.86,0.72,3.45,2.02,4.48,2.1,3.5,5.1,4.56,1.69,3.47,4.14,6,4,6,0,58,42,0.02,0.09,0.02,0.98,3.29,4.14,4.91,1.11,2.85,4.25,2.78,3.89,1.1,4.98,1.86,1.08,1.64,1.03,1.73,1480,1598,1,4,1.2,1
0.54,0.29,2.27,0.85,2.05,2.79,1.84,0.71,1.1,7.1,2.9,1.38,1.53,1.45,3,4,1,5,65,38,0.53,0.37,0.55,0.45,2.27,4.72,4.08,3.95,3.28,1.13,3.71,3.5,2.09,2.82,4.31,3.73,1.87,3.11,3.4,1623,1425,0,1,4.9,2
0.36,0.85,0.59,0.27,1.01,0.37,0.6,3.61,6.3,3.9,4.06,1.6,4.1,1.96,5,7,6,6,45,58,0.08,0.84,0.86,0.14,3.23,2.84,3.01,2.14,3.5,4.9,2.96,1.09,2.02,1.21,4.15,4.36,2.41,1.5,3.91,1941,1748,0,3,2.0,2
0.03,0.3,0.25,1.49,1.39,2.88,0.63,0.81,5.0,2.3,2.18,1.29,2.23,1.56,4,2,4,2,36,67,0.57,0.74,0.94,0.06,3.25,1.69,3.94,4.32,4.81,1.45,3.1,1.05,1.81,1.63,3.16,2.84,3.99,4.75,1.44,2099,1791,0,5,1.52,0
0.27,0.26,1.16,1.92,1.27,2.5,1.31,3.64,1.6,1.0,3.05,4.0,1.84,1.53,2,6,6,5,50,53,0.45,0.52,0.2,0.8,5.02,4.64,4.72,1.39,1.74,4.46,4.96,3.7,1.79,1.23,2.5,2.33,2.99,1.9,1.93,1841,1796,0,1,3.96,1
0.8,0.91,2.84,2.93,2.32,2.46,2.21,3.28,7.0,6.1,3.0,2.21,4.62,4.18,2,3,6,6,44,57,0.39,0.56,0.28,0.72,5.95,3.65,3.12,1.1,3.93,2.28,3.05,3.68,4.26,1.01,4.99,3.76,4.94,3.79,3.42,1887,1710,0,1,1.77,0
0.01,1.0,0.25,1.71,0.77,2.48,1.63,2.66,3.4,1.1,3.38,1.31,1.36,2.67,3,5,0,5,60,42,0.82,0.68,0.58,0.42,2.49,1.5,3.93,1.39,3.15,4.1,3.84,1.69,4.38,2.14,1.67,4.8,3.85,3.74,4.26,1752,2002,0,5,3.1,0
0.84,0.96,1.37,2.62,2.41,0.21,0.41,1.12,6.4,4.2,1.67,4.38,1.2,1.29,7,5,6,5,36,61,0.15,0.87,0.93,0.07,2.77,4.58,4.98,4.81,2.85,2.11,1.29,2.2,3.73,3.09,4.62,4.33,4.66,2.76,3.5,1865,1877,0,1,1.61,0
0.5,0.34,0.9,2.56,3.33,0.65,0.9,2.33,4.8,3.4,2.11,3.56,1.43,3.36,7,7,1,4,51,47,0.79,0.37,0.94,0.06,5.97,3.87,4.7,4.31,3.31,2.0,2.31,1.46,4.01,4.22,4.63,4.07,1.95,1.16,2.05,1407,2063,0,2,4.83,0
0.3,0.88,3.33,0.95,1.75,2.22,2.78,1.01,2.9,4.6,1.1,3.39,2.2,1.38,5,4,3,3,56,42,0.49,0.74,0.1,0.9,3.07,1.43,1.79,3.1,3.87,4.4,1.86,3.35,1.04,4.87,1.43,4.48,4.3,3.56,1.31,1855,1820,0,3,1.32,1
0.54,0.55,1.04,3.44,2.14,0.97,4.17,3.22,5.9,3.2,1.96,4.96,2.31,3.25,6,3,4,6,54,43,0.65,0.55,0.15,0.85,5.0,1.94,1.57,4.56,1.63,2.17,4.69,3.13,2.24,3.4,3.94,4.91,2.68,4.56,1.1,1724,1661,0,1,2.46,0
0.89,0.42,2.6,3.06,1.74,2.83,2.17,3.29,3.2,7.1,2.98,3.97,2.78,3.71,4,3,2,2,50,49,0.5,0.18,0.32,0.68,5.59,3.0,2.91,1.54,4.89,3.87,3.1,2.19,2.58,1.63,4.02,2.01,2.12,4.17,2.58,1690,2005,1,2,2.28,0
0.48,0.1,2.63,1.83,1.41,3.37,0.88,3.37,5.3,4.6,1.63,4.21,3.28,4.38,2,4,5,6,62,40,0.09,0.94,0.97,0.03,5.68,2.64,2.08,2.38,3.18,4.76,2.23,3.47,3.8,1.55,2.24,3.54,2.42,4.4,3.87,1522,1892,1,4,4.23,0
0.09,0.08,2.26,2.42,3.26,3.17,2.34,3.62,2.4,4.6,3.93,4.86,3.16,1.43,4,3,4,0,58,44,0.04,0.19,0.75,0.25,4.98,3.19,1.57,1.17,2.11,1.95,4.11,1.04,3.0,2.46,4.99,3.19,3.84,2.23,1.17,1728,1924,0,2,1.89,2
0.76,0.4,0.58,1.07,1.52,1.59,0.53,1.07,3.3,4.7,2.5,4.17,4.11,4.6,7,5,1,2,37,62,0.65,0.94,0.46,0.54,5.69,3.95,2.1,2.95,3.83,4.35,2.52,1.82,2.72,1.99,2.68,2.33,2.75,2.71,3.97,2075,2043,0,3,0.45,0
0.1,0.74,2.82,3.52,2.91,2.17,3.95,2.03,7.1,4.7,4.52,4.28,2.76,3.11,5,7,0,5,52,51,0.87,0.77,0.99,0.01,2.67,2.67,4.34,3.64,2.53,2.79,1.5,2.57,1.03,3.99,3.93,1.98,1.57,2.9,2.56,1876,1791,0,5,1.44,0
0.95,0.48,3.66,0.75,2.66,2.0,3.24,0.79,2.5,2.4,4.57,4.03,3.24,1.92,4,4,3,1,48,53,0.87,0.07,0.55,0.45,3.29,1.49,2.16,3.51,2.07,3.61,4.25,3.69,1.44,3.78,1.67,3.13,4.7,4.03,3.15,2055,1998,1,1,3.92,2
0.39,0.78,1.78,1.94,0.29,1.06,0.54,2.08,1.2,3.0,3.66,3.46,1.6,3.06,5,5,1,2,47,53,0.53,0.45,0.96,0.04,5.68,2.14,4.12,3.07,2.08,4.78,3.68,3.74,3.7,3.3,4.64,2.32,4.03,2.5,1.02,1443,1438,0,1,1.12,0
0.61,0.12,3.54,0.6,0.5,2.26,3.65,1.06,3.2,2.2,3.69,4.97,4.64,1.38,4,2,2,1,63,37,0.17,0.14,0.53,0.47,4.2,4.16,2.25,3.5,4.19,1.18,1.76,4.44,2.26,1.17,4.81,2.31,4.64,1.35,3.74,1736,1927,0,5,0.72,2
0.44,0.8,3.33,3.35,1.94,2.37,1.94,3.61,5.1,7.4,4.84,1.07,3.31,3.96,2,7,4,6,35,64,0.17,0.39,0.53,0.47,4.24,2.9,4.56,3.83,4.5,3.35,4.57,4.81,3.97,4.89,1.67,4.14,2.93,2.46,4.81,1500,1804,1,5,1.52,1
0.61,0.23,2.94,3.02,0.92,0.52,2.05,4.04,2.1,6.1,2.47,1.83,1.62,3.44,2,5,1,6,59,44,0.7,0.18,0.17,0.83,2.75,3.26,3.15,3.63,4.69,1.43,2.97,1.06,4.56,2.77,3.84,3.16,4.88,2.48,3.99,1438,1808,1,3,0.43,0
0.07,0.59,1.05,0.25,2.65,0.57,3.09,4.07,3.8,1.3,1.13,1.28,4.43,1.09,3,3,6,0,46,56,0.94,0.85,0.98,0.02,2.1,3.6,4.7,1.7,4.42,4.44,3.37,3.62,3.98,2.35,3.32,3.52,1.2,4.72,4.13,1920,1883,0,5,2.53,0
0.37,0.48,1.29,3.59,0.7,0.53,3.97,0.73,4.7,5.0,4.15,3.52,3.28,1.6,6,6,2,1,61,42,0.75,0.03,0.84,0.16,3.71,3.3,1.99,2.11,3.76,2.68,2.27,2.33,2.57,3.74,4.03,3.62,4.73,3.88,2.94,1819,1820,0,2,3.73,1
0.75,0.24,0.87,3.66,0.85,0.76,0.4,2.41,7.2,7.1,2.17,1.27,4.07,3.39,6,4,1,0,51,49,0.11,0.36,0.82,0.18,4.98,4.17,4.42,1.85,3.29,2.08,2.61,1.94,3.39,3.38,1.96,3.39,3.64,2.14,4.68,1951,1950,1,3,0.61,0
0.66,0.74,1.76,0.7,2.23,3.34,2.58,2.25,8.0,2.9,3.7,3.11,3.41,1.61,4,6,6,4,56,45,0.58,0.49,0.32,0.68,3.91,4.64,2.79,4.05,4.81,4.33,2.67,4.66,3.88,3.15,3.69,1.64,3.36,4.27,2.04,1853,1921,0,4,3.91,2
0.85,0.81,3.13,0.54,3.12,2.9,3.63,2.15,7.9,7.3,4.69,4.9,3.67,1.83,2,5,4,6,65,36,0.53,0.23,0.7,0.3,5.97,3.93,2.61,4.95,3.2,1.52,3.83,2.38,3.98,4.13,4.41,1.78,3.97,4.09,3.15,1918,1442,1,2,3.76,2
0.12,0.18,3.22,2.08,1.79,2.58,3.51,0.56,3.8,1.5,4.54,1.18,3.76,2.31,2,6,3,6,53,50,0.88,0.01,0.21,0.79,5.9,2.32,1.93,4.72,3.97,3.89,2.05,3.21,1.36,4.1,1.87,1.44,4.71,2.15,1.56,1460,2006,0,3,2.37,2
0.13,0.54,2.03,1.11,2.14,1.19,2.92,4.45,7.0,6.5,1.54,4.68,1.85,1.53,5,7,6,5,35,65,0.69,0.87,0.53,0.47,3.32,1.17,1.76,1.7,2.32,3.11,4.67,2.77,1.86,3.4,3.89,2.11,4.0,4.38,4.6,1777,1603,1,1,1.93,0
0.94,0.12,2.39,3.72,2.0,3.07,1.9,3.92,7.8,1.7,1.04,4.91,4.44,4.68,5,7,6,1,40,63,0.03,0.63,0.38,0.62,5.36,2.82,4.97,2.65,2.47,1.44,1.66,2.76,3.59,4.03,1.29,1.51,2.96,2.8,2.84,1897,2012,0,3,4.85,0
0.18,0.1,2.01,1.76,3.11,2.71,4.49,2.65,2.6,6.0,2.86,1.87,1.4,2.62,3,4,1,1,60,41,0.21,0.19,0.54,0.46,2.57,4.2,1.58,2.53,2.29,1.61,4.18,1.56,4.69,4.17,2.61,3.38,2.62,2.0,2.26,1491,1418,1,4,3.35,2
0.79,0.6,2.46,1.51,1.67,3.25,4.48,4.18,2.0,6.0,2.39,2.64,3.55,4.97,7,5,0,3,35,63,0.56,0.02,0.36,0.64,5.79,3.76,3.86,3.38,4.78,1.33,1.85,1.65,1.84,3.79,2.21,4.74,4.12,3.72,1.85,1974,1936,0,2,3.53,1
0.65,0.2,2.0,0.51,2.11,2.15,3.66,3.29,4.0,4.8,3.55,4.56,4.93,4.82,5,2,6,5,51,46,0.26,0.06,0.94,0.06,3.9,3.31,4.1,4.96,2.81,4.37,4.43,1.52,3.71,2.35,4.93,2.58,3.81,3.69,1.53,2089,1945,0,5,2.3,2
0.75,0.29,1.48,0.66,1.25,2.55,3.73,2.64,2.5,2.9,3.32,4.27,3.41,3.79,7,4,3,2,38,59,0.08,0.26,0.08,0.92,4.42,1.81,1.07,3.47,3.7,2.86,4.72,2.18,3.37,3.92,4.5,4.02,3.34,4.09,3.96,1960,2024,0,3,1.91,2
0.49,0.4,3.56,2.88,0.27,3.25,4.06,1.69,3.1,1.8,4.9,1.85,3.26,2.5,6,4,2,6,43,54,0.35,0.32,0.95,0.05,2.56,3.73,1.01,1.53,1.24,2.48,4.24,1.15,1.88,1.6,4.87,1.11,3.23,3.84,2.37,1593,1997,0,2,4.31,2
0.88,0.35,0.26,2.48,1.66,2.22,1.33,3.34,4.9,5.3,3.47,4.01,4.08,2.64,2,4,0,6,49,50,0.72,0.88,0.69,0.31,3.07,1.12,3.15,1.15,2.54,3.66,2.29,1.08,4.94,2.9,1.18,3.74,4.44,3.71,1.16,1744,1827,1,3,0.65,0
0.87,0.65,2.63,1.18,0.66,1.12,3.36,1.69,7.2,2.1,3.19,2.0,3.1,1.47,7,6,6,4,44,53,0.99,0.43,0.26,0.74,2.04,1.39,1.18,2.31,3.53,3.01,2.8,1.04,2.6,3.58,4.85,4.45,1.4,2.05,2.24,1984,1974,0,1,2.16,2
0.23,0.5,1.94,1.79,1.18,2.85,1.26,2.31,5.2,3.7,2.13,1.58,1.41,4.3,4,2,4,6,45,56,0.48,0.04,0.34,0.66,3.7,1.12,1.4,4.4,4.52,2.0,3.9,2.87,2.54,4.35,2.47,4.94,3.27,2.34,1.24,1484,1862,0,3,3.13,1
0.4,0.41,3.49,1.09,2.12,1.17,2.29,4.08,1.0,5.7,2.34,1.51,4.74,3.76,3,4,6,3,57,40,0.23,0.55,0.1,0.9,2.25,2.21,2.18,2.8,3.48,4.47,4.36,4.12,3.01,1.37,2.26,2.81,1.92,4.11,1.31,1654,1584,0,3,4.17,2
0.97,0.2,0.73,3.13,0.8,2.3,2.13,2.33,5.4,5.8,4.56,3.27,1.39,4.55,7,4,2,5,49,53,0.7,0.03,0.34,0.66,2.65,4.97,1.34,4.38,1.39,1.46,3.76,1.11,4.51,4.19,2.0,3.75,3.07,1.2,2.1,1667,1569,1,2,3.16,2
0.24,0.72,0.68,1.31,1.55,2.58,1.36,1.08,4.1,5.9,3.43,4.29,1.77,1.74,2,3,5,6,44,58,0.04,0.51,0.36,0.64,3.62,3.3,2.61,2.65,4.75,1.45,1.84,2.11,1.97,3.91,4.1,3.53,3.79,2.97,1.08,1968,1887,1,1,1.73,0
0.03,0.93,2.23,2.5,2.1,2.45,1.07,3.24,1.5,3.3,3.18,1.45,3.08,4.04,4,6,2,5,65,33,0.73,0.07,0.14,0.86,5.96,2.22,1.77,4.73,3.32,2.19,2.74,3.48,3.61,2.07,2.79,4.06,2.58,2.17,2.95,1637,1964,1,1,1.07,2
0.91,0.56,1.11,1.15,0.95,1.5,1.41,4.11,3.5,2.0,4.61,4.33,4.74,2.96,3,7,0,5,47,51,0.43,0.65,0.03,0.97,2.16,1.83,2.89,3.14,3.18,3.39,1.69,1.11,4.16,4.65,1.37,1.96,3.24,1.33,4.96,1853,1820,0,1,3.17,2
0.32,0.49,3.07,1.19,1.88,0.77,2.27,3.19,5.7,6.2,1.97,1.7,2.73,2.66,5,3,4,2,53,44,0.68,0.95,0.57,0.43,5.81,4.03,2.22,1.63,3.01,1.56,4.82,3.01,4.57,3.49,4.1,4.88,1.65,4.83,1.91,1470,1622,1,4,0.99,2
0.27,0.65,0.58,3.09,0.29,0.86,3.63,4.05,4.6,3.1,1.78,2.42,2.16,3.05,6,2,3,3,37,65,0.93,0.49,0.02,0.98,5.91,4.95,1.01,4.67,3.52,3.06,4.36,3.42,2.21,3.62,2.76,1.47,2.34,2.07,4.33,1567,1797,1,4,1.71,2
0.5,0.06,2.93,3.72,3.41,0.23,4.45,0.66,1.7,6.4,4.67,2.21,2.46,1.3,3,3,5,2,50,48,0.12,0.56,0.31,0.69,3.81,3.76,4.69,4.66,3.93,1.43,1.32,3.43,1.32,1.19,1.87,3.27,4.15,1.28,4.7,1812,1621,1,2,2.06,1
0.34,0.35,3.11,2.71,2.93,0.73,0.52,3.19,7.5,1.8,1.11,3.54,1.56,4.83,5,3,3,0,58,39,0.32,0.24,0.77,0.23,5.56,4.21,1.83,4.65,2.98,3.35,3.18,2.34,3.57,4.78,1.18,2.48,4.3,2.8,2.57,1863,1586,0,1,4.09,0
0.32,0.26,3.63,3.22,0.89,0.45,0.36,1.08,7.3,2.8,3.51,4.47,3.86,2.85,3,6,2,1,55,45,0.08,0.28,0.85,0.15,2.48,4.1,1.6,3.4,3.84,3.39,3.55,4.24,4.17,3.48,3.44,2.03,3.9,4.75,2.02,1686,1659,0,5,2.02,2
0.7,0.47,2.58,2.07,2.57,3.28,1.39,1.28,2.1,4.6,1.0,3.92,4.36,4.47,3,7,6,0,39,63,0.11,0.03,0.14,0.86,5.12,4.11,3.95,2.54,2.26,1.38,4.45,3.96,2.77,3.88,2.65,2.21,3.02,3.28,4.56,1958,1983,0,5,2.23,0
0.24,0.48,3.7,0.33,2.57,0.69,0.87,1.27,1.4,4.5,4.14,2.01,3.83,3.97,5,2,1,2,64,34,1.0,0.51,0.08,0.92,5.38,1.67,3.46,3.44,4.13,3.81,1.03,1.42,4.5,3.6,1.73,2.75,4.45,3.85,1.29,2047,1673,1,3,1.45,2
0.89,0.64,1.56,0.97,0.52,3.26,0.24,4.3,7.9,4.7,3.06,4.68,3.35,4.55,5,3,6,6,57,45,0.25,0.72,0.31,0.69,5.39,4.3,2.24,2.64,3.72,4.24,2.39,2.08,3.66,3.16,4.86,3.14,4.29,2.06,2.21,1715,1596,0,3,0.19,2
0.89,0.94,3.54,2.86,0.64,3.18,4.48,0.26,1.4,6.4,1.36,3.4,4.76,2.49,5,7,1,2,37,65,0.31,0.92,0.47,0.53,5.69,3.14,1.68,1.94,4.81,1.78,4.98,3.66,4.77,1.24,3.73,4.78,1.09,4.78,3.44,1747,1627,1,4,4.11,2
0.11,0.21,3.65,0.77,1.02,2.95,0.67,3.15,5.4,1.5,2.39,1.36,1.26,2.73,3,7,1,6,55,43,0.25,0.73,0.12,0.88,2.45,1.59,3.34,3.12,3.42,3.62,4.25,3.01,3.66,4.88,4.44,2.31,2.21,2.0,2.56,1675,1787,1,2,0.36,2
0.6,0.84,2.0,2.98,1.24,0.31,2.62,4.34,8.0,1.2,3.12,2.14,4.96,3.88,6,4,4,3,61,40,0.01,0.17,0.54,0.46,4.75,4.81,2.35,1.59,4.56,1.54,1.67,3.08,4.7,3.29,2.11,3.87,3.73,1.24,1.88,1843,1580,0,5,2.56,1
0.85,0.41,1.16,1.57,2.24,1.46,2.11,3.46,7.4,5.1,3.38,2.66,1.16,2.23,2,6,3,1,51,50,0.16,0.78,0.72,0.28,4.16,2.86,2.49,2.14,2.81,2.52,2.67,4.49,3.39,4.77,3.38,4.9,3.14,3.99,1.34,1851,1533,0,4,1.0,0
0.6,0.4,0.35,1.62,2.76,2.98,2.28,4.12,3.0,3.5,1.58,2.95,4.83,4.67,4,4,3,6,42,61,0.84,0.11,0.66,0.34,4.52,2.1,1.06,1.81,2.35,3.69,2.05,2.62,2.55,3.73,2.14,1.41,1.84,4.63,1.8,1666,1487,1,2,4.23,1
0.31,0.82,0.87,2.37,1.45,2.11,0.72,4.18,5.3,3.5,2.3,4.21,4.84,1.52,7,5,1,5,60,37,0.04,0.74,0.16,0.84,3.35,4.21,3.78,4.1,2.63,4.72,4.39,1.58,3.68,2.8,3.33,3.39,1.01,1.62,3.74,1866,1726,1,1,1.62,2
0.8,0.79,1.39,1.61,2.82,2.72,2.17,2.0,3.3,6.5,2.21,1.07,1.35,3.36,2,2,2,1,40,60,0.17,0.57,0.41,0.59,5.21,2.68,4.23,3.82,4.6,2.84,3.66,1.07,4.69,4.15,2.55,3.56,1.7,2.11,2.9,1441,1769,0,4,1.26,0
0.2,0.86,1.64,3.69,3.27,2.65,2.18,1.28,5.0,5.8,2.37,2.52,4.87,3.82,7,5,1,2,57,44,0.74,0.8,0.29,0.71,5.8,2.58,4.99,3.71,4.54,4.07,3.09,2.45,1.7,4.46,3.15,1.61,2.61,1.86,3.2,1585,1538,0,1,1.44,0
0.22,0.11,2.77,0.23,2.91,2.81,3.91,4.16,6.6,5.2,2.73,1.12,4.8,1.66,7,5,2,1,58,43,0.33,0.49,0.17,0.83,4.33,1.62,3.07,3.25,4.48,2.49,4.07,2.4,4.18,3.11,2.78,3.59,3.76,3.53,3.04,2089,1442,0,1,2.52,2
0.35,0.23,1.71,2.7,2.35,2.08,0.93,1.14,5.5,4.0,3.82,2.54,2.16,4.57,7,5,6,0,64,36,0.76,0.06,0.25,0.75,3.83,4.89,4.87,4.36,1.29,1.62,3.64,1.44,3.28,3.8,1.99,4.62,3.25,1.05,3.6,1674,1810,0,2,4.5,2
0.07,0.12,3.32,3.01,0.59,1.46,3.77,4.13,7.5,3.5,2.06,3.52,4.89,1.42,5,7,0,1,48,52,0.95,0.59,0.36,0.64,4.54,3.45,4.64,3.97,1.77,1.99,4.07,3.64,1.39,2.85,2.2,4.1,2.76,4.99,4.71,1533,1402,0,1,0.2,2
0.45,0.57,2.19,0.64,2.36,3.18,2.26,3.41,5.4,4.2,4.37,3.43,1.4,1.57,3,3,6,4,56,41,0.81,0.61,0.36,0.64,4.44,4.21,3.38,3.85,4.74,4.94,3.94,2.97,4.4,3.47,4.77,1.15,3.63,4.31,4.07,1887,1430,0,1,3.21,2
0.16,0.4,3.66,2.33,1.38,3.38,2.23,3.45,3.2,6.1,3.25,1.61,3.02,2.91,3,5,5,5,35,68,0.61,0.74,0.52,0.48,2.93,3.17,4.72,2.01,2.35,4.31,2.49,3.64,3.69,2.31,4.8,3.06,3.47,1.07,3.85,1637,1428,1,5,1.75,2
0.13,0.97,0.83,2.63,1.04,2.91,2.23,0.75,1.2,3.2,2.53,2.59,2.11,3.79,3,4,2,1,48,55,0.32,0.51,0.22,0.78,3.6,2.99,4.29,3.64,4.6,2.88,4.62,1.27,3.64,1.35,2.66,1.77,3.2,2.25,4.58,1591,1742,1,3,0.64,0
0.2,0.52,0.61,3.41,0.46,2.11,0.86,0.83,6.7,4.8,4.89,2.22,1.08,1.11,7,2,1,2,38,63,0.18,0.96,0.6,0.4,3.83,4.02,3.12,2.88,4.47,2.49,2.41,1.76,1.53,2.6,4.01,3.77,3.27,1.88,3.92,1614,1529,0,4,3.59,1
0.6,0.28,0.73,1.33,3.07,0.63,1.65,2.98,2.7,3.9,3.18,3.3,2.26,2.05,6,5,3,3,41,57,0.79,0.97,0.63,0.37,2.66,1.56,1.76,2.55,1.17,2.58,1.87,4.9,3.87,2.23,4.73,2.96,2.66,4.78,1.68,1412,1884,1,3,1.79,0
0.52,0.63,1.58,0.63,0.45,1.02,4.43,3.3,4.1,3.0,3.59,2.3,1.23,2.88,3,2,6,6,61,37,0.02,0.08,0.29,0.71,2.75,3.39,2.4,3.85,3.79,1.99,1.34,3.93,4.88,3.99,1.44,1.99,4.91,1.32,3.89,1663,1837,1,3,4.13,2
0.76,0.24,1.98,0.98,2.77,3.02,4.31,3.07,7.5,2.8,1.71,1.83,3.59,4.51,4,7,4,2,65,36,0.6,0.36,0.49,0.51,2.91,1.59,2.22,2.15,1.59,4.27,2.58,2.66,4.84,1.83,2.98,4.86,4.78,3.32,3.28,2033,1700,1,4,4.02,1
0.57,0.85,1.87,3.54,2.19,2.43,4.13,3.24,3.3,7.0,3.28,2.1,1.27,2.93,5,3,6,2,49,54,0.13,0.32,0.39,0.61,5.18,2.49,4.85,2.2,3.59,4.01,2.55,2.45,3.6,4.32,2.33,4.55,2.35,4.87,3.7,1552,1869,1,4,0.46,0
0.98,0.87,3.26,1.11,2.15,1.53,2.68,1.55,5.5,5.8,1.47,2.05,4.57,3.49,2,2,4,1,36,65,0.18,0.82,0.52,0.48,2.33,2.86,1.67,3.65,3.9,4.9,3.6,2.25,2.59,4.67,1.66,1.92,3.39,2.57,1.01,1978,1531,1,4,2.44,2
0.28,0.23,2.67,2.96,0.93,1.11,1.49,3.93,2.8,5.6,3.74,2.48,4.77,4.22,6,3,2,1,53,44,0.5,0.18,0.97,0.03,2.24,4.65,2.75,2.81,3.18,2.16,4.37,2.27,3.75,4.51,1.57,4.0,1.7,3.27,3.23,1449,1549,0,2,0.68,2
0.17,0.71,2.14,2.11,1.12,1.77,2.97,3.46,6.0,3.7,4.54,3.17,4.96,1.51,6,2,5,3,38,63,0.06,0.45,0.5,0.5,3.32,1.15,3.32,1.75,1.01,4.42,2.47,2.14,2.05,2.49,3.6,3.78,1.13,1.79,3.02,1638,2064,1,2,3.65,2
0.33,0.56,2.4,2.83,3.1,0.24,2.7,3.03,3.0,7.6,3.83,3.67,4.7,3.86,3,7,3,3,43,59,0.98,0.97,0.91,0.09,3.95,2.45,3.85,2.48,4.29,1.28,2.06,3.38,2.71,5.0,2.0,1.09,3.37,3.79,3.49,1833,2075,1,1,1.25,0
0.99,0.19,3.48,1.8,2.15,1.6,1.01,1.91,6.9,7.5,4.08,2.44,2.7,1.19,6,4,0,1,62,39,0.28,0.36,0.38,0.62,2.67,1.04,2.9,4.09,2.37,4.47,1.6,3.34,2.68,4.58,4.11,1.85,2.45,4.82,1.53,1724,1763,1,2,2.99,2
0.38,0.09,0.65,0.29,2.18,1.55,0.7,0.97,3.9,5.3,1.34,1.52,3.13,4.74,3,2,4,6,36,66,0.76,0.86,0.45,0.55,4.44,3.13,1.81,3.44,4.58,4.19,4.73,1.98,1.55,3.89,2.48,4.98,2.28,1.65,4.97,1919,2051,0,1,4.01,0
0.95,0.43,0.9,3.12,2.58,0.62,3.82,2.73,3.7,3.2,3.78,3.79,3.98,2.79,5,4,3,3,58,41,0.49,0.45,0.18,0.82,3.2,4.4,3.05,4.7,3.06,2.92,1.12,1.33,3.04,1.42,2.2,3.16,3.27,1.15,3.06,2057,1886,1,3,2.92,1
0.52,0.82,0.82,0.66,1.62,2.67,0.34,2.42,5.5,7.5,1.25,4.22,4.22,3.44,6,6,2,4,56,42,0.56,0.58,0.12,0.88,5.59,3.24,4.66,1.27,2.47,2.78,2.34,3.52,2.07,1.85,1.68,3.98,2.9,4.52,3.7,1768,1973,0,5,4.11,0
0.5,0.79,3.55,0.79,2.63,3.01,0.99,2.67,7.7,7.3,3.08,4.74,1.17,2.19,6,2,2,2,65,34,0.03,0.32,0.26,0.74,5.12,2.78,2.05,2.12,1.45,3.97,2.61,2.57,3.83,1.88,3.96,1.9,2.56,1.06,2.8,1595,1638,1,2,4.9,2
0.23,0.92,2.39,2.14,3.21,2.14,1.11,3.65,2.1,5.4,2.75,3.84,3.92,2.92,7,2,5,4,49,49,0.42,0.96,0.29,0.71,2.17,2.25,1.75,2.73,2.41,4.49,3.15,4.66,3.12,1.26,4.51,1.87,1.33,2.59,3.99,1929,1597,0,5,3.91,0
0.66,0.21,1.53,0.69,2.85,2.0,0.4,0.22,4.5,2.4,4.44,4.49,3.35,2.44,5,6,6,0,52,48,0.91,0.89,0.11,0.89,2.06,4.29,4.02,4.5,3.69,2.86,4.73,2.81,1.57,4.1,1.28,2.61,3.35,2.14,3.46,1675,1433,0,5,3.42,2
0.62,0.99,0.49,0.3,1.51,1.21,2.43,0.75,1.9,2.3,1.25,2.91,4.11,3.94,7,3,5,1,42,55,0.09,0.75,0.77,0.23,3.62,2.88,1.77,4.62,3.84,2.49,1.18,4.1,1.42,1.28,4.09,1.72,4.84,1.24,2.15,1680,1596,1,3,1.78,1
0.4,0.0,1.72,1.83,2.54,2.73,0.87,3.5,5.3,3.2,3.67,2.46,4.6,4.62,2,7,1,3,47,56,0.38,0.09,0.89,0.11,2.56,2.3,2.05,3.56,1.96,1.07,3.93,4.45,1.36,4.52,3.45,1.39,3.47,3.58,3.87,2095,1596,1,3,3.45,2
0.93,0.24,2.95,0.57,0.63,0.69,3.4,3.95,3.3,1.8,2.64,1.11,3.38,1.01,7,4,6,2,51,47,0.54,0.42,0.54,0.46,3.85,2.27,1.77,3.07,4.25,2.56,2.9,3.36,2.8,4.84,2.73,1.97,2.41,4.15,2.6,2087,1969,1,4,4.96,2
0.21,0.46,0.78,0.6,1.96,2.51,4.37,2.52,4.6,2.2,4.44,2.32,2.59,3.12,6,6,3,5,45,57,0.4,0.66,0.97,0.03,4.48,3.08,1.28,2.47,1.01,4.33,2.87,4.86,4.91,2.47,2.36,1.68,2.42,3.42,1.56,1835,1890,0,4,4.18,2
0.4,0.15,2.07,3.21,1.45,1.2,4.3,2.18,6.4,3.1,1.44,1.46,1.53,2.39,7,2,3,3,49,51,0.19,0.02,0.51,0.49,5.96,4.12,1.19,4.17,2.28,1.65,3.56,2.23,1.48,2.45,2.61,1.36,3.72,2.76,1.67,1648,1810,0,1,3.33,2
0.88,0.77,2.62,3.08,0.46,3.22,2.29,3.3,4.1,7.9,2.44,2.55,3.69,3.8,7,4,4,4,61,42,0.69,0.32,0.04,0.96,5.51,1.64,3.08,1.83,4.73,4.49,4.4,3.09,3.66,1.02,4.94,2.05,4.59,1.9,1.86,1718,2008,1,2,4.67,0
0.39,0.26,2.07,2.4,2.23,1.43,3.3,0.61,2.2,4.4,2.93,3.17,2.0,3.89,5,2,0,5,37,64,0.2,0.33,0.99,0.01,5.58,1.06,1.84,3.81,3.77,2.38,1.97,2.97,3.32,1.45,2.23,3.31,4.84,3.05,3.68,2065,1534,1,4,2.45,0
0.01,0.21,3.57,0.5,0.4,0.42,3.1,0.81,4.7,7.0,1.53,1.44,1.82,3.75,2,5,4,6,40,62,0.25,0.81,0.1,0.9,5.76,2.57,1.69,3.22,3.91,4.07,3.08,4.76,2.32,1.45,4.03,2.56,4.57,3.07,1.44,1831,1667,1,4,4.22,1
0.54,0.21,2.44,1.58,3.4,2.73,1.42,1.67,2.2,1.5,1.99,1.33,2.96,4.57,5,3,1,2,52,47,0.07,0.1,0.51,0.49,3.49,4.45,2.69,4.62,3.88,2.41,4.56,1.94,1.57,4.35,4.65,1.81,1.58,4.04,3.32,1673,1729,1,2,3.9,2
0.72,0.37,3.75,3.55,0.8,2.95,1.12,0.28,3.0,4.7,2.97,1.85,2.42,4.23,6,5,3,5,40,59,0.35,0.62,0.67,0.33,5.96,4.76,1.93,2.9,3.4,2.79,2.21,1.67,1.04,1.61,2.32,3.25,4.36,1.54,2.54,1876,2063,1,2,1.74,2
0.44,0.71,3.74,1.18,0.53,2.44,0.51,4.45,6.7,2.3,2.1,3.21,2.35,1.61,6,2,4,2,63,36,0.24,0.67,0.97,0.03,5.01,2.19,3.8,1.96,1.91,4.99,3.22,4.64,2.1,1.4,1.57,2.69,4.83,2.62,2.49,1908,2002,0,3,3.27,2
0.08,0.39,0.62,1.61,2.18,1.05,2.66,1.04,2.6,7.8,1.85,1.95,2.86,2.99,7,4,5,3,52,45,0.68,0.02,0.67,0.33,5.58,1.2,1.71,1.23,3.66,2.21,3.52,4.53,2.63,3.88,4.76,3.25,2.99,4.73,4.51,1811,1864,0,1,3.15,0
0.56,0.86,2.08,1.59,0.63,2.55,0.89,1.85,4.7,2.8,2.05,1.09,3.54,4.94,6,5,2,6,52,45,0.14,0.42,0.31,0.69,5.52,3.09,4.56,1.41,3.38,4.65,4.41,4.91,2.48,1.88,3.51,2.92,2.87,3.15,2.56,1829,2024,1,1,4.49,0
0.01,0.38,3.37,3.06,2.1,2.75,4.03,0.31,1.7,2.9,4.52,3.72,2.72,4.39,4,3,2,4,39,61,0.18,0.25,0.54,0.46,4.08,1.56,4.51,3.38,4.56,2.96,1.6,3.41,2.82,2.64,4.41,1.52,4.43,2.58,3.75,1874,1799,1,2,1.18,0
0.58,0.55,3.66,2.11,1.59,1.85,4.09,0.72,3.0,5.7,2.53,1.73,2.27,1.91,6,6,3,4,63,35,0.23,0.4,0.48,0.52,3.24,4.91,1.49,2.88,3.71,1.34,3.79,1.79,2.5,4.58,1.96,3.45,2.12,2.43,1.24,1938,1527,1,2,2.53,2
0.23,0.44,3.77,3.18,1.71,1.79,2.56,3.04,2.6,5.4,2.71,3.59,1.76,3.98,2,7,0,2,37,60,0.5,0.26,0.56,0.44,3.8,3.74,3.61,3.61,3.48,3.3,3.05,2.88,1.89,1.15,4.15,1.38,3.65,2.13,4.38,1794,1436,0,3,3.74,0
0.97,0.62,3.02,1.52,0.73,0.44,3.23,0.96,6.0,7.6,2.04,4.12,2.26,1.2,6,6,2,6,42,59,0.63,0.07,0.83,0.17,4.44,3.49,2.53,3.05,4.74,3.62,1.73,2.9,2.81,2.68,3.69,4.02,4.91,2.43,2.74,1821,1753,1,5,1.51,1
0.84,0.81,0.36,2.28,2.47,2.73,4.34,1.14,3.2,4.6,4.93,2.1,1.05,1.54,4,7,4,3,59,39,0.75,0.66,0.05,0.95,2.0,1.75,3.77,3.6,4.06,3.92,2.46,4.11,3.23,1.61,1.83,4.19,4.64,1.59,3.58,2042,1922,1,2,3.38,0
0.23,0.58,3.59,1.35,3.22,0.86,2.86,0.53,6.8,7.9,3.94,1.1,1.67,2.91,6,5,5,5,55,45,0.93,0.57,0.82,0.18,3.3,2.19,3.55,1.67,3.5,1.09,4.5,2.95,2.55,3.87,2.28,3.0,3.49,3.66,1.08,1639,1911,1,3,4.18,0
0.82,0.38,0.87,3.67,0.68,0.95,2.02,1.19,7.7,5.9,2.31,1.39,3.27,1.09,3,2,3,2,54,47,0.96,0.21,0.17,0.83,2.01,3.09,2.38,3.87,2.66,1.22,1.24,1.46,4.22,4.15,2.99,4.47,2.55,4.96,1.83,2090,1439,1,3,2.18,2
0.53,0.19,1.0,1.27,0.29,2.44,0.91,1.22,3.7,7.0,4.47,2.01,2.42,4.0,3,7,5,1,49,51,0.7,0.85,0.52,0.48,4.53,4.82,3.81,3.79,3.66,1.65,4.78,4.24,3.77,4.33,1.54,4.67,1.43,1.57,2.43,2036,1610,1,1,2.79,2
0.59,0.0,1.8,0.44,2.06,0.76,3.58,0.85,2.2,4.2,1.02,4.15,4.0,2.28,6,3,6,1,60,42,0.68,0.37,0.57,0.43,3.57,4.5,2.69,4.87,3.35,4.72,2.62,1.06,3.28,1.62,4.81,3.41,1.69,4.91,3.16,1930,2032,1,2,0.88,2
0.31,0.67,3.35,3.37,2.16,0.87,2.67,4.45,1.9,2.1,4.59,1.44,4.29,1.9,5,3,1,1,50,49,0.71,0.48,0.31,0.69,4.84,4.91,2.86,3.58,3.07,1.87,3.03,1.76,3.84,4.11,3.99,4.14,4.22,1.6,3.35,1861,1500,1,1,0.89,2
0.32,0.68,0.4,3.44,1.63,1.55,0.65,1.45,7.3,5.5,4.5,1.42,1.0,2.71,5,5,5,2,55,47,0.86,0.36,0.88,0.12,2.78,2.38,2.93,4.79,3.07,3.99,4.88,4.25,1.98,2.46,4.87,3.28,2.31,4.78,3.12,1715,1474,1,3,1.88,1
0.96,0.57,2.42,1.35,0.87,1.67,0.46,1.1,7.6,5.5,3.71,1.4,3.95,3.91,5,2,2,1,64,37,0.54,0.83,0.7,0.3,5.38,3.81,4.76,2.56,3.67,4.92,1.56,3.24,1.95,2.98,2.3,3.21,3.08,3.04,1.53,1703,1407,1,5,0.75,2
0.78,0.46,3.61,2.11,3.11,2.7,0.39,1.55,4.4,1.5,5.0,4.78,4.5,2.29,2,5,4,4,50,53,0.26,0.03,0.22,0.78,3.98,1.44,1.8,3.23,3.12,2.24,4.31,2.65,4.39,1.44,1.76,4.73,1.18,1.89,1.63,1950,1653,1,3,3.97,2
0.12,0.12,0.87,3.64,3.34,2.76,3.95,1.36,5.0,2.7,3.95,4.67,4.42,3.13,3,2,4,0,47,51,0.37,0.32,0.34,0.66,2.31,4.09,2.05,3.6,3.02,1.39,3.75,3.74,3.24,2.58,3.41,4.36,3.95,3.82,2.39,1873,1953,1,4,4.92,1
0.57,0.74,2.81,3.15,2.9,2.08,3.2,2.3,4.3,4.7,4.21,2.95,4.16,1.68,6,2,0,6,58,39,0.27,0.96,0.92,0.08,3.11,2.83,1.18,2.77,3.17,3.08,1.51,3.32,1.65,3.61,4.56,4.7,3.57,4.49,1.83,1958,1530,0,4,1.97,2
0.5,0.45,0.64,2.54,3.22,3.46,4.34,1.71,5.8,3.1,2.85,2.84,3.98,1.23,6,4,0,2,60,42,0.11,1.0,0.59,0.41,3.94,4.42,2.25,1.21,4.12,1.39,2.84,1.37,4.3,2.53,4.97,3.52,4.53,2.4,1.44,1764,2057,0,3,2.66,1
0.93,0.48,0.96,0.84,2.65,1.35,0.7,0.31,1.8,6.8,2.22,1.48,4.22,3.78,3,2,5,4,39,64,0.78,0.61,0.01,0.99,2.42,3.57,3.75,2.02,4.87,4.48,3.41,4.33,1.68,1.94,3.59,4.49,1.28,1.83,2.56,1610,2085,0,1,0.94,0
0.63,0.92,2.06,1.31,0.96,3.32,2.74,1.41,3.2,5.8,1.89,4.97,3.08,4.76,3,7,3,0,42,57,0.15,0.96,0.46,0.54,2.72,1.43,2.27,2.96,1.22,4.24,4.53,1.96,4.91,4.1,1.58,1.94,3.43,3.95,4.56,1844,1914,0,4,1.08,0
0.31,1.0,2.72,1.08,0.39,2.31,1.85,2.61,3.0,3.5,2.38,3.43,4.61,4.13,7,7,4,2,54,45,0.55,0.4,0.25,0.75,2.35,1.29,3.18,2.18,4.05,3.08,1.59,2.02,2.62,2.7,1.21,2.19,3.23,3.5,2.38,1526,1820,1,5,1.69,0
0.48,0.94,1.01,0.51,2.35,0.95,2.32,0.8,6.8,2.8,1.55,4.05,2.37,2.45,7,2,4,2,52,46,0.21,0.76,0.13,0.87,3.88,1.71,4.02,3.9,4.42,4.26,1.9,2.57,3.87,3.77,4.83,1.53,1.26,4.51,3.49,1878,1688,0,5,2.89,0
0.58,0.24,2.17,3.08,1.84,2.3,3.63,1.21,4.8,1.6,4.95,2.05,4.62,2.43,2,6,4,4,59,44,0.88,0.27,0.31,0.69,2.91,3.07,2.77,4.89,2.54,3.85,1.94,4.82,4.51,1.98,4.11,4.79,4.19,1.01,1.18,1842,1910,0,5,0.65,2
0.83,0.87,2.15,1.4,1.52,1.04,3.45,0.51,7.7,2.9,2.84,1.8,1.48,1.42,2,6,3,2,41,57,0.45,0.87,0.66,0.34,5.59,3.86,2.6,3.87,4.46,4.46,1.77,2.51,1.43,2.64,1.51,3.1,4.34,4.66,1.93,1816,1707,0,2,4.65,2
0.12,0.06,3.28,3.07,1.8,1.52,0.94,0.95,7.2,5.7,4.49,3.27,2.78,1.47,2,3,2,4,60,38,0.2,0.09,0.61,0.39,2.29,1.34,2.08,1.62,3.32,3.56,3.51,4.38,4.59,4.59,4.17,3.5,4.71,3.97,1.91,2083,1861,0,3,1.78,1
0.23,0.28,2.66,0.44,0.78,3.47,3.3,1.6,5.5,3.7,4.21,1.96,4.88,4.96,2,5,5,6,44,58,0.51,0.25,0.01,0.99,2.2,4.31,4.3,4.1,3.0,4.23,4.58,2.8,4.07,2.76,2.21,2.45,1.37,2.23,3.45,1522,1666,0,3,0.2,2
0.04,0.82,0.88,2.22,3.01,2.75,1.23,1.13,6.0,3.9,2.74,4.38,2.37,4.93,7,3,3,1,60,42,0.07,0.88,0.8,0.2,2.01,2.62,4.18,1.87,4.53,1.56,3.86,3.23,1.73,2.46,4.79,2.14,4.45,2.97,4.86,1481,1781,1,5,3.33,0
0.78,0.68,1.63,0.96,2.09,1.18,4.49,2.12,1.4,7.1,1.81,3.47,4.68,1.3,4,7,4,5,51,47,0.6,0.44,0.73,0.27,2.84,3.3,2.32,4.84,4.87,3.05,1.23,1.71,3.52,1.97,4.42,1.57,1.98,1.74,4.33,1545,1458,1,4,1.89,2
0.5,0.04,0.63,2.13,1.38,0.54,1.24,0.55,6.8,3.2,4.06,2.52,4.88,2.09,7,5,1,3,54,43,0.15,0.97,0.33,0.67,3.06,2.8,2.03,3.03,4.58,4.87,1.11,1.53,2.24,1.43,3.34,4.59,3.65,4.7,4.85,2098,1798,0,3,1.31,1
0.76,0.92,3.73,3.6,1.91,1.11,1.97,2.39,2.0,2.1,1.83,2.52,2.9,2.72,5,3,3,1,53,45,0.2,0.06,0.5,0.5,5.38,1.34,4.58,3.66,1.73,2.75,1.88,2.85,3.1,2.73,4.45,4.83,2.79,1.98,4.45,1966,1985,1,5,2.33,0
0.67,0.87,2.67,3.74,1.19,2.64,3.63,2.12,5.4,2.6,4.71,4.73,4.17,3.64,2,2,1,5,53,49,0.27,0.61,0.04,0.96,3.24,2.6,4.76,2.47,3.53,1.91,2.35,2.48,1.06,4.87,3.62,2.09,3.85,3.04,3.25,1565,1804,0,1,4.88,0
0.55,0.49,2.52,2.11,1.24,2.63,3.58,4.35,3.3,2.1,1.8,4.15,4.53,2.32,7,7,2,6,62,36,0.18,0.38,0.25,0.75,5.15,1.87,1.79,4.42,1.98,3.1,2.09,3.01,1.29,1.8,2.85,1.5,4.79,2.58,1.12,1780,1509,1,3,0.69,2
0.02,0.24,3.46,1.7,2.9,0.35,1.76,0.74,1.9,1.5,3.0,2.8,1.23,2.27,5,7,5,2,36,66,0.23,0.53,0.84,0.16,5.63,3.65,2.37,1.96,4.26,1.95,4.03,1.11,3.36,3.3,1.08,3.87,3.68,1.54,4.93,1911,1656,0,4,4.31,0
0.02,0.39,2.21,3.5,1.7,0.54,1.11,4.12,4.4,2.7,4.67,4.25,2.26,3.45,6,5,5,4,44,58,0.87,0.64,0.75,0.25,2.15,4.66,1.16,2.3,3.09,4.26,4.65,4.42,1.2,1.12,3.36,1.35,2.32,3.15,3.33,1934,1811,0,5,3.91,1
0.99,0.65,2.25,3.69,2.69,3.37,4.38,2.76,4.5,4.1,2.17,2.42,4.03,2.75,5,4,1,4,36,64,0.37,0.47,0.98,0.02,4.33,3.08,1.24,2.31,4.78,3.59,4.23,4.94,3.71,3.11,3.56,2.93,1.62,2.78,1.36,2026,1770,0,3,3.48,1
0.88,0.29,0.89,0.78,2.43,2.68,2.48,0.62,3.2,1.6,3.06,1.93,1.47,3.63,5,7,4,0,65,34,0.51,0.56,0.8,0.2,3.13,4.22,4.09,4.11,4.14,4.28,2.0,1.79,3.98,2.3,3.12,3.69,4.72,4.27,3.58,1849,1530,1,3,2.39,1
0.61,0.24,3.2,2.25,2.09,3.5,1.56,3.78,5.0,7.2,2.42,4.92,4.0,3.43,7,5,2,5,63,35,0.79,0.03,0.46,0.54,3.31,4.15,4.93,1.65,2.67,1.98,4.46,4.21,4.37,4.28,1.93,4.72,4.56,2.99,2.33,1578,1590,0,4,2.35,1
0.33,0.18,2.19,1.76,2.89,2.12,2.98,2.08,4.5,3.3,3.22,3.17,2.29,4.04,5,3,1,2,50,47,0.09,0.64,0.5,0.5,4.56,4.58,2.48,2.43,3.23,3.09,1.89,3.34,1.16,1.46,1.06,3.81,1.58,1.06,2.62,1951,1624,0,5,3.86,0
0.63,0.92,0.61,2.84,1.75,3.36,0.28,2.88,7.5,1.6,2.35,1.21,1.38,3.92,3,6,1,5,49,51,0.39,0.19,0.11,0.89,4.12,2.92,4.66,2.07,4.54,2.35,1.36,4.54,3.41,3.52,4.44,4.16,4.4,2.96,2.73,1404,1633,1,5,0.46,0
0.58,0.38,1.61,1.15,2.64,1.15,3.63,0.99,5.6,6.8,3.04,4.42,1.76,1.9,5,6,6,0,55,46,0.37,0.84,0.27,0.73,4.79,4.19,4.62,2.88,3.95,1.09,3.46,1.7,2.66,4.18,4.13,4.39,4.07,1.79,4.75,1788,1745,1,2,1.49,0
0.79,0.89,1.13,1.07,0.43,1.67,3.1,3.54,2.2,2.4,4.68,1.29,3.4,3.28,5,4,5,5,59,43,0.06,0.19,0.14,0.86,4.98,2.44,4.46,1.73,2.66,2.96,3.53,2.95,1.49,2.13,3.77,1.99,2.88,4.66,1.63,2073,2098,1,3,1.42,2
0.85,0.69,3.23,2.89,1.56,1.51,2.15,2.76,3.7,3.3,4.78,1.99,3.72,1.95,5,6,0,5,38,61,0.57,0.17,0.59,0.41,5.71,3.17,3.77,2.86,3.62,1.19,3.05,4.91,2.79,4.71,1.53,1.64,4.77,4.59,4.48,1943,1880,1,1,4.23,2
0.14,0.58,0.45,1.08,2.32,0.79,2.06,2.07,2.3,7.1,3.34,4.85,1.0,2.59,6,5,0,2,62,35,0.35,0.48,0.78,0.22,2.35,1.87,1.04,1.42,2.54,3.4,3.86,3.09,1.85,2.77,4.02,1.55,1.96,1.2,3.42,1944,1956,1,2,2.11,0
0.05,0.18,1.48,0.75,1.6,2.11,0.33,2.42,3.7,4.4,2.89,1.58,4.93,1.66,2,2,0,4,46,53,0.57,0.02,0.68,0.32,2.7,4.63,1.87,2.82,1.51,2.58,1.61,2.93,2.54,1.35,1.17,2.17,1.5,4.86,2.28,1795,1478,1,4,0.75,2
0.45,0.13,0.51,2.51,3.34,0.95,4.15,2.15,6.5,4.3,2.91,4.26,2.37,1.02,4,5,4,0,54,45,0.74,0.66,0.43,0.57,4.64,2.79,4.42,2.39,2.58,2.72,2.04,1.59,2.73,2.3,1.97,2.84,4.59,4.09,3.17,1502,2030,1,4,4.79,0
0.71,0.33,1.89,0.24,0.62,0.8,2.2,3.88,7.9,2.1,3.58,3.77,3.99,2.59,5,5,5,5,59,41,0.44,0.8,0.45,0.55,3.73,3.1,1.68,1.15,2.09,1.37,3.84,1.12,2.85,1.97,1.41,1.31,2.73,1.58,2.06,1944,1405,1,5,2.93,2
0.49,0.97,2.58,3.25,2.8,2.71,3.13,2.7,7.0,7.2,2.65,3.38,3.82,2.89,4,5,2,5,37,60,0.48,0.88,0.16,0.84,5.1,1.42,4.13,4.5,4.55,1.61,4.27,2.51,2.04,2.78,4.14,4.02,4.71,4.37,4.98,1631,2063,0,1,3.72,0
0.94,0.43,3.35,1.42,3.17,3.31,4.47,4.49,7.7,7.6,4.41,1.7,1.85,3.14,7,7,3,3,52,45,0.42,0.43,0.3,0.7,3.68,4.54,2.68,4.31,2.12,2.35,1.98,4.16,3.13,4.07,3.95,4.07,4.69,2.64,2.01,2073,2099,0,2,1.13,2
0.49,0.47,3.24,2.66,0.86,2.06,1.5,3.36,5.8,2.0,4.14,1.46,1.47,3.68,3,6,3,2,39,60,0.41,0.27,0.08,0.92,2.76,3.38,2.26,4.61,4.91,2.24,1.67,2.86,4.7,2.06,1.61,1.14,4.91,1.15,2.31,1522,1670,0,5,2.74,2
0.33,0.63,2.36,0.44,2.26,1.98,1.66,4.41,7.6,7.1,4.93,2.82,3.66,2.96,7,5,1,5,36,66,0.03,0.2,0.06,0.94,4.71,3.54,2.72,3.49,1.52,1.43,3.28,2.0,1.04,1.69,1.75,4.24,4.38,1.8,3.9,1803,1764,1,1,4.13,2
0.39,0.7,0.45,2.82,3.06,0.96,0.64,2.31,4.9,6.0,4.84,1.18,4.26,4.15,2,3,4,4,48,49,0.91,0.94,0.84,0.16,3.03,1.41,4.99,1.92,1.07,1.43,4.39,1.31,3.07,4.35,2.04,4.07,3.26,3.06,4.68,1878,1647,0,3,4.18,0
0.64,0.92,0.83,0.64,2.64,0.54,0.38,2.41,6.9,6.8,2.77,4.34,2.34,3.14,4,5,4,3,62,41,0.73,0.99,0.65,0.35,5.33,2.03,4.68,2.89,2.81,4.2,2.49,4.12,3.75,1.47,3.16,1.79,1.54,3.15,4.25,1620,2022,0,4,0.87,0
0.71,0.76,0.28,0.45,1.35,1.01,4.44,2.52,4.9,6.8,3.95,1.8,4.57,1.31,3,7,1,0,54,44,0.97,0.11,0.97,0.03,2.78,4.93,4.6,3.59,1.89,4.3,4.01,4.71,3.75,3.5,4.14,4.1,4.74,3.31,2.47,1474,1657,0,2,4.31,2
0.34,0.99,2.39,0.81,0.43,1.21,2.93,1.25,2.9,2.5,4.1,2.87,4.3,4.45,6,5,0,1,52,50,0.48,0.11,0.92,0.08,3.14,2.75,4.5,3.03,4.49,4.16,3.68,4.05,4.25,1.41,2.8,1.3,3.14,1.55,1.05,1652,1883,0,2,0.49,1
0.63,0.21,0.9,1.23,2.88,1.5,2.33,1.13,5.4,5.5,4.93,4.66,1.67,3.35,7,6,5,4,40,63,0.46,0.93,0.68,0.32,3.7,3.35,1.75,1.68,3.28,2.8,2.06,2.66,3.08,4.71,4.1,1.35,4.94,1.28,3.6,1889,1527,1,3,4.01,0
0.14,0.48,2.72,1.32,2.11,1.72,0.48,0.24,7.9,6.4,4.02,3.67,4.06,3.63,6,6,6,2,37,63,0.89,0.88,0.81,0.19,2.14,2.19,4.23,2.99,3.75,1.27,3.71,3.45,1.02,4.43,2.13,1.61,3.62,1.06,2.4,1525,1614,0,5,4.38,0
0.82,0.12,0.24,3.44,2.18,1.78,3.3,0.75,6.3,6.3,1.89,4.29,4.71,2.22,5,3,2,3,39,61,0.67,0.52,0.82,0.18,2.7,4.67,1.93,3.96,3.84,2.79,3.95,4.25,3.45,3.39,1.19,3.9,1.13,4.53,3.63,1754,1894,1,4,2.14,1
0.3,0.86,2.41,3.56,0.59,0.47,3.7,0.75,7.8,3.5,3.02,1.33,3.52,4.82,7,3,1,5,52,47,0.15,0.13,0.97,0.03,3.53,3.19,4.57,1.59,2.82,1.11,2.06,1.27,1.13,1.64,4.74,1.75,3.44,4.84,3.6,2017,2010,0,2,4.8,0
0.1,0.87,3.31,0.93,3.16,3.31,2.76,2.48,1.4,2.4,2.11,2.0,1.67,4.79,3,4,5,3,43,58,0.26,0.89,0.93,0.07,5.66,1.86,2.06,3.29,3.59,4.82,2.54,2.51,2.4,3.8,3.69,1.56,4.69,1.96,1.06,1992,1899,0,1,0.15,0
0.17,0.57,1.23,1.14,1.4,2.82,4.03,2.71,6.0,2.9,2.61,4.69,4.3,3.71,6,2,6,5,57,42,0.84,0.06,0.57,0.43,5.82,4.15,1.85,4.59,3.56,3.78,3.66,3.9,3.17,4.68,2.78,2.28,2.18,4.01,1.47,1804,1599,0,3,3.63,2
0.67,0.7,3.07,0.33,1.68,1.66,0.83,0.62,3.0,3.7,4.77,4.94,2.36,1.16,3,7,0,3,56,47,0.95,0.01,0.06,0.94,3.3,3.24,4.26,2.24,3.56,1.58,3.9,3.79,4.57,2.75,1.39,4.38,3.07,3.59,4.16,1540,1989,0,4,2.56,2
0.04,0.75,2.53,2.74,2.86,1.59,2.73,1.22,7.6,7.9,3.08,1.4,3.53,3.13,5,2,3,0,36,63,0.04,0.69,0.69,0.31,4.21,2.47,2.46,3.17,1.0,1.3,3.78,1.73,2.77,3.29,3.06,1.91,4.24,2.01,3.41,1583,1600,1,4,2.92,2
0.36,0.04,1.65,2.38,2.59,0.28,3.15,2.4,2.0,5.7,3.3,4.41,3.89,3.13,7,5,1,1,46,53,0.72,0.35,0.69,0.31,5.76,1.21,4.42,2.82,4.03,4.34,2.86,1.2,4.26,3.0,4.99,4.54,2.55,2.44,3.19,1448,1739,0,5,2.91,0
0.04,0.18,3.42,0.77,2.53,2.58,1.28,0.94,4.9,7.9,1.08,2.34,1.13,2.37,7,3,1,0,62,37,0.9,0.63,0.12,0.88,2.87,1.65,3.79,1.91,3.58,4.92,3.07,4.02,3.24,3.25,1.81,2.19,4.41,3.97,2.78,1938,1826,0,3,4.49,0
0.25,0.91,0.53,3.61,1.98,3.01,3.36,0.45,5.5,3.8,1.08,2.65,4.24,4.47,4,4,3,2,40,62,0.58,0.86,0.78,0.22,4.98,1.31,3.34,4.03,1.64,1.3,2.29,4.13,3.21,1.82,4.79,1.02,2.57,3.91,2.62,1640,1746,0,2,3.72,0
0.59,0.15,1.71,0.86,1.09,0.55,1.02,2.96,2.3,7.6,2.44,4.05,3.26,3.67,7,2,5,6,35,67,0.03,0.58,0.45,0.55,5.34,2.98,3.62,2.19,2.35,2.27,4.97,2.46,4.84,3.69,1.04,2.59,2.67,2.17,1.34,1623,1737,1,4,3.68,0
0.58,0.54,1.17,0.31,2.73,1.72,2.8,1.06,3.7,4.6,4.35,1.97,4.27,1.54,6,3,2,3,42,60,0.09,0.77,0.23,0.77,2.73,2.91,2.77,1.49,3.16,1.39,2.53,2.37,3.01,2.93,4.06,1.78,3.61,3.24,2.19,1921,1530,0,3,0.67,2
0.09,0.01,0.2,2.52,0.38,0.78,4.26,0.92,4.9,5.6,1.05,4.84,3.98,1.36,2,2,0,0,52,45,0.57,0.62,0.17,0.83,5.42,2.14,3.35,3.07,2.55,2.88,4.21,4.99,3.33,2.64,4.48,1.86,1.98,2.46,1.6,1540,1672,1,1,2.16,0
0.41,0.18,3.72,3.16,2.02,1.36,2.79,0.63,6.7,1.3,3.38,4.76,1.32,2.65,6,2,5,3,60,38,0.65,0.64,0.29,0.71,3.14,3.94,4.31,3.17,2.26,1.63,1.51,1.06,4.6,2.89,1.1,1.33,3.23,4.22,4.72,1653,2069,0,5,1.62,0
0.88,0.63,0.52,1.01,2.67,1.19,2.87,1.8,3.3,5.7,2.2,3.75,4.85,3.6,5,5,3,0,60,39,0.39,0.6,0.13,0.87,5.33,3.98,3.9,4.31,3.94,4.24,2.45,2.09,4.48,3.71,1.69,1.58,3.44,1.38,3.7,1886,1532,0,3,2.87,0
0.28,0.88,1.86,1.78,2.87,2.08,2.52,0.38,2.8,1.1,1.28,4.55,2.34,2.77,2,7,4,4,40,62,0.33,0.7,0.01,0.99,2.41,3.92,1.28,4.31,3.53,3.09,3.47,2.49,3.27,1.17,3.28,1.33,2.56,4.61,1.57,2093,1516,0,5,0.95,0
0.06,0.03,1.67,0.35,2.4,1.67,3.43,2.58,4.3,1.7,4.14,3.32,2.83,1.64,3,2,3,1,43,59,0.14,0.8,0.82,0.18,4.69,4.28,1.64,1.1,4.54,3.15,1.7,3.91,1.93,2.47,1.27,3.07,1.2,4.59,3.28,1712,1418,0,4,1.78,2
0.85,0.34,3.23,2.88,1.17,3.38,2.48,2.15,7.3,7.0,4.65,1.72,2.94,3.98,2,5,4,4,40,62,0.07,0.24,0.27,0.73,3.48,2.12,2.6,2.18,2.28,3.79,3.87,4.42,3.38,1.99,4.26,4.07,1.11,2.13,4.17,1947,1928,0,3,1.44,2
0.89,0.74,0.6,2.35,0.22,2.85,3.23,1.7,5.8,4.6,4.82,1.54,3.5,3.11,5,5,0,4,63,39,0.95,0.95,0.41,0.59,5.35,4.4,4.96,1.71,4.44,3.86,3.5,2.88,3.39,4.95,4.79,4.41,2.65,1.32,1.59,1521,1991,0,5,2.13,2
0.34,0.22,1.33,2.15,2.61,1.14,2.11,2.36,3.8,1.8,3.57,3.88,2.88,4.03,6,4,6,6,39,62,0.04,0.48,0.7,0.3,2.09,1.05,2.02,2.3,3.9,3.9,1.24,2.41,3.19,2.16,3.9,1.9,1.65,1.17,1.04,1725,1577,1,4,3.38,0
0.88,0.36,2.62,2.45,3.25,1.39,4.2,1.93,6.0,6.6,2.02,2.73,4.14,2.08,2,7,2,6,62,41,0.13,0.69,0.36,0.64,2.9,4.94,4.95,2.58,4.98,2.61,4.27,2.7,2.71,4.14,4.2,2.89,4.23,1.78,1.13,1823,1742,0,4,2.36,0
0.28,0.47,3.62,1.92,1.46,0.36,1.1,0.9,6.5,3.2,2.2,3.78,1.79,1.55,6,5,6,1,61,38,0.07,0.91,0.1,0.9,5.09,2.51,3.37,4.72,2.08,2.86,2.99,1.05,2.28,4.9,1.83,3.68,2.65,1.52,1.55,1861,2009,0,4,3.01,1
0.48,0.73,0.94,1.73,2.69,2.19,3.53,1.37,7.4,3.0,4.3,2.23,2.82,1.16,7,6,1,4,36,66,1.0,0.03,0.34,0.66,5.22,3.78,4.59,1.32,3.11,2.95,1.19,4.05,2.52,2.65,2.72,3.25,4.92,3.94,1.7,1648,2045,1,1,3.87,1
0.92,0.32,1.37,0.84,2.05,2.66,1.75,4.39,6.7,5.1,2.46,4.27,1.69,3.77,4,5,3,5,41,57,0.56,0.2,0.01,0.99,3.14,2.17,2.64,4.58,1.55,3.62,1.38,1.69,3.92,3.2,3.68,3.45,3.31,2.79,1.71,1492,2012,0,3,2.83,1
0.61,0.54,0.5,2.91,3.18,1.11,2.79,0.36,2.5,1.5,3.57,1.18,3.18,3.48,3,5,5,0,50,49,0.18,0.16,0.57,0.43,4.12,4.66,4.31,4.34,1.26,2.66,1.38,3.11,2.74,3.45,4.56,3.25,4.31,1.64,2.46,1551,1843,0,4,4.26,2
0.42,0.59,3.23,2.79,2.0,1.36,0.66,2.05,6.5,4.8,2.87,2.47,2.66,3.99,6,5,3,1,49,53,0.97,0.93,0.61,0.39,2.61,3.14,1.64,3.8,4.2,1.51,3.88,3.74,4.68,4.89,1.31,1.12,4.22,1.9,3.3,1703,1495,1,3,3.17,1
0.35,0.57,1.88,2.31,2.85,0.58,1.37,4.35,4.8,3.4,2.45,4.13,3.17,4.4,4,6,3,4,65,33,0.06,0.66,0.34,0.66,5.97,2.17,1.07,2.83,4.63,4.98,4.43,2.66,2.73,3.56,4.89,2.53,1.32,3.0,1.24,1835,1791,0,2,0.87,0
0.49,0.31,0.57,1.63,1.98,2.88,3.82,2.17,6.2,7.5,4.5,2.94,3.8,2.96,4,2,4,2,58,44,0.05,0.21,0.91,0.09,3.57,3.44,3.44,1.17,4.54,1.91,3.25,3.14,1.26,4.26,2.04,1.49,4.35,5.0,1.23,1963,1703,0,3,2.78,0
0.59,0.27,1.52,2.93,2.86,0.62,2.81,2.47,3.4,1.6,2.12,1.68,3.35,1.95,7,4,1,5,37,65,0.48,0.48,0.59,0.41,4.88,2.19,2.2,3.15,1.84,4.55,3.22,3.52,4.54,2.89,3.8,1.78,4.02,1.05,4.06,1731,2042,0,3,4.43,1
0.71,0.08,2.5,0.39,1.45,0.7,1.59,2.88,7.1,6.8,2.05,3.6,2.65,3.92,5,5,2,4,60,41,0.25,0.29,0.29,0.71,3.73,1.06,4.73,2.07,4.76,2.81,1.95,4.26,3.64,4.82,1.6,2.9,3.45,1.46,2.71,1559,1974,0,4,1.31,0
0.38,0.37,1.37,2.45,3.49,0.31,2.44,4.0,5.6,5.9,2.27,1.18,2.28,4.24,5,3,2,2,65,36,0.85,0.15,0.53,0.47,5.28,3.75,3.57,3.34,2.96,2.17,2.56,4.41,4.71,3.45,2.61,2.57,1.46,4.81,2.39,1746,1817,1,4,4.55,0
0.04,0.43,2.56,1.37,1.66,1.96,2.63,4.09,6.2,1.5,4.96,1.92,1.51,1.82,4,7,1,2,58,43,0.28,0.04,0.97,0.03,3.52,4.44,1.44,4.98,1.06,1.68,3.67,3.39,3.02,1.09,1.18,1.41,2.82,3.89,3.65,1839,1894,0,2,2.57,2
0.27,0.88,2.53,2.1,2.04,1.41,3.56,1.48,2.7,7.1,4.1,3.59,1.93,1.65,2,7,2,2,35,63,0.68,0.73,0.96,0.04,3.74,4.4,5.0,2.44,3.12,4.07,2.64,2.73,3.92,3.11,2.17,1.74,2.14,2.42,4.82,2093,1667,0,4,4.15,0
0.01,0.83,1.94,1.88,2.51,1.94,2.27,2.29,6.7,2.8,2.07,3.84,3.3,2.99,7,7,3,3,47,56,0.65,0.23,0.85,0.15,2.27,3.85,1.71,3.99,2.95,4.66,3.92,4.56,4.65,3.22,4.51,3.56,2.45,3.88,2.42,1849,1476,1,3,4.78,1
0.7,0.53,0.36,2.17,0.54,0.69,0.42,1.08,3.5,1.3,4.37,2.43,4.63,2.78,7,7,0,5,55,42,0.04,0.16,0.53,0.47,2.72,3.26,2.9,4.95,2.67,2.15,3.43,2.27,2.21,4.81,3.65,3.49,1.69,2.6,1.58,1955,1940,0,5,2.45,2
0.6,0.17,1.27,1.56,0.3,3.17,3.47,3.71,4.4,2.3,2.58,1.56,1.53,4.93,7,6,5,1,64,37,0.87,0.75,0.1,0.9,2.86,2.44,1.26,2.52,4.75,1.82,1.32,4.64,3.46,2.24,4.12,2.46,3.14,4.36,3.63,2062,1936,1,5,4.96,1
0.64,0.95,0.3,3.77,1.47,2.85,0.93,0.48,7.7,6.7,3.31,4.02,4.61,3.53,3,6,0,3,40,60,0.16,0.16,0.79,0.21,2.34,3.36,3.23,2.83,4.47,4.36,2.13,4.5,4.89,4.59,4.72,2.57,1.7,2.34,4.92,1970,2074,1,3,4.01,0
0.14,0.16,2.13,1.26,1.6,1.92,2.41,3.68,7.3,5.1,4.67,1.22,2.32,1.8,5,3,6,3,45,56,0.95,0.19,1.0,0.0,2.91,2.89,4.32,3.37,4.14,4.98,4.25,4.68,2.05,1.77,3.44,2.31,1.97,4.35,3.57,1409,1637,0,5,3.62,2
0.5,0.3,1.43,2.27,1.17,2.89,4.26,1.66,5.9,5.0,2.3,2.65,3.81,3.09,3,5,3,1,49,53,0.97,0.36,0.73,0.27,3.2,1.19,2.4,2.82,4.94,1.67,3.49,1.3,2.71,3.24,2.14,3.51,1.16,3.25,1.78,1458,2074,0,2,1.37,0
0.01,0.8,2.75,1.7,1.64,2.95,2.92,1.29,7.1,3.2,2.0,3.1,2.44,1.17,2,7,3,5,35,65,0.03,0.48,0.3,0.7,2.52,3.12,4.6,4.85,1.71,3.51,3.53,4.0,4.05,2.57,1.43,2.65,4.19,4.35,1.4,1816,1799,0,4,0.95,2
0.77,0.72,1.62,2.19,1.17,2.75,0.56,1.11,2.0,2.0,1.66,3.15,4.34,3.1,4,7,0,1,54,46,0.87,0.26,0.25,0.75,5.23,4.32,2.42,3.32,4.17,2.96,3.78,3.56,1.31,2.98,2.36,1.31,4.03,4.05,3.35,1720,1565,0,5,2.11,2
0.23,0.34,2.4,0.85,1.32,1.74,1.38,3.5,7.2,7.6,1.45,3.45,4.25,4.95,7,2,6,3,53,46,0.35,0.54,0.79,0.21,2.22,4.56,2.15,3.51,4.74,3.06,2.2,3.99,4.2,3.47,2.99,1.2,2.52,1.47,1.26,1628,1816,1,5,3.97,1
0.23,0.92,1.13,1.41,1.53,1.28,2.05,0.6,2.0,1.1,1.22,3.29,3.31,4.24,2,6,3,6,48,49,0.72,0.77,0.25,0.75,5.14,2.42,2.2,4.94,2.23,4.31,1.47,2.16,3.27,4.21,2.2,2.21,1.4,3.36,4.63,1588,2070,1,4,4.38,0
0.47,0.09,3.55,2.82,1.03,0.78,1.13,1.21,2.4,2.4,1.59,2.77,1.1,3.02,7,6,2,4,50,49,0.55,0.61,0.4,0.6,3.3,3.92,4.02,3.99,2.15,2.54,1.92,1.59,2.49,1.05,2.22,1.99,2.45,2.38,3.31,1753,1451,0,5,1.5,1
0.27,0.03,0.88,2.88,2.84,2.93,0.72,4.15,7.1,6.4,4.22,1.74,3.64,1.21,7,6,5,6,42,58,0.55,0.29,0.0,1.0,4.71,2.22,3.78,2.76,2.35,4.97,3.75,4.96,3.45,2.67,4.44,3.08,4.64,1.35,4.73,1455,1849,1,3,2.43,2
0.37,0.28,3.38,2.65,3.19,1.74,2.71,2.7,6.2,2.5,3.09,1.73,3.72,1.06,2,7,1,2,37,63,0.84,0.88,0.42,0.58,5.04,4.33,1.32,4.27,3.33,4.55,3.32,3.65,2.98,3.59,4.15,2.9,2.49,4.99,3.13,2008,1883,1,1,4.53,2
0.27,0.08,3.06,2.26,3.38,0.53,3.38,2.86,6.2,1.6,3.28,4.4,2.42,1.67,5,6,4,2,45,55,0.83,0.32,0.61,0.39,2.45,1.59,1.25,4.76,1.93,1.24,4.17,1.15,3.28,2.61,3.78,4.49,4.57,3.17,4.07,1846,1947,0,1,4.43,2
0.21,0.8,2.37,0.24,1.31,1.84,0.51,0.9,5.8,3.1,2.84,3.09,3.11,1.42,5,2,5,4,53,49,0.96,0.81,0.38,0.62,4.86,1.49,1.81,2.74,2.35,1.89,1.23,2.82,4.73,3.74,1.5,3.99,1.16,3.75,2.08,1750,2049,0,5,2.44,2
0.46,0.46,2.72,3.54,3.45,1.93,2.15,2.57,3.7,1.8,1.39,3.38,3.69,1.78,3,5,0,0,65,36,0.07,0.25,0.11,0.89,2.71,2.09,3.73,3.44,3.25,3.86,1.81,3.16,3.3,1.47,4.42,4.46,3.29,2.19,2.16,1900,1659,0,1,3.19,0
0.36,0.25,0.51,2.94,2.0,3.32,1.62,1.73,3.3,7.7,1.78,2.97,3.13,4.97,3,4,1,5,37,61,0.81,0.4,0.31,0.69,5.71,3.1,4.68,4.54,1.09,1.72,1.41,1.07,4.84,1.56,4.64,1.15,2.38,1.02,2.85,1848,1783,0,4,1.66,0
0.81,0.08,0.34,3.79,2.31,1.05,1.06,1.99,1.8,4.5,1.18,4.27,1.76,1.49,2,5,1,1,48,54,0.63,0.19,0.94,0.06,3.95,4.58,4.75,2.99,2.72,2.32,3.92,3.83,3.54,4.36,2.86,1.12,4.47,1.14,2.49,1797,2041,0,4,4.47,0
0.73,0.11,1.56,0.46,2.42,3.4,2.91,2.08,2.4,5.8,1.16,4.79,1.81,3.93,2,6,5,3,62,37,0.79,0.3,0.45,0.55,3.19,1.39,1.88,2.76,4.37,4.83,4.2,1.98,2.08,3.22,4.1,2.53,4.74,3.68,3.13,1902,1536,1,2,0.14,0
0.4,0.51,1.77,0.53,2.54,2.07,1.29,0.79,2.7,6.9,3.51,4.31,2.73,3.05,2,7,2,2,43,56,0.03,0.11,0.38,0.62,3.22,4.8,2.18,1.16,3.75,4.46,4.69,2.41,4.16,2.76,2.45,4.01,3.69,2.04,2.27,1526,1875,0,5,1.35,1
0.6,0.93,2.44,0.77,1.76,0.9,4.29,1.0,5.9,1.8,2.23,2.52,3.16,3.25,2,4,3,2,62,39,0.98,0.0,0.0,1.0,2.88,1.93,3.04,4.15,2.33,3.03,2.49,1.98,3.48,4.16,1.81,2.67,1.65,2.51,4.1,1709,1983,1,1,2.91,2
0.73,0.77,2.51,3.01,1.21,1.87,1.91,2.25,1.4,5.6,3.5,1.09,2.94,3.39,4,4,1,5,59,44,0.0,0.0,0.23,0.77,2.08,3.01,3.8,3.96,4.39,3.82,4.41,4.97,1.22,3.65,1.38,2.12,2.27,2.55,1.49,1408,1763,1,4,1.27,1
0.09,0.62,0.31,3.29,1.72,3.3,2.86,4.2,7.6,7.2,3.08,1.54,3.48,2.92,3,5,2,1,39,63,0.72,0.65,0.59,0.41,4.65,4.44,1.35,4.21,2.86,2.31,1.35,4.0,3.69,4.55,2.85,2.14,1.71,3.95,3.46,1870,1620,1,5,4.09,2
0.59,0.38,1.9,1.89,2.8,0.92,3.97,3.44,3.1,3.8,2.2,1.44,2.92,1.07,4,2,2,4,39,58,0.84,0.24,0.28,0.72,5.21,3.71,2.68,3.39,3.36,2.55,2.26,4.0,1.26,1.11,4.23,1.95,4.87,3.14,3.0,1801,1825,0,2,2.23,2
0.78,0.89,2.72,1.58,1.44,3.01,3.11,1.86,7.4,3.2,4.93,1.21,4.0,2.66,4,6,0,5,61,40,0.56,0.49,0.86,0.14,3.14,3.24,2.89,4.01,1.01,2.82,1.93,4.02,3.19,1.43,4.25,1.3,1.65,2.35,3.62,1489,1870,1,5,2.95,2
0.08,0.23,2.48,2.35,1.08,0.94,3.02,0.46,4.6,6.2,2.3,3.96,5.0,1.11,3,2,3,4,36,61,0.48,0.65,0.45,0.55,5.56,3.26,4.12,3.86,2.78,4.83,3.28,1.93,3.86,2.44,3.57,2.26,1.88,3.72,1.64,1596,1500,0,3,2.24,2
0.39,0.62,2.89,3.59,2.43,2.82,3.69,0.69,7.8,4.7,2.48,4.33,3.42,1.39,3,2,0,5,40,62,0.06,0.36,0.51,0.49,4.7,4.25,2.18,1.08,2.73,2.35,2.25,4.39,4.18,3.22,1.86,3.74,2.64,4.99,2.49,1500,1793,1,3,1.03,1
0.81,0.15,2.6,2.94,1.29,2.72,1.28,3.11,6.6,7.6,2.95,2.48,3.23,4.71,6,5,0,5,48,49,0.52,0.54,0.58,0.42,2.26,2.55,1.44,3.0,4.33,4.96,1.92,3.68,1.08,1.58,4.73,1.36,1.69,3.62,1.14,1422,1453,1,3,2.27,1
0.63,0.02,1.43,1.17,1.72,0.58,0.28,0.77,7.0,4.7,2.23,1.05,4.26,2.38,6,7,4,0,38,60,0.2,0.81,0.22,0.78,5.96,2.17,1.78,4.15,3.36,3.28,3.97,1.72,4.85,2.53,1.23,3.77,2.59,4.63,1.69,1800,1860,0,3,0.24,2
0.71,0.01,1.25,0.88,2.32,0.26,1.96,1.84,5.8,4.1,1.57,1.55,1.86,2.41,2,5,1,6,61,38,0.44,0.72,0.89,0.11,3.02,4.17,2.32,3.85,2.2,1.71,3.72,1.8,3.02,4.17,3.58,3.88,3.3,2.68,2.27,1970,1435,1,5,1.62,2
0.49,0.38,3.24,3.25,2.17,2.07,4.32,0.59,2.1,4.9,3.27,2.64,3.96,2.48,3,2,2,0,46,57,0.87,0.28,0.43,0.57,2.64,2.72,4.65,3.87,4.37,3.44,2.8,2.82,3.68,2.37,1.85,4.76,2.07,3.89,1.59,1637,1741,0,2,3.51,1
0.18,0.25,2.91,2.22,2.59,1.98,0.45,0.28,4.5,3.0,4.87,2.69,1.99,1.7,3,6,1,5,60,37,0.63,0.99,0.08,0.92,3.72,2.13,3.54,1.36,2.63,4.32,3.11,3.56,3.58,1.81,1.07,2.7,1.85,2.97,4.59,2058,2052,1,4,1.65,1
0.02,0.96,2.54,2.72,3.34,1.88,0.86,2.09,7.0,2.8,1.61,1.47,3.22,1.06,6,5,0,5,48,54,0.64,0.61,0.1,0.9,3.91,4.49,1.37,3.94,1.12,3.57,3.96,3.02,2.63,1.94,3.9,2.35,2.84,4.19,1.87,1595,2008,1,3,3.94,2
0.18,0.35,3.06,1.51,0.67,1.6,2.57,3.67,4.4,3.3,4.05,4.17,2.76,4.91,4,7,4,0,37,66,0.22,0.27,0.41,0.59,2.86,3.04,4.24,3.6,3.33,1.25,2.31,2.67,2.88,2.58,4.83,2.38,3.6,4.59,3.65,2048,1534,1,1,2.01,1
0.75,0.65,2.67,1.77,1.19,3.13,4.15,0.27,4.8,2.7,1.99,2.16,3.34,2.39,7,3,1,0,59,41,0.78,0.97,0.25,0.75,2.21,1.27,2.51,3.18,1.78,4.83,1.7,4.89,1.61,2.07,2.18,2.89,4.5,2.42,3.01,1731,1671,0,2,2.0,2
0.59,0.98,2.67,1.38,3.47,1.34,0.53,0.53,2.5,1.1,2.05,3.43,3.72,2.99,7,2,6,4,61,38,0.18,0.67,0.77,0.23,4.03,1.19,4.35,2.74,1.53,3.61,3.61,4.37,2.4,2.83,2.82,3.83,1.8,3.03,4.18,1905,2050,0,2,2.74,0
0.43,0.91,0.29,0.26,1.55,2.35,1.02,2.4,6.5,1.7,3.46,1.34,2.41,2.84,4,5,0,3,37,62,0.62,0.21,0.58,0.42,5.89,1.87,1.35,4.52,1.64,4.77,1.78,1.0,1.1,3.1,1.83,2.9,1.67,3.12,1.9,1760,1463,1,5,2.96,2
0.62,0.55,3.64,0.62,0.31,2.38,3.85,2.36,2.1,5.0,4.62,1.43,1.17,1.87,5,2,4,6,47,50,0.5,0.66,0.71,0.29,5.14,1.45,4.86,3.11,2.63,3.89,2.51,2.2,3.06,3.17,1.89,3.29,1.07,1.87,1.81,1869,1629,0,2,3.81,2
0.14,0.62,0.5,1.64,1.49,1.08,2.69,4.14,1.8,3.8,3.73,2.2,4.39,4.99,3,7,4,5,45,55,0.64,0.5,0.39,0.61,5.78,3.3,1.2,1.32,1.48,4.41,3.9,1.24,1.88,4.02,2.09,4.42,1.76,2.2,1.68,2043,1420,0,1,1.89,1
0.28,0.11,2.99,2.32,2.28,2.34,2.73,4.48,1.6,1.9,4.87,3.17,4.85,3.09,3,5,0,1,38,59,0.54,0.52,0.69,0.31,2.06,2.47,1.14,4.23,3.23,3.41,1.67,2.69,1.95,1.59,1.02,4.58,4.36,3.0,3.11,1501,1900,0,4,1.77,2
0.05,0.47,2.83,2.5,0.3,1.52,2.12,1.44,1.5,4.7,2.56,2.6,3.82,2.46,6,4,0,3,53,45,0.97,0.89,0.12,0.88,3.68,2.83,4.0,1.09,3.6,2.5,4.63,2.54,1.5,4.85,4.33,1.2,3.49,1.24,2.64,1646,1527,1,2,1.79,0
0.05,0.34,1.59,1.01,1.8,0.25,2.15,0.79,6.5,4.9,1.72,3.83,4.15,3.08,5,7,6,4,45,56,0.5,0.44,0.8,0.2,2.06,4.43,2.68,1.85,2.45,2.53,4.18,2.42,2.59,4.16,4.26,2.15,3.29,2.43,1.33,1927,1758,0,3,3.41,0
0.84,0.43,1.63,1.42,1.62,2.27,3.81,1.85,7.0,3.9,3.86,3.63,2.38,1.88,5,7,6,6,37,60,0.75,0.14,0.4,0.6,5.78,3.49,1.44,1.67,2.25,1.94,4.82,3.87,4.85,2.17,3.07,4.22,3.05,2.02,2.09,1931,1556,1,2,4.29,2
0.76,0.07,2.7,2.65,0.23,0.45,1.45,3.94,5.5,1.4,4.74,2.76,3.6,4.58,5,4,0,2,53,44,0.47,0.45,0.88,0.12,3.47,2.15,1.4,4.09,3.73,4.77,4.03,3.23,2.45,1.29,1.06,1.82,1.01,3.78,3.13,1901,1645,0,5,3.37,2
0.12,0.05,1.81,0.61,3.01,3.24,3.56,0.62,4.8,1.3,3.91,2.72,4.83,1.46,4,4,3,6,49,49,0.34,0.67,0.9,0.1,2.39,4.53,3.1,4.06,3.01,4.81,2.66,4.97,2.07,3.01,1.35,2.47,3.66,4.87,1.26,2073,2034,0,1,2.0,2
0.25,0.25,1.07,1.64,0.28,0.88,2.92,0.85,3.7,1.3,2.85,1.59,3.4,2.43,6,2,6,5,40,58,0.84,0.07,0.89,0.11,2.38,4.05,3.51,3.1,2.98,1.83,2.53,3.73,4.9,2.04,2.61,4.54,1.13,4.18,1.95,1674,1444,0,2,4.4,2
0.73,0.13,1.22,3.54,0.46,1.79,3.29,0.69,7.6,7.9,4.54,3.01,3.01,3.77,3,6,5,4,37,63,0.01,0.36,0.18,0.82,4.21,4.24,3.72,3.34,3.51,4.68,1.83,2.7,1.66,4.46,1.52,2.55,3.24,2.78,3.82,1843,1476,1,1,3.18,1
0.08,0.33,2.97,1.11,1.45,2.11,0.54,3.27,5.2,2.7,2.17,1.98,4.29,4.21,7,2,0,4,42,60,0.44,0.97,0.63,0.37,2.49,2.61,2.3,2.53,4.24,2.4,4.64,1.24,2.63,3.3,2.33,1.48,1.47,2.35,2.97,2071,1572,1,4,4.77,1
0.4,0.44,2.22,2.63,2.63,2.55,3.65,0.42,1.9,7.9,3.47,2.73,3.21,2.77,6,5,2,5,37,64,0.92,0.69,0.64,0.36,2.65,1.05,1.08,3.87,3.23,1.21,3.73,1.54,1.85,2.4,2.34,2.57,2.48,4.25,1.09,2023,1725,1,2,1.81,2
0.37,0.92,2.12,3.64,1.0,0.28,2.1,2.05,3.7,4.6,2.97,1.58,2.95,3.71,2,2,2,2,49,51,0.46,0.34,0.81,0.19,4.52,4.85,3.66,4.73,2.68,3.5,4.75,2.65,3.33,1.69,3.65,4.17,4.53,4.15,2.83,1781,1849,1,1,3.42,2
0.09,0.4,1.54,1.74,2.03,2.2,3.53,0.36,1.2,2.7,1.27,4.85,4.76,3.89,7,3,0,0,54,44,0.15,0.75,0.94,0.06,5.72,1.73,4.7,3.01,1.02,3.12,1.17,1.05,1.92,4.4,3.86,4.45,4.1,2.75,1.32,1506,1872,1,4,1.61,0
0.93,0.6,3.12,1.3,2.23,0.27,2.87,3.46,5.7,3.7,3.84,4.21,4.48,3.61,4,2,6,5,63,39,0.8,0.38,0.81,0.19,5.79,4.21,4.46,3.9,2.84,4.97,1.98,3.07,4.62,1.63,2.6,3.44,2.64,2.8,3.82,2007,2020,1,3,3.35,2
0.76,0.41,2.25,2.93,2.24,2.76,1.5,3.77,4.2,3.6,1.51,1.21,2.21,2.14,6,7,5,0,41,62,0.4,0.97,0.49,0.51,4.35,2.47,4.93,4.7,3.94,3.53,2.22,4.12,1.37,1.37,2.32,3.07,4.45,1.25,3.18,1433,1581,1,1,0.06,0
0.87,0.83,3.4,3.0,2.49,1.17,3.61,0.94,7.1,4.7,3.22,4.93,2.69,1.92,4,2,6,6,41,61,0.71,0.22,0.87,0.13,5.43,1.44,3.74,3.91,4.54,4.75,2.19,3.44,2.7,3.61,3.83,4.76,4.98,4.28,2.68,1468,1898,0,3,1.01,0
0.9,0.42,0.3,1.7,2.26,1.8,0.63,3.76,6.1,6.1,2.1,3.82,1.93,2.66,2,7,4,3,49,54,0.11,0.88,0.39,0.61,4.07,4.11,3.83,4.26,1.99,1.45,3.47,3.82,3.34,4.49,2.11,1.59,2.07,2.14,4.49,1855,1499,1,1,1.4,0
0.31,0.74,0.93,3.21,1.82,1.98,4.0,0.77,2.9,5.5,3.06,3.81,1.75,3.57,5,3,4,3,47,51,0.68,0.45,0.94,0.06,5.26,4.0,3.06,2.32,1.08,1.14,2.5,2.4,4.24,4.98,2.52,4.18,2.46,2.58,1.2,1770,1423,0,4,1.06,0
0.01,0.96,1.38,1.13,2.0,1.84,4.31,4.04,3.9,1.1,1.62,1.65,3.58,4.05,4,2,5,0,35,64,0.55,0.84,0.15,0.85,5.44,2.91,2.65,1.5,2.28,3.77,2.14,2.82,2.98,2.27,4.76,2.72,3.61,3.28,3.53,1774,1679,0,3,1.09,0
0.59,0.91,1.84,3.13,3.34,3.18,2.04,0.78,1.7,2.6,1.98,4.17,2.82,3.78,2,4,1,6,53,49,0.32,0.05,0.88,0.12,5.7,1.61,1.92,2.96,3.69,1.85,1.39,2.43,3.66,2.24,2.35,1.34,3.27,3.24,3.23,1555,1751,1,3,4.02,0
0.01,0.72,3.52,3.61,3.01,2.17,3.56,2.64,4.9,2.5,4.15,2.47,1.91,4.0,3,3,2,0,47,53,0.03,0.78,0.7,0.3,4.33,1.56,2.17,2.2,2.12,4.18,2.49,1.87,1.1,3.84,1.15,4.22,2.94,4.95,2.61,1421,1724,1,2,4.31,0
0.03,0.75,3.59,0.22,0.96,2.52,3.78,3.11,5.3,7.6,3.56,3.49,1.95,1.99,7,2,5,2,36,62,0.72,0.07,0.84,0.16,3.07,4.98,4.74,2.05,4.77,1.69,1.81,2.71,4.12,3.72,1.51,1.56,2.76,4.52,1.19,1937,1951,1,4,2.76,2
0.41,0.63,1.1,2.56,0.69,1.83,1.46,2.9,4.2,7.3,2.35,2.73,1.87,4.18,3,4,1,5,58,40,0.05,0.09,0.55,0.45,5.81,4.99,4.94,4.45,3.25,3.75,1.92,3.8,4.73,1.97,3.2,3.65,2.54,3.86,3.31,1678,1698,1,5,3.51,0
0.01,0.02,2.57,2.29,1.02,3.24,4.42,4.14,4.4,7.1,1.26,4.22,4.22,3.14,2,6,4,4,65,32,0.23,0.04,0.61,0.39,2.07,1.01,2.02,2.64,4.88,1.3,2.57,3.54,4.43,3.05,4.08,1.14,1.64,2.35,1.92,2019,1683,1,1,2.46,0
0.65,0.44,0.76,0.44,3.16,0.39,2.98,4.19,1.5,7.0,1.13,3.6,1.62,1.45,5,7,4,2,38,59,0.81,0.02,0.16,0.84,2.47,1.95,4.15,1.07,2.95,4.37,2.67,1.96,1.98,3.88,4.14,3.2,2.8,2.44,4.61,1568,1773,0,1,0.24,0
0.22,0.27,2.94,2.92,2.82,1.64,0.22,0.57,2.4,4.1,1.01,2.94,2.01,2.21,6,2,1,4,37,63,0.8,0.59,0.59,0.41,5.43,3.39,4.17,1.43,4.26,1.36,1.85,4.73,3.48,4.47,4.71,1.93,4.7,3.35,1.94,1874,1919,1,2,2.24,0
0.12,0.71,1.61,1.61,2.65,0.92,0.79,1.06,4.8,2.2,2.32,3.42,3.66,4.72,6,7,1,2,44,56,0.33,0.28,0.94,0.06,4.4,1.88,2.26,1.46,4.66,2.21,3.29,1.01,4.34,4.19,3.18,4.8,1.66,3.58,3.23,1917,2089,1,4,2.33,0
0.97,0.56,2.21,0.85,1.04,0.81,1.26,0.31,1.2,3.8,4.77,1.32,3.66,1.62,6,2,5,5,40,62,0.19,0.75,0.08,0.92,4.74,4.23,3.19,2.24,1.54,2.32,4.24,3.89,4.7,3.71,2.39,2.92,4.18,1.18,4.84,1887,1761,0,3,0.61,2
0.02,0.1,1.01,2.19,1.16,0.34,2.77,0.63,4.6,7.4,1.29,4.32,4.72,1.53,3,4,4,0,39,58,0.94,0.5,0.92,0.08,4.86,2.21,1.39,4.33,1.68,3.57,3.62,3.02,1.55,4.87,1.03,2.7,4.84,1.06,1.98,2002,1929,1,3,3.83,2
0.08,0.78,2.1,2.05,0.64,1.8,0.78,1.52,7.2,1.2,4.35,1.55,4.23,3.2,7,6,2,6,53,49,0.76,0.77,0.36,0.64,3.33,4.18,3.15,2.52,2.43,4.65,2.48,1.3,1.58,3.22,4.56,2.71,2.71,4.08,1.99,1739,1816,1,3,4.44,2
0.5,0.96,2.34,1.91,1.61,3.18,0.74,3.88,2.9,4.8,3.33,3.07,4.4,3.47,7,4,0,3,65,34,0.89,0.89,0.59,0.41,2.72,3.58,2.52,4.27,3.77,1.29,2.0,3.52,1.2,3.47,4.66,3.41,1.26,1.54,4.02,1477,2086,0,2,1.01,2
0.35,0.35,1.88,0.58,0.68,3.21,4.28,3.8,5.5,3.3,2.14,2.12,1.64,3.21,4,6,5,6,55,48,0.22,0.21,0.99,0.01,4.7,1.24,2.51,4.57,3.97,3.67,2.37,3.08,1.51,4.67,3.11,3.89,2.44,1.1,3.54,1472,1920,1,1,2.8,2
0.25,0.34,0.68,0.25,1.29,2.84,2.76,1.2,5.9,3.0,1.55,1.02,3.16,1.33,5,2,1,5,45,56,0.64,0.18,0.05,0.95,5.0,1.04,3.75,2.27,2.55,1.93,3.65,2.08,2.68,1.42,1.2,4.66,1.04,1.64,4.41,1566,1853,1,5,4.0,2
0.84,0.0,2.37,3.07,1.49,1.9,1.75,2.51,1.3,5.1,1.93,3.07,1.34,3.08,2,5,3,0,50,48,0.5,0.29,0.84,0.16,2.54,4.26,2.44,1.65,2.95,2.53,4.79,4.75,2.49,1.43,4.16,4.37,3.6,1.04,2.51,1834,1897,1,3,0.39,0
0.77,0.92,3.41,1.02,1.11,3.03,2.63,1.61,6.5,2.5,1.79,1.64,3.61,1.99,7,7,4,1,65,37,0.04,0.86,0.48,0.52,4.28,2.8,4.19,4.99,2.11,3.21,3.24,3.03,1.29,4.89,2.94,1.17,1.27,1.43,2.01,1502,1412,0,4,0.77,2
0.43,0.06,0.81,3.53,0.88,2.92,2.3,3.51,6.7,4.7,1.29,3.75,2.37,2.44,6,6,0,1,39,62,0.25,0.06,0.57,0.43,5.54,4.17,2.43,2.47,4.95,1.63,3.41,1.62,3.17,1.36,2.06,3.53,3.34,4.61,4.63,1859,2028,1,1,0.79,0
0.48,0.77,2.9,3.34,2.52,0.34,3.81,0.42,6.1,6.1,1.16,4.6,3.11,2.07,7,2,1,6,52,50,0.26,0.5,0.21,0.79,2.86,2.31,2.5,4.99,3.8,1.93,3.56,2.19,1.92,2.62,1.66,1.86,2.43,1.95,2.98,1950,1802,0,2,3.34,0
0.14,0.73,1.69,1.54,0.54,3.29,2.05,3.47,5.9,3.4,4.74,2.68,3.22,1.18,5,7,6,1,65,33,0.07,0.87,0.39,0.61,2.11,1.32,4.01,4.49,2.53,4.54,2.57,3.65,2.24,1.08,4.95,3.03,1.76,2.21,4.0,1845,1810,0,3,1.28,2
0.42,0.0,2.71,1.42,3.46,0.66,0.36,3.57,6.8,3.2,1.06,2.84,4.85,4.07,4,6,6,1,53,48,0.81,0.32,0.21,0.79,3.74,1.53,4.08,4.28,1.18,3.09,3.48,2.28,4.83,4.96,4.66,1.17,3.03,4.54,1.42,1661,1561,0,3,5.0,0
0.49,0.46,0.59,2.28,3.02,0.5,0.47,1.17,6.0,1.1,3.31,1.33,3.04,4.28,5,5,5,2,58,39,0.69,0.88,0.81,0.19,3.28,1.09,2.29,4.72,4.53,4.31,3.04,4.08,4.16,1.22,4.16,2.71,4.44,1.71,1.2,2003,1608,0,1,3.34,0
0.48,0.99,0.61,2.41,0.92,3.12,4.13,1.36,6.8,6.3,2.05,2.46,2.77,4.49,3,2,6,2,39,61,0.81,0.45,0.27,0.73,2.37,4.85,3.15,2.47,4.73,3.77,2.72,2.18,3.01,1.64,2.83,4.56,4.78,1.11,2.98,1512,1598,0,2,3.05,0
0.32,0.29,1.48,3.26,3.5,0.35,0.77,0.47,2.7,2.0,2.31,1.5,3.05,3.11,7,6,3,2,51,50,0.54,0.64,0.79,0.21,4.96,2.21,3.39,4.21,3.83,2.34,4.97,3.81,3.75,2.83,2.87,2.84,2.61,3.57,3.29,1499,1685,1,5,0.32,0
0.93,0.44,2.93,3.66,1.84,2.44,3.89,3.59,4.9,7.6,2.04,3.27,1.72,1.71,7,2,2,2,58,44,0.82,0.23,0.05,0.95,5.34,3.67,3.94,1.32,2.77,2.67,1.26,3.18,1.09,2.06,4.85,1.92,3.23,3.24,1.86,1704,1743,1,4,2.89,0
0.07,0.44,3.72,3.03,2.94,2.22,1.16,1.83,6.0,4.8,1.88,1.53,1.54,3.66,3,5,6,0,54,47,0.32,0.71,0.1,0.9,5.78,3.41,4.21,3.82,3.11,3.9,2.28,4.8,3.83,2.18,4.22,2.05,3.24,3.19,3.96,1709,1684,0,5,0.67,0
0.14,0.92,3.01,2.42,2.9,3.03,4.18,1.9,3.6,1.7,1.85,3.66,4.59,3.1,7,4,3,0,42,55,0.38,0.7,0.88,0.12,4.05,4.44,4.84,4.47,3.26,4.66,2.37,3.63,1.08,4.46,2.58,1.71,3.42,1.83,2.79,2019,1552,0,4,1.75,1
0.87,0.83,3.75,1.44,1.09,1.81,0.32,2.38,7.8,6.6,2.89,1.7,1.62,2.41,2,4,6,5,49,54,0.12,0.68,0.69,0.31,3.11,3.62,3.68,3.1,4.04,1.38,3.79,2.34,1.07,3.99,4.94,2.75,2.55,4.39,1.89,1943,1414,0,2,1.45,2
0.78,0.0,0.29,3.12,0.94,1.89,3.64,1.92,4.3,4.4,1.52,3.63,2.48,1.84,5,4,5,6,49,48,0.91,0.47,0.95,0.05,5.32,2.18,3.82,1.36,2.14,3.91,2.08,1.61,2.39,2.87,2.02,3.07,3.94,2.63,1.02,1978,1636,0,2,1.87,0
0.28,0.65,3.56,2.26,2.52,3.41,4.01,0.76,2.1,7.8,2.52,2.17,2.81,4.4,2,4,2,2,55,43,0.43,0.22,0.75,0.25,2.02,1.91,3.75,3.66,2.33,4.73,1.98,2.97,4.6,2.24,4.45,1.43,4.03,4.86,1.65,1414,1415,1,5,4.99,1
0.38,0.04,2.62,0.29,0.68,1.33,2.08,3.46,6.5,7.4,2.28,4.6,2.64,2.63,7,4,2,3,38,62,0.5,0.8,0.47,0.53,2.15,4.89,2.11,3.58,2.95,3.42,1.64,2.17,1.81,1.34,3.91,3.15,1.04,3.87,2.09,1525,1558,1,5,3.81,2
0.09,0.08,3.64,1.34,3.35,1.4,0.93,4.06,1.8,1.1,4.2,1.04,3.38,2.72,4,3,2,2,37,63,0.38,0.43,0.08,0.92,5.2,4.38,2.26,1.07,3.34,4.99,2.2,4.53,3.33,3.99,3.82,4.23,2.78,4.85,4.89,1448,1875,0,3,4.95,2
0.67,0.15,2.14,2.7,2.96,0.41,2.94,0.31,2.9,4.1,1.84,3.16,3.06,1.95,2,2,3,5,59,42,0.03,0.87,0.22,0.78,3.86,1.93,2.72,1.39,4.54,4.73,1.1,1.95,1.84,2.52,2.77,4.92,2.77,2.52,4.41,1467,1575,0,1,2.16,0
0.19,0.91,1.76,0.54,0.45,1.66,1.7,0.26,6.0,5.1,1.51,3.07,3.92,1.1,2,3,3,2,44,56,0.43,0.06,0.04,0.96,3.6,2.59,2.07,4.71,2.96,1.96,1.38,2.63,3.96,1.28,4.7,2.17,4.46,4.31,1.68,1878,1930,0,4,4.51,2
0.5,0.28,0.48,0.56,1.94,3.03,1.58,1.77,7.2,6.5,2.76,3.62,1.65,1.75,5,5,6,5,45,52,0.8,0.35,0.42,0.58,2.13,3.74,2.14,4.27,2.97,3.11,4.92,4.9,4.67,4.75,3.21,2.01,4.74,2.42,3.33,1726,1993,1,4,2.78,2
0.85,0.5,2.42,1.16,2.28,0.89,1.88,1.4,3.4,5.2,1.61,1.78,3.38,3.91,3,5,0,3,56,47,0.71,0.47,0.44,0.56,2.24,1.5,2.17,4.23,3.86,4.41,2.98,2.42,2.68,2.31,2.13,3.82,3.57,4.46,2.44,2058,2077,0,1,2.1,1
0.45,0.88,2.46,2.07,3.35,2.18,2.69,2.11,7.0,3.7,2.66,3.44,4.26,2.11,4,3,2,4,54,43,0.46,0.22,0.15,0.85,2.25,3.4,3.02,1.31,2.83,1.63,4.42,1.5,3.59,2.81,1.67,4.7,2.67,1.39,3.16,1698,1745,1,3,4.81,1
0.94,0.68,3.68,3.2,0.49,2.68,2.66,2.08,2.5,4.8,1.84,4.46,4.16,1.62,4,5,1,0,38,65,0.64,0.96,0.83,0.17,4.23,1.32,1.11,1.14,4.72,3.84,2.63,4.38,4.82,4.67,4.81,2.95,4.77,3.52,2.9,1545,1445,1,1,2.12,1
0.49,0.24,2.31,3.17,0.48,2.32,3.17,2.01,5.4,6.4,1.08,2.64,1.71,1.89,5,7,1,3,59,42,0.52,0.21,0.29,0.71,4.12,3.2,4.46,1.29,1.44,4.61,4.77,4.62,1.77,4.68,1.16,1.6,4.51,4.05,2.63,1637,1741,1,4,2.52,0
0.75,0.98,0.82,2.53,1.3,3.41,1.61,0.83,7.5,6.0,2.69,2.06,1.84,3.51,3,6,4,6,35,63,0.8,0.3,0.89,0.11,3.94,1.01,1.39,1.65,4.34,4.13,2.38,2.98,2.39,1.38,2.07,2.37,1.78,4.27,2.59,1533,2067,1,4,1.72,0
0.01,0.38,0.9,2.05,1.87,0.63,4.12,0.41,1.6,2.1,4.13,2.76,1.12,3.2,4,6,4,4,63,40,0.15,0.52,0.46,0.54,4.59,1.47,2.39,1.29,1.34,2.86,3.86,4.45,2.58,3.87,4.33,4.04,4.49,4.5,2.09,1830,1785,0,1,2.48,0
0.91,0.27,3.73,2.33,3.47,2.65,2.04,1.4,3.9,7.9,1.64,4.7,1.5,1.2,2,5,4,3,44,55,0.25,0.4,0.53,0.47,2.12,4.63,4.25,3.75,4.04,1.39,4.52,4.73,4.32,3.25,1.73,3.03,3.32,1.34,4.34,1646,1487,0,5,4.2,0
0.71,0.11,0.3,3.07,2.23,1.1,3.52,1.4,4.2,1.5,2.37,2.63,2.06,2.27,4,3,1,2,59,42,0.59,0.62,0.15,0.85,4.03,3.48,2.15,4.92,4.97,4.44,1.33,1.34,4.83,1.4,3.79,2.16,4.63,3.66,3.0,1826,1961,0,4,4.22,0
0.63,0.67,0.97,3.65,2.97,3.15,2.1,0.57,4.1,4.3,1.06,3.15,2.8,4.46,7,4,3,4,40,59,0.07,0.48,0.8,0.2,2.82,3.12,3.48,3.74,3.55,1.8,4.9,3.81,3.06,1.16,4.52,2.32,3.49,2.81,4.83,1961,1647,0,3,3.44,0
0.11,0.0,1.17,2.25,0.22,2.92,1.94,2.24,2.2,2.0,2.41,1.81,1.51,3.27,7,7,1,5,65,37,0.6,0.22,0.07,0.93,5.58,3.43,4.71,4.3,2.3,3.68,1.01,1.18,4.63,1.43,1.24,1.52,2.63,3.37,2.84,1481,1944,1,5,4.67,2
0.56,0.65,0.65,1.35,1.27,2.13,4.35,0.39,2.4,6.0,2.52,3.05,1.79,3.5,5,4,0,5,55,42,0.2,0.87,0.76,0.24,3.37,1.42,2.27,3.52,2.83,3.47,2.09,4.86,2.33,2.64,3.87,4.6,3.76,1.91,2.37,1798,1610,1,4,1.65,0
0.98,0.33,2.69,2.59,1.1,0.8,0.86,4.44,1.9,4.2,4.7,2.12,3.11,2.0,2,6,3,3,58,44,0.36,0.46,0.17,0.83,5.22,3.59,2.55,3.0,4.8,1.82,3.14,1.84,3.01,3.08,3.28,1.98,3.47,3.5,2.91,1762,1898,0,4,1.46,2
0.48,0.08,2.6,1.5,2.59,1.84,3.24,3.62,2.9,7.4,4.84,1.52,2.37,3.23,5,3,4,3,59,43,0.1,0.84,0.37,0.63,3.13,3.74,3.22,4.37,1.33,1.27,3.8,1.51,2.28,4.5,4.44,4.95,3.32,1.8,2.19,1492,1921,1,2,3.51,2
0.39,0.49,3.15,2.23,2.56,0.52,3.97,0.61,5.8,3.4,1.24,4.57,4.81,4.98,4,5,3,4,53,45,0.72,0.21,0.23,0.77,2.46,2.34,3.48,4.1,1.41,4.75,3.22,3.95,1.08,4.24,4.15,2.66,1.72,2.78,1.04,1616,1575,0,4,0.09,0
0.51,0.39,3.37,1.78,3.32,2.76,1.01,0.9,4.7,3.2,4.83,4.53,4.05,3.17,5,7,1,1,58,43,0.46,0.6,0.41,0.59,5.41,4.41,4.78,1.3,2.73,3.92,4.74,2.8,4.56,1.83,2.11,3.34,3.12,2.28,2.14,1760,1849,1,2,0.65,1
0.56,0.05,1.16,3.55,2.52,3.47,1.79,3.38,7.2,2.7,1.38,3.05,4.83,3.03,6,7,6,5,61,41,0.13,0.9,0.94,0.06,2.36,2.88,3.91,4.58,3.37,1.42,3.05,2.41,4.9,1.11,2.0,4.03,3.76,3.29,1.15,1410,1788,0,2,4.26,0
0.49,0.64,0.24,2.37,3.42,1.71,2.78,4.27,4.7,7.3,3.15,1.33,3.33,2.2,2,2,1,3,39,60,0.15,0.71,0.92,0.08,2.77,3.3,2.05,1.21,3.35,3.29,1.78,1.21,4.43,3.29,3.56,2.45,4.6,2.93,1.49,1788,1839,0,3,4.41,0
0.84,0.95,0.8,0.81,2.98,2.11,1.71,1.64,6.2,2.4,4.83,1.59,4.03,2.56,6,5,1,0,37,60,0.32,0.32,0.07,0.93,3.97,1.55,3.25,3.42,3.1,2.75,4.86,3.13,2.03,2.6,3.94,2.18,1.46,1.46,2.49,1570,1694,0,1,2.03,2
0.65,0.72,1.76,0.54,0.28,1.04,3.77,0.79,5.4,2.8,4.24,3.84,1.96,2.46,5,4,1,2,62,38,0.96,0.24,0.15,0.85,2.06,3.56,3.42,4.09,1.82,3.83,4.74,2.86,2.47,4.88,3.36,3.71,2.29,1.86,3.18,1481,1480,0,1,3.5,2
0.72,0.62,2.13,0.29,0.22,1.42,1.22,2.13,6.3,3.6,2.61,1.91,2.33,4.22,4,4,0,0,52,49,0.9,0.81,0.92,0.08,5.91,2.47,4.59,1.03,1.59,3.33,1.97,1.62,3.04,4.94,4.84,4.74,1.45,1.08,2.54,1475,1749,1,5,3.61,1
0.95,0.48,1.12,1.35,2.87,2.07,4.37,1.56,2.9,4.9,4.15,1.63,3.56,4.04,2,5,2,4,54,43,0.14,0.99,0.18,0.82,2.47,4.11,1.61,1.73,1.93,4.98,4.92,2.69,3.69,3.55,2.31,1.3,2.76,2.33,3.29,1573,1794,1,3,3.4,2
0.21,0.75,3.71,3.39,3.18,0.37,2.27,4.24,1.5,2.9,2.66,1.15,2.56,2.41,6,3,1,4,41,59,0.32,0.23,0.38,0.62,4.78,3.91,2.37,3.39,2.25,4.22,4.29,4.05,3.24,1.28,2.41,4.81,4.18,1.87,4.6,1491,1658,1,1,4.78,2
0.06,0.49,2.57,3.41,2.22,1.15,1.75,3.63,7.9,7.8,3.81,1.17,4.55,3.66,5,7,0,2,56,44,0.08,0.18,0.09,0.91,4.07,4.07,3.22,3.25,3.0,2.5,4.67,3.86,1.43,3.88,4.81,1.18,3.35,2.12,4.54,1884,1562,1,2,1.16,2
0.36,0.8,1.44,3.04,2.14,3.4,4.16,2.76,5.0,4.8,2.92,4.22,2.1,3.77,4,3,1,2,45,58,0.17,0.34,0.53,0.47,4.31,1.34,4.23,3.81,1.06,3.13,1.87,2.2,3.83,4.06,1.73,2.44,2.21,3.38,1.41,1401,1667,1,2,3.44,0
0.48,0.47,3.08,0.34,0.59,2.96,1.87,0.89,4.3,5.1,4.21,4.23,3.17,4.24,4,3,1,3,50,48,0.73,0.26,0.25,0.75,3.67,1.84,4.62,1.99,4.19,3.0,2.84,1.09,1.09,3.45,4.23,2.91,3.12,1.06,4.32,1713,2093,1,3,4.72,1
0.72,0.43,2.96,1.83,1.71,2.37,4.39,0.58,5.9,6.4,1.5,4.92,3.54,3.43,2,5,5,5,60,43,0.33,0.02,0.2,0.8,5.08,3.02,4.38,1.46,2.6,4.76,4.98,1.41,3.18,4.04,4.19,3.79,1.3,3.14,2.16,1674,1776,1,3,0.19,0
0.44,0.76,0.47,0.56,1.1,1.93,3.78,0.23,7.6,7.4,3.56,1.36,1.51,1.03,5,5,2,5,61,39,0.71,0.6,0.5,0.5,3.24,4.72,4.13,3.92,1.2,3.08,4.9,3.41,1.85,4.53,1.95,4.64,3.1,1.2,3.48,1650,1525,0,5,2.94,2
0.96,0.89,2.34,0.86,1.51,1.8,0.37,2.15,3.0,6.4,3.91,3.56,3.08,3.02,6,3,0,1,36,64,0.86,0.87,0.81,0.19,4.92,2.13,3.81,3.59,4.39,2.58,1.39,1.05,4.93,4.48,4.76,2.87,3.07,2.76,1.55,1821,1910,1,1,1.03,1
0.55,0.49,0.98,1.52,2.63,1.77,4.03,1.94,6.1,1.8,4.19,3.42,3.75,4.29,4,5,5,2,57,45,0.67,0.19,0.08,0.92,3.13,2.87,3.29,3.81,3.67,1.22,2.89,1.69,4.9,2.93,2.71,1.92,4.25,2.92,2.42,1504,1725,0,1,0.62,1
0.66,0.57,3.51,1.12,1.89,3.4,0.54,2.16,7.8,1.1,1.46,4.03,1.0,1.52,5,3,0,5,55,47,0.79,0.83,0.8,0.2,3.73,3.51,4.75,3.69,4.55,1.08,3.98,3.56,1.69,4.74,2.57,1.61,3.13,4.48,3.73,1700,1464,0,4,2.87,0
0.28,0.37,0.58,1.41,3.09,1.06,3.64,4.18,1.5,5.4,4.78,4.14,1.89,4.22,4,6,6,4,52,45,0.48,0.01,0.74,0.26,5.69,2.2,1.79,1.13,4.28,3.82,2.27,1.14,4.1,1.33,4.62,4.64,2.47,3.43,1.93,1912,1658,1,4,3.06,0
0.47,0.87,1.38,0.26,2.98,0.98,0.46,2.59,1.9,3.0,1.44,1.62,1.62,4.1,5,2,2,1,58,45,0.53,0.55,0.55,0.45,5.35,3.61,3.31,1.56,2.42,3.62,3.24,3.59,3.29,4.97,1.83,2.73,2.57,1.62,1.21,1818,1890,0,3,2.65,0
0.38,0.5,0.99,2.35,3.03,3.35,0.34,0.82,7.3,2.7,4.95,2.66,2.21,1.66,7,6,1,3,62,40,0.88,0.93,0.03,0.97,4.01,2.74,4.94,4.66,1.57,4.93,4.43,4.0,2.26,1.73,2.8,4.26,3.98,4.17,2.87,1962,1848,1,4,1.52,2
0.72,0.05,0.86,2.48,0.25,3.44,3.07,1.8,2.6,4.8,1.79,2.9,1.16,1.38,3,2,1,2,53,49,0.77,0.79,0.28,0.72,4.07,4.91,1.07,1.6,1.54,2.49,1.32,1.72,1.27,4.04,4.36,2.7,1.38,1.53,1.36,2048,1653,0,2,3.73,2
0.07,0.68,2.65,3.78,0.52,0.28,2.53,1.82,2.5,1.1,1.1,4.88,2.44,3.6,2,3,2,3,62,39,0.38,0.42,0.2,0.8,5.77,4.78,4.8,3.15,3.04,2.54,2.27,1.75,4.99,2.85,2.45,2.86,3.97,3.55,1.46,1940,1737,0,4,2.31,0
0.24,0.38,1.2,2.26,0.47,3.43,4.12,2.6,2.7,4.8,1.75,2.46,3.09,2.15,6,7,2,6,39,58,0.12,0.6,0.82,0.18,4.63,1.93,4.87,1.36,2.83,1.9,2.73,4.02,3.42,4.34,2.33,3.36,4.93,2.49,3.8,1596,1555,1,5,0.16,0
0.47,0.72,3.72,1.27,0.75,0.29,3.05,3.37,5.8,7.3,2.45,2.53,1.23,4.5,6,7,6,5,45,55,0.09,0.84,0.58,0.42,2.83,3.31,4.64,2.94,2.23,2.73,2.99,4.28,1.84,4.04,2.38,4.63,1.38,3.74,4.46,1938,1733,1,3,4.23,0
0.65,0.52,3.55,1.33,1.01,1.87,4.28,0.81,3.5,2.0,2.61,1.63,1.17,3.72,5,6,3,0,35,63,0.58,0.65,0.09,0.91,3.32,2.77,3.13,2.41,3.12,2.1,1.82,1.12,4.97,4.95,3.65,4.85,3.63,4.85,3.64,2080,1791,0,4,3.72,1
0.02,0.04,2.02,1.98,0.75,1.2,2.69,3.95,5.0,4.1,1.04,1.6,3.34,4.04,3,4,5,2,61,39,0.83,0.24,0.77,0.23,4.5,4.1,4.28,3.34,3.55,2.68,2.97,2.42,3.87,3.11,4.26,2.89,4.39,1.85,1.07,1404,2092,1,4,2.74,1
0.14,0.61,2.83,1.8,1.58,0.38,0.51,0.55,7.0,6.8,2.41,3.54,3.46,4.11,7,3,6,0,42,57,0.34,0.54,0.45,0.55,3.58,1.47,3.07,1.73,1.66,4.28,2.26,1.42,4.63,1.32,4.96,2.45,4.43,1.24,4.38,1947,1850,1,2,3.46,0
0.2,0.7,0.45,0.73,3.13,2.13,1.05,3.2,4.2,2.5,3.18,3.93,2.6,4.28,5,2,6,0,53,45,0.6,0.4,0.25,0.75,3.25,2.48,3.29,1.9,3.38,4.95,1.04,4.17,1.49,2.76,2.46,4.51,4.22,3.14,2.6,1710,1707,0,1,1.38,0
0.14,0.93,2.04,2.02,2.07,3.03,0.57,3.35,6.1,7.8,3.24,1.49,2.64,2.87,7,2,0,6,58,42,0.1,0.43,0.28,0.72,5.34,4.34,2.25,1.99,2.44,4.68,4.89,2.8,4.48,4.99,1.13,1.8,3.21,2.06,2.51,1756,1572,1,5,4.72,2
0.55,0.05,1.51,3.07,2.01,2.26,3.64,1.25,3.6,2.0,2.67,4.08,1.92,2.73,7,6,4,5,48,55,0.5,0.44,0.91,0.09,5.83,4.48,1.23,2.67,2.96,1.14,2.57,2.39,4.17,1.5,3.22,2.82,3.91,1.34,4.03,1766,1546,1,2,0.81,1
0.28,0.72,3.37,1.35,1.28,2.38,3.24,3.37,2.3,4.0,3.81,4.41,2.16,3.27,4,7,3,6,37,65,0.83,0.4,0.28,0.72,3.56,1.15,1.86,1.39,2.71,3.28,2.93,4.65,2.15,4.32,1.25,3.64,4.24,1.49,2.77,1959,1711,0,4,2.61,1
0.88,0.96,3.01,2.77,2.74,0.83,1.58,1.39,3.9,5.4,3.53,1.78,4.35,4.02,6,4,4,2,52,48,0.11,0.1,0.3,0.7,2.05,3.59,4.16,1.51,2.08,2.63,3.79,3.23,1.02,3.22,1.66,1.91,2.4,2.73,1.54,1620,1987,0,4,4.38,1
0.29,0.92,0.35,1.8,1.38,1.66,0.7,0.71,4.4,4.5,3.32,3.31,4.35,4.47,7,6,4,2,65,36,0.77,0.06,0.16,0.84,4.41,4.84,3.0,4.07,1.79,3.73,4.74,1.94,2.2,3.46,1.6,3.07,2.53,3.11,2.89,1404,1886,0,3,4.11,2
0.05,0.52,3.56,3.78,0.37,0.21,0.5,2.08,2.3,6.0,1.63,3.29,1.01,3.45,7,6,2,3,44,55,0.77,0.19,0.39,0.61,3.03,2.28,2.51,3.9,2.69,1.13,3.85,1.54,3.4,2.22,4.07,2.86,4.83,1.12,1.38,2073,1968,1,3,4.78,0
0.85,0.07,0.46,2.23,3.16,3.33,0.83,1.03,6.7,7.6,4.24,3.74,2.87,2.26,5,3,6,2,64,38,0.73,0.77,0.73,0.27,2.7,3.12,4.13,2.87,3.0,1.18,3.17,2.74,2.84,4.56,1.77,4.47,4.95,3.15,3.93,1840,1851,0,3,2.62,1
0.57,0.62,0.54,1.18,2.58,2.56,4.13,2.9,1.2,2.8,4.11,4.13,2.66,3.21,2,2,5,6,58,42,0.34,0.91,0.72,0.28,3.14,2.6,1.5,1.57,1.44,2.05,4.78,1.56,3.54,4.36,3.23,1.73,3.12,3.96,1.27,1408,1536,1,2,1.42,1
0.42,0.06,1.41,0.77,1.29,2.04,1.23,1.72,2.4,4.0,1.65,4.72,3.76,3.57,4,5,1,5,57,45,0.07,0.58,0.46,0.54,5.97,1.02,1.99,1.12,1.38,3.17,4.46,3.53,4.01,3.96,3.25,4.45,4.5,4.0,2.51,1421,1721,0,1,0.08,0
0.26,0.27,0.72,1.67,3.3,0.44,3.89,3.97,5.1,1.7,2.61,4.11,4.9,4.23,7,4,0,3,41,59,0.9,0.3,0.73,0.27,3.84,4.95,1.09,4.04,3.45,1.49,4.82,1.61,2.74,3.6,1.51,3.25,1.75,1.46,4.68,1473,1846,1,1,4.55,1
0.82,0.47,2.74,3.06,3.09,2.33,3.34,1.62,3.8,7.7,4.04,3.95,1.77,1.9,6,7,0,6,57,43,0.94,0.81,0.55,0.45,2.25,4.0,4.86,4.4,1.03,2.96,2.17,1.1,2.8,3.11,1.96,4.67,2.97,2.78,3.83,1408,1917,1,1,0.08,2
0.41,0.48,3.7,2.06,3.42,2.29,1.0,3.52,7.4,4.7,3.97,4.82,1.07,4.76,5,4,5,3,57,46,0.67,0.38,0.43,0.57,2.83,1.09,4.78,3.14,1.87,1.04,2.82,3.19,4.5,2.98,4.75,2.44,4.95,2.63,3.98,2085,2012,0,3,0.47,0
0.13,0.34,2.74,2.75,2.83,2.98,4.41,0.9,2.8,2.2,2.78,4.12,2.95,3.71,7,4,0,3,57,43,0.48,0.48,0.61,0.39,4.46,3.25,1.51,2.49,3.59,4.14,4.49,2.77,3.83,3.3,4.96,1.89,4.66,3.28,2.48,1828,1681,0,4,4.38,0
0.42,0.04,0.81,3.34,1.89,0.59,2.58,0.75,3.6,2.1,2.34,2.61,4.25,3.44,3,6,3,3,56,43,0.3,0.99,0.38,0.62,5.71,2.92,4.83,4.08,4.63,3.6,4.89,4.36,4.13,1.14,4.55,1.1,3.84,1.37,1.02,1616,1528,0,4,2.29,0
0.91,0.33,2.79,0.44,1.79,0.36,0.22,3.86,1.6,4.9,4.94,2.46,2.16,4.52,4,4,1,5,50,48,0.66,0.64,0.8,0.2,3.04,2.65,4.46,1.18,3.77,1.42,2.84,1.63,4.96,2.3,3.1,2.17,4.98,3.93,1.71,1677,1749,0,5,0.79,0
0.33,0.54,0.33,0.49,0.5,1.6,3.55,4.18,4.7,6.9,2.64,2.33,2.54,2.34,3,7,6,6,37,66,0.08,0.27,0.32,0.68,4.27,1.34,2.35,3.89,1.01,2.95,1.17,1.46,3.45,1.9,4.23,3.18,1.69,2.17,4.29,1887,1645,0,1,1.15,2
0.53,0.23,2.43,0.37,2.74,1.59,1.46,3.65,5.0,6.0,3.03,2.95,2.28,1.11,6,7,1,2,55,45,0.78,0.82,0.19,0.81,5.68,2.24,2.3,2.27,4.55,3.99,3.92,2.23,2.78,1.37,1.15,3.08,4.1,1.31,3.84,1425,2058,0,4,1.31,1
0.71,0.14,1.58,3.03,2.67,1.39,2.12,2.79,1.2,5.1,3.27,1.31,2.18,4.23,2,4,4,2,48,54,0.76,0.66,0.73,0.27,5.33,3.86,4.7,1.2,3.11,3.78,1.27,1.73,4.31,3.09,1.66,2.5,4.75,3.03,4.18,1795,1863,1,4,1.63,0
0.95,0.15,3.44,2.63,1.76,1.21,4.25,0.66,7.1,3.8,2.16,2.28,4.92,2.24,7,7,6,1,56,43,0.25,0.89,0.94,0.06,5.85,2.93,1.49,4.51,1.15,2.93,2.44,2.94,2.96,4.95,4.16,4.57,2.21,2.11,2.48,1474,1487,1,2,1.86,2
0.59,0.47,3.44,0.97,0.43,2.01,4.2,1.7,5.9,5.9,1.69,4.84,1.78,3.74,6,2,2,4,59,38,0.56,0.29,0.21,0.79,2.54,2.65,4.49,1.51,1.1,3.33,4.85,4.02,3.27,4.74,2.59,4.98,3.7,4.55,4.19,1475,1820,1,1,3.81,0
0.78,0.88,3.3,2.74,2.08,1.52,4.33,3.34,7.1,5.1,4.41,3.08,4.17,1.48,2,3,0,4,42,60,0.87,0.9,0.33,0.67,5.17,1.47,1.62,2.42,4.21,2.98,4.97,1.73,1.94,3.66,1.7,3.23,2.42,3.23,1.66,1409,1854,1,2,4.55,2
0.17,0.98,1.27,1.22,3.07,2.58,3.31,1.47,1.1,7.9,3.45,3.1,2.16,2.43,6,6,5,6,57,46,0.58,0.33,0.98,0.02,2.17,2.41,2.21,2.74,3.3,4.57,2.16,4.56,3.65,3.42,2.92,4.93,1.17,4.27,4.36,1803,1465,1,1,4.68,0
0.91,0.09,1.0,2.74,3.46,3.37,2.39,3.14,5.9,5.1,4.74,1.96,4.06,3.14,5,7,6,4,42,55,0.82,0.68,0.07,0.93,2.12,1.39,2.04,4.18,4.22,4.19,4.75,1.79,3.91,3.39,4.56,3.52,2.92,1.28,2.13,1647,1817,1,3,1.94,2
0.8,0.67,1.9,0.83,1.85,2.53,0.67,4.29,1.9,4.0,4.46,2.42,2.99,1.93,2,7,5,0,37,61,0.87,0.58,0.58,0.42,5.76,1.41,3.72,4.77,4.49,2.19,2.03,3.52,3.66,1.71,4.15,2.25,4.1,3.43,3.46,1903,1890,1,4,0.68,2
0.22,0.81,0.48,1.35,2.94,1.04,3.22,1.71,3.7,7.1,4.79,3.67,3.73,1.19,2,6,0,3,56,47,0.9,0.09,0.92,0.08,2.25,1.12,1.35,4.9,4.75,4.76,3.93,3.15,2.55,2.14,4.02,1.47,3.29,2.06,1.6,1684,1511,0,2,0.56,2
0.1,0.65,2.94,2.67,1.77,2.07,1.5,3.91,3.8,8.0,4.21,1.05,1.12,1.86,3,3,6,3,37,64,0.97,0.76,0.33,0.67,4.94,4.34,2.65,1.55,2.31,2.58,4.36,4.8,3.74,1.35,2.15,1.18,1.13,3.93,3.5,1477,1674,1,2,4.06,2
0.68,0.98,1.73,1.59,0.51,2.8,3.9,2.65,6.7,7.9,4.15,2.02,3.89,1.07,6,3,5,6,40,63,0.98,0.93,0.34,0.66,4.78,2.02,2.94,3.89,4.99,4.17,3.5,3.35,4.45,3.93,4.88,1.37,3.9,3.53,1.67,1656,1579,0,2,4.55,2
0.86,0.62,3.39,0.62,3.24,2.92,0.97,3.81,6.6,4.7,2.32,2.71,3.0,1.06,4,3,0,1,51,47,0.56,0.56,0.9,0.1,2.01,4.18,1.95,3.01,1.6,2.93,1.51,4.86,1.19,3.8,1.71,3.12,2.57,1.64,3.45,1679,1580,1,3,1.48,2
0.56,0.02,3.72,1.8,3.07,3.22,2.48,3.56,1.7,5.2,1.48,2.1,4.7,3.26,7,5,2,2,57,45,0.82,0.14,0.68,0.32,5.98,3.78,3.84,1.22,1.7,4.46,3.22,2.44,2.88,2.18,1.35,1.15,2.35,3.99,2.77,2098,1733,0,4,3.93,2
0.26,0.93,2.9,1.16,1.76,0.66,3.71,3.26,1.2,3.8,3.66,2.11,4.81,4.99,2,7,0,0,65,35,0.94,0.43,0.95,0.05,3.24,1.58,1.73,2.94,1.22,1.59,4.88,1.76,2.18,4.3,3.67,4.59,3.54,2.46,1.36,2090,2095,0,1,3.89,2
0.42,0.36,2.42,3.7,1.32,0.34,2.31,4.14,1.1,2.8,3.34,2.28,2.58,2.08,3,4,5,4,46,52,0.86,0.78,0.77,0.23,5.69,4.42,1.23,4.89,2.95,2.32,4.35,3.55,2.75,3.31,4.82,1.35,3.7,3.21,2.16,1783,1521,0,4,3.76,2
0.79,0.91,3.17,1.79,1.09,1.03,3.98,2.09,4.3,6.4,4.65,1.56,3.19,3.08,6,6,1,3,55,47,0.46,0.69,0.55,0.45,3.66,1.53,2.63,1.76,3.04,1.53,4.7,3.43,4.36,4.22,1.33,1.17,4.69,4.86,2.48,1568,1759,1,2,4.06,2
0.75,0.92,3.23,2.21,1.97,0.6,0.52,4.41,3.8,1.3,1.8,1.31,4.12,3.0,4,3,4,4,36,64,0.42,0.17,0.43,0.57,4.3,2.52,1.57,3.3,1.94,4.49,2.12,4.45,4.18,1.34,3.52,3.25,3.34,1.8,3.55,2054,1542,0,5,4.88,2
0.93,0.83,2.78,1.96,1.82,3.0,0.33,2.1,1.9,1.3,3.29,3.87,2.23,4.7,6,4,1,4,48,55,0.35,0.8,0.32,0.68,3.94,3.56,3.49,3.04,3.05,4.01,3.43,4.68,4.03,4.07,2.51,2.53,3.1,1.5,1.22,1839,1848,1,2,3.67,0
0.95,0.04,3.23,2.41,2.47,1.06,4.03,2.65,2.6,6.9,4.52,1.28,2.62,2.6,5,6,1,5,51,52,0.81,0.47,0.03,0.97,3.57,1.15,2.36,4.09,1.04,2.39,3.73,3.23,1.51,3.47,3.19,2.63,1.36,1.92,1.2,1822,1984,0,4,4.62,2
0.27,0.68,2.24,2.73,3.26,0.76,3.98,2.96,3.5,7.3,2.83,1.53,4.5,4.41,7,2,0,5,53,45,0.62,0.43,0.89,0.11,3.34,2.18,1.99,1.59,4.08,4.65,1.55,4.32,4.59,2.35,4.7,1.59,2.04,1.36,4.93,1880,1419,0,2,2.88,0
0.9,0.2,0.43,1.01,0.44,0.75,2.98,4.27,5.5,5.4,2.98,3.91,1.65,4.63,6,6,5,6,57,41,0.04,0.19,0.7,0.3,5.43,3.71,3.31,1.55,2.37,2.15,1.43,3.37,2.55,1.33,3.94,1.62,3.87,1.44,4.43,1647,1806,1,2,0.89,0
0.04,0.72,3.33,2.84,2.85,1.38,3.63,2.32,3.8,7.1,3.68,2.94,1.91,1.09,5,4,4,0,35,67,0.72,0.15,0.19,0.81,5.81,2.72,2.47,4.66,3.17,2.89,2.31,1.37,4.76,3.87,1.79,2.5,3.54,4.66,2.11,2087,1440,0,2,2.21,2
0.59,0.73,0.96,0.98,2.87,1.75,0.48,0.99,6.5,4.1,4.77,3.13,2.15,2.64,2,2,3,2,40,57,0.93,0.6,0.78,0.22,2.67,1.92,4.26,4.94,4.25,4.69,1.21,2.1,2.3,1.42,3.5,2.83,4.14,4.34,1.66,1647,1533,0,2,3.25,0
0.05,0.37,2.9,2.05,1.4,0.77,3.98,3.81,6.5,7.6,4.93,3.43,3.06,1.23,2,7,3,0,57,40,0.69,0.27,0.71,0.29,5.82,2.74,3.76,4.28,2.86,4.79,1.83,2.56,4.92,3.46,1.49,3.81,4.18,3.19,2.84,1768,1886,0,3,1.1,2
0.5,0.62,1.96,3.49,1.28,1.95,1.2,3.66,1.2,3.9,3.04,3.6,3.46,2.0,3,3,6,0,36,65,0.89,0.29,0.54,0.46,2.63,1.71,3.03,3.13,4.11,4.71,3.81,4.71,2.38,1.01,1.83,1.27,4.28,1.06,2.74,1916,2081,1,4,3.28,0
0.77,0.34,1.96,0.95,2.22,2.41,2.58,0.53,5.0,3.5,2.11,1.92,1.72,2.94,5,7,4,6,48,54,0.38,0.53,0.53,0.47,5.93,3.44,2.24,2.71,3.1,1.89,4.41,4.84,1.37,2.06,4.82,1.08,2.02,4.88,1.06,1641,1913,1,2,1.18,2
0.55,0.73,1.55,2.08,2.4,0.32,1.82,3.97,4.0,5.2,4.04,2.33,3.62,1.38,3,4,2,0,59,39,0.29,0.17,0.83,0.17,4.49,3.21,1.02,3.49,4.76,2.42,1.82,4.98,4.39,1.1,1.63,4.71,1.2,1.43,3.19,1887,1783,0,1,3.67,2
0.44,0.17,1.22,1.53,0.8,0.26,1.72,2.47,6.6,3.5,3.64,3.98,3.33,3.41,7,4,3,0,50,53,0.99,0.31,0.96,0.04,3.79,2.58,4.84,4.01,1.64,2.66,1.92,2.1,1.93,4.92,2.82,1.91,3.29,3.06,3.08,1502,1575,0,2,0.58,1
0.65,0.3,2.12,0.89,3.09,1.19,0.97,3.28,1.4,5.3,4.41,3.44,3.95,2.14,4,5,3,3,59,38,0.53,0.02,0.38,0.62,5.37,1.71,3.96,2.21,4.31,4.14,3.75,2.28,1.81,2.38,1.95,1.81,3.19,4.58,1.33,1726,1641,1,4,2.36,0
0.01,0.83,0.89,1.93,3.41,1.66,4.2,3.99,5.7,6.1,4.6,1.4,2.84,4.6,5,5,6,5,60,38,0.66,0.82,0.43,0.57,2.44,1.75,3.1,2.92,3.67,4.14,1.41,1.97,3.92,3.81,2.35,3.46,3.3,4.12,2.2,1907,1665,1,2,2.7,0
0.8,0.96,1.89,0.52,2.85,1.82,2.42,0.96,1.4,4.9,2.04,2.14,3.57,4.43,3,5,0,3,35,65,0.09,0.66,0.69,0.31,3.32,3.07,3.27,4.68,3.64,4.85,1.89,2.97,1.49,3.07,2.01,2.45,3.16,1.73,3.92,1714,2005,0,4,0.49,1
0.69,0.72,1.85,2.75,0.9,3.15,2.2,4.26,4.3,4.6,1.25,3.61,3.87,3.79,3,2,0,2,65,35,0.98,0.76,0.18,0.82,4.01,3.78,3.04,3.08,1.38,4.18,3.39,2.9,1.16,4.99,2.41,4.3,2.45,1.57,2.87,1436,1878,0,3,3.0,2
0.84,0.42,2.37,1.9,2.53,2.86,2.51,3.47,5.5,1.9,1.72,2.51,2.76,1.98,4,2,2,0,39,62,0.75,0.2,0.77,0.23,5.32,1.39,3.65,3.39,3.16,3.4,2.58,3.67,3.71,1.17,1.42,1.67,4.13,1.7,4.12,1483,1870,0,2,2.77,1
0.74,0.4,2.25,2.02,1.14,1.61,3.79,3.08,7.4,4.3,2.13,4.65,2.04,1.88,4,7,6,6,61,37,0.19,0.96,0.7,0.3,2.36,1.54,3.24,3.43,3.82,2.63,3.87,2.68,2.52,4.11,1.64,1.68,3.37,2.09,3.33,1805,1771,1,5,1.83,0
0.78,0.13,1.16,1.98,0.77,1.58,3.1,0.41,4.6,6.4,2.67,4.09,2.68,4.04,7,3,0,2,42,60,0.61,0.64,0.53,0.47,3.67,2.43,2.52,4.92,2.85,2.21,1.54,1.93,4.63,1.58,4.93,3.37,3.38,1.15,2.85,1824,1509,0,3,3.86,1
0.5,0.47,2.8,2.5,1.48,2.87,0.54,0.98,4.3,5.2,1.18,4.0,2.36,1.7,3,5,2,3,51,48,0.98,0.1,0.04,0.96,2.46,2.13,4.65,2.77,2.1,3.76,2.96,2.73,4.26,1.4,4.91,1.3,3.25,3.7,2.58,1900,2059,1,4,1.76,0
0.51,0.81,3.17,2.54,2.28,2.43,2.9,0.91,7.7,5.1,1.5,3.1,2.66,1.04,4,6,5,3,49,52,0.19,0.8,0.17,0.83,3.83,3.41,1.73,4.51,4.22,3.53,1.71,1.06,2.16,1.74,1.79,4.18,4.06,3.26,4.84,1966,1593,0,5,2.0,2
0.62,0.97,2.81,0.42,0.88,3.49,4.43,1.07,4.8,5.6,4.11,4.02,4.69,2.66,3,5,2,5,59,38,0.05,0.19,0.49,0.51,3.58,3.4,1.45,1.92,3.25,3.98,2.23,1.44,3.43,2.66,4.53,4.49,4.64,1.27,3.53,1608,1574,0,4,1.57,2
0.56,0.13,2.56,3.04,3.39,3.07,1.69,1.93,3.6,5.4,4.69,1.75,4.26,4.59,6,4,0,4,52,46,0.44,0.17,0.81,0.19,3.14,2.81,1.58,2.72,4.34,2.09,3.82,4.79,4.42,4.7,1.79,2.48,4.11,4.47,4.28,1975,1555,1,3,4.44,2
0.14,0.12,2.1,0.54,1.57,0.86,1.26,2.22,2.6,6.4,1.41,1.21,3.19,3.41,5,7,0,1,51,50,0.27,0.68,0.18,0.82,3.45,1.15,4.92,1.18,3.45,3.32,4.19,2.81,4.93,4.68,1.38,3.35,1.1,4.8,2.2,1615,2093,0,5,3.1,0
0.05,0.24,1.57,3.23,0.65,1.58,4.06,4.01,4.6,7.7,1.93,1.77,2.18,1.99,6,4,2,5,50,52,0.07,0.19,0.71,0.29,4.67,2.57,2.51,3.38,2.74,4.24,4.69,4.77,3.52,1.12,2.92,2.43,4.76,4.94,3.97,1401,1513,1,4,1.74,1
0.14,0.64,3.76,3.49,3.35,1.7,0.71,4.2,3.9,5.6,4.57,2.3,3.72,2.05,3,4,1,1,55,48,0.77,0.09,0.05,0.95,5.34,2.14,2.02,1.36,2.23,4.41,2.32,2.78,3.92,3.98,3.66,3.63,1.04,4.42,1.18,1667,1852,1,4,3.91,2
0.96,0.57,1.49,2.38,1.14,0.93,3.64,1.25,1.1,3.0,2.02,4.08,2.3,3.53,6,4,2,0,63,37,0.03,0.3,0.92,0.08,3.2,1.16,4.28,4.92,4.41,1.27,2.09,2.04,3.8,4.85,2.28,2.46,1.96,4.65,1.25,1565,2077,1,2,4.57,0
0.64,0.59,3.45,0.39,2.63,1.62,0.85,2.48,6.1,4.7,1.63,2.47,4.47,4.04,6,6,4,2,53,49,0.35,0.26,0.35,0.65,4.5,3.62,4.68,1.35,4.05,1.34,1.99,2.15,1.94,2.65,4.73,2.72,2.35,4.69,3.89,2014,1563,0,2,0.5,0
0.63,0.4,3.15,3.17,1.45,2.51,3.21,4.34,7.0,6.3,3.99,3.07,1.48,3.71,4,4,3,4,53,47,0.67,0.91,0.09,0.91,3.82,3.72,2.07,3.71,1.84,3.54,3.95,2.35,3.29,2.2,1.66,1.53,2.79,2.14,4.02,1766,1779,0,4,1.89,2
0.02,0.68,1.93,0.56,2.57,1.64,3.01,2.84,5.0,8.0,4.21,2.01,4.13,3.86,2,3,3,4,47,54,0.0,0.99,0.74,0.26,5.32,3.67,4.48,4.93,2.22,4.83,3.08,2.78,4.1,2.2,1.54,4.93,4.73,1.53,1.27,1798,1833,1,5,3.2,2
0.33,0.59,2.01,0.46,2.65,1.97,3.01,2.03,4.7,3.8,2.88,2.14,4.71,1.46,2,6,6,6,39,60,0.65,0.74,0.53,0.47,3.78,3.93,1.46,4.8,4.44,4.74,3.2,1.13,1.83,1.77,3.35,1.58,3.86,3.8,2.6,1926,1923,1,1,3.39,2
0.15,0.94,0.93,3.59,2.75,1.37,3.11,1.42,7.7,3.2,4.78,4.19,4.59,3.8,7,7,5,6,54,48,0.81,0.74,0.38,0.62,3.39,2.14,3.06,3.58,1.11,3.34,4.19,2.64,1.99,1.37,1.01,1.58,2.53,1.25,2.45,1807,2057,1,2,4.95,0
0.38,0.29,2.26,3.61,3.15,3.29,4.31,0.23,6.0,8.0,1.68,1.41,4.65,1.42,4,5,6,6,64,33,0.56,0.33,0.37,0.63,5.62,3.26,1.96,2.79,4.38,4.49,2.09,2.28,4.88,2.6,4.52,2.85,3.54,1.57,3.61,1630,1830,1,1,2.25,2
0.95,0.15,3.77,1.61,2.14,3.2,1.14,3.82,2.1,6.0,4.76,2.69,3.31,2.27,2,4,5,5,35,67,0.98,0.31,0.08,0.92,2.46,3.48,3.16,1.76,1.84,2.18,3.32,2.88,1.78,2.93,1.28,2.36,1.23,4.25,2.02,1599,1568,0,5,4.0,2
0.82,0.35,0.32,2.1,1.1,0.83,0.75,2.06,7.7,5.8,4.57,3.4,1.25,2.68,7,2,2,5,49,53,0.46,0.8,0.83,0.17,3.26,1.48,3.38,2.71,1.84,1.6,3.84,1.23,2.16,2.78,4.02,4.13,4.74,2.08,4.89,1601,1409,1,1,2.29,0
0.55,0.32,0.23,1.33,0.77,3.16,0.72,0.5,4.7,6.6,1.72,3.37,2.35,1.04,7,2,2,6,49,53,0.21,0.76,0.82,0.18,4.06,4.19,2.06,1.66,2.05,2.23,3.7,2.01,4.18,2.91,3.2,4.6,2.66,1.32,4.03,1730,1975,1,3,1.91,2
0.19,1.0,2.94,1.23,1.5,2.35,3.41,2.34,7.5,2.8,3.36,2.77,1.24,2.68,4,4,4,6,40,58,0.37,0.78,0.4,0.6,4.29,2.58,1.75,2.97,2.31,2.25,3.46,3.95,4.41,4.13,2.15,1.79,4.05,4.94,4.86,1561,2023,1,2,0.83,2
0.72,0.98,3.79,2.68,1.33,3.29,4.37,3.39,6.6,7.2,4.59,4.69,2.55,2.69,5,3,2,5,52,51,0.31,0.65,0.56,0.44,2.89,2.14,2.72,2.26,1.81,1.97,1.88,1.78,1.11,1.22,4.52,2.81,4.57,1.73,1.18,2055,1426,0,2,2.71,2
0.95,0.15,1.33,1.6,1.37,3.2,2.32,0.73,7.4,4.0,1.05,4.02,1.55,4.05,7,2,5,3,64,37,0.89,0.45,0.59,0.41,2.81,2.42,1.2,3.26,2.71,1.69,4.74,1.18,2.24,2.3,4.5,3.86,2.86,1.72,4.49,1404,1957,0,4,4.79,1
0.92,0.02,3.51,2.77,0.75,1.48,1.56,3.37,5.3,5.1,3.83,2.96,3.15,2.5,7,5,4,4,61,41,0.94,0.92,0.31,0.69,5.86,3.17,3.31,1.94,4.03,2.97,3.54,3.99,2.52,1.87,2.28,1.71,4.58,4.64,1.16,1857,1496,0,3,3.27,2
0.38,0.11,1.38,0.89,1.38,1.61,2.13,0.34,3.4,5.2,1.7,4.37,1.46,1.01,4,6,4,5,58,42,0.98,0.25,0.34,0.66,3.57,3.36,4.08,2.73,3.44,4.71,1.19,1.43,4.58,1.23,3.76,3.08,3.28,1.56,4.07,1836,1857,1,4,4.44,0
0.18,0.69,2.71,2.16,2.2,0.33,4.24,1.68,5.7,6.0,4.69,2.95,3.08,1.18,2,2,1,3,46,52,0.25,0.95,0.91,0.09,5.88,4.93,1.15,3.08,2.81,2.83,1.05,2.83,3.52,2.61,1.31,2.98,3.41,1.15,4.84,1631,1911,1,3,1.31,2
0.42,0.02,1.47,0.58,2.02,0.84,3.87,0.61,5.1,5.2,2.38,3.47,3.16,4.42,3,4,4,6,43,60,0.4,0.1,0.98,0.02,5.23,4.56,3.88,2.16,4.23,1.27,4.51,2.42,2.33,1.76,4.11,4.11,4.27,4.56,3.06,1976,1861,1,5,0.91,0
0.02,0.89,0.61,3.23,0.71,3.44,0.74,3.86,5.5,1.7,4.99,2.18,2.56,1.06,4,7,4,6,51,49,0.85,0.53,0.43,0.57,2.78,2.36,4.34,2.03,3.71,4.24,1.23,4.71,2.01,2.36,2.37,4.68,1.95,4.79,4.95,1511,1419,1,5,3.46,1
0.12,0.54,2.54,1.17,0.25,1.02,0.31,4.26,1.3,3.7,1.58,2.24,2.28,1.89,4,3,5,1,52,48,0.7,0.92,0.26,0.74,5.99,1.12,3.07,2.9,2.76,4.21,1.25,4.26,4.87,3.7,4.67,2.59,1.45,3.28,3.74,1608,1987,0,5,2.02,1
0.1,0.01,1.68,1.12,1.39,2.15,0.56,0.28,2.5,2.2,2.89,2.97,3.98,2.17,5,5,6,1,42,59,0.46,0.33,0.23,0.77,3.3,1.75,1.64,3.84,2.55,3.34,1.7,4.35,4.4,1.84,3.53,4.44,4.96,3.38,2.78,1723,1935,1,3,0.91,2
0.12,0.44,1.68,2.0,2.57,0.27,0.33,1.49,1.8,1.0,4.71,2.91,1.31,1.2,4,2,0,1,47,50,0.62,0.43,0.65,0.35,4.94,4.0,3.42,3.44,4.11,2.53,3.27,4.34,3.14,4.85,2.26,4.73,4.45,2.59,3.6,1535,1525,1,2,4.41,1
0.64,0.12,2.26,1.52,1.67,2.56,0.86,3.61,3.0,1.5,1.43,4.27,1.08,1.82,6,3,1,1,49,50,0.13,0.82,0.41,0.59,3.3,2.63,3.63,1.09,3.25,3.4,1.6,2.7,2.22,4.75,4.83,1.58,3.79,3.74,3.16,1952,1647,0,1,1.3,0
0.6,0.86,1.21,0.25,2.97,1.07,3.08,3.98,5.3,4.5,2.44,4.8,2.49,4.98,7,2,2,3,49,49,0.34,0.65,0.77,0.23,4.39,1.9,1.49,3.47,2.97,2.42,2.07,1.89,2.7,1.81,2.34,4.54,4.09,4.19,1.4,1572,2086,1,2,3.46,0
0.99,0.29,0.86,0.38,0.61,2.58,1.55,0.49,6.8,5.3,4.54,3.04,4.04,4.23,3,4,1,4,64,33,0.13,0.3,0.89,0.11,3.66,1.06,4.09,2.53,3.56,3.55,1.81,4.11,4.46,2.07,3.17,1.48,3.09,3.16,1.5,1743,1489,0,5,0.75,1
0.1,0.36,2.25,1.84,1.39,3.11,1.28,4.45,1.3,7.1,1.75,2.23,1.91,2.07,3,4,0,5,43,57,0.6,0.52,0.81,0.19,3.26,1.18,4.73,3.22,2.55,4.78,4.28,1.74,2.78,3.7,2.53,3.3,1.43,4.42,1.44,1986,1846,0,3,3.06,0
0.68,0.77,1.4,1.47,1.03,0.43,2.54,0.23,5.1,5.8,1.09,3.25,3.17,1.28,2,7,3,5,65,36,0.5,0.4,0.42,0.58,4.94,2.8,4.38,4.23,4.17,2.27,2.39,1.39,1.26,2.77,3.42,2.85,2.33,1.78,2.21,1487,1935,1,3,2.92,0
0.48,0.6,1.6,3.46,3.24,1.22,1.32,2.49,2.6,6.5,1.78,2.16,4.44,1.47,7,3,3,0,45,57,0.29,0.56,0.75,0.25,4.07,2.97,1.29,2.71,4.43,3.14,4.54,1.71,2.43,4.35,3.87,1.52,3.15,4.43,2.38,1946,1831,1,3,4.5,0
0.69,0.11,3.16,1.43,3.11,1.11,4.01,3.21,1.4,6.7,4.86,4.68,2.53,3.57,4,2,2,2,55,42,0.42,0.02,0.6,0.4,2.31,1.96,3.81,1.89,3.76,4.64,4.74,3.09,4.75,1.68,2.82,4.84,4.84,2.96,2.33,2088,1573,0,3,2.35,0
0.88,0.92,1.19,2.38,0.91,2.92,1.44,3.26,7.8,4.8,2.34,2.1,3.31,3.61,2,6,3,5,64,33,0.98,0.62,0.93,0.07,5.28,1.38,4.35,5.0,3.69,3.38,2.3,3.8,2.37,3.55,2.29,3.09,1.1,1.29,2.82,1866,1464,0,2,4.24,1
0.49,0.76,0.79,1.43,3.06,1.63,1.3,3.65,4.0,4.9,4.74,4.27,1.59,4.25,2,4,0,1,36,67,0.17,0.2,0.53,0.47,5.44,4.8,4.46,3.49,1.17,3.66,3.14,4.0,1.47,3.49,2.61,3.02,4.81,1.9,1.88,2019,1789,0,5,3.54,0
0.74,0.52,2.29,3.79,2.94,0.96,4.2,0.39,3.4,3.0,4.99,1.34,1.21,2.54,6,6,4,2,58,41,0.03,0.9,0.49,0.51,2.79,2.63,2.4,1.01,1.22,3.22,2.4,1.23,4.53,1.31,2.74,3.61,3.8,4.16,4.71,1662,1523,1,5,3.96,0
0.71,0.3,0.78,0.36,1.21,0.3,3.82,1.97,1.6,2.6,3.48,1.05,1.78,4.04,3,7,0,4,53,46,0.47,0.33,0.24,0.76,3.87,3.68,1.52,2.47,1.24,1.41,3.83,4.88,4.69,4.96,3.25,3.45,2.88,2.49,2.23,1977,1990,0,3,0.19,2
0.94,0.4,2.22,1.84,1.55,2.06,2.83,4.22,5.7,2.8,1.64,1.41,2.71,1.35,5,7,1,6,40,62,0.91,0.65,0.98,0.02,3.78,3.85,3.21,1.17,4.27,4.02,4.34,2.28,3.97,3.88,1.5,1.79,4.0,4.05,2.11,1750,1949,0,1,1.15,1
0.59,0.7,2.58,2.81,0.96,0.9,3.69,1.99,2.7,6.6,4.2,4.71,1.59,1.81,4,7,5,2,61,42,0.15,0.35,0.01,0.99,2.51,1.39,2.67,1.62,1.09,3.41,3.95,1.07,4.04,2.5,4.6,4.02,3.74,3.43,4.35,1592,1839,1,5,1.42,0
0.13,0.92,1.76,3.11,3.2,2.32,3.68,2.65,4.2,2.0,2.27,3.57,2.33,4.36,5,5,0,3,50,50,0.59,0.74,0.05,0.95,3.25,4.91,2.24,1.79,1.6,3.12,3.46,1.96,1.43,1.44,4.05,3.74,4.21,1.87,1.33,1672,2083,1,2,4.54,0
0.73,0.83,1.82,0.83,1.6,3.05,0.69,4.23,1.8,5.0,1.09,3.07,2.66,1.56,7,2,4,0,55,47,0.89,0.62,0.32,0.68,3.95,4.12,4.19,3.12,2.69,2.66,1.09,4.62,3.05,3.63,3.35,1.96,1.51,2.59,2.0,1568,2090,1,3,3.64,2
0.4,0.83,2.98,2.99,1.94,2.5,4.05,1.85,6.8,5.3,2.49,3.28,4.37,3.81,7,5,6,3,58,43,0.47,0.21,0.25,0.75,4.23,2.01,1.36,2.71,1.3,1.1,1.89,2.56,4.69,4.17,1.0,2.13,4.42,1.09,2.93,1454,1495,0,4,4.48,2
0.31,0.69,1.31,1.67,2.85,1.98,2.47,1.44,7.9,4.9,3.95,2.02,2.89,1.3,4,2,2,5,44,57,0.86,0.87,0.55,0.45,5.08,4.22,3.41,2.79,3.29,1.29,1.3,1.51,3.46,2.09,3.77,1.59,2.72,4.44,4.36,2089,1797,0,5,4.09,2
0.79,0.37,0.64,3.4,1.41,3.18,0.42,2.41,4.9,4.3,4.71,2.31,4.58,4.21,4,6,2,5,46,52,0.31,0.84,0.74,0.26,2.36,1.43,1.63,3.84,3.47,2.53,4.39,3.27,4.53,1.61,1.56,3.87,4.08,3.5,1.71,1912,2096,0,2,0.21,2
0.59,0.25,1.0,1.89,1.2,1.99,2.6,4.28,3.5,4.8,3.35,2.58,2.07,2.34,5,4,3,4,41,60,0.71,0.41,0.54,0.46,5.61,2.61,4.45,4.09,1.25,3.08,2.83,1.9,4.82,4.87,1.36,3.12,1.67,2.44,2.84,1418,2087,1,2,4.88,2
0.65,0.26,1.37,2.05,3.46,2.07,1.11,2.3,4.8,3.2,1.77,1.44,2.66,2.43,4,5,5,3,45,52,0.01,0.38,0.61,0.39,5.0,1.48,3.27,4.45,1.58,2.67,1.3,4.22,2.37,2.73,4.34,3.1,1.27,3.23,2.97,1664,1581,1,1,1.82,1
0.98,0.47,1.98,3.6,1.3,2.31,4.17,1.68,3.9,5.9,3.64,2.67,3.45,3.74,3,3,2,5,56,45,0.88,0.02,0.3,0.7,3.97,3.18,2.41,3.19,4.48,1.13,1.35,4.84,4.13,1.5,2.97,3.23,3.46,3.36,1.43,1963,1896,1,1,3.66,1
0.36,0.22,1.04,1.55,2.02,1.66,3.12,1.03,7.7,2.5,1.41,2.22,2.09,3.0,4,6,2,2,58,43,0.56,0.04,0.95,0.05,5.2,4.51,1.3,4.84,1.58,4.48,4.63,3.64,4.17,1.28,4.06,1.7,3.34,2.73,1.35,1973,1678,0,2,1.66,2
0.45,0.59,2.19,3.54,0.89,1.57,2.8,3.48,3.6,6.1,1.17,1.64,2.13,1.36,5,2,0,3,53,48,0.85,0.25,0.32,0.68,3.69,1.5,3.32,1.32,3.26,3.39,2.94,2.55,2.99,2.79,2.08,2.85,2.18,4.07,2.16,1461,1860,1,5,2.9,0
0.87,0.26,0.41,3.21,1.63,0.46,1.87,2.82,7.3,6.2,4.89,4.9,4.0,2.8,4,5,6,0,51,52,0.82,0.91,0.45,0.55,3.5,2.87,1.15,3.48,4.39,1.48,3.88,2.7,4.02,4.37,1.34,3.19,3.73,1.69,2.13,2100,1904,1,4,2.67,0
0.16,0.72,3.05,2.04,1.73,2.99,1.74,0.21,2.9,3.8,2.05,2.26,3.99,4.69,7,4,5,3,48,51,0.49,0.63,0.18,0.82,5.78,3.32,2.53,1.07,1.53,4.44,2.37,2.62,1.16,2.97,2.22,4.81,2.73,4.08,4.12,1758,1654,1,4,2.52,1
0.13,0.01,3.12,3.21,2.08,1.37,0.29,3.64,7.6,6.5,2.74,3.32,4.49,4.17,2,7,1,5,41,60,0.26,0.52,0.68,0.32,2.59,1.29,4.23,3.06,1.55,1.23,2.99,1.44,1.31,3.73,4.59,2.31,4.48,4.96,2.04,2009,1789,0,5,3.93,0
0.19,0.08,2.18,1.38,1.05,1.82,2.62,0.88,3.0,7.3,3.28,4.23,2.7,2.85,3,7,0,3,64,38,0.21,0.59,0.6,0.4,4.79,2.7,4.88,1.23,3.81,2.85,2.35,1.53,4.7,3.65,2.84,4.18,3.61,2.46,4.01,1766,1476,1,5,4.12,0
0.89,0.71,3.27,2.8,1.0,0.62,4.46,3.15,3.2,4.0,1.26,4.5,2.18,2.91,4,2,5,1,43,60,0.27,0.49,0.51,0.49,4.24,3.25,4.01,4.65,4.21,1.06,3.67,3.16,1.09,3.71,4.99,4.78,3.06,1.4,2.06,1950,1972,0,1,0.29,0
0.32,0.79,2.52,1.26,2.83,3.5,1.83,2.11,3.0,2.6,1.03,2.99,1.77,1.33,6,4,6,4,35,67,0.42,0.22,0.25,0.75,5.28,1.58,4.18,1.84,1.3,2.61,2.29,3.0,3.23,3.71,1.04,3.08,1.18,2.56,3.6,1908,1506,0,2,4.92,0
0.47,0.49,2.97,1.64,1.7,3.25,2.71,3.38,1.4,4.2,2.92,4.44,1.64,4.26,5,4,0,3,41,62,0.41,0.92,0.57,0.43,3.13,1.16,4.28,2.08,3.26,3.83,3.84,1.16,1.03,4.26,3.02,4.53,2.81,1.01,2.97,1443,1529,1,5,1.82,0
0.12,0.69,1.22,1.34,3.49,3.13,1.54,1.37,1.4,5.9,4.28,2.66,4.09,4.85,5,3,6,5,58,45,0.38,0.39,0.04,0.96,3.88,1.74,4.57,2.6,3.26,4.67,4.62,2.57,1.55,1.2,3.89,3.42,4.32,1.37,4.51,2009,1514,0,4,4.2,0
0.35,0.78,1.76,1.49,2.03,1.23,2.02,4.12,3.6,3.9,2.41,4.76,4.06,3.1,2,7,2,2,45,54,0.98,0.28,0.98,0.02,3.73,3.08,4.94,1.65,3.66,1.02,3.96,3.12,4.33,3.61,2.57,2.22,2.44,2.78,3.92,1964,1817,0,4,4.88,0
0.57,0.8,0.88,0.76,0.68,3.14,0.38,0.67,6.9,7.7,4.32,3.83,3.59,2.62,4,7,5,0,65,35,0.01,0.93,0.49,0.51,2.39,1.76,1.82,2.02,2.16,3.45,3.15,4.1,1.54,3.95,4.68,1.71,3.54,3.22,1.42,1953,1952,0,3,4.59,2
0.17,0.77,1.25,0.97,1.89,1.4,0.74,3.21,6.2,1.1,1.53,2.27,2.44,3.64,6,6,0,6,60,40,0.82,0.82,0.52,0.48,3.83,1.91,4.25,2.31,1.13,3.01,2.96,2.97,4.13,4.09,3.5,2.55,2.72,2.8,3.83,1491,2077,0,5,3.23,0
0.28,0.45,2.57,0.46,2.79,3.1,3.27,3.85,3.4,3.9,1.66,4.15,1.29,2.14,3,5,2,6,37,65,0.39,0.42,0.79,0.21,2.99,2.45,4.14,2.42,1.9,4.27,2.5,2.63,4.72,1.79,4.08,3.35,2.98,3.76,1.8,1518,1855,0,1,4.5,0
0.28,0.54,1.93,2.4,1.16,0.72,3.48,2.25,1.2,5.1,3.45,2.07,3.8,2.38,7,7,1,0,44,53,0.35,0.85,0.09,0.91,3.63,4.36,3.23,2.56,1.81,2.24,3.48,1.85,4.16,3.6,3.59,1.83,4.89,3.59,1.4,1803,1531,1,2,4.05,2
0.85,0.69,1.02,3.8,3.37,3.15,0.97,0.79,3.5,2.9,4.37,2.01,2.79,3.9,3,4,4,1,63,40,1.0,0.91,0.34,0.66,4.34,1.73,3.16,4.15,4.8,3.57,4.61,1.57,4.51,4.22,3.28,4.23,4.77,3.11,3.57,1416,2043,0,3,2.72,0
0.84,0.52,3.41,2.41,2.32,1.67,4.35,0.81,2.7,7.7,2.24,3.68,2.69,3.74,7,3,2,1,50,49,0.94,0.37,0.64,0.36,4.05,3.64,1.55,1.01,4.12,4.56,1.58,3.73,4.33,2.54,2.51,4.11,3.33,3.55,1.47,2043,1483,0,3,4.21,0
0.12,0.47,3.33,2.38,1.95,1.8,4.43,0.79,5.6,7.0,4.34,2.64,1.33,4.79,4,5,2,2,58,45,0.67,0.6,0.0,1.0,4.06,4.07,1.01,3.5,4.29,3.69,4.8,4.51,2.03,2.63,4.85,2.21,2.92,3.41,1.48,1730,1622,0,5,4.12,2
0.54,0.85,2.42,3.68,1.49,1.85,1.34,4.27,4.9,4.8,3.95,2.95,3.38,1.31,2,7,0,3,48,55,0.31,0.54,0.87,0.13,2.57,2.35,1.45,3.96,2.64,2.27,1.76,4.45,4.03,3.77,3.02,4.61,4.86,4.94,1.99,1990,1658,1,2,0.46,2
0.68,0.26,0.6,1.49,1.75,1.66,4.43,2.62,6.6,5.0,3.48,4.03,1.42,1.5,3,3,4,2,64,39,0.08,0.37,0.67,0.33,2.6,3.59,1.61,3.25,3.75,2.85,3.78,3.63,3.21,2.78,2.99,4.65,1.57,4.59,1.78,1617,1934,0,3,1.53,1
0.52,0.41,3.17,2.88,0.89,3.32,4.09,3.99,2.8,7.6,1.33,1.69,4.39,4.55,5,6,0,3,36,62,0.28,0.45,0.32,0.68,5.33,2.08,4.86,3.4,4.34,3.44,1.31,2.8,3.9,2.28,1.0,1.67,4.5,4.27,2.89,2081,1501,1,5,0.23,0
0.35,0.78,1.0,2.7,2.0,1.1,3.18,1.95,5.3,5.8,4.02,1.94,2.13,3.17,6,5,1,0,44,58,0.62,0.54,0.89,0.11,3.85,2.24,4.42,1.15,1.89,2.48,3.04,1.02,1.33,3.94,1.52,3.14,1.8,3.21,4.71,1810,1804,1,4,4.57,0
0.38,0.54,3.75,3.71,2.63,0.86,0.52,0.95,3.1,3.8,2.57,2.79,1.71,3.55,4,6,0,6,56,41,0.79,0.16,0.08,0.92,3.48,4.48,1.01,4.93,2.17,1.78,2.96,1.04,3.6,2.56,3.38,1.53,4.03,1.93,4.98,1604,1923,1,1,2.57,2
0.79,0.31,0.93,0.38,3.12,0.49,3.69,4.3,7.6,1.7,4.26,1.42,4.16,3.49,5,6,2,1,65,36,0.48,0.19,0.38,0.62,4.7,1.91,3.69,4.31,1.41,1.41,2.54,4.41,2.78,1.23,2.33,2.79,1.34,4.04,1.71,1489,1866,0,3,1.53,2
0.06,0.09,0.97,0.47,3.36,0.37,4.32,3.95,5.8,4.5,4.41,1.68,4.75,4.55,3,6,6,3,36,66,0.72,0.04,0.11,0.89,2.87,1.93,3.56,3.42,3.08,2.2,2.5,4.78,4.97,3.1,2.23,2.29,3.93,3.82,1.95,1971,2006,0,2,4.11,1
0.87,0.09,2.9,0.7,2.24,2.64,3.93,3.72,7.2,3.1,4.88,2.74,3.72,3.26,7,3,1,1,47,56,0.26,0.9,0.58,0.42,5.34,1.03,2.68,1.16,1.1,4.39,1.33,4.42,2.99,4.97,2.39,1.66,3.52,3.76,1.84,1817,1798,0,4,2.71,2
0.43,0.03,1.47,0.58,0.32,3.0,2.99,0.68,6.6,8.0,4.18,3.91,1.91,3.5,3,3,6,6,57,45,0.29,0.74,0.3,0.7,5.36,1.17,4.55,1.92,3.13,1.56,3.51,3.94,4.71,2.66,3.83,3.92,1.9,2.76,1.3,1752,1872,1,2,1.02,0
0.97,0.36,3.57,2.02,0.83,1.5,3.07,0.3,2.3,3.0,1.14,3.49,2.39,1.73,7,2,4,5,60,37,0.62,0.6,0.82,0.18,2.67,1.18,4.22,3.73,1.42,2.0,2.52,2.43,1.15,2.05,3.45,2.61,4.63,4.87,2.61,1641,1931,0,3,2.15,1
0.38,0.16,2.53,2.76,1.78,2.6,0.9,2.58,7.7,6.6,4.0,4.46,1.41,3.77,6,2,3,3,42,61,0.52,1.0,0.03,0.97,2.77,2.79,2.72,3.56,2.2,2.54,3.61,4.13,2.7,2.76,1.85,3.95,4.38,2.38,2.13,1736,1638,0,1,3.78,0
0.83,0.69,2.83,2.16,2.59,0.31,1.6,1.56,4.4,7.0,3.44,4.71,4.88,2.39,2,4,3,5,44,55,0.79,0.93,0.99,0.01,3.27,1.39,1.77,4.51,4.69,4.41,4.81,4.07,4.91,3.27,2.38,2.77,2.05,3.5,1.92,1650,1450,0,3,0.89,1
0.87,0.49,1.75,2.17,0.49,0.96,0.23,1.62,2.6,3.1,2.39,1.56,4.71,1.7,5,2,0,2,51,48,0.78,0.56,0.58,0.42,5.02,3.1,2.92,3.37,1.49,1.41,3.68,2.79,4.58,2.84,3.56,2.44,4.25,1.18,3.39,1400,1433,1,3,3.6,2
0.19,0.17,1.49,0.71,3.03,1.92,1.51,3.58,5.7,4.9,1.66,1.73,4.7,2.52,6,4,6,4,60,39,0.68,0.96,0.03,0.97,4.39,3.38,3.95,1.06,3.92,3.25,1.55,2.73,4.26,1.33,2.23,4.23,2.65,3.99,1.92,1714,2077,0,3,1.24,0
0.37,0.93,3.41,1.88,1.08,2.67,1.79,4.46,3.6,4.2,1.17,3.73,2.67,4.83,6,7,1,6,62,35,0.14,0.68,0.51,0.49,5.94,2.02,2.34,1.79,3.16,1.88,2.5,3.71,3.41,4.04,1.03,2.39,3.36,1.69,1.09,1522,1852,1,2,0.44,0
0.44,0.82,3.44,3.53,3.2,2.31,2.65,1.56,2.7,3.2,1.63,3.7,3.59,2.39,5,3,0,6,47,54,0.46,0.0,0.18,0.82,3.81,1.44,3.49,3.38,4.1,1.95,1.17,3.09,3.92,4.56,1.91,1.39,4.19,3.81,2.89,1452,1888,1,2,4.77,0
0.64,0.01,1.22,1.87,0.93,2.02,1.75,0.29,1.8,4.6,1.17,2.79,2.77,2.88,5,2,3,6,60,39,0.8,0.97,0.69,0.31,3.06,2.96,4.76,4.26,1.48,4.57,4.7,4.66,2.06,3.5,4.47,1.59,4.31,2.62,1.94,1930,1624,1,3,0.08,1
0.71,0.12,1.88,2.18,1.69,0.58,3.73,2.3,1.3,4.3,2.52,1.15,1.04,3.93,4,3,3,5,62,35,0.39,0.44,0.73,0.27,5.53,3.8,3.18,4.22,1.74,4.11,4.71,2.54,3.78,4.42,3.22,3.24,2.82,4.68,3.64,1612,1479,0,4,0.68,1
0.62,0.4,0.3,3.22,1.13,1.48,3.58,4.38,3.2,3.5,2.56,3.76,2.01,1.49,3,4,5,2,39,61,0.29,0.93,0.65,0.35,3.46,3.84,1.19,4.85,1.03,2.37,2.44,3.85,2.33,3.62,4.19,2.7,4.18,2.48,1.05,2060,1994,0,3,1.1,2
0.64,0.59,0.55,0.68,1.96,2.03,0.25,2.38,2.9,3.9,4.79,3.98,3.57,1.23,4,5,2,6,50,52,0.51,0.16,0.79,0.21,4.84,2.34,1.25,4.3,4.08,1.0,3.05,3.81,4.81,1.29,2.6,1.38,4.6,3.29,1.29,1892,2050,1,1,3.76,2
0.43,0.88,3.43,0.48,1.63,1.86,3.41,0.96,4.6,2.5,4.25,3.29,2.52,3.87,2,7,3,6,59,40,0.63,0.37,0.42,0.58,4.9,2.05,3.12,4.22,4.03,3.91,1.95,3.79,1.34,4.27,4.3,4.53,4.18,1.45,1.9,1593,1422,0,1,2.17,2
0.45,1.0,1.37,1.03,1.56,2.2,2.84,3.48,3.7,3.2,4.0,1.46,3.27,1.44,5,2,4,4,35,66,0.68,0.65,0.52,0.48,2.26,2.77,3.67,1.96,4.6,1.18,3.61,4.94,1.88,2.95,4.9,4.34,3.38,2.43,2.84,1438,1937,0,5,4.12,2
0.13,0.3,1.65,1.32,1.61,1.59,2.99,4.05,2.9,1.5,4.92,2.24,4.93,2.69,2,3,2,3,58,44,0.56,0.16,1.0,0.0,5.78,2.36,3.88,3.4,1.09,1.7,1.8,2.5,1.5,4.01,4.85,4.07,1.18,1.73,1.84,2043,1757,0,3,0.76,2
0.78,0.73,2.15,1.72,2.01,2.31,3.72,4.44,1.9,2.3,3.64,1.17,1.19,4.79,4,3,4,2,38,63,0.17,0.27,0.93,0.07,5.79,1.74,2.35,3.55,1.49,1.37,1.78,2.5,1.03,3.91,2.94,3.51,2.84,4.02,1.67,1469,1814,1,2,4.49,1
0.32,0.73,3.58,2.11,0.97,0.27,4.35,3.55,6.9,4.1,3.36,1.88,3.84,4.21,3,4,0,0,38,61,0.09,0.93,0.38,0.62,2.76,4.15,3.75,2.2,3.33,2.47,1.97,1.77,3.74,1.72,3.56,4.53,1.67,3.91,4.08,1537,2069,0,1,3.92,1
0.66,0.91,3.51,3.78,0.63,1.91,3.08,3.32,6.8,5.0,4.89,2.2,2.16,4.4,7,5,4,4,46,54,0.51,0.34,0.96,0.04,2.28,4.86,4.79,4.51,1.52,1.88,2.35,3.81,3.48,3.35,3.99,4.32,3.51,2.15,4.11,1498,1436,0,4,2.17,2
0.21,0.95,3.31,0.74,2.92,1.3,0.77,3.92,3.8,7.8,2.9,2.2,4.57,4.47,7,6,2,3,58,44,0.75,0.39,0.8,0.2,4.47,3.06,2.46,2.63,3.51,3.45,3.45,2.28,2.05,2.02,3.64,1.07,4.19,1.54,2.04,1605,2058,0,4,4.26,2
0.8,0.98,0.58,2.37,3.02,1.95,3.81,2.11,6.7,7.4,2.56,1.84,4.69,4.8,6,7,3,0,48,52,0.45,0.82,0.07,0.93,2.52,1.42,3.38,3.73,3.93,3.69,2.39,1.45,2.23,4.73,3.17,2.09,2.02,2.68,2.08,2043,1636,0,5,1.43,0
0.82,0.09,3.24,1.11,3.04,0.88,0.34,4.08,5.6,7.8,2.17,2.51,3.78,1.84,2,4,0,1,60,39,0.79,0.57,0.97,0.03,4.94,2.25,2.61,2.22,1.19,2.61,1.56,3.28,3.39,3.99,3.65,4.53,1.3,1.3,1.5,1566,1769,1,2,4.99,2
0.11,0.11,1.23,1.44,1.61,0.76,0.26,2.63,3.4,1.3,3.89,1.99,4.71,1.63,2,7,0,5,48,49,0.63,0.76,0.47,0.53,4.68,4.72,3.07,4.66,4.84,3.8,2.78,1.25,2.88,3.21,3.03,2.96,1.44,3.11,2.53,1552,1463,1,2,4.54,2
0.5,0.46,2.91,1.67,0.44,0.79,2.9,4.22,7.6,2.6,4.83,4.4,3.46,4.65,3,3,2,0,47,56,0.07,0.07,1.0,0.0,2.89,2.2,1.62,3.23,4.31,3.01,4.77,4.8,3.65,2.09,4.42,1.44,1.11,4.56,2.23,1774,1693,0,2,3.18,1
0.18,0.94,2.76,3.65,2.07,1.29,2.29,0.4,2.7,5.9,3.98,4.67,4.59,2.14,2,6,6,3,50,48,0.6,0.94,0.74,0.26,5.09,1.78,3.14,4.72,2.05,1.09,1.45,3.59,4.43,4.71,2.29,3.91,3.12,3.46,1.38,1986,1594,1,1,1.64,1
0.55,0.43,2.55,0.72,2.96,2.9,0.99,2.58,7.8,7.1,2.07,1.16,3.33,3.79,4,4,2,2,48,54,0.04,0.8,0.29,0.71,3.63,2.22,2.19,2.85,3.6,2.45,4.99,2.52,2.74,1.85,1.78,4.44,4.46,2.81,3.04,1853,2098,1,4,3.36,1
0.81,0.39,2.66,1.34,1.41,0.5,1.26,4.37,3.7,6.4,1.1,1.6,3.15,1.41,4,7,6,0,52,50,0.39,0.5,0.02,0.98,4.27,2.1,1.03,2.38,1.64,3.94,3.92,4.62,2.23,1.94,4.06,2.07,4.66,1.65,1.85,1497,1714,0,4,2.23,2
0.97,0.06,3.06,1.22,0.41,1.68,4.12,2.58,3.1,3.4,2.43,4.06,2.14,1.88,6,4,0,2,56,41,0.26,0.4,0.64,0.36,4.26,3.83,3.53,2.74,3.28,4.58,3.41,2.61,3.99,4.11,4.87,4.58,3.07,3.78,3.51,1991,1428,0,1,1.02,2
0.21,0.9,0.77,2.23,1.27,3.35,1.34,3.9,1.8,8.0,1.79,1.69,4.64,3.16,3,6,5,1,56,45,0.22,0.36,0.03,0.97,2.66,4.73,2.36,1.12,4.4,2.44,3.34,2.51,2.93,3.2,1.96,2.34,4.29,2.45,2.55,2021,1449,1,1,2.59,1
0.04,0.12,3.12,3.62,2.93,1.83,2.15,2.89,7.1,4.9,1.17,2.25,4.76,2.16,6,6,1,0,38,60,0.79,0.99,0.1,0.9,4.74,3.68,3.52,4.41,2.18,1.04,4.05,4.28,2.66,4.35,3.5,2.97,3.08,1.64,4.62,2010,1430,0,5,0.72,2
0.78,0.47,3.0,0.93,1.83,0.25,1.95,2.91,2.6,7.3,1.22,1.93,3.76,2.6,5,5,2,3,58,41,0.49,0.95,0.27,0.73,2.4,1.53,2.19,4.74,2.34,3.41,1.35,2.56,1.56,1.68,1.41,2.78,3.05,2.33,3.87,1880,2062,1,5,4.56,2
0.87,0.38,1.79,1.85,2.19,1.42,3.02,2.31,4.4,3.2,4.15,1.53,3.57,2.23,3,5,6,0,36,65,0.28,0.72,0.92,0.08,2.71,1.8,3.3,2.75,2.15,4.92,3.72,3.72,3.73,2.66,3.41,4.02,3.48,4.07,1.08,1438,1962,0,3,4.31,2
0.32,0.87,0.65,1.92,1.59,0.65,3.42,2.08,4.3,6.2,2.06,1.14,2.38,4.58,7,5,5,5,59,38,0.61,0.87,0.33,0.67,5.43,4.5,2.13,4.25,3.16,1.31,3.07,4.23,1.54,4.31,4.04,3.89,2.55,3.38,3.13,1963,1530,0,1,4.19,1
0.09,0.49,2.35,2.06,0.38,0.29,0.64,0.71,6.3,1.3,2.37,2.76,2.4,4.49,3,6,2,4,60,43,0.74,0.77,0.05,0.95,5.53,2.0,4.43,3.41,1.77,2.0,3.36,4.73,1.57,2.65,1.21,1.08,2.24,2.65,4.35,1936,1540,1,3,3.51,0
0.44,0.23,2.56,1.56,0.41,0.79,1.88,0.46,3.0,7.6,2.01,4.77,3.94,3.8,4,6,5,4,37,66,0.71,0.62,0.79,0.21,4.98,2.86,1.88,3.3,1.84,4.58,4.67,2.31,3.23,3.81,4.12,2.91,2.54,1.6,3.51,1820,1648,0,5,1.88,2
0.19,0.11,1.58,1.72,2.33,2.25,0.77,2.91,7.7,2.1,3.39,3.65,4.19,1.31,2,6,4,4,44,59,0.17,0.48,0.27,0.73,5.3,1.81,3.82,2.6,1.21,3.41,1.6,4.56,2.7,4.31,3.28,3.29,3.59,1.27,2.21,1792,1984,0,5,3.28,2
0.11,0.86,2.7,1.72,0.49,1.44,2.35,1.98,4.4,2.7,4.65,1.62,4.52,2.36,2,3,4,2,55,47,0.64,0.81,0.27,0.73,4.41,4.31,3.26,1.53,1.79,1.86,3.19,3.7,3.23,1.63,3.71,4.41,4.24,1.15,2.93,1536,2040,1,1,4.35,2
0.26,0.65,2.18,1.05,2.98,3.3,1.0,3.04,3.8,7.0,4.01,1.63,4.5,4.62,2,5,1,1,36,61,0.13,0.69,0.29,0.71,2.12,2.55,1.74,3.66,4.65,1.18,3.8,2.66,4.55,3.84,3.9,1.09,1.31,1.4,4.62,2038,1470,0,3,1.71,2
0.46,0.49,2.69,0.37,3.29,2.95,1.74,2.93,6.6,2.6,4.86,4.39,4.03,2.52,3,4,6,3,61,36,0.39,0.61,0.29,0.71,5.12,1.32,1.3,1.01,2.19,3.84,4.75,3.35,4.29,4.1,3.49,4.26,3.19,3.24,2.3,1671,1939,1,5,2.37,2
0.46,0.08,2.4,1.83,3.02,1.6,4.41,2.35,4.8,7.5,4.15,3.24,2.59,3.51,5,7,3,3,41,56,0.24,0.49,0.69,0.31,5.07,3.87,3.17,1.44,2.41,3.07,3.8,2.61,1.5,3.51,3.37,1.54,1.56,1.16,1.85,1655,1831,0,4,3.84,1
0.12,0.89,3.34,2.37,1.69,2.83,1.58,0.32,7.9,6.5,2.47,1.51,2.08,2.87,2,4,1,5,60,43,0.6,0.62,0.87,0.13,3.66,3.73,1.91,3.08,3.34,2.32,4.94,4.63,2.84,4.0,3.96,3.9,4.8,2.55,3.71,1768,1520,0,5,2.04,2
0.82,0.0,2.82,1.55,1.78,2.14,2.64,2.0,2.0,3.6,1.99,1.62,1.99,1.62,2,6,6,1,48,49,0.41,0.27,0.13,0.87,5.37,3.32,2.13,2.05,3.41,1.89,2.06,4.05,4.92,4.82,2.06,4.9,4.74,1.61,2.36,1652,1901,0,4,0.02,2
0.97,0.15,0.4,0.8,1.19,1.21,1.25,2.69,3.5,7.8,4.61,1.67,4.65,4.54,4,2,4,3,62,40,0.58,0.97,0.01,0.99,3.89,3.68,3.07,3.44,4.33,3.33,3.99,3.17,4.53,4.31,2.35,1.71,1.66,1.16,3.18,1834,1670,1,3,1.46,2
0.23,0.99,1.55,3.52,3.44,2.36,2.82,3.8,1.8,4.0,1.7,1.64,3.79,2.95,2,4,5,5,55,43,0.73,0.14,0.95,0.05,5.59,4.89,1.92,4.2,4.9,4.78,1.22,2.32,1.56,4.04,4.57,2.51,4.27,4.71,4.99,2075,1950,1,2,0.62,1
0.08,0.27,2.74,1.11,2.95,2.59,2.34,0.47,1.5,2.6,2.38,3.92,1.38,1.36,5,5,5,0,50,50,0.84,0.37,0.48,0.52,3.68,3.81,2.03,2.04,2.45,2.81,3.12,1.05,3.68,4.66,1.56,1.73,2.92,4.61,2.18,1953,1661,1,4,2.12,2
0.02,0.55,0.87,2.97,3.39,1.63,2.74,1.97,2.4,5.1,2.24,1.92,4.65,4.85,5,5,1,3,40,62,0.82,0.8,0.73,0.27,3.74,3.82,4.12,3.06,2.11,3.52,2.97,4.08,3.56,4.73,3.59,3.64,4.4,2.4,1.76,1502,1923,0,5,4.28,0
0.54,0.64,0.7,1.34,0.59,0.97,3.58,3.61,6.5,2.4,3.57,2.08,4.36,3.22,5,2,6,2,36,67,0.29,0.69,0.9,0.1,3.61,1.0,1.02,2.05,1.59,1.59,1.64,2.98,3.86,4.83,2.32,4.41,4.02,1.69,1.78,1882,1416,0,2,2.25,2
0.62,0.19,1.25,2.38,2.35,2.09,2.59,2.19,7.9,2.3,2.24,3.4,2.23,2.07,3,6,0,2,60,42,0.49,0.65,0.73,0.27,2.09,1.35,3.79,2.73,3.41,3.78,1.65,3.85,4.8,2.21,2.84,1.34,1.96,3.64,1.93,1414,1893,0,3,3.42,0
0.77,0.24,0.71,1.95,3.15,0.56,3.75,3.45,7.0,3.1,3.72,4.87,4.2,4.08,4,4,1,5,39,60,0.14,0.04,0.68,0.32,5.39,3.38,1.93,4.0,1.93,1.78,4.8,4.31,1.95,3.35,1.5,4.65,2.83,1.16,4.14,1460,1998,0,1,1.85,1
0.88,0.19,1.59,1.32,1.56,2.47,3.48,1.11,3.7,4.7,4.31,4.44,3.15,3.38,4,3,1,0,61,40,0.34,0.22,0.26,0.74,3.06,3.13,4.5,2.81,2.37,3.8,4.94,2.2,4.15,3.09,3.87,4.41,4.75,3.34,4.47,1681,1676,0,3,2.85,1
0.4,0.75,2.43,2.11,2.0,1.44,2.89,3.22,4.2,3.4,1.66,3.3,2.49,4.84,3,3,0,1,38,62,0.68,0.46,0.5,0.5,2.84,2.19,3.73,2.28,1.42,2.25,4.76,2.69,3.15,2.92,3.79,1.93,3.35,2.58,3.18,1988,1876,0,5,1.66,0
0.07,0.24,2.65,1.97,3.04,2.93,3.17,0.37,5.4,3.2,3.08,1.99,3.35,2.42,2,5,1,0,40,58,0.2,0.91,0.09,0.91,4.06,1.76,4.66,3.89,3.6,2.95,4.98,3.81,4.06,2.05,4.45,1.81,4.37,3.68,2.48,1646,2091,1,4,2.05,1
0.61,0.5,2.97,0.88,0.86,0.42,1.01,1.61,5.1,4.9,1.37,3.72,4.03,1.75,5,3,0,3,51,49,0.36,0.51,0.96,0.04,4.28,3.15,4.75,4.17,4.88,2.21,2.82,2.0,2.74,4.43,2.93,1.27,2.61,1.53,4.44,1598,1419,0,2,1.77,1
0.44,0.81,2.47,0.69,1.7,1.73,1.56,2.16,3.8,1.5,3.08,1.54,4.53,2.76,3,6,4,5,55,47,0.72,0.05,0.5,0.5,3.87,2.63,3.42,4.57,2.79,1.37,3.98,4.87,4.19,3.41,3.85,4.24,3.88,2.69,3.16,2099,1488,0,5,3.85,2
0.14,0.25,0.24,1.84,2.49,3.19,0.49,2.29,3.9,4.8,3.4,3.36,4.45,4.37,7,3,5,5,65,35,0.7,0.36,0.76,0.24,3.9,1.29,2.79,4.92,3.54,1.64,2.05,4.45,1.31,4.98,4.32,3.86,4.08,4.15,3.86,2039,2044,1,5,3.53,1
0.18,0.59,1.69,3.76,0.65,0.33,2.7,0.59,4.8,1.7,3.18,2.19,2.92,3.51,7,3,4,2,63,37,0.08,0.43,0.23,0.77,3.12,2.55,1.6,1.45,4.23,2.69,2.93,1.82,2.68,1.23,3.62,3.32,2.98,3.18,3.04,1785,1544,1,2,2.47,0
0.39,0.2,0.78,1.86,2.09,1.99,3.93,3.37,4.7,2.2,2.5,1.74,1.26,3.88,2,7,2,4,38,64,0.49,0.94,0.52,0.48,5.74,3.21,3.96,1.45,4.66,2.03,3.61,4.37,1.96,4.47,1.1,4.71,2.38,4.21,4.79,1572,1724,0,4,1.87,0
0.29,0.65,3.16,3.77,1.9,0.94,4.0,3.45,2.9,7.6,2.9,2.84,2.49,2.56,3,3,5,5,54,45,0.57,0.17,0.73,0.27,3.22,1.46,2.51,3.52,1.76,3.64,4.5,2.73,4.62,4.49,4.16,1.4,4.16,1.27,1.0,2014,1864,0,2,2.82,1
0.75,0.5,2.61,2.85,2.25,2.81,3.79,4.04,4.9,1.1,4.82,1.47,1.48,1.72,6,2,2,2,65,36,0.36,0.27,0.63,0.37,5.66,4.78,1.96,3.11,3.92,2.5,3.83,4.36,3.84,3.31,4.14,3.66,3.26,1.24,2.01,1760,2074,1,1,1.12,2
0.62,0.4,0.67,0.4,0.88,0.87,4.12,3.8,1.5,5.3,1.0,3.84,3.52,2.55,4,2,6,1,44,59,0.21,0.97,0.17,0.83,3.6,2.75,1.34,2.16,4.77,1.62,1.05,2.78,3.52,1.24,1.93,3.61,3.22,1.98,3.32,1453,2021,0,4,2.59,0
0.55,0.65,2.34,1.45,2.5,0.8,4.15,1.32,6.4,7.8,1.58,1.99,1.85,4.95,5,6,1,0,61,37,0.62,0.77,0.43,0.57,3.78,3.7,1.75,4.71,1.59,3.59,2.01,1.2,3.59,2.94,3.93,3.36,1.56,4.27,4.38,1608,1601,1,5,3.22,1
0.43,0.12,0.67,2.12,2.95,2.45,2.9,0.87,3.9,3.9,1.8,4.9,4.11,3.56,3,7,1,4,49,52,0.32,0.31,0.98,0.02,2.44,2.16,2.43,4.9,2.71,4.05,2.13,2.7,3.69,1.53,4.23,1.66,4.73,1.54,2.36,1849,1658,1,4,0.74,0
0.2,0.49,2.27,2.86,1.27,2.59,1.94,1.25,4.0,4.5,4.94,3.16,2.18,1.14,3,7,1,5,56,42,0.57,0.7,0.07,0.93,2.71,4.64,2.66,2.19,3.15,3.47,1.54,1.54,4.1,1.69,4.08,2.18,3.73,4.21,1.47,2087,1585,1,2,2.12,2
0.39,0.17,1.23,2.73,0.21,1.72,2.52,2.44,3.5,2.1,4.07,4.12,1.35,4.21,7,4,3,1,63,36,0.5,0.94,0.63,0.37,5.2,4.41,1.86,4.27,1.62,1.67,1.62,1.59,2.17,1.82,3.63,4.79,4.73,4.01,4.81,1432,1478,0,2,3.72,2
0.17,0.2,1.79,0.35,1.21,2.94,3.49,0.91,5.1,1.7,3.96,3.37,3.79,1.11,5,3,0,2,62,35,0.79,0.23,0.24,0.76,5.6,3.64,2.54,2.39,4.49,4.63,2.2,3.37,4.15,4.47,1.69,1.49,4.12,4.78,4.98,1702,1715,1,3,4.74,2
0.21,0.66,3.51,3.09,1.75,2.06,2.78,3.87,3.8,3.6,1.52,3.91,4.18,2.54,5,7,4,3,42,59,0.36,0.5,0.85,0.15,2.3,2.26,4.86,3.87,3.1,1.69,1.77,3.5,4.56,4.92,1.48,1.09,3.09,1.09,2.25,2003,2094,0,2,2.1,0
0.21,0.73,1.02,1.58,3.2,1.07,2.59,2.06,4.4,1.4,1.23,1.38,2.77,3.68,7,3,6,0,50,51,0.89,0.32,0.01,0.99,2.91,4.31,3.11,2.38,5.0,3.64,3.14,3.13,2.9,3.48,2.92,2.24,3.34,3.61,1.16,1417,1546,0,1,4.06,0
0.08,0.21,1.75,2.54,2.89,1.89,2.62,0.25,3.1,2.6,2.76,4.02,1.59,4.43,3,5,5,6,45,53,0.13,0.43,0.09,0.91,3.02,2.51,3.58,4.95,2.7,1.69,1.53,4.17,2.28,1.42,2.3,3.73,1.49,4.92,1.41,1900,1802,0,2,1.76,0
0.47,0.05,0.44,2.4,2.59,2.48,3.21,3.06,4.9,2.5,2.06,4.78,2.13,1.96,4,2,2,4,53,48,0.68,0.86,0.83,0.17,2.93,3.84,1.5,4.09,2.75,1.06,4.02,2.55,4.62,2.35,3.24,2.15,4.55,1.28,1.52,1925,1895,0,4,2.41,1
0.51,0.22,3.07,0.89,0.33,0.37,4.35,3.84,2.9,7.4,3.31,2.96,2.72,1.81,3,6,2,3,53,49,0.43,0.74,0.76,0.24,3.63,4.92,4.09,1.31,3.61,4.96,4.35,1.8,1.89,3.64,3.07,1.33,4.42,4.82,2.3,1917,1696,0,2,2.07,2
0.27,0.67,2.01,2.93,0.7,0.85,2.61,1.99,6.1,5.4,4.27,1.35,1.98,3.13,6,3,5,4,62,35,0.13,0.51,0.21,0.79,5.18,4.95,4.6,2.93,4.11,1.19,2.21,4.35,1.27,3.56,3.26,2.03,1.18,4.34,1.37,1444,1963,0,3,3.61,1
0.76,0.52,1.38,0.6,1.35,2.34,0.79,2.74,1.3,4.1,4.34,2.8,1.77,4.93,5,2,6,6,58,45,0.01,0.53,0.55,0.45,3.53,2.84,4.85,4.25,3.64,4.65,2.4,4.56,3.16,4.24,4.48,4.03,3.39,3.89,1.79,1999,2087,0,3,0.25,0
0.21,0.19,0.35,3.06,0.89,0.99,2.19,2.75,5.5,6.5,3.63,1.41,2.07,2.21,7,7,0,4,53,46,0.96,0.39,0.73,0.27,4.77,3.52,4.61,2.83,4.64,1.64,1.3,2.71,2.07,3.25,1.64,1.8,1.22,1.39,3.49,1412,1466,0,1,0.33,0
0.54,0.12,1.32,3.14,1.48,0.66,3.08,2.37,7.0,6.3,1.9,3.69,3.9,1.07,5,7,0,5,55,45,0.24,0.74,0.03,0.97,3.45,4.64,3.67,2.23,4.52,1.81,2.49,1.15,1.74,1.21,1.76,2.93,1.63,4.64,1.65,1934,1893,1,5,3.73,0
0.62,0.88,2.82,1.01,0.86,1.01,1.13,4.19,1.6,4.2,4.71,3.68,4.62,3.08,4,4,5,5,41,60,0.87,0.11,0.35,0.65,2.74,4.49,3.08,4.24,3.89,2.91,2.4,3.03,4.69,3.71,2.02,3.68,2.93,3.62,2.61,1836,1536,1,4,1.57,2
0.26,0.49,0.41,0.88,0.44,2.93,4.08,2.86,7.5,3.1,4.46,3.93,1.07,2.35,4,7,5,5,52,51,0.97,0.16,0.77,0.23,4.73,3.17,3.15,2.34,2.47,2.61,1.16,2.05,2.21,4.2,3.57,4.83,4.77,3.04,3.88,1404,1425,1,5,2.74,2
0.3,0.91,1.85,2.42,2.36,1.79,4.21,3.03,7.5,1.5,2.06,1.35,3.64,1.62,2,4,5,4,37,62,0.44,0.6,0.58,0.42,4.58,2.5,1.49,4.95,2.17,1.96,1.06,2.37,3.43,2.06,4.7,4.82,2.98,3.11,2.03,1522,1807,0,1,1.6,2
0.33,0.54,3.57,1.11,0.56,3.43,2.51,3.38,2.3,5.8,1.43,1.85,3.96,4.16,3,3,4,1,51,50,0.22,0.92,0.85,0.15,4.96,2.41,1.82,1.19,4.33,2.23,2.69,1.94,2.65,3.52,3.22,3.76,4.72,2.19,3.71,1935,1486,0,1,2.93,2
0.98,0.92,1.9,0.75,0.96,2.88,4.4,0.42,1.0,3.8,2.96,2.3,4.65,4.48,2,5,4,6,35,66,0.39,0.52,0.4,0.6,5.49,3.53,2.97,3.32,3.36,2.88,1.32,2.63,4.39,1.06,3.2,4.19,3.38,3.98,1.43,1979,1651,0,4,1.03,2
0.81,0.68,3.37,2.39,1.46,0.31,2.52,3.78,5.6,2.9,3.97,1.73,3.74,4.05,4,2,5,4,57,45,0.31,0.01,0.27,0.73,3.8,4.65,3.32,3.95,4.66,2.7,3.95,3.79,2.66,2.36,2.61,2.41,2.3,3.12,4.58,1571,2008,0,4,0.97,2
0.43,0.1,0.76,2.66,0.75,2.96,0.81,2.93,2.3,1.9,4.5,4.85,3.46,1.32,3,5,4,5,35,66,0.09,0.57,0.08,0.92,2.51,1.31,4.78,4.85,4.34,4.68,2.6,1.45,4.34,1.72,1.02,4.66,2.29,4.11,3.9,2085,1511,1,4,2.8,0
0.75,0.13,3.8,2.77,1.39,1.66,1.47,3.28,6.2,5.9,3.49,3.3,3.36,4.32,3,4,6,5,46,53,0.35,0.6,0.3,0.7,3.71,2.71,3.24,3.8,2.11,3.8,2.23,2.26,3.26,3.82,1.01,2.83,2.83,2.05,2.1,1874,1865,0,2,3.98,2
0.79,0.6,0.33,1.1,2.09,0.84,4.45,2.52,2.4,1.2,3.07,3.5,3.29,4.94,3,2,3,2,46,51,0.43,0.69,0.46,0.54,3.01,3.77,4.27,3.42,3.61,1.63,4.45,1.75,2.79,3.57,3.89,3.39,4.86,4.09,2.02,2076,1832,0,3,1.66,0
0.15,0.72,2.3,0.84,1.43,0.44,1.33,2.76,4.6,7.3,1.94,2.93,1.29,1.13,2,4,3,5,63,37,0.73,0.45,0.61,0.39,3.24,3.6,1.4,1.68,1.02,3.01,2.65,1.43,1.5,1.32,3.7,4.97,4.36,2.66,4.64,1537,1589,0,5,2.56,2
0.67,0.56,3.33,1.0,0.37,3.23,3.9,2.32,5.5,2.7,1.13,3.64,2.07,1.47,7,2,2,4,64,38,0.64,1.0,0.75,0.25,5.95,2.74,4.01,2.3,2.94,1.97,2.37,1.14,2.47,4.7,3.45,1.1,3.57,1.2,3.22,1748,1645,1,4,4.79,2
0.02,0.08,0.78,0.33,2.4,2.98,3.37,2.66,4.4,3.9,3.99,4.91,1.69,3.19,3,4,6,4,55,43,0.93,0.59,0.77,0.23,3.27,2.7,4.4,3.7,1.14,2.14,2.36,1.5,2.64,1.81,4.37,2.0,4.69,2.62,2.72,1454,1527,1,5,0.04,1
0.51,0.72,1.8,2.72,1.64,2.07,2.85,2.47,4.2,7.5,2.55,1.19,2.19,2.22,4,7,4,0,46,54,0.23,0.33,0.29,0.71,2.03,4.43,3.16,3.02,1.78,2.59,1.46,4.83,2.69,2.86,3.39,3.89,1.13,1.28,4.25,1852,1518,1,4,3.7,2
0.22,0.12,2.75,2.9,0.36,1.91,2.91,3.65,3.3,7.8,1.16,4.94,2.97,4.84,3,2,2,3,44,59,0.28,0.88,0.85,0.15,3.5,3.28,4.09,3.0,2.65,4.65,4.65,3.31,3.57,4.54,3.85,4.76,4.25,1.44,4.65,1606,1835,1,2,2.29,0
0.98,0.5,2.95,3.57,2.59,1.27,3.71,1.1,1.4,6.1,2.05,2.26,1.67,3.02,2,5,2,4,47,51,0.61,0.16,0.39,0.61,4.49,4.44,4.26,1.81,2.86,3.92,2.56,4.26,4.22,3.41,4.26,3.01,1.99,2.98,3.83,1890,1533,0,5,2.79,0
0.66,0.01,3.37,0.8,0.72,1.58,0.83,1.83,1.7,6.1,4.76,2.98,4.48,4.19,7,3,6,6,61,38,0.16,0.44,0.86,0.14,3.81,2.07,1.07,1.19,4.67,2.1,1.95,3.49,3.37,2.7,4.09,1.59,1.74,4.59,3.98,1559,1729,1,1,2.68,2
0.91,0.29,1.03,1.07,2.62,3.36,4.38,0.6,1.2,4.9,4.33,4.75,4.84,2.72,4,4,6,4,45,55,0.98,0.23,0.58,0.42,5.21,4.43,2.68,2.94,3.1,4.86,3.02,4.62,4.75,4.81,3.95,4.36,4.8,2.6,2.06,2053,2088,1,5,2.26,2
0.25,0.53,0.94,1.79,1.71,1.82,0.5,2.03,4.3,5.8,2.71,3.24,3.58,2.53,5,7,4,1,50,48,0.86,0.32,0.72,0.28,2.3,1.98,3.72,4.57,3.41,4.27,2.9,1.03,1.74,4.86,3.35,3.87,3.09,4.28,2.61,1760,1667,1,2,0.78,1
0.52,1.0,2.63,3.57,2.24,0.51,3.93,0.35,2.6,1.5,3.04,3.01,3.47,3.91,5,4,5,2,49,54,0.69,0.72,0.1,0.9,4.32,4.87,3.44,3.23,1.46,3.77,2.79,1.79,2.62,3.84,1.49,3.64,4.27,4.25,4.05,1748,1991,1,3,1.68,1
0.03,0.66,0.61,2.02,1.71,1.9,2.8,2.68,4.7,1.6,1.21,3.74,4.24,3.34,4,5,5,3,40,58,0.21,0.3,0.79,0.21,4.12,2.44,1.4,3.19,2.71,1.25,2.05,4.22,2.55,2.03,4.91,2.82,3.41,4.78,1.47,1840,2067,0,1,3.76,0
0.91,0.63,0.69,2.74,2.14,1.85,2.51,4.48,7.9,5.0,2.41,3.26,1.1,4.47,3,2,5,4,40,59,0.26,0.44,0.16,0.84,5.49,4.66,1.99,3.68,1.49,2.58,1.18,4.88,4.91,4.49,2.01,4.64,2.96,2.85,1.24,1497,1672,0,4,3.85,0
0.32,0.29,1.69,0.54,1.31,1.93,0.33,4.24,3.3,7.7,2.78,3.48,1.38,3.6,4,6,1,4,58,41,0.67,0.37,0.82,0.18,3.38,4.02,4.14,1.38,1.48,4.5,3.12,1.43,1.83,3.12,1.64,4.22,1.94,3.89,1.9,1436,1427,0,1,2.76,0
0.23,0.53,1.13,0.28,1.9,2.92,4.26,2.73,7.9,7.2,4.62,1.74,4.23,1.59,3,2,2,2,52,47,0.75,0.76,0.15,0.85,2.23,2.98,4.83,4.45,4.22,1.74,1.39,1.84,1.39,4.63,4.19,2.37,1.63,2.26,1.63,1830,1815,1,2,4.2,2
0.68,0.54,2.09,3.48,2.93,0.4,2.74,1.41,1.4,1.5,1.34,4.17,3.74,1.81,3,6,5,6,58,41,0.12,0.56,0.43,0.57,3.05,4.47,2.74,2.41,1.39,3.46,2.74,2.37,3.91,2.89,1.98,4.58,3.95,1.21,3.92,1920,1503,0,3,4.84,0
0.8,0.5,1.91,1.44,2.44,1.14,2.49,4.05,7.3,7.5,4.96,2.01,2.28,1.23,4,2,6,3,56,43,0.43,0.91,0.29,0.71,5.03,4.12,1.87,1.24,2.05,3.13,4.99,1.86,1.43,1.3,2.02,1.13,2.62,2.77,1.45,1627,1700,1,4,2.88,2
0.34,0.02,1.61,0.68,2.02,2.07,1.58,1.64,2.6,2.4,3.66,3.41,4.5,4.89,3,4,3,4,42,58,0.74,0.48,0.28,0.72,3.59,4.53,2.5,1.3,4.88,3.99,4.8,4.86,2.66,2.49,1.85,4.87,2.48,3.86,1.35,1828,2079,0,4,3.57,1
0.83,0.1,2.35,2.39,2.63,1.95,3.86,0.61,3.9,4.2,2.72,2.79,2.29,4.25,3,3,3,3,51,50,0.65,0.95,0.78,0.22,4.17,2.49,1.19,3.06,4.94,2.37,1.47,4.82,2.21,3.1,4.44,1.7,4.63,4.01,2.12,1835,1476,1,2,2.74,0
0.58,0.99,1.09,3.56,1.05,1.39,0.23,0.54,2.8,5.8,4.72,3.91,2.92,4.55,3,3,2,3,51,51,0.46,0.27,0.96,0.04,2.03,2.83,1.48,3.86,2.37,2.8,4.72,4.18,4.73,1.84,3.81,1.34,3.79,2.84,3.76,1542,1580,0,4,1.64,1
0.08,0.54,1.84,1.61,2.04,3.16,0.68,3.48,4.6,5.5,1.3,4.85,2.95,4.52,6,6,0,2,64,37,0.44,0.44,0.74,0.26,3.62,2.12,3.02,4.91,4.46,4.16,3.45,4.88,2.49,3.64,4.97,3.14,2.21,4.4,3.95,1876,1812,1,2,1.62,0
0.55,0.87,1.16,0.24,3.01,1.4,3.93,3.13,5.4,2.8,4.27,2.68,3.72,4.99,2,2,0,3,41,57,0.76,0.33,0.49,0.51,2.33,3.51,4.15,4.57,2.01,1.92,1.17,3.1,2.88,2.04,4.41,2.63,1.32,1.86,4.79,2005,1775,1,5,2.77,2
0.24,0.34,2.23,2.87,1.1,1.94,0.82,0.22,3.0,6.0,4.88,1.17,2.96,2.14,3,3,0,4,57,46,0.01,0.73,0.22,0.78,2.6,1.65,3.39,3.2,2.28,3.56,2.46,2.92,4.41,1.06,3.74,3.42,2.18,4.8,1.24,1875,2023,1,4,4.12,2
0.67,0.95,3.32,1.73,0.75,0.57,1.87,0.29,1.2,2.8,2.82,1.4,4.72,4.54,7,5,6,6,64,37,0.31,0.81,0.24,0.76,5.49,3.36,4.7,1.26,2.46,3.37,3.06,3.92,1.31,4.45,2.6,4.9,1.76,1.08,1.87,1404,2063,1,4,1.47,1
0.96,0.79,1.83,2.92,2.11,1.56,1.99,4.13,3.8,5.5,4.64,4.71,3.57,1.92,2,2,5,0,38,59,0.83,0.43,0.82,0.18,4.64,2.08,2.16,3.1,3.06,1.75,2.65,2.28,3.94,4.01,1.77,1.4,4.95,4.0,3.69,1717,1715,1,1,0.24,1
0.85,0.16,1.67,2.47,3.09,2.6,1.75,0.5,7.3,3.0,3.54,3.06,1.53,1.64,5,6,6,5,38,61,0.02,0.56,0.97,0.03,5.87,4.27,1.03,3.1,3.06,2.2,1.37,4.46,3.97,2.62,1.4,1.58,1.33,2.2,4.36,1932,1595,1,5,1.73,2
0.65,0.48,1.29,2.05,3.0,0.42,2.46,1.01,4.4,3.8,2.6,1.03,1.59,3.09,3,5,2,0,42,55,0.83,0.98,0.89,0.11,3.12,4.54,2.8,3.21,1.89,3.95,2.47,1.04,4.14,2.88,1.49,3.29,3.85,1.66,3.64,1584,1896,1,3,3.54,1
0.86,0.77,0.78,2.32,0.35,1.69,2.15,4.23,5.1,5.8,3.19,3.23,4.85,2.92,6,5,5,4,38,61,0.57,0.17,0.63,0.37,5.55,4.12,3.87,3.75,2.23,2.1,2.21,4.07,1.87,1.83,2.56,2.2,3.62,4.17,4.69,1766,1769,0,1,4.42,2
0.54,0.04,3.16,1.7,2.98,1.53,3.31,1.32,5.0,4.5,4.62,2.99,2.22,1.55,5,3,4,1,38,59,0.9,0.96,0.18,0.82,4.32,4.87,2.54,3.67,1.03,3.35,3.79,2.93,3.88,2.9,4.98,4.83,4.28,1.65,3.57,1838,1618,0,3,0.08,2
0.76,0.7,1.63,2.8,0.22,0.27,4.38,2.08,4.9,1.8,2.5,2.95,1.64,3.0,3,6,5,5,51,47,0.94,0.17,0.27,0.73,3.27,4.74,1.46,1.79,4.96,4.12,1.57,4.61,3.93,2.69,1.93,2.89,1.42,3.53,2.71,1919,1543,0,5,3.25,0
0.57,0.61,3.0,3.0,2.13,1.82,2.48,1.49,3.7,3.9,3.64,2.8,3.68,3.5,3,2,6,5,63,38,0.74,0.83,0.26,0.74,3.92,3.46,2.24,3.02,4.41,2.05,3.39,4.53,2.85,2.68,1.48,4.17,3.07,1.63,2.81,1566,1887,1,2,3.97,1
0.76,0.66,3.08,1.64,3.22,3.22,3.28,2.24,5.3,7.7,3.26,1.85,2.13,3.5,5,5,4,2,52,48,0.92,0.76,0.88,0.12,2.27,4.73,1.05,3.72,2.94,4.21,4.88,2.89,1.42,1.46,2.99,1.99,4.29,4.65,4.79,1987,1689,1,4,3.25,2
0.82,0.95,0.21,1.87,1.7,0.31,2.02,2.41,4.3,7.8,2.18,3.53,3.51,4.73,3,3,6,6,46,54,0.66,0.59,0.21,0.79,3.32,2.5,4.97,3.31,1.52,1.06,2.12,4.37,1.84,4.91,1.96,3.0,4.55,4.91,1.02,1491,2072,0,1,1.03,0
0.82,0.44,3.12,2.49,2.9,1.23,0.68,0.92,6.2,7.0,3.91,1.57,3.64,2.68,2,3,5,3,45,57,0.55,0.38,0.77,0.23,5.58,4.31,2.99,2.88,1.27,4.69,4.57,4.02,3.09,4.11,4.57,2.6,3.02,3.39,3.41,1771,1949,0,5,2.46,2
0.86,0.12,0.46,3.14,1.6,0.73,1.29,0.51,2.8,3.8,3.46,3.77,1.79,1.69,2,3,3,2,63,34,0.27,0.55,0.07,0.93,2.66,2.66,1.03,1.91,3.62,2.57,3.23,1.7,1.53,4.79,3.07,4.12,2.48,4.58,1.12,1889,1788,1,5,0.05,0
0.34,0.34,2.11,0.45,1.31,0.39,1.47,1.21,7.9,5.4,3.26,4.58,1.6,2.71,7,7,1,6,65,38,0.71,0.12,0.9,0.1,4.11,4.85,4.24,1.29,2.35,2.79,1.84,3.29,3.5,1.81,2.12,2.2,3.22,1.33,2.63,1670,1633,0,3,0.07,0
0.4,0.15,1.32,2.35,2.27,1.09,4.36,2.12,2.3,2.9,3.57,3.85,3.32,4.28,5,5,5,0,37,65,0.78,0.44,0.81,0.19,5.56,2.54,3.43,4.55,3.05,3.22,2.7,1.96,1.2,1.73,1.03,2.63,4.83,1.31,3.15,1748,1704,1,2,3.06,0
0.45,0.02,2.06,0.99,2.01,0.36,3.89,0.64,5.2,5.3,2.57,1.62,3.32,2.46,6,3,0,2,48,50,0.32,0.07,0.86,0.14,4.27,1.26,3.55,4.89,3.53,1.7,4.85,1.91,4.6,4.44,3.62,1.65,2.48,1.63,3.59,1951,1841,1,2,1.1,1
0.68,0.08,1.84,1.65,0.75,2.47,2.97,3.77,4.5,2.5,1.13,2.07,2.07,1.32,4,6,4,4,38,59,0.51,0.65,0.81,0.19,5.51,2.7,4.36,3.61,2.45,3.69,3.82,4.06,2.81,3.14,2.73,4.69,1.45,3.96,1.7,1801,1942,0,1,3.35,2
0.11,0.77,2.01,2.85,2.89,3.14,0.2,2.68,1.9,7.9,2.09,2.18,4.33,3.75,2,6,0,0,38,62,0.39,0.39,0.93,0.07,3.17,2.54,4.21,2.67,2.83,2.87,1.93,1.68,2.46,3.61,2.56,2.9,3.2,1.51,1.42,1907,1678,0,1,3.03,0
0.37,0.32,2.74,3.43,2.19,1.7,0.51,4.49,2.3,7.4,1.29,2.93,4.94,2.35,3,4,3,5,61,42,0.85,0.94,0.26,0.74,2.73,1.91,3.17,3.37,4.06,3.17,4.54,3.77,3.98,3.86,4.4,1.55,1.99,4.07,2.91,2100,1906,1,5,0.14,0
0.05,0.51,3.31,1.1,2.1,2.39,0.48,4.27,7.0,4.0,1.77,4.69,2.7,2.58,3,7,6,1,57,40,0.31,0.08,0.91,0.09,2.68,2.68,1.09,1.24,1.43,3.76,2.07,2.91,3.21,2.8,3.96,1.64,1.01,3.2,1.92,1459,1575,0,1,1.19,1
0.27,0.69,3.43,1.8,1.68,0.55,1.01,2.9,2.7,1.3,4.7,2.53,4.08,3.61,5,4,2,4,56,45,0.08,0.01,0.74,0.26,3.22,2.15,1.6,1.24,2.51,3.27,3.53,4.59,3.19,2.83,1.48,3.93,4.18,1.33,4.58,1458,1884,1,5,2.47,2
0.96,0.17,3.72,1.74,1.46,2.85,1.08,2.4,2.0,1.5,2.68,4.52,3.85,1.56,6,7,6,4,57,45,0.87,0.23,0.47,0.53,5.95,3.4,3.73,3.65,3.99,4.38,1.01,1.11,2.55,3.98,3.28,4.18,3.95,1.5,1.58,1667,1761,1,3,3.62,2
0.56,0.05,0.68,3.05,1.3,2.04,0.59,3.56,4.7,2.7,4.15,2.41,2.06,1.85,7,5,5,0,55,42,0.42,0.66,0.38,0.62,3.56,3.78,2.02,2.7,4.0,4.9,3.28,3.57,2.52,4.57,2.82,1.24,1.04,2.37,3.11,1801,1930,1,3,3.61,2
0.51,0.67,1.94,1.71,0.9,3.35,1.85,3.55,7.5,3.7,3.03,1.74,3.49,1.72,6,3,0,6,43,56,0.16,0.89,0.05,0.95,5.4,1.31,1.88,1.87,3.29,3.34,2.87,3.06,1.76,1.84,3.31,2.28,1.44,1.19,2.05,1893,1944,1,3,2.69,2
0.34,0.16,0.77,0.4,2.19,1.12,0.3,1.21,1.7,7.7,1.39,3.71,1.55,1.09,7,4,3,3,57,44,0.55,0.48,0.83,0.17,4.65,4.17,1.11,1.32,2.49,4.79,3.91,4.6,2.37,3.57,3.84,2.42,1.25,3.21,1.44,1633,1788,0,5,1.85,1
0.92,0.49,2.32,3.2,0.6,1.19,0.84,1.63,2.0,1.3,3.93,2.37,4.1,4.51,6,7,5,1,39,60,0.29,0.4,0.47,0.53,2.36,1.88,2.16,2.48,4.8,2.08,4.58,4.07,1.98,3.86,4.7,1.26,1.97,2.23,2.97,1826,1697,1,1,3.42,0
0.71,0.52,2.63,3.01,2.86,0.82,3.94,2.38,6.5,2.0,4.02,1.03,2.27,1.5,2,3,2,0,53,49,0.5,0.19,0.82,0.18,5.92,3.4,4.09,4.62,4.91,1.62,2.32,4.39,2.0,4.97,2.96,4.71,2.25,1.95,1.0,1717,1457,1,3,4.1,1
0.88,0.78,0.59,3.38,1.22,1.11,0.23,2.67,1.9,1.5,3.65,3.41,1.37,4.11,2,2,1,0,65,37,0.3,0.77,0.55,0.45,5.94,1.62,2.52,3.91,1.04,2.53,1.49,3.51,4.08,1.52,3.13,1.3,1.82,1.4,1.03,1531,1542,0,1,1.06,0
0.37,0.37,1.69,2.59,2.96,1.9,4.47,3.91,2.1,1.3,3.53,3.05,4.06,2.83,7,7,0,4,49,53,0.55,0.46,0.76,0.24,4.72,2.54,3.04,2.63,3.95,3.46,4.27,2.95,3.96,3.52,3.33,2.41,4.53,4.58,4.71,1638,1975,1,1,3.69,0
0.45,0.86,1.24,1.37,2.14,1.65,1.73,2.52,5.0,2.5,1.37,3.48,4.71,3.67,5,3,3,2,49,54,0.23,0.28,0.03,0.97,3.8,4.74,4.07,1.17,3.53,2.47,2.62,4.64,4.59,2.61,4.98,3.15,3.35,4.23,2.19,1550,1895,0,3,4.52,0
0.64,0.73,1.95,0.88,0.74,2.26,0.55,3.55,2.6,6.1,2.71,1.17,3.44,2.29,7,4,5,0,44,56,0.03,0.5,0.74,0.26,3.21,4.27,4.66,2.13,1.91,1.31,2.79,4.46,2.88,2.69,3.19,3.81,4.55,4.86,4.98,1800,1626,0,5,0.56,2
0.51,0.48,1.83,2.79,1.47,0.59,3.69,4.04,6.1,4.9,2.16,2.92,2.24,1.14,6,6,2,4,38,61,0.21,0.88,0.23,0.77,5.3,3.33,1.01,4.97,3.12,3.04,1.03,2.14,3.0,4.29,4.9,2.99,4.86,3.04,2.95,1553,1769,1,5,0.01,2
0.14,0.02,0.72,1.47,0.91,1.09,0.31,1.3,6.0,7.0,2.94,1.51,1.28,3.36,7,4,0,1,42,56,0.11,0.08,0.38,0.62,5.8,3.05,4.31,4.59,1.63,3.59,2.8,4.9,2.63,2.46,4.83,3.37,2.45,3.56,1.97,1719,1815,0,2,1.3,1
0.27,0.53,1.84,1.13,1.95,0.27,0.65,0.9,4.4,6.8,2.86,4.9,2.09,1.36,3,5,6,3,49,49,0.17,0.22,0.54,0.46,5.38,4.46,2.9,2.18,1.8,2.92,4.29,2.46,3.28,1.6,2.15,2.66,1.66,3.75,2.99,1560,1809,0,1,4.88,1
0.15,0.34,1.38,1.78,2.92,2.18,1.26,1.06,4.1,1.1,2.71,3.47,2.14,4.09,5,7,4,6,60,41,0.11,0.36,0.21,0.79,2.47,1.35,4.45,3.7,1.69,1.49,2.17,4.87,4.38,1.77,3.58,2.02,1.28,2.08,2.28,2038,1510,0,3,0.07,0
0.8,0.35,2.29,0.81,1.54,2.05,0.86,2.56,7.0,7.9,2.39,4.69,3.12,1.88,7,2,2,6,52,50,0.49,0.15,0.99,0.01,4.45,2.37,4.27,1.55,2.92,3.04,3.25,2.3,4.59,3.85,3.81,2.8,2.23,2.52,3.82,2058,1412,1,3,3.84,0
0.12,0.88,0.58,2.61,1.84,1.75,3.42,0.53,3.4,2.2,1.43,2.39,3.16,3.6,2,7,4,6,56,41,0.67,0.51,0.05,0.95,2.55,2.48,3.61,4.02,4.95,3.08,3.11,1.58,1.8,3.82,3.51,1.51,3.23,2.82,2.61,1410,1772,1,5,1.31,0
0.36,0.68,1.41,3.39,3.03,1.1,3.76,2.39,4.3,4.2,1.75,1.64,3.16,3.73,3,5,5,6,65,37,0.28,0.6,0.73,0.27,5.74,1.77,2.75,4.6,3.37,1.77,3.05,4.38,4.47,4.98,4.65,4.43,3.11,4.31,3.9,2066,1884,0,4,1.92,0
0.27,0.57,0.42,3.46,1.69,2.49,0.69,1.7,7.1,2.0,3.55,4.43,2.16,1.12,5,4,6,3,59,39,0.52,0.76,0.68,0.32,2.12,3.44,2.55,4.68,4.43,3.9,3.11,1.81,4.93,3.86,3.6,2.93,2.22,1.52,4.29,1469,1966,1,5,0.02,0
0.08,0.3,2.57,0.92,2.88,1.37,2.8,2.07,6.6,3.3,2.16,1.87,3.94,2.35,5,4,4,6,47,51,0.11,0.71,0.57,0.43,4.98,3.28,4.26,1.43,1.77,2.28,3.95,4.8,4.44,4.46,2.77,3.05,2.89,3.65,4.05,1545,1687,1,5,2.31,1
0.96,0.54,1.52,0.44,0.54,0.32,1.31,1.31,2.9,4.4,3.62,3.71,3.67,2.39,5,6,6,5,64,33,0.34,0.63,0.58,0.42,4.52,1.46,3.38,4.7,3.88,4.09,1.33,1.73,3.59,1.16,2.87,2.92,2.19,4.38,1.22,1465,2055,1,3,1.15,2
0.62,0.18,3.18,2.43,2.95,2.72,2.73,3.0,3.7,2.9,2.54,4.79,2.13,3.39,6,4,5,4,35,66,0.84,0.33,0.77,0.23,3.37,2.88,2.86,3.32,1.3,2.45,4.25,4.4,4.71,3.29,3.95,3.68,2.46,2.63,2.02,1569,1402,1,4,1.55,1
0.78,0.25,2.64,2.51,2.61,1.92,3.36,3.61,2.7,3.8,4.05,2.82,2.18,2.12,6,2,0,6,50,48,0.66,0.11,0.11,0.89,3.33,2.03,1.66,2.47,3.59,3.5,2.5,4.18,2.76,4.38,1.64,1.46,1.95,1.82,3.7,2014,1709,1,1,3.06,2
0.39,0.42,1.74,0.94,0.6,2.74,1.35,4.05,6.2,7.3,4.01,4.36,3.25,3.12,6,7,4,3,57,42,0.08,0.16,0.76,0.24,2.72,3.15,2.95,2.42,2.9,4.54,1.61,4.72,4.07,3.02,1.89,1.14,2.64,1.78,2.34,1827,1406,1,4,0.85,2
0.41,0.44,1.17,2.38,1.51,1.28,0.97,0.71,4.0,5.2,3.42,4.21,1.77,4.1,3,7,5,2,54,49,0.79,0.19,0.19,0.81,4.61,3.67,4.17,2.76,4.52,4.16,1.53,1.81,1.27,4.25,4.84,3.55,4.11,1.91,2.41,1782,1708,1,5,0.8,0
0.67,0.57,1.57,0.29,2.17,2.21,0.4,3.0,1.5,6.8,1.74,4.6,4.05,3.31,7,6,0,4,45,58,0.06,0.65,0.19,0.81,2.01,4.05,3.26,1.48,2.36,1.38,2.13,3.42,3.5,3.95,1.17,1.95,4.97,1.31,2.02,1680,1852,1,4,4.94,0
0.88,0.39,2.6,2.53,3.02,3.43,3.31,1.66,4.2,2.1,3.31,3.93,4.36,2.09,5,5,3,0,65,36,0.4,0.99,0.04,0.96,4.27,3.2,3.02,4.23,2.14,2.45,4.15,3.87,1.77,1.92,4.28,1.72,4.34,1.86,4.15,1644,1513,1,3,0.54,2
0.95,0.4,2.18,1.66,1.75,3.06,3.74,2.11,2.6,1.4,3.86,3.9,3.57,1.58,2,4,4,3,58,45,0.97,0.81,0.28,0.72,2.16,3.7,3.08,4.0,5.0,2.44,2.8,3.62,3.96,3.63,3.41,2.12,3.43,2.49,3.43,1898,1900,1,4,2.24,2
0.2,0.15,2.29,1.61,1.53,0.87,0.89,3.96,5.2,5.6,1.61,3.94,4.56,3.78,3,3,3,4,45,52,0.93,0.64,0.47,0.53,4.44,3.83,3.81,4.72,1.95,2.51,2.47,4.4,1.17,1.6,3.01,1.4,3.52,1.57,4.5,1805,1417,0,1,2.95,2
0.56,0.14,0.53,1.6,0.99,2.06,2.86,2.96,7.1,3.8,2.92,4.96,3.99,1.83,5,5,0,0,62,41,0.29,0.04,0.07,0.93,5.51,4.58,2.12,3.56,1.02,3.91,3.86,2.32,4.38,1.26,4.93,1.44,3.35,4.85,4.11,1788,1553,0,3,2.89,2
0.55,0.78,0.65,0.38,2.44,0.97,3.37,4.02,4.6,6.3,2.15,4.64,1.49,1.02,7,3,3,1,42,57,0.94,0.16,0.32,0.68,4.35,1.98,1.79,2.32,2.4,1.35,3.11,3.58,4.5,4.85,4.53,4.07,2.39,1.83,2.74,2028,1877,1,5,0.63,0
0.23,0.98,1.04,1.82,3.42,3.27,0.94,0.94,1.7,4.0,2.86,1.75,3.54,1.34,6,4,0,2,36,61,0.36,0.48,0.41,0.59,4.77,4.21,4.96,2.3,4.22,2.91,1.37,2.42,1.83,4.39,1.16,1.03,3.23,4.88,4.24,1583,1448,0,4,1.07,0
0.57,1.0,2.9,2.89,0.98,3.06,1.49,4.05,5.5,6.3,3.09,4.98,4.29,1.0,6,5,4,1,35,67,0.63,0.67,1.0,0.0,5.4,2.38,3.76,4.02,4.05,3.47,1.58,4.74,1.62,1.46,4.28,4.3,2.48,1.22,2.0,2060,1824,1,2,1.91,2
0.61,0.31,1.04,3.74,0.74,0.79,0.49,1.78,1.4,3.3,4.26,3.03,3.19,4.18,3,6,5,5,37,61,0.47,0.19,0.09,0.91,2.05,4.15,1.15,1.3,1.17,1.15,1.05,2.79,4.1,2.72,1.0,2.13,4.41,4.93,4.62,2015,1820,1,4,1.4,2
0.51,0.33,1.64,0.72,2.85,1.9,3.07,2.78,2.2,2.7,4.21,3.56,4.83,3.97,7,2,6,1,40,62,0.35,0.67,0.32,0.68,2.29,3.74,3.65,2.65,3.87,1.41,2.44,3.11,3.42,2.28,3.25,3.2,1.9,3.95,4.7,1854,2024,1,1,4.54,1
0.19,0.63,3.65,3.71,2.37,1.34,1.21,2.36,1.3,7.5,2.74,3.14,2.19,4.01,3,2,0,0,65,35,0.98,0.5,0.81,0.19,4.47,4.84,1.28,1.87,2.53,4.31,2.8,4.26,3.6,1.53,1.46,3.93,2.34,2.69,2.43,1597,1997,0,2,4.1,1
0.93,0.07,3.61,0.88,0.67,2.12,2.11,4.44,3.2,6.9,2.14,3.7,3.75,1.53,5,6,1,0,56,47,0.57,0.38,0.44,0.56,4.35,2.8,3.63,1.12,3.75,1.08,3.35,4.34,4.76,3.63,1.39,3.16,2.57,3.76,1.36,1628,1570,0,3,1.01,2
0.08,0.53,0.39,1.14,0.44,0.81,0.46,3.32,7.3,2.9,4.85,1.78,3.73,2.67,4,7,6,3,41,59,0.75,0.74,0.4,0.6,4.22,1.03,4.83,4.38,4.4,2.46,1.92,2.53,4.97,2.35,3.61,3.19,3.2,3.8,5.0,1966,1500,1,1,2.95,1
0.76,0.88,2.63,2.55,2.59,0.58,0.21,0.4,1.6,1.6,3.8,4.09,2.99,3.87,5,7,2,4,48,55,0.86,0.79,0.12,0.88,3.33,3.72,2.36,3.03,4.01,3.46,4.43,2.17,2.57,3.64,2.5,4.17,3.25,3.53,3.98,1602,1810,0,5,0.4,0
0.98,0.87,0.81,3.6,1.69,1.73,2.77,2.57,4.1,4.7,1.21,1.3,3.87,3.92,3,7,0,4,45,55,0.11,0.22,0.65,0.35,4.03,1.42,3.81,3.93,4.99,4.69,3.9,4.15,3.2,2.97,4.39,4.05,4.72,4.31,4.77,1428,1924,1,3,0.95,0
0.03,0.44,0.22,2.57,1.45,2.79,2.66,2.13,2.2,5.1,4.36,3.56,4.59,2.7,7,6,2,0,47,50,0.86,0.77,0.51,0.49,2.92,3.31,1.42,3.46,2.31,3.54,2.1,1.36,3.42,4.51,4.06,3.21,2.06,3.65,4.58,1808,1786,0,2,2.19,2
0.18,0.01,1.63,3.75,2.9,0.76,0.23,3.89,4.6,6.7,3.17,4.75,4.64,2.72,6,7,1,1,47,50,0.95,0.83,0.84,0.16,3.22,1.25,3.73,4.6,1.32,3.9,1.43,2.18,4.95,1.08,1.33,2.18,4.36,2.79,1.91,1828,1549,0,3,3.54,0
0.2,0.53,3.71,2.57,3.2,0.43,3.77,0.43,4.0,5.0,2.24,4.72,4.65,4.62,5,6,4,2,58,40,0.79,0.54,0.01,0.99,2.41,2.58,2.42,2.17,4.86,3.29,3.76,5.0,1.23,1.18,4.1,4.11,4.82,1.52,2.63,1866,1818,0,2,4.25,0
0.15,0.65,3.03,1.88,2.37,0.63,2.88,3.56,2.3,7.4,1.83,2.75,4.7,4.21,6,7,0,2,64,35,0.41,0.13,0.75,0.25,2.48,1.66,2.16,2.66,3.39,4.52,4.87,1.65,4.67,2.1,2.64,1.58,1.1,3.1,4.24,1833,1725,0,5,1.6,0
0.39,0.31,0.83,3.75,0.25,3.31,0.31,1.16,7.1,4.1,4.65,2.64,3.17,2.73,7,6,0,3,63,37,0.39,0.66,0.5,0.5,2.2,4.49,2.37,4.2,4.13,2.46,4.21,2.72,3.03,3.34,2.42,1.72,1.22,3.42,1.11,1493,1939,1,3,4.17,2
0.0,0.04,3.23,2.74,3.12,2.48,3.84,0.57,4.3,4.3,3.05,2.44,3.94,4.08,4,6,1,5,63,35,0.11,0.3,0.96,0.04,3.59,3.16,3.93,4.77,4.68,4.92,3.74,4.17,2.65,3.23,2.62,2.41,1.68,3.24,4.87,1791,1430,0,2,4.39,1
0.02,0.29,3.1,3.72,3.01,1.75,2.66,1.89,6.4,2.2,1.92,2.8,1.68,4.42,6,3,5,1,62,41,0.83,0.79,0.81,0.19,5.32,4.35,2.18,1.18,4.31,1.69,4.96,4.75,2.05,2.98,2.2,1.79,1.09,3.9,2.91,1423,1961,1,5,4.38,0
0.44,0.92,2.56,3.18,2.44,3.32,3.59,3.57,5.0,5.1,2.22,4.66,3.48,1.85,3,7,5,4,37,63,0.74,0.88,0.09,0.91,3.83,3.07,2.78,2.31,3.15,1.79,2.12,2.1,2.58,3.54,2.05,2.34,1.19,4.04,1.34,1935,1634,1,4,2.97,0
0.53,0.23,3.63,1.51,2.98,1.7,3.3,2.76,4.4,2.2,2.13,2.09,1.93,1.57,6,2,4,3,60,41,0.61,0.38,0.9,0.1,4.27,1.59,4.57,4.01,4.9,1.93,4.19,2.44,3.95,4.81,1.47,1.43,1.38,3.25,2.3,1874,2011,0,5,3.95,0
0.42,0.1,1.61,0.83,3.02,2.75,3.16,3.73,3.6,6.6,1.15,3.22,3.13,4.12,3,2,0,3,52,48,0.82,0.4,0.1,0.9,4.87,2.46,4.98,2.65,2.83,4.64,4.35,2.76,1.53,2.68,4.12,1.83,3.74,2.23,1.81,1414,1717,0,1,3.82,0
0.22,0.4,2.12,0.25,0.9,3.07,0.25,2.33,3.8,7.3,4.65,4.44,4.26,3.41,2,3,2,0,35,66,0.31,0.37,0.73,0.27,2.87,4.88,1.22,2.04,4.62,4.13,2.42,2.76,4.89,2.47,2.92,1.79,1.08,4.56,4.28,2062,1952,0,4,4.24,2
0.63,0.7,3.37,1.75,0.63,2.82,1.79,0.55,2.4,1.2,2.1,3.75,2.69,4.18,2,3,4,5,37,65,0.93,0.83,0.5,0.5,5.72,2.64,4.37,2.67,3.5,4.09,2.44,4.85,4.9,2.04,1.45,1.5,4.57,1.61,3.53,2089,1467,0,4,3.94,0
0.45,0.49,2.05,2.01,0.95,0.21,1.01,3.49,4.5,7.8,2.89,2.99,1.75,3.53,5,3,0,3,44,53,0.36,0.49,0.26,0.74,2.42,4.46,2.88,4.7,4.38,4.04,3.98,3.14,1.43,3.69,4.33,1.13,3.05,1.08,2.72,1830,1475,0,5,3.78,1
0.69,0.75,2.74,3.36,1.42,0.66,3.42,4.28,5.4,4.5,3.49,1.5,3.56,3.9,4,6,5,4,44,53,0.92,0.77,0.15,0.85,5.87,2.88,1.26,1.8,4.88,1.34,3.69,1.12,3.22,1.25,2.51,4.36,3.77,4.1,4.64,1460,1683,1,2,4.28,0
0.92,0.02,2.07,1.96,1.07,0.72,2.17,0.43,3.9,3.3,2.81,2.42,3.94,2.94,7,4,0,4,40,57,0.46,0.11,0.75,0.25,3.52,1.1,4.01,1.79,3.61,2.16,4.6,1.63,4.71,4.17,1.19,4.94,1.85,4.38,2.87,1417,1758,1,4,4.69,0
0.08,0.97,3.58,3.63,0.21,1.19,1.38,1.7,4.7,2.9,1.72,3.41,4.88,3.81,4,4,2,3,45,55,0.63,0.35,0.8,0.2,4.37,4.94,1.65,2.18,2.86,1.41,4.8,4.79,1.59,4.39,4.2,1.73,2.88,3.59,3.42,1664,1610,0,2,1.14,2
0.65,0.75,0.84,3.68,1.24,2.29,0.4,1.2,5.0,2.7,2.84,1.01,2.4,1.19,5,2,6,1,63,37,0.53,0.82,0.81,0.19,5.44,3.59,4.43,2.1,4.76,4.26,1.09,3.28,2.89,3.24,2.19,2.85,3.59,1.85,3.25,1721,1458,1,1,0.46,0
0.05,0.88,0.3,1.92,0.92,2.3,0.95,1.51,2.6,5.6,1.7,2.56,3.04,4.37,3,3,5,2,59,43,0.65,0.89,0.44,0.56,5.27,4.61,4.25,3.75,1.97,4.78,2.84,4.12,2.0,4.53,3.4,1.01,4.0,4.52,3.63,1744,1657,1,3,4.88,0
0.65,0.61,0.56,2.42,0.52,0.55,3.52,4.23,3.9,1.4,4.58,3.85,1.25,1.21,2,7,1,4,48,54,0.8,0.29,0.39,0.61,3.67,4.45,4.76,1.81,4.74,2.23,2.33,4.78,3.61,3.48,2.66,2.15,1.17,1.72,1.29,1919,1833,1,3,2.29,0
0.21,0.32,2.39,0.83,2.75,0.61,1.55,0.28,2.1,1.9,1.91,2.24,2.03,2.45,3,6,0,1,56,43,0.07,0.14,0.91,0.09,3.95,2.97,3.75,1.49,2.32,3.92,2.16,1.57,3.81,4.2,1.62,3.73,2.97,2.84,2.58,1629,1941,1,1,0.23,0
0.67,0.52,2.23,1.81,1.91,1.25,4.34,4.11,7.2,3.0,2.04,2.25,4.53,4.78,5,3,5,6,58,42,0.48,0.66,0.71,0.29,5.67,2.03,2.28,3.54,2.27,2.8,4.13,2.19,2.99,2.24,4.63,1.57,1.91,4.91,3.2,1477,1739,0,4,4.43,1
0.21,0.8,1.7,0.71,3.23,0.35,1.32,2.53,6.0,7.7,2.64,1.17,1.53,4.24,7,6,6,2,44,56,0.09,0.06,0.91,0.09,2.73,3.63,4.85,3.8,3.03,4.73,4.84,2.71,4.83,3.25,3.26,3.92,3.4,3.21,2.03,1662,1466,1,4,2.91,0
0.35,0.36,1.17,0.72,2.5,2.12,1.39,0.69,1.7,2.9,4.11,1.46,1.29,4.24,6,5,4,0,48,53,0.54,0.79,0.8,0.2,5.11,4.48,4.54,3.85,2.84,3.94,2.92,4.89,2.04,4.52,1.76,1.47,2.87,3.1,2.85,1657,1983,0,3,3.56,1
0.33,0.04,3.1,1.48,2.66,3.33,3.0,0.51,3.2,7.4,4.08,3.32,1.18,1.81,7,2,5,1,44,59,0.69,0.73,0.9,0.1,3.52,2.05,1.74,1.31,3.92,2.28,1.9,2.52,2.48,3.54,4.43,3.57,1.82,1.9,1.1,1987,2075,1,1,1.98,1
0.4,0.77,0.68,1.3,0.56,1.4,3.02,2.96,3.4,4.3,1.63,2.57,3.14,3.8,5,6,5,3,52,47,0.49,0.49,0.03,0.97,5.68,2.81,1.07,4.91,4.07,2.13,2.99,3.28,2.26,3.4,2.58,3.78,3.56,2.08,1.98,1944,1878,0,3,3.49,1
0.67,0.15,1.55,1.88,2.56,2.28,2.04,0.29,3.6,4.4,1.95,3.37,4.51,3.39,2,3,6,3,60,41,0.54,0.6,0.27,0.73,3.71,3.19,3.55,3.34,1.05,3.41,2.56,4.5,4.81,3.59,4.71,3.36,3.64,3.03,4.81,1686,1565,1,1,2.61,2
0.86,0.58,0.59,1.13,1.66,1.82,1.93,1.32,1.9,5.7,4.9,2.25,2.99,2.79,4,6,3,2,39,64,0.52,0.08,0.53,0.47,4.39,3.68,1.23,4.53,3.52,1.87,3.55,3.31,1.24,1.36,1.9,1.63,4.27,2.81,3.76,2100,1807,1,5,4.76,2
0.82,0.28,3.69,2.66,0.28,2.77,1.41,1.47,4.0,6.3,1.91,2.19,3.33,1.25,2,6,5,3,63,40,0.05,0.87,0.93,0.07,5.65,3.88,3.27,4.41,1.42,1.12,2.33,2.78,2.34,4.98,1.97,3.12,2.14,1.9,3.27,1763,1605,0,4,2.4,2
0.37,0.28,0.36,3.18,1.66,0.31,1.62,1.66,1.8,1.5,1.15,3.91,2.55,4.12,4,4,1,5,43,56,0.38,0.29,0.64,0.36,3.92,3.99,3.88,3.9,3.81,2.61,1.95,2.53,3.78,2.24,1.46,4.93,4.12,3.53,2.13,1707,1891,0,3,0.24,0
0.67,0.54,1.04,2.9,3.46,0.59,3.28,0.76,3.1,1.7,4.2,3.34,1.47,1.12,5,2,1,4,58,44,0.94,0.87,0.92,0.08,3.86,1.63,4.6,1.08,1.86,4.13,2.15,1.55,1.93,4.26,1.97,1.04,4.68,2.04,3.63,1552,1930,0,3,1.62,0
0.04,0.87,0.52,2.24,0.31,0.88,3.71,1.33,2.4,6.4,4.47,4.07,2.61,4.96,4,4,1,1,57,45,0.93,0.14,0.79,0.21,5.53,4.03,3.95,4.8,1.56,1.44,1.24,2.59,3.71,3.59,2.57,2.65,2.61,1.95,3.48,1661,2039,1,2,3.98,1
0.1,0.53,2.36,1.35,0.99,0.24,3.66,4.06,4.5,6.5,2.69,1.59,3.12,2.31,2,5,1,5,42,61,0.65,0.26,0.51,0.49,3.13,1.86,4.93,1.14,3.5,3.92,1.3,1.23,2.72,2.67,1.4,1.6,3.54,1.34,2.16,1439,1620,1,3,3.73,0
0.19,0.96,1.17,0.36,2.75,3.09,2.08,4.33,6.6,5.7,1.89,1.12,1.53,2.73,6,2,2,4,41,56,0.22,0.5,0.85,0.15,3.12,1.67,4.81,3.79,3.03,4.93,3.46,1.31,1.05,3.48,1.61,3.47,2.63,2.33,1.55,1517,1700,1,2,4.51,0
0.96,0.31,3.51,1.83,1.15,1.94,0.51,4.49,3.9,2.6,3.89,1.19,2.44,3.41,4,2,6,1,45,53,0.92,0.99,0.74,0.26,3.28,2.67,2.52,2.56,2.46,2.3,4.54,1.99,1.34,1.44,2.94,2.23,4.51,3.29,1.87,1688,1470,1,4,3.71,2
0.9,0.53,1.39,3.77,0.47,0.54,4.17,0.29,2.3,1.2,3.24,2.77,3.12,2.36,7,4,5,4,43,58,0.01,0.24,0.34,0.66,5.89,3.22,4.17,2.99,1.75,4.35,4.62,2.0,4.5,1.17,4.09,2.0,2.81,2.33,4.74,1440,2087,0,5,2.83,1
0.77,0.55,0.41,2.76,2.68,3.35,3.43,0.99,5.7,7.9,3.26,3.5,4.86,4.13,5,4,3,6,51,49,0.65,0.88,0.07,0.93,2.37,1.25,2.08,4.67,4.13,2.08,3.76,1.75,2.95,4.53,3.04,1.85,2.69,2.43,2.99,2049,1711,0,3,0.45,0
0.14,0.34,1.31,0.6,1.95,0.41,1.51,1.63,1.2,2.2,3.42,3.26,2.01,2.98,5,5,1,1,57,43,0.55,0.33,0.37,0.63,5.22,2.65,3.11,4.23,3.45,3.93,4.63,2.2,3.09,3.18,1.59,3.86,3.07,3.43,4.82,2059,1954,0,5,4.38,0
0.44,0.53,1.54,2.66,0.84,2.91,4.26,4.01,3.1,7.5,2.83,3.68,3.54,1.18,4,3,4,2,57,46,0.81,0.66,0.55,0.45,5.05,4.18,3.56,4.91,1.78,1.9,4.96,1.83,3.95,2.96,1.83,4.95,1.13,1.41,1.68,2057,1704,1,2,1.11,2
0.43,0.37,0.73,0.3,3.15,1.7,3.04,2.25,4.9,1.2,3.48,2.51,2.09,1.7,4,2,4,2,49,51,0.96,0.05,0.06,0.94,4.78,4.62,1.06,2.92,1.1,4.53,4.7,4.72,2.12,1.19,1.36,4.56,1.61,4.57,1.19,1907,2012,1,1,2.97,2
0.98,0.47,0.51,0.28,2.64,2.38,0.57,2.7,6.8,1.1,1.34,1.31,2.0,1.06,6,5,3,4,65,37,0.67,0.37,0.19,0.81,2.84,3.6,4.51,2.53,4.74,1.77,4.02,1.87,2.25,1.47,4.83,2.88,4.69,1.27,1.31,1570,1892,1,1,0.33,0
0.41,0.79,2.33,3.71,0.36,3.48,1.23,1.32,3.1,4.8,2.43,4.58,1.1,2.25,3,3,4,5,65,32,0.63,0.81,0.58,0.42,4.15,1.27,1.37,3.9,1.51,4.42,4.62,4.89,4.15,3.25,2.32,3.75,4.74,1.51,1.34,1945,1555,1,2,4.84,1
0.43,0.13,2.16,2.58,1.31,3.08,2.95,2.17,5.7,3.3,1.26,3.18,2.72,2.72,6,6,0,0,44,58,0.18,0.6,0.86,0.14,3.21,3.77,4.55,1.71,3.35,3.75,3.1,1.54,2.07,2.82,4.99,4.24,3.95,1.68,4.9,1567,1788,1,3,4.61,0
0.49,0.71,1.36,3.43,1.47,3.23,1.33,0.6,2.1,2.6,3.32,2.68,3.72,2.15,5,4,0,1,65,37,0.44,0.59,0.26,0.74,3.23,1.34,1.35,2.73,3.26,3.54,1.54,1.46,2.86,3.94,4.92,4.31,1.01,3.6,1.64,1526,1984,0,5,0.55,1
0.6,0.25,3.38,1.71,3.32,2.42,0.42,3.69,5.0,4.3,1.56,4.58,2.57,1.68,3,6,2,4,60,41,0.09,0.73,0.61,0.39,4.75,3.25,4.11,4.37,4.45,1.68,1.65,1.53,4.51,4.85,4.6,1.75,2.43,2.5,1.66,1592,1580,1,1,4.24,0
0.04,0.07,2.91,1.28,1.18,0.79,1.7,0.67,6.1,3.9,3.53,4.88,4.46,3.17,2,7,5,1,42,58,0.55,0.77,0.52,0.48,3.28,2.28,1.12,3.66,3.69,4.93,3.59,4.83,1.83,4.12,4.72,1.1,3.49,2.23,4.05,1589,1563,1,1,0.26,2
0.97,0.86,0.88,1.61,2.89,1.37,3.01,2.37,6.3,6.7,3.51,3.25,2.67,1.86,7,3,5,3,53,46,0.33,0.9,0.53,0.47,2.64,2.15,2.2,3.61,2.57,2.92,2.9,1.97,1.03,3.13,4.37,1.82,2.72,2.43,1.67,1795,2071,0,4,0.88,1
0.45,0.66,1.77,3.03,2.07,1.85,0.36,3.82,1.3,6.8,4.18,4.05,1.64,1.07,3,4,5,1,62,39,0.9,0.6,0.58,0.42,2.13,1.79,3.26,2.43,2.0,1.92,2.36,1.83,2.62,1.58,4.84,1.65,4.31,1.91,3.85,1584,1512,0,5,3.29,0
0.01,0.03,2.33,2.13,0.65,1.0,2.1,3.46,5.8,6.5,3.8,2.64,2.5,2.39,5,5,3,3,50,51,1.0,0.6,0.17,0.83,2.01,2.32,1.33,3.87,1.24,2.88,3.67,2.49,4.48,4.93,4.42,2.63,2.57,4.68,4.29,1938,1967,1,3,2.14,2
0.27,0.2,2.04,2.37,2.34,1.33,2.3,0.78,4.5,3.7,1.0,2.46,3.72,4.14,2,4,5,5,65,36,0.31,0.03,0.93,0.07,2.22,4.43,1.05,2.75,3.7,3.46,3.28,1.14,1.65,1.22,4.51,2.11,4.42,1.28,1.06,1530,1826,0,1,3.73,1
0.86,0.05,2.52,1.7,0.98,0.57,1.46,1.65,6.8,7.8,4.89,4.58,4.52,1.48,5,5,4,5,54,44,0.49,0.41,0.58,0.42,2.22,3.74,4.85,4.68,1.82,3.68,1.87,2.68,4.8,4.81,2.55,1.99,2.49,3.86,2.58,1653,1831,1,5,1.1,2
1.0,0.71,3.22,2.54,3.25,1.2,0.56,3.57,5.1,3.2,1.64,4.23,3.55,2.48,5,2,6,2,47,55,0.27,0.45,0.94,0.06,3.97,3.03,4.06,4.86,2.93,2.95,1.0,2.97,1.7,2.35,2.74,2.82,2.02,1.95,3.29,1623,2009,1,1,4.4,0
0.72,0.67,1.33,3.44,3.05,1.15,0.43,3.48,3.0,3.9,2.02,1.68,4.25,1.36,7,5,0,5,35,62,0.44,0.71,0.09,0.91,2.24,1.67,4.92,2.43,1.66,4.63,3.17,2.23,1.77,4.49,1.26,3.47,1.66,1.89,2.04,2077,2100,1,4,2.42,0
0.64,0.7,3.79,3.24,1.09,1.71,2.1,1.1,6.3,4.2,3.6,2.04,3.0,4.38,2,6,6,5,43,56,0.04,0.46,1.0,0.0,2.46,1.07,1.75,3.96,3.02,2.83,3.11,2.14,3.7,3.78,4.29,4.29,4.12,3.73,2.64,1670,1589,1,3,3.43,2
0.91,0.78,0.21,3.16,1.98,2.7,3.64,0.51,4.1,1.0,3.65,3.31,1.82,2.0,7,7,4,2,45,54,0.88,0.98,0.52,0.48,3.39,3.39,1.66,4.51,3.92,2.5,2.36,1.42,2.84,3.77,1.06,4.87,1.88,4.98,3.65,1896,1677,1,5,2.83,1
0.89,0.04,1.12,0.86,2.44,0.32,1.28,0.91,4.0,1.4,4.92,2.51,3.83,3.97,4,7,1,5,41,61,0.64,0.86,0.66,0.34,4.06,4.45,1.91,3.27,2.33,3.81,4.55,4.7,3.99,4.45,4.01,4.02,2.46,4.1,3.72,1762,2000,1,2,2.31,2
0.08,0.35,1.03,1.14,2.13,1.55,4.28,3.23,7.9,7.1,4.75,1.47,4.28,2.46,2,6,0,1,49,52,0.85,0.48,0.9,0.1,2.39,4.45,1.51,4.46,3.05,4.83,2.84,4.87,2.57,3.97,2.22,1.03,4.2,3.44,1.31,1802,1754,0,2,4.64,2
0.53,0.08,3.46,0.66,2.55,0.57,4.28,4.48,7.7,7.1,2.72,3.1,2.55,1.92,5,2,5,2,65,37,0.12,0.24,0.86,0.14,5.99,4.83,3.14,2.52,2.72,4.87,1.45,2.36,2.49,4.42,2.42,4.15,1.38,4.64,3.25,1695,2065,1,1,2.34,2
0.91,0.11,1.24,0.98,2.77,1.69,4.46,0.62,7.6,1.5,1.95,2.64,4.23,2.62,4,4,0,6,37,61,0.86,0.79,0.89,0.11,5.88,3.9,4.48,4.2,3.83,1.06,2.97,4.9,4.25,1.54,4.08,1.49,1.47,1.06,2.88,2083,2063,1,2,0.81,1
0.85,0.19,1.72,1.71,3.11,1.16,3.81,1.01,1.8,4.3,3.76,4.32,3.89,4.03,2,4,3,6,35,66,0.66,0.2,0.06,0.94,5.91,1.92,3.66,3.89,2.09,1.88,4.74,3.54,3.1,3.6,1.47,3.03,4.31,4.11,3.08,2019,2064,1,1,4.1,0
0.27,0.09,0.61,2.42,0.8,2.99,1.42,3.07,4.1,6.0,3.53,2.76,4.19,1.38,7,2,0,0,58,44,0.23,0.05,0.67,0.33,5.46,4.06,4.87,1.78,1.99,1.81,4.86,1.6,1.42,4.97,3.9,2.13,3.21,4.97,4.8,1889,1856,1,3,4.27,2
0.24,0.97,0.93,2.94,0.66,2.3,2.17,2.97,1.1,4.5,3.41,2.01,1.73,3.24,2,6,0,6,49,52,0.26,0.92,0.64,0.36,3.08,1.89,3.12,4.62,4.17,2.03,2.49,4.98,1.72,3.22,2.34,4.95,2.7,2.95,1.56,1604,1453,0,5,4.78,0
0.91,0.44,1.08,2.91,1.62,0.88,3.06,1.59,7.4,2.0,4.58,1.09,4.24,3.79,7,6,2,3,45,58,0.65,0.15,0.88,0.12,2.19,1.51,4.84,1.13,3.72,3.19,1.03,4.16,3.94,2.95,2.23,1.09,4.99,2.52,2.66,1754,2090,0,5,2.72,0
0.54,0.15,1.75,2.78,2.49,0.7,4.0,2.48,5.5,7.8,3.52,4.03,4.54,3.46,2,5,0,2,41,56,0.64,0.37,0.59,0.41,3.16,4.75,3.2,2.38,2.82,2.07,3.07,2.92,4.97,4.45,1.18,1.9,4.31,2.21,3.26,1881,1895,1,3,4.39,1
0.11,0.58,2.25,1.63,2.7,3.23,2.32,4.06,2.4,5.6,1.69,3.13,1.34,2.11,5,2,1,2,64,34,0.48,0.36,0.71,0.29,2.28,3.17,1.71,4.91,2.52,3.38,1.84,3.43,3.81,1.94,3.54,1.49,4.04,3.54,2.25,1984,1785,1,4,0.39,2
0.6,0.27,2.22,1.1,2.1,2.89,3.31,2.33,5.3,1.5,4.37,1.06,2.25,4.53,7,6,4,4,43,58,0.56,0.1,0.49,0.51,4.89,4.56,4.23,3.97,1.58,1.8,2.45,3.49,2.63,4.67,2.62,1.59,3.41,3.26,4.59,1922,1680,1,1,1.37,2
0.77,0.4,1.71,3.63,1.1,2.58,2.3,1.77,7.9,4.0,2.83,4.99,2.54,3.85,4,5,5,0,48,50,0.38,0.07,0.96,0.04,3.07,2.08,1.41,2.99,1.92,3.32,3.4,2.16,4.31,1.0,1.85,4.84,3.37,1.98,4.6,1733,1728,1,1,2.52,0
1.0,0.23,2.21,2.07,3.09,1.95,1.3,4.1,1.5,2.2,4.57,3.85,4.26,2.91,3,3,3,6,48,54,0.53,0.06,0.1,0.9,5.76,4.04,2.99,1.4,1.75,1.88,1.04,4.97,2.2,4.52,3.49,3.29,1.96,4.43,4.07,1454,1447,0,2,4.76,2
0.87,0.71,1.07,1.09,2.34,3.41,1.36,2.25,2.7,4.5,2.87,4.05,1.49,2.12,5,6,3,3,35,65,0.88,0.16,0.73,0.27,4.23,4.42,1.3,3.49,2.51,4.72,3.49,4.67,1.59,2.07,2.48,4.57,3.38,1.71,2.35,1773,1831,1,2,3.35,2
0.59,0.83,3.41,3.46,0.99,2.77,1.65,2.91,5.0,6.9,2.68,3.02,4.98,1.15,3,5,1,0,48,50,0.14,0.96,0.26,0.74,5.85,3.98,1.02,2.29,3.59,1.97,2.74,4.29,1.17,3.2,2.28,4.11,3.24,1.95,3.02,1924,1643,0,5,3.1,2
0.14,0.84,1.93,3.62,2.32,0.36,1.21,0.86,5.3,4.3,2.59,2.7,2.74,4.14,6,6,5,5,48,50,0.25,0.26,0.76,0.24,4.83,4.52,4.4,2.45,4.69,2.44,3.31,4.23,3.6,4.68,4.93,3.27,2.99,3.49,2.71,1636,1824,1,5,2.66,0
0.97,0.64,3.35,1.48,0.57,3.13,3.7,0.32,5.3,2.7,3.2,2.0,3.42,3.86,5,6,2,4,55,44,0.33,0.86,0.29,0.71,4.63,1.72,4.37,2.52,1.01,3.35,4.08,3.51,1.96,4.36,2.13,2.36,3.57,1.08,1.55,1441,1760,0,1,2.83,2
0.89,0.39,0.92,3.72,1.4,1.66,3.39,1.26,3.2,7.4,2.87,1.65,2.21,1.52,3,2,1,4,51,47,0.16,0.87,0.13,0.87,5.96,3.32,1.76,3.76,3.63,4.42,1.98,1.35,2.69,3.6,2.91,4.57,4.72,3.5,2.43,1926,1879,1,1,4.83,1
0.08,0.74,2.16,1.94,3.44,1.21,1.42,2.33,1.8,2.5,2.8,4.79,2.19,3.35,6,6,3,3,64,39,0.48,0.51,0.73,0.27,5.13,1.3,4.54,1.66,4.92,1.33,1.56,4.95,1.24,3.24,1.24,2.02,3.13,2.29,3.13,1680,1847,0,1,2.84,0
0.88,0.71,2.89,1.56,1.65,2.39,2.57,3.3,1.0,4.6,3.17,2.43,3.72,1.92,6,7,5,0,43,58,0.24,0.38,0.18,0.82,2.52,3.92,2.91,4.1,1.89,1.14,2.6,3.39,4.87,2.34,4.16,3.56,4.71,3.44,4.68,1919,1727,0,4,3.55,2
0.77,0.88,3.0,0.24,0.33,1.41,4.49,3.27,8.0,7.1,4.59,2.08,2.79,4.21,7,2,5,0,42,60,0.69,0.03,0.78,0.22,3.05,1.47,2.1,4.66,2.92,1.02,1.84,3.53,1.86,2.1,2.38,3.35,3.46,2.89,4.02,1925,1449,0,3,0.27,2
0.94,0.49,3.2,0.83,1.75,0.24,0.53,2.75,4.5,2.0,3.92,1.19,2.67,4.07,3,4,3,5,52,50,0.35,0.75,0.7,0.3,3.27,1.03,3.02,3.81,4.26,1.83,1.54,1.35,2.34,2.56,4.32,3.91,3.03,1.16,2.39,1465,1404,0,4,2.63,1
0.42,0.66,2.76,1.74,0.33,1.1,3.15,1.81,7.6,2.6,2.19,1.4,1.37,1.69,6,5,2,5,63,35,0.9,0.08,0.19,0.81,5.04,2.56,4.38,3.87,3.42,2.35,3.52,2.56,2.88,4.79,2.89,1.98,1.16,2.86,4.04,1643,1926,0,2,4.76,2
0.16,0.71,0.69,0.89,2.94,1.0,4.22,4.48,7.4,5.3,1.55,3.73,2.26,2.92,7,6,6,0,59,42,0.51,0.8,0.31,0.69,4.33,3.11,2.43,2.15,3.13,2.37,1.63,2.62,1.35,2.18,2.14,2.05,3.36,1.7,4.02,1471,2044,0,2,0.14,0
0.43,0.22,0.2,0.32,0.57,2.72,1.28,0.72,4.7,2.5,1.71,4.83,3.46,1.65,3,7,5,1,60,37,0.89,0.22,0.27,0.73,4.56,4.3,2.81,1.15,2.28,2.43,1.08,3.89,2.99,3.11,2.07,2.54,4.53,2.2,3.78,2005,2049,0,4,3.31,2
0.98,0.7,3.18,0.33,3.34,3.48,0.42,2.79,6.7,2.0,2.13,1.68,4.83,1.41,3,4,3,3,40,62,0.35,0.53,0.69,0.31,3.72,2.34,1.28,1.98,1.15,4.92,1.68,3.92,1.39,2.56,1.24,3.63,5.0,2.53,2.26,1695,1479,1,1,4.34,2
0.09,0.47,1.27,2.11,3.28,1.49,0.81,2.84,5.9,2.7,4.86,1.46,3.15,2.34,6,3,1,4,39,60,0.99,0.7,0.74,0.26,3.1,3.23,4.81,3.5,1.18,3.63,3.05,2.8,4.98,4.02,2.82,2.97,3.94,2.02,3.87,1525,1861,1,1,1.38,2
0.84,0.1,0.35,1.41,2.85,2.25,2.81,3.12,5.2,1.6,4.9,3.56,1.89,3.6,6,3,2,3,62,35,0.64,0.39,0.18,0.82,4.2,3.71,2.31,1.97,4.23,2.76,4.24,2.3,2.19,3.42,2.11,4.16,2.71,1.36,3.69,1730,1992,1,4,1.79,0
0.87,0.76,0.69,1.71,0.89,0.54,2.06,2.78,4.0,5.2,2.34,2.87,1.52,4.6,7,7,0,3,42,61,0.47,0.43,0.46,0.54,3.75,2.89,4.58,2.66,1.03,3.25,1.56,2.43,3.57,2.63,1.68,1.83,1.12,4.01,2.64,1536,2023,0,1,3.04,0
0.8,0.39,3.02,2.15,2.36,2.51,2.36,4.02,7.9,6.2,4.05,4.02,2.72,2.74,4,5,1,4,47,56,0.04,0.54,0.12,0.88,2.03,4.73,1.08,2.13,4.45,4.09,4.78,1.64,1.02,3.95,3.94,1.52,1.64,3.21,4.21,1658,1790,1,2,3.49,2
0.78,0.91,0.2,0.4,2.6,1.6,4.31,1.49,6.7,5.8,3.78,2.25,1.58,4.05,7,2,6,2,40,60,0.96,0.32,0.37,0.63,3.61,2.9,1.7,3.74,3.57,4.97,2.35,4.49,3.49,4.3,4.75,4.27,1.44,1.99,2.81,1878,1954,0,4,3.61,1
0.76,0.71,1.37,2.99,1.55,0.87,3.36,0.92,1.7,6.2,4.35,4.88,2.21,3.59,3,4,3,1,41,56,0.74,0.17,0.47,0.53,5.43,2.19,2.91,3.43,3.94,1.43,4.29,4.36,3.22,3.79,1.05,1.27,1.92,4.34,3.63,1709,2095,1,1,1.18,0
0.68,0.53,2.07,1.04,1.95,1.09,2.64,1.66,6.1,2.9,3.89,2.46,4.8,3.3,7,5,1,4,55,47,0.92,0.69,0.49,0.51,5.5,4.72,4.22,4.38,2.63,3.27,4.67,4.04,2.65,3.55,4.61,4.05,2.72,2.22,4.42,1639,1621,0,4,4.68,2
0.35,0.47,3.25,1.09,3.06,0.73,2.18,4.36,2.7,2.4,3.94,2.06,3.55,2.23,4,3,6,0,46,51,0.75,0.18,0.16,0.84,4.43,1.4,3.43,2.94,2.54,3.42,3.8,2.78,4.86,4.1,2.88,4.89,3.41,2.82,2.15,1992,1625,1,3,1.65,2
0.54,0.38,2.46,0.68,2.51,2.39,0.77,4.32,3.4,4.2,4.15,1.71,1.13,2.48,2,5,3,5,43,58,0.26,0.53,0.76,0.24,5.04,1.67,3.77,2.06,3.18,3.61,1.32,4.41,2.32,1.23,2.46,4.92,3.96,3.01,1.96,1538,1963,1,1,3.1,1
0.51,0.98,2.84,0.62,3.09,0.83,2.39,2.57,4.5,1.4,1.43,4.6,1.2,1.89,6,4,1,5,48,53,1.0,0.77,0.32,0.68,4.24,4.24,2.17,1.22,1.94,4.97,2.78,4.75,2.59,3.81,3.3,3.15,3.69,3.69,1.29,1558,1414,1,1,2.08,0
0.19,0.2,2.69,2.38,1.57,1.1,2.91,0.24,7.0,4.1,3.28,1.74,1.13,1.78,5,4,3,1,46,57,0.72,0.61,0.96,0.04,4.07,2.6,2.35,3.01,2.17,4.45,3.77,1.78,4.15,3.36,1.65,3.2,1.21,2.7,1.4,1553,1772,1,2,4.58,2
0.88,0.01,2.23,0.95,0.56,3.37,1.83,3.15,1.0,1.9,3.08,3.25,4.62,1.89,7,5,0,0,43,58,0.46,0.73,0.32,0.68,5.25,1.1,1.62,4.76,3.38,1.32,1.91,4.8,4.49,2.15,3.12,4.18,3.43,4.07,2.0,1626,1778,1,3,1.45,2
0.87,0.79,1.75,0.44,1.86,3.32,2.25,3.97,4.5,3.0,4.47,3.87,1.7,2.59,2,3,0,0,45,54,0.48,0.11,0.96,0.04,4.11,2.89,1.6,4.54,1.11,3.83,1.8,1.79,2.5,3.68,3.67,1.4,3.67,1.07,2.5,1965,1439,0,4,1.43,2
0.54,0.96,3.03,3.45,2.07,0.32,3.63,3.1,5.8,3.9,2.19,3.63,3.79,4.36,4,2,0,1,42,57,0.53,0.75,0.87,0.13,3.42,2.79,1.07,1.87,4.09,2.05,2.35,2.4,3.93,2.61,4.12,1.39,4.51,1.38,4.72,1834,1630,0,1,3.75,0
0.53,0.55,2.63,2.43,2.91,0.7,0.7,2.17,6.6,3.8,1.73,1.36,3.58,2.32,4,3,4,3,47,53,0.67,0.06,0.84,0.16,4.55,1.47,3.54,4.97,2.69,3.33,2.97,3.58,1.34,2.95,3.62,2.77,1.25,2.03,1.62,1422,1462,0,1,1.87,1
0.95,0.7,0.94,3.16,2.91,2.11,2.87,1.68,1.2,2.3,3.75,1.58,3.76,1.95,4,5,1,1,43,60,0.09,0.67,0.91,0.09,4.56,4.69,2.09,1.99,3.6,4.14,2.97,2.9,3.51,1.69,2.53,4.86,3.38,1.29,3.06,1879,1453,0,3,0.37,2
0.8,0.66,3.35,3.28,0.61,2.6,0.81,4.12,4.8,6.8,2.03,1.5,2.43,1.69,4,4,6,1,46,51,0.06,0.39,0.38,0.62,2.29,2.7,4.65,4.57,1.45,1.71,2.26,1.39,4.0,4.95,2.04,1.98,1.53,4.84,4.9,1532,1899,1,2,2.35,2
0.11,0.01,2.71,0.28,1.87,2.32,1.81,2.95,4.3,1.7,1.24,4.54,2.11,2.33,6,6,1,5,43,56,0.16,0.38,0.78,0.22,3.88,3.08,3.33,1.66,1.39,4.04,4.71,3.6,2.51,1.77,2.09,2.95,3.03,3.16,2.94,1706,1772,1,1,0.75,1
0.88,0.48,0.65,1.43,2.53,0.97,1.96,0.59,4.5,3.6,2.85,2.76,1.32,3.24,6,3,0,3,42,59,0.0,0.83,0.85,0.15,4.83,2.19,3.85,4.95,4.34,1.78,1.54,3.58,2.24,2.26,4.9,2.1,1.22,2.63,2.44,1878,1745,0,5,2.29,0
0.92,0.89,2.4,0.96,0.98,0.95,4.13,2.64,3.6,5.5,2.89,1.84,3.93,2.7,3,6,4,1,60,41,0.32,0.64,0.67,0.33,4.07,2.55,1.09,4.87,3.14,2.46,2.2,5.0,3.86,2.55,4.5,1.39,4.35,1.75,4.59,1610,1787,0,1,4.41,2
0.57,1.0,1.27,2.86,0.62,0.79,2.73,0.85,8.0,5.3,3.77,1.65,1.56,4.73,5,2,4,1,49,50,0.69,0.84,0.0,1.0,4.12,3.11,4.42,2.41,3.7,4.85,1.1,4.24,4.02,4.06,2.66,4.08,3.61,4.82,4.8,1637,1685,0,2,4.53,0
0.58,0.91,3.13,1.81,3.15,1.43,1.71,3.46,5.7,4.2,3.25,2.27,3.76,4.19,6,7,2,6,40,58,0.73,0.04,0.13,0.87,2.31,1.53,3.93,1.71,3.87,4.56,3.04,1.11,4.61,3.17,3.8,1.29,4.18,2.18,3.12,1956,1592,1,1,3.36,0
0.03,0.5,0.34,2.6,2.74,2.43,4.21,2.13,5.9,4.8,3.6,4.69,4.81,2.09,3,6,6,1,38,60,0.88,0.16,0.36,0.64,2.21,4.45,2.52,3.89,3.75,1.17,1.57,2.92,3.78,3.0,2.89,1.11,4.01,2.03,3.64,1437,1989,1,1,4.28,2
0.25,0.38,2.53,0.91,0.55,2.02,2.14,0.9,1.8,5.2,3.45,2.14,3.58,4.14,5,7,4,1,50,49,0.76,0.86,0.32,0.68,4.84,3.37,1.39,1.96,4.03,1.91,2.78,3.54,1.18,1.21,4.32,3.17,3.37,4.17,4.75,1991,1784,0,4,3.68,2
0.88,0.07,0.27,2.55,0.35,3.09,1.97,1.03,6.9,6.8,2.23,1.78,2.16,4.79,2,6,5,0,64,39,0.64,0.66,0.28,0.72,3.91,4.97,2.17,3.12,4.63,4.68,1.25,2.76,1.59,3.44,3.61,2.41,3.96,2.89,3.96,2011,1658,1,4,2.82,1
0.35,0.8,3.13,1.71,0.76,2.27,4.22,2.76,2.4,1.8,2.79,1.46,1.86,4.62,2,7,4,4,48,49,0.13,0.95,0.69,0.31,4.53,2.04,4.01,4.8,4.24,3.6,2.5,2.35,3.69,2.65,1.28,3.44,1.48,2.69,3.75,1754,1529,1,4,4.1,0
0.57,0.43,0.68,3.45,2.17,0.27,2.07,2.44,5.9,5.0,1.6,3.95,4.63,2.34,6,5,5,4,43,57,0.64,0.05,0.24,0.76,5.29,3.07,2.12,2.68,1.3,4.13,3.24,3.41,3.79,4.91,1.84,4.3,4.79,3.24,1.55,1780,1730,1,2,0.64,0
0.68,0.15,2.9,1.6,2.87,1.08,4.27,2.4,2.0,5.9,1.73,1.84,4.15,4.38,2,7,6,0,60,39,0.48,0.18,0.44,0.56,3.45,4.62,4.81,1.71,2.67,2.98,4.31,4.12,2.76,1.36,4.56,4.3,4.61,2.57,4.72,1882,1490,0,1,2.48,0
0.22,0.03,2.55,1.68,1.83,2.98,2.78,2.96,6.7,2.4,1.62,3.27,3.87,3.86,4,4,2,0,53,46,0.04,0.47,0.77,0.23,4.48,2.5,1.31,3.94,3.77,4.6,2.05,2.91,3.16,4.6,2.51,1.24,3.31,2.64,4.84,1830,2033,0,5,2.35,2
0.96,0.08,0.25,1.32,1.81,2.86,4.14,2.74,5.8,2.8,3.89,2.26,2.52,1.73,7,2,0,3,50,49,0.86,0.22,0.42,0.58,2.63,1.37,4.03,4.7,3.82,4.88,1.59,2.13,1.09,1.54,1.48,1.98,2.55,4.74,4.92,1990,1657,1,4,2.45,2
0.83,0.94,2.17,3.73,3.36,2.25,3.62,1.55,1.5,5.8,3.72,2.43,1.19,1.11,5,7,6,1,44,54,0.65,0.88,0.46,0.54,4.44,2.64,2.74,3.33,3.62,3.94,1.35,4.06,3.96,4.86,3.18,2.88,2.02,2.07,4.02,1661,1737,0,5,3.64,0
0.55,0.31,1.19,1.13,2.91,1.57,2.21,3.89,4.4,4.6,2.47,2.23,2.78,1.66,6,5,4,5,58,45,0.25,0.81,0.96,0.04,2.99,1.54,3.22,2.38,2.16,3.27,4.77,3.67,2.33,4.01,4.52,3.34,2.21,4.88,1.98,1580,1961,0,3,4.48,0
0.5,0.72,2.41,3.52,2.07,3.21,1.14,0.37,5.0,3.1,2.96,4.72,4.01,1.83,3,2,4,2,39,62,0.36,0.94,0.94,0.06,2.1,4.39,4.21,1.49,1.17,1.07,1.46,3.67,2.18,1.03,1.08,4.82,2.35,3.8,4.53,1691,2071,0,2,1.9,1
0.14,0.36,3.61,0.84,2.34,3.49,0.56,0.58,4.9,3.5,1.41,4.38,2.62,4.12,2,5,6,3,49,49,0.05,0.94,0.34,0.66,2.38,3.46,2.26,1.78,2.32,3.89,3.96,3.11,3.53,4.36,4.77,4.27,2.37,2.9,3.77,1721,1861,0,3,4.4,1
0.43,0.29,0.69,0.3,0.41,1.5,1.31,1.92,6.8,6.5,1.8,1.15,2.14,1.17,6,7,3,4,43,58,0.1,1.0,0.53,0.47,5.37,2.79,1.63,4.52,4.73,1.6,1.18,4.84,4.4,1.48,4.55,4.0,3.24,1.54,2.61,1649,1999,0,2,1.45,2
0.31,0.89,1.45,2.56,3.36,0.27,3.15,2.06,5.3,6.5,2.44,2.42,3.74,2.84,2,7,3,0,47,53,0.22,0.68,0.18,0.82,3.04,1.52,4.72,2.38,1.79,4.76,2.17,4.31,2.61,2.77,2.59,4.91,1.49,3.16,2.77,1688,1424,1,2,0.2,0
0.51,0.48,3.7,3.47,2.02,1.28,2.51,3.76,1.8,1.1,3.88,1.55,1.21,4.06,2,6,3,6,48,52,0.25,0.41,0.35,0.65,2.78,3.11,3.83,3.8,3.28,4.56,4.19,2.49,2.71,3.23,4.51,2.23,4.62,1.66,4.93,1736,1474,0,1,2.16,0
0.57,0.94,1.54,0.73,2.66,0.82,4.15,0.36,7.2,7.8,1.56,4.17,4.72,4.45,3,4,6,5,39,59,0.98,0.51,0.35,0.65,2.71,3.55,1.49,3.87,4.19,1.71,3.88,1.16,4.3,3.92,4.45,1.5,3.57,3.12,2.59,1830,1587,1,5,3.33,0
0.61,0.7,2.62,2.84,1.24,3.24,1.07,1.51,5.4,1.3,2.36,1.47,4.98,1.61,2,2,2,5,42,55,0.7,0.74,0.52,0.48,5.7,2.4,2.72,3.45,3.49,4.37,1.65,2.51,2.06,3.61,2.85,2.23,1.68,3.61,2.32,1890,1609,1,1,2.8,2
0.47,0.06,1.33,2.31,1.74,0.99,1.78,2.45,1.6,4.9,4.41,1.21,1.27,1.0,2,3,5,3,43,60,0.48,0.58,0.73,0.27,2.77,4.04,4.17,3.61,2.88,4.0,1.58,3.0,1.88,4.38,3.22,3.4,3.26,4.93,1.67,1630,1541,1,1,0.28,2
0.46,0.27,3.16,2.94,2.54,2.04,3.44,0.31,1.8,6.3,1.55,1.72,1.45,4.82,2,2,0,0,55,46,0.67,0.23,0.18,0.82,4.51,1.9,4.27,2.07,2.03,3.79,3.01,1.84,2.74,4.91,5.0,3.94,2.73,4.52,3.79,1514,1829,1,2,0.45,0
0.83,0.68,2.63,2.91,3.15,0.25,1.77,3.5,5.5,6.8,3.15,4.38,2.62,2.03,6,4,4,2,37,61,0.6,0.61,0.18,0.82,3.73,1.39,4.66,3.52,3.08,2.61,3.01,4.64,4.84,2.39,1.21,2.95,3.62,1.32,1.83,1545,1536,0,1,0.1,0
0.52,0.27,0.32,0.76,2.46,1.02,3.4,1.58,4.9,1.3,4.47,1.27,2.63,4.79,3,7,3,4,45,55,0.96,0.92,0.51,0.49,5.84,4.69,4.49,3.8,4.81,4.46,2.45,1.21,3.33,2.49,4.16,1.13,4.94,4.39,1.05,1433,2046,1,4,4.45,0
0.65,0.33,2.89,2.91,1.65,1.01,1.83,4.01,2.1,4.5,2.95,1.58,1.01,3.2,2,5,5,5,42,57,0.43,0.63,0.52,0.48,4.56,3.22,3.54,2.94,3.66,4.0,4.25,1.87,1.48,2.93,2.69,3.33,3.71,2.46,1.05,1900,1615,0,3,2.49,0
0.43,0.37,1.88,3.74,2.72,1.95,4.08,3.59,3.2,1.4,3.12,4.4,3.72,4.36,7,2,4,0,55,42,0.63,0.25,0.7,0.3,4.98,3.86,2.23,2.2,2.66,2.04,3.89,4.96,3.22,4.21,1.51,1.23,4.82,3.34,3.72,1996,1824,1,5,2.69,0
0.16,0.23,1.28,2.8,2.07,1.82,2.8,0.24,6.4,4.7,4.41,2.03,3.99,3.69,6,5,4,2,49,51,0.05,0.58,0.91,0.09,2.02,1.21,4.64,2.49,1.3,4.86,3.17,4.76,3.9,2.57,1.44,4.56,3.48,4.86,4.62,1770,1809,1,4,0.79,0
0.26,0.54,1.2,3.7,2.79,2.28,1.78,1.38,4.6,2.5,3.43,1.84,1.39,3.62,4,5,6,0,60,37,0.5,0.72,0.73,0.27,5.79,2.34,4.86,4.72,3.18,2.12,3.4,1.57,1.66,2.77,1.64,3.92,4.17,4.93,3.96,1902,1532,1,2,4.36,0
0.06,0.2,0.45,3.32,2.24,2.18,0.91,4.11,1.1,1.7,4.74,1.13,1.87,3.86,6,6,1,6,35,67,0.08,0.98,0.94,0.06,3.09,4.07,2.79,2.53,4.52,4.5,1.52,2.69,1.63,4.45,4.84,2.42,1.54,1.28,2.48,1551,1425,1,2,4.46,0
0.2,0.02,0.41,0.64,0.62,1.07,0.27,3.02,5.2,5.0,2.39,3.42,2.05,3.82,7,7,4,2,37,65,0.67,0.11,0.08,0.92,3.06,4.51,3.64,2.26,1.89,2.92,1.4,4.39,4.51,2.01,2.04,2.14,1.18,1.54,1.88,1968,1560,1,3,4.27,1
0.56,0.54,2.91,3.6,2.09,2.49,0.52,4.29,2.3,7.1,4.63,1.57,3.97,3.16,7,4,6,3,64,35,0.62,0.58,0.67,0.33,5.03,3.87,4.2,2.71,3.38,2.78,1.81,3.87,4.88,2.5,1.68,3.03,2.82,1.19,4.36,1415,1852,1,5,3.48,2
0.19,0.3,0.57,0.95,0.38,0.78,1.05,4.47,5.4,2.8,4.74,1.62,2.84,2.91,6,7,5,5,55,45,0.34,0.84,0.65,0.35,4.41,3.64,3.95,2.22,3.22,1.65,3.47,3.75,1.85,1.94,3.83,2.46,4.16,1.28,2.95,1830,2043,1,1,0.06,2
0.54,0.91,1.2,0.85,0.21,3.37,2.31,3.39,3.5,6.7,4.01,3.46,4.83,3.28,5,4,6,2,38,60,0.5,0.78,0.35,0.65,4.5,1.0,3.08,2.12,2.02,4.66,4.22,2.6,2.32,3.48,3.13,2.09,2.2,4.75,4.28,1824,1678,0,2,0.83,2
0.77,0.41,2.37,3.67,2.69,1.11,1.4,4.03,6.3,6.8,2.79,4.51,2.21,3.68,7,3,6,3,53,48,0.47,0.26,0.5,0.5,4.63,4.21,1.81,4.35,3.59,4.65,2.56,2.21,3.44,4.67,1.8,1.71,2.22,2.07,4.5,1890,1984,1,1,0.28,0
0.53,0.2,0.72,1.77,1.24,2.15,1.23,4.29,5.8,7.7,4.5,3.64,2.2,4.8,7,4,5,5,48,49,0.9,0.62,0.85,0.15,5.02,4.1,2.36,3.2,4.76,3.36,3.62,4.75,3.91,1.22,4.1,3.59,3.45,4.71,2.95,1795,1485,1,5,4.62,0
0.74,0.27,0.45,0.74,1.96,2.42,3.14,2.74,7.4,2.3,2.07,3.17,2.56,2.9,6,5,3,0,53,50,0.48,0.43,0.54,0.46,2.94,3.39,3.67,4.29,1.6,3.11,1.44,2.11,2.38,2.51,4.73,2.18,1.92,4.96,1.23,1475,2029,1,5,0.13,2
0.85,0.12,2.89,1.0,2.07,1.67,3.58,3.16,3.8,3.2,2.4,3.18,2.09,4.13,2,4,2,4,56,43,0.37,0.49,0.16,0.84,5.31,2.97,3.3,4.91,2.81,3.81,4.14,2.21,3.08,4.72,1.7,1.54,1.88,4.76,2.98,1695,1522,0,1,2.2,2
0.27,0.33,1.4,1.51,0.46,0.53,4.09,1.42,7.7,4.8,2.66,2.48,3.35,3.53,4,2,6,2,35,65,0.44,0.9,0.53,0.47,5.04,2.2,4.64,2.18,4.16,1.36,4.04,3.92,2.33,3.14,3.9,1.11,4.32,1.3,3.72,1577,2012,0,3,0.29,0
0.25,0.45,0.87,1.15,2.8,1.54,1.24,3.31,3.6,5.4,2.59,2.96,4.39,3.18,3,6,5,1,59,38,0.44,1.0,0.48,0.52,4.84,4.98,1.48,3.23,3.84,1.82,2.56,1.46,4.33,1.15,2.15,3.03,1.51,4.23,3.68,1808,2014,0,4,1.82,2
0.78,0.41,2.66,0.7,1.73,0.42,1.42,3.4,5.7,5.1,4.43,1.71,3.15,4.26,4,5,6,3,53,49,0.85,0.46,0.35,0.65,2.83,1.47,1.92,3.41,1.11,4.52,3.22,3.8,4.78,2.31,2.65,2.13,3.85,1.92,1.77,1593,1788,1,3,3.64,2
0.33,0.55,2.38,1.34,2.17,1.53,1.16,0.82,1.4,7.8,4.18,2.35,4.69,3.99,2,5,2,3,62,38,0.94,0.54,0.13,0.87,4.0,4.41,2.2,3.72,2.67,3.76,3.61,1.48,4.98,3.86,2.13,4.84,4.46,1.91,1.84,1892,1940,0,2,3.76,2
0.15,0.3,3.26,0.79,2.35,0.96,0.81,0.74,1.3,2.7,2.08,1.28,1.47,4.1,2,4,1,6,54,43,0.98,0.78,0.8,0.2,3.06,1.9,4.08,1.02,4.37,3.06,2.44,4.67,1.03,4.43,1.39,2.81,1.27,4.33,4.84,1840,1757,1,4,4.7,0
0.68,0.03,1.87,2.56,2.2,2.93,2.73,2.74,2.6,7.6,3.41,1.31,4.45,1.01,6,5,0,0,56,45,0.34,0.05,0.99,0.01,3.32,2.58,3.31,4.83,4.49,3.56,4.72,2.92,2.87,3.53,2.96,4.64,1.11,3.6,2.14,1842,1859,0,2,4.82,2
0.9,0.79,0.33,2.29,0.32,0.72,4.12,1.06,2.5,5.9,1.72,4.81,3.84,1.95,6,4,6,3,54,43,0.07,0.68,0.22,0.78,4.48,4.56,2.14,1.79,2.47,3.29,1.58,4.78,2.56,1.28,2.78,4.58,4.21,1.07,2.6,2052,1896,1,3,0.8,0
0.86,0.57,0.8,3.38,3.07,0.83,3.56,1.75,2.2,7.4,1.0,2.64,4.78,1.05,4,7,2,0,35,63,0.87,0.73,0.29,0.71,2.56,3.95,4.8,3.09,3.01,4.83,3.16,1.43,1.45,3.14,1.88,1.76,2.28,4.95,1.71,1699,2047,1,4,3.52,0
0.47,0.87,2.31,2.09,0.8,0.49,3.64,3.65,4.0,3.1,3.81,4.94,1.4,1.99,2,5,5,5,50,48,0.53,0.51,0.83,0.17,4.67,2.51,3.37,1.53,2.92,1.92,3.86,3.75,2.93,3.81,4.6,1.54,3.68,3.64,1.86,1748,1962,1,1,3.94,0
0.83,0.76,3.49,0.66,1.96,2.05,2.39,4.48,1.2,2.4,3.92,4.81,4.94,2.89,6,3,6,2,35,67,0.53,0.83,0.08,0.92,5.48,4.98,1.77,2.45,2.43,3.28,4.82,2.47,1.98,3.58,2.88,4.11,2.68,3.29,1.12,1471,2068,0,5,4.87,2
0.24,0.26,3.76,3.77,3.07,3.28,3.73,1.7,3.0,2.2,1.1,1.75,1.15,2.9,5,2,6,4,65,33,0.14,0.77,0.65,0.35,4.29,1.86,2.77,3.16,2.69,3.81,4.16,4.44,3.91,4.31,4.7,1.59,3.26,3.76,4.77,1475,1870,1,5,0.85,0
0.51,0.82,2.4,1.18,1.03,2.01,3.51,0.64,2.8,2.0,1.92,2.71,3.26,2.11,7,3,6,4,39,61,0.19,0.82,0.25,0.75,4.92,4.77,2.43,4.54,2.95,2.56,4.36,3.21,4.46,1.66,4.14,4.19,3.83,2.33,1.57,2008,1673,0,5,3.28,2
0.16,0.88,0.23,0.34,3.39,3.31,3.87,2.33,2.4,3.0,2.8,2.06,3.95,4.81,5,5,0,0,58,45,0.73,0.23,0.34,0.66,4.33,1.66,2.28,2.8,4.61,3.2,4.57,4.75,1.77,1.7,3.41,1.59,3.38,4.4,4.88,1858,1823,0,3,2.3,0
0.88,0.91,1.66,2.53,3.36,2.22,0.76,1.3,6.8,6.6,4.92,4.54,2.72,2.95,7,7,1,4,62,37,0.93,0.16,0.25,0.75,5.94,4.44,3.7,1.13,4.45,1.84,4.27,3.2,2.81,3.26,3.98,1.43,2.15,2.91,2.14,1436,2001,0,3,4.65,0
0.18,0.64,1.05,3.34,3.17,3.27,3.89,1.52,6.9,5.0,3.11,1.2,3.98,4.17,4,4,6,0,55,48,0.35,0.51,0.87,0.13,4.66,1.86,4.47,2.32,1.1,1.15,2.39,2.5,2.47,2.19,2.6,3.99,3.17,3.12,1.86,2045,1984,1,1,3.22,0
0.36,0.19,1.42,1.32,0.46,2.64,2.0,3.89,4.0,1.7,2.8,2.34,3.95,2.79,6,2,3,3,65,37,0.75,0.66,0.69,0.31,3.48,1.01,1.55,4.11,1.62,1.16,4.94,1.1,2.9,3.04,1.51,3.6,1.3,1.62,1.9,2058,1515,0,5,1.14,2
0.51,0.61,2.86,2.43,2.48,3.43,1.01,3.21,6.4,6.0,1.7,1.73,2.44,3.51,6,7,2,3,46,54,0.88,0.49,0.63,0.37,2.66,1.97,3.68,2.83,1.11,2.43,4.55,2.14,3.07,1.21,4.41,3.5,2.8,3.68,4.28,1875,1423,1,5,0.15,1
0.77,0.93,0.52,1.4,1.52,0.86,2.71,3.59,2.9,1.2,3.81,1.39,1.65,3.15,3,7,4,3,56,43,0.62,0.69,0.31,0.69,4.65,1.95,3.43,4.22,4.13,2.26,3.6,2.34,1.01,1.41,1.81,4.12,3.94,4.41,2.32,1769,1828,1,4,3.77,0
0.84,0.58,0.42,2.08,2.8,1.39,3.37,0.98,6.8,7.5,1.82,1.67,3.2,1.62,4,4,1,6,56,41,0.63,0.47,0.95,0.05,3.38,2.03,2.39,1.29,2.67,4.66,2.58,1.9,2.19,4.39,2.53,3.47,1.84,2.47,2.3,1836,1492,1,2,2.03,0
0.49,0.06,1.82,2.22,0.22,2.56,0.54,2.13,2.5,6.7,4.64,1.82,2.6,4.74,7,4,5,3,36,65,0.13,0.6,0.29,0.71,4.56,1.01,3.1,4.41,2.63,1.62,1.18,2.56,2.53,2.44,1.17,1.76,2.5,2.96,3.62,1691,1884,0,1,0.87,2
0.71,0.95,1.17,1.59,3.12,0.98,3.49,3.53,6.9,1.8,1.54,3.12,3.31,2.62,5,6,3,1,48,54,0.03,0.59,0.64,0.36,5.54,2.32,2.13,4.57,1.76,2.52,2.73,4.01,2.87,3.08,4.43,1.62,2.57,2.08,1.49,1631,1602,1,5,0.55,0
0.68,0.38,0.39,1.13,1.03,2.11,4.2,4.18,6.0,6.2,4.23,1.44,2.96,3.57,2,4,5,0,36,64,0.57,0.64,0.88,0.12,3.44,4.33,3.36,3.86,3.11,1.05,3.27,2.68,4.01,1.19,2.29,2.83,3.38,1.33,4.09,1807,1427,0,3,0.96,2
0.17,0.09,2.35,1.38,1.24,3.39,1.75,1.89,2.8,7.0,3.72,1.29,4.1,1.26,4,5,2,2,62,37,0.53,0.65,0.91,0.09,3.52,1.2,2.44,4.08,1.29,4.41,2.36,3.45,4.8,3.95,2.6,3.41,3.79,1.25,2.04,1972,1573,1,1,2.77,2
0.26,0.37,2.64,1.57,1.19,3.19,2.98,4.03,6.1,6.2,4.05,3.84,2.92,2.68,3,2,2,1,55,48,0.27,0.38,0.82,0.18,2.42,2.46,2.72,1.81,4.56,3.27,1.66,3.77,4.91,2.93,2.94,2.22,4.98,4.91,3.54,1973,1482,0,5,2.15,1
0.94,0.35,3.63,2.46,1.05,1.72,3.2,4.48,1.4,2.4,2.53,4.34,2.84,2.98,2,7,3,3,65,36,0.69,0.9,0.86,0.14,5.65,4.45,1.15,3.98,4.06,4.08,4.0,3.48,4.64,3.29,1.35,1.32,2.86,1.28,1.02,1667,1998,0,3,3.49,2
0.54,0.93,3.51,0.91,1.35,1.26,2.62,0.89,4.6,6.0,3.2,4.78,3.74,1.82,4,6,5,4,51,50,0.03,0.14,0.88,0.12,5.97,1.77,2.36,4.41,3.24,3.82,2.49,1.39,2.69,3.67,3.93,2.34,2.62,2.82,3.68,1458,1512,1,1,1.07,2
0.05,0.1,1.26,0.63,1.78,1.91,1.88,3.7,7.2,4.2,4.8,1.53,2.42,2.59,7,3,6,5,50,51,0.81,0.32,0.11,0.89,3.68,3.58,2.82,3.8,1.73,2.13,2.7,1.13,1.01,2.74,4.41,1.43,4.94,2.21,2.02,1503,1663,1,5,2.27,2
0.49,0.1,1.44,1.73,1.61,0.51,2.75,2.92,6.2,1.8,1.85,4.46,2.34,1.98,6,5,2,0,64,37,0.9,0.04,0.54,0.46,4.49,4.75,3.17,3.19,2.67,4.03,3.14,1.39,4.86,1.06,4.83,2.8,3.29,2.96,3.34,2009,1926,0,5,3.93,1
0.43,0.81,0.46,1.98,2.77,0.52,3.97,3.51,2.2,6.5,4.29,2.71,2.1,1.08,4,2,5,4,64,35,0.56,0.81,0.66,0.34,5.5,2.55,4.74,3.6,3.57,4.51,3.51,4.68,4.71,4.68,2.98,2.53,4.45,4.68,3.37,1759,1828,1,4,2.28,0
0.28,0.61,0.35,1.76,0.88,0.86,2.83,4.41,6.6,5.8,1.03,3.27,2.28,3.42,4,2,6,6,55,46,0.84,0.57,0.91,0.09,5.37,3.85,2.13,4.25,4.54,1.79,2.66,3.94,3.89,3.3,4.76,2.34,3.44,1.22,1.03,1925,2002,0,2,0.5,0
0.52,0.73,2.37,0.62,2.41,3.3,3.63,0.3,2.0,6.3,3.17,2.41,3.48,1.87,2,3,6,6,44,57,0.66,0.52,0.8,0.2,3.16,3.29,4.85,3.29,3.3,3.78,1.69,1.04,1.27,1.67,2.41,3.7,2.87,2.36,2.92,1900,1972,1,5,4.34,2
0.2,0.61,3.73,0.99,3.06,2.03,2.62,4.23,6.8,7.2,3.33,4.08,1.51,1.3,4,7,2,6,54,48,0.04,0.31,0.6,0.4,2.16,1.97,4.12,2.65,3.05,4.91,2.92,2.96,3.52,1.48,1.22,1.4,2.78,1.01,4.33,1670,1912,1,1,1.89,0
0.84,0.08,2.9,3.55,1.64,2.07,2.31,4.09,7.8,6.7,3.09,2.72,2.0,1.51,2,6,5,2,44,55,0.02,0.08,0.14,0.86,5.16,2.55,4.64,5.0,4.72,3.45,3.44,2.15,4.33,2.96,2.14,3.82,3.66,3.19,4.71,1953,2000,0,5,1.29,1
0.83,0.96,2.42,3.51,1.69,2.44,4.18,0.73,7.3,6.2,1.83,2.21,2.3,2.82,2,6,5,6,64,34,0.67,0.09,0.92,0.08,2.59,4.13,2.26,2.03,1.37,3.1,2.9,3.62,4.63,4.05,2.44,3.78,3.32,3.73,3.61,1689,1919,0,3,4.93,2
0.46,0.26,1.03,1.4,2.33,2.55,2.28,1.85,7.7,6.2,4.13,4.96,3.7,1.29,4,3,5,4,50,53,0.98,0.85,0.56,0.44,2.47,1.13,2.38,4.64,2.33,4.37,4.62,2.01,4.2,4.5,4.32,3.98,1.93,4.11,1.6,1436,1971,1,4,0.59,2
0.0,0.08,0.95,0.64,1.53,1.55,1.25,2.07,1.9,5.6,4.82,1.08,3.36,1.59,3,7,5,0,52,46,0.98,0.51,0.7,0.3,3.57,2.05,4.41,2.28,4.07,3.04,2.89,3.05,4.21,4.39,1.57,4.38,2.25,4.68,4.22,1628,1927,0,4,3.06,2
0.27,0.99,2.08,2.78,1.63,1.29,3.52,3.65,5.8,5.8,2.41,3.07,3.15,3.78,2,6,3,3,61,37,0.64,0.35,0.45,0.55,2.49,2.91,4.03,1.36,1.43,1.44,1.68,4.1,2.27,4.03,4.49,4.05,1.62,4.9,3.52,1480,1818,1,2,3.9,0
0.94,0.02,3.58,3.79,1.87,0.71,4.08,3.35,1.7,6.6,3.14,3.65,4.04,3.25,4,3,1,1,61,41,0.62,0.69,0.59,0.41,2.12,2.84,3.08,2.5,2.7,3.52,1.43,4.41,4.58,4.6,2.86,2.18,4.81,3.24,3.31,1736,1505,0,2,3.03,1
1.0,0.05,1.71,1.99,0.28,1.31,2.48,3.81,3.6,7.8,2.45,4.21,4.61,4.6,2,3,5,3,52,45,0.78,0.07,0.3,0.7,5.88,4.86,3.15,2.45,3.53,1.33,1.5,4.85,1.51,2.57,1.49,3.08,1.75,3.38,2.0,1855,1846,0,5,2.59,2
0.17,0.82,1.68,0.82,0.86,2.67,2.84,3.14,7.1,5.4,4.84,3.32,3.67,3.74,6,5,5,6,61,42,0.43,0.28,0.21,0.79,3.51,2.35,4.07,2.67,2.46,2.04,2.91,4.26,3.66,3.34,4.49,2.9,4.08,3.25,3.65,1712,2033,0,2,2.95,2
0.05,0.97,0.41,0.61,2.33,0.58,2.29,1.69,3.9,5.4,3.19,1.58,3.32,3.94,2,6,0,4,35,68,0.15,0.07,0.66,0.34,2.24,4.37,4.28,4.72,4.12,3.19,1.77,3.58,2.05,4.31,4.56,1.66,4.37,3.69,1.68,2067,1685,0,3,4.89,0
0.66,0.14,0.46,1.6,1.33,2.56,3.74,2.25,4.4,7.1,2.54,2.52,1.65,2.05,5,5,3,4,40,63,0.03,0.91,0.24,0.76,2.35,4.26,2.78,1.04,3.53,3.9,3.37,1.68,1.09,2.94,2.96,1.06,2.8,4.67,2.57,2013,1516,1,4,2.88,0
0.15,0.69,0.97,1.97,1.06,1.65,0.29,3.66,4.2,1.2,2.91,1.95,3.11,1.61,5,4,0,0,37,63,0.36,0.91,0.87,0.13,5.17,2.3,2.54,1.26,1.61,1.01,3.12,3.46,1.93,3.2,4.66,2.94,3.71,4.57,3.43,1618,1818,0,4,0.66,1
0.48,0.6,1.17,1.18,0.4,0.7,2.42,0.3,7.7,5.4,1.57,1.83,4.66,4.95,2,7,3,3,37,62,0.45,0.25,0.86,0.14,5.38,1.71,4.68,4.29,4.4,4.64,1.53,1.72,2.16,3.59,4.58,2.96,2.34,4.92,1.07,1982,2086,0,2,2.09,0
0.65,0.93,0.98,0.45,1.4,1.95,0.97,0.42,7.7,4.5,1.34,2.01,4.42,3.33,4,2,3,3,42,57,0.24,0.66,0.32,0.68,2.17,2.73,1.16,1.73,1.52,1.38,4.41,2.5,3.16,2.84,2.95,2.27,1.46,4.8,4.06,1535,1429,0,2,1.55,2
0.77,0.18,2.51,2.15,1.9,2.07,1.42,0.38,3.9,3.3,1.43,3.65,2.77,3.24,6,3,2,4,65,37,0.04,0.01,0.2,0.8,2.49,2.82,2.21,4.47,3.19,1.8,1.98,4.29,3.74,4.6,1.99,4.61,3.35,4.24,3.44,1472,2014,0,2,1.66,1
0.24,0.91,2.49,1.08,1.48,2.02,2.07,1.22,6.2,4.3,1.29,1.2,2.66,3.99,4,6,5,2,42,56,0.75,0.26,0.41,0.59,2.31,3.5,3.68,2.15,2.13,2.53,4.06,2.76,2.3,2.25,3.23,1.61,2.78,4.44,4.27,1906,1616,1,2,3.46,1
0.33,0.33,2.52,2.66,3.01,1.75,2.91,4.28,2.9,1.8,1.33,2.52,4.61,2.36,5,5,4,2,52,45,0.48,0.24,0.73,0.27,4.51,3.3,4.35,4.94,1.66,4.67,2.24,2.35,3.89,3.59,4.16,2.61,4.96,3.2,1.36,1563,2084,1,5,4.49,2
0.1,0.84,2.44,1.06,0.3,2.73,1.15,3.36,2.7,4.8,3.41,2.13,3.63,4.85,6,2,2,0,55,47,0.76,0.94,0.74,0.26,3.15,3.11,2.32,2.91,2.8,2.58,1.44,3.33,2.32,4.47,3.13,1.24,4.12,1.98,1.2,2060,1624,0,3,1.41,2
0.08,0.08,0.92,0.22,3.04,2.1,2.73,4.07,7.9,1.2,1.59,1.36,3.09,1.12,6,5,6,2,61,41,0.28,0.12,0.29,0.71,3.16,3.01,4.15,1.53,3.52,2.55,1.9,2.75,3.72,3.8,1.76,3.47,2.42,1.91,4.06,1549,1635,0,3,0.01,0
0.52,0.1,3.56,1.85,2.55,0.56,4.1,2.0,1.3,4.5,1.72,4.95,2.55,2.76,4,7,2,4,63,38,0.63,0.75,0.53,0.47,5.88,1.89,4.9,2.96,1.75,2.13,3.02,4.03,1.24,1.71,3.38,1.05,1.67,3.31,2.6,1654,1781,0,1,3.95,0
0.88,0.16,1.72,3.28,0.35,2.08,2.72,3.72,4.3,3.6,2.57,2.53,2.55,1.94,4,2,0,2,37,60,0.58,0.38,0.61,0.39,4.38,2.81,3.74,3.1,3.22,3.26,2.59,3.26,4.56,1.07,4.87,1.85,3.45,4.53,1.22,1473,2008,0,4,0.54,1
0.16,0.1,1.77,3.39,1.97,0.32,2.65,0.3,4.9,1.5,1.08,2.22,4.96,2.37,4,3,3,6,44,59,0.36,0.81,0.71,0.29,3.36,4.04,4.44,2.24,2.58,4.44,3.68,4.85,2.99,2.39,2.35,2.79,1.86,3.57,1.01,1630,1709,0,2,4.14,0
0.01,0.26,2.84,0.71,1.52,2.6,0.88,1.85,6.4,2.5,2.12,4.49,3.34,3.39,4,6,6,5,49,50,0.37,0.82,0.64,0.36,3.01,4.25,3.62,4.73,4.02,4.16,3.36,2.19,1.37,1.65,2.45,1.87,4.69,4.63,3.58,1538,1689,1,5,2.37,2
0.03,0.03,3.64,2.83,0.87,0.98,2.56,3.75,2.3,4.3,4.27,2.02,3.69,3.17,7,2,3,3,50,47,0.54,0.0,0.89,0.11,3.77,1.55,2.83,2.38,3.92,4.46,4.05,1.86,4.27,1.32,3.0,3.35,1.94,2.29,2.52,1648,1803,1,4,2.37,2
0.99,0.3,3.49,3.66,2.14,2.34,1.36,0.69,5.2,3.7,2.69,3.81,2.55,3.03,7,6,1,2,50,51,0.28,0.64,0.49,0.51,4.84,2.99,2.65,4.61,2.71,1.84,1.22,4.54,2.17,1.23,2.25,3.3,2.49,4.56,3.73,1702,1778,1,4,4.74,1
0.83,0.36,1.46,1.88,0.87,2.62,1.61,3.14,3.8,3.7,2.13,1.29,2.96,1.01,4,4,0,3,53,48,0.31,0.05,0.55,0.45,5.99,1.02,4.8,2.44,3.85,4.62,1.15,4.93,4.21,2.22,2.34,1.66,4.86,3.84,2.01,1917,1811,0,5,1.11,1
0.25,0.65,1.57,0.28,2.05,1.05,3.18,1.32,6.3,6.3,3.8,3.44,2.34,1.64,6,7,6,2,43,60,0.02,0.35,0.35,0.65,3.87,4.52,3.28,3.95,3.24,3.77,1.96,2.93,4.74,4.67,2.88,3.07,2.24,2.61,1.94,1552,1627,0,5,3.87,2
0.14,0.29,3.29,0.52,0.64,0.7,1.79,3.27,6.7,7.3,2.21,4.51,3.5,3.51,6,4,0,5,37,62,0.74,0.91,0.6,0.4,4.78,3.61,4.87,4.85,1.32,4.22,4.51,3.38,4.88,4.69,3.06,1.01,3.69,4.72,1.72,1606,1456,0,3,2.02,2
0.72,0.88,3.41,1.1,2.53,0.37,3.07,0.63,3.7,2.6,2.29,4.35,4.96,4.86,6,3,3,6,62,39,0.28,0.14,0.87,0.13,4.04,3.28,3.41,3.59,4.21,1.64,1.95,4.48,2.58,1.6,2.48,3.74,2.34,3.6,1.3,1914,1943,0,1,0.11,0
0.05,0.18,0.23,1.53,3.17,1.37,4.24,3.63,1.2,7.4,2.98,2.1,2.09,1.93,4,3,0,3,35,66,0.88,0.61,0.71,0.29,3.23,3.28,1.24,3.78,1.28,3.09,3.85,3.76,4.76,1.93,1.05,1.27,2.37,3.04,1.9,1513,1517,0,5,2.03,2
0.44,0.19,1.04,3.42,3.22,0.37,1.77,4.28,7.9,1.3,1.2,3.5,3.24,4.62,5,5,3,4,51,51,1.0,0.92,0.32,0.68,5.05,3.39,3.7,4.4,4.17,2.79,2.45,1.05,3.06,3.92,4.13,3.71,3.28,2.33,4.75,1645,1773,0,4,1.8,0
0.26,0.78,3.25,2.01,1.3,1.98,4.06,0.8,5.4,6.8,1.04,4.68,4.14,2.5,2,6,2,3,35,63,0.7,0.31,0.29,0.71,3.14,4.23,2.15,2.86,2.32,2.06,4.37,1.36,3.41,1.14,4.95,4.95,2.54,1.17,2.01,1613,1426,1,4,3.19,2
0.34,0.99,3.37,2.07,3.15,1.32,3.91,3.58,6.2,2.8,3.72,3.49,1.6,2.45,6,3,5,4,44,54,0.54,0.5,0.57,0.43,5.24,3.23,3.74,1.54,2.35,4.04,4.27,2.82,4.73,3.92,1.79,4.58,3.4,2.16,2.56,1967,1830,1,5,2.49,0
0.05,0.64,1.14,3.26,0.53,2.01,3.39,3.73,5.7,5.1,3.53,1.96,2.98,3.19,5,2,4,2,60,43,0.42,0.95,0.85,0.15,3.11,4.25,1.51,3.33,1.01,1.21,1.74,1.36,1.92,2.43,4.48,4.29,4.68,4.52,1.22,1733,1764,1,3,3.29,2
0.12,0.94,3.66,1.78,1.84,0.34,0.7,1.53,7.9,4.5,2.12,1.53,2.06,3.05,4,7,5,1,47,53,0.3,0.3,0.96,0.04,3.8,2.96,2.66,1.95,2.9,3.99,3.36,1.82,3.38,4.9,3.74,2.9,4.29,3.8,2.95,2044,1884,0,1,0.65,0
0.42,0.37,2.99,1.35,1.41,2.35,1.39,3.16,4.5,1.3,1.77,4.06,1.57,2.12,5,4,0,3,43,59,0.69,0.26,0.59,0.41,2.66,1.79,2.15,4.07,4.73,4.58,4.68,3.44,1.17,1.51,2.0,2.82,2.21,4.97,4.17,2019,1872,1,3,1.42,1
0.01,0.54,0.74,0.99,2.61,0.52,0.89,0.45,5.2,7.3,3.59,2.36,1.08,1.06,5,6,0,5,37,62,0.38,0.74,0.1,0.9,3.6,2.29,2.13,2.63,1.7,3.66,2.79,4.55,4.63,4.96,3.65,4.37,3.3,2.3,4.19,1873,1670,1,3,4.32,1
0.1,0.14,1.17,2.52,3.32,2.26,2.13,3.11,5.9,1.0,1.24,2.16,1.92,4.95,4,4,6,5,35,67,0.73,0.22,0.68,0.32,2.48,2.16,2.43,2.79,3.3,2.04,4.57,2.24,4.41,3.23,2.31,3.2,3.49,4.06,3.1,1801,1414,1,5,4.24,0
0.1,0.97,3.17,1.72,1.88,3.21,3.14,1.13,7.3,5.8,3.16,4.09,1.26,3.93,5,2,0,5,56,47,0.71,0.58,0.01,0.99,5.27,3.33,2.01,1.96,2.42,2.97,3.11,1.2,4.53,4.46,3.71,2.77,4.22,1.19,2.41,2041,1674,0,3,0.84,1
0.4,0.88,0.32,0.39,1.93,2.33,1.09,2.38,7.3,6.3,1.32,1.05,2.78,3.23,3,4,2,1,47,55,0.21,0.74,0.47,0.53,2.5,4.94,4.4,2.48,3.44,4.55,4.45,3.98,1.92,1.86,4.58,4.64,2.68,2.79,2.17,2035,1479,1,5,4.05,0
0.58,0.51,1.15,0.63,1.87,1.36,4.03,3.03,7.9,3.8,1.8,2.82,2.48,1.78,6,5,2,1,54,49,0.41,0.18,0.94,0.06,2.64,4.75,3.25,4.33,4.87,1.63,1.9,1.68,2.25,3.63,4.47,4.81,4.32,1.97,1.93,1411,1756,1,5,0.66,1
0.19,0.56,2.4,1.35,3.42,3.39,1.81,0.75,3.5,7.3,1.11,3.85,1.44,3.0,5,4,4,3,53,47,0.16,0.62,0.29,0.71,2.25,2.25,3.14,3.91,2.72,2.82,1.38,2.62,3.86,1.04,1.15,1.74,1.43,3.22,2.62,1473,1940,1,4,4.71,0
0.92,0.93,0.26,3.2,1.62,3.39,1.39,4.3,1.4,2.3,3.14,3.87,1.26,1.17,6,6,0,3,37,64,0.54,0.87,0.4,0.6,4.21,3.64,2.58,1.53,3.56,1.45,1.63,3.27,1.9,4.38,2.45,3.56,3.91,2.45,1.43,2090,2010,1,1,0.8,0
0.06,0.84,0.28,3.63,2.69,2.28,1.48,2.96,6.5,6.8,3.91,4.47,2.01,3.85,6,7,0,3,56,41,0.78,0.04,0.22,0.78,5.64,2.04,4.81,2.34,1.29,1.23,2.58,2.29,4.23,1.12,4.24,4.19,1.87,3.63,3.31,1701,2080,0,1,3.87,0
0.55,0.31,1.54,2.89,0.24,0.42,1.44,2.44,6.0,8.0,1.16,3.92,4.94,4.84,5,4,3,4,35,63,0.0,0.51,0.57,0.43,2.78,4.0,4.38,4.18,2.93,4.38,2.75,3.25,2.83,4.89,3.28,2.06,4.14,3.29,2.07,1597,1478,1,4,4.29,0
0.24,0.08,0.68,1.53,0.96,2.68,3.39,1.97,1.5,5.6,4.61,2.64,3.19,2.21,5,5,6,0,60,39,0.75,0.86,0.52,0.48,5.59,3.13,3.37,2.01,3.66,1.74,1.26,1.62,2.57,3.42,2.05,2.31,2.46,1.64,1.05,1688,1754,1,2,1.69,2
0.73,0.64,1.33,0.53,0.24,3.03,4.21,1.87,1.8,2.9,4.1,4.24,4.22,4.65,3,3,5,4,45,57,0.98,0.59,0.64,0.36,3.3,1.18,2.11,4.31,3.79,2.14,2.46,2.09,1.7,4.71,2.53,3.65,1.22,1.34,4.77,1600,1794,1,3,0.11,2
0.31,0.33,0.58,1.98,0.47,2.7,0.78,1.15,4.4,6.6,3.18,1.23,2.16,3.52,7,7,5,2,42,60,0.35,0.05,0.32,0.68,3.8,2.58,1.76,3.85,3.48,3.5,4.98,1.15,1.44,4.42,4.33,2.79,1.17,3.39,3.43,2018,2026,1,4,3.68,2
0.74,0.82,3.4,1.31,1.56,0.38,2.99,2.15,2.2,4.8,2.06,4.29,1.02,3.17,3,4,4,3,51,48,0.53,0.55,0.61,0.39,5.12,3.54,3.15,1.39,1.23,1.73,1.26,2.53,4.66,1.5,2.29,4.6,4.61,4.13,2.57,1997,1613,0,2,4.82,0
0.46,0.7,2.64,1.46,3.4,2.79,3.78,4.22,7.4,4.2,2.17,3.06,3.61,4.05,4,6,4,6,39,61,0.38,0.54,0.68,0.32,5.25,2.57,2.24,4.25,4.99,4.46,4.71,2.46,4.33,1.79,2.43,1.56,3.94,3.94,1.44,1459,1813,0,3,2.06,0
0.15,0.13,3.07,3.73,1.7,1.01,0.25,1.16,6.3,2.3,3.99,2.78,2.22,4.62,4,2,3,5,57,43,0.98,0.16,0.67,0.33,4.04,1.51,1.84,3.7,2.55,1.73,1.95,1.7,4.66,4.26,4.0,4.06,1.37,1.2,1.1,2028,1500,1,3,0.12,1
0.88,0.79,1.92,3.28,0.93,2.54,4.16,1.64,7.0,6.8,1.55,2.67,2.53,4.47,6,3,2,6,39,58,0.45,0.07,0.0,1.0,2.12,1.74,2.86,2.67,4.38,3.85,1.23,1.59,4.02,1.25,1.5,1.02,4.97,2.52,2.8,1687,1962,0,3,2.43,0
0.95,0.93,1.95,3.57,2.69,3.32,1.11,0.22,6.0,3.0,4.2,3.63,3.06,4.16,7,6,5,2,39,59,0.87,0.64,0.07,0.93,5.14,2.89,3.68,4.67,3.66,4.11,1.19,2.45,2.5,3.51,4.17,1.74,4.37,4.98,4.39,1690,1472,0,2,1.01,0
0.0,0.45,3.01,0.58,1.27,0.89,4.3,2.2,7.4,4.0,3.17,2.17,3.65,1.12,6,4,2,0,37,63,0.92,0.9,0.76,0.24,4.83,1.76,4.21,3.15,4.45,2.05,1.63,1.7,1.58,4.15,2.26,3.99,3.45,4.06,1.3,1412,2070,0,3,0.73,2
0.12,0.21,1.65,3.03,1.07,2.39,2.13,0.97,6.2,3.5,1.19,3.11,3.51,4.24,7,4,4,4,63,35,0.42,0.2,0.84,0.16,3.9,4.05,3.75,2.68,2.19,3.82,4.22,2.06,2.56,4.65,1.18,3.19,2.23,2.8,4.03,1542,2039,1,4,3.87,0
0.86,0.03,1.56,3.62,1.62,2.64,1.17,3.58,3.3,6.4,3.67,2.2,2.57,3.16,6,7,0,2,35,62,0.34,0.17,0.32,0.68,3.48,1.22,1.37,2.79,1.8,1.27,2.27,2.79,1.13,3.65,1.33,2.99,4.87,4.25,2.42,2019,1778,1,4,4.4,2
0.1,0.85,2.2,3.46,2.23,1.16,2.67,0.46,1.0,7.5,2.58,2.15,1.75,1.83,7,4,4,3,41,59,0.58,0.19,0.12,0.88,4.34,3.49,3.19,4.58,1.6,3.51,2.41,3.47,2.74,3.63,1.29,2.16,3.84,4.01,2.95,2001,1493,1,5,3.88,1
0.1,0.45,2.51,1.92,2.95,1.2,2.08,0.35,3.8,4.5,2.29,2.94,4.93,4.96,5,2,5,3,37,60,0.28,0.02,0.96,0.04,4.17,4.74,2.98,3.52,3.11,4.04,4.04,4.77,4.22,3.56,2.39,2.86,3.16,4.35,1.2,1402,1431,1,1,0.87,1
0.15,0.83,1.52,3.67,1.08,3.37,2.94,3.88,7.3,6.1,1.61,1.44,1.25,1.22,3,2,3,0,40,58,0.09,0.26,0.65,0.35,4.17,2.46,2.12,4.79,3.1,2.23,3.54,4.11,2.8,1.78,1.2,3.27,1.0,2.61,4.87,1764,1571,1,1,1.74,2
0.55,0.1,1.81,1.53,1.58,2.62,4.5,2.25,3.1,1.0,1.42,4.69,4.78,2.34,7,5,2,0,39,61,0.44,0.9,0.77,0.23,2.48,1.71,4.37,3.38,2.47,3.29,2.43,3.17,1.5,4.9,1.1,3.72,3.64,3.34,1.22,1720,1587,0,4,4.95,0
0.5,0.94,0.99,3.6,1.08,3.36,0.98,1.93,5.2,2.3,2.79,1.67,3.53,3.69,6,3,4,0,44,53,0.08,0.91,0.38,0.62,3.4,1.92,3.63,4.17,3.68,1.71,4.39,2.45,2.01,1.5,3.33,4.39,1.35,2.13,4.27,1702,1523,1,3,2.15,0
0.47,0.3,2.3,3.23,3.06,0.89,0.68,2.0,2.8,7.9,4.83,4.47,4.78,1.16,6,7,6,2,64,33,0.16,0.48,0.75,0.25,5.36,1.27,2.82,3.54,2.15,3.16,4.5,1.51,4.33,3.34,3.52,2.42,3.74,1.27,4.66,1979,1751,1,1,2.43,1
0.88,0.38,1.53,1.09,1.39,0.2,3.46,3.0,2.2,2.8,1.3,1.01,3.49,4.26,2,4,5,3,49,51,0.25,0.23,0.35,0.65,5.01,4.63,4.4,1.83,2.26,4.47,2.13,1.94,3.23,3.55,2.97,2.24,4.64,1.33,4.87,1909,2028,0,4,1.46,1
0.7,0.95,0.65,0.34,3.24,0.52,0.55,2.56,3.9,6.7,1.54,3.98,3.92,3.92,2,6,4,3,47,54,0.73,0.28,0.59,0.41,3.51,3.27,1.72,2.29,2.03,4.12,4.16,2.55,2.74,1.22,3.05,2.99,2.91,4.27,3.75,2020,1552,0,1,0.32,0
0.83,0.23,3.54,1.28,1.85,1.08,2.97,1.29,3.4,5.9,4.01,4.01,3.4,2.89,2,7,2,5,63,36,0.16,0.54,0.62,0.38,2.91,1.1,3.51,2.59,3.33,3.47,2.51,2.08,4.36,4.59,3.89,3.77,4.75,2.82,3.26,1527,1520,0,4,3.69,1
0.72,0.07,0.37,1.75,0.87,1.56,4.31,3.05,6.5,1.2,3.13,1.25,2.11,3.62,2,7,0,6,40,62,0.21,0.5,0.43,0.57,3.06,2.26,1.42,4.76,2.18,1.87,1.19,4.62,4.06,1.64,1.23,2.34,1.7,2.92,4.11,1714,1980,0,3,2.64,2
0.38,0.39,2.11,1.38,3.27,2.31,3.46,1.9,6.0,2.4,1.78,2.74,3.15,2.92,3,6,0,5,44,58,0.21,0.59,0.82,0.18,3.56,4.93,2.05,1.67,4.33,4.8,3.05,4.14,3.59,1.78,3.44,1.49,2.68,2.42,2.89,1582,1600,0,3,1.16,0
0.45,0.22,3.02,3.04,1.42,1.98,2.74,4.32,4.2,1.8,4.16,1.1,4.78,4.96,3,4,6,3,44,58,0.62,0.39,0.89,0.11,2.6,1.68,4.24,2.8,1.2,3.2,2.29,3.06,2.23,1.26,3.61,4.82,4.98,4.46,3.73,2054,2094,0,1,4.16,2
0.84,0.07,0.93,2.72,2.7,2.24,3.42,2.61,4.7,5.7,2.81,1.49,4.9,2.91,2,4,5,6,49,53,0.34,0.49,0.08,0.92,4.6,1.54,3.83,4.59,2.15,3.65,2.65,2.14,1.01,4.42,3.83,1.94,2.69,4.21,1.34,1478,1526,1,5,1.93,2
0.03,0.33,3.44,3.31,2.05,3.5,2.45,1.2,5.6,2.4,3.72,4.17,2.45,3.77,2,6,3,2,35,62,0.38,0.85,0.12,0.88,2.56,2.61,1.46,1.71,3.75,2.05,1.63,1.14,1.5,3.48,3.34,3.82,3.28,3.28,3.75,1554,2054,0,2,1.12,0
0.67,0.48,2.09,1.89,2.29,0.44,2.64,3.2,1.7,1.5,1.17,3.56,2.58,3.67,2,6,5,1,47,54,0.93,0.64,0.5,0.5,3.12,1.85,1.69,1.59,2.13,1.68,4.08,1.23,3.63,3.14,2.16,4.33,1.36,4.07,2.52,2012,2081,1,3,2.79,0
0.78,0.7,2.81,1.26,0.77,0.67,4.12,0.53,7.5,6.4,1.58,4.06,4.55,3.51,5,5,2,4,63,39,0.14,0.84,0.86,0.14,2.13,3.72,2.97,2.36,2.56,4.1,3.01,3.16,4.62,4.23,2.2,1.31,2.05,2.21,4.11,1923,1456,1,3,0.49,1
0.69,0.18,1.98,0.72,0.44,1.47,3.36,1.24,4.9,2.2,2.12,4.8,1.59,2.91,2,7,3,0,49,53,0.33,0.69,0.6,0.4,2.68,1.33,4.27,4.39,1.87,4.72,1.53,1.17,1.05,1.05,3.12,2.27,1.62,2.53,4.74,1553,2097,0,5,4.0,0
0.86,0.29,3.45,0.59,0.59,1.21,1.19,1.74,5.4,2.1,1.57,3.84,3.97,2.99,5,3,6,0,56,47,0.07,0.45,0.98,0.02,4.07,4.79,3.15,1.16,2.9,3.33,4.68,2.18,4.2,4.05,4.54,2.51,3.06,1.48,2.51,1458,1469,1,3,0.18,2
0.55,0.47,0.67,3.4,1.26,0.75,1.46,1.45,2.7,7.5,4.66,2.33,3.22,2.96,7,4,5,3,35,68,0.78,0.33,0.37,0.63,3.9,1.98,4.28,4.3,2.41,4.24,3.41,4.49,2.4,4.82,3.37,1.44,4.69,2.1,2.84,1846,1670,1,2,4.11,1
0.03,0.9,0.91,3.73,1.47,0.41,2.13,3.39,6.1,7.0,2.93,1.37,2.34,4.54,5,4,0,3,48,55,0.54,0.5,0.07,0.93,4.31,3.06,1.79,1.72,4.59,3.93,3.23,4.92,4.78,3.74,3.13,2.76,2.21,1.12,1.42,1525,1803,0,3,1.95,0
0.91,0.2,0.34,3.34,2.2,2.26,2.39,3.11,7.4,5.7,2.43,1.26,3.98,2.83,4,6,6,5,59,38,0.32,0.37,0.68,0.32,4.85,1.02,2.72,2.98,3.36,3.64,4.04,1.33,4.53,4.4,3.58,3.95,4.76,3.66,1.08,1884,1901,1,1,2.98,0
0.42,0.99,2.13,0.63,2.64,0.94,3.2,3.33,4.2,1.3,3.07,1.01,4.42,1.64,4,5,6,3,46,51,0.36,0.82,0.67,0.33,2.18,4.38,1.39,1.21,2.24,4.22,3.66,1.04,2.26,2.05,3.38,3.18,2.46,3.47,4.44,1735,1863,1,3,0.97,2
0.72,0.81,3.07,1.88,1.38,0.98,1.66,3.17,1.8,2.2,2.11,1.32,2.82,1.2,3,6,4,0,61,37,0.63,0.92,0.28,0.72,2.32,2.97,3.86,2.87,2.17,1.71,4.85,4.37,1.61,3.65,2.76,4.58,1.08,2.74,4.82,1866,1685,1,4,4.29,2
0.83,0.6,1.32,3.5,1.68,2.39,3.03,0.77,2.1,2.5,3.55,2.75,4.11,3.34,3,3,0,5,57,44,0.97,0.14,0.58,0.42,4.12,4.62,3.89,1.78,2.81,4.99,3.48,4.69,2.63,2.14,1.41,3.7,4.41,4.28,2.73,1498,1437,0,2,3.41,1
0.63,0.85,2.97,3.79,2.01,3.19,0.31,2.94,5.5,2.6,3.06,1.76,1.68,2.47,2,7,3,0,36,63,0.43,0.17,0.8,0.2,4.32,3.18,3.65,2.05,1.62,2.19,4.95,1.63,1.72,2.89,2.84,3.83,4.34,4.52,3.03,1497,1971,1,2,1.88,1
0.58,0.17,3.47,1.71,0.56,1.81,2.17,0.75,1.7,3.8,3.65,3.17,3.29,3.0,2,4,2,2,47,56,0.91,0.53,0.55,0.45,5.0,2.14,3.51,3.27,3.75,4.53,3.2,3.61,2.22,3.83,2.75,4.71,2.99,4.63,3.91,1838,1799,0,4,4.67,2
0.38,0.37,2.28,2.27,2.49,1.36,3.22,1.08,7.2,4.0,2.01,3.33,3.85,1.19,2,6,4,4,56,45,0.44,0.57,0.99,0.01,4.11,2.49,4.96,1.11,4.24,1.85,4.59,4.61,2.2,1.81,1.54,2.13,3.18,4.45,1.57,2063,1671,1,5,2.48,0
0.18,0.12,1.6,1.75,1.96,1.33,2.51,0.31,5.3,2.1,4.77,4.78,1.91,1.74,6,4,3,3,47,54,0.17,0.55,0.4,0.6,4.06,1.73,2.66,2.89,3.65,2.36,4.66,4.43,4.41,3.05,3.49,1.96,3.07,3.18,1.62,2098,1449,1,1,2.41,0
0.74,0.21,2.53,2.3,0.27,0.53,4.08,0.86,1.8,6.4,4.94,4.13,2.04,1.14,5,4,3,3,57,42,0.83,0.58,0.54,0.46,5.32,3.4,2.54,1.62,4.72,1.85,1.6,4.61,2.25,1.15,4.23,3.08,4.87,4.16,3.6,1759,1643,0,5,2.44,1
0.24,0.29,0.54,1.66,3.15,2.79,3.09,2.83,6.7,3.0,4.36,2.0,2.97,4.11,5,3,4,1,39,58,0.39,0.64,0.93,0.07,3.22,1.54,3.83,4.25,3.38,4.14,2.18,4.99,4.63,3.88,1.55,1.52,3.85,2.93,3.42,1570,1496,1,2,3.09,0
0.93,0.44,1.14,2.23,3.37,3.44,1.68,0.25,1.1,2.6,4.61,3.65,1.86,2.68,7,4,5,6,51,47,0.68,0.43,0.86,0.14,4.91,3.34,3.15,4.99,3.73,3.33,2.17,4.65,1.16,3.61,1.56,1.93,3.91,4.51,1.88,1465,1840,0,1,0.19,2
0.27,0.44,0.99,1.77,0.84,1.24,3.23,3.7,4.8,3.5,1.08,4.94,2.63,3.61,7,3,3,4,53,44,0.7,0.2,0.07,0.93,3.17,2.51,3.49,2.56,1.76,2.62,4.85,4.17,3.2,1.73,4.11,1.79,2.91,1.06,1.1,1463,1783,1,2,1.97,0
0.67,0.27,2.12,3.26,2.71,0.38,1.97,2.09,1.1,1.3,4.59,2.83,4.27,3.47,4,5,1,6,56,46,0.43,0.49,1.0,0.0,4.72,1.21,4.5,3.82,1.45,4.84,3.29,3.52,1.91,3.6,2.28,3.48,3.3,1.71,1.93,1951,1780,1,5,1.53,0
0.09,0.68,3.07,0.67,2.26,1.17,0.73,0.32,6.8,4.0,1.63,1.76,1.84,3.99,3,4,4,3,58,44,0.15,0.84,0.7,0.3,4.33,1.61,3.16,2.07,1.03,2.73,3.09,1.93,2.66,4.97,3.0,3.26,2.87,4.86,4.49,1544,1894,0,5,4.25,0
0.68,0.89,2.93,0.59,0.46,1.52,4.36,3.45,6.2,4.0,4.71,2.47,3.11,2.02,7,3,3,6,54,43,0.56,0.39,0.11,0.89,4.95,4.87,1.52,2.36,1.12,1.7,3.5,3.17,2.26,4.52,3.45,4.06,1.81,4.93,2.38,1666,1916,1,1,1.33,2
0.82,0.89,1.24,3.03,2.64,0.22,0.39,3.6,7.7,6.9,1.25,3.28,2.74,1.48,6,5,6,5,54,49,0.53,0.61,0.71,0.29,4.35,1.07,2.51,3.6,4.2,4.41,2.75,2.29,3.03,1.07,3.51,1.67,2.09,4.99,3.83,1958,1681,1,2,2.1,0
0.72,0.86,1.87,1.26,1.77,0.42,1.35,0.22,4.2,4.9,1.84,2.7,1.54,2.58,6,2,0,0,46,51,0.3,0.24,0.1,0.9,3.27,3.11,4.81,1.52,2.79,2.35,4.51,3.29,4.95,2.84,2.06,4.44,2.59,3.13,4.02,1673,1692,0,3,3.57,0
0.97,0.92,2.71,1.0,2.8,2.88,2.44,1.09,7.0,4.6,1.45,4.63,4.42,4.02,2,5,4,3,48,51,0.12,0.17,0.91,0.09,5.46,2.79,2.78,4.42,4.96,4.45,3.86,2.25,3.25,4.72,4.03,2.0,2.08,3.61,2.57,1764,1402,0,4,2.98,0
0.34,0.94,1.91,2.54,1.31,2.75,2.12,4.36,2.8,1.8,4.18,2.01,1.84,1.6,6,7,1,6,58,44,0.91,0.82,0.39,0.61,5.33,4.63,4.22,4.74,2.64,2.05,1.16,1.78,3.36,2.45,1.88,4.71,4.73,4.95,1.17,1552,1677,1,3,1.1,2
0.03,0.43,1.27,0.35,0.88,2.38,1.36,2.47,7.2,3.9,2.4,1.06,3.63,3.95,5,2,1,0,46,51,0.37,0.97,0.26,0.74,4.25,2.81,1.57,3.26,3.81,1.56,2.49,1.13,1.68,2.04,1.56,1.79,2.62,4.62,4.05,1484,1789,0,5,4.23,2
0.92,0.89,1.29,3.0,2.4,3.4,1.98,4.17,7.7,7.6,1.7,1.0,3.44,2.25,3,2,1,2,46,51,0.7,0.02,0.5,0.5,5.77,4.09,2.91,3.24,3.67,1.1,4.43,4.89,2.12,1.29,2.86,2.55,1.78,2.63,2.13,1617,1851,1,3,3.29,2
0.86,0.67,3.32,0.74,3.36,2.48,2.44,1.11,2.2,6.0,2.97,2.56,4.52,3.84,4,6,6,5,55,45,0.43,0.8,0.96,0.04,2.95,4.26,2.38,1.09,4.66,4.6,2.62,1.46,1.56,1.85,4.11,4.1,4.28,4.95,2.13,1970,1989,1,5,1.75,1
0.26,0.14,3.1,1.63,2.72,0.55,1.01,1.35,2.4,7.8,4.13,2.22,3.82,4.57,2,6,3,6,42,57,0.04,0.03,0.02,0.98,3.19,4.34,4.1,4.27,1.85,4.72,4.55,1.84,4.83,2.26,3.63,2.81,1.03,1.02,1.17,1458,1629,0,3,2.12,2
0.56,0.66,1.88,2.45,0.29,0.87,2.89,2.84,3.4,5.9,1.1,4.58,4.53,2.42,7,6,4,3,46,57,0.5,0.2,0.16,0.84,2.26,2.85,3.04,2.78,2.91,3.86,2.74,2.96,1.15,4.64,3.97,4.69,2.58,2.83,2.78,2026,1447,1,3,1.05,0
0.88,0.98,3.25,2.71,1.63,3.09,3.91,3.15,6.5,3.5,1.86,2.19,1.59,1.07,5,4,0,2,36,64,0.79,0.64,0.25,0.75,2.71,2.85,3.06,1.03,3.26,1.01,2.33,4.31,1.13,1.77,4.35,1.04,4.85,2.11,2.44,1694,2098,1,2,4.52,1
0.83,0.45,2.3,1.08,2.26,3.42,2.8,1.46,4.3,5.0,3.21,2.94,4.45,1.12,2,4,1,4,43,60,0.11,0.91,0.46,0.54,5.14,2.61,2.88,4.14,4.76,4.48,1.02,1.39,4.13,4.55,4.78,2.13,1.28,3.75,2.12,1745,1546,1,2,0.44,2
0.77,0.75,1.11,3.76,1.54,3.21,4.31,2.97,2.0,1.3,4.95,2.46,2.86,1.08,3,5,2,2,55,44,0.72,0.37,0.5,0.5,3.19,2.01,4.88,2.8,3.48,4.2,3.11,4.22,3.51,3.8,2.41,3.3,2.17,4.41,2.0,1837,1710,1,4,1.45,1
0.39,0.93,3.34,1.22,2.57,0.88,3.98,3.19,2.5,1.3,3.9,2.57,3.53,1.99,6,3,0,0,57,40,0.84,0.56,0.23,0.77,3.0,3.44,1.25,1.02,3.39,3.85,1.65,2.81,1.49,3.77,1.12,2.09,2.31,2.19,2.4,1450,1896,1,3,0.74,2
0.71,0.43,1.71,1.86,1.72,2.82,0.99,3.86,1.4,2.7,4.06,1.21,3.38,4.55,7,3,4,0,46,55,0.45,0.58,0.3,0.7,5.04,4.39,4.47,3.66,3.96,4.11,2.17,1.21,3.61,3.31,3.01,3.07,4.11,3.47,1.51,1586,1602,1,4,2.22,2
0.76,0.31,1.85,3.19,0.55,1.25,3.2,2.67,4.3,2.7,2.38,3.28,1.74,3.82,5,4,2,3,46,54,0.6,0.23,0.05,0.95,4.74,4.8,1.44,4.82,1.58,1.5,4.78,3.09,2.63,4.53,4.85,4.88,2.36,2.76,2.18,1560,2012,0,2,2.56,2
0.44,0.6,1.24,2.24,0.27,0.35,1.72,0.84,4.0,2.5,1.47,2.84,1.51,4.22,6,6,3,5,39,63,0.87,0.83,0.31,0.69,3.88,4.95,1.47,1.08,4.53,4.93,1.92,1.59,1.1,4.09,2.29,2.84,4.57,2.43,3.33,1751,2069,0,2,3.37,0
0.58,0.25,3.01,0.88,1.56,2.59,3.89,4.24,5.8,4.4,2.61,2.41,3.43,2.39,3,6,5,1,63,39,0.42,0.3,0.83,0.17,2.48,2.21,3.05,2.05,1.71,4.92,2.96,1.99,1.43,3.94,1.72,2.1,4.47,4.65,1.7,1576,1478,0,3,4.44,2
0.21,0.77,2.32,2.29,0.9,2.68,2.48,2.04,4.3,7.7,4.73,3.7,4.35,3.87,3,4,6,3,54,47,0.44,0.49,0.62,0.38,2.98,3.58,2.36,4.54,1.42,1.32,3.63,1.86,4.25,4.15,2.24,3.89,1.41,4.3,1.5,1408,1501,0,2,4.57,2
0.35,0.61,0.81,0.74,1.29,0.26,1.48,3.4,5.0,6.0,1.82,2.22,2.5,2.67,7,3,1,3,61,41,0.01,0.32,0.21,0.79,5.97,2.87,1.76,2.19,2.48,4.96,2.53,4.12,2.8,2.52,1.05,2.34,4.68,4.8,4.58,1431,1761,1,3,0.45,0
0.77,0.33,2.35,1.89,0.48,2.3,0.53,1.29,3.6,2.4,2.56,2.45,4.64,4.25,5,3,2,4,59,41,0.1,0.68,0.63,0.37,2.78,1.8,1.36,3.52,3.89,2.07,3.51,1.41,1.19,4.3,4.49,3.2,1.71,4.39,1.32,2079,1830,1,4,3.21,2
0.08,0.14,1.64,0.64,3.09,2.87,2.33,3.37,2.2,3.1,4.68,1.05,1.01,4.74,7,3,2,0,49,49,0.12,0.94,0.74,0.26,5.98,1.41,2.45,1.68,4.47,2.45,4.0,3.82,1.42,2.76,2.43,2.24,1.54,2.46,4.81,1913,1684,0,1,4.8,0
0.34,0.26,0.5,2.56,1.3,1.0,2.96,1.49,2.4,2.4,2.86,2.48,1.01,3.27,5,4,3,2,37,61,0.02,0.33,0.87,0.13,3.41,4.55,1.68,4.68,3.82,4.29,1.37,4.31,3.23,1.03,3.52,3.41,3.46,1.24,1.67,1493,2001,1,4,2.52,1
0.52,0.57,0.37,0.26,2.33,1.14,4.27,3.93,2.6,7.8,1.44,2.19,2.3,1.67,4,7,5,5,40,62,0.55,0.73,0.92,0.08,2.91,3.33,2.52,1.7,3.56,3.1,3.36,1.64,3.08,4.94,4.42,4.27,3.05,1.61,1.73,1651,1445,1,5,3.91,0
0.22,0.94,1.66,2.34,2.88,1.36,1.37,3.61,5.1,7.6,2.48,4.4,1.37,4.25,5,7,5,0,42,61,0.73,0.38,0.7,0.3,3.18,3.95,2.32,3.91,4.97,2.68,4.16,1.84,2.75,4.2,2.63,2.19,1.16,4.42,1.27,1901,1920,0,4,4.42,0
0.02,0.63,0.79,0.54,2.55,1.2,1.72,0.73,4.9,3.3,4.31,4.85,4.11,1.83,6,5,0,5,44,55,0.92,0.78,0.27,0.73,4.29,2.04,4.21,2.71,4.43,3.7,2.5,3.31,2.16,3.76,2.17,3.26,2.58,1.02,3.37,1873,1623,0,1,3.99,0
0.25,0.0,3.12,1.09,1.27,0.69,4.39,1.28,5.1,3.9,3.67,3.76,3.02,2.84,4,3,3,5,53,48,0.56,0.62,0.3,0.7,2.82,1.39,2.13,4.19,2.31,3.5,2.78,3.35,4.12,1.98,3.4,1.54,4.27,4.98,1.29,1576,1500,1,4,3.58,2
0.8,0.31,0.34,3.11,0.57,3.27,2.36,3.14,1.6,1.9,3.14,3.19,1.81,4.3,3,5,6,3,39,59,0.58,0.49,0.83,0.17,5.74,4.59,1.34,1.41,3.83,2.54,4.75,3.25,2.74,2.84,1.03,2.1,1.29,4.57,3.73,1649,1547,1,5,1.81,0
0.15,0.01,0.43,3.71,1.1,0.27,0.24,2.41,6.0,5.3,3.53,1.64,1.61,3.34,6,7,0,4,50,52,0.93,0.04,0.78,0.22,3.83,4.59,3.21,1.7,3.68,1.61,4.27,2.49,4.71,1.3,2.4,4.9,2.22,2.17,2.96,1956,1458,0,3,0.35,0
0.92,0.69,0.31,1.77,1.66,1.48,2.32,0.29,4.7,4.8,1.29,4.12,2.16,1.59,7,3,6,5,52,49,0.72,0.27,0.36,0.64,3.24,1.95,4.78,3.86,1.31,1.48,1.96,1.26,4.45,1.38,1.37,3.31,4.21,1.21,3.92,1867,1708,0,1,0.18,0
0.15,0.61,1.7,2.0,1.35,1.6,3.67,2.59,7.6,2.2,1.97,4.05,1.61,4.59,6,6,5,4,38,64,1.0,0.32,0.18,0.82,4.16,1.78,2.45,1.21,4.83,4.88,2.57,3.87,2.79,3.93,2.44,3.66,2.24,4.37,1.5,2098,1659,0,3,0.78,0
0.51,0.71,3.01,3.53,1.54,1.53,3.76,4.19,7.1,4.8,1.65,4.7,1.73,4.77,4,7,5,0,40,57,0.87,0.87,0.05,0.95,4.17,1.37,1.56,1.84,2.78,1.06,4.4,4.79,4.53,3.6,3.12,2.58,4.42,4.88,2.85,1589,2080,1,3,3.39,0
0.13,0.0,2.3,3.14,1.9,2.33,2.81,2.87,6.4,7.1,4.73,1.01,4.87,1.87,2,6,1,4,44,58,0.6,0.1,0.77,0.23,3.76,2.72,1.85,4.31,1.62,4.57,2.04,4.95,1.27,1.84,1.56,2.85,1.06,1.26,4.09,2030,1970,1,2,1.32,2
0.84,0.16,0.48,1.87,0.3,3.07,2.54,3.98,4.0,1.7,2.96,2.87,4.29,1.58,6,3,5,3,50,52,0.5,0.96,0.71,0.29,4.1,1.91,2.93,1.3,2.54,3.96,4.61,4.83,2.83,1.02,1.06,3.28,1.9,3.22,2.45,2001,2017,0,1,4.71,2
0.69,0.79,2.72,3.63,0.87,0.68,3.17,2.45,1.7,3.0,3.69,2.8,1.06,2.21,3,2,1,4,46,53,0.5,0.87,0.7,0.3,4.34,2.23,2.6,4.54,2.68,4.42,1.74,4.29,1.77,3.36,2.36,1.1,3.06,1.55,3.7,1468,1418,1,5,1.88,1
0.36,0.54,0.75,2.34,3.32,2.0,3.25,3.98,4.7,7.8,4.3,1.5,3.27,4.04,2,4,6,0,44,56,0.8,0.6,0.12,0.88,3.35,2.09,4.55,2.68,4.05,4.23,4.03,2.07,4.3,4.01,3.11,1.64,3.24,4.62,4.75,1408,2006,0,1,1.63,0
0.15,0.25,2.54,2.67,0.56,1.98,0.56,1.56,5.1,6.2,4.41,3.99,2.8,3.18,6,7,4,4,61,36,0.88,0.56,0.71,0.29,2.69,2.11,3.35,4.59,1.89,4.19,2.16,4.02,4.51,1.48,4.3,1.24,3.56,4.94,1.63,1994,1464,0,2,3.1,2
0.05,0.02,3.16,3.02,2.94,2.06,3.34,2.35,4.1,5.9,3.83,2.01,3.46,4.02,5,2,3,4,52,47,0.06,0.61,0.62,0.38,3.19,3.67,3.03,1.36,3.87,1.43,3.16,2.93,2.15,3.29,2.2,4.05,1.23,3.43,2.14,1438,1669,1,2,3.43,0
0.5,0.06,2.89,1.25,1.78,2.94,2.25,2.16,5.6,7.7,4.04,4.31,1.8,4.87,2,7,3,2,37,60,0.85,0.03,0.58,0.42,3.1,2.87,3.5,1.33,3.71,1.55,2.24,2.95,4.85,4.64,2.44,3.33,3.75,3.32,1.12,1742,1700,0,5,4.9,0
0.29,0.3,1.21,3.33,1.4,1.16,0.28,1.95,1.5,7.4,2.79,2.62,2.99,4.51,3,3,3,4,55,47,0.04,0.66,0.83,0.17,2.52,3.46,3.99,1.5,1.66,3.36,2.07,2.76,2.96,4.88,4.33,3.74,3.15,2.38,4.6,2077,1794,0,5,4.02,0
0.22,0.57,3.25,2.17,2.35,2.23,2.08,2.69,7.4,4.1,4.02,4.86,1.14,1.9,7,6,6,2,48,53,0.43,0.67,0.35,0.65,2.1,3.1,2.22,2.41,4.54,1.26,1.85,3.44,1.11,3.77,4.85,1.18,4.43,2.04,4.12,1482,1681,0,4,3.99,0
0.56,0.84,2.22,3.08,1.68,3.22,2.73,3.4,7.9,6.1,1.24,3.73,1.81,1.28,3,3,0,6,39,59,0.73,0.35,0.53,0.47,5.76,2.24,2.5,1.01,4.25,3.49,2.97,3.36,3.1,1.97,4.94,1.11,2.58,3.79,3.38,1822,1628,1,4,3.96,0
0.74,0.35,2.43,1.76,3.46,0.25,0.98,3.76,2.8,3.4,1.86,4.22,4.2,2.27,3,3,3,4,54,46,0.16,0.07,0.87,0.13,3.87,2.27,3.94,1.02,2.28,3.43,4.55,4.45,3.64,1.45,1.99,1.61,3.58,2.74,2.98,2002,1628,1,5,1.24,0
0.21,0.62,3.28,0.25,2.47,0.63,2.18,1.84,5.8,3.8,1.32,3.52,3.86,3.18,7,6,5,5,64,34,0.36,0.04,0.83,0.17,2.26,2.48,1.55,1.92,1.87,4.74,2.34,4.18,4.47,1.63,1.17,4.4,1.89,4.72,1.26,1887,1544,0,5,1.02,1
0.6,0.88,2.03,0.62,2.79,2.54,0.88,1.89,5.7,6.2,2.46,1.12,3.8,2.98,7,4,6,6,36,62,0.26,0.09,0.69,0.31,5.84,3.13,4.06,1.3,2.01,2.56,4.31,2.66,4.47,2.89,3.78,4.38,4.31,4.25,4.04,1805,1747,0,3,4.6,2
0.67,0.78,2.83,0.22,3.15,2.58,3.72,4.49,1.9,7.7,3.27,1.57,1.43,2.63,7,7,1,5,49,53,0.22,0.74,0.61,0.39,2.64,4.18,4.65,1.51,4.23,2.33,2.27,1.44,1.45,4.22,3.54,3.89,1.54,2.32,3.5,1638,1935,1,5,1.3,0
0.97,0.83,1.63,3.78,2.23,2.38,0.73,3.7,2.4,5.2,2.95,2.78,2.77,3.54,2,3,6,4,54,46,0.14,0.86,0.37,0.63,2.86,4.82,3.3,4.95,1.16,2.23,3.49,4.33,2.61,4.84,4.02,1.34,3.08,3.92,3.15,2066,1750,1,4,4.97,2
0.41,0.34,3.29,0.64,0.55,0.4,3.12,3.14,7.5,2.5,1.73,4.65,3.39,4.24,4,6,3,2,45,52,0.68,0.77,0.46,0.54,3.65,4.77,4.13,2.13,4.01,4.34,2.61,1.56,2.87,3.85,1.19,1.93,1.59,4.64,1.24,1512,1861,0,5,4.31,0
0.23,0.25,1.2,1.45,1.36,1.73,0.85,2.86,3.6,3.0,3.42,3.84,3.79,1.71,6,2,0,0,59,41,0.74,0.24,0.9,0.1,4.58,1.65,2.17,1.19,1.91,3.37,2.18,4.1,1.16,3.85,4.75,3.55,3.33,1.24,2.41,1444,1814,1,3,3.64,2
0.5,0.09,2.16,0.32,0.83,3.05,1.78,1.61,1.6,4.9,2.49,3.49,2.14,3.19,4,6,1,1,57,40,0.44,0.63,0.01,0.99,2.97,4.94,3.84,4.35,4.46,4.88,3.85,1.31,1.75,3.28,3.19,3.63,1.55,2.81,3.12,2047,2091,1,1,0.41,2
0.07,0.95,3.6,1.76,2.13,1.51,1.59,1.99,2.3,1.6,4.78,2.21,4.66,4.24,4,2,4,1,63,39,0.37,0.2,0.8,0.2,3.28,3.98,1.6,1.76,2.42,1.23,3.19,3.49,4.92,2.14,4.88,3.6,1.32,2.18,3.55,1595,1551,1,2,3.19,2
0.97,0.66,3.09,0.29,0.63,2.19,1.21,0.54,3.8,4.4,3.28,4.19,4.32,3.7,3,2,5,1,39,59,0.58,0.35,0.46,0.54,3.4,4.41,1.23,3.13,1.75,4.99,3.13,2.04,4.61,3.43,2.12,2.74,1.27,2.96,1.38,1941,1905,0,1,1.66,2
0.89,0.81,1.67,1.39,1.1,0.73,1.71,4.08,6.5,3.2,4.26,3.28,3.41,4.32,7,2,5,5,44,57,0.16,0.84,0.55,0.45,3.25,1.91,4.72,1.86,1.84,2.43,4.74,4.35,3.59,3.16,4.28,1.12,1.38,4.46,2.47,1748,1475,1,3,3.38,0
0.46,0.08,3.06,0.71,0.63,2.57,1.46,3.53,4.9,7.7,3.05,2.44,3.8,3.93,6,6,2,2,35,65,0.14,0.7,0.96,0.04,3.46,2.11,3.87,4.41,3.47,4.12,4.73,2.07,3.16,4.65,2.86,1.94,2.04,3.74,4.27,1433,1518,1,3,1.95,2
0.25,0.25,2.53,0.7,3.4,0.59,4.29,0.88,1.4,6.9,4.09,4.48,3.87,4.44,4,6,3,6,50,51,0.99,0.72,0.53,0.47,2.87,4.19,1.25,2.28,3.63,2.28,4.84,3.8,3.88,3.42,4.11,2.21,1.29,1.53,1.64,1434,2060,1,4,1.75,1
0.28,0.03,2.01,1.8,0.9,0.42,0.67,1.49,7.0,1.3,1.35,1.72,4.59,1.71,5,5,0,3,35,64,0.98,0.39,0.74,0.26,5.44,2.73,1.58,3.57,4.11,3.07,2.26,3.08,2.42,2.55,2.47,2.95,2.1,3.25,4.02,1778,1948,0,2,2.26,2
0.67,0.57,3.52,1.74,0.63,1.37,0.62,2.35,6.3,6.4,4.86,1.6,3.84,3.04,6,7,4,1,64,36,0.77,0.5,0.19,0.81,2.1,2.32,4.06,4.25,3.39,4.15,2.25,3.41,4.05,2.03,2.46,1.3,2.64,1.31,4.75,1414,1720,0,5,3.98,2
0.61,0.6,1.83,3.35,1.1,1.64,3.15,4.12,2.4,1.9,2.4,4.42,3.22,1.71,6,4,5,2,38,61,0.71,0.01,0.89,0.11,4.92,3.34,3.97,4.35,2.97,4.53,4.76,2.89,2.86,1.45,1.4,1.03,3.03,1.84,4.58,1832,1991,0,5,3.65,1
0.48,0.46,1.52,1.57,0.38,2.82,0.51,3.0,3.4,2.5,1.95,4.24,1.22,3.59,5,5,2,0,39,59,0.19,0.11,0.49,0.51,4.9,3.45,1.37,1.63,1.67,1.1,2.45,3.17,4.84,4.45,2.6,2.01,1.46,2.62,4.83,2040,1931,1,5,4.88,1
0.33,0.6,1.83,2.77,3.37,1.79,3.15,2.27,4.9,6.5,2.34,4.84,3.43,3.92,6,3,4,0,51,51,0.5,0.4,0.44,0.56,5.61,4.52,3.77,3.59,2.94,2.16,4.56,4.95,3.86,4.49,3.36,1.36,2.39,3.86,2.93,1782,1427,0,4,0.52,0
0.02,0.61,0.53,3.46,1.78,2.2,2.76,1.98,2.2,3.7,2.63,4.33,4.51,4.89,4,5,1,3,63,40,0.95,0.4,0.88,0.12,4.03,1.59,3.39,4.15,4.07,3.83,1.44,3.99,4.53,3.28,4.54,1.99,2.23,3.76,1.64,1736,1534,0,1,1.86,0
0.58,0.68,0.48,1.83,0.83,0.52,0.38,0.84,5.9,3.0,4.63,4.97,3.03,2.64,3,7,4,5,56,44,0.65,0.79,0.55,0.45,2.08,3.68,2.17,3.12,1.17,2.76,1.27,3.44,2.25,2.26,1.88,4.94,3.64,1.73,3.22,1676,1625,0,1,0.05,2
0.39,0.61,0.91,0.78,1.13,3.05,1.79,1.49,7.1,2.5,4.03,4.02,4.99,4.36,3,5,5,3,51,51,0.86,0.13,0.8,0.2,5.26,4.63,4.53,3.69,4.56,3.0,4.11,3.64,3.59,2.49,1.42,2.57,2.62,4.99,4.7,1947,1990,0,1,1.74,2
0.9,0.7,1.09,0.94,2.23,2.21,3.15,4.31,3.4,4.0,4.91,2.15,4.15,4.8,4,5,3,4,54,45,0.92,0.62,0.88,0.12,2.74,4.09,4.17,4.18,2.66,2.73,3.79,1.24,1.98,2.14,3.43,3.6,1.45,3.16,1.94,2026,1890,1,2,0.95,2
0.94,0.61,2.05,3.03,1.51,1.75,2.18,1.47,3.7,4.1,2.67,2.5,2.16,4.12,2,3,0,4,55,48,0.51,0.22,0.46,0.54,3.04,2.9,2.05,4.6,3.9,1.48,4.99,3.51,1.94,1.32,3.61,2.86,2.82,3.0,4.62,1506,1527,0,1,0.21,1
0.77,0.43,2.94,2.14,1.19,0.71,1.43,3.62,5.7,4.8,3.97,4.45,1.99,3.47,6,7,2,1,51,48,0.1,0.3,0.53,0.47,2.8,3.4,2.49,4.27,3.77,3.58,2.89,4.6,2.97,4.35,4.27,4.91,2.25,4.9,4.97,1940,1482,1,1,4.81,1
0.01,0.46,0.81,0.4,1.73,3.29,1.33,3.19,1.7,6.1,4.98,3.42,4.2,1.31,5,4,5,2,52,51,0.19,0.61,0.78,0.22,2.73,1.56,3.52,1.38,4.24,1.32,4.68,3.27,2.11,3.7,2.68,1.78,1.28,2.38,3.17,1474,2075,0,5,3.02,1
0.86,0.31,2.18,3.38,3.38,0.7,3.93,0.75,4.1,3.9,2.7,2.41,4.1,2.14,7,5,1,4,40,57,0.52,0.9,0.32,0.68,3.71,3.41,1.84,2.11,2.63,1.46,3.72,3.3,3.48,4.54,3.07,1.44,1.92,3.3,4.73,1618,1543,1,1,0.47,1
0.87,0.29,2.0,1.74,1.22,2.85,1.16,0.21,6.5,4.1,2.03,1.29,1.45,1.62,4,6,3,4,44,56,0.54,0.11,0.54,0.46,4.66,4.06,1.38,4.33,4.15,2.79,1.48,4.76,4.22,2.83,1.5,2.14,1.8,4.67,2.08,1746,1762,0,1,4.6,2
0.22,0.87,1.2,0.22,2.9,2.18,2.99,3.77,5.9,4.8,2.08,3.91,3.93,1.0,3,5,1,6,45,57,0.49,0.63,0.79,0.21,5.68,2.41,2.46,3.89,1.25,1.45,2.41,2.13,3.32,3.3,2.75,3.61,4.21,3.99,3.17,1692,1892,1,2,1.97,2
0.74,0.13,2.02,3.78,0.55,0.87,2.78,3.65,3.3,7.6,1.47,1.21,4.66,3.06,5,3,6,0,49,54,0.39,0.5,0.31,0.69,4.13,3.61,2.63,2.44,1.31,1.42,4.29,4.19,1.2,4.57,2.11,2.77,1.92,4.79,2.86,1813,2048,1,4,0.8,2
0.21,0.74,1.02,3.78,2.09,1.25,1.8,2.69,6.9,3.6,2.5,2.82,1.77,2.07,5,6,6,0,49,49,0.91,0.21,0.75,0.25,4.52,4.21,3.11,4.01,3.23,4.47,3.73,3.83,1.43,1.83,2.69,1.95,1.61,3.93,3.15,1736,1926,1,3,4.64,0
0.71,0.66,0.68,0.21,2.26,0.48,2.54,1.82,1.4,5.6,3.85,1.62,4.0,3.81,2,5,5,4,40,63,0.73,0.29,0.93,0.07,3.71,3.9,3.35,4.01,4.64,3.7,2.42,1.88,3.5,1.44,3.05,1.32,3.38,1.27,2.44,2075,1490,1,3,1.45,2
0.44,0.52,0.74,0.76,0.98,0.61,1.13,3.31,4.3,1.4,1.87,2.54,2.41,4.62,6,4,4,0,56,42,0.18,0.28,0.17,0.83,2.83,3.8,3.89,2.0,2.82,3.71,2.98,4.35,4.37,1.8,1.26,2.38,1.43,4.26,3.97,1928,2097,0,4,0.42,0
0.25,0.34,1.37,2.79,1.29,1.51,2.59,0.99,4.4,4.6,1.46,4.57,3.65,3.87,2,7,4,5,65,35,0.9,0.86,0.68,0.32,4.1,4.36,3.12,2.98,2.77,2.55,4.17,2.86,2.43,2.44,3.07,4.98,1.45,4.46,1.48,1920,1751,0,3,1.55,0
0.92,0.05,3.36,1.98,1.8,1.83,2.65,1.36,3.5,4.3,3.59,1.36,4.25,1.12,6,2,4,6,58,44,0.55,0.93,0.04,0.96,5.11,3.41,1.53,2.93,3.19,1.97,1.38,2.85,3.44,4.51,4.81,4.61,3.7,4.04,4.26,1776,1615,0,1,1.02,2
0.75,0.48,2.92,2.84,2.31,3.0,2.64,3.43,3.5,4.3,1.52,2.55,2.08,2.3,2,6,3,2,52,45,0.05,0.78,0.92,0.08,3.45,1.19,3.59,2.13,3.9,2.63,2.94,1.17,4.71,1.35,2.94,2.79,4.28,1.57,2.01,1943,1987,0,5,3.74,0
0.24,0.98,0.91,2.26,3.02,3.29,2.81,4.24,6.4,6.8,2.83,4.84,4.6,2.73,6,7,0,3,43,59,0.6,0.44,0.38,0.62,4.85,1.72,2.73,2.1,1.02,3.2,4.57,4.07,2.84,2.14,1.54,1.26,2.98,4.97,3.33,1898,1927,1,2,4.99,0
0.36,0.25,3.28,3.05,0.49,3.33,3.55,3.2,3.1,7.8,2.82,3.11,2.56,3.57,5,2,3,5,51,47,0.24,0.67,0.06,0.94,2.83,3.97,4.64,4.45,1.85,4.92,4.73,1.95,3.84,2.5,3.83,2.25,1.48,1.24,2.74,1946,2093,1,4,0.04,2
0.76,0.67,1.43,1.17,1.65,2.84,1.82,2.59,4.6,2.2,1.54,1.82,3.73,2.4,7,2,1,2,38,62,0.44,0.11,0.38,0.62,2.97,2.99,3.05,2.94,1.63,4.75,2.89,1.12,1.72,3.11,1.51,1.65,2.3,2.49,2.73,2029,1694,1,1,2.53,2
0.49,0.63,0.45,1.68,2.66,2.44,3.85,0.56,3.8,1.2,4.32,4.85,2.37,2.72,3,7,4,3,42,56,0.86,0.05,0.78,0.22,5.09,4.19,1.06,3.12,4.42,3.24,3.4,1.12,4.05,1.19,3.17,2.82,1.03,1.77,3.2,1534,1737,0,1,1.6,1
0.15,0.36,0.43,0.83,0.51,1.34,3.9,0.25,2.1,4.1,3.62,1.2,2.83,3.13,6,5,3,0,46,54,0.9,0.73,0.92,0.08,4.2,3.75,1.06,2.17,1.71,2.29,2.01,3.08,3.55,2.68,4.14,2.49,1.59,1.15,1.17,1530,1478,1,1,4.19,2
0.05,0.54,3.3,0.64,2.23,3.29,2.45,2.79,3.3,6.1,2.4,2.02,3.76,3.28,3,3,5,5,60,38,0.33,0.5,0.21,0.79,5.16,1.67,1.91,4.65,4.94,3.91,1.03,2.48,1.5,2.57,2.04,2.99,1.37,3.56,4.95,1645,1574,0,5,0.75,2
0.25,0.74,2.06,2.73,3.16,1.08,0.28,2.11,5.3,2.9,3.05,1.16,4.83,1.23,5,6,2,3,50,49,0.98,0.84,0.52,0.48,2.27,4.74,1.41,3.21,4.37,3.98,3.2,4.73,4.77,4.62,4.08,3.25,4.33,3.49,3.96,1830,1999,0,4,3.45,2
0.06,0.75,1.48,2.54,0.99,3.29,3.2,1.52,3.1,3.3,3.04,2.79,2.62,2.07,3,3,2,0,58,39,0.91,0.97,0.66,0.34,2.22,2.03,4.56,1.78,4.94,2.81,2.47,1.24,4.03,4.3,4.03,3.74,4.07,4.08,2.29,1803,1928,0,3,2.46,0
0.08,0.93,0.41,2.41,3.1,0.25,1.89,2.47,5.1,7.5,3.18,1.03,2.51,2.1,5,6,1,2,62,36,0.2,0.67,0.48,0.52,3.59,2.55,1.11,4.36,3.88,3.6,3.08,4.73,3.23,3.89,1.99,4.77,2.04,1.64,1.25,1673,2051,0,4,2.7,0
0.2,0.99,1.04,2.64,3.2,0.25,2.79,3.72,7.5,4.7,4.41,3.16,4.58,1.01,2,7,5,3,45,57,0.01,0.87,0.18,0.82,2.48,3.19,4.66,3.22,3.44,1.28,4.37,2.63,2.46,4.23,1.95,1.0,3.96,1.38,4.29,1413,1554,0,2,3.17,0
0.73,0.05,2.31,2.38,0.32,0.45,4.28,3.21,2.9,7.2,1.07,4.74,3.41,2.81,2,6,2,4,37,65,0.58,0.48,0.35,0.65,2.88,1.47,2.05,4.21,4.18,2.96,2.96,1.28,3.55,3.32,3.2,4.87,1.74,2.42,3.33,1606,2087,1,4,1.98,0
0.12,0.55,2.82,2.45,2.51,2.47,4.39,1.7,3.8,1.1,2.03,3.05,3.75,4.7,6,2,5,2,60,37,0.76,0.3,0.59,0.41,3.0,2.64,3.31,1.6,4.46,3.15,2.68,1.22,2.92,4.66,4.12,4.96,4.68,3.66,2.98,1897,1536,1,2,4.5,0
0.2,0.72,0.53,0.47,1.64,3.04,4.11,3.5,3.3,4.0,1.78,1.73,4.84,3.3,4,6,5,3,52,47,0.69,0.6,0.95,0.05,4.19,1.78,2.86,4.24,1.71,3.22,4.23,4.84,3.23,4.46,1.06,4.41,4.66,3.04,1.41,1707,2032,0,2,3.71,2
0.84,0.2,3.5,2.23,1.18,1.05,0.89,1.22,6.8,8.0,2.67,4.48,3.19,1.04,2,6,2,3,47,50,0.03,0.94,0.28,0.72,2.63,2.31,1.52,2.24,1.54,2.57,3.69,3.41,3.15,1.11,3.63,4.05,4.54,3.76,2.45,1430,1484,0,5,4.97,2
0.43,0.52,1.67,2.88,0.58,2.28,2.72,0.71,4.2,7.3,2.79,1.77,1.66,3.74,4,5,3,5,47,50,0.87,0.51,0.69,0.31,3.58,1.17,2.51,1.3,4.71,1.11,4.22,2.21,3.88,4.54,2.23,4.67,3.14,4.94,3.07,1896,1853,1,1,4.24,0
0.84,0.44,3.01,3.08,2.91,3.49,4.5,1.5,7.8,3.0,2.39,4.17,3.82,3.76,6,2,6,5,51,49,0.09,0.26,0.76,0.24,4.78,2.14,4.66,1.81,3.2,3.35,3.3,4.63,3.65,1.87,4.21,1.33,2.3,4.44,3.88,1604,1753,1,5,2.78,0
0.36,0.87,0.54,2.55,1.22,2.31,1.5,2.06,2.6,1.5,1.44,1.92,4.82,2.67,5,7,0,1,60,43,0.82,0.63,0.69,0.31,2.31,1.13,3.33,3.12,1.78,2.62,1.71,3.41,4.2,3.08,2.26,4.03,2.48,3.87,2.21,1498,1482,0,3,1.61,1
0.61,0.1,1.3,2.14,0.72,1.75,3.9,2.42,2.4,7.3,4.59,1.05,2.22,4.91,6,3,5,4,38,62,0.11,0.45,0.93,0.07,5.03,3.58,4.51,1.53,4.57,4.14,1.23,4.77,4.79,1.45,2.98,4.47,3.1,4.4,2.88,1808,2005,1,4,4.43,0
0.88,0.85,0.3,2.05,2.28,2.36,2.2,1.44,4.7,1.4,3.23,4.15,3.75,3.66,5,6,1,1,46,57,0.33,0.75,0.77,0.23,5.64,4.41,1.28,4.57,3.04,1.43,3.75,1.11,3.41,2.74,3.43,1.47,4.88,2.69,3.94,1633,1566,1,4,0.82,2
0.15,0.04,2.69,3.29,3.17,2.19,3.47,0.45,1.9,2.7,3.96,4.27,4.81,4.43,2,2,0,2,47,54,0.12,0.5,0.2,0.8,4.94,4.05,3.04,2.5,3.72,1.67,4.85,1.68,4.97,2.03,2.86,2.83,1.45,2.69,4.55,2021,1769,0,5,0.08,0
0.74,0.98,0.46,1.94,0.53,2.72,0.4,2.61,7.9,5.2,4.49,1.01,4.23,1.02,3,4,0,3,65,37,0.24,0.6,0.38,0.62,3.59,4.31,4.52,1.43,2.08,1.68,4.8,2.96,4.23,4.36,1.53,1.37,4.88,4.08,3.36,1616,1492,0,5,3.03,2
0.88,0.13,2.09,0.34,2.94,2.71,1.29,3.43,6.1,5.5,3.2,3.7,3.74,4.5,5,3,5,6,53,50,0.61,0.53,0.79,0.21,3.94,1.14,4.25,4.47,3.75,2.15,2.91,4.15,2.12,3.04,4.18,3.27,2.58,4.28,3.74,1524,1772,0,1,4.68,0
0.36,0.51,3.73,1.06,1.49,1.74,3.25,2.01,2.9,2.0,2.77,4.65,1.3,4.9,7,3,0,4,41,59,0.28,0.75,0.42,0.58,5.63,2.38,1.16,3.96,1.31,4.31,1.19,4.6,3.05,2.17,1.43,2.94,2.08,2.22,4.13,1469,1867,1,4,2.85,1
0.71,0.56,2.43,3.7,0.41,1.98,0.29,2.19,6.0,5.4,2.96,4.04,1.34,4.87,6,5,3,2,52,45,0.25,0.14,0.67,0.33,4.32,4.3,2.11,2.91,4.48,2.11,3.75,1.29,4.77,1.49,1.77,1.86,3.2,3.55,3.28,1635,1797,1,4,1.0,0
0.32,0.05,1.26,2.84,3.31,1.9,1.48,3.79,6.2,7.1,4.23,2.07,2.42,2.25,6,5,1,6,47,55,0.5,0.22,0.12,0.88,4.02,2.79,2.84,2.14,4.03,1.64,1.48,1.49,1.08,3.18,2.22,3.31,3.88,4.4,3.16,1877,1401,1,2,2.3,0
0.47,0.18,3.73,2.85,2.35,0.6,2.84,2.85,3.7,6.2,2.83,2.58,3.93,2.94,7,4,1,0,55,46,0.32,0.57,0.93,0.07,5.84,2.09,3.48,4.23,1.05,3.17,4.71,3.38,3.58,3.63,2.85,3.11,2.98,2.36,2.79,1499,1975,0,1,0.17,2
0.35,0.17,1.5,1.67,1.53,1.01,1.13,1.7,5.1,1.0,4.03,2.58,2.34,2.07,5,3,6,6,56,42,0.37,0.35,0.08,0.92,5.28,4.0,1.98,2.55,3.25,1.27,3.66,1.71,1.64,3.11,1.51,3.09,2.75,2.01,2.51,1906,2078,0,1,0.69,2
0.55,0.16,3.72,0.4,1.77,2.14,0.83,1.63,4.2,7.2,1.89,1.58,2.46,2.13,4,3,1,1,57,42,0.18,0.32,0.31,0.69,5.97,3.96,2.6,3.95,4.66,4.59,4.82,2.68,4.0,4.46,1.65,2.99,1.8,2.88,1.58,1780,1431,1,5,1.35,2
0.88,0.84,3.73,2.2,2.23,0.84,0.66,0.77,2.2,1.5,3.06,1.93,2.41,3.28,4,5,2,5,38,61,0.76,0.15,0.76,0.24,5.24,4.69,3.86,2.61,3.99,4.65,4.66,4.69,2.98,1.59,4.05,2.47,3.41,1.11,4.39,1962,1912,1,5,2.29,1
0.8,0.5,1.78,0.21,1.89,1.58,0.47,1.15,3.1,5.7,3.78,1.2,1.32,2.82,3,4,5,4,45,53,0.26,0.4,0.75,0.25,5.07,1.08,2.79,1.67,4.59,4.57,1.02,2.66,1.14,1.77,2.82,3.79,4.4,1.95,4.93,1963,1647,1,2,4.78,0
0.63,0.6,2.84,1.0,1.65,3.33,1.38,0.23,1.0,6.1,3.07,2.21,4.09,1.38,5,6,4,1,51,49,0.99,0.29,0.08,0.92,2.92,1.83,3.93,2.56,2.88,2.12,4.09,3.95,1.89,3.74,4.64,2.83,4.14,1.16,2.14,1713,1744,0,1,3.92,2
0.83,0.22,2.49,1.83,0.69,0.87,0.91,4.23,1.3,1.1,2.29,4.98,3.15,2.98,6,5,4,0,51,49,0.34,0.24,0.92,0.08,2.1,3.16,3.88,2.61,4.47,3.04,4.46,1.04,4.94,1.87,2.56,3.87,2.26,3.1,4.65,1622,1611,1,1,3.68,0
0.53,0.2,2.61,2.83,2.21,1.81,1.95,1.45,4.1,2.4,2.1,2.8,2.99,2.03,4,3,6,0,40,59,0.45,0.05,0.16,0.84,4.84,3.08,4.91,1.42,2.7,3.96,2.35,2.35,4.52,2.53,2.36,2.45,2.3,2.08,2.27,1639,2004,1,2,0.22,0
0.15,0.68,0.55,1.68,2.47,2.59,3.8,2.41,7.7,1.7,4.46,1.74,2.04,3.6,4,7,4,0,50,51,0.32,0.66,0.09,0.91,2.86,3.36,2.54,4.55,3.94,2.02,4.13,4.93,1.17,4.46,1.47,1.09,3.71,4.59,2.54,2008,1484,0,3,0.02,1
0.39,0.6,3.2,0.7,2.96,2.65,3.36,2.0,1.4,4.7,2.96,1.97,2.42,3.97,5,7,1,1,61,41,0.13,0.2,1.0,0.0,3.4,3.6,1.56,1.15,1.57,1.15,3.36,1.82,1.82,4.06,3.43,4.67,2.34,2.57,3.72,1898,1751,0,5,3.64,2
0.18,0.87,1.93,0.79,2.7,0.28,3.17,3.57,4.1,5.2,3.48,4.79,2.84,1.96,6,4,3,3,36,62,0.69,0.79,0.3,0.7,3.16,3.8,4.37,1.7,2.66,3.45,3.55,4.8,2.87,2.07,2.29,3.35,2.99,2.62,3.12,1805,2031,1,2,2.55,0
0.4,0.09,1.49,1.47,2.03,2.62,2.91,0.21,5.3,2.3,1.02,4.39,4.94,1.45,4,4,0,6,53,45,0.83,0.37,0.9,0.1,5.1,1.09,3.08,4.41,3.66,4.15,1.5,3.87,1.06,2.13,2.93,2.48,1.17,2.45,4.16,1558,1838,0,3,0.95,1
0.26,0.37,2.19,3.12,1.76,1.28,1.81,1.21,7.4,1.5,2.98,1.02,1.85,3.69,6,6,5,6,55,45,0.67,0.74,0.51,0.49,2.25,1.06,1.89,2.71,3.29,4.68,4.8,2.43,2.56,1.4,1.89,4.28,4.03,1.33,3.6,1912,2024,1,2,0.05,0
0.28,0.62,0.86,0.43,1.34,3.45,1.23,3.92,5.0,3.7,4.99,4.36,2.09,3.42,6,2,4,5,64,39,0.1,0.29,0.2,0.8,3.89,1.59,1.9,2.37,1.78,3.7,1.59,4.69,1.76,2.94,3.21,2.34,2.56,2.37,3.17,1825,1689,0,4,1.54,2
0.52,0.74,1.94,1.28,1.07,1.69,4.26,3.14,3.6,6.9,1.77,3.85,3.59,2.86,6,6,6,1,45,58,0.89,0.67,0.47,0.53,2.26,3.8,2.38,3.17,2.46,3.35,1.74,1.27,2.97,4.92,1.47,2.46,4.54,3.22,3.17,1679,1485,0,4,1.26,2
0.55,0.24,3.27,2.67,2.28,0.92,2.05,3.49,7.5,3.4,1.74,4.07,2.58,1.81,7,5,4,1,56,42,0.67,0.74,0.85,0.15,2.2,4.41,1.2,1.32,2.96,3.19,3.2,3.45,4.27,2.24,1.81,3.87,3.68,3.76,4.96,1991,1755,0,3,0.51,1
0.48,0.3,0.6,2.26,2.87,0.29,4.09,0.2,3.8,5.7,1.02,3.55,4.14,2.06,6,5,2,0,50,53,0.29,0.93,0.27,0.73,4.47,3.3,4.61,4.36,3.77,3.39,3.57,3.69,1.16,3.24,3.22,2.93,4.32,2.57,1.35,1712,1784,1,5,4.29,0
0.73,0.64,2.13,1.13,1.31,1.94,3.63,4.25,1.2,7.0,4.88,1.68,2.9,2.07,4,6,0,0,43,56,0.96,0.15,0.16,0.84,2.61,2.74,3.72,2.43,4.58,4.92,4.38,3.13,1.99,3.64,2.87,3.43,1.88,2.14,3.61,1550,1646,0,5,1.32,2
0.92,0.66,3.29,1.95,2.22,0.82,2.48,3.0,6.0,4.5,2.25,2.66,2.2,3.12,2,2,2,4,65,32,0.45,0.13,0.81,0.19,3.3,1.29,2.63,2.55,3.05,4.87,3.69,2.27,1.77,4.87,4.37,3.87,4.0,2.44,2.64,1680,2020,1,4,0.15,0
0.7,0.74,0.55,0.77,2.57,3.08,2.73,3.59,5.5,2.3,4.94,2.87,3.17,1.31,7,3,0,5,58,41,0.75,0.67,0.04,0.96,5.66,4.02,4.25,2.72,2.64,3.95,3.68,1.75,2.4,4.35,2.3,3.09,2.22,2.38,4.49,1619,1429,1,2,2.11,2
0.98,0.12,0.71,1.55,0.39,3.5,3.62,2.36,1.6,7.6,3.17,1.61,2.99,4.49,4,5,1,4,62,40,0.7,0.26,0.14,0.86,5.35,1.22,2.77,4.5,4.77,3.05,3.35,2.88,3.62,2.68,2.13,1.14,4.75,4.19,2.01,1612,2077,1,3,0.8,2
0.2,0.13,3.1,3.65,0.99,1.13,4.23,3.57,4.4,7.0,4.5,2.25,1.1,2.14,7,3,5,1,47,56,0.54,0.16,0.83,0.17,2.66,2.94,3.42,4.04,4.49,4.55,3.59,1.97,1.03,2.91,3.15,2.25,3.09,2.66,4.77,1657,1972,1,2,2.05,1
0.57,0.1,2.46,1.57,1.06,3.34,2.38,1.26,6.6,7.8,4.77,2.19,1.06,1.41,4,2,6,5,58,40,0.62,0.5,0.07,0.93,2.48,1.74,2.47,2.36,1.77,1.45,1.04,3.0,2.69,4.41,3.56,3.5,1.56,3.06,4.17,1525,1848,1,4,3.05,2
0.56,0.45,2.3,2.47,1.15,1.43,1.23,0.23,1.9,1.1,2.78,2.04,1.93,3.15,6,2,2,0,51,50,0.92,0.88,0.05,0.95,5.06,4.79,1.27,3.06,3.17,1.66,3.67,4.48,2.89,2.8,1.74,3.39,1.02,4.59,4.28,1583,1883,1,1,3.32,2
0.93,0.39,1.16,3.6,3.22,1.28,4.24,2.05,3.0,1.2,1.37,4.79,2.37,4.92,7,6,5,6,50,51,0.07,0.66,0.68,0.32,2.97,4.72,1.07,1.47,1.8,1.54,2.5,2.14,4.41,1.87,1.44,3.95,2.21,4.91,2.45,1845,1847,1,3,0.8,0
0.44,0.29,0.5,3.21,2.29,3.18,2.12,2.45,2.0,4.8,1.87,1.66,1.83,3.39,3,6,3,1,54,48,0.69,0.34,0.3,0.7,4.05,2.67,2.91,4.07,4.65,3.82,4.47,1.68,4.04,3.98,1.19,3.26,1.33,1.33,3.14,2070,1552,0,2,2.47,0
0.03,0.15,1.39,2.65,0.54,1.48,3.49,0.85,5.3,4.2,1.94,1.75,1.61,4.84,7,4,0,6,57,43,0.93,0.65,0.41,0.59,4.01,4.89,3.46,3.53,3.94,2.94,4.98,1.16,3.17,1.96,1.08,3.54,1.38,2.48,3.13,2016,1949,0,2,3.36,0
0.61,0.84,2.96,0.5,3.12,3.13,2.53,2.66,2.2,2.9,4.1,3.58,1.19,4.81,5,2,4,5,41,61,0.32,0.72,0.81,0.19,3.16,3.6,4.01,3.74,2.32,2.76,2.12,1.32,3.4,1.24,1.04,1.35,1.94,4.31,2.34,1719,1844,0,2,2.92,1
0.3,0.66,0.45,2.98,0.68,2.63,3.26,3.41,2.3,1.3,4.49,4.41,4.53,4.83,6,2,4,5,63,35,0.52,0.51,0.24,0.76,3.32,1.64,3.68,1.81,3.51,2.79,4.64,1.32,4.58,4.19,3.75,1.33,4.3,2.41,2.16,1982,1428,0,1,3.6,0
0.63,0.96,0.33,3.71,2.8,3.17,1.73,1.28,7.4,2.6,3.28,3.8,1.01,2.93,4,5,5,0,60,39,0.77,0.02,0.66,0.34,2.24,4.57,3.41,1.64,1.84,4.77,3.21,1.91,4.51,4.16,4.02,3.87,1.24,3.79,2.83,1568,1640,1,2,3.17,0
0.42,0.48,1.61,3.33,1.3,2.18,0.58,4.35,6.3,2.5,2.6,1.68,1.66,3.98,6,7,3,0,36,63,0.83,0.62,0.23,0.77,3.7,2.5,2.94,3.52,1.22,1.97,3.23,4.81,1.38,1.4,1.81,4.39,3.4,1.73,4.02,1744,1635,0,2,3.39,1
0.78,0.42,3.49,3.25,2.54,2.4,0.51,0.63,7.2,1.5,3.3,4.9,2.31,2.63,3,4,1,5,61,40,0.15,0.02,0.65,0.35,2.1,4.65,1.26,1.58,2.34,2.15,3.51,2.67,1.24,2.79,1.69,4.5,1.13,2.78,2.03,1888,1415,1,3,2.35,2
0.13,0.35,3.42,3.33,2.71,2.35,0.76,3.84,6.5,7.0,4.45,2.02,4.08,2.4,7,4,1,6,64,34,0.84,0.48,0.95,0.05,2.09,1.22,3.9,4.11,2.55,1.8,5.0,1.75,1.74,3.4,1.65,1.39,1.27,2.96,3.3,2072,1925,0,3,3.8,2
0.02,0.92,0.24,3.26,0.56,1.1,0.56,2.6,5.4,5.0,2.78,4.33,2.35,4.28,5,7,2,5,43,58,0.72,0.9,0.23,0.77,2.17,1.89,4.17,4.76,3.62,2.01,4.89,3.52,3.5,3.27,2.5,4.59,3.04,2.03,1.99,1667,1933,1,5,0.02,0
0.26,0.97,3.01,2.62,0.75,3.04,0.56,3.57,7.0,6.2,1.51,1.33,1.67,2.54,7,2,0,3,36,65,0.54,0.44,0.8,0.2,5.06,4.24,3.27,2.93,3.55,4.77,3.78,4.72,2.55,1.19,3.36,4.41,2.45,1.0,1.45,1511,1813,0,3,2.81,2
0.23,0.5,1.99,1.0,2.87,0.38,0.35,3.36,7.8,3.9,3.5,2.9,2.99,3.41,4,3,2,2,59,40,0.69,0.05,0.02,0.98,4.34,2.65,2.33,2.79,3.47,4.78,3.19,1.54,4.27,4.12,2.0,4.61,1.13,4.79,1.55,1914,1846,1,4,0.94,0
0.57,0.5,2.34,1.48,2.66,2.98,2.08,1.36,2.2,7.3,3.32,1.45,1.92,1.86,3,4,3,3,39,62,0.45,0.17,0.8,0.2,2.45,2.62,3.87,2.47,1.8,4.1,2.05,1.04,3.48,1.35,4.54,3.58,4.3,3.06,2.44,1720,1460,1,5,4.75,2
0.3,0.57,3.36,0.77,0.38,3.15,0.89,1.1,6.6,3.9,1.27,2.49,4.76,4.55,4,5,3,3,65,33,0.29,0.21,0.22,0.78,5.1,3.21,2.29,2.35,2.43,1.12,3.72,4.94,3.63,2.77,2.01,3.24,3.09,4.76,4.82,1779,1811,1,4,1.14,2
0.5,0.72,3.14,0.53,2.12,1.16,1.95,3.02,2.9,2.3,3.94,4.14,1.81,2.72,3,7,5,3,54,45,0.01,0.83,0.66,0.34,3.5,2.85,4.15,2.59,2.52,3.33,1.7,2.84,2.82,4.24,2.33,3.79,3.74,1.15,4.23,1979,1593,1,4,2.16,0
0.65,0.41,2.68,2.19,0.22,0.87,2.6,4.19,2.8,1.8,2.27,2.16,2.5,4.3,5,3,1,4,39,62,0.6,0.88,0.87,0.13,2.36,1.21,3.3,2.65,4.42,3.62,4.1,4.23,3.61,1.82,3.02,2.81,1.32,1.98,3.94,1411,2021,0,3,4.55,0
0.43,0.34,2.44,2.82,0.67,2.98,1.08,1.16,5.7,4.2,1.15,2.88,2.97,1.72,7,7,6,4,51,50,0.28,0.37,0.84,0.16,5.58,4.7,4.44,3.28,4.59,2.52,3.78,4.09,2.69,3.54,4.19,4.29,2.15,3.1,2.77,1744,1533,1,1,2.92,1
0.62,0.9,0.56,1.51,2.66,1.29,1.56,1.62,4.7,2.3,4.08,2.42,2.59,3.49,2,5,0,5,63,36,0.91,0.53,0.32,0.68,4.37,3.95,2.78,4.63,3.94,4.78,1.01,4.27,3.9,1.04,3.08,3.91,4.2,3.57,3.13,1451,1603,0,4,0.63,1
0.87,0.96,3.24,3.66,1.55,2.73,1.56,2.87,5.1,6.3,3.34,1.6,2.62,4.13,3,2,6,1,51,50,0.62,0.91,0.97,0.03,5.37,1.56,1.65,1.86,1.72,2.28,3.46,2.28,3.04,4.06,4.36,1.82,2.93,2.34,3.57,1529,1735,0,3,2.42,1
0.6,0.66,3.11,0.33,0.83,1.83,4.42,4.3,3.2,6.8,4.87,4.97,3.78,3.53,7,5,6,1,60,38,0.18,0.56,0.73,0.27,3.94,2.21,1.28,3.32,3.36,1.28,1.3,3.54,3.33,2.48,1.89,2.74,1.39,3.01,1.39,1576,2095,0,5,4.87,2
0.91,0.03,2.75,3.8,1.31,3.27,2.13,0.72,6.2,2.5,2.28,2.62,2.56,2.5,3,5,2,5,60,41,0.49,0.83,0.59,0.41,3.95,4.78,1.86,2.38,4.39,1.3,2.05,4.18,3.81,2.93,2.07,2.1,3.26,4.7,3.93,1851,1885,1,1,1.27,2
0.33,0.43,1.53,1.21,1.39,2.65,4.02,4.38,1.7,5.6,3.73,2.44,2.92,3.39,3,3,5,6,36,62,0.15,0.03,0.32,0.68,4.57,4.98,5.0,2.65,2.93,3.47,4.94,1.2,1.12,4.23,2.67,4.03,2.28,2.15,2.19,1434,1882,0,5,1.57,2
0.37,0.91,3.29,1.57,0.29,0.32,2.94,4.12,1.4,6.6,3.57,3.21,2.6,4.37,3,3,0,0,44,56,0.4,0.03,0.49,0.51,2.67,1.02,3.16,3.55,2.69,1.68,1.83,4.7,4.71,3.57,2.01,2.79,2.42,4.43,1.95,1634,2058,1,3,1.69,0
0.67,0.52,2.89,2.34,3.42,1.39,2.45,4.4,4.7,3.4,3.65,1.62,1.65,4.65,4,7,5,4,65,33,0.72,0.48,0.39,0.61,3.12,3.7,2.34,4.24,2.01,1.76,2.17,1.99,2.85,4.84,2.39,3.24,2.14,3.36,2.05,1471,1529,0,3,3.74,2
0.38,0.01,1.43,2.55,0.89,1.91,0.44,1.11,1.3,5.6,1.45,4.61,3.58,1.55,4,7,6,3,50,48,0.08,0.14,0.72,0.28,2.31,3.12,3.93,1.16,4.13,4.94,3.24,4.75,3.68,1.46,4.69,3.82,4.93,3.85,4.43,1922,1695,1,2,0.92,0
0.18,0.89,3.19,2.29,2.99,2.51,3.65,2.36,2.5,1.7,4.62,2.06,2.0,2.23,3,3,5,0,59,42,0.67,0.83,0.37,0.63,5.09,4.19,2.54,2.92,4.48,4.73,2.54,3.84,1.14,4.36,1.33,3.73,2.57,4.45,2.13,1410,1982,1,1,3.16,2
0.93,0.99,0.54,0.33,0.51,3.08,3.73,0.71,2.8,6.9,4.65,3.49,4.03,2.32,7,7,1,4,50,51,0.61,0.71,0.0,1.0,4.07,2.43,4.43,1.49,3.2,2.26,4.02,2.64,1.02,1.95,3.59,2.48,4.44,4.12,4.24,1661,1879,0,3,3.05,2
0.8,0.3,2.65,0.79,1.23,1.42,3.99,1.73,7.4,2.3,3.5,2.72,3.36,3.77,5,2,6,1,40,59,0.6,0.67,0.31,0.69,3.73,1.34,2.26,4.53,4.22,1.9,2.53,1.2,2.36,4.01,2.12,1.99,3.18,3.94,1.76,1495,1589,1,1,3.33,2
0.92,0.22,1.41,1.54,1.69,1.32,2.31,2.04,6.2,2.1,1.13,1.82,4.99,2.91,6,3,6,0,60,37,0.54,0.41,0.56,0.44,3.72,3.06,2.63,2.35,1.78,2.96,2.02,3.31,4.94,4.79,3.41,3.22,1.23,1.95,2.66,1603,1582,0,1,4.01,2
0.19,0.58,0.51,3.65,0.99,2.92,2.39,3.78,5.8,1.8,2.88,2.34,3.41,3.63,4,3,2,3,57,41,0.54,0.8,0.73,0.27,5.94,4.05,2.15,4.48,2.58,1.15,2.08,4.14,1.12,4.36,4.31,4.02,1.12,2.21,1.05,1898,1791,1,3,2.51,2
0.04,1.0,2.82,2.01,3.16,1.72,3.07,0.21,1.4,6.7,2.79,1.61,2.17,4.66,4,5,5,4,39,60,0.36,0.1,0.5,0.5,2.71,4.22,2.35,4.22,4.41,1.59,3.8,1.44,4.65,4.17,3.4,4.08,1.44,4.65,4.47,1913,2002,1,3,0.32,1
0.53,1.0,2.25,3.23,0.39,0.82,4.46,2.0,1.4,6.9,3.32,2.49,4.84,4.52,2,7,3,3,48,52,0.67,0.55,0.75,0.25,4.27,4.58,3.97,2.98,2.78,4.18,3.18,4.67,1.5,4.85,4.72,4.65,2.55,1.38,2.4,1951,1404,0,3,1.99,2
0.28,0.44,0.26,2.58,3.32,1.24,0.88,1.85,5.5,5.2,1.48,2.31,3.57,4.59,5,7,3,4,47,53,0.95,0.62,0.95,0.05,2.83,3.4,1.8,1.26,2.67,4.68,4.4,4.11,4.21,2.67,2.15,3.36,3.91,2.69,3.0,1571,1804,0,3,2.54,0
0.84,0.08,1.16,2.1,3.0,1.65,4.14,0.56,4.6,5.4,2.03,2.54,2.73,4.0,5,4,5,1,51,52,0.26,0.75,0.23,0.77,5.59,4.08,3.62,2.74,2.75,1.46,4.24,4.89,2.53,3.57,1.0,2.37,4.95,3.83,4.31,1746,1530,0,2,1.89,0
0.54,0.94,3.5,2.82,2.41,3.3,2.96,3.93,5.6,6.4,4.79,3.08,2.73,1.39,3,3,4,2,36,67,0.21,0.75,0.06,0.94,4.42,4.32,1.07,1.19,3.13,1.15,1.26,1.18,1.02,2.89,4.03,4.46,1.72,1.86,4.69,2095,1543,1,1,0.97,2
0.94,1.0,2.49,0.64,2.16,1.42,1.78,3.37,4.9,6.6,2.41,3.4,1.9,1.81,6,2,6,4,52,49,0.03,0.7,0.16,0.84,4.89,3.64,3.93,2.93,3.25,3.57,2.64,4.81,2.4,1.12,2.34,2.08,2.48,3.39,2.07,1514,1842,0,2,1.87,0
0.41,0.28,1.87,3.03,1.03,0.69,4.12,3.62,2.3,5.5,2.39,1.32,2.54,2.61,6,7,1,1,41,56,0.88,0.72,0.46,0.54,2.91,1.11,3.54,2.6,2.71,1.97,1.06,3.47,1.76,1.97,3.55,4.75,3.42,1.25,1.37,1752,1931,1,4,0.09,0
0.1,0.24,1.8,2.78,0.3,2.64,3.77,3.06,1.6,5.3,3.84,1.45,1.2,1.1,5,5,1,1,52,49,0.64,0.57,0.71,0.29,3.25,4.29,2.63,3.23,4.89,3.06,2.32,2.91,3.95,2.98,2.29,1.96,1.72,4.91,3.32,1695,1780,1,3,2.93,2
0.24,0.97,0.86,3.16,1.21,2.64,1.69,3.03,1.2,4.8,1.92,2.68,1.05,3.52,4,3,6,0,40,63,0.52,0.46,0.06,0.94,5.9,4.88,4.74,4.27,1.1,2.06,1.23,3.53,2.57,2.39,4.77,2.35,1.42,4.62,3.93,2058,1462,1,1,0.61,0
0.44,0.08,0.56,3.17,2.94,1.04,3.03,1.2,4.2,2.7,4.53,1.02,4.92,3.94,2,7,6,1,39,60,0.7,0.03,0.03,0.97,5.72,3.55,4.77,4.45,3.91,4.48,4.81,1.45,1.53,3.38,2.5,3.24,1.57,4.07,1.5,1696,1917,0,4,3.16,1
0.28,0.16,0.8,3.79,0.48,0.4,1.46,3.53,1.5,5.7,1.24,4.72,3.33,2.68,2,3,2,4,64,37,0.67,0.18,0.14,0.86,4.03,1.58,1.85,1.66,1.03,2.82,1.56,3.33,1.17,2.69,1.62,2.09,4.16,2.94,3.98,1805,2047,0,5,1.06,0
0.95,0.39,2.72,0.28,2.2,2.27,1.88,0.27,5.6,5.1,1.33,2.03,2.55,4.57,3,5,6,0,50,51,0.91,0.63,0.53,0.47,4.56,4.15,2.18,3.15,2.92,3.26,2.59,4.22,4.86,2.78,3.17,2.91,4.76,3.68,3.55,1788,2057,1,3,2.39,2
0.93,0.78,2.65,2.08,0.48,3.04,1.46,4.3,5.5,3.0,3.1,2.42,1.79,2.97,7,5,4,3,37,63,0.56,0.91,0.49,0.51,4.51,2.12,1.73,3.8,1.09,1.45,2.06,2.93,4.09,4.86,4.08,4.91,3.9,2.17,3.16,2062,1677,0,5,4.67,2
0.93,0.14,2.88,1.6,1.45,2.02,1.64,1.12,6.2,2.6,1.23,2.74,1.93,2.76,6,6,4,1,39,60,0.27,0.46,0.9,0.1,3.74,4.0,1.07,3.75,2.08,4.64,1.6,1.09,2.4,2.03,4.84,1.57,2.45,3.91,2.34,1505,1492,0,2,4.73,2
0.04,0.72,1.13,1.96,0.57,0.61,1.32,1.45,7.2,6.0,2.8,4.38,2.88,4.09,2,6,6,3,47,55,0.61,0.37,0.56,0.44,3.56,3.88,3.88,2.01,3.89,2.2,4.16,4.97,4.8,4.28,1.07,1.92,2.58,4.93,2.54,1643,2088,1,1,4.74,0
0.06,0.65,2.73,1.42,0.73,2.49,3.32,1.31,7.1,1.4,4.5,4.8,2.45,4.69,2,2,3,0,57,43,0.62,0.45,0.54,0.46,5.75,2.92,1.93,2.41,4.18,3.05,4.85,2.02,3.07,4.95,3.09,2.9,4.99,2.01,1.32,1462,1564,1,2,3.75,1
0.61,0.15,1.05,2.22,1.06,3.33,3.85,3.68,4.4,3.5,2.48,2.83,2.08,3.5,7,6,2,0,56,45,0.77,0.6,0.74,0.26,5.34,2.43,4.38,3.29,4.59,2.38,2.42,3.37,1.19,1.07,1.05,1.35,3.75,4.45,3.43,1486,1583,1,4,1.76,0
0.62,0.42,3.0,2.41,2.93,0.59,3.5,1.35,2.4,3.8,2.08,3.22,1.91,4.29,5,5,3,6,60,41,0.16,0.54,0.89,0.11,4.3,2.22,3.36,3.64,3.58,1.08,1.36,2.29,2.36,2.31,4.77,3.9,1.56,3.55,3.65,2030,2059,1,3,0.47,0
0.73,0.3,0.85,1.64,0.33,2.87,2.47,1.55,6.5,4.2,3.09,1.41,3.75,2.62,3,6,3,6,49,51,0.15,0.36,0.88,0.12,3.89,3.89,1.77,4.3,2.13,2.72,3.49,1.77,1.79,4.06,4.97,4.2,1.14,1.53,2.41,1622,1844,0,2,1.59,2
0.9,0.91,3.5,3.03,2.62,3.24,3.59,1.5,6.4,4.7,4.51,3.66,1.94,4.0,5,2,6,4,54,48,0.07,0.73,0.71,0.29,4.25,4.26,4.82,2.71,1.86,2.75,3.17,4.39,3.11,4.01,1.46,3.65,3.13,3.21,4.94,2080,1899,1,4,3.2,1
0.59,0.63,1.52,1.97,0.25,1.18,3.49,1.46,7.0,6.3,4.05,2.53,3.82,4.36,6,7,0,2,41,59,0.01,0.3,0.43,0.57,2.86,1.5,1.46,4.49,2.81,1.48,4.51,4.34,4.95,4.25,4.12,4.62,2.51,3.71,1.17,1584,2017,1,3,1.37,2
0.93,0.56,2.95,2.94,2.81,1.47,0.68,1.73,7.9,3.7,2.96,3.15,4.41,2.24,4,2,1,1,64,36,0.51,0.3,0.45,0.55,4.29,4.5,1.12,4.95,1.29,4.04,1.16,1.07,2.01,1.12,1.81,3.53,1.29,4.13,4.73,1544,2008,0,1,1.05,2
0.09,0.29,0.76,3.32,1.24,2.0,3.8,2.16,5.6,1.1,4.78,1.75,4.87,3.68,4,5,5,2,62,36,0.7,0.52,0.12,0.88,2.58,1.87,3.18,4.29,4.74,1.07,3.67,1.79,2.99,4.61,1.59,2.13,1.72,4.59,4.28,1440,1597,1,1,0.45,1
0.76,0.74,1.21,0.37,2.33,0.22,1.66,2.76,3.9,2.4,1.38,3.86,4.16,1.98,2,6,3,0,37,66,0.86,0.05,0.67,0.33,4.28,2.75,1.17,3.06,1.73,2.77,4.88,3.57,3.19,3.38,3.14,3.22,2.52,2.82,3.56,1814,1554,0,5,1.78,2
0.87,0.04,3.32,1.22,1.35,3.07,2.25,0.32,1.2,6.3,3.61,3.07,3.29,1.41,7,6,6,0,46,56,0.08,0.66,0.25,0.75,5.56,3.63,4.23,3.87,4.22,2.49,2.36,1.14,3.1,4.96,4.49,2.4,4.45,2.55,4.19,1647,1677,1,1,1.15,2
0.33,0.95,1.63,1.85,2.12,3.3,1.84,0.85,7.0,6.1,3.36,1.73,3.49,4.27,4,7,5,4,46,56,0.02,0.44,0.49,0.51,5.72,1.73,3.0,2.7,1.29,2.85,3.31,4.93,4.27,2.54,2.87,3.39,2.32,1.7,3.9,2019,1650,0,5,0.45,1
0.3,0.13,3.2,1.52,3.32,3.15,0.49,3.9,5.7,2.0,2.49,4.94,2.26,1.97,2,3,4,0,54,47,0.79,0.95,0.07,0.93,4.91,2.73,1.47,1.2,2.84,1.59,3.7,4.66,4.27,4.07,1.6,4.66,1.23,4.3,4.52,1891,1935,1,1,2.17,0
0.08,0.09,3.53,1.7,2.5,2.68,1.63,2.01,5.0,6.5,3.38,2.18,2.02,3.43,2,7,4,5,56,45,0.28,0.36,0.64,0.36,5.57,1.22,2.67,1.8,3.07,2.83,4.83,3.43,1.54,1.31,3.15,3.11,3.13,3.67,4.46,1676,1889,0,5,2.35,0
0.55,0.11,3.52,1.62,1.71,0.27,4.48,3.71,6.9,4.9,3.57,4.16,4.23,2.65,3,5,6,0,54,47,0.62,0.96,0.61,0.39,2.4,3.76,1.81,2.16,3.91,1.25,1.41,4.97,4.02,1.14,4.28,3.43,3.98,3.64,3.84,1760,1794,0,2,1.19,2
0.53,0.23,0.91,2.61,1.84,1.76,2.37,1.73,5.9,7.6,3.49,4.49,3.64,4.39,5,5,5,5,41,58,0.29,0.82,0.75,0.25,4.19,3.78,4.74,1.98,2.26,1.34,4.0,4.32,4.04,1.2,1.84,1.52,4.55,1.49,4.12,1758,1762,1,2,1.25,0
0.85,0.96,2.16,3.61,0.53,2.99,0.57,4.01,3.7,2.2,2.05,1.97,2.65,1.13,2,7,0,1,41,57,0.1,0.26,0.95,0.05,5.85,1.11,1.62,1.32,1.09,2.2,3.79,2.33,2.48,2.74,3.56,3.11,2.06,4.06,1.17,1587,1921,1,3,3.46,2
0.92,0.25,0.59,2.93,0.45,1.14,4.31,0.39,4.9,4.6,4.72,2.58,1.69,3.18,2,7,4,3,55,46,0.24,0.57,0.53,0.47,5.63,1.51,4.1,3.22,2.14,4.21,4.76,4.73,4.77,3.44,2.93,3.25,1.99,3.33,3.87,1714,1882,1,5,4.0,0
0.41,0.98,3.27,0.23,2.89,0.75,1.67,3.29,6.7,3.3,2.37,1.48,1.04,4.28,3,5,1,5,58,39,0.21,0.54,0.17,0.83,5.81,3.25,3.32,2.55,3.32,1.79,3.54,4.74,1.05,4.57,3.19,4.85,1.39,4.32,1.29,1748,1647,0,1,0.16,0
0.09,0.0,1.23,3.28,1.48,1.99,3.84,1.8,1.1,3.2,1.46,2.57,3.19,1.96,5,3,5,3,50,52,0.85,0.47,0.46,0.54,2.37,3.71,3.24,4.29,1.32,3.92,1.44,4.69,2.92,1.43,4.19,1.89,3.74,2.32,4.39,2027,1848,0,2,4.15,2
0.55,0.83,2.78,2.79,0.91,3.08,3.38,1.46,6.1,8.0,2.92,1.64,3.19,3.19,7,6,5,4,47,50,0.79,0.84,0.24,0.76,4.54,1.51,2.88,2.04,3.9,2.89,1.57,3.11,1.2,4.92,2.54,3.99,3.86,2.39,2.91,1797,1970,0,3,0.64,1
0.06,0.95,3.74,3.41,3.23,1.92,0.95,4.35,6.9,5.4,3.84,2.57,1.38,1.51,2,5,2,6,55,48,0.82,0.46,0.64,0.36,4.04,4.82,3.16,2.41,2.02,2.12,1.87,2.24,4.04,3.47,4.61,4.39,1.61,3.81,4.41,1643,1496,0,1,2.29,2
0.82,0.47,1.05,2.71,1.39,1.03,0.66,1.43,3.4,2.8,3.27,2.07,2.54,1.13,4,2,6,5,48,55,0.26,0.31,0.57,0.43,5.62,1.81,1.57,4.57,3.23,2.21,4.42,4.77,3.3,3.61,1.67,2.27,4.22,2.21,4.99,2028,1934,1,1,3.3,2
0.51,0.73,1.75,0.45,0.61,2.49,2.01,3.71,4.9,1.3,1.05,1.96,2.39,1.09,7,6,4,2,50,50,0.55,0.37,0.44,0.56,2.75,1.74,2.6,2.82,1.2,3.16,3.45,3.01,4.95,3.25,3.82,1.74,3.01,3.29,4.73,2094,1742,1,2,4.95,2
0.68,0.9,0.4,3.59,3.46,0.78,1.88,3.39,5.2,3.7,2.57,3.38,1.71,3.04,4,2,0,5,52,49,0.52,0.17,0.63,0.37,5.13,4.49,1.98,4.44,2.2,1.77,3.69,4.4,4.3,1.55,4.52,4.13,2.8,3.81,4.3,1572,1647,0,4,4.38,0
0.78,0.62,1.78,2.15,2.21,3.02,4.14,3.21,4.3,5.6,4.95,1.15,4.65,4.37,7,6,5,1,46,53,0.39,0.82,0.47,0.53,5.47,3.76,2.11,2.2,1.89,3.63,4.5,4.58,4.75,4.82,2.46,2.45,1.42,1.51,2.57,1471,1419,0,5,3.69,2
0.74,0.41,3.28,0.96,3.45,1.72,3.76,2.65,3.4,5.0,4.17,2.42,1.45,1.87,6,5,3,2,46,56,0.35,0.62,0.78,0.22,3.75,2.34,3.79,1.01,4.43,3.73,1.22,3.49,4.11,4.28,4.48,3.09,3.69,2.15,2.11,2057,1812,1,2,0.43,0
0.14,0.56,2.91,0.9,2.84,2.38,0.7,0.4,5.6,2.3,1.23,3.63,3.42,2.21,6,5,5,6,35,62,0.27,0.05,0.78,0.22,3.64,2.49,1.49,1.59,2.55,2.59,3.58,2.78,2.26,2.39,4.7,3.42,4.21,1.26,2.39,1509,1877,1,2,2.78,1
0.59,0.35,0.44,2.92,1.88,1.16,1.09,2.85,4.8,4.5,2.81,1.91,2.22,3.27,5,7,3,3,40,63,0.26,0.39,0.01,0.99,3.81,4.95,3.92,1.93,3.62,3.65,4.12,2.32,4.7,1.96,2.19,1.96,1.71,4.82,1.38,1681,1940,1,5,1.41,0
0.61,0.52,0.28,0.9,3.46,3.37,2.21,3.13,4.8,6.2,1.44,3.85,4.37,2.76,3,6,1,1,58,44,0.11,0.94,0.38,0.62,5.19,3.72,4.47,4.13,2.58,2.55,2.44,1.13,3.8,1.82,4.34,4.42,3.13,2.61,1.25,1514,1864,0,4,2.76,0
0.93,0.28,1.13,0.45,1.23,2.46,2.64,1.55,3.4,7.6,1.83,1.99,1.57,1.93,2,6,0,0,60,40,0.56,0.23,0.89,0.11,4.76,1.59,4.02,4.12,2.58,2.05,2.66,4.68,3.1,1.17,3.78,4.17,3.8,1.58,1.14,2049,1974,0,2,0.19,2
0.47,0.3,3.27,1.99,3.06,3.37,4.01,0.79,7.0,6.0,3.75,1.81,4.26,3.87,3,7,5,0,45,57,0.07,0.83,0.25,0.75,3.29,2.24,4.28,2.85,3.02,3.26,3.24,4.7,2.31,1.62,4.55,4.14,3.43,2.62,3.59,1749,1698,1,2,4.29,2
0.91,0.86,2.5,3.47,1.4,1.88,3.86,3.54,1.1,6.0,4.25,3.47,4.67,3.37,3,3,0,2,41,57,0.05,0.14,0.69,0.31,4.18,2.99,1.95,2.8,3.06,2.07,4.32,3.12,3.4,4.98,3.53,4.9,1.95,1.47,2.74,1614,1520,0,1,4.65,2
0.54,1.0,3.18,2.78,0.35,0.96,2.13,3.33,1.8,2.2,4.69,4.11,4.74,2.84,2,5,5,3,47,52,0.05,0.54,0.85,0.15,4.85,2.23,1.42,2.29,4.09,1.63,3.68,3.06,2.03,4.69,2.13,4.25,3.22,1.36,2.71,2056,1678,0,5,2.17,2
0.9,0.67,2.44,3.15,2.21,0.66,1.64,1.45,1.0,4.4,4.44,4.84,1.6,4.86,2,6,6,3,42,55,0.13,0.21,0.61,0.39,3.98,3.65,1.82,3.49,2.05,2.43,3.32,2.88,2.34,4.05,3.07,3.88,2.45,2.65,4.42,1517,1475,1,3,0.34,0
0.74,0.16,1.59,2.45,0.53,2.68,0.21,0.73,3.0,5.6,4.95,2.59,4.54,4.77,4,4,1,5,59,40,0.64,0.1,0.96,0.04,3.9,1.12,4.88,2.78,4.74,1.38,3.65,4.72,2.13,2.63,1.79,1.99,3.89,2.43,4.18,1527,1800,0,5,1.04,0
0.76,0.61,1.35,0.88,1.35,2.58,3.44,0.74,6.8,5.1,1.79,4.79,4.55,4.1,7,4,5,6,38,64,0.24,0.09,0.23,0.77,3.73,2.62,4.92,4.19,2.4,3.2,1.05,3.02,4.02,1.92,3.03,2.28,3.05,3.66,1.28,1586,1727,1,5,3.2,0
0.74,0.44,3.04,0.61,1.05,3.47,0.68,2.26,7.7,2.9,4.28,2.53,2.42,4.1,5,6,0,1,40,62,0.45,0.61,0.79,0.21,3.2,4.13,2.63,1.9,4.2,2.5,1.63,3.61,3.92,2.51,2.42,4.26,2.96,1.83,3.85,1906,2089,1,5,2.6,2
0.02,0.12,0.32,0.46,1.81,1.09,3.58,3.99,6.9,5.3,3.7,4.58,4.86,4.72,3,3,3,6,43,60,0.27,0.62,0.89,0.11,5.01,1.59,4.77,1.04,3.27,4.54,3.8,1.24,3.58,4.14,2.5,3.63,2.95,3.4,2.12,1934,1689,1,4,2.66,0
0.29,0.12,3.49,3.43,0.52,2.83,1.68,1.68,3.6,7.8,1.98,3.72,1.79,2.56,3,7,3,1,60,40,0.07,0.82,0.79,0.21,2.19,1.8,1.73,1.13,1.27,1.31,1.18,3.05,2.05,3.18,4.02,2.7,1.62,4.94,3.69,1878,2084,1,4,4.4,1
0.89,0.93,0.64,1.27,2.62,2.57,2.98,3.42,7.0,7.1,3.91,2.18,2.39,2.58,7,2,4,2,51,46,0.66,0.2,0.49,0.51,2.93,3.39,3.61,3.39,1.51,1.69,3.39,1.32,4.3,4.63,4.29,4.6,2.34,4.56,2.46,2089,2079,0,5,3.69,2
0.51,0.35,1.03,3.69,1.67,2.27,2.12,1.43,1.4,1.3,1.48,3.39,3.45,2.04,7,6,1,1,46,56,0.21,0.73,0.89,0.11,5.33,3.56,1.47,3.63,2.21,2.96,1.58,3.43,2.09,4.21,3.22,2.81,4.89,4.16,4.45,1776,1900,0,4,2.86,1
0.27,0.02,3.39,2.18,0.86,1.93,1.1,1.01,6.7,1.2,2.29,1.74,3.81,2.62,2,5,4,0,43,54,0.51,0.01,0.57,0.43,5.07,3.82,3.3,2.23,4.87,2.59,1.12,1.33,2.54,1.83,2.31,2.51,4.0,2.11,3.98,1909,1832,0,2,3.56,2
0.33,0.29,0.88,0.26,2.45,1.05,4.2,3.47,7.5,7.1,3.39,2.35,2.7,4.36,3,4,1,3,48,53,0.58,0.16,0.39,0.61,3.02,1.63,4.09,2.11,4.46,1.44,3.87,4.6,3.96,4.18,4.41,3.88,4.88,1.68,2.56,2063,1929,0,4,3.98,0
0.19,0.93,0.5,0.37,0.79,3.08,2.74,1.32,5.6,2.7,1.38,1.56,1.65,1.34,3,2,4,4,64,35,0.16,0.72,0.58,0.42,4.4,2.31,3.52,4.53,2.12,4.21,4.73,1.72,1.78,4.56,3.48,3.25,1.29,3.14,3.79,1844,1816,0,3,0.07,2
0.58,0.18,2.59,0.67,3.29,2.67,2.7,4.45,3.7,6.2,1.15,4.57,4.98,3.0,6,3,5,4,62,37,0.11,0.04,0.26,0.74,5.44,3.51,3.89,2.11,4.61,3.41,2.13,1.14,4.82,2.72,4.93,1.12,3.61,3.88,3.92,1541,1689,0,1,0.97,0
0.61,0.99,1.81,1.69,0.38,1.75,4.38,1.89,6.4,5.9,2.81,1.39,2.08,4.11,6,6,0,2,47,55,0.04,0.6,0.97,0.03,3.51,1.75,1.63,4.79,1.67,3.87,4.45,3.0,1.21,3.15,4.04,2.71,2.77,1.6,3.99,1880,1753,0,4,3.88,2
0.54,0.12,0.29,2.31,1.5,1.08,0.89,2.05,2.7,2.1,4.84,4.5,2.8,3.42,4,5,3,2,60,38,0.74,0.15,0.83,0.17,3.78,1.7,1.67,4.79,4.34,3.21,4.76,1.5,1.43,1.56,3.79,1.3,3.05,4.44,4.18,1424,1676,1,4,1.11,0
0.45,0.12,3.21,3.31,0.99,1.17,3.32,4.14,7.0,3.9,1.52,4.01,2.88,1.55,6,2,5,3,56,42,0.19,0.93,0.48,0.52,3.65,2.02,3.34,2.43,2.37,2.23,4.68,3.38,4.87,3.73,3.79,1.48,4.12,2.35,3.92,1603,1960,1,3,0.27,0
0.22,0.5,1.86,0.86,2.48,0.66,2.19,3.32,4.6,6.9,3.68,4.39,2.45,3.66,3,7,6,6,47,53,0.35,0.74,0.1,0.9,3.12,3.3,2.61,3.54,4.05,1.16,2.1,2.99,2.37,2.86,2.73,2.69,3.81,1.91,3.49,1400,1828,1,4,3.22,0
0.47,0.12,2.11,2.6,1.74,0.55,2.99,0.95,6.4,5.4,1.93,3.61,4.8,3.61,5,7,6,1,50,51,0.98,0.16,0.38,0.62,3.44,2.08,4.5,4.88,2.9,3.73,3.21,4.81,3.11,4.97,2.35,1.41,1.91,1.06,1.8,2057,1769,0,1,3.95,0
1.0,0.56,3.14,2.64,0.59,3.22,3.82,0.56,7.1,7.6,1.25,1.28,2.07,3.55,2,4,4,3,50,50,0.09,0.34,0.35,0.65,4.89,2.75,2.88,2.12,4.06,2.74,2.91,1.96,4.72,1.02,4.83,4.11,2.11,1.42,1.9,1728,1832,1,2,1.47,1
0.48,0.72,3.55,1.64,0.6,2.92,0.46,4.34,1.6,7.8,3.32,3.61,4.0,3.04,2,2,1,6,41,58,0.31,0.31,0.7,0.3,2.66,1.34,2.16,1.29,3.91,2.02,3.74,3.65,2.97,4.9,2.72,2.76,3.98,3.46,4.24,1747,1526,1,3,1.71,2
0.63,0.19,0.93,0.31,3.27,2.71,1.44,4.23,7.9,6.7,1.41,4.53,4.09,1.68,6,5,6,6,64,35,0.29,0.85,0.47,0.53,2.67,4.68,4.49,4.24,4.81,4.89,2.9,2.26,4.74,4.5,3.97,3.27,1.13,4.02,2.28,1709,1996,1,1,2.83,0
0.06,0.42,1.09,2.94,3.09,1.11,2.89,2.49,6.4,2.6,4.15,3.26,3.83,2.07,7,7,0,1,45,58,0.33,0.52,0.97,0.03,4.29,4.05,3.39,3.52,3.56,4.03,3.93,4.05,4.78,4.06,1.42,3.1,3.48,2.47,3.49,1488,1430,1,5,1.63,0
0.79,0.81,1.18,3.46,2.8,2.46,4.2,0.56,7.2,1.5,3.34,3.74,3.48,2.64,3,7,0,2,64,37,0.3,0.43,0.38,0.62,3.55,4.89,3.81,4.17,3.84,4.55,2.7,1.19,2.77,1.66,3.93,3.08,3.83,4.97,4.84,1568,1788,1,3,2.42,1
0.47,0.79,2.59,2.75,0.78,2.82,3.18,4.4,1.6,2.1,3.81,4.05,4.05,3.99,6,2,1,3,39,63,0.15,0.48,0.33,0.67,3.03,3.96,3.91,1.67,2.07,1.78,2.88,2.85,1.6,1.37,4.42,1.74,1.27,3.85,1.6,1697,1739,0,3,4.51,1
0.46,0.12,1.63,2.85,1.73,0.61,2.59,0.43,1.2,3.0,3.84,1.16,4.89,3.95,2,7,2,4,62,35,0.72,0.2,0.39,0.61,5.28,3.87,1.03,4.17,1.32,1.17,2.0,3.54,1.8,2.61,4.23,1.96,4.66,1.44,3.76,1647,1927,0,4,4.1,2
0.29,0.94,1.68,3.22,2.59,1.14,0.96,4.2,5.6,1.4,3.26,4.42,1.87,2.68,2,7,6,0,55,48,0.44,0.77,0.29,0.71,3.58,1.69,3.94,2.05,3.92,2.48,1.44,3.45,1.14,4.68,1.58,4.05,1.57,2.4,2.46,1616,1916,0,1,0.76,0
0.29,0.94,1.51,1.81,0.45,0.35,2.53,1.06,6.1,5.1,4.87,1.25,4.11,2.06,4,3,2,1,63,40,0.4,0.95,0.25,0.75,2.38,1.73,2.7,4.34,2.66,1.79,4.2,4.7,1.15,2.56,3.01,4.9,2.65,2.55,2.37,1589,1598,1,2,4.83,2
0.42,0.8,1.28,0.93,0.7,0.54,3.0,2.52,7.9,7.1,4.83,2.13,1.98,2.4,4,7,6,6,61,39,0.45,0.1,0.21,0.79,5.92,3.68,1.98,4.51,3.77,4.75,4.13,4.23,1.04,1.33,4.7,3.73,3.9,4.07,2.76,1642,1925,1,4,2.62,2
0.49,0.3,2.82,3.0,0.87,3.27,4.17,2.66,4.1,6.8,1.05,4.64,3.27,1.43,5,3,2,1,40,57,0.78,0.42,0.49,0.51,5.38,2.54,4.84,4.53,4.15,4.75,2.95,1.46,3.66,4.31,1.82,4.39,1.09,4.58,1.54,1573,1769,1,1,2.09,1
0.92,0.28,3.62,2.53,0.22,0.23,4.41,1.54,3.0,5.3,1.69,1.49,3.24,2.28,2,6,2,6,37,62,0.0,0.06,0.64,0.36,3.57,2.38,1.09,2.95,1.81,1.03,2.75,1.84,2.16,3.54,2.03,4.68,3.09,4.04,2.66,1703,1744,1,1,0.19,2
0.49,0.23,0.62,3.2,2.62,3.31,3.64,3.89,3.0,7.3,4.68,1.48,2.5,1.13,4,6,0,3,59,41,0.65,0.75,0.72,0.28,4.02,4.33,3.24,4.48,3.53,2.19,3.17,4.67,4.86,2.32,4.6,2.01,3.46,1.95,1.56,2078,1628,1,5,0.17,2
0.19,0.95,2.72,1.72,1.53,0.21,3.41,2.24,5.2,5.3,1.2,3.13,3.31,1.29,2,7,1,2,45,54,0.77,0.97,0.23,0.77,5.42,1.83,1.77,1.45,1.46,3.93,2.16,1.05,1.3,4.26,4.54,1.28,3.54,3.68,2.9,1415,1517,1,5,0.57,0
0.61,0.19,0.32,1.38,1.0,2.73,4.17,2.42,7.2,1.4,1.25,4.85,1.34,4.47,5,5,4,0,65,36,0.51,0.17,0.88,0.12,4.32,3.7,3.41,3.59,1.74,1.59,1.47,3.73,1.26,1.29,1.97,2.3,4.59,2.45,2.84,1847,1752,0,2,3.36,0
0.59,0.61,0.29,0.37,3.46,1.96,2.98,1.66,8.0,6.5,2.52,1.64,1.03,2.71,2,2,5,3,53,44,0.77,0.29,0.02,0.98,4.59,2.79,2.26,4.71,4.95,3.9,3.42,4.9,2.7,3.46,4.68,1.07,4.69,2.19,2.49,1783,2055,0,3,0.18,0
0.33,0.13,1.02,0.36,2.39,0.4,2.41,2.92,5.7,4.9,3.41,2.31,1.4,4.07,2,6,2,1,65,37,0.91,0.1,0.9,0.1,4.19,2.49,2.21,4.39,1.81,3.58,3.68,1.0,3.06,2.75,1.48,1.81,4.77,2.83,4.96,1555,1818,0,1,4.82,1
0.14,0.03,1.24,0.87,2.16,0.4,1.86,3.62,3.0,7.8,1.08,1.22,1.75,4.47,4,2,2,2,50,53,0.09,0.09,0.7,0.3,3.88,2.31,1.08,4.28,3.0,4.52,3.38,3.24,3.94,1.4,1.31,4.96,2.75,1.02,3.45,1426,1708,0,3,0.44,0
0.34,0.22,1.57,3.58,3.01,2.51,0.5,2.85,3.0,4.1,1.25,4.71,1.54,3.8,4,7,5,6,41,58,0.35,0.68,0.03,0.97,5.35,1.53,1.37,3.77,2.68,3.99,1.53,4.54,3.63,2.07,4.04,4.35,4.87,3.77,1.63,1525,1656,0,5,3.55,0
0.41,0.36,3.16,1.35,0.83,0.7,3.01,1.75,7.5,5.6,1.5,3.42,2.87,2.21,5,6,5,1,64,33,0.01,0.48,0.69,0.31,4.59,4.76,3.32,3.83,2.91,1.63,4.65,4.55,1.25,2.7,4.46,3.05,3.92,2.16,4.23,2017,1474,1,4,2.4,2
0.9,0.85,0.47,3.46,2.97,0.83,2.24,1.93,2.5,2.9,3.89,1.44,3.66,1.31,5,5,2,6,47,50,0.92,0.81,0.03,0.97,3.74,4.68,3.06,3.5,2.54,3.28,3.09,2.23,4.46,4.95,3.83,3.56,4.69,2.28,3.24,1856,1946,0,4,2.85,2
0.62,0.27,0.29,3.71,2.02,0.95,2.61,4.05,7.2,4.6,3.05,4.62,3.73,3.69,4,2,0,2,38,65,0.94,0.49,0.02,0.98,3.92,2.61,3.31,3.61,1.18,4.36,3.75,1.33,3.89,2.54,4.6,4.87,2.54,4.37,1.83,2046,1994,0,3,4.53,0
0.84,0.12,1.49,0.47,0.37,1.03,3.91,3.87,5.5,7.3,4.96,1.37,1.98,2.28,2,4,5,0,36,66,0.47,0.06,0.46,0.54,3.26,1.19,1.97,4.55,4.59,3.3,4.63,3.76,1.16,4.52,1.17,1.64,2.35,4.76,2.91,1558,1540,0,3,1.88,2
0.66,0.71,1.42,3.51,1.61,1.49,2.73,2.51,1.3,3.1,2.33,2.23,3.8,3.08,4,5,1,6,38,61,0.29,0.79,0.42,0.58,2.12,3.38,1.17,3.21,4.95,3.53,4.01,2.86,3.87,1.5,2.77,1.24,3.96,2.38,4.29,1866,1827,0,2,2.55,0
0.68,0.14,2.73,2.5,1.36,0.58,1.77,0.96,4.4,5.3,1.31,3.61,3.4,1.6,4,6,0,4,45,56,0.95,0.43,0.38,0.62,2.48,4.2,1.09,1.78,3.57,3.43,3.72,3.58,2.25,4.98,3.12,1.99,1.26,4.4,1.59,1498,1421,1,3,4.99,2
0.21,0.32,2.64,2.76,2.54,0.95,0.84,2.5,7.4,6.5,2.33,2.72,4.52,3.89,7,2,6,1,60,38,0.52,0.34,0.76,0.24,4.83,4.76,4.42,3.99,1.61,1.99,4.69,1.66,3.05,4.88,2.82,2.88,3.19,2.03,2.19,1762,1468,0,5,4.08,2
0.14,0.21,3.36,0.98,2.15,3.28,3.4,1.59,2.2,4.1,3.84,1.37,4.68,1.82,2,4,0,3,50,53,0.82,0.86,0.09,0.91,3.99,4.59,2.33,2.8,3.7,4.17,4.43,4.4,1.35,1.15,1.93,3.43,3.43,3.7,4.42,1984,1960,0,4,3.14,2
0.92,0.66,1.01,0.63,0.99,1.14,0.42,4.47,3.3,1.9,2.98,3.04,1.6,3.27,4,3,0,6,38,59,0.71,0.05,0.45,0.55,3.02,3.61,4.65,3.71,2.66,4.66,3.78,1.72,4.47,2.2,4.88,1.85,1.68,3.69,3.79,1774,1562,0,1,3.78,1
0.87,0.21,1.46,3.28,2.69,1.12,2.49,4.02,4.2,2.2,3.38,1.64,4.01,1.69,2,3,6,3,47,55,0.4,0.91,0.42,0.58,4.61,2.93,4.28,3.1,1.15,3.17,2.03,3.29,1.77,3.02,4.02,2.01,2.77,2.95,3.18,1860,1729,0,4,3.44,2
0.03,0.57,2.59,2.74,1.42,1.23,1.22,0.22,5.2,4.9,4.38,2.48,3.6,3.75,6,7,5,0,61,38,0.84,0.14,0.58,0.42,3.85,2.96,2.53,3.44,4.09,3.64,2.46,2.8,4.37,3.52,3.19,3.67,3.01,1.68,3.97,1703,1780,0,4,4.0,2
0.13,0.39,1.46,2.14,3.26,0.5,3.07,3.87,8.0,1.2,2.46,3.08,2.97,1.87,6,2,5,4,56,46,0.76,0.86,0.74,0.26,4.56,3.89,4.12,4.51,1.82,3.9,4.85,4.1,2.12,3.45,2.28,4.71,3.77,1.77,2.33,1480,1464,0,5,2.94,1
0.97,0.28,0.65,2.36,2.21,1.16,1.53,1.11,3.8,1.4,4.56,2.48,2.14,4.61,2,6,1,0,50,53,0.74,0.58,0.55,0.45,2.94,2.27,3.06,2.05,4.15,1.63,1.73,4.84,5.0,3.05,1.84,1.01,2.15,3.94,3.35,1639,1818,0,2,1.13,0
0.8,0.01,1.48,2.3,1.97,2.24,1.64,0.98,1.5,1.4,3.96,3.86,1.57,4.86,5,7,0,6,53,44,0.76,0.51,0.02,0.98,5.89,4.86,2.37,2.5,1.93,2.82,4.45,3.44,2.34,3.2,1.74,1.28,3.17,4.86,1.3,1734,1879,0,1,0.62,1
0.5,0.94,2.31,3.2,0.66,1.31,4.15,3.95,7.2,4.6,2.67,2.66,1.28,1.29,2,5,2,2,61,37,0.77,0.08,0.53,0.47,2.57,3.52,1.24,4.44,4.8,2.31,4.39,2.94,2.66,4.51,2.01,4.68,1.67,2.1,2.43,1846,1506,0,4,2.54,2
0.81,0.61,1.3,1.34,1.19,0.36,1.35,1.73,5.0,4.1,2.53,2.83,3.42,2.92,2,4,2,1,60,37,0.3,0.85,0.33,0.67,4.15,4.46,1.08,2.45,1.21,4.35,1.75,4.26,4.7,1.78,3.26,3.17,3.7,1.67,4.04,2067,1425,1,3,0.34,2
0.37,0.94,3.03,1.17,0.38,2.83,1.77,1.6,4.5,5.9,1.76,3.38,3.02,2.93,7,7,4,3,54,45,0.73,0.25,0.87,0.13,3.42,4.39,4.5,2.72,1.07,4.87,1.02,1.85,4.08,2.33,2.55,4.42,3.62,2.29,2.73,1612,1765,1,4,4.18,2
0.17,0.15,3.54,0.2,2.99,1.57,3.68,4.32,2.6,5.9,2.94,4.49,4.07,3.68,4,7,5,1,58,45,0.28,0.54,0.92,0.08,3.17,4.19,4.02,3.0,4.59,3.81,2.29,1.11,3.77,4.16,2.56,4.87,1.98,1.15,2.6,1957,1491,1,2,2.08,1
0.27,0.73,1.82,2.12,0.51,3.16,1.62,4.04,3.0,3.0,5.0,3.28,2.16,1.63,4,3,6,3,55,43,0.75,0.72,0.75,0.25,4.93,4.76,1.88,3.2,4.9,1.84,2.32,1.19,3.04,3.36,3.66,2.66,1.3,4.14,4.46,1895,2069,0,2,2.7,2
0.85,0.71,0.61,2.06,2.61,2.04,1.86,0.92,6.6,7.8,2.64,4.9,4.46,4.11,4,3,1,2,44,59,0.46,0.22,0.96,0.04,2.31,3.34,2.29,4.8,4.1,1.87,3.93,3.0,1.55,2.5,1.63,2.05,2.31,1.85,1.65,1557,1679,0,2,1.98,0
0.62,0.57,1.33,2.97,0.84,2.05,1.82,1.11,6.6,2.6,1.34,4.33,4.86,3.78,7,4,0,1,54,43,0.6,0.4,0.11,0.89,5.24,2.21,2.06,2.2,2.08,1.59,2.09,1.55,2.85,3.91,1.17,1.2,4.46,3.02,2.5,1867,1865,0,5,2.61,0
0.76,0.22,1.07,0.39,3.19,0.3,1.21,3.93,7.9,6.0,2.45,2.09,2.97,3.23,4,2,2,1,65,33,0.35,0.27,0.58,0.42,4.7,1.24,3.6,2.35,3.5,3.03,4.27,1.73,3.73,2.16,3.68,1.53,1.81,4.85,4.85,1934,1645,1,1,0.24,0
0.73,0.78,0.59,0.55,1.54,1.7,2.5,2.87,4.3,3.4,4.79,1.04,3.58,1.8,3,4,5,4,56,41,0.66,0.29,0.43,0.57,3.89,1.61,1.29,1.33,4.64,2.65,2.0,1.77,3.67,4.31,4.56,4.89,4.56,3.96,2.18,1523,1869,0,4,2.61,2
0.18,0.18,2.3,3.12,0.76,2.52,0.4,4.43,6.2,2.9,3.09,4.99,2.33,3.54,3,7,4,5,39,59,0.08,0.2,0.53,0.47,4.33,3.33,2.67,1.64,2.95,3.88,1.51,3.34,2.31,1.43,3.82,3.71,1.52,2.97,3.35,2019,1816,0,4,2.15,0
0.51,0.44,3.16,3.71,2.46,0.85,2.46,2.59,6.3,2.4,2.08,2.05,4.42,3.07,5,7,6,3,60,39,0.38,0.77,0.88,0.12,4.47,2.71,2.87,1.93,4.72,3.45,1.39,1.86,3.97,2.1,1.28,1.92,2.59,3.57,2.96,1571,1699,1,2,1.78,0
0.83,0.28,0.32,0.22,2.97,0.8,3.11,2.05,7.0,3.6,2.11,2.18,1.95,4.61,5,7,0,2,65,35,0.86,0.21,0.92,0.08,4.11,4.77,2.2,3.83,4.68,1.66,3.31,3.92,2.05,1.97,3.32,1.07,3.76,3.04,2.91,2004,1768,0,4,2.99,0
0.32,0.92,2.54,3.8,3.34,0.8,4.26,3.91,5.0,7.2,4.33,3.02,1.32,1.39,6,4,3,0,52,48,0.07,0.83,0.45,0.55,3.42,1.66,1.94,4.5,3.97,3.07,2.05,3.55,2.95,4.72,3.38,3.68,4.04,3.9,1.48,1505,1477,0,4,1.67,0
0.89,0.67,2.38,0.73,2.51,2.47,3.33,1.85,6.4,5.1,1.06,3.49,3.63,3.41,3,7,6,6,52,50,0.37,0.81,0.88,0.12,3.51,4.41,2.97,4.2,3.54,1.6,2.3,4.91,4.54,1.65,1.77,2.81,2.72,4.22,2.26,1973,1476,1,5,0.72,2
0.91,0.38,3.32,1.94,1.16,2.24,3.3,3.72,7.3,4.6,2.96,3.47,4.53,2.15,3,4,5,0,59,43,0.17,0.56,0.93,0.07,5.37,1.53,3.96,3.51,1.95,2.3,1.88,4.86,3.17,2.82,1.41,2.13,2.76,1.99,3.93,1907,1686,0,5,2.31,2
0.73,0.77,3.53,2.44,0.54,3.1,4.23,0.35,4.4,3.8,1.67,2.13,3.44,3.91,4,6,6,6,48,49,0.09,0.44,0.41,0.59,3.41,3.74,4.52,4.35,2.05,1.45,2.86,3.91,4.73,3.89,2.98,2.59,3.16,3.37,2.27,2028,1677,0,3,4.6,2
0.85,0.13,1.37,2.6,2.93,3.18,2.13,4.33,3.1,1.4,1.49,2.92,1.85,4.16,7,7,3,4,46,53,0.89,0.32,0.92,0.08,2.93,3.43,3.1,1.84,2.47,1.37,1.85,1.89,2.32,1.94,4.08,4.34,1.4,3.08,1.98,1472,1485,0,4,1.18,0
0.12,0.06,0.44,2.59,0.58,0.25,0.73,1.61,1.2,4.1,2.64,4.87,4.42,3.54,6,7,4,1,47,55,0.46,0.19,0.89,0.11,5.43,4.0,4.23,1.69,3.45,3.5,4.39,2.46,2.06,3.12,1.8,1.75,2.25,1.48,3.22,1469,1999,0,2,1.7,0
0.66,0.17,1.04,2.63,0.29,2.55,1.21,1.65,3.2,7.2,1.46,2.62,3.31,4.41,3,2,5,4,40,60,0.97,0.87,0.08,0.92,3.06,3.79,4.82,2.78,4.06,1.07,3.27,4.45,1.46,1.85,1.76,2.21,2.63,3.41,3.84,1532,1714,1,5,1.74,0
0.99,0.16,2.22,3.54,1.04,3.32,3.94,2.76,5.9,6.1,2.34,3.04,2.5,1.42,7,4,6,2,49,54,0.68,0.84,0.63,0.37,3.87,2.91,2.58,3.04,1.65,1.74,4.81,4.47,1.36,1.32,2.95,1.2,3.74,2.72,3.35,1915,1637,1,4,4.32,2
0.19,0.06,2.83,1.75,0.83,1.35,3.66,1.58,6.7,7.0,4.7,3.91,4.43,2.19,5,6,0,0,36,62,0.27,0.73,0.32,0.68,5.37,2.92,2.36,2.76,2.4,3.53,1.62,3.44,4.07,4.63,3.51,3.83,4.17,3.24,3.22,1885,1787,0,1,2.5,2
0.82,0.58,3.29,0.55,2.62,1.47,1.23,2.78,5.5,5.2,2.82,3.65,3.04,1.23,2,6,1,5,60,42,0.47,0.92,0.16,0.84,5.94,1.04,2.28,3.45,3.45,3.71,4.68,3.63,1.58,3.56,3.86,1.87,4.41,3.03,2.51,1797,1705,1,3,2.98,2
0.54,0.34,0.71,2.57,0.69,0.8,0.29,2.37,7.4,3.7,2.24,1.79,3.84,1.24,5,4,2,3,63,40,0.22,0.69,0.85,0.15,4.95,4.17,2.8,2.74,4.42,4.57,2.67,1.68,4.75,3.46,4.53,3.38,3.35,2.6,2.19,1578,1642,0,2,1.84,1
0.2,0.9,2.53,0.68,0.52,0.97,3.67,0.75,6.7,2.4,2.77,3.26,4.85,1.65,7,2,0,4,62,37,0.04,0.56,0.72,0.28,2.07,1.31,4.21,1.77,4.37,1.68,4.77,2.38,4.55,4.59,1.24,2.49,4.44,4.6,2.28,2087,1603,0,1,3.91,0
0.21,0.52,2.59,3.13,1.68,2.9,2.46,1.77,5.0,2.2,4.89,4.09,2.53,3.44,3,6,1,4,60,40,0.47,0.05,0.58,0.42,2.62,4.92,2.63,1.25,2.94,4.92,1.4,4.15,4.21,4.28,1.66,4.27,1.66,2.98,1.42,1768,1647,1,1,4.91,2
0.45,0.38,2.34,2.88,0.89,3.04,1.35,1.13,5.8,2.2,3.63,1.17,3.71,4.18,4,7,5,2,47,53,0.24,0.22,0.27,0.73,3.19,1.45,2.06,3.38,2.38,1.05,4.49,2.04,1.56,1.15,2.38,4.08,2.37,3.7,4.29,1494,2006,0,4,4.39,2
0.11,0.73,2.83,0.27,3.1,1.22,3.19,1.32,5.2,3.6,4.72,4.29,3.39,4.64,6,3,1,2,49,50,0.55,0.21,0.53,0.47,5.35,1.52,2.21,4.29,1.5,4.86,2.98,4.88,2.89,4.23,4.39,1.71,4.84,2.61,2.29,1485,1568,0,5,4.31,2
0.05,0.32,2.52,2.5,0.92,3.12,1.02,3.37,7.8,6.1,1.56,3.31,3.68,3.37,5,2,0,2,43,56,0.27,0.73,0.98,0.02,4.68,2.75,4.76,2.83,2.45,1.17,3.04,4.75,3.5,1.32,2.25,4.7,4.77,4.58,4.6,1790,2059,1,5,3.42,0
0.02,0.55,3.08,1.22,2.54,0.34,1.67,2.25,5.3,2.0,1.68,2.91,4.95,2.73,2,4,0,0,44,54,0.48,0.3,0.84,0.16,5.83,1.9,4.05,2.13,2.26,1.33,4.03,3.95,4.27,1.18,4.77,4.19,1.66,1.77,1.92,1572,1483,0,2,4.16,0
0.87,0.9,2.85,1.79,3.2,0.86,0.64,0.9,1.1,6.4,3.03,2.29,1.38,3.97,4,3,3,2,35,66,0.95,0.66,0.93,0.07,4.11,2.97,2.54,2.2,4.65,3.74,4.01,1.65,4.95,1.08,3.37,3.38,3.57,2.62,1.28,1528,1586,1,3,0.56,0
0.06,0.57,0.65,0.52,1.52,1.97,2.95,2.61,2.2,4.7,2.27,2.22,4.22,2.27,6,3,5,4,56,44,0.07,0.86,0.55,0.45,3.09,3.12,2.89,1.14,3.13,2.52,1.08,3.5,2.62,1.48,3.86,3.95,2.24,2.38,3.25,1877,2035,0,3,2.81,1
0.47,0.53,1.98,1.39,2.52,2.74,4.38,3.29,6.9,3.0,2.53,3.14,1.74,2.83,5,2,6,4,53,46,0.45,0.65,0.8,0.2,5.42,1.79,1.7,2.47,3.55,2.62,3.69,2.17,3.25,1.74,1.12,4.88,2.52,4.32,3.28,1923,1933,1,1,0.16,0
0.59,0.74,1.13,3.61,3.12,2.8,2.7,4.13,5.0,1.4,2.53,3.55,3.03,3.21,6,7,5,4,47,51,0.48,0.17,0.98,0.02,3.15,3.9,3.74,1.64,4.85,4.57,3.55,3.28,4.66,2.91,2.19,1.19,3.67,2.93,3.11,1939,1862,1,1,2.74,0
0.32,0.84,2.31,3.49,0.96,0.55,1.1,3.18,7.6,4.9,2.54,2.47,3.61,1.42,2,7,2,1,61,41,0.96,0.63,0.6,0.4,4.38,3.65,1.73,2.73,1.02,2.78,4.95,4.59,4.99,2.58,1.06,3.12,4.83,4.42,3.95,1798,1943,0,4,2.87,2
0.28,0.53,0.97,3.04,3.48,0.21,2.04,0.4,7.0,4.5,4.97,2.24,3.3,4.36,2,2,1,4,50,53,0.52,0.69,0.89,0.11,3.87,4.65,3.36,4.72,4.86,3.54,2.73,1.01,4.78,3.64,4.13,2.46,1.25,4.91,3.99,1412,1502,1,1,2.26,0
0.43,0.87,3.76,3.17,1.89,2.93,3.26,2.51,7.5,6.4,3.89,4.4,1.06,2.43,4,2,3,6,64,33,0.31,0.8,0.2,0.8,2.85,3.31,3.1,3.87,4.97,1.79,2.94,4.73,1.47,4.59,4.4,4.88,3.97,3.09,2.1,1897,1639,0,1,2.86,0
0.15,0.57,1.24,2.27,3.29,2.93,0.59,1.52,2.2,4.6,4.16,3.94,3.68,2.24,6,6,3,1,46,56,0.51,0.75,0.33,0.67,3.24,2.0,4.48,4.6,4.21,4.87,3.57,3.99,4.43,3.03,3.28,1.33,1.67,1.98,1.57,1644,1900,1,5,0.73,0
0.97,0.65,1.19,3.37,0.4,0.26,2.56,2.87,7.4,3.6,2.19,2.01,3.44,4.37,2,3,1,0,41,56,0.35,0.79,0.3,0.7,2.19,3.87,3.45,1.81,4.01,1.63,1.86,2.4,4.56,4.66,3.71,2.1,2.3,1.99,2.2,1937,1928,1,4,2.79,0
0.45,0.08,2.06,0.77,1.48,3.13,3.69,4.21,4.1,7.9,1.65,2.34,4.63,2.47,2,2,3,3,42,61,0.47,0.46,0.78,0.22,3.37,1.73,4.93,2.77,2.02,4.47,4.55,4.24,4.65,1.19,4.2,4.75,1.31,2.62,2.2,1578,1478,1,2,0.51,2
0.7,0.89,3.32,2.53,1.63,1.99,4.41,0.69,4.8,3.9,4.84,2.22,3.27,4.59,2,4,2,5,57,42,0.51,0.03,0.02,0.98,3.11,2.34,3.96,2.57,2.35,1.53,4.84,2.38,4.56,4.91,1.84,1.0,3.68,2.23,4.19,1921,2066,1,2,2.06,2
0.06,1.0,0.57,2.76,0.43,2.2,3.44,4.2,1.1,3.7,2.49,4.22,4.44,1.24,4,3,0,5,64,36,0.34,0.01,0.34,0.66,2.58,4.67,3.39,1.59,1.61,2.23,2.45,3.94,4.18,2.91,4.16,2.51,3.39,1.7,1.83,2014,1835,1,3,2.11,2
0.46,0.4,0.57,3.48,3.32,2.0,2.8,2.0,5.0,3.0,3.37,3.7,2.09,1.8,6,5,0,4,52,46,0.6,0.73,0.95,0.05,4.7,2.53,3.66,2.15,1.74,4.34,3.2,4.65,4.18,1.41,2.87,2.77,2.59,3.75,1.07,1836,1888,0,1,0.98,0
0.67,0.28,2.71,1.63,0.98,0.89,3.39,2.44,8.0,3.4,1.1,1.43,1.09,3.96,7,3,4,3,63,40,0.97,0.06,0.58,0.42,4.37,2.59,3.59,1.71,2.23,4.7,1.54,4.57,1.32,4.93,4.75,2.05,1.11,4.08,4.63,2062,1714,0,3,3.16,0
0.4,0.75,0.29,3.14,0.99,1.27,1.7,4.09,3.3,7.9,4.9,1.68,4.72,4.68,6,6,1,1,48,54,0.44,0.1,0.65,0.35,4.55,3.23,2.62,4.78,1.56,4.57,4.72,1.64,3.14,1.53,1.42,3.97,2.68,3.37,1.78,1682,1791,1,4,3.19,2
0.01,0.89,2.03,2.59,1.11,2.29,3.55,2.75,4.2,6.0,1.56,4.94,1.7,3.99,7,5,4,4,65,38,0.98,0.91,0.28,0.72,5.65,3.37,4.69,2.43,4.31,2.84,1.92,1.44,4.75,1.54,4.58,2.24,1.66,3.2,2.85,1733,2070,0,4,2.16,0
0.6,0.09,1.91,0.97,1.56,2.14,0.85,0.72,6.0,7.5,1.97,2.03,3.67,4.87,6,5,2,2,52,49,0.08,0.42,0.14,0.86,2.78,2.82,1.5,4.65,2.71,4.21,4.46,1.47,2.22,1.34,4.81,2.66,4.32,2.07,1.03,1778,1433,1,3,3.67,2
0.79,0.91,0.2,0.86,1.03,1.67,0.3,1.25,2.4,7.3,4.5,2.95,3.86,1.25,2,6,1,6,35,68,0.15,0.85,0.89,0.11,3.98,1.43,3.71,4.25,1.29,2.14,4.26,1.07,4.63,1.42,3.56,4.44,2.35,2.04,3.04,1959,1474,1,1,1.94,2
0.28,0.08,0.76,0.82,2.05,3.36,0.3,0.82,2.8,1.7,1.21,1.03,4.76,1.56,7,6,0,2,64,36,0.85,0.86,0.79,0.21,4.29,1.42,2.61,4.83,2.46,3.01,4.34,1.98,3.27,4.77,3.25,4.08,1.96,2.01,2.92,1496,1921,1,4,1.49,2
0.54,0.45,1.71,0.94,0.39,3.27,0.35,1.18,5.1,4.2,4.25,3.85,1.26,2.6,6,3,5,3,65,34,0.54,0.25,0.57,0.43,4.2,4.19,1.25,4.64,1.28,3.79,4.12,4.48,4.07,2.69,2.8,2.53,2.25,4.5,4.03,1588,1406,1,3,4.4,2
0.19,0.95,1.66,0.86,2.04,2.13,2.33,4.19,1.4,2.3,1.65,4.96,4.0,3.07,2,3,6,2,53,45,0.4,0.42,0.93,0.07,3.38,4.84,2.91,3.09,1.58,1.55,4.86,3.82,1.38,4.91,4.79,2.94,2.69,3.75,2.44,2035,1601,0,1,2.03,2
0.67,0.91,2.79,0.28,1.53,1.01,0.33,3.64,6.7,7.3,3.46,4.39,1.81,1.45,3,6,5,0,60,39,0.1,0.16,0.16,0.84,3.26,3.36,4.54,2.37,2.54,1.64,4.23,4.71,3.0,1.92,3.83,3.2,2.55,4.98,3.56,1660,1851,1,1,4.52,1
1.0,0.05,3.24,1.56,0.87,0.97,1.23,2.46,2.2,5.7,2.1,1.98,3.34,4.95,2,6,6,2,63,34,0.91,0.13,0.84,0.16,2.58,3.99,2.16,4.55,3.87,3.84,4.62,4.78,1.0,4.16,4.04,4.44,1.54,3.77,3.88,1756,1410,0,1,3.74,2
0.2,0.34,1.99,0.5,3.19,3.01,3.57,1.0,2.3,1.7,2.95,3.37,2.84,3.12,6,7,5,0,54,43,0.03,0.64,0.81,0.19,4.68,4.87,4.77,1.63,3.98,1.77,2.45,1.92,2.23,1.85,4.67,3.32,1.21,3.39,3.25,1880,2024,1,5,0.75,0
0.55,0.67,3.39,3.05,1.75,2.34,2.39,4.25,2.5,2.6,1.99,1.04,4.6,2.18,3,2,0,4,59,44,0.12,0.65,0.13,0.87,2.44,3.49,3.89,2.68,1.3,3.4,1.85,4.23,1.02,3.78,4.83,4.4,1.46,1.79,1.46,1525,1880,1,2,3.45,2
0.85,0.09,1.91,3.49,0.43,0.24,4.34,2.96,6.5,7.1,4.88,2.99,4.01,3.31,5,6,4,5,37,61,0.31,0.08,0.66,0.34,2.91,2.81,4.57,3.37,3.63,4.76,3.31,4.95,2.36,3.48,4.71,2.16,3.61,4.57,1.79,2014,2086,1,3,1.75,1
0.73,0.39,1.23,1.73,1.39,1.27,2.56,3.5,7.1,4.3,4.89,3.96,1.41,1.04,7,4,4,5,54,44,0.72,0.57,0.19,0.81,5.36,1.46,3.0,2.56,3.77,4.85,4.54,2.13,4.8,2.91,1.58,3.65,3.75,1.72,2.18,1667,1571,1,4,2.34,0
0.3,0.13,0.85,3.07,2.41,2.58,2.86,2.91,5.5,6.2,1.68,4.46,4.98,4.94,4,2,4,4,53,46,0.42,0.71,0.9,0.1,2.05,2.63,2.58,4.06,1.9,2.45,4.24,2.25,1.31,1.32,4.84,1.39,4.01,4.56,4.13,1664,1757,1,3,4.36,0
0.81,0.75,3.51,3.03,2.96,1.75,3.09,1.33,5.3,6.8,1.84,1.47,4.83,2.92,5,5,3,1,55,46,0.46,0.14,0.79,0.21,2.73,4.47,4.72,1.62,2.92,2.46,2.74,3.19,3.63,2.6,3.25,4.69,4.84,1.38,4.17,1509,1604,1,2,4.77,1
0.86,0.99,2.23,1.69,0.26,3.49,4.26,1.94,5.9,1.5,1.51,3.47,4.39,4.64,5,7,4,4,47,50,0.82,0.59,0.77,0.23,5.72,1.23,2.84,1.58,1.33,4.85,3.61,1.85,1.69,1.76,4.73,4.24,1.05,4.79,3.57,1419,1506,1,5,0.11,1
0.81,0.71,2.72,3.71,0.57,1.04,1.14,1.73,4.3,1.8,2.99,4.26,2.96,3.59,5,7,2,6,56,45,0.47,0.99,0.02,0.98,5.49,3.52,1.46,2.42,4.4,1.92,4.12,2.87,2.1,4.97,2.97,3.78,2.28,4.09,1.29,1498,1835,1,1,4.32,0
0.15,0.29,2.61,0.84,1.09,2.35,4.18,2.19,7.1,7.2,1.34,4.94,2.78,2.0,5,5,1,6,53,46,0.17,0.71,0.23,0.77,5.83,4.68,2.26,4.73,2.98,1.21,1.03,1.54,1.62,3.76,4.08,1.7,4.83,2.48,2.84,1799,2040,0,4,1.37,2
0.61,0.23,1.33,3.74,2.56,0.55,0.9,2.52,8.0,5.5,4.9,1.71,3.0,4.27,2,5,6,3,64,33,0.47,0.53,0.68,0.32,2.35,2.9,1.87,4.51,3.56,1.39,4.93,4.95,2.54,1.34,4.61,2.32,3.23,2.4,1.76,1795,1690,0,2,1.68,1
0.93,0.55,3.17,2.41,1.8,1.69,4.13,0.66,5.4,1.2,3.3,1.21,2.78,1.03,6,3,1,1,50,47,0.39,0.14,0.09,0.91,4.0,4.24,3.97,4.49,4.96,3.8,1.2,4.25,4.16,4.77,1.61,3.54,4.54,3.88,3.68,1490,2022,1,1,2.86,2
0.79,0.93,1.61,0.79,2.69,1.45,2.99,3.97,7.0,2.3,2.33,3.41,2.27,3.31,5,3,0,6,49,48,0.08,0.48,0.16,0.84,2.23,2.53,3.07,1.18,2.02,3.42,4.17,2.04,1.41,2.8,1.13,3.07,1.25,2.24,3.56,1951,2073,0,3,0.37,0
0.44,0.03,1.36,1.42,0.36,0.89,1.77,2.96,6.0,7.1,1.99,3.24,1.57,2.56,3,6,3,1,38,62,0.71,0.77,0.47,0.53,3.1,2.22,4.58,1.97,1.6,1.84,3.7,4.92,3.6,2.87,4.41,4.2,1.21,4.96,2.87,1444,1445,0,4,0.95,0
0.08,0.88,3.19,2.95,2.78,1.51,3.73,0.46,1.7,1.4,1.82,3.54,4.81,1.65,6,3,3,0,62,39,0.46,0.44,0.33,0.67,5.63,2.09,1.29,4.77,4.02,3.8,4.81,4.62,1.75,2.59,4.05,3.57,3.52,1.57,3.94,2003,1741,0,5,0.38,2
0.4,0.06,0.43,0.57,0.82,2.47,1.6,2.12,6.3,2.0,1.78,4.81,3.35,1.85,7,7,4,5,60,37,0.11,0.23,0.94,0.06,5.53,2.55,4.48,2.84,3.32,3.55,3.35,1.34,4.7,3.45,2.98,2.27,3.32,2.44,2.21,1720,1409,0,5,0.65,0
0.1,0.34,1.44,0.65,3.49,1.08,0.3,2.74,3.6,5.7,3.69,3.14,3.39,4.16,4,5,6,4,41,59,0.4,0.02,0.91,0.09,3.99,1.23,3.98,3.43,1.86,2.41,4.25,1.53,1.57,2.37,1.89,1.58,4.85,1.74,1.73,2032,1598,1,1,1.91,0
0.06,0.33,1.97,0.82,1.67,2.15,4.18,3.87,4.4,4.0,1.11,2.25,2.66,2.7,4,6,6,4,49,54,0.5,0.96,0.41,0.59,3.86,1.04,2.23,4.26,1.16,2.09,4.18,2.24,4.17,4.7,4.01,4.96,4.84,4.55,1.36,1774,2074,0,3,3.16,2
0.94,0.09,2.5,3.58,2.57,2.21,0.87,0.32,7.5,2.3,4.55,3.85,1.21,3.49,7,6,4,6,58,44,0.21,0.57,0.14,0.86,2.06,2.11,1.41,4.52,1.68,3.36,4.49,4.62,3.49,4.8,4.91,1.5,3.36,3.16,1.28,1983,1740,0,5,4.22,2
0.7,0.93,1.23,2.5,2.7,2.07,2.63,2.54,2.5,6.2,3.45,1.94,2.48,2.42,7,4,3,5,46,52,0.34,0.1,0.33,0.67,4.81,3.92,2.63,2.36,4.12,1.25,3.15,3.6,4.12,3.67,3.48,3.13,1.72,2.22,2.24,2017,2099,0,5,4.79,1
0.02,0.89,1.95,2.39,2.09,2.48,1.5,3.66,7.7,6.7,3.93,2.43,1.71,1.84,7,6,2,4,53,46,0.83,0.26,0.79,0.21,3.0,3.06,4.2,1.4,2.89,1.86,4.28,3.31,3.53,4.26,1.74,4.12,2.96,3.59,4.52,1861,1444,0,3,4.2,0
0.05,0.2,2.59,3.23,2.06,1.72,3.82,2.81,5.0,4.7,4.72,3.53,3.54,4.01,6,7,4,6,54,47,0.38,0.73,0.46,0.54,2.58,1.69,3.51,3.3,2.97,2.36,2.13,3.9,4.38,1.2,1.54,4.42,2.2,1.13,1.62,1790,2023,0,5,1.02,0
0.58,0.59,2.16,3.8,2.51,1.56,1.31,3.78,2.0,5.3,4.86,4.82,1.68,1.14,2,7,0,5,49,54,0.04,0.37,0.34,0.66,2.88,1.78,1.99,2.93,3.39,1.38,3.47,4.02,3.38,2.53,4.59,1.56,3.32,2.46,2.86,2053,1787,1,1,4.15,0
0.29,0.92,1.02,3.48,3.47,0.64,1.91,0.96,2.5,1.6,4.98,3.15,2.84,1.7,3,5,5,6,62,40,0.42,0.29,0.37,0.63,5.97,3.34,4.42,1.41,2.98,3.39,1.82,1.11,3.85,1.39,4.52,1.23,3.51,3.54,3.16,1492,1847,0,1,0.87,0
0.06,0.77,1.56,0.5,2.24,1.75,3.7,0.59,3.4,5.0,1.58,2.18,1.18,4.34,4,7,2,5,61,40,0.8,0.42,0.98,0.02,3.14,4.33,3.73,4.4,3.35,2.02,1.58,4.1,2.82,4.1,3.51,3.27,4.25,1.29,4.72,1554,1844,0,5,0.76,0
0.91,0.61,3.47,0.8,2.46,2.57,4.39,1.99,2.2,4.5,1.22,4.22,1.54,1.21,4,6,4,5,61,42,0.45,0.6,0.25,0.75,5.49,1.33,3.96,3.33,2.68,3.17,2.55,4.98,1.94,4.89,4.23,2.95,1.46,4.0,3.96,2073,1968,0,4,3.86,0
0.45,0.35,3.66,1.98,0.62,3.36,4.09,1.7,3.6,3.6,1.74,4.8,2.94,1.83,2,7,4,0,39,60,0.46,0.7,0.54,0.46,3.54,1.48,4.25,3.82,3.09,4.01,2.9,4.92,2.87,3.37,3.12,1.8,1.2,1.1,1.17,1586,1701,1,5,2.93,1
0.57,0.86,3.71,0.23,3.2,3.25,2.27,1.69,5.0,1.1,1.85,2.58,3.52,3.71,2,3,6,6,40,57,0.58,0.8,0.73,0.27,4.13,3.03,1.63,1.06,3.45,2.78,4.71,2.22,4.58,3.25,2.27,4.69,2.21,4.27,4.69,1783,2095,0,2,1.85,2
0.94,0.38,1.05,1.07,1.13,2.39,3.19,2.17,3.4,2.9,4.4,1.92,4.2,3.86,6,5,3,4,37,65,0.4,0.5,0.06,0.94,4.85,1.67,2.71,1.76,4.98,4.49,3.12,1.39,4.62,1.31,1.29,4.5,4.55,1.03,1.68,1786,1429,1,4,0.37,1
0.12,0.79,3.7,1.96,0.85,0.35,1.85,4.03,6.5,4.8,1.35,1.4,2.33,3.37,7,4,6,0,59,42,0.53,0.24,0.78,0.22,2.29,3.27,4.89,4.15,1.55,1.05,3.63,1.05,3.08,4.36,3.58,3.71,1.82,4.69,3.54,1932,1891,1,2,0.18,1
0.59,0.67,2.92,1.13,2.0,0.68,4.34,0.41,3.4,6.4,3.92,4.23,2.14,3.94,3,7,0,3,42,56,0.07,0.74,0.31,0.69,4.96,2.21,2.88,3.51,4.79,1.68,4.24,3.23,4.35,2.83,1.15,4.48,4.16,2.65,4.24,1583,1526,0,5,4.4,0
0.03,0.1,3.02,0.47,2.7,2.2,1.88,1.31,5.0,6.9,2.48,1.56,3.63,2.37,4,5,0,4,53,44,0.41,0.54,0.61,0.39,4.2,4.45,3.55,3.33,3.06,4.75,3.12,2.17,3.2,3.79,1.24,3.31,4.44,4.35,1.86,1889,2088,0,5,2.59,2
0.65,0.5,2.44,2.29,0.62,1.31,0.2,3.61,3.4,5.3,2.92,4.33,2.22,3.9,7,6,3,2,40,58,0.55,0.32,0.2,0.8,4.76,1.4,4.18,1.91,2.95,3.28,2.97,3.33,2.71,1.12,3.69,3.74,4.19,1.95,2.96,1854,1761,1,2,2.69,0
0.83,0.72,1.07,1.75,0.99,1.62,1.47,1.74,6.1,3.6,2.46,1.56,1.58,3.26,5,2,3,3,57,42,0.99,0.71,0.02,0.98,5.6,1.5,1.03,1.26,1.51,2.97,1.08,1.25,1.7,3.06,4.42,2.68,3.43,3.71,4.74,2047,1638,0,4,1.57,1
0.64,0.55,3.15,1.03,1.95,1.81,3.34,0.92,2.1,5.8,3.38,4.56,2.35,1.23,4,6,5,5,62,36,0.54,0.62,0.54,0.46,4.75,1.91,1.74,3.9,2.82,2.02,4.65,4.46,3.33,1.27,2.28,1.05,1.04,1.21,3.57,1413,1438,1,5,1.9,2
0.62,0.54,0.83,3.26,2.18,0.94,3.43,3.8,2.2,3.3,4.63,3.23,4.31,3.32,7,6,5,1,59,39,0.91,0.98,0.38,0.62,5.26,1.24,4.63,4.48,2.07,1.07,3.84,1.87,2.01,3.27,3.5,4.44,1.73,4.17,3.02,1693,2085,0,3,2.1,0
0.71,0.51,0.84,0.42,0.83,2.2,0.93,0.27,1.7,1.9,2.38,2.54,1.08,3.79,4,4,5,4,45,58,0.95,0.61,0.58,0.42,2.6,1.3,1.6,1.42,2.14,3.48,1.28,2.25,4.62,1.37,3.44,4.18,1.01,3.31,1.1,1914,1902,1,4,0.44,0
0.51,0.41,1.61,2.6,2.64,1.79,0.99,1.42,3.5,4.0,1.9,4.55,1.39,1.45,4,6,1,6,38,65,0.3,0.78,0.75,0.25,5.01,4.08,4.64,3.57,3.78,4.4,3.77,1.5,4.59,4.0,1.72,4.43,4.7,4.76,4.91,2095,1692,1,3,1.54,0
0.17,0.58,2.65,3.79,3.09,1.34,1.94,3.74,6.4,1.6,4.6,3.31,3.99,3.24,7,6,6,4,36,66,0.75,0.49,0.32,0.68,4.9,3.29,4.38,1.35,2.32,3.71,3.71,4.59,3.79,4.42,2.73,1.18,1.1,1.2,2.5,1437,1490,1,5,0.4,0
0.92,0.91,3.45,2.31,2.24,1.35,4.0,1.75,6.3,7.3,1.32,2.96,4.98,2.37,2,2,4,4,43,58,0.53,0.11,0.35,0.65,2.46,4.29,2.22,4.6,3.84,4.06,4.04,1.38,3.72,1.66,1.65,3.14,4.71,2.21,4.79,1799,2006,0,4,2.35,2
0.51,0.98,1.56,3.46,0.78,3.09,2.88,1.63,2.7,5.9,3.73,1.85,2.86,4.52,2,7,6,6,37,63,0.26,0.97,0.05,0.95,2.42,2.23,3.15,3.07,2.69,1.91,1.21,1.7,3.15,1.01,1.78,1.91,3.68,3.27,3.51,1939,1665,0,5,3.53,0
0.62,0.28,1.33,2.07,1.97,1.09,3.26,4.5,7.7,5.2,3.36,4.05,2.78,3.82,5,5,6,1,52,46,0.43,0.39,0.68,0.32,4.15,2.55,1.02,4.66,3.42,1.06,4.91,2.61,2.38,2.71,1.33,3.08,1.03,2.86,1.65,1796,1659,0,4,0.68,1
0.36,0.65,3.24,1.6,3.09,0.96,1.68,3.01,4.9,4.1,3.85,2.52,2.53,1.4,4,5,0,3,41,57,0.3,0.54,0.22,0.78,3.84,3.48,1.56,2.62,3.85,2.53,4.98,2.25,4.44,3.24,2.48,2.35,1.09,3.8,1.27,1917,1991,0,4,4.84,2
0.6,0.71,1.76,2.01,0.74,0.96,3.03,2.42,1.4,5.0,2.14,4.52,2.66,1.61,7,4,4,2,54,45,0.99,0.5,0.44,0.56,3.45,1.72,2.65,1.86,2.97,1.63,2.49,1.52,4.95,3.46,3.1,1.68,3.1,2.86,2.0,1668,1686,1,1,2.67,0
0.11,0.01,0.56,3.55,1.1,1.28,3.66,3.83,3.4,6.2,4.55,3.0,1.73,3.03,5,7,4,1,57,43,0.26,0.93,0.41,0.59,4.65,4.4,3.32,3.25,1.5,4.98,1.07,2.54,4.8,2.87,4.22,4.51,3.29,4.78,3.4,1705,1548,1,4,4.42,1
0.47,0.77,3.26,1.64,1.61,0.41,2.58,2.67,2.9,7.8,4.68,4.01,3.39,1.44,6,5,3,3,57,46,0.09,0.39,0.08,0.92,3.59,1.1,3.44,3.51,3.59,4.95,2.09,4.83,4.28,4.96,3.49,3.79,3.11,2.97,4.83,1482,1565,0,3,0.2,1
0.7,0.59,0.64,3.35,0.59,1.7,0.67,0.56,2.9,5.0,4.74,2.0,1.49,2.1,6,7,2,6,35,67,0.11,0.89,0.06,0.94,3.01,2.22,2.22,2.7,3.42,4.52,2.14,1.42,1.25,4.53,4.91,4.97,4.0,4.52,2.44,1913,1921,1,2,2.94,1
0.45,0.41,2.3,3.15,2.81,2.31,1.42,1.76,5.6,5.3,4.25,1.68,1.22,1.62,5,6,0,1,62,39,0.15,0.45,0.77,0.23,4.43,1.14,4.51,2.4,4.27,4.96,2.86,1.99,3.05,4.94,4.58,4.95,3.22,2.02,2.44,1687,1673,1,1,2.33,0
0.76,0.25,0.7,3.78,3.23,1.81,1.26,3.69,4.5,2.2,4.24,3.78,4.86,3.93,7,3,4,5,35,65,0.84,0.03,0.74,0.26,3.01,3.35,2.09,2.03,1.87,2.19,4.07,4.19,2.47,1.91,3.43,1.81,3.24,3.72,2.79,1973,1749,0,3,3.09,1
0.22,0.65,0.58,2.41,1.39,1.57,3.11,1.13,3.5,2.6,2.03,2.24,4.39,1.04,5,5,1,2,45,52,0.54,0.94,0.96,0.04,3.49,1.24,4.3,1.73,1.77,3.7,4.46,2.21,2.77,4.32,2.82,1.7,3.89,4.74,4.6,1501,2074,0,1,2.58,0
0.05,0.03,0.88,3.02,3.21,1.2,0.25,4.44,2.5,1.8,3.86,4.05,2.82,3.71,3,3,3,6,60,43,0.61,0.9,0.33,0.67,4.86,1.94,4.95,3.61,1.41,1.29,4.29,3.26,1.91,1.56,3.57,2.73,4.39,4.13,3.14,1475,1667,1,2,2.68,0
0.14,0.58,1.15,2.9,2.69,2.62,2.13,3.92,3.7,3.9,1.58,4.82,4.74,1.45,7,3,6,0,45,55,0.24,0.83,0.56,0.44,5.56,2.59,1.37,1.49,3.55,1.16,1.46,3.41,2.56,4.08,3.62,4.57,1.62,3.79,3.08,1649,1522,1,4,0.38,0
0.86,0.82,2.23,2.94,0.39,1.54,4.24,3.41,2.5,1.0,1.83,4.46,4.04,2.82,5,3,4,0,45,52,0.77,0.77,0.7,0.3,5.37,4.4,1.8,3.18,3.83,3.21,3.1,2.88,4.96,2.78,4.8,4.31,1.41,2.38,1.75,1493,1777,1,3,2.88,2
0.57,0.2,1.95,1.2,2.84,1.81,0.2,0.7,1.8,4.5,2.83,4.28,2.09,1.15,4,7,1,4,50,53,0.88,0.09,0.36,0.64,5.31,2.43,2.54,3.73,4.34,1.65,3.1,1.7,2.08,4.69,4.53,3.01,3.72,2.39,1.04,1728,1786,1,5,1.5,1
0.25,0.16,1.85,2.78,1.0,1.57,1.28,1.61,2.6,1.4,2.68,2.81,2.48,3.61,6,2,4,4,37,65,0.87,0.92,0.37,0.63,3.1,3.83,3.68,3.22,3.1,3.93,3.66,4.98,3.4,3.33,3.04,2.51,1.14,3.43,1.44,2070,1557,1,2,1.7,0
1.0,0.15,3.26,1.29,2.28,1.84,2.23,1.66,1.4,7.1,3.34,1.07,3.05,3.61,4,2,6,1,60,42,0.24,0.83,1.0,0.0,2.54,3.02,2.13,2.22,4.7,1.6,3.01,1.57,1.02,2.53,2.33,3.91,1.02,3.22,4.91,1447,1414,1,4,0.22,2
0.19,0.01,0.92,1.76,0.21,1.06,4.49,0.38,7.2,6.1,4.57,3.2,4.74,3.17,6,4,2,5,64,36,0.8,0.44,0.81,0.19,5.74,2.39,3.7,3.25,3.58,1.42,4.47,3.32,4.49,2.81,4.86,1.82,2.34,2.39,1.19,2080,1603,0,4,4.1,2
0.7,0.27,1.98,1.53,2.34,3.16,2.49,0.83,5.2,4.6,4.5,3.8,3.72,2.67,6,6,0,1,57,45,0.05,0.22,0.26,0.74,4.01,1.57,4.33,4.67,2.71,2.64,2.18,2.18,1.98,3.1,2.3,3.4,3.67,2.73,2.54,1954,1735,0,1,3.47,2
0.32,0.01,2.43,1.75,2.04,3.26,3.97,2.48,3.6,5.5,3.93,3.72,4.13,3.14,5,7,5,0,54,49,0.24,0.0,0.77,0.23,4.87,2.65,3.99,1.77,1.62,2.57,1.09,1.92,2.38,3.58,2.1,4.97,4.41,4.25,1.37,1776,2090,0,1,3.84,2
0.01,0.64,0.55,1.71,3.21,3.41,1.49,2.83,4.5,7.3,3.41,4.93,1.47,1.82,4,7,3,3,64,37,0.17,0.87,0.52,0.48,5.79,3.69,4.62,3.47,3.06,1.2,1.33,3.31,2.37,2.98,4.27,4.27,4.71,3.54,4.46,1635,1933,1,5,1.98,0
0.57,0.9,3.6,0.26,1.66,0.31,1.09,2.89,6.6,1.7,1.57,2.27,2.18,2.19,3,2,0,0,39,58,0.75,0.17,0.97,0.03,2.16,1.09,3.7,1.85,1.76,3.13,2.34,2.86,3.54,2.76,4.56,1.5,2.63,1.24,4.71,1970,2018,0,3,4.42,1
0.94,0.75,1.1,2.47,3.12,1.47,4.41,1.22,5.0,7.5,4.68,4.64,1.37,3.71,6,4,5,2,53,49,0.53,0.27,0.53,0.47,2.86,3.39,1.07,1.83,3.86,2.1,2.24,4.54,4.56,2.8,2.0,2.51,4.63,1.82,4.68,1605,1950,0,5,4.1,0
0.48,0.16,3.19,1.6,2.84,0.68,0.93,4.48,4.1,5.6,1.5,4.52,1.65,2.67,2,7,3,6,45,57,0.06,0.57,0.08,0.92,2.28,2.7,4.07,1.76,1.97,4.96,3.54,4.46,4.1,3.45,4.64,1.19,2.16,2.96,3.3,1619,1590,1,5,1.91,0
0.18,0.37,3.64,1.69,2.31,2.0,3.66,4.25,6.0,7.4,1.24,2.07,2.34,2.4,4,5,1,0,63,39,0.55,0.71,0.76,0.24,2.2,3.94,4.81,4.72,3.5,2.04,2.14,2.54,1.19,3.35,4.33,2.84,1.58,1.72,2.71,1895,1743,1,1,4.05,1
0.41,0.03,1.16,0.86,3.28,2.7,3.81,1.6,2.2,6.1,4.58,2.61,4.91,2.92,3,4,3,3,54,43,0.09,0.02,0.64,0.36,5.69,3.58,3.41,3.4,3.37,4.58,1.33,2.24,1.31,2.65,4.88,3.96,1.22,3.56,2.82,1527,1603,1,1,2.97,2
0.75,0.13,1.71,3.44,2.35,1.2,1.44,1.28,1.8,4.9,4.54,2.1,4.9,2.91,3,3,4,6,42,55,0.64,0.47,0.45,0.55,3.42,4.91,4.99,4.93,2.21,4.43,2.02,3.34,3.97,4.52,1.65,3.49,1.76,3.46,4.37,1631,1911,1,5,1.53,2
0.81,0.81,1.87,1.36,2.35,1.14,1.1,4.04,3.2,7.5,1.73,3.08,2.05,1.74,2,5,1,4,39,60,0.45,0.88,0.93,0.07,4.7,1.03,1.68,4.35,1.53,2.0,2.75,4.46,2.73,1.47,4.28,1.36,1.09,4.04,3.14,1947,1401,0,2,1.07,1
0.59,0.83,3.52,3.1,2.5,3.06,0.87,0.22,4.5,1.4,3.65,2.82,4.6,4.22,4,5,0,5,58,45,0.04,0.48,0.68,0.32,5.71,3.6,3.62,2.54,3.01,4.6,2.59,2.47,3.33,4.51,1.69,3.5,1.09,2.11,2.56,1844,2094,0,1,4.42,2
0.43,0.35,2.94,2.9,2.59,0.68,0.99,1.17,3.1,6.1,4.09,4.01,3.17,3.66,2,7,6,0,56,45,0.84,0.16,0.38,0.62,3.28,1.69,2.35,1.0,3.91,4.04,2.07,3.07,4.35,1.9,3.25,3.76,2.18,3.49,1.51,1955,1780,1,2,1.36,0
0.7,0.59,0.32,1.7,3.37,1.45,2.7,3.35,2.6,7.6,3.75,2.93,4.54,1.84,6,7,6,0,53,47,0.55,0.44,0.82,0.18,3.23,3.56,2.46,4.66,2.79,4.11,1.03,1.77,1.95,1.36,3.14,1.85,1.29,2.02,4.55,1931,1872,0,4,4.41,2
0.6,0.43,0.81,2.59,0.78,3.17,3.59,3.05,6.2,5.0,2.54,1.39,3.1,1.1,2,5,0,3,65,34,0.07,0.6,0.82,0.18,3.21,4.73,1.35,2.9,1.26,1.4,1.23,2.43,3.63,4.5,4.64,1.17,1.1,1.92,1.47,1433,1422,0,5,2.76,2
0.36,0.57,2.21,2.29,2.36,2.37,2.6,4.43,6.2,3.7,2.34,3.7,3.21,3.02,3,3,1,5,47,50,0.04,0.99,0.97,0.03,2.1,3.19,2.87,4.48,3.23,3.78,3.21,1.96,3.96,2.77,2.22,2.25,1.35,1.34,3.4,1465,1746,1,2,3.93,1
0.78,0.62,0.76,1.82,3.24,1.96,3.9,2.63,3.9,6.2,1.39,4.66,3.13,1.01,4,4,6,0,61,37,0.22,0.4,0.68,0.32,4.54,3.28,2.1,1.66,4.28,1.21,4.82,2.79,2.01,2.18,3.37,4.45,1.87,4.79,3.87,1638,1569,0,3,0.92,0
0.01,0.19,1.19,0.74,1.9,0.26,1.12,1.35,2.6,5.3,3.11,1.08,4.42,2.79,3,4,2,0,51,49,0.71,0.62,0.6,0.4,4.46,4.73,4.21,2.91,3.3,4.56,4.49,4.88,2.44,1.54,1.73,4.21,4.17,1.76,2.2,1546,1737,1,1,0.65,2
0.48,0.62,1.8,1.59,1.3,1.4,0.49,0.36,1.3,6.5,4.44,3.52,3.56,2.07,4,4,1,0,53,48,0.49,0.09,0.14,0.86,4.13,3.48,4.29,1.02,4.65,3.44,3.71,3.7,3.96,2.79,2.86,1.99,3.46,4.8,4.49,1708,1678,1,2,4.43,0
0.59,0.51,2.62,3.79,3.14,0.24,1.98,2.02,4.8,4.4,4.58,4.22,1.34,4.51,2,2,6,4,36,65,0.3,0.44,0.24,0.76,4.24,4.9,1.92,3.45,3.34,2.08,1.85,4.58,4.53,1.62,4.99,4.22,3.53,2.28,1.3,1727,1735,0,4,0.04,0
0.35,0.44,0.33,2.31,1.37,1.96,0.88,4.01,2.5,3.9,4.54,3.28,3.17,4.82,2,7,4,5,48,50,0.8,0.5,0.18,0.82,5.7,3.71,2.2,1.68,4.98,1.89,3.76,3.49,2.88,3.21,1.13,3.6,1.4,2.15,3.54,2027,2063,0,4,0.48,0
0.21,0.93,0.24,1.56,2.42,0.94,1.01,0.61,2.1,1.0,4.45,2.51,4.97,4.49,6,3,3,0,46,56,0.05,0.53,0.79,0.21,3.73,4.63,3.27,2.47,2.24,2.15,4.37,4.04,3.43,4.91,2.81,3.07,2.99,4.98,1.45,1831,1849,1,2,4.87,1
0.71,0.58,3.03,2.63,2.14,1.67,0.69,3.7,5.1,6.3,3.31,1.02,1.88,1.08,3,3,1,0,60,37,0.18,0.87,0.12,0.88,2.88,1.41,3.65,4.42,4.93,1.64,2.59,4.93,4.76,2.52,4.82,4.41,2.07,4.15,2.22,1981,1808,1,4,0.62,1
0.09,0.33,0.33,2.5,1.26,0.68,3.56,2.84,7.8,2.2,3.3,3.43,2.8,3.23,3,7,5,1,53,46,0.91,0.74,0.18,0.82,3.87,1.24,3.29,4.46,3.25,2.23,2.52,2.62,4.5,4.07,4.09,2.77,1.28,2.42,1.49,1537,1577,0,5,0.74,0
0.76,0.21,0.31,3.18,2.91,2.44,2.64,3.9,6.9,7.9,1.26,4.84,2.25,4.58,5,7,1,5,40,62,0.11,0.71,0.18,0.82,5.3,3.94,3.96,2.46,4.77,1.79,2.01,2.69,4.29,1.48,3.55,1.94,4.81,3.91,1.26,1981,1695,1,4,1.2,0
0.96,0.49,0.59,0.47,2.14,0.5,4.03,0.51,5.4,1.2,3.86,4.69,4.56,3.78,6,3,5,2,46,54,0.71,0.9,0.07,0.93,4.33,3.46,2.19,2.23,3.21,4.55,3.32,4.81,4.62,2.38,1.28,3.4,1.29,1.0,2.87,1736,1864,1,4,0.42,1
0.29,0.86,1.51,2.1,0.86,1.54,1.33,2.74,7.9,1.3,3.99,1.25,3.67,2.57,6,6,2,0,59,41,0.96,0.01,0.53,0.47,2.25,3.39,2.41,2.77,3.15,3.22,1.7,4.22,3.22,1.73,2.56,4.04,1.09,1.85,1.27,1610,1566,0,2,3.59,2
0.14,0.87,2.25,0.95,1.51,2.86,1.92,2.58,4.4,6.4,2.95,1.85,4.7,3.8,6,3,0,1,44,55,0.28,0.19,0.84,0.16,5.71,1.69,2.84,3.03,3.67,1.39,2.35,4.41,2.37,3.73,3.68,3.61,2.93,3.5,2.79,1536,1485,1,2,0.22,2
0.4,0.82,3.76,0.4,1.87,2.67,3.14,1.61,4.0,3.7,1.16,1.87,3.36,4.88,4,4,1,2,61,38,0.4,0.5,0.87,0.13,2.49,4.01,4.98,3.26,1.15,2.58,2.85,1.61,1.71,3.4,3.03,4.09,4.38,1.91,1.64,1511,1866,0,1,5.0,2
0.05,0.14,2.85,1.02,2.99,0.55,1.64,1.89,2.1,2.1,3.49,1.12,3.09,3.06,2,3,5,1,55,42,0.63,0.31,0.11,0.89,5.94,4.84,2.31,4.77,2.95,2.75,4.84,1.53,4.62,1.25,3.14,2.43,2.35,4.48,3.95,1808,1441,0,5,0.88,2
0.54,0.93,2.03,3.41,2.91,1.77,3.67,1.86,3.3,8.0,2.22,3.63,3.54,4.28,7,3,2,2,43,60,0.01,0.91,0.51,0.49,4.61,3.85,4.89,4.16,3.96,1.45,3.45,2.64,3.48,4.7,4.55,3.62,1.72,4.28,2.02,2024,1521,1,3,1.99,0
0.74,0.01,3.09,1.13,2.33,1.44,2.18,1.89,3.8,7.8,2.88,4.79,2.52,1.88,2,7,4,6,39,58,0.67,0.58,0.01,0.99,4.67,1.01,1.24,2.89,4.84,4.82,4.56,4.49,1.47,1.68,1.83,3.52,3.25,4.86,2.67,2086,1536,1,1,1.28,0
0.93,0.48,3.33,2.11,0.44,2.69,3.73,1.66,5.7,5.5,4.09,1.05,1.08,4.89,5,7,5,0,41,59,0.99,0.26,0.43,0.57,3.62,1.26,4.46,3.23,4.0,3.15,2.55,4.65,2.53,2.98,1.23,1.48,4.23,4.76,4.46,1701,2037,1,3,2.27,1
0.31,0.59,2.09,3.51,1.1,1.35,1.78,4.26,4.5,5.9,1.2,4.21,3.49,4.16,2,5,3,1,65,36,0.44,0.35,0.97,0.03,2.86,1.3,3.47,3.15,3.27,1.59,4.17,2.76,1.08,1.4,4.78,1.18,2.11,3.99,4.71,1831,2000,1,2,3.99,0
0.55,0.38,2.26,0.44,2.35,3.15,1.0,1.01,1.6,2.1,4.94,2.61,2.08,1.78,6,5,6,2,52,48,0.8,0.2,0.24,0.76,2.51,4.29,2.08,3.17,4.57,3.3,3.32,3.2,4.88,3.39,2.04,3.55,2.22,2.08,1.75,1533,1687,1,2,3.37,2
0.84,0.61,2.22,0.61,0.91,1.97,2.63,2.65,7.4,7.8,4.65,4.46,1.83,3.01,6,4,2,5,52,50,0.78,0.81,0.38,0.62,3.38,1.58,3.24,4.12,4.7,2.58,3.3,2.94,2.58,1.81,1.81,4.6,2.33,3.18,2.82,1830,1786,1,1,4.16,1
0.44,0.58,2.93,1.65,0.73,1.04,2.56,2.31,6.9,7.8,1.71,4.56,4.42,4.25,7,3,4,0,50,47,0.26,0.78,0.16,0.84,3.65,3.18,4.45,2.76,1.34,3.71,4.11,4.81,1.06,4.52,1.31,4.11,2.28,2.7,2.85,1767,1868,0,3,0.31,0
0.86,0.76,0.9,2.37,3.4,1.82,3.29,2.5,1.1,6.9,1.87,3.18,3.8,3.36,3,7,2,4,49,49,0.57,0.6,0.28,0.72,3.19,3.51,3.26,2.26,4.84,3.31,4.78,3.73,1.42,2.64,1.86,4.89,1.28,1.68,2.9,1939,1620,1,2,2.3,0
0.95,0.58,1.02,2.01,0.71,2.28,0.23,1.81,4.4,7.3,3.51,2.31,2.93,3.7,5,6,3,5,49,52,0.29,0.11,0.9,0.1,4.66,4.92,3.82,5.0,3.54,1.24,4.06,3.65,2.48,4.01,3.8,1.62,3.58,1.75,2.78,2031,1813,0,2,0.23,2
0.76,0.07,0.84,2.91,2.9,1.72,3.6,2.11,3.8,1.8,1.73,3.62,4.23,2.6,2,4,1,6,38,61,0.71,0.51,0.15,0.85,3.11,2.0,2.59,3.66,2.11,1.68,4.57,4.75,1.76,2.55,4.28,1.19,4.26,3.17,3.25,1465,1503,0,3,3.47,0
0.41,0.94,1.69,1.74,1.29,2.3,1.32,2.92,1.8,5.5,3.01,4.24,2.45,2.0,2,3,4,1,52,46,0.1,0.19,0.15,0.85,3.31,1.28,3.25,3.18,4.5,2.13,1.03,4.21,1.69,4.94,3.64,1.37,3.81,1.11,3.38,1688,1885,0,5,1.96,0
0.2,0.39,2.99,2.06,2.21,2.61,1.47,1.95,2.1,2.6,3.1,4.4,1.95,1.27,5,7,2,0,55,44,0.14,0.35,0.73,0.27,5.13,4.48,2.04,3.04,4.78,4.53,3.65,2.19,4.76,4.26,3.93,2.25,4.9,1.02,4.4,1794,1466,0,5,2.77,2
0.06,0.46,1.56,3.75,2.35,2.47,1.06,1.18,3.7,5.0,1.27,2.9,3.6,1.67,5,3,0,2,46,54,0.54,0.7,0.62,0.38,5.12,4.76,3.42,3.9,2.61,2.65,1.24,2.76,3.0,2.6,3.64,2.47,3.81,2.82,1.4,1616,1717,1,4,2.34,1
0.92,0.06,1.68,0.83,0.82,3.26,0.51,2.61,7.7,7.8,2.45,4.78,2.16,1.06,3,4,2,3,39,60,0.83,0.01,0.81,0.19,4.18,2.89,1.58,4.05,3.07,2.78,4.69,4.24,2.24,4.9,1.97,3.76,1.52,1.88,3.88,1837,1409,1,1,0.99,2
0.18,0.57,0.8,0.86,3.4,0.73,2.32,4.06,1.9,3.5,2.07,2.81,3.69,4.17,2,2,6,4,53,47,0.49,0.74,0.93,0.07,4.29,3.8,2.18,3.96,2.77,4.8,2.29,1.36,3.02,1.09,4.76,2.89,3.54,1.86,3.16,1753,1924,0,1,2.48,0
0.22,0.28,3.35,1.08,0.83,2.92,2.48,1.32,1.7,3.4,3.05,4.88,3.6,3.24,4,6,1,6,51,46,0.08,0.42,0.08,0.92,5.12,3.61,1.39,1.81,4.64,2.96,4.06,1.8,3.85,4.33,3.71,2.52,1.87,2.16,3.62,1816,1673,1,3,1.18,2
1.0,0.7,2.94,2.19,2.8,3.11,3.24,2.35,4.3,1.5,3.1,3.28,2.52,2.38,3,7,2,4,38,63,0.5,0.02,0.31,0.69,2.47,1.56,2.19,1.5,3.1,2.5,2.71,2.59,4.95,3.95,3.42,4.04,4.08,1.23,2.9,1574,1815,0,2,4.98,1
0.68,0.43,2.62,3.67,0.84,2.55,0.47,3.14,6.2,5.3,4.57,1.09,1.1,3.47,7,6,5,3,45,55,0.87,0.47,0.58,0.42,4.94,1.73,3.69,1.68,2.47,1.18,2.43,3.81,1.7,4.84,4.26,2.99,3.3,1.31,3.23,1944,1617,1,5,0.98,1
0.94,0.36,1.33,0.46,1.79,1.99,1.13,3.0,3.5,6.4,3.71,2.12,2.39,1.76,2,4,3,3,61,38,0.99,0.96,0.19,0.81,3.45,4.76,1.48,3.3,1.51,2.64,4.81,3.91,3.41,2.13,2.81,4.65,1.29,4.59,4.47,1619,1427,1,5,1.78,2
0.36,0.93,1.75,1.95,2.11,2.9,2.89,0.71,2.9,5.9,4.24,3.39,4.96,4.3,2,5,5,3,39,64,0.84,0.35,0.9,0.1,5.23,4.43,4.99,2.55,3.56,3.3,1.02,1.61,2.31,1.22,4.36,1.77,3.36,2.8,3.37,1815,1706,0,5,0.59,1
0.02,0.63,2.35,3.21,2.53,3.43,3.49,3.28,5.9,4.7,4.07,3.5,2.97,2.23,4,3,2,0,55,48,0.6,0.53,0.4,0.6,3.59,1.65,3.37,2.37,4.82,1.8,4.48,3.55,1.6,2.18,4.0,3.65,2.9,1.99,4.63,1434,1588,0,5,3.71,0
0.06,0.76,3.56,0.56,1.08,1.09,1.87,0.33,4.8,2.2,3.99,3.99,1.68,4.51,4,4,3,3,39,60,0.36,0.45,0.53,0.47,4.87,3.09,4.43,4.52,3.41,1.17,4.24,3.26,4.04,2.52,3.81,2.86,4.28,2.91,2.7,1474,2009,1,5,0.75,1
0.6,0.18,1.52,0.84,1.64,2.74,3.64,2.57,8.0,3.5,3.17,2.79,1.45,4.15,5,3,3,2,42,57,0.42,0.76,0.8,0.2,3.86,2.9,4.96,3.59,2.75,4.76,2.23,1.5,1.69,1.13,2.29,2.4,2.35,4.2,4.3,1620,1994,1,1,4.88,0
0.05,0.43,1.4,1.51,0.89,2.91,2.07,1.91,1.6,4.7,2.8,1.34,3.3,3.44,5,3,5,3,40,58,0.65,0.66,0.2,0.8,3.72,3.4,4.35,1.76,2.24,1.95,4.58,2.24,4.03,3.73,1.14,3.03,1.49,3.26,4.58,1739,1438,1,4,1.88,2
0.23,0.75,3.47,3.32,0.49,1.86,3.41,2.88,5.5,7.6,3.67,1.67,1.96,1.16,7,2,0,5,47,53,0.8,0.75,0.7,0.3,4.61,4.59,1.2,2.44,4.48,4.64,3.3,1.04,1.49,4.94,3.39,3.02,2.5,2.5,3.23,1632,1462,1,2,0.67,2
0.16,0.59,0.54,0.78,2.11,1.54,3.88,1.12,1.6,7.1,2.77,2.35,3.02,4.13,2,5,3,2,60,39,0.69,0.65,0.99,0.01,2.43,2.68,3.01,4.26,3.13,2.79,2.5,2.13,4.02,1.58,2.3,4.79,4.69,1.39,3.48,1764,1869,1,1,2.34,0
0.15,0.16,1.33,1.06,0.68,2.49,1.07,4.12,1.7,1.8,3.92,2.53,4.35,4.72,5,5,6,3,61,38,0.68,0.12,0.32,0.68,2.87,4.66,4.27,3.98,1.68,4.99,2.52,2.58,4.87,1.44,2.01,3.78,2.35,2.75,1.81,1538,1682,0,1,0.12,2
0.79,0.89,0.4,3.77,1.26,0.95,2.29,1.83,5.7,5.9,2.75,2.31,1.87,2.99,4,4,0,5,51,49,0.28,0.56,0.77,0.23,2.78,4.8,4.12,1.98,3.91,3.25,1.91,4.75,2.36,1.59,2.38,3.16,2.56,4.35,1.85,1406,1575,1,1,4.06,0
0.03,0.43,3.61,1.02,0.41,0.56,3.71,0.63,4.3,1.4,1.05,3.88,3.91,3.2,2,3,2,6,65,34,0.55,0.29,0.99,0.01,4.42,3.78,3.19,2.09,3.42,1.86,1.54,4.89,1.46,2.96,4.74,3.67,2.05,2.63,2.11,1762,1880,1,1,1.56,1
0.86,0.35,2.86,3.62,1.83,2.31,0.52,3.02,8.0,4.1,1.66,1.94,1.16,1.58,3,7,0,6,53,46,0.69,0.23,0.96,0.04,3.28,4.67,2.48,2.56,1.81,4.03,5.0,2.77,1.52,2.08,4.65,4.52,2.72,2.34,1.92,1477,1999,0,3,0.85,2
0.02,0.93,0.54,2.04,1.21,0.35,3.74,1.97,2.8,7.4,1.51,4.22,3.15,3.76,3,3,4,0,35,66,0.09,0.36,0.82,0.18,3.43,2.55,3.74,2.37,2.95,2.44,3.36,2.64,4.92,4.41,4.21,1.07,4.1,4.7,2.62,1513,1498,0,5,4.48,0
0.83,0.99,2.68,0.33,1.42,1.34,1.7,4.16,4.6,7.5,1.52,3.73,1.35,1.41,7,4,6,6,35,67,0.45,0.84,0.9,0.1,2.45,1.61,1.41,4.59,3.18,3.8,2.02,3.69,1.9,4.89,3.17,4.31,4.9,3.88,4.59,1418,1411,1,4,4.76,2
0.64,0.53,1.1,3.63,2.0,2.0,0.42,0.6,6.9,1.6,4.8,1.08,4.9,2.31,3,7,0,6,64,36,0.19,0.1,0.58,0.42,5.76,3.6,2.14,1.74,4.11,2.21,3.39,3.87,4.92,4.31,1.15,3.38,1.36,2.27,3.6,1827,1770,0,5,1.12,2
0.43,0.7,0.46,0.29,0.3,3.29,1.65,4.43,4.2,1.7,2.06,2.19,4.17,3.86,7,6,1,0,48,53,0.05,0.69,0.63,0.37,2.75,2.61,2.79,3.33,4.57,5.0,1.16,1.86,3.06,4.48,2.37,4.59,2.85,3.4,3.29,1614,2043,0,2,0.94,2
0.55,0.91,0.92,3.46,2.11,3.18,2.1,0.43,5.9,2.2,4.6,2.85,4.07,1.15,5,2,5,1,38,62,0.51,0.69,0.25,0.75,3.81,3.94,1.17,2.32,3.34,4.59,1.58,3.12,1.63,2.73,3.06,4.78,1.13,1.51,3.94,1415,1511,0,3,0.09,2
0.72,0.32,0.52,3.54,1.94,0.76,3.61,2.04,1.6,2.2,2.5,3.67,4.49,2.48,3,6,6,0,62,36,0.14,0.98,0.67,0.33,4.48,1.97,4.28,1.44,2.84,2.42,4.22,1.01,2.93,1.14,2.95,2.27,3.67,4.67,1.33,2028,1827,0,3,3.62,0
0.67,1.0,1.3,1.97,2.91,3.18,3.35,2.42,3.0,4.9,4.79,2.79,4.98,4.52,5,6,1,0,54,46,0.0,0.82,0.57,0.43,3.26,3.63,4.45,4.41,4.75,1.59,4.17,1.51,2.11,2.98,1.8,3.15,1.4,2.32,4.8,1586,1531,1,2,0.21,1
0.62,0.85,0.96,2.32,0.66,0.85,0.38,3.68,4.6,5.2,2.01,3.58,1.34,2.59,7,6,4,2,46,54,0.82,0.28,0.81,0.19,3.23,1.26,4.82,4.99,2.96,1.33,1.79,3.65,3.57,2.7,3.48,4.23,4.79,4.3,1.67,1712,1942,1,1,3.05,0
0.27,0.21,3.47,3.65,0.54,1.03,1.86,3.26,3.1,6.3,2.23,1.66,1.43,4.58,6,4,5,4,64,36,0.81,0.24,0.68,0.32,5.67,4.46,2.26,1.72,2.48,3.13,1.03,4.49,3.56,1.63,3.3,3.15,4.87,3.74,3.86,2004,1714,1,5,4.45,1
0.82,0.02,2.3,1.03,0.35,3.22,2.94,0.46,2.9,3.1,1.11,2.59,4.77,3.48,5,6,2,2,56,47,0.29,0.67,0.06,0.94,3.49,3.35,3.26,4.21,4.62,4.51,3.33,2.37,3.69,4.93,2.88,2.35,1.49,1.01,1.5,1645,1845,1,2,2.1,2
0.32,0.63,3.24,3.0,3.16,1.31,2.96,1.83,1.3,6.0,2.05,4.44,4.0,3.96,5,6,2,3,58,41,0.89,0.96,0.72,0.28,2.08,4.49,2.75,2.12,3.29,3.73,4.73,3.99,3.4,2.6,3.45,4.33,1.03,2.22,2.51,2040,1679,0,3,2.99,0
0.8,0.97,3.5,1.06,2.82,3.11,1.01,2.21,1.9,6.5,4.87,1.22,3.24,1.87,3,6,0,1,61,38,0.86,0.06,0.75,0.25,2.6,3.44,3.63,2.72,1.04,2.4,1.13,2.04,3.38,3.45,2.98,1.81,4.37,2.0,4.0,1963,1770,0,1,2.85,2
0.89,0.15,2.31,0.88,1.46,2.25,4.12,3.55,5.6,1.1,3.82,1.4,1.51,3.74,6,6,6,2,49,50,0.9,0.63,0.66,0.34,4.04,2.62,4.58,4.15,4.12,1.85,2.26,3.96,3.91,3.4,2.87,2.16,4.79,2.79,1.8,1428,1982,1,1,2.39,2
0.1,0.98,3.16,2.04,3.25,0.69,1.74,3.79,1.8,3.1,3.74,3.32,2.51,4.84,4,5,4,6,53,49,0.13,0.7,0.99,0.01,4.98,2.35,2.05,3.5,2.29,3.0,1.01,3.81,3.97,4.2,2.02,4.82,2.7,4.18,4.96,1609,2001,0,5,4.86,0
0.5,0.2,3.4,1.75,2.68,0.58,1.04,4.12,7.3,3.7,3.28,3.48,3.06,1.87,4,7,2,2,49,50,0.77,0.99,0.83,0.17,2.32,1.97,3.85,1.68,4.46,2.94,4.36,1.97,2.6,4.62,1.65,4.52,4.07,3.98,3.88,1795,2079,0,1,1.46,0
0.81,0.82,0.74,1.12,0.64,1.71,0.87,4.27,2.8,7.2,4.5,3.49,2.15,1.02,7,7,3,4,62,39,0.19,0.57,0.72,0.28,4.57,2.06,4.37,2.01,1.7,1.04,3.91,3.84,3.8,4.75,4.0,4.94,3.18,1.14,3.36,1987,1753,1,2,2.46,1
0.43,0.4,3.64,3.26,2.59,0.24,4.2,3.34,1.5,3.1,3.92,4.57,2.48,4.02,2,7,0,5,59,38,0.79,0.44,0.15,0.85,4.25,3.16,1.03,4.98,1.35,1.24,1.11,1.5,3.82,1.21,1.89,2.69,4.91,4.21,3.02,1951,1957,1,4,0.31,2
0.99,0.27,1.48,0.92,0.75,1.99,3.96,0.69,2.3,1.8,3.52,1.65,3.36,1.08,7,2,2,3,63,34,0.2,0.4,0.67,0.33,2.65,3.16,2.49,3.91,3.66,1.15,1.07,2.34,2.23,4.79,2.35,3.3,4.63,1.35,4.15,1883,2079,0,2,1.51,2
0.55,0.57,3.79,2.09,1.16,2.1,2.55,1.81,3.8,4.5,3.93,4.65,4.62,1.5,7,2,0,3,58,43,0.36,0.88,0.08,0.92,5.85,3.08,3.58,4.33,1.08,2.44,3.94,4.99,2.53,3.92,3.77,1.95,2.56,3.61,1.73,1540,1648,0,5,3.21,2
0.49,0.63,1.63,1.76,2.09,1.09,1.04,0.7,3.6,1.4,2.49,2.24,3.41,4.94,6,2,1,0,55,45,0.69,0.49,0.89,0.11,4.6,4.75,2.51,3.78,1.68,3.39,4.66,4.2,2.4,3.27,1.44,2.28,1.41,4.79,1.65,1766,1543,1,1,4.28,2
0.38,0.17,3.74,3.38,3.38,3.22,2.12,3.67,2.7,1.0,4.63,1.65,2.91,2.48,4,7,4,3,49,51,0.21,0.92,0.81,0.19,2.79,4.97,4.24,3.29,3.02,1.03,4.9,4.91,3.39,3.35,4.88,2.39,2.99,3.07,4.83,1648,1404,0,3,1.08,2
0.14,0.21,1.18,1.5,2.8,0.3,0.68,4.22,7.8,1.2,2.31,3.29,2.74,4.6,3,2,3,0,52,46,0.69,0.85,0.71,0.29,4.52,4.54,3.23,4.17,4.3,4.08,3.38,2.67,2.86,2.83,2.9,2.65,3.79,1.12,3.74,1843,1667,1,1,2.75,0
0.67,0.52,2.04,3.05,0.37,2.26,1.46,2.14,1.3,4.1,1.67,1.44,1.24,2.12,7,3,3,3,50,49,0.35,0.06,0.83,0.17,2.32,3.19,4.17,3.6,2.43,4.32,2.75,4.37,3.15,2.55,1.56,1.95,4.32,2.26,1.06,1814,1720,0,4,4.01,1
0.68,0.71,3.74,0.35,2.66,3.42,0.9,2.24,6.5,3.2,1.85,3.42,1.16,3.03,2,5,1,0,48,52,0.4,0.3,0.88,0.12,3.63,3.67,2.64,4.0,3.78,2.46,1.17,2.12,1.01,2.51,3.09,1.46,1.56,2.45,1.79,1689,2099,1,5,3.12,2
0.62,0.09,2.8,2.65,2.82,0.5,2.32,1.01,7.0,5.2,4.21,2.29,3.27,2.81,2,3,1,0,46,52,0.94,0.94,0.29,0.71,5.93,4.76,3.36,3.49,1.9,1.96,3.52,2.36,3.26,3.31,2.03,1.87,3.32,2.11,4.89,1461,1627,1,1,0.57,2
0.64,0.56,3.48,1.96,1.33,2.08,3.34,2.66,2.2,2.9,3.08,2.11,4.98,3.06,7,3,2,2,42,58,0.21,0.28,0.89,0.11,4.79,3.96,3.64,2.79,2.54,4.19,3.03,3.59,4.66,3.91,2.33,2.18,1.01,2.71,1.86,1973,2091,1,1,1.87,2
0.23,0.87,1.35,0.59,1.36,2.79,0.86,3.35,2.8,3.6,2.77,4.74,2.48,4.66,4,7,1,4,56,42,0.52,0.71,0.77,0.23,2.65,1.15,1.64,2.13,2.56,3.62,4.28,2.29,2.01,2.46,2.85,1.17,1.9,2.15,3.65,1813,1416,1,5,3.05,0
0.56,0.31,0.96,2.25,1.92,1.45,0.55,3.08,7.7,3.1,4.42,4.58,2.88,4.47,2,2,4,2,55,44,0.27,0.69,0.99,0.01,4.64,4.27,3.26,1.43,4.31,2.45,2.83,1.22,2.32,1.4,3.55,4.6,4.09,4.12,1.46,1429,1650,0,4,3.48,0
0.27,0.93,1.1,0.83,2.72,2.43,4.49,3.73,4.0,5.0,1.39,4.65,4.86,4.79,3,3,3,0,56,42,0.57,0.14,0.18,0.82,3.26,1.33,1.81,2.61,2.46,4.26,4.77,1.81,1.81,3.54,3.89,1.07,1.04,1.23,3.07,1611,1736,1,3,2.04,0
0.02,0.07,2.63,0.88,3.14,3.12,0.43,2.17,7.4,2.6,3.96,2.02,1.04,3.02,4,6,3,6,49,48,0.07,0.97,0.3,0.7,5.2,4.82,4.92,4.15,3.6,3.12,2.01,3.04,1.45,3.25,1.36,1.38,4.31,3.38,4.27,1990,1706,1,4,3.4,2
0.4,0.79,1.81,2.88,1.62,3.5,1.15,0.34,2.8,5.1,4.89,3.8,2.25,2.75,3,4,4,6,52,48,0.83,0.43,0.7,0.3,4.27,2.62,3.14,4.29,2.86,2.72,1.69,4.26,2.56,4.87,3.97,2.07,4.28,4.53,2.17,1479,1628,1,2,4.78,2
0.16,0.65,1.05,3.15,0.67,2.65,1.83,1.22,4.2,4.5,4.32,2.02,1.75,3.85,6,6,6,4,59,43,0.88,0.8,0.14,0.86,2.64,1.38,3.85,4.6,3.32,2.12,3.55,3.19,2.83,2.51,1.76,4.85,1.3,3.63,3.24,1991,1990,0,3,2.35,0
0.72,0.33,3.0,2.8,0.54,1.09,4.02,2.01,5.5,5.3,2.89,2.95,1.96,3.67,6,7,0,3,64,39,0.23,0.66,0.54,0.46,2.05,1.65,2.24,2.03,1.05,2.62,4.33,2.35,3.0,4.69,1.04,3.74,1.55,4.39,4.91,1503,1680,1,4,3.82,1
0.89,0.35,1.08,2.02,3.23,0.45,3.9,3.78,5.8,3.4,1.86,2.74,1.25,4.64,7,4,5,5,60,39,0.92,0.95,0.36,0.64,4.93,2.61,4.17,3.83,1.54,1.02,3.95,3.41,3.02,3.92,3.96,1.53,3.54,2.58,4.76,1804,1505,0,2,1.9,0
0.55,0.14,2.02,0.81,0.69,2.67,0.3,1.43,1.2,3.1,2.4,4.05,4.8,2.65,4,5,1,2,39,59,0.38,0.97,0.35,0.65,3.03,4.86,2.33,1.41,3.24,1.54,4.96,4.61,2.9,4.03,3.25,2.93,1.88,2.61,4.07,1659,1421,1,1,3.34,2
0.33,0.31,2.0,2.47,2.97,2.61,1.32,0.63,5.3,6.0,2.9,2.0,4.07,1.01,5,7,4,5,53,50,0.61,0.93,0.11,0.89,4.17,1.23,4.73,3.43,1.6,1.12,2.94,4.22,1.13,4.79,3.66,1.23,4.57,1.16,1.08,1915,1592,1,3,3.07,2
0.69,0.48,3.18,2.52,3.29,2.04,1.34,2.05,4.3,7.2,4.29,3.67,4.4,2.0,7,6,5,3,51,50,0.98,0.44,0.33,0.67,4.98,3.17,2.53,3.77,3.46,3.48,3.35,4.28,2.47,2.09,3.81,1.96,2.78,1.62,2.51,1431,2054,0,1,1.55,2
0.51,0.24,0.71,3.67,3.15,0.43,4.24,3.62,6.1,7.6,2.66,2.7,2.86,1.86,3,7,6,5,38,62,0.9,0.45,0.31,0.69,2.19,1.99,1.37,3.96,3.96,4.48,4.17,4.58,1.98,3.45,3.96,1.32,3.51,1.62,4.12,1881,1478,1,1,3.33,0
0.68,0.67,2.92,3.43,0.54,0.67,1.34,2.29,5.7,1.9,3.37,3.91,3.49,4.62,7,3,5,5,46,57,0.32,0.42,0.76,0.24,2.09,2.8,1.22,2.49,3.72,1.75,4.02,3.8,4.74,2.84,4.01,3.42,4.9,1.62,1.57,1687,1650,1,5,4.48,0
0.23,0.96,1.01,0.65,0.42,1.03,3.75,0.71,6.3,3.0,2.46,4.89,3.92,4.29,4,7,4,0,56,45,0.63,0.96,0.69,0.31,2.01,2.69,1.68,1.37,4.43,2.11,2.59,3.56,2.85,4.42,3.23,3.53,3.25,4.57,2.94,1956,1823,1,5,3.73,0
0.8,0.6,3.62,2.46,3.47,0.64,0.59,3.98,6.4,7.9,3.78,1.74,4.82,1.6,7,4,2,1,59,41,0.84,0.7,0.79,0.21,3.46,3.77,2.63,3.23,1.22,2.36,1.48,3.91,4.0,3.15,1.04,4.65,2.67,2.37,1.58,1894,1704,0,3,3.95,2
0.59,0.15,1.37,2.74,1.39,0.26,0.59,2.06,2.1,7.7,1.54,2.37,4.72,1.67,4,6,0,4,46,56,0.33,0.84,0.41,0.59,2.06,2.44,2.35,4.0,4.71,4.22,1.61,3.22,3.14,4.77,3.44,3.89,3.11,3.43,4.67,1530,1799,0,3,0.78,1
0.88,0.5,1.05,0.95,1.06,2.09,3.49,2.6,7.3,4.2,4.84,2.55,2.26,2.81,5,2,3,6,59,44,0.77,0.19,0.92,0.08,3.0,3.17,3.88,3.04,1.64,3.95,2.35,1.56,4.16,3.91,3.58,3.72,4.77,3.3,3.37,1731,1802,0,4,1.09,2
0.14,0.79,1.53,3.7,1.2,0.26,3.9,2.46,1.6,4.8,3.62,4.99,2.71,2.85,4,3,1,0,39,64,0.37,0.95,0.11,0.89,2.0,1.03,2.36,2.88,3.72,4.69,3.13,4.45,3.87,1.43,3.63,2.8,1.62,4.25,4.0,1768,2014,0,2,1.7,0
0.49,0.35,3.72,1.23,2.81,3.22,1.87,0.79,3.5,7.7,2.01,4.83,3.22,4.26,2,2,5,4,36,63,0.5,0.22,0.5,0.5,3.65,4.68,3.85,4.12,4.07,1.1,4.92,2.25,3.9,1.12,1.19,3.59,2.23,1.83,1.62,1526,1661,0,1,4.08,1
0.67,0.59,1.07,0.79,3.39,2.22,0.37,2.43,4.4,5.6,2.9,1.33,2.06,3.82,5,2,3,6,40,60,0.14,0.15,0.65,0.35,3.94,2.77,2.38,1.03,3.39,4.5,1.88,4.13,3.56,2.0,3.86,4.29,1.7,3.39,4.84,1541,1855,0,1,2.74,0
0.29,0.59,1.09,2.73,3.2,2.06,1.56,1.9,3.8,3.8,2.29,2.67,2.38,3.05,3,7,3,0,36,67,0.65,0.26,0.5,0.5,3.02,2.63,4.88,2.85,4.4,3.24,2.35,2.51,2.13,3.82,2.53,4.52,4.72,2.16,4.26,1944,1780,1,3,3.63,0
0.26,0.35,2.51,1.72,3.2,2.59,1.59,1.8,5.9,2.8,2.99,2.45,2.51,1.3,3,5,6,2,59,38,0.41,0.16,0.27,0.73,5.27,3.68,3.34,1.45,2.15,3.83,2.49,1.44,4.55,1.69,3.56,1.55,2.58,2.46,2.36,1783,1585,0,1,4.55,2
0.08,0.54,3.48,0.51,2.05,1.8,1.49,0.27,5.0,3.1,4.29,2.97,1.64,2.18,2,5,2,3,41,59,0.26,0.1,0.66,0.34,5.19,2.81,3.98,2.87,2.69,4.62,4.72,2.02,3.83,4.32,3.69,3.98,4.84,4.38,1.41,1981,1472,1,3,4.85,2
0.23,0.36,3.24,1.69,2.7,3.21,3.79,2.01,7.3,6.6,3.39,3.7,3.88,2.61,5,2,5,2,37,62,0.4,0.52,0.74,0.26,3.96,2.34,4.88,3.81,1.78,2.12,2.17,4.31,1.2,1.35,4.84,3.81,3.43,4.0,3.11,1555,1786,0,4,0.91,2
0.42,0.56,1.41,3.26,2.78,1.28,3.16,2.43,6.1,4.5,3.51,4.99,2.6,3.89,2,2,4,4,64,39,0.91,0.69,0.12,0.88,2.54,3.0,1.77,1.71,1.42,4.69,1.24,4.27,3.51,4.91,3.76,2.7,3.48,4.16,3.73,1441,2063,1,2,4.35,0
0.44,0.12,2.76,2.25,1.83,2.53,0.47,0.72,5.9,4.9,3.28,2.44,2.94,2.58,3,7,6,6,65,33,0.48,0.69,0.79,0.21,4.25,2.74,4.32,2.84,2.98,1.2,3.34,4.48,2.39,2.92,3.05,4.87,4.39,3.26,3.4,1446,1910,0,1,0.87,1
0.81,0.22,1.46,1.7,1.56,0.46,1.48,1.57,1.7,6.1,4.06,4.54,2.64,2.96,2,6,2,5,44,59,0.03,0.66,0.96,0.04,5.37,4.67,3.87,4.31,1.51,3.14,3.98,1.26,2.14,2.85,2.86,3.34,1.55,4.55,2.04,1666,1558,1,3,2.67,2
0.13,0.02,0.66,2.78,1.58,2.39,1.1,3.85,1.1,1.1,1.67,3.51,1.92,2.67,6,5,1,3,43,56,0.75,0.99,0.9,0.1,4.42,3.36,3.6,1.8,4.62,1.16,1.42,3.85,4.04,4.14,4.34,2.16,2.64,4.47,4.33,1646,2023,0,2,4.55,0
0.84,0.96,2.32,1.15,3.4,3.09,3.63,2.28,1.6,5.2,3.45,4.86,1.84,1.87,5,4,5,0,41,60,0.1,0.79,0.89,0.11,5.81,2.44,2.5,4.51,2.33,1.32,1.97,4.43,4.3,4.14,2.65,4.19,3.84,4.8,4.86,1758,1988,0,5,0.53,1
0.13,0.92,3.6,2.11,0.32,2.56,3.27,2.86,3.9,7.4,4.68,4.59,4.38,2.97,4,2,6,0,55,45,0.7,0.66,0.16,0.84,2.38,2.27,2.45,4.69,4.4,4.72,4.06,3.54,2.65,3.77,3.47,3.7,3.75,4.03,3.1,1913,1667,0,3,3.53,2
0.71,0.65,1.25,1.83,1.69,3.11,3.66,0.31,7.0,7.2,3.43,3.54,3.04,3.87,4,3,3,3,56,43,0.49,0.72,0.65,0.35,4.45,3.95,2.02,1.41,4.33,3.52,3.01,4.74,2.92,4.13,4.37,1.42,2.98,2.91,1.14,1427,1893,0,3,2.14,0
0.52,0.88,3.42,2.16,2.09,2.2,0.41,3.16,3.4,5.4,2.92,4.31,2.89,1.42,6,6,6,2,39,63,0.24,0.96,0.38,0.62,2.46,1.15,1.69,4.35,2.09,2.07,4.91,4.65,2.72,2.34,4.69,4.11,4.22,4.71,3.86,1814,1712,1,1,4.78,2
0.41,0.82,1.38,2.51,0.64,0.94,3.08,0.63,7.5,4.9,2.45,3.8,3.46,1.23,6,4,6,0,44,55,0.62,0.56,0.11,0.89,2.02,1.28,1.71,1.55,4.63,3.93,1.92,4.6,2.09,1.74,1.13,2.22,3.86,2.77,4.52,1508,1519,1,5,4.77,0
0.23,0.38,1.03,0.69,0.33,1.26,3.49,2.33,6.9,2.9,4.8,1.1,3.45,3.51,2,6,0,0,35,67,0.67,0.89,0.81,0.19,2.26,2.97,3.48,2.86,2.1,2.78,2.54,2.32,2.71,1.91,2.27,3.26,4.66,1.52,2.08,1539,1599,1,5,4.03,2
0.71,0.42,2.34,3.19,1.4,2.44,3.53,2.99,5.2,1.7,3.75,4.69,3.8,4.36,6,2,4,3,42,55,0.01,0.92,0.68,0.32,3.42,1.72,4.41,1.85,3.05,1.6,1.71,1.95,3.56,3.83,2.82,4.01,4.95,4.51,3.35,1974,1941,0,2,4.38,0
0.54,0.69,1.34,1.73,2.98,1.37,3.15,2.96,1.8,6.5,4.74,2.06,1.26,1.03,4,6,0,0,51,48,0.74,0.85,0.52,0.48,2.84,3.79,1.67,1.52,4.6,4.65,2.96,3.81,2.52,4.27,4.43,3.39,1.69,3.97,4.77,2000,2021,1,2,0.71,1
0.67,0.41,3.57,0.65,1.1,3.12,0.63,3.31,4.4,5.4,1.34,3.34,2.89,3.01,5,6,6,6,65,32,0.24,0.49,0.52,0.48,3.55,4.72,1.28,4.94,3.3,4.13,2.9,4.61,4.31,3.11,4.49,4.14,4.23,1.5,4.75,1964,1623,1,5,2.82,2
0.98,0.22,2.23,0.55,3.16,2.58,2.85,3.17,2.1,7.7,4.75,4.22,2.98,2.34,2,6,1,4,43,59,0.77,0.92,0.9,0.1,2.03,2.31,3.03,1.86,2.8,3.95,1.08,1.39,3.46,2.27,2.05,2.14,2.75,2.33,3.57,2033,1552,0,5,0.55,2
0.98,0.25,0.9,0.63,3.0,3.21,0.2,3.14,6.4,4.9,4.91,3.3,4.43,4.72,2,7,4,3,38,60,0.42,0.11,0.91,0.09,2.2,3.83,2.92,3.8,1.25,4.66,1.73,1.46,2.78,1.09,3.67,3.65,1.25,3.79,2.12,1632,1442,1,3,2.73,2
0.23,0.48,3.55,0.22,3.02,1.78,4.33,3.77,4.9,5.9,1.72,3.33,5.0,2.98,6,6,0,1,44,57,0.85,0.44,0.32,0.68,3.83,2.01,3.84,1.57,2.96,3.35,4.29,3.66,2.31,2.34,1.16,4.82,2.7,3.41,4.14,1706,1714,1,4,3.84,1
0.87,0.84,2.77,2.53,3.35,3.31,2.77,3.32,2.9,4.9,4.07,1.44,1.86,2.77,6,7,6,2,45,53,0.46,0.26,0.07,0.93,3.48,3.52,3.31,4.02,1.68,2.87,2.35,3.38,4.64,4.94,4.17,4.09,1.5,4.08,3.66,1646,1915,0,3,1.56,2
0.16,0.48,2.04,1.02,0.93,3.33,3.03,3.31,1.7,3.8,1.33,4.14,4.79,2.64,2,3,5,4,55,46,0.8,0.02,0.88,0.12,2.18,3.65,3.81,4.98,2.2,4.3,3.37,3.33,4.69,1.17,3.42,2.61,3.86,3.32,2.69,1669,1905,0,3,3.75,2
0.83,0.14,1.11,1.8,1.64,1.25,3.78,3.09,2.5,3.0,1.13,3.69,1.69,3.33,3,6,4,0,51,47,0.84,0.05,0.4,0.6,5.73,4.85,3.13,1.79,3.4,3.2,1.85,4.15,3.63,4.01,2.85,2.08,2.47,4.71,1.54,1800,1938,0,2,2.77,0
0.73,0.48,3.15,0.52,2.6,2.69,2.99,3.3,3.3,7.0,1.77,4.74,4.77,2.07,5,7,5,3,55,46,0.83,0.99,0.17,0.83,3.24,1.25,4.43,2.35,3.02,4.68,3.31,3.95,3.11,2.43,3.58,1.7,4.45,4.77,2.8,1472,1709,0,4,2.18,0
0.69,0.47,0.52,2.18,1.56,3.31,1.75,4.22,5.9,2.8,1.53,1.46,4.48,4.74,5,6,3,4,57,46,0.38,0.98,0.91,0.09,5.5,2.9,1.58,2.8,1.9,2.2,4.05,2.37,3.33,2.26,4.55,4.43,3.97,2.92,2.52,1701,1561,0,4,0.22,2
0.46,0.12,0.54,2.81,2.05,1.3,0.59,3.97,2.1,6.0,4.4,3.18,1.75,3.37,6,3,0,3,64,37,0.82,0.65,0.37,0.63,2.78,3.87,4.44,1.9,4.68,1.29,4.54,2.54,3.89,1.49,1.84,1.2,3.08,2.68,4.73,1433,1403,1,2,3.58,0
0.6,0.38,0.86,2.41,2.16,1.24,2.85,1.28,3.3,4.2,2.94,1.48,1.07,3.6,3,4,5,2,63,36,0.29,0.86,0.64,0.36,3.38,4.01,1.6,4.62,2.03,4.54,2.81,1.72,4.49,3.03,1.31,3.24,4.5,2.77,4.61,1603,1604,1,1,2.04,2
0.17,0.32,0.59,3.37,1.67,1.14,2.54,0.34,7.7,3.0,2.02,2.59,4.91,3.0,5,7,5,1,55,47,0.88,0.24,0.94,0.06,3.42,1.79,2.81,4.44,3.96,1.13,2.87,3.19,3.68,2.56,3.45,3.78,1.71,3.58,4.8,1764,1751,1,4,0.81,0
0.11,0.53,1.63,1.0,0.68,0.59,0.81,2.88,4.5,2.2,1.16,4.08,3.99,3.41,4,3,6,3,45,54,0.85,0.23,0.3,0.7,2.04,3.08,1.48,4.82,4.96,2.05,2.8,3.63,1.57,2.92,3.9,1.87,4.21,3.33,2.11,1563,1977,1,5,2.01,1
0.34,0.3,0.5,0.92,2.61,2.72,3.3,2.43,7.1,6.6,1.55,2.12,2.79,4.66,6,6,4,2,50,53,0.01,0.07,0.76,0.24,2.66,3.39,2.95,2.11,2.94,1.04,4.85,2.28,2.71,2.46,2.28,2.65,1.93,4.58,3.8,1964,2057,1,5,2.18,0
0.25,0.21,1.27,3.53,3.16,3.5,3.75,4.35,4.2,1.7,2.25,4.63,1.14,2.63,3,4,2,3,61,39,0.09,0.29,0.65,0.35,2.53,4.44,3.02,2.39,2.53,1.02,1.38,1.69,1.73,3.81,4.33,3.83,4.82,4.77,2.43,2020,1468,0,4,1.91,0
0.29,0.86,1.48,3.09,1.33,2.92,3.12,3.11,1.1,5.9,1.11,4.74,1.29,3.37,6,2,2,6,45,55,0.36,0.23,0.69,0.31,5.45,1.9,2.68,2.81,2.1,3.89,1.2,4.18,3.1,2.15,3.5,1.26,4.36,3.51,1.7,1769,1592,1,3,3.35,0
0.22,0.7,0.79,2.38,1.09,2.1,2.42,0.25,1.0,6.4,1.62,3.2,3.36,2.62,5,7,2,2,60,41,0.66,0.6,0.55,0.45,4.34,4.15,4.0,3.38,1.72,2.61,3.9,3.49,4.57,2.21,3.93,1.87,1.59,4.86,2.8,1726,2009,1,3,3.58,1
0.91,0.6,1.94,3.69,3.26,0.96,1.71,2.82,4.6,3.0,2.21,2.05,1.18,1.35,4,7,5,4,63,39,0.93,0.17,0.39,0.61,3.89,3.98,4.08,2.44,4.68,2.77,3.37,1.32,2.95,2.42,3.21,1.24,4.26,3.71,2.28,1862,1995,0,3,1.05,0
0.21,0.89,1.02,2.47,0.67,0.24,1.11,2.44,5.1,5.1,2.64,3.88,2.83,3.89,4,5,0,2,54,43,0.61,0.67,0.55,0.45,5.01,3.11,4.84,3.25,1.7,4.97,4.31,1.61,2.31,3.32,2.2,4.24,4.39,2.92,1.15,1646,1426,1,3,2.31,0
0.16,0.21,1.76,2.98,2.17,0.61,3.1,0.38,5.0,2.5,4.66,3.34,2.38,4.98,3,2,4,0,37,62,0.22,0.58,0.91,0.09,5.58,3.93,2.18,3.84,4.19,4.0,2.37,1.04,4.59,4.32,2.87,4.12,4.21,2.47,4.68,1539,1891,1,3,3.44,0
0.57,0.61,1.54,3.36,2.26,2.08,1.54,4.08,7.0,3.0,2.36,3.82,4.46,2.26,6,5,5,5,62,35,0.75,0.62,0.15,0.85,3.1,2.38,1.56,2.03,4.03,3.05,1.51,2.4,4.21,2.8,4.13,4.85,1.1,3.05,1.13,1881,2086,0,2,2.65,0
0.08,0.97,3.04,3.32,1.85,3.25,4.34,4.29,5.9,5.5,3.02,2.27,4.3,4.31,3,7,6,4,50,51,0.05,0.97,0.12,0.88,5.53,4.47,1.21,4.15,1.65,1.1,2.02,1.6,1.38,4.75,2.5,4.98,4.43,4.24,4.12,1614,1717,0,5,4.08,2
0.57,0.84,2.52,0.28,2.74,1.32,2.29,3.15,5.5,6.3,4.79,4.44,3.54,2.43,3,4,0,0,36,64,0.04,0.6,0.88,0.12,5.46,3.53,2.7,1.02,4.84,2.77,4.07,1.02,1.52,4.91,4.36,2.56,2.35,2.43,4.35,1666,1569,0,2,3.29,0
0.49,0.01,2.44,1.74,3.07,0.95,2.62,4.3,7.4,1.6,1.16,3.36,3.69,2.14,2,5,4,3,43,56,0.33,0.57,0.73,0.27,5.19,4.12,3.49,2.09,2.43,4.6,2.93,4.34,4.09,1.35,4.31,1.67,1.84,1.24,2.58,1955,1825,0,5,1.89,0
0.69,0.73,1.93,2.1,3.14,0.62,1.27,1.76,2.3,7.8,2.15,1.25,4.87,2.57,3,2,4,1,41,61,0.89,0.92,0.97,0.03,3.17,2.73,4.42,4.66,4.65,4.96,1.8,4.5,2.17,3.82,4.49,2.29,2.69,4.74,2.18,1987,1504,1,5,2.81,0
0.46,0.13,2.75,3.27,2.06,1.64,4.03,1.8,5.7,2.0,1.61,1.24,1.45,2.59,5,4,4,3,62,39,0.76,0.17,0.03,0.97,2.35,4.12,2.38,3.86,1.3,4.45,1.74,2.55,4.41,4.76,3.55,2.02,1.08,1.58,3.03,2012,1782,0,2,3.17,2
0.42,0.85,1.21,1.78,1.48,1.78,0.55,1.83,4.5,3.0,4.71,1.48,3.99,3.31,3,7,2,4,39,61,0.16,0.69,0.62,0.38,2.8,3.49,1.54,1.12,1.47,2.72,4.77,2.09,1.31,1.35,2.36,2.31,4.97,3.04,2.8,1481,1907,0,3,4.01,2
0.91,0.89,2.96,2.98,2.12,1.01,0.82,2.41,6.0,3.8,4.97,3.17,4.33,1.76,7,7,5,4,43,58,0.39,0.69,0.19,0.81,5.07,2.0,2.48,3.8,3.84,1.83,1.46,1.64,4.51,2.51,1.24,4.62,4.21,1.98,1.85,1880,1613,1,3,2.27,2
0.66,0.74,0.57,0.46,2.0,1.57,0.94,4.1,3.1,6.4,3.07,2.87,3.3,4.05,3,6,5,1,62,38,0.69,0.09,0.96,0.04,3.24,3.28,3.58,1.72,1.17,3.91,1.87,3.09,4.99,2.03,3.55,2.43,3.19,4.82,1.16,1462,2017,0,3,0.59,1
0.25,0.93,2.06,0.27,2.39,2.1,1.36,2.58,6.7,5.4,3.03,4.0,2.51,3.76,6,5,5,3,53,47,0.81,0.98,0.68,0.32,2.06,4.25,2.9,2.62,4.39,1.98,3.75,2.63,1.3,4.75,1.93,2.06,2.85,2.41,2.67,1659,1516,0,1,3.57,0
0.43,0.17,3.26,2.38,2.99,2.81,0.34,3.65,5.7,6.6,4.45,1.5,4.81,4.8,7,4,0,6,35,63,0.69,0.82,0.39,0.61,3.47,4.43,2.81,3.73,1.34,2.6,3.69,2.27,3.89,3.6,2.85,4.69,2.31,2.17,2.37,1774,1498,0,4,0.46,2
0.64,0.44,1.95,0.72,1.47,3.05,0.99,1.09,4.6,3.8,2.72,3.49,3.61,1.46,4,2,2,6,41,59,0.93,0.71,0.62,0.38,5.19,1.43,2.34,4.02,3.49,3.87,1.73,1.44,1.76,2.85,1.25,2.58,3.64,3.26,4.34,1902,1587,1,5,3.68,2
0.17,0.15,2.73,0.56,0.83,0.42,1.99,4.24,3.4,2.1,4.94,2.33,4.85,1.64,2,2,2,0,40,61,0.4,0.44,0.02,0.98,4.01,1.8,2.78,2.27,2.57,1.64,4.4,1.74,3.74,3.01,3.86,1.82,1.7,1.78,1.44,1780,1817,1,4,3.05,2
0.98,0.49,3.65,2.44,2.05,0.23,3.24,1.85,5.7,2.8,2.21,3.3,3.75,1.72,5,3,6,6,51,46,0.66,0.66,0.3,0.7,3.95,4.26,4.42,2.63,3.58,2.72,4.82,4.73,1.16,1.5,4.72,3.98,2.05,2.04,3.26,1894,2028,0,2,4.46,1
0.97,0.97,2.16,1.45,2.75,1.83,0.78,3.56,6.3,1.6,3.1,4.13,2.14,4.45,2,5,5,0,52,49,0.82,0.35,0.23,0.77,4.1,2.27,1.56,4.95,3.39,1.6,1.68,4.31,3.88,2.86,3.29,4.66,2.24,3.0,1.15,1698,2054,0,5,1.81,1
0.45,0.96,1.88,0.9,3.11,2.26,2.84,4.11,2.6,3.8,1.46,3.57,2.13,1.34,4,5,4,4,48,50,0.05,0.95,0.82,0.18,2.7,1.4,2.48,4.37,3.14,4.34,3.3,3.81,2.51,4.16,4.02,3.58,1.95,4.46,2.59,1700,1416,1,5,3.31,0
0.14,0.92,3.72,3.69,0.87,2.34,4.48,4.26,4.6,4.2,2.71,3.3,4.07,1.04,5,3,3,6,37,66,0.98,0.19,0.3,0.7,2.45,4.91,2.12,1.9,4.62,1.85,1.94,1.76,4.58,4.0,3.86,2.05,2.88,2.95,1.31,1920,1776,1,5,4.51,2
0.05,0.77,3.34,1.18,1.09,1.7,3.35,0.48,2.8,5.8,2.36,1.74,1.56,1.8,2,7,0,0,57,41,0.47,0.71,0.54,0.46,5.21,3.87,2.79,3.85,4.13,1.6,3.19,1.0,4.74,2.97,4.62,1.42,2.37,4.67,2.58,1610,1431,0,4,4.06,2
0.26,0.93,3.17,0.97,0.65,1.04,4.01,0.99,3.0,5.9,4.29,3.51,3.33,4.85,4,3,6,2,35,67,0.92,0.61,0.55,0.45,4.65,4.13,1.15,3.54,1.26,2.58,1.34,1.34,4.33,4.36,1.46,3.66,2.41,3.91,4.71,1436,1749,1,2,4.17,2
0.59,0.09,1.19,2.88,1.74,0.97,4.32,4.29,4.8,2.8,3.56,1.94,3.31,4.4,5,7,6,5,61,37,0.69,0.44,0.51,0.49,5.91,2.88,3.27,2.38,1.8,3.28,2.79,3.07,2.96,2.41,4.62,3.74,2.55,3.15,4.48,1680,1873,0,1,2.26,1
0.14,0.81,2.61,0.36,2.57,3.06,2.05,1.57,5.6,3.5,1.98,3.18,3.49,2.85,7,6,6,4,52,50,0.03,0.29,0.44,0.56,3.67,2.33,3.69,1.86,3.5,4.2,4.13,3.59,3.62,3.61,3.22,4.97,3.14,2.61,3.82,1873,1784,1,4,0.01,0
0.21,0.0,1.03,0.3,1.24,0.64,3.11,1.17,6.8,3.8,1.0,2.06,1.4,1.18,3,7,6,1,61,38,0.69,0.31,0.5,0.5,3.14,3.12,2.08,4.72,1.48,1.57,2.82,2.86,2.45,1.85,1.29,3.13,1.13,3.01,3.71,1453,1921,1,2,2.23,2
0.97,0.74,1.7,0.85,0.62,3.39,2.7,3.82,6.6,6.0,2.28,1.65,3.96,3.97,3,4,5,6,55,46,0.07,0.61,0.6,0.4,2.36,4.56,3.82,1.8,3.48,4.4,2.47,1.28,4.55,4.54,2.02,2.5,1.82,2.01,2.39,1456,1677,0,3,2.39,2
0.76,0.52,2.89,2.33,0.72,3.16,0.58,2.27,2.5,3.0,1.6,4.97,3.06,4.08,7,4,4,3,41,60,0.96,0.16,0.92,0.08,2.8,1.13,3.43,4.91,3.81,2.4,3.23,4.17,2.89,2.57,3.87,2.89,2.97,1.99,4.04,1947,1455,0,3,3.2,0
0.62,0.03,1.68,3.61,0.54,2.6,1.46,3.81,1.0,4.6,4.74,1.36,4.5,2.31,2,3,1,6,56,45,0.81,0.31,0.68,0.32,5.65,2.53,1.52,4.05,1.61,2.19,4.16,3.88,1.68,2.56,1.23,2.79,1.83,1.03,4.37,1844,1767,0,3,0.24,2
0.01,0.97,2.96,1.49,1.92,1.02,0.92,2.07,5.7,2.0,2.64,2.81,1.72,2.17,5,7,6,4,56,41,0.35,0.75,0.19,0.81,2.73,4.05,2.36,3.45,4.13,3.23,1.23,4.47,4.61,1.54,2.11,1.33,3.44,2.41,3.46,1921,1407,0,5,3.55,1
0.38,0.65,0.68,0.51,2.32,0.94,2.51,0.72,3.4,1.3,4.55,4.78,3.1,3.46,5,7,6,5,56,46,0.64,0.99,0.5,0.5,4.79,3.7,2.34,4.36,1.77,1.78,3.07,3.32,1.09,1.21,3.22,3.12,1.19,4.62,1.58,1864,1851,0,2,0.63,2
0.48,0.14,0.65,0.21,2.79,2.13,1.55,0.25,1.1,1.3,3.3,1.39,3.68,3.99,4,3,0,1,51,46,0.45,0.64,0.84,0.16,4.99,4.67,1.0,3.76,4.55,4.12,1.38,4.07,1.3,1.82,4.35,3.31,1.23,2.35,3.93,1657,1965,1,5,0.39,2
0.45,0.55,2.91,1.55,1.02,1.47,3.76,0.77,1.7,5.5,3.48,1.1,1.63,2.06,5,2,1,1,56,44,0.34,0.04,0.94,0.06,5.57,3.45,2.51,2.01,2.45,3.13,3.77,4.44,2.86,1.64,3.48,3.15,4.95,2.24,3.36,2069,1488,1,5,0.17,2
0.66,0.08,1.13,1.52,2.98,3.35,3.26,2.97,7.9,1.1,4.32,4.96,3.44,4.8,3,3,3,6,62,37,0.47,0.56,0.2,0.8,6.0,3.74,3.8,4.49,4.13,3.34,1.9,1.21,4.52,3.56,1.72,3.01,4.37,4.48,3.27,1741,2003,1,2,4.84,0
0.3,0.06,3.37,0.63,3.14,2.43,3.05,2.14,5.4,3.3,1.8,4.72,3.94,4.33,5,2,1,5,36,64,0.77,0.61,0.57,0.43,4.62,2.47,2.78,3.88,4.56,3.58,2.8,4.41,1.52,4.92,1.88,3.41,1.89,3.92,4.9,1660,1882,0,5,3.55,0
0.74,0.76,2.67,0.88,2.72,1.32,4.24,3.35,6.9,6.7,4.62,1.71,1.03,4.64,7,7,3,4,51,48,0.34,0.22,0.12,0.88,4.94,1.38,3.17,3.67,1.72,4.91,3.35,3.99,4.47,1.36,3.7,2.74,2.06,2.15,4.62,1919,1548,1,2,1.09,1
0.15,0.76,1.24,0.29,2.08,2.33,4.45,3.24,5.6,4.9,2.89,4.48,1.86,3.46,5,4,4,2,60,43,0.36,1.0,0.58,0.42,2.33,3.93,4.12,2.34,1.2,1.63,1.35,3.37,1.24,3.96,3.21,1.11,2.87,4.56,4.23,1555,1653,1,2,4.51,0
0.71,0.67,1.6,1.49,1.68,1.2,4.01,2.72,5.3,2.7,2.43,3.81,2.64,3.86,6,2,5,6,53,48,0.99,0.43,0.17,0.83,2.22,4.71,4.86,1.42,3.19,2.48,3.03,2.65,3.71,3.69,3.51,3.33,1.59,1.27,3.34,2051,1689,1,5,3.39,0
0.99,0.28,3.67,0.66,3.09,1.29,3.39,3.05,6.1,1.4,2.31,2.2,3.01,3.92,7,7,3,0,35,63,0.37,0.86,0.45,0.55,5.66,1.09,1.43,2.6,1.12,1.05,1.59,2.3,2.39,1.85,2.27,3.75,3.59,2.82,3.56,1946,1456,1,4,0.3,2
0.13,0.21,0.71,3.51,0.4,1.3,3.07,0.4,1.8,1.1,1.17,1.61,1.28,4.28,4,4,5,2,58,45,0.98,0.24,0.27,0.73,4.78,2.55,2.37,2.2,1.48,2.74,3.8,4.06,4.21,3.54,4.25,3.67,4.82,1.5,3.12,1993,1675,0,3,2.98,0
0.01,0.69,3.73,0.72,0.45,3.43,1.94,0.64,7.0,4.7,1.48,4.9,4.02,4.26,2,2,4,1,60,39,0.73,0.63,0.2,0.8,3.16,4.6,2.36,1.8,3.02,2.82,2.11,1.86,2.22,1.39,2.8,2.89,1.82,2.22,2.89,1807,1854,0,2,3.57,2
0.4,0.77,1.23,0.23,0.67,2.58,0.22,1.02,5.9,2.1,1.56,2.22,3.17,2.32,6,3,3,5,40,63,0.89,0.34,0.41,0.59,2.06,2.02,2.58,4.72,2.79,2.26,3.31,3.57,4.55,2.03,1.48,4.2,4.91,1.5,3.7,1930,1432,0,3,1.42,2
0.52,0.9,1.74,3.67,2.23,3.09,3.27,4.15,2.7,4.4,1.05,1.31,1.85,4.42,6,7,1,4,38,65,0.99,0.63,0.16,0.84,3.22,1.46,3.1,4.53,4.38,2.23,3.08,1.05,1.33,4.39,3.39,2.6,2.9,2.53,3.5,1873,1763,1,2,0.85,0
0.29,0.98,2.74,0.44,0.91,0.82,0.91,2.02,7.2,4.2,1.71,3.42,1.69,1.08,2,6,0,2,41,56,0.17,0.3,0.59,0.41,3.16,4.7,3.09,4.05,4.76,4.98,4.89,3.45,4.92,1.2,1.85,2.32,4.74,4.18,1.06,1404,1755,0,1,4.34,2
0.6,0.64,0.79,0.64,2.85,0.81,4.47,3.6,1.1,2.2,1.15,3.74,2.59,2.68,2,2,5,3,43,56,0.41,0.22,0.5,0.5,5.42,3.63,2.57,4.04,2.35,2.6,2.68,4.24,2.07,1.06,1.84,1.27,2.45,1.18,3.0,1721,1622,1,2,2.19,0
0.03,0.13,3.21,1.38,0.51,2.21,1.27,2.1,3.1,6.2,3.0,3.9,4.33,4.19,2,7,1,4,39,59,0.82,0.67,0.33,0.67,5.46,4.46,1.21,3.98,3.49,2.87,1.99,2.15,3.7,2.78,4.78,4.07,3.0,1.07,1.19,1693,1632,1,3,2.9,2
0.4,0.52,2.57,2.59,0.75,2.36,4.47,3.68,6.2,4.2,1.49,2.95,2.03,1.82,5,3,1,6,46,52,0.34,0.35,0.97,0.03,5.55,1.78,3.8,1.84,3.44,2.3,3.3,2.11,4.67,3.71,1.61,4.42,1.2,2.82,2.51,1822,2096,0,5,4.73,0
0.51,0.57,2.53,1.08,2.31,2.4,1.07,0.6,2.5,4.2,1.79,4.96,3.81,3.38,5,4,2,4,50,50,0.07,0.19,0.05,0.95,4.61,2.61,3.24,3.32,2.48,1.44,2.15,4.38,3.9,4.31,3.37,1.9,2.62,1.8,4.19,1509,1496,0,2,0.9,0
0.48,0.0,1.26,2.92,3.08,2.39,2.34,2.13,3.2,7.7,4.39,2.6,4.0,1.19,6,2,0,6,46,56,0.81,0.12,0.61,0.39,4.23,3.66,2.19,4.38,4.51,4.87,4.35,2.02,4.96,1.49,1.36,1.93,3.44,4.36,2.03,1694,1592,1,3,1.49,2
0.23,0.2,0.57,2.0,1.42,0.24,1.54,3.89,5.2,1.1,3.43,4.64,3.35,4.99,5,5,2,5,45,58,0.02,0.42,0.87,0.13,6.0,2.01,4.16,4.0,1.08,4.76,2.34,3.15,1.47,2.75,3.8,3.03,1.75,4.91,3.97,2035,1774,1,1,4.78,0
0.45,0.28,0.82,1.81,2.55,1.53,3.51,3.52,2.4,3.5,4.87,4.8,3.63,1.94,7,5,4,0,46,56,0.13,0.52,0.71,0.29,5.88,4.27,1.18,1.64,3.62,4.76,1.68,2.46,1.37,2.7,3.36,2.25,4.49,1.55,2.78,1880,1729,0,5,4.41,1
0.63,0.52,3.68,2.99,0.93,0.25,1.46,1.98,3.1,4.1,1.11,3.76,1.36,4.48,2,5,3,1,62,37,0.76,0.81,0.32,0.68,2.76,4.17,4.26,2.69,2.64,4.53,4.2,3.5,1.69,3.29,2.69,4.74,4.41,1.81,3.93,1787,2009,1,3,3.52,0
0.73,0.25,1.09,2.54,1.65,1.11,2.26,1.57,7.2,3.1,3.2,3.13,3.92,4.29,4,6,3,0,35,62,0.05,0.41,0.31,0.69,4.43,2.23,4.15,4.75,2.84,1.31,2.86,1.95,4.71,3.03,1.48,1.54,4.69,2.05,2.11,1607,1988,0,4,2.77,0
0.49,0.9,2.66,1.65,2.82,2.24,1.25,2.38,4.6,5.3,1.79,2.21,1.21,4.19,7,3,5,0,36,67,0.49,0.25,0.17,0.83,2.39,1.25,1.31,1.36,1.39,1.69,1.48,3.06,4.35,1.73,3.99,3.35,4.06,1.79,1.21,1742,2003,0,3,2.31,0
0.56,0.68,2.69,3.73,2.35,1.27,4.08,2.31,3.1,1.5,1.8,3.1,3.46,3.34,4,4,1,4,42,55,0.46,0.6,0.64,0.36,4.1,2.66,3.54,1.66,1.82,3.11,1.91,4.54,3.32,1.7,1.23,4.85,3.35,2.11,4.16,1683,1649,0,1,4.22,0
0.18,0.93,0.36,3.15,2.47,1.02,4.02,2.2,7.8,3.5,4.52,2.52,4.91,3.3,3,5,0,5,40,63,0.71,0.41,0.1,0.9,5.79,2.82,2.91,3.06,1.17,3.18,4.76,3.7,2.21,1.58,4.29,1.6,4.7,3.6,2.53,2062,1606,0,5,0.72,1
0.01,0.16,1.74,0.95,1.12,0.95,2.04,2.85,5.4,2.2,4.8,4.8,4.01,4.17,4,2,1,4,57,40,0.61,0.33,0.64,0.36,4.56,4.42,3.63,4.87,3.82,1.55,3.05,2.16,1.5,2.73,1.06,4.28,4.13,1.78,1.81,1919,1538,1,3,4.24,2
0.1,0.66,3.47,1.48,2.63,3.33,1.63,0.39,4.6,3.6,1.93,1.84,2.4,4.01,3,7,4,4,41,62,0.07,0.75,0.56,0.44,3.95,2.38,1.68,2.17,1.5,4.52,4.14,3.18,2.11,1.95,2.91,1.48,3.12,2.85,4.35,1565,2053,1,3,0.3,2
0.29,0.26,2.6,1.31,2.54,0.89,1.06,3.13,7.4,2.4,4.68,2.42,2.57,3.73,3,5,3,2,60,42,0.79,0.26,0.36,0.64,3.09,2.26,1.91,4.09,4.05,3.53,1.77,4.41,1.73,4.75,2.44,2.56,3.18,1.51,3.73,1432,1572,0,5,1.15,2
0.38,0.38,1.35,2.84,1.86,2.0,2.19,0.52,2.6,7.9,4.39,1.79,4.6,4.73,2,4,4,3,51,48,0.3,0.98,0.51,0.49,4.7,3.44,3.55,2.32,3.36,2.56,3.48,2.39,4.48,1.51,4.96,1.08,4.49,3.99,4.88,1989,2091,1,4,2.55,1
0.74,0.1,2.68,2.72,3.33,1.4,3.12,3.53,1.1,4.8,1.9,1.65,1.65,1.67,6,6,1,3,62,41,0.68,0.7,0.01,0.99,5.86,4.3,1.35,3.76,3.14,1.02,4.77,4.89,2.42,4.76,2.85,4.87,3.24,4.9,1.55,1779,1952,1,2,4.79,2
0.08,0.16,2.25,0.54,0.97,0.32,4.49,3.04,6.5,5.7,1.85,4.36,4.07,4.36,5,5,0,4,42,56,0.61,0.84,0.72,0.28,5.24,2.22,3.4,2.73,4.89,1.35,3.32,4.43,3.72,2.15,1.12,3.76,3.09,1.04,2.18,1886,2005,0,2,4.48,0
0.92,0.52,2.87,3.69,0.92,0.5,0.87,2.74,7.8,7.0,3.44,1.39,3.51,2.84,5,2,6,2,40,63,0.9,0.5,0.69,0.31,2.34,1.31,1.77,4.44,3.28,4.03,4.57,3.69,4.37,4.56,3.54,4.0,4.87,2.38,4.75,1759,2041,0,2,3.66,2
0.12,0.44,2.41,0.67,0.49,1.28,3.14,3.84,1.2,4.7,2.34,1.72,3.86,4.45,7,3,4,4,38,65,0.94,0.75,0.85,0.15,3.17,4.85,2.61,1.9,4.34,3.02,2.03,3.81,1.88,3.16,1.18,3.08,1.61,3.87,2.93,1489,1483,0,4,0.22,2
0.52,0.66,2.78,1.48,0.49,2.8,0.54,3.22,5.6,6.0,2.22,2.69,4.06,2.52,4,4,6,0,35,64,0.17,0.02,0.44,0.56,2.18,4.3,2.43,1.66,3.96,2.4,4.04,1.55,1.34,2.33,3.34,1.72,1.06,4.82,2.15,1492,1451,1,5,2.84,2
0.23,0.03,2.68,3.35,2.74,1.01,3.16,4.39,6.2,7.8,4.03,2.32,2.72,2.94,6,2,1,0,64,33,0.93,0.08,0.96,0.04,4.56,2.0,3.62,1.76,3.15,1.21,2.66,2.61,4.64,3.66,3.31,4.66,1.75,3.47,1.66,1844,2041,0,3,4.9,0
0.69,0.49,1.06,1.47,1.14,0.65,4.16,3.46,4.1,3.0,4.45,4.96,2.15,4.28,6,6,0,1,59,40,0.76,0.65,0.17,0.83,3.42,2.04,1.08,3.59,1.78,1.52,4.23,2.67,3.98,2.49,2.28,4.03,3.29,1.91,3.47,1470,1740,0,2,4.4,1
0.51,0.37,2.43,1.0,1.65,3.41,3.56,0.62,2.0,5.9,2.69,4.31,2.12,2.6,3,7,2,3,37,65,0.29,0.3,0.84,0.16,5.28,2.76,4.9,3.47,4.68,2.74,4.01,1.31,4.17,3.73,4.17,4.7,2.83,2.09,3.5,1670,1664,1,2,3.85,0
0.85,0.0,3.37,3.62,0.53,0.23,1.0,1.33,5.9,2.4,3.11,4.42,3.84,2.48,6,4,5,0,65,33,0.95,0.18,0.62,0.38,2.73,2.79,4.33,1.01,2.64,4.36,4.42,2.79,4.93,2.37,3.7,3.67,2.96,1.53,2.33,1832,1646,1,3,4.87,0
0.14,0.06,2.71,2.82,2.43,1.77,3.73,1.24,4.5,7.0,4.3,4.67,4.51,2.41,7,3,0,2,62,40,0.26,0.44,0.25,0.75,2.52,2.17,2.54,3.86,2.68,4.22,3.29,3.44,1.76,1.08,4.25,4.41,1.61,4.46,3.93,1546,1695,0,1,3.8,2
0.7,0.28,0.41,0.47,1.81,1.91,3.58,2.29,5.1,1.2,3.5,1.8,2.9,3.73,3,3,0,5,50,51,0.92,0.81,0.48,0.52,4.09,2.46,1.03,1.21,2.39,1.72,2.82,3.32,2.22,1.34,3.93,3.85,1.48,2.61,1.62,1662,2099,0,2,1.86,2
0.76,0.36,3.36,3.73,2.58,0.75,1.55,0.39,7.8,2.9,2.2,2.81,4.83,4.75,2,7,5,6,41,60,0.39,0.21,0.34,0.66,3.9,2.98,3.19,3.96,4.19,4.06,2.96,1.83,2.61,2.55,1.21,1.91,1.52,1.39,1.13,2041,1618,0,2,4.34,0
0.46,0.01,2.53,1.16,2.12,1.73,1.94,3.9,3.5,7.4,1.02,3.17,3.74,3.91,5,4,6,1,37,64,0.58,0.73,0.83,0.17,2.81,1.68,2.87,3.02,1.92,3.59,1.94,3.63,4.26,4.26,3.75,1.32,3.11,2.0,1.15,1460,1611,0,3,1.23,0
0.09,0.28,2.06,2.21,3.16,1.77,0.56,3.24,4.6,5.2,4.12,2.14,4.94,2.06,2,6,4,5,61,38,0.79,0.8,0.52,0.48,4.6,1.09,1.25,4.31,4.58,4.34,1.59,3.43,4.78,2.33,2.13,3.83,1.16,3.21,3.36,1593,2014,1,1,4.08,2
0.03,0.41,0.67,3.23,1.41,1.95,2.77,4.4,2.3,4.8,2.17,3.15,2.12,3.5,4,3,3,4,65,32,0.95,0.18,0.64,0.36,5.24,4.21,4.15,2.67,1.79,3.12,4.25,2.55,1.48,1.49,3.94,4.77,2.91,3.97,1.79,1552,1416,0,5,0.27,0
0.19,0.62,2.05,3.08,1.8,0.97,4.2,1.72,1.7,5.3,3.23,4.33,1.54,1.17,5,6,4,1,40,60,0.24,0.21,0.91,0.09,5.34,4.23,3.72,2.66,3.55,4.53,4.67,3.06,4.12,2.13,4.0,3.62,2.66,1.37,1.3,1999,1400,0,4,4.19,0
0.61,0.43,1.86,1.91,0.68,0.78,3.46,2.82,4.6,3.3,3.37,3.21,4.38,4.54,6,5,2,3,45,58,0.39,0.53,0.54,0.46,5.7,2.33,3.29,4.02,1.74,3.67,2.84,3.75,1.43,3.16,1.56,2.14,2.6,4.76,2.12,1964,1897,0,3,1.27,2
0.09,0.77,0.72,3.42,0.86,2.98,3.91,3.55,1.1,2.6,2.6,4.2,1.21,1.34,7,5,2,2,37,62,0.1,0.46,0.92,0.08,3.32,2.36,2.2,2.12,2.67,3.81,2.28,1.24,4.5,1.51,4.29,1.5,3.96,1.41,4.87,2041,1553,0,1,2.13,0
0.64,0.08,0.83,2.01,0.38,0.37,2.96,3.28,7.9,1.8,4.84,4.93,2.24,2.05,3,6,5,2,49,48,0.15,0.9,0.98,0.02,2.0,3.74,1.91,4.69,1.74,3.43,3.88,1.32,2.71,3.17,1.65,3.79,3.28,3.59,2.36,1812,1966,1,1,1.43,2
0.58,0.09,2.78,3.19,1.0,1.65,0.97,4.3,4.2,5.7,3.06,2.89,3.91,2.15,2,6,5,4,41,60,0.71,0.34,0.79,0.21,5.28,1.35,2.75,3.82,3.39,3.41,1.76,2.07,2.14,1.3,3.42,1.59,1.34,4.0,1.28,1731,1633,1,4,4.84,2
0.24,0.06,1.81,1.57,2.7,0.95,0.46,1.69,2.8,7.0,1.13,2.49,1.59,4.09,4,2,2,1,52,47,0.26,0.86,0.01,0.99,2.24,1.54,1.83,2.54,1.17,1.31,1.06,1.83,1.24,2.33,3.6,1.23,1.52,3.0,1.99,1525,1651,0,2,3.9,0
0.57,0.43,0.68,3.67,0.36,3.41,0.96,1.84,7.2,6.1,4.1,1.34,3.28,3.66,4,2,0,2,65,34,0.45,0.88,0.86,0.14,3.09,2.84,3.17,1.43,1.06,2.06,4.66,3.99,2.86,3.7,4.8,4.71,4.83,4.0,2.55,1577,1753,1,5,1.38,2
0.24,0.62,2.66,2.9,2.52,3.21,0.97,1.16,6.0,5.3,4.22,1.16,2.63,3.08,5,6,0,2,63,38,0.39,0.62,0.65,0.35,2.53,4.93,3.0,1.81,1.24,3.94,1.67,1.84,4.72,1.42,3.48,1.4,2.23,4.55,2.13,1623,1487,1,5,4.6,2
0.23,0.56,3.49,0.22,3.26,1.63,2.42,2.04,4.5,7.1,3.24,4.89,3.77,2.93,6,6,3,2,62,41,0.88,0.61,0.48,0.52,4.3,1.52,2.35,2.42,4.13,2.52,2.63,1.16,1.63,4.83,3.35,3.3,2.02,2.91,1.64,1909,1415,0,5,2.96,0
0.7,0.85,1.22,2.56,0.4,0.52,2.36,2.25,7.0,1.8,1.87,4.37,4.21,4.2,3,2,2,2,42,57,0.43,0.73,0.39,0.61,3.55,4.66,3.63,4.05,3.51,1.89,4.35,4.3,3.1,1.23,4.86,3.11,4.23,3.21,1.95,1576,1903,1,5,3.69,0
0.73,0.17,3.66,0.54,1.51,2.9,1.68,1.58,3.8,1.7,1.62,1.68,4.0,3.54,3,4,1,0,48,49,0.43,0.37,0.13,0.87,4.57,3.99,3.37,1.14,1.08,2.71,3.67,3.24,1.53,4.98,2.01,3.33,4.02,1.84,3.84,1445,1765,0,2,4.31,2
0.79,0.51,0.53,1.37,1.26,2.76,4.01,3.74,3.5,2.5,4.77,2.34,1.29,1.84,4,6,2,6,54,46,0.17,0.7,0.57,0.43,3.31,3.73,3.24,3.39,3.41,1.03,1.89,4.61,3.45,2.81,2.83,2.96,3.42,3.56,4.34,1442,1851,0,5,0.22,2
