match_id,home_team,away_team,home_form_5g,away_form_5g,home_xg,away_xg,home_xga,away_xga,home_xt,away_xt,home_sot,away_sot,home_attack_strength,away_attack_strength,home_defense_strength,away_defense_strength,match_importance_home,match_importance_away,home_venue_advantage,rest_days_home,rest_days_away,travel_distance_away_km,h2h_home_win_ratio,missing_key_players_home,missing_key_players_away,referee_card_rate,weather_condition,kickoff_time_uk,home_goals,away_goals,result
M0001,Southampton,Liverpool,1.79,2.39,1.34,2.09,1.64,0.78,0.47,0.68,5,6,0.8,1.3,0.82,1.34,Medium,High,1,7,5,36,0.63,1,3,2.0,Overcast,15:00,2,2,1
M0002,Manchester City,Wolverhampton,3.0,2.1,1.73,0.92,1.08,1.38,0.59,0.28,4,2,1.23,0.81,1.17,0.82,High,High,1,5,3,268,0.68,3,2,2.2,Rainy,15:00,1,1,1
M0003,West Ham,Stoke City,2.37,1.23,1.46,0.96,1.45,1.73,0.32,0.42,4,2,0.96,0.75,0.98,0.75,High,High,1,5,3,246,0.71,4,2,1.7,Windy,17:30,2,0,2
M0004,Tottenham,Brentford,2.49,2.31,1.38,1.2,1.07,1.62,0.29,0.53,5,4,1.16,0.84,1.12,0.99,Medium,Medium,1,6,6,509,0.51,4,0,2.8,Clear,20:00,2,0,2
M0005,Middlesbrough,Southampton,1.37,1.76,1.34,1.08,1.69,1.52,0.52,0.32,4,3,0.75,0.75,0.76,0.78,Medium,High,1,7,3,361,0.49,0,2,3.2,Rainy,15:00,3,2,2
M0006,Manchester City,Liverpool,2.35,1.61,2.4,1.65,1.32,1.36,0.78,0.5,7,5,1.4,1.26,1.29,1.11,Medium,Medium,1,5,6,559,0.48,1,1,1.3,Clear,19:45,1,1,1
M0007,Arsenal,Liverpool,2.27,2.21,2.04,1.72,1.06,1.36,0.62,0.6,5,5,1.36,1.23,1.22,1.33,Medium,High,1,6,5,463,0.46,0,0,1.3,Rainy,14:00,2,1,2
M0008,Aston Villa,Luton Town,1.58,1.57,1.67,1.23,1.56,1.77,0.57,0.32,8,5,1.21,0.75,1.18,0.75,High,Medium,1,4,6,90,0.33,0,3,1.8,Windy,16:30,0,2,0
M0009,Burnley,Watford,1.47,1.27,1.11,1.71,1.57,1.69,0.34,0.51,3,5,0.87,0.79,0.83,0.78,High,Medium,1,4,6,152,0.72,4,1,2.5,Clear,19:45,2,2,1
M0010,Luton Town,Leicester City,1.31,1.85,1.14,0.94,1.86,1.83,0.31,0.24,5,2,0.91,0.88,0.75,0.81,Medium,Medium,1,4,5,100,0.69,2,2,1.6,Foggy,20:00,0,3,0
M0011,Southampton,Leicester City,2.21,1.6,1.16,1.48,1.93,1.68,0.38,0.48,3,4,0.75,0.79,0.81,0.94,High,Medium,1,3,3,463,0.66,0,0,2.0,Overcast,20:00,2,1,2
M0012,Nottingham Forest,Luton Town,1.48,0.95,1.85,1.43,1.63,1.77,0.63,0.46,5,4,0.97,0.82,1.05,0.75,High,Medium,1,4,3,392,0.64,3,4,2.9,Overcast,14:00,2,2,1
M0013,Newcastle,Nottingham Forest,2.66,1.72,1.45,1.67,1.47,1.29,0.47,0.47,5,5,1.23,0.79,1.09,1.0,Medium,High,1,4,4,54,0.58,3,2,1.8,Clear,14:00,1,3,0
M0014,Everton,Watford,2.17,1.44,1.56,1.03,1.74,1.78,0.53,0.31,6,4,0.92,0.76,0.81,0.75,Medium,Medium,1,5,3,476,0.25,4,1,2.0,Clear,20:00,2,1,2
M0015,Leeds United,Liverpool,1.47,2.01,1.22,1.93,1.63,1.25,0.42,0.64,5,5,0.94,1.24,0.78,1.33,High,High,1,6,7,359,0.48,3,1,2.4,Overcast,20:00,2,2,1
M0016,Southampton,Sheffield Utd,1.1,2.04,1.27,0.64,1.85,2.05,0.44,0.21,3,2,0.89,0.82,0.75,0.75,Medium,Medium,1,4,4,35,0.7,0,3,1.7,Foggy,17:30,2,1,2
M0017,Liverpool,Bournemouth,2.64,1.92,1.7,1.08,1.02,2.01,0.42,0.37,6,3,1.37,0.83,1.32,0.97,Medium,Medium,1,5,7,526,0.56,2,3,1.4,Rainy,15:00,1,2,0
M0018,Burnley,Manchester City,1.7,2.65,1.17,1.39,1.97,1.19,0.3,0.41,4,5,0.93,1.29,0.75,1.13,Medium,Medium,1,3,5,335,0.63,3,4,2.9,Foggy,14:00,1,1,1
M0019,Brighton,Brentford,1.85,1.84,1.48,1.62,1.29,1.57,0.43,0.51,5,5,1.0,1.06,1.14,0.97,High,Medium,1,3,5,418,0.41,3,2,2.0,Windy,16:30,1,0,2
M0020,West Ham,Manchester City,1.18,2.55,2.16,1.95,1.48,1.19,0.69,0.6,8,6,1.08,1.26,0.98,1.36,High,Low,1,6,5,407,0.33,4,0,3.0,Overcast,16:30,2,2,1
M0021,Brentford,Sheffield Utd,1.36,0.5,1.23,1.25,1.77,2.06,0.36,0.37,4,2,0.97,0.76,1.09,0.75,High,Medium,1,5,3,548,0.57,0,3,3.1,Clear,17:30,2,1,2
M0022,Nottingham Forest,Stoke City,1.76,1.66,1.04,1.0,1.33,1.55,0.33,0.24,4,2,0.87,0.86,0.91,0.75,Medium,Medium,1,7,7,418,0.42,3,2,1.6,Overcast,16:30,1,0,2
M0023,Sheffield Utd,Stoke City,1.78,1.11,1.05,1.04,1.93,2.06,0.28,0.31,2,3,0.77,0.81,0.75,0.85,High,Medium,1,5,6,596,0.52,3,4,2.0,Windy,16:30,1,1,1
M0024,Stoke City,Aston Villa,1.19,2.58,1.62,1.31,1.97,1.67,0.49,0.49,5,3,0.96,1.08,0.75,1.12,High,Medium,1,4,5,76,0.74,4,2,2.8,Overcast,20:00,2,1,2
M0025,Arsenal,Sheffield Utd,2.21,1.85,1.63,1.56,1.17,2.2,0.52,0.5,4,5,1.26,0.75,1.29,0.75,High,High,1,7,6,261,0.64,3,3,3.3,Rainy,14:00,1,1,1
M0026,Luton Town,Southampton,2.38,1.85,1.58,1.31,1.76,1.72,0.53,0.43,5,4,0.75,0.89,0.75,0.78,High,High,1,6,3,269,0.71,4,1,2.2,Foggy,15:00,0,0,1
M0027,Tottenham,Manchester City,2.73,2.69,1.4,1.49,1.49,1.01,0.38,0.47,4,5,1.07,1.33,0.96,1.19,Medium,Medium,1,3,3,264,0.73,4,4,3.4,Rainy,19:45,2,2,1
M0028,Bournemouth,Burnley,1.07,0.79,1.5,1.39,1.55,1.61,0.51,0.46,4,5,0.92,0.78,0.81,0.75,Low,Low,1,7,3,495,0.29,2,2,1.5,Windy,14:00,0,1,0
M0029,Leeds United,Burnley,1.4,1.54,0.97,1.05,1.55,1.79,0.35,0.34,4,4,0.92,0.78,0.92,0.82,Medium,Medium,1,5,7,44,0.53,0,1,3.5,Clear,17:30,2,1,2
M0030,Tottenham,Leicester City,2.37,1.43,1.71,0.88,1.08,1.75,0.5,0.28,6,4,1.15,0.83,1.22,0.88,Low,High,1,7,5,32,0.39,2,4,2.5,Windy,14:00,2,1,2
M0031,Crystal Palace,Fulham,1.24,1.6,1.26,1.34,1.7,1.82,0.35,0.4,4,4,0.95,0.86,0.93,0.86,Medium,Low,1,4,6,67,0.31,4,2,3.2,Windy,12:30,0,1,0
M0032,Stoke City,Tottenham,0.97,2.38,1.41,1.73,2.03,1.27,0.41,0.45,5,4,0.86,1.09,0.75,1.21,Medium,Low,1,3,7,100,0.37,2,1,2.9,Windy,12:30,1,1,1
M0033,Liverpool,Bournemouth,2.51,1.88,2.23,1.18,1.33,1.77,0.65,0.38,6,4,1.32,0.92,1.17,0.79,Medium,Medium,1,7,4,267,0.48,2,3,1.8,Clear,14:00,1,1,1
M0034,Burnley,Newcastle,2.37,2.45,1.51,1.44,2.08,1.27,0.42,0.46,6,4,0.9,1.17,0.76,1.12,Medium,High,1,6,5,38,0.53,0,4,2.9,Rainy,14:00,2,0,2
M0035,Crystal Palace,Brighton,1.35,1.52,1.3,1.05,1.37,1.07,0.31,0.23,4,3,0.85,1.12,0.9,0.99,High,Medium,1,4,4,165,0.64,2,4,2.4,Rainy,14:00,2,2,1
M0036,Bournemouth,Brentford,1.58,1.44,1.84,1.72,2.03,1.9,0.63,0.46,8,5,0.91,0.93,0.84,0.94,Medium,Medium,1,5,7,420,0.66,2,0,2.8,Windy,12:30,0,1,0
M0037,Fulham,Southampton,1.79,1.62,1.76,0.58,1.46,2.02,0.64,0.29,5,3,1.12,0.92,0.99,0.85,Medium,Medium,1,7,6,188,0.69,0,3,2.6,Rainy,12:30,2,0,2
M0038,Nottingham Forest,Brighton,1.73,1.8,1.27,1.12,1.85,1.36,0.36,0.37,5,4,0.79,1.11,0.79,0.94,High,Medium,1,4,4,240,0.28,4,1,2.5,Overcast,16:30,1,0,2
M0039,Sheffield Utd,Arsenal,1.21,3.0,1.52,1.64,1.95,1.08,0.49,0.48,4,6,0.77,1.27,0.75,1.26,Medium,High,1,3,6,489,0.64,4,4,1.5,Foggy,15:00,1,1,1
M0040,Leeds United,Leicester City,1.35,2.11,2.21,1.31,1.89,1.55,0.76,0.47,5,5,0.83,0.91,0.89,0.91,Medium,Medium,1,6,7,573,0.4,4,4,2.2,Clear,14:00,1,0,2
M0041,Burnley,Middlesbrough,1.79,1.23,1.5,0.95,1.88,1.57,0.46,0.24,5,3,0.96,0.82,0.76,0.82,High,Medium,1,5,4,599,0.28,4,4,2.0,Clear,17:30,1,2,0
M0042,Middlesbrough,Wolverhampton,1.98,1.18,1.66,1.13,1.59,1.84,0.53,0.44,5,4,0.9,0.86,0.83,0.77,Low,Low,1,7,7,600,0.26,2,0,1.6,Rainy,16:30,1,1,1
M0043,Tottenham,Sheffield Utd,1.99,1.28,1.74,0.4,1.51,2.06,0.49,0.18,6,2,1.06,0.95,0.96,0.75,High,Medium,1,3,3,308,0.47,3,3,2.6,Windy,16:30,2,1,2
M0044,Crystal Palace,Nottingham Forest,2.17,2.01,1.22,1.0,1.53,1.8,0.4,0.31,4,5,0.96,0.76,0.89,0.89,Medium,Medium,1,4,6,575,0.6,4,4,3.1,Rainy,12:30,0,2,0
M0045,Wolverhampton,Arsenal,1.5,2.34,1.32,1.91,1.39,1.33,0.39,0.65,5,6,1.0,1.25,0.85,1.15,Medium,High,1,6,7,440,0.51,3,2,2.9,Overcast,16:30,1,1,1
M0046,Southampton,Liverpool,1.22,2.29,1.31,1.46,2.11,1.08,0.42,0.47,4,5,0.9,1.38,0.95,1.32,Medium,Medium,1,7,7,489,0.59,4,4,1.9,Rainy,15:00,0,2,0
M0047,Southampton,Brentford,1.63,1.29,1.21,1.38,1.78,1.51,0.34,0.46,3,2,0.91,1.06,0.75,1.02,Low,Medium,1,3,6,222,0.41,3,4,1.5,Clear,17:30,2,2,1
M0048,Fulham,Stoke City,2.26,1.75,1.9,1.15,1.77,1.84,0.54,0.32,7,3,1.0,0.75,1.04,0.81,High,High,1,7,6,320,0.38,4,1,2.0,Foggy,20:00,2,2,1
M0049,Southampton,Stoke City,1.37,1.28,1.24,0.95,1.56,1.75,0.37,0.32,3,1,1.0,0.81,0.88,0.84,Medium,High,1,5,4,249,0.42,3,1,1.7,Overcast,15:00,2,2,1
M0050,Liverpool,Burnley,2.44,0.76,2.07,1.05,0.98,2.08,0.68,0.37,7,4,1.32,0.75,1.28,0.87,Medium,Medium,1,4,6,321,0.63,3,1,2.4,Rainy,14:00,2,0,2
M0051,Aston Villa,Everton,1.75,1.21,1.31,1.37,1.41,1.38,0.37,0.44,5,5,1.12,0.91,0.97,0.89,Low,Medium,1,7,3,321,0.29,1,2,2.2,Foggy,15:00,1,1,1
M0052,Brighton,Bournemouth,2.64,0.97,1.46,1.27,1.25,1.85,0.49,0.41,5,4,1.06,0.81,1.04,0.85,Low,Medium,1,4,6,489,0.56,0,0,1.8,Overcast,19:45,2,1,2
M0053,Wolverhampton,Liverpool,1.7,2.05,1.56,1.82,1.45,0.94,0.59,0.61,4,5,0.85,1.22,0.86,1.17,High,Medium,1,7,6,221,0.58,0,4,3.4,Clear,19:45,0,1,0
M0054,Leicester City,Luton Town,2.37,1.54,1.59,1.11,1.49,2.11,0.48,0.36,5,4,0.95,0.86,0.83,0.75,Medium,High,1,4,6,520,0.57,1,0,2.8,Windy,12:30,1,1,1
M0055,Aston Villa,Chelsea,1.84,2.48,1.34,1.83,1.31,1.26,0.39,0.53,4,5,1.06,1.15,1.07,1.06,Medium,Medium,1,6,5,221,0.5,3,2,3.3,Foggy,16:30,2,1,2
M0056,Manchester City,Nottingham Forest,1.84,1.17,1.88,1.11,1.37,1.81,0.55,0.42,5,4,1.34,0.92,1.33,0.8,Low,High,1,3,3,445,0.43,1,0,1.5,Foggy,20:00,2,1,2
M0057,Manchester City,West Ham,2.5,1.46,1.85,1.54,0.87,1.29,0.63,0.46,6,4,1.27,1.01,1.25,0.92,High,Medium,1,6,7,426,0.71,0,2,3.0,Windy,15:00,2,1,2
M0058,Bournemouth,Aston Villa,2.15,2.53,0.85,1.59,1.62,1.39,0.22,0.39,2,5,0.97,1.14,0.96,0.95,Medium,Low,1,4,5,550,0.36,1,1,1.7,Windy,12:30,0,2,0
M0059,Nottingham Forest,Luton Town,2.19,2.04,1.63,1.14,1.62,1.65,0.45,0.39,5,3,0.89,0.83,0.76,0.78,High,Low,1,7,7,216,0.63,1,3,2.4,Clear,14:00,2,1,2
M0060,Newcastle,Aston Villa,1.74,2.54,1.4,1.92,1.64,1.13,0.43,0.68,4,6,1.09,1.19,1.02,1.04,Low,High,1,7,7,375,0.67,4,0,3.1,Clear,12:30,2,2,1
M0061,Luton Town,West Ham,1.04,1.28,0.93,1.5,1.59,1.47,0.25,0.61,2,5,0.77,0.96,0.79,0.98,Medium,Medium,1,4,5,177,0.41,2,2,3.4,Overcast,14:00,0,2,0
M0062,Fulham,Brighton,1.46,2.01,1.52,1.52,1.48,1.58,0.44,0.44,5,4,0.93,1.17,0.88,1.15,Medium,Medium,1,6,5,539,0.26,3,4,2.3,Overcast,15:00,1,1,1
M0063,Brentford,Leicester City,1.17,1.12,1.45,0.95,1.6,1.73,0.48,0.33,4,3,1.02,0.88,0.88,0.8,High,Medium,1,6,7,316,0.66,4,4,1.5,Clear,17:30,0,2,0
M0064,Burnley,Crystal Palace,1.52,1.44,1.01,1.22,1.89,1.61,0.28,0.44,2,4,0.77,0.94,0.76,0.87,Low,Medium,1,5,7,374,0.5,4,4,2.3,Foggy,16:30,1,1,1
M0065,Fulham,Watford,2.08,1.76,1.33,1.58,1.73,1.6,0.37,0.46,3,3,0.93,0.8,1.02,0.82,Medium,Medium,1,6,4,278,0.27,0,1,1.2,Rainy,17:30,2,2,1
M0066,Wolverhampton,Burnley,1.8,0.62,1.71,0.8,1.73,1.83,0.54,0.3,5,2,0.9,0.89,0.94,0.76,Medium,Medium,1,5,7,525,0.35,1,2,2.5,Overcast,16:30,2,0,2
M0067,Watford,Stoke City,1.04,1.49,0.74,0.84,1.78,1.69,0.2,0.23,3,2,0.75,0.92,0.8,0.79,Low,High,1,6,5,520,0.36,4,2,3.3,Rainy,15:00,2,2,1
M0068,Brighton,West Ham,2.77,2.11,1.7,1.51,1.53,1.58,0.44,0.48,7,6,1.13,1.01,0.93,0.83,Medium,Medium,1,5,5,322,0.57,0,4,1.7,Clear,15:00,1,2,0
M0069,Chelsea,Wolverhampton,2.22,1.41,1.86,0.69,1.24,1.68,0.55,0.29,7,2,1.09,0.95,0.97,0.85,High,Medium,1,5,4,145,0.42,3,2,2.9,Clear,20:00,1,1,1
M0070,Leeds United,Aston Villa,1.89,2.68,1.69,1.15,1.68,1.36,0.51,0.32,6,4,0.85,1.16,0.82,1.18,Low,High,1,7,3,297,0.58,1,0,2.7,Windy,16:30,2,2,1
M0071,Watford,Brentford,1.28,1.27,1.51,1.21,1.9,1.99,0.4,0.38,6,4,0.78,0.83,0.8,0.81,Low,Medium,1,7,3,568,0.47,2,0,3.3,Clear,12:30,2,0,2
M0072,Aston Villa,Sheffield Utd,1.75,1.35,1.87,0.8,1.23,1.64,0.45,0.26,6,2,1.16,0.84,0.95,0.75,Medium,High,1,3,6,290,0.66,1,4,1.4,Windy,16:30,2,0,2
M0073,Chelsea,Liverpool,2.61,2.3,1.82,1.84,1.44,1.37,0.54,0.42,5,7,1.03,1.36,1.12,1.26,Low,Low,1,4,5,151,0.34,4,3,2.4,Overcast,14:00,2,2,1
M0074,Brentford,Bournemouth,1.57,1.14,1.09,1.05,1.5,1.89,0.32,0.46,3,3,1.03,0.8,0.97,0.75,High,High,1,3,7,64,0.47,0,1,2.9,Windy,17:30,1,1,1
M0075,Middlesbrough,Chelsea,2.36,3.0,1.39,2.11,1.51,1.13,0.45,0.54,5,8,0.96,1.19,0.76,1.17,Medium,Medium,1,4,6,599,0.5,2,3,3.0,Rainy,20:00,1,2,0
M0076,Everton,Newcastle,1.69,1.56,1.57,1.28,1.52,0.99,0.55,0.36,6,4,0.97,1.16,0.92,1.17,Low,Low,1,3,7,225,0.28,3,4,2.6,Clear,15:00,2,0,2
M0077,Leeds United,Burnley,1.59,1.78,1.49,0.97,1.88,1.71,0.5,0.39,5,2,0.96,0.78,0.78,0.75,High,High,1,5,6,507,0.52,2,2,1.8,Foggy,17:30,0,1,0
M0078,Stoke City,Bournemouth,1.48,1.23,1.32,1.35,2.2,1.82,0.41,0.41,3,4,0.8,0.81,0.79,0.89,Medium,High,1,7,5,293,0.63,3,3,2.3,Rainy,15:00,2,2,1
M0079,Newcastle,Luton Town,3.0,1.38,1.26,0.97,1.67,2.04,0.4,0.3,5,4,1.16,0.82,1.08,0.85,High,Medium,1,7,6,529,0.26,4,4,2.1,Clear,19:45,1,0,2
M0080,Brentford,Arsenal,1.18,2.3,1.01,1.91,1.69,1.58,0.27,0.59,3,5,0.91,1.38,1.13,1.31,Medium,High,1,4,5,112,0.58,0,0,2.1,Windy,19:45,0,2,0
M0081,Watford,Newcastle,2.16,2.4,1.15,1.28,2.2,1.26,0.46,0.31,4,6,0.79,1.02,0.76,1.24,Medium,High,1,7,7,63,0.34,2,0,3.4,Foggy,15:00,1,0,2
M0082,Everton,Manchester City,1.52,2.92,1.0,1.56,1.5,0.89,0.24,0.55,4,3,1.05,1.38,0.86,1.31,High,High,1,7,7,436,0.73,2,0,2.7,Windy,17:30,1,2,0
M0083,Everton,Nottingham Forest,1.88,2.11,1.13,1.46,1.57,1.81,0.39,0.47,3,5,0.97,0.97,0.86,0.88,Low,Medium,1,5,3,165,0.29,3,3,2.5,Foggy,17:30,1,1,1
M0084,Burnley,Manchester City,0.94,2.03,1.33,1.73,1.49,1.29,0.4,0.46,5,5,0.75,1.33,0.83,1.34,High,High,1,4,6,312,0.46,3,0,2.0,Overcast,20:00,1,1,1
M0085,Aston Villa,Bournemouth,2.25,1.8,1.92,1.07,1.1,1.46,0.57,0.38,7,2,1.14,0.87,0.96,1.01,High,High,1,6,5,328,0.62,3,4,3.0,Rainy,17:30,1,2,0
M0086,Crystal Palace,Liverpool,1.95,2.23,1.63,1.69,1.58,1.11,0.48,0.38,6,6,0.96,1.27,0.98,1.12,Medium,High,1,5,4,288,0.58,3,3,1.4,Foggy,17:30,1,1,1
M0087,Watford,Wolverhampton,0.81,1.46,0.95,1.61,1.53,1.56,0.38,0.55,3,4,0.82,0.9,0.91,0.86,Medium,Medium,1,6,3,40,0.3,1,4,2.9,Foggy,19:45,1,1,1
M0088,Crystal Palace,Wolverhampton,1.12,1.79,1.42,1.06,1.81,1.63,0.4,0.46,6,4,0.94,0.85,0.83,0.99,Medium,High,1,3,6,493,0.41,2,0,3.1,Clear,12:30,2,0,2
M0089,Leeds United,Newcastle,2.12,1.74,1.0,1.42,1.66,1.52,0.21,0.47,3,4,0.81,1.05,0.79,0.9,Medium,Medium,1,3,4,240,0.39,0,4,1.4,Foggy,15:00,1,2,0
M0090,Liverpool,Brentford,2.12,1.39,2.23,1.25,1.0,1.63,0.73,0.42,7,4,1.23,0.87,1.33,0.9,Medium,High,1,4,5,149,0.34,1,4,2.1,Foggy,15:00,1,1,1
M0091,Bournemouth,Leeds United,0.71,1.32,1.5,1.04,1.79,1.91,0.51,0.43,4,2,0.97,0.82,0.86,0.88,Medium,Medium,1,6,6,455,0.61,3,3,1.6,Foggy,12:30,1,0,2
M0092,Chelsea,Brentford,2.21,2.13,1.92,0.98,1.28,1.27,0.52,0.3,6,4,1.3,0.99,1.15,0.81,Medium,High,1,6,3,283,0.4,0,3,1.8,Clear,17:30,2,1,2
M0093,Brighton,Aston Villa,2.14,1.49,1.44,1.75,1.31,1.27,0.47,0.57,5,6,1.04,1.15,0.96,1.03,Medium,High,1,5,7,127,0.32,3,0,3.5,Overcast,20:00,2,1,2
M0094,Watford,Fulham,1.81,1.17,1.16,1.01,1.67,1.46,0.3,0.35,3,2,0.91,1.03,0.76,1.12,Medium,Low,1,5,7,32,0.68,0,3,2.7,Rainy,14:00,2,1,2
M0095,Aston Villa,Nottingham Forest,2.19,1.2,1.61,1.35,1.26,1.64,0.56,0.33,6,3,1.21,0.93,1.05,0.84,Low,High,1,6,3,468,0.35,1,2,1.6,Rainy,12:30,1,1,1
M0096,Crystal Palace,Watford,1.91,1.36,1.3,1.21,1.53,1.67,0.35,0.3,5,4,0.99,0.87,0.9,0.78,Medium,Low,1,6,4,519,0.29,3,0,2.9,Clear,12:30,1,3,0
M0097,Tottenham,Wolverhampton,2.17,0.99,2.31,1.78,1.46,1.82,0.8,0.56,6,6,1.12,0.89,0.99,0.94,Low,High,1,3,4,156,0.54,3,2,3.4,Rainy,14:00,2,2,1
M0098,Manchester City,West Ham,1.92,1.66,1.75,1.05,0.97,1.11,0.51,0.28,5,3,1.35,0.95,1.38,1.03,Low,Medium,1,3,4,541,0.57,0,4,3.2,Clear,16:30,2,1,2
M0099,Luton Town,Wolverhampton,1.04,2.11,1.29,0.58,1.88,1.59,0.44,0.2,4,2,0.82,0.83,0.75,0.81,Medium,Medium,1,3,7,580,0.56,2,0,1.9,Foggy,15:00,2,1,2
M0100,Fulham,Wolverhampton,1.18,1.31,1.31,0.91,1.45,1.83,0.45,0.27,4,5,1.06,0.99,1.04,0.91,Medium,High,1,3,4,41,0.33,2,4,2.4,Rainy,15:00,0,2,0
M0101,West Ham,Middlesbrough,2.36,1.1,2.03,1.2,1.46,1.82,0.61,0.3,7,4,0.96,0.93,0.9,0.79,High,High,1,7,3,263,0.62,0,0,3.2,Clear,15:00,3,1,2
M0102,Tottenham,Aston Villa,2.79,1.65,1.26,1.25,1.29,1.16,0.36,0.44,4,3,1.22,1.14,0.92,1.04,High,Low,1,3,6,100,0.69,2,2,2.0,Foggy,17:30,2,1,2
M0103,Luton Town,Brentford,1.42,1.5,0.79,1.79,2.2,1.5,0.24,0.48,3,5,0.82,0.99,0.75,0.92,Medium,High,1,5,3,415,0.67,2,0,1.7,Overcast,17:30,0,2,0
M0104,Tottenham,Stoke City,2.05,1.58,1.84,1.53,0.94,2.07,0.47,0.5,5,4,1.1,0.75,1.07,0.75,Medium,High,1,5,5,352,0.71,3,2,1.9,Rainy,15:00,2,2,1
M0105,Middlesbrough,Luton Town,1.69,1.56,1.13,1.11,1.88,2.0,0.36,0.28,2,4,0.98,0.88,0.78,0.88,Medium,High,1,5,4,123,0.61,2,3,2.4,Rainy,16:30,1,1,1
M0106,Everton,Bournemouth,1.2,1.41,1.54,1.21,1.64,1.61,0.57,0.41,5,4,0.83,0.95,0.91,0.82,Medium,Low,1,3,3,96,0.35,3,1,1.4,Rainy,12:30,2,1,2
M0107,Newcastle,Sheffield Utd,1.43,1.67,1.49,1.02,1.17,2.01,0.5,0.29,4,3,1.04,0.75,1.01,0.75,Low,Medium,1,3,5,422,0.32,1,4,1.8,Foggy,14:00,2,1,2
M0108,Watford,Crystal Palace,0.8,1.8,1.11,1.5,1.74,1.72,0.42,0.48,5,5,0.8,1.09,0.75,0.92,Medium,High,1,4,3,283,0.58,2,4,3.1,Clear,14:00,2,1,2
M0109,Everton,Crystal Palace,2.81,1.22,1.53,1.4,1.48,1.88,0.42,0.5,5,3,0.89,0.93,1.03,0.85,Low,Low,1,7,5,209,0.5,0,0,1.7,Overcast,12:30,2,1,2
M0110,Sheffield Utd,Aston Villa,1.53,1.64,1.41,1.83,1.97,1.31,0.49,0.64,5,6,0.75,1.09,0.85,1.1,Medium,Medium,1,5,5,360,0.32,1,3,3.0,Windy,20:00,1,3,0
M0111,Burnley,Stoke City,1.94,1.11,1.07,1.34,1.86,1.67,0.33,0.37,3,4,0.81,0.75,0.88,0.75,Medium,High,1,5,7,256,0.57,0,3,1.5,Clear,15:00,1,2,0
M0112,Southampton,Manchester City,1.74,1.89,1.24,1.53,1.97,1.12,0.36,0.42,4,3,0.9,1.38,0.75,1.31,Medium,Low,1,5,7,414,0.3,3,4,2.7,Overcast,15:00,0,2,0
M0113,Chelsea,Fulham,2.47,1.8,2.04,1.41,1.34,1.45,0.76,0.5,7,4,1.37,0.96,1.12,0.85,Medium,Medium,1,6,4,84,0.3,1,1,2.1,Foggy,20:00,3,1,2
M0114,Leeds United,Brentford,1.48,1.97,1.07,1.5,1.7,1.5,0.36,0.47,4,3,0.81,1.0,0.84,1.06,Low,Medium,1,3,5,437,0.49,2,0,2.7,Windy,15:00,1,2,0
M0115,Newcastle,Bournemouth,2.43,1.7,1.7,1.62,1.23,1.66,0.52,0.48,5,4,1.0,0.95,1.07,0.86,Medium,Medium,1,7,6,271,0.49,0,3,3.3,Clear,19:45,1,1,1
M0116,Luton Town,Watford,1.66,1.47,1.5,0.99,1.99,1.77,0.47,0.35,5,3,0.78,0.78,0.78,0.75,Medium,High,1,3,3,427,0.53,4,2,3.2,Foggy,17:30,1,1,1
M0117,Watford,Sheffield Utd,0.9,1.04,1.39,1.11,1.57,1.82,0.46,0.34,6,4,0.87,0.75,0.91,0.75,High,Medium,1,7,7,514,0.27,2,3,1.5,Foggy,20:00,1,1,1
M0118,Fulham,Stoke City,1.82,2.12,1.99,0.8,1.9,1.9,0.6,0.29,5,2,1.11,0.9,1.07,0.93,Medium,Low,1,5,6,121,0.34,1,3,2.9,Foggy,14:00,2,1,2
M0119,Newcastle,Manchester City,1.84,2.87,2.06,2.12,1.37,1.08,0.68,0.75,7,6,0.95,1.38,1.05,1.22,Low,Medium,1,3,3,277,0.44,4,3,1.6,Windy,19:45,1,2,0
M0120,West Ham,Middlesbrough,1.92,1.4,1.66,1.13,1.68,1.47,0.52,0.39,5,4,0.96,0.78,1.11,0.75,Medium,Medium,1,4,4,38,0.36,4,2,2.8,Rainy,17:30,2,0,2
M0121,Nottingham Forest,West Ham,1.69,2.17,1.05,1.28,1.65,1.46,0.48,0.4,4,3,0.85,0.98,0.82,0.88,High,High,1,5,5,297,0.58,2,1,1.5,Overcast,12:30,1,0,2
M0122,Sheffield Utd,Everton,1.08,1.16,1.14,0.85,2.08,1.61,0.3,0.29,5,3,0.75,0.91,0.75,0.83,Medium,Medium,1,5,7,337,0.67,4,1,1.9,Windy,15:00,1,0,2
M0123,Burnley,Newcastle,2.32,1.74,1.2,1.31,1.85,1.74,0.26,0.47,3,5,0.8,1.13,0.91,1.1,Medium,Medium,1,6,4,542,0.31,3,4,1.9,Clear,14:00,1,1,1
M0124,Aston Villa,Crystal Palace,1.54,1.99,1.94,1.08,1.24,1.87,0.61,0.27,6,3,1.09,0.94,1.03,1.04,High,Medium,1,6,3,162,0.56,3,3,2.2,Windy,17:30,3,1,2
M0125,Stoke City,Crystal Palace,2.26,1.45,1.27,0.93,1.87,1.58,0.39,0.25,5,2,0.89,1.01,0.76,0.93,High,Low,1,6,7,566,0.42,1,2,3.5,Windy,16:30,1,0,2
M0126,Everton,Arsenal,1.76,2.94,1.72,1.96,1.51,1.11,0.48,0.67,7,6,0.93,1.38,1.13,1.29,Medium,Medium,1,3,3,148,0.46,3,0,2.5,Windy,20:00,2,3,0
M0127,Southampton,Arsenal,1.29,2.86,1.17,1.49,1.74,1.1,0.38,0.44,4,4,0.85,1.3,0.8,1.27,High,Medium,1,4,5,449,0.4,0,4,2.3,Overcast,20:00,2,1,2
M0128,Arsenal,Chelsea,1.89,1.39,2.17,1.24,1.22,1.32,0.58,0.38,7,4,1.31,1.38,1.19,1.23,High,High,1,3,5,398,0.65,2,3,2.9,Clear,14:00,2,1,2
M0129,Tottenham,Watford,1.86,1.21,2.27,0.7,1.27,2.13,0.67,0.26,8,3,1.0,0.87,1.06,0.75,Medium,Low,1,4,3,165,0.6,0,1,1.4,Foggy,17:30,3,0,2
M0130,Newcastle,Southampton,1.74,1.73,2.11,1.13,1.62,1.37,0.75,0.45,7,4,1.18,0.84,1.01,0.89,Medium,Medium,1,7,7,259,0.74,2,4,2.4,Foggy,12:30,1,1,1
M0131,Bournemouth,Crystal Palace,1.29,1.22,1.64,1.61,1.92,1.41,0.65,0.51,4,5,0.83,0.95,0.84,0.83,High,High,1,7,4,593,0.57,3,1,1.4,Windy,14:00,1,1,1
M0132,Bournemouth,Nottingham Forest,1.13,2.65,1.36,1.12,1.66,1.7,0.31,0.31,5,1,0.77,0.77,0.75,0.81,Medium,High,1,3,4,495,0.42,4,4,2.3,Rainy,20:00,1,1,1
M0133,Leeds United,Brighton,1.9,1.95,1.02,1.07,1.58,1.33,0.42,0.41,2,3,0.85,1.0,0.81,1.08,High,Low,1,4,6,225,0.61,0,3,1.3,Foggy,12:30,1,0,2
M0134,Leeds United,Luton Town,1.74,1.38,1.01,1.04,2.2,2.02,0.35,0.26,1,3,0.9,0.89,0.8,0.75,Medium,Medium,1,5,7,423,0.46,4,1,1.8,Rainy,16:30,0,1,0
M0135,Wolverhampton,Southampton,1.45,0.84,1.31,1.44,1.83,1.59,0.48,0.41,5,5,0.9,0.89,0.77,0.75,Medium,Low,1,7,7,360,0.61,2,4,2.3,Foggy,20:00,1,0,2
M0136,Burnley,Brentford,1.81,1.51,1.42,1.31,1.74,1.54,0.48,0.42,5,2,0.82,0.96,0.93,1.0,High,Medium,1,5,6,134,0.56,4,1,2.9,Foggy,17:30,1,2,0
M0137,Watford,Brentford,1.45,1.68,1.1,1.48,1.88,1.2,0.36,0.45,3,4,0.94,0.88,0.75,0.97,Medium,Medium,1,5,7,589,0.62,1,1,1.9,Overcast,20:00,3,2,2
M0138,Stoke City,Leicester City,1.54,1.64,1.22,1.32,2.06,2.05,0.45,0.41,4,4,0.91,0.82,0.79,0.75,Low,High,1,7,7,396,0.29,2,4,1.7,Overcast,19:45,2,1,2
M0139,Wolverhampton,Luton Town,1.49,1.4,1.46,1.21,1.54,2.04,0.47,0.47,2,3,1.02,0.75,0.99,0.77,Medium,Low,1,7,7,279,0.73,2,3,3.3,Clear,17:30,1,2,0
M0140,Arsenal,Burnley,2.47,1.16,2.07,0.84,1.58,1.9,0.67,0.33,7,2,1.38,0.81,1.25,0.8,Medium,Medium,1,6,3,240,0.52,3,0,2.9,Overcast,12:30,1,1,1
M0141,Manchester City,Liverpool,3.0,2.58,1.79,1.57,1.13,1.31,0.49,0.54,6,5,1.3,1.21,1.21,1.15,Medium,Medium,1,3,5,544,0.3,2,4,1.4,Windy,17:30,1,2,0
M0142,Bournemouth,Newcastle,1.37,1.97,1.02,1.74,1.22,1.2,0.37,0.61,4,4,0.87,1.04,0.93,1.03,Medium,High,1,3,7,433,0.52,0,2,1.7,Rainy,15:00,0,2,0
M0143,Leicester City,Tottenham,1.72,2.31,1.43,1.35,1.87,1.63,0.51,0.32,7,3,0.77,1.17,0.82,1.12,High,Medium,1,6,5,395,0.31,1,0,1.9,Clear,15:00,1,2,0
M0144,Sheffield Utd,Watford,1.22,1.99,0.99,0.98,1.84,2.0,0.35,0.31,3,4,0.75,0.89,0.83,0.89,Low,Medium,1,5,5,528,0.53,1,4,1.4,Rainy,14:00,2,0,2
M0145,Aston Villa,Brentford,1.92,1.24,1.63,0.78,1.53,1.27,0.54,0.18,5,2,1.16,1.01,1.12,0.89,Medium,High,1,6,4,327,0.32,4,4,1.4,Rainy,19:45,2,1,2
M0146,Sheffield Utd,Watford,1.65,1.91,1.06,1.13,2.2,1.71,0.42,0.33,3,3,0.8,0.92,0.81,0.82,High,High,1,5,6,510,0.71,0,0,3.5,Rainy,12:30,1,0,2
M0147,West Ham,Middlesbrough,1.79,2.05,1.75,1.44,1.28,1.96,0.58,0.38,4,6,0.95,0.85,1.03,0.75,Medium,Medium,1,7,4,480,0.33,0,4,2.7,Overcast,15:00,2,2,1
M0148,Watford,Liverpool,1.27,1.99,1.23,1.8,1.7,0.95,0.31,0.51,3,6,0.9,1.38,0.85,1.31,Low,High,1,4,5,214,0.51,3,4,3.4,Clear,20:00,1,0,2
M0149,Manchester City,Brighton,1.24,2.34,2.2,1.29,1.24,1.15,0.71,0.29,8,5,1.34,1.21,1.23,1.1,Medium,High,1,6,4,141,0.26,4,4,2.8,Overcast,19:45,3,2,2
M0150,Sheffield Utd,Southampton,2.08,1.65,1.08,1.06,1.82,1.84,0.25,0.26,5,2,0.75,0.75,0.75,0.8,Medium,High,1,6,6,388,0.54,4,0,2.2,Rainy,17:30,1,0,2
M0151,Manchester City,Fulham,2.02,1.47,2.09,1.3,1.11,1.51,0.58,0.39,6,4,1.38,0.9,1.35,0.98,Medium,High,1,7,6,404,0.56,3,1,2.2,Foggy,17:30,2,2,1
M0152,Bournemouth,West Ham,2.11,1.8,1.4,1.08,1.96,1.78,0.47,0.36,5,1,0.96,1.08,0.87,0.83,Medium,Medium,1,3,4,428,0.73,0,0,3.1,Windy,19:45,1,1,1
M0153,Brighton,Everton,2.04,1.73,1.13,1.69,1.21,1.45,0.33,0.45,5,5,1.03,0.86,1.06,1.0,Low,High,1,3,7,552,0.51,1,4,1.6,Clear,16:30,1,1,1
M0154,Newcastle,Manchester City,2.71,2.42,1.58,1.95,1.13,0.99,0.49,0.58,6,6,1.21,1.19,0.95,1.36,High,Medium,1,4,6,443,0.54,2,1,2.1,Clear,19:45,2,2,1
M0155,Liverpool,Burnley,3.0,1.29,2.14,0.79,0.98,1.3,0.57,0.21,7,1,1.21,0.86,1.22,0.79,High,High,1,4,4,353,0.46,2,4,2.4,Rainy,15:00,2,1,2
M0156,Stoke City,Fulham,2.28,2.19,1.02,1.31,1.98,1.43,0.4,0.38,4,3,0.85,1.1,0.81,0.89,High,High,1,7,5,189,0.64,0,0,2.8,Windy,19:45,2,1,2
M0157,Chelsea,Leicester City,1.92,1.82,2.27,0.82,1.11,1.65,0.75,0.35,6,2,1.2,0.83,1.06,0.81,Low,High,1,5,6,208,0.48,0,4,2.3,Clear,12:30,2,0,2
M0158,Liverpool,Crystal Palace,1.83,2.32,2.09,1.42,1.09,2.08,0.63,0.47,6,5,1.3,0.87,1.16,0.95,Medium,Low,1,4,3,306,0.65,4,3,3.2,Overcast,15:00,2,0,2
M0159,Bournemouth,Arsenal,1.79,2.73,1.85,1.65,1.39,1.14,0.58,0.46,5,5,0.78,1.35,0.97,1.27,Medium,Medium,1,6,5,296,0.43,4,4,3.3,Rainy,16:30,2,1,2
M0160,Leeds United,Sheffield Utd,1.7,1.9,1.23,0.89,1.8,1.74,0.35,0.21,4,1,0.8,0.82,0.78,0.75,High,Low,1,5,6,444,0.67,0,0,1.6,Overcast,16:30,1,1,1
M0161,West Ham,Southampton,1.64,1.23,1.11,1.24,1.3,2.03,0.4,0.37,4,4,1.0,0.75,1.08,0.75,High,High,1,3,3,95,0.72,3,4,1.3,Windy,19:45,1,1,1
M0162,West Ham,Southampton,2.16,1.96,1.74,0.92,1.47,1.99,0.52,0.26,6,3,0.94,0.75,0.93,0.86,Low,Medium,1,5,7,485,0.32,4,1,2.6,Windy,20:00,1,0,2
M0163,Wolverhampton,Burnley,1.34,1.13,1.67,0.94,1.64,1.87,0.5,0.35,5,3,0.79,0.82,0.92,0.85,Medium,Medium,1,6,6,336,0.25,3,2,2.6,Clear,19:45,1,1,1
M0164,Burnley,Wolverhampton,1.32,1.8,1.28,0.95,1.67,1.74,0.36,0.32,4,1,0.88,0.81,0.77,1.0,Low,Medium,1,3,4,169,0.39,3,4,2.2,Foggy,17:30,1,1,1
M0165,Chelsea,Luton Town,3.0,1.59,1.83,1.17,1.23,1.88,0.58,0.37,6,4,1.22,0.75,1.05,0.85,High,High,1,4,3,302,0.64,0,4,2.3,Overcast,14:00,2,2,1
M0166,Arsenal,Tottenham,2.93,1.97,1.48,1.94,1.18,1.95,0.49,0.69,6,6,1.3,1.23,1.38,1.05,High,Medium,1,7,7,155,0.38,2,1,2.0,Clear,14:00,0,0,1
M0167,Brighton,Leeds United,1.88,1.56,1.77,0.79,1.27,1.86,0.63,0.23,5,1,1.16,0.96,1.03,0.9,Medium,High,1,3,3,394,0.57,4,0,1.5,Overcast,16:30,3,1,2
M0168,Middlesbrough,Crystal Palace,1.69,1.31,1.47,1.59,1.68,1.66,0.51,0.45,4,5,0.84,0.9,0.85,0.97,Medium,High,1,7,7,194,0.28,1,3,1.9,Rainy,19:45,1,1,1
M0169,Southampton,Leicester City,1.29,1.74,1.76,1.19,1.85,1.58,0.53,0.28,5,3,0.75,0.86,0.75,0.79,High,Medium,1,3,3,565,0.58,0,1,1.6,Clear,15:00,2,1,2
M0170,Chelsea,Sheffield Utd,1.91,1.1,1.51,1.04,1.2,1.89,0.49,0.42,7,3,1.1,0.75,1.18,0.75,Medium,Medium,1,6,5,89,0.66,2,4,1.3,Clear,14:00,1,2,0
M0171,Leicester City,Liverpool,1.8,2.51,1.23,1.8,1.58,0.94,0.45,0.53,3,5,0.88,1.2,0.77,1.12,Medium,High,1,4,7,441,0.5,1,4,3.5,Windy,16:30,2,1,2
M0172,Fulham,Everton,1.28,1.97,1.62,1.01,1.55,1.86,0.45,0.37,5,2,0.79,0.99,0.95,0.88,High,High,1,4,5,36,0.4,1,1,3.2,Clear,14:00,2,0,2
M0173,West Ham,Luton Town,1.32,1.4,1.48,0.99,1.36,1.9,0.45,0.43,5,4,0.99,0.9,0.92,0.75,High,High,1,6,4,529,0.66,4,0,2.6,Rainy,12:30,1,0,2
M0174,Manchester City,Chelsea,2.75,1.99,2.29,1.38,1.2,1.21,0.72,0.33,8,3,1.27,1.12,1.37,1.17,High,Medium,1,5,7,256,0.33,3,3,2.9,Foggy,19:45,3,2,2
M0175,Everton,Tottenham,1.79,2.19,1.37,1.46,1.54,1.35,0.32,0.45,5,5,0.84,1.12,0.85,1.05,Medium,Medium,1,4,4,103,0.38,3,2,2.8,Foggy,12:30,2,2,1
M0176,Crystal Palace,Everton,1.84,2.02,1.23,0.85,1.67,1.78,0.43,0.18,3,2,1.0,0.9,0.88,0.84,Medium,High,1,3,4,181,0.68,2,0,2.0,Clear,16:30,1,1,1
M0177,Aston Villa,Middlesbrough,1.72,1.48,1.51,1.09,1.04,1.78,0.53,0.41,6,3,1.09,0.84,1.08,0.87,Medium,Medium,1,3,6,38,0.28,2,2,3.2,Clear,16:30,2,0,2
M0178,Brighton,Wolverhampton,1.32,1.62,1.91,1.03,1.32,1.58,0.64,0.47,5,3,1.26,0.96,0.99,0.96,Medium,High,1,5,5,339,0.37,4,2,3.1,Rainy,17:30,3,0,2
M0179,Arsenal,Luton Town,2.58,1.35,1.85,1.25,1.38,2.12,0.48,0.38,7,3,1.19,0.85,1.15,0.79,Medium,Medium,1,4,4,171,0.54,1,1,1.9,Foggy,15:00,0,2,0
M0180,Middlesbrough,Tottenham,1.26,1.64,1.38,1.57,1.43,1.24,0.47,0.59,5,5,0.77,1.35,0.88,1.08,Medium,Low,1,5,4,222,0.3,1,0,3.0,Foggy,19:45,1,2,0
M0181,Brighton,Southampton,2.01,2.08,1.43,1.36,1.16,1.86,0.37,0.36,3,5,1.04,0.82,1.03,0.8,Medium,High,1,5,6,257,0.62,1,1,1.4,Windy,14:00,1,1,1
M0182,Nottingham Forest,Brighton,1.0,2.25,1.03,1.11,1.63,1.19,0.39,0.31,2,3,0.89,1.06,0.92,1.08,Low,Low,1,4,7,580,0.45,0,4,2.1,Clear,15:00,1,2,0
M0183,Brentford,Fulham,1.39,1.86,1.49,1.22,1.39,1.52,0.49,0.32,5,3,1.03,0.79,0.94,0.89,Medium,Medium,1,4,6,236,0.69,0,2,1.9,Overcast,20:00,1,1,1
M0184,Watford,Nottingham Forest,1.38,1.49,1.18,0.78,2.08,1.62,0.41,0.31,4,2,0.75,1.04,0.82,0.82,High,Medium,1,3,6,345,0.4,3,2,2.6,Clear,15:00,1,1,1
M0185,Middlesbrough,West Ham,2.02,1.87,0.88,1.33,1.56,1.32,0.29,0.5,2,4,0.85,1.01,0.86,0.93,Medium,Low,1,4,3,219,0.32,2,0,1.5,Clear,20:00,0,1,0
M0186,Fulham,Manchester City,2.16,2.56,1.68,2.09,1.3,0.91,0.43,0.59,6,7,0.82,1.26,0.99,1.32,Medium,Medium,1,3,6,593,0.28,3,1,1.5,Rainy,16:30,1,2,0
M0187,Watford,Aston Villa,1.35,1.86,1.24,1.08,2.04,1.35,0.33,0.21,5,3,0.78,1.06,0.75,1.0,Medium,High,1,7,6,562,0.61,3,3,3.1,Foggy,15:00,1,0,2
M0188,Arsenal,Tottenham,2.86,2.15,2.34,1.82,1.4,0.6,0.68,0.59,6,5,1.33,1.15,1.19,1.23,High,Medium,1,5,3,146,0.59,2,3,2.9,Foggy,12:30,2,1,2
M0189,Fulham,Watford,1.31,1.55,1.65,1.11,1.66,1.99,0.6,0.25,4,4,1.0,0.82,0.83,0.77,Medium,Medium,1,3,4,369,0.65,2,0,3.4,Rainy,14:00,3,2,2
M0190,Southampton,Burnley,1.76,1.08,1.01,1.31,2.05,1.53,0.3,0.36,4,4,0.76,0.84,0.75,0.86,High,High,1,3,5,68,0.64,0,3,2.4,Windy,19:45,1,2,0
M0191,Bournemouth,Middlesbrough,1.83,1.3,1.16,1.5,2.17,2.07,0.2,0.45,4,5,0.76,0.96,0.89,0.86,High,Low,1,3,5,508,0.69,0,4,3.0,Rainy,12:30,1,1,1
M0192,Aston Villa,Crystal Palace,2.08,2.02,1.28,1.15,1.29,1.44,0.41,0.38,5,3,1.18,1.01,0.98,0.88,Low,Low,1,7,4,205,0.29,4,2,2.4,Clear,15:00,3,1,2
M0193,Chelsea,Tottenham,2.03,2.18,1.56,1.74,1.47,1.13,0.46,0.48,5,6,1.24,1.28,1.15,1.06,Low,Medium,1,7,4,125,0.66,3,0,2.2,Windy,17:30,1,2,0
M0194,Sheffield Utd,West Ham,1.74,1.63,1.09,0.97,2.02,1.07,0.32,0.31,3,3,0.75,1.03,0.75,0.86,High,High,1,3,5,599,0.57,2,4,2.3,Foggy,17:30,1,1,1
M0195,Newcastle,Leicester City,1.74,1.81,1.87,0.82,1.39,1.52,0.6,0.18,6,4,1.28,0.96,0.98,0.78,Medium,Medium,1,7,3,485,0.34,3,0,2.6,Foggy,14:00,2,0,2
M0196,Southampton,Watford,1.74,1.6,1.48,1.33,1.84,1.44,0.46,0.32,4,4,0.75,0.77,0.82,0.95,High,Medium,1,5,6,382,0.75,4,0,2.6,Foggy,17:30,2,0,2
M0197,Chelsea,Everton,3.0,1.06,2.18,1.21,1.35,1.6,0.67,0.39,6,4,1.11,0.84,1.07,0.93,High,High,1,4,4,598,0.44,2,3,1.6,Overcast,15:00,3,1,2
M0198,Tottenham,Middlesbrough,2.51,1.16,1.92,1.1,1.54,2.02,0.68,0.24,6,2,1.09,0.8,0.96,0.88,Medium,High,1,6,7,37,0.54,1,4,1.8,Foggy,19:45,1,2,0
M0199,Luton Town,Bournemouth,1.39,1.4,0.86,1.19,2.08,1.96,0.44,0.35,3,3,0.95,0.96,0.84,0.88,Medium,Low,1,3,7,349,0.56,2,4,3.0,Windy,17:30,0,1,0
M0200,Stoke City,Fulham,0.56,2.25,1.32,1.08,2.2,1.63,0.41,0.24,4,3,0.76,0.99,1.0,1.01,Low,Medium,1,5,6,114,0.31,0,2,1.8,Foggy,16:30,1,2,0
M0201,Stoke City,Liverpool,0.76,1.81,1.23,1.32,1.77,1.24,0.39,0.37,4,5,1.04,1.35,0.87,1.21,Low,Low,1,6,6,273,0.58,1,1,2.5,Rainy,12:30,0,0,1
M0202,Liverpool,Chelsea,2.54,2.51,1.88,1.95,1.16,1.0,0.51,0.67,6,6,1.31,1.19,1.31,1.1,Medium,Low,1,3,3,574,0.57,3,4,3.3,Rainy,16:30,1,3,0
M0203,West Ham,Leeds United,1.45,1.31,1.5,0.94,1.31,1.46,0.38,0.28,5,3,1.03,0.85,1.04,0.84,Medium,Medium,1,5,4,320,0.38,0,0,2.6,Clear,19:45,1,0,2
M0204,Sheffield Utd,Leeds United,2.13,2.23,1.5,1.28,1.68,2.0,0.4,0.31,5,4,0.81,0.91,0.75,0.78,Medium,Low,1,6,5,293,0.33,0,2,3.0,Windy,17:30,1,1,1
M0205,West Ham,Newcastle,1.4,2.19,1.89,1.31,1.57,1.55,0.65,0.49,6,5,1.13,1.05,0.99,1.08,Medium,High,1,6,3,539,0.32,0,0,2.7,Rainy,15:00,1,0,2
M0206,Luton Town,Arsenal,0.5,2.21,0.97,1.68,2.07,0.88,0.32,0.45,5,5,0.84,1.2,0.75,1.14,Medium,Medium,1,6,3,122,0.43,2,0,3.1,Rainy,20:00,1,3,0
M0207,Everton,Watford,1.9,2.07,1.72,0.87,1.56,1.87,0.47,0.2,6,3,0.91,0.75,0.85,0.79,Medium,High,1,7,6,46,0.27,0,2,3.0,Clear,17:30,3,2,2
M0208,Leeds United,Leicester City,0.95,1.72,1.42,1.03,1.37,1.51,0.47,0.33,4,2,0.87,0.86,0.79,0.79,High,High,1,5,3,497,0.56,4,0,3.1,Clear,12:30,0,1,0
M0209,Brighton,Manchester City,2.09,2.03,1.94,1.1,1.31,0.95,0.68,0.33,7,4,1.12,1.22,0.97,1.24,High,High,1,6,4,408,0.53,3,1,3.3,Clear,15:00,3,2,2
M0210,Sheffield Utd,Everton,1.42,1.6,1.18,1.21,1.96,1.69,0.29,0.27,3,4,0.8,0.81,0.77,0.99,Medium,Medium,1,4,7,68,0.55,3,4,3.4,Rainy,16:30,0,1,0
M0211,Aston Villa,Liverpool,3.0,2.25,1.34,1.35,1.6,1.13,0.33,0.44,4,4,1.13,1.33,1.14,1.09,Medium,High,1,3,3,402,0.39,3,2,2.0,Windy,12:30,1,1,1
M0212,Burnley,Newcastle,1.57,2.1,1.21,1.45,1.81,1.56,0.32,0.42,4,3,0.84,1.16,0.81,1.12,Medium,High,1,4,3,512,0.54,0,3,1.5,Foggy,17:30,2,2,1
M0213,Nottingham Forest,Middlesbrough,1.75,1.9,1.37,1.34,1.92,1.8,0.42,0.44,4,4,0.9,0.8,0.84,0.86,Medium,Low,1,4,7,596,0.68,0,3,3.2,Windy,14:00,2,1,2
M0214,Nottingham Forest,West Ham,2.04,1.87,1.53,1.19,1.54,1.53,0.6,0.31,6,3,0.88,1.03,0.98,0.96,Medium,Medium,1,6,6,130,0.48,1,0,2.5,Clear,20:00,1,0,2
M0215,Tottenham,Everton,1.91,2.23,2.02,1.36,1.2,1.91,0.69,0.34,7,4,1.17,0.77,0.98,0.96,Medium,Medium,1,3,3,424,0.7,2,4,1.3,Windy,14:00,2,3,0
M0216,Burnley,Sheffield Utd,1.71,0.73,1.75,1.27,1.78,1.86,0.63,0.36,6,4,0.77,0.86,0.77,0.78,Medium,High,1,4,4,372,0.37,0,3,2.9,Foggy,14:00,2,1,2
M0217,Stoke City,Brighton,1.09,2.72,0.99,1.4,2.03,1.45,0.24,0.45,4,3,0.75,1.05,0.84,0.97,Medium,Medium,1,3,4,498,0.29,3,1,1.9,Clear,12:30,1,2,0
M0218,Tottenham,Leicester City,2.23,1.79,1.83,1.12,1.04,1.88,0.63,0.32,5,4,1.2,0.88,1.24,0.85,Low,Medium,1,5,6,381,0.58,2,3,2.6,Foggy,14:00,1,1,1
M0219,Luton Town,Tottenham,1.71,1.87,1.28,1.32,1.76,1.42,0.42,0.38,4,6,0.77,1.12,0.75,1.08,High,Medium,1,4,4,273,0.31,2,4,1.5,Rainy,16:30,2,2,1
M0220,Chelsea,Watford,2.01,1.83,1.64,1.3,1.34,1.95,0.56,0.37,5,4,1.13,0.85,1.27,0.79,Low,High,1,5,6,326,0.73,4,1,3.0,Windy,16:30,1,0,2
M0221,Chelsea,Newcastle,2.07,1.84,2.2,1.51,1.28,1.52,0.64,0.54,7,5,1.23,0.99,1.15,1.1,Low,Medium,1,3,7,433,0.35,2,4,2.6,Clear,20:00,2,2,1
M0222,Wolverhampton,Crystal Palace,1.61,1.75,1.31,1.41,1.39,1.67,0.43,0.56,4,3,0.88,0.97,0.85,0.75,Medium,Medium,1,7,7,118,0.32,2,3,3.5,Foggy,16:30,3,2,2
M0223,Middlesbrough,Everton,1.9,1.89,1.56,1.08,1.45,1.5,0.48,0.3,5,4,0.84,0.92,0.89,0.75,High,Medium,1,6,4,57,0.65,1,2,1.9,Windy,12:30,1,0,2
M0224,Wolverhampton,Newcastle,1.05,2.05,1.43,1.58,1.52,1.97,0.53,0.53,4,4,1.0,1.04,0.75,1.08,High,Medium,1,7,3,295,0.33,0,1,1.9,Overcast,16:30,2,2,1
M0225,Wolverhampton,Leeds United,1.98,1.33,1.35,1.4,1.85,1.67,0.42,0.4,5,5,0.76,0.81,0.93,0.75,High,Medium,1,5,3,577,0.54,1,0,1.5,Rainy,16:30,1,1,1
M0226,Newcastle,Liverpool,2.11,2.8,1.95,1.3,1.05,1.04,0.72,0.37,6,3,1.15,1.22,1.1,1.21,High,High,1,5,5,401,0.32,3,4,2.4,Rainy,15:00,2,1,2
M0227,Liverpool,West Ham,2.77,2.28,1.93,1.13,1.29,2.02,0.51,0.4,6,3,1.22,1.03,1.24,0.99,Medium,Medium,1,6,3,289,0.27,2,0,2.9,Clear,19:45,2,3,0
M0228,Newcastle,Watford,1.91,1.63,2.07,0.59,1.51,1.75,0.68,0.24,7,1,1.09,0.81,1.05,0.78,High,High,1,5,4,580,0.25,0,1,3.3,Windy,16:30,2,0,2
M0229,Leeds United,Liverpool,1.69,2.68,1.19,1.81,1.78,1.25,0.4,0.56,4,6,0.86,1.18,0.79,1.23,High,High,1,5,6,349,0.59,3,1,2.5,Rainy,14:00,0,2,0
M0230,Bournemouth,Watford,1.54,1.54,1.19,0.75,1.51,1.95,0.36,0.21,3,3,1.01,0.81,0.87,0.76,Medium,High,1,4,7,443,0.31,3,3,1.8,Foggy,19:45,1,2,0
M0231,Southampton,Everton,1.11,2.14,1.98,0.98,1.72,1.6,0.58,0.31,6,3,0.84,0.92,0.77,0.75,Medium,High,1,4,6,364,0.33,4,4,1.4,Clear,20:00,2,0,2
M0232,Nottingham Forest,Aston Villa,1.49,2.43,1.08,1.42,1.76,1.13,0.44,0.45,5,4,0.96,1.16,0.91,0.98,High,High,1,5,4,533,0.47,2,3,2.3,Clear,19:45,1,0,2
M0233,Leeds United,Burnley,1.12,1.31,1.5,0.86,1.58,1.93,0.55,0.25,3,4,0.84,0.86,0.95,0.84,High,Medium,1,3,5,419,0.3,2,2,2.1,Clear,20:00,1,1,1
M0234,Brentford,Sheffield Utd,2.33,1.71,1.63,0.92,1.62,2.14,0.59,0.31,4,3,0.99,0.79,0.93,0.75,High,Medium,1,5,7,130,0.65,0,1,2.0,Foggy,14:00,2,0,2
M0235,Sheffield Utd,Brentford,1.12,2.12,0.72,1.31,2.01,1.13,0.2,0.4,5,5,0.75,1.03,0.75,0.91,Low,High,1,5,5,98,0.53,4,3,2.2,Rainy,14:00,2,2,1
M0236,Leicester City,Brentford,1.11,2.0,1.43,1.54,1.57,1.34,0.45,0.44,6,5,0.94,0.92,0.87,1.15,Medium,Medium,1,7,7,474,0.72,0,4,1.7,Windy,15:00,2,2,1
M0237,Middlesbrough,Brentford,1.78,1.46,1.68,0.88,1.49,1.21,0.52,0.32,6,4,0.87,1.06,0.83,0.97,Medium,High,1,6,7,476,0.46,0,1,1.6,Overcast,12:30,2,2,1
M0238,Leeds United,Burnley,1.88,2.21,1.6,1.03,2.16,1.84,0.57,0.36,6,2,0.79,0.88,0.79,0.77,Low,Medium,1,4,4,144,0.54,4,0,2.4,Foggy,14:00,2,1,2
M0239,Manchester City,West Ham,1.87,1.43,1.91,1.76,1.08,1.11,0.59,0.41,6,6,1.36,1.08,1.15,1.06,High,Medium,1,3,5,588,0.46,1,2,3.2,Overcast,16:30,1,2,0
M0240,Brentford,Arsenal,1.27,1.62,1.95,1.75,1.52,1.11,0.68,0.5,6,6,0.92,1.18,1.05,1.15,Medium,High,1,6,6,38,0.7,3,2,1.9,Overcast,16:30,2,3,0
M0241,Nottingham Forest,Leeds United,1.32,2.2,1.12,0.76,1.65,1.85,0.36,0.18,3,1,0.86,0.92,0.89,0.79,High,High,1,3,5,460,0.55,4,2,2.2,Clear,14:00,2,1,2
M0242,Southampton,Nottingham Forest,1.53,1.41,0.99,1.38,1.8,1.74,0.35,0.49,5,4,0.83,0.75,0.75,0.75,High,Medium,1,4,5,207,0.59,2,2,1.7,Windy,16:30,2,3,0
M0243,Luton Town,Brighton,1.53,1.96,0.92,1.28,1.89,1.47,0.24,0.41,3,4,0.75,1.01,0.88,1.19,High,Medium,1,3,7,475,0.64,3,3,1.5,Overcast,15:00,2,1,2
M0244,West Ham,Fulham,1.83,1.37,1.43,1.35,1.55,1.89,0.44,0.38,5,5,1.24,1.02,0.98,1.02,High,Medium,1,6,3,40,0.48,2,3,2.8,Windy,20:00,0,2,0
M0245,Manchester City,Tottenham,2.31,2.02,2.35,1.38,0.94,1.52,0.68,0.33,7,3,1.4,1.15,1.12,1.24,Medium,High,1,7,3,213,0.38,4,3,3.3,Windy,15:00,3,2,2
M0246,Wolverhampton,Tottenham,1.63,2.42,1.72,1.46,1.79,1.28,0.49,0.5,6,4,1.01,0.99,0.79,1.08,High,Medium,1,6,4,599,0.68,3,0,1.6,Clear,15:00,2,2,1
M0247,Newcastle,Stoke City,1.82,1.5,1.97,0.87,0.78,2.07,0.55,0.24,7,3,1.16,0.87,1.08,0.83,Low,Medium,1,5,7,247,0.54,0,4,3.0,Overcast,17:30,2,0,2
M0248,Bournemouth,Watford,1.88,1.69,1.21,1.77,1.84,1.94,0.4,0.54,4,5,0.76,0.86,0.75,0.8,High,Medium,1,5,3,493,0.41,4,1,1.7,Clear,14:00,1,1,1
M0249,Chelsea,Middlesbrough,3.0,1.97,1.67,1.29,1.48,2.2,0.53,0.38,6,3,1.21,0.8,1.14,0.75,High,Medium,1,6,5,164,0.43,0,2,2.4,Windy,17:30,2,1,2
M0250,Luton Town,Southampton,0.84,1.79,1.37,0.75,1.68,1.91,0.48,0.25,4,2,0.78,0.78,0.75,0.78,Medium,High,1,6,3,519,0.4,1,2,3.1,Foggy,17:30,1,1,1
M0251,Manchester City,Chelsea,1.95,2.12,1.85,1.71,1.04,0.89,0.52,0.59,6,5,1.34,1.11,1.32,0.99,High,Medium,1,5,5,495,0.63,3,4,3.1,Rainy,14:00,2,1,2
M0252,Manchester City,Middlesbrough,2.74,1.51,1.97,0.88,1.31,1.77,0.7,0.28,6,3,1.28,0.75,1.27,0.75,Low,Medium,1,6,5,119,0.31,0,1,1.5,Clear,20:00,3,1,2
M0253,Aston Villa,Leicester City,1.64,1.1,1.38,1.27,1.4,1.6,0.41,0.46,4,4,1.12,0.91,0.98,0.75,Medium,Low,1,7,4,236,0.4,3,0,2.0,Clear,20:00,2,1,2
M0254,Wolverhampton,Leicester City,1.61,1.03,1.23,1.06,1.4,1.74,0.31,0.28,3,2,0.79,0.88,0.79,0.81,High,High,1,6,6,149,0.5,2,3,2.8,Clear,15:00,1,1,1
M0255,Crystal Palace,Bournemouth,1.74,1.86,1.66,1.02,1.27,1.47,0.5,0.29,5,4,1.1,0.84,0.84,0.75,Medium,Medium,1,4,7,242,0.39,0,3,1.5,Overcast,15:00,1,1,1
M0256,Wolverhampton,Leicester City,1.57,1.82,1.47,1.14,1.77,1.6,0.52,0.45,5,3,1.0,0.9,0.84,0.8,High,High,1,5,5,77,0.64,4,2,3.3,Foggy,19:45,1,0,2
M0257,Nottingham Forest,Bournemouth,2.27,1.43,1.83,1.07,1.36,1.45,0.63,0.38,5,3,0.94,0.92,0.77,0.93,Medium,Medium,1,6,3,187,0.57,2,1,1.5,Overcast,17:30,3,1,2
M0258,Arsenal,West Ham,2.53,1.45,1.95,1.48,1.14,1.79,0.53,0.5,6,6,1.14,0.99,1.27,1.03,Low,Low,1,7,5,60,0.47,0,4,3.4,Clear,16:30,1,3,0
M0259,Newcastle,Nottingham Forest,2.64,1.87,1.54,0.87,1.4,1.63,0.41,0.2,4,2,1.1,0.98,1.02,0.76,High,Medium,1,5,3,316,0.7,4,1,2.8,Windy,20:00,2,2,1
M0260,Sheffield Utd,Leeds United,1.06,1.66,1.35,0.77,1.99,1.36,0.48,0.28,3,3,0.85,0.78,0.75,0.79,Medium,High,1,5,4,53,0.26,4,4,1.8,Rainy,20:00,0,1,0
M0261,Stoke City,Chelsea,1.63,1.9,1.13,1.55,1.87,0.77,0.28,0.51,4,5,0.82,1.33,0.75,1.08,Low,Medium,1,7,4,388,0.4,4,1,2.8,Foggy,20:00,1,2,0
M0262,Luton Town,Aston Villa,1.61,1.64,1.56,1.66,1.91,1.29,0.6,0.56,4,5,0.75,1.17,0.75,0.99,Medium,High,1,6,6,480,0.59,3,3,3.1,Overcast,19:45,2,2,1
M0263,Tottenham,Stoke City,1.58,1.42,1.69,0.79,1.42,1.88,0.4,0.2,7,3,1.21,0.86,1.07,0.86,High,High,1,5,5,331,0.49,1,1,3.0,Windy,12:30,2,1,2
M0264,Brentford,Aston Villa,2.07,2.58,1.86,1.43,1.56,1.39,0.53,0.45,5,5,0.89,1.21,0.97,1.01,High,Medium,1,6,6,182,0.68,2,0,3.0,Foggy,17:30,1,2,0
M0265,Fulham,Luton Town,2.34,1.61,1.33,1.11,1.63,1.94,0.5,0.36,4,3,0.91,0.75,1.1,0.86,Medium,Medium,1,7,7,223,0.63,4,0,1.5,Foggy,15:00,2,1,2
M0266,Aston Villa,West Ham,2.35,1.17,1.61,1.28,1.19,1.43,0.44,0.36,6,4,1.11,1.04,0.97,0.96,High,Low,1,7,4,322,0.32,2,0,1.6,Windy,20:00,2,2,1
M0267,Fulham,Newcastle,1.9,2.04,1.35,1.6,1.38,1.43,0.34,0.58,5,5,0.98,1.01,0.8,1.07,Medium,High,1,3,5,505,0.53,0,3,1.3,Overcast,12:30,1,3,0
M0268,Leeds United,Liverpool,1.54,2.85,1.36,1.48,1.69,1.2,0.39,0.43,5,4,0.99,1.29,0.75,1.22,Low,Medium,1,3,6,326,0.58,1,0,1.3,Windy,16:30,0,1,0
M0269,Everton,Crystal Palace,1.83,1.48,1.55,1.06,1.74,1.79,0.5,0.34,4,2,0.88,0.75,0.92,0.86,Medium,Low,1,5,5,493,0.39,2,2,1.7,Foggy,16:30,2,1,2
M0270,Southampton,Arsenal,1.45,2.28,1.43,1.67,1.54,1.07,0.38,0.52,6,6,0.76,1.2,0.89,1.12,Medium,High,1,6,7,396,0.44,0,0,2.3,Overcast,17:30,3,2,2
M0271,Middlesbrough,West Ham,1.28,1.27,1.5,1.76,1.49,1.21,0.5,0.71,5,5,0.75,1.03,0.81,0.96,Low,Medium,1,3,5,542,0.5,4,1,2.7,Foggy,20:00,1,1,1
M0272,Manchester City,Sheffield Utd,2.53,1.51,2.07,1.34,1.14,2.16,0.65,0.38,6,2,1.32,0.75,1.28,0.84,Medium,Low,1,3,5,472,0.67,3,2,1.5,Foggy,17:30,1,1,1
M0273,Chelsea,Middlesbrough,2.21,1.87,1.62,1.25,1.38,1.75,0.57,0.43,6,4,1.28,0.85,1.19,0.84,High,High,1,3,3,521,0.47,0,4,3.0,Rainy,14:00,2,1,2
M0274,Brighton,Crystal Palace,2.31,1.06,1.49,1.21,1.63,1.7,0.44,0.39,4,4,1.26,0.92,0.91,1.02,Medium,Medium,1,3,6,86,0.4,3,0,1.4,Clear,19:45,3,2,2
M0275,Everton,Liverpool,1.37,2.06,1.73,1.36,1.46,1.0,0.47,0.44,5,4,0.86,1.2,0.98,1.25,Medium,High,1,3,7,99,0.55,1,4,1.5,Foggy,16:30,1,2,0
M0276,Sheffield Utd,Nottingham Forest,1.49,1.82,1.33,1.21,1.72,1.55,0.38,0.33,3,3,0.83,0.97,0.75,0.81,Low,Medium,1,4,3,273,0.5,4,0,2.2,Overcast,15:00,1,1,1
M0277,Manchester City,Crystal Palace,2.6,2.13,1.99,0.97,0.97,1.21,0.57,0.28,6,4,1.4,1.05,1.36,0.85,Low,Medium,1,4,6,248,0.37,2,3,1.7,Overcast,14:00,2,1,2
M0278,Manchester City,Everton,2.62,1.71,2.05,1.37,0.82,1.44,0.65,0.43,7,5,1.4,0.85,1.23,0.97,High,High,1,5,3,51,0.67,1,3,2.7,Clear,16:30,3,1,2
M0279,Brighton,Everton,2.16,1.13,2.31,0.96,1.8,1.61,0.73,0.28,9,4,1.09,0.88,0.97,0.94,Medium,Low,1,4,3,223,0.68,2,1,2.0,Clear,20:00,3,0,2
M0280,Leicester City,Sheffield Utd,1.77,1.22,1.59,1.15,1.69,1.86,0.39,0.35,5,3,0.78,0.78,0.79,0.81,Medium,Medium,1,6,6,304,0.54,4,0,1.7,Overcast,17:30,2,1,2
M0281,Brentford,Nottingham Forest,2.2,1.28,1.77,1.07,1.4,1.63,0.6,0.36,5,4,0.89,0.92,0.87,0.9,Medium,Low,1,5,5,421,0.26,3,1,1.8,Clear,16:30,2,1,2
M0282,Leicester City,Burnley,1.41,1.47,1.32,1.27,1.86,1.91,0.36,0.38,4,3,0.87,0.75,0.86,0.76,Medium,High,1,7,5,38,0.64,2,2,3.0,Windy,17:30,2,0,2
M0283,Arsenal,Leicester City,1.62,0.57,2.46,0.98,1.22,2.04,0.77,0.35,7,2,1.14,0.9,1.2,0.86,Low,Medium,1,6,4,479,0.47,4,0,2.1,Foggy,14:00,3,2,2
M0284,Arsenal,Leicester City,2.58,0.86,1.84,1.35,1.09,1.54,0.58,0.35,6,4,1.32,0.75,1.33,0.99,High,Medium,1,7,7,430,0.74,1,3,1.3,Windy,15:00,1,1,1
M0285,Nottingham Forest,Leeds United,1.76,1.42,1.65,1.3,1.97,1.83,0.47,0.41,7,5,0.89,0.91,0.84,0.78,High,Medium,1,4,5,450,0.45,0,1,2.4,Windy,20:00,3,2,2
M0286,Aston Villa,Tottenham,2.22,1.82,1.86,1.16,1.51,1.52,0.56,0.4,6,3,1.17,1.38,0.9,1.14,Medium,High,1,5,7,532,0.48,4,0,2.9,Rainy,20:00,2,1,2
M0287,Watford,Stoke City,1.6,1.07,1.5,0.62,1.7,1.92,0.42,0.18,4,3,0.82,0.78,0.78,0.75,Low,High,1,7,5,98,0.6,1,3,2.1,Foggy,12:30,2,1,2
M0288,Liverpool,Burnley,2.38,1.16,1.83,1.15,0.93,1.78,0.65,0.4,6,3,1.3,0.75,1.23,0.81,High,Low,1,5,6,526,0.48,0,4,2.7,Windy,15:00,1,1,1
M0289,Newcastle,Aston Villa,2.3,1.52,1.79,1.55,1.33,1.24,0.55,0.47,6,6,1.18,1.21,1.14,0.98,Medium,High,1,7,3,429,0.6,3,0,2.6,Clear,14:00,1,2,0
M0290,Brighton,Everton,2.17,1.53,1.73,1.21,1.76,1.65,0.53,0.36,6,4,1.14,0.83,1.02,0.86,Medium,Low,1,5,7,224,0.56,4,3,3.4,Clear,15:00,2,2,1
M0291,Newcastle,Arsenal,1.73,2.51,1.52,1.84,1.68,1.32,0.44,0.52,5,6,1.09,1.38,1.1,1.21,Medium,Low,1,7,4,287,0.73,4,2,3.5,Windy,20:00,2,1,2
M0292,Tottenham,Crystal Palace,2.38,2.31,1.52,0.6,1.27,1.51,0.6,0.2,4,2,1.15,0.86,1.09,0.89,High,Medium,1,3,5,272,0.62,1,4,1.4,Overcast,16:30,1,1,1
M0293,Everton,Aston Villa,1.49,1.75,1.33,0.69,1.23,1.51,0.45,0.25,4,2,0.95,1.02,0.93,0.92,High,Medium,1,5,4,240,0.52,1,1,2.6,Windy,19:45,1,1,1
M0294,Arsenal,Liverpool,2.41,2.23,2.11,2.02,1.26,1.26,0.72,0.67,8,4,1.28,1.33,1.21,1.17,Medium,High,1,4,7,284,0.4,4,3,3.4,Overcast,16:30,2,1,2
M0295,Crystal Palace,Wolverhampton,1.39,1.97,1.17,1.36,1.47,1.68,0.43,0.4,4,3,1.1,1.01,0.87,0.97,Medium,High,1,6,6,343,0.48,3,4,2.6,Clear,16:30,2,2,1
M0296,Tottenham,Brighton,2.87,1.96,1.75,1.16,1.13,1.51,0.46,0.42,5,4,1.18,1.08,1.28,0.86,High,Low,1,4,4,476,0.73,2,4,2.8,Rainy,20:00,2,1,2
M0297,Wolverhampton,Middlesbrough,1.67,2.0,1.63,1.01,1.62,1.7,0.49,0.28,4,2,0.96,0.91,0.77,0.76,High,High,1,3,6,437,0.6,0,4,3.3,Windy,15:00,2,0,2
M0298,Brentford,Burnley,2.37,1.39,1.39,1.24,1.15,2.0,0.43,0.36,4,3,0.98,0.88,0.95,0.75,Medium,High,1,4,6,31,0.3,3,4,2.2,Rainy,20:00,1,1,1
M0299,Newcastle,Stoke City,2.32,1.8,1.62,1.05,1.21,1.8,0.53,0.42,5,3,1.28,0.79,0.9,0.83,High,Medium,1,3,5,117,0.44,2,0,2.0,Foggy,15:00,0,1,0
M0300,Liverpool,Arsenal,2.96,2.55,2.35,1.68,1.24,1.16,0.72,0.52,6,4,1.31,1.09,1.16,1.23,Medium,Medium,1,5,5,275,0.72,3,3,2.6,Rainy,14:00,2,2,1
M0301,Nottingham Forest,Stoke City,1.0,1.9,1.45,1.03,1.84,2.02,0.54,0.29,5,4,0.84,0.75,0.75,0.76,High,Medium,1,5,3,398,0.69,2,3,1.7,Windy,17:30,1,0,2
M0302,Crystal Palace,Nottingham Forest,2.59,1.26,1.11,1.22,1.55,1.58,0.28,0.43,3,2,1.05,0.8,0.9,0.84,Medium,High,1,7,6,202,0.7,0,3,2.7,Overcast,15:00,1,2,0
M0303,Leeds United,Stoke City,1.89,1.69,1.29,0.91,2.15,1.67,0.4,0.24,4,4,0.88,0.79,0.87,0.84,Medium,High,1,5,4,96,0.57,3,3,2.7,Foggy,14:00,1,1,1
M0304,West Ham,Liverpool,1.79,2.53,1.4,1.97,1.65,1.6,0.41,0.6,4,7,1.01,1.23,0.93,1.21,Medium,Medium,1,5,4,562,0.58,4,1,1.4,Clear,19:45,2,1,2
M0305,Brentford,Brighton,1.36,1.94,1.44,1.32,1.32,1.08,0.42,0.33,4,6,1.19,1.27,0.93,0.94,Low,Medium,1,6,3,371,0.33,1,1,2.8,Clear,14:00,2,0,2
M0306,Stoke City,Everton,1.23,2.37,1.38,1.13,2.05,1.64,0.37,0.38,4,4,0.93,0.99,0.75,1.06,Medium,Medium,1,3,4,361,0.63,4,0,3.2,Rainy,17:30,1,0,2
M0307,Nottingham Forest,Stoke City,0.77,1.55,1.51,1.49,1.76,2.13,0.39,0.55,6,5,0.95,0.75,0.97,0.76,High,High,1,5,6,213,0.72,0,4,2.7,Foggy,17:30,2,1,2
M0308,Everton,Brighton,1.96,2.01,1.06,1.43,1.89,1.31,0.26,0.51,4,3,0.96,0.92,0.85,0.97,Medium,Medium,1,3,3,114,0.31,4,1,1.3,Foggy,19:45,0,2,0
M0309,Liverpool,Sheffield Utd,2.53,1.82,1.85,0.8,1.07,1.88,0.69,0.3,6,2,1.31,0.77,1.14,0.75,Low,Medium,1,7,7,581,0.61,0,1,3.4,Clear,15:00,3,0,2
M0310,Arsenal,Luton Town,1.98,1.55,2.3,1.12,1.12,1.8,0.71,0.45,8,4,1.22,1.0,1.32,0.95,Medium,High,1,3,7,330,0.58,3,1,2.5,Rainy,19:45,4,0,2
M0311,Sheffield Utd,Burnley,0.79,1.47,1.17,1.03,2.03,1.81,0.39,0.29,4,4,0.75,0.8,0.75,0.75,Medium,High,1,4,6,497,0.29,2,3,3.4,Overcast,19:45,1,2,0
M0312,West Ham,Leeds United,1.75,1.28,1.33,1.37,1.59,1.52,0.38,0.44,5,4,1.13,0.87,1.01,0.83,High,Medium,1,3,5,121,0.43,2,2,1.5,Overcast,16:30,2,1,2
M0313,Brighton,Wolverhampton,2.61,1.45,1.89,1.41,1.58,1.44,0.6,0.41,5,5,1.07,0.98,1.05,0.89,High,Medium,1,4,5,574,0.53,3,3,2.6,Rainy,12:30,1,0,2
M0314,Leeds United,Tottenham,1.85,2.47,1.26,2.05,1.64,1.16,0.41,0.55,3,7,0.78,1.18,0.75,1.11,Low,Medium,1,4,5,119,0.72,3,2,3.1,Clear,12:30,1,0,2
M0315,Newcastle,Sheffield Utd,2.63,1.64,1.46,0.92,1.7,1.56,0.39,0.32,5,2,0.84,0.75,1.16,0.75,Medium,Medium,1,3,6,577,0.62,1,4,2.8,Clear,19:45,1,1,1
M0316,Middlesbrough,Leicester City,1.75,1.43,1.24,1.23,1.71,1.78,0.35,0.38,5,4,0.79,0.75,0.91,0.75,High,Medium,1,5,4,32,0.62,4,3,1.7,Rainy,20:00,0,1,0
M0317,Nottingham Forest,Southampton,1.7,1.36,1.67,1.08,1.64,1.92,0.46,0.41,5,3,0.85,0.84,0.75,0.75,Medium,Low,1,3,4,286,0.36,3,2,1.9,Windy,15:00,1,1,1
M0318,Nottingham Forest,Watford,1.75,1.29,1.23,1.29,1.41,2.12,0.39,0.44,5,4,0.89,0.75,0.88,0.83,Medium,Medium,1,5,3,461,0.49,3,1,1.9,Windy,19:45,1,0,2
M0319,Everton,Tottenham,1.82,2.19,1.59,1.51,1.27,1.3,0.5,0.56,4,6,0.92,1.06,0.86,1.18,Medium,High,1,4,7,221,0.37,0,2,3.5,Overcast,20:00,2,1,2
M0320,Watford,Liverpool,1.35,1.89,1.61,2.4,1.57,1.0,0.5,0.75,8,8,0.91,1.26,0.76,1.21,High,Medium,1,5,4,257,0.42,3,0,2.4,Clear,16:30,2,3,0
M0321,Crystal Palace,Stoke City,1.4,1.63,1.54,1.07,1.89,1.96,0.49,0.4,5,3,1.03,0.99,0.86,0.82,High,High,1,7,4,369,0.43,2,4,2.4,Rainy,15:00,1,1,1
M0322,Everton,Manchester City,1.83,2.29,1.44,1.63,1.24,0.88,0.42,0.47,4,3,1.02,1.38,0.81,1.36,Low,High,1,4,3,160,0.35,4,2,3.3,Foggy,16:30,2,1,2
M0323,Watford,Liverpool,1.62,2.26,0.78,1.97,1.77,1.15,0.2,0.56,3,6,0.75,1.24,0.75,1.11,Medium,Medium,1,7,3,199,0.47,4,3,2.5,Windy,17:30,0,1,0
M0324,Arsenal,Aston Villa,1.82,1.75,2.56,1.46,0.94,1.34,0.79,0.41,9,4,1.28,1.14,1.23,1.14,High,Medium,1,5,4,306,0.69,0,1,3.5,Overcast,19:45,3,2,2
M0325,Southampton,Sheffield Utd,1.82,1.34,1.76,0.84,1.82,2.03,0.59,0.23,7,2,0.89,0.78,0.77,0.75,High,High,1,7,3,421,0.72,2,4,2.5,Windy,15:00,1,1,1
M0326,Southampton,Everton,1.64,1.91,1.24,0.97,1.9,1.56,0.4,0.34,4,3,0.75,0.94,0.77,0.87,High,High,1,6,7,222,0.28,0,3,1.8,Windy,12:30,1,0,2
M0327,Middlesbrough,Arsenal,1.24,2.07,1.8,1.72,1.77,0.89,0.6,0.55,6,5,0.85,1.27,1.01,1.17,High,Medium,1,5,3,237,0.32,4,3,3.1,Rainy,16:30,1,2,0
M0328,Burnley,Stoke City,1.46,1.96,1.38,1.06,1.7,1.83,0.47,0.29,5,3,0.85,0.89,0.76,0.82,Low,Medium,1,3,6,203,0.75,1,0,3.4,Rainy,16:30,2,1,2
M0329,Crystal Palace,Manchester City,2.14,2.1,1.61,2.03,1.33,0.93,0.55,0.7,5,7,0.93,1.38,1.0,1.22,Low,Low,1,3,3,182,0.64,1,2,1.5,Windy,20:00,2,0,2
M0330,Manchester City,Tottenham,1.54,1.59,2.07,1.6,1.24,1.3,0.6,0.53,6,5,1.23,1.22,1.21,1.22,Medium,High,1,6,7,539,0.52,3,4,2.4,Overcast,17:30,3,2,2
M0331,Leicester City,Sheffield Utd,1.69,0.68,1.37,1.12,1.64,2.03,0.46,0.3,4,3,1.01,0.89,0.75,0.86,Medium,High,1,6,4,594,0.74,3,1,1.7,Overcast,12:30,1,1,1
M0332,Watford,Stoke City,1.9,1.97,1.2,0.81,1.9,1.88,0.31,0.22,3,2,0.86,0.85,0.79,0.78,Low,Medium,1,4,6,173,0.62,2,3,2.1,Rainy,17:30,1,0,2
M0333,Brentford,Liverpool,2.26,3.0,1.96,1.77,1.47,1.15,0.65,0.47,7,5,1.09,1.14,0.82,1.23,Medium,High,1,3,7,416,0.74,1,1,2.1,Clear,15:00,1,3,0
M0334,Burnley,Southampton,1.91,0.86,1.09,1.11,1.55,1.54,0.39,0.44,3,3,0.87,0.84,0.75,0.75,High,High,1,7,3,96,0.36,0,2,1.6,Overcast,20:00,2,1,2
M0335,Manchester City,Sheffield Utd,1.96,1.2,2.11,0.94,0.92,2.2,0.71,0.29,7,4,1.4,0.91,1.25,0.75,Medium,High,1,6,7,133,0.5,1,0,2.6,Windy,17:30,1,0,2
M0336,Brentford,Newcastle,2.06,2.38,1.63,1.38,1.42,0.93,0.54,0.35,5,4,1.09,1.1,0.93,0.95,Low,High,1,4,5,327,0.43,3,0,3.2,Windy,15:00,2,2,1
M0337,Manchester City,Newcastle,1.25,1.49,2.13,1.48,1.13,1.17,0.73,0.38,8,4,1.3,1.13,1.27,1.09,Medium,Medium,1,3,4,501,0.38,3,2,3.0,Windy,20:00,3,1,2
M0338,Luton Town,Bournemouth,2.21,1.78,0.84,1.43,1.97,1.65,0.2,0.53,3,4,0.76,0.79,0.75,1.0,Medium,Medium,1,3,4,38,0.33,0,2,2.1,Foggy,17:30,1,1,1
M0339,Nottingham Forest,Watford,1.99,1.74,1.06,0.66,1.58,1.83,0.31,0.18,5,1,0.92,0.9,0.75,1.03,Medium,Medium,1,6,3,315,0.48,4,1,3.4,Overcast,20:00,1,2,0
M0340,Sheffield Utd,Everton,2.08,1.95,1.38,0.54,1.95,1.75,0.53,0.18,4,2,0.8,0.97,0.75,0.92,Low,Medium,1,6,7,249,0.58,2,1,3.1,Clear,17:30,1,1,1
M0341,Newcastle,Brighton,1.77,2.28,1.36,1.46,1.5,1.65,0.37,0.53,4,4,1.14,0.97,1.17,1.08,Medium,High,1,5,3,184,0.7,1,3,3.2,Clear,14:00,2,1,2
M0342,Leicester City,Middlesbrough,2.0,1.56,1.41,1.01,1.22,1.91,0.47,0.34,5,3,0.82,0.85,0.77,0.87,Low,Low,1,7,3,409,0.66,0,2,3.3,Foggy,14:00,2,0,2
M0343,Southampton,Nottingham Forest,1.16,1.81,1.4,0.94,2.01,1.64,0.49,0.26,4,4,0.86,0.97,0.75,0.97,Medium,Medium,1,7,3,119,0.65,0,0,2.7,Foggy,17:30,2,2,1
M0344,Sheffield Utd,Burnley,1.76,1.77,1.15,1.06,1.87,1.99,0.37,0.39,3,4,0.75,0.85,0.91,0.76,Medium,Low,1,6,3,413,0.64,4,2,1.8,Rainy,16:30,2,0,2
M0345,Wolverhampton,Watford,1.7,2.35,1.39,1.1,1.74,1.97,0.48,0.24,4,3,1.16,0.77,0.89,1.0,High,Medium,1,3,7,469,0.31,3,1,2.1,Rainy,19:45,1,1,1
M0346,Watford,Tottenham,0.93,2.05,1.39,1.03,1.7,1.19,0.29,0.27,5,3,0.75,1.19,0.77,1.08,Medium,Low,1,3,7,421,0.26,1,3,2.7,Rainy,15:00,1,2,0
M0347,Brentford,Aston Villa,1.51,1.91,1.63,1.0,1.54,1.07,0.48,0.45,4,2,0.97,1.08,0.85,1.07,High,High,1,4,3,109,0.5,2,1,2.1,Windy,14:00,2,1,2
M0348,Southampton,Manchester City,1.58,2.83,1.54,1.53,1.72,1.15,0.44,0.6,4,4,0.84,1.32,0.75,1.34,Low,Medium,1,3,4,564,0.62,0,1,2.6,Foggy,12:30,0,1,0
M0349,Aston Villa,Everton,2.19,1.86,1.62,1.36,1.3,1.14,0.49,0.49,6,4,1.04,0.91,1.04,0.79,Medium,Medium,1,4,5,207,0.35,2,3,1.4,Foggy,16:30,2,2,1
M0350,Stoke City,Bournemouth,1.06,1.76,1.09,1.03,1.81,1.79,0.31,0.35,2,4,0.85,0.8,0.92,0.75,High,Medium,1,7,7,390,0.45,0,1,3.1,Windy,14:00,1,1,1
M0351,Aston Villa,Watford,1.83,1.66,1.69,1.11,1.24,1.51,0.54,0.42,5,4,1.16,0.86,1.06,0.84,Medium,Medium,1,3,7,461,0.59,3,2,3.1,Overcast,15:00,2,1,2
M0352,Chelsea,Brentford,1.98,1.9,1.97,1.5,1.06,1.68,0.59,0.55,8,3,1.26,0.97,1.18,0.88,Low,Low,1,3,5,46,0.28,0,3,2.9,Rainy,16:30,2,1,2
M0353,Burnley,Fulham,1.39,1.77,1.09,1.96,1.5,1.54,0.44,0.55,4,6,0.86,1.13,0.96,1.13,Low,Medium,1,4,4,120,0.35,2,4,3.5,Clear,16:30,1,2,0
M0354,Chelsea,Fulham,2.48,1.93,1.51,0.98,1.23,1.65,0.51,0.35,6,4,1.2,0.81,1.22,0.91,Medium,High,1,7,4,519,0.58,2,2,3.0,Windy,15:00,2,2,1
M0355,Watford,Manchester City,1.04,3.0,1.3,2.12,2.0,0.87,0.47,0.69,4,8,0.75,1.37,0.75,1.29,Low,Medium,1,7,5,349,0.6,1,4,1.4,Overcast,15:00,2,1,2
M0356,Nottingham Forest,Southampton,0.93,1.42,1.47,1.25,1.75,1.98,0.52,0.32,6,5,0.9,0.76,0.9,0.75,High,Medium,1,6,5,301,0.31,4,0,2.0,Overcast,15:00,1,2,0
M0357,Fulham,Chelsea,1.41,2.3,1.75,1.63,1.65,1.19,0.56,0.54,5,6,0.94,1.2,0.99,1.16,High,High,1,3,7,302,0.37,4,0,1.8,Foggy,20:00,1,1,1
M0358,Liverpool,West Ham,2.26,1.02,2.0,1.49,1.19,1.29,0.6,0.54,6,4,1.18,1.02,1.17,0.98,Low,High,1,5,3,200,0.34,3,1,3.4,Windy,17:30,2,2,1
M0359,West Ham,Manchester City,2.16,3.0,1.81,1.77,1.46,1.11,0.61,0.5,6,5,0.99,1.29,0.98,1.36,Medium,Medium,1,3,5,373,0.48,2,4,1.8,Windy,16:30,2,2,1
M0360,Crystal Palace,Brentford,1.5,0.98,1.55,0.81,1.8,1.34,0.55,0.31,5,2,1.11,0.98,0.88,0.91,Medium,High,1,6,5,241,0.62,1,3,2.7,Rainy,20:00,1,0,2
M0361,Nottingham Forest,Burnley,2.02,2.29,1.26,1.27,1.26,1.53,0.38,0.43,3,3,0.92,0.8,0.88,0.75,Medium,High,1,3,3,540,0.71,1,3,2.8,Foggy,16:30,0,0,1
M0362,Brentford,Leicester City,1.63,2.26,1.62,1.14,1.44,1.99,0.55,0.37,4,4,1.06,0.87,0.91,0.88,Low,Medium,1,7,4,118,0.61,1,1,2.2,Clear,16:30,2,2,1
M0363,Crystal Palace,Brighton,1.93,1.42,0.9,1.71,1.71,1.48,0.26,0.58,2,5,0.9,1.17,0.88,0.98,High,Medium,1,5,5,117,0.4,3,4,1.6,Windy,12:30,1,2,0
M0364,Fulham,Burnley,2.34,1.26,1.26,1.14,1.35,1.88,0.47,0.37,5,3,0.98,0.75,0.91,0.85,Medium,High,1,7,7,330,0.28,3,1,2.1,Clear,17:30,2,0,2
M0365,Nottingham Forest,Chelsea,1.89,2.32,1.51,1.55,1.36,1.04,0.38,0.44,5,4,0.82,1.15,0.83,1.02,Medium,Medium,1,6,4,258,0.7,1,2,2.6,Clear,14:00,0,2,0
M0366,Liverpool,Manchester City,2.88,2.43,2.1,1.83,1.22,1.33,0.68,0.51,7,6,1.11,1.38,1.3,1.14,Medium,Low,1,6,7,156,0.47,0,1,1.5,Overcast,15:00,1,2,0
M0367,Aston Villa,Leicester City,1.65,1.61,1.97,1.33,1.26,1.84,0.53,0.48,5,4,1.14,0.92,1.1,0.88,Medium,High,1,7,6,73,0.7,2,1,2.3,Windy,16:30,2,1,2
M0368,Leicester City,Burnley,1.78,2.35,1.05,1.04,1.78,1.89,0.28,0.26,2,4,0.96,0.95,0.75,0.75,High,Low,1,6,6,513,0.55,1,4,2.8,Foggy,14:00,1,0,2
M0369,Watford,Fulham,1.05,1.48,0.88,1.04,1.85,1.55,0.27,0.28,2,2,0.8,0.92,0.8,1.07,Low,Medium,1,3,4,423,0.63,3,0,1.3,Rainy,12:30,2,1,2
M0370,Nottingham Forest,Crystal Palace,1.02,1.23,1.59,1.13,1.6,1.39,0.57,0.34,5,4,0.84,0.98,0.87,0.95,Low,Low,1,4,3,54,0.56,0,1,1.3,Overcast,12:30,1,2,0
M0371,Burnley,Manchester City,1.19,2.94,1.69,1.65,1.66,1.09,0.55,0.62,5,5,0.97,1.26,0.83,1.2,Medium,Low,1,7,3,160,0.64,2,0,1.5,Overcast,12:30,1,1,1
M0372,Brighton,Fulham,2.21,1.62,1.65,1.18,1.75,1.15,0.58,0.4,6,2,1.0,0.98,1.14,0.97,High,Medium,1,5,3,63,0.42,2,1,2.0,Clear,15:00,2,2,1
M0373,Fulham,Watford,1.89,1.42,1.07,1.1,1.28,1.7,0.39,0.25,3,4,0.87,0.9,1.08,0.75,Medium,High,1,3,3,66,0.5,1,2,2.2,Rainy,14:00,2,0,2
M0374,Arsenal,Manchester City,2.99,2.55,2.1,2.08,0.95,1.32,0.72,0.65,6,7,1.37,1.38,1.18,1.27,High,Medium,1,5,5,228,0.42,0,1,1.7,Foggy,12:30,2,3,0
M0375,Burnley,Sheffield Utd,2.2,1.61,1.43,0.88,1.85,1.95,0.4,0.29,4,4,1.06,0.75,0.85,0.8,Medium,Medium,1,3,5,586,0.35,2,1,2.2,Rainy,16:30,1,0,2
M0376,Southampton,Brighton,1.16,1.89,1.18,1.12,2.2,1.53,0.34,0.27,4,4,0.96,1.25,0.8,1.16,High,Medium,1,4,3,270,0.6,3,0,1.2,Clear,16:30,1,2,0
M0377,Manchester City,Chelsea,2.33,2.7,1.59,1.57,1.07,1.29,0.5,0.52,5,5,1.32,1.29,1.27,1.16,Medium,Low,1,5,7,251,0.63,2,4,2.2,Windy,14:00,1,0,2
M0378,Chelsea,Tottenham,1.23,1.75,2.05,1.41,1.5,1.29,0.55,0.48,7,4,1.29,1.13,1.2,1.09,Low,High,1,5,3,285,0.64,2,2,2.5,Clear,19:45,2,2,1
M0379,West Ham,Leeds United,2.04,1.02,1.81,1.33,1.4,1.91,0.59,0.47,5,4,1.11,0.83,1.0,0.76,High,Low,1,5,7,594,0.41,0,3,1.6,Rainy,16:30,2,1,2
M0380,Southampton,Newcastle,1.81,2.46,1.39,1.49,2.12,1.41,0.48,0.4,6,5,0.94,1.17,0.78,1.13,Medium,Low,1,5,7,75,0.55,2,0,1.4,Windy,12:30,1,1,1
M0381,Fulham,Sheffield Utd,1.25,1.94,1.21,1.19,1.61,1.84,0.33,0.46,3,4,0.93,0.75,1.04,0.75,High,High,1,4,7,56,0.3,1,2,2.4,Foggy,14:00,1,1,1
M0382,Aston Villa,Wolverhampton,2.03,1.57,1.67,0.95,1.44,1.63,0.64,0.36,5,4,1.01,0.87,0.93,0.94,Low,Medium,1,3,7,513,0.58,4,3,1.9,Overcast,14:00,0,0,1
M0383,Fulham,Brighton,2.1,0.89,1.55,1.62,1.83,1.34,0.34,0.55,5,5,0.95,1.07,0.87,1.1,High,Medium,1,4,7,158,0.71,1,3,2.8,Overcast,19:45,1,2,0
M0384,Fulham,Liverpool,2.13,2.54,1.84,1.66,1.3,0.9,0.67,0.44,6,5,0.97,1.38,1.05,1.18,High,High,1,6,3,200,0.74,1,4,3.2,Windy,17:30,1,2,0
M0385,Burnley,Brighton,1.46,1.75,1.73,1.08,1.55,1.24,0.55,0.33,5,2,0.76,1.11,0.75,1.07,High,Medium,1,4,4,551,0.29,0,4,2.6,Windy,17:30,2,1,2
M0386,Stoke City,Luton Town,1.33,2.12,1.29,1.33,2.08,1.95,0.33,0.4,5,4,0.75,0.89,0.79,0.75,Low,Low,1,4,6,561,0.39,4,2,1.4,Rainy,15:00,1,2,0
M0387,Nottingham Forest,Brighton,1.87,1.73,2.05,1.03,1.68,0.93,0.62,0.29,7,5,0.9,1.06,1.02,0.91,Medium,Medium,1,3,6,56,0.43,2,4,2.2,Windy,19:45,2,1,2
M0388,Liverpool,Stoke City,2.13,0.71,1.77,1.14,1.12,2.2,0.65,0.35,6,4,1.4,0.88,1.22,0.75,Medium,High,1,7,3,352,0.7,0,3,1.4,Foggy,16:30,2,2,1
M0389,Southampton,Chelsea,2.01,1.98,1.28,1.89,1.93,1.15,0.42,0.65,4,6,0.78,1.2,0.76,1.11,Medium,Medium,1,4,3,474,0.28,4,4,1.7,Overcast,12:30,1,2,0
M0390,Everton,Leeds United,1.18,1.24,1.08,1.14,1.68,1.92,0.34,0.4,2,4,0.87,0.9,0.85,0.81,High,Low,1,5,6,487,0.41,3,0,1.6,Rainy,20:00,2,2,1
M0391,Watford,Tottenham,1.56,1.62,1.38,1.22,1.68,1.38,0.41,0.45,5,3,0.96,1.2,0.78,1.16,Medium,Medium,1,6,5,85,0.38,1,2,2.7,Clear,16:30,1,1,1
M0392,Newcastle,Luton Town,2.17,1.98,2.06,0.93,1.21,2.11,0.73,0.3,7,2,1.07,0.75,1.07,0.75,Medium,Medium,1,5,7,233,0.74,4,3,3.2,Overcast,16:30,2,0,2
M0393,Fulham,Nottingham Forest,1.9,2.26,1.58,1.15,2.0,1.73,0.54,0.39,5,3,0.96,0.95,0.94,0.8,High,High,1,6,6,164,0.66,2,0,1.4,Foggy,20:00,1,0,2
M0394,Arsenal,Chelsea,2.28,1.66,2.08,1.51,1.0,1.15,0.7,0.36,7,4,1.28,1.13,1.18,1.15,Low,Medium,1,6,5,469,0.3,3,4,1.8,Rainy,20:00,1,1,1
M0395,Arsenal,Leicester City,2.17,0.59,2.02,0.74,0.92,1.8,0.73,0.25,6,3,1.33,0.91,1.29,0.92,High,Medium,1,4,6,285,0.29,3,4,3.1,Foggy,20:00,2,0,2
M0396,Chelsea,Leicester City,2.16,1.91,1.79,1.25,1.14,1.96,0.55,0.39,5,3,1.23,0.77,1.1,0.93,High,Medium,1,7,7,113,0.71,3,0,2.1,Clear,15:00,1,1,1
M0397,Aston Villa,Bournemouth,2.11,1.44,1.92,0.95,1.19,1.53,0.67,0.39,6,3,1.3,1.06,1.01,0.75,High,High,1,5,7,199,0.32,4,1,3.0,Rainy,19:45,1,0,2
M0398,Aston Villa,Crystal Palace,2.55,1.43,1.79,1.13,0.99,1.52,0.62,0.35,6,4,1.17,0.94,1.09,1.02,Medium,High,1,3,7,509,0.55,0,2,2.7,Overcast,16:30,1,0,2
M0399,West Ham,Fulham,2.18,1.04,1.4,1.17,1.33,1.39,0.43,0.44,4,3,1.09,1.09,0.96,0.99,High,Medium,1,7,6,368,0.54,4,4,1.8,Foggy,20:00,2,1,2
M0400,Arsenal,West Ham,2.48,1.82,2.03,1.19,1.38,1.82,0.57,0.48,7,4,1.17,1.06,1.17,1.05,High,Medium,1,6,6,515,0.43,4,2,2.4,Foggy,14:00,2,2,1
M0401,Southampton,West Ham,1.29,1.09,1.0,1.22,1.9,1.18,0.25,0.36,3,4,0.76,1.09,0.75,0.86,High,Medium,1,4,6,413,0.34,0,1,2.2,Foggy,15:00,2,1,2
M0402,Liverpool,Everton,2.75,1.44,2.21,1.23,0.98,1.38,0.53,0.5,7,3,1.4,0.97,1.36,0.91,Medium,Medium,1,6,6,207,0.49,4,0,1.3,Clear,19:45,2,1,2
M0403,Stoke City,Newcastle,1.6,1.86,0.83,1.69,2.12,1.44,0.28,0.53,1,4,0.85,1.22,0.92,1.08,Low,High,1,4,7,405,0.51,3,3,3.1,Clear,12:30,1,3,0
M0404,Tottenham,Middlesbrough,2.04,1.79,2.11,1.21,1.23,1.55,0.58,0.29,7,3,1.11,0.85,0.94,0.85,High,Low,1,3,3,122,0.34,0,1,1.9,Clear,14:00,2,1,2
M0405,Southampton,Crystal Palace,0.68,1.91,1.47,1.16,1.63,1.15,0.52,0.28,5,3,0.77,1.0,0.76,1.0,Medium,Low,1,5,4,211,0.74,2,3,1.8,Windy,16:30,1,1,1
M0406,Southampton,Leicester City,0.94,1.74,1.3,1.07,1.93,1.55,0.36,0.32,4,3,0.87,0.75,0.81,0.95,Medium,Low,1,5,3,555,0.64,2,1,2.3,Clear,12:30,0,1,0
M0407,Bournemouth,Tottenham,1.24,2.14,1.03,1.35,1.85,1.2,0.36,0.45,4,4,0.81,1.16,0.88,1.06,Medium,High,1,7,4,52,0.47,4,3,2.6,Windy,20:00,0,2,0
M0408,West Ham,Middlesbrough,1.58,1.81,1.49,0.93,1.87,1.67,0.47,0.18,4,3,1.05,0.75,0.95,0.83,Medium,Low,1,7,7,233,0.73,4,1,1.5,Rainy,14:00,3,0,2
M0409,Brentford,Tottenham,1.94,1.65,1.56,1.5,1.75,1.64,0.48,0.49,5,5,1.05,1.18,0.89,0.95,Medium,Medium,1,5,3,512,0.52,3,1,3.3,Windy,14:00,1,2,0
M0410,Liverpool,Wolverhampton,2.81,2.15,2.3,1.52,1.45,1.41,0.71,0.41,7,5,1.17,0.93,1.19,0.84,Medium,Medium,1,5,5,378,0.5,0,4,2.6,Windy,12:30,2,1,2
M0411,Aston Villa,Chelsea,2.08,2.58,1.51,1.87,1.22,1.32,0.38,0.65,7,6,1.06,1.22,0.98,1.0,Medium,High,1,3,6,42,0.33,1,4,2.4,Windy,12:30,0,2,0
M0412,Everton,Nottingham Forest,1.72,1.28,1.42,1.52,1.33,1.45,0.39,0.49,4,5,0.86,0.88,0.93,0.75,Medium,Medium,1,3,4,37,0.42,4,2,1.7,Foggy,20:00,2,1,2
M0413,Nottingham Forest,Brentford,2.4,2.0,1.32,1.32,1.51,1.39,0.33,0.45,4,4,0.89,1.07,0.78,0.99,High,High,1,3,5,67,0.52,3,1,1.6,Foggy,12:30,1,2,0
M0414,Bournemouth,Wolverhampton,1.87,1.43,1.03,1.29,2.08,1.42,0.42,0.35,3,4,0.87,0.94,0.75,0.79,Low,High,1,7,3,375,0.71,2,3,2.1,Overcast,20:00,1,2,0
M0415,Manchester City,Nottingham Forest,3.0,1.47,1.36,0.82,0.92,1.5,0.45,0.18,5,3,1.39,1.08,1.26,0.98,High,Medium,1,3,7,438,0.7,2,2,1.2,Overcast,12:30,1,0,2
M0416,West Ham,Brentford,1.15,1.97,1.51,1.22,1.52,1.81,0.48,0.46,5,3,0.94,1.02,0.89,0.89,Medium,Medium,1,5,5,357,0.42,3,1,2.3,Windy,15:00,1,1,1
M0417,Everton,West Ham,1.19,2.17,1.35,1.28,1.04,1.52,0.5,0.45,4,4,0.93,0.93,0.84,0.98,Medium,Medium,1,7,6,455,0.75,0,2,2.5,Windy,15:00,1,2,0
M0418,Everton,Southampton,1.87,1.41,1.3,1.17,1.74,1.94,0.47,0.29,6,3,0.86,0.8,0.92,0.95,High,Medium,1,3,5,544,0.52,3,1,3.2,Windy,14:00,0,1,0
M0419,Nottingham Forest,Newcastle,1.84,1.9,1.32,1.76,1.55,1.53,0.47,0.66,3,6,0.98,1.11,0.78,0.98,High,Medium,1,3,7,448,0.72,2,4,1.8,Foggy,20:00,1,2,0
M0420,Crystal Palace,Arsenal,1.67,1.48,1.29,1.4,1.83,0.88,0.43,0.48,4,4,1.12,1.21,0.87,1.28,Low,High,1,6,6,280,0.59,3,1,3.0,Windy,19:45,0,0,1
M0421,Fulham,Newcastle,1.78,2.66,1.9,1.63,1.45,1.15,0.52,0.5,5,6,1.14,1.08,0.81,1.03,Medium,Low,1,3,6,522,0.66,0,2,3.1,Clear,16:30,1,2,0
M0422,Southampton,Leeds United,0.82,1.79,1.66,1.4,1.84,1.5,0.54,0.34,5,5,0.86,0.9,0.75,0.81,High,Medium,1,6,6,280,0.63,2,2,2.8,Rainy,14:00,1,1,1
M0423,West Ham,Southampton,2.05,1.52,1.52,1.06,1.66,1.65,0.46,0.28,5,2,0.98,0.94,0.95,0.75,Low,High,1,7,5,423,0.38,1,0,3.2,Foggy,16:30,2,1,2
M0424,Crystal Palace,Middlesbrough,0.9,1.5,1.19,1.09,2.01,1.43,0.32,0.28,3,3,0.82,0.99,0.81,0.75,Medium,Medium,1,6,3,96,0.42,2,1,1.7,Rainy,19:45,1,0,2
M0425,Southampton,Aston Villa,1.2,2.33,1.74,1.15,2.04,1.04,0.55,0.28,6,4,0.78,1.03,0.84,1.09,High,Medium,1,7,7,111,0.74,0,3,2.5,Overcast,15:00,2,2,1
M0426,Watford,Southampton,1.67,1.25,1.25,0.91,1.96,1.81,0.37,0.38,4,1,0.87,0.8,0.77,0.83,High,Medium,1,6,6,130,0.52,0,2,3.0,Clear,15:00,1,1,1
M0427,Bournemouth,Aston Villa,2.02,2.29,1.19,1.31,1.92,1.38,0.45,0.35,3,4,0.78,1.04,0.84,0.8,High,Medium,1,5,6,210,0.41,3,4,1.9,Rainy,16:30,1,1,1
M0428,West Ham,Watford,1.52,1.36,0.94,1.33,1.69,1.73,0.22,0.56,3,4,1.1,0.86,0.91,0.96,Medium,Medium,1,7,4,228,0.64,1,1,1.9,Rainy,16:30,1,0,2
M0429,Leeds United,Brentford,1.78,1.68,1.21,1.1,1.84,1.69,0.39,0.37,4,3,0.76,0.99,0.75,0.9,Medium,High,1,5,6,340,0.44,2,2,2.9,Rainy,17:30,1,2,0
M0430,Middlesbrough,Wolverhampton,2.5,1.69,1.57,1.28,1.68,1.54,0.44,0.41,5,3,0.83,0.87,0.83,0.86,Medium,Medium,1,7,7,234,0.65,4,4,2.2,Rainy,12:30,2,1,2
M0431,Stoke City,Bournemouth,1.96,1.39,1.83,0.96,1.89,1.51,0.66,0.27,6,5,0.79,0.87,0.84,0.86,Medium,Medium,1,5,3,513,0.32,0,2,3.4,Windy,14:00,2,1,2
M0432,Brentford,Sheffield Utd,1.85,1.57,1.56,1.34,1.51,1.77,0.43,0.41,6,4,1.13,0.84,0.93,0.75,Low,Low,1,6,4,218,0.41,1,3,2.0,Overcast,20:00,2,1,2
M0433,Sheffield Utd,Middlesbrough,1.6,1.46,1.04,0.91,2.05,1.41,0.33,0.26,4,3,0.75,0.75,0.9,0.78,High,Medium,1,5,7,371,0.57,0,4,1.4,Foggy,14:00,1,1,1
M0434,Leicester City,Manchester City,1.16,2.23,1.25,1.62,2.0,1.25,0.42,0.44,6,3,0.91,1.38,0.87,1.36,Medium,Medium,1,6,3,441,0.54,0,4,3.1,Clear,12:30,1,2,0
M0435,West Ham,Brighton,1.25,1.6,1.22,1.33,1.58,1.74,0.49,0.35,4,3,1.04,1.12,0.96,1.06,Medium,Low,1,3,4,583,0.42,0,2,3.2,Overcast,20:00,1,2,0
M0436,Wolverhampton,West Ham,1.75,2.73,1.43,1.27,1.98,1.14,0.55,0.5,6,4,0.95,0.98,0.96,1.0,High,Medium,1,7,3,125,0.73,4,4,2.9,Clear,15:00,1,1,1
M0437,Bournemouth,Middlesbrough,1.06,1.14,1.3,1.27,2.06,1.71,0.37,0.43,5,4,1.02,0.87,0.75,0.91,Medium,Low,1,3,6,337,0.36,0,3,3.2,Clear,16:30,1,0,2
M0438,Chelsea,Newcastle,2.3,1.81,2.16,1.47,1.39,1.51,0.75,0.48,7,6,1.17,1.23,1.18,0.99,High,Medium,1,4,4,403,0.69,0,1,1.3,Overcast,16:30,2,2,1
M0439,West Ham,Southampton,1.53,2.11,1.32,1.52,1.87,1.92,0.43,0.46,3,5,0.97,0.81,1.14,0.79,High,Low,1,3,6,505,0.74,4,3,1.5,Foggy,14:00,1,1,1
M0440,Bournemouth,West Ham,1.99,2.26,1.14,1.58,1.66,1.25,0.35,0.37,4,5,1.01,1.16,0.84,1.0,High,Medium,1,7,3,285,0.36,1,2,2.0,Windy,20:00,0,1,0
M0441,West Ham,Tottenham,1.65,2.41,1.83,1.82,1.67,1.04,0.59,0.48,6,3,1.13,1.16,1.0,1.04,Medium,High,1,6,6,382,0.34,4,3,2.2,Overcast,17:30,1,1,1
M0442,Liverpool,Middlesbrough,2.21,2.22,2.22,1.01,1.27,1.65,0.71,0.25,6,3,1.26,0.8,1.21,0.81,Medium,Medium,1,7,4,126,0.36,3,0,1.5,Rainy,15:00,2,1,2
M0443,Wolverhampton,Luton Town,1.82,1.42,1.62,0.82,1.25,2.16,0.54,0.25,5,2,1.05,0.81,0.81,0.85,High,Low,1,7,3,575,0.43,1,4,1.6,Overcast,12:30,1,0,2
M0444,Sheffield Utd,Brighton,1.77,1.39,1.55,1.89,1.62,1.14,0.45,0.74,6,5,0.95,0.96,0.81,0.97,High,Low,1,3,3,287,0.6,2,1,3.3,Foggy,19:45,2,2,1
M0445,Wolverhampton,Tottenham,2.12,2.65,1.47,1.04,1.77,1.26,0.48,0.24,4,3,0.94,1.12,0.94,1.08,Low,High,1,7,4,240,0.47,2,2,1.2,Clear,19:45,1,1,1
M0446,Southampton,Sheffield Utd,0.9,1.51,1.23,1.14,1.82,1.7,0.53,0.42,5,3,0.79,1.02,0.75,0.86,High,Medium,1,7,4,528,0.63,1,4,1.4,Foggy,19:45,2,1,2
M0447,Leeds United,Bournemouth,2.06,0.7,1.0,1.31,1.87,1.58,0.3,0.36,3,5,0.75,0.95,0.84,0.83,High,Low,1,4,7,536,0.36,3,2,1.4,Windy,19:45,0,1,0
M0448,Sheffield Utd,Leicester City,1.81,1.13,1.32,1.16,2.07,1.48,0.43,0.38,5,3,0.75,0.81,0.75,0.75,Medium,High,1,6,6,565,0.27,3,3,2.7,Clear,15:00,1,1,1
M0449,Fulham,Liverpool,1.66,2.74,1.79,1.74,1.68,1.03,0.53,0.49,6,5,0.99,1.23,0.9,1.13,Medium,High,1,7,7,359,0.62,2,1,3.1,Clear,16:30,1,2,0
M0450,Brighton,Crystal Palace,2.03,1.55,1.61,0.88,1.3,1.8,0.52,0.33,5,4,0.99,1.07,1.13,0.82,Low,High,1,3,4,347,0.7,4,2,2.9,Foggy,15:00,0,1,0
M0451,Aston Villa,Manchester City,2.43,2.72,1.89,1.58,1.34,1.43,0.53,0.48,6,5,1.24,1.31,1.1,1.24,Medium,High,1,4,6,71,0.37,1,2,1.3,Overcast,14:00,2,1,2
M0452,Brighton,Bournemouth,1.78,1.36,1.86,1.16,1.66,1.74,0.61,0.31,5,3,0.95,0.96,0.93,0.78,Low,Low,1,5,5,299,0.47,2,1,1.9,Rainy,12:30,2,1,2
M0453,Watford,Brighton,1.64,1.44,1.75,1.72,2.12,1.36,0.51,0.53,6,5,0.76,1.18,0.94,1.0,High,High,1,3,6,478,0.5,3,0,3.4,Overcast,12:30,1,1,1
M0454,Chelsea,Everton,1.54,1.77,2.08,1.3,1.4,1.57,0.64,0.53,8,4,1.08,0.99,1.19,0.94,Medium,High,1,5,5,268,0.53,4,3,1.5,Foggy,20:00,1,0,2
M0455,Sheffield Utd,Chelsea,1.32,1.79,1.71,2.03,1.74,1.09,0.52,0.53,5,7,0.78,1.15,0.79,1.25,Medium,High,1,3,3,443,0.54,3,3,2.1,Windy,15:00,2,1,2
M0456,Brentford,Everton,1.99,2.05,1.55,1.32,1.49,1.75,0.43,0.48,6,4,1.05,0.96,0.97,0.86,Medium,Medium,1,3,4,31,0.73,4,0,1.2,Windy,16:30,3,2,2
M0457,Luton Town,Crystal Palace,2.07,0.94,1.37,1.56,1.93,1.71,0.36,0.58,5,4,0.75,0.87,0.75,0.75,High,High,1,6,3,69,0.72,0,2,3.4,Clear,16:30,1,1,1
M0458,Newcastle,Liverpool,1.47,2.35,2.3,1.68,1.76,0.98,0.66,0.5,7,5,1.05,1.28,1.02,1.28,Low,High,1,6,3,396,0.28,3,4,1.4,Foggy,12:30,2,1,2
M0459,Leicester City,Sheffield Utd,1.13,1.18,1.1,1.21,1.78,2.09,0.3,0.39,4,3,0.84,0.79,0.86,0.75,Medium,Medium,1,5,6,324,0.64,0,4,3.1,Overcast,12:30,1,2,0
M0460,Luton Town,Burnley,1.6,1.82,1.3,1.11,2.07,1.74,0.36,0.4,5,2,0.75,0.88,0.82,0.75,Medium,High,1,4,3,498,0.72,1,2,1.4,Overcast,17:30,2,2,1
M0461,Arsenal,Manchester City,2.54,2.3,1.77,1.23,1.32,1.12,0.59,0.28,8,3,1.32,1.28,1.23,1.26,High,High,1,5,6,347,0.35,2,3,2.8,Windy,14:00,1,1,1
M0462,Aston Villa,Leicester City,1.98,1.62,1.68,1.06,1.37,1.62,0.51,0.31,6,3,1.11,0.84,1.0,0.82,Medium,Low,1,6,5,579,0.39,4,2,1.4,Clear,17:30,2,0,2
M0463,Manchester City,Luton Town,2.58,1.22,2.03,1.03,1.01,1.89,0.69,0.33,8,4,1.4,0.84,1.19,0.85,Medium,Medium,1,7,4,245,0.61,0,4,1.2,Overcast,16:30,2,0,2
M0464,Newcastle,Everton,1.18,1.88,1.97,1.29,1.56,1.54,0.62,0.48,6,5,1.21,0.94,1.12,0.79,High,High,1,7,5,88,0.31,0,3,2.4,Clear,19:45,2,0,2
M0465,Fulham,Everton,2.6,1.88,1.51,1.18,1.6,1.61,0.41,0.42,6,2,1.08,0.95,1.08,0.9,Medium,Medium,1,6,5,426,0.47,1,3,2.6,Rainy,20:00,0,1,0
M0466,Tottenham,Bournemouth,1.7,1.5,2.0,1.42,1.54,2.17,0.74,0.44,6,4,1.17,0.84,0.97,0.87,Medium,High,1,6,4,391,0.35,3,3,3.2,Windy,20:00,0,2,0
M0467,Nottingham Forest,Crystal Palace,1.31,2.21,1.6,1.46,1.67,1.89,0.36,0.39,5,3,0.84,1.02,0.95,0.79,Medium,High,1,6,4,511,0.3,3,2,3.3,Foggy,17:30,2,1,2
M0468,Burnley,Newcastle,1.01,1.22,0.76,1.7,1.92,1.36,0.2,0.51,4,5,0.85,1.01,0.75,1.0,High,High,1,4,4,528,0.41,4,4,2.9,Clear,20:00,1,2,0
M0469,Arsenal,Chelsea,3.0,1.77,1.93,1.65,1.34,1.17,0.59,0.36,6,5,1.23,1.15,1.29,1.09,High,High,1,5,3,193,0.7,1,1,2.2,Foggy,19:45,1,2,0
M0470,Southampton,Bournemouth,1.38,1.27,1.38,0.99,2.19,2.02,0.45,0.29,6,3,0.75,0.9,0.79,0.75,Low,Medium,1,6,7,216,0.47,0,3,3.4,Foggy,16:30,3,0,2
M0471,Crystal Palace,Manchester City,1.96,2.93,1.23,1.25,1.94,1.41,0.42,0.38,3,3,0.99,1.21,0.76,1.36,Medium,Medium,1,7,6,203,0.43,2,1,2.4,Foggy,12:30,0,1,0
M0472,Chelsea,Leeds United,2.18,1.87,1.61,1.19,1.57,1.85,0.5,0.3,6,4,1.35,1.01,1.05,0.75,High,Medium,1,6,6,427,0.27,2,3,2.0,Foggy,14:00,2,1,2
M0473,Watford,Fulham,1.74,2.04,1.27,1.44,1.79,1.61,0.31,0.47,5,3,0.94,0.85,0.83,0.94,Medium,High,1,4,5,96,0.33,1,0,3.2,Clear,20:00,2,2,1
M0474,Sheffield Utd,Manchester City,1.72,2.9,1.4,1.55,2.17,0.86,0.46,0.5,4,4,0.78,1.32,0.91,1.36,High,Medium,1,4,4,81,0.61,3,2,2.6,Overcast,17:30,2,0,2
M0475,Bournemouth,Southampton,1.46,1.04,1.33,0.73,1.84,1.66,0.39,0.23,5,2,0.96,0.75,0.85,0.82,Medium,High,1,5,4,196,0.45,4,2,2.6,Foggy,20:00,1,1,1
M0476,Crystal Palace,Middlesbrough,1.71,1.6,1.77,0.88,1.56,1.86,0.61,0.3,6,2,0.95,0.78,0.82,0.75,Medium,Low,1,3,5,400,0.6,4,0,2.5,Rainy,17:30,1,2,0
M0477,Crystal Palace,Leicester City,1.57,2.01,1.08,1.01,1.6,1.85,0.31,0.26,4,3,1.01,0.75,0.77,0.92,Medium,High,1,6,6,55,0.69,2,3,3.5,Overcast,17:30,0,1,0
M0478,Leeds United,Newcastle,2.09,2.8,1.33,1.5,1.61,1.37,0.43,0.53,5,6,0.89,1.07,0.85,1.17,Medium,Medium,1,4,6,91,0.43,0,0,3.4,Windy,19:45,1,2,0
M0479,Bournemouth,Aston Villa,1.53,2.01,1.31,1.57,1.5,1.14,0.38,0.5,5,5,0.86,0.96,0.89,0.99,Low,High,1,6,5,457,0.37,2,1,3.3,Rainy,20:00,3,1,2
M0480,West Ham,Luton Town,1.45,2.04,1.41,0.53,1.81,1.8,0.32,0.18,4,1,1.04,0.75,0.81,0.75,High,Low,1,6,4,359,0.29,3,3,2.6,Rainy,12:30,0,1,0
M0481,Middlesbrough,West Ham,1.46,1.47,1.38,1.05,1.75,1.49,0.38,0.39,3,3,0.95,1.0,0.75,1.12,High,Low,1,4,7,153,0.4,0,1,2.4,Foggy,16:30,1,2,0
M0482,Watford,Arsenal,1.41,2.56,1.27,1.72,1.68,1.01,0.32,0.61,5,5,0.8,1.31,0.75,1.24,Low,Medium,1,4,7,494,0.39,4,1,1.9,Clear,12:30,2,2,1
M0483,Bournemouth,Crystal Palace,2.06,2.3,1.32,1.28,1.54,1.65,0.45,0.47,4,3,0.82,1.07,0.93,0.93,Medium,Medium,1,6,3,99,0.32,0,4,1.6,Overcast,12:30,1,0,2
M0484,Fulham,Manchester City,1.2,2.78,1.21,1.77,1.25,1.07,0.35,0.57,5,4,0.94,1.36,0.98,1.25,High,Medium,1,7,3,83,0.57,1,3,1.3,Overcast,14:00,1,2,0
M0485,Tottenham,Burnley,1.9,1.87,1.62,0.9,1.14,1.78,0.6,0.29,5,3,1.16,0.86,1.1,0.89,High,High,1,5,7,198,0.45,1,4,1.2,Foggy,16:30,1,1,1
M0486,Everton,Newcastle,2.01,1.44,1.43,1.62,1.77,1.22,0.4,0.45,3,6,0.87,1.0,0.89,1.1,Medium,High,1,4,4,335,0.67,1,4,3.1,Rainy,17:30,2,2,1
M0487,Luton Town,West Ham,1.46,1.92,1.71,1.36,1.96,1.37,0.59,0.4,4,6,0.76,0.99,0.75,0.97,High,Low,1,4,3,139,0.69,0,4,1.3,Clear,16:30,2,1,2
M0488,Everton,Middlesbrough,1.46,1.45,1.61,1.18,1.69,1.94,0.52,0.35,5,4,0.95,0.75,0.86,0.88,Low,Low,1,4,3,61,0.69,3,1,1.2,Clear,20:00,2,3,0
M0489,Luton Town,Stoke City,1.14,1.35,1.16,0.78,1.86,1.74,0.44,0.28,5,3,0.84,0.75,0.86,0.75,High,High,1,5,5,520,0.35,2,0,2.7,Overcast,15:00,1,0,2
M0490,Southampton,Chelsea,2.01,1.62,0.7,1.8,1.68,1.26,0.23,0.54,2,6,0.75,1.22,0.84,1.24,Medium,Medium,1,4,5,385,0.45,4,3,2.1,Rainy,14:00,0,3,0
M0491,Middlesbrough,Bournemouth,1.36,1.22,1.44,1.12,1.74,1.81,0.52,0.31,4,4,0.79,0.75,0.75,0.99,Low,High,1,5,7,193,0.68,4,1,3.4,Overcast,14:00,1,1,1
M0492,Wolverhampton,Liverpool,2.16,2.31,1.1,1.65,1.62,1.41,0.43,0.48,3,4,0.85,1.3,0.91,1.17,Low,Medium,1,6,4,389,0.62,0,1,2.7,Windy,15:00,2,0,2
M0493,Aston Villa,Stoke City,2.69,1.46,1.59,1.05,1.41,1.91,0.54,0.31,4,4,1.07,0.8,1.05,0.75,High,High,1,4,3,98,0.38,0,3,3.4,Windy,12:30,1,0,2
M0494,Everton,Crystal Palace,1.78,2.12,1.2,1.08,1.57,1.54,0.36,0.34,4,3,0.88,0.8,0.81,0.97,High,Medium,1,7,5,532,0.75,3,0,3.4,Clear,17:30,1,1,1
M0495,Brighton,Middlesbrough,2.22,1.05,1.88,1.25,1.25,1.98,0.53,0.4,5,3,0.97,0.89,1.13,0.89,Medium,Medium,1,3,7,485,0.28,1,3,1.8,Foggy,17:30,2,0,2
M0496,Stoke City,Chelsea,1.45,2.36,1.1,1.54,1.48,1.37,0.42,0.5,2,5,0.84,1.19,0.75,1.15,Medium,Medium,1,4,6,74,0.4,1,2,3.2,Foggy,14:00,0,1,0
M0497,Watford,Liverpool,1.67,2.47,1.25,1.09,1.61,1.07,0.33,0.41,5,3,0.79,1.19,0.86,1.29,High,Medium,1,6,3,96,0.29,2,3,2.1,Overcast,15:00,1,1,1
M0498,Luton Town,Newcastle,1.22,1.64,1.48,1.45,1.87,1.41,0.47,0.41,4,5,0.81,1.16,0.84,1.16,High,High,1,3,3,567,0.58,4,4,1.2,Overcast,16:30,2,1,2
M0499,Aston Villa,Brighton,1.75,1.55,1.74,1.55,1.1,1.3,0.55,0.46,5,3,1.18,1.19,0.8,1.06,High,High,1,6,5,260,0.66,3,0,2.9,Clear,14:00,1,2,0
M0500,Aston Villa,Watford,1.92,1.11,1.25,1.23,1.43,2.2,0.24,0.4,3,4,1.18,0.75,1.05,0.89,Medium,High,1,7,3,457,0.28,0,1,3.0,Clear,16:30,1,2,0
M0501,Southampton,Fulham,1.31,2.23,1.17,1.46,2.06,1.45,0.27,0.53,3,3,0.92,0.93,0.75,0.84,Medium,High,1,6,5,575,0.51,0,2,2.6,Rainy,14:00,1,2,0
M0502,Fulham,Crystal Palace,2.2,1.43,1.39,1.41,1.64,1.36,0.39,0.46,3,5,1.0,0.78,1.02,1.01,High,Medium,1,5,7,596,0.41,3,4,2.4,Clear,20:00,1,1,1
M0503,Brighton,Aston Villa,1.48,1.65,1.4,1.88,1.46,1.18,0.36,0.64,5,5,1.05,1.15,1.06,1.06,Medium,Medium,1,6,3,98,0.34,2,3,2.2,Foggy,19:45,2,1,2
M0504,Wolverhampton,Aston Villa,1.54,3.0,1.23,1.22,1.8,1.5,0.37,0.41,5,5,0.94,1.1,0.91,1.06,Medium,High,1,3,6,239,0.27,4,0,1.2,Rainy,19:45,1,1,1
M0505,Brighton,West Ham,2.04,2.37,1.68,0.75,1.3,1.59,0.6,0.24,5,2,1.16,1.0,1.01,0.97,High,Medium,1,7,5,527,0.31,1,3,1.7,Windy,19:45,2,1,2
M0506,Brighton,Brentford,2.17,1.98,1.56,1.61,1.23,1.38,0.49,0.53,6,5,0.96,1.05,0.94,1.02,Medium,Medium,1,5,4,533,0.47,4,2,1.9,Windy,19:45,0,1,0
M0507,Sheffield Utd,Aston Villa,0.97,2.43,0.9,1.2,1.67,1.61,0.29,0.42,2,4,0.77,1.16,0.75,0.99,High,Low,1,4,3,493,0.61,0,3,2.5,Rainy,17:30,2,1,2
M0508,Nottingham Forest,Wolverhampton,1.88,1.82,1.43,1.43,1.89,1.63,0.5,0.55,4,3,0.96,0.78,0.93,0.86,Medium,High,1,4,3,596,0.28,0,4,3.3,Windy,15:00,1,3,0
M0509,West Ham,Newcastle,1.88,2.36,1.4,1.43,1.53,1.38,0.37,0.36,6,4,1.07,1.21,1.13,1.0,High,Low,1,4,7,108,0.28,0,2,3.1,Overcast,19:45,2,2,1
M0510,Middlesbrough,Crystal Palace,1.51,1.48,1.5,1.16,2.14,1.6,0.47,0.29,6,4,0.9,0.97,0.86,0.92,High,Low,1,5,7,315,0.48,3,1,2.8,Overcast,15:00,1,0,2
M0511,Manchester City,Wolverhampton,2.65,1.9,1.81,1.14,1.12,1.38,0.54,0.23,5,4,1.21,0.9,1.15,0.8,Medium,High,1,6,4,545,0.68,1,0,1.7,Foggy,16:30,2,1,2
M0512,Wolverhampton,Everton,1.38,1.95,1.36,1.36,1.84,1.63,0.4,0.4,5,3,0.92,0.81,0.85,0.94,High,High,1,6,5,528,0.45,3,2,3.2,Windy,15:00,1,1,1
M0513,Tottenham,Leeds United,2.37,1.37,2.05,1.2,1.08,1.96,0.56,0.4,6,4,0.97,0.88,1.15,0.75,Medium,High,1,7,4,41,0.75,1,4,1.8,Clear,19:45,2,2,1
M0514,Arsenal,Bournemouth,1.72,1.99,1.65,1.23,1.16,1.77,0.48,0.38,4,4,1.28,0.86,1.24,0.75,Medium,High,1,4,6,368,0.58,3,2,1.5,Overcast,12:30,1,1,1
M0515,Brighton,Chelsea,2.0,2.18,1.85,1.75,1.51,1.59,0.62,0.5,4,4,1.14,1.38,1.04,1.16,Medium,Medium,1,4,6,199,0.71,3,0,1.4,Windy,14:00,2,1,2
M0516,Crystal Palace,Leicester City,2.01,1.48,0.98,0.94,1.65,1.56,0.27,0.23,2,1,0.85,0.81,0.95,0.75,High,Low,1,6,6,308,0.41,4,2,2.3,Windy,12:30,1,1,1
M0517,West Ham,Liverpool,2.06,1.89,1.68,1.54,1.69,1.09,0.54,0.5,5,4,1.02,1.22,0.95,1.26,High,Medium,1,3,5,88,0.47,3,1,2.2,Clear,16:30,2,1,2
M0518,Brighton,Leicester City,2.28,1.25,2.0,1.04,1.07,1.94,0.6,0.4,7,4,1.04,0.94,1.05,0.84,Medium,High,1,7,6,534,0.7,1,0,1.2,Overcast,12:30,3,3,1
M0519,Crystal Palace,Watford,1.42,0.81,1.27,1.33,1.99,1.91,0.39,0.43,2,3,0.84,0.75,0.92,0.83,Medium,Low,1,3,5,328,0.56,4,0,3.1,Rainy,15:00,2,2,1
M0520,West Ham,Newcastle,1.45,1.53,1.86,1.65,1.45,1.29,0.63,0.44,5,4,0.96,1.19,0.94,1.18,Medium,Low,1,4,5,364,0.36,3,1,2.8,Clear,12:30,3,2,2
M0521,Tottenham,Liverpool,2.28,2.34,1.75,1.49,1.22,1.31,0.55,0.53,4,5,1.09,1.2,1.08,1.17,Medium,Low,1,3,5,190,0.45,2,0,1.3,Rainy,17:30,2,2,1
M0522,Leeds United,Everton,1.7,0.89,0.88,1.35,1.76,1.3,0.2,0.29,3,2,0.92,1.08,0.84,0.94,High,Low,1,5,4,73,0.69,1,4,2.6,Rainy,15:00,1,0,2
M0523,Middlesbrough,Arsenal,1.12,1.84,1.41,1.43,1.97,1.18,0.47,0.38,5,5,0.79,1.17,0.75,1.21,Low,Low,1,7,7,231,0.47,0,3,3.4,Foggy,19:45,1,4,0
M0524,Nottingham Forest,Chelsea,1.6,2.23,0.85,1.22,2.01,1.39,0.21,0.41,3,3,1.03,1.13,0.87,1.2,Low,Low,1,4,7,290,0.45,0,4,1.7,Overcast,14:00,0,1,0
M0525,Wolverhampton,Chelsea,2.35,1.97,1.36,2.01,1.43,1.19,0.27,0.62,5,5,0.88,1.3,1.1,1.22,High,Medium,1,5,3,270,0.71,3,4,2.9,Overcast,19:45,1,2,0
M0526,Wolverhampton,Manchester City,1.51,2.69,1.31,1.77,1.92,0.98,0.43,0.59,4,6,0.8,1.38,0.79,1.36,High,Low,1,7,3,108,0.74,0,0,3.4,Clear,14:00,1,1,1
M0527,West Ham,Newcastle,2.17,2.3,1.89,1.75,1.51,1.12,0.65,0.6,6,6,1.04,1.05,0.93,1.1,Low,Medium,1,7,3,94,0.33,2,1,2.4,Foggy,15:00,0,2,0
M0528,Southampton,Crystal Palace,2.25,1.86,1.34,0.98,1.95,1.26,0.39,0.32,4,2,0.75,0.89,0.91,0.88,Low,Low,1,6,7,498,0.44,2,1,3.3,Clear,17:30,2,2,1
M0529,Arsenal,Watford,2.83,1.26,1.57,1.32,1.56,1.73,0.59,0.47,4,3,1.31,0.86,0.95,0.8,Medium,High,1,7,3,354,0.37,4,3,1.9,Clear,12:30,2,1,2
M0530,Tottenham,Stoke City,2.05,1.85,1.91,1.24,1.24,1.89,0.57,0.38,6,4,1.37,0.84,1.03,0.88,Low,Low,1,7,7,132,0.43,0,2,3.0,Rainy,12:30,2,2,1
M0531,Manchester City,West Ham,2.76,1.94,2.12,0.91,1.18,1.43,0.62,0.18,7,2,1.4,0.95,1.35,1.02,Low,High,1,6,3,371,0.38,0,1,1.4,Foggy,12:30,3,1,2
M0532,Bournemouth,Crystal Palace,1.43,1.82,1.69,1.73,1.82,1.49,0.5,0.57,6,5,1.0,1.04,0.75,0.93,High,Medium,1,7,4,447,0.25,4,2,2.5,Overcast,17:30,1,2,0
M0533,Aston Villa,Southampton,1.85,1.25,1.48,1.03,1.14,1.98,0.5,0.29,5,5,1.16,0.88,0.99,0.75,Low,Medium,1,4,5,161,0.54,4,0,3.4,Overcast,15:00,1,1,1
M0534,Brighton,Middlesbrough,2.09,1.59,1.16,1.52,1.37,1.84,0.4,0.47,5,5,1.02,0.9,0.98,0.83,Medium,High,1,5,5,450,0.44,4,2,2.2,Overcast,14:00,1,1,1
M0535,Crystal Palace,Aston Villa,2.25,1.4,1.32,1.18,1.78,1.3,0.41,0.43,5,5,1.02,0.99,0.85,1.04,High,High,1,5,5,211,0.46,0,3,3.0,Foggy,12:30,1,1,1
M0536,Southampton,Brighton,0.9,2.14,1.23,1.68,1.74,1.46,0.41,0.65,5,5,0.76,1.08,0.87,1.0,Low,High,1,5,7,290,0.59,2,4,3.0,Windy,12:30,3,2,2
M0537,Liverpool,West Ham,2.59,1.65,2.04,1.95,1.51,1.31,0.51,0.54,8,5,1.31,1.02,1.3,0.95,Medium,Medium,1,7,5,31,0.49,1,0,2.9,Windy,16:30,2,1,2
M0538,Aston Villa,Leeds United,1.35,1.97,1.45,0.91,1.55,1.89,0.46,0.32,5,3,1.04,0.86,1.02,0.86,Low,High,1,3,3,170,0.37,0,1,2.3,Foggy,20:00,2,1,2
M0539,Burnley,Nottingham Forest,1.46,1.34,1.36,1.4,1.82,1.67,0.4,0.42,4,5,0.79,0.92,0.77,0.9,High,Low,1,7,7,276,0.27,2,4,1.6,Clear,14:00,0,1,0
M0540,Wolverhampton,Fulham,2.04,2.04,1.47,1.6,1.94,1.53,0.55,0.46,4,5,0.9,0.76,0.77,0.88,High,Low,1,4,3,213,0.35,1,1,1.5,Windy,12:30,1,1,1
M0541,Tottenham,Chelsea,2.72,2.76,1.88,1.9,1.43,1.13,0.57,0.56,8,6,1.14,1.2,1.02,1.21,Medium,Low,1,3,3,191,0.36,1,3,1.4,Overcast,20:00,2,1,2
M0542,Leicester City,Stoke City,1.0,1.25,1.9,0.87,2.08,1.59,0.71,0.26,8,5,0.77,0.79,0.91,0.75,Medium,Medium,1,5,5,296,0.55,0,1,2.1,Windy,14:00,0,0,1
M0543,Luton Town,Liverpool,1.5,2.14,1.63,1.83,1.49,1.07,0.45,0.55,4,4,0.81,1.28,0.83,1.36,Medium,High,1,3,7,586,0.69,1,4,2.5,Rainy,19:45,1,1,1
M0544,Fulham,Luton Town,1.93,1.63,1.08,1.25,1.63,2.2,0.35,0.47,2,4,1.1,0.86,0.81,0.75,High,High,1,5,5,60,0.27,0,0,3.0,Clear,14:00,1,1,1
M0545,Fulham,Newcastle,1.8,1.29,1.43,1.4,1.71,1.8,0.53,0.49,4,4,1.01,0.99,0.83,0.99,Low,High,1,3,7,326,0.63,2,1,1.4,Overcast,19:45,1,1,1
M0546,Brentford,Leicester City,1.12,1.47,1.82,1.51,1.43,1.99,0.62,0.48,7,5,1.11,0.89,1.01,0.83,High,High,1,5,3,400,0.61,2,4,1.5,Windy,19:45,2,2,1
M0547,West Ham,Burnley,1.88,1.86,1.45,0.89,1.62,1.47,0.44,0.29,4,2,1.07,0.86,0.84,0.88,Medium,Medium,1,3,7,568,0.34,0,0,1.8,Clear,12:30,2,0,2
M0548,Leicester City,Liverpool,2.25,1.77,1.33,1.5,1.67,0.64,0.37,0.41,3,5,0.87,1.35,0.82,1.18,Medium,Medium,1,4,4,97,0.32,3,4,2.8,Overcast,19:45,0,1,0
M0549,Stoke City,Brentford,1.26,1.93,1.27,1.56,1.81,1.31,0.38,0.41,4,5,0.82,0.97,0.87,0.84,High,Low,1,6,4,393,0.72,2,2,3.2,Clear,15:00,1,2,0
M0550,Leeds United,Crystal Palace,1.21,2.22,1.15,1.84,1.8,1.56,0.41,0.6,3,6,0.82,1.05,0.85,0.82,Low,Medium,1,3,5,277,0.53,4,4,1.6,Rainy,16:30,1,1,1
M0551,Sheffield Utd,Stoke City,1.97,1.69,1.58,1.14,2.2,1.99,0.5,0.49,5,5,0.75,0.93,0.75,0.84,Medium,Medium,1,4,4,134,0.3,4,3,2.4,Clear,19:45,3,2,2
M0552,Brighton,Sheffield Utd,2.45,1.73,1.54,1.02,0.91,1.31,0.54,0.33,5,3,1.2,0.85,1.03,0.75,Low,Low,1,3,6,542,0.68,4,4,3.3,Clear,15:00,1,1,1
M0553,Arsenal,Sheffield Utd,2.85,1.84,2.08,1.1,0.8,1.66,0.65,0.4,5,4,1.27,0.85,1.26,0.75,Medium,Medium,1,3,7,248,0.45,4,2,1.5,Clear,12:30,2,1,2
M0554,Liverpool,Burnley,2.0,1.11,2.18,1.22,1.18,2.03,0.67,0.39,9,6,1.35,0.98,1.27,0.84,Medium,High,1,4,6,311,0.42,3,0,1.4,Clear,20:00,2,0,2
M0555,Tottenham,Burnley,1.14,1.3,2.01,1.16,1.66,1.83,0.63,0.5,5,4,1.15,0.75,1.2,0.87,Medium,Low,1,3,4,86,0.51,1,2,2.1,Foggy,12:30,2,0,2
M0556,Everton,Tottenham,1.61,1.93,1.6,1.43,1.94,1.2,0.49,0.5,6,5,0.85,1.12,0.97,1.16,Medium,Medium,1,4,7,245,0.74,2,2,2.9,Clear,12:30,2,3,0
M0557,Arsenal,Burnley,3.0,1.45,1.88,1.25,1.46,1.45,0.58,0.31,6,4,1.21,0.75,1.24,0.82,Medium,Medium,1,3,7,78,0.5,4,4,2.8,Rainy,16:30,0,0,1
M0558,Watford,Nottingham Forest,2.02,1.59,1.5,1.53,1.73,1.4,0.39,0.4,4,4,0.84,0.83,0.75,0.82,Medium,Medium,1,6,3,564,0.4,4,2,2.5,Foggy,15:00,2,2,1
M0559,Brentford,Arsenal,1.92,1.48,1.15,1.48,1.81,0.78,0.38,0.44,4,3,1.02,1.38,0.96,1.13,Medium,Low,1,3,6,53,0.75,3,1,2.1,Clear,17:30,1,0,2
M0560,Arsenal,Leeds United,1.68,1.77,1.77,1.66,1.13,1.53,0.57,0.6,5,5,1.29,1.05,1.33,0.94,Medium,Low,1,5,3,382,0.73,0,1,3.3,Foggy,19:45,2,2,1
M0561,Tottenham,Wolverhampton,1.75,1.45,1.66,0.96,1.27,1.98,0.47,0.34,5,3,1.16,0.91,1.01,0.88,Medium,Medium,1,4,4,571,0.41,2,0,1.8,Overcast,14:00,1,2,0
M0562,Brighton,Sheffield Utd,2.04,1.07,1.32,0.99,1.44,1.94,0.48,0.29,4,3,1.13,0.75,0.9,0.85,High,High,1,6,7,236,0.29,1,4,2.0,Clear,12:30,2,1,2
M0563,Chelsea,Southampton,2.06,1.34,1.79,1.0,1.24,1.76,0.52,0.33,5,3,1.12,0.78,1.1,0.8,Medium,High,1,5,5,47,0.7,3,3,2.6,Windy,15:00,3,1,2
M0564,Tottenham,Middlesbrough,1.42,2.0,1.62,0.82,1.16,1.96,0.6,0.32,5,1,1.31,0.78,1.2,0.81,Low,High,1,5,3,436,0.72,4,2,1.4,Overcast,15:00,2,1,2
M0565,Tottenham,Crystal Palace,1.49,2.43,1.95,1.77,1.12,1.71,0.66,0.52,7,8,1.25,0.88,1.13,0.93,Medium,High,1,6,4,555,0.74,2,1,2.3,Foggy,19:45,2,2,1
M0566,Aston Villa,Brighton,1.18,2.22,1.5,1.34,1.09,1.21,0.5,0.48,6,4,1.09,1.1,1.08,0.95,High,High,1,6,4,286,0.67,3,3,2.4,Overcast,17:30,1,0,2
M0567,Leicester City,Newcastle,1.7,1.94,1.53,1.15,2.03,1.05,0.38,0.3,5,4,0.75,1.09,0.87,1.15,Medium,Medium,1,7,6,269,0.63,1,4,1.8,Clear,14:00,1,1,1
M0568,Fulham,Nottingham Forest,2.05,1.67,1.52,0.54,1.88,1.72,0.39,0.18,4,2,1.07,0.9,0.91,0.78,Low,High,1,6,7,180,0.68,0,2,3.0,Windy,19:45,2,1,2
M0569,Newcastle,Aston Villa,2.08,2.35,1.69,1.34,1.02,1.62,0.45,0.49,5,4,1.17,1.14,0.95,0.99,Medium,Medium,1,4,3,172,0.41,3,3,2.9,Clear,19:45,0,1,0
M0570,West Ham,Brighton,1.34,2.18,1.51,1.71,1.59,1.4,0.48,0.52,5,5,0.92,1.0,0.92,0.94,Low,Medium,1,5,7,328,0.57,2,4,2.0,Foggy,19:45,1,1,1
M0571,Manchester City,Fulham,2.11,2.22,1.45,1.24,1.11,1.48,0.43,0.36,5,3,1.27,0.96,1.18,0.94,Low,High,1,7,6,311,0.44,0,4,1.3,Windy,17:30,1,1,1
M0572,Burnley,Tottenham,1.84,1.66,1.03,1.61,2.0,0.99,0.37,0.55,4,7,0.95,1.18,0.76,1.18,Medium,High,1,4,5,83,0.6,0,2,2.9,Windy,17:30,1,1,1
M0573,Nottingham Forest,Sheffield Utd,2.2,1.55,1.66,1.48,1.82,2.2,0.54,0.42,6,5,0.82,0.8,0.95,0.86,Medium,High,1,4,4,575,0.62,2,3,3.1,Overcast,14:00,2,1,2
M0574,Luton Town,Liverpool,1.31,2.54,1.57,1.87,1.76,1.37,0.39,0.73,3,6,0.77,1.34,0.75,1.2,Medium,Low,1,4,5,572,0.55,2,0,1.7,Foggy,12:30,1,2,0
M0575,Crystal Palace,Arsenal,2.15,2.17,1.45,1.91,1.68,1.03,0.37,0.53,5,5,0.95,1.29,0.86,1.32,Low,Low,1,7,3,145,0.71,4,3,1.6,Overcast,19:45,2,1,2
M0576,Brighton,Brentford,1.99,1.64,1.51,1.49,1.53,1.59,0.56,0.53,5,5,1.13,1.1,1.04,1.03,Medium,Low,1,3,4,466,0.47,2,0,1.2,Foggy,16:30,2,1,2
M0577,Southampton,Liverpool,1.33,3.0,1.64,1.92,1.92,1.33,0.3,0.56,5,5,0.75,1.26,0.85,1.12,High,Medium,1,4,7,569,0.53,2,3,1.6,Overcast,16:30,0,1,0
M0578,Middlesbrough,Wolverhampton,0.69,2.16,1.55,0.95,1.46,1.8,0.43,0.28,5,3,0.83,0.83,0.99,0.86,High,Medium,1,7,6,402,0.65,2,4,1.9,Foggy,15:00,1,2,0
M0579,Liverpool,Manchester City,2.5,2.04,1.95,1.87,1.4,0.78,0.71,0.61,6,6,1.27,1.3,1.28,1.27,Low,Low,1,3,5,354,0.28,0,2,2.0,Clear,19:45,2,3,0
M0580,Burnley,Middlesbrough,1.59,1.72,1.14,1.58,1.59,1.71,0.2,0.39,3,5,0.98,0.75,0.81,0.9,Medium,Medium,1,5,6,183,0.62,1,2,3.1,Overcast,16:30,1,3,0
M0581,Manchester City,Burnley,2.57,2.23,1.97,0.65,1.2,1.85,0.63,0.18,5,1,1.28,0.75,1.26,0.78,Medium,Low,1,7,4,455,0.38,1,1,2.9,Windy,16:30,2,1,2
M0582,Bournemouth,Everton,1.41,1.65,0.94,1.33,1.89,1.48,0.25,0.5,2,5,0.8,0.94,0.96,0.75,High,Medium,1,7,6,421,0.7,4,1,2.9,Windy,12:30,0,1,0
M0583,Nottingham Forest,Liverpool,1.47,2.14,1.23,1.74,1.37,1.27,0.4,0.62,3,5,0.91,1.28,0.87,1.28,Low,Low,1,4,6,205,0.73,3,2,2.7,Foggy,12:30,1,1,1
M0584,Burnley,Tottenham,1.53,2.31,1.08,1.18,1.79,1.57,0.37,0.34,3,3,0.76,1.2,0.75,0.99,Low,High,1,6,5,283,0.72,4,2,1.8,Rainy,19:45,1,0,2
M0585,Sheffield Utd,Stoke City,1.36,1.21,0.77,1.21,2.06,1.69,0.25,0.41,3,4,0.78,0.98,0.75,0.79,Medium,High,1,6,5,171,0.54,4,4,1.8,Overcast,12:30,1,0,2
M0586,Liverpool,Newcastle,2.45,1.63,2.14,0.97,1.04,1.3,0.7,0.27,6,3,1.4,1.06,1.14,1.05,Medium,High,1,4,5,556,0.43,1,4,2.1,Clear,14:00,3,0,2
M0587,Middlesbrough,Chelsea,1.64,2.47,1.15,2.1,1.52,0.96,0.4,0.59,4,6,0.88,1.16,0.85,1.27,Low,Low,1,3,4,201,0.64,4,2,2.7,Clear,16:30,1,2,0
M0588,Stoke City,Leicester City,1.65,2.08,1.26,1.15,1.66,1.84,0.41,0.43,6,5,0.83,0.89,0.8,0.86,High,High,1,6,6,507,0.63,1,0,1.5,Clear,12:30,2,2,1
M0589,Tottenham,Aston Villa,2.61,2.12,1.91,1.46,1.12,1.64,0.53,0.44,6,6,1.15,1.04,1.08,1.1,Medium,High,1,3,4,496,0.58,2,4,1.4,Rainy,15:00,2,2,1
M0590,Burnley,Watford,1.13,1.79,1.74,0.85,1.63,1.73,0.59,0.32,5,3,0.86,0.78,0.95,0.75,High,Medium,1,3,3,249,0.61,4,4,2.0,Foggy,17:30,2,0,2
M0591,Brighton,Bournemouth,2.18,1.8,1.46,1.25,1.3,1.87,0.4,0.52,5,4,1.24,0.82,1.03,0.82,Low,Low,1,6,3,400,0.56,3,1,2.5,Rainy,12:30,2,2,1
M0592,Nottingham Forest,Middlesbrough,1.59,1.38,1.1,1.27,1.58,1.8,0.39,0.34,4,4,0.82,1.04,0.94,0.95,Medium,High,1,5,3,285,0.28,0,4,2.0,Windy,17:30,0,1,0
M0593,Nottingham Forest,Crystal Palace,1.0,2.04,1.22,1.07,1.37,1.39,0.35,0.37,5,2,0.9,1.1,0.95,1.01,Medium,High,1,3,7,90,0.63,4,0,1.3,Clear,14:00,2,0,2
M0594,Burnley,Brighton,1.84,2.18,1.31,1.3,1.91,1.59,0.34,0.38,5,3,0.8,1.09,0.92,1.05,Low,Medium,1,6,3,230,0.5,3,3,1.4,Clear,17:30,1,1,1
M0595,Chelsea,Fulham,1.84,2.14,1.83,1.48,1.29,1.41,0.56,0.45,5,4,1.1,0.96,1.09,1.0,Medium,High,1,3,4,153,0.53,2,1,3.5,Overcast,19:45,1,2,0
M0596,Nottingham Forest,West Ham,2.06,1.12,1.26,1.38,1.62,1.53,0.39,0.46,4,4,0.96,1.04,0.82,0.99,Low,Medium,1,3,3,149,0.28,4,3,2.7,Clear,16:30,2,1,2
M0597,West Ham,Sheffield Utd,1.9,2.09,1.14,0.87,1.18,1.8,0.33,0.18,3,2,0.96,0.75,0.95,0.79,High,Medium,1,3,7,334,0.57,4,3,3.3,Windy,14:00,0,0,1
M0598,Southampton,Brighton,1.32,1.73,0.95,1.2,1.91,1.21,0.25,0.35,2,4,0.87,1.11,0.77,1.05,Medium,High,1,4,4,360,0.47,1,4,2.7,Foggy,16:30,0,0,1
M0599,Sheffield Utd,Nottingham Forest,1.46,1.48,1.3,0.99,2.2,1.41,0.43,0.3,4,3,0.75,0.94,0.76,0.82,Medium,Low,1,3,5,127,0.67,4,0,1.7,Foggy,19:45,0,1,0
M0600,Middlesbrough,Luton Town,1.33,1.51,1.85,1.48,2.06,1.8,0.49,0.44,8,4,0.75,0.79,0.94,0.75,Low,Low,1,5,7,171,0.33,0,3,3.4,Rainy,19:45,0,1,0
M0601,Luton Town,Nottingham Forest,1.82,1.55,1.52,1.04,1.92,1.68,0.41,0.31,4,4,0.82,0.86,0.8,0.95,High,Medium,1,3,4,553,0.7,4,2,3.0,Foggy,20:00,0,2,0
M0602,Tottenham,Bournemouth,2.01,1.19,2.13,1.01,1.47,1.46,0.68,0.32,6,4,1.14,1.02,1.11,0.75,Medium,High,1,7,4,211,0.49,4,4,1.7,Windy,16:30,3,2,2
M0603,Luton Town,Watford,1.25,1.14,1.22,1.15,1.71,1.68,0.31,0.27,3,4,0.77,0.75,0.75,0.82,Medium,High,1,6,3,186,0.53,0,3,1.5,Rainy,19:45,1,0,2
M0604,Wolverhampton,West Ham,1.46,1.78,1.1,1.32,1.67,1.33,0.27,0.39,2,4,0.95,0.99,0.87,1.06,Low,Medium,1,6,7,99,0.46,4,0,1.4,Clear,15:00,1,1,1
M0605,Middlesbrough,Stoke City,1.55,2.05,1.69,1.02,1.94,2.17,0.54,0.38,6,4,0.86,0.81,0.84,0.83,Low,High,1,7,3,440,0.42,0,1,2.0,Rainy,14:00,2,1,2
M0606,Liverpool,Southampton,2.63,1.68,2.18,1.1,1.14,1.88,0.62,0.32,8,4,1.12,0.84,1.23,0.75,High,High,1,7,7,589,0.57,4,4,3.4,Clear,14:00,1,2,0
M0607,Tottenham,Liverpool,2.01,2.77,1.37,1.94,1.42,1.24,0.41,0.64,4,6,1.14,1.38,1.03,1.14,Low,Medium,1,7,6,592,0.47,4,3,2.5,Clear,16:30,1,2,0
M0608,Fulham,Watford,1.96,1.56,1.74,1.33,1.69,2.16,0.58,0.22,6,6,1.0,0.81,1.0,0.85,Medium,Medium,1,4,7,580,0.63,4,3,1.7,Rainy,15:00,1,2,0
M0609,Tottenham,Liverpool,1.76,2.31,1.72,1.75,1.24,1.16,0.46,0.49,5,6,1.05,1.28,1.12,1.3,Medium,Medium,1,5,7,475,0.47,3,0,2.0,Windy,16:30,2,3,0
M0610,Brentford,Crystal Palace,1.46,1.89,1.56,1.01,1.7,1.42,0.49,0.26,5,4,1.03,0.81,0.99,0.91,Low,Medium,1,6,6,163,0.68,1,3,2.0,Rainy,12:30,2,2,1
M0611,Sheffield Utd,Southampton,0.88,2.22,1.79,1.1,1.57,2.01,0.58,0.36,6,5,0.75,0.88,0.75,0.79,High,High,1,5,7,98,0.45,0,0,1.6,Clear,12:30,0,2,0
M0612,Leicester City,West Ham,1.09,1.74,1.28,1.38,1.76,0.91,0.46,0.43,3,4,0.81,0.78,0.94,1.09,High,Medium,1,5,6,43,0.72,2,3,1.5,Windy,14:00,1,2,0
M0613,Wolverhampton,Manchester City,1.77,2.58,1.51,1.9,1.63,1.44,0.51,0.55,4,6,0.9,1.19,0.79,1.26,Medium,Low,1,4,5,301,0.72,1,2,1.5,Foggy,20:00,1,1,1
M0614,West Ham,Everton,2.16,0.6,1.57,1.27,1.61,1.56,0.46,0.35,4,4,1.13,0.82,1.01,0.9,High,Low,1,6,5,580,0.56,3,4,2.9,Clear,17:30,0,2,0
M0615,Middlesbrough,Aston Villa,1.56,2.31,1.07,1.11,1.69,1.37,0.38,0.29,3,4,0.94,1.14,0.79,0.93,High,Low,1,7,6,282,0.66,2,2,2.8,Overcast,12:30,0,2,0
M0616,Brighton,Crystal Palace,1.85,1.25,1.89,1.51,1.44,1.96,0.59,0.46,7,3,1.11,0.82,0.9,0.89,Medium,Medium,1,5,7,98,0.67,2,1,1.8,Rainy,20:00,2,1,2
M0617,Wolverhampton,Chelsea,1.78,1.92,1.19,1.51,1.88,1.36,0.39,0.56,4,4,0.87,1.08,0.91,1.03,High,Medium,1,4,7,497,0.73,4,2,3.2,Windy,14:00,0,1,0
M0618,Luton Town,Leicester City,1.21,1.54,1.53,0.88,2.2,1.96,0.44,0.35,6,3,0.79,0.96,0.81,0.89,High,High,1,7,7,420,0.61,1,2,1.5,Overcast,14:00,1,1,1
M0619,Nottingham Forest,Newcastle,1.33,1.98,1.43,1.32,1.89,1.53,0.43,0.4,5,4,0.94,1.08,0.93,1.21,Low,Medium,1,7,4,201,0.32,0,0,1.2,Overcast,15:00,2,1,2
M0620,Watford,Leicester City,1.17,1.85,1.7,1.49,1.53,1.71,0.49,0.39,6,4,0.82,0.88,0.85,0.86,Medium,Medium,1,5,3,270,0.7,2,2,2.7,Clear,19:45,1,1,1
M0621,Bournemouth,West Ham,1.0,2.15,1.59,1.04,1.76,1.63,0.55,0.26,6,2,0.93,1.03,0.84,0.95,Low,Medium,1,4,3,408,0.66,2,2,3.4,Foggy,17:30,1,1,1
M0622,Arsenal,Stoke City,2.71,1.58,2.18,0.9,1.16,1.93,0.73,0.25,6,4,1.25,0.75,1.36,0.75,Low,High,1,6,7,361,0.3,4,4,1.8,Foggy,17:30,3,1,2
M0623,Crystal Palace,Luton Town,1.74,1.02,1.27,0.98,1.74,2.07,0.32,0.27,5,4,0.97,0.75,0.8,0.75,Medium,Medium,1,3,6,571,0.75,3,4,1.4,Clear,16:30,1,0,2
M0624,Crystal Palace,Bournemouth,2.0,1.15,1.52,1.11,1.49,1.65,0.5,0.33,6,2,0.85,1.0,0.83,0.76,Low,High,1,3,5,110,0.53,0,4,2.0,Overcast,12:30,2,0,2
M0625,Leicester City,Fulham,1.76,1.73,1.14,1.29,2.0,1.71,0.29,0.4,4,4,0.75,0.94,0.8,0.9,High,Medium,1,6,4,476,0.38,1,1,2.6,Windy,16:30,1,1,1
M0626,Chelsea,Stoke City,2.81,0.86,1.82,1.46,1.24,1.96,0.59,0.4,6,5,1.24,0.75,1.15,0.75,Low,High,1,5,6,30,0.61,0,0,1.3,Windy,15:00,3,1,2
M0627,Wolverhampton,West Ham,2.08,1.7,1.46,1.46,1.76,1.29,0.47,0.48,4,4,0.89,0.88,0.91,0.97,Medium,Low,1,7,4,194,0.59,3,1,1.4,Windy,12:30,0,2,0
M0628,Middlesbrough,Crystal Palace,1.7,1.72,1.47,0.65,1.53,1.32,0.48,0.21,5,2,0.9,1.03,0.9,0.75,Medium,High,1,6,3,74,0.62,1,3,1.3,Foggy,15:00,1,1,1
M0629,Manchester City,Nottingham Forest,1.93,1.28,2.38,1.18,1.42,1.46,0.67,0.26,7,3,1.32,0.78,1.3,0.97,Medium,Medium,1,6,7,598,0.54,3,2,1.5,Rainy,16:30,3,1,2
M0630,Wolverhampton,Middlesbrough,2.13,1.84,1.32,0.56,1.76,1.73,0.38,0.24,5,3,0.92,0.84,0.85,0.86,Medium,Medium,1,6,4,217,0.28,2,1,3.4,Rainy,17:30,1,2,0
M0631,Brighton,Crystal Palace,2.1,1.54,1.42,1.19,1.35,1.83,0.5,0.38,5,5,1.35,0.93,1.17,0.79,Medium,Medium,1,4,5,263,0.44,2,3,3.3,Foggy,12:30,1,1,1
M0632,Nottingham Forest,West Ham,1.51,1.45,1.18,1.4,2.11,1.72,0.41,0.5,4,4,1.08,1.06,0.91,0.93,High,Medium,1,5,3,134,0.69,0,0,3.5,Windy,14:00,0,1,0
M0633,Sheffield Utd,Watford,1.76,1.54,1.04,1.65,1.9,1.75,0.31,0.48,5,5,0.75,0.87,0.82,0.75,Medium,High,1,4,3,114,0.58,1,3,3.3,Foggy,16:30,1,1,1
M0634,Newcastle,Nottingham Forest,2.05,1.0,1.94,1.24,1.13,2.01,0.72,0.33,5,5,1.08,0.8,0.91,0.92,High,Medium,1,3,6,132,0.63,1,1,2.3,Foggy,12:30,3,1,2
M0635,Luton Town,Watford,1.38,1.57,1.29,1.49,1.9,1.82,0.28,0.56,3,3,0.8,0.82,0.75,0.75,High,High,1,3,4,468,0.27,4,2,1.3,Foggy,16:30,0,0,1
M0636,Brighton,Leeds United,1.66,2.0,2.17,0.71,1.17,2.03,0.68,0.28,7,2,1.06,0.87,1.22,0.88,Medium,Medium,1,3,6,468,0.72,4,0,1.4,Windy,20:00,1,1,1
M0637,Middlesbrough,Watford,2.6,0.68,0.95,1.08,2.04,2.1,0.3,0.37,3,3,0.79,0.75,0.83,0.78,Medium,Medium,1,4,5,365,0.25,1,2,3.1,Clear,17:30,1,2,0
M0638,West Ham,Tottenham,2.04,1.92,1.83,1.69,1.5,1.37,0.62,0.66,6,5,1.04,1.08,0.99,1.07,Medium,High,1,3,6,77,0.43,0,4,2.5,Windy,19:45,2,2,1
M0639,Liverpool,Manchester City,2.02,2.72,2.11,1.42,1.58,1.13,0.57,0.58,7,4,1.37,1.28,1.26,1.19,High,Medium,1,4,3,205,0.55,4,3,1.9,Windy,12:30,2,3,0
M0640,Wolverhampton,Watford,1.74,1.26,1.81,1.1,1.45,1.86,0.58,0.38,7,3,0.91,0.79,0.91,0.77,Low,Low,1,4,7,36,0.34,3,1,1.4,Foggy,20:00,1,1,1
M0641,Leicester City,Liverpool,0.7,2.22,1.28,1.31,1.53,1.07,0.41,0.34,4,5,0.84,1.29,0.77,1.2,Medium,Medium,1,6,4,126,0.44,4,0,2.8,Rainy,15:00,0,1,0
M0642,Watford,Sheffield Utd,1.59,1.29,1.63,0.97,2.05,2.2,0.47,0.31,4,3,0.95,0.75,0.75,0.75,High,Medium,1,6,4,31,0.28,4,1,2.6,Foggy,15:00,0,0,1
M0643,Brighton,Tottenham,1.82,1.87,1.67,1.7,1.23,1.32,0.53,0.56,5,4,1.14,1.2,1.1,1.07,Medium,High,1,3,4,43,0.31,1,0,1.8,Overcast,15:00,2,1,2
M0644,Nottingham Forest,Leicester City,1.04,2.28,1.36,1.02,1.58,1.82,0.5,0.26,4,3,0.96,0.82,0.85,0.83,Low,High,1,7,4,480,0.48,2,3,3.3,Clear,19:45,1,1,1
M0645,Manchester City,Watford,2.67,1.53,1.88,0.93,1.34,1.6,0.58,0.22,5,4,1.38,0.79,1.28,0.75,High,Medium,1,5,4,584,0.66,0,4,2.1,Overcast,15:00,1,0,2
M0646,Aston Villa,Liverpool,1.92,2.37,1.94,1.78,1.76,0.8,0.46,0.63,5,7,1.12,1.28,1.05,1.31,High,Medium,1,6,5,400,0.28,4,2,3.0,Rainy,16:30,1,1,1
M0647,Wolverhampton,Everton,2.26,1.6,1.3,1.11,1.66,1.82,0.49,0.35,4,4,0.95,0.97,0.98,1.01,High,High,1,4,5,251,0.64,1,2,3.4,Foggy,20:00,1,2,0
M0648,Liverpool,Watford,1.86,1.45,2.07,1.03,1.11,1.32,0.57,0.27,8,4,1.2,0.89,1.21,0.75,Medium,Medium,1,7,6,299,0.36,4,2,3.1,Overcast,20:00,4,0,2
M0649,Nottingham Forest,Newcastle,2.07,1.64,1.27,1.59,1.68,1.83,0.41,0.49,4,4,0.88,1.05,0.81,0.98,High,Low,1,5,5,508,0.64,3,4,2.8,Windy,16:30,1,1,1
M0650,Watford,Middlesbrough,1.59,1.25,1.36,0.58,1.49,1.38,0.39,0.21,4,2,0.88,0.8,0.89,0.77,Medium,Low,1,3,6,243,0.7,1,0,1.6,Rainy,16:30,2,1,2
M0651,Arsenal,Sheffield Utd,1.93,2.07,1.55,0.61,0.81,1.9,0.5,0.24,6,3,1.23,0.84,1.19,0.82,High,Low,1,3,6,312,0.32,2,4,3.5,Rainy,15:00,0,2,0
M0652,Brentford,Chelsea,2.79,2.15,1.36,1.29,1.51,1.68,0.52,0.36,4,5,0.95,1.32,1.05,1.18,High,Medium,1,4,3,48,0.26,0,3,3.4,Rainy,15:00,2,1,2
M0653,Crystal Palace,Middlesbrough,1.54,1.49,1.66,1.03,1.68,1.9,0.56,0.31,6,3,1.07,0.78,0.89,0.97,Medium,Medium,1,3,3,539,0.35,1,0,2.8,Windy,14:00,1,2,0
M0654,Tottenham,West Ham,2.44,1.59,1.96,1.52,1.22,1.28,0.61,0.48,6,5,1.24,0.86,1.04,0.91,High,Medium,1,7,3,55,0.71,2,2,2.7,Clear,12:30,2,1,2
M0655,Leeds United,Newcastle,1.51,1.87,1.43,1.71,1.84,1.23,0.37,0.57,5,6,0.89,0.99,0.82,1.14,Low,Medium,1,6,4,65,0.35,1,3,2.6,Rainy,20:00,2,3,0
M0656,Newcastle,Middlesbrough,2.58,1.64,1.42,0.96,1.19,1.76,0.48,0.34,3,2,1.2,0.77,1.1,0.79,High,Medium,1,6,4,224,0.7,4,4,1.6,Rainy,16:30,2,0,2
M0657,Brighton,Everton,1.99,1.96,1.41,1.34,1.61,1.57,0.45,0.43,5,4,1.12,1.03,1.04,0.84,Medium,High,1,4,6,69,0.3,3,0,1.6,Clear,16:30,0,0,1
M0658,Burnley,Brighton,1.91,1.63,0.71,1.17,1.65,0.89,0.2,0.37,1,2,0.85,0.98,0.79,1.11,High,Medium,1,5,4,178,0.35,1,1,1.5,Overcast,20:00,0,1,0
M0659,Middlesbrough,Sheffield Utd,1.19,2.73,0.9,1.64,1.91,1.72,0.26,0.42,2,3,0.95,0.96,0.75,0.78,Low,Medium,1,5,4,410,0.58,3,1,3.1,Windy,14:00,1,1,1
M0660,Southampton,Liverpool,1.16,2.28,1.15,1.42,1.95,1.24,0.3,0.44,5,3,0.84,1.18,0.77,1.25,Medium,High,1,6,4,440,0.58,4,2,2.7,Overcast,19:45,1,1,1
M0661,Crystal Palace,Wolverhampton,2.31,1.91,1.49,1.12,1.47,1.87,0.5,0.21,4,3,0.84,0.98,1.0,0.92,Low,High,1,6,5,47,0.53,0,4,2.9,Foggy,15:00,1,1,1
M0662,Bournemouth,Crystal Palace,1.63,1.58,1.51,0.8,1.83,1.59,0.56,0.23,6,3,0.84,0.95,0.81,0.86,High,High,1,4,6,443,0.48,4,3,2.1,Foggy,19:45,1,1,1
M0663,Wolverhampton,Leicester City,1.88,1.39,1.64,0.44,1.72,1.92,0.43,0.2,5,1,0.83,0.82,0.79,0.75,Medium,High,1,4,7,346,0.35,4,0,2.6,Windy,16:30,1,1,1
M0664,Leicester City,Watford,1.48,0.97,1.26,1.24,1.8,1.9,0.34,0.36,5,4,0.89,0.77,0.8,0.9,Medium,High,1,3,3,31,0.32,4,3,2.1,Rainy,19:45,1,0,2
M0665,Everton,Brentford,1.19,1.56,1.9,1.06,1.92,1.7,0.55,0.37,6,3,0.94,0.98,0.82,0.99,Medium,Medium,1,3,7,425,0.74,4,3,2.6,Windy,17:30,3,2,2
M0666,Luton Town,Leeds United,1.11,1.93,1.08,1.26,2.06,1.82,0.33,0.39,3,4,0.75,0.83,0.75,0.75,High,High,1,5,7,326,0.71,4,4,3.1,Rainy,19:45,0,2,0
M0667,Wolverhampton,Watford,1.35,1.63,1.33,1.25,2.0,1.54,0.41,0.34,4,4,1.01,0.76,0.75,0.9,Medium,Medium,1,4,5,312,0.54,2,1,2.5,Rainy,17:30,1,2,0
M0668,Leeds United,Watford,1.45,1.26,1.37,1.41,1.66,1.81,0.41,0.34,5,5,0.9,0.75,0.89,0.75,Low,High,1,4,3,38,0.75,4,3,1.5,Overcast,12:30,2,0,2
M0669,Bournemouth,Fulham,1.34,2.51,1.25,1.44,1.65,1.33,0.33,0.54,5,5,0.89,0.98,0.8,1.03,Low,Medium,1,3,4,258,0.53,0,1,3.3,Rainy,12:30,1,2,0
M0670,Stoke City,Nottingham Forest,1.26,1.97,1.01,1.48,1.71,1.78,0.27,0.54,3,4,1.01,0.82,0.86,0.9,High,High,1,5,7,335,0.34,2,3,2.1,Clear,12:30,1,2,0
M0671,Crystal Palace,Chelsea,1.96,1.94,1.66,1.99,1.74,1.5,0.59,0.71,6,7,0.98,1.27,0.89,1.13,High,Medium,1,7,6,546,0.62,3,4,3.1,Clear,19:45,2,0,2
M0672,Southampton,Fulham,1.27,0.94,1.09,1.19,1.84,1.02,0.4,0.46,4,4,0.75,0.99,0.84,0.96,Low,High,1,5,3,188,0.36,2,0,1.6,Foggy,19:45,2,1,2
M0673,Fulham,Newcastle,1.42,2.13,1.91,1.05,1.6,1.45,0.56,0.32,6,3,1.05,1.13,0.9,1.05,High,High,1,3,4,232,0.38,3,3,1.4,Clear,20:00,3,0,2
M0674,Crystal Palace,Arsenal,1.32,2.47,1.53,1.33,1.37,1.47,0.47,0.51,5,5,0.96,1.31,1.05,1.12,Medium,Medium,1,5,6,204,0.37,1,2,2.8,Overcast,12:30,2,2,1
M0675,Manchester City,Sheffield Utd,2.69,0.74,2.13,0.99,1.0,1.96,0.72,0.4,6,5,1.4,0.83,1.25,0.75,High,Low,1,6,3,517,0.57,3,2,3.1,Windy,12:30,1,0,2
M0676,Newcastle,Brentford,2.38,1.92,1.44,1.22,1.44,1.44,0.41,0.3,4,5,1.16,1.02,0.95,0.87,Medium,Medium,1,6,6,576,0.39,2,4,2.9,Overcast,15:00,0,1,0
M0677,Nottingham Forest,Sheffield Utd,1.64,1.25,1.45,1.14,1.72,1.96,0.3,0.32,6,4,1.0,0.77,0.9,0.75,High,Low,1,3,6,80,0.68,3,2,2.8,Overcast,19:45,1,1,1
M0678,Sheffield Utd,Southampton,1.4,1.85,0.88,0.83,2.0,1.77,0.3,0.28,4,1,0.78,0.76,0.75,0.76,High,Low,1,4,4,145,0.44,3,2,2.8,Rainy,19:45,1,0,2
M0679,Aston Villa,Brighton,1.98,1.92,1.55,1.36,1.53,1.36,0.36,0.47,6,4,1.01,1.07,0.98,0.99,High,High,1,4,3,413,0.56,3,4,2.8,Clear,19:45,1,1,1
M0680,Leeds United,Nottingham Forest,0.97,1.63,1.52,1.03,1.67,1.56,0.55,0.29,5,4,0.92,1.07,0.75,0.88,High,Medium,1,4,3,458,0.29,3,2,2.4,Overcast,14:00,1,1,1
M0681,Crystal Palace,Sheffield Utd,1.67,1.17,1.37,0.95,1.4,2.2,0.48,0.27,5,3,0.9,0.89,0.85,0.75,High,Medium,1,4,6,206,0.66,2,1,1.3,Windy,12:30,1,1,1
M0682,Leicester City,Arsenal,1.26,1.9,1.49,1.76,1.95,1.35,0.46,0.53,5,6,0.94,1.18,0.91,1.34,High,Low,1,3,4,108,0.44,2,4,2.7,Clear,20:00,1,2,0
M0683,Wolverhampton,Luton Town,1.25,1.67,0.99,1.35,1.84,2.04,0.26,0.41,2,4,1.05,0.79,0.94,0.75,High,Medium,1,7,7,539,0.47,4,3,1.8,Rainy,19:45,0,2,0
M0684,Everton,Leeds United,0.89,2.09,1.27,1.23,1.61,1.5,0.39,0.34,4,3,1.05,0.99,0.9,0.76,High,High,1,3,3,321,0.33,2,4,1.7,Clear,16:30,1,0,2
M0685,Luton Town,Stoke City,1.56,1.33,1.42,0.85,1.97,1.67,0.31,0.18,4,4,0.84,0.84,0.75,0.75,Medium,High,1,6,6,449,0.26,1,0,1.3,Rainy,15:00,1,0,2
M0686,Aston Villa,Luton Town,1.33,1.93,2.06,1.05,1.31,1.99,0.64,0.4,7,4,1.19,0.76,1.09,0.83,Low,High,1,7,7,93,0.28,3,4,2.8,Overcast,14:00,1,1,1
M0687,Brighton,West Ham,2.17,2.29,2.07,1.0,0.97,1.47,0.58,0.2,7,4,0.97,1.09,0.91,0.96,Low,Low,1,6,4,437,0.48,1,3,2.5,Clear,12:30,2,1,2
M0688,Leeds United,Leicester City,1.6,1.31,1.37,1.47,1.97,1.87,0.27,0.45,4,5,0.84,0.75,0.89,0.86,Medium,Medium,1,3,6,523,0.5,0,0,2.2,Rainy,14:00,1,1,1
M0689,Burnley,Leicester City,1.98,1.91,1.26,1.56,1.62,1.57,0.33,0.5,3,5,1.0,1.01,0.75,0.9,Medium,Medium,1,5,5,539,0.34,0,1,2.8,Windy,16:30,1,0,2
M0690,Burnley,Everton,1.56,1.13,1.02,1.58,1.93,1.78,0.29,0.56,1,4,0.81,0.98,0.79,0.97,Medium,Medium,1,5,4,53,0.47,3,1,3.0,Windy,17:30,0,0,1
M0691,Manchester City,Bournemouth,2.07,1.4,2.11,1.15,1.16,1.49,0.63,0.29,6,3,1.39,0.83,1.25,1.03,High,Medium,1,7,5,145,0.46,1,2,3.1,Foggy,20:00,2,2,1
M0692,Luton Town,Burnley,1.51,1.33,0.92,1.39,1.72,1.75,0.24,0.53,4,5,0.86,0.75,0.75,0.84,Low,Low,1,4,6,172,0.73,0,3,2.1,Foggy,19:45,1,1,1
M0693,Burnley,Newcastle,1.41,2.77,1.23,1.55,1.83,1.59,0.31,0.46,5,4,0.81,1.18,0.84,0.97,Medium,Medium,1,5,3,596,0.42,1,0,1.5,Windy,14:00,1,2,0
M0694,Arsenal,Brighton,2.66,2.05,1.69,1.64,1.51,1.64,0.53,0.45,6,7,1.36,1.06,1.27,1.06,Medium,Low,1,7,5,472,0.47,0,4,3.0,Clear,20:00,2,2,1
M0695,Wolverhampton,Leeds United,1.69,1.43,1.31,0.98,1.42,1.98,0.45,0.32,4,5,0.92,0.96,0.95,0.78,High,High,1,6,7,440,0.66,2,1,1.9,Clear,17:30,2,2,1
M0696,Liverpool,Crystal Palace,2.8,1.42,1.75,1.35,1.07,1.77,0.6,0.55,6,5,1.27,1.0,1.16,0.81,Medium,High,1,6,5,521,0.7,2,4,1.9,Rainy,16:30,1,1,1
M0697,Fulham,Newcastle,2.38,2.44,1.54,1.63,1.91,1.35,0.53,0.5,5,4,1.06,1.25,0.95,1.05,Medium,Medium,1,4,3,99,0.71,3,1,3.3,Overcast,20:00,2,1,2
M0698,Wolverhampton,West Ham,1.17,1.72,1.43,1.56,1.5,1.74,0.41,0.47,4,4,0.89,0.95,0.86,0.9,Medium,Low,1,5,6,407,0.56,3,0,1.3,Clear,19:45,1,1,1
M0699,Brentford,Southampton,2.16,1.72,1.45,1.33,1.53,1.55,0.43,0.44,4,4,0.99,0.75,1.06,0.87,Medium,Medium,1,5,7,500,0.35,2,4,1.7,Rainy,15:00,0,1,0
M0700,Brighton,Aston Villa,2.14,2.18,2.06,1.65,1.33,1.23,0.56,0.41,7,5,1.17,1.12,0.98,1.03,Low,High,1,4,6,586,0.49,0,2,3.1,Windy,15:00,2,2,1
M0701,Newcastle,Liverpool,1.69,2.46,1.57,2.02,1.63,1.01,0.38,0.64,5,6,1.08,1.28,0.98,1.28,High,Low,1,6,3,520,0.47,3,1,2.6,Windy,19:45,3,1,2
M0702,Brighton,Aston Villa,2.03,1.78,1.52,1.31,1.14,1.61,0.46,0.54,6,4,1.06,1.09,1.05,1.05,Medium,High,1,4,7,47,0.52,1,2,1.6,Clear,19:45,1,1,1
M0703,Brentford,Fulham,1.96,2.06,1.45,1.85,1.53,1.36,0.45,0.44,4,4,0.93,0.94,0.8,0.87,Low,Low,1,5,7,386,0.63,1,4,2.9,Foggy,12:30,2,2,1
M0704,Stoke City,Luton Town,0.97,1.56,1.06,0.73,1.8,1.82,0.38,0.28,4,3,0.92,0.75,0.75,0.8,Medium,Medium,1,5,5,131,0.64,1,3,2.3,Overcast,19:45,3,1,2
M0705,Liverpool,Manchester City,2.46,2.69,2.32,1.81,1.04,1.29,0.62,0.54,6,5,1.4,1.34,1.38,1.36,High,High,1,3,7,200,0.67,3,3,2.5,Rainy,16:30,3,3,1
M0706,Wolverhampton,Sheffield Utd,1.85,2.12,1.18,1.26,1.45,1.65,0.35,0.39,3,2,1.07,0.79,0.86,0.78,Medium,Medium,1,3,3,276,0.64,0,0,1.8,Foggy,15:00,2,0,2
M0707,Brentford,Tottenham,1.59,1.79,1.84,1.77,1.57,1.32,0.46,0.53,6,4,1.0,1.13,0.87,1.24,High,Medium,1,4,6,101,0.7,4,3,1.7,Windy,15:00,2,1,2
M0708,Watford,Crystal Palace,0.95,1.68,1.13,1.16,1.82,1.86,0.33,0.28,2,3,0.98,0.93,0.75,0.93,Low,Medium,1,4,3,372,0.68,3,1,2.5,Foggy,15:00,0,2,0
M0709,Liverpool,Tottenham,2.12,2.28,2.35,1.4,0.95,0.98,0.79,0.4,8,4,1.36,1.24,1.35,1.09,Medium,High,1,4,5,211,0.51,3,2,1.8,Windy,12:30,2,1,2
M0710,Watford,Nottingham Forest,1.84,1.53,1.46,1.03,2.0,1.46,0.42,0.43,5,3,0.87,0.94,0.78,0.85,Medium,High,1,5,4,528,0.46,3,1,3.3,Foggy,14:00,2,2,1
M0711,Leeds United,West Ham,1.06,1.98,1.02,1.17,1.89,1.03,0.25,0.33,4,4,0.84,1.15,0.95,0.89,Medium,Medium,1,3,7,207,0.34,4,2,3.4,Foggy,17:30,1,0,2
M0712,Middlesbrough,Crystal Palace,2.03,2.12,1.54,0.86,1.33,1.48,0.52,0.32,3,3,1.07,0.98,0.89,0.75,Low,Medium,1,6,5,65,0.35,1,4,2.4,Foggy,12:30,1,1,1
M0713,Bournemouth,Nottingham Forest,1.37,1.31,0.96,1.14,1.74,1.83,0.29,0.35,3,4,0.89,0.9,1.0,0.76,High,Medium,1,6,3,220,0.52,3,1,2.0,Overcast,12:30,1,1,1
M0714,Newcastle,West Ham,2.45,1.5,1.7,1.09,1.32,1.48,0.53,0.32,7,4,1.06,0.88,1.05,1.07,High,Medium,1,4,7,107,0.28,3,4,1.9,Overcast,15:00,1,0,2
M0715,Nottingham Forest,Arsenal,1.06,1.96,0.99,1.73,2.07,1.13,0.27,0.52,3,5,0.83,1.28,0.9,1.27,High,Low,1,4,4,459,0.3,4,4,1.3,Overcast,16:30,0,2,0
M0716,Watford,Everton,1.59,2.12,1.44,1.41,1.77,1.5,0.48,0.42,6,4,0.84,0.87,0.85,0.83,High,Medium,1,4,6,586,0.54,0,2,2.3,Foggy,16:30,2,1,2
M0717,Brighton,Tottenham,1.59,2.69,1.73,1.48,1.12,1.37,0.62,0.51,6,5,1.1,1.18,0.95,1.07,High,Medium,1,3,6,537,0.32,0,0,3.0,Rainy,16:30,2,1,2
M0718,West Ham,Middlesbrough,1.67,1.65,1.26,1.13,0.87,1.56,0.49,0.4,3,4,0.83,0.99,1.0,0.86,High,Low,1,4,4,399,0.32,3,0,1.5,Overcast,15:00,2,1,2
M0719,Manchester City,Newcastle,3.0,1.77,2.07,1.42,1.07,1.67,0.53,0.48,7,4,1.4,1.14,1.18,1.12,High,High,1,4,6,448,0.29,3,4,3.1,Foggy,12:30,3,1,2
M0720,West Ham,Everton,2.01,1.34,1.46,1.18,1.56,1.63,0.43,0.35,6,3,1.05,0.91,1.0,0.79,Medium,Medium,1,5,7,578,0.69,2,3,2.5,Foggy,20:00,1,1,1
M0721,Everton,Chelsea,2.07,1.9,1.41,1.83,1.94,1.3,0.36,0.6,7,5,0.95,1.21,0.84,1.29,High,Medium,1,3,3,443,0.54,4,1,2.1,Overcast,14:00,1,2,0
M0722,Brighton,Brentford,1.48,1.68,1.6,1.9,1.5,1.53,0.52,0.74,5,6,1.13,1.12,1.06,0.95,High,Medium,1,6,4,44,0.43,2,0,3.2,Overcast,12:30,2,2,1
M0723,Leicester City,Everton,1.57,2.01,1.29,0.96,1.73,1.71,0.47,0.3,3,2,0.91,0.93,0.93,0.98,High,Low,1,3,6,185,0.66,1,3,1.7,Windy,20:00,2,0,2
M0724,Middlesbrough,Luton Town,1.45,0.79,1.15,0.87,1.43,1.79,0.3,0.44,6,2,0.93,0.75,0.76,0.77,High,High,1,7,7,557,0.39,1,1,2.2,Clear,20:00,2,0,2
M0725,Manchester City,Tottenham,2.26,2.05,2.38,1.68,0.92,1.06,0.72,0.55,6,4,1.36,1.16,1.19,0.98,Medium,High,1,4,5,274,0.39,3,0,2.2,Windy,19:45,2,1,2
M0726,Luton Town,Stoke City,1.38,1.86,0.87,1.2,2.08,1.99,0.26,0.46,3,4,0.82,0.75,0.75,0.75,High,High,1,6,7,325,0.73,1,3,1.5,Foggy,16:30,1,1,1
M0727,West Ham,Stoke City,1.74,1.65,1.66,1.6,1.39,1.75,0.46,0.63,6,7,1.09,0.82,0.99,0.8,Medium,Low,1,7,5,139,0.52,3,0,2.6,Rainy,16:30,1,1,1
M0728,Everton,Liverpool,1.78,2.25,1.3,1.59,1.59,1.36,0.43,0.5,4,5,0.96,1.32,1.01,1.11,High,Low,1,7,6,100,0.43,1,0,2.7,Rainy,19:45,1,1,1
M0729,Stoke City,Wolverhampton,1.13,1.8,1.67,1.08,1.79,1.1,0.51,0.39,7,4,0.75,0.78,0.85,0.86,High,Medium,1,6,3,139,0.56,2,1,1.2,Windy,20:00,1,0,2
M0730,Aston Villa,Middlesbrough,1.7,2.27,1.69,1.35,1.44,1.72,0.6,0.42,6,5,1.2,0.93,1.1,0.75,High,Medium,1,3,7,431,0.67,3,2,3.3,Windy,15:00,2,1,2
M0731,Manchester City,Southampton,3.0,0.91,1.83,1.24,0.73,1.8,0.58,0.34,6,4,1.37,0.84,1.29,0.79,Medium,Low,1,7,5,542,0.53,2,1,1.5,Rainy,14:00,2,2,1
M0732,Chelsea,Fulham,2.04,0.95,1.87,0.96,1.36,1.49,0.54,0.37,7,2,1.2,0.93,1.13,1.07,High,Medium,1,5,5,120,0.63,0,4,2.3,Overcast,19:45,1,1,1
M0733,Nottingham Forest,Brighton,2.21,1.95,1.41,1.58,1.51,1.07,0.32,0.49,5,4,0.84,1.07,0.89,0.93,Low,Medium,1,3,5,130,0.66,0,1,1.4,Rainy,16:30,2,3,0
M0734,Manchester City,Middlesbrough,2.74,2.28,2.28,1.29,0.99,2.05,0.7,0.4,8,4,1.4,0.94,1.34,0.76,Low,High,1,3,4,137,0.55,4,4,2.6,Clear,12:30,2,1,2
M0735,Arsenal,Brighton,2.03,2.84,2.06,1.23,1.17,1.15,0.73,0.45,7,3,1.4,1.12,1.32,0.94,Low,High,1,5,7,82,0.61,2,0,2.5,Rainy,14:00,3,1,2
M0736,Leicester City,Fulham,2.17,1.1,1.28,1.2,1.9,1.48,0.38,0.4,5,4,0.92,1.06,0.88,0.87,Medium,Medium,1,6,7,87,0.61,3,0,3.4,Clear,17:30,2,1,2
M0737,Liverpool,Southampton,1.59,1.62,2.13,1.19,0.88,1.64,0.62,0.32,5,4,1.21,0.8,1.25,0.76,Low,Medium,1,3,3,216,0.65,4,0,2.7,Foggy,16:30,2,0,2
M0738,Leicester City,Chelsea,2.14,2.21,1.25,1.38,1.76,1.15,0.5,0.32,5,5,0.85,1.21,0.94,1.14,Medium,Medium,1,6,5,437,0.58,0,3,3.0,Rainy,12:30,0,2,0
M0739,Brighton,Sheffield Utd,2.46,0.69,1.4,1.33,1.47,1.85,0.39,0.5,5,3,1.12,0.75,1.21,0.75,High,Medium,1,7,5,190,0.39,1,0,2.6,Overcast,19:45,2,2,1
M0740,Brentford,Burnley,1.88,1.55,1.51,1.2,1.18,1.95,0.48,0.38,5,3,1.14,0.94,0.86,0.89,Medium,Medium,1,6,5,443,0.61,1,1,2.7,Foggy,14:00,1,2,0
M0741,Manchester City,Liverpool,2.5,2.34,2.4,1.98,1.29,1.04,0.75,0.58,6,6,1.39,1.15,1.35,1.3,Medium,High,1,3,4,589,0.64,3,3,2.0,Clear,15:00,2,2,1
M0742,Luton Town,Bournemouth,1.07,1.57,1.23,1.39,1.93,1.68,0.34,0.36,5,5,0.87,0.89,0.75,0.97,Low,Medium,1,5,6,503,0.48,0,2,1.3,Clear,12:30,1,1,1
M0743,Leicester City,Nottingham Forest,1.85,1.89,1.32,1.53,1.44,1.61,0.42,0.56,5,5,0.78,1.1,0.75,0.83,Low,High,1,3,5,545,0.67,3,1,2.1,Overcast,19:45,1,2,0
M0744,Middlesbrough,Everton,1.39,1.3,1.5,1.43,1.39,1.48,0.53,0.44,4,4,0.75,0.99,0.8,0.84,Low,Low,1,4,5,243,0.61,3,3,2.2,Overcast,16:30,1,1,1
M0745,Leicester City,Wolverhampton,1.43,0.91,1.15,1.04,1.7,1.59,0.35,0.46,3,3,0.85,0.87,0.78,0.75,Medium,High,1,5,3,567,0.72,4,1,2.3,Foggy,17:30,1,0,2
M0746,Fulham,Southampton,2.02,1.14,1.52,1.1,1.64,2.1,0.44,0.4,5,2,1.05,0.76,0.9,0.83,Medium,High,1,3,4,569,0.38,1,3,1.7,Windy,20:00,2,0,2
M0747,Aston Villa,Newcastle,2.21,2.11,1.84,1.41,1.63,1.54,0.63,0.34,5,3,0.94,0.99,1.08,1.09,Medium,High,1,7,5,146,0.39,4,3,2.5,Overcast,12:30,0,2,0
M0748,Wolverhampton,Sheffield Utd,2.19,1.43,1.48,0.86,1.9,1.73,0.63,0.26,5,2,1.09,0.78,0.91,0.81,Medium,High,1,6,7,55,0.68,3,3,3.2,Clear,15:00,1,0,2
M0749,Aston Villa,Bournemouth,2.07,1.51,1.68,1.17,1.62,1.76,0.54,0.42,5,4,1.08,0.98,1.14,0.75,Medium,Medium,1,6,6,277,0.71,0,4,1.7,Foggy,12:30,2,0,2
M0750,Fulham,West Ham,2.53,2.14,1.26,1.1,1.71,1.46,0.38,0.3,4,3,0.9,0.79,0.83,0.97,High,Low,1,3,6,257,0.42,0,2,3.4,Foggy,14:00,1,1,1
M0751,Wolverhampton,Stoke City,1.3,1.65,1.35,1.19,1.8,1.66,0.36,0.52,4,3,0.92,0.75,1.0,0.79,Medium,Medium,1,5,3,458,0.62,2,3,3.1,Clear,15:00,1,1,1
M0752,Watford,Liverpool,0.79,2.03,1.32,1.76,1.84,1.23,0.33,0.63,4,7,0.78,1.26,0.75,1.19,Medium,High,1,4,5,227,0.37,1,0,3.4,Overcast,16:30,2,2,1
M0753,Crystal Palace,Leeds United,1.84,1.18,1.59,1.08,1.69,1.67,0.46,0.38,5,2,0.96,0.93,0.8,0.8,Medium,Medium,1,4,7,228,0.63,1,1,3.2,Rainy,14:00,2,3,0
M0754,Luton Town,Wolverhampton,1.93,2.2,1.56,1.25,1.83,0.8,0.49,0.42,6,4,0.79,0.97,0.75,0.83,High,Medium,1,5,7,167,0.73,0,1,1.8,Windy,17:30,2,2,1
M0755,Brentford,Sheffield Utd,1.64,1.57,1.75,0.88,1.17,1.7,0.49,0.21,6,2,1.04,0.78,1.0,0.8,High,High,1,6,5,267,0.61,1,3,3.2,Rainy,17:30,1,2,0
M0756,Leicester City,Leeds United,1.83,1.38,1.78,1.43,1.6,1.36,0.49,0.47,6,4,0.83,0.83,0.82,0.75,High,Low,1,5,3,225,0.33,0,0,2.0,Overcast,14:00,2,2,1
M0757,Liverpool,Brentford,2.51,2.47,2.3,1.51,1.06,1.78,0.82,0.5,6,5,1.26,0.95,1.2,0.92,Medium,High,1,4,4,125,0.5,1,2,2.6,Rainy,20:00,3,1,2
M0758,Luton Town,Newcastle,1.35,0.97,1.14,1.75,1.66,1.35,0.28,0.46,4,6,0.8,1.17,0.75,1.01,Medium,Medium,1,7,3,199,0.42,4,2,3.4,Rainy,12:30,1,1,1
M0759,Leicester City,Crystal Palace,1.52,1.22,1.5,0.96,1.9,1.55,0.37,0.34,6,4,0.96,0.96,0.79,0.93,Medium,High,1,5,4,356,0.62,0,4,2.1,Foggy,15:00,2,2,1
M0760,Arsenal,Tottenham,1.94,1.99,2.15,0.94,0.89,1.49,0.73,0.29,6,3,1.29,0.99,1.19,1.06,Low,Medium,1,4,5,119,0.39,4,1,2.6,Clear,19:45,2,0,2
M0761,Newcastle,Stoke City,1.81,1.53,1.58,1.17,1.43,1.69,0.57,0.23,5,4,1.26,0.87,1.05,0.76,High,High,1,3,7,254,0.37,1,4,2.6,Overcast,15:00,1,2,0
M0762,Manchester City,Sheffield Utd,2.57,2.17,2.0,0.77,1.35,1.96,0.53,0.26,6,3,1.4,0.86,1.15,0.82,Medium,Medium,1,4,6,318,0.36,4,2,1.2,Foggy,16:30,2,1,2
M0763,West Ham,Nottingham Forest,2.47,2.02,1.31,0.76,1.41,1.55,0.43,0.21,4,2,1.12,0.86,0.96,0.89,Medium,High,1,4,3,428,0.42,2,0,3.3,Overcast,17:30,2,1,2
M0764,Everton,Burnley,1.04,2.26,1.77,0.83,1.34,1.93,0.57,0.18,7,4,1.0,0.75,0.92,0.75,Low,High,1,7,6,50,0.75,3,4,2.6,Overcast,15:00,1,1,1
M0765,Newcastle,Fulham,1.61,1.6,1.72,1.47,1.35,1.41,0.53,0.52,5,5,1.17,0.89,0.94,0.97,High,Medium,1,5,7,408,0.62,3,1,2.2,Foggy,12:30,1,2,0
M0766,Aston Villa,Burnley,1.41,1.76,1.74,1.11,1.62,1.71,0.56,0.47,5,3,1.1,0.78,1.15,0.87,High,Medium,1,7,3,63,0.54,1,3,2.4,Rainy,20:00,1,1,1
M0767,Southampton,Leeds United,1.33,1.62,1.32,1.4,1.96,1.68,0.41,0.45,4,4,0.82,0.75,0.85,0.79,Medium,Low,1,6,4,427,0.63,3,4,3.3,Clear,16:30,0,0,1
M0768,Manchester City,Burnley,2.09,1.86,2.04,1.05,1.32,1.87,0.66,0.31,7,3,1.28,0.83,1.24,0.75,Low,Medium,1,5,4,402,0.46,3,0,2.0,Clear,15:00,2,0,2
M0769,Wolverhampton,Sheffield Utd,1.38,1.39,1.14,1.23,1.61,1.89,0.28,0.43,4,3,0.97,0.76,0.91,0.82,Low,Low,1,5,3,46,0.64,3,4,2.7,Windy,16:30,1,2,0
M0770,Leeds United,Sheffield Utd,1.57,1.29,1.15,1.04,1.62,2.01,0.39,0.24,3,2,0.76,0.78,0.75,0.82,High,Low,1,5,3,339,0.54,1,0,2.8,Clear,16:30,1,0,2
M0771,Middlesbrough,Watford,1.59,0.99,1.01,1.31,1.94,1.84,0.32,0.43,4,5,0.75,0.75,0.83,0.78,High,Low,1,7,4,551,0.67,0,4,3.1,Overcast,17:30,1,1,1
M0772,Watford,Fulham,2.16,1.62,1.31,1.09,2.08,1.71,0.47,0.3,4,3,0.82,1.06,0.78,0.95,Medium,Medium,1,4,3,273,0.73,2,4,2.8,Clear,16:30,1,2,0
M0773,Wolverhampton,Bournemouth,2.04,1.65,1.57,1.46,1.72,1.51,0.53,0.45,5,4,0.98,0.88,0.99,0.77,High,Medium,1,3,4,107,0.48,4,0,2.2,Foggy,14:00,2,1,2
M0774,Everton,Leeds United,1.64,1.81,1.83,1.44,1.22,1.7,0.57,0.31,7,5,0.93,0.99,0.99,0.75,Low,Medium,1,3,5,31,0.35,3,0,1.5,Clear,19:45,2,1,2
M0775,Brentford,Chelsea,1.68,2.2,1.9,1.63,1.78,1.31,0.67,0.42,5,5,0.89,1.18,0.91,1.17,Low,High,1,5,7,364,0.63,0,0,2.3,Foggy,19:45,1,0,2
M0776,Luton Town,Newcastle,1.16,1.67,1.22,1.55,1.67,1.29,0.35,0.46,3,4,0.83,1.08,0.75,1.08,High,High,1,4,3,275,0.56,3,0,2.7,Overcast,17:30,2,3,0
M0777,West Ham,Brentford,1.79,2.15,1.29,1.1,1.53,1.64,0.49,0.34,5,2,1.03,1.01,0.97,0.8,Low,High,1,4,5,250,0.45,0,4,1.4,Overcast,15:00,1,1,1
M0778,Newcastle,Luton Town,2.45,1.16,1.36,1.3,1.3,1.73,0.35,0.47,6,4,1.1,0.87,1.16,0.86,Medium,High,1,5,4,465,0.38,0,4,3.1,Rainy,14:00,2,1,2
M0779,Brighton,Wolverhampton,2.09,1.37,1.89,0.99,1.5,1.78,0.57,0.24,5,3,1.06,1.04,0.77,1.03,Low,High,1,3,6,442,0.65,4,4,3.4,Windy,16:30,1,1,1
M0780,Luton Town,Brentford,1.02,1.61,1.68,1.02,1.96,1.44,0.56,0.33,5,3,0.84,1.07,0.75,0.94,Medium,High,1,6,7,447,0.34,2,3,2.6,Foggy,19:45,1,1,1
M0781,Stoke City,Sheffield Utd,1.62,0.77,1.26,1.23,1.64,1.85,0.47,0.37,3,4,0.75,0.75,0.77,0.75,High,High,1,4,3,565,0.72,2,4,3.1,Clear,16:30,1,2,0
M0782,Aston Villa,Southampton,3.0,2.1,1.66,1.1,1.5,1.73,0.67,0.39,5,2,1.17,0.91,1.04,0.75,Medium,Medium,1,4,3,321,0.62,4,0,1.7,Clear,12:30,2,2,1
M0783,Bournemouth,Fulham,1.91,2.23,1.24,1.24,1.5,1.4,0.31,0.29,4,4,0.92,0.8,0.95,1.06,High,Low,1,4,3,561,0.34,2,1,1.3,Windy,17:30,0,2,0
M0784,Liverpool,Southampton,2.82,1.3,1.92,0.98,1.59,1.65,0.63,0.24,8,3,1.21,0.75,1.2,0.8,High,Medium,1,5,4,32,0.47,3,3,1.4,Foggy,17:30,0,0,1
M0785,Tottenham,Leeds United,2.56,1.24,1.85,0.62,1.46,1.77,0.64,0.18,6,2,1.15,0.88,1.13,0.92,High,Medium,1,3,3,538,0.5,1,1,1.4,Rainy,12:30,2,1,2
M0786,Luton Town,Watford,1.49,1.6,1.08,0.63,1.87,1.54,0.32,0.18,3,2,0.75,0.84,0.75,0.75,Low,High,1,6,5,593,0.55,2,3,2.2,Windy,20:00,2,0,2
M0787,Tottenham,West Ham,2.01,1.97,1.81,1.32,1.41,1.29,0.65,0.46,7,4,1.33,1.06,0.96,0.92,Medium,Medium,1,4,4,581,0.55,0,2,2.0,Overcast,16:30,3,2,2
M0788,Burnley,Crystal Palace,1.15,1.69,1.2,1.21,1.78,1.49,0.42,0.33,4,5,0.78,1.0,0.77,0.88,Medium,Medium,1,6,3,81,0.39,4,1,3.3,Clear,20:00,0,3,0
M0789,Liverpool,Luton Town,2.33,1.52,2.04,0.7,1.21,1.63,0.68,0.31,7,2,1.2,0.89,1.25,0.75,High,Medium,1,7,7,438,0.59,2,0,2.7,Foggy,19:45,3,1,2
M0790,Newcastle,Southampton,1.96,1.31,1.9,0.95,1.09,1.93,0.65,0.22,6,4,1.18,1.0,0.99,0.75,High,High,1,7,3,472,0.49,4,4,2.5,Clear,19:45,3,2,2
M0791,Watford,Liverpool,1.05,2.02,0.9,1.59,1.66,0.76,0.27,0.53,4,5,0.95,1.22,0.76,1.26,Medium,Medium,1,7,3,381,0.33,3,1,1.6,Clear,12:30,0,1,0
M0792,Brentford,Bournemouth,1.98,1.01,1.58,1.18,1.57,2.13,0.46,0.3,6,3,0.98,0.97,0.9,0.75,Low,Medium,1,4,4,111,0.47,0,2,2.1,Clear,14:00,1,1,1
M0793,Brighton,Sheffield Utd,1.83,2.21,1.43,1.04,1.05,2.14,0.47,0.37,5,2,1.14,0.78,1.16,0.75,High,Medium,1,3,4,412,0.49,4,3,1.2,Windy,19:45,1,1,1
M0794,Chelsea,Wolverhampton,2.19,2.06,1.89,1.66,1.18,1.71,0.5,0.5,6,4,1.26,0.82,1.13,0.87,High,High,1,3,4,90,0.65,1,0,1.5,Overcast,12:30,1,1,1
M0795,Watford,Aston Villa,1.54,1.54,1.09,1.63,1.69,1.28,0.4,0.56,4,6,0.95,1.14,0.75,1.06,Low,High,1,6,5,359,0.38,2,4,3.4,Clear,16:30,1,2,0
M0796,Sheffield Utd,Brentford,1.09,0.94,1.23,1.41,1.66,1.4,0.44,0.49,3,5,0.75,0.99,0.78,0.89,High,Low,1,4,4,409,0.32,3,4,2.3,Rainy,20:00,1,1,1
M0797,Wolverhampton,Liverpool,1.94,1.63,1.33,1.93,1.47,1.21,0.44,0.57,3,7,0.97,1.31,0.88,1.21,Medium,High,1,5,4,34,0.28,1,0,2.2,Clear,16:30,1,2,0
M0798,Nottingham Forest,Sheffield Utd,1.81,1.48,1.39,1.11,1.67,2.1,0.39,0.36,4,1,0.89,0.75,0.97,0.82,Medium,Low,1,6,7,85,0.41,3,0,2.5,Clear,14:00,1,0,2
M0799,Luton Town,Burnley,0.61,2.13,1.69,0.9,1.76,1.86,0.46,0.39,5,3,0.75,0.94,0.75,0.92,Medium,Medium,1,3,5,509,0.27,1,1,3.5,Windy,14:00,1,1,1
M0800,Burnley,West Ham,1.51,1.88,1.1,1.07,1.93,1.7,0.3,0.35,4,5,0.8,0.92,0.75,0.99,High,Medium,1,6,5,295,0.27,4,1,1.9,Overcast,14:00,0,2,0
M0801,Nottingham Forest,Everton,1.22,1.31,1.45,1.35,1.52,1.64,0.48,0.4,4,2,0.89,0.91,0.86,0.93,Medium,High,1,3,3,463,0.56,1,1,2.4,Rainy,15:00,2,2,1
M0802,Leeds United,Manchester City,1.14,2.13,1.34,1.73,1.68,0.95,0.4,0.56,5,4,0.91,1.38,0.88,1.24,Medium,Medium,1,7,3,236,0.53,1,0,1.3,Windy,14:00,1,2,0
M0803,Leeds United,Tottenham,1.8,2.69,1.72,1.48,1.83,1.39,0.47,0.48,6,5,0.92,1.09,1.0,1.04,Medium,High,1,6,3,483,0.25,4,2,1.3,Windy,14:00,2,2,1
M0804,Newcastle,Southampton,1.68,1.47,1.66,0.99,1.47,1.57,0.53,0.26,7,4,1.1,0.94,1.13,0.75,Medium,Medium,1,6,6,460,0.32,4,0,3.1,Windy,14:00,2,2,1
M0805,Brighton,Stoke City,1.35,1.87,1.55,0.85,1.6,1.55,0.36,0.35,5,3,1.17,0.86,1.01,0.88,Medium,High,1,7,4,526,0.62,4,2,3.1,Foggy,14:00,2,1,2
M0806,Watford,Leicester City,1.02,1.8,1.13,0.98,1.65,2.09,0.26,0.24,4,4,0.84,0.79,0.8,0.87,High,Medium,1,6,3,163,0.3,4,4,2.8,Foggy,14:00,0,0,1
M0807,Liverpool,Crystal Palace,1.96,1.37,1.91,1.4,1.23,1.58,0.57,0.37,6,2,1.39,1.1,1.32,0.75,Medium,High,1,6,5,206,0.66,1,2,2.1,Windy,20:00,1,1,1
M0808,Leicester City,Burnley,0.7,1.37,1.54,1.29,1.54,1.56,0.56,0.43,6,4,0.85,0.86,0.75,0.75,High,Medium,1,7,5,440,0.4,4,4,2.4,Rainy,17:30,2,1,2
M0809,Leicester City,Wolverhampton,1.35,1.14,0.94,1.01,1.83,1.91,0.29,0.32,2,2,0.92,0.99,0.94,0.98,High,Low,1,6,3,423,0.45,0,0,2.2,Rainy,16:30,1,0,2
M0810,Wolverhampton,West Ham,1.37,2.35,1.18,1.29,1.47,1.77,0.41,0.36,4,4,0.86,1.03,0.95,0.97,Medium,Medium,1,6,7,165,0.4,0,2,1.4,Windy,16:30,1,2,0
M0811,Newcastle,Brentford,2.22,1.56,1.78,0.97,1.17,1.53,0.62,0.39,6,4,1.36,0.85,1.2,0.96,Low,Low,1,3,3,493,0.26,1,3,1.6,Foggy,16:30,2,0,2
M0812,Aston Villa,Burnley,1.89,1.4,2.07,1.2,1.33,1.54,0.64,0.33,8,3,1.09,0.87,1.03,0.9,Medium,Medium,1,3,7,517,0.55,4,3,1.5,Rainy,16:30,3,1,2
M0813,Liverpool,Brighton,1.98,2.36,1.81,1.37,1.35,1.27,0.5,0.51,6,3,1.4,1.06,1.31,1.03,Medium,Low,1,7,5,49,0.69,4,4,1.3,Windy,12:30,2,2,1
M0814,West Ham,Tottenham,1.41,1.48,1.76,1.55,1.84,1.54,0.46,0.42,5,5,1.03,1.14,0.99,1.16,High,High,1,6,6,512,0.39,3,3,2.0,Rainy,12:30,1,1,1
M0815,Wolverhampton,Middlesbrough,1.56,2.42,1.28,1.1,1.87,1.75,0.38,0.23,4,4,1.01,0.77,0.9,0.76,Medium,High,1,4,4,469,0.27,2,4,2.1,Foggy,14:00,1,2,0
M0816,Bournemouth,Brentford,1.83,1.68,1.52,1.08,1.64,1.31,0.5,0.41,4,2,0.85,0.93,0.93,0.94,Low,Medium,1,6,7,542,0.32,1,3,3.1,Rainy,19:45,1,2,0
M0817,Luton Town,Arsenal,2.28,1.93,1.27,1.94,2.05,1.4,0.46,0.66,4,6,0.83,1.32,0.75,1.24,High,Medium,1,6,5,309,0.69,4,3,1.3,Foggy,16:30,2,0,2
M0818,Luton Town,Fulham,1.4,1.62,1.31,1.02,1.82,1.65,0.23,0.29,5,2,0.78,0.96,0.75,0.95,Medium,Medium,1,3,5,535,0.55,4,4,1.9,Foggy,19:45,1,0,2
M0819,Newcastle,Wolverhampton,2.14,1.41,1.71,1.49,1.13,1.76,0.63,0.35,5,4,1.18,1.01,1.04,0.83,Low,Medium,1,7,3,371,0.62,4,4,1.4,Foggy,20:00,2,0,2
M0820,Everton,Leeds United,1.71,1.35,1.49,0.65,1.98,1.83,0.52,0.2,4,1,0.8,0.76,0.99,0.84,High,Medium,1,7,7,177,0.44,4,1,1.7,Foggy,20:00,2,0,2
M0821,Brentford,Southampton,2.54,0.96,1.56,1.28,1.34,1.91,0.42,0.39,4,4,1.03,1.03,0.89,0.88,High,Medium,1,4,3,204,0.67,1,0,1.9,Rainy,20:00,3,2,2
M0822,Fulham,Bournemouth,1.72,1.49,1.6,1.22,1.26,1.74,0.53,0.35,5,5,0.97,0.95,1.03,0.82,High,High,1,3,5,524,0.73,0,1,3.4,Rainy,14:00,2,1,2
M0823,Nottingham Forest,Liverpool,1.32,2.93,1.58,1.3,1.4,0.96,0.43,0.37,6,3,0.75,1.26,0.93,1.32,High,Medium,1,5,5,466,0.51,2,3,3.4,Foggy,14:00,1,3,0
M0824,Brighton,Nottingham Forest,1.88,1.2,1.66,1.22,0.96,1.86,0.46,0.33,5,3,1.09,0.94,0.94,0.81,Medium,Low,1,7,4,479,0.37,4,3,3.4,Overcast,20:00,2,1,2
M0825,Manchester City,Crystal Palace,1.59,1.38,1.9,0.93,1.25,1.58,0.6,0.31,7,2,1.4,0.98,1.28,0.8,Medium,Medium,1,3,6,242,0.4,3,3,2.8,Windy,15:00,2,0,2
M0826,Southampton,Luton Town,1.27,1.7,1.58,1.21,1.78,2.2,0.52,0.36,5,4,0.87,0.8,0.83,0.84,High,Medium,1,3,5,131,0.36,2,2,2.7,Windy,20:00,2,0,2
M0827,West Ham,Luton Town,1.97,1.88,1.53,1.06,1.74,1.87,0.47,0.3,4,4,1.23,0.8,0.97,0.75,High,Low,1,5,3,423,0.6,1,0,2.5,Overcast,17:30,1,2,0
M0828,Sheffield Utd,Middlesbrough,1.11,1.84,1.12,1.16,2.03,1.88,0.31,0.39,4,5,0.92,0.89,0.76,0.78,Medium,High,1,7,7,587,0.27,1,3,3.4,Foggy,15:00,2,1,2
M0829,Sheffield Utd,Middlesbrough,1.86,1.59,1.12,1.15,2.02,1.88,0.36,0.33,3,5,0.81,0.99,0.75,0.89,Low,Low,1,6,5,173,0.68,3,0,1.5,Windy,15:00,1,1,1
M0830,Aston Villa,Manchester City,1.34,2.14,1.37,2.18,1.16,1.3,0.38,0.74,5,7,1.07,1.28,1.15,1.18,High,High,1,4,7,361,0.25,1,2,2.0,Overcast,14:00,3,1,2
M0831,Middlesbrough,Brentford,1.82,1.66,1.06,1.21,1.93,1.9,0.33,0.38,3,4,0.87,1.06,0.77,1.01,Medium,High,1,6,5,232,0.32,0,0,1.8,Foggy,17:30,0,1,0
M0832,Fulham,Aston Villa,2.52,2.3,1.56,1.43,1.47,1.5,0.42,0.45,5,5,0.93,0.96,0.9,1.04,Medium,Medium,1,4,3,349,0.35,0,2,1.4,Clear,16:30,2,2,1
M0833,Wolverhampton,Newcastle,1.0,1.31,1.87,1.5,1.83,1.44,0.67,0.49,6,4,0.9,1.19,0.85,1.07,Medium,Medium,1,3,4,468,0.66,1,1,3.3,Clear,16:30,2,1,2
M0834,Stoke City,Aston Villa,1.56,1.99,1.29,1.51,2.06,1.31,0.36,0.54,6,4,0.88,1.11,0.79,1.0,Medium,High,1,4,3,443,0.45,0,0,1.9,Rainy,16:30,1,1,1
M0835,Arsenal,Tottenham,2.71,2.03,2.12,1.39,1.17,1.19,0.68,0.46,9,5,1.3,1.37,1.3,1.18,High,Medium,1,3,3,77,0.68,0,1,1.8,Rainy,15:00,2,2,1
M0836,Brighton,Leeds United,2.06,1.76,1.19,1.57,1.42,1.65,0.36,0.44,4,4,1.07,0.89,0.99,0.9,High,Low,1,7,6,468,0.65,1,2,2.5,Windy,17:30,1,2,0
M0837,Chelsea,Middlesbrough,2.52,0.64,1.87,1.53,1.1,1.57,0.67,0.41,6,6,1.15,0.8,1.03,0.75,Medium,Low,1,3,5,211,0.75,3,2,3.1,Foggy,14:00,2,2,1
M0838,Everton,Newcastle,1.47,2.24,1.38,1.39,1.79,1.23,0.48,0.47,5,4,0.84,1.18,0.84,1.11,Medium,Low,1,5,6,474,0.61,1,2,1.7,Foggy,20:00,1,0,2
M0839,Tottenham,Leeds United,2.45,1.17,2.1,0.84,1.38,1.88,0.74,0.21,5,4,1.17,0.88,1.05,0.81,Medium,Medium,1,6,4,590,0.72,2,2,1.7,Rainy,17:30,1,1,1
M0840,Wolverhampton,Brighton,1.61,1.86,1.48,1.16,1.47,1.35,0.37,0.38,4,3,0.93,0.94,0.91,1.04,Low,Medium,1,7,3,133,0.45,4,1,2.8,Clear,12:30,1,2,0
M0841,Aston Villa,Leicester City,2.07,1.67,1.55,0.73,1.43,1.25,0.47,0.31,6,1,1.11,0.86,1.11,0.78,High,High,1,4,3,322,0.45,1,4,3.0,Windy,17:30,2,2,1
M0842,Tottenham,Middlesbrough,1.4,1.19,2.03,1.53,1.21,2.06,0.66,0.58,6,4,1.15,0.75,1.13,0.75,High,High,1,7,5,547,0.67,0,0,1.6,Windy,20:00,3,1,2
M0843,Luton Town,Nottingham Forest,1.79,1.84,1.3,1.17,1.77,1.44,0.41,0.4,4,4,0.76,0.93,0.78,0.75,High,Medium,1,4,7,308,0.62,0,0,1.6,Overcast,16:30,2,1,2
M0844,Leeds United,Wolverhampton,1.82,1.15,1.42,1.56,1.67,1.61,0.51,0.51,5,4,0.82,0.75,0.87,0.8,High,High,1,5,7,123,0.3,0,2,2.5,Foggy,20:00,1,0,2
M0845,Chelsea,Fulham,1.66,1.01,1.92,1.23,0.88,1.46,0.54,0.41,7,5,1.33,0.98,1.24,0.98,High,High,1,3,4,294,0.5,2,2,2.5,Overcast,12:30,2,2,1
M0846,Wolverhampton,Chelsea,1.48,1.67,1.29,1.31,1.88,1.15,0.42,0.48,5,4,0.76,1.22,0.98,1.05,High,Low,1,3,7,346,0.71,0,1,1.9,Windy,20:00,2,1,2
M0847,Leicester City,Luton Town,1.62,1.28,1.46,1.11,1.34,1.79,0.44,0.38,3,3,0.89,0.75,0.92,0.75,Medium,Medium,1,5,6,222,0.55,1,4,3.0,Clear,12:30,2,1,2
M0848,Sheffield Utd,Liverpool,1.19,2.01,1.39,0.79,2.06,1.4,0.47,0.28,6,3,0.84,1.34,0.75,1.31,Medium,Low,1,4,6,98,0.45,2,2,2.0,Rainy,15:00,1,0,2
M0849,Brentford,Manchester City,2.37,2.44,1.47,2.15,1.79,1.24,0.39,0.63,4,6,1.06,1.31,0.9,1.32,Medium,Low,1,4,3,61,0.43,4,2,2.2,Rainy,20:00,2,2,1
M0850,Crystal Palace,Burnley,1.65,1.73,1.74,1.08,1.54,1.57,0.51,0.36,5,3,1.03,0.85,0.92,0.8,High,High,1,5,3,257,0.25,3,4,2.7,Windy,14:00,2,1,2
M0851,Watford,Leicester City,0.81,1.81,1.3,1.12,1.57,1.44,0.33,0.39,3,1,0.84,0.84,0.82,0.86,Medium,High,1,7,3,154,0.43,1,1,1.7,Foggy,15:00,2,2,1
M0852,Brentford,Arsenal,1.36,2.2,1.75,1.44,1.33,1.38,0.53,0.44,6,5,1.0,1.22,0.92,1.19,Medium,Medium,1,3,4,385,0.58,2,1,1.9,Windy,15:00,2,2,1
M0853,Luton Town,Tottenham,1.48,2.05,1.43,1.41,1.58,0.94,0.4,0.49,6,4,0.75,1.16,0.83,1.16,Low,High,1,5,3,324,0.71,2,1,1.9,Foggy,16:30,2,1,2
M0854,Middlesbrough,Leicester City,1.56,1.39,1.22,0.96,1.41,1.6,0.35,0.42,4,3,0.94,0.92,0.75,0.79,High,High,1,5,6,55,0.59,1,3,2.5,Clear,20:00,1,1,1
M0855,Leeds United,Sheffield Utd,1.43,0.77,1.32,1.57,1.79,2.2,0.4,0.48,5,4,1.02,0.75,0.83,0.75,High,Medium,1,7,5,221,0.54,0,3,2.6,Windy,19:45,1,1,1
M0856,Crystal Palace,Tottenham,1.0,1.98,1.25,1.6,1.55,1.11,0.35,0.52,3,5,0.93,1.16,0.87,1.12,Medium,Low,1,6,7,100,0.4,4,0,1.5,Overcast,20:00,2,2,1
M0857,Bournemouth,Middlesbrough,1.14,1.88,1.05,0.74,1.66,1.91,0.34,0.18,4,2,0.89,0.85,0.83,0.87,Medium,Low,1,4,4,338,0.51,0,2,1.4,Overcast,16:30,2,1,2
M0858,Brighton,Wolverhampton,1.66,1.45,1.53,1.43,1.54,1.41,0.51,0.45,3,4,1.14,0.93,1.01,0.89,Low,High,1,4,7,376,0.59,2,2,1.6,Overcast,14:00,2,2,1
M0859,Tottenham,Burnley,1.98,1.59,2.25,1.15,1.15,1.66,0.77,0.3,7,3,1.2,0.88,1.12,0.83,High,High,1,6,6,584,0.71,1,0,2.0,Overcast,19:45,2,2,1
M0860,Sheffield Utd,Aston Villa,0.2,2.17,1.39,1.44,2.05,1.5,0.47,0.46,5,3,0.75,1.1,0.77,0.9,High,High,1,6,3,79,0.3,1,1,1.7,Foggy,15:00,1,1,1
M0861,Sheffield Utd,Chelsea,1.98,2.17,1.34,1.86,1.87,1.33,0.49,0.67,3,6,0.76,1.29,0.75,1.13,Low,High,1,6,7,176,0.36,2,2,2.9,Overcast,15:00,1,1,1
M0862,Everton,Leeds United,1.36,1.21,1.53,0.69,1.57,1.95,0.43,0.23,5,2,0.92,0.75,0.95,0.78,Medium,Medium,1,3,3,492,0.74,3,3,2.8,Rainy,12:30,1,1,1
M0863,Southampton,Wolverhampton,1.56,1.69,0.99,1.05,1.95,1.37,0.29,0.33,2,2,0.79,0.89,0.78,0.99,Medium,Medium,1,6,3,425,0.56,3,3,1.7,Overcast,15:00,1,2,0
M0864,Liverpool,Luton Town,2.2,1.62,2.18,0.86,0.94,1.63,0.64,0.22,7,4,1.4,0.88,1.19,0.75,High,Low,1,4,6,374,0.64,1,4,2.9,Foggy,20:00,2,1,2
M0865,Watford,Manchester City,1.58,2.73,1.08,2.06,1.61,1.11,0.31,0.62,1,6,0.82,1.31,0.76,1.24,Medium,Medium,1,7,3,379,0.7,4,1,1.3,Clear,14:00,1,3,0
M0866,Everton,Crystal Palace,1.89,2.07,1.37,1.49,1.89,1.27,0.46,0.42,5,4,1.0,0.95,0.77,1.07,Low,Medium,1,5,6,351,0.72,3,4,2.3,Windy,16:30,0,1,0
M0867,Luton Town,Wolverhampton,1.61,1.93,1.31,1.0,1.81,1.71,0.38,0.39,3,5,0.75,0.82,0.75,0.91,Low,Low,1,4,3,461,0.63,3,3,2.8,Overcast,19:45,2,0,2
M0868,Watford,Arsenal,1.09,1.96,1.37,2.04,1.79,1.28,0.44,0.65,3,7,0.82,1.29,0.82,1.26,Low,Medium,1,3,5,383,0.74,4,3,3.2,Overcast,16:30,2,2,1
M0869,Watford,Southampton,1.58,1.5,1.33,1.41,1.92,1.95,0.3,0.4,6,4,0.84,0.77,0.75,0.75,Medium,Low,1,5,5,95,0.61,3,3,2.1,Windy,12:30,1,2,0
M0870,Brighton,Watford,2.45,2.11,1.97,1.04,1.42,1.9,0.73,0.31,6,3,1.1,0.82,1.12,0.75,High,Low,1,4,6,289,0.64,4,1,1.7,Overcast,17:30,2,0,2
M0871,Everton,Arsenal,2.13,2.15,1.8,1.52,1.43,1.03,0.56,0.45,6,5,0.87,1.38,0.83,1.18,Medium,Low,1,4,3,409,0.71,2,4,2.8,Clear,12:30,2,1,2
M0872,Sheffield Utd,Crystal Palace,1.42,1.53,1.05,1.17,2.2,1.67,0.33,0.36,4,4,0.75,1.01,0.76,0.81,Medium,Medium,1,3,7,79,0.36,4,4,2.5,Clear,16:30,1,1,1
M0873,Brentford,Chelsea,1.78,2.3,1.11,1.86,1.34,1.51,0.36,0.54,3,5,0.94,1.19,0.92,1.21,Medium,High,1,7,3,135,0.71,4,2,2.1,Windy,12:30,0,2,0
M0874,Burnley,West Ham,2.51,2.07,1.19,1.23,1.36,1.57,0.47,0.46,3,4,0.81,0.93,0.83,0.99,Medium,Low,1,6,7,462,0.31,4,4,2.3,Windy,17:30,0,2,0
M0875,Leicester City,Aston Villa,1.44,1.78,1.81,1.63,1.65,0.97,0.48,0.65,6,5,0.81,1.18,0.76,1.0,Medium,High,1,5,4,403,0.73,1,4,2.7,Foggy,15:00,2,2,1
M0876,Leeds United,Tottenham,2.25,2.55,1.25,1.28,2.06,1.39,0.34,0.39,3,4,0.81,1.12,0.86,0.97,High,Medium,1,5,4,191,0.7,3,1,2.3,Windy,17:30,0,1,0
M0877,Brighton,Brentford,1.71,2.32,1.82,0.94,1.44,1.59,0.42,0.28,4,4,1.18,1.0,1.11,0.78,High,Low,1,6,4,38,0.57,1,4,3.2,Overcast,17:30,2,0,2
M0878,Stoke City,Liverpool,1.95,2.81,1.2,1.9,1.77,0.94,0.31,0.59,5,6,0.98,1.31,0.78,1.25,High,Low,1,4,4,332,0.59,3,1,3.2,Clear,16:30,1,1,1
M0879,Watford,Leeds United,1.07,1.68,1.31,0.63,1.9,1.34,0.49,0.18,3,1,0.75,0.94,0.75,0.86,Medium,Medium,1,5,3,416,0.51,1,1,1.9,Rainy,12:30,2,1,2
M0880,Tottenham,Aston Villa,2.77,1.68,2.47,1.18,1.07,1.58,0.79,0.43,8,5,1.17,1.12,1.15,1.07,Low,Medium,1,6,3,400,0.6,3,1,2.2,Clear,16:30,1,1,1
M0881,Liverpool,Manchester City,2.64,2.23,2.01,1.64,1.44,1.24,0.68,0.47,7,5,1.22,1.38,1.21,1.17,Low,Low,1,7,6,599,0.71,1,1,1.9,Foggy,19:45,2,1,2
M0882,Manchester City,Southampton,2.56,1.78,1.83,1.25,1.19,1.65,0.66,0.37,8,3,1.3,0.86,1.35,0.75,High,High,1,6,4,447,0.46,1,4,1.5,Windy,19:45,1,2,0
M0883,Luton Town,Newcastle,1.91,1.98,1.25,1.47,1.99,1.06,0.38,0.37,5,5,0.86,1.14,0.76,0.92,High,Medium,1,7,5,316,0.35,1,3,3.2,Windy,20:00,1,2,0
M0884,Southampton,Stoke City,1.29,0.28,1.16,1.29,1.75,1.74,0.28,0.34,5,3,0.84,0.82,0.76,0.75,Medium,Medium,1,4,3,596,0.47,0,0,3.1,Rainy,14:00,2,0,2
M0885,Newcastle,Burnley,1.41,0.75,1.42,1.62,1.57,1.88,0.53,0.47,4,5,1.12,0.81,1.06,0.85,Medium,Medium,1,4,6,433,0.34,0,4,3.0,Clear,15:00,2,1,2
M0886,Wolverhampton,Burnley,2.37,1.83,1.64,0.85,1.71,1.37,0.61,0.25,6,1,0.97,0.81,1.03,0.79,High,Low,1,7,4,280,0.25,4,3,2.3,Overcast,19:45,1,1,1
M0887,Tottenham,Liverpool,0.96,1.92,1.78,1.55,1.18,1.22,0.65,0.48,6,5,1.14,1.22,1.0,1.24,Low,Medium,1,6,6,158,0.58,4,1,2.1,Overcast,17:30,0,1,0
M0888,Leeds United,Crystal Palace,2.17,1.81,0.97,1.5,1.62,1.41,0.24,0.51,3,5,0.75,1.0,0.75,0.89,Medium,Medium,1,6,3,434,0.74,2,1,1.6,Foggy,20:00,2,1,2
M0889,Sheffield Utd,Arsenal,0.89,2.42,1.22,1.88,1.82,1.15,0.34,0.64,3,6,0.93,1.26,0.75,1.23,Low,Low,1,5,7,55,0.41,0,2,1.5,Windy,12:30,2,1,2
M0890,Fulham,Leicester City,1.52,1.48,1.94,1.33,1.12,1.46,0.57,0.46,7,3,0.87,0.91,0.97,0.77,Medium,High,1,5,3,34,0.61,1,2,1.8,Overcast,19:45,3,1,2
M0891,Bournemouth,Crystal Palace,0.78,0.75,1.11,0.98,1.74,1.32,0.37,0.31,4,2,0.99,0.96,0.75,0.97,Medium,High,1,3,6,382,0.32,1,1,1.7,Overcast,17:30,0,0,1
M0892,Southampton,Burnley,1.72,1.54,1.69,1.21,1.7,1.79,0.63,0.33,6,2,0.77,0.77,0.77,0.94,Medium,High,1,5,3,364,0.5,0,2,1.9,Foggy,16:30,3,1,2
M0893,Bournemouth,West Ham,1.96,1.96,1.73,1.07,1.59,1.6,0.58,0.32,5,3,0.82,1.08,0.75,0.94,Low,Medium,1,7,4,304,0.5,2,4,2.9,Overcast,20:00,2,1,2
M0894,Burnley,Wolverhampton,0.97,1.08,1.39,1.04,2.16,1.58,0.39,0.32,6,3,0.77,0.94,0.75,0.91,Low,High,1,4,6,253,0.58,2,2,1.8,Windy,19:45,1,0,2
M0895,Chelsea,Everton,2.79,1.77,1.71,1.63,1.04,1.86,0.47,0.46,5,5,1.21,0.91,1.16,0.93,Low,Medium,1,4,7,76,0.6,3,1,3.3,Windy,15:00,2,1,2
M0896,West Ham,Leeds United,1.92,1.17,1.32,0.83,1.49,2.2,0.44,0.27,4,2,0.95,0.95,0.93,0.75,High,High,1,4,7,126,0.41,2,1,3.2,Overcast,17:30,0,0,1
M0897,Leeds United,Watford,1.23,0.81,1.32,0.73,1.85,1.65,0.49,0.27,5,2,0.86,0.9,1.06,0.83,High,Medium,1,6,5,182,0.53,3,1,3.1,Rainy,12:30,1,0,2
M0898,Bournemouth,Brighton,1.08,1.85,1.26,1.2,1.66,1.46,0.35,0.33,5,4,0.91,1.06,0.84,1.06,Medium,Low,1,5,5,396,0.41,1,3,2.8,Windy,15:00,0,1,0
M0899,Liverpool,Nottingham Forest,2.05,1.7,2.01,1.28,1.37,1.34,0.57,0.3,6,4,1.27,0.75,1.28,0.93,Low,High,1,6,3,556,0.38,0,4,3.4,Windy,17:30,3,2,2
M0900,Chelsea,Nottingham Forest,2.01,1.55,1.95,1.01,1.29,1.52,0.56,0.28,7,4,1.26,0.88,1.21,0.87,Medium,Medium,1,4,4,458,0.47,0,1,3.4,Overcast,16:30,2,0,2
M0901,Leicester City,Luton Town,1.46,1.42,0.86,1.03,1.86,1.96,0.29,0.35,2,3,0.86,0.82,0.78,0.75,Medium,High,1,4,5,165,0.49,2,3,2.1,Overcast,19:45,1,1,1
M0902,Fulham,Brentford,1.2,1.44,1.41,1.18,1.87,1.7,0.45,0.41,3,4,1.0,1.14,1.02,0.87,Low,Medium,1,7,6,525,0.31,0,2,1.2,Overcast,20:00,0,0,1
M0903,Nottingham Forest,Southampton,2.23,2.09,1.84,0.95,1.78,1.75,0.59,0.32,5,3,0.92,0.83,0.8,0.78,Medium,High,1,7,7,282,0.45,0,2,2.2,Windy,17:30,2,1,2
M0904,Arsenal,Everton,2.62,2.04,1.97,1.21,1.06,1.47,0.54,0.33,6,3,1.3,0.99,1.21,0.89,Low,High,1,6,7,279,0.53,4,4,1.3,Overcast,20:00,3,1,2
M0905,Chelsea,Aston Villa,1.77,1.72,1.62,1.5,1.28,1.71,0.49,0.55,5,4,1.1,1.17,1.11,0.98,High,Medium,1,4,4,464,0.52,0,0,1.4,Overcast,14:00,1,1,1
M0906,Newcastle,Manchester City,2.65,2.63,1.89,1.87,1.27,1.18,0.57,0.61,7,6,1.05,1.33,1.07,1.3,Medium,High,1,3,6,565,0.31,3,1,2.2,Clear,15:00,1,2,0
M0907,Leeds United,Manchester City,1.16,1.93,1.73,1.73,1.58,0.98,0.44,0.53,5,5,0.86,1.37,0.79,1.31,Medium,High,1,3,6,39,0.48,3,1,1.8,Rainy,14:00,2,0,2
M0908,Leeds United,Burnley,1.71,1.21,1.43,1.34,1.68,1.77,0.52,0.48,5,3,0.87,0.78,0.8,0.87,Medium,High,1,6,5,376,0.44,0,4,1.6,Windy,17:30,2,1,2
M0909,Stoke City,Leeds United,1.69,0.96,1.12,0.84,1.85,1.38,0.35,0.32,5,3,0.82,0.77,0.79,0.75,Low,Medium,1,6,4,499,0.3,4,4,2.3,Rainy,14:00,1,1,1
M0910,Tottenham,Brighton,1.72,1.1,1.8,1.2,1.25,1.44,0.54,0.43,5,4,1.17,1.13,1.06,1.14,High,Medium,1,3,5,208,0.56,0,2,1.6,Foggy,15:00,2,2,1
M0911,Burnley,Middlesbrough,0.78,1.94,1.06,1.26,1.89,1.58,0.21,0.51,3,4,0.82,0.86,0.75,0.89,Low,High,1,5,7,255,0.49,4,1,2.1,Overcast,20:00,2,0,2
M0912,Luton Town,Newcastle,1.44,1.79,1.95,1.25,1.63,1.18,0.67,0.51,5,4,0.8,1.14,0.75,1.14,Low,High,1,3,3,586,0.48,1,4,1.6,Windy,12:30,2,1,2
M0913,Burnley,Liverpool,1.01,2.52,1.55,1.67,2.14,1.28,0.45,0.57,4,4,0.82,1.18,0.84,1.16,High,Medium,1,7,7,88,0.41,1,0,2.3,Clear,16:30,1,1,1
M0914,Fulham,Nottingham Forest,1.36,2.13,1.23,1.07,1.91,1.95,0.44,0.32,3,3,0.9,0.75,0.91,0.78,High,Low,1,4,3,202,0.55,2,2,2.2,Overcast,20:00,2,0,2
M0915,Wolverhampton,Southampton,1.52,1.86,1.11,1.09,1.87,1.94,0.4,0.29,3,2,0.83,0.77,0.75,0.92,High,High,1,4,3,541,0.29,3,2,1.6,Overcast,12:30,0,2,0
M0916,Watford,Aston Villa,1.32,2.08,1.34,1.34,1.62,1.2,0.41,0.43,5,3,0.81,1.08,0.75,1.05,Medium,High,1,7,5,545,0.36,3,1,2.8,Foggy,19:45,1,1,1
M0917,Bournemouth,West Ham,1.86,1.83,1.27,1.22,1.48,1.93,0.36,0.43,4,5,0.86,0.97,0.75,0.91,Medium,Low,1,5,6,461,0.7,0,1,2.8,Windy,14:00,2,1,2
M0918,Everton,Brighton,1.39,1.81,1.42,1.87,1.57,1.14,0.43,0.6,3,6,0.92,1.07,0.9,0.94,Medium,Medium,1,5,7,77,0.58,3,2,2.0,Foggy,19:45,0,2,0
M0919,Stoke City,Chelsea,0.84,1.91,1.13,1.46,2.03,1.39,0.36,0.41,3,3,0.88,1.24,0.92,1.2,High,Medium,1,4,6,493,0.26,1,0,2.3,Overcast,20:00,1,2,0
M0920,Newcastle,Fulham,2.18,1.95,1.97,1.7,1.3,1.83,0.51,0.51,6,4,1.23,1.03,1.07,1.06,Medium,High,1,3,3,587,0.3,2,2,1.8,Rainy,14:00,3,1,2
M0921,West Ham,Tottenham,1.55,1.55,1.69,1.66,1.59,0.99,0.61,0.52,5,5,1.05,1.13,0.92,1.01,Medium,Low,1,6,5,38,0.56,4,2,1.4,Windy,16:30,2,2,1
M0922,Watford,Manchester City,1.85,2.16,1.09,2.18,2.06,1.4,0.43,0.67,3,6,0.87,1.28,0.94,1.36,Medium,High,1,4,5,422,0.41,2,1,2.9,Foggy,15:00,3,2,2
M0923,Brighton,Leicester City,1.65,1.83,1.17,0.84,1.28,1.78,0.39,0.31,4,3,1.05,0.86,1.16,0.89,Medium,High,1,3,7,266,0.64,2,1,1.8,Overcast,16:30,2,1,2
M0924,Newcastle,Burnley,2.01,1.19,1.9,1.51,1.23,1.56,0.59,0.51,6,5,1.24,0.79,0.94,0.92,High,High,1,6,5,324,0.34,1,4,1.6,Foggy,15:00,1,1,1
M0925,Nottingham Forest,West Ham,1.83,2.55,1.89,1.39,1.84,1.76,0.47,0.38,5,4,0.86,1.07,0.95,0.96,Medium,High,1,7,6,462,0.39,1,2,2.6,Windy,17:30,2,2,1
M0926,Liverpool,Luton Town,2.3,1.43,2.05,0.59,1.1,1.97,0.57,0.18,9,1,1.29,0.75,1.17,0.8,Low,Medium,1,7,7,294,0.48,3,0,2.3,Clear,14:00,3,0,2
M0927,Luton Town,Chelsea,1.71,2.32,1.14,1.6,2.2,1.31,0.37,0.45,5,4,0.84,1.19,0.75,1.23,Medium,Medium,1,3,5,108,0.52,4,3,3.4,Clear,17:30,0,1,0
M0928,Luton Town,Middlesbrough,1.33,1.3,1.01,0.5,1.59,2.05,0.39,0.18,2,3,0.86,0.86,0.76,0.8,High,Medium,1,7,4,526,0.42,0,1,3.1,Rainy,15:00,1,0,2
M0929,Bournemouth,Stoke City,1.35,1.4,1.23,1.29,1.69,1.9,0.4,0.41,5,3,0.75,0.77,0.92,0.77,High,Medium,1,5,7,103,0.56,1,4,2.7,Foggy,15:00,1,0,2
M0930,Burnley,Chelsea,1.39,1.93,1.13,1.55,1.77,1.17,0.36,0.36,4,5,0.79,1.25,0.91,1.12,High,Medium,1,7,5,180,0.7,3,3,2.0,Windy,14:00,0,2,0
M0931,Everton,Fulham,1.56,1.83,1.53,1.52,1.61,1.83,0.49,0.55,4,5,0.84,1.07,0.88,0.97,High,Low,1,4,4,409,0.47,3,0,2.3,Clear,17:30,2,1,2
M0932,Nottingham Forest,Brentford,1.55,2.17,1.14,1.36,1.48,1.13,0.24,0.51,3,4,1.01,1.03,1.0,0.85,Medium,Low,1,5,6,413,0.56,2,1,3.4,Foggy,20:00,1,2,0
M0933,Aston Villa,Bournemouth,1.98,0.88,2.07,0.79,1.7,1.62,0.58,0.25,6,2,1.1,0.93,1.13,0.81,Medium,High,1,7,6,389,0.35,0,0,1.9,Windy,14:00,2,2,1
M0934,Chelsea,Southampton,1.56,1.1,1.81,1.01,1.44,1.57,0.58,0.26,5,4,1.2,0.89,1.13,0.84,Low,Low,1,6,5,281,0.42,1,1,3.2,Overcast,17:30,2,1,2
M0935,Leeds United,Watford,1.59,0.7,1.59,1.14,1.92,1.6,0.51,0.36,5,4,0.97,0.82,0.82,0.76,Medium,Medium,1,7,7,438,0.67,0,0,2.5,Rainy,19:45,2,3,0
M0936,West Ham,Wolverhampton,1.53,1.81,1.49,1.45,1.68,1.52,0.47,0.39,5,4,1.0,0.79,0.87,0.94,Low,Low,1,7,4,46,0.62,1,2,2.1,Foggy,19:45,1,2,0
M0937,Sheffield Utd,Manchester City,1.36,2.67,1.23,1.94,1.89,0.85,0.41,0.66,4,6,0.76,1.38,0.75,1.36,High,High,1,5,3,393,0.28,0,4,2.1,Clear,16:30,0,2,0
M0938,Brighton,Aston Villa,1.22,1.74,1.67,1.84,1.27,1.36,0.4,0.6,5,5,1.05,1.16,1.17,1.16,Medium,Medium,1,4,7,522,0.57,2,0,2.4,Windy,17:30,1,3,0
M0939,Bournemouth,Leicester City,1.5,1.82,1.91,1.02,1.97,1.86,0.65,0.32,6,4,0.96,0.84,0.77,0.96,High,Low,1,7,7,403,0.57,0,3,2.5,Rainy,16:30,3,0,2
M0940,Chelsea,Sheffield Utd,1.54,1.32,1.56,0.41,1.71,1.66,0.43,0.18,4,2,1.32,0.75,1.09,0.79,Medium,High,1,4,3,255,0.41,4,0,2.5,Clear,20:00,2,1,2
M0941,Burnley,Manchester City,1.85,1.7,1.35,1.88,1.5,0.88,0.41,0.62,4,4,0.75,1.29,0.8,1.36,High,Medium,1,3,4,94,0.51,1,3,3.3,Rainy,12:30,2,2,1
M0942,Everton,Manchester City,1.73,2.59,1.62,1.6,1.64,1.17,0.54,0.51,6,6,0.9,1.38,0.77,1.26,High,High,1,6,5,592,0.4,2,2,2.3,Windy,15:00,1,1,1
M0943,Brentford,Liverpool,1.94,1.7,1.69,2.0,1.8,1.52,0.57,0.56,5,6,0.99,1.33,0.85,1.15,High,Medium,1,3,6,419,0.6,0,0,1.3,Foggy,20:00,2,3,0
M0944,Tottenham,Middlesbrough,2.42,1.89,1.53,1.26,1.52,1.96,0.43,0.34,6,3,1.1,0.8,0.99,0.75,Low,High,1,4,5,538,0.54,0,0,1.2,Foggy,15:00,2,2,1
M0945,Southampton,Leeds United,1.35,1.7,1.51,1.37,1.96,1.81,0.48,0.44,4,3,0.88,0.77,0.75,0.75,High,High,1,6,3,178,0.56,0,2,2.0,Clear,16:30,1,1,1
M0946,Southampton,Arsenal,1.42,2.09,1.07,1.44,2.02,1.19,0.33,0.46,4,3,0.81,1.36,0.75,1.27,Medium,Medium,1,6,7,379,0.27,4,0,1.8,Clear,20:00,0,1,0
M0947,Leicester City,Fulham,0.62,2.17,1.34,1.34,1.87,1.43,0.45,0.36,5,5,0.77,0.98,0.75,0.92,Medium,Medium,1,7,7,273,0.29,3,0,2.2,Overcast,15:00,1,1,1
M0948,Manchester City,Tottenham,2.68,1.3,2.06,1.48,1.04,1.67,0.62,0.56,7,4,1.34,1.14,1.23,1.09,High,Medium,1,5,7,360,0.61,4,1,3.4,Foggy,16:30,1,2,0
M0949,Middlesbrough,Liverpool,1.5,3.0,1.26,1.07,1.77,1.37,0.32,0.3,6,2,0.81,1.33,0.91,1.27,Medium,High,1,6,6,38,0.65,2,4,2.9,Windy,14:00,0,0,1
M0950,Wolverhampton,Fulham,1.23,2.17,1.3,1.19,1.7,1.06,0.37,0.36,5,3,0.97,1.07,1.01,0.93,Medium,High,1,5,4,72,0.47,4,4,2.0,Foggy,20:00,1,3,0
M0951,Wolverhampton,Leicester City,2.13,1.25,1.08,1.13,1.49,1.83,0.27,0.33,3,4,0.87,0.96,0.86,0.85,Medium,High,1,6,5,382,0.59,2,4,2.6,Foggy,20:00,1,1,1
M0952,Watford,Nottingham Forest,1.66,1.58,1.13,0.81,1.74,1.9,0.28,0.18,4,3,0.84,0.75,0.75,0.75,Medium,Medium,1,5,4,304,0.56,2,2,1.4,Rainy,14:00,1,0,2
M0953,Liverpool,Southampton,1.94,1.76,1.49,1.33,1.52,1.85,0.42,0.4,5,3,1.34,0.83,1.27,0.75,High,Medium,1,7,6,188,0.34,2,1,1.5,Rainy,14:00,0,1,0
M0954,Brentford,Watford,1.43,1.22,1.48,1.12,1.26,1.56,0.37,0.38,6,3,1.15,0.75,0.93,0.93,High,High,1,3,3,371,0.69,3,1,2.1,Foggy,17:30,0,2,0
M0955,Liverpool,Everton,2.19,1.96,2.18,1.05,0.79,1.4,0.8,0.36,6,3,1.3,0.75,1.21,0.85,High,Medium,1,4,6,336,0.56,0,0,2.6,Overcast,20:00,0,1,0
M0956,Wolverhampton,Bournemouth,1.59,0.67,1.59,1.39,1.62,1.58,0.6,0.49,5,5,1.03,0.79,0.9,0.79,High,High,1,6,6,378,0.69,4,1,1.4,Overcast,17:30,2,2,1
M0957,Sheffield Utd,Crystal Palace,0.95,2.05,1.16,1.65,2.18,1.58,0.36,0.5,3,5,0.75,0.8,0.75,0.75,Medium,High,1,6,5,409,0.28,4,2,1.9,Rainy,19:45,1,1,1
M0958,Leeds United,Liverpool,1.24,2.48,1.02,1.61,1.7,1.02,0.33,0.45,3,5,0.78,1.33,0.83,1.13,High,High,1,5,5,299,0.57,1,2,1.7,Windy,19:45,0,2,0
M0959,Fulham,Nottingham Forest,1.84,1.38,1.53,1.18,1.23,1.5,0.49,0.35,3,5,0.99,1.06,0.89,0.92,Medium,High,1,3,3,142,0.31,2,2,2.3,Overcast,14:00,1,3,0
M0960,Brighton,Watford,2.71,1.86,1.65,1.39,1.51,1.95,0.41,0.55,5,5,1.09,0.89,1.14,0.76,High,Medium,1,5,5,508,0.36,2,1,1.7,Overcast,19:45,1,2,0
M0961,Burnley,Arsenal,1.81,1.79,0.73,1.34,1.6,1.45,0.2,0.48,3,4,0.82,1.29,0.84,1.05,Medium,High,1,3,4,450,0.33,1,2,2.2,Rainy,12:30,0,1,0
M0962,Luton Town,Nottingham Forest,1.32,1.49,1.2,0.88,1.61,1.5,0.4,0.19,4,3,0.76,0.96,0.75,0.87,Medium,Medium,1,5,5,442,0.27,3,0,1.6,Windy,12:30,2,1,2
M0963,Sheffield Utd,Watford,2.16,1.64,1.22,0.81,2.11,1.85,0.3,0.21,3,2,0.75,0.87,0.81,0.76,Medium,Medium,1,4,3,403,0.54,1,4,3.0,Foggy,17:30,0,1,0
M0964,Crystal Palace,Aston Villa,1.83,1.53,1.5,1.94,1.67,1.06,0.45,0.59,5,6,0.9,1.09,0.94,0.84,High,High,1,3,4,37,0.29,1,0,2.6,Rainy,15:00,1,2,0
M0965,Sheffield Utd,Brighton,0.69,2.27,1.4,1.3,1.85,1.08,0.35,0.46,6,3,0.76,1.28,0.79,1.15,Low,Medium,1,3,6,263,0.65,3,2,2.5,Overcast,17:30,2,0,2
M0966,Fulham,Newcastle,2.33,1.83,1.55,1.86,1.71,0.89,0.45,0.47,6,6,0.99,1.04,0.97,1.05,Low,Medium,1,4,4,107,0.38,1,2,3.2,Windy,12:30,2,1,2
M0967,Southampton,Burnley,0.47,1.06,1.52,0.71,1.96,1.64,0.47,0.18,6,2,0.79,1.02,0.76,0.75,Medium,High,1,5,3,142,0.51,4,2,1.4,Windy,17:30,2,2,1
M0968,Leeds United,Fulham,1.7,1.98,1.48,0.95,1.98,1.69,0.32,0.34,4,3,0.96,1.06,0.79,1.02,High,Medium,1,4,4,58,0.72,2,4,1.8,Overcast,16:30,1,1,1
M0969,Liverpool,Tottenham,2.44,2.29,2.08,1.73,1.23,1.53,0.69,0.49,6,7,1.4,1.18,1.35,1.09,Medium,High,1,7,4,506,0.44,4,2,1.2,Windy,20:00,0,2,0
M0970,Southampton,Wolverhampton,1.55,1.82,1.39,1.36,1.59,1.59,0.35,0.39,5,5,0.8,0.91,0.87,0.8,Medium,High,1,5,6,292,0.56,3,2,1.5,Foggy,12:30,1,2,0
M0971,Leeds United,Brighton,1.47,1.89,1.36,1.22,1.78,1.34,0.33,0.34,4,4,0.83,1.15,0.79,0.99,Low,Medium,1,3,3,595,0.28,2,4,2.5,Overcast,17:30,2,1,2
M0972,Everton,Bournemouth,2.1,1.46,1.73,1.71,1.68,1.67,0.54,0.66,5,4,0.9,0.92,0.9,0.79,High,Medium,1,3,7,552,0.48,2,4,1.2,Foggy,15:00,2,4,0
M0973,Burnley,Brighton,1.54,1.19,1.47,1.85,1.77,1.37,0.43,0.61,5,4,0.77,1.09,0.8,1.13,Medium,Medium,1,3,3,196,0.62,2,0,3.3,Clear,15:00,2,2,1
M0974,Manchester City,Sheffield Utd,2.2,1.82,1.83,0.72,1.08,1.91,0.59,0.33,6,1,1.26,0.78,1.36,0.75,High,High,1,7,6,88,0.7,2,0,1.5,Windy,12:30,1,2,0
M0975,West Ham,Luton Town,2.08,0.81,1.35,0.79,1.53,2.09,0.39,0.23,3,2,0.95,0.85,0.89,0.75,High,High,1,5,5,495,0.59,1,0,2.7,Windy,14:00,1,1,1
M0976,Newcastle,Brentford,1.65,1.6,1.93,0.95,1.17,1.79,0.43,0.29,7,3,1.13,0.93,1.04,1.05,High,High,1,6,4,149,0.52,2,3,1.2,Rainy,14:00,2,2,1
M0977,Nottingham Forest,Southampton,1.72,0.96,1.82,0.89,1.63,1.66,0.45,0.29,6,3,1.0,0.79,0.75,0.88,Medium,Medium,1,5,6,379,0.48,4,4,3.0,Overcast,15:00,1,1,1
M0978,Brentford,Burnley,1.3,2.33,1.37,0.71,1.26,1.65,0.42,0.31,4,2,0.87,0.92,0.87,0.87,Medium,Low,1,6,3,253,0.51,3,4,2.3,Foggy,14:00,2,0,2
M0979,Nottingham Forest,Bournemouth,1.25,1.33,1.4,0.97,1.32,1.56,0.46,0.33,4,3,0.9,0.75,0.75,0.88,High,Low,1,4,5,156,0.32,4,3,1.6,Clear,17:30,0,0,1
M0980,Newcastle,Fulham,2.1,2.04,1.56,0.88,1.44,1.57,0.38,0.18,5,3,1.15,0.84,1.18,0.83,Low,Medium,1,5,4,32,0.45,2,1,1.6,Windy,19:45,2,0,2
M0981,Tottenham,Southampton,2.0,1.68,1.62,1.3,1.33,1.78,0.4,0.5,5,6,1.09,0.8,0.9,0.8,High,High,1,7,7,40,0.38,2,2,3.4,Overcast,19:45,2,1,2
M0982,Nottingham Forest,Wolverhampton,1.64,1.32,1.55,1.36,1.92,1.68,0.54,0.41,3,4,0.88,0.91,0.88,0.93,Medium,High,1,3,4,106,0.71,0,0,2.6,Rainy,19:45,1,2,0
M0983,Aston Villa,Sheffield Utd,2.07,0.82,1.43,0.94,1.14,1.89,0.51,0.26,5,4,1.23,0.85,1.08,0.75,Medium,High,1,3,6,431,0.4,0,3,1.2,Overcast,14:00,2,2,1
M0984,Arsenal,Leicester City,2.66,1.58,1.94,0.98,0.99,1.74,0.73,0.37,6,3,1.24,0.75,1.36,0.91,Medium,Medium,1,5,3,437,0.39,3,4,1.5,Clear,12:30,2,0,2
M0985,Wolverhampton,Tottenham,1.9,1.82,1.4,1.06,1.5,1.47,0.41,0.27,4,5,0.94,1.28,0.97,1.13,Medium,High,1,7,4,236,0.26,2,4,3.4,Overcast,15:00,1,0,2
M0986,Burnley,Stoke City,1.25,1.13,1.44,0.57,1.5,2.2,0.46,0.2,4,2,0.8,0.75,0.77,0.75,Medium,High,1,3,3,472,0.5,3,1,1.3,Overcast,16:30,2,1,2
M0987,Liverpool,Luton Town,2.7,1.97,1.9,1.19,1.01,1.37,0.58,0.37,6,5,1.33,0.89,1.21,0.8,Low,High,1,5,5,157,0.29,1,4,2.7,Clear,16:30,0,0,1
M0988,Nottingham Forest,Fulham,1.83,1.38,1.35,1.16,1.71,1.36,0.45,0.43,4,4,0.83,1.02,0.84,0.96,Low,High,1,3,4,337,0.58,3,3,1.7,Windy,20:00,1,0,2
M0989,Middlesbrough,West Ham,1.38,2.38,1.5,1.82,1.92,1.26,0.4,0.58,4,4,0.83,1.05,0.93,0.89,Low,High,1,7,3,190,0.56,4,0,3.0,Overcast,16:30,2,1,2
M0990,Southampton,Brentford,1.79,2.12,1.69,0.82,1.61,1.27,0.52,0.25,7,3,0.75,1.01,0.89,1.07,Medium,Medium,1,4,4,404,0.38,1,0,1.7,Foggy,15:00,3,1,2
M0991,Watford,West Ham,1.99,1.57,1.39,1.37,1.7,1.67,0.5,0.48,4,4,0.86,1.08,0.87,1.01,Low,Medium,1,3,3,97,0.51,1,4,3.0,Overcast,16:30,0,0,1
M0992,West Ham,Bournemouth,1.91,1.36,1.26,0.98,1.73,1.26,0.36,0.26,3,3,0.97,0.75,0.98,0.8,Medium,Low,1,3,4,200,0.47,1,2,2.3,Overcast,17:30,1,1,1
M0993,Aston Villa,Tottenham,1.92,2.03,2.35,1.65,1.52,1.36,0.71,0.52,8,4,1.16,1.23,1.05,1.22,High,High,1,3,5,210,0.57,0,3,2.6,Foggy,15:00,2,0,2
M0994,Stoke City,Wolverhampton,1.1,1.79,1.65,0.74,1.87,1.76,0.6,0.2,5,2,0.79,0.97,0.79,0.77,High,Low,1,5,4,555,0.48,1,2,2.3,Overcast,14:00,2,0,2
M0995,Brighton,West Ham,2.4,1.89,1.64,1.51,1.63,1.29,0.67,0.52,5,5,1.11,1.08,0.97,0.98,Medium,Medium,1,4,6,191,0.28,1,2,1.3,Clear,17:30,2,2,1
M0996,Tottenham,Crystal Palace,2.15,1.76,1.72,1.0,1.15,1.77,0.42,0.31,6,3,1.18,0.95,1.19,1.04,Low,Medium,1,5,6,342,0.29,4,4,1.6,Rainy,14:00,2,1,2
M0997,Leicester City,Chelsea,2.21,1.91,1.45,1.61,1.73,1.8,0.5,0.49,6,5,0.89,1.32,0.78,1.1,Medium,High,1,6,3,371,0.6,2,2,2.3,Clear,17:30,1,2,0
M0998,Leicester City,Leeds United,0.9,0.62,1.31,1.13,1.75,1.67,0.31,0.41,5,4,0.8,0.83,0.91,0.78,High,High,1,3,6,476,0.72,2,0,1.9,Clear,16:30,0,0,1
M0999,Leicester City,Crystal Palace,1.36,1.35,0.87,1.41,1.62,1.86,0.25,0.38,4,4,0.87,0.84,0.85,0.92,High,Medium,1,3,3,251,0.55,3,4,2.4,Foggy,12:30,0,1,0
M1000,West Ham,Wolverhampton,1.62,1.33,1.59,1.5,1.27,1.76,0.47,0.37,6,5,0.97,0.99,0.76,0.75,Medium,Medium,1,6,5,439,0.63,4,1,2.1,Overcast,19:45,2,2,1
