match_id,home_team,away_team,home_form_5g,away_form_5g,home_xg,away_xg,home_xga,away_xga,home_xt,away_xt,home_sot,away_sot,home_attack_strength,away_attack_strength,home_defense_strength,away_defense_strength,match_importance_home,match_importance_away,home_venue_advantage,rest_days_home,rest_days_away,travel_distance_away_km,h2h_home_win_ratio,missing_key_players_home,missing_key_players_away,referee_card_rate,weather_condition,kickoff_time_uk,home_goals,away_goals,result
M0001,Brentford,Watford,1.95,0.62,1.73,0.88,1.46,2.2,0.53,0.31,5,2,1.14,0.75,1.03,0.75,High,High,1,7,6,554,0.36,1,3,3.2,Windy,19:45,2,0,2
M0002,Sheffield Utd,Crystal Palace,1.28,2.05,1.28,1.62,1.94,1.73,0.46,0.58,4,5,0.75,0.98,0.75,0.88,High,Low,1,7,3,401,0.4,0,2,2.2,Rainy,16:30,1,1,1
M0003,Sheffield Utd,Fulham,0.77,2.26,1.0,1.18,2.08,1.29,0.23,0.36,3,4,0.75,1.12,0.75,1.08,High,Medium,1,5,5,282,0.61,3,4,2.6,Windy,12:30,0,2,0
M0004,Stoke City,Southampton,1.33,1.21,1.71,0.66,1.74,2.06,0.53,0.22,5,3,0.9,0.75,0.88,0.75,High,Medium,1,7,3,427,0.6,1,3,2.4,Foggy,12:30,2,1,2
M0005,Luton Town,West Ham,2.27,1.63,1.36,1.1,1.07,1.69,0.41,0.37,4,4,0.95,0.97,0.95,0.84,Medium,Low,1,5,7,599,0.42,4,3,3.0,Rainy,15:00,3,2,2
M0006,Chelsea,Arsenal,2.96,2.39,1.92,1.59,1.02,1.17,0.67,0.39,6,5,1.3,1.09,1.34,0.99,Low,Low,1,4,7,42,0.42,3,3,2.2,Foggy,14:00,2,0,2
M0007,Leicester City,Stoke City,2.05,0.95,1.31,0.99,1.4,1.95,0.41,0.27,4,4,1.0,0.75,0.97,0.75,Low,Medium,1,5,3,345,0.55,2,1,1.9,Clear,16:30,1,0,2
M0008,Liverpool,Watford,1.86,1.67,1.71,1.44,1.24,1.44,0.56,0.4,5,4,1.18,1.06,1.14,0.92,Medium,Medium,1,3,5,143,0.33,0,4,2.9,Foggy,15:00,0,1,0
M0009,Burnley,Wolverhampton,1.46,2.22,0.92,1.62,1.76,1.09,0.21,0.57,3,4,0.75,1.25,0.81,1.03,Low,Low,1,3,3,46,0.56,3,0,2.3,Foggy,19:45,1,2,0
M0010,Luton Town,Tottenham,1.4,2.16,0.95,1.93,1.94,0.96,0.27,0.72,3,6,0.75,1.33,0.76,1.37,Low,Medium,1,4,4,149,0.27,2,4,1.5,Rainy,16:30,1,3,0
M0011,Luton Town,Watford,1.11,1.07,0.92,0.98,1.88,1.47,0.27,0.34,3,2,0.75,0.9,0.75,0.76,Medium,High,1,3,3,117,0.26,0,2,3.2,Rainy,16:30,1,1,1
M0012,Brighton,Southampton,2.37,0.84,1.68,0.79,1.51,2.2,0.52,0.31,6,1,1.13,0.75,1.14,0.75,High,Medium,1,3,6,264,0.66,3,4,1.5,Clear,17:30,2,1,2
M0013,Leeds United,Crystal Palace,1.56,2.51,1.26,1.32,1.75,1.53,0.41,0.48,3,4,0.75,0.98,0.75,0.83,High,High,1,4,4,337,0.32,3,0,2.1,Foggy,14:00,1,1,1
M0014,Brighton,Manchester City,2.15,1.96,1.34,1.98,1.66,0.84,0.48,0.69,4,5,0.93,1.4,0.96,1.38,Medium,Medium,1,7,4,479,0.37,4,0,1.5,Foggy,17:30,1,2,0
M0015,Burnley,Luton Town,1.13,1.86,1.32,1.39,1.97,1.46,0.35,0.49,5,5,0.84,1.0,0.75,1.06,Medium,High,1,5,6,544,0.39,3,4,3.4,Overcast,16:30,1,2,0
M0016,Southampton,Liverpool,1.21,3.0,0.69,1.61,2.2,1.03,0.25,0.51,2,5,0.75,1.4,0.75,1.38,Medium,Low,1,3,4,462,0.42,1,1,3.4,Rainy,12:30,1,2,0
M0017,West Ham,Leicester City,2.26,1.48,1.71,1.23,1.0,1.5,0.64,0.32,5,4,1.3,0.89,1.22,0.79,High,High,1,6,5,377,0.56,1,2,3.1,Foggy,17:30,2,1,2
M0018,Watford,Everton,1.3,1.56,1.36,1.28,1.38,1.9,0.42,0.45,4,5,0.79,0.75,0.75,0.75,Medium,High,1,6,5,259,0.41,4,3,2.8,Overcast,14:00,1,0,2
M0019,Middlesbrough,Luton Town,1.34,1.36,1.1,1.23,1.97,2.05,0.43,0.38,4,5,0.88,0.75,0.75,0.75,Low,Medium,1,6,6,318,0.72,3,2,3.0,Clear,19:45,1,1,1
M0020,Liverpool,Crystal Palace,2.13,1.9,1.92,1.52,1.2,1.83,0.62,0.53,6,5,1.32,0.89,1.3,0.92,Medium,Medium,1,6,5,584,0.39,2,2,2.6,Foggy,17:30,2,2,1
M0021,Watford,West Ham,1.72,1.92,1.45,1.79,1.82,1.27,0.49,0.56,5,6,0.99,1.05,0.82,0.96,Medium,Low,1,4,5,177,0.3,3,0,1.5,Overcast,15:00,3,3,1
M0022,Chelsea,Everton,2.2,2.29,1.55,1.29,1.4,1.24,0.57,0.36,6,4,0.96,1.06,0.9,0.95,Low,Low,1,4,5,193,0.64,0,3,3.2,Windy,15:00,2,3,0
M0023,Aston Villa,Manchester City,1.28,2.07,1.15,2.13,1.15,0.62,0.32,0.63,4,7,0.91,1.4,0.86,1.38,High,High,1,7,4,274,0.49,2,3,1.7,Overcast,14:00,1,2,0
M0024,Stoke City,Bournemouth,1.83,1.08,1.35,0.88,1.35,1.91,0.36,0.26,4,3,0.97,0.75,0.82,0.75,High,Medium,1,3,6,266,0.54,1,1,1.5,Overcast,12:30,2,1,2
M0025,Bournemouth,Leicester City,1.48,2.29,1.2,1.6,1.43,1.33,0.37,0.46,3,4,0.86,1.13,0.78,1.01,Medium,Medium,1,5,3,345,0.4,4,2,3.0,Clear,20:00,1,2,0
M0026,Southampton,Brighton,1.37,1.42,1.3,1.27,1.13,1.85,0.46,0.3,3,4,1.11,0.86,1.06,0.95,Low,High,1,3,6,572,0.57,4,1,3.0,Clear,17:30,2,1,2
M0027,Crystal Palace,Arsenal,1.87,2.32,1.44,1.74,1.48,1.1,0.51,0.48,5,7,0.97,1.33,0.88,1.26,High,High,1,6,7,351,0.59,0,3,1.8,Clear,19:45,1,1,1
M0028,Fulham,Leeds United,1.72,1.96,1.99,0.97,1.24,2.2,0.59,0.34,6,2,1.12,0.75,1.1,0.75,Medium,High,1,4,6,328,0.27,2,0,3.3,Overcast,15:00,2,0,2
M0029,Watford,Tottenham,1.81,2.12,1.62,1.41,1.72,1.47,0.51,0.46,6,4,0.96,0.89,0.99,0.92,Medium,Low,1,5,7,387,0.32,0,3,1.5,Clear,19:45,2,1,2
M0030,Luton Town,Liverpool,1.09,1.84,1.58,1.74,2.06,1.46,0.5,0.57,6,4,0.75,1.13,0.75,1.2,High,High,1,4,4,209,0.69,0,0,2.8,Windy,17:30,1,1,1
M0031,Burnley,Newcastle,1.44,1.49,1.33,1.61,1.48,1.43,0.4,0.63,4,5,0.9,1.13,0.82,1.04,High,High,1,6,6,597,0.37,0,3,1.3,Overcast,20:00,1,1,1
M0032,Nottingham Forest,Stoke City,1.88,1.45,1.68,0.86,1.04,1.9,0.54,0.19,4,2,1.04,0.78,0.97,0.75,High,High,1,4,3,532,0.31,2,4,3.2,Rainy,17:30,1,0,2
M0033,Brentford,Chelsea,2.13,3.0,0.95,2.6,1.66,0.9,0.38,0.77,2,8,0.78,1.4,0.75,1.38,High,Medium,1,5,7,227,0.34,3,3,2.4,Clear,17:30,1,2,0
M0034,Sheffield Utd,Wolverhampton,0.98,2.36,1.01,1.58,2.2,1.4,0.34,0.49,3,4,0.75,1.06,0.75,1.07,Medium,High,1,7,5,99,0.69,3,3,2.5,Foggy,17:30,0,2,0
M0035,Bournemouth,Chelsea,1.93,1.83,2.13,1.65,0.96,1.62,0.68,0.49,7,6,1.09,1.03,1.03,0.94,Low,Low,1,4,5,286,0.65,4,1,1.5,Overcast,19:45,3,1,2
M0036,West Ham,Watford,1.75,1.71,1.77,0.83,1.18,1.88,0.56,0.21,4,2,1.3,0.75,1.28,0.75,High,Medium,1,5,6,223,0.34,4,0,1.8,Foggy,17:30,3,1,2
M0037,Arsenal,Sheffield Utd,2.16,1.61,1.86,1.54,1.43,1.62,0.61,0.47,6,6,1.23,1.02,1.19,0.88,Low,Medium,1,7,5,488,0.64,2,2,2.0,Windy,12:30,1,2,0
M0038,Fulham,Sheffield Utd,0.43,1.49,1.27,0.87,2.02,1.36,0.41,0.23,3,3,0.75,0.99,0.77,0.75,High,Medium,1,4,6,416,0.72,4,1,1.2,Clear,19:45,1,2,0
M0039,West Ham,Crystal Palace,2.01,1.5,1.53,1.11,1.59,1.41,0.47,0.36,5,3,0.96,0.92,0.89,0.95,Low,High,1,4,4,333,0.26,3,0,2.0,Overcast,17:30,0,0,1
M0040,Manchester City,West Ham,1.53,1.94,2.17,1.74,1.09,1.13,0.67,0.48,6,4,1.31,1.38,1.15,1.17,High,High,1,5,5,137,0.68,2,3,2.8,Rainy,20:00,0,1,0
M0041,West Ham,Wolverhampton,1.93,2.05,1.79,0.95,0.93,1.8,0.52,0.31,6,2,1.2,0.83,1.03,0.78,High,Medium,1,4,4,43,0.54,2,4,3.4,Overcast,15:00,1,0,2
M0042,Brentford,Middlesbrough,1.43,1.19,1.19,1.66,1.89,1.57,0.42,0.49,4,5,0.81,1.08,0.79,0.89,Medium,Low,1,7,7,269,0.43,2,4,2.7,Windy,19:45,1,2,0
M0043,Aston Villa,Fulham,2.48,1.48,1.8,1.07,1.16,1.32,0.61,0.37,6,3,1.09,1.0,1.07,0.88,Medium,Medium,1,5,4,146,0.58,1,3,1.4,Clear,15:00,0,0,1
M0044,Manchester City,Liverpool,2.84,2.19,2.43,1.47,1.01,1.46,0.73,0.46,8,3,1.4,1.2,1.34,1.0,Medium,Low,1,4,5,82,0.61,2,0,2.5,Rainy,14:00,1,1,1
M0045,Fulham,Liverpool,1.76,2.87,1.08,2.32,1.63,1.0,0.35,0.7,4,6,1.08,1.4,0.94,1.38,High,Medium,1,6,5,248,0.56,1,3,2.6,Windy,14:00,1,4,0
M0046,Arsenal,Southampton,2.92,1.35,2.2,0.77,0.86,1.87,0.61,0.21,8,3,1.4,0.75,1.38,0.75,High,Low,1,7,6,506,0.66,3,0,1.4,Foggy,17:30,2,1,2
M0047,Arsenal,Leeds United,2.32,1.58,1.38,1.66,1.26,1.38,0.52,0.5,5,6,1.09,1.02,1.02,1.08,High,High,1,3,3,162,0.34,0,1,1.4,Overcast,12:30,1,2,0
M0048,Chelsea,Nottingham Forest,2.5,1.85,1.73,1.32,1.36,1.77,0.55,0.41,6,4,1.19,0.89,1.26,0.92,Medium,High,1,7,3,40,0.31,4,2,1.9,Overcast,15:00,2,2,1
M0049,Everton,Stoke City,0.72,2.2,1.44,1.74,1.45,1.56,0.41,0.58,5,6,0.79,0.95,0.86,0.81,High,Medium,1,3,7,146,0.52,1,2,2.0,Overcast,15:00,0,2,0
M0050,Liverpool,Aston Villa,1.17,2.47,1.21,1.8,1.21,1.49,0.35,0.55,3,6,1.01,1.32,1.13,1.35,High,Low,1,5,6,381,0.58,2,3,2.6,Foggy,14:00,0,1,0
M0051,Tottenham,Leeds United,2.58,1.61,1.54,1.32,0.92,1.8,0.44,0.46,3,4,1.28,0.76,1.14,0.82,Low,High,1,3,4,306,0.28,4,1,2.7,Rainy,12:30,1,1,1
M0052,Wolverhampton,Burnley,1.36,2.04,1.24,1.31,2.07,1.27,0.42,0.52,3,4,0.77,0.9,0.75,1.08,Medium,Low,1,7,7,233,0.29,4,4,1.5,Rainy,12:30,0,2,0
M0053,Manchester City,Watford,2.82,1.24,2.39,0.94,0.73,2.15,0.73,0.28,6,3,1.4,0.75,1.38,0.75,Low,High,1,4,4,265,0.38,3,0,3.0,Clear,14:00,3,0,2
M0054,Burnley,Aston Villa,1.06,1.37,1.41,1.14,1.39,1.42,0.45,0.28,4,4,0.96,0.85,0.87,0.86,Low,Medium,1,7,4,488,0.57,0,3,3.5,Rainy,15:00,3,1,2
M0055,Wolverhampton,Middlesbrough,1.95,1.08,1.07,0.96,1.19,1.96,0.38,0.34,4,2,1.02,0.75,0.98,0.75,High,High,1,6,6,75,0.49,4,0,2.8,Foggy,16:30,2,1,2
M0056,Luton Town,Liverpool,2.1,2.37,1.36,1.67,1.14,1.31,0.42,0.51,3,5,0.9,1.21,0.83,1.25,High,High,1,3,5,127,0.67,4,0,1.7,Foggy,19:45,2,2,1
M0057,Everton,Fulham,1.82,1.22,1.79,1.35,1.52,1.65,0.61,0.45,5,3,1.05,0.75,1.08,0.92,High,High,1,4,6,40,0.75,1,1,1.8,Clear,15:00,2,0,2
M0058,Fulham,Bournemouth,1.54,0.59,1.31,0.71,1.59,1.46,0.45,0.34,3,3,1.02,0.91,0.83,0.94,Medium,Medium,1,3,6,243,0.7,1,0,1.6,Rainy,16:30,1,1,1
M0059,Leeds United,Sheffield Utd,1.89,1.4,1.2,1.07,1.61,1.93,0.38,0.39,2,4,0.91,0.79,0.88,0.75,Medium,Medium,1,5,5,506,0.68,4,0,1.2,Rainy,20:00,1,1,1
M0060,Manchester City,Liverpool,2.58,2.66,2.02,1.76,1.05,1.21,0.62,0.56,6,6,1.17,1.28,1.18,1.07,High,High,1,4,3,297,0.36,0,4,1.3,Overcast,17:30,2,2,1
M0061,Crystal Palace,Luton Town,1.7,1.3,1.53,0.97,1.67,1.56,0.45,0.33,5,2,0.89,0.92,0.9,0.76,Low,Low,1,6,3,469,0.47,4,4,1.7,Rainy,16:30,0,0,1
M0062,Arsenal,Fulham,3.0,1.75,2.42,1.37,0.83,1.75,0.68,0.37,7,2,1.4,0.75,1.38,0.83,High,High,1,6,7,580,0.68,0,2,3.0,Windy,20:00,3,1,2
M0063,West Ham,Leicester City,1.64,2.22,1.42,1.02,1.26,1.69,0.52,0.29,5,2,0.98,0.8,0.88,0.78,High,Medium,1,5,3,412,0.28,3,2,2.7,Foggy,17:30,0,0,1
M0064,Manchester City,Southampton,2.39,1.45,2.32,0.7,1.19,2.06,0.85,0.18,7,3,1.4,0.75,1.38,0.75,Low,Low,1,4,6,463,0.43,4,1,1.9,Foggy,16:30,4,0,2
M0065,Aston Villa,Brighton,1.91,2.28,1.55,1.72,1.71,0.97,0.57,0.47,5,6,0.8,1.32,0.8,1.29,Low,Medium,1,7,7,565,0.64,0,3,1.5,Foggy,19:45,0,1,0
M0066,Leicester City,Aston Villa,1.76,1.7,1.78,1.28,1.32,1.33,0.51,0.42,5,4,1.07,0.83,0.99,0.86,Medium,Low,1,7,6,67,0.45,3,1,3.5,Windy,17:30,2,0,2
M0067,Southampton,Nottingham Forest,1.86,0.65,1.34,1.03,1.63,1.85,0.36,0.23,4,2,0.94,0.75,0.87,0.75,High,Medium,1,5,7,368,0.43,3,3,1.3,Windy,15:00,2,1,2
M0068,Burnley,Leicester City,1.44,0.52,0.91,1.31,1.69,1.53,0.2,0.39,3,4,0.82,0.98,0.87,0.87,Low,High,1,7,4,270,0.32,3,1,3.3,Foggy,20:00,1,1,1
M0069,Manchester City,Watford,2.77,1.3,2.3,0.99,0.75,2.2,0.82,0.38,6,4,1.4,0.75,1.38,0.75,High,Low,1,7,5,80,0.52,2,1,3.3,Overcast,20:00,1,0,2
M0070,Fulham,Middlesbrough,2.72,1.6,1.58,0.98,1.3,1.91,0.56,0.37,5,3,1.13,0.8,1.1,0.75,High,Medium,1,4,3,127,0.73,4,0,3.2,Clear,14:00,2,1,2
M0071,Luton Town,Middlesbrough,1.17,1.11,1.17,1.15,1.61,1.73,0.38,0.35,4,2,0.85,0.78,0.84,0.88,Medium,Low,1,3,6,220,0.7,2,0,2.8,Windy,15:00,1,1,1
M0072,Brighton,Nottingham Forest,2.21,1.02,1.74,1.45,1.19,1.46,0.49,0.46,6,5,1.19,0.96,1.11,0.94,High,Medium,1,7,3,215,0.34,1,0,2.7,Foggy,20:00,2,2,1
M0073,Middlesbrough,Newcastle,1.42,1.99,1.5,1.46,1.95,1.17,0.4,0.46,4,6,0.96,1.08,0.75,0.95,Medium,High,1,3,7,123,0.56,3,2,1.9,Clear,19:45,1,1,1
M0074,Newcastle,Leicester City,2.18,1.69,1.4,1.26,1.51,1.44,0.46,0.38,4,3,1.05,0.87,0.95,0.77,Medium,High,1,7,3,277,0.7,2,1,2.9,Foggy,14:00,0,0,1
M0075,Watford,Brentford,1.29,2.18,1.48,1.45,1.67,1.16,0.56,0.47,5,4,0.75,1.05,0.78,1.1,Medium,Medium,1,5,6,373,0.43,4,3,2.1,Rainy,15:00,1,1,1
M0076,Arsenal,Crystal Palace,2.28,1.76,1.84,1.05,1.11,1.23,0.5,0.18,5,4,1.09,1.08,1.17,1.01,Medium,High,1,3,5,32,0.44,1,0,2.7,Overcast,15:00,2,2,1
M0077,Southampton,Manchester City,1.77,1.98,1.19,1.78,1.68,1.1,0.39,0.57,4,5,0.9,1.35,0.85,1.28,High,High,1,6,5,508,0.6,2,1,3.2,Foggy,20:00,2,2,1
M0078,Chelsea,Leicester City,2.34,1.01,1.96,0.81,1.12,1.86,0.61,0.19,6,2,1.4,0.75,1.28,0.75,High,Medium,1,7,3,528,0.45,1,2,3.2,Rainy,15:00,2,1,2
M0079,Leicester City,Crystal Palace,1.81,0.88,1.61,0.96,1.36,2.01,0.51,0.31,5,4,0.96,0.78,1.0,0.75,Medium,High,1,6,3,76,0.56,3,4,1.9,Rainy,15:00,2,1,2
M0080,Stoke City,Southampton,1.25,1.63,0.85,0.99,1.78,2.2,0.29,0.31,3,5,0.75,0.81,0.77,0.84,High,High,1,4,4,533,0.59,1,0,2.0,Rainy,12:30,1,1,1
M0081,Manchester City,Fulham,2.89,1.56,2.24,0.87,0.57,1.67,0.68,0.32,6,2,1.4,0.75,1.38,0.88,Medium,High,1,5,4,407,0.45,4,4,2.1,Foggy,20:00,1,0,2
M0082,Everton,Arsenal,2.52,1.93,1.99,1.67,1.37,1.0,0.62,0.47,7,4,1.36,1.1,1.23,1.04,Medium,Medium,1,4,3,464,0.45,3,0,1.2,Foggy,19:45,3,0,2
M0083,Aston Villa,Newcastle,1.92,2.35,1.75,1.14,1.13,1.55,0.47,0.4,5,4,1.28,0.93,1.14,0.89,High,High,1,3,7,395,0.37,3,3,2.6,Overcast,16:30,1,0,2
M0084,Wolverhampton,Arsenal,2.08,1.86,1.32,1.62,1.19,1.42,0.33,0.42,5,5,1.09,1.09,1.06,1.02,Medium,Low,1,5,3,482,0.25,4,2,2.2,Windy,17:30,2,1,2
M0085,Crystal Palace,Everton,1.65,2.12,1.09,1.56,1.8,1.34,0.36,0.54,4,5,0.81,0.93,0.78,1.08,Medium,Low,1,4,3,168,0.68,3,1,3.3,Windy,12:30,1,2,0
M0086,Brighton,Watford,2.16,1.29,2.11,0.81,0.9,2.2,0.64,0.25,6,2,1.27,0.75,1.07,0.75,High,Medium,1,5,3,430,0.34,1,0,1.8,Clear,20:00,3,2,2
M0087,Leeds United,Wolverhampton,1.49,1.67,1.4,1.54,1.75,1.75,0.41,0.43,5,5,0.81,0.97,0.81,0.87,Medium,Medium,1,3,3,189,0.69,0,1,1.4,Rainy,15:00,2,2,1
M0088,Stoke City,Everton,1.31,2.27,1.28,1.34,1.42,1.86,0.39,0.4,5,4,1.05,0.76,1.02,0.84,High,Medium,1,5,4,182,0.39,3,3,2.0,Overcast,16:30,1,0,2
M0089,Brentford,Everton,1.92,1.92,1.21,1.3,1.63,1.55,0.35,0.35,4,3,0.84,0.93,0.75,0.93,Medium,High,1,7,6,434,0.37,3,3,1.7,Clear,17:30,0,1,0
M0090,Leeds United,Everton,1.92,1.2,1.29,1.02,1.3,1.67,0.4,0.35,4,3,0.99,0.75,0.97,0.81,High,High,1,4,3,502,0.56,2,3,1.2,Rainy,15:00,2,1,2
M0091,Fulham,Aston Villa,1.85,2.23,0.97,2.07,1.61,1.0,0.29,0.71,4,5,0.96,1.4,0.75,1.37,High,High,1,4,3,535,0.5,2,3,1.5,Windy,15:00,0,1,0
M0092,Brentford,Burnley,1.84,1.47,1.7,0.85,1.09,2.2,0.59,0.19,5,2,1.25,0.75,1.23,0.75,Medium,Low,1,4,6,592,0.54,4,2,1.4,Foggy,20:00,1,0,2
M0093,Wolverhampton,Aston Villa,1.79,1.75,1.21,1.93,1.53,0.76,0.33,0.64,4,6,0.76,1.4,0.92,1.32,Low,High,1,5,4,376,0.35,3,0,1.7,Windy,20:00,0,2,0
M0094,Wolverhampton,Fulham,1.48,1.94,0.71,1.32,1.35,1.51,0.26,0.37,3,6,0.78,1.19,0.81,1.03,Medium,Medium,1,3,4,457,0.69,1,0,3.5,Windy,14:00,0,1,0
M0095,Tottenham,Liverpool,2.59,2.41,1.26,1.73,1.24,1.34,0.48,0.55,5,6,1.03,1.32,0.98,1.21,High,Low,1,5,7,555,0.62,1,4,3.5,Foggy,16:30,1,1,1
M0096,Crystal Palace,Aston Villa,1.13,2.95,1.08,2.07,1.82,1.15,0.4,0.6,3,7,0.76,1.28,0.76,1.21,Medium,Medium,1,7,7,209,0.28,1,0,1.5,Foggy,14:00,1,3,0
M0097,Leeds United,Brentford,0.95,2.56,0.92,1.77,2.14,1.24,0.29,0.5,3,5,0.75,1.32,0.75,1.07,Medium,Medium,1,7,7,594,0.6,0,3,2.3,Clear,12:30,0,2,0
M0098,Luton Town,Arsenal,1.26,2.24,1.2,1.81,1.74,1.38,0.38,0.56,3,6,0.84,1.34,0.78,1.23,High,High,1,7,6,72,0.62,3,0,2.7,Windy,15:00,1,1,1
M0099,Newcastle,Brighton,1.86,2.76,1.23,2.3,1.56,0.76,0.39,0.74,3,7,0.92,1.34,0.91,1.28,Medium,High,1,3,6,423,0.26,0,0,1.5,Clear,16:30,2,3,0
M0100,Luton Town,Bournemouth,1.71,1.51,1.52,1.08,1.55,1.55,0.58,0.29,5,3,0.99,0.85,0.75,0.75,Medium,High,1,3,3,515,0.58,1,0,2.2,Windy,17:30,2,2,1
M0101,Bournemouth,Everton,1.44,1.53,1.76,1.26,1.58,1.64,0.58,0.46,5,3,0.96,0.85,1.02,0.81,Medium,High,1,7,4,237,0.74,2,2,2.2,Clear,16:30,1,1,1
M0102,Leicester City,Leeds United,1.7,1.82,1.64,0.85,1.44,1.9,0.52,0.19,6,4,1.06,0.75,0.98,0.75,Medium,Medium,1,6,3,224,0.4,4,1,1.8,Windy,19:45,2,0,2
M0103,Fulham,Nottingham Forest,2.54,1.6,1.73,1.11,1.14,1.61,0.53,0.38,5,3,1.2,0.75,1.12,0.75,High,Medium,1,6,4,238,0.72,3,4,2.8,Clear,17:30,2,0,2
M0104,Middlesbrough,Arsenal,2.35,2.8,0.97,1.94,1.73,0.87,0.34,0.59,3,6,0.94,1.3,0.93,1.24,High,High,1,6,4,315,0.64,3,1,3.3,Clear,19:45,1,1,1
M0105,Bournemouth,Liverpool,1.09,2.1,1.14,1.73,1.6,1.28,0.32,0.51,3,5,0.82,1.25,0.81,1.1,Medium,High,1,6,7,85,0.41,3,0,2.5,Clear,14:00,1,1,1
M0106,Leeds United,Bournemouth,2.31,1.65,1.35,1.17,0.95,1.65,0.4,0.39,4,3,0.94,0.87,0.91,0.84,Medium,Medium,1,7,7,567,0.48,3,2,1.9,Rainy,19:45,1,0,2
M0107,Manchester City,Southampton,2.27,1.92,2.04,1.09,0.78,1.83,0.61,0.35,7,4,1.4,0.76,1.38,0.75,Medium,Medium,1,7,6,174,0.67,1,4,2.0,Clear,15:00,2,0,2
M0108,Fulham,Stoke City,1.83,1.65,1.48,1.09,1.96,1.65,0.44,0.35,4,4,0.78,0.95,0.79,0.98,High,Low,1,6,6,175,0.54,2,3,2.1,Clear,20:00,0,2,0
M0109,Stoke City,Leicester City,1.09,2.25,1.06,1.6,2.01,1.24,0.25,0.4,3,5,0.75,1.09,0.83,1.02,High,High,1,5,7,407,0.41,4,2,2.9,Windy,19:45,0,4,0
M0110,Brentford,Arsenal,2.14,3.0,1.3,2.14,1.83,0.72,0.4,0.71,3,6,0.97,1.4,0.78,1.38,Medium,High,1,6,5,338,0.3,1,2,1.7,Overcast,17:30,0,1,0
M0111,Sheffield Utd,Stoke City,1.22,1.05,0.63,1.49,2.09,1.63,0.18,0.41,2,6,0.75,0.95,0.75,0.92,High,High,1,5,4,478,0.61,1,0,1.5,Windy,15:00,0,2,0
M0112,Brighton,Sheffield Utd,1.78,1.65,1.08,1.32,1.81,1.56,0.37,0.31,3,5,0.81,1.0,0.99,0.95,High,Low,1,4,5,99,0.53,0,1,1.9,Overcast,20:00,1,2,0
M0113,Brentford,Manchester City,2.02,2.36,1.39,1.85,1.1,1.02,0.42,0.59,5,6,1.06,1.26,0.9,1.28,High,Low,1,4,4,235,0.32,1,4,3.0,Clear,15:00,2,2,1
M0114,Bournemouth,Watford,1.98,1.82,1.22,1.02,1.31,1.56,0.33,0.31,3,3,0.88,0.94,0.92,0.99,Medium,Medium,1,3,6,54,0.5,2,4,2.3,Windy,16:30,1,1,1
M0115,Watford,Arsenal,1.03,1.97,1.12,1.8,1.66,0.97,0.33,0.56,5,6,0.91,1.4,0.81,1.29,Medium,Medium,1,3,7,127,0.5,3,0,2.6,Clear,17:30,1,3,0
M0116,Stoke City,Southampton,2.41,1.11,0.77,0.98,1.93,1.73,0.35,0.32,2,3,0.9,0.87,0.78,0.84,High,Low,1,5,4,237,0.42,3,0,2.3,Clear,17:30,1,1,1
M0117,Burnley,Sheffield Utd,1.33,1.58,1.0,1.35,2.06,1.48,0.28,0.48,5,3,0.75,1.03,0.75,0.85,High,Low,1,4,6,395,0.7,1,3,2.8,Rainy,14:00,0,1,0
M0118,Bournemouth,Middlesbrough,1.6,1.61,1.35,1.29,1.57,1.63,0.34,0.37,5,3,0.75,0.88,0.82,0.89,Medium,Medium,1,3,5,272,0.49,4,1,1.4,Windy,19:45,0,0,1
M0119,Luton Town,Wolverhampton,2.09,1.54,1.29,0.91,1.61,1.58,0.42,0.28,4,4,0.95,1.06,0.81,0.76,Medium,Low,1,3,3,563,0.58,3,2,1.4,Rainy,15:00,1,0,2
M0120,Aston Villa,Manchester City,2.2,2.49,1.9,1.76,1.24,1.14,0.53,0.55,5,6,1.4,1.09,1.22,0.9,Medium,Low,1,4,6,484,0.41,0,0,3.0,Foggy,17:30,2,1,2
M0121,Leeds United,Everton,0.99,1.97,1.28,0.98,1.33,1.04,0.4,0.2,5,4,0.92,1.03,0.96,1.01,High,High,1,4,4,555,0.55,2,1,2.9,Windy,12:30,1,1,1
M0122,Nottingham Forest,Brentford,1.3,2.37,0.83,1.68,1.85,0.96,0.22,0.47,2,6,0.99,1.35,0.75,1.09,High,Medium,1,5,4,183,0.51,1,0,3.1,Foggy,17:30,0,1,0
M0123,Wolverhampton,Brentford,1.82,1.9,1.4,1.18,1.72,1.41,0.46,0.42,5,3,0.79,0.96,0.84,0.9,Low,High,1,5,7,329,0.34,0,2,3.2,Clear,17:30,1,1,1
M0124,Liverpool,Newcastle,2.27,2.11,1.81,1.17,0.9,1.12,0.54,0.37,5,2,1.13,1.08,1.2,1.04,Medium,High,1,4,6,226,0.42,0,0,3.1,Rainy,17:30,2,2,1
M0125,Watford,Luton Town,1.19,1.72,1.14,1.19,2.1,1.72,0.41,0.32,4,4,0.87,0.96,0.75,0.91,Medium,Low,1,4,3,596,0.65,3,1,1.9,Windy,20:00,0,2,0
M0126,Leicester City,Brentford,1.76,2.52,1.25,1.39,1.95,0.86,0.4,0.48,4,5,0.75,1.24,0.76,1.2,Medium,Medium,1,4,6,98,0.3,0,0,2.2,Rainy,14:00,1,2,0
M0127,Arsenal,Manchester City,2.99,1.79,2.25,1.13,0.78,1.19,0.73,0.39,7,4,1.4,1.24,1.38,1.01,Low,Medium,1,6,4,254,0.5,1,1,2.0,Foggy,15:00,3,1,2
M0128,Leicester City,Luton Town,1.48,1.92,1.02,1.3,2.2,1.4,0.2,0.47,4,3,0.77,0.87,0.75,0.91,Low,Medium,1,5,6,53,0.3,3,4,2.3,Overcast,15:00,1,2,0
M0129,Bournemouth,Luton Town,1.94,0.88,1.24,1.39,1.57,1.89,0.36,0.42,5,4,0.95,0.82,0.88,0.76,Medium,Medium,1,3,7,216,0.45,4,1,1.5,Overcast,14:00,2,2,1
M0130,Everton,Leeds United,2.17,0.54,2.1,0.95,1.38,2.15,0.63,0.2,5,2,1.26,0.75,1.13,0.75,Medium,High,1,7,7,266,0.36,4,3,2.7,Foggy,17:30,2,1,2
M0131,Burnley,Sheffield Utd,1.96,1.64,1.61,0.99,1.15,2.2,0.45,0.31,5,3,0.9,0.75,1.02,0.75,Medium,High,1,6,6,380,0.54,2,1,3.3,Overcast,12:30,3,2,2
M0132,Crystal Palace,Sheffield Utd,1.92,1.35,1.38,0.98,1.57,1.91,0.54,0.34,4,3,1.04,0.82,0.78,0.75,High,Low,1,4,5,228,0.27,1,4,1.4,Rainy,12:30,1,1,1
M0133,Southampton,Sheffield Utd,2.04,1.03,1.51,0.83,1.84,2.2,0.48,0.27,6,3,0.99,0.75,0.96,0.75,Low,Medium,1,3,7,273,0.71,0,2,1.9,Rainy,20:00,2,1,2
M0134,Manchester City,Stoke City,1.82,1.75,1.38,1.49,1.51,1.31,0.46,0.44,4,4,1.1,0.93,0.91,0.95,Low,High,1,4,5,538,0.5,2,1,2.6,Rainy,17:30,1,2,0
M0135,Watford,Crystal Palace,0.64,1.7,1.07,1.46,2.2,1.19,0.3,0.36,4,4,0.83,1.11,0.75,1.08,High,Medium,1,4,7,526,0.64,0,0,1.4,Windy,12:30,2,3,0
M0136,Nottingham Forest,Newcastle,2.4,1.75,1.2,1.45,1.22,1.74,0.4,0.45,3,4,0.94,0.87,0.85,0.95,Medium,High,1,7,7,352,0.41,3,4,2.9,Overcast,14:00,2,1,2
M0137,Manchester City,Bournemouth,2.49,1.56,2.03,0.93,0.94,1.42,0.56,0.26,7,2,1.34,1.04,1.33,0.91,Medium,High,1,6,6,278,0.39,3,4,3.4,Rainy,15:00,1,1,1
M0138,Aston Villa,Leicester City,1.78,1.77,1.84,0.87,1.26,1.19,0.63,0.24,5,3,1.02,0.92,0.92,0.83,Medium,Medium,1,7,3,40,0.71,1,0,3.5,Clear,19:45,0,0,1
M0139,Leicester City,Bournemouth,1.23,2.21,0.84,1.04,2.2,1.11,0.33,0.33,4,3,0.75,1.02,0.75,1.06,Low,Medium,1,3,5,339,0.41,1,3,3.0,Windy,20:00,0,2,0
M0140,Stoke City,Watford,1.37,1.52,1.41,1.23,2.19,1.36,0.39,0.28,3,4,0.75,0.96,0.75,0.79,Medium,Medium,1,5,5,225,0.27,4,2,3.1,Clear,17:30,1,2,0
M0141,Watford,Arsenal,1.84,2.53,1.19,2.59,1.75,0.67,0.26,0.76,4,8,0.75,1.4,0.75,1.38,Medium,Medium,1,7,6,591,0.47,1,3,2.2,Overcast,14:00,0,1,0
M0142,Bournemouth,Arsenal,0.84,3.0,1.08,1.78,1.4,0.81,0.32,0.54,5,6,0.77,1.4,0.75,1.38,Low,Medium,1,4,3,157,0.48,1,3,1.2,Clear,14:00,1,3,0
M0143,Bournemouth,Everton,1.09,1.17,1.25,1.28,2.08,1.24,0.47,0.4,4,5,0.75,1.15,0.75,1.06,High,High,1,5,6,562,0.55,2,3,3.2,Overcast,16:30,0,1,0
M0144,West Ham,Arsenal,1.45,1.96,1.58,1.61,1.32,1.17,0.47,0.54,5,4,1.06,1.21,1.07,1.22,Medium,Medium,1,5,3,188,0.55,4,1,3.3,Overcast,19:45,2,2,1
M0145,Manchester City,Crystal Palace,2.79,0.32,2.58,0.62,1.3,1.79,0.77,0.18,8,2,1.4,0.75,1.38,0.75,Low,High,1,5,6,293,0.38,0,0,3.5,Foggy,15:00,3,1,2
M0146,Stoke City,Liverpool,1.46,2.27,0.74,1.57,1.87,1.42,0.3,0.51,2,5,0.82,1.29,0.84,1.3,Medium,Low,1,3,5,581,0.33,3,4,2.2,Windy,17:30,1,1,1
M0147,West Ham,Leeds United,1.36,2.28,1.7,1.45,1.61,1.27,0.63,0.49,4,4,0.92,1.05,0.94,0.86,High,High,1,7,7,299,0.62,3,4,2.1,Overcast,15:00,0,3,0
M0148,Brighton,Leicester City,2.51,2.1,1.52,1.36,1.8,1.03,0.47,0.37,4,5,0.84,1.01,0.75,0.93,High,High,1,3,3,201,0.48,3,2,2.3,Foggy,15:00,0,2,0
M0149,Bournemouth,Watford,1.09,1.71,1.16,1.15,1.68,1.19,0.29,0.4,4,2,0.95,1.06,0.8,0.85,High,High,1,4,3,380,0.46,4,0,2.2,Rainy,16:30,0,1,0
M0150,Aston Villa,Watford,2.42,1.41,2.07,1.22,1.06,1.86,0.61,0.34,6,3,1.3,0.75,1.26,0.76,High,High,1,4,3,164,0.64,3,4,1.8,Windy,19:45,1,0,2
M0151,Southampton,Bournemouth,1.82,1.45,1.41,0.84,1.33,2.09,0.47,0.22,4,2,0.97,0.75,0.97,0.75,High,Low,1,7,5,227,0.26,0,1,2.2,Rainy,14:00,2,0,2
M0152,Sheffield Utd,Liverpool,1.77,2.01,1.06,2.18,1.51,1.23,0.25,0.69,5,6,0.85,1.36,0.75,1.18,Medium,Medium,1,3,7,584,0.73,0,3,2.3,Foggy,15:00,2,2,1
M0153,Bournemouth,Brentford,2.1,2.7,1.51,2.02,1.95,0.98,0.6,0.61,5,6,0.79,1.16,0.75,1.09,Medium,Medium,1,7,6,410,0.3,1,3,1.3,Foggy,16:30,1,2,0
M0154,Burnley,Bournemouth,1.02,1.83,1.04,2.02,1.94,1.45,0.32,0.56,3,6,0.75,1.12,0.75,1.06,High,High,1,7,5,599,0.26,1,0,1.8,Windy,17:30,0,2,0
M0155,Watford,Newcastle,1.39,1.44,1.44,1.79,1.84,1.47,0.47,0.53,5,7,0.8,1.07,0.86,1.04,Medium,Low,1,7,6,518,0.56,1,2,2.7,Foggy,14:00,0,0,1
M0156,Brighton,Sheffield Utd,1.56,1.1,1.43,1.17,2.04,1.97,0.5,0.38,4,4,0.89,0.87,0.81,0.75,High,High,1,5,6,111,0.53,2,3,2.6,Windy,16:30,1,2,0
M0157,Luton Town,Crystal Palace,1.35,2.19,0.83,1.58,1.96,1.41,0.31,0.43,2,5,0.75,1.19,0.75,1.23,Medium,High,1,5,7,535,0.75,1,4,2.9,Overcast,15:00,1,2,0
M0158,Middlesbrough,Crystal Palace,2.06,1.01,1.2,1.13,1.15,1.78,0.4,0.29,5,3,0.97,0.98,1.01,0.77,Low,Low,1,5,3,162,0.38,2,1,2.2,Overcast,19:45,1,0,2
M0159,Brighton,Luton Town,2.31,0.52,1.41,1.34,1.38,2.01,0.49,0.32,5,5,0.95,0.8,1.13,0.75,High,Medium,1,6,4,176,0.57,3,3,1.6,Rainy,19:45,0,0,1
M0160,Newcastle,Everton,2.48,1.38,1.68,0.51,0.9,2.09,0.57,0.23,5,2,1.18,0.75,1.23,0.75,Medium,High,1,3,4,598,0.49,1,0,1.9,Windy,19:45,3,2,2
M0161,Arsenal,Stoke City,2.19,1.27,1.54,1.25,1.02,1.27,0.49,0.39,5,4,1.36,0.75,1.35,0.88,Low,High,1,3,5,129,0.68,2,1,2.7,Clear,16:30,2,2,1
M0162,Liverpool,Nottingham Forest,2.95,0.9,2.16,0.87,0.68,1.88,0.66,0.21,6,3,1.4,0.75,1.38,0.75,Low,Medium,1,7,5,593,0.4,4,1,2.1,Foggy,19:45,1,0,2
M0163,Crystal Palace,West Ham,1.93,1.27,1.54,1.67,1.39,1.24,0.44,0.54,4,5,1.1,1.12,0.93,0.99,High,High,1,5,4,492,0.46,3,3,1.9,Overcast,14:00,2,2,1
M0164,Brighton,Manchester City,2.47,2.05,1.53,1.52,1.25,1.06,0.49,0.45,5,6,1.19,1.18,1.18,1.17,Medium,Medium,1,3,5,98,0.51,3,2,3.5,Foggy,20:00,2,1,2
M0165,Luton Town,Middlesbrough,1.53,1.44,1.3,1.16,1.82,2.14,0.33,0.37,4,3,0.91,0.81,0.84,0.75,Medium,Low,1,7,6,571,0.62,3,2,2.1,Overcast,19:45,2,1,2
M0166,Tottenham,Brentford,2.48,1.18,1.61,1.24,1.27,1.98,0.45,0.37,6,4,1.36,0.76,1.31,0.75,Low,High,1,5,4,86,0.41,4,3,2.4,Rainy,20:00,1,0,2
M0167,Luton Town,Bournemouth,1.84,1.57,1.13,1.5,1.98,1.5,0.42,0.43,4,5,0.75,1.15,0.75,1.05,Low,Low,1,6,5,160,0.45,4,1,2.8,Clear,16:30,0,1,0
M0168,Leicester City,Burnley,1.28,2.62,1.01,1.82,2.2,1.65,0.35,0.65,2,6,0.76,0.95,0.75,0.94,Medium,Medium,1,7,5,241,0.34,1,4,1.7,Clear,14:00,0,1,0
M0169,Arsenal,Burnley,1.91,0.86,2.05,0.86,0.89,1.93,0.59,0.24,7,4,1.29,0.83,1.13,0.75,High,Low,1,6,4,558,0.5,4,2,3.4,Overcast,20:00,1,1,1
M0170,Aston Villa,West Ham,2.36,1.65,1.77,1.21,1.18,1.04,0.58,0.42,5,3,1.19,0.95,1.09,0.93,Medium,Medium,1,6,5,157,0.52,4,3,1.6,Rainy,16:30,2,2,1
M0171,Aston Villa,Watford,2.73,0.91,2.27,0.77,0.9,2.01,0.74,0.29,8,2,1.4,0.75,1.34,0.88,Medium,Medium,1,3,3,445,0.66,3,3,2.8,Clear,19:45,3,0,2
M0172,Stoke City,Everton,0.95,2.12,1.15,1.38,1.94,1.31,0.3,0.38,3,4,0.75,1.04,0.75,1.08,Medium,Medium,1,7,4,586,0.65,3,2,2.3,Windy,16:30,1,2,0
M0173,Leicester City,Southampton,1.58,1.51,1.5,1.45,1.46,1.64,0.42,0.45,4,4,0.92,0.9,0.75,0.76,Low,Medium,1,4,4,354,0.46,2,1,2.2,Windy,17:30,2,2,1
M0174,Arsenal,Liverpool,1.3,2.64,1.43,1.93,1.31,0.71,0.41,0.57,5,6,1.01,1.4,0.92,1.38,High,Medium,1,6,6,238,0.42,1,2,3.2,Rainy,20:00,0,3,0
M0175,Brentford,Middlesbrough,2.12,1.54,1.56,1.08,1.36,1.73,0.42,0.33,4,5,1.07,0.76,1.07,0.8,Medium,High,1,6,5,193,0.62,1,2,3.3,Rainy,19:45,1,1,1
M0176,Tottenham,Watford,1.27,1.16,1.37,1.47,1.27,1.4,0.37,0.42,4,5,1.01,0.93,0.96,0.93,Medium,Medium,1,5,4,369,0.69,3,3,2.0,Rainy,17:30,0,1,0
M0177,Brighton,Arsenal,1.21,3.0,1.22,2.34,1.46,1.04,0.4,0.75,5,6,1.07,1.4,0.8,1.38,Low,High,1,3,3,64,0.47,0,1,2.9,Windy,17:30,1,3,0
M0178,Leeds United,Arsenal,2.12,1.81,1.82,1.34,1.22,1.07,0.56,0.41,5,5,1.04,1.14,0.9,1.07,High,Low,1,4,4,582,0.47,4,0,2.9,Rainy,15:00,2,1,2
M0179,Liverpool,Fulham,2.03,1.66,1.45,1.7,1.35,1.03,0.52,0.53,5,5,1.35,0.92,1.38,0.93,Medium,High,1,5,4,437,0.38,0,0,2.2,Clear,14:00,2,2,1
M0180,Southampton,Sheffield Utd,1.71,1.58,1.24,1.37,1.91,1.95,0.34,0.44,5,5,0.77,0.87,0.81,0.78,Medium,High,1,4,3,489,0.69,3,3,2.7,Foggy,15:00,2,2,1
M0181,Stoke City,West Ham,2.19,2.28,1.6,1.35,1.14,1.07,0.45,0.38,5,3,0.93,1.09,0.83,1.17,High,Medium,1,4,5,543,0.59,4,3,3.3,Rainy,16:30,1,1,1
M0182,Arsenal,Brighton,1.71,1.89,1.48,1.78,1.48,0.87,0.5,0.51,5,5,1.01,1.26,1.04,1.31,Low,Medium,1,6,7,460,0.44,0,4,2.2,Windy,14:00,1,2,0
M0183,Bournemouth,Aston Villa,1.49,2.02,1.03,1.13,1.53,1.42,0.35,0.38,3,2,0.91,0.96,0.85,0.96,Medium,Medium,1,4,5,269,0.71,2,3,3.0,Foggy,16:30,1,1,1
M0184,Middlesbrough,Arsenal,2.27,2.74,1.35,2.31,1.67,0.93,0.41,0.73,3,8,0.81,1.33,0.75,1.19,Medium,Medium,1,4,7,245,0.74,2,2,2.9,Clear,12:30,2,2,1
M0185,Stoke City,Liverpool,1.51,2.26,1.4,1.62,1.69,1.11,0.45,0.5,4,6,0.8,1.25,0.87,1.14,Medium,High,1,5,6,329,0.3,2,4,1.6,Windy,19:45,0,0,1
M0186,Newcastle,Chelsea,2.5,2.19,1.61,1.57,1.38,0.92,0.48,0.5,5,5,1.16,1.13,1.2,1.22,Medium,Medium,1,4,7,463,0.53,4,1,2.3,Windy,19:45,2,2,1
M0187,Stoke City,Brighton,2.42,2.25,1.33,1.7,2.2,1.02,0.46,0.54,5,4,0.75,1.19,0.77,1.28,Low,Low,1,4,4,259,0.28,1,0,3.4,Overcast,17:30,1,2,0
M0188,Manchester City,Chelsea,1.85,2.34,1.55,1.6,0.96,0.86,0.53,0.52,6,6,1.09,1.4,1.07,1.38,High,Medium,1,7,3,594,0.29,0,4,1.4,Windy,17:30,1,2,0
M0189,Watford,Middlesbrough,2.47,1.01,1.46,1.18,1.07,1.93,0.47,0.34,4,3,1.01,0.78,0.93,0.75,Medium,High,1,3,6,53,0.58,0,2,3.2,Rainy,12:30,2,1,2
M0190,Manchester City,Southampton,3.0,1.87,2.41,0.72,1.18,1.88,0.73,0.26,8,2,1.4,0.75,1.38,0.75,Low,High,1,7,3,240,0.71,3,0,1.4,Windy,12:30,3,0,2
M0191,Chelsea,Sheffield Utd,2.97,1.2,2.03,0.84,1.0,2.2,0.63,0.24,6,3,1.4,0.75,1.38,0.75,High,High,1,3,5,333,0.26,3,4,1.4,Clear,12:30,1,0,2
M0192,Bournemouth,Brentford,1.99,1.68,1.05,1.14,1.85,1.3,0.39,0.24,2,4,0.88,0.89,0.79,0.83,High,Medium,1,6,5,395,0.29,0,3,1.8,Windy,15:00,0,0,1
M0193,Leicester City,Sheffield Utd,1.61,0.39,1.45,1.3,1.3,1.96,0.44,0.34,5,3,1.17,0.75,1.03,0.75,Low,High,1,6,3,255,0.36,3,4,3.2,Rainy,14:00,2,0,2
M0194,Fulham,Southampton,1.42,1.77,1.4,1.4,1.87,0.63,0.46,0.43,4,4,0.84,0.91,0.96,1.08,High,Low,1,6,5,207,0.34,4,2,3.1,Rainy,19:45,1,2,0
M0195,Sheffield Utd,Southampton,1.01,1.45,1.07,1.26,1.7,1.91,0.32,0.43,5,4,1.02,0.8,0.9,0.75,Medium,Medium,1,5,3,256,0.27,0,0,2.6,Overcast,15:00,2,1,2
M0196,Middlesbrough,Leeds United,1.8,1.35,1.26,0.7,1.08,2.06,0.48,0.19,5,1,1.03,0.84,1.02,0.75,High,Low,1,5,4,479,0.62,2,4,2.1,Windy,12:30,2,0,2
M0197,West Ham,Aston Villa,1.69,1.3,1.45,1.55,1.58,1.49,0.43,0.45,5,5,1.01,1.01,0.82,0.88,High,Medium,1,4,3,192,0.49,0,1,2.1,Foggy,15:00,2,2,1
M0198,Middlesbrough,Crystal Palace,2.43,1.08,1.13,0.6,1.26,1.77,0.33,0.19,4,3,1.04,0.79,1.02,0.87,High,High,1,5,6,590,0.28,0,4,1.3,Overcast,15:00,1,0,2
M0199,Middlesbrough,Chelsea,1.28,3.0,0.71,1.97,2.14,0.57,0.23,0.71,3,6,0.75,1.4,0.75,1.38,Medium,High,1,6,7,537,0.27,2,3,3.0,Rainy,20:00,0,2,0
M0200,Southampton,Everton,1.44,1.79,1.25,1.55,1.81,1.06,0.37,0.45,3,5,0.75,0.99,0.88,1.23,Medium,High,1,3,3,175,0.42,2,3,3.0,Foggy,17:30,1,2,0
M0201,Liverpool,Newcastle,2.78,2.18,1.79,1.17,0.75,1.72,0.5,0.34,6,3,1.2,1.05,1.07,1.04,Medium,High,1,6,6,440,0.4,3,4,2.2,Rainy,12:30,1,1,1
M0202,Luton Town,Fulham,1.62,0.89,1.01,0.96,1.64,1.5,0.31,0.42,3,3,0.89,0.97,0.86,0.9,Medium,High,1,6,3,43,0.28,3,3,1.7,Overcast,12:30,1,1,1
M0203,West Ham,Everton,1.99,1.22,1.21,1.68,1.75,1.25,0.38,0.47,3,4,0.76,0.9,0.75,1.03,Medium,High,1,4,5,461,0.57,4,3,3.2,Clear,12:30,1,2,0
M0204,Leeds United,Burnley,0.8,1.62,0.8,1.26,2.09,1.55,0.28,0.42,3,3,0.81,0.95,0.75,0.78,High,High,1,6,3,260,0.75,0,3,3.4,Overcast,17:30,0,1,0
M0205,Aston Villa,Arsenal,1.24,2.41,1.66,2.15,1.33,0.75,0.52,0.71,3,6,1.02,1.4,0.95,1.38,Medium,Medium,1,7,5,586,0.49,0,1,1.5,Rainy,17:30,1,2,0
M0206,Middlesbrough,Burnley,1.72,1.64,1.16,1.25,1.93,1.54,0.38,0.43,3,3,0.89,0.9,0.75,0.86,Medium,Medium,1,4,5,576,0.3,1,4,3.4,Overcast,15:00,0,1,0
M0207,Watford,Brighton,2.38,2.24,1.26,1.62,1.58,1.24,0.39,0.44,4,4,0.75,1.12,0.75,1.03,Medium,Low,1,6,5,566,0.72,1,4,3.2,Overcast,14:00,1,1,1
M0208,Chelsea,Bournemouth,2.98,1.26,2.38,0.91,1.0,1.66,0.71,0.3,7,4,1.4,0.78,1.3,0.76,Medium,Low,1,6,6,301,0.64,2,4,1.8,Rainy,20:00,2,1,2
M0209,Middlesbrough,Wolverhampton,1.42,1.77,0.71,1.1,1.76,1.87,0.22,0.39,1,3,0.89,0.85,0.77,0.85,High,High,1,3,5,334,0.27,3,3,1.5,Foggy,20:00,1,1,1
M0210,Brighton,Chelsea,1.67,1.93,1.51,2.09,1.6,1.11,0.54,0.68,5,6,1.0,1.36,0.79,1.26,Medium,Medium,1,4,7,349,0.64,3,4,2.9,Rainy,16:30,1,2,0
M0211,Fulham,Newcastle,2.35,2.05,1.73,1.31,0.89,1.42,0.53,0.38,5,4,1.16,0.96,1.15,0.9,High,Medium,1,4,5,32,0.67,3,1,1.2,Clear,15:00,1,0,2
M0212,Chelsea,Watford,2.43,2.05,1.57,1.28,1.4,1.58,0.51,0.42,3,4,1.17,1.08,1.02,0.94,Medium,Medium,1,3,3,272,0.33,3,3,1.7,Windy,12:30,0,2,0
M0213,Chelsea,Manchester City,1.92,2.42,1.85,1.76,1.21,1.12,0.61,0.61,5,6,1.18,1.4,0.97,1.38,Medium,Medium,1,5,6,523,0.69,0,4,3.2,Windy,15:00,1,2,0
M0214,Chelsea,Tottenham,2.42,2.08,1.98,1.45,1.17,1.46,0.71,0.5,6,5,1.39,0.99,1.16,1.03,High,High,1,4,5,306,0.57,3,2,1.4,Foggy,16:30,2,1,2
M0215,Arsenal,Crystal Palace,1.73,1.74,1.42,1.58,1.64,1.47,0.41,0.44,5,4,1.14,1.01,0.95,1.05,Low,Medium,1,6,3,349,0.33,1,3,2.2,Windy,17:30,1,2,0
M0216,Sheffield Utd,Tottenham,0.9,2.58,0.6,2.0,1.84,1.3,0.18,0.58,2,7,0.75,1.34,0.76,1.24,Medium,Low,1,3,7,346,0.53,0,4,1.4,Foggy,19:45,0,2,0
M0217,Brentford,Stoke City,2.18,1.7,1.78,0.52,0.96,1.9,0.5,0.18,5,2,1.19,0.75,1.22,0.75,High,High,1,6,4,269,0.48,2,2,2.2,Clear,12:30,2,1,2
M0218,Wolverhampton,Fulham,1.99,1.15,1.38,1.33,0.89,1.44,0.49,0.41,4,4,1.18,0.84,1.09,0.9,Medium,Low,1,7,7,70,0.67,1,3,2.4,Rainy,19:45,1,0,2
M0219,Crystal Palace,Sheffield Utd,1.52,1.42,1.38,1.0,1.6,1.75,0.43,0.4,4,3,0.95,0.79,0.89,0.75,Medium,High,1,7,7,230,0.37,1,3,3.1,Rainy,14:00,1,1,1
M0220,Middlesbrough,Southampton,1.63,0.58,1.31,1.0,1.77,1.75,0.41,0.38,4,3,1.08,0.75,0.99,0.79,High,High,1,3,4,176,0.55,0,4,1.3,Clear,17:30,3,1,2
M0221,Manchester City,Fulham,3.0,0.93,2.63,0.86,0.96,1.89,0.83,0.22,8,1,1.4,0.75,1.38,0.76,Medium,Low,1,6,6,174,0.34,4,1,2.5,Rainy,17:30,2,0,2
M0222,Arsenal,Fulham,2.24,2.16,1.28,1.24,1.26,1.14,0.5,0.31,3,4,1.04,1.38,0.94,1.24,Medium,High,1,7,6,555,0.28,1,2,2.7,Foggy,16:30,0,2,0
M0223,Newcastle,Liverpool,2.2,1.87,0.97,1.65,1.28,1.2,0.3,0.55,3,6,1.01,1.4,1.0,1.32,High,Low,1,6,3,414,0.26,1,3,1.3,Windy,17:30,1,1,1
M0224,Sheffield Utd,Leicester City,1.28,1.81,1.22,1.2,2.19,1.75,0.38,0.35,2,3,0.8,0.85,0.82,0.81,High,Low,1,6,6,77,0.51,0,0,2.9,Windy,14:00,0,0,1
M0225,Leeds United,Bournemouth,1.25,1.86,1.17,1.29,1.73,1.1,0.37,0.43,4,4,0.75,1.06,0.75,0.95,High,High,1,3,6,212,0.33,2,4,2.7,Foggy,19:45,0,1,0
M0226,Leeds United,Southampton,2.2,2.12,1.14,1.28,1.91,1.82,0.36,0.42,4,5,0.75,0.91,0.75,0.83,Medium,High,1,7,3,163,0.36,2,3,3.4,Foggy,19:45,1,2,0
M0227,Newcastle,Manchester City,2.11,2.12,1.46,2.17,0.98,0.78,0.42,0.68,6,8,1.0,1.4,0.87,1.36,Low,Low,1,5,5,302,0.71,0,4,2.0,Rainy,16:30,2,2,1
M0228,Leicester City,Burnley,2.04,1.62,1.53,1.26,1.93,1.36,0.44,0.43,6,3,0.93,0.91,0.8,0.75,Low,Low,1,3,5,334,0.69,0,4,2.1,Foggy,20:00,1,1,1
M0229,Chelsea,West Ham,1.9,2.53,1.72,1.96,1.29,1.16,0.6,0.6,5,6,0.94,1.18,0.87,1.2,High,Low,1,7,5,247,0.54,0,4,3.0,Overcast,17:30,1,2,0
M0230,Luton Town,Everton,1.7,2.26,0.81,1.19,2.0,1.37,0.31,0.24,2,4,0.75,1.17,0.75,1.0,Medium,Medium,1,6,3,177,0.45,1,0,2.3,Rainy,16:30,0,1,0
M0231,Brentford,Fulham,2.03,2.07,1.56,1.28,1.5,1.57,0.47,0.47,6,5,1.04,0.77,1.07,0.75,Medium,Medium,1,5,7,260,0.56,2,1,2.8,Windy,19:45,2,1,2
M0232,Newcastle,Leicester City,2.16,2.07,1.85,1.08,1.29,1.46,0.55,0.43,6,5,0.93,0.96,1.0,0.86,Low,High,1,7,3,510,0.49,0,1,1.3,Windy,15:00,1,1,1
M0233,Everton,Leicester City,1.52,0.75,1.07,1.05,2.09,1.4,0.35,0.42,4,4,0.87,0.94,0.84,0.77,Low,High,1,7,7,59,0.59,0,0,2.4,Foggy,16:30,1,1,1
M0234,Brighton,Luton Town,1.84,1.27,1.45,0.45,0.97,2.03,0.49,0.18,5,2,0.99,0.75,1.0,0.75,Low,Low,1,3,4,322,0.27,0,0,1.2,Rainy,17:30,0,0,1
M0235,Brentford,Aston Villa,1.76,2.74,1.58,2.03,1.61,1.11,0.41,0.7,5,6,0.94,1.4,0.86,1.19,High,Medium,1,4,5,553,0.55,3,1,1.9,Windy,17:30,2,3,0
M0236,Middlesbrough,Leicester City,1.25,2.18,1.07,1.32,1.88,1.17,0.33,0.37,3,4,0.77,1.28,0.75,1.08,Medium,Medium,1,5,3,354,0.52,3,1,3.4,Overcast,16:30,0,1,0
M0237,Stoke City,Sheffield Utd,1.8,1.93,1.3,1.04,1.72,1.71,0.45,0.41,3,5,0.91,0.8,0.75,0.78,High,Medium,1,3,4,432,0.44,3,3,2.0,Foggy,16:30,1,1,1
M0238,Chelsea,Tottenham,1.93,2.44,1.6,2.04,1.29,0.78,0.51,0.71,5,6,1.0,1.4,1.1,1.35,Medium,High,1,3,4,153,0.51,1,1,1.4,Clear,14:00,1,2,0
M0239,Leeds United,Arsenal,2.12,2.42,1.49,1.8,1.55,0.93,0.5,0.52,5,5,1.13,1.16,0.92,1.26,Low,Medium,1,5,6,351,0.72,3,4,2.3,Windy,16:30,2,1,2
M0240,Newcastle,Aston Villa,2.1,2.23,2.06,1.27,1.07,1.5,0.67,0.42,7,4,1.31,0.99,1.15,1.01,Medium,Medium,1,6,5,36,0.48,1,3,2.1,Rainy,17:30,3,1,2
M0241,Southampton,Aston Villa,1.76,1.23,1.73,1.41,1.51,1.15,0.5,0.47,5,4,0.9,1.01,0.87,1.11,Low,Medium,1,6,5,281,0.42,1,1,3.2,Overcast,17:30,1,0,2
M0242,Fulham,Aston Villa,2.32,2.2,1.72,1.29,1.44,1.19,0.53,0.45,5,4,1.0,0.96,0.93,0.9,Low,High,1,4,5,339,0.59,4,0,1.5,Rainy,14:00,0,0,1
M0243,Middlesbrough,Everton,1.51,2.65,0.88,1.95,2.07,1.11,0.22,0.61,3,5,0.75,1.15,0.75,1.01,Medium,Medium,1,6,6,304,0.53,3,0,2.9,Rainy,19:45,1,3,0
M0244,Wolverhampton,Southampton,1.81,1.64,1.74,0.76,1.32,1.92,0.56,0.24,5,2,1.23,0.75,1.09,0.75,Low,Medium,1,6,5,411,0.54,1,2,1.9,Clear,15:00,2,1,2
M0245,Sheffield Utd,Nottingham Forest,0.76,1.51,1.0,1.38,1.87,1.85,0.39,0.44,3,3,0.75,0.8,0.75,0.86,High,Medium,1,7,3,114,0.59,3,0,2.2,Foggy,20:00,0,0,1
M0246,Brentford,Manchester City,0.94,2.8,1.01,1.87,1.53,1.04,0.34,0.6,3,6,0.81,1.4,0.94,1.38,Medium,Medium,1,6,7,157,0.29,0,0,2.1,Clear,14:00,2,3,0
M0247,Aston Villa,Newcastle,2.42,1.81,1.39,2.0,1.12,1.25,0.37,0.62,4,8,1.2,1.03,1.0,0.92,Low,Medium,1,3,5,30,0.4,3,4,3.4,Clear,12:30,1,1,1
M0248,Bournemouth,West Ham,1.55,1.88,1.49,2.01,1.77,1.22,0.49,0.5,5,7,0.86,1.12,0.75,1.11,High,Medium,1,3,3,178,0.49,4,3,1.4,Rainy,15:00,1,3,0
M0249,Everton,Newcastle,2.17,1.98,1.62,1.15,1.17,1.1,0.56,0.39,4,3,1.14,0.93,1.16,0.92,High,High,1,4,6,73,0.68,4,1,3.2,Foggy,15:00,1,0,2
M0250,Burnley,Stoke City,2.06,0.55,1.19,1.43,1.41,2.15,0.33,0.45,3,4,1.0,0.75,0.95,0.75,High,High,1,6,6,524,0.58,0,4,1.5,Clear,19:45,2,0,2
M0251,Sheffield Utd,Newcastle,2.23,1.48,1.19,1.3,1.43,1.41,0.31,0.36,5,4,0.99,1.07,0.89,1.1,Medium,Low,1,6,3,372,0.71,4,0,2.3,Clear,14:00,2,1,2
M0252,Bournemouth,Crystal Palace,1.01,2.74,1.15,1.59,1.9,1.1,0.32,0.5,4,4,0.76,1.16,0.75,1.08,Medium,Medium,1,3,4,501,0.62,0,4,2.7,Overcast,17:30,0,3,0
M0253,Wolverhampton,Nottingham Forest,1.56,1.95,1.15,1.74,1.67,1.31,0.43,0.44,3,5,0.83,0.97,0.75,0.86,Low,Medium,1,5,3,436,0.72,1,1,1.5,Foggy,12:30,0,1,0
M0254,Burnley,Southampton,1.06,2.13,1.32,1.56,2.08,1.38,0.35,0.42,3,5,0.85,1.11,0.75,0.97,Medium,Medium,1,5,7,230,0.34,3,1,2.3,Overcast,20:00,0,3,0
M0255,Bournemouth,Tottenham,1.73,2.36,1.24,1.87,1.79,1.12,0.36,0.5,3,6,0.76,1.14,0.78,1.22,Medium,Medium,1,6,3,578,0.72,2,2,2.8,Windy,12:30,1,2,0
M0256,Aston Villa,Southampton,2.72,0.82,2.17,0.82,1.34,2.2,0.67,0.18,7,2,1.25,0.75,1.24,0.75,Medium,Medium,1,4,7,298,0.56,0,1,2.1,Overcast,15:00,2,0,2
M0257,Liverpool,Brentford,2.31,2.13,1.32,1.55,1.29,1.34,0.46,0.54,4,5,1.1,1.2,0.92,1.16,High,Medium,1,3,3,422,0.28,3,3,1.6,Foggy,19:45,0,1,0
M0258,Tottenham,Fulham,2.28,1.62,2.0,1.2,1.26,1.51,0.61,0.46,6,3,1.4,0.84,1.38,0.75,Medium,Low,1,6,3,554,0.64,2,3,3.2,Clear,17:30,2,1,2
M0259,Watford,Manchester City,1.33,2.5,0.95,2.1,1.86,0.74,0.35,0.64,3,7,0.81,1.4,0.75,1.38,High,High,1,7,5,580,0.66,4,2,2.8,Windy,19:45,0,2,0
M0260,Brighton,Arsenal,1.52,2.09,1.48,1.11,1.04,1.1,0.38,0.31,4,3,1.31,1.07,1.27,1.05,Low,Low,1,6,7,44,0.41,2,4,1.9,Rainy,17:30,2,0,2
M0261,Leicester City,Bournemouth,1.62,1.96,1.08,1.56,1.74,1.35,0.34,0.56,3,5,0.75,1.06,0.75,0.99,Medium,Low,1,7,3,419,0.49,2,2,2.9,Windy,19:45,1,2,0
M0262,Newcastle,West Ham,2.11,1.68,1.26,1.53,1.35,1.29,0.44,0.54,5,4,1.03,1.08,1.03,0.98,Medium,Medium,1,7,3,458,0.49,2,3,2.5,Windy,12:30,2,2,1
M0263,Brentford,Middlesbrough,1.8,1.46,2.01,1.12,1.06,1.43,0.68,0.3,6,5,1.11,0.75,1.1,0.76,Medium,Low,1,6,6,165,0.35,4,2,3.0,Windy,12:30,3,0,2
M0264,Arsenal,Manchester City,1.67,3.0,1.6,2.37,1.22,1.06,0.51,0.8,4,7,0.92,1.4,1.07,1.38,High,Medium,1,5,4,185,0.42,3,1,1.4,Windy,19:45,1,2,0
M0265,Nottingham Forest,Middlesbrough,2.0,1.56,1.59,1.06,1.34,2.2,0.49,0.34,6,2,1.18,0.8,1.08,0.75,High,Medium,1,3,7,446,0.46,3,3,1.9,Overcast,12:30,3,1,2
M0266,Leicester City,Newcastle,2.48,2.19,1.13,1.93,1.36,1.08,0.38,0.6,4,6,0.89,1.15,0.87,1.06,Medium,Medium,1,7,7,395,0.3,3,4,1.7,Overcast,16:30,2,2,1
M0267,Middlesbrough,Wolverhampton,1.41,1.77,1.14,1.36,2.0,1.3,0.39,0.42,4,4,0.94,1.22,0.75,1.14,Medium,High,1,7,6,253,0.56,0,3,2.8,Clear,12:30,1,2,0
M0268,Newcastle,Watford,2.98,1.61,2.01,1.15,0.93,1.91,0.6,0.31,7,5,1.4,0.75,1.38,0.75,High,High,1,6,4,115,0.62,4,3,1.7,Foggy,15:00,2,1,2
M0269,Crystal Palace,Luton Town,1.5,1.34,1.61,1.28,1.19,1.67,0.54,0.45,5,3,0.9,0.77,0.84,0.75,High,Medium,1,6,7,104,0.43,2,4,2.2,Rainy,17:30,1,1,1
M0270,Brighton,Bournemouth,1.64,1.37,1.14,1.22,1.38,1.7,0.3,0.33,3,4,1.06,0.76,0.95,0.89,Low,High,1,5,5,257,0.6,3,2,2.4,Clear,20:00,0,0,1
M0271,Wolverhampton,Middlesbrough,1.7,1.65,1.53,0.48,0.88,2.04,0.53,0.2,5,1,1.09,0.75,1.1,0.75,High,High,1,7,7,573,0.73,2,4,2.0,Clear,20:00,2,1,2
M0272,Everton,Brentford,0.94,2.03,1.04,1.59,1.72,1.56,0.21,0.59,4,5,0.75,1.09,0.75,1.07,Low,High,1,6,4,347,0.54,4,3,1.8,Clear,15:00,0,2,0
M0273,Sheffield Utd,Newcastle,1.38,2.14,1.58,0.98,1.43,1.44,0.52,0.27,6,3,0.89,1.13,0.83,0.98,Medium,Medium,1,6,7,372,0.43,1,1,2.3,Windy,17:30,2,0,2
M0274,Middlesbrough,Nottingham Forest,1.69,1.56,1.16,1.14,1.54,1.68,0.33,0.38,3,3,0.82,0.79,0.8,0.77,High,High,1,4,7,46,0.64,3,2,3.1,Rainy,19:45,1,1,1
M0275,Stoke City,Aston Villa,1.19,2.3,1.53,1.63,2.2,1.32,0.52,0.52,5,4,0.8,1.21,0.75,1.26,Medium,Low,1,6,6,112,0.59,4,1,2.7,Rainy,12:30,0,1,0
M0276,Aston Villa,Stoke City,1.87,1.47,1.3,1.83,1.8,1.48,0.41,0.55,4,6,0.94,1.0,0.75,0.99,Medium,High,1,4,7,66,0.67,4,4,1.5,Overcast,12:30,1,3,0
M0277,Chelsea,Leicester City,1.89,0.79,1.49,1.27,1.43,1.9,0.43,0.36,5,4,1.18,0.81,0.96,0.78,Medium,Medium,1,3,4,126,0.48,2,1,2.6,Windy,12:30,1,1,1
M0278,Watford,Leicester City,1.4,1.53,1.21,1.29,1.43,1.56,0.38,0.45,4,4,0.84,1.03,0.75,1.18,Medium,High,1,3,5,179,0.32,2,3,2.8,Overcast,14:00,1,3,0
M0279,Middlesbrough,Everton,1.77,1.28,1.16,1.47,1.28,1.87,0.31,0.55,4,5,0.97,0.81,0.87,0.84,Low,Medium,1,5,5,118,0.6,1,2,1.2,Windy,19:45,2,2,1
M0280,Fulham,Manchester City,1.91,1.48,1.69,1.64,0.99,1.13,0.57,0.57,5,5,1.17,1.37,1.09,1.28,Medium,High,1,7,4,562,0.63,1,4,3.0,Rainy,20:00,2,0,2
M0281,Leicester City,West Ham,1.87,1.57,1.35,1.46,1.62,1.09,0.45,0.45,4,5,0.96,1.2,0.84,1.02,Low,High,1,3,5,315,0.49,2,1,2.9,Foggy,20:00,2,2,1
M0282,Tottenham,Watford,2.75,1.43,1.98,0.59,1.02,1.94,0.58,0.19,6,1,1.4,0.75,1.35,0.75,Medium,Medium,1,3,7,278,0.61,2,2,2.0,Windy,12:30,2,0,2
M0283,Leeds United,Newcastle,1.66,1.74,1.2,1.22,1.68,1.3,0.37,0.44,4,3,0.8,1.06,0.79,1.04,Medium,Low,1,7,3,600,0.55,2,1,2.2,Foggy,19:45,1,1,1
M0284,Southampton,Chelsea,1.89,2.12,1.0,1.35,1.58,1.43,0.23,0.51,4,4,0.91,0.95,0.9,0.97,High,High,1,6,3,30,0.51,4,4,1.9,Windy,12:30,2,1,2
M0285,Nottingham Forest,Southampton,1.12,1.79,1.05,1.33,1.82,1.29,0.3,0.48,3,3,0.75,0.93,0.75,0.82,Medium,Low,1,3,4,561,0.52,0,4,2.1,Clear,15:00,1,2,0
M0286,Nottingham Forest,West Ham,1.98,1.01,1.53,1.38,1.12,1.39,0.4,0.47,5,4,1.24,0.77,1.13,0.84,Low,Medium,1,6,6,184,0.4,2,3,1.4,Windy,14:00,3,1,2
M0287,Arsenal,Tottenham,2.55,1.24,1.56,1.72,1.28,1.23,0.45,0.52,5,4,1.27,1.1,1.34,1.03,High,High,1,5,7,209,0.55,0,4,2.8,Windy,17:30,2,2,1
M0288,Wolverhampton,Arsenal,1.36,1.91,1.79,1.45,1.34,1.37,0.61,0.49,6,4,1.01,1.12,1.13,0.89,High,High,1,6,6,595,0.58,1,2,1.3,Clear,15:00,3,2,2
M0289,Sheffield Utd,Stoke City,1.32,2.17,1.48,1.25,1.84,1.21,0.49,0.34,4,3,0.75,0.75,0.75,0.75,High,Medium,1,7,3,102,0.67,0,1,3.4,Clear,12:30,1,2,0
M0290,Leeds United,Middlesbrough,1.39,1.11,1.39,0.74,1.76,1.72,0.41,0.18,4,2,0.79,0.87,0.75,0.84,Medium,High,1,7,3,167,0.39,2,2,2.5,Rainy,12:30,1,1,1
M0291,Southampton,Tottenham,1.64,1.61,1.22,1.32,1.17,1.71,0.46,0.42,2,5,0.86,1.03,0.92,0.89,High,Low,1,5,4,240,0.35,0,4,1.3,Windy,15:00,3,1,2
M0292,Crystal Palace,Fulham,2.07,1.6,1.45,1.27,0.98,1.84,0.39,0.4,5,3,1.21,0.75,1.19,0.82,Low,Medium,1,7,3,299,0.59,3,0,1.3,Overcast,20:00,3,1,2
M0293,Crystal Palace,Brighton,1.01,2.06,1.38,1.27,1.7,1.32,0.42,0.4,2,4,0.86,1.1,0.79,1.04,Medium,High,1,7,3,221,0.58,4,1,1.7,Overcast,16:30,0,0,1
M0294,Arsenal,Manchester City,3.0,2.12,2.06,1.66,0.94,1.37,0.61,0.55,5,5,1.4,1.0,1.38,0.94,High,Low,1,4,7,511,0.43,4,4,2.3,Windy,20:00,1,0,2
M0295,Southampton,Stoke City,1.82,1.57,1.08,1.17,1.66,1.75,0.29,0.39,3,4,0.81,0.81,0.75,0.84,Medium,Medium,1,7,4,67,0.74,2,0,2.9,Clear,20:00,1,1,1
M0296,Tottenham,Nottingham Forest,2.14,1.71,1.82,1.36,1.37,1.91,0.52,0.48,5,4,1.28,0.93,1.22,0.75,Low,Medium,1,6,7,130,0.62,3,1,2.7,Rainy,14:00,1,1,1
M0297,Sheffield Utd,Southampton,0.79,1.37,0.91,1.14,2.2,1.35,0.37,0.34,3,4,0.75,1.08,0.75,0.93,Medium,High,1,4,6,294,0.74,2,3,2.7,Overcast,12:30,0,1,0
M0298,Leicester City,Brentford,1.27,1.46,0.94,1.13,1.66,1.2,0.33,0.36,3,4,0.93,0.93,0.88,0.8,Low,Low,1,6,7,529,0.44,4,4,3.3,Foggy,19:45,0,0,1
M0299,Crystal Palace,Aston Villa,1.99,1.34,1.53,1.03,0.93,1.54,0.43,0.19,5,3,1.13,0.88,1.04,0.85,High,High,1,7,4,62,0.32,1,3,2.8,Windy,20:00,2,1,2
M0300,West Ham,Brentford,2.68,1.04,1.75,0.91,1.01,1.54,0.63,0.3,6,2,1.22,0.89,1.15,0.84,Low,High,1,5,7,65,0.46,1,3,1.8,Windy,17:30,1,0,2
M0301,Leeds United,Tottenham,1.96,2.2,1.38,1.65,1.59,1.41,0.45,0.45,4,5,0.93,1.24,0.85,1.19,Low,High,1,7,5,466,0.3,1,0,1.7,Windy,15:00,1,1,1
M0302,Stoke City,Bournemouth,1.7,1.16,1.52,0.75,1.59,2.13,0.52,0.18,5,3,0.84,0.75,0.93,0.76,High,High,1,3,4,555,0.73,3,4,2.5,Foggy,12:30,2,1,2
M0303,Bournemouth,Stoke City,1.49,2.13,1.43,1.3,1.5,2.02,0.53,0.4,5,4,1.01,0.85,0.82,0.88,High,Medium,1,3,3,63,0.59,3,4,3.5,Windy,12:30,2,2,1
M0304,Crystal Palace,Nottingham Forest,2.15,1.94,1.31,1.01,1.05,1.55,0.45,0.37,3,4,0.96,0.87,0.97,0.75,Medium,Medium,1,3,4,45,0.53,3,0,2.7,Overcast,14:00,0,0,1
M0305,Aston Villa,Everton,1.78,1.21,1.88,0.89,1.02,1.99,0.54,0.31,7,2,1.12,0.75,1.17,0.75,High,High,1,7,4,451,0.48,0,2,2.1,Rainy,19:45,3,1,2
M0306,West Ham,Aston Villa,2.21,2.09,1.11,1.42,1.5,1.14,0.28,0.47,3,3,0.88,1.34,0.86,1.17,Medium,Medium,1,7,3,259,0.27,3,4,2.2,Clear,17:30,1,2,0
M0307,Stoke City,Leicester City,1.64,1.82,0.79,1.3,2.09,1.54,0.18,0.3,5,3,0.75,0.98,0.75,0.94,Medium,High,1,7,3,513,0.58,4,3,1.9,Overcast,14:00,0,2,0
M0308,Southampton,Middlesbrough,1.93,1.83,1.01,1.18,1.63,1.36,0.34,0.39,3,4,0.92,0.77,0.79,0.76,High,High,1,3,4,424,0.34,0,4,3.0,Windy,15:00,0,0,1
M0309,Sheffield Utd,Leeds United,1.56,1.27,1.16,0.9,1.21,1.89,0.44,0.23,4,3,0.99,0.75,0.75,0.88,High,Medium,1,3,7,460,0.64,1,2,2.4,Overcast,14:00,1,0,2
M0310,Everton,Stoke City,1.29,1.77,1.35,1.23,1.65,1.4,0.46,0.41,4,4,0.78,1.04,0.75,0.92,Low,High,1,5,7,71,0.36,2,1,1.4,Overcast,16:30,1,3,0
M0311,West Ham,Burnley,2.39,1.23,1.91,1.05,1.29,2.07,0.59,0.33,5,3,1.25,0.75,1.13,0.75,Low,Medium,1,3,4,518,0.45,3,2,2.3,Foggy,12:30,1,0,2
M0312,Burnley,Luton Town,0.92,2.03,0.99,0.77,1.96,1.09,0.27,0.21,3,2,0.75,0.86,0.76,0.94,Medium,Medium,1,7,4,469,0.67,4,4,2.8,Foggy,12:30,1,2,0
M0313,Watford,Fulham,1.67,1.41,1.65,0.87,1.02,1.78,0.53,0.33,6,4,1.07,0.75,0.99,0.75,High,Low,1,5,6,458,0.64,4,0,2.0,Rainy,19:45,2,1,2
M0314,Nottingham Forest,Southampton,1.52,2.28,1.1,1.21,2.17,1.32,0.32,0.37,4,3,0.79,0.99,0.75,0.81,Medium,Low,1,4,7,294,0.71,3,1,2.8,Rainy,14:00,0,2,0
M0315,Bournemouth,Arsenal,1.8,1.72,1.75,1.44,1.48,1.26,0.64,0.52,5,5,1.08,1.21,1.13,1.09,Medium,Medium,1,6,4,330,0.46,0,2,3.4,Clear,12:30,3,1,2
M0316,Stoke City,West Ham,1.21,2.18,1.14,1.68,2.2,1.16,0.36,0.52,4,5,0.75,1.32,0.75,1.11,Low,Medium,1,7,7,188,0.3,3,2,1.6,Rainy,16:30,1,2,0
M0317,Nottingham Forest,Sheffield Utd,1.69,1.13,1.71,0.84,1.59,2.15,0.59,0.39,5,3,0.9,0.75,0.99,0.75,High,High,1,4,4,279,0.54,4,3,2.3,Foggy,14:00,1,1,1
M0318,Bournemouth,Newcastle,1.52,1.87,1.3,1.63,1.74,1.47,0.4,0.48,4,6,0.79,1.06,0.95,1.05,Low,Medium,1,4,4,402,0.58,3,0,3.4,Foggy,12:30,2,2,1
M0319,Crystal Palace,Leeds United,1.74,1.18,1.5,0.97,1.17,1.38,0.58,0.34,4,4,1.18,0.91,1.04,0.78,High,Medium,1,5,7,516,0.58,1,1,3.3,Overcast,15:00,2,0,2
M0320,Arsenal,Newcastle,3.0,2.52,1.98,1.21,1.1,1.25,0.63,0.4,7,4,1.24,1.0,1.17,1.13,High,Low,1,5,3,69,0.75,0,0,2.6,Overcast,14:00,2,2,1
M0321,West Ham,Stoke City,1.95,2.09,1.77,0.85,1.14,2.18,0.64,0.18,5,2,1.29,0.75,1.35,0.75,Low,High,1,7,6,146,0.41,3,4,2.6,Clear,19:45,1,0,2
M0322,Arsenal,Liverpool,3.0,1.8,2.59,1.61,0.91,1.06,0.81,0.39,9,5,1.4,1.19,1.38,1.16,Medium,High,1,7,7,360,0.61,4,1,3.4,Foggy,16:30,2,1,2
M0323,Burnley,Leicester City,1.88,1.26,0.91,0.87,1.45,1.66,0.36,0.24,3,2,0.94,0.78,0.84,0.8,Medium,Medium,1,7,4,36,0.57,4,4,1.4,Rainy,15:00,0,0,1
M0324,Luton Town,Leeds United,1.11,1.65,0.54,1.62,1.95,1.47,0.19,0.49,1,5,0.75,0.96,0.75,1.0,High,High,1,6,5,565,0.51,2,1,2.1,Rainy,20:00,0,2,0
M0325,Sheffield Utd,Nottingham Forest,0.94,2.04,0.71,0.95,1.85,1.41,0.18,0.29,1,3,0.75,0.87,0.8,0.94,High,Medium,1,5,4,175,0.63,1,0,2.6,Rainy,17:30,1,1,1
M0326,Brentford,Watford,1.88,0.9,1.36,0.68,1.23,2.04,0.38,0.19,5,3,1.18,0.75,1.11,0.75,High,High,1,3,4,462,0.25,0,3,3.0,Clear,20:00,2,0,2
M0327,Aston Villa,Sheffield Utd,2.03,2.22,1.53,1.55,1.76,1.27,0.5,0.55,5,5,0.85,0.98,0.83,0.75,High,Medium,1,3,4,226,0.46,2,4,3.4,Rainy,17:30,1,2,0
M0328,Newcastle,Stoke City,2.36,1.35,1.57,0.4,1.22,2.15,0.5,0.18,4,1,1.28,0.75,1.24,0.75,Medium,Medium,1,6,6,208,0.72,1,4,2.0,Clear,12:30,2,1,2
M0329,Stoke City,Leeds United,0.84,1.05,1.31,1.2,1.84,1.79,0.35,0.37,4,4,0.78,0.75,0.88,0.75,High,Low,1,5,6,337,0.35,3,1,1.5,Overcast,12:30,1,1,1
M0330,Liverpool,Luton Town,2.36,1.51,1.48,1.3,1.03,1.53,0.42,0.35,4,3,1.37,0.81,1.21,0.8,Medium,High,1,6,7,320,0.73,2,2,3.2,Overcast,16:30,1,1,1
M0331,Arsenal,Tottenham,2.69,2.48,1.6,1.63,1.11,0.93,0.44,0.51,4,5,1.07,1.31,0.95,1.37,Medium,Medium,1,5,7,95,0.38,3,3,1.5,Foggy,20:00,1,2,0
M0332,Newcastle,Fulham,1.6,2.33,1.46,1.87,1.62,1.43,0.5,0.58,5,6,1.04,1.2,0.92,0.96,Low,Medium,1,3,5,176,0.75,1,3,2.5,Clear,16:30,1,3,0
M0333,Aston Villa,Leeds United,2.52,1.34,2.24,0.98,0.89,2.02,0.66,0.21,7,2,1.4,0.82,1.21,0.75,Medium,Low,1,7,6,520,0.68,4,2,3.1,Overcast,14:00,2,0,2
M0334,Southampton,Leicester City,1.12,1.48,0.97,1.78,2.2,1.42,0.18,0.6,3,5,0.75,0.95,0.75,1.03,High,Medium,1,3,7,178,0.28,4,4,3.2,Windy,16:30,1,2,0
M0335,Bournemouth,Leeds United,1.7,1.85,1.0,1.46,1.69,1.24,0.27,0.44,4,5,0.75,1.07,0.75,1.01,Medium,High,1,7,4,226,0.36,3,2,2.9,Foggy,19:45,1,2,0
M0336,Nottingham Forest,Arsenal,2.04,2.46,1.27,1.72,1.04,1.52,0.27,0.51,4,6,0.85,1.29,0.89,1.19,High,High,1,3,6,581,0.31,3,4,3.2,Clear,17:30,0,0,1
M0337,Leeds United,Wolverhampton,1.38,2.08,1.16,0.83,1.76,1.43,0.38,0.28,5,2,0.8,1.03,0.79,0.78,Medium,Low,1,3,6,478,0.7,3,1,1.8,Rainy,20:00,0,0,1
M0338,Chelsea,Nottingham Forest,2.75,2.19,1.9,1.48,0.95,2.05,0.54,0.47,6,4,1.2,0.75,1.14,0.75,High,Medium,1,3,6,362,0.26,3,0,3.3,Overcast,14:00,2,1,2
M0339,Newcastle,Crystal Palace,2.54,1.18,1.81,0.87,1.1,1.71,0.61,0.3,5,3,1.31,0.9,1.36,0.77,Medium,Medium,1,3,7,512,0.31,4,3,1.4,Rainy,14:00,2,0,2
M0340,Bournemouth,Manchester City,1.62,3.0,1.13,1.92,2.2,0.62,0.34,0.56,3,5,0.75,1.4,0.75,1.38,High,Medium,1,3,5,386,0.46,4,1,1.6,Foggy,12:30,0,1,0
M0341,Leicester City,Liverpool,1.47,1.94,1.2,1.72,1.62,1.09,0.39,0.54,4,4,0.75,1.35,0.85,1.2,Low,Low,1,5,3,154,0.28,1,1,3.3,Clear,15:00,3,3,1
M0342,Southampton,Luton Town,2.01,2.17,0.77,1.16,2.2,1.39,0.24,0.37,2,4,0.75,0.99,0.75,0.91,Low,Medium,1,4,6,408,0.49,0,2,2.0,Clear,12:30,0,1,0
M0343,Nottingham Forest,Luton Town,0.21,2.17,1.06,1.17,2.19,0.96,0.23,0.41,4,4,0.75,1.02,0.75,0.97,Low,High,1,7,6,120,0.25,2,3,1.6,Windy,20:00,1,2,0
M0344,Southampton,Manchester City,0.93,2.95,0.99,1.92,1.89,0.68,0.33,0.67,3,6,0.75,1.4,0.75,1.38,High,Medium,1,6,7,71,0.43,1,4,2.8,Foggy,20:00,0,2,0
M0345,Leeds United,Middlesbrough,1.43,1.32,1.48,1.27,1.78,1.59,0.47,0.43,5,5,0.81,1.0,0.78,1.07,Medium,High,1,6,3,403,0.62,0,2,2.0,Windy,15:00,2,3,0
M0346,Bournemouth,Watford,1.02,2.05,0.92,1.47,2.17,1.43,0.28,0.55,2,4,0.75,0.99,0.75,0.86,Medium,Medium,1,4,7,92,0.67,4,3,3.4,Windy,19:45,2,3,0
M0347,Nottingham Forest,West Ham,1.54,1.09,1.55,1.2,1.36,1.66,0.56,0.36,6,5,1.19,0.87,1.06,0.75,Low,Low,1,7,5,450,0.59,4,4,2.5,Rainy,19:45,1,0,2
M0348,Aston Villa,Southampton,2.18,1.2,1.39,0.86,0.88,1.95,0.39,0.19,4,3,1.03,0.8,1.05,0.75,Medium,Medium,1,5,4,340,0.43,0,1,2.5,Rainy,15:00,1,1,1
M0349,Leeds United,Liverpool,1.71,3.0,1.27,1.73,1.83,1.21,0.35,0.55,5,6,0.77,1.35,0.77,1.38,Medium,Medium,1,5,6,257,0.68,1,4,3.4,Foggy,12:30,2,2,1
M0350,Everton,Chelsea,2.0,2.28,0.98,1.46,1.56,0.84,0.29,0.49,1,4,1.0,1.26,1.0,1.15,High,High,1,7,3,244,0.54,3,1,3.0,Clear,15:00,1,1,1
M0351,Leicester City,Fulham,1.96,1.16,1.24,1.36,1.46,2.11,0.46,0.48,4,4,0.99,0.8,0.79,0.75,High,Medium,1,3,6,122,0.55,4,4,3.0,Clear,15:00,2,1,2
M0352,Chelsea,Watford,1.45,2.06,1.51,1.47,1.6,1.36,0.44,0.46,4,5,1.09,0.97,0.99,0.91,Medium,Medium,1,5,7,180,0.65,3,2,2.8,Windy,12:30,1,2,0
M0353,Burnley,Liverpool,1.56,2.22,1.31,1.73,1.33,0.95,0.36,0.53,6,5,1.01,1.36,0.93,1.21,Low,High,1,6,5,596,0.55,0,0,3.1,Overcast,16:30,1,1,1
M0354,Southampton,Fulham,1.33,1.82,1.55,1.65,1.45,0.86,0.45,0.42,5,5,0.9,0.83,0.81,0.93,Medium,Medium,1,6,3,56,0.74,2,1,2.8,Overcast,19:45,1,1,1
M0355,Fulham,Sheffield Utd,2.54,1.0,2.05,0.81,1.35,1.88,0.57,0.27,7,1,1.12,0.77,1.03,0.75,Low,Medium,1,6,7,103,0.44,4,2,3.5,Overcast,16:30,1,0,2
M0356,Burnley,Tottenham,1.42,2.7,1.24,1.78,1.57,1.08,0.44,0.57,4,4,0.96,1.15,0.9,1.19,Low,High,1,6,4,440,0.28,2,4,2.3,Windy,14:00,2,2,1
M0357,Stoke City,Arsenal,1.27,1.5,1.37,1.71,1.46,1.16,0.4,0.49,3,5,0.87,1.27,0.75,1.19,High,High,1,7,3,396,0.54,0,4,1.3,Windy,20:00,2,2,1
M0358,Liverpool,Everton,2.12,2.23,2.13,1.22,1.34,1.3,0.74,0.41,7,3,1.12,1.19,1.13,1.26,Medium,High,1,7,4,349,0.45,2,3,3.3,Windy,12:30,1,2,0
M0359,Leeds United,Bournemouth,1.73,1.9,0.92,0.82,1.89,1.78,0.3,0.23,3,2,0.87,0.84,0.85,0.88,Medium,Medium,1,4,5,446,0.28,3,0,3.2,Windy,12:30,0,0,1
M0360,Nottingham Forest,Burnley,1.67,1.81,1.58,1.35,1.78,1.4,0.43,0.55,5,4,0.82,0.88,0.75,0.82,High,Medium,1,7,5,459,0.45,4,2,2.9,Rainy,16:30,0,1,0
M0361,Liverpool,Bournemouth,1.99,2.12,1.63,1.19,1.22,1.38,0.49,0.35,6,2,1.1,1.08,1.01,1.08,High,Medium,1,6,7,487,0.35,2,2,2.5,Rainy,17:30,0,1,0
M0362,Burnley,Liverpool,1.22,2.82,0.83,1.94,2.2,0.71,0.32,0.59,4,5,0.78,1.4,0.75,1.38,Medium,High,1,3,3,388,0.7,1,3,2.0,Clear,17:30,0,2,0
M0363,Crystal Palace,Sheffield Utd,2.73,1.97,1.8,0.95,1.17,2.1,0.52,0.26,6,2,1.21,0.75,1.17,0.75,Medium,High,1,6,6,117,0.69,2,1,1.3,Windy,14:00,3,1,2
M0364,Bournemouth,West Ham,2.02,1.77,1.41,1.03,1.6,1.61,0.34,0.36,4,3,0.75,1.0,0.79,0.89,High,Medium,1,5,5,367,0.5,4,2,1.5,Clear,15:00,0,0,1
M0365,Arsenal,Sheffield Utd,3.0,1.26,1.89,0.74,1.07,1.89,0.52,0.18,6,3,1.4,0.75,1.38,0.78,Low,Medium,1,6,4,78,0.39,0,4,2.0,Windy,19:45,2,2,1
M0366,Watford,Brentford,1.94,1.38,1.5,1.2,1.77,1.53,0.37,0.32,5,4,0.9,0.79,0.81,0.75,High,Medium,1,6,5,501,0.29,3,3,3.5,Clear,17:30,1,0,2
M0367,Manchester City,Aston Villa,2.76,1.6,2.75,1.4,0.93,1.27,0.77,0.51,8,4,1.4,1.01,1.38,0.98,Medium,High,1,3,5,187,0.27,0,1,3.1,Overcast,14:00,2,1,2
M0368,Leeds United,Crystal Palace,1.44,2.05,1.1,1.37,1.78,1.57,0.33,0.41,5,5,0.83,0.95,0.8,0.77,High,High,1,7,3,414,0.55,1,4,1.9,Foggy,17:30,1,1,1
M0369,Stoke City,Luton Town,1.46,1.76,0.92,1.34,2.11,1.65,0.27,0.43,3,5,0.81,0.87,0.77,0.84,High,High,1,5,6,522,0.27,3,1,1.6,Foggy,14:00,2,2,1
M0370,Manchester City,Fulham,2.32,1.32,1.84,1.44,0.97,1.54,0.6,0.48,6,6,1.26,0.97,1.22,1.11,Medium,Medium,1,4,6,321,0.63,3,1,2.4,Rainy,14:00,0,3,0
M0371,Nottingham Forest,Chelsea,1.79,2.86,0.89,1.92,1.86,1.01,0.28,0.56,2,5,0.8,1.4,0.75,1.26,Medium,High,1,3,6,559,0.41,1,0,1.4,Foggy,20:00,1,3,0
M0372,Burnley,Stoke City,1.08,2.19,1.21,1.14,1.78,1.26,0.38,0.36,3,3,0.85,0.89,0.75,0.92,High,Low,1,7,4,136,0.72,1,2,2.9,Overcast,16:30,1,2,0
M0373,Chelsea,Stoke City,2.98,1.38,2.08,0.62,0.53,2.2,0.64,0.21,7,2,1.4,0.75,1.38,0.75,Medium,Medium,1,7,6,420,0.42,4,4,3.1,Clear,15:00,3,0,2
M0374,Liverpool,Leicester City,1.65,1.6,1.53,1.49,1.38,1.52,0.51,0.51,5,4,1.23,1.18,1.02,0.98,Low,Medium,1,5,3,251,0.47,3,3,1.6,Windy,19:45,1,2,0
M0375,Leeds United,Stoke City,1.9,1.6,1.11,0.87,1.63,2.1,0.28,0.32,3,3,0.75,0.75,0.84,0.75,Medium,Medium,1,4,7,409,0.66,3,2,2.7,Foggy,16:30,1,1,1
M0376,Crystal Palace,Southampton,1.15,1.65,1.3,1.14,1.07,1.78,0.52,0.39,4,5,0.98,0.77,1.09,0.93,Medium,High,1,5,4,497,0.44,4,0,2.8,Foggy,17:30,1,1,1
M0377,West Ham,Sheffield Utd,2.18,1.77,1.74,1.16,1.68,2.05,0.53,0.36,5,3,1.06,0.75,1.11,0.75,Medium,High,1,6,4,128,0.25,0,2,3.1,Rainy,15:00,1,1,1
M0378,Nottingham Forest,Luton Town,1.42,1.79,1.01,1.52,1.34,2.04,0.3,0.44,3,5,0.9,0.75,0.9,0.75,Low,High,1,3,7,549,0.7,3,3,1.3,Foggy,19:45,1,1,1
M0379,Southampton,Watford,1.55,2.14,0.63,1.19,2.05,1.41,0.18,0.46,2,4,0.75,1.1,0.75,0.94,High,Medium,1,3,7,228,0.63,1,0,2.6,Overcast,19:45,0,2,0
M0380,Liverpool,Sheffield Utd,2.82,1.17,2.01,0.91,0.71,2.01,0.7,0.28,6,2,1.38,0.75,1.15,0.75,Low,Medium,1,6,4,249,0.48,0,0,2.4,Rainy,16:30,2,2,1
M0381,Everton,Fulham,1.63,1.64,0.98,1.47,1.58,1.04,0.27,0.46,3,5,0.77,1.06,0.86,1.08,High,High,1,6,5,146,0.72,1,4,3.5,Overcast,20:00,1,3,0
M0382,Brentford,Wolverhampton,1.81,2.07,1.52,1.13,1.41,1.4,0.55,0.27,5,4,0.95,0.93,0.98,0.94,Low,High,1,3,3,517,0.48,3,4,2.2,Foggy,14:00,2,2,1
M0383,Leeds United,Manchester City,1.07,2.16,1.47,1.48,1.25,1.1,0.49,0.5,4,5,0.96,1.37,0.94,1.21,Medium,High,1,4,6,177,0.36,3,0,2.2,Foggy,19:45,1,0,2
M0384,Crystal Palace,Bournemouth,1.35,1.77,1.79,0.81,1.48,1.79,0.7,0.18,6,3,1.02,0.95,0.87,0.95,Low,Medium,1,3,7,309,0.27,2,3,2.1,Rainy,16:30,0,0,1
M0385,Manchester City,Watford,3.0,1.14,2.31,0.58,0.9,1.86,0.78,0.23,8,2,1.4,0.83,1.38,0.75,High,Medium,1,3,6,269,0.29,3,1,1.2,Overcast,19:45,1,0,2
M0386,Fulham,West Ham,1.2,1.79,1.96,1.14,1.13,1.49,0.52,0.44,5,4,1.06,0.83,1.16,0.84,Medium,Low,1,3,6,82,0.29,2,4,2.2,Clear,12:30,3,1,2
M0387,Bournemouth,Watford,2.13,1.4,1.4,0.77,1.52,2.13,0.43,0.22,5,3,1.07,0.75,0.98,0.75,Medium,Medium,1,4,5,509,0.7,4,3,3.2,Overcast,15:00,1,0,2
M0388,Bournemouth,Manchester City,1.2,2.69,0.93,2.26,2.08,0.71,0.23,0.7,4,7,0.75,1.4,0.79,1.38,Medium,Medium,1,7,7,534,0.52,1,3,1.4,Windy,19:45,0,1,0
M0389,Arsenal,Nottingham Forest,2.55,1.59,1.83,1.41,0.93,1.64,0.64,0.43,6,5,1.28,0.75,1.31,0.84,High,High,1,4,5,177,0.69,4,1,2.8,Clear,15:00,2,2,1
M0390,Aston Villa,Watford,1.4,1.62,1.43,1.59,1.74,1.17,0.38,0.42,5,5,0.79,1.25,0.87,1.0,Medium,High,1,3,4,60,0.52,4,4,3.0,Overcast,14:00,0,3,0
M0391,Tottenham,Brighton,2.53,1.55,1.97,1.38,1.16,1.21,0.57,0.49,6,3,1.4,1.05,1.34,0.97,Low,High,1,7,7,524,0.28,4,2,1.4,Foggy,12:30,2,0,2
M0392,Everton,Newcastle,1.43,2.36,1.23,1.31,1.96,0.87,0.33,0.49,4,5,0.82,1.37,0.76,1.19,Low,Medium,1,3,3,596,0.44,2,4,2.3,Foggy,20:00,0,1,0
M0393,Nottingham Forest,Brentford,1.76,2.13,1.27,1.85,1.97,1.08,0.38,0.59,3,5,0.82,1.17,0.75,0.99,Medium,High,1,7,5,541,0.52,3,0,1.3,Clear,16:30,1,2,0
M0394,Aston Villa,Crystal Palace,2.54,1.53,2.01,1.33,1.03,1.87,0.63,0.38,5,3,1.37,0.76,1.21,0.75,Low,High,1,6,6,240,0.73,2,4,3.0,Rainy,12:30,2,0,2
M0395,West Ham,Wolverhampton,2.45,0.85,1.82,1.07,0.93,2.2,0.5,0.37,6,4,1.38,0.75,1.25,0.75,High,Medium,1,7,6,304,0.63,4,3,2.1,Foggy,12:30,2,1,2
M0396,Southampton,Crystal Palace,2.36,1.47,1.39,1.28,1.44,1.57,0.46,0.39,5,3,0.92,0.86,1.04,0.83,High,Medium,1,7,6,253,0.28,1,3,1.7,Overcast,15:00,2,0,2
M0397,Watford,Brentford,1.91,1.96,1.27,0.81,1.26,2.0,0.39,0.28,3,2,1.07,0.9,0.96,0.83,Medium,High,1,3,4,321,0.69,2,0,2.9,Overcast,19:45,1,0,2
M0398,Bournemouth,Middlesbrough,0.97,1.87,1.39,1.44,1.45,1.63,0.37,0.46,3,4,0.86,0.99,0.77,0.96,Medium,Low,1,5,7,335,0.36,2,2,2.8,Windy,16:30,0,1,0
M0399,Southampton,Leicester City,1.27,1.94,1.72,0.79,1.49,2.01,0.45,0.27,5,3,1.02,0.75,0.8,0.75,Medium,Medium,1,6,7,436,0.26,1,0,1.7,Foggy,15:00,2,1,2
M0400,Watford,Aston Villa,2.08,1.84,1.31,1.29,1.17,1.45,0.48,0.43,4,5,0.98,1.12,1.04,1.06,Low,Medium,1,5,6,278,0.46,2,3,1.5,Clear,16:30,3,0,2
M0401,Arsenal,Wolverhampton,2.28,1.92,2.22,1.0,0.88,1.89,0.64,0.42,7,4,1.37,0.81,1.38,0.75,Medium,High,1,4,5,491,0.33,3,4,2.3,Clear,12:30,2,0,2
M0402,Brighton,Burnley,2.03,1.18,1.61,0.64,1.16,1.94,0.58,0.18,4,3,1.35,0.75,1.38,0.75,Low,Medium,1,6,3,371,0.6,2,2,2.3,Clear,17:30,3,0,2
M0403,Bournemouth,Leicester City,2.1,1.5,1.51,0.65,1.17,2.08,0.43,0.23,4,2,1.14,0.75,1.05,0.75,Low,Low,1,5,5,358,0.26,0,2,1.9,Clear,19:45,3,1,2
M0404,Burnley,Newcastle,1.98,1.49,1.59,1.0,1.39,1.38,0.45,0.35,5,3,1.02,0.98,0.98,0.8,High,Medium,1,3,4,557,0.46,2,4,3.4,Windy,19:45,2,0,2
M0405,Leicester City,Liverpool,1.65,3.0,1.22,2.26,1.7,0.92,0.38,0.74,4,8,0.77,1.4,0.75,1.38,Low,Medium,1,5,7,271,0.34,0,4,3.1,Clear,19:45,1,2,0
M0406,Brighton,Newcastle,1.81,2.47,1.44,1.47,1.32,1.35,0.45,0.46,5,4,1.05,1.22,1.08,1.15,Low,High,1,6,3,486,0.26,0,2,2.6,Rainy,20:00,2,2,1
M0407,Fulham,Arsenal,1.67,3.0,1.24,2.2,1.75,0.88,0.31,0.7,3,7,0.78,1.4,0.75,1.38,Medium,Medium,1,7,4,246,0.68,2,2,3.0,Clear,19:45,1,2,0
M0408,Everton,Crystal Palace,1.66,1.32,1.5,1.37,1.61,1.71,0.48,0.37,5,4,1.01,0.91,0.95,0.92,Medium,Medium,1,3,6,84,0.45,1,3,2.6,Foggy,19:45,1,1,1
M0409,Manchester City,Tottenham,2.35,1.7,2.5,1.57,0.74,1.24,0.85,0.47,7,5,1.4,0.99,1.38,1.03,Medium,Low,1,5,5,108,0.3,0,4,2.7,Rainy,12:30,2,1,2
M0410,Chelsea,Southampton,2.39,1.27,2.09,1.15,1.24,1.96,0.72,0.45,7,2,1.4,0.75,1.38,0.75,Medium,High,1,4,4,120,0.54,2,1,3.5,Clear,17:30,3,1,2
M0411,Arsenal,Wolverhampton,1.71,2.17,1.4,1.56,1.31,1.2,0.38,0.52,5,5,1.1,1.2,1.06,1.1,High,High,1,6,5,461,0.38,0,3,1.2,Foggy,12:30,1,2,0
M0412,Stoke City,Bournemouth,1.24,1.47,1.37,1.13,1.5,1.7,0.46,0.38,5,3,1.07,0.84,0.77,0.8,High,Low,1,5,5,401,0.57,2,4,2.4,Windy,15:00,2,2,1
M0413,Luton Town,Wolverhampton,1.58,1.3,1.4,1.15,1.25,2.04,0.45,0.38,4,3,0.91,0.75,1.03,0.75,Medium,Low,1,7,3,464,0.28,0,2,1.2,Overcast,15:00,2,1,2
M0414,Leeds United,Everton,1.69,1.84,1.25,1.55,2.0,1.17,0.43,0.5,3,6,0.77,1.17,0.76,1.16,High,High,1,6,4,338,0.56,2,2,3.2,Rainy,17:30,0,2,0
M0415,Luton Town,Middlesbrough,1.9,1.57,1.38,0.93,1.39,2.1,0.49,0.28,4,3,0.98,0.75,0.91,0.75,Medium,Medium,1,4,5,275,0.74,4,4,3.0,Foggy,15:00,2,0,2
M0416,Stoke City,Burnley,1.63,1.56,1.3,1.19,1.54,1.82,0.4,0.38,4,4,0.87,0.78,0.78,0.75,Medium,High,1,6,6,502,0.57,2,3,2.6,Overcast,16:30,1,1,1
M0417,Sheffield Utd,Arsenal,0.95,1.35,1.17,1.6,1.52,1.62,0.27,0.54,4,5,0.84,0.9,0.75,1.02,Low,Low,1,5,7,52,0.35,0,0,3.3,Overcast,14:00,2,1,2
M0418,Chelsea,Middlesbrough,2.52,1.59,1.9,1.25,1.41,1.73,0.61,0.43,5,4,1.22,0.93,1.25,0.75,Medium,High,1,7,5,588,0.47,2,4,3.3,Rainy,15:00,2,2,1
M0419,Leicester City,West Ham,1.81,1.56,1.29,1.66,1.45,1.21,0.42,0.48,5,7,0.8,1.11,0.82,1.1,Low,Medium,1,5,7,539,0.25,0,3,2.6,Rainy,20:00,2,2,1
M0420,Liverpool,Luton Town,1.83,1.26,2.05,1.35,0.95,1.61,0.71,0.5,5,4,1.33,0.82,1.17,0.79,Medium,High,1,5,7,169,0.66,0,3,2.3,Overcast,15:00,1,1,1
M0421,Brentford,Burnley,1.88,1.09,1.22,1.35,1.38,1.73,0.29,0.36,3,4,1.01,0.76,0.85,0.9,High,Low,1,5,7,114,0.41,1,3,3.1,Overcast,19:45,1,1,1
M0422,Fulham,Everton,1.36,1.68,1.19,1.63,1.7,1.43,0.39,0.48,4,4,0.86,1.17,0.82,0.9,High,High,1,7,3,543,0.45,3,0,1.6,Rainy,12:30,1,3,0
M0423,Bournemouth,Brighton,1.18,2.13,1.24,1.36,1.69,1.22,0.41,0.4,2,5,0.98,1.13,0.92,1.01,High,Medium,1,4,5,129,0.27,0,4,2.1,Rainy,20:00,1,1,1
M0424,Leicester City,Liverpool,1.46,2.21,1.27,1.69,1.68,1.26,0.42,0.51,5,5,0.9,1.4,0.81,1.29,Medium,High,1,5,6,40,0.6,2,2,2.1,Overcast,16:30,2,2,1
M0425,Brighton,Aston Villa,2.39,1.71,1.75,1.52,0.84,1.32,0.6,0.42,5,5,1.1,1.32,1.05,1.09,Medium,High,1,5,7,541,0.45,2,2,2.1,Windy,14:00,1,1,1
M0426,Stoke City,Burnley,1.37,1.54,0.87,0.89,1.67,1.88,0.21,0.28,2,3,0.76,0.88,0.89,0.75,Medium,Medium,1,3,6,269,0.6,1,0,2.5,Windy,16:30,1,1,1
M0427,Stoke City,Leeds United,1.52,1.75,1.39,0.89,1.67,1.46,0.4,0.36,5,2,0.88,0.83,0.77,0.81,High,High,1,4,7,542,0.51,2,2,2.9,Overcast,17:30,0,0,1
M0428,Brighton,Bournemouth,2.25,1.53,1.9,1.17,1.36,1.51,0.53,0.34,5,4,1.02,0.79,1.2,0.75,Medium,Medium,1,5,5,471,0.44,1,2,2.4,Clear,20:00,1,1,1
M0429,Southampton,Middlesbrough,1.65,1.35,1.62,1.28,1.42,1.77,0.46,0.42,5,4,0.89,0.85,1.03,0.75,High,Medium,1,5,6,94,0.45,3,4,1.5,Clear,14:00,1,0,2
M0430,Stoke City,Fulham,1.3,2.0,1.47,1.82,2.07,0.82,0.44,0.56,4,6,0.88,1.33,0.75,1.11,High,High,1,7,3,314,0.38,4,2,1.8,Rainy,12:30,2,3,0
M0431,Luton Town,Watford,1.11,1.93,0.73,1.34,2.2,1.87,0.28,0.49,3,5,0.77,0.93,0.75,0.87,Medium,High,1,7,7,78,0.45,1,0,1.7,Rainy,17:30,0,2,0
M0432,Bournemouth,Middlesbrough,1.31,2.29,1.16,1.55,2.04,1.21,0.42,0.49,3,5,0.75,1.13,0.75,0.92,Medium,Low,1,7,3,530,0.69,3,0,1.3,Clear,19:45,1,2,0
M0433,Crystal Palace,Nottingham Forest,1.55,1.45,1.4,1.23,1.55,0.99,0.45,0.32,4,4,0.88,1.14,0.88,0.96,High,Medium,1,4,5,562,0.47,1,4,2.3,Foggy,17:30,0,2,0
M0434,Stoke City,Brighton,1.27,2.28,1.45,0.99,1.91,1.54,0.39,0.27,5,4,0.93,0.89,0.95,0.81,High,Medium,1,4,7,126,0.29,3,1,1.5,Overcast,16:30,2,1,2
M0435,Manchester City,Fulham,3.0,2.01,2.17,1.3,0.83,1.76,0.62,0.34,7,4,1.4,1.02,1.38,0.79,Medium,Medium,1,6,3,226,0.27,3,4,2.2,Clear,19:45,2,1,2
M0436,Newcastle,Nottingham Forest,1.42,1.6,1.84,0.96,1.1,1.64,0.54,0.29,6,4,1.24,1.0,1.12,0.89,Medium,Medium,1,4,5,261,0.49,4,0,1.4,Foggy,14:00,1,1,1
M0437,Everton,Bournemouth,1.99,1.94,0.87,1.34,1.5,1.14,0.2,0.38,4,5,0.91,1.12,0.76,1.02,Medium,Medium,1,6,3,515,0.33,1,1,2.9,Foggy,16:30,0,3,0
M0438,Wolverhampton,Newcastle,1.27,1.35,1.77,1.47,1.44,1.45,0.52,0.36,5,5,1.07,0.89,1.12,0.9,Low,Medium,1,3,3,544,0.46,0,2,1.7,Windy,12:30,3,1,2
M0439,Middlesbrough,Leeds United,2.28,1.61,1.17,1.29,1.42,1.86,0.34,0.4,4,3,0.98,0.75,0.9,0.75,Medium,Medium,1,5,5,65,0.51,1,2,2.4,Overcast,16:30,1,0,2
M0440,Burnley,Fulham,1.59,1.7,1.24,0.9,1.85,1.28,0.41,0.3,3,3,0.75,1.02,0.77,1.04,Low,High,1,7,6,194,0.36,3,0,1.6,Rainy,17:30,1,1,1
M0441,Burnley,Bournemouth,1.93,1.08,1.39,0.94,1.33,1.67,0.52,0.33,5,4,0.88,0.75,1.02,0.82,Medium,Medium,1,3,3,522,0.67,0,2,3.0,Rainy,15:00,3,1,2
M0442,Arsenal,Stoke City,2.66,0.63,2.28,0.85,0.54,2.04,0.58,0.2,7,2,1.4,0.75,1.38,0.75,Medium,High,1,6,6,424,0.67,3,2,1.2,Overcast,14:00,3,1,2
M0443,Brighton,Manchester City,2.61,1.78,1.86,1.37,1.25,1.05,0.62,0.43,6,4,1.1,1.2,1.11,1.24,High,Low,1,7,7,422,0.44,4,3,1.5,Overcast,17:30,1,1,1
M0444,Luton Town,Leicester City,1.54,1.6,0.99,1.6,1.93,1.41,0.34,0.42,4,5,0.75,1.05,0.75,0.98,High,High,1,5,6,479,0.36,1,2,3.4,Rainy,19:45,1,3,0
M0445,Nottingham Forest,Fulham,1.28,2.17,1.46,1.26,1.92,1.04,0.45,0.38,4,4,0.84,1.09,0.75,1.07,Medium,Medium,1,6,6,438,0.38,0,2,2.3,Overcast,16:30,1,2,0
M0446,Liverpool,Newcastle,2.33,2.67,1.68,1.52,0.93,1.22,0.6,0.43,4,4,1.19,1.3,1.15,1.3,High,High,1,7,7,530,0.35,0,3,3.0,Foggy,12:30,1,2,0
M0447,Brentford,Liverpool,1.95,2.51,2.08,1.61,1.01,1.18,0.69,0.54,7,5,1.2,1.31,1.26,1.1,High,High,1,7,5,159,0.64,4,0,3.3,Rainy,16:30,1,0,2
M0448,Tottenham,Newcastle,2.28,2.66,1.56,1.27,1.06,1.04,0.51,0.41,5,4,1.25,1.04,1.25,1.09,Medium,Medium,1,4,4,204,0.54,4,3,2.0,Rainy,14:00,1,1,1
M0449,Everton,Nottingham Forest,1.84,1.51,0.63,1.57,2.04,1.29,0.18,0.52,3,4,0.75,1.04,0.79,1.08,Medium,High,1,4,3,250,0.58,2,1,3.0,Clear,12:30,1,2,0
M0450,Southampton,Arsenal,1.56,2.59,1.36,1.93,2.18,0.91,0.43,0.58,4,5,0.75,1.35,0.75,1.32,Low,High,1,5,4,434,0.33,1,3,2.0,Windy,12:30,0,2,0
M0451,Watford,Nottingham Forest,1.58,1.82,1.23,0.94,1.84,1.61,0.47,0.36,5,3,0.86,0.94,0.75,0.99,Medium,Medium,1,4,4,249,0.27,4,1,2.2,Rainy,15:00,2,2,1
M0452,Arsenal,Chelsea,2.14,2.11,1.71,1.67,0.93,1.07,0.5,0.53,5,6,1.31,1.38,1.12,1.25,Low,High,1,5,3,553,0.69,3,1,1.2,Overcast,12:30,1,2,0
M0453,West Ham,Manchester City,2.2,2.62,1.32,1.96,1.5,0.83,0.44,0.6,4,6,1.0,1.4,1.12,1.38,Medium,High,1,7,3,298,0.59,0,2,2.3,Windy,20:00,2,2,1
M0454,Tottenham,Arsenal,1.97,2.35,1.44,1.78,1.22,0.93,0.43,0.43,5,6,1.21,1.22,1.19,1.16,High,Medium,1,5,6,105,0.66,4,2,2.9,Foggy,16:30,2,2,1
M0455,Fulham,Brighton,2.5,1.59,1.25,2.04,1.3,1.16,0.47,0.66,5,6,0.9,1.21,0.9,1.13,Low,High,1,7,4,39,0.55,4,2,3.3,Rainy,12:30,2,2,1
M0456,Liverpool,Stoke City,2.61,1.65,2.14,1.11,0.63,2.13,0.71,0.33,7,3,1.4,0.78,1.38,0.75,Medium,High,1,7,7,531,0.48,1,3,3.4,Foggy,15:00,2,1,2
M0457,Leeds United,Aston Villa,1.35,1.28,0.85,1.08,2.13,1.11,0.25,0.36,2,3,0.75,1.07,0.9,0.97,Medium,Medium,1,7,3,340,0.37,4,1,1.7,Overcast,16:30,0,0,1
M0458,Brentford,Newcastle,1.82,1.43,1.27,1.37,1.48,1.32,0.32,0.3,4,5,1.03,1.18,0.8,0.97,Medium,Low,1,6,3,31,0.65,1,4,2.6,Overcast,14:00,1,1,1
M0459,Crystal Palace,Everton,1.9,1.68,1.4,1.22,1.6,1.24,0.45,0.38,5,4,0.92,0.95,0.91,1.05,Medium,Medium,1,4,3,490,0.45,0,3,1.6,Foggy,12:30,1,1,1
M0460,Fulham,Brighton,2.3,1.64,1.23,1.3,1.87,1.53,0.35,0.4,4,4,0.75,1.21,0.94,1.21,Low,High,1,4,7,592,0.67,1,1,2.4,Windy,20:00,1,2,0
M0461,Crystal Palace,Chelsea,1.61,1.93,1.64,1.7,1.22,1.49,0.5,0.59,5,6,1.27,0.79,1.1,0.85,Medium,High,1,6,7,368,0.61,4,2,3.2,Clear,16:30,2,1,2
M0462,Crystal Palace,Bournemouth,1.27,1.32,1.05,1.23,1.94,1.56,0.34,0.34,2,2,0.75,1.23,0.76,1.06,Medium,High,1,5,4,483,0.66,2,4,2.5,Foggy,15:00,1,2,0
M0463,Bournemouth,Nottingham Forest,1.76,2.21,1.22,1.44,1.83,0.94,0.32,0.44,4,4,0.75,1.09,0.75,0.95,Low,High,1,3,5,181,0.28,2,4,2.7,Foggy,20:00,0,3,0
M0464,Newcastle,Aston Villa,1.93,2.54,1.46,1.6,1.05,1.64,0.51,0.55,5,4,0.98,1.11,1.12,1.15,Medium,Low,1,3,6,596,0.73,0,0,2.9,Rainy,14:00,2,2,1
M0465,Everton,Fulham,2.49,1.05,1.44,1.27,1.19,1.59,0.47,0.49,4,4,1.1,0.75,0.93,0.76,High,High,1,4,7,96,0.66,3,1,1.8,Foggy,14:00,2,0,2
M0466,Aston Villa,Watford,2.86,0.75,2.1,0.91,1.11,2.04,0.63,0.28,6,2,1.33,0.76,1.37,0.75,Low,High,1,3,6,65,0.54,4,1,1.8,Rainy,19:45,2,1,2
M0467,Leeds United,Liverpool,0.78,1.64,1.71,0.98,1.12,1.13,0.61,0.32,6,2,0.99,1.07,0.91,0.98,Medium,Medium,1,6,3,37,0.71,1,2,2.3,Clear,15:00,1,0,2
M0468,Burnley,Chelsea,1.53,2.45,1.57,1.84,1.84,1.47,0.52,0.67,5,6,0.8,1.35,0.77,1.17,High,Low,1,6,3,113,0.34,2,1,1.9,Rainy,15:00,3,3,1
M0469,Manchester City,Southampton,2.21,1.81,1.65,1.15,1.02,1.46,0.49,0.36,5,4,1.4,0.88,1.22,0.91,Low,High,1,7,6,338,0.74,1,1,1.9,Rainy,14:00,2,2,1
M0470,Middlesbrough,West Ham,1.26,2.51,0.85,1.98,2.07,1.15,0.33,0.59,2,6,0.77,1.27,0.83,1.2,Medium,Medium,1,4,3,155,0.68,2,1,2.0,Foggy,20:00,0,1,0
M0471,Liverpool,Newcastle,1.38,1.99,1.58,1.74,1.37,1.2,0.55,0.49,4,6,1.06,1.29,1.08,1.08,High,Medium,1,6,3,376,0.72,2,3,1.8,Rainy,20:00,0,2,0
M0472,Everton,Arsenal,2.16,2.01,1.48,1.43,1.14,0.98,0.46,0.41,5,4,1.11,1.26,1.0,1.09,Low,Medium,1,4,6,556,0.43,2,2,1.4,Windy,14:00,3,2,2
M0473,Fulham,Bournemouth,2.1,1.56,1.62,1.09,1.07,1.54,0.5,0.28,5,3,1.07,0.89,0.85,0.91,High,Medium,1,3,7,302,0.45,1,4,3.0,Rainy,16:30,2,2,1
M0474,Brighton,Stoke City,1.83,1.19,1.41,1.69,1.53,1.93,0.43,0.53,4,5,0.98,0.9,1.02,0.78,High,High,1,3,7,323,0.3,2,1,1.7,Foggy,17:30,2,2,1
M0475,Manchester City,Leicester City,2.73,2.06,2.12,1.22,0.84,1.52,0.65,0.42,7,3,1.37,0.95,1.28,0.87,Low,Medium,1,6,7,41,0.33,2,4,2.1,Overcast,17:30,1,1,1
M0476,Newcastle,Burnley,2.57,1.97,1.92,1.35,0.94,1.43,0.58,0.45,7,4,1.16,0.91,1.19,0.88,High,Low,1,6,3,393,0.43,2,0,2.2,Rainy,15:00,1,1,1
M0477,Sheffield Utd,Manchester City,1.12,2.3,0.76,2.36,1.71,0.75,0.25,0.7,3,8,0.78,1.4,0.76,1.38,High,Medium,1,5,6,31,0.41,4,4,1.6,Windy,17:30,0,3,0
M0478,Fulham,Watford,1.86,1.03,1.91,1.06,1.25,1.72,0.63,0.36,5,3,1.26,0.75,1.2,0.75,High,High,1,7,4,437,0.61,2,1,2.1,Clear,15:00,2,0,2
M0479,Manchester City,Brentford,2.47,2.09,1.83,1.82,1.31,1.19,0.62,0.57,6,6,1.06,1.22,1.14,1.24,Medium,High,1,6,7,471,0.5,0,3,1.8,Clear,12:30,1,2,0
M0480,Liverpool,Wolverhampton,2.94,1.93,2.22,1.04,0.63,1.4,0.59,0.25,6,4,1.4,0.96,1.38,0.83,Low,Medium,1,4,6,492,0.34,0,4,2.8,Clear,12:30,3,0,2
M0481,Leeds United,Leicester City,1.67,1.78,0.8,0.89,1.34,2.06,0.29,0.25,3,4,0.85,0.85,0.84,0.81,High,High,1,6,3,481,0.28,1,4,2.4,Foggy,15:00,2,2,1
M0482,Wolverhampton,Bournemouth,2.2,1.46,1.64,0.59,1.53,1.76,0.49,0.18,5,2,1.05,0.85,1.08,0.81,High,Medium,1,3,3,377,0.39,2,2,2.5,Rainy,16:30,2,0,2
M0483,Liverpool,Fulham,2.23,1.68,1.18,1.6,1.15,0.78,0.33,0.46,3,5,1.12,1.18,1.08,1.31,Medium,Medium,1,5,5,132,0.73,3,2,2.7,Windy,17:30,0,2,0
M0484,Leeds United,Everton,1.45,2.23,0.67,1.04,1.71,1.19,0.18,0.36,3,2,0.76,0.98,0.75,0.94,Medium,Medium,1,7,6,82,0.35,2,4,3.2,Windy,19:45,1,1,1
M0485,Nottingham Forest,Everton,2.36,0.95,1.94,1.34,1.32,2.18,0.58,0.41,6,4,1.21,0.75,1.15,0.75,Medium,High,1,6,4,466,0.38,1,4,1.7,Clear,16:30,2,0,2
M0486,Leeds United,Luton Town,1.57,1.28,1.47,0.6,1.19,2.15,0.48,0.19,5,2,0.96,0.75,0.96,0.75,Medium,Medium,1,3,3,530,0.43,2,2,1.4,Rainy,19:45,2,0,2
M0487,West Ham,Southampton,2.17,1.61,1.34,1.18,1.53,1.91,0.47,0.33,5,4,1.14,0.77,1.04,0.75,Medium,Medium,1,3,3,124,0.74,0,4,1.6,Foggy,14:00,1,1,1
M0488,Leicester City,Tottenham,1.72,1.84,1.28,1.84,1.68,0.98,0.36,0.42,3,6,0.75,1.4,0.75,1.38,Medium,High,1,5,3,367,0.3,3,2,1.8,Foggy,14:00,1,2,0
M0489,Fulham,Bournemouth,1.52,1.88,1.11,1.27,1.46,1.39,0.38,0.46,2,5,0.9,1.04,0.98,0.85,Low,Medium,1,4,4,424,0.46,0,1,3.0,Windy,14:00,1,1,1
M0490,Tottenham,Burnley,1.78,1.22,1.44,1.1,1.54,1.74,0.43,0.35,5,4,1.13,0.91,1.04,0.81,Low,Medium,1,4,6,247,0.33,0,4,1.8,Foggy,16:30,1,1,1
M0491,Southampton,Leicester City,1.98,1.13,1.4,0.99,1.26,1.71,0.49,0.3,4,2,0.94,0.75,0.99,0.75,Medium,Medium,1,7,4,131,0.67,3,1,2.8,Windy,17:30,1,0,2
M0492,Arsenal,Wolverhampton,2.23,2.23,1.91,1.1,1.01,1.37,0.61,0.4,5,3,1.4,0.89,1.25,0.89,Medium,Medium,1,7,7,213,0.61,4,4,1.8,Windy,19:45,2,2,1
M0493,Southampton,West Ham,1.21,1.92,1.43,1.2,1.29,1.69,0.4,0.3,5,3,0.97,0.94,1.05,0.83,High,Medium,1,4,5,283,0.5,0,0,2.8,Windy,16:30,2,1,2
M0494,Crystal Palace,Leeds United,1.17,0.88,1.33,1.5,1.62,1.55,0.39,0.53,4,5,0.86,0.79,0.95,0.79,Medium,High,1,5,7,134,0.31,4,4,2.7,Windy,16:30,0,0,1
M0495,Everton,Stoke City,1.42,1.53,1.09,1.44,1.36,1.69,0.3,0.44,3,4,1.07,0.86,0.85,0.84,Medium,Medium,1,7,7,447,0.39,0,1,2.1,Rainy,19:45,2,2,1
M0496,Everton,Bournemouth,1.74,1.78,1.49,1.15,1.37,1.52,0.46,0.26,6,4,1.14,0.93,1.03,0.75,Medium,Low,1,5,5,430,0.69,1,3,2.2,Overcast,12:30,2,1,2
M0497,Burnley,West Ham,2.13,1.5,1.34,0.83,1.33,1.67,0.39,0.23,4,2,1.04,0.75,0.93,0.75,Medium,Low,1,5,6,429,0.55,4,4,3.5,Foggy,15:00,3,2,2
M0498,Luton Town,Brighton,1.37,1.8,1.21,1.88,1.76,1.48,0.36,0.58,4,6,0.75,1.09,0.88,0.96,High,Low,1,7,6,46,0.5,2,4,2.7,Windy,19:45,1,1,1
M0499,Bournemouth,Liverpool,1.68,1.37,1.3,1.76,1.49,1.4,0.46,0.5,6,6,0.88,0.99,0.98,0.98,High,Medium,1,5,5,169,0.7,0,4,1.7,Windy,17:30,2,1,2
M0500,Watford,Everton,0.66,1.74,0.81,1.15,2.2,1.12,0.22,0.38,2,4,0.75,1.16,0.75,0.97,Low,High,1,3,7,595,0.41,2,1,1.3,Foggy,19:45,1,3,0
M0501,Nottingham Forest,Manchester City,2.33,2.69,1.77,1.57,1.08,1.22,0.51,0.5,6,3,1.13,1.13,1.19,1.28,Medium,Medium,1,4,6,177,0.51,3,0,2.9,Overcast,12:30,2,1,2
M0502,Middlesbrough,Tottenham,2.33,1.59,1.27,1.14,1.69,1.35,0.38,0.45,4,4,0.95,0.95,0.75,0.93,High,Medium,1,6,3,147,0.32,0,1,2.9,Clear,15:00,2,2,1
M0503,Watford,Crystal Palace,0.94,2.2,1.29,1.57,2.18,1.19,0.4,0.42,4,5,0.75,1.12,0.75,1.05,High,Medium,1,6,4,442,0.59,3,4,2.3,Clear,12:30,0,1,0
M0504,Burnley,Bournemouth,0.76,2.25,0.71,1.11,2.03,1.57,0.26,0.37,3,3,0.93,0.95,0.75,0.84,High,High,1,7,7,179,0.62,3,2,1.3,Windy,15:00,0,1,0
M0505,Leeds United,Manchester City,1.87,2.18,1.29,2.16,1.72,0.87,0.44,0.68,5,7,0.75,1.4,0.75,1.2,High,High,1,3,7,303,0.34,2,3,1.2,Rainy,16:30,1,1,1
M0506,Leicester City,Liverpool,1.33,2.33,1.44,1.21,1.58,1.16,0.56,0.39,4,4,1.1,1.16,0.88,1.23,Medium,High,1,4,7,340,0.58,3,2,2.1,Overcast,15:00,2,1,2
M0507,Crystal Palace,Middlesbrough,1.58,1.75,1.57,1.4,1.46,1.43,0.47,0.57,5,4,0.94,0.77,0.83,0.76,Medium,High,1,5,3,180,0.55,0,3,2.4,Clear,16:30,1,1,1
M0508,Brighton,Crystal Palace,2.3,1.58,1.74,1.28,1.03,1.65,0.53,0.42,5,4,1.07,0.98,1.01,0.96,High,Low,1,6,4,72,0.45,1,3,3.1,Rainy,12:30,2,2,1
M0509,Sheffield Utd,Watford,1.64,1.06,0.92,0.95,1.77,1.48,0.22,0.27,3,3,0.92,0.86,0.87,0.75,High,Medium,1,4,4,74,0.33,2,0,1.3,Overcast,20:00,1,0,2
M0510,Bournemouth,Everton,1.41,1.69,1.56,1.36,1.44,1.53,0.43,0.46,5,4,1.07,0.84,0.92,0.95,Low,Medium,1,7,5,284,0.37,1,2,2.2,Overcast,20:00,1,1,1
M0511,Chelsea,Tottenham,1.75,1.94,2.04,1.98,1.06,1.31,0.66,0.64,6,7,1.28,1.02,1.21,1.11,Medium,Medium,1,3,3,517,0.72,3,2,2.8,Windy,17:30,2,2,1
M0512,Newcastle,Tottenham,1.71,2.51,1.49,1.27,1.12,1.45,0.55,0.37,4,5,1.09,1.09,1.18,1.19,Low,Low,1,6,5,56,0.32,0,0,1.3,Rainy,16:30,1,1,1
M0513,Newcastle,Stoke City,1.95,2.1,1.55,1.99,1.44,1.27,0.43,0.62,4,6,1.04,1.0,0.97,0.94,Medium,Medium,1,6,7,450,0.63,4,0,1.5,Rainy,20:00,1,2,0
M0514,Fulham,Newcastle,1.94,2.07,1.24,1.99,1.75,1.48,0.41,0.59,5,7,0.84,1.28,0.81,1.21,Medium,High,1,3,7,516,0.59,1,2,3.0,Overcast,15:00,0,2,0
M0515,Newcastle,Middlesbrough,1.76,2.0,1.43,1.38,1.39,1.24,0.45,0.36,5,3,0.99,1.17,0.84,1.17,Medium,High,1,5,6,478,0.59,1,1,2.9,Windy,14:00,0,1,0
M0516,Nottingham Forest,Aston Villa,2.08,1.31,1.25,1.15,1.49,1.4,0.35,0.3,4,4,0.8,1.13,0.96,1.02,Medium,Low,1,7,3,326,0.39,1,0,2.8,Windy,16:30,1,1,1
M0517,Chelsea,Wolverhampton,2.42,1.81,1.82,1.32,1.21,1.53,0.54,0.48,6,5,1.18,0.84,1.13,0.77,Medium,Low,1,3,7,424,0.33,4,1,3.5,Windy,16:30,1,1,1
M0518,Liverpool,Stoke City,1.9,1.29,2.11,0.87,1.16,1.72,0.69,0.21,7,3,1.35,0.81,1.14,0.75,Medium,Low,1,3,5,480,0.68,4,4,1.3,Windy,14:00,0,0,1
M0519,Southampton,Brentford,1.49,1.52,1.68,0.4,1.17,1.83,0.52,0.26,5,1,1.02,0.75,0.93,0.83,Medium,Medium,1,7,5,72,0.51,1,3,3.4,Rainy,20:00,2,0,2
M0520,Leeds United,Middlesbrough,1.74,1.3,1.06,1.13,1.84,1.83,0.39,0.32,4,5,0.97,0.98,0.78,0.94,Medium,Medium,1,6,3,356,0.35,3,0,2.9,Clear,12:30,1,1,1
M0521,Stoke City,Everton,1.21,1.74,1.17,1.46,1.86,1.17,0.36,0.45,5,3,0.75,1.09,0.75,0.96,Medium,Medium,1,3,5,274,0.58,1,0,3.5,Windy,16:30,1,2,0
M0522,Burnley,Chelsea,0.5,2.47,1.14,1.79,1.83,1.21,0.37,0.57,4,6,0.82,1.29,0.75,1.15,High,Low,1,7,5,559,0.41,1,2,2.9,Windy,14:00,1,2,0
M0523,Crystal Palace,Brighton,1.44,2.65,1.57,1.7,1.36,1.09,0.49,0.45,5,6,0.89,1.4,0.88,1.24,High,Low,1,6,3,425,0.38,2,0,3.3,Rainy,19:45,2,3,0
M0524,Burnley,Middlesbrough,1.45,0.58,1.49,0.96,1.4,1.94,0.42,0.27,4,3,0.99,0.75,0.94,0.75,Medium,High,1,6,4,31,0.61,4,0,2.7,Rainy,17:30,2,1,2
M0525,Brighton,Wolverhampton,2.69,0.83,1.97,0.86,0.56,2.06,0.62,0.24,7,2,1.26,0.75,1.37,0.75,Medium,Medium,1,6,3,39,0.37,0,0,1.4,Windy,20:00,2,1,2
M0526,Chelsea,Everton,1.78,1.77,1.74,1.15,1.42,1.66,0.64,0.32,5,3,1.12,0.91,1.11,0.94,Low,Low,1,7,5,158,0.61,1,1,2.5,Rainy,16:30,0,0,1
M0527,Crystal Palace,Southampton,1.2,1.68,1.18,1.19,1.77,1.78,0.4,0.34,4,4,0.75,0.81,0.86,0.85,Low,Medium,1,6,5,196,0.44,1,2,2.8,Clear,19:45,1,2,0
M0528,Everton,Chelsea,1.98,1.3,1.77,1.67,1.68,1.43,0.5,0.54,6,5,0.91,1.01,1.09,0.98,Medium,High,1,3,4,31,0.27,4,4,1.5,Overcast,19:45,2,1,2
M0529,Newcastle,Stoke City,2.25,0.71,1.95,1.08,1.08,2.2,0.59,0.39,6,4,1.3,0.75,1.22,0.75,High,High,1,6,6,63,0.4,2,3,3.2,Overcast,19:45,2,1,2
M0530,Wolverhampton,Crystal Palace,1.68,2.13,1.57,0.88,1.19,1.81,0.43,0.32,6,3,1.04,0.83,1.03,0.76,Medium,Medium,1,3,4,344,0.42,1,1,1.3,Windy,15:00,2,1,2
M0531,Brentford,Liverpool,2.21,3.0,2.02,1.73,1.35,1.25,0.67,0.46,6,5,1.23,1.33,1.15,1.14,Low,Low,1,4,4,511,0.3,4,2,2.1,Clear,17:30,3,2,2
M0532,Brentford,Watford,2.15,1.64,1.55,1.29,1.38,1.65,0.43,0.34,6,5,0.88,0.88,1.06,0.85,Low,Low,1,4,4,516,0.39,0,2,3.3,Foggy,20:00,1,3,0
M0533,Crystal Palace,Southampton,1.1,1.41,1.31,0.99,1.11,1.8,0.45,0.36,4,2,0.96,0.86,0.93,0.78,Medium,High,1,6,7,562,0.51,2,1,2.0,Rainy,20:00,2,2,1
M0534,Brentford,Leeds United,1.51,1.32,1.7,0.9,1.33,1.75,0.5,0.18,5,3,0.96,0.89,0.96,0.87,Medium,Medium,1,3,4,290,0.71,3,4,2.5,Rainy,19:45,1,1,1
M0535,Leicester City,Luton Town,1.51,1.93,0.7,1.64,2.09,1.43,0.22,0.58,3,6,0.75,0.98,0.75,1.02,Medium,Low,1,6,6,216,0.66,0,3,1.3,Overcast,12:30,0,2,0
M0536,Leeds United,Leicester City,0.5,1.52,1.02,1.25,1.55,1.28,0.38,0.43,3,5,0.75,1.0,0.78,0.93,Low,High,1,4,7,510,0.68,1,0,2.9,Rainy,15:00,1,2,0
M0537,Stoke City,Tottenham,1.29,1.42,0.85,1.44,1.55,1.13,0.28,0.42,2,5,0.75,1.12,0.86,1.05,High,High,1,6,3,485,0.62,1,4,3.2,Clear,17:30,0,0,1
M0538,Brighton,Chelsea,1.83,3.0,1.51,1.81,1.47,0.94,0.56,0.47,5,6,1.04,1.27,0.82,1.33,High,Medium,1,3,7,512,0.72,2,0,1.3,Windy,16:30,2,3,0
M0539,Leeds United,Stoke City,1.79,1.19,0.88,1.26,1.9,2.04,0.29,0.31,3,5,0.87,0.79,0.81,0.75,Medium,Medium,1,3,5,490,0.46,2,0,1.9,Rainy,17:30,2,2,1
M0540,Nottingham Forest,Watford,0.94,2.54,1.15,1.27,2.2,1.58,0.35,0.47,3,4,0.75,1.05,0.75,0.93,Medium,Medium,1,7,6,340,0.56,4,2,2.8,Windy,14:00,1,2,0
M0541,Wolverhampton,Tottenham,1.11,2.77,0.9,1.71,1.69,1.11,0.23,0.53,1,6,0.75,1.38,0.76,1.26,High,Medium,1,4,7,571,0.31,1,3,2.3,Overcast,19:45,0,3,0
M0542,Manchester City,Crystal Palace,1.99,2.25,1.83,1.39,1.36,1.27,0.62,0.42,7,5,1.24,1.21,1.08,1.18,Medium,Medium,1,7,5,594,0.39,0,0,1.6,Windy,15:00,1,2,0
M0543,Brighton,Watford,2.31,0.8,2.01,0.71,0.98,2.17,0.66,0.25,6,2,1.22,0.81,1.04,0.75,High,High,1,4,7,454,0.63,2,2,2.8,Rainy,14:00,3,0,2
M0544,Watford,Aston Villa,1.35,1.1,1.47,1.04,1.24,1.76,0.42,0.23,4,3,0.87,0.86,0.81,0.86,High,High,1,7,5,319,0.26,1,3,2.5,Foggy,16:30,2,1,2
M0545,Nottingham Forest,Aston Villa,0.87,2.36,1.16,1.53,2.2,1.09,0.46,0.47,4,5,0.77,1.26,0.75,1.26,Medium,Medium,1,4,6,471,0.32,3,3,3.0,Foggy,20:00,0,1,0
M0546,Chelsea,Brentford,2.55,1.65,2.19,0.97,0.69,1.54,0.59,0.29,7,3,1.4,0.81,1.3,1.0,Medium,High,1,6,5,498,0.67,2,1,1.4,Clear,12:30,3,1,2
M0547,Newcastle,Crystal Palace,1.98,1.09,2.31,0.95,1.21,1.28,0.8,0.23,8,4,1.38,0.92,1.3,0.8,Medium,High,1,7,5,396,0.38,1,4,1.8,Overcast,12:30,2,1,2
M0548,Fulham,Leeds United,1.25,1.55,0.74,1.47,1.61,1.61,0.28,0.44,2,5,0.78,0.88,0.85,0.89,High,High,1,3,3,95,0.72,3,4,1.3,Windy,19:45,1,2,0
M0549,Newcastle,Leeds United,1.19,2.18,1.16,0.95,1.25,1.45,0.39,0.33,4,3,0.92,1.15,0.82,0.91,Low,Medium,1,5,7,205,0.29,2,3,2.0,Overcast,15:00,0,2,0
M0550,Everton,Chelsea,1.75,2.17,1.81,1.58,1.34,1.49,0.5,0.51,5,4,1.0,0.84,1.07,0.98,High,High,1,3,4,414,0.29,4,4,1.6,Clear,14:00,1,0,2
M0551,Chelsea,Fulham,2.7,2.14,1.86,1.0,0.73,1.78,0.53,0.31,4,4,1.4,0.82,1.38,0.81,Low,High,1,5,4,187,0.32,2,2,1.4,Rainy,12:30,2,0,2
M0552,Luton Town,Chelsea,1.42,3.0,0.92,2.02,2.2,0.57,0.23,0.7,1,7,0.75,1.4,0.75,1.38,Medium,Medium,1,5,5,344,0.67,3,1,1.2,Windy,12:30,1,2,0
M0553,Luton Town,Sheffield Utd,1.37,1.87,0.89,1.15,1.55,1.41,0.23,0.43,2,4,0.75,0.83,0.75,0.79,High,Medium,1,4,7,90,0.51,0,0,3.0,Windy,15:00,0,1,0
M0554,Brentford,Watford,1.69,2.01,0.97,1.18,1.84,1.47,0.35,0.43,3,5,0.75,1.04,0.75,0.79,Medium,High,1,7,3,571,0.36,1,2,1.6,Foggy,12:30,1,2,0
M0555,Leicester City,West Ham,2.32,1.57,1.46,1.51,1.16,1.61,0.42,0.53,6,5,1.08,0.97,1.11,0.96,High,Medium,1,4,4,320,0.6,2,4,3.2,Windy,19:45,3,1,2
M0556,Fulham,Wolverhampton,1.52,1.73,1.43,1.43,1.29,1.42,0.41,0.39,4,5,1.01,0.92,0.98,0.86,Medium,High,1,6,6,71,0.5,3,0,1.3,Clear,12:30,0,0,1
M0557,Luton Town,Chelsea,1.35,1.62,0.79,1.43,1.71,1.04,0.27,0.46,2,4,0.75,1.03,0.78,1.02,Low,Medium,1,7,5,298,0.71,0,2,3.0,Overcast,17:30,2,2,1
M0558,Middlesbrough,Bournemouth,1.91,1.16,1.38,0.59,1.78,2.01,0.43,0.31,4,2,1.08,0.75,0.94,0.77,Medium,High,1,6,6,385,0.63,1,2,2.8,Windy,15:00,1,0,2
M0559,Everton,Wolverhampton,2.4,0.91,1.49,0.96,1.19,1.74,0.48,0.32,5,2,1.02,0.75,1.13,0.75,High,Low,1,3,3,117,0.74,4,2,2.5,Foggy,17:30,2,1,2
M0560,Manchester City,Brentford,3.0,0.91,2.34,1.27,0.7,1.68,0.71,0.41,7,3,1.4,0.79,1.38,0.75,High,Medium,1,5,3,359,0.39,3,3,2.7,Windy,12:30,2,1,2
M0561,Arsenal,Newcastle,1.62,2.36,1.93,1.75,1.14,1.64,0.62,0.54,6,5,1.19,1.14,0.96,1.11,Low,Medium,1,3,6,380,0.56,2,3,3.4,Rainy,19:45,1,1,1
M0562,Leicester City,Wolverhampton,1.34,2.2,0.97,1.63,1.81,1.36,0.32,0.51,3,5,0.75,1.09,0.76,1.04,Low,Medium,1,5,3,129,0.58,4,1,2.0,Rainy,20:00,0,2,0
M0563,Leeds United,Manchester City,1.3,3.0,1.18,2.15,1.75,0.84,0.39,0.65,4,7,0.84,1.4,0.84,1.38,Low,High,1,3,7,337,0.56,0,1,3.5,Rainy,19:45,1,1,1
M0564,Aston Villa,Arsenal,2.28,1.56,1.56,1.68,1.19,0.91,0.53,0.48,4,5,1.17,1.28,1.01,1.2,Medium,High,1,7,5,77,0.44,1,4,2.2,Rainy,20:00,1,1,1
M0565,Wolverhampton,Newcastle,2.15,2.55,0.72,2.39,1.64,1.57,0.24,0.73,2,7,0.85,1.21,0.81,1.23,Medium,Medium,1,3,4,98,0.37,2,2,2.1,Foggy,12:30,0,2,0
M0566,Wolverhampton,Sheffield Utd,1.88,1.43,0.97,1.17,1.3,1.75,0.23,0.38,2,4,0.86,0.77,1.02,0.75,High,High,1,4,7,243,0.38,4,0,2.3,Foggy,17:30,2,0,2
M0567,Chelsea,Burnley,1.57,1.62,1.9,1.07,1.24,1.41,0.64,0.32,7,5,1.13,0.96,1.14,0.85,Medium,Low,1,7,4,594,0.6,0,4,1.5,Windy,12:30,1,1,1
M0568,Luton Town,Nottingham Forest,1.35,2.0,1.49,1.27,1.96,1.3,0.48,0.43,4,3,0.85,0.99,0.75,0.82,Medium,Low,1,7,7,306,0.3,1,0,3.4,Foggy,17:30,2,2,1
M0569,Nottingham Forest,Luton Town,0.79,1.3,1.07,1.29,2.05,1.19,0.28,0.47,3,4,0.75,0.78,0.75,0.82,Low,Medium,1,6,5,370,0.53,4,3,2.2,Rainy,14:00,1,2,0
M0570,Bournemouth,West Ham,1.12,1.86,1.48,1.54,1.76,1.32,0.42,0.55,5,4,0.75,1.2,0.75,1.16,Medium,Medium,1,3,7,581,0.61,0,1,3.4,Clear,15:00,1,2,0
M0571,West Ham,Luton Town,1.72,1.6,1.3,1.0,1.58,1.49,0.44,0.24,3,6,0.87,0.96,0.92,0.82,Low,Medium,1,4,4,389,0.68,4,3,1.6,Overcast,14:00,1,2,0
M0572,Manchester City,Sheffield Utd,1.91,1.87,1.49,1.38,1.41,1.16,0.49,0.39,4,3,1.01,0.92,0.99,1.0,Low,Medium,1,5,7,171,0.65,3,3,2.6,Clear,19:45,1,2,0
M0573,Brighton,Everton,1.7,2.45,1.61,1.87,1.61,0.77,0.49,0.58,4,6,0.97,1.35,0.85,1.06,Medium,High,1,3,7,165,0.35,0,3,2.1,Foggy,12:30,1,2,0
M0574,Watford,Wolverhampton,1.33,1.47,1.32,1.4,1.67,1.54,0.41,0.52,5,4,0.77,1.02,0.81,0.78,Medium,Medium,1,5,4,407,0.74,4,1,1.9,Clear,20:00,1,1,1
M0575,Everton,Nottingham Forest,0.88,2.38,1.01,1.64,2.04,1.34,0.25,0.57,4,6,0.75,1.12,0.77,1.01,Medium,High,1,3,4,471,0.47,4,4,2.1,Clear,12:30,1,2,0
M0576,Southampton,Everton,1.09,2.4,1.25,1.75,2.2,1.36,0.42,0.51,2,6,0.75,1.05,0.75,1.08,Medium,High,1,7,6,475,0.51,4,2,3.3,Windy,19:45,1,2,0
M0577,Everton,Luton Town,1.24,1.37,1.18,1.14,1.7,1.46,0.38,0.3,3,4,0.85,0.87,0.79,0.94,Medium,Medium,1,5,3,464,0.29,4,1,2.5,Rainy,12:30,1,2,0
M0578,Luton Town,Nottingham Forest,0.64,1.26,0.77,2.08,1.9,1.4,0.18,0.66,3,6,0.75,1.17,0.75,1.1,Medium,High,1,3,7,549,0.44,4,4,3.4,Clear,17:30,1,3,0
M0579,Manchester City,Everton,2.29,1.88,1.51,0.83,1.45,1.2,0.42,0.3,5,3,1.15,0.97,1.01,0.95,High,Low,1,5,3,356,0.38,0,0,2.0,Windy,15:00,1,2,0
M0580,Sheffield Utd,Newcastle,1.99,1.62,1.14,1.48,1.47,1.51,0.32,0.38,3,5,0.85,1.0,0.76,1.02,Medium,High,1,3,4,296,0.45,1,2,3.5,Clear,16:30,1,1,1
M0581,Leeds United,Middlesbrough,1.57,2.0,1.25,1.43,1.73,1.51,0.39,0.5,3,4,0.76,0.79,0.75,0.94,Low,High,1,5,4,317,0.44,4,0,1.6,Clear,20:00,1,1,1
M0582,West Ham,Bournemouth,1.84,1.42,1.36,0.87,0.97,1.61,0.37,0.24,3,3,1.22,0.75,1.13,0.75,High,Low,1,6,3,103,0.47,1,3,1.9,Rainy,19:45,2,1,2
M0583,Liverpool,Brentford,2.74,1.98,2.0,0.93,1.26,1.82,0.62,0.29,7,2,1.35,0.95,1.27,0.9,High,High,1,4,4,277,0.68,2,4,3.0,Windy,15:00,1,1,1
M0584,Luton Town,Brentford,1.92,1.93,1.26,1.87,2.05,0.8,0.39,0.61,4,5,0.76,1.25,0.75,1.19,Medium,Medium,1,6,5,471,0.34,2,1,2.8,Overcast,17:30,2,3,0
M0585,Aston Villa,Leicester City,2.27,1.24,1.44,0.88,1.38,1.67,0.45,0.25,5,2,1.32,0.75,1.12,0.75,Low,Medium,1,6,5,143,0.75,2,1,1.9,Windy,14:00,3,2,2
M0586,Manchester City,Newcastle,2.79,2.05,2.2,1.5,0.71,1.08,0.65,0.49,8,5,1.35,0.96,1.12,1.03,Low,Medium,1,5,5,552,0.41,0,3,2.3,Rainy,20:00,1,1,1
M0587,Stoke City,Crystal Palace,1.73,1.51,1.46,0.68,1.63,2.2,0.41,0.24,3,2,0.82,0.78,0.75,0.75,Medium,High,1,4,4,404,0.26,0,4,2.2,Overcast,19:45,2,1,2
M0588,Wolverhampton,Fulham,1.82,2.23,1.14,1.47,1.31,1.45,0.37,0.51,5,6,0.96,1.01,0.94,0.87,Low,Low,1,7,3,55,0.71,2,2,2.7,Clear,12:30,1,1,1
M0589,Middlesbrough,Aston Villa,1.14,2.02,1.39,1.33,1.5,1.4,0.36,0.33,3,3,1.13,0.98,1.06,0.94,High,Low,1,3,5,69,0.59,0,2,3.5,Clear,20:00,2,1,2
M0590,Bournemouth,Sheffield Utd,1.23,1.94,1.39,1.28,2.2,1.35,0.46,0.44,4,5,0.75,0.87,0.75,1.02,High,Medium,1,6,3,272,0.44,2,4,1.9,Rainy,12:30,1,2,0
M0591,Leeds United,Luton Town,2.04,1.89,1.3,1.07,1.15,2.01,0.39,0.35,4,4,1.05,0.75,0.86,0.75,High,High,1,3,5,258,0.41,4,2,2.6,Overcast,12:30,1,0,2
M0592,Leicester City,Tottenham,1.9,2.68,1.05,2.24,1.81,1.07,0.37,0.66,3,9,0.75,1.4,0.76,1.38,High,Low,1,4,3,224,0.39,1,3,2.2,Rainy,12:30,1,2,0
M0593,Aston Villa,Bournemouth,1.41,1.64,1.29,1.31,1.22,1.7,0.34,0.32,4,4,0.96,1.06,1.05,0.96,High,Low,1,4,5,343,0.33,4,1,2.9,Windy,14:00,1,1,1
M0594,Bournemouth,Everton,1.47,1.47,1.87,1.07,1.14,1.62,0.62,0.33,5,3,1.13,0.78,1.0,0.78,Low,Medium,1,4,3,540,0.32,2,4,2.4,Foggy,17:30,1,0,2
M0595,Stoke City,West Ham,0.46,2.03,0.79,1.8,2.15,1.03,0.37,0.59,4,6,0.75,1.14,0.75,1.31,High,Medium,1,5,4,141,0.56,4,1,1.8,Foggy,15:00,1,2,0
M0596,Brighton,West Ham,2.37,1.54,1.83,1.24,1.14,1.71,0.56,0.34,5,5,1.14,0.83,1.25,0.77,Low,High,1,4,4,336,0.72,3,2,1.4,Foggy,19:45,2,1,2
M0597,Newcastle,Brighton,2.94,1.43,1.81,1.11,0.89,1.56,0.65,0.32,6,4,1.4,0.89,1.35,0.91,High,Medium,1,7,3,391,0.39,0,1,2.8,Overcast,15:00,2,1,2
M0598,Tottenham,Liverpool,1.96,1.43,1.69,1.3,0.66,1.5,0.46,0.43,6,4,1.26,0.98,1.3,1.07,High,High,1,3,4,407,0.45,4,3,3.0,Foggy,14:00,2,1,2
M0599,Liverpool,Fulham,3.0,1.32,2.46,1.36,0.7,1.84,0.81,0.45,7,5,1.4,0.8,1.38,0.83,Low,High,1,3,6,179,0.38,2,2,2.0,Windy,17:30,4,1,2
M0600,Stoke City,Arsenal,1.38,1.51,1.24,1.44,1.61,0.69,0.32,0.53,4,4,0.83,1.26,0.75,1.06,Medium,Medium,1,4,7,208,0.25,2,3,2.8,Overcast,14:00,1,1,1
M0601,Everton,Wolverhampton,1.02,1.53,1.28,1.76,1.52,1.59,0.43,0.46,4,5,0.77,1.03,0.92,1.04,High,Medium,1,6,3,473,0.73,3,1,2.2,Foggy,20:00,1,3,0
M0602,Leicester City,Brighton,1.4,2.16,0.82,1.81,2.05,1.21,0.2,0.69,3,5,0.75,1.28,0.75,1.17,Medium,Low,1,5,7,241,0.58,3,2,2.0,Clear,14:00,1,2,0
M0603,Leicester City,Sheffield Utd,1.98,1.63,1.24,1.27,1.69,1.69,0.41,0.41,3,4,0.75,0.93,0.75,0.93,Low,Medium,1,5,4,314,0.41,0,4,3.0,Windy,20:00,1,2,0
M0604,Arsenal,Brighton,2.46,2.02,1.51,1.92,1.3,1.02,0.41,0.53,5,7,0.91,1.21,0.98,1.14,High,Medium,1,6,6,50,0.68,4,1,1.7,Foggy,14:00,1,2,0
M0605,Chelsea,Newcastle,1.43,3.0,1.44,1.87,1.15,1.0,0.38,0.55,5,5,0.93,1.4,0.8,1.38,Low,Low,1,6,4,307,0.61,0,0,2.3,Overcast,20:00,1,3,0
M0606,Newcastle,Arsenal,1.48,2.78,1.61,2.25,1.35,0.77,0.58,0.73,5,7,0.97,1.4,1.03,1.38,Medium,Low,1,3,3,96,0.35,3,1,1.4,Rainy,12:30,2,3,0
M0607,Brentford,Tottenham,1.99,1.8,1.02,1.89,1.68,1.25,0.33,0.48,4,7,0.95,0.96,0.83,0.91,Medium,High,1,5,7,97,0.36,0,2,3.3,Windy,19:45,1,1,1
M0608,Burnley,Wolverhampton,1.43,1.8,1.41,1.06,1.34,1.75,0.47,0.37,5,4,0.89,0.89,0.92,0.86,High,Medium,1,6,4,293,0.56,4,2,1.2,Foggy,19:45,1,0,2
M0609,Crystal Palace,Tottenham,2.41,2.33,1.47,1.33,1.47,1.05,0.46,0.41,5,5,1.32,0.95,1.13,0.83,Medium,Medium,1,6,3,193,0.46,1,3,3.0,Clear,12:30,2,0,2
M0610,Nottingham Forest,Sheffield Utd,1.69,1.68,1.2,1.03,1.85,1.47,0.32,0.27,4,3,0.8,0.95,0.77,0.91,Medium,Medium,1,3,3,92,0.38,0,4,3.0,Clear,12:30,1,2,0
M0611,Leeds United,Watford,1.35,0.94,1.33,0.97,1.64,1.49,0.4,0.42,4,5,0.92,0.84,0.75,0.75,High,Low,1,7,4,254,0.69,1,3,3.3,Clear,20:00,1,1,1
M0612,Burnley,Arsenal,2.21,2.17,1.44,1.37,0.98,1.15,0.43,0.4,4,5,1.03,0.96,0.89,0.86,Low,Low,1,7,3,174,0.73,2,3,3.4,Rainy,19:45,1,0,2
M0613,Stoke City,Chelsea,1.85,2.54,0.65,1.82,1.98,1.03,0.18,0.49,2,5,0.75,1.4,0.75,1.38,Medium,Medium,1,6,6,358,0.47,4,4,1.8,Clear,15:00,0,2,0
M0614,Burnley,Tottenham,1.63,2.21,0.95,1.42,1.3,1.39,0.24,0.4,3,5,1.07,1.02,0.9,1.04,High,Medium,1,3,3,282,0.42,0,2,1.6,Windy,15:00,3,1,2
M0615,Bournemouth,West Ham,2.03,2.4,0.68,1.86,2.2,1.01,0.32,0.61,1,4,0.75,1.36,0.75,1.19,High,High,1,7,6,502,0.64,1,4,3.0,Foggy,16:30,1,2,0
M0616,Bournemouth,Tottenham,2.19,2.32,1.6,1.31,1.17,1.4,0.43,0.41,5,3,1.11,1.06,0.95,0.91,Low,Low,1,6,4,334,0.64,3,3,1.6,Rainy,14:00,2,1,2
M0617,Middlesbrough,Brighton,1.09,1.92,1.16,1.65,1.75,1.14,0.3,0.5,3,5,0.83,1.14,0.82,1.19,Medium,High,1,7,6,404,0.56,3,1,2.2,Foggy,17:30,1,2,0
M0618,Chelsea,Bournemouth,2.07,1.04,2.31,0.56,1.09,1.94,0.7,0.18,8,1,1.4,0.78,1.3,0.75,Low,Medium,1,6,3,579,0.46,1,2,1.9,Rainy,17:30,2,1,2
M0619,Newcastle,Burnley,1.6,1.28,1.63,1.5,1.57,1.37,0.57,0.51,5,5,0.79,0.95,0.75,0.83,Medium,High,1,7,6,255,0.59,2,3,1.5,Overcast,20:00,0,1,0
M0620,Aston Villa,Manchester City,1.95,2.91,1.48,1.97,1.09,1.01,0.57,0.57,6,5,1.18,1.25,1.12,1.38,Medium,Medium,1,6,6,206,0.56,3,2,1.9,Foggy,15:00,1,1,1
M0621,Liverpool,Sheffield Utd,2.35,1.9,2.04,0.88,0.92,1.79,0.68,0.28,7,3,1.4,0.82,1.36,0.75,Medium,Medium,1,3,5,523,0.6,2,2,1.6,Clear,12:30,1,0,2
M0622,Crystal Palace,Arsenal,1.46,2.81,1.39,1.95,1.16,1.04,0.46,0.63,4,7,0.91,1.26,0.9,1.27,Medium,Medium,1,6,4,316,0.74,4,3,1.3,Clear,20:00,3,3,1
M0623,Leeds United,Stoke City,2.0,1.87,1.29,0.85,2.11,1.63,0.43,0.28,4,2,0.77,0.86,0.75,0.84,High,High,1,4,6,276,0.34,0,0,2.6,Windy,12:30,0,0,1
M0624,Tottenham,Fulham,2.03,1.2,1.95,1.58,1.07,1.46,0.58,0.58,6,5,1.1,1.13,1.1,1.0,Medium,Medium,1,4,4,157,0.51,3,0,3.2,Clear,20:00,1,1,1
M0625,Arsenal,Watford,2.38,0.93,2.22,0.95,0.84,1.86,0.63,0.26,7,4,1.34,0.75,1.34,0.75,Medium,Low,1,3,6,335,0.44,4,0,3.2,Overcast,19:45,2,2,1
M0626,Brentford,Arsenal,1.4,2.04,1.16,1.48,1.67,0.7,0.33,0.48,3,5,0.75,1.4,0.75,1.38,Low,Medium,1,6,5,238,0.44,3,0,2.5,Overcast,20:00,1,2,0
M0627,Sheffield Utd,Nottingham Forest,1.69,1.6,1.74,1.06,0.85,1.95,0.6,0.28,6,4,0.98,0.75,1.02,0.75,Low,High,1,7,6,64,0.42,3,4,2.4,Overcast,12:30,1,0,2
M0628,Sheffield Utd,Stoke City,1.82,1.21,1.75,1.14,1.25,1.74,0.51,0.33,5,3,0.96,0.75,0.88,0.84,Low,High,1,4,5,315,0.28,4,4,2.9,Foggy,20:00,3,1,2
M0629,Chelsea,Southampton,2.63,0.92,1.64,0.98,1.06,1.59,0.48,0.26,5,2,1.4,0.75,1.35,0.77,Medium,Medium,1,7,7,210,0.6,3,3,2.7,Overcast,16:30,1,0,2
M0630,Leicester City,Stoke City,1.2,1.27,0.72,1.31,1.9,1.55,0.21,0.45,2,4,0.75,0.89,0.75,0.87,Medium,Medium,1,4,4,522,0.53,3,3,2.7,Overcast,19:45,0,2,0
M0631,Liverpool,Aston Villa,1.73,2.38,1.86,2.16,1.2,1.28,0.59,0.64,6,5,1.22,1.31,1.18,1.29,Medium,High,1,5,3,119,0.29,1,2,2.5,Foggy,14:00,2,3,0
M0632,Liverpool,Leicester City,2.22,2.21,1.86,1.32,0.99,1.43,0.53,0.49,7,5,1.36,0.87,1.26,0.91,Low,Medium,1,3,4,258,0.53,0,1,3.3,Rainy,12:30,2,2,1
M0633,Luton Town,Leicester City,1.28,1.76,1.04,1.35,2.2,1.38,0.32,0.5,4,4,0.75,0.95,0.75,1.0,Low,High,1,6,4,454,0.26,4,2,2.1,Clear,12:30,1,2,0
M0634,Bournemouth,Middlesbrough,1.04,1.64,1.27,0.9,1.63,1.51,0.39,0.28,4,1,0.83,1.0,0.75,0.88,Medium,High,1,6,7,54,0.74,3,1,3.2,Windy,15:00,0,1,0
M0635,Brentford,West Ham,1.44,2.65,1.1,1.56,1.4,1.22,0.39,0.48,4,6,0.75,1.26,0.84,1.19,High,Low,1,6,5,76,0.25,4,4,2.1,Windy,20:00,0,3,0
M0636,Nottingham Forest,Arsenal,1.96,2.19,1.29,1.85,1.34,1.15,0.47,0.62,5,5,1.04,1.12,1.06,1.13,Medium,High,1,7,5,351,0.59,3,1,1.5,Rainy,19:45,2,1,2
M0637,Fulham,Chelsea,1.98,2.89,1.2,1.81,1.3,1.0,0.44,0.55,3,7,1.11,1.16,0.97,1.17,High,High,1,7,7,498,0.73,0,3,1.4,Overcast,15:00,1,1,1
M0638,Bournemouth,Newcastle,1.14,2.02,1.22,1.68,1.44,1.23,0.37,0.51,4,4,0.77,1.22,0.83,1.14,Medium,High,1,7,4,362,0.61,4,1,1.8,Overcast,16:30,1,1,1
M0639,Everton,West Ham,1.98,1.04,1.44,0.86,1.29,1.83,0.44,0.25,5,5,1.03,0.81,0.96,0.75,Low,Medium,1,7,4,282,0.55,1,3,2.9,Foggy,16:30,3,1,2
M0640,Crystal Palace,Brentford,1.39,2.12,1.54,1.48,1.57,1.19,0.49,0.38,4,5,0.89,1.03,0.87,0.94,High,Low,1,6,5,528,0.45,3,2,3.2,Windy,15:00,1,1,1
M0641,Burnley,Leeds United,2.48,1.07,1.31,0.71,1.45,2.2,0.46,0.18,4,3,0.87,0.75,0.84,0.75,High,Low,1,6,6,132,0.4,4,3,2.4,Clear,12:30,2,0,2
M0642,Brighton,Southampton,1.52,2.37,1.69,0.8,1.67,1.75,0.55,0.32,6,1,0.8,0.99,0.89,0.93,Medium,High,1,4,6,69,0.39,1,1,2.2,Foggy,15:00,1,2,0
M0643,Brighton,Aston Villa,1.81,2.32,1.32,2.06,1.76,1.44,0.44,0.55,4,7,0.8,1.32,0.75,1.32,High,High,1,7,6,468,0.31,1,0,2.0,Overcast,12:30,1,2,0
M0644,Sheffield Utd,Leeds United,1.54,1.74,1.09,1.32,2.2,1.46,0.35,0.38,3,5,0.75,0.96,0.75,0.99,Low,Low,1,5,3,381,0.6,0,2,2.2,Clear,16:30,1,2,0
M0645,Aston Villa,Luton Town,1.13,1.72,1.58,1.51,1.73,1.55,0.48,0.46,5,5,0.96,0.83,0.99,0.91,High,Medium,1,5,5,140,0.26,3,1,3.5,Foggy,20:00,0,2,0
M0646,Leeds United,Bournemouth,2.31,1.2,1.43,1.17,1.34,1.69,0.44,0.33,3,3,0.85,0.82,0.82,0.83,Low,Medium,1,3,7,296,0.41,4,0,2.1,Clear,12:30,1,1,1
M0647,Burnley,Brighton,1.57,1.24,1.25,1.48,1.44,1.87,0.37,0.47,4,4,0.89,0.82,0.94,0.91,Low,Medium,1,3,6,128,0.43,1,4,1.4,Windy,14:00,3,1,2
M0648,Crystal Palace,Brighton,1.92,1.27,1.24,1.5,1.8,1.45,0.36,0.44,4,6,0.95,0.95,0.9,1.05,High,Low,1,7,6,216,0.4,0,4,3.3,Rainy,14:00,1,1,1
M0649,Tottenham,Wolverhampton,2.93,1.36,2.42,0.96,0.99,2.07,0.79,0.19,7,2,1.4,0.85,1.38,0.75,Low,High,1,4,4,230,0.65,1,0,1.8,Overcast,16:30,3,0,2
M0650,Everton,Watford,2.43,1.83,1.69,1.27,1.32,1.84,0.5,0.34,5,4,0.98,0.77,1.08,0.75,Medium,High,1,4,5,250,0.67,3,2,3.2,Windy,16:30,1,0,2
M0651,Newcastle,Fulham,2.2,1.7,2.28,1.2,0.77,1.79,0.78,0.41,8,3,1.4,0.93,1.24,0.82,Low,High,1,5,7,98,0.41,3,2,2.5,Windy,20:00,1,0,2
M0652,Stoke City,Crystal Palace,1.4,1.76,1.34,1.21,2.08,1.31,0.46,0.41,4,5,0.79,0.92,0.81,0.95,Medium,Medium,1,7,4,172,0.31,2,0,3.4,Rainy,14:00,1,1,1
M0653,Liverpool,Newcastle,2.74,1.21,2.47,0.97,0.58,1.6,0.81,0.32,9,4,1.4,0.98,1.38,0.84,Medium,Medium,1,5,5,111,0.51,0,1,2.6,Foggy,20:00,2,1,2
M0654,West Ham,Wolverhampton,2.12,1.94,1.13,1.08,1.53,1.54,0.33,0.35,2,4,1.03,0.87,1.13,0.81,Medium,Low,1,4,7,440,0.49,1,2,2.6,Overcast,19:45,1,1,1
M0655,Leeds United,Wolverhampton,2.47,0.93,1.41,1.4,1.67,1.74,0.35,0.46,4,3,0.95,0.87,0.82,0.96,Medium,High,1,5,6,184,0.38,1,4,2.8,Rainy,19:45,1,1,1
M0656,Crystal Palace,Middlesbrough,1.69,1.14,1.49,1.29,1.3,1.76,0.44,0.49,5,3,0.89,0.79,0.82,0.81,Low,High,1,5,6,491,0.63,1,0,2.0,Overcast,19:45,0,0,1
M0657,Newcastle,Crystal Palace,0.93,2.15,1.16,1.59,1.19,0.98,0.34,0.47,4,4,1.0,1.19,0.89,1.12,High,Low,1,5,7,116,0.32,0,2,2.2,Rainy,15:00,0,1,0
M0658,Bournemouth,Burnley,1.22,0.8,1.21,0.89,1.5,1.91,0.28,0.21,4,4,0.84,0.77,0.89,0.75,High,Low,1,6,3,321,0.42,3,4,2.6,Clear,17:30,0,0,1
M0659,Sheffield Utd,Fulham,0.64,2.45,0.86,1.78,2.2,1.32,0.24,0.51,4,6,0.75,1.16,0.75,0.96,High,High,1,3,7,235,0.42,2,2,1.9,Rainy,15:00,1,2,0
M0660,Chelsea,Leeds United,2.03,1.48,1.3,0.94,1.41,1.51,0.39,0.29,5,2,1.02,1.04,1.08,0.96,Medium,Medium,1,4,3,426,0.58,4,2,2.4,Windy,17:30,0,1,0
M0661,Sheffield Utd,Brentford,1.1,1.92,0.95,1.22,1.5,1.41,0.27,0.41,3,3,0.86,0.95,0.75,0.96,Medium,Medium,1,7,3,528,0.53,2,0,1.7,Foggy,16:30,1,1,1
M0662,Brighton,Burnley,1.65,1.72,1.33,1.51,1.59,1.37,0.51,0.52,5,4,0.97,1.06,1.03,1.01,Medium,High,1,4,6,494,0.73,0,3,3.1,Rainy,16:30,1,2,0
M0663,Everton,Wolverhampton,2.29,1.2,1.21,1.04,1.33,1.66,0.35,0.33,4,2,0.9,1.02,0.83,0.85,Medium,High,1,6,5,356,0.73,1,4,3.1,Clear,17:30,2,2,1
M0664,Bournemouth,Fulham,1.25,2.11,1.08,1.2,1.69,1.57,0.32,0.43,3,5,0.9,0.93,0.75,0.98,Low,Medium,1,6,5,300,0.55,1,4,3.2,Overcast,14:00,2,2,1
M0665,Crystal Palace,Liverpool,1.88,2.71,1.58,1.76,1.32,0.88,0.5,0.52,5,5,0.95,1.4,0.94,1.25,High,Low,1,6,4,132,0.61,4,3,1.3,Clear,15:00,0,0,1
M0666,Chelsea,Wolverhampton,2.98,1.39,2.02,1.14,1.13,1.81,0.69,0.37,5,3,1.4,0.81,1.34,0.75,High,Medium,1,7,4,230,0.28,2,2,2.5,Foggy,14:00,2,1,2
M0667,Brentford,Nottingham Forest,1.61,2.18,1.46,1.22,1.7,1.16,0.47,0.37,5,3,0.95,1.0,0.86,1.02,Low,High,1,4,5,449,0.74,3,1,1.9,Overcast,14:00,1,2,0
M0668,Everton,Chelsea,1.72,2.95,1.12,2.16,1.78,0.86,0.37,0.71,5,7,0.75,1.39,0.75,1.38,Medium,Medium,1,5,7,255,0.73,4,0,3.0,Overcast,17:30,0,2,0
M0669,Stoke City,Wolverhampton,1.15,1.51,1.02,1.23,1.54,1.64,0.28,0.33,4,3,0.93,1.07,0.88,0.85,Medium,Low,1,5,6,249,0.34,3,1,2.3,Rainy,15:00,0,0,1
M0670,Wolverhampton,Leicester City,1.41,1.81,1.23,1.2,2.06,1.69,0.39,0.36,4,4,0.75,0.97,0.75,1.0,High,Medium,1,3,7,303,0.7,4,4,2.7,Clear,17:30,0,1,0
M0671,Middlesbrough,West Ham,1.66,1.87,1.01,1.16,1.74,1.82,0.27,0.4,4,4,0.83,0.95,1.0,0.93,High,High,1,6,4,277,0.48,1,1,3.3,Rainy,12:30,2,2,1
M0672,Brighton,Manchester City,1.74,2.82,1.96,1.9,1.33,1.03,0.58,0.52,6,5,1.06,1.38,0.96,1.38,Low,Medium,1,3,7,524,0.61,2,0,3.4,Overcast,15:00,2,2,1
M0673,Aston Villa,Bournemouth,1.54,1.41,1.54,1.2,1.5,1.25,0.46,0.43,6,5,0.88,1.1,0.87,1.18,Low,High,1,6,3,399,0.6,2,2,3.1,Foggy,17:30,1,2,0
M0674,Middlesbrough,Tottenham,1.51,2.02,0.92,1.75,1.54,1.01,0.28,0.6,3,5,0.75,1.36,0.75,1.1,Low,Medium,1,5,7,51,0.32,3,1,2.7,Overcast,16:30,0,2,0
M0675,Leicester City,Bournemouth,1.6,0.98,1.62,1.37,1.46,1.91,0.52,0.4,5,5,0.85,0.89,0.83,0.75,Medium,Low,1,4,7,188,0.41,1,3,3.0,Overcast,19:45,1,1,1
M0676,Luton Town,Tottenham,1.18,2.66,1.13,2.07,2.03,0.83,0.39,0.61,4,6,0.83,1.4,0.75,1.36,High,Medium,1,3,5,436,0.73,2,0,2.7,Windy,17:30,1,3,0
M0677,Arsenal,Everton,2.58,1.74,2.28,1.71,1.07,1.59,0.74,0.59,6,6,1.24,0.93,1.3,0.85,High,High,1,4,4,538,0.45,0,3,2.3,Foggy,16:30,2,2,1
M0678,Leicester City,Watford,1.4,1.11,1.2,1.39,2.07,1.5,0.35,0.33,4,5,0.83,0.84,0.75,0.82,High,Low,1,5,4,234,0.6,4,3,2.0,Clear,19:45,1,1,1
M0679,Fulham,Everton,1.0,1.99,1.26,1.84,2.19,1.24,0.4,0.62,4,6,0.75,1.07,0.75,1.11,High,High,1,7,3,113,0.39,3,3,2.6,Windy,16:30,1,2,0
M0680,Burnley,Sheffield Utd,1.34,1.8,1.0,1.57,1.78,1.67,0.31,0.45,4,5,0.76,0.99,0.75,0.81,Medium,Medium,1,6,3,468,0.42,2,3,2.0,Overcast,15:00,1,2,0
M0681,Middlesbrough,Southampton,1.72,1.15,1.27,1.13,1.66,1.72,0.37,0.25,4,2,0.75,0.83,0.75,0.94,Low,Medium,1,6,3,83,0.57,1,3,3.0,Overcast,12:30,0,2,0
M0682,Watford,Tottenham,0.76,2.61,0.92,2.36,1.78,0.95,0.3,0.64,4,7,0.75,1.4,0.75,1.35,Medium,Medium,1,4,3,43,0.59,0,4,2.7,Overcast,12:30,1,2,0
M0683,Arsenal,Watford,2.13,1.72,1.76,1.34,1.27,1.66,0.51,0.33,5,5,1.16,0.95,1.11,0.75,Low,Medium,1,6,4,128,0.44,2,1,2.1,Rainy,16:30,2,2,1
M0684,West Ham,Southampton,2.02,1.99,1.42,1.09,1.42,1.87,0.4,0.39,4,3,0.94,0.83,1.02,0.84,High,Medium,1,3,4,40,0.36,2,3,1.4,Overcast,16:30,1,1,1
M0685,Manchester City,Leicester City,2.59,1.69,2.23,0.94,0.93,1.44,0.74,0.33,7,3,1.39,0.99,1.38,0.91,High,High,1,7,6,489,0.6,1,0,3.3,Overcast,14:00,3,3,1
M0686,Brentford,Brighton,1.9,1.26,1.64,1.16,1.11,1.28,0.57,0.33,5,3,1.14,1.02,1.31,0.92,Medium,Medium,1,3,7,97,0.46,2,3,1.7,Windy,15:00,2,1,2
M0687,Arsenal,Liverpool,2.04,2.85,1.43,2.14,1.47,1.0,0.54,0.73,4,6,1.06,1.4,0.91,1.35,Low,High,1,7,4,143,0.6,2,2,2.3,Clear,20:00,0,3,0
M0688,Nottingham Forest,Bournemouth,1.41,2.27,1.3,1.81,2.2,1.16,0.35,0.53,4,6,0.75,1.08,0.75,1.12,Medium,High,1,6,4,283,0.41,4,1,3.3,Foggy,15:00,1,2,0
M0689,Bournemouth,Aston Villa,1.39,2.46,1.27,1.98,1.69,0.94,0.46,0.63,3,7,0.75,1.37,0.75,1.25,Low,Low,1,6,5,288,0.57,0,1,1.4,Windy,12:30,1,3,0
M0690,Southampton,Arsenal,1.46,1.82,1.65,1.28,1.42,1.41,0.5,0.36,5,4,0.94,1.11,0.75,1.01,Low,Medium,1,5,3,364,0.71,1,1,1.9,Clear,12:30,2,1,2
M0691,Arsenal,Bournemouth,1.83,1.64,1.69,1.48,1.16,1.14,0.5,0.38,5,4,1.21,1.16,1.07,0.91,Medium,Medium,1,5,5,544,0.66,0,3,2.7,Windy,17:30,1,2,0
M0692,Newcastle,Liverpool,2.31,2.31,1.59,1.63,1.16,0.67,0.41,0.48,5,5,1.22,1.12,1.12,1.21,Low,Medium,1,3,4,184,0.43,4,4,2.6,Rainy,15:00,2,2,1
M0693,Manchester City,Leeds United,2.06,1.83,1.84,1.56,1.16,1.25,0.66,0.39,5,5,1.02,0.98,0.75,0.98,Low,Medium,1,6,3,224,0.71,0,3,2.8,Rainy,15:00,1,2,0
M0694,Stoke City,Southampton,1.41,0.95,1.01,0.97,2.0,1.85,0.4,0.3,3,3,0.83,0.76,0.77,0.75,Low,Low,1,7,3,199,0.34,0,2,3.0,Rainy,14:00,1,1,1
M0695,Brighton,Stoke City,1.31,0.74,1.81,0.65,0.87,2.2,0.51,0.18,5,2,1.2,0.75,1.11,0.75,Low,Low,1,7,6,561,0.5,4,3,2.0,Clear,16:30,3,0,2
M0696,Nottingham Forest,Brighton,2.08,1.21,1.19,1.64,1.22,1.31,0.3,0.54,2,5,1.03,0.88,0.94,0.97,High,Medium,1,4,3,406,0.49,4,1,2.3,Overcast,17:30,2,1,2
M0697,Leeds United,Watford,2.17,0.9,1.63,1.12,1.67,2.15,0.48,0.34,5,4,1.09,0.75,0.87,0.75,Medium,Low,1,6,6,537,0.5,4,3,1.8,Foggy,15:00,2,1,2
M0698,Bournemouth,Sheffield Utd,1.23,1.06,1.18,0.71,1.69,2.2,0.37,0.26,3,3,0.81,0.82,0.8,0.75,Medium,Medium,1,6,7,541,0.41,1,2,2.3,Windy,19:45,0,0,1
M0699,West Ham,Chelsea,2.03,2.18,1.25,1.43,1.46,0.91,0.45,0.47,4,5,0.97,1.23,0.85,1.31,Medium,Medium,1,5,7,160,0.35,3,1,2.6,Rainy,17:30,1,2,0
M0700,Stoke City,Nottingham Forest,1.08,2.02,0.99,1.32,1.63,1.81,0.3,0.41,5,3,0.87,0.93,0.75,0.87,Medium,Medium,1,4,5,365,0.45,1,0,1.4,Foggy,19:45,1,1,1
M0701,Everton,Aston Villa,1.61,1.74,1.08,1.71,1.82,1.29,0.22,0.45,4,6,0.92,1.22,0.83,1.32,Medium,Low,1,6,4,370,0.34,2,3,1.4,Clear,19:45,0,1,0
M0702,Wolverhampton,Southampton,1.83,1.06,1.86,0.72,1.53,1.93,0.59,0.21,7,2,1.07,0.84,0.99,0.77,Medium,Medium,1,6,6,199,0.62,0,0,2.3,Rainy,15:00,3,0,2
M0703,Crystal Palace,Brentford,2.22,1.34,1.95,1.12,1.11,1.2,0.66,0.28,6,3,0.97,0.91,0.97,0.86,Medium,Low,1,6,6,34,0.28,4,4,3.2,Overcast,16:30,2,1,2
M0704,Sheffield Utd,Everton,1.44,2.25,0.63,1.48,1.92,1.47,0.18,0.46,2,5,0.75,0.99,0.75,0.83,High,Medium,1,4,5,391,0.45,1,2,3.3,Windy,19:45,0,0,1
M0705,Watford,Everton,1.36,1.45,1.16,1.04,1.36,1.86,0.37,0.27,4,4,1.01,0.82,0.84,0.75,High,Low,1,7,3,590,0.58,2,1,2.2,Windy,14:00,1,0,2
M0706,Middlesbrough,Tottenham,1.4,1.98,1.57,1.59,1.43,0.84,0.56,0.55,5,4,0.93,1.33,1.0,0.98,Medium,Low,1,5,4,304,0.32,1,4,2.7,Foggy,17:30,2,2,1
M0707,Brentford,Arsenal,2.19,2.2,1.64,1.97,1.37,1.46,0.48,0.63,4,6,1.06,1.4,0.96,1.15,Low,High,1,5,6,40,0.46,3,3,1.8,Overcast,14:00,2,2,1
M0708,Leicester City,Liverpool,2.07,2.71,1.59,1.82,1.26,1.16,0.55,0.54,5,6,1.2,1.15,0.98,1.05,Medium,Medium,1,3,3,53,0.43,0,2,2.8,Clear,14:00,2,1,2
M0709,Fulham,Wolverhampton,2.25,0.96,1.64,1.05,1.28,1.95,0.58,0.27,5,3,1.05,0.75,1.05,0.75,Medium,Medium,1,3,5,558,0.71,3,4,3.4,Clear,12:30,2,0,2
M0710,Brighton,Everton,2.41,1.09,1.99,0.73,1.07,1.99,0.63,0.18,5,3,1.23,0.75,1.38,0.78,Medium,Low,1,7,4,48,0.6,2,3,2.1,Overcast,17:30,2,0,2
M0711,Chelsea,Tottenham,2.75,1.68,1.73,1.35,1.46,1.12,0.53,0.41,6,4,1.19,1.11,1.12,1.19,Medium,Medium,1,5,3,521,0.28,1,1,1.3,Windy,12:30,1,1,1
M0712,West Ham,Luton Town,1.97,2.07,1.41,1.12,1.36,1.91,0.46,0.39,6,4,1.14,0.75,0.88,0.86,High,Low,1,4,5,320,0.41,0,1,3.2,Foggy,19:45,2,2,1
M0713,Fulham,West Ham,1.28,1.63,1.52,1.44,1.5,1.17,0.45,0.43,4,2,0.82,1.09,0.99,1.11,High,Medium,1,5,3,335,0.74,4,3,1.3,Windy,20:00,1,1,1
M0714,Leeds United,Sheffield Utd,1.16,1.31,0.9,1.01,1.92,1.73,0.2,0.35,3,3,0.84,0.75,0.75,0.75,High,High,1,6,3,65,0.7,4,3,3.4,Rainy,20:00,1,1,1
M0715,Everton,Wolverhampton,1.55,1.95,1.48,0.62,1.22,2.06,0.34,0.19,5,2,1.05,0.75,0.96,0.75,Low,High,1,6,5,35,0.25,3,4,2.2,Foggy,14:00,2,0,2
M0716,Crystal Palace,Burnley,1.11,2.61,1.42,1.38,1.73,1.35,0.38,0.35,5,3,0.94,1.1,0.87,0.97,Low,Medium,1,6,4,131,0.61,1,4,1.5,Foggy,14:00,0,2,0
M0717,Brentford,Nottingham Forest,1.84,0.73,1.71,0.96,1.31,1.66,0.6,0.24,6,3,1.01,0.9,0.93,0.77,High,High,1,5,4,74,0.45,2,2,3.4,Foggy,17:30,2,2,1
M0718,Middlesbrough,Everton,2.22,1.93,1.33,1.46,1.36,2.04,0.44,0.52,5,5,1.05,0.75,0.86,0.79,High,High,1,7,6,484,0.66,2,2,2.6,Overcast,16:30,3,2,2
M0719,Middlesbrough,Arsenal,1.3,1.89,1.51,1.27,1.41,1.49,0.41,0.53,4,3,1.18,1.01,1.05,0.84,Medium,Medium,1,5,3,118,0.52,2,4,1.7,Windy,14:00,2,1,2
M0720,Brentford,Watford,1.63,1.15,1.43,1.21,1.54,1.8,0.48,0.39,4,3,0.96,0.81,0.88,0.75,Low,Medium,1,3,3,512,0.68,3,1,3.1,Windy,19:45,0,0,1
M0721,Nottingham Forest,Brentford,1.8,2.31,1.06,1.62,1.73,1.54,0.27,0.47,3,5,0.75,1.25,0.75,1.19,Low,High,1,4,3,99,0.59,1,3,1.5,Foggy,15:00,0,1,0
M0722,Burnley,Liverpool,1.5,2.58,1.39,1.94,1.76,0.99,0.29,0.5,6,5,0.96,1.22,0.78,1.25,High,Medium,1,5,4,404,0.32,3,1,3.0,Clear,16:30,3,3,1
M0723,Luton Town,Nottingham Forest,1.37,1.0,0.95,1.35,1.9,1.87,0.28,0.43,4,3,0.9,0.86,0.76,0.87,High,Low,1,3,7,358,0.3,0,2,3.1,Overcast,15:00,1,1,1
M0724,Fulham,Southampton,1.48,1.64,1.06,1.24,1.21,1.47,0.31,0.32,3,3,0.9,0.88,0.79,0.75,Low,High,1,7,5,351,0.65,0,0,1.5,Overcast,20:00,1,1,1
M0725,Leicester City,West Ham,2.04,2.38,1.08,1.5,1.68,1.34,0.38,0.5,2,5,0.86,1.26,0.75,1.23,Low,Low,1,5,7,233,0.33,1,4,3.4,Foggy,12:30,0,1,0
M0726,Leeds United,Aston Villa,1.93,1.44,1.64,1.5,1.6,1.51,0.49,0.48,6,5,0.92,0.78,0.92,0.84,Low,High,1,7,5,377,0.36,0,0,2.8,Overcast,20:00,3,1,2
M0727,Fulham,Newcastle,2.17,1.94,1.6,1.37,1.54,1.49,0.44,0.46,5,4,0.87,1.07,0.9,1.07,Low,Medium,1,7,6,408,0.43,3,4,1.8,Windy,14:00,1,1,1
M0728,West Ham,Aston Villa,1.6,2.49,1.16,1.53,1.93,0.91,0.43,0.48,3,5,0.82,1.26,0.9,1.26,High,High,1,5,4,478,0.67,2,4,3.5,Foggy,12:30,1,2,0
M0729,Sheffield Utd,Brighton,1.5,1.48,1.54,0.79,1.85,1.3,0.5,0.27,5,2,0.75,1.01,0.75,1.02,High,Low,1,5,6,43,0.69,0,4,1.8,Foggy,14:00,1,0,2
M0730,Tottenham,Leicester City,1.67,2.06,1.37,0.8,1.4,1.67,0.5,0.25,4,2,0.98,1.04,0.82,1.0,Low,Medium,1,5,3,332,0.43,1,1,3.4,Windy,15:00,0,1,0
M0731,Arsenal,Southampton,2.71,1.68,1.78,0.77,0.86,1.8,0.49,0.24,6,2,1.19,0.84,1.28,0.75,High,Medium,1,4,6,69,0.65,4,2,2.8,Clear,17:30,1,1,1
M0732,Stoke City,Watford,2.16,1.3,0.85,1.15,1.32,2.07,0.24,0.43,2,4,0.84,0.75,0.91,0.78,Medium,Low,1,4,4,227,0.47,1,0,3.3,Rainy,16:30,2,1,2
M0733,Leeds United,Manchester City,1.64,2.68,1.83,1.48,1.37,1.6,0.63,0.5,6,4,1.12,1.15,1.02,1.03,Medium,Medium,1,5,4,105,0.56,3,4,2.9,Clear,15:00,2,0,2
M0734,Leeds United,Tottenham,1.37,2.87,0.82,1.84,2.19,1.34,0.28,0.52,2,6,0.79,1.4,0.75,1.23,Medium,High,1,3,5,519,0.57,1,3,1.9,Windy,12:30,1,2,0
M0735,Wolverhampton,Crystal Palace,2.06,1.08,1.28,1.27,0.97,1.94,0.35,0.53,4,5,1.12,0.75,1.04,0.75,Low,Low,1,7,5,379,0.33,3,2,2.8,Foggy,20:00,3,1,2
M0736,Crystal Palace,Tottenham,1.87,1.95,1.59,1.62,1.29,1.2,0.48,0.51,5,6,1.21,1.18,1.18,1.11,Medium,Medium,1,6,4,268,0.3,0,1,1.7,Rainy,17:30,1,0,2
M0737,Aston Villa,Burnley,2.08,0.76,2.28,1.1,1.27,1.78,0.73,0.36,7,3,1.32,0.79,1.37,0.81,High,Medium,1,4,6,153,0.65,1,0,2.3,Foggy,16:30,2,1,2
M0738,Leeds United,Middlesbrough,2.05,0.88,1.77,0.73,1.53,1.8,0.61,0.2,6,1,1.12,0.92,1.07,0.75,High,High,1,6,6,403,0.51,0,4,3.3,Rainy,15:00,3,2,2
M0739,Fulham,Middlesbrough,2.47,2.0,2.06,1.0,1.26,1.96,0.63,0.28,6,3,1.34,0.78,1.07,0.75,Medium,Low,1,6,5,46,0.3,3,4,1.4,Overcast,20:00,2,1,2
M0740,Leicester City,Liverpool,2.2,1.71,1.63,1.43,1.15,1.2,0.48,0.4,6,3,1.0,1.16,0.99,0.96,Low,Medium,1,7,7,169,0.58,2,3,2.8,Clear,15:00,2,1,2
M0741,Crystal Palace,Middlesbrough,2.52,0.88,1.87,1.03,1.48,1.51,0.54,0.27,6,2,0.92,0.85,0.97,0.76,High,High,1,5,4,409,0.45,4,2,1.9,Windy,12:30,2,0,2
M0742,Nottingham Forest,Southampton,1.75,1.08,1.55,1.23,1.54,1.69,0.51,0.46,5,3,1.1,0.81,0.94,0.75,Low,Medium,1,4,6,300,0.32,3,3,3.3,Rainy,12:30,1,0,2
M0743,Southampton,Crystal Palace,1.72,1.8,1.38,0.89,1.58,1.9,0.47,0.26,4,4,0.92,0.92,0.85,0.79,Medium,Low,1,7,3,456,0.46,0,2,2.3,Rainy,15:00,1,0,2
M0744,Manchester City,Nottingham Forest,3.0,1.07,2.21,0.83,0.84,2.06,0.68,0.23,6,2,1.4,0.75,1.38,0.75,High,High,1,5,3,567,0.69,1,0,2.1,Overcast,15:00,2,0,2
M0745,Brentford,Burnley,1.78,0.66,2.02,0.87,1.16,2.2,0.59,0.22,5,3,1.09,0.75,1.22,0.75,Medium,Medium,1,7,4,48,0.31,1,2,2.7,Clear,20:00,3,1,2
M0746,Tottenham,Liverpool,2.09,2.68,1.56,2.2,1.6,1.03,0.43,0.64,5,6,1.06,1.4,0.92,1.38,Medium,Medium,1,5,3,275,0.5,0,1,2.3,Foggy,12:30,0,2,0
M0747,Watford,Manchester City,1.02,3.0,0.99,2.17,1.69,0.58,0.31,0.65,4,7,0.75,1.4,0.81,1.38,Medium,Medium,1,5,7,117,0.3,1,2,1.6,Foggy,12:30,0,2,0
M0748,Leicester City,Fulham,1.33,2.1,1.36,1.55,1.84,1.08,0.39,0.52,4,5,0.75,1.22,0.76,1.13,Medium,Medium,1,3,7,278,0.61,3,1,2.3,Rainy,14:00,2,3,0
M0749,Liverpool,Chelsea,2.63,2.18,1.83,1.8,1.01,1.17,0.63,0.63,6,5,1.23,1.27,1.26,1.23,High,High,1,4,3,451,0.54,0,3,2.3,Rainy,20:00,2,2,1
M0750,Southampton,Fulham,1.57,1.62,1.14,1.38,1.51,1.55,0.4,0.31,3,5,0.88,1.0,0.75,1.02,Medium,Medium,1,4,5,527,0.43,3,2,2.9,Overcast,16:30,1,1,1
M0751,Arsenal,Crystal Palace,3.0,2.04,1.71,1.43,1.06,1.31,0.61,0.44,4,5,1.37,1.02,1.24,0.8,High,High,1,3,5,47,0.66,2,3,2.2,Overcast,17:30,2,2,1
M0752,Arsenal,Wolverhampton,2.17,1.88,1.83,1.53,0.92,1.23,0.54,0.46,5,5,1.27,1.0,1.15,0.88,Medium,Low,1,6,5,184,0.58,4,3,1.8,Clear,15:00,1,1,1
M0753,Bournemouth,Wolverhampton,2.03,1.95,1.21,0.99,1.36,1.51,0.38,0.33,2,4,1.04,0.79,1.1,0.81,Medium,High,1,4,4,113,0.51,2,3,3.3,Rainy,19:45,1,0,2
M0754,Nottingham Forest,Bournemouth,1.37,2.56,1.19,1.77,2.2,1.58,0.36,0.62,4,6,0.75,1.11,0.75,1.12,Medium,High,1,3,3,31,0.36,0,1,2.6,Foggy,20:00,1,2,0
M0755,Crystal Palace,Wolverhampton,1.61,2.04,0.92,1.02,1.91,1.1,0.3,0.4,3,4,0.82,1.12,0.75,1.13,High,High,1,4,6,457,0.35,3,4,1.3,Overcast,19:45,1,2,0
M0756,Middlesbrough,Liverpool,1.75,1.54,1.5,1.53,0.87,1.05,0.46,0.44,5,4,1.12,1.03,0.98,1.05,Medium,Medium,1,6,3,251,0.44,4,1,1.2,Rainy,19:45,2,1,2
M0757,Middlesbrough,Sheffield Utd,1.18,1.01,1.1,0.98,1.6,1.61,0.28,0.28,2,2,0.8,0.75,0.75,0.8,High,Medium,1,5,7,423,0.57,4,1,1.5,Foggy,12:30,2,2,1
M0758,Leicester City,Bournemouth,1.66,1.38,1.52,1.14,1.67,1.4,0.5,0.39,4,4,0.82,0.94,0.79,0.92,Medium,Medium,1,6,5,173,0.74,2,0,3.1,Overcast,15:00,1,1,1
M0759,Middlesbrough,Everton,1.25,2.52,1.07,1.53,2.12,1.6,0.4,0.47,4,3,0.75,1.12,0.75,1.21,High,Medium,1,6,3,366,0.53,3,2,1.4,Clear,20:00,1,2,0
M0760,Brentford,Arsenal,1.83,1.74,1.6,1.67,1.61,1.21,0.49,0.59,5,5,1.1,1.22,1.06,1.04,Medium,Medium,1,5,3,150,0.58,4,3,2.7,Rainy,17:30,2,1,2
M0761,Brentford,Luton Town,1.38,2.26,0.87,1.38,1.7,1.7,0.29,0.46,2,4,0.92,1.08,0.8,1.0,Low,Medium,1,3,3,313,0.5,0,4,2.9,Foggy,17:30,0,1,0
M0762,Manchester City,Brighton,1.95,2.85,1.67,1.78,1.13,1.53,0.46,0.53,5,5,1.11,1.4,1.18,1.29,High,Medium,1,4,5,430,0.61,1,0,2.0,Foggy,12:30,0,2,0
M0763,Brentford,Fulham,2.12,1.12,1.48,0.97,1.06,1.78,0.45,0.26,4,3,1.12,0.78,1.2,0.75,Low,Low,1,3,4,419,0.59,4,0,3.3,Clear,19:45,1,0,2
M0764,Stoke City,Brentford,1.94,1.93,1.14,1.47,1.66,1.59,0.36,0.46,4,3,0.98,1.03,0.88,0.9,Medium,Medium,1,4,4,464,0.52,0,0,1.4,Overcast,14:00,2,1,2
M0765,Fulham,Brighton,1.86,1.21,1.43,1.33,1.3,0.96,0.52,0.51,5,4,1.02,1.11,0.87,0.87,High,Medium,1,3,7,222,0.34,0,2,3.0,Windy,19:45,1,1,1
M0766,Watford,Nottingham Forest,1.09,2.47,0.58,1.18,2.2,1.44,0.18,0.39,2,4,0.75,1.08,0.75,0.91,Low,Medium,1,6,5,442,0.72,4,4,2.3,Clear,19:45,0,2,0
M0767,Brentford,Middlesbrough,1.87,1.82,2.05,1.03,1.31,1.56,0.58,0.36,6,3,0.96,0.82,0.81,0.9,Medium,High,1,3,6,409,0.71,2,2,2.8,Clear,20:00,1,1,1
M0768,Tottenham,Arsenal,1.45,1.91,2.02,1.45,0.84,1.39,0.57,0.39,6,4,1.26,1.21,1.26,1.02,High,Medium,1,5,7,97,0.46,3,3,1.8,Overcast,15:00,3,2,2
M0769,Brighton,Aston Villa,1.67,1.64,1.11,1.61,1.52,1.38,0.37,0.47,5,5,1.08,1.13,0.99,0.97,Low,Low,1,6,6,221,0.38,3,3,3.3,Foggy,20:00,2,2,1
M0770,Luton Town,Liverpool,1.41,2.73,1.1,2.11,2.09,1.13,0.32,0.61,2,7,0.9,1.39,0.78,1.37,Medium,Medium,1,5,4,88,0.34,2,1,1.3,Overcast,15:00,1,1,1
M0771,Middlesbrough,Liverpool,1.44,2.66,1.22,2.06,1.62,1.33,0.37,0.63,6,7,0.78,1.24,0.92,1.18,Medium,Medium,1,6,3,86,0.31,3,4,1.7,Clear,20:00,1,1,1
M0772,Liverpool,Brighton,1.62,2.53,1.81,1.71,0.82,0.86,0.59,0.54,5,5,1.2,1.32,1.11,1.23,High,High,1,5,3,497,0.56,4,0,3.1,Clear,12:30,0,2,0
M0773,Everton,Arsenal,2.05,2.22,1.73,1.72,1.42,1.22,0.57,0.47,6,6,0.86,1.2,0.93,1.09,Medium,Medium,1,3,6,430,0.35,0,0,2.1,Overcast,19:45,1,1,1
M0774,Nottingham Forest,Southampton,2.11,0.95,1.94,0.78,1.19,2.12,0.56,0.24,7,2,1.03,0.77,1.15,0.75,Medium,Low,1,5,3,97,0.47,1,4,1.9,Overcast,14:00,2,0,2
M0775,Leeds United,Middlesbrough,1.02,1.3,1.44,0.96,2.02,1.3,0.48,0.31,4,3,0.79,0.87,0.8,0.88,Low,Low,1,4,6,303,0.66,1,2,2.8,Overcast,17:30,1,2,0
M0776,Bournemouth,Southampton,1.54,1.46,1.5,1.03,1.72,1.44,0.45,0.37,4,3,0.91,0.77,0.75,0.83,High,High,1,3,5,546,0.43,0,2,3.4,Clear,12:30,1,1,1
M0777,Bournemouth,Southampton,1.26,1.29,1.42,1.05,1.75,1.5,0.42,0.4,5,3,0.84,0.92,0.8,0.76,High,High,1,6,7,262,0.74,1,2,1.7,Windy,17:30,1,1,1
M0778,Wolverhampton,Manchester City,1.35,2.74,1.54,1.7,1.22,1.09,0.54,0.52,4,6,1.07,1.03,0.9,0.95,High,Low,1,3,5,563,0.55,1,1,2.1,Foggy,17:30,3,2,2
M0779,Southampton,Brentford,1.42,1.26,1.28,0.76,1.6,1.46,0.34,0.18,4,2,1.02,0.78,1.0,0.81,Low,Low,1,3,5,187,0.5,2,1,2.2,Overcast,19:45,2,0,2
M0780,Aston Villa,Tottenham,2.32,2.17,1.8,1.5,1.6,0.91,0.55,0.48,5,5,1.13,1.17,1.04,1.2,Medium,High,1,6,3,428,0.72,4,2,1.2,Clear,12:30,2,2,1
M0781,Burnley,Leicester City,1.05,1.73,1.1,1.84,1.91,0.85,0.31,0.58,3,6,0.75,1.05,0.75,1.06,Low,Medium,1,3,3,83,0.71,1,1,3.0,Windy,19:45,2,3,0
M0782,Stoke City,Everton,1.84,1.34,1.89,0.76,1.5,1.59,0.57,0.21,6,4,1.11,0.83,0.93,0.77,High,Medium,1,6,5,441,0.34,3,4,2.5,Windy,15:00,2,1,2
M0783,Nottingham Forest,West Ham,1.12,2.32,1.3,1.62,1.89,1.32,0.5,0.49,5,6,0.75,1.27,0.75,1.24,Medium,Medium,1,4,6,529,0.31,3,3,1.3,Rainy,20:00,1,3,0
M0784,West Ham,Sheffield Utd,1.3,1.36,1.34,0.53,1.29,2.13,0.42,0.18,3,2,1.24,0.77,1.08,0.75,Medium,Low,1,7,6,187,0.35,0,0,3.1,Clear,19:45,2,0,2
M0785,Arsenal,Leeds United,2.51,1.98,1.96,1.32,1.39,1.28,0.6,0.42,6,4,1.21,0.8,1.2,0.89,Medium,Low,1,6,4,333,0.58,1,0,2.2,Clear,16:30,2,2,1
M0786,Leeds United,Everton,1.61,2.78,1.15,1.72,1.67,1.17,0.42,0.57,4,4,0.95,1.18,0.79,1.2,Low,Low,1,5,5,493,0.39,2,2,1.7,Foggy,16:30,1,2,0
M0787,Watford,Bournemouth,0.41,2.25,1.08,1.63,1.96,1.39,0.34,0.53,4,5,0.75,1.1,0.75,0.91,Medium,High,1,5,6,148,0.44,3,4,2.9,Windy,15:00,0,1,0
M0788,Fulham,Luton Town,2.32,0.83,1.79,0.93,0.9,2.08,0.6,0.29,5,3,1.19,0.75,1.03,0.75,High,Medium,1,5,4,257,0.67,2,4,3.3,Overcast,19:45,3,1,2
M0789,Middlesbrough,Newcastle,1.59,2.47,0.95,1.91,2.18,0.94,0.33,0.71,2,5,0.75,1.4,0.75,1.38,Medium,Low,1,6,6,535,0.38,1,2,2.9,Clear,16:30,1,2,0
M0790,Newcastle,Brentford,1.45,1.65,1.62,1.26,1.24,1.2,0.45,0.48,5,4,0.94,0.9,0.9,0.87,Medium,Medium,1,5,5,549,0.61,1,1,2.3,Overcast,17:30,0,0,1
M0791,Southampton,Middlesbrough,1.42,1.31,1.11,1.41,1.88,1.64,0.34,0.44,5,4,0.86,0.84,0.75,0.81,Medium,High,1,7,4,435,0.32,2,1,3.4,Rainy,12:30,1,1,1
M0792,Sheffield Utd,Brighton,1.48,2.22,0.65,1.7,2.01,1.37,0.18,0.55,2,5,0.75,1.3,0.75,1.36,Low,Medium,1,6,6,217,0.6,0,3,2.8,Clear,15:00,0,2,0
M0793,Fulham,Luton Town,1.69,1.21,1.33,1.08,1.19,1.9,0.45,0.26,5,3,1.06,0.75,1.05,0.75,Medium,Medium,1,7,4,291,0.41,2,0,1.6,Overcast,14:00,2,1,2
M0794,Brentford,Nottingham Forest,3.0,1.56,2.0,0.97,1.08,1.73,0.64,0.28,5,2,1.35,0.83,1.22,0.77,Medium,Low,1,3,3,140,0.7,2,3,1.5,Rainy,14:00,3,0,2
M0795,West Ham,Nottingham Forest,1.89,1.09,1.7,1.27,1.25,1.87,0.6,0.36,4,5,1.16,0.84,0.99,0.83,Low,High,1,4,7,210,0.44,4,1,2.5,Rainy,12:30,2,1,2
M0796,Everton,Brentford,2.14,1.48,1.49,1.19,1.43,1.54,0.43,0.26,5,4,1.12,0.84,0.93,0.95,High,High,1,4,7,390,0.68,2,0,2.4,Windy,12:30,1,0,2
M0797,Newcastle,West Ham,1.94,1.85,2.24,1.23,1.08,1.31,0.7,0.44,7,4,1.39,0.83,1.16,0.83,Medium,High,1,7,4,342,0.31,1,2,1.2,Windy,20:00,3,2,2
M0798,Wolverhampton,Manchester City,1.82,2.38,1.65,1.66,1.64,1.2,0.47,0.52,5,5,0.87,1.25,0.9,1.21,High,Medium,1,7,3,47,0.49,1,1,2.9,Foggy,15:00,2,2,1
M0799,Burnley,Arsenal,1.67,1.92,1.09,1.79,1.87,0.62,0.42,0.51,4,5,0.86,1.4,0.82,1.33,High,Low,1,3,3,88,0.74,3,3,2.2,Rainy,16:30,1,1,1
M0800,Leicester City,Burnley,2.36,1.46,1.61,0.49,1.43,2.06,0.46,0.18,4,1,0.89,0.84,1.03,0.79,Medium,Low,1,6,4,180,0.26,0,1,2.0,Rainy,17:30,2,1,2
M0801,Bournemouth,Middlesbrough,1.8,2.12,1.2,1.19,1.55,1.82,0.32,0.4,3,4,1.02,0.83,0.87,0.8,Medium,Low,1,6,6,33,0.5,3,3,3.4,Windy,15:00,1,1,1
M0802,Arsenal,Aston Villa,1.72,2.47,1.59,2.16,1.22,1.32,0.53,0.61,5,7,0.99,1.08,1.03,1.1,Medium,Medium,1,4,7,242,0.39,0,3,1.5,Overcast,15:00,1,2,0
M0803,Bournemouth,Crystal Palace,1.45,1.27,1.66,1.39,1.48,1.69,0.44,0.4,5,4,1.08,0.83,0.92,0.92,High,High,1,4,4,209,0.4,3,2,1.4,Rainy,20:00,1,0,2
M0804,Arsenal,Liverpool,2.84,3.0,2.17,2.08,1.23,0.95,0.66,0.67,6,6,1.26,1.34,1.19,1.28,Medium,High,1,5,5,420,0.61,2,1,3.3,Windy,17:30,2,2,1
M0805,Watford,Chelsea,1.27,1.81,1.58,1.89,1.74,1.16,0.44,0.52,4,6,0.8,1.22,0.81,1.11,Medium,Medium,1,7,5,355,0.33,2,2,2.9,Overcast,17:30,1,1,1
M0806,Newcastle,Wolverhampton,2.52,1.73,1.83,1.13,1.28,1.57,0.55,0.3,6,4,1.4,0.75,1.38,0.75,Medium,Medium,1,5,3,590,0.69,4,0,1.6,Foggy,20:00,2,0,2
M0807,Liverpool,Arsenal,2.42,1.56,2.57,1.38,0.8,1.36,0.83,0.43,9,5,1.4,1.08,1.38,1.14,Medium,Medium,1,3,6,342,0.55,1,3,3.3,Foggy,12:30,4,2,2
M0808,Leeds United,Watford,1.45,1.6,1.43,1.12,2.07,1.83,0.49,0.37,4,4,0.84,0.8,0.76,0.86,High,Medium,1,7,3,495,0.42,1,3,1.7,Rainy,14:00,1,1,1
M0809,Sheffield Utd,Leeds United,0.84,1.91,1.28,1.42,2.2,1.36,0.38,0.58,5,5,0.75,0.93,0.75,0.97,High,High,1,4,7,569,0.38,2,2,3.0,Clear,16:30,1,2,0
M0810,Luton Town,Brentford,2.0,1.24,1.08,0.71,1.63,1.56,0.32,0.26,5,4,1.0,0.75,0.87,0.75,Medium,Low,1,5,6,533,0.54,4,0,2.7,Clear,15:00,1,0,2
M0811,Middlesbrough,Luton Town,1.79,1.67,1.04,1.42,1.6,1.75,0.38,0.48,5,5,0.84,0.75,0.85,0.77,Medium,Medium,1,5,7,311,0.55,1,1,2.4,Clear,15:00,1,1,1
M0812,Liverpool,Burnley,2.27,1.62,1.88,1.03,1.31,1.75,0.55,0.36,6,5,1.33,0.75,1.15,0.75,Medium,Low,1,4,4,380,0.33,4,1,2.3,Rainy,12:30,1,1,1
M0813,Brighton,Crystal Palace,2.29,1.13,2.04,0.96,1.23,1.5,0.61,0.3,8,3,1.4,0.89,1.09,0.86,High,Medium,1,7,5,375,0.47,0,1,1.3,Rainy,14:00,4,1,2
M0814,Wolverhampton,Southampton,1.09,2.16,1.45,1.18,1.54,1.32,0.44,0.47,4,3,0.79,0.83,0.82,1.01,High,Low,1,5,6,192,0.54,0,1,2.1,Windy,20:00,0,3,0
M0815,Burnley,Fulham,1.51,1.66,1.07,1.25,1.5,1.45,0.37,0.39,3,3,0.95,1.05,0.82,0.96,Medium,High,1,6,3,409,0.26,4,3,2.5,Overcast,14:00,1,1,1
M0816,Aston Villa,Manchester City,2.39,2.19,1.9,1.46,0.91,0.97,0.7,0.41,5,5,1.24,0.98,1.21,1.15,Medium,High,1,4,4,239,0.39,4,3,1.8,Overcast,19:45,2,1,2
M0817,Liverpool,Manchester City,2.82,2.61,1.94,1.94,1.01,1.04,0.54,0.6,6,6,1.33,1.27,1.23,1.13,High,High,1,4,7,360,0.27,3,2,2.4,Clear,17:30,2,2,1
M0818,Stoke City,Middlesbrough,2.48,1.37,1.36,1.52,1.46,1.75,0.32,0.44,5,4,0.9,0.75,0.91,0.75,High,High,1,5,6,50,0.68,2,1,2.3,Windy,19:45,1,0,2
M0819,West Ham,Luton Town,1.5,1.72,1.53,1.28,1.9,1.71,0.35,0.36,5,4,0.78,0.75,0.75,0.79,High,Medium,1,4,5,228,0.52,1,3,3.0,Clear,16:30,0,1,0
M0820,Southampton,Middlesbrough,1.36,2.08,0.98,1.16,2.1,1.53,0.31,0.4,3,3,0.75,1.01,0.75,1.02,Medium,Medium,1,6,6,515,0.32,1,1,1.3,Clear,16:30,1,2,0
M0821,Brighton,Middlesbrough,2.25,1.64,1.48,1.26,1.58,1.62,0.48,0.41,5,4,1.05,0.75,0.91,0.88,High,Medium,1,7,4,302,0.52,4,4,1.7,Clear,17:30,1,1,1
M0822,Aston Villa,Arsenal,1.67,2.12,2.1,1.23,1.07,1.14,0.71,0.31,8,3,1.17,1.13,1.29,1.04,Low,Medium,1,4,5,161,0.6,3,4,3.3,Overcast,12:30,2,1,2
M0823,Arsenal,Leeds United,1.93,1.55,1.41,1.03,1.57,1.79,0.37,0.29,5,2,1.24,0.81,1.03,0.79,Medium,Medium,1,6,3,466,0.26,4,0,3.0,Windy,14:00,2,2,1
M0824,Middlesbrough,Burnley,2.27,0.44,1.18,0.78,1.63,1.61,0.39,0.21,2,3,1.11,0.75,0.97,0.8,High,Low,1,6,5,75,0.38,0,4,2.4,Clear,12:30,1,0,2
M0825,Manchester City,Leicester City,2.29,1.07,2.06,1.29,0.83,1.79,0.58,0.36,7,5,1.38,0.76,1.38,0.89,Medium,Low,1,3,5,191,0.65,4,2,3.0,Overcast,19:45,2,0,2
M0826,Middlesbrough,Brentford,1.41,2.07,1.53,1.03,1.03,1.48,0.49,0.28,5,3,1.14,0.75,0.98,0.83,Medium,High,1,4,3,185,0.46,2,0,2.5,Foggy,17:30,2,1,2
M0827,Nottingham Forest,Manchester City,1.75,1.81,1.74,1.48,1.33,0.93,0.56,0.47,5,6,1.03,1.06,0.98,1.04,Medium,Medium,1,7,7,130,0.52,1,0,1.8,Windy,20:00,3,1,2
M0828,Aston Villa,Fulham,2.01,2.04,1.18,2.09,1.34,1.17,0.44,0.72,2,7,0.8,1.08,0.79,1.07,High,Low,1,6,3,96,0.45,0,4,2.6,Clear,15:00,2,3,0
M0829,Stoke City,Watford,1.76,1.82,1.19,1.28,2.2,1.72,0.44,0.36,3,4,0.75,0.99,0.75,0.91,Medium,High,1,6,6,59,0.62,1,3,2.6,Windy,12:30,1,2,0
M0830,Leicester City,Stoke City,1.73,0.97,1.19,0.72,1.48,1.6,0.42,0.22,3,2,0.81,0.75,0.75,0.81,High,Medium,1,7,3,385,0.49,1,0,2.8,Clear,20:00,1,1,1
M0831,Aston Villa,Luton Town,2.88,1.54,1.51,1.13,0.87,2.06,0.54,0.4,5,4,1.4,0.75,1.33,0.75,High,Medium,1,4,4,278,0.41,0,0,1.5,Windy,15:00,2,1,2
M0832,Crystal Palace,Nottingham Forest,0.96,1.77,1.01,1.65,1.97,1.25,0.35,0.63,3,4,0.75,1.15,0.75,1.06,High,Medium,1,4,7,392,0.29,0,3,1.2,Clear,14:00,1,2,0
M0833,Southampton,Arsenal,1.69,1.34,1.59,1.62,1.31,1.47,0.4,0.53,5,5,1.03,0.89,0.83,0.94,High,High,1,5,4,247,0.4,0,0,1.8,Windy,20:00,2,1,2
M0834,Southampton,Brighton,0.94,1.99,1.41,1.83,1.78,1.1,0.39,0.54,5,5,0.77,1.15,0.75,1.12,High,Low,1,7,6,72,0.25,3,4,1.9,Overcast,12:30,1,2,0
M0835,Sheffield Utd,Brighton,1.37,2.32,1.08,1.58,2.2,1.02,0.29,0.53,2,5,0.75,1.33,0.75,1.22,Medium,Medium,1,3,5,580,0.33,1,2,2.1,Rainy,17:30,1,2,0
M0836,Brentford,Manchester City,1.75,2.25,1.42,1.9,1.28,0.9,0.35,0.62,5,6,0.88,1.4,0.89,1.27,High,High,1,3,4,275,0.34,0,1,1.2,Windy,20:00,2,3,0
M0837,Sheffield Utd,Stoke City,1.5,1.5,1.22,1.23,1.33,1.55,0.32,0.33,3,4,0.81,0.75,1.01,0.75,Medium,High,1,7,6,185,0.71,1,4,3.1,Foggy,17:30,2,0,2
M0838,Watford,West Ham,2.01,1.56,1.3,1.01,1.9,1.79,0.45,0.34,5,3,0.9,0.75,0.89,0.75,Low,Medium,1,4,3,184,0.51,3,3,3.3,Windy,19:45,2,1,2
M0839,Everton,Newcastle,1.08,2.45,1.04,1.54,1.86,1.0,0.34,0.48,3,5,0.85,1.38,0.75,1.21,Medium,High,1,5,6,240,0.34,1,2,2.7,Foggy,16:30,0,1,0
M0840,Liverpool,Burnley,3.0,1.51,2.12,0.79,0.87,2.08,0.6,0.29,6,3,1.4,0.75,1.38,0.83,Medium,Medium,1,3,6,286,0.65,4,0,3.4,Windy,20:00,2,1,2
M0841,Brighton,Bournemouth,1.42,1.7,0.91,1.32,1.59,1.25,0.37,0.46,2,3,0.96,1.01,0.75,0.98,Medium,High,1,5,6,181,0.61,3,2,2.1,Clear,16:30,0,2,0
M0842,Crystal Palace,Watford,1.25,1.89,1.49,1.25,1.15,1.63,0.53,0.39,4,3,1.05,0.88,0.93,0.77,Low,Low,1,7,5,514,0.61,4,2,1.5,Overcast,17:30,1,1,1
M0843,Aston Villa,Nottingham Forest,1.71,1.64,1.42,1.56,1.28,1.73,0.38,0.5,5,5,1.11,0.97,1.02,1.02,Medium,Medium,1,3,7,301,0.37,0,0,2.5,Overcast,12:30,1,1,1
M0844,Tottenham,Stoke City,1.97,1.08,1.44,0.87,1.18,1.82,0.55,0.28,4,2,1.11,0.75,1.05,0.81,Low,High,1,6,3,429,0.4,3,1,2.0,Rainy,14:00,2,2,1
M0845,West Ham,Newcastle,2.09,1.97,1.49,1.17,1.4,1.44,0.55,0.29,5,4,1.27,0.94,1.21,0.75,High,High,1,4,6,596,0.28,2,2,2.2,Windy,16:30,1,0,2
M0846,Tottenham,Aston Villa,1.99,2.47,1.47,1.77,1.68,0.64,0.4,0.55,4,5,0.98,1.24,0.9,1.25,Medium,High,1,5,4,580,0.39,3,4,2.9,Windy,19:45,0,1,0
M0847,Leicester City,Leeds United,1.74,1.64,1.22,0.94,1.45,2.1,0.38,0.29,4,3,0.89,0.75,1.06,0.75,Low,Medium,1,5,5,350,0.48,2,2,1.8,Clear,17:30,1,0,2
M0848,Manchester City,Tottenham,2.16,1.94,1.82,1.62,0.98,1.0,0.45,0.47,7,5,1.26,1.03,1.15,1.07,High,High,1,3,5,206,0.27,4,4,2.4,Foggy,16:30,1,1,1
M0849,West Ham,Stoke City,2.56,1.0,1.66,0.87,1.35,1.6,0.52,0.27,6,2,1.17,0.82,1.12,0.75,Medium,Medium,1,4,3,207,0.54,2,3,3.3,Clear,14:00,1,1,1
M0850,Sheffield Utd,Wolverhampton,1.48,1.1,1.24,1.19,1.49,1.74,0.4,0.39,4,4,0.8,0.83,0.93,0.78,High,High,1,6,6,244,0.49,0,3,1.7,Overcast,14:00,2,1,2
M0851,Tottenham,Arsenal,2.02,2.33,1.37,1.49,1.51,1.27,0.46,0.48,5,4,1.11,1.19,1.12,1.18,Medium,Medium,1,6,3,565,0.49,0,1,2.2,Windy,15:00,2,2,1
M0852,Brentford,Sheffield Utd,0.93,1.67,1.06,1.72,1.53,1.62,0.39,0.52,4,4,0.81,0.97,0.75,0.97,Medium,Medium,1,7,4,82,0.54,1,4,2.6,Foggy,14:00,0,2,0
M0853,Bournemouth,Middlesbrough,1.74,1.34,1.28,0.44,1.27,1.57,0.45,0.18,4,1,0.96,0.75,0.91,0.75,High,Low,1,5,6,58,0.51,2,2,1.3,Rainy,20:00,1,0,2
M0854,Fulham,Leicester City,1.84,1.56,1.38,1.42,1.64,1.4,0.44,0.42,5,3,0.99,0.82,1.01,0.92,High,High,1,3,3,402,0.36,2,0,1.9,Windy,12:30,2,2,1
M0855,Chelsea,Everton,2.41,1.84,2.1,1.07,1.34,1.78,0.54,0.35,8,4,1.4,0.75,1.38,0.84,High,Low,1,3,3,238,0.65,1,2,3.0,Rainy,17:30,2,1,2
M0856,Aston Villa,Arsenal,2.71,1.75,2.32,1.73,1.49,1.27,0.7,0.5,8,5,1.28,1.1,1.21,1.12,Low,High,1,6,7,420,0.26,4,1,3.4,Foggy,19:45,2,1,2
M0857,Bournemouth,Liverpool,1.6,2.15,1.14,1.62,1.31,1.2,0.4,0.57,3,5,0.86,1.31,0.75,1.23,High,Medium,1,6,5,551,0.4,3,3,3.1,Overcast,14:00,2,2,1
M0858,Luton Town,Wolverhampton,1.59,1.56,1.38,1.0,1.42,1.82,0.38,0.33,3,3,0.94,0.85,0.96,0.76,Medium,High,1,5,4,104,0.32,0,2,2.2,Rainy,12:30,2,0,2
M0859,Southampton,Chelsea,2.16,1.47,1.57,1.85,1.69,1.11,0.44,0.56,5,6,0.9,1.23,0.87,1.09,Medium,High,1,5,7,110,0.61,0,2,3.3,Windy,16:30,1,1,1
M0860,Sheffield Utd,Manchester City,1.48,2.26,1.62,1.27,1.92,1.38,0.57,0.39,6,5,0.75,1.33,0.75,1.27,Medium,High,1,4,4,74,0.71,2,4,2.4,Windy,16:30,1,1,1
M0861,Crystal Palace,Chelsea,2.61,2.31,1.51,1.55,1.23,1.05,0.51,0.52,5,6,0.92,1.14,0.86,1.07,High,Medium,1,7,4,217,0.6,3,3,3.3,Rainy,19:45,1,1,1
M0862,Brentford,Leicester City,2.01,1.28,1.72,1.08,1.1,2.08,0.52,0.38,6,4,1.31,0.81,1.17,0.85,Medium,Low,1,3,3,234,0.41,2,4,1.8,Foggy,19:45,2,1,2
M0863,Leeds United,Arsenal,1.45,1.91,0.94,1.77,1.6,1.31,0.26,0.53,3,5,0.75,1.26,0.75,1.13,Medium,High,1,3,4,582,0.71,4,1,3.3,Overcast,19:45,2,2,1
M0864,West Ham,Manchester City,2.11,2.12,1.85,1.52,0.92,1.21,0.57,0.41,7,5,1.37,1.16,1.35,1.19,Low,High,1,3,7,162,0.4,0,2,1.2,Clear,20:00,2,1,2
M0865,Aston Villa,Chelsea,2.71,1.67,2.11,1.62,1.05,1.46,0.63,0.43,5,5,1.4,1.17,1.34,0.87,High,High,1,7,3,473,0.57,4,3,2.6,Foggy,17:30,3,1,2
M0866,West Ham,Newcastle,2.05,2.29,1.48,1.46,1.29,1.31,0.35,0.49,4,4,1.09,1.06,1.14,1.03,Low,Medium,1,4,7,591,0.37,2,4,2.9,Windy,19:45,1,1,1
M0867,Fulham,Leeds United,1.96,1.12,1.88,1.08,1.46,2.12,0.61,0.41,6,4,1.22,0.8,1.02,0.75,Medium,High,1,7,3,524,0.42,2,0,2.0,Rainy,20:00,3,2,2
M0868,Newcastle,Chelsea,1.66,2.71,0.99,2.31,1.72,1.18,0.2,0.76,2,7,1.01,1.4,0.93,1.38,Medium,High,1,6,6,163,0.47,1,4,1.7,Rainy,20:00,1,2,0
M0869,Bournemouth,Brighton,1.77,1.38,1.49,1.33,1.19,1.36,0.53,0.43,5,4,1.06,0.96,0.86,0.91,High,Low,1,5,4,494,0.6,3,1,2.3,Foggy,14:00,3,2,2
M0870,Leeds United,Brighton,1.8,1.61,1.44,1.25,1.85,1.42,0.53,0.33,6,3,0.98,1.0,0.9,0.92,Low,Medium,1,4,3,565,0.3,3,3,3.2,Foggy,15:00,2,0,2
M0871,Fulham,Leeds United,1.59,2.15,1.28,1.5,1.78,1.62,0.37,0.43,5,4,0.81,1.0,0.75,0.89,High,Medium,1,7,5,585,0.6,1,4,1.6,Rainy,16:30,1,2,0
M0872,Crystal Palace,Manchester City,1.96,1.81,1.48,1.2,1.5,1.2,0.45,0.34,4,3,1.17,1.07,1.04,1.03,Medium,Low,1,5,3,458,0.64,2,3,1.8,Windy,20:00,3,1,2
M0873,Newcastle,Wolverhampton,1.76,2.91,1.31,1.94,1.38,1.82,0.41,0.56,4,6,0.94,1.25,0.9,1.24,Medium,High,1,5,7,358,0.67,1,3,2.3,Windy,12:30,0,2,0
M0874,Chelsea,Fulham,2.09,2.41,1.49,1.62,1.49,1.18,0.4,0.49,4,4,1.06,0.99,0.96,0.94,High,Medium,1,4,6,485,0.73,2,0,3.5,Rainy,19:45,2,3,0
M0875,Arsenal,Nottingham Forest,2.87,1.05,1.98,0.83,1.19,1.87,0.63,0.3,8,2,1.37,0.75,1.33,0.75,High,Medium,1,6,7,511,0.42,3,0,2.3,Foggy,20:00,3,0,2
M0876,Arsenal,Newcastle,2.24,1.81,1.71,1.63,1.33,1.19,0.54,0.48,4,5,1.25,1.08,1.23,1.08,High,Low,1,3,5,124,0.28,0,0,2.4,Windy,16:30,1,1,1
M0877,Arsenal,Southampton,2.67,1.25,1.99,1.24,1.18,1.2,0.64,0.36,5,4,1.4,0.82,1.26,0.95,Low,Medium,1,7,6,540,0.69,1,4,1.6,Overcast,19:45,2,2,1
M0878,Aston Villa,Middlesbrough,2.93,2.33,1.85,1.22,0.89,1.83,0.54,0.39,6,3,1.4,0.75,1.36,0.75,High,Medium,1,4,3,215,0.74,3,2,1.4,Overcast,15:00,2,1,2
M0879,Leeds United,Tottenham,1.14,1.98,1.39,2.05,1.96,1.16,0.4,0.6,5,7,1.02,1.26,0.78,1.25,Medium,Medium,1,3,5,346,0.34,1,2,3.4,Windy,15:00,1,2,0
M0880,Crystal Palace,Middlesbrough,1.68,1.74,1.22,0.78,1.52,1.69,0.35,0.26,4,3,1.11,0.78,1.08,0.75,Medium,Medium,1,7,5,509,0.27,1,4,2.5,Windy,15:00,2,0,2
M0881,Aston Villa,Manchester City,2.39,2.76,1.62,1.48,1.1,0.86,0.58,0.48,4,4,1.07,1.29,1.09,1.12,High,Medium,1,5,3,120,0.5,1,4,1.8,Windy,20:00,1,1,1
M0882,Stoke City,Everton,1.62,1.73,0.66,1.28,1.89,1.61,0.25,0.36,2,4,0.78,0.91,0.79,0.85,High,Low,1,6,6,249,0.45,1,2,1.8,Overcast,16:30,2,2,1
M0883,Middlesbrough,West Ham,1.7,1.7,1.13,1.2,2.12,1.32,0.28,0.37,4,3,0.87,0.97,0.91,0.92,Medium,Medium,1,4,4,392,0.45,3,1,3.1,Foggy,16:30,1,1,1
M0884,Bournemouth,Manchester City,1.55,3.0,1.48,2.28,1.93,0.66,0.42,0.74,4,8,0.75,1.4,0.75,1.38,Low,Low,1,3,6,196,0.35,3,2,3.0,Rainy,19:45,1,2,0
M0885,Luton Town,Crystal Palace,0.76,1.93,0.45,1.15,2.2,1.47,0.18,0.34,1,3,0.75,1.04,0.75,0.97,Medium,Medium,1,3,7,349,0.56,2,4,3.0,Windy,17:30,0,1,0
M0886,Luton Town,Aston Villa,1.24,2.8,1.12,1.72,1.85,1.59,0.41,0.65,3,5,0.87,1.28,0.75,1.13,Medium,High,1,6,5,565,0.71,2,4,2.4,Overcast,20:00,1,2,0
M0887,Fulham,Arsenal,1.71,2.39,1.79,1.41,1.13,1.25,0.59,0.36,6,5,1.18,1.15,1.19,1.03,High,High,1,6,3,337,0.73,1,2,1.3,Overcast,19:45,2,0,2
M0888,Everton,Sheffield Utd,1.77,0.59,1.58,0.68,1.15,2.04,0.47,0.18,6,2,1.06,0.75,1.23,0.75,Low,High,1,6,5,354,0.61,0,4,1.5,Clear,14:00,3,1,2
M0889,Wolverhampton,Watford,1.92,1.77,1.26,1.48,2.2,1.39,0.37,0.51,3,4,0.75,1.06,0.75,1.09,Low,Low,1,3,6,330,0.55,1,4,3.2,Foggy,12:30,1,2,0
M0890,Tottenham,Crystal Palace,2.62,1.76,1.9,1.23,0.83,1.68,0.56,0.37,6,4,1.34,0.92,1.28,0.93,High,Low,1,4,3,298,0.47,3,3,2.1,Windy,20:00,2,1,2
M0891,Luton Town,Everton,1.52,2.06,0.75,1.46,2.2,1.15,0.24,0.43,2,4,0.75,1.0,0.75,0.86,High,Low,1,6,6,153,0.68,1,4,3.3,Windy,12:30,0,1,0
M0892,Crystal Palace,Brentford,1.65,2.8,1.12,1.83,1.89,1.23,0.31,0.62,3,4,0.86,1.29,0.86,1.17,Medium,Low,1,3,3,474,0.42,2,3,2.6,Foggy,12:30,0,2,0
M0893,Crystal Palace,Nottingham Forest,1.24,1.94,1.11,1.6,1.85,0.99,0.2,0.55,4,5,0.75,1.21,0.75,1.02,Medium,High,1,7,6,595,0.66,3,2,1.7,Windy,19:45,1,3,0
M0894,West Ham,Nottingham Forest,1.71,0.95,2.33,1.11,0.93,1.91,0.72,0.19,7,3,1.37,0.81,1.24,0.75,Medium,Medium,1,7,7,94,0.3,1,4,3.1,Rainy,17:30,2,0,2
M0895,Everton,Nottingham Forest,2.13,2.0,0.98,1.15,1.59,1.11,0.3,0.41,3,3,0.75,0.93,0.8,0.97,Medium,Medium,1,6,6,112,0.51,1,3,1.6,Windy,16:30,0,1,0
M0896,West Ham,Watford,2.07,1.11,1.66,0.77,1.51,1.76,0.49,0.21,5,1,0.89,0.75,0.91,0.75,High,Low,1,3,3,517,0.28,4,1,2.1,Rainy,12:30,1,1,1
M0897,Crystal Palace,Fulham,1.02,2.11,0.92,1.34,2.19,1.04,0.3,0.42,3,4,0.85,1.29,0.75,1.18,Medium,Medium,1,6,3,579,0.52,1,2,1.4,Clear,19:45,1,2,0
M0898,Watford,Luton Town,2.23,0.73,1.28,0.99,1.49,2.02,0.39,0.3,5,3,0.96,0.75,0.82,0.75,High,Medium,1,5,4,516,0.6,0,4,3.5,Windy,20:00,3,1,2
M0899,Brighton,Sheffield Utd,1.7,2.16,1.64,1.17,1.19,1.59,0.51,0.3,5,4,1.14,0.8,1.01,0.87,Medium,Low,1,6,7,149,0.34,3,4,3.1,Foggy,17:30,1,1,1
M0900,Fulham,Leeds United,1.66,1.17,1.5,1.07,1.06,1.4,0.42,0.43,4,4,0.95,0.98,0.8,0.9,Low,Medium,1,3,6,428,0.64,2,1,2.0,Clear,17:30,1,1,1
M0901,Southampton,Bournemouth,1.7,1.59,1.07,1.11,1.74,1.62,0.28,0.34,4,4,0.75,1.12,0.75,0.98,Medium,Low,1,5,6,406,0.65,0,1,3.3,Windy,12:30,1,3,0
M0902,Liverpool,Brentford,2.1,1.54,1.71,1.18,1.14,1.48,0.5,0.42,6,5,1.28,0.96,1.17,0.93,High,Medium,1,3,5,361,0.53,4,0,3.2,Clear,20:00,1,1,1
M0903,Tottenham,Wolverhampton,2.38,1.29,2.06,1.81,1.32,1.34,0.71,0.55,5,5,1.03,1.04,1.08,1.05,Medium,Medium,1,4,6,121,0.64,3,2,2.7,Windy,16:30,0,1,0
M0904,Brighton,Wolverhampton,2.06,0.86,1.85,0.78,1.12,2.1,0.54,0.28,5,3,1.23,0.75,1.14,0.75,Medium,Medium,1,4,3,563,0.68,1,2,1.8,Foggy,16:30,3,0,2
M0905,Luton Town,Watford,1.75,1.45,1.2,1.22,1.28,1.72,0.48,0.44,5,4,1.02,0.87,0.95,0.75,Low,Medium,1,6,4,587,0.36,2,3,2.5,Clear,16:30,2,0,2
M0906,Luton Town,Arsenal,1.06,2.98,1.59,1.88,1.38,1.31,0.54,0.63,4,7,1.12,1.14,0.89,1.06,High,High,1,4,6,463,0.32,4,3,2.0,Windy,14:00,3,2,2
M0907,Middlesbrough,Leeds United,2.18,1.13,1.41,1.09,1.35,2.19,0.46,0.35,5,3,1.15,0.81,1.01,0.75,High,High,1,7,5,65,0.33,4,4,1.3,Foggy,20:00,1,0,2
M0908,Everton,Middlesbrough,1.84,1.76,0.95,1.65,1.86,1.23,0.28,0.49,3,5,0.83,0.96,0.76,1.09,Medium,Medium,1,3,4,237,0.25,2,0,2.3,Windy,19:45,0,2,0
M0909,Leicester City,Crystal Palace,1.73,2.97,0.97,1.36,1.93,1.17,0.32,0.49,3,5,0.75,1.26,0.75,1.2,Medium,Medium,1,6,6,245,0.46,2,2,3.2,Rainy,17:30,1,2,0
M0910,Bournemouth,Stoke City,1.71,1.62,1.27,0.71,1.64,1.81,0.43,0.2,4,1,0.94,0.75,0.9,0.75,Medium,High,1,3,5,419,0.58,4,4,2.7,Windy,16:30,2,0,2
M0911,Luton Town,Southampton,1.04,1.85,0.56,1.4,2.02,1.33,0.23,0.46,1,4,0.75,0.87,0.75,0.89,High,High,1,4,6,104,0.48,4,1,2.9,Windy,17:30,0,2,0
M0912,Nottingham Forest,Manchester City,2.26,2.38,1.59,1.53,1.35,1.49,0.49,0.46,5,4,1.06,0.93,1.0,0.97,Medium,Low,1,6,3,516,0.3,2,4,2.2,Windy,17:30,2,1,2
M0913,Watford,Aston Villa,1.46,3.0,1.44,1.73,2.01,0.76,0.42,0.62,5,5,0.83,1.4,0.75,1.38,High,Medium,1,3,7,319,0.39,1,4,2.1,Overcast,16:30,0,1,0
M0914,Aston Villa,Sheffield Utd,3.0,1.4,1.66,0.5,0.83,2.04,0.4,0.18,5,2,1.26,0.75,1.19,0.8,Medium,High,1,6,6,472,0.45,2,1,2.9,Foggy,15:00,2,1,2
M0915,Crystal Palace,Tottenham,1.08,2.3,1.07,2.27,1.94,1.01,0.35,0.8,4,7,0.89,1.4,0.92,1.38,Medium,High,1,6,6,73,0.35,0,4,2.6,Windy,12:30,1,2,0
M0916,Liverpool,Chelsea,1.97,2.83,1.84,1.65,1.19,1.13,0.55,0.52,6,4,1.36,1.22,1.1,1.31,High,Medium,1,7,6,531,0.74,2,3,1.7,Rainy,14:00,0,1,0
M0917,Sheffield Utd,Liverpool,1.09,2.42,0.87,1.94,2.2,1.15,0.3,0.67,3,5,0.75,1.4,0.75,1.33,Medium,Medium,1,3,6,345,0.47,4,0,1.3,Windy,14:00,1,2,0
M0918,Middlesbrough,Arsenal,2.44,2.15,1.46,1.66,1.33,1.12,0.52,0.65,5,5,1.13,1.15,1.03,0.97,Medium,Low,1,6,7,472,0.35,2,3,2.3,Windy,16:30,2,1,2
M0919,Stoke City,Nottingham Forest,1.43,2.39,0.85,1.76,1.95,1.41,0.26,0.44,2,6,0.75,1.06,0.75,0.97,Low,Medium,1,6,5,169,0.48,1,2,3.4,Overcast,16:30,1,2,0
M0920,Manchester City,Burnley,2.79,1.4,2.36,1.38,0.7,2.2,0.75,0.39,9,4,1.4,0.75,1.38,0.75,Medium,High,1,7,7,89,0.65,4,2,2.8,Clear,15:00,3,1,2
M0921,Leeds United,Newcastle,1.74,2.24,1.36,1.29,1.37,1.45,0.43,0.46,5,3,0.9,1.11,0.87,0.89,Medium,High,1,3,4,154,0.35,4,2,2.0,Overcast,19:45,1,1,1
M0922,Manchester City,Chelsea,3.0,2.06,2.41,1.39,0.92,1.4,0.72,0.44,7,4,1.4,0.9,1.38,0.86,Medium,Medium,1,7,5,503,0.6,4,2,2.0,Windy,16:30,3,1,2
M0923,Everton,Brentford,2.08,1.67,1.52,1.0,1.36,1.59,0.46,0.3,3,3,1.04,1.02,1.0,0.87,Medium,Medium,1,5,5,446,0.64,1,2,1.7,Clear,17:30,2,1,2
M0924,Everton,Watford,1.94,1.04,1.37,1.28,1.63,1.56,0.45,0.35,3,5,1.23,0.79,1.22,0.78,Low,Medium,1,6,6,297,0.57,4,2,1.7,Windy,15:00,2,1,2
M0925,Bournemouth,Arsenal,1.51,1.97,1.47,1.79,1.4,1.1,0.5,0.62,5,5,0.99,1.1,0.86,1.11,Medium,High,1,4,4,561,0.73,1,2,3.2,Clear,14:00,2,2,1
M0926,Nottingham Forest,Newcastle,2.08,1.9,1.63,0.93,1.21,1.61,0.5,0.34,5,3,1.12,0.81,0.95,0.93,Medium,High,1,6,6,37,0.31,2,2,2.8,Clear,14:00,3,1,2
M0927,Middlesbrough,Manchester City,1.16,3.0,1.11,2.32,2.05,0.66,0.37,0.74,4,7,0.81,1.4,0.75,1.38,Medium,High,1,7,7,424,0.72,2,0,1.9,Foggy,17:30,1,2,0
M0928,Newcastle,Luton Town,2.21,2.01,1.31,1.47,1.2,1.16,0.42,0.48,4,5,1.15,1.16,0.9,0.92,High,Low,1,5,5,452,0.63,3,2,2.6,Foggy,19:45,1,3,0
M0929,Chelsea,Burnley,2.57,1.66,1.59,0.85,1.08,2.07,0.54,0.33,6,2,1.14,0.76,1.38,0.75,Medium,High,1,6,3,41,0.68,1,4,3.3,Clear,19:45,2,1,2
M0930,Crystal Palace,Brighton,1.63,2.6,1.11,1.37,1.64,1.17,0.23,0.42,3,3,0.75,1.37,0.75,1.23,High,Medium,1,6,7,171,0.55,2,2,1.9,Clear,17:30,0,2,0
M0931,Luton Town,Crystal Palace,1.72,1.89,1.42,0.74,1.73,1.63,0.46,0.31,5,4,0.95,0.86,0.78,0.79,Medium,Medium,1,3,6,319,0.27,3,0,3.0,Overcast,14:00,0,0,1
M0932,Everton,Newcastle,1.68,2.17,1.11,1.42,1.87,0.93,0.41,0.43,4,5,0.87,1.4,0.92,1.21,High,Medium,1,4,3,304,0.44,4,4,1.3,Clear,15:00,1,3,0
M0933,Brentford,Chelsea,2.86,2.2,1.87,1.32,0.69,1.54,0.65,0.33,5,4,1.15,0.78,1.22,0.79,High,High,1,6,5,504,0.51,4,3,3.1,Rainy,16:30,3,1,2
M0934,Stoke City,Arsenal,1.26,3.0,0.99,2.28,1.9,0.62,0.34,0.78,3,8,0.75,1.4,0.75,1.38,Low,Low,1,7,4,330,0.3,1,2,2.9,Foggy,14:00,1,3,0
M0935,Liverpool,Tottenham,1.92,2.74,1.5,1.93,1.09,1.23,0.45,0.59,5,6,1.04,1.22,1.21,1.26,High,High,1,6,5,411,0.26,2,2,1.8,Windy,14:00,0,2,0
M0936,Crystal Palace,West Ham,1.7,1.79,1.65,1.31,1.26,1.25,0.55,0.34,5,5,1.06,0.92,1.06,0.87,Medium,Low,1,3,6,239,0.39,3,4,2.7,Rainy,20:00,1,0,2
M0937,Manchester City,Crystal Palace,2.01,2.38,1.73,1.27,1.16,1.12,0.6,0.42,7,3,1.24,1.13,1.26,1.21,Low,Medium,1,5,3,77,0.41,0,2,2.0,Windy,15:00,1,2,0
M0938,Everton,West Ham,2.08,2.02,1.64,1.47,1.1,1.49,0.63,0.39,5,4,1.11,0.92,1.08,0.85,Low,Medium,1,5,7,548,0.46,4,4,3.2,Rainy,12:30,2,0,2
M0939,Chelsea,Bournemouth,2.32,1.97,1.56,1.29,1.24,1.89,0.52,0.4,6,3,1.09,0.99,1.17,0.85,Medium,Low,1,3,7,374,0.57,4,3,1.6,Windy,12:30,1,1,1
M0940,Burnley,Luton Town,0.86,1.44,0.86,1.17,2.2,1.87,0.26,0.33,4,3,0.75,0.92,0.75,0.81,High,Medium,1,7,3,592,0.48,4,0,1.9,Clear,16:30,0,1,0
M0941,Bournemouth,Watford,1.98,0.62,1.41,0.52,1.59,2.2,0.48,0.18,4,1,0.95,0.75,0.88,0.75,High,High,1,3,6,237,0.61,1,1,1.9,Windy,14:00,1,0,2
M0942,Chelsea,Liverpool,2.47,2.34,1.59,1.62,1.48,1.01,0.56,0.57,5,6,1.1,1.4,1.12,1.38,Low,Medium,1,3,6,324,0.46,2,2,2.4,Foggy,16:30,0,2,0
M0943,Burnley,Stoke City,1.81,1.25,1.8,0.52,1.42,2.2,0.53,0.19,5,2,0.97,0.75,1.02,0.75,Medium,Low,1,5,3,521,0.41,2,3,2.5,Rainy,12:30,2,1,2
M0944,Luton Town,Everton,1.85,1.91,0.8,1.4,1.89,1.46,0.2,0.42,2,5,0.77,1.06,0.75,1.18,High,Medium,1,5,7,557,0.48,4,1,3.2,Foggy,14:00,1,2,0
M0945,Leicester City,Nottingham Forest,1.34,2.24,1.13,1.06,2.2,1.48,0.35,0.34,3,3,0.82,0.98,0.75,1.07,High,High,1,5,3,327,0.72,4,0,1.4,Overcast,14:00,0,2,0
M0946,Nottingham Forest,Bournemouth,1.82,0.94,1.63,0.99,1.46,1.7,0.47,0.28,5,4,1.05,0.76,0.94,0.75,High,Low,1,7,6,317,0.45,4,1,1.8,Overcast,16:30,1,0,2
M0947,Fulham,Bournemouth,1.82,1.72,1.25,1.74,1.64,1.12,0.36,0.45,3,6,0.76,1.1,0.82,1.13,Medium,Medium,1,5,3,597,0.72,3,2,2.0,Foggy,16:30,2,3,0
M0948,Leicester City,Middlesbrough,1.66,1.82,1.03,0.94,1.43,1.45,0.45,0.27,4,2,0.77,1.0,0.79,0.84,Medium,Low,1,6,4,529,0.53,2,2,3.0,Clear,12:30,1,1,1
M0949,Watford,Fulham,1.09,1.55,1.04,1.23,1.67,1.56,0.35,0.46,4,3,0.82,1.14,0.81,1.06,Medium,Medium,1,3,6,577,0.46,1,1,1.9,Clear,12:30,0,0,1
M0950,Everton,Burnley,2.23,1.22,1.72,0.81,1.24,1.69,0.66,0.26,6,2,1.12,0.79,1.06,0.94,Medium,Medium,1,7,4,37,0.49,1,1,2.4,Clear,12:30,2,1,2
M0951,Luton Town,Leicester City,1.42,1.68,1.12,1.46,2.2,1.32,0.33,0.46,2,5,0.75,0.98,0.75,1.0,Medium,Medium,1,6,6,198,0.28,2,3,1.6,Clear,12:30,1,2,0
M0952,Bournemouth,Leeds United,2.23,2.05,1.12,1.61,1.71,1.5,0.38,0.58,3,6,0.88,1.04,0.83,1.0,High,High,1,3,4,548,0.68,4,2,1.3,Overcast,12:30,1,2,0
M0953,Watford,Burnley,1.74,1.25,1.0,1.48,1.75,2.18,0.32,0.5,3,5,0.79,0.8,0.75,0.75,Low,Low,1,4,5,591,0.49,3,1,1.7,Overcast,19:45,1,1,1
M0954,Luton Town,Crystal Palace,0.86,1.01,1.34,0.83,1.33,1.52,0.44,0.21,3,1,0.84,0.75,0.8,0.75,Medium,High,1,3,6,439,0.3,1,3,3.0,Overcast,20:00,2,1,2
M0955,Stoke City,Liverpool,0.43,3.0,1.09,2.23,2.0,0.54,0.37,0.65,3,6,0.86,1.4,0.75,1.38,High,Medium,1,5,5,478,0.73,2,0,2.1,Rainy,15:00,2,3,0
M0956,Arsenal,West Ham,2.56,2.02,2.01,1.6,1.14,1.2,0.63,0.51,7,6,1.37,1.05,1.29,0.84,Low,Medium,1,6,6,153,0.73,0,3,1.6,Rainy,15:00,1,1,1
M0957,Stoke City,Manchester City,1.72,2.49,1.52,1.82,1.71,1.13,0.49,0.55,5,5,0.8,1.27,0.91,1.38,Medium,High,1,3,6,331,0.61,2,4,1.9,Rainy,19:45,1,1,1
M0958,Fulham,Chelsea,1.73,1.74,1.33,1.28,1.28,1.91,0.37,0.46,5,4,1.16,1.01,1.16,1.04,Low,High,1,5,5,378,0.57,2,3,2.8,Clear,16:30,2,1,2
M0959,Burnley,Luton Town,1.59,1.26,1.27,0.81,1.38,2.14,0.43,0.26,4,3,1.04,0.75,0.91,0.75,Medium,Medium,1,5,3,432,0.37,0,1,1.3,Overcast,12:30,2,1,2
M0960,Brighton,Fulham,1.62,2.03,1.71,1.36,1.21,1.34,0.5,0.41,5,4,1.0,1.1,1.04,0.94,High,Medium,1,4,7,255,0.41,4,2,2.7,Foggy,15:00,1,1,1
M0961,Crystal Palace,Bournemouth,2.46,0.93,1.66,1.03,1.86,1.32,0.53,0.31,6,4,0.93,0.86,1.04,0.79,Medium,Low,1,5,5,115,0.43,3,0,2.6,Foggy,17:30,2,2,1
M0962,Liverpool,Brighton,2.45,1.65,2.42,1.15,0.73,1.73,0.75,0.3,9,3,1.4,0.95,1.34,0.76,Medium,Medium,1,5,7,591,0.27,3,0,1.6,Foggy,16:30,2,1,2
M0963,Burnley,Nottingham Forest,1.57,2.27,0.96,1.6,2.13,1.04,0.34,0.52,3,5,0.79,1.01,0.75,0.97,High,Medium,1,3,4,577,0.57,3,0,3.0,Rainy,14:00,1,3,0
M0964,Aston Villa,Leicester City,1.79,2.07,1.49,1.76,1.51,1.26,0.47,0.52,6,6,0.98,1.0,1.05,0.81,Low,Medium,1,5,6,311,0.5,4,2,2.1,Foggy,15:00,0,2,0
M0965,Middlesbrough,Tottenham,1.84,2.89,1.4,1.73,1.75,1.07,0.41,0.49,4,6,0.76,1.18,0.75,1.12,Medium,High,1,7,3,281,0.54,2,1,1.4,Clear,20:00,2,2,1
M0966,Crystal Palace,Sheffield Utd,1.47,1.23,1.77,0.9,1.41,2.15,0.47,0.34,5,4,1.14,0.75,1.18,0.75,Medium,High,1,7,4,333,0.5,2,0,2.9,Foggy,12:30,1,0,2
M0967,Aston Villa,Luton Town,2.18,1.11,2.36,0.8,1.06,2.2,0.74,0.19,6,3,1.3,0.75,1.35,0.75,High,High,1,4,7,89,0.56,1,0,3.2,Foggy,14:00,3,0,2
M0968,Middlesbrough,Luton Town,1.61,1.01,0.88,1.61,2.2,1.23,0.24,0.5,2,5,0.75,1.0,0.75,0.94,Medium,Low,1,6,3,213,0.44,2,1,1.9,Foggy,12:30,0,1,0
M0969,West Ham,Liverpool,2.49,2.02,1.44,1.51,1.0,1.04,0.53,0.51,4,4,1.08,1.25,0.97,1.21,High,Medium,1,6,4,589,0.42,3,4,2.2,Windy,14:00,1,1,1
M0970,Brentford,Fulham,1.43,2.01,1.1,1.55,1.76,1.03,0.34,0.46,4,3,0.83,1.13,0.75,1.14,High,Medium,1,4,6,122,0.38,1,0,1.4,Windy,20:00,0,2,0
M0971,Crystal Palace,Nottingham Forest,1.82,1.43,1.25,1.24,1.37,1.49,0.47,0.4,5,4,0.85,0.75,0.9,0.8,Medium,Medium,1,4,7,419,0.36,1,0,2.8,Foggy,17:30,1,1,1
M0972,Everton,Brentford,2.53,1.61,1.77,1.05,1.08,1.66,0.62,0.31,5,4,1.23,0.79,1.1,0.75,High,High,1,4,3,373,0.36,0,3,2.6,Windy,20:00,2,1,2
M0973,West Ham,Watford,1.39,1.44,1.14,1.16,1.29,1.68,0.29,0.3,3,3,0.92,0.98,0.92,0.98,High,High,1,4,7,427,0.46,1,4,2.1,Overcast,17:30,0,1,0
M0974,Crystal Palace,Liverpool,1.41,2.34,1.1,2.28,1.71,0.94,0.4,0.67,3,7,0.86,1.29,0.92,1.13,Medium,High,1,5,5,329,0.62,2,2,3.0,Rainy,19:45,2,2,1
M0975,Southampton,Everton,1.45,2.32,0.93,1.8,1.8,1.06,0.26,0.62,3,5,0.75,1.27,0.75,1.17,Medium,Medium,1,7,4,414,0.64,3,0,1.5,Windy,20:00,0,3,0
M0976,Chelsea,Newcastle,2.48,2.74,1.99,1.63,1.03,1.41,0.56,0.43,6,5,1.2,1.27,1.14,1.12,Low,High,1,4,6,303,0.71,4,4,1.8,Clear,17:30,1,1,1
M0977,Sheffield Utd,Brighton,1.96,2.7,0.86,1.24,1.62,1.69,0.31,0.37,4,3,0.88,1.07,0.89,1.19,High,High,1,7,5,243,0.71,4,4,3.4,Clear,14:00,0,0,1
M0978,Aston Villa,Stoke City,2.73,0.81,1.31,1.08,1.17,1.58,0.29,0.3,4,2,1.1,0.77,0.97,0.93,Medium,Low,1,7,6,254,0.54,3,0,1.7,Windy,15:00,1,1,1
M0979,Arsenal,Nottingham Forest,2.63,2.08,1.98,1.34,0.97,1.58,0.61,0.42,6,5,1.4,0.9,1.28,0.96,Medium,Medium,1,4,6,91,0.43,0,0,3.4,Windy,19:45,2,2,1
M0980,Burnley,Wolverhampton,1.95,2.2,1.41,1.31,1.68,1.68,0.47,0.39,4,2,0.91,0.85,0.81,0.75,Medium,Low,1,6,5,220,0.29,4,4,3.0,Rainy,15:00,1,1,1
M0981,Watford,Fulham,1.16,1.19,1.02,1.23,1.52,1.45,0.34,0.35,3,3,0.82,0.94,0.83,0.86,Medium,Medium,1,4,6,237,0.65,4,0,1.7,Clear,12:30,1,1,1
M0982,Watford,Everton,1.35,1.66,0.6,1.56,1.68,1.64,0.18,0.44,2,5,0.75,0.91,0.86,0.81,Medium,Medium,1,6,7,139,0.26,2,1,2.7,Clear,15:00,1,1,1
M0983,Chelsea,Newcastle,2.77,1.49,1.75,1.33,1.02,1.27,0.57,0.46,5,4,1.16,0.94,1.24,1.02,Medium,High,1,4,7,211,0.32,2,3,1.4,Foggy,15:00,1,1,1
M0984,Southampton,Luton Town,1.45,1.55,1.48,1.11,1.79,1.43,0.48,0.37,5,3,0.75,0.75,0.75,0.77,High,High,1,4,4,156,0.68,2,3,2.1,Foggy,20:00,1,1,1
M0985,Brighton,Arsenal,1.87,2.32,1.3,1.77,1.37,0.96,0.35,0.55,4,6,0.98,1.33,0.99,1.37,Medium,Low,1,5,4,381,0.47,0,1,1.7,Foggy,12:30,1,3,0
M0986,Fulham,Wolverhampton,2.15,1.35,1.75,0.89,1.14,1.71,0.38,0.33,6,2,1.34,0.81,1.09,0.88,High,Medium,1,3,6,509,0.48,4,0,1.9,Windy,16:30,1,0,2
M0987,West Ham,Brentford,2.3,1.31,2.02,1.23,1.09,1.63,0.59,0.35,6,3,1.29,0.76,1.3,0.75,Medium,Low,1,7,6,146,0.36,1,4,1.8,Windy,16:30,2,1,2
M0988,Burnley,Wolverhampton,0.64,1.93,1.61,1.15,1.72,1.32,0.49,0.43,5,4,0.76,1.06,0.75,0.86,Low,High,1,3,3,600,0.26,4,0,2.9,Foggy,17:30,1,1,1
M0989,Burnley,Watford,1.65,1.48,1.15,1.3,1.71,1.58,0.39,0.38,2,4,0.78,0.75,0.87,0.82,High,Medium,1,6,7,171,0.35,2,3,3.2,Foggy,16:30,1,1,1
M0990,Brighton,Stoke City,2.09,0.63,2.21,1.0,0.99,2.16,0.68,0.42,7,4,1.28,0.78,1.26,0.75,High,Medium,1,7,4,576,0.39,3,0,1.5,Windy,19:45,2,1,2
M0991,Everton,West Ham,1.64,1.3,1.89,1.67,1.65,1.16,0.6,0.58,6,5,0.87,1.07,0.9,1.08,High,Low,1,4,4,143,0.35,1,3,1.5,Foggy,16:30,2,2,1
M0992,Southampton,Watford,1.46,1.5,1.27,1.11,2.04,1.23,0.34,0.38,4,4,0.77,1.04,0.75,0.9,Low,Medium,1,3,4,129,0.45,2,4,3.4,Overcast,15:00,0,2,0
M0993,Luton Town,Southampton,1.58,2.49,1.31,1.28,1.81,1.36,0.43,0.42,3,4,0.82,0.99,0.78,0.84,High,Medium,1,7,5,598,0.52,1,4,2.8,Rainy,12:30,1,2,0
M0994,Burnley,Middlesbrough,1.36,1.58,1.18,1.49,1.75,1.18,0.45,0.5,3,5,0.75,0.95,0.75,0.91,High,Medium,1,7,6,221,0.58,0,4,3.4,Clear,19:45,0,1,0
M0995,Middlesbrough,Tottenham,1.67,2.28,1.89,1.28,1.17,1.05,0.57,0.31,6,3,1.04,1.14,0.95,1.01,Low,Low,1,5,6,51,0.74,4,1,1.8,Foggy,19:45,3,2,2
M0996,Tottenham,Brentford,1.99,2.16,1.65,1.45,1.58,1.08,0.54,0.52,4,4,1.04,1.34,0.91,1.12,Medium,Low,1,3,3,60,0.68,1,1,1.4,Clear,17:30,2,3,0
M0997,Leeds United,Stoke City,0.78,0.56,1.16,1.2,1.79,2.2,0.37,0.34,3,4,0.85,0.76,0.77,0.75,Low,High,1,7,6,568,0.48,0,4,1.3,Overcast,15:00,0,0,1
M0998,Stoke City,Leicester City,1.53,1.52,1.24,1.33,2.2,1.54,0.37,0.46,3,2,0.75,0.94,0.75,1.02,High,High,1,5,7,521,0.54,3,4,1.9,Windy,14:00,1,2,0
M0999,Arsenal,Manchester City,2.41,3.0,2.02,2.25,1.24,1.02,0.66,0.66,7,8,1.3,1.4,1.13,1.38,High,High,1,3,4,45,0.43,1,4,1.9,Overcast,16:30,1,2,0
M1000,Watford,Southampton,1.75,1.78,1.02,1.01,1.51,1.8,0.32,0.33,3,4,0.99,0.79,0.93,0.75,Medium,Low,1,4,7,135,0.39,1,3,1.9,Rainy,16:30,2,0,2
