timestamp,year,month,day_of_week,hour_of_day,oil_rate_bopd,gor_scf_stb,water_cut_pct,plant_util_pct,flare_press_psig,export_pipe_press_psig,sep_temp_f,ang_vol_est_mmscfd,plant_sat_ratio,flare_intensity_m3_bbl,flare_lag_1h,flare_lag_6h,flare_lag_24h,flare_lag_48h,oil_rate_lag_24h,flare_roll_mean_6h,flare_roll_std_24h,plant_util_roll_mean_6h,oil_rate_roll_max_7d,gor_delta_6h,export_press_delta_1h,wc_delta_24h,compressor_trip_6h,planned_shutdown,workover_active,flare_vol_mmscfd,flare_alert
2021-01-01 00:00:00,2021,1,4,0,24328.0,965.8,48.6,18.9,2.28,415.0,135.2,23.496,0.1546,64.828,,,,,,8.855,,18.9,24328.0,,,,0,0,0,8.855,0
2021-01-01 01:00:00,2021,1,4,1,24124.0,958.3,51.9,19.7,2.02,428.0,134.8,23.117,0.1521,65.783,8.855,,,,,8.882,0.039,19.3,24328.0,,13.0,,0,0,0,8.91,0
2021-01-01 02:00:00,2021,1,4,2,23094.0,1747.8,49.6,26.1,1.77,398.0,135.3,40.363,0.2655,96.334,8.91,,,,,10.085,2.084,21.57,24328.0,,-30.0,,0,0,0,12.491,0
2021-01-01 03:00:00,2021,1,4,3,23891.0,1630.0,49.7,24.7,1.72,436.0,132.5,38.944,0.2562,106.636,12.491,,,,,11.14,2.71,22.35,24328.0,,38.0,,0,0,0,14.304,0
2021-01-01 04:00:00,2021,1,4,4,23984.0,1661.6,49.9,19.1,1.89,417.0,129.1,39.852,0.2622,129.192,14.304,,,,,12.391,3.652,21.7,24328.0,,-19.0,,0,0,0,17.397,0
2021-01-01 05:00:00,2021,1,4,5,23159.0,408.5,52.1,4.7,2.32,477.0,126.9,9.461,0.0622,74.661,17.397,,,,,11.944,3.445,18.87,24328.0,,60.0,,0,0,0,9.708,0
2021-01-01 06:00:00,2021,1,4,6,22118.0,423.6,,10.1,1.73,517.0,131.5,9.368,0.0616,53.268,9.708,8.855,,,,11.571,3.735,17.4,24328.0,-542.2,40.0,,0,0,0,6.615,0
2021-01-01 07:00:00,2021,1,4,7,22556.0,432.6,49.7,8.2,1.14,484.0,130.7,9.758,0.0642,56.158,6.615,8.91,,,,,3.745,15.48,24328.0,,-33.0,,0,0,0,7.112,0
2021-01-01 08:00:00,2021,1,4,8,,,49.9,,2.08,524.0,131.0,,,89.778,7.112,12.491,,,,10.998,3.504,13.55,24328.0,-742.9,40.0,,0,0,0,10.849,0
2021-01-01 09:00:00,2021,1,4,9,22462.0,942.9,46.9,7.2,1.52,486.0,125.3,21.18,0.1393,145.019,10.849,14.304,,,,11.662,4.084,10.63,,-687.1,-38.0,,0,0,0,18.289,1
2021-01-01 10:00:00,2021,1,4,10,21715.0,412.3,49.3,13.1,1.31,471.0,,8.953,0.0589,85.474,18.289,17.397,,,,10.499,,9.63,24328.0,-1249.3,-15.0,,0,0,0,10.421,0
2021-01-01 11:00:00,2021,1,4,11,22599.0,1022.3,47.3,23.5,1.69,432.0,123.5,23.103,0.152,73.587,10.421,9.708,,,,10.437,3.752,12.77,24328.0,613.8,-39.0,,0,0,0,9.337,0
2021-01-01 12:00:00,2021,1,4,12,22865.0,416.9,47.0,10.1,1.98,476.0,120.6,9.532,0.0627,68.587,9.337,,,,,10.802,3.653,12.77,24328.0,-6.7,,,0,0,0,8.805,0
2021-01-01 13:00:00,2021,1,4,13,23260.0,1082.6,46.6,16.1,2.12,463.0,123.5,25.182,0.1657,64.78,8.805,7.112,,,,11.027,3.575,14.08,24328.0,,-13.0,,0,0,0,8.46,0
2021-01-01 14:00:00,2021,1,4,14,23438.0,1819.4,49.8,23.0,1.84,502.0,130.7,42.642,0.2805,130.097,8.46,10.849,,,,12.072,3.809,15.5,24328.0,814.5,39.0,,0,0,0,17.12,0
2021-01-01 15:00:00,2021,1,4,15,24469.0,1041.4,52.4,8.2,1.96,499.0,132.6,25.483,0.1677,157.385,17.12,18.289,,,,12.628,4.502,15.67,24469.0,98.5,-3.0,,0,0,0,21.622,1
2021-01-01 16:00:00,2021,1,4,16,23331.0,1165.3,46.0,,2.14,502.0,135.8,27.189,0.1789,69.057,21.622,10.421,,,,12.398,4.414,16.95,24469.0,753.0,3.0,,0,0,0,9.046,0
2021-01-01 17:00:00,2021,1,4,17,23371.0,402.6,49.2,,1.84,558.0,139.4,9.41,0.0619,111.989,9.046,9.337,,,,13.291,4.339,13.03,24469.0,-619.7,56.0,,0,0,0,14.695,0
2021-01-01 18:00:00,2021,1,4,18,22765.0,410.4,49.9,0.0,2.14,552.0,,9.343,0.0615,131.916,14.695,8.805,,,,,4.368,11.35,24469.0,-6.5,-6.0,,0,0,0,16.861,0
2021-01-01 19:00:00,2021,1,4,19,23824.0,1146.4,48.8,16.0,2.1,532.0,134.2,27.312,0.1797,80.703,16.861,8.46,,,,15.023,4.262,11.33,24469.0,63.8,-20.0,,0,0,0,10.795,0
2021-01-01 20:00:00,2021,1,4,20,23539.0,1152.7,52.1,8.4,2.05,521.0,137.9,,0.1785,192.991,10.795,17.12,,,,16.421,,8.9,24469.0,-666.7,-11.0,,0,0,0,25.506,1
2021-01-01 21:00:00,2021,1,4,21,23756.0,437.0,,7.3,2.18,490.0,134.1,10.382,0.0683,91.273,25.506,21.622,,,,14.846,4.962,8.75,24469.0,-604.4,-31.0,,0,0,0,12.174,0
2021-01-01 22:00:00,2021,1,4,22,22563.0,1682.0,51.7,30.5,1.58,465.0,135.2,37.95,0.2497,93.897,,9.046,,,,15.321,4.851,10.37,,,-25.0,,0,0,0,11.895,0
2021-01-01 23:00:00,2021,1,4,23,23463.0,1147.0,55.4,16.5,1.67,457.0,130.9,,0.1771,103.701,11.895,14.695,,,,15.149,4.748,13.12,24469.0,744.4,-8.0,,0,0,0,13.661,0
2021-01-02 00:00:00,2021,1,5,0,,1677.5,51.4,25.5,2.2,445.0,133.1,39.302,0.2586,83.002,13.661,16.861,8.855,,24328.0,14.158,4.694,17.37,24469.0,1267.1,-12.0,2.8,0,0,0,10.918,0
2021-01-02 01:00:00,2021,1,5,1,22959.0,1251.5,50.3,15.3,1.93,438.0,136.7,28.734,0.189,138.016,10.918,10.795,8.91,,24124.0,15.324,4.725,17.25,24469.0,105.1,-7.0,-1.6,0,0,0,17.791,0
2021-01-02 02:00:00,2021,1,5,2,22110.0,1668.4,50.1,29.3,2.1,426.0,133.9,36.887,0.2427,86.839,17.791,25.506,12.491,,23094.0,12.87,4.748,20.73,24469.0,515.7,-12.0,0.5,0,0,0,10.78,0
2021-01-02 03:00:00,2021,1,5,3,22845.0,356.4,51.4,4.8,2.18,509.0,132.0,8.141,0.0536,92.535,,12.174,14.304,,23891.0,12.819,4.747,20.32,24469.0,-80.6,83.0,1.7,0,0,0,11.869,0
2021-01-02 04:00:00,2021,1,5,4,23436.0,408.9,50.5,9.5,2.18,508.0,137.0,9.582,0.063,55.607,11.869,11.895,17.397,,23984.0,12.056,4.786,16.82,24469.0,-1273.1,-1.0,0.6,0,0,0,7.317,0
2021-01-02 05:00:00,2021,1,5,5,23571.0,1601.3,52.3,31.9,1.36,500.0,136.9,37.744,0.2483,94.823,7.317,13.661,9.708,,23159.0,11.871,4.747,19.38,24469.0,454.3,-8.0,0.2,1,0,0,12.549,0
2021-01-02 06:00:00,2021,1,5,6,23813.0,1421.0,52.0,28.9,2.43,505.0,,33.837,0.2226,166.126,,10.918,6.615,,22118.0,13.753,4.943,19.95,24469.0,-256.5,5.0,3.3,1,0,0,22.211,1
2021-01-02 07:00:00,2021,1,5,7,25727.0,1262.3,53.3,,2.5,456.0,140.3,32.476,0.2137,203.065,22.211,17.791,7.112,,22556.0,15.676,5.743,20.87,,10.8,-49.0,3.6,1,0,0,29.332,1
2021-01-02 08:00:00,2021,1,5,8,24820.0,405.0,52.5,6.0,3.01,479.0,141.4,10.052,0.0661,128.428,29.332,10.78,10.849,,21523.0,16.862,5.741,16.98,25727.0,-1263.4,23.0,2.6,1,0,0,17.897,0
2021-01-02 09:00:00,2021,1,5,9,24615.0,427.6,54.7,0.0,2.53,456.0,136.1,10.526,0.0693,279.531,,11.869,18.289,,22462.0,21.323,7.537,16.18,25727.0,71.2,-23.0,7.8,1,0,0,38.632,1
2021-01-02 10:00:00,2021,1,5,10,23944.0,1239.7,49.3,13.9,2.56,426.0,139.8,29.684,0.1953,193.052,,7.317,10.421,,21715.0,24.429,7.754,16.92,25727.0,830.8,-30.0,0.0,1,0,0,25.953,1
2021-01-02 11:00:00,2021,1,5,11,24322.0,1391.1,50.6,27.0,,436.0,137.1,33.835,0.2226,,25.953,12.549,9.337,,22599.0,25.166,7.622,16.1,25727.0,-210.2,10.0,3.3,1,0,0,16.974,0
2021-01-02 12:00:00,2021,1,5,12,,416.6,52.6,4.2,2.33,417.0,134.4,10.469,0.0689,107.558,16.974,22.211,8.805,,22865.0,23.994,7.456,11.98,25727.0,-1004.4,-19.0,5.6,1,0,0,15.174,0
2021-01-02 13:00:00,2021,1,5,13,25134.0,417.8,51.1,6.7,2.54,453.0,131.7,10.501,0.0691,73.74,,29.332,8.46,,23260.0,20.839,7.374,9.63,,-844.5,36.0,4.5,1,0,0,10.406,0
2021-01-02 14:00:00,2021,1,5,14,24436.0,1206.2,48.8,14.3,1.85,482.0,138.0,,0.1939,284.961,10.406,17.897,17.12,,23438.0,24.373,8.676,11.02,25727.0,801.2,29.0,-1.0,1,0,0,39.096,1
2021-01-02 15:00:00,2021,1,5,15,23450.0,1197.7,50.3,25.2,2.76,444.0,139.8,28.087,0.1848,78.246,39.096,38.632,21.622,,24469.0,19.651,8.757,15.22,25727.0,770.1,-38.0,-2.1,0,0,0,10.302,0
2021-01-02 16:00:00,2021,1,5,16,24491.0,1221.0,49.3,16.8,2.74,457.0,139.3,29.902,0.1967,124.001,10.302,25.953,9.046,,23331.0,18.167,8.585,15.7,25727.0,-18.7,13.0,3.3,0,0,0,17.051,0
2021-01-02 17:00:00,2021,1,5,17,24504.0,1204.9,48.0,17.6,3.0,,134.2,29.524,0.1942,92.928,17.051,16.974,14.695,,23371.0,17.469,8.621,14.13,25727.0,-186.2,-15.0,-1.2,0,0,0,12.785,0
2021-01-02 18:00:00,2021,1,5,18,25113.0,1527.4,48.5,28.8,3.3,426.0,139.2,38.357,0.2523,93.944,12.785,15.174,16.861,,22765.0,17.148,8.662,18.23,25727.0,1110.8,-16.0,-1.4,0,0,0,13.246,0
2021-01-02 19:00:00,2021,1,5,19,24536.0,512.3,46.2,4.6,3.39,460.0,137.2,12.57,0.0827,,13.246,10.406,10.795,,,17.964,8.564,17.88,25727.0,94.5,34.0,-2.6,0,0,0,15.307,0
2021-01-02 20:00:00,2021,1,5,20,24879.0,1247.2,47.9,13.6,3.18,455.0,143.9,31.028,0.2041,,15.307,39.096,,,23539.0,,8.446,17.77,25727.0,41.0,-5.0,,0,0,0,21.83,1
2021-01-02 21:00:00,2021,1,5,21,24191.0,1264.0,47.1,,3.96,502.0,143.0,30.576,0.2012,99.637,21.83,10.302,12.174,,23756.0,15.625,8.415,17.28,25727.0,66.3,47.0,-7.8,0,0,0,13.533,0
2021-01-02 22:00:00,2021,1,5,22,25226.0,1292.8,50.1,18.8,3.63,496.0,139.7,32.611,0.2145,113.165,13.533,17.051,,,22563.0,15.455,8.34,17.62,25727.0,71.8,-6.0,-1.6,0,0,0,16.028,0
2021-01-02 23:00:00,2021,1,5,23,25386.0,1546.9,,25.3,3.67,485.0,144.8,39.271,0.2584,98.687,16.028,12.785,13.661,,,15.668,8.332,18.9,25727.0,342.0,-11.0,-5.2,0,0,0,14.066,0
2021-01-03 00:00:00,2021,1,6,0,,1287.9,51.6,22.6,3.48,564.0,141.8,33.584,0.2209,83.105,14.066,13.246,10.918,8.855,23428.0,15.488,8.293,17.87,26076.0,-239.5,79.0,0.2,0,0,0,12.167,0
2021-01-03 01:00:00,2021,1,6,1,26035.0,1273.6,49.6,20.2,4.38,521.0,137.1,33.157,0.2181,74.26,12.167,15.307,17.791,8.91,22959.0,14.746,8.406,20.47,26076.0,761.3,-43.0,-0.7,0,0,0,10.855,0
2021-01-03 02:00:00,2021,1,6,2,26153.0,510.1,52.4,6.8,3.94,507.0,133.0,13.342,0.0878,221.877,10.855,,10.78,12.491,22110.0,16.538,8.837,19.33,26153.0,-737.1,-14.0,2.3,1,0,0,32.58,1
2021-01-03 03:00:00,2021,1,6,3,26901.0,1298.3,54.5,7.8,4.49,425.0,132.9,34.926,0.2298,280.499,,,11.869,14.304,22845.0,21.344,10.001,16.92,26901.0,,-82.0,3.1,1,0,0,42.366,1
2021-01-03 04:00:00,2021,1,6,4,26663.0,459.9,50.2,15.5,,400.0,133.3,12.261,0.0807,134.488,42.366,16.028,7.317,17.397,23436.0,22.028,9.659,16.37,26901.0,-832.9,-25.0,-0.3,1,0,0,20.133,1
2021-01-03 05:00:00,2021,1,6,5,25924.0,527.1,49.5,8.7,4.84,397.0,135.0,13.664,0.0899,,20.133,14.066,12.549,9.708,23571.0,25.058,9.832,13.6,26901.0,-1019.8,-3.0,-2.8,1,0,0,32.247,1
2021-01-03 06:00:00,2021,1,6,6,25269.0,1228.4,48.4,6.2,4.7,371.0,136.4,31.039,0.2042,243.073,32.247,12.167,22.211,6.615,23813.0,28.778,10.218,10.87,26901.0,-59.5,-26.0,-3.6,1,0,0,34.486,1
2021-01-03 07:00:00,2021,1,6,7,24976.0,1282.3,52.9,19.2,5.14,368.0,134.0,,0.2107,159.06,34.486,,29.332,7.112,25727.0,30.686,10.079,10.7,26901.0,8.7,-3.0,-0.4,1,0,0,22.305,1
2021-01-03 08:00:00,2021,1,6,8,24345.0,1734.6,49.7,27.0,5.03,301.0,,42.23,0.2778,161.208,22.305,32.58,17.897,10.849,24820.0,28.929,10.058,14.07,26901.0,1224.5,-67.0,-2.8,1,0,0,22.035,1
2021-01-03 09:00:00,2021,1,6,9,24342.0,1352.7,52.2,,5.56,291.0,139.6,32.926,0.2166,198.134,,42.366,38.632,18.289,24615.0,26.381,9.447,15.22,26901.0,54.4,-10.0,,1,0,0,27.079,1
2021-01-03 10:00:00,2021,1,6,10,25009.0,1853.2,,29.3,5.52,291.0,136.7,46.346,0.3049,129.666,27.079,20.133,25.953,10.421,23944.0,,9.394,17.52,26901.0,1393.3,0.0,2.3,1,0,0,18.207,1
2021-01-03 11:00:00,2021,1,6,11,24211.0,421.5,53.4,14.2,4.97,342.0,139.7,10.205,0.0671,,18.207,32.247,16.974,9.337,24322.0,23.407,9.405,18.43,26901.0,-105.6,51.0,2.8,1,0,0,16.328,0
2021-01-03 12:00:00,2021,1,6,12,25029.0,1320.2,52.8,21.4,5.23,317.0,142.8,33.043,0.2174,152.639,16.328,34.486,15.174,8.805,25127.0,21.234,9.34,20.97,26901.0,91.8,-25.0,0.2,1,0,0,21.45,1
2021-01-03 13:00:00,2021,1,6,13,23914.0,1939.3,50.2,26.7,5.11,327.0,145.4,,0.3051,161.298,21.45,22.305,10.406,8.46,25134.0,21.126,9.082,22.22,26901.0,657.0,10.0,-0.9,1,0,0,21.657,1
2021-01-03 14:00:00,2021,1,6,14,23544.0,1364.1,49.9,22.7,5.05,279.0,138.2,32.116,0.2113,133.732,21.657,22.035,39.096,17.12,24436.0,,8.254,21.5,26901.0,-370.5,-48.0,1.1,1,0,0,17.678,0
2021-01-03 15:00:00,2021,1,6,15,23937.0,2007.5,51.9,37.3,5.13,281.0,137.6,48.053,0.3161,162.252,17.678,27.079,10.302,21.622,23450.0,19.521,7.982,25.27,26901.0,654.8,2.0,1.6,1,0,0,21.806,1
2021-01-03 16:00:00,2021,1,6,16,24552.0,1278.9,48.5,16.5,4.71,315.0,138.0,31.399,0.2066,102.083,21.806,,17.051,9.046,24491.0,18.832,8.064,23.13,26901.0,-574.3,34.0,-0.8,0,0,0,14.072,0
2021-01-03 17:00:00,2021,1,6,17,24392.0,356.9,,3.3,4.64,348.0,142.2,8.706,,75.034,14.072,16.328,12.785,14.695,24504.0,17.823,8.185,21.32,26901.0,-64.6,33.0,3.7,0,0,0,10.276,0
2021-01-03 18:00:00,2021,1,6,18,25041.0,1275.7,49.2,24.0,4.27,319.0,150.9,31.945,0.2102,49.184,10.276,21.45,13.246,16.861,25113.0,15.401,8.524,21.75,26901.0,-44.5,-29.0,0.7,0,0,0,6.915,0
2021-01-03 19:00:00,2021,1,6,19,24518.0,316.0,50.1,10.5,3.86,280.0,151.2,,0.051,65.328,6.915,21.657,15.307,10.795,24536.0,13.29,8.776,19.05,26901.0,-1623.3,-39.0,3.9,0,0,0,8.993,0
2021-01-03 20:00:00,2021,1,6,20,25164.0,337.6,47.7,2.3,3.28,307.0,158.9,8.494,0.0559,80.483,8.993,17.678,21.83,,24879.0,12.239,8.937,15.65,26901.0,-1026.5,27.0,-0.2,0,0,0,11.371,0
2021-01-03 21:00:00,2021,1,6,21,25275.0,317.9,48.0,0.0,4.19,322.0,157.8,8.036,0.0529,113.714,11.371,,13.533,12.174,24191.0,11.294,8.877,9.43,26901.0,-1689.6,15.0,0.9,0,0,0,16.137,0
2021-01-03 22:00:00,2021,1,6,22,25138.0,339.0,48.1,9.7,4.39,384.0,160.7,8.521,0.0561,79.602,16.137,14.072,16.028,11.895,25226.0,,9.014,8.3,,-939.9,62.0,-2.0,0,0,0,11.235,0
2021-01-03 23:00:00,2021,1,6,23,23573.0,,51.9,21.9,3.23,418.0,163.4,30.627,0.2015,99.522,11.235,10.276,14.066,13.661,25386.0,11.304,9.039,11.4,26901.0,942.3,34.0,1.7,0,0,0,13.172,0
2021-01-04 00:00:00,2021,1,0,0,24048.0,1936.4,48.7,30.0,3.34,409.0,163.7,46.566,0.3064,93.572,13.172,,12.167,10.918,26076.0,12.257,9.024,12.4,26901.0,660.7,-9.0,-2.9,0,0,0,12.634,0
2021-01-04 01:00:00,2021,1,0,1,23464.0,1314.9,53.8,18.4,3.51,453.0,152.7,30.853,0.203,114.02,12.634,8.993,10.855,,26035.0,13.262,8.891,13.72,26901.0,998.9,44.0,4.2,0,0,0,15.021,0
2021-01-04 02:00:00,2021,1,0,2,23647.0,1771.0,48.9,24.3,3.09,430.0,154.3,41.88,0.2755,94.255,15.021,,32.58,10.78,26153.0,13.452,8.553,17.38,26901.0,1433.4,-23.0,-3.5,0,0,0,12.514,0
2021-01-04 03:00:00,2021,1,0,3,24165.0,1260.4,46.9,20.6,3.2,420.0,156.5,30.458,0.2004,81.79,12.514,16.137,,11.869,26901.0,12.612,7.05,20.82,26901.0,942.5,-10.0,-7.6,0,0,0,11.097,0
2021-01-04 04:00:00,2021,1,0,4,25092.0,295.0,47.2,10.5,,434.0,154.3,7.403,0.0487,61.392,11.097,11.235,20.133,7.317,26663.0,12.181,7.247,20.95,26901.0,-44.0,14.0,-3.0,0,0,0,8.649,0
2021-01-04 05:00:00,2021,1,0,5,23764.0,329.8,52.2,2.2,3.28,453.0,157.8,7.837,,82.121,8.649,13.172,32.247,12.549,25924.0,11.812,6.567,17.67,26901.0,,19.0,,0,0,0,10.957,0
2021-01-04 06:00:00,2021,1,0,6,23868.0,1686.2,49.6,26.7,3.0,488.0,157.9,40.246,0.2648,81.868,10.957,12.634,34.486,22.211,25269.0,11.535,5.343,,26901.0,-250.2,35.0,1.2,0,0,0,10.971,0
2021-01-04 07:00:00,2021,1,0,7,24408.0,1322.7,50.0,25.1,3.08,479.0,158.7,32.285,0.2124,79.108,10.971,15.021,22.305,29.332,24976.0,10.838,5.181,18.23,26901.0,7.8,-9.0,-2.9,0,0,0,10.841,0
2021-01-04 08:00:00,2021,1,0,8,24892.0,1676.2,51.0,23.7,2.89,490.0,165.7,41.725,0.2745,132.722,10.841,12.514,22.035,17.897,24345.0,11.844,5.01,18.13,,-94.8,11.0,1.3,0,0,0,18.549,1
2021-01-04 09:00:00,2021,1,0,9,25080.0,290.6,48.1,3.7,3.55,,167.5,7.287,0.0479,75.717,18.549,11.097,27.079,38.632,24342.0,11.772,4.284,15.32,26901.0,-969.8,-10.0,-4.1,0,0,0,10.662,0
2021-01-04 10:00:00,2021,1,0,10,24182.0,1278.3,47.7,21.2,3.6,539.0,169.6,30.911,0.2034,63.386,10.662,8.649,18.207,25.953,25009.0,11.764,4.303,17.1,26901.0,983.3,59.0,,0,0,0,8.606,0
2021-01-04 11:00:00,2021,1,0,11,23939.0,1294.1,49.3,21.9,2.5,448.0,168.5,,0.2038,,8.606,10.957,16.328,16.974,24211.0,11.668,4.298,20.38,26901.0,964.3,-91.0,-4.1,0,0,0,10.378,0
2021-01-04 12:00:00,2021,1,0,12,23379.0,1588.2,48.8,33.6,2.65,441.0,166.3,37.131,0.2443,55.476,10.378,10.971,21.45,15.174,25029.0,11.053,4.076,21.53,26901.0,-98.0,-7.0,-4.0,0,0,0,7.282,0
2021-01-04 13:00:00,2021,1,0,13,22942.0,246.8,46.1,8.4,2.97,,166.1,5.663,0.0373,97.291,7.282,10.841,21.657,10.406,23914.0,11.335,3.587,18.75,26901.0,-1075.9,11.0,-4.1,0,0,0,12.532,0
2021-01-04 14:00:00,2021,1,0,14,22977.0,1661.6,49.2,16.5,3.24,430.0,,38.179,0.2512,230.469,12.532,,17.678,39.096,23544.0,13.199,4.968,17.55,26901.0,-14.6,-22.0,-0.7,1,0,0,29.732,1
2021-01-04 15:00:00,2021,1,0,15,,1218.0,48.5,15.7,3.51,460.0,167.7,27.595,0.1815,214.405,29.732,10.662,,10.302,,15.967,5.501,,26901.0,927.4,30.0,-3.4,1,0,0,27.272,1
2021-01-04 16:00:00,2021,1,0,16,22951.0,1568.8,50.8,22.3,3.27,,167.7,36.006,0.2369,206.689,27.272,8.606,14.072,17.051,24552.0,18.972,6.173,19.73,26901.0,290.5,-7.0,2.3,1,0,0,26.634,1
2021-01-04 17:00:00,2021,1,0,17,,,49.5,19.8,3.0,391.0,174.9,25.638,0.1687,123.956,26.634,10.378,10.276,,24392.0,19.924,6.158,19.38,26901.0,-185.3,-62.0,-2.2,1,0,0,16.092,0
2021-01-04 18:00:00,2021,1,0,18,23481.0,1127.0,50.1,23.2,3.35,401.0,175.4,26.462,0.1741,144.862,16.092,7.282,6.915,13.246,25041.0,21.893,6.078,17.65,26901.0,,10.0,0.9,1,0,0,19.098,1
2021-01-04 19:00:00,2021,1,0,19,24096.0,1125.1,48.3,16.6,3.74,423.0,172.4,27.111,0.1784,139.561,19.098,12.532,8.993,15.307,24518.0,22.952,6.046,19.02,26901.0,,22.0,-1.8,1,0,0,18.881,1
2021-01-04 20:00:00,2021,1,0,20,24251.0,1576.2,48.1,22.2,3.15,441.0,179.1,38.223,0.2515,117.649,18.881,29.732,11.371,21.83,25164.0,20.666,6.012,19.97,,-85.4,18.0,0.4,1,0,0,16.019,0
2021-01-04 21:00:00,2021,1,0,21,24167.0,258.0,50.4,8.0,2.97,400.0,174.2,6.235,0.041,80.715,16.019,27.272,16.137,13.533,25275.0,17.946,6.055,18.68,26901.0,-960.0,,2.4,0,0,0,10.952,0
2021-01-04 22:00:00,2021,1,0,22,23792.0,1272.2,50.2,27.3,,384.0,169.5,30.269,0.1991,75.167,10.952,26.634,11.235,16.028,25138.0,15.18,6.088,19.52,26901.0,-296.6,-16.0,2.1,0,0,0,10.041,0
2021-01-04 23:00:00,2021,1,0,23,22515.0,1268.2,47.3,24.5,1.83,374.0,173.8,28.552,0.1878,106.588,,16.092,13.172,14.066,23573.0,14.744,6.086,20.3,26901.0,159.4,-10.0,-4.6,0,0,0,13.474,0
2021-01-05 00:00:00,2021,1,1,0,,,47.6,17.4,1.57,336.0,170.2,26.97,0.1774,106.15,,19.098,12.634,12.167,24048.0,13.656,6.086,,26901.0,,-38.0,-1.1,0,0,0,12.57,0
2021-01-05 01:00:00,2021,1,1,1,,1337.9,44.3,16.3,2.1,360.0,,26.673,0.1755,97.009,12.57,18.881,15.021,10.855,23464.0,12.319,6.131,19.28,26901.0,212.8,,-9.5,0,0,0,10.859,0
2021-01-05 02:00:00,2021,1,1,2,19625.0,,46.6,16.1,1.79,378.0,173.0,24.934,0.164,84.13,10.859,,12.514,32.58,23647.0,,6.209,18.27,26901.0,-305.7,18.0,-2.3,0,0,0,9.27,0
2021-01-05 03:00:00,2021,1,1,3,19891.0,1297.0,45.0,16.7,1.53,380.0,,,0.1697,116.378,9.27,10.952,11.097,42.366,24165.0,11.535,6.179,19.72,26901.0,1039.0,2.0,-1.9,0,0,0,12.997,0
2021-01-05 04:00:00,2021,1,1,4,18772.0,1276.9,49.0,4.8,0.74,333.0,175.9,23.969,0.1577,248.926,12.997,10.041,8.649,20.133,25092.0,14.234,6.513,,26901.0,4.7,-47.0,1.8,0,0,0,26.236,1
2021-01-05 05:00:00,2021,1,1,5,18894.0,1241.1,48.7,14.7,0.72,397.0,178.7,23.45,0.1543,127.882,26.236,13.474,10.957,32.247,23764.0,,6.464,14.33,26901.0,-27.1,64.0,-3.5,0,0,0,13.566,0
2021-01-05 06:00:00,2021,1,1,6,20107.0,1249.2,48.2,18.7,1.7,429.0,177.7,25.118,0.1653,94.843,13.566,12.57,10.971,34.486,23868.0,,6.471,14.55,26901.0,-29.6,32.0,-1.4,0,0,0,10.707,0
2021-01-05 07:00:00,2021,1,1,7,19771.0,1741.6,50.6,22.7,2.26,423.0,181.1,34.434,0.2265,62.303,10.707,,10.841,22.305,24408.0,,6.632,15.62,26901.0,403.7,-6.0,0.6,0,0,0,6.916,0
2021-01-05 08:00:00,2021,1,1,8,21040.0,1266.8,49.5,12.7,2.28,405.0,176.3,26.654,0.1754,104.46,6.916,9.27,18.549,,24892.0,13.794,6.608,15.05,26901.0,-3.7,-18.0,-1.5,0,0,0,12.34,0
2021-01-05 09:00:00,2021,1,1,9,20061.0,338.2,50.6,8.1,2.24,416.0,177.8,6.785,0.0446,83.607,12.34,12.997,10.662,27.079,25080.0,,6.646,13.62,26901.0,-958.8,11.0,2.5,0,0,0,9.417,0
2021-01-05 10:00:00,2021,1,1,10,20246.0,1348.4,51.0,15.4,1.92,419.0,173.3,27.3,,112.604,9.417,26.236,8.606,18.207,24182.0,,6.534,15.38,26901.0,71.5,3.0,3.3,0,0,0,12.8,0
2021-01-05 11:00:00,2021,1,1,11,19237.0,307.2,49.7,0.0,2.06,405.0,,5.909,0.0389,200.458,12.8,13.566,10.378,16.328,23939.0,12.305,,12.93,26901.0,-933.9,-14.0,0.4,1,0,0,21.651,1
2021-01-05 12:00:00,2021,1,1,12,19008.0,320.9,51.3,0.0,1.19,461.0,168.3,,0.0401,,21.651,10.707,7.282,21.45,23379.0,14.886,,9.82,26901.0,-928.3,56.0,2.5,1,0,0,26.192,1
2021-01-05 13:00:00,2021,1,1,13,19475.0,1340.1,49.1,10.6,1.65,449.0,172.9,26.098,0.1717,213.702,26.192,6.916,12.532,,22942.0,17.628,6.845,7.8,26901.0,,-12.0,3.0,1,0,0,23.367,1
2021-01-05 14:00:00,2021,1,1,14,18462.0,1304.7,50.4,14.0,1.88,455.0,175.0,24.087,0.1585,143.927,23.367,12.34,29.732,17.678,22977.0,18.058,6.246,8.02,26901.0,37.9,6.0,1.2,1,0,0,14.919,0
2021-01-05 15:00:00,2021,1,1,15,18921.0,1262.2,51.0,26.4,1.44,426.0,172.8,23.882,0.1571,105.974,14.919,9.417,27.272,21.806,22655.0,18.364,5.822,11.07,26901.0,924.0,-29.0,2.5,1,0,0,11.258,0
2021-01-05 16:00:00,2021,1,1,16,18799.0,1628.1,47.8,15.1,0.99,409.0,173.5,30.606,0.2014,205.413,11.258,12.8,26.634,14.072,22951.0,19.845,5.479,11.02,26901.0,279.7,-17.0,-3.0,1,0,0,21.681,1
2021-01-05 17:00:00,2021,1,1,17,18668.0,362.5,48.6,0.1,1.18,470.0,170.6,6.767,0.0445,153.903,21.681,21.651,16.092,10.276,23122.0,18.925,5.48,11.03,26901.0,55.3,61.0,-0.9,0,0,0,16.131,0
2021-01-05 18:00:00,2021,1,1,18,17679.0,,49.7,8.9,0.91,,167.6,6.028,0.0397,87.487,,26.192,19.098,6.915,23481.0,16.007,5.557,12.52,26901.0,20.1,-14.0,-0.4,0,0,0,8.684,0
2021-01-05 19:00:00,2021,1,1,19,18082.0,317.8,54.0,3.6,0.63,432.0,162.2,5.746,0.0378,123.43,8.684,23.367,18.881,8.993,24096.0,14.201,5.497,,26901.0,-1022.3,-24.0,5.7,0,0,0,12.531,0
2021-01-05 20:00:00,2021,1,1,20,17794.0,269.8,49.5,0.0,0.89,458.0,156.9,4.801,0.0316,107.251,12.531,14.919,16.019,,24251.0,13.5,5.534,,26901.0,-1034.9,26.0,1.4,0,0,0,10.715,0
2021-01-05 21:00:00,2021,1,1,21,17794.0,1250.1,49.9,20.9,0.82,442.0,159.5,22.244,,86.972,10.715,11.258,10.952,,24167.0,13.072,5.609,8.1,26901.0,-12.1,-16.0,-0.5,0,0,0,8.689,0
2021-01-05 22:00:00,2021,1,1,22,18247.0,1328.9,52.2,11.6,1.14,448.0,155.8,24.248,0.1595,131.119,8.689,21.681,10.041,11.235,23792.0,11.697,5.546,7.52,26901.0,-299.2,6.0,2.0,0,0,0,13.433,0
2021-01-05 23:00:00,2021,1,1,23,19451.0,1331.2,47.4,18.5,1.03,438.0,160.8,,0.1704,49.794,13.433,16.131,13.474,,22515.0,9.915,5.826,10.58,26901.0,968.7,-10.0,0.1,0,0,0,5.438,0
2021-01-06 00:00:00,2021,1,2,0,18543.0,372.8,,8.3,0.91,426.0,159.7,6.913,0.0455,101.872,5.438,8.684,12.57,12.634,21091.0,10.235,5.859,10.48,26901.0,31.8,-12.0,2.9,0,0,0,10.606,0
2021-01-06 01:00:00,2021,1,2,1,,1253.9,53.7,23.0,1.22,426.0,159.0,23.237,0.1529,92.773,10.606,12.531,10.859,15.021,19937.0,9.756,5.89,13.72,26901.0,936.1,0.0,9.4,0,0,0,9.653,0
2021-01-06 02:00:00,2021,1,2,2,19251.0,400.6,49.5,0.1,1.26,460.0,155.7,7.712,0.0507,,9.653,10.715,9.27,,19625.0,9.986,5.825,13.73,26901.0,130.8,34.0,2.9,0,0,0,12.098,0
2021-01-06 03:00:00,2021,1,2,3,18700.0,1315.7,50.1,7.5,,441.0,159.0,24.603,,148.715,12.098,8.689,12.997,11.097,19891.0,11.14,5.833,11.5,,,-19.0,5.1,0,0,0,15.614,0
2021-01-06 04:00:00,2021,1,2,4,20422.0,1312.6,50.4,15.0,1.74,449.0,155.8,26.806,0.1764,113.317,15.614,13.433,26.236,8.649,18772.0,11.067,5.213,12.07,26901.0,-16.3,,1.4,0,0,0,12.993,0
2021-01-06 05:00:00,2021,1,2,5,21604.0,312.4,49.5,10.9,1.43,475.0,156.4,,0.0444,53.29,,5.438,13.566,10.957,,11.238,,10.8,26901.0,-1018.8,26.0,0.8,0,0,0,6.464,0
2021-01-06 06:00:00,2021,1,2,6,21243.0,,47.4,26.9,1.56,446.0,159.0,38.557,0.2537,62.186,6.464,10.606,10.707,10.971,20107.0,,5.505,13.9,26901.0,1442.2,-29.0,-0.8,0,0,0,7.417,0
2021-01-06 07:00:00,2021,1,2,7,22693.0,1263.9,49.8,12.7,1.88,404.0,155.9,28.682,0.1887,103.499,7.417,9.653,,10.841,19771.0,11.295,5.352,12.18,26901.0,10.0,-42.0,-0.8,0,0,0,13.187,0
2021-01-06 08:00:00,2021,1,2,8,21376.0,389.5,51.8,2.2,1.51,396.0,156.8,8.327,0.0548,233.383,13.187,12.098,12.34,18.549,21040.0,13.948,6.138,12.53,26901.0,-11.1,-8.0,2.3,1,0,0,28.01,1
2021-01-06 09:00:00,2021,1,2,9,21789.0,1195.3,47.4,10.0,0.98,,159.1,26.045,0.1713,192.862,28.01,,9.417,10.662,20061.0,15.278,6.369,12.95,26901.0,-120.4,-32.0,-3.2,1,0,0,23.594,1
2021-01-06 10:00:00,2021,1,2,10,20588.0,1253.5,49.0,19.2,0.94,387.0,,25.807,0.1698,221.7,23.594,12.993,12.8,8.606,20246.0,17.383,6.75,13.65,26901.0,-59.1,23.0,-2.0,1,0,0,25.627,1
2021-01-06 11:00:00,2021,1,2,11,,375.5,49.9,1.0,0.2,385.0,158.6,7.654,0.0504,169.745,25.627,6.464,21.651,10.378,19237.0,19.544,6.669,12.0,26901.0,63.1,-2.0,0.2,1,0,0,19.426,1
2021-01-06 12:00:00,2021,1,2,12,19747.0,417.3,50.9,0.0,0.2,317.0,154.1,8.24,0.0542,296.173,19.426,7.417,26.192,7.282,19008.0,23.78,7.269,7.52,26901.0,-1397.7,-68.0,-0.4,1,0,0,32.837,1
2021-01-06 13:00:00,2021,1,2,13,20140.0,1225.2,48.9,15.4,0.23,365.0,153.2,,0.1623,198.2,32.837,13.187,23.367,12.532,19475.0,25.318,7.225,7.97,26901.0,-38.7,48.0,-0.2,1,0,0,22.412,1
2021-01-06 14:00:00,2021,1,2,14,19582.0,1726.2,49.0,14.6,1.22,,157.2,33.803,0.2224,220.829,22.412,28.01,14.919,29.732,18462.0,,7.461,10.03,26901.0,1336.7,-39.0,-1.4,0,0,0,24.279,1
2021-01-06 15:00:00,2021,1,2,15,18557.0,1205.6,48.5,14.0,1.15,308.0,149.8,22.373,0.1472,113.399,24.279,23.594,11.258,27.272,18921.0,22.733,7.448,10.7,26901.0,10.3,-18.0,-2.5,0,0,0,11.815,0
2021-01-06 16:00:00,2021,1,2,16,18192.0,1202.0,49.1,16.1,1.22,364.0,149.0,21.867,0.1439,123.056,11.815,25.627,21.681,26.634,18799.0,20.556,7.354,10.18,26901.0,-51.5,,1.3,0,0,0,12.569,0
2021-01-06 17:00:00,2021,1,2,17,18227.0,1199.8,,14.6,1.29,399.0,147.9,21.868,0.1439,95.606,12.569,19.426,16.131,16.092,18668.0,18.949,,12.45,26901.0,824.3,35.0,3.3,0,0,0,9.784,0
2021-01-06 18:00:00,2021,1,2,18,18561.0,1245.4,50.7,,0.85,363.0,146.1,23.116,0.1521,,9.784,32.837,8.684,19.098,17679.0,15.728,7.321,14.22,26901.0,828.1,-36.0,1.0,0,0,0,13.509,0
2021-01-06 19:00:00,2021,1,2,19,20874.0,400.5,51.7,11.7,1.09,343.0,148.4,8.36,0.055,78.149,13.509,22.412,12.531,18.881,18082.0,13.519,7.404,13.6,26901.0,-824.7,-20.0,-2.3,0,0,0,9.159,0
2021-01-06 20:00:00,2021,1,2,20,22839.0,1327.9,52.0,29.7,0.5,379.0,145.4,30.327,,89.385,9.159,24.279,10.715,16.019,17794.0,11.383,7.387,16.12,26901.0,,36.0,2.5,0,0,0,11.462,0
2021-01-06 21:00:00,2021,1,2,21,24114.0,1684.4,,,0.82,360.0,145.4,40.616,0.2672,70.227,11.462,11.815,8.689,10.952,17794.0,10.998,7.358,18.62,26901.0,478.8,-19.0,3.8,0,0,0,9.508,0
2021-01-06 22:00:00,2021,1,2,22,22898.0,1698.2,48.9,22.3,,348.0,150.4,38.886,0.2558,131.554,9.508,12.569,13.433,10.041,18247.0,11.722,7.36,19.65,26901.0,496.2,-12.0,-3.3,0,0,0,16.913,0
2021-01-06 23:00:00,2021,1,2,23,20891.0,1634.9,51.9,19.8,1.47,354.0,,34.154,0.2247,132.726,16.913,9.784,5.438,13.474,19451.0,12.686,7.061,20.52,26901.0,435.1,6.0,4.5,0,0,0,15.568,0
2021-01-07 00:00:00,2021,1,3,0,21223.0,390.1,52.7,4.8,1.09,313.0,148.0,8.28,0.0545,94.765,15.568,,10.606,12.57,18543.0,12.317,7.041,19.55,26901.0,-855.3,-41.0,2.2,0,0,0,11.292,0
2021-01-07 01:00:00,2021,1,3,1,20267.0,1288.5,51.8,16.2,1.05,374.0,144.2,26.114,0.1718,85.868,11.292,9.159,9.653,10.859,18532.0,12.419,7.037,20.3,26901.0,888.0,61.0,-1.9,0,0,0,9.771,0
2021-01-07 02:00:00,2021,1,3,2,20235.0,1292.0,49.4,20.6,0.67,354.0,149.4,26.145,0.172,67.599,9.771,11.462,12.098,9.27,19251.0,11.789,7.19,18.78,26901.0,-35.9,-20.0,-0.1,0,0,0,7.68,0
2021-01-07 03:00:00,2021,1,3,3,20449.0,370.3,50.4,4.5,1.68,346.0,145.0,7.572,0.0498,69.679,7.68,9.508,15.614,,18700.0,11.537,7.348,14.7,26901.0,-1314.1,-8.0,0.3,0,0,0,8.0,0
2021-01-07 04:00:00,2021,1,3,4,20778.0,326.4,50.9,4.7,0.77,376.0,147.5,6.781,0.0446,60.475,8.0,16.913,,26.236,20422.0,9.894,7.522,11.77,26901.0,-1371.8,30.0,0.5,0,0,0,7.055,0
2021-01-07 05:00:00,2021,1,3,5,21257.0,1311.0,55.7,12.1,0.98,377.0,142.5,27.867,0.1833,135.083,7.055,15.568,6.464,13.566,21604.0,9.987,7.307,,26901.0,-323.9,1.0,,0,0,0,16.122,0
2021-01-07 06:00:00,2021,1,3,6,21196.0,1314.3,52.8,17.8,1.47,,137.3,27.858,0.1833,,16.122,11.292,7.417,10.707,21243.0,9.646,7.23,12.65,26901.0,924.2,-63.0,5.4,0,0,0,9.245,0
2021-01-07 07:00:00,2021,1,3,7,21023.0,1347.8,50.6,23.0,1.48,387.0,135.6,28.336,0.1864,79.239,9.245,9.771,13.187,6.916,22693.0,9.576,7.322,13.78,26901.0,59.3,73.0,0.8,0,0,0,9.353,0
2021-01-07 08:00:00,2021,1,3,8,20094.0,308.3,52.2,0.0,2.4,393.0,134.2,6.195,0.0408,119.412,9.353,7.68,28.01,12.34,21376.0,10.541,6.8,10.35,26901.0,-983.7,6.0,0.4,0,0,0,13.472,0
2021-01-07 09:00:00,2021,1,3,9,,1349.7,49.5,11.1,2.07,402.0,132.4,26.631,0.1752,181.863,13.472,,23.594,9.417,21789.0,12.566,6.636,11.45,26901.0,979.4,9.0,2.1,0,0,0,20.148,1
2021-01-07 10:00:00,2021,1,3,10,18766.0,389.0,51.0,5.1,2.26,412.0,133.0,7.299,0.048,99.864,20.148,7.055,25.627,12.8,20588.0,13.144,6.235,11.52,26901.0,62.6,10.0,2.0,0,0,0,10.522,0
2021-01-07 11:00:00,2021,1,3,11,19518.0,394.3,50.7,0.9,2.62,379.0,123.8,7.697,0.0506,117.826,10.522,16.122,19.426,21.651,20383.0,12.609,6.121,9.65,26901.0,-916.7,-33.0,0.8,0,0,0,12.912,0
2021-01-07 12:00:00,2021,1,3,12,20818.0,1275.8,50.4,19.1,2.07,395.0,120.0,26.559,0.1747,69.111,12.912,9.245,32.837,26.192,,12.414,4.638,9.87,26901.0,,16.0,-0.5,0,0,0,8.078,0
2021-01-07 13:00:00,2021,1,3,13,20054.0,405.5,48.8,10.9,2.02,409.0,122.3,8.131,0.0535,105.564,8.078,9.353,22.412,23.367,20140.0,,4.132,7.85,,-942.3,14.0,,0,0,0,11.886,0
2021-01-07 14:00:00,2021,1,3,14,21231.0,1649.5,50.9,21.0,2.08,431.0,,35.02,0.2304,100.039,,13.472,24.279,14.919,19582.0,12.578,3.215,11.35,26901.0,1341.2,22.0,1.9,0,0,0,11.925,0
2021-01-07 15:00:00,2021,1,3,15,20882.0,1321.4,48.4,26.0,2.26,444.0,122.3,27.594,0.1815,114.062,11.925,20.148,11.815,11.258,18557.0,11.449,3.236,13.83,26901.0,-28.3,13.0,-0.1,0,0,0,13.373,0
2021-01-07 16:00:00,2021,1,3,16,20169.0,405.3,50.2,13.3,2.97,392.0,121.5,8.175,0.0538,67.282,13.373,10.522,12.569,21.681,18192.0,10.966,3.33,15.2,26901.0,16.3,-52.0,1.1,0,0,0,7.619,0
2021-01-07 17:00:00,2021,1,3,17,19479.0,391.2,47.9,6.5,2.63,406.0,121.4,7.619,0.0501,90.238,7.619,12.912,9.784,16.131,18227.0,10.458,3.329,16.13,26901.0,-3.1,14.0,-4.0,0,0,0,9.869,0
2021-01-07 18:00:00,2021,1,3,18,19906.0,1387.3,50.1,15.6,2.71,394.0,117.5,27.616,0.1817,126.839,9.869,8.078,13.509,8.684,18561.0,11.475,3.349,15.55,26901.0,111.5,-12.0,-0.6,0,0,0,14.176,0
2021-01-07 19:00:00,2021,1,3,19,20486.0,386.9,50.0,3.2,3.02,359.0,116.3,7.927,0.0522,93.21,14.176,11.886,9.159,12.531,20874.0,,3.318,14.27,26901.0,-18.6,-35.0,-1.7,0,0,0,10.721,0
2021-01-07 20:00:00,2021,1,3,20,20285.0,375.9,50.3,9.3,3.38,406.0,106.6,7.626,0.0502,,10.721,11.925,11.462,10.715,22839.0,10.467,3.442,12.32,26901.0,-1273.6,47.0,-1.7,0,0,0,7.042,0
2021-01-07 21:00:00,2021,1,3,21,21148.0,1423.2,,17.4,3.06,392.0,104.3,30.097,0.198,98.242,7.042,13.373,9.508,8.689,24114.0,10.182,3.42,10.88,26901.0,101.8,-14.0,-3.4,0,0,0,11.665,0
2021-01-07 22:00:00,2021,1,3,22,20300.0,371.7,52.2,,2.31,393.0,113.1,7.545,0.0496,150.944,11.665,7.619,16.913,13.433,22898.0,11.779,3.441,,26901.0,-33.6,1.0,3.3,0,0,0,17.204,0
2021-01-07 23:00:00,2021,1,3,23,21153.0,1409.2,51.3,15.3,2.65,436.0,110.5,29.81,0.1961,122.241,17.204,9.869,15.568,5.438,20891.0,12.554,3.392,10.13,26901.0,1018.0,43.0,-0.6,0,0,0,14.518,0
2021-01-08 00:00:00,2021,1,4,0,21172.0,1380.0,45.2,20.7,2.78,474.0,107.2,29.218,0.1922,71.59,14.518,14.176,11.292,10.606,21223.0,11.61,3.443,10.98,26901.0,-7.3,38.0,-7.5,0,0,0,8.51,0
2021-01-08 01:00:00,2021,1,4,1,21443.0,404.6,47.4,0.0,2.17,450.0,109.7,8.676,0.0571,121.236,8.51,,9.771,9.653,20267.0,12.256,3.492,10.45,26901.0,17.7,-24.0,,0,0,0,14.596,0
2021-01-08 02:00:00,2021,1,4,2,21583.0,1488.9,48.9,25.3,2.01,441.0,110.0,32.136,0.2114,104.985,14.596,7.042,7.68,12.098,20235.0,13.202,3.403,13.12,26901.0,1113.0,-9.0,-0.5,0,0,0,12.722,0
2021-01-08 03:00:00,2021,1,4,3,,1442.9,48.5,24.0,2.07,435.0,111.1,30.382,0.1999,55.176,12.722,,8.0,15.614,20449.0,12.346,3.485,14.22,26901.0,19.7,-6.0,-1.9,0,0,0,6.523,0
2021-01-08 04:00:00,2021,1,4,4,21546.0,1375.9,50.2,20.5,1.69,392.0,109.1,29.646,0.195,52.69,6.523,17.204,7.055,12.993,20778.0,10.54,,17.63,26901.0,1004.2,-43.0,-0.7,0,0,0,6.374,0
2021-01-08 05:00:00,2021,1,4,5,21487.0,409.8,51.3,4.1,2.14,401.0,105.5,8.806,,82.103,,,16.122,6.464,21257.0,9.772,3.407,15.77,26901.0,-999.4,9.0,-4.4,0,0,0,9.905,0
2021-01-08 06:00:00,2021,1,4,6,20423.0,1364.7,50.6,19.8,1.86,403.0,111.8,27.872,0.1834,97.474,9.905,8.51,9.245,7.417,21196.0,10.216,3.378,15.62,26901.0,-15.3,2.0,-2.2,0,0,0,11.177,0
2021-01-08 07:00:00,2021,1,4,7,19218.0,375.2,46.2,6.6,1.78,463.0,110.0,7.21,0.0474,61.343,11.177,14.596,9.353,13.187,21023.0,8.887,3.495,16.72,26901.0,-29.4,60.0,-4.4,0,0,0,6.619,0
2021-01-08 08:00:00,2021,1,4,8,19079.0,1292.5,49.2,20.4,1.92,415.0,118.4,24.659,0.1622,62.929,6.619,12.722,13.472,28.01,20094.0,7.89,3.583,15.9,26901.0,-196.4,-48.0,-3.0,0,0,0,6.741,0
2021-01-08 09:00:00,2021,1,4,9,20606.0,394.2,51.2,8.2,1.77,455.0,120.9,8.122,0.0534,229.588,6.741,6.523,20.148,23.594,19732.0,11.23,4.431,13.27,,-1048.7,40.0,1.7,1,0,0,26.562,1
2021-01-08 10:00:00,2021,1,4,10,20912.0,1452.1,49.8,22.1,1.04,466.0,119.9,30.366,0.1998,156.985,26.562,6.374,10.522,25.627,18766.0,13.239,4.659,13.53,26901.0,76.2,11.0,-1.2,1,0,0,18.432,1
2021-01-08 11:00:00,2021,1,4,11,21019.0,396.5,50.3,4.1,1.52,469.0,116.7,8.334,0.0548,203.122,18.432,9.905,12.912,19.426,19518.0,15.584,5.295,13.53,26901.0,-13.3,3.0,-0.4,1,0,0,23.971,1
2021-01-08 12:00:00,2021,1,4,12,21090.0,1535.9,49.2,20.8,1.12,461.0,117.5,32.391,0.2131,144.775,23.971,11.177,8.078,32.837,20818.0,16.578,5.319,13.7,26901.0,171.2,-8.0,-1.2,1,0,0,17.143,0
2021-01-08 13:00:00,2021,1,4,13,22053.0,1633.0,52.0,13.8,1.27,493.0,116.5,36.012,0.2369,210.639,17.143,6.619,11.886,22.412,20054.0,19.822,5.997,14.9,26901.0,1257.8,32.0,3.2,1,0,0,26.081,1
2021-01-08 14:00:00,2021,1,4,14,22186.0,1289.6,50.6,21.0,1.26,516.0,116.1,28.612,0.1882,154.008,26.081,6.741,11.925,24.279,21231.0,21.896,6.119,15.0,26901.0,-2.9,23.0,-0.3,1,0,0,19.184,1
2021-01-08 15:00:00,2021,1,4,15,21747.0,448.4,50.3,2.3,1.45,523.0,114.0,9.751,0.0642,85.233,19.184,26.562,13.373,11.815,20882.0,19.203,,14.02,26901.0,,7.0,1.9,0,0,0,10.407,0
2021-01-08 16:00:00,2021,1,4,16,23092.0,1334.6,49.9,18.2,0.84,535.0,118.0,30.82,0.2028,124.425,10.407,18.432,7.619,12.569,20169.0,18.82,6.056,13.37,26901.0,-117.5,12.0,-0.3,1,0,0,16.132,0
2021-01-08 17:00:00,2021,1,4,17,23082.0,1495.5,50.2,25.3,1.63,523.0,120.7,34.518,,200.632,16.132,23.971,9.869,,19479.0,19.158,6.503,16.9,26901.0,1099.0,-12.0,2.3,1,0,0,26.001,1
2021-01-08 18:00:00,2021,1,4,18,24460.0,1206.1,50.1,11.9,1.57,532.0,114.9,29.503,0.1941,188.593,26.001,17.143,14.176,13.509,19906.0,20.618,6.923,15.42,26901.0,-329.8,9.0,0.0,1,0,0,25.9,1
2021-01-08 19:00:00,2021,1,4,19,24774.0,1222.1,,19.2,1.86,536.0,115.9,30.275,0.1992,137.653,25.9,26.081,10.721,9.159,20486.0,19.462,6.923,16.32,26901.0,-410.9,4.0,-1.6,1,0,0,19.147,1
2021-01-08 20:00:00,2021,1,4,20,23494.0,,50.0,4.2,1.61,532.0,115.7,9.989,0.0657,106.399,19.147,19.184,7.042,11.462,,18.604,6.713,13.52,26901.0,-864.4,-4.0,-0.3,1,0,0,14.035,0
2021-01-08 21:00:00,2021,1,4,21,22916.0,1410.0,49.5,22.7,1.53,548.0,112.5,32.312,0.2126,214.108,14.035,10.407,11.665,9.508,21148.0,21.46,7.1,16.92,26901.0,961.6,16.0,-0.8,1,0,0,27.548,1
2021-01-08 22:00:00,2021,1,4,22,24369.0,489.9,49.8,6.4,2.06,523.0,113.9,11.938,,,27.548,16.132,17.204,,20300.0,22.157,7.15,14.95,26901.0,-844.7,-25.0,-2.4,1,0,0,20.312,1
2021-01-08 23:00:00,2021,1,4,23,,474.5,48.2,12.8,2.08,505.0,113.6,12.032,0.0792,95.031,20.312,26.001,,15.568,21153.0,20.079,,12.87,26901.0,-1021.0,-18.0,-3.1,1,0,0,13.53,0
2021-01-09 00:00:00,2021,1,5,0,24204.0,446.3,49.6,7.6,2.05,525.0,119.0,10.801,0.0711,133.669,13.53,25.9,8.51,11.292,21172.0,18.79,,12.15,,-759.8,20.0,4.4,1,0,0,18.165,1
2021-01-09 01:00:00,2021,1,5,1,24176.0,1182.5,49.4,25.9,1.75,535.0,123.2,28.588,0.1881,113.829,18.165,19.147,14.596,9.771,21443.0,,6.976,13.27,26901.0,-39.6,10.0,2.0,1,0,0,15.451,0
2021-01-09 02:00:00,2021,1,5,2,24903.0,1478.5,50.2,32.0,2.06,488.0,123.0,36.819,0.2422,,15.451,14.035,12.722,7.68,21583.0,19.731,7.058,17.9,26901.0,1053.3,-47.0,1.3,1,0,0,23.381,1
2021-01-09 03:00:00,2021,1,5,3,23991.0,,48.1,21.4,1.95,521.0,127.2,26.652,0.1753,105.346,23.381,27.548,6.523,8.0,21056.0,17.505,6.728,17.68,26901.0,-299.1,33.0,-0.4,1,0,0,14.19,0
2021-01-09 04:00:00,2021,1,5,4,23874.0,436.6,46.8,1.6,2.7,,131.7,10.423,0.0686,146.245,14.19,20.312,6.374,7.055,21546.0,17.387,6.319,16.88,26901.0,-53.3,-24.0,-3.4,1,0,0,19.603,1
2021-01-09 05:00:00,2021,1,5,5,24265.0,1030.6,48.7,19.0,2.79,467.0,,25.008,0.1645,132.401,19.603,13.53,9.905,16.122,21487.0,,6.085,17.92,26901.0,556.1,,-2.6,1,0,0,18.038,1
2021-01-09 06:00:00,2021,1,5,6,23858.0,1014.2,46.3,12.0,3.35,450.0,136.7,24.197,0.1592,132.211,18.038,18.165,11.177,9.245,20423.0,18.062,5.899,18.65,26901.0,567.9,-17.0,-4.3,1,0,0,17.71,0
2021-01-09 07:00:00,2021,1,5,7,,1038.3,49.2,25.4,2.38,466.0,139.9,24.856,0.1635,99.552,17.71,15.451,6.619,9.353,19218.0,17.717,5.451,18.57,26901.0,-144.2,16.0,3.0,0,0,0,13.38,0
2021-01-09 08:00:00,2021,1,5,8,22929.0,440.8,47.7,,2.21,463.0,142.6,10.108,0.0665,155.169,13.38,23.381,6.741,13.472,,17.15,4.81,13.63,26901.0,-1037.7,,-1.5,0,0,0,19.976,1
2021-01-09 09:00:00,2021,1,5,9,24178.0,1041.3,45.7,6.5,1.41,451.0,,25.177,0.1656,176.789,19.976,14.19,26.562,20.148,20606.0,18.784,4.669,11.15,26901.0,-69.6,-12.0,-5.5,0,0,0,23.999,1
2021-01-09 10:00:00,2021,1,5,10,24956.0,1086.4,43.6,7.9,2.02,454.0,144.2,27.113,0.1784,177.879,23.999,19.603,18.432,10.522,20912.0,19.671,4.807,12.2,26901.0,649.8,3.0,-6.2,0,0,0,24.924,1
2021-01-09 11:00:00,2021,1,5,11,25175.0,1469.6,45.7,18.7,1.66,424.0,140.7,36.999,0.2434,122.719,24.924,18.038,,12.912,21019.0,19.556,4.729,12.15,26901.0,439.0,-30.0,-4.6,0,0,0,17.346,0
2021-01-09 12:00:00,2021,1,5,12,25446.0,1050.7,46.6,18.4,1.5,454.0,142.9,26.738,0.1759,101.926,17.346,17.71,17.143,8.078,21090.0,19.031,4.807,13.22,,36.5,30.0,-2.6,0,0,0,14.562,0
2021-01-09 13:00:00,2021,1,5,13,23724.0,422.7,44.8,10.7,1.72,427.0,146.2,10.029,0.066,90.375,14.562,13.38,26.081,11.886,22053.0,18.807,4.778,10.77,26901.0,-615.6,-27.0,-7.2,0,0,0,12.038,0
2021-01-09 14:00:00,2021,1,5,14,23576.0,1038.8,46.4,10.7,1.94,420.0,150.6,24.492,0.1611,143.976,12.038,19.976,19.184,11.925,22186.0,18.655,4.778,12.15,26901.0,598.0,-7.0,-4.2,0,0,0,19.058,1
2021-01-09 15:00:00,2021,1,5,15,23109.0,,48.0,11.5,,443.0,152.1,9.367,0.0616,92.017,19.058,23.999,10.407,13.373,21747.0,16.644,4.673,12.98,26901.0,-636.0,23.0,-2.3,0,0,0,11.939,0
2021-01-09 16:00:00,2021,1,5,16,,,49.9,20.6,2.17,417.0,145.9,32.283,0.2124,119.471,11.939,24.924,16.132,7.619,23092.0,14.947,4.714,15.1,26901.0,383.0,-26.0,0.0,0,0,0,14.737,0
2021-01-09 17:00:00,2021,1,5,17,21669.0,1125.5,48.9,12.2,2.1,408.0,143.3,24.39,0.1605,135.284,14.737,17.346,26.001,9.869,,14.799,4.452,14.02,26901.0,-344.1,-9.0,-1.3,0,0,0,16.459,0
2021-01-09 18:00:00,2021,1,5,18,20709.0,397.1,46.9,2.8,1.97,,146.9,8.223,0.0541,146.26,16.459,14.562,25.9,14.176,24460.0,15.206,4.138,11.42,26901.0,-653.6,,-3.2,0,0,0,17.006,0
2021-01-09 19:00:00,2021,1,5,19,21763.0,1121.3,48.8,22.8,1.75,379.0,146.8,24.403,0.1605,102.021,17.006,12.038,,10.721,24774.0,15.278,4.264,13.43,26901.0,698.6,-14.0,0.4,0,0,0,12.466,0
2021-01-09 20:00:00,2021,1,5,20,21542.0,393.4,47.6,2.2,1.68,426.0,144.7,8.475,0.0558,123.027,12.466,19.058,14.035,7.042,23494.0,14.581,4.238,12.02,26901.0,-645.4,47.0,-2.4,0,0,0,14.88,0
2021-01-09 21:00:00,2021,1,5,21,20807.0,939.9,47.8,13.8,1.78,421.0,137.6,19.557,0.1287,120.525,14.88,11.939,27.548,11.665,22916.0,14.938,3.712,12.4,26901.0,534.6,-5.0,-1.7,0,0,0,14.08,0
2021-01-09 22:00:00,2021,1,5,22,20592.0,2416.3,47.0,38.3,1.06,395.0,141.5,49.756,0.3273,117.813,14.08,14.737,20.312,17.204,24369.0,14.752,,15.35,26901.0,946.9,-26.0,-2.8,0,0,0,13.621,0
2021-01-09 23:00:00,2021,1,5,23,20195.0,2481.7,45.3,29.8,1.22,376.0,143.5,50.118,0.3297,165.575,13.621,16.459,13.53,14.518,25358.0,,3.661,18.28,26901.0,,-19.0,-2.9,0,0,0,18.774,1
2021-01-10 00:00:00,2021,1,6,0,21382.0,3200.0,41.8,46.1,1.56,428.0,143.8,68.423,0.4501,89.97,18.774,17.006,18.165,8.51,24204.0,14.104,3.855,25.5,26901.0,2802.9,52.0,-7.8,0,0,0,10.801,0
2021-01-10 01:00:00,2021,1,6,1,21509.0,2524.7,46.9,43.2,2.49,356.0,142.1,54.304,0.3573,83.435,10.801,12.466,15.451,14.596,24176.0,13.705,4.075,28.9,26901.0,1403.4,-72.0,-2.5,0,0,0,10.076,0
2021-01-10 02:00:00,2021,1,6,2,22727.0,894.6,,2.5,1.85,340.0,147.3,20.333,0.1338,216.093,10.076,14.88,23.381,12.722,24903.0,15.821,4.46,28.95,26901.0,501.2,-16.0,-4.5,1,0,0,27.574,1
2021-01-10 03:00:00,2021,1,6,3,22924.0,2674.7,46.1,42.8,1.77,342.0,154.6,61.315,0.4034,147.667,27.574,14.08,14.19,6.523,23991.0,16.642,,33.78,26663.0,1734.8,2.0,-2.0,1,0,0,19.006,1
2021-01-10 04:00:00,2021,1,6,4,21933.0,2533.3,44.1,39.3,1.81,338.0,155.0,55.562,0.3655,201.95,19.006,13.621,19.603,6.374,23874.0,18.517,4.725,33.95,25924.0,117.0,-4.0,-2.7,1,0,0,24.869,1
2021-01-10 05:00:00,2021,1,6,5,22225.0,881.2,44.8,9.1,1.36,382.0,149.5,19.586,0.1289,169.196,24.869,18.774,,9.905,,18.906,4.796,30.5,25446.0,-1600.5,44.0,-3.9,1,0,0,21.113,1
2021-01-10 06:00:00,2021,1,6,6,22442.0,2985.9,45.6,36.8,1.78,388.0,150.5,67.011,0.4409,305.558,21.113,10.801,17.71,11.177,23858.0,23.523,6.49,28.95,25446.0,,6.0,-0.7,1,0,0,38.501,1
2021-01-10 07:00:00,2021,1,6,7,22665.0,2963.3,45.8,51.2,1.76,407.0,151.6,,0.4419,187.098,38.501,10.076,13.38,6.619,23938.0,25.812,6.519,30.28,25446.0,438.6,19.0,-3.4,1,0,0,23.809,1
2021-01-10 08:00:00,2021,1,6,8,21572.0,893.2,45.5,16.9,1.42,398.0,146.5,19.267,0.1268,63.03,23.809,27.574,19.976,6.741,,22.489,6.867,32.68,25446.0,-1.4,-9.0,-2.2,0,0,0,7.634,0
2021-01-10 09:00:00,2021,1,6,9,22601.0,2397.6,44.0,40.1,1.58,397.0,148.0,54.19,0.3565,109.153,,19.006,23.999,26.562,24178.0,21.629,6.786,32.23,25446.0,-277.1,-1.0,-1.7,0,0,0,13.851,0
2021-01-10 10:00:00,2021,1,6,10,22149.0,2332.0,49.5,33.2,1.16,403.0,147.6,51.65,0.3398,117.146,13.851,24.869,24.924,18.432,24956.0,19.913,6.618,31.22,25446.0,,6.0,5.9,0,0,0,14.568,0
2021-01-10 11:00:00,2021,1,6,11,23888.0,,47.1,16.1,1.46,390.0,152.5,19.096,0.1256,92.282,14.568,21.113,17.346,23.971,25175.0,18.457,6.685,32.38,25446.0,-81.8,-13.0,1.4,0,0,0,12.377,0
2021-01-10 12:00:00,2021,1,6,12,24954.0,2300.1,46.8,32.1,1.58,502.0,152.7,57.397,0.3776,123.406,12.377,38.501,14.562,17.143,25446.0,,6.668,,25446.0,-685.8,112.0,0.2,0,0,0,17.29,0
2021-01-10 13:00:00,2021,1,6,13,24489.0,769.3,46.5,,1.84,486.0,149.7,18.84,0.1239,168.544,17.29,23.809,12.038,26.081,23724.0,14.816,6.7,23.07,25446.0,-2194.0,-16.0,1.7,0,0,0,23.174,1
2021-01-10 14:00:00,2021,1,6,14,24695.0,735.9,49.2,,1.65,442.0,150.3,18.174,0.1196,88.711,23.174,7.634,19.058,19.184,23576.0,15.593,6.769,22.52,25446.0,-157.3,-44.0,2.8,0,0,0,12.3,0
2021-01-10 15:00:00,2021,1,6,15,23632.0,2797.5,49.2,42.1,1.91,508.0,149.0,66.111,0.4349,107.436,12.3,13.851,11.939,10.407,23109.0,15.661,6.708,22.85,25446.0,399.9,66.0,1.2,0,0,0,14.255,0
2021-01-10 16:00:00,2021,1,6,16,23107.0,2184.3,45.3,32.2,0.97,553.0,144.4,50.474,0.3321,,14.255,14.568,14.737,16.132,,14.763,6.891,22.68,25446.0,-147.7,45.0,,0,0,0,9.18,0
2021-01-10 17:00:00,2021,1,6,17,23149.0,785.2,46.7,8.6,2.43,491.0,152.1,18.177,0.1196,110.585,9.18,12.377,16.459,26.001,21669.0,15.095,,21.43,25446.0,-14.2,-62.0,-2.2,0,0,0,14.373,0
2021-01-10 18:00:00,2021,1,6,18,23466.0,2093.6,45.3,,2.9,508.0,151.3,49.127,0.3232,72.439,14.373,17.29,17.006,25.9,20709.0,13.804,7.072,23.77,25446.0,-206.5,17.0,-1.6,0,0,0,9.544,0
2021-01-10 19:00:00,2021,1,6,19,23412.0,2568.9,45.6,35.9,2.78,533.0,156.0,60.145,0.3957,99.507,9.544,23.174,12.466,19.147,21763.0,12.122,7.057,29.75,25446.0,1799.6,25.0,-3.2,0,0,0,13.08,0
2021-01-10 20:00:00,2021,1,6,20,22387.0,1844.5,,36.7,3.46,432.0,,41.293,0.2717,,13.08,12.3,14.88,14.035,21542.0,,7.203,33.6,25446.0,1108.6,-101.0,-1.8,0,0,0,9.385,0
2021-01-10 21:00:00,2021,1,6,21,20670.0,2416.4,46.2,33.6,3.1,459.0,156.1,49.946,0.3286,59.843,9.385,14.255,14.08,27.548,20807.0,10.418,7.446,32.18,25446.0,-381.1,27.0,-1.6,0,0,0,6.945,0
2021-01-10 22:00:00,2021,1,6,22,21101.0,2214.1,47.9,27.5,3.34,433.0,156.6,46.72,0.3074,97.448,6.945,9.18,13.621,20.312,20592.0,10.812,7.488,31.4,25446.0,29.8,-26.0,0.9,0,0,0,11.545,0
2021-01-10 23:00:00,2021,1,6,23,20411.0,,47.4,2.3,3.27,431.0,150.8,13.542,0.0891,133.701,11.545,14.373,18.774,13.53,20195.0,10.97,7.465,30.35,25446.0,-121.7,-2.0,2.1,0,0,0,15.322,0
2021-01-11 00:00:00,2021,1,0,0,21003.0,1531.9,49.2,11.6,4.01,409.0,150.4,32.174,0.2117,190.489,15.322,9.544,10.801,18.165,21382.0,13.123,7.501,24.6,25446.0,-561.7,-22.0,7.4,0,0,0,22.463,1
2021-01-11 01:00:00,2021,1,0,1,20245.0,1590.5,44.6,22.9,,437.0,146.5,32.201,0.2118,61.187,22.463,13.08,10.076,,21509.0,12.103,7.64,22.43,25446.0,-978.4,,-2.3,0,0,0,6.955,0
2021-01-11 02:00:00,2021,1,0,2,20258.0,1553.2,47.8,22.0,3.7,429.0,,31.465,0.207,82.179,,9.385,27.574,23.381,22727.0,12.096,7.363,19.98,25446.0,-291.3,-8.0,2.1,0,0,0,9.347,0
2021-01-11 03:00:00,2021,1,0,3,18475.0,1554.5,44.9,14.5,3.82,484.0,144.7,28.719,0.1889,146.043,,6.945,19.006,14.19,22924.0,13.464,,16.8,25446.0,-861.9,55.0,-1.2,0,0,0,15.149,0
2021-01-11 04:00:00,2021,1,0,4,17670.0,506.1,47.0,3.8,3.59,526.0,143.1,8.942,0.0588,131.308,15.149,11.545,24.869,19.603,21933.0,13.711,7.044,12.85,25446.0,-1708.0,42.0,2.9,0,0,0,13.027,0
2021-01-11 05:00:00,2021,1,0,5,19079.0,506.1,48.2,7.7,2.55,,146.2,9.657,0.0635,68.988,13.027,15.322,21.113,18.038,22225.0,12.388,7.066,13.75,,-157.4,9.0,3.4,0,0,0,7.39,0
2021-01-11 06:00:00,2021,1,0,6,,1613.4,47.1,11.3,2.84,511.0,152.0,29.025,0.191,176.553,7.39,22.463,38.501,17.71,22442.0,11.617,4.91,13.7,25446.0,81.5,-24.0,1.5,0,0,0,17.832,0
2021-01-11 07:00:00,2021,1,0,7,18043.0,1534.0,47.9,18.2,1.36,411.0,153.3,27.678,0.1821,85.959,17.832,6.955,23.809,13.38,22665.0,11.909,4.461,12.92,25446.0,-56.5,-100.0,2.1,0,0,0,8.708,0
2021-01-11 08:00:00,2021,1,0,8,19188.0,1450.3,48.9,18.8,2.19,446.0,150.7,27.828,0.1831,83.846,8.708,9.347,7.634,19.976,21572.0,11.856,4.4,12.38,25446.0,-102.9,35.0,3.4,0,0,0,9.033,0
2021-01-11 09:00:00,2021,1,0,9,22092.0,1450.0,51.2,23.6,,432.0,150.9,32.034,0.2107,79.952,9.033,15.149,13.851,23.999,22601.0,10.984,,,25446.0,-104.5,-14.0,7.2,0,0,0,9.917,0
2021-01-11 10:00:00,2021,1,0,10,21269.0,514.3,47.0,0.0,1.67,462.0,150.3,10.938,0.072,158.789,9.917,13.027,14.568,24.924,22149.0,11.974,4.603,13.27,25446.0,8.2,30.0,-2.5,0,0,0,18.962,1
2021-01-11 11:00:00,2021,1,0,11,20517.0,,49.5,13.5,1.04,476.0,149.4,10.467,0.0689,71.757,18.962,7.39,12.377,17.346,23888.0,12.12,4.695,14.23,25446.0,4.1,14.0,2.4,0,0,0,8.266,0
2021-01-11 12:00:00,2021,1,0,12,21219.0,1297.8,50.1,29.1,1.46,436.0,147.0,27.538,0.1812,49.7,8.266,17.832,17.29,14.562,24954.0,10.135,4.779,,25446.0,-315.6,-40.0,3.3,0,0,0,5.921,0
2021-01-11 13:00:00,2021,1,0,13,22286.0,,48.5,18.1,1.67,454.0,141.8,28.492,0.1874,79.352,5.921,8.708,23.174,12.038,24489.0,10.338,4.18,17.18,25446.0,-255.5,18.0,2.0,0,0,0,9.929,0
2021-01-11 14:00:00,2021,1,0,14,21171.0,1287.2,52.5,,2.24,430.0,145.3,27.251,0.1793,145.331,9.929,9.033,12.3,19.058,24695.0,11.712,4.336,16.1,25446.0,-163.1,-24.0,3.3,0,0,0,17.275,0
2021-01-11 15:00:00,2021,1,0,15,21611.0,438.1,52.9,5.1,2.6,395.0,141.0,9.469,0.0623,75.319,17.275,9.917,14.255,11.939,23632.0,11.582,4.337,13.02,25446.0,-1011.9,-35.0,3.7,0,0,0,9.139,0
2021-01-11 16:00:00,2021,1,0,16,22103.0,1207.2,51.0,20.7,3.58,445.0,141.0,26.683,,101.177,9.139,18.962,9.18,14.737,23107.0,10.514,4.309,16.47,25446.0,692.9,50.0,5.7,0,0,0,12.556,0
2021-01-11 17:00:00,2021,1,0,17,22495.0,1492.8,49.2,19.0,2.74,417.0,141.1,33.581,0.2209,,12.556,8.266,14.373,16.459,23149.0,11.991,4.418,17.38,25446.0,982.6,-28.0,2.5,0,0,0,17.125,0
2021-01-11 18:00:00,2021,1,0,18,22947.0,444.3,44.7,5.6,2.87,421.0,147.9,10.195,0.0671,91.79,17.125,5.921,9.544,17.006,23466.0,12.975,4.39,,25446.0,,4.0,-0.6,0,0,0,11.826,0
2021-01-11 19:00:00,2021,1,0,19,21822.0,438.7,44.9,7.2,2.97,410.0,142.7,9.574,0.063,94.726,11.826,9.929,13.08,12.466,23412.0,,4.384,11.65,,-839.8,-11.0,-0.7,0,0,0,11.606,0
2021-01-11 20:00:00,2021,1,0,20,21329.0,1136.5,45.9,25.3,3.32,432.0,136.8,24.24,0.1595,66.854,11.606,17.275,9.385,14.88,22387.0,11.71,4.427,13.82,,-150.7,22.0,0.1,0,0,0,8.006,0
2021-01-11 21:00:00,2021,1,0,21,20781.0,1072.0,,14.5,3.49,439.0,138.6,22.277,0.1466,90.789,8.006,9.139,,14.08,20670.0,11.952,4.313,15.38,25446.0,633.9,7.0,0.1,0,0,0,10.593,0
2021-01-11 22:00:00,2021,1,0,22,21197.0,1627.9,49.1,14.9,3.57,434.0,132.8,34.507,0.227,149.43,10.593,12.556,11.545,13.621,21101.0,12.823,4.47,14.42,25446.0,420.7,-5.0,1.2,0,0,0,17.784,0
2021-01-11 23:00:00,2021,1,0,23,21262.0,1640.5,42.5,26.2,3.5,425.0,137.2,34.88,0.2295,100.79,17.784,17.125,15.322,18.774,20411.0,11.974,4.422,,25446.0,147.7,-9.0,-4.9,0,0,0,12.032,0
2021-01-12 00:00:00,2021,1,1,0,,1039.2,48.0,10.9,2.91,403.0,136.8,21.717,0.1429,132.571,12.032,11.826,22.463,10.801,21003.0,12.596,3.915,16.5,25446.0,594.9,-22.0,-1.2,0,0,0,15.555,0
2021-01-12 01:00:00,2021,1,1,1,20942.0,422.9,46.2,5.8,2.86,432.0,140.3,8.856,0.0583,,15.555,11.606,6.955,10.076,20245.0,11.95,3.876,16.27,25446.0,-15.8,29.0,1.6,0,0,0,7.733,0
2021-01-12 02:00:00,2021,1,1,2,,1066.6,46.1,,3.15,408.0,144.4,,0.1534,,7.733,8.006,9.347,27.574,20258.0,12.048,3.9,15.23,25446.0,-69.9,-24.0,-1.7,0,0,0,8.589,0
2021-01-12 03:00:00,2021,1,1,3,22532.0,1657.1,,33.7,3.0,427.0,151.2,37.339,0.2457,119.763,8.589,10.593,15.149,19.006,18475.0,12.807,3.9,18.43,25446.0,585.1,19.0,4.3,0,0,0,15.151,0
2021-01-12 04:00:00,2021,1,1,4,,1104.2,45.6,20.8,3.4,461.0,151.4,25.509,0.1678,106.3,15.151,17.784,13.027,24.869,17670.0,,3.913,19.42,25446.0,-523.7,34.0,-1.4,0,0,0,13.788,0
2021-01-12 05:00:00,2021,1,1,5,22786.0,1661.3,44.5,24.2,3.37,485.0,144.9,37.853,0.249,,13.788,12.032,7.39,21.113,19079.0,11.728,3.83,19.08,25446.0,20.8,24.0,-3.7,0,0,0,9.55,0
2021-01-12 06:00:00,2021,1,1,6,22400.0,1029.0,48.4,9.4,3.13,485.0,,23.049,0.1516,134.439,,15.555,17.832,38.501,17989.0,11.953,3.772,,25446.0,,0.0,1.3,0,0,0,16.908,0
2021-01-12 07:00:00,2021,1,1,7,22220.0,471.8,49.5,3.0,2.9,476.0,,10.483,0.069,94.272,16.908,7.733,8.708,23.809,18043.0,12.624,3.711,18.37,25446.0,48.9,-9.0,1.6,0,0,0,11.761,0
2021-01-12 08:00:00,2021,1,1,8,23137.0,1078.3,48.6,16.5,2.72,444.0,143.8,,0.1641,82.206,11.761,8.589,9.033,7.634,19188.0,12.973,3.667,17.93,25446.0,11.7,-32.0,-0.3,0,0,0,10.679,0
2021-01-12 09:00:00,2021,1,1,9,22394.0,1021.5,51.3,11.3,3.17,432.0,145.2,22.875,0.1505,123.85,10.679,15.151,9.917,13.851,22092.0,13.043,3.702,14.2,25446.0,,-12.0,0.1,0,0,0,15.572,0
2021-01-12 10:00:00,2021,1,1,10,,471.9,48.9,5.8,4.15,430.0,146.6,11.565,0.0761,,15.572,13.788,18.962,14.568,21269.0,12.938,3.431,11.7,,-632.3,-2.0,1.9,0,0,0,13.16,0
2021-01-12 11:00:00,2021,1,1,11,25105.0,477.8,50.9,11.4,3.72,436.0,140.3,11.996,0.0789,69.015,13.16,9.55,8.266,12.377,20517.0,12.968,,9.57,25446.0,-1183.5,6.0,1.4,0,0,0,9.728,0
2021-01-12 12:00:00,2021,1,1,12,25597.0,905.5,50.4,11.5,3.69,427.0,148.0,23.179,0.1525,136.338,9.728,16.908,5.921,17.29,21219.0,13.416,3.426,9.92,25597.0,-123.5,-9.0,0.3,0,0,0,19.594,1
2021-01-12 13:00:00,2021,1,1,13,25153.0,490.5,51.3,8.0,3.81,443.0,147.8,12.337,0.0812,63.92,19.594,11.761,9.929,23.174,22286.0,12.96,3.463,10.75,25597.0,18.7,16.0,2.8,0,0,0,9.027,0
2021-01-12 14:00:00,2021,1,1,14,24177.0,506.4,48.1,4.5,3.65,482.0,145.4,12.242,0.0805,125.56,9.027,10.679,17.275,12.3,21171.0,14.021,3.45,8.75,25597.0,-571.9,39.0,-4.4,0,0,0,17.044,0
2021-01-12 15:00:00,2021,1,1,15,24780.0,966.6,47.5,11.6,3.45,468.0,149.0,23.952,0.1576,108.439,17.044,15.572,9.139,14.255,21611.0,,3.397,8.8,25597.0,-54.9,-14.0,-5.4,0,0,0,15.087,0
2021-01-12 16:00:00,2021,1,1,16,24957.0,968.7,49.6,8.8,3.38,450.0,148.0,24.176,0.1591,158.932,15.087,13.16,12.556,9.18,22103.0,15.458,3.892,,25597.0,496.8,-18.0,-1.4,0,0,0,22.27,1
2021-01-12 17:00:00,2021,1,1,17,25856.0,1005.3,48.7,19.1,2.89,397.0,,25.993,0.171,58.559,,9.728,17.125,14.373,22495.0,15.254,3.926,10.58,25856.0,527.5,-53.0,-0.5,0,0,0,8.501,0
2021-01-12 18:00:00,2021,1,1,18,24490.0,1875.8,,29.9,3.73,444.0,145.1,45.938,0.3022,114.159,8.501,19.594,11.826,9.544,22947.0,14.604,3.955,13.65,25856.0,,47.0,7.2,0,0,0,15.697,0
2021-01-12 19:00:00,2021,1,1,19,25326.0,,,22.2,4.06,456.0,144.4,46.208,0.304,,15.697,9.027,11.606,13.08,21822.0,16.581,4.242,16.02,25856.0,1334.0,12.0,6.6,0,0,0,20.885,1
2021-01-12 20:00:00,2021,1,1,20,,1081.2,44.3,19.9,4.52,474.0,140.7,23.761,0.1563,113.363,20.885,17.044,8.006,9.385,21329.0,16.071,4.076,18.58,25856.0,574.8,18.0,-1.6,0,0,1,13.988,0
2021-01-12 21:00:00,2021,1,1,21,20700.0,460.8,42.8,3.5,4.36,462.0,149.0,9.54,0.0628,126.25,13.988,15.087,10.593,6.945,20781.0,16.002,4.022,17.23,25856.0,-505.8,-12.0,-3.5,0,0,1,14.673,0
2021-01-12 22:00:00,2021,1,1,22,20240.0,1054.6,48.0,8.5,4.89,478.0,150.5,21.346,0.1404,139.969,14.673,22.27,17.784,,21197.0,14.942,3.962,17.18,25856.0,85.9,16.0,-1.1,0,0,1,15.906,0
2021-01-12 23:00:00,2021,1,1,23,,433.6,42.2,0.5,4.94,463.0,150.5,9.071,0.0597,144.385,15.906,8.501,12.032,15.322,21262.0,16.351,3.99,14.08,,-571.7,-15.0,-0.3,0,0,1,16.959,0
2021-01-13 00:00:00,2021,1,2,0,20762.0,1800.6,50.8,26.5,5.16,471.0,153.8,37.383,0.2459,129.364,16.959,15.697,15.555,22.463,20898.0,16.248,3.984,13.52,25856.0,-75.2,8.0,2.8,0,0,1,15.08,0
2021-01-13 01:00:00,2021,1,2,1,20051.0,1148.9,41.9,22.8,5.1,465.0,,23.038,0.1516,115.173,15.08,20.885,7.733,6.955,20942.0,14.929,3.759,13.62,25856.0,-675.6,-6.0,-4.3,0,0,1,12.966,0
2021-01-13 02:00:00,2021,1,2,2,19967.0,1230.7,41.4,18.4,4.67,468.0,149.6,24.573,0.1617,128.289,12.966,13.988,8.589,9.347,21862.0,,3.559,13.37,25856.0,149.5,3.0,-4.7,0,0,1,14.382,0
2021-01-13 03:00:00,2021,1,2,3,20256.0,1248.6,43.6,16.9,4.02,491.0,147.9,25.292,0.1664,105.057,14.382,14.673,15.151,15.149,22532.0,14.54,3.594,15.6,25856.0,787.8,23.0,-5.6,0,0,1,11.948,0
2021-01-13 04:00:00,2021,1,2,4,20164.0,1201.1,45.5,8.0,4.25,,146.0,24.219,0.1593,214.623,11.948,15.906,13.788,13.027,23102.0,15.939,4.12,15.52,25856.0,146.5,13.0,-0.1,0,0,1,24.298,1
2021-01-13 05:00:00,2021,1,2,5,21214.0,1845.6,46.3,23.1,3.78,479.0,144.8,39.152,0.2576,131.436,24.298,16.959,9.55,7.39,22786.0,15.721,3.967,19.28,25856.0,1412.0,-25.0,1.8,0,0,1,15.655,0
2021-01-13 06:00:00,2021,1,2,6,19782.0,430.6,39.7,8.8,3.7,496.0,141.9,8.518,0.056,99.804,,15.08,16.908,17.832,22400.0,15.056,4.027,16.33,25856.0,-1370.0,17.0,-8.7,0,0,1,11.085,0
2021-01-13 07:00:00,2021,1,2,7,19546.0,1717.8,47.5,24.0,4.17,472.0,137.6,33.576,,120.646,11.085,12.966,11.761,8.708,22220.0,,3.989,16.53,,568.9,-24.0,-2.0,0,0,1,13.24,0
2021-01-13 08:00:00,2021,1,2,8,19858.0,418.2,44.4,7.6,3.72,479.0,133.4,8.305,0.0546,91.395,13.24,14.382,10.679,9.033,23137.0,14.403,4.013,14.73,25856.0,-812.5,7.0,-4.2,0,0,1,10.19,0
2021-01-13 09:00:00,2021,1,2,9,19100.0,1244.2,48.1,20.4,,484.0,129.8,23.765,0.1563,113.569,10.19,11.948,15.572,9.917,22394.0,14.441,4.047,15.32,25856.0,-4.4,5.0,-3.2,0,0,1,12.179,0
2021-01-13 10:00:00,2021,1,2,10,19517.0,1879.7,38.2,25.7,3.8,502.0,133.9,36.687,0.2414,116.262,12.179,24.298,13.16,18.962,24509.0,12.515,4.055,,25856.0,678.6,18.0,-10.7,0,0,1,12.74,0
2021-01-13 11:00:00,2021,1,2,11,18474.0,1281.2,44.9,0.0,4.06,,129.2,23.669,0.1557,333.376,12.74,15.655,9.728,8.266,25105.0,15.669,5.604,14.42,25856.0,-564.4,-12.0,,0,0,1,34.579,1
2021-01-13 12:00:00,2021,1,2,12,18073.0,395.0,45.2,6.4,3.53,461.0,127.8,7.139,0.047,134.519,34.579,11.085,19.594,5.921,25597.0,16.096,5.557,14.02,25856.0,-35.6,-29.0,-5.2,0,0,1,13.65,0
2021-01-13 13:00:00,2021,1,2,13,19547.0,1801.9,38.4,28.0,3.43,475.0,127.4,35.222,0.2317,100.375,13.65,13.24,9.027,9.929,25153.0,15.726,5.471,14.68,25856.0,84.1,,-12.9,0,0,1,11.016,0
2021-01-13 14:00:00,2021,1,2,14,18461.0,1802.0,36.8,26.1,,462.0,121.9,33.268,0.2189,103.251,11.016,10.19,17.044,17.275,24177.0,15.811,5.55,17.77,25856.0,1383.8,-13.0,-11.3,0,0,1,10.702,0
2021-01-13 15:00:00,2021,1,2,15,19341.0,436.6,45.0,5.5,3.32,456.0,117.9,8.445,0.0556,123.444,10.702,12.179,15.087,9.139,24780.0,16.015,5.563,15.28,25856.0,-807.6,-6.0,-2.5,0,0,1,13.405,0
2021-01-13 16:00:00,2021,1,2,16,19621.0,1137.9,41.4,13.5,2.97,409.0,118.1,22.327,0.1469,,13.405,12.74,22.27,12.556,24957.0,16.17,5.365,,25856.0,-741.8,-47.0,-8.2,0,0,1,13.667,0
2021-01-13 17:00:00,2021,1,2,17,19723.0,1828.9,,18.7,2.94,418.0,121.1,36.07,,157.076,13.667,34.579,8.501,17.125,25856.0,13.306,5.209,16.37,25856.0,547.7,9.0,-10.5,0,0,1,17.394,0
2021-01-13 18:00:00,2021,1,2,18,18182.0,423.3,,0.0,3.21,441.0,112.7,7.696,0.0506,158.653,17.394,13.65,15.697,11.826,24490.0,13.73,5.212,15.3,25856.0,28.3,23.0,-12.6,0,0,1,16.196,0
2021-01-13 19:00:00,2021,1,2,19,18396.0,1155.8,41.3,16.3,3.0,444.0,118.7,21.262,0.1399,149.498,,11.016,20.885,11.606,25326.0,14.468,5.074,13.35,25856.0,-646.1,3.0,-10.2,0,0,1,15.441,0
2021-01-13 20:00:00,2021,1,2,20,19333.0,1140.7,41.9,16.0,2.63,473.0,119.1,,0.1451,131.759,15.441,10.702,13.988,8.006,21977.0,15.068,5.072,11.67,25856.0,-661.3,29.0,-2.4,0,0,1,14.302,0
2021-01-13 21:00:00,2021,1,2,21,19702.0,441.1,42.4,14.0,2.46,457.0,126.8,8.69,0.0572,122.99,14.302,13.405,14.673,10.593,20700.0,15.101,5.08,13.08,25856.0,4.5,-16.0,-0.4,0,0,1,13.605,0
2021-01-13 22:00:00,2021,1,2,22,20900.0,1655.4,42.9,29.8,2.03,440.0,131.3,34.598,0.2276,118.369,13.605,13.667,,,20240.0,15.138,5.082,15.8,25856.0,517.5,-17.0,-5.1,0,0,1,13.89,0
2021-01-13 23:00:00,2021,1,2,23,21665.0,,34.7,10.7,1.98,471.0,127.6,10.229,0.0673,114.51,13.89,17.394,16.959,12.032,20920.0,14.56,5.067,14.47,25856.0,-1356.8,31.0,-7.5,0,0,1,13.929,0
2021-01-14 00:00:00,2021,1,3,0,22355.0,1699.7,45.4,19.1,2.37,476.0,128.0,37.996,0.25,153.473,13.929,16.196,15.08,,20762.0,15.072,5.148,17.65,25856.0,1276.4,5.0,-5.4,0,0,1,19.263,1
2021-01-14 01:00:00,2021,1,3,1,23336.0,1097.8,46.7,14.2,2.24,454.0,129.8,25.62,0.1685,113.721,19.263,15.441,12.966,7.733,20051.0,14.981,5.13,17.3,25856.0,-58.0,-22.0,4.8,0,0,1,14.9,0
2021-01-14 02:00:00,2021,1,3,2,22934.0,1083.9,43.7,14.0,2.47,444.0,131.9,24.859,0.1635,102.652,,14.302,14.382,8.589,19967.0,14.801,5.142,16.97,25856.0,-56.8,-10.0,2.3,0,0,1,13.218,0
2021-01-14 03:00:00,2021,1,3,3,23997.0,,,10.3,2.74,457.0,131.1,26.373,0.1735,160.673,13.218,13.605,11.948,15.151,20256.0,16.141,5.27,16.35,25856.0,,13.0,-2.8,0,0,1,21.648,1
2021-01-14 04:00:00,2021,1,3,4,23757.0,1078.3,44.0,17.0,2.56,467.0,137.6,25.616,0.1685,89.8,21.648,13.89,24.298,13.788,20164.0,15.823,4.959,14.22,25856.0,-577.1,10.0,-1.5,0,0,1,11.978,0
2021-01-14 05:00:00,2021,1,3,5,23567.0,1719.2,38.7,28.3,1.99,466.0,137.9,40.515,0.2665,80.88,11.978,13.929,15.655,9.55,21214.0,15.285,5.029,17.15,25856.0,1247.1,-1.0,-7.6,0,0,1,10.702,0
2021-01-14 06:00:00,2021,1,3,6,23276.0,1159.7,40.8,16.2,1.38,483.0,132.9,26.994,0.1776,120.557,10.702,19.263,11.085,16.908,19782.0,14.7,4.973,16.67,25856.0,-540.0,17.0,1.1,0,0,1,15.755,0
2021-01-14 07:00:00,2021,1,3,7,,1121.0,40.3,8.9,2.32,535.0,,26.473,0.1742,149.312,15.755,14.9,13.24,11.761,19546.0,15.516,5.057,15.78,25856.0,23.2,52.0,-7.2,0,0,1,19.797,1
2021-01-14 08:00:00,2021,1,3,8,22755.0,1135.8,38.2,16.1,1.93,504.0,136.4,25.844,0.17,,19.797,13.218,10.19,10.679,19858.0,15.71,4.949,16.13,25856.0,51.9,-31.0,-6.2,0,0,1,14.38,0
2021-01-14 09:00:00,2021,1,3,9,23217.0,419.8,43.5,18.2,1.95,542.0,137.0,9.747,0.0641,58.034,14.38,21.648,12.179,,19100.0,13.363,5.162,17.45,25856.0,-679.2,38.0,-4.6,0,0,1,7.565,0
2021-01-14 10:00:00,2021,1,3,10,22390.0,448.5,38.4,,2.04,519.0,138.1,10.043,0.0661,118.471,7.565,,12.74,13.16,19517.0,13.849,5.137,16.27,25856.0,-629.8,-23.0,0.2,1,0,1,14.893,0
2021-01-14 11:00:00,2021,1,3,11,23716.0,1172.9,41.5,17.7,2.04,504.0,130.7,27.815,0.183,82.07,14.893,10.702,34.579,9.728,18474.0,13.886,3.152,14.5,25856.0,-546.3,-15.0,-3.4,1,0,1,10.928,0
2021-01-14 12:00:00,2021,1,3,12,23983.0,1182.5,48.2,14.7,2.21,543.0,131.6,28.36,0.1866,127.333,10.928,15.755,13.65,19.594,18073.0,14.118,3.203,14.25,25856.0,22.8,39.0,3.0,1,0,1,17.146,0
2021-01-14 13:00:00,2021,1,3,13,24990.0,1111.9,,11.7,2.27,622.0,138.0,27.787,0.1828,234.341,17.146,19.797,11.016,9.027,19547.0,16.299,4.872,14.72,25856.0,-9.1,79.0,3.9,1,0,1,32.88,1
2021-01-14 14:00:00,2021,1,3,14,26174.0,1133.2,41.5,24.4,,541.0,132.1,29.66,0.1951,127.576,32.88,14.38,10.702,17.044,18461.0,17.027,4.817,16.1,26174.0,-2.6,-81.0,4.7,1,0,1,18.748,1
2021-01-14 15:00:00,2021,1,3,15,24719.0,1111.4,39.0,18.6,2.32,532.0,131.8,27.474,0.1808,69.805,18.748,7.565,13.405,15.087,19341.0,17.38,4.95,16.17,26174.0,691.6,-9.0,-6.0,1,0,1,9.688,0
2021-01-14 16:00:00,2021,1,3,16,24430.0,1128.1,42.5,16.4,2.85,555.0,134.2,27.56,0.1813,100.733,9.688,14.893,13.667,22.27,19621.0,17.201,4.948,17.25,26174.0,679.6,23.0,1.1,0,0,1,13.817,0
2021-01-14 17:00:00,2021,1,3,17,23392.0,1041.6,41.9,,2.23,499.0,129.2,24.365,0.1603,86.435,13.817,10.928,17.394,,19723.0,17.272,5.001,17.53,26174.0,-131.3,-56.0,3.7,0,0,1,11.352,0
2021-01-14 18:00:00,2021,1,3,18,23235.0,1744.9,45.8,31.7,2.17,484.0,128.4,40.543,0.2667,83.753,,17.146,16.196,15.697,18182.0,16.235,,20.37,26174.0,562.4,-15.0,6.5,0,0,1,10.926,0
2021-01-14 19:00:00,2021,1,3,19,24416.0,434.8,42.7,5.1,2.79,504.0,131.6,10.617,0.0698,104.249,10.926,,15.441,20.885,18396.0,13.137,5.074,19.27,26174.0,-677.1,20.0,1.4,0,0,1,14.291,0
2021-01-14 20:00:00,2021,1,3,20,24230.0,1057.3,49.4,8.0,3.42,464.0,132.0,25.618,0.1685,160.15,14.291,18.748,14.302,13.988,19333.0,13.643,5.257,16.53,26174.0,-75.9,-40.0,7.5,0,0,1,21.787,1
2021-01-14 21:00:00,2021,1,3,21,23920.0,405.4,42.1,13.8,3.8,438.0,131.9,9.696,0.0638,95.033,21.787,9.688,13.605,14.673,19702.0,,5.272,15.73,26174.0,-706.0,-26.0,-0.3,0,0,1,12.763,0
2021-01-14 22:00:00,2021,1,3,22,23422.0,1774.5,47.8,21.8,3.84,463.0,139.9,41.561,0.2734,113.95,12.763,13.817,13.89,15.906,20900.0,14.351,5.264,16.63,26174.0,646.4,25.0,4.9,0,0,1,14.985,0
2021-01-14 23:00:00,2021,1,3,23,22547.0,982.3,45.8,18.7,3.47,448.0,136.1,22.147,0.1457,67.872,14.985,11.352,13.929,16.959,21665.0,13.891,5.435,16.52,26174.0,-59.3,,11.1,0,0,1,8.592,0
2021-01-15 00:00:00,2021,1,4,0,22229.0,983.2,42.1,13.5,3.13,471.0,134.3,21.855,0.1438,91.189,8.592,10.926,19.263,15.08,22355.0,13.966,5.409,13.48,26174.0,-761.7,23.0,-3.3,0,0,1,11.381,0
2021-01-15 01:00:00,2021,1,4,1,21624.0,1793.0,48.4,27.6,2.83,485.0,141.3,38.772,0.2551,99.959,11.381,14.291,14.9,12.966,23336.0,13.607,5.435,17.23,26174.0,1358.2,14.0,1.7,0,0,1,12.136,0
2021-01-15 02:00:00,2021,1,4,2,21898.0,944.3,42.7,18.2,,516.0,137.9,20.679,0.136,81.742,12.136,21.787,,14.382,22934.0,11.651,5.509,18.93,26174.0,-113.0,31.0,-1.0,0,0,1,10.05,0
2021-01-15 03:00:00,2021,1,4,3,22543.0,389.7,41.3,1.2,3.1,503.0,137.1,8.786,0.0578,112.642,10.05,,21.648,11.948,23997.0,11.9,5.295,16.83,,-15.7,-13.0,0.5,0,0,1,14.257,0
2021-01-15 04:00:00,2021,1,4,4,23102.0,1077.8,46.4,6.3,2.61,537.0,135.4,24.901,0.1638,148.819,14.257,14.985,11.978,24.298,23757.0,12.62,5.372,,26174.0,-696.7,34.0,2.4,0,0,1,19.303,1
2021-01-15 05:00:00,2021,1,4,5,22027.0,374.3,43.8,4.6,2.89,538.0,136.8,8.245,0.0542,89.236,19.303,8.592,,15.655,23567.0,13.027,5.362,11.9,26174.0,-608.0,1.0,5.1,0,0,1,11.036,0
2021-01-15 06:00:00,2021,1,4,6,21539.0,1855.1,44.3,27.5,2.85,536.0,140.4,39.957,0.2629,92.721,11.036,11.381,15.755,11.085,23276.0,,5.397,14.23,26174.0,871.9,,3.5,0,0,1,11.213,0
2021-01-15 07:00:00,2021,1,4,7,21748.0,983.3,47.6,17.6,3.29,567.0,134.7,21.384,0.1407,99.168,11.213,12.136,19.797,13.24,23615.0,12.995,5.285,12.57,26174.0,-809.7,31.0,7.3,0,0,1,12.109,0
2021-01-15 08:00:00,2021,1,4,8,22515.0,946.8,40.3,18.9,3.26,539.0,143.5,,0.1402,77.579,12.109,10.05,14.38,10.19,22755.0,12.954,5.353,12.68,26174.0,2.5,-28.0,2.1,0,0,1,9.807,0
2021-01-15 09:00:00,2021,1,4,9,22820.0,1891.0,43.2,27.1,,,139.8,43.152,0.2839,,,14.257,7.565,12.179,23217.0,12.348,5.233,17.0,26174.0,1501.3,47.0,-0.3,0,0,1,10.619,0
2021-01-15 10:00:00,2021,1,4,10,22075.0,985.3,39.8,16.3,4.16,573.0,143.1,21.749,0.1431,,10.619,19.303,14.893,12.74,22390.0,,5.373,18.67,26174.0,-92.5,-13.0,1.4,0,0,1,7.852,0
2021-01-15 11:00:00,2021,1,4,11,,993.9,48.8,3.4,4.72,576.0,143.9,20.979,0.138,204.587,7.852,11.036,10.928,34.579,23716.0,12.641,5.754,18.47,26174.0,619.6,3.0,7.3,0,0,1,24.245,1
2021-01-15 12:00:00,2021,1,4,12,22028.0,374.1,45.4,0.0,4.1,,144.5,8.241,0.0542,97.819,24.245,11.213,17.146,13.65,23983.0,12.788,5.734,13.88,26174.0,-1481.0,11.0,-2.8,0,0,1,12.098,0
2021-01-15 13:00:00,2021,1,4,13,20621.0,993.8,41.6,9.5,4.07,562.0,145.7,20.493,0.1348,124.756,12.098,12.109,32.88,11.016,24990.0,13.178,4.095,,26174.0,10.5,-25.0,-0.7,0,0,1,14.444,0
2021-01-15 14:00:00,2021,1,4,14,21492.0,2091.5,47.4,31.3,4.7,565.0,145.8,44.95,0.2957,87.678,14.444,9.807,18.748,10.702,26174.0,13.306,3.953,14.6,26174.0,1144.7,3.0,5.9,0,0,1,10.58,0
2021-01-15 15:00:00,2021,1,4,15,21611.0,2044.0,42.0,26.0,4.09,596.0,148.8,44.173,0.2906,122.593,10.58,10.619,9.688,13.405,24719.0,14.016,3.912,14.42,26174.0,153.0,31.0,3.0,0,0,1,14.875,0
2021-01-15 16:00:00,2021,1,4,16,21994.0,908.6,50.7,,3.99,575.0,146.0,19.983,0.1315,148.922,14.875,7.852,13.817,13.667,24430.0,15.772,4.057,13.2,26174.0,-76.7,-21.0,8.2,0,0,1,18.39,1
2021-01-15 17:00:00,2021,1,4,17,21780.0,427.4,43.9,3.9,3.62,573.0,145.5,9.309,0.0612,86.617,,24.245,11.352,17.394,23392.0,13.496,4.076,13.28,26174.0,-566.5,-2.0,2.0,0,0,1,10.592,0
2021-01-15 18:00:00,2021,1,4,18,22553.0,376.0,42.3,8.4,3.99,543.0,140.3,8.479,0.0558,91.727,10.592,12.098,10.926,16.196,23235.0,13.416,4.061,14.68,26174.0,1.9,-30.0,-3.5,0,0,1,11.615,0
2021-01-15 19:00:00,2021,1,4,19,22969.0,1893.3,44.1,26.0,3.3,569.0,141.8,43.487,0.2861,117.02,11.615,14.444,14.291,15.441,24416.0,13.524,4.073,17.43,26174.0,899.5,26.0,1.4,0,0,1,15.091,0
2021-01-15 20:00:00,2021,1,4,20,22985.0,442.7,50.0,2.0,3.24,568.0,146.6,10.176,0.0669,109.166,,10.58,21.787,14.302,24230.0,14.108,3.66,12.55,26174.0,-1648.8,-1.0,0.6,0,0,1,14.088,0
2021-01-15 21:00:00,2021,1,4,21,,1006.5,49.9,7.3,3.21,532.0,138.9,23.261,0.153,,14.088,14.875,12.763,13.605,23920.0,15.424,4.166,9.43,26174.0,,-36.0,7.8,0,0,1,22.768,1
2021-01-15 22:00:00,2021,1,4,22,23611.0,990.4,47.2,18.1,3.26,580.0,135.1,23.385,0.1538,85.806,22.768,18.39,14.985,13.89,23422.0,14.255,4.172,10.95,26174.0,81.8,48.0,-0.6,0,0,1,11.375,0
2021-01-15 23:00:00,2021,1,4,23,23036.0,427.2,48.6,17.6,2.92,561.0,133.6,9.841,0.0647,78.57,11.375,10.592,8.592,13.929,22547.0,14.183,4.107,13.23,26174.0,-0.2,-19.0,2.8,0,0,1,10.162,0
2021-01-16 00:00:00,2021,1,5,0,21421.0,,45.5,15.6,2.88,569.0,134.8,21.58,0.142,110.127,10.162,11.615,11.381,19.263,22229.0,14.455,4.086,14.43,26174.0,631.4,8.0,3.4,0,0,1,13.245,0
2021-01-16 01:00:00,2021,1,5,1,,1840.8,52.6,26.5,3.15,591.0,130.4,,0.2577,87.451,13.245,15.091,12.136,14.9,21624.0,13.681,4.124,14.52,26174.0,-52.5,22.0,4.2,0,0,1,10.449,0
2021-01-16 02:00:00,2021,1,5,2,25636.0,1069.3,57.2,5.7,3.27,599.0,138.7,27.411,0.1803,202.639,10.449,14.088,10.05,13.218,21898.0,16.194,5.173,15.13,26174.0,626.6,8.0,14.5,0,0,0,29.167,1
2021-01-16 03:00:00,2021,1,5,3,26698.0,1121.3,56.9,,3.29,581.0,133.8,29.938,0.197,69.861,29.167,22.768,14.257,21.648,22543.0,14.145,5.226,17.55,26698.0,114.8,-18.0,15.6,0,0,0,10.472,0
2021-01-16 04:00:00,2021,1,5,4,25707.0,1158.5,54.1,21.2,,589.0,137.2,29.783,0.1959,84.734,10.472,11.375,19.303,11.978,23102.0,14.288,5.111,18.07,26698.0,168.1,8.0,7.7,0,0,0,12.23,0
2021-01-16 05:00:00,2021,1,5,5,24845.0,1610.1,56.2,24.6,2.65,628.0,133.4,40.003,0.2632,102.728,12.23,10.162,11.036,10.702,22027.0,14.982,5.081,19.23,26698.0,1182.9,39.0,12.4,0,0,0,14.33,0
2021-01-16 06:00:00,2021,1,5,6,26236.0,1150.8,53.6,22.7,2.36,671.0,129.8,30.192,0.1986,94.614,14.33,13.245,11.213,15.755,21539.0,15.097,5.051,20.42,26698.0,143.4,43.0,9.3,0,0,0,13.937,0
2021-01-16 07:00:00,2021,1,5,7,25399.0,1073.8,54.3,13.7,2.79,686.0,131.6,27.273,0.1794,139.511,13.937,,12.109,19.797,21748.0,,5.177,18.28,26698.0,-767.0,15.0,6.7,0,0,0,19.895,1
2021-01-16 08:00:00,2021,1,5,8,24914.0,1058.1,55.3,32.2,2.91,632.0,133.0,26.361,0.1734,81.362,19.895,29.167,9.807,14.38,22515.0,13.708,5.127,22.7,,-11.2,,15.0,0,0,0,11.381,0
2021-01-16 09:00:00,2021,1,5,9,25592.0,460.7,58.3,9.2,2.73,627.0,131.1,,0.0776,91.761,11.381,10.472,10.619,7.565,22820.0,14.16,5.073,20.6,26698.0,-660.6,-5.0,15.1,1,0,0,13.185,0
2021-01-16 10:00:00,2021,1,5,10,25291.0,435.6,56.1,5.7,3.28,675.0,129.4,11.017,0.0725,159.41,,12.23,7.852,14.893,22075.0,15.894,5.136,18.02,26698.0,-722.9,48.0,16.3,1,0,0,22.636,1
2021-01-16 11:00:00,2021,1,5,11,,1634.1,56.8,30.2,,671.0,133.2,41.159,0.2708,191.02,22.636,14.33,24.245,10.928,21107.0,18.008,5.377,18.95,26698.0,24.0,-4.0,8.0,1,0,0,27.013,1
2021-01-16 12:00:00,2021,1,5,12,26392.0,1031.9,57.1,,3.75,605.0,139.5,27.233,0.1792,96.302,27.013,13.937,12.098,17.146,22028.0,18.063,5.341,18.37,26698.0,-118.9,-66.0,11.7,1,0,0,14.27,0
2021-01-16 13:00:00,2021,1,5,13,27313.0,495.5,57.0,7.7,3.61,637.0,142.6,13.533,0.089,,14.27,19.895,14.444,32.88,20621.0,20.345,6.514,17.37,27313.0,,32.0,15.4,1,0,0,33.585,1
2021-01-16 14:00:00,2021,1,5,14,27976.0,459.6,55.6,12.6,3.23,620.0,,12.856,0.0846,115.054,33.585,11.381,10.58,18.748,21492.0,21.46,6.42,14.1,27976.0,-598.5,-17.0,8.2,1,0,0,18.072,1
2021-01-16 15:00:00,2021,1,5,15,,1501.9,57.5,20.4,,578.0,139.6,42.43,0.2791,147.336,18.072,13.185,14.875,9.688,21611.0,23.158,6.566,15.97,28251.0,1041.2,-42.0,15.5,0,0,0,23.37,1
2021-01-16 16:00:00,2021,1,5,16,30159.0,1122.8,,23.9,3.05,569.0,144.5,33.862,0.2228,75.196,23.37,22.636,18.39,13.817,21994.0,21.507,,19.0,30159.0,687.2,-9.0,8.1,0,0,0,12.733,0
2021-01-16 17:00:00,2021,1,5,17,28984.0,1157.9,62.0,27.5,2.59,,146.3,33.561,0.2208,89.103,12.733,27.013,10.592,11.352,21780.0,19.422,6.501,18.55,30159.0,-476.2,-16.0,18.1,0,0,0,14.5,0
2021-01-16 18:00:00,2021,1,5,18,28201.0,412.9,58.7,0.0,2.72,543.0,141.6,11.644,0.0766,122.713,14.5,14.27,11.615,10.926,22553.0,20.282,6.433,15.35,30159.0,-619.0,-10.0,16.4,0,0,0,19.43,1
2021-01-16 19:00:00,2021,1,5,19,28887.0,1720.7,60.3,25.4,2.71,,142.8,49.705,0.327,130.527,19.43,33.585,15.091,,22969.0,18.212,6.475,18.3,30159.0,1225.2,3.0,16.2,0,0,0,21.17,1
2021-01-16 20:00:00,2021,1,5,20,28730.0,1683.8,58.1,38.8,2.7,552.0,143.0,48.376,0.3183,78.416,21.17,18.072,14.088,21.787,22985.0,17.309,6.512,,30159.0,1224.2,6.0,8.1,0,0,0,12.649,0
2021-01-16 21:00:00,2021,1,5,21,28087.0,981.5,56.9,16.4,2.99,534.0,,27.566,0.1814,96.134,12.649,23.37,22.768,12.763,23110.0,15.94,6.412,22.0,30159.0,-520.4,-18.0,7.0,0,0,0,15.16,0
2021-01-16 22:00:00,2021,1,5,22,29382.0,414.3,59.6,7.4,2.97,524.0,148.3,12.174,0.0801,74.645,15.16,12.733,11.375,14.985,23611.0,15.87,6.38,19.25,30159.0,-708.5,-10.0,12.4,0,0,0,12.314,0
2021-01-16 23:00:00,2021,1,5,23,28094.0,1008.2,61.6,21.9,3.07,588.0,149.3,28.325,0.1864,78.067,12.314,14.5,10.162,8.592,23036.0,15.506,6.296,18.32,30159.0,-149.7,64.0,13.0,0,0,0,12.314,0
2021-01-17 00:00:00,2021,1,6,0,27309.0,1826.1,60.2,31.1,2.89,539.0,147.9,49.869,0.3281,76.033,12.314,19.43,13.245,11.381,21421.0,14.211,6.345,23.5,30159.0,1413.2,-49.0,14.7,0,0,0,11.658,0
2021-01-17 01:00:00,2021,1,6,1,25179.0,1065.9,58.2,7.0,2.96,500.0,146.8,26.838,0.1766,169.442,,21.17,10.449,12.136,21281.0,14.675,6.346,20.43,30159.0,-654.8,-39.0,5.6,0,0,0,23.954,1
2021-01-17 02:00:00,2021,1,6,2,25001.0,1937.6,60.0,25.2,3.21,480.0,148.5,48.443,0.3187,146.926,23.954,12.649,29.167,10.05,25636.0,,5.884,18.17,30159.0,253.8,-20.0,2.8,0,0,0,20.624,1
2021-01-17 03:00:00,2021,1,6,3,24965.0,1154.4,59.4,21.9,3.17,437.0,146.5,28.821,0.1896,92.418,20.624,15.16,10.472,14.257,26698.0,15.636,5.783,19.08,30159.0,172.9,-43.0,,0,0,0,12.954,0
2021-01-17 04:00:00,2021,1,6,4,25800.0,428.7,63.5,5.0,3.02,499.0,145.9,11.061,0.0728,111.158,12.954,12.314,12.23,19.303,25707.0,16.268,5.691,18.68,,14.4,62.0,9.4,0,0,0,16.102,0
2021-01-17 05:00:00,2021,1,6,5,26041.0,1118.3,61.4,27.4,2.71,,150.6,29.123,0.1916,86.527,16.102,12.314,14.33,11.036,24845.0,16.324,5.74,19.6,30159.0,110.1,-31.0,5.2,0,0,0,12.651,0
2021-01-17 06:00:00,2021,1,6,6,25054.0,1827.0,59.1,25.6,2.79,463.0,155.3,45.775,,110.537,12.651,11.658,13.937,11.213,26236.0,16.972,5.708,18.68,30159.0,0.9,-5.0,5.5,0,0,0,15.549,0
2021-01-17 07:00:00,2021,1,6,7,22701.0,474.0,,2.9,2.89,499.0,155.5,10.761,0.0708,112.124,15.549,,19.895,12.109,25399.0,15.362,5.716,,30159.0,-591.9,36.0,7.9,0,0,0,14.291,0
2021-01-17 08:00:00,2021,1,6,8,23185.0,,,9.4,2.75,519.0,147.5,9.078,0.0597,70.452,14.291,20.624,11.381,9.807,24914.0,13.453,5.829,,30159.0,-1546.1,20.0,5.8,0,0,0,9.171,0
2021-01-17 09:00:00,2021,1,6,9,22955.0,1125.0,60.0,19.9,3.55,,153.1,25.824,0.1699,125.44,9.171,12.954,13.185,10.619,25592.0,13.989,5.775,15.03,30159.0,-29.4,-33.0,1.7,0,0,0,16.167,0
2021-01-17 10:00:00,2021,1,6,10,22417.0,1098.0,58.1,20.6,3.69,513.0,157.9,24.612,0.1619,87.961,16.167,16.102,22.636,7.852,25291.0,13.15,5.782,17.63,,669.3,27.0,2.0,0,0,0,11.071,0
2021-01-17 11:00:00,2021,1,6,11,23635.0,1827.6,59.0,25.2,4.09,497.0,161.1,43.195,0.2842,130.467,11.071,12.651,27.013,24.245,25187.0,13.927,,17.27,,709.3,-16.0,2.2,0,0,0,17.313,0
2021-01-17 12:00:00,2021,1,6,12,23837.0,384.6,58.1,11.7,3.86,487.0,162.2,9.169,0.0603,72.567,17.313,15.549,14.27,12.098,26392.0,12.954,5.507,,30159.0,-1442.4,-10.0,1.0,0,0,0,9.712,0
2021-01-17 13:00:00,2021,1,6,13,24045.0,415.4,57.1,8.4,3.4,,161.4,9.989,0.0657,77.636,9.712,14.291,33.585,14.444,27313.0,12.319,4.177,15.87,30159.0,-58.6,10.0,0.1,0,0,0,10.481,0
2021-01-17 14:00:00,2021,1,6,14,23914.0,392.9,58.3,6.0,3.36,538.0,159.2,9.397,0.0618,60.439,10.481,9.171,18.072,10.58,27976.0,12.143,4.364,15.3,30159.0,1.4,41.0,2.7,0,0,0,8.115,0
2021-01-17 15:00:00,2021,1,6,15,24942.0,1042.5,57.9,19.5,3.91,483.0,162.6,26.002,0.1711,85.998,8.115,16.167,23.37,,28251.0,11.456,3.984,15.23,30159.0,-82.5,-55.0,0.4,0,0,0,12.043,0
2021-01-17 16:00:00,2021,1,6,16,23726.0,,58.2,17.5,3.35,511.0,158.9,25.21,0.1659,89.129,12.043,11.071,12.733,18.39,30159.0,11.59,4.002,,30159.0,-35.5,28.0,-0.6,0,0,0,11.873,0
2021-01-17 17:00:00,2021,1,6,17,23874.0,1056.7,57.5,11.1,3.5,513.0,156.4,25.226,0.166,139.859,11.873,17.313,14.5,10.592,28984.0,11.828,4.108,12.37,30159.0,-770.9,2.0,-4.5,0,0,0,18.747,1
2021-01-17 18:00:00,2021,1,6,18,24048.0,1044.6,57.0,,2.57,487.0,155.0,25.121,0.1653,179.448,18.747,9.712,19.43,11.615,28201.0,,4.465,10.87,,660.0,-26.0,-1.7,0,0,0,24.229,1
2021-01-17 19:00:00,2021,1,6,19,24885.0,383.0,56.8,9.0,3.64,514.0,154.2,9.532,0.0627,100.917,24.229,10.481,21.17,15.091,28887.0,14.851,4.24,10.97,30159.0,-32.4,27.0,-3.5,0,0,0,14.1,0
2021-01-17 20:00:00,2021,1,6,20,24147.0,988.0,57.8,14.9,3.6,491.0,154.7,23.858,,80.206,14.1,8.115,12.649,14.088,28730.0,15.311,4.285,12.45,30159.0,595.1,-23.0,-0.3,0,0,0,10.874,0
2021-01-17 21:00:00,2021,1,6,21,24504.0,1574.2,55.0,23.9,3.99,482.0,152.5,38.574,0.2538,75.992,10.874,12.043,15.16,22.768,28087.0,15.046,4.348,13.18,,531.7,-9.0,-1.9,0,0,0,10.455,0
2021-01-17 22:00:00,2021,1,6,22,24502.0,954.0,59.3,18.2,3.59,500.0,159.7,23.375,0.1538,92.296,10.455,,12.314,11.375,29382.0,15.184,4.342,13.3,30159.0,-108.5,18.0,-0.3,0,0,0,12.697,0
2021-01-17 23:00:00,2021,1,6,23,24655.0,372.1,57.5,4.7,3.43,487.0,160.6,9.173,0.0604,103.838,12.697,18.747,12.314,10.162,28094.0,14.455,4.326,12.23,30159.0,-684.6,-13.0,,0,0,0,14.374,0
2021-01-18 00:00:00,2021,1,0,0,26690.0,932.0,,7.8,3.56,498.0,160.2,24.876,0.1637,185.975,14.374,24.229,11.658,13.245,27309.0,15.062,5.116,13.08,30159.0,-112.6,11.0,-3.4,1,0,0,27.869,1
2021-01-18 01:00:00,2021,1,0,1,23917.0,381.1,59.7,7.1,3.96,495.0,158.1,9.115,0.06,148.96,27.869,14.1,23.954,10.449,25179.0,16.045,4.867,12.77,30159.0,-1.9,-3.0,1.5,1,0,0,20.003,1
2021-01-18 02:00:00,2021,1,0,2,23420.0,377.6,56.8,3.3,3.94,513.0,156.2,8.844,0.0582,165.347,20.003,10.874,20.624,29.167,25001.0,17.857,4.932,10.83,30159.0,-610.4,18.0,-3.2,1,0,0,21.742,1
2021-01-18 03:00:00,2021,1,0,3,21827.0,369.4,57.0,0.0,3.3,510.0,151.1,8.063,0.053,269.891,21.742,10.455,12.954,10.472,24965.0,21.627,6.177,6.85,,-1204.8,-3.0,-2.4,1,0,0,33.075,1
2021-01-18 04:00:00,2021,1,0,4,20628.0,353.3,58.1,1.9,,482.0,152.9,7.288,0.048,202.353,33.075,12.697,16.102,12.23,25800.0,23.416,6.384,4.13,30159.0,-600.7,-28.0,-5.4,1,0,0,23.436,1
2021-01-18 05:00:00,2021,1,0,5,19572.0,404.9,59.8,0.6,3.49,505.0,154.3,7.925,0.0521,247.196,23.436,14.374,12.651,14.33,26041.0,25.548,6.746,3.45,30159.0,32.8,23.0,-1.6,1,0,0,27.164,1
2021-01-18 06:00:00,2021,1,0,6,20334.0,858.8,58.4,13.3,,446.0,148.3,17.462,0.1149,84.63,27.164,27.869,15.549,13.937,25054.0,22.514,6.886,4.37,30159.0,-73.2,-59.0,-0.7,0,0,0,9.662,0
2021-01-18 07:00:00,2021,1,0,7,20201.0,352.1,54.9,13.6,3.5,551.0,150.2,7.113,0.0468,72.968,9.662,20.003,14.291,19.895,22701.0,20.559,7.065,,30159.0,-29.0,,-7.3,0,0,0,8.276,0
2021-01-18 08:00:00,2021,1,0,8,20585.0,939.0,56.0,10.6,2.62,461.0,,19.331,0.1272,125.112,8.276,21.742,9.171,11.381,23185.0,19.346,6.926,6.67,30159.0,561.4,,-5.1,0,0,0,14.46,0
2021-01-18 09:00:00,2021,1,0,9,21644.0,1588.8,58.6,,2.9,441.0,,34.388,0.2262,72.81,14.46,33.075,16.167,13.185,22955.0,15.308,7.085,10.27,30159.0,1219.4,-20.0,-1.4,0,0,0,8.848,0
2021-01-18 10:00:00,2021,1,0,10,22804.0,866.2,58.8,25.7,2.8,469.0,152.9,19.752,0.1299,37.295,8.848,23.436,11.071,22.636,22417.0,12.198,7.38,14.23,30159.0,512.9,28.0,0.7,0,0,0,4.775,0
2021-01-18 11:00:00,2021,1,0,11,22628.0,866.7,,14.0,,493.0,145.2,19.612,0.129,79.018,4.775,27.164,17.313,27.013,23635.0,9.343,7.456,16.47,30159.0,461.8,24.0,-0.2,0,0,0,10.039,0
2021-01-18 12:00:00,2021,1,0,12,23341.0,868.9,57.8,12.0,2.65,467.0,144.2,20.282,0.1334,77.642,10.039,,9.712,14.27,23837.0,9.429,7.441,16.25,30159.0,10.1,-26.0,-0.3,0,0,0,10.175,0
2021-01-18 13:00:00,2021,1,0,13,24038.0,395.3,57.8,7.2,2.27,470.0,148.3,9.501,0.0625,55.46,10.175,8.276,10.481,33.585,24045.0,9.297,7.55,15.18,30159.0,43.2,3.0,0.7,0,0,0,7.485,0
2021-01-18 14:00:00,2021,1,0,14,23137.0,790.8,58.1,11.4,2.21,454.0,154.1,18.297,0.1204,82.022,7.485,14.46,8.115,18.072,23914.0,8.663,7.464,15.32,30159.0,-148.2,-16.0,-0.2,0,0,0,10.655,0
2021-01-18 15:00:00,2021,1,0,15,23043.0,839.3,52.5,20.4,2.33,427.0,154.0,19.341,0.1272,42.998,10.655,8.848,12.043,23.37,24942.0,,7.7,,30159.0,-749.5,-27.0,-5.4,0,0,0,5.563,0
2021-01-18 16:00:00,2021,1,0,16,21324.0,1508.8,57.2,11.0,2.76,404.0,150.5,32.174,0.2117,187.905,5.563,4.775,11.873,12.733,23726.0,11.069,7.816,,30159.0,642.6,-23.0,-1.0,0,0,0,22.497,1
2021-01-18 17:00:00,2021,1,0,17,20394.0,1585.1,55.2,23.4,2.36,449.0,149.3,32.326,,41.658,22.497,10.039,18.747,14.5,23874.0,10.191,8.077,14.23,30159.0,718.4,45.0,-2.3,0,0,0,4.77,0
2021-01-18 18:00:00,2021,1,0,18,20641.0,,56.4,22.1,2.92,434.0,146.8,31.915,0.21,129.847,4.77,10.175,24.229,19.43,24048.0,11.003,7.829,15.92,30159.0,677.3,-15.0,-0.6,1,0,0,15.048,0
2021-01-18 19:00:00,2021,1,0,19,21750.0,881.6,50.2,10.2,2.26,478.0,,19.175,0.1262,168.379,,7.485,14.1,21.17,24885.0,13.182,7.925,16.42,30159.0,486.3,44.0,-6.6,1,0,0,20.562,1
2021-01-18 20:00:00,2021,1,0,20,22839.0,867.8,51.8,19.2,2.84,485.0,150.4,19.82,0.1304,128.97,20.562,10.655,10.874,12.649,24147.0,14.163,7.888,17.72,30159.0,,7.0,-6.0,1,0,0,16.538,0
2021-01-18 21:00:00,2021,1,0,21,21649.0,1449.7,,19.1,2.91,438.0,152.0,31.383,,176.347,16.538,5.563,10.455,15.16,24504.0,16.808,7.931,17.5,30159.0,610.4,-47.0,-2.9,1,0,0,21.435,1
2021-01-18 22:00:00,2021,1,0,22,21808.0,1430.2,55.5,15.5,2.92,454.0,154.1,31.189,0.2052,131.0,21.435,22.497,12.697,12.314,24502.0,15.732,7.91,18.25,30159.0,-78.6,16.0,,1,0,0,16.04,0
2021-01-18 23:00:00,2021,1,0,23,21802.0,807.2,55.0,9.9,3.5,407.0,,17.598,0.1158,96.7,16.04,4.77,14.374,12.314,24655.0,16.91,7.944,16.0,30159.0,-777.9,-47.0,-2.5,1,0,0,11.837,0
2021-01-19 00:00:00,2021,1,1,0,21400.0,1557.0,54.0,24.1,3.21,431.0,152.4,33.321,0.2192,47.049,11.837,15.048,27.869,11.658,26690.0,15.344,7.731,16.33,30159.0,10.8,24.0,-2.8,0,0,0,5.653,0
2021-01-19 01:00:00,2021,1,1,1,21433.0,1541.2,54.1,16.0,2.67,392.0,157.4,33.032,0.2173,119.389,5.653,20.562,20.003,23.954,,14.312,7.644,17.3,30159.0,659.6,,-5.6,0,0,0,14.367,0
2021-01-19 02:00:00,2021,1,1,2,20403.0,766.6,53.2,18.9,3.0,431.0,160.7,15.641,0.1029,79.761,14.367,,21.742,20.624,23420.0,13.078,7.545,17.25,30159.0,-101.2,39.0,-3.6,0,0,0,9.137,0
2021-01-19 03:00:00,2021,1,1,3,20494.0,278.6,51.5,7.6,2.7,467.0,155.4,5.71,0.0376,62.391,,21.435,33.075,12.954,21827.0,10.702,6.442,15.33,30159.0,-1171.1,36.0,-5.5,0,0,0,7.179,0
2021-01-19 04:00:00,2021,1,1,4,21008.0,315.7,53.8,6.1,2.23,440.0,161.0,6.631,0.0436,46.562,7.179,16.04,23.436,,20628.0,8.944,6.182,13.77,30159.0,-1114.5,-27.0,,0,0,0,5.492,0
2021-01-19 05:00:00,2021,1,1,5,20453.0,766.8,52.6,6.7,1.96,443.0,168.9,15.684,0.1032,133.583,5.492,11.837,27.164,12.651,19572.0,,5.332,13.23,30159.0,-40.4,3.0,-7.2,0,0,0,15.34,0
2021-01-19 06:00:00,2021,1,1,6,19754.0,308.6,53.0,10.6,2.18,411.0,160.9,6.097,0.0401,,,5.653,9.662,15.549,20334.0,10.475,,,30159.0,-1248.4,-32.0,-5.4,0,0,0,11.337,0
2021-01-19 07:00:00,2021,1,1,7,19219.0,794.0,,17.7,2.39,406.0,156.3,15.26,,58.977,11.337,14.367,8.276,14.291,20201.0,9.141,5.384,11.27,30159.0,-747.2,-5.0,-5.2,0,0,0,6.364,0
2021-01-19 08:00:00,2021,1,1,8,19444.0,723.6,52.7,7.2,2.38,425.0,160.1,14.069,0.0926,75.323,6.364,9.137,14.46,9.171,20585.0,8.989,5.384,9.32,30159.0,-43.0,19.0,-3.3,0,0,0,8.223,0
2021-01-19 09:00:00,2021,1,1,9,19113.0,1442.4,50.6,12.1,3.29,403.0,160.1,27.568,0.1814,174.371,8.223,7.179,8.848,16.167,21644.0,10.911,5.568,10.07,30159.0,1163.8,-22.0,-8.0,0,0,0,18.712,1
2021-01-19 10:00:00,2021,1,1,10,19744.0,1512.3,52.0,19.4,3.23,408.0,,29.858,0.1964,,18.712,5.492,4.775,11.071,22804.0,11.71,5.384,12.28,30159.0,1196.6,,-6.8,0,0,0,10.285,0
2021-01-19 11:00:00,2021,1,1,11,19867.0,791.2,50.3,21.3,3.23,402.0,163.7,15.719,0.1034,225.909,10.285,15.34,10.039,17.313,22628.0,13.353,6.013,14.72,30159.0,,-6.0,-8.5,1,0,0,25.199,1
2021-01-19 12:00:00,2021,1,1,12,21439.0,828.4,50.7,11.2,2.96,412.0,158.4,17.759,0.1168,154.049,25.199,11.337,10.175,9.712,23341.0,14.554,6.114,14.82,30159.0,519.8,10.0,-7.1,1,0,0,18.543,1
2021-01-19 13:00:00,2021,1,1,13,21315.0,367.8,51.9,5.2,2.66,345.0,160.4,7.84,0.0516,229.547,18.543,6.364,7.485,10.481,24038.0,18.072,6.687,12.73,30159.0,-426.2,-67.0,-5.9,1,0,0,27.471,1
2021-01-19 14:00:00,2021,1,1,14,20393.0,724.0,48.7,7.4,3.33,416.0,157.0,14.764,0.0971,114.884,27.471,8.223,10.655,8.115,23137.0,18.894,6.657,12.77,30159.0,0.4,71.0,-9.4,1,0,0,13.154,0
2021-01-19 15:00:00,2021,1,1,15,20996.0,375.0,47.7,10.7,3.31,343.0,155.1,7.874,0.0518,141.037,13.154,18.712,5.563,12.043,23043.0,18.546,6.443,12.53,30159.0,-1067.4,-73.0,-4.8,1,0,0,16.626,0
2021-01-19 16:00:00,2021,1,1,16,20959.0,811.6,50.7,8.1,3.01,370.0,,17.011,0.1119,152.673,16.626,10.285,22.497,11.873,21324.0,19.826,6.254,10.65,30159.0,-700.7,27.0,-6.5,1,0,0,17.966,0
2021-01-19 17:00:00,2021,1,1,17,21551.0,1589.5,51.5,,2.9,357.0,161.7,34.254,0.2254,93.86,17.966,25.199,4.77,18.747,20394.0,17.519,5.967,10.48,30159.0,798.3,-13.0,-3.7,0,0,0,11.357,0
2021-01-19 18:00:00,2021,1,1,18,21850.0,965.2,50.8,14.7,,314.0,157.9,,0.1388,77.259,11.357,18.543,15.048,24.229,20641.0,16.009,6.046,,30159.0,136.8,-43.0,-5.6,0,0,0,9.478,0
2021-01-19 19:00:00,2021,1,1,19,22071.0,899.6,48.8,15.2,3.31,332.0,159.9,19.854,0.1306,63.267,9.478,27.471,20.562,14.1,21750.0,12.737,6.012,12.73,30159.0,531.8,18.0,-1.4,0,0,0,7.84,0
2021-01-19 20:00:00,2021,1,1,20,22134.0,951.0,48.1,22.9,3.21,353.0,160.1,21.05,0.1385,58.975,7.84,,16.538,10.874,,11.766,6.107,15.32,30159.0,227.0,21.0,-3.7,0,0,0,7.329,0
2021-01-19 21:00:00,2021,1,1,21,,1602.9,48.1,27.4,3.94,356.0,159.1,38.35,0.2523,57.23,7.329,16.626,21.435,10.455,21649.0,10.276,5.942,18.1,30159.0,1227.9,3.0,-4.0,0,0,0,7.688,0
2021-01-19 22:00:00,2021,1,1,22,25192.0,975.0,46.8,19.2,3.53,382.0,160.9,24.563,0.1616,80.817,7.688,17.966,16.04,12.697,21808.0,9.187,5.9,19.95,30159.0,163.4,26.0,-8.7,0,0,0,11.431,0
2021-01-19 23:00:00,2021,1,1,23,25271.0,927.2,44.5,14.0,3.76,391.0,157.5,23.431,0.1542,93.039,11.431,11.357,11.837,14.374,21802.0,9.494,,18.9,30159.0,-662.3,9.0,-10.5,0,0,0,13.201,0
2021-01-20 00:00:00,2021,1,2,0,25823.0,377.1,44.4,0.0,3.56,371.0,162.0,9.738,0.0641,98.803,13.201,9.478,5.653,27.869,21400.0,10.302,5.728,16.45,30159.0,-588.1,-20.0,-9.6,0,0,0,14.325,0
2021-01-20 01:00:00,2021,1,2,1,26727.0,898.2,47.9,16.3,2.91,376.0,164.4,24.006,0.1579,55.358,14.325,7.84,14.367,20.003,21433.0,10.38,5.791,16.63,30159.0,,5.0,-6.2,0,0,0,8.307,0
2021-01-20 02:00:00,2021,1,2,2,25440.0,330.8,45.3,10.1,2.62,376.0,165.9,8.414,0.0554,66.902,8.307,7.329,9.137,21.742,20403.0,10.751,5.781,14.5,30159.0,-620.2,0.0,-7.9,0,0,0,9.556,0
2021-01-20 03:00:00,2021,1,2,3,26168.0,870.5,46.0,15.7,,419.0,167.2,22.781,0.1499,64.333,9.556,7.688,7.179,33.075,20494.0,11.045,5.706,12.55,30159.0,-732.4,43.0,-5.5,0,0,0,9.452,0
2021-01-20 04:00:00,2021,1,2,4,25747.0,889.3,46.4,21.4,2.49,378.0,167.5,22.898,0.1506,126.793,9.452,11.431,5.492,23.436,21008.0,12.195,5.602,12.92,30159.0,-85.7,-41.0,-7.4,1,0,0,18.329,1
2021-01-20 05:00:00,2021,1,2,5,26125.0,331.9,44.5,1.4,2.23,401.0,171.1,8.672,0.0571,194.961,18.329,13.201,15.34,27.164,20453.0,14.761,6.414,10.82,30159.0,,23.0,-8.1,1,0,0,28.597,1
2021-01-20 06:00:00,2021,1,2,6,25836.0,816.5,,11.5,2.47,390.0,166.1,21.095,0.1388,97.437,28.597,14.325,11.337,9.662,19754.0,14.729,6.393,12.73,30159.0,439.4,-11.0,-9.8,1,0,0,14.134,0
2021-01-20 07:00:00,2021,1,2,7,24353.0,321.3,44.8,2.0,2.42,377.0,160.8,7.824,0.0515,161.235,14.134,8.307,6.364,8.276,19219.0,17.019,6.391,,30159.0,-576.9,-13.0,-4.9,1,0,0,22.046,1
2021-01-20 08:00:00,2021,1,2,8,22689.0,334.7,44.9,0.0,2.91,432.0,159.1,7.594,0.05,307.232,22.046,9.556,8.223,14.46,19444.0,21.949,7.978,8.67,30159.0,3.9,55.0,-7.8,1,0,0,39.138,1
2021-01-20 09:00:00,2021,1,2,9,22160.0,400.3,44.9,8.8,2.61,396.0,158.9,8.87,0.0584,232.922,39.138,9.452,18.712,8.848,19113.0,25.204,8.403,7.52,,-470.2,-36.0,-5.7,1,0,0,28.98,1
2021-01-20 10:00:00,2021,1,2,10,21058.0,372.2,43.3,11.2,2.74,434.0,166.0,7.839,0.0516,65.659,28.98,18.329,10.285,4.775,19744.0,23.443,8.496,5.82,30159.0,-517.1,38.0,-8.7,0,0,0,7.763,0
2021-01-20 11:00:00,2021,1,2,11,20793.0,1965.0,43.9,31.6,2.99,432.0,163.3,40.858,0.2688,69.4,7.763,28.597,25.199,10.039,19867.0,20.027,8.422,10.85,30159.0,1633.1,-2.0,-6.4,0,0,0,8.102,0
2021-01-20 12:00:00,2021,1,2,12,22480.0,1946.8,43.5,32.7,2.79,402.0,167.7,43.766,0.2879,87.842,8.102,,18.543,10.175,21439.0,19.519,8.441,14.38,30159.0,1130.3,-30.0,-7.2,0,0,0,11.087,0
2021-01-20 13:00:00,2021,1,2,13,23531.0,900.4,43.2,21.7,2.35,451.0,157.5,21.187,,71.217,11.087,22.046,27.471,7.485,21315.0,17.413,8.091,17.67,30159.0,579.1,49.0,-8.7,0,0,0,9.409,0
2021-01-20 14:00:00,2021,1,2,14,22140.0,915.8,42.4,15.2,3.11,445.0,164.2,20.276,0.1334,61.831,9.409,39.138,13.154,10.655,20393.0,12.171,8.204,20.2,30159.0,581.1,-6.0,-6.3,0,0,0,7.686,0
2021-01-20 15:00:00,2021,1,2,15,23085.0,920.1,43.3,17.2,2.35,445.0,161.4,21.24,,83.935,7.686,28.98,16.626,5.563,,9.154,8.212,21.6,30159.0,519.8,0.0,-4.4,0,0,0,10.879,0
2021-01-20 16:00:00,2021,1,2,16,22675.0,1921.4,44.7,19.1,2.43,464.0,164.6,43.568,0.2866,175.995,10.879,7.763,17.966,22.497,20959.0,11.595,8.356,22.92,30159.0,1549.2,19.0,,0,0,0,22.406,1
2021-01-20 17:00:00,2021,1,2,17,22869.0,921.0,44.3,9.7,,431.0,167.2,21.063,0.1386,108.528,22.406,8.102,11.357,4.77,21551.0,12.567,8.336,19.27,,-1044.0,-33.0,-7.2,0,0,0,13.935,0
2021-01-20 18:00:00,2021,1,2,18,22916.0,339.4,46.4,3.3,2.13,444.0,162.3,7.776,0.0512,106.114,13.935,11.087,9.478,15.048,21850.0,12.995,8.276,14.37,30159.0,-1607.4,13.0,-4.4,0,0,0,13.653,0
2021-01-20 19:00:00,2021,1,2,19,23149.0,946.0,43.5,15.0,2.07,488.0,169.2,21.899,,93.489,13.653,9.409,7.84,20.562,22071.0,13.452,8.174,13.25,30159.0,45.6,44.0,-5.3,0,0,0,12.151,0
2021-01-20 20:00:00,2021,1,2,20,23248.0,2222.8,46.0,35.9,1.91,495.0,171.2,51.677,0.34,94.784,12.151,7.686,7.329,16.538,22134.0,14.233,8.044,16.7,30159.0,1307.0,,-2.1,0,0,0,12.372,0
2021-01-20 21:00:00,2021,1,2,21,,324.1,43.6,2.3,1.88,486.0,174.9,7.83,0.0515,127.502,12.372,10.879,7.688,21.435,23926.0,15.302,7.914,14.22,30159.0,-596.0,-9.0,-4.5,0,0,0,17.294,0
2021-01-20 22:00:00,2021,1,2,22,22798.0,827.3,44.2,6.1,1.92,439.0,171.2,18.86,0.1241,155.319,17.294,22.406,11.431,16.04,25192.0,14.881,7.928,12.05,30159.0,-1094.1,-47.0,-2.6,0,0,0,19.881,1
2021-01-20 23:00:00,2021,1,2,23,22905.0,886.0,44.9,11.6,2.1,442.0,171.8,20.294,0.1335,132.766,19.881,13.935,13.201,11.837,25271.0,15.404,7.918,12.37,30159.0,-35.0,3.0,0.4,0,0,0,17.074,0
2021-01-21 00:00:00,2021,1,3,0,24482.0,912.7,48.5,13.1,2.2,485.0,169.1,22.345,0.147,106.194,17.074,13.653,14.325,5.653,25823.0,15.562,7.916,14.0,30159.0,573.3,43.0,4.1,0,0,0,14.597,0
2021-01-21 01:00:00,2021,1,3,1,24978.0,943.0,45.1,20.8,1.18,448.0,,23.555,0.155,87.214,14.597,12.151,8.307,14.367,26727.0,15.575,7.796,14.97,30159.0,-3.0,-37.0,-2.8,0,0,0,12.231,0
2021-01-21 02:00:00,2021,1,3,2,26203.0,928.8,49.4,11.1,1.44,471.0,169.1,,0.1601,111.502,12.231,12.372,9.556,9.137,25440.0,16.247,7.68,10.83,30159.0,-1294.0,23.0,4.1,0,0,0,16.404,0
2021-01-21 03:00:00,2021,1,3,3,26473.0,2436.0,49.9,38.2,1.56,495.0,170.9,64.489,0.4243,103.771,16.404,17.294,9.452,,,15.935,7.549,16.82,30159.0,2111.9,24.0,3.9,0,0,0,15.424,0
2021-01-21 04:00:00,2021,1,3,4,26583.0,977.2,,25.6,0.76,495.0,169.6,,0.1709,98.752,15.424,19.881,18.329,5.492,25747.0,,7.545,20.07,30159.0,,,1.4,0,0,0,14.739,0
2021-01-21 05:00:00,2021,1,3,5,26609.0,360.9,48.6,5.6,0.8,477.0,164.9,9.604,0.0632,84.104,14.739,17.074,28.597,15.34,26125.0,14.327,7.1,19.07,30159.0,-525.1,-18.0,4.1,0,0,0,12.565,0
2021-01-21 06:00:00,2021,1,3,6,26204.0,2518.1,45.8,42.7,0.62,479.0,168.0,65.984,0.4341,90.787,12.565,14.597,14.134,11.337,25836.0,14.12,7.109,24.0,30159.0,,2.0,2.6,0,0,0,13.357,0
2021-01-21 07:00:00,2021,1,3,7,25948.0,938.1,48.2,20.5,0.34,432.0,163.4,24.341,0.1601,60.218,13.357,12.231,22.046,6.364,24353.0,13.544,7.098,23.95,30159.0,,,3.4,0,0,0,8.773,0
2021-01-21 08:00:00,2021,1,3,8,26331.0,865.7,47.6,11.4,0.69,482.0,160.1,22.794,0.15,81.448,8.773,16.404,39.138,8.223,22689.0,12.816,4.908,24.0,30159.0,-63.1,50.0,2.7,0,0,0,12.041,0
2021-01-21 09:00:00,2021,1,3,9,25599.0,883.9,53.2,14.0,0.86,451.0,163.2,22.627,0.1489,102.284,12.041,15.424,28.98,18.712,22160.0,12.696,3.717,19.97,30159.0,-1552.1,-31.0,8.3,0,0,0,14.701,0
2021-01-21 10:00:00,2021,1,3,10,25984.0,2605.0,51.3,52.4,0.9,437.0,159.6,67.689,0.4453,64.151,14.701,14.739,7.763,10.285,21058.0,11.799,3.628,24.43,30159.0,1627.8,-14.0,8.0,0,0,0,9.359,0
2021-01-21 11:00:00,2021,1,3,11,26347.0,907.6,51.7,22.8,0.2,428.0,163.3,23.912,0.1573,78.106,9.359,12.565,8.102,25.199,20793.0,11.631,3.476,27.3,30159.0,546.7,-9.0,7.8,0,0,0,11.554,0
2021-01-21 12:00:00,2021,1,3,12,26860.0,355.2,49.6,5.5,0.41,411.0,164.7,9.54,0.0628,47.783,11.554,13.357,11.087,18.543,22480.0,10.606,3.677,21.1,30159.0,-2162.9,-17.0,6.1,0,0,0,7.206,0
2021-01-21 13:00:00,2021,1,3,13,26634.0,380.6,49.7,6.8,,433.0,162.3,10.136,0.0667,35.656,7.206,8.773,9.409,,23531.0,10.032,3.95,18.82,30159.0,-557.5,22.0,6.5,0,0,0,5.332,0
2021-01-21 14:00:00,2021,1,3,14,26944.0,344.7,50.0,5.5,0.5,,159.7,9.287,0.0611,66.638,5.332,12.041,7.686,13.154,22140.0,9.706,3.834,17.83,30159.0,-521.0,10.0,7.6,0,0,0,10.081,0
2021-01-21 15:00:00,2021,1,3,15,26779.0,892.1,51.8,19.1,0.86,423.0,152.1,23.89,0.1572,64.621,10.081,14.701,10.879,16.626,23085.0,8.875,3.873,18.68,30159.0,8.2,-20.0,8.5,0,0,0,9.716,0
2021-01-21 16:00:00,2021,1,3,16,27877.0,384.8,51.4,7.1,0.47,494.0,150.6,10.728,0.0706,,9.716,9.359,22.406,17.966,,8.908,3.405,11.13,30159.0,-2220.2,71.0,6.7,0,0,0,9.558,0
2021-01-21 17:00:00,2021,1,3,17,26159.0,933.5,49.8,17.8,1.04,485.0,153.4,24.42,0.1607,62.585,9.558,11.554,13.935,11.357,22869.0,8.514,3.465,10.3,30159.0,25.9,-9.0,5.5,0,0,0,9.192,0
2021-01-21 18:00:00,2021,1,3,18,25312.0,900.8,50.0,18.1,0.69,508.0,148.7,,0.15,52.309,9.192,7.206,13.653,9.478,22916.0,8.552,3.602,12.4,,545.6,23.0,3.6,0,0,0,7.434,0
2021-01-21 19:00:00,2021,1,3,19,24187.0,,49.9,31.8,0.2,,145.9,57.963,0.3813,132.555,7.434,5.332,12.151,7.84,23149.0,10.664,3.791,16.57,30159.0,2015.8,17.0,6.4,0,0,0,18.001,0
2021-01-21 20:00:00,2021,1,3,20,22980.0,900.0,48.4,9.0,0.22,471.0,146.9,20.681,0.1361,,18.001,10.081,12.372,7.329,23248.0,11.638,3.857,17.15,30159.0,555.3,-54.0,2.4,0,0,0,15.93,0
2021-01-21 21:00:00,2021,1,3,21,23662.0,2318.0,47.8,24.7,0.28,473.0,143.9,54.847,0.3608,201.984,15.93,9.716,17.294,7.688,24158.0,14.492,4.75,18.08,30159.0,1425.9,2.0,4.2,0,0,0,26.834,1
2021-01-21 22:00:00,2021,1,3,22,24876.0,2399.1,46.1,32.9,0.71,450.0,142.9,59.68,,119.039,26.834,9.558,19.881,11.431,22798.0,15.67,4.589,22.38,30159.0,2014.3,-23.0,1.9,0,0,0,16.626,0
2021-01-21 23:00:00,2021,1,3,23,23985.0,467.1,51.1,5.1,0.39,444.0,141.9,11.204,0.0737,97.218,16.626,,17.074,13.201,22905.0,16.32,4.501,,30159.0,-466.4,-6.0,,0,0,0,13.092,0
2021-01-22 00:00:00,2021,1,4,0,22408.0,895.8,47.5,8.6,0.2,470.0,150.3,20.074,0.1321,95.778,13.092,7.434,14.597,14.325,24482.0,17.089,4.484,18.68,,-5.0,26.0,-1.0,0,0,0,12.05,0
2021-01-22 01:00:00,2021,1,4,1,20619.0,506.4,48.5,15.3,0.2,,147.6,,0.0687,73.112,12.05,18.001,12.231,8.307,24978.0,15.499,4.562,15.93,30159.0,-1890.0,-35.0,3.4,0,0,0,8.464,0
2021-01-22 02:00:00,2021,1,4,2,20183.0,2461.2,46.0,,,381.0,150.4,,0.3268,100.354,8.464,15.93,16.404,9.556,26203.0,14.74,,19.77,30159.0,1561.2,-54.0,-3.4,0,0,0,11.372,0
2021-01-22 03:00:00,2021,1,4,3,22064.0,1013.8,51.1,6.4,0.31,388.0,152.4,22.369,0.1472,121.456,11.372,26.834,15.424,9.452,26473.0,12.775,4.476,16.72,,-1304.2,7.0,1.2,0,0,0,15.046,0
2021-01-22 04:00:00,2021,1,4,4,,518.5,47.7,11.7,0.2,389.0,146.4,11.669,0.0768,80.744,15.046,16.626,14.739,,26583.0,11.705,,13.18,30159.0,-1880.6,,-0.1,0,0,0,10.203,0
2021-01-22 05:00:00,2021,1,4,5,,522.7,51.3,9.1,,411.0,143.8,11.439,0.0753,154.994,10.203,13.092,,28.597,26609.0,12.696,,13.85,30159.0,55.6,22.0,2.7,1,0,0,19.044,1
2021-01-22 06:00:00,2021,1,4,6,22692.0,1133.6,48.8,14.9,0.2,,138.9,25.724,0.1692,180.58,19.044,12.05,13.357,14.134,26204.0,14.523,5.17,14.9,30159.0,237.8,18.0,3.0,1,0,0,23.007,1
2021-01-22 07:00:00,2021,1,4,7,21277.0,2079.5,48.3,23.5,0.2,420.0,140.0,44.247,0.2911,266.831,23.007,8.464,8.773,22.046,25948.0,18.425,6.41,16.27,30159.0,1573.1,,0.1,1,0,0,31.876,1
2021-01-22 08:00:00,2021,1,4,8,21157.0,1220.9,47.7,10.4,0.63,427.0,143.2,25.831,0.1699,205.013,31.876,11.372,12.041,39.138,26331.0,20.588,6.759,12.67,30159.0,-1240.3,7.0,0.1,1,0,0,24.353,1
2021-01-22 09:00:00,2021,1,4,9,21351.0,558.3,46.9,6.7,0.46,372.0,146.7,11.92,0.0784,119.222,24.353,15.046,14.701,28.98,25599.0,20.463,6.758,12.72,30159.0,-455.5,-55.0,-6.3,1,0,0,14.292,0
2021-01-22 10:00:00,2021,1,4,10,20884.0,475.1,49.4,7.0,0.2,382.0,147.3,9.922,0.0653,123.321,14.292,10.203,9.359,7.763,25984.0,21.172,6.68,11.93,30159.0,-43.4,10.0,-1.9,1,0,0,14.46,0
2021-01-22 11:00:00,2021,1,4,11,21650.0,1183.5,47.4,13.2,0.74,361.0,139.6,25.623,0.1686,106.922,14.46,19.044,11.554,8.102,26347.0,20.164,6.66,12.62,30159.0,660.8,-21.0,-4.3,0,0,0,12.997,0
2021-01-22 12:00:00,2021,1,4,12,21573.0,1152.5,49.2,15.2,0.87,353.0,140.9,24.862,0.1636,110.606,12.997,23.007,7.206,11.087,26860.0,18.563,6.486,12.67,30159.0,,-8.0,-0.4,0,0,0,13.397,0
2021-01-22 13:00:00,2021,1,4,13,22975.0,489.9,,6.1,1.38,380.0,,11.256,0.0741,118.369,13.397,31.876,,9.409,26634.0,15.795,6.173,9.77,30159.0,-1589.6,27.0,0.2,0,0,0,15.269,0
2021-01-22 14:00:00,2021,1,4,14,21915.0,513.3,52.0,12.5,1.43,409.0,137.2,11.249,0.074,139.991,15.269,24.353,10.081,7.686,,14.607,,10.12,30159.0,-707.6,29.0,2.0,1,0,0,17.225,0
2021-01-22 15:00:00,2021,1,4,15,23071.0,1978.9,50.2,35.6,1.45,401.0,135.0,,,152.964,17.225,,9.716,10.879,26779.0,15.527,6.032,14.93,30159.0,1420.6,-8.0,-1.6,1,0,0,19.814,1
2021-01-22 16:00:00,2021,1,4,16,24466.0,1200.9,47.6,23.4,0.56,384.0,129.4,29.38,0.1933,113.871,19.814,,9.558,22.406,27877.0,15.724,5.883,17.67,30159.0,725.8,-17.0,,1,0,0,15.642,0
2021-01-22 17:00:00,2021,1,4,17,23752.0,1215.6,49.9,27.7,0.89,392.0,128.6,28.873,0.19,162.608,15.642,12.997,9.192,13.935,26159.0,17.172,5.801,20.08,30159.0,32.1,8.0,0.1,1,0,0,21.685,1
2021-01-22 18:00:00,2021,1,4,18,22508.0,1145.6,50.4,16.5,0.82,333.0,130.4,25.785,0.1696,182.207,21.685,13.397,7.434,13.653,25312.0,18.777,5.601,20.3,30159.0,-6.9,-59.0,0.4,1,0,0,23.026,1
2021-01-22 19:00:00,2021,1,4,19,23941.0,1094.8,50.3,22.3,1.06,355.0,127.7,26.21,0.1724,103.944,23.026,15.269,18.001,12.151,24187.0,18.561,5.637,23.0,30159.0,604.9,22.0,0.4,1,0,0,13.972,0
2021-01-22 20:00:00,2021,1,4,20,24309.0,1100.4,50.6,15.2,0.98,406.0,129.9,26.75,0.176,83.409,13.972,17.225,15.93,12.372,22980.0,17.587,5.752,23.45,30159.0,587.1,51.0,2.2,0,0,0,11.384,0
2021-01-22 21:00:00,2021,1,4,21,25450.0,386.4,50.5,0.0,0.97,443.0,136.0,9.832,,,11.384,19.814,26.834,17.294,23662.0,16.805,5.354,17.52,30159.0,-1592.5,37.0,2.7,0,0,0,15.121,0
2021-01-22 22:00:00,2021,1,4,22,24859.0,432.2,49.1,10.2,0.83,416.0,138.0,10.744,0.0707,86.02,15.121,15.642,16.626,19.881,24876.0,16.199,5.428,15.32,,-768.7,-27.0,3.0,0,0,0,12.006,0
2021-01-22 23:00:00,2021,1,4,23,25817.0,2148.2,53.0,31.0,0.63,401.0,131.3,55.458,0.3649,125.504,12.006,21.685,13.092,17.074,23985.0,15.617,,15.87,30159.0,932.6,-15.0,1.9,0,0,0,18.192,1
2021-01-23 00:00:00,2021,1,5,0,24453.0,2132.9,48.2,44.9,0.52,377.0,140.8,52.156,0.3431,92.881,18.192,23.026,12.05,14.597,22408.0,,5.378,20.6,30159.0,987.3,-24.0,0.7,0,0,0,12.752,0
2021-01-23 01:00:00,2021,1,5,1,25134.0,1014.1,47.1,17.3,0.58,419.0,139.2,,0.1677,51.227,12.752,13.972,8.464,,20619.0,12.781,5.463,19.77,30159.0,-80.7,42.0,-1.4,0,0,0,7.229,0
2021-01-23 02:00:00,2021,1,5,2,26036.0,402.3,46.3,10.6,0.98,397.0,140.4,10.475,0.0689,69.448,7.229,11.384,11.372,16.404,20183.0,12.575,5.517,19.0,30159.0,-698.1,-22.0,0.3,0,0,0,10.152,0
2021-01-23 03:00:00,2021,1,5,3,25912.0,425.2,45.7,7.1,0.4,387.0,,11.017,,85.212,10.152,15.121,15.046,15.424,22064.0,12.121,5.57,20.18,30159.0,38.8,-10.0,-5.4,0,0,0,12.397,0
2021-01-23 04:00:00,2021,1,5,4,24777.0,423.9,47.5,7.0,,393.0,,10.504,0.0691,82.157,12.397,12.006,10.203,14.739,22506.0,12.025,5.518,19.65,30159.0,,6.0,-0.2,0,0,0,11.429,0
2021-01-23 05:00:00,2021,1,5,5,24532.0,2000.4,49.6,39.9,1.14,396.0,129.3,49.075,0.3229,146.533,11.429,18.192,19.044,12.565,21884.0,12.357,5.548,21.13,30159.0,-147.8,3.0,-1.7,1,0,0,20.183,1
2021-01-23 06:00:00,2021,1,5,6,24950.0,2038.5,48.9,33.7,0.9,409.0,126.5,50.86,0.3346,248.601,20.183,12.752,23.007,13.357,22692.0,16.036,6.592,19.27,30159.0,-94.4,,0.1,1,0,0,34.825,1
2021-01-23 07:00:00,2021,1,5,7,23735.0,912.6,45.5,17.8,0.2,,126.2,21.661,0.1425,140.302,34.825,7.229,31.876,8.773,21277.0,17.947,5.783,19.35,30159.0,-101.5,,-2.8,1,0,0,18.697,1
2021-01-23 08:00:00,2021,1,5,8,24286.0,1896.3,47.9,30.2,1.22,418.0,126.0,46.055,0.303,95.31,18.697,10.152,24.353,12.041,21157.0,18.421,5.553,22.62,30159.0,1494.0,,0.2,1,0,0,12.996,0
2021-01-23 09:00:00,2021,1,5,9,23529.0,397.6,50.1,3.8,0.81,398.0,118.4,9.355,0.0615,160.463,12.996,12.397,14.292,14.701,21351.0,19.888,5.649,22.07,,-27.6,-20.0,3.2,1,0,0,21.198,1
2021-01-23 10:00:00,2021,1,5,10,,947.5,47.4,13.8,,408.0,123.3,22.9,0.1507,125.143,21.198,11.429,14.46,9.359,20884.0,20.813,5.641,23.2,30159.0,523.6,10.0,-2.0,1,0,0,16.981,0
2021-01-23 11:00:00,2021,1,5,11,23189.0,449.6,53.6,7.6,1.29,,121.1,10.425,0.0686,102.975,16.981,20.183,12.997,11.554,21650.0,19.684,5.632,17.82,30159.0,-1550.8,9.0,6.2,0,0,0,13.407,0
2021-01-23 12:00:00,2021,1,5,12,22851.0,415.1,53.1,1.9,1.57,398.0,114.7,9.485,0.0624,115.667,13.407,34.825,13.397,7.206,21573.0,16.353,5.608,12.52,30159.0,-1623.4,-19.0,3.9,0,0,0,14.84,0
2021-01-23 13:00:00,2021,1,5,13,20962.0,1898.3,53.1,,,343.0,111.9,39.792,0.2618,115.19,14.84,18.697,15.269,,22975.0,15.496,5.632,15.15,30159.0,985.7,-55.0,3.2,0,0,0,13.557,0
2021-01-23 14:00:00,2021,1,5,14,19840.0,1818.5,54.2,20.1,1.46,353.0,113.4,36.079,0.2374,154.973,13.557,12.996,17.225,,21915.0,16.208,5.633,13.47,30159.0,-77.8,10.0,2.2,0,0,0,17.263,0
2021-01-23 15:00:00,2021,1,5,15,20252.0,458.7,49.3,12.4,0.61,378.0,117.5,9.289,0.0611,82.115,17.263,21.198,19.814,9.716,23071.0,14.231,5.745,14.9,30159.0,61.1,25.0,-0.9,0,0,0,9.337,0
2021-01-23 16:00:00,2021,1,5,16,20550.0,432.0,52.6,3.3,1.07,367.0,114.8,8.878,0.0584,,9.337,16.981,15.642,9.558,24466.0,13.661,5.763,13.15,29382.0,-515.5,,5.0,0,0,0,13.56,0
2021-01-23 17:00:00,2021,1,5,17,20658.0,849.4,56.5,13.1,1.35,339.0,121.3,17.546,0.1154,66.025,13.56,13.407,21.685,9.192,23752.0,12.702,5.837,14.07,29382.0,399.8,-28.0,6.6,0,0,0,7.658,0
2021-01-23 18:00:00,2021,1,5,18,19825.0,440.2,54.7,2.7,0.58,327.0,123.0,8.727,0.0574,137.644,7.658,14.84,23.026,7.434,22508.0,12.783,5.589,14.2,29382.0,25.1,-12.0,4.3,0,0,0,15.321,0
2021-01-23 19:00:00,2021,1,5,19,20365.0,897.1,55.8,14.8,1.71,,119.5,18.27,0.1202,64.045,15.321,13.557,13.972,18.001,23941.0,11.744,5.791,11.07,29382.0,,-29.0,5.5,0,0,0,7.323,0
2021-01-23 20:00:00,2021,1,5,20,19739.0,906.9,57.0,10.1,1.47,276.0,122.6,17.901,0.1178,108.07,,17.263,11.384,15.93,24309.0,,5.778,9.4,29382.0,-911.6,-22.0,6.4,0,0,0,11.977,0
2021-01-23 21:00:00,2021,1,5,21,,450.5,55.7,0.0,1.03,326.0,126.9,,0.0609,151.864,11.977,9.337,15.121,26.834,25450.0,12.227,5.81,7.33,29382.0,-8.2,50.0,5.2,0,0,0,17.522,0
2021-01-23 22:00:00,2021,1,5,22,20751.0,467.6,54.4,0.3,1.42,350.0,133.4,9.703,0.0638,140.754,17.522,13.56,12.006,16.626,24859.0,12.7,5.793,6.83,28094.0,35.6,24.0,5.3,0,0,0,16.399,0
2021-01-23 23:00:00,2021,1,5,23,20724.0,492.7,55.4,10.7,2.22,390.0,132.2,10.211,0.0672,84.301,16.399,7.658,18.192,13.092,,13.058,5.832,6.43,27877.0,-356.7,40.0,2.4,0,0,0,9.809,0
2021-01-24 00:00:00,2021,1,6,0,21844.0,1890.2,52.9,26.4,1.45,350.0,130.2,41.29,0.2716,93.294,9.809,15.321,12.752,12.05,24453.0,,5.855,10.38,27877.0,,,4.7,0,0,0,11.442,0
2021-01-24 01:00:00,2021,1,6,1,22251.0,958.8,56.9,15.5,1.34,403.0,126.4,21.333,0.1403,66.445,11.442,7.323,7.229,8.464,25134.0,12.575,5.802,10.5,27877.0,61.7,53.0,9.8,0,0,0,8.301,0
2021-01-24 02:00:00,2021,1,6,2,23474.0,1015.0,59.0,15.8,1.35,368.0,130.5,23.826,0.1568,79.554,8.301,11.977,10.152,11.372,26036.0,12.326,5.792,11.45,27877.0,108.1,-35.0,12.7,0,0,0,10.485,0
2021-01-24 03:00:00,2021,1,6,3,23544.0,487.9,57.9,0.0,,396.0,127.7,11.487,0.0756,113.776,10.485,17.522,12.397,15.046,25912.0,11.913,5.776,11.45,27877.0,37.4,28.0,12.2,0,0,0,15.04,0
2021-01-24 04:00:00,2021,1,6,4,23037.0,1011.7,59.6,22.5,0.82,344.0,127.1,23.306,0.1533,73.494,15.04,16.399,11.429,10.203,,10.764,5.834,15.15,27877.0,544.1,-52.0,12.1,0,0,0,9.506,0
2021-01-24 05:00:00,2021,1,6,5,22344.0,428.4,58.3,8.7,1.09,372.0,130.7,9.571,0.063,45.691,9.506,9.809,20.183,19.044,24532.0,10.084,5.965,14.82,,-64.3,28.0,8.7,0,0,0,5.732,0
2021-01-24 06:00:00,2021,1,6,6,22122.0,,,3.7,1.18,382.0,127.0,9.432,0.0621,76.1,5.732,11.442,34.825,23.007,24950.0,9.753,,11.03,27877.0,-1463.8,10.0,9.3,0,0,0,9.452,0
2021-01-24 07:00:00,2021,1,6,7,20999.0,984.6,61.5,18.0,1.68,352.0,124.9,20.675,0.136,92.485,9.452,8.301,18.697,31.876,23735.0,10.186,3.84,11.45,27877.0,25.8,-30.0,16.0,0,0,0,10.904,0
2021-01-24 08:00:00,2021,1,6,8,20390.0,1005.8,55.8,15.1,1.16,360.0,123.5,20.508,0.1349,70.291,10.904,10.485,12.996,24.353,24286.0,9.78,3.944,11.33,27877.0,-9.2,8.0,7.9,0,0,0,8.047,0
2021-01-24 09:00:00,2021,1,6,9,20695.0,397.0,59.6,0.0,1.29,328.0,120.7,8.215,0.054,125.084,8.047,15.04,21.198,14.292,23529.0,9.696,3.5,11.33,27877.0,-90.9,-32.0,9.5,0,0,0,14.534,0
2021-01-24 10:00:00,2021,1,6,10,20241.0,1045.3,61.0,17.9,0.32,338.0,120.0,21.158,0.1392,55.014,14.534,9.506,16.981,14.46,24168.0,9.154,3.523,10.57,27877.0,33.6,10.0,13.6,0,0,0,6.252,0
2021-01-24 11:00:00,2021,1,6,11,20481.0,1800.7,61.3,25.7,1.44,332.0,115.3,36.88,0.2426,56.769,6.252,5.732,13.407,12.997,23189.0,9.286,3.645,13.4,27877.0,1372.3,-6.0,7.7,0,0,0,6.528,0
2021-01-24 12:00:00,2021,1,6,12,,381.6,60.2,3.5,1.62,339.0,119.2,7.692,0.0506,85.625,6.528,9.452,14.84,13.397,22851.0,9.326,3.577,13.37,27877.0,-44.8,7.0,7.1,0,0,0,9.689,0
2021-01-24 13:00:00,2021,1,6,13,20687.0,359.2,61.8,3.9,2.71,327.0,122.6,7.431,,68.378,9.689,10.904,13.557,15.269,20962.0,8.832,3.591,11.02,27877.0,-625.4,-12.0,8.7,0,0,0,7.942,0
2021-01-24 14:00:00,2021,1,6,14,21703.0,989.6,59.4,15.4,3.28,325.0,123.1,21.476,0.1413,,7.942,8.047,17.263,17.225,19840.0,8.978,3.336,11.07,27877.0,-16.2,-2.0,5.2,0,0,0,8.924,0
2021-01-24 15:00:00,2021,1,6,15,21320.0,394.8,59.0,10.8,2.88,285.0,120.4,8.418,0.0554,64.451,8.924,14.534,9.337,19.814,20252.0,7.842,3.377,12.87,27877.0,-2.2,-40.0,9.7,0,0,0,7.715,0
2021-01-24 16:00:00,2021,1,6,16,20611.0,918.2,59.3,7.1,3.01,286.0,122.3,18.925,0.1245,134.088,7.715,6.252,13.56,15.642,20550.0,9.386,3.478,11.07,27877.0,-127.1,1.0,6.7,0,0,0,15.517,0
2021-01-24 17:00:00,2021,1,6,17,21392.0,916.2,56.8,11.6,3.02,,121.0,19.6,0.1289,94.324,15.517,6.528,7.658,21.685,20658.0,10.186,3.428,8.72,27877.0,-884.5,11.0,0.3,0,0,0,11.329,0
2021-01-24 18:00:00,2021,1,6,18,21601.0,924.6,58.4,17.4,2.8,289.0,115.7,19.973,0.1314,64.973,11.329,9.689,15.321,23.026,19825.0,9.884,3.322,11.03,27877.0,543.0,-8.0,3.7,0,0,0,7.88,0
2021-01-24 19:00:00,2021,1,6,19,20748.0,954.3,58.1,19.0,2.5,260.0,115.1,19.8,0.1303,76.349,7.88,7.942,7.323,13.972,,10.043,3.275,13.55,27877.0,595.1,-29.0,2.3,0,0,0,8.894,0
2021-01-24 20:00:00,2021,1,6,20,20585.0,902.8,60.9,16.0,2.32,274.0,108.8,18.585,0.1223,63.3,8.894,,11.977,11.384,19739.0,9.775,3.316,13.65,27877.0,-86.8,14.0,3.9,0,0,0,7.316,0
2021-01-24 21:00:00,2021,1,6,21,20858.0,930.6,62.9,16.2,1.96,310.0,115.4,19.411,0.1277,69.277,7.316,7.715,17.522,15.121,20550.0,9.841,2.951,14.55,27877.0,535.8,36.0,7.2,0,0,0,8.113,0
2021-01-24 22:00:00,2021,1,6,22,20171.0,,63.8,2.3,1.72,315.0,118.3,8.233,0.0542,137.19,8.113,15.517,16.399,12.006,20751.0,9.845,,13.75,27877.0,-510.0,5.0,,0,0,0,15.537,0
2021-01-24 23:00:00,2021,1,6,23,20224.0,395.9,59.2,4.9,1.54,294.0,126.6,8.007,0.0527,103.365,15.537,11.329,9.809,18.192,20724.0,9.913,2.899,12.63,27877.0,-520.3,-21.0,3.8,0,0,0,11.737,0
2021-01-25 00:00:00,2021,1,0,0,19804.0,,57.6,17.3,1.1,303.0,127.9,19.813,0.1303,77.497,11.737,7.88,11.442,12.752,21844.0,10.036,2.89,12.62,27877.0,75.8,9.0,,0,0,0,8.617,0
2021-01-25 01:00:00,2021,1,0,1,21254.0,436.3,59.0,4.2,2.09,337.0,132.9,9.274,0.061,124.308,8.617,8.894,8.301,,22251.0,,3.051,10.15,27877.0,-518.0,34.0,2.1,0,0,0,14.834,0
2021-01-25 02:00:00,2021,1,0,2,22122.0,452.2,59.8,11.0,,349.0,128.5,10.004,0.0658,96.896,14.834,7.316,10.485,10.152,23474.0,11.812,3.077,9.32,27877.0,-450.6,12.0,0.8,0,0,0,12.035,0
2021-01-25 03:00:00,2021,1,0,3,,431.5,58.2,14.8,0.96,391.0,129.9,9.737,0.0641,84.116,12.035,8.113,15.04,,23544.0,12.236,2.895,9.08,27877.0,-499.1,42.0,0.3,0,0,0,10.656,0
2021-01-25 04:00:00,2021,1,0,4,22788.0,996.4,60.1,15.6,0.64,371.0,133.8,22.706,0.1494,61.104,10.656,15.537,9.506,11.429,23037.0,10.95,2.925,11.3,27877.0,588.2,-20.0,0.5,0,0,0,7.818,0
2021-01-25 05:00:00,2021,1,0,5,20680.0,435.1,58.7,3.1,1.49,385.0,129.5,8.997,0.0592,89.846,7.818,11.737,5.732,20.183,22344.0,10.732,2.793,11.0,27877.0,39.2,14.0,,0,0,0,10.432,0
2021-01-25 06:00:00,2021,1,0,6,19749.0,988.9,54.3,10.1,0.86,435.0,135.1,19.53,0.1285,118.26,10.432,8.617,9.452,34.825,22122.0,11.481,2.859,9.8,27877.0,-11.5,50.0,-3.9,0,0,0,13.113,0
2021-01-25 07:00:00,2021,1,0,7,19461.0,1009.1,56.3,12.7,1.62,459.0,134.3,19.637,0.1292,65.153,13.113,14.834,10.904,18.697,20999.0,10.196,2.922,11.22,27877.0,572.8,24.0,-5.2,0,0,0,7.119,0
2021-01-25 08:00:00,2021,1,0,8,18341.0,1001.5,53.1,10.8,1.28,404.0,130.7,18.37,0.1209,100.644,7.119,12.035,8.047,12.996,20390.0,9.917,2.892,11.18,27877.0,549.3,-55.0,-2.7,0,0,0,10.364,0
2021-01-25 09:00:00,2021,1,0,9,19332.0,347.5,53.2,,1.12,423.0,137.5,6.717,0.0442,116.011,10.364,10.656,14.534,21.198,20695.0,10.24,2.788,8.72,27877.0,-84.0,19.0,-6.4,0,0,0,12.592,0
2021-01-25 10:00:00,2021,1,0,10,21117.0,1870.6,,24.7,1.27,411.0,138.1,39.501,0.2599,87.0,12.592,7.818,6.252,16.981,20241.0,10.656,2.669,10.23,27877.0,874.2,-12.0,-8.5,0,0,0,10.315,0
2021-01-25 11:00:00,2021,1,0,11,20273.0,382.9,53.1,0.0,0.66,456.0,131.3,,0.0511,244.148,10.315,,6.528,13.407,20481.0,13.549,4.376,9.72,27877.0,-52.2,45.0,-8.2,1,0,0,27.79,1
2021-01-25 12:00:00,2021,1,0,12,19751.0,1837.0,52.4,29.4,1.11,432.0,137.1,36.282,0.2387,121.017,27.79,13.113,9.689,14.84,20154.0,13.6,,12.93,27877.0,848.1,-24.0,-7.8,1,0,0,13.42,0
2021-01-25 13:00:00,2021,1,0,13,20162.0,1014.8,51.0,16.2,0.73,465.0,131.2,20.46,0.1346,227.25,13.42,7.119,7.942,13.557,20687.0,16.701,5.229,13.52,27877.0,5.7,33.0,-10.8,1,0,0,25.725,1
2021-01-25 14:00:00,2021,1,0,14,21049.0,391.3,53.4,14.8,0.54,460.0,,8.237,,149.33,25.725,10.364,8.924,17.263,21703.0,17.915,5.309,14.18,27877.0,-610.2,-5.0,,1,0,0,17.648,0
2021-01-25 15:00:00,2021,1,0,15,20129.0,1117.5,48.6,13.4,1.14,468.0,132.7,22.495,0.148,283.482,17.648,12.592,7.715,9.337,21320.0,21.156,6.559,16.42,27877.0,770.0,8.0,-10.4,1,0,0,32.038,1
2021-01-25 16:00:00,2021,1,0,16,21042.0,1091.4,49.5,16.9,,508.0,133.0,22.964,0.1511,75.088,32.038,10.315,,13.56,20611.0,20.915,6.604,15.12,27877.0,-779.2,40.0,-9.8,1,0,0,8.871,0
2021-01-25 17:00:00,2021,1,0,17,22363.0,1151.6,51.3,21.3,0.21,485.0,136.7,25.753,0.1694,96.799,8.871,27.79,11.329,7.658,21392.0,18.309,,18.67,27877.0,768.7,-23.0,-5.5,0,0,0,12.154,0
2021-01-25 18:00:00,2021,1,0,18,20730.0,1202.0,50.7,8.8,0.46,466.0,134.2,24.917,0.1639,147.976,12.154,13.42,7.88,15.321,21601.0,18.943,6.549,15.23,27877.0,-635.0,-19.0,-7.7,0,0,0,17.223,0
2021-01-25 19:00:00,2021,1,0,19,19854.0,1168.5,48.0,23.3,0.55,528.0,131.3,23.198,0.1526,97.083,17.223,25.725,8.894,7.323,20748.0,16.459,6.502,16.42,27877.0,153.7,62.0,-10.1,0,0,0,10.822,0
2021-01-25 20:00:00,2021,1,0,20,,1195.1,48.4,15.0,0.2,,129.0,,0.1541,97.706,10.822,17.648,7.316,11.977,20585.0,15.31,6.395,16.45,27877.0,803.8,10.0,-12.5,0,0,0,10.751,0
2021-01-25 21:00:00,2021,1,0,21,,1514.1,50.9,18.8,0.59,534.0,,29.236,,100.33,10.751,32.038,8.113,17.522,20858.0,11.783,6.313,17.35,27877.0,396.6,-4.0,-12.0,0,0,0,10.877,0
2021-01-25 22:00:00,2021,1,0,22,,377.2,51.4,5.5,0.62,,137.8,7.615,0.0501,223.292,10.877,8.871,15.537,16.399,20171.0,14.522,6.728,15.45,27877.0,-714.2,24.0,-12.4,1,0,0,25.307,1
2021-01-25 23:00:00,2021,1,0,23,21077.0,1112.3,51.0,19.1,0.77,560.0,131.4,23.444,0.1542,,25.307,12.154,11.737,9.809,20224.0,15.353,6.73,15.08,27877.0,-39.3,2.0,-8.2,1,0,0,17.139,0
2021-01-26 00:00:00,2021,1,1,0,19027.0,1133.8,48.4,14.4,0.67,534.0,,21.573,0.1419,,17.139,17.223,8.617,,19804.0,14.762,,16.02,27877.0,-68.2,-26.0,-9.2,1,0,0,13.674,0
2021-01-26 01:00:00,2021,1,1,1,19682.0,1184.7,51.2,14.5,0.38,517.0,135.9,23.317,0.1534,202.36,13.674,10.822,14.834,8.301,21254.0,16.685,6.799,14.55,27877.0,16.2,-17.0,-7.8,1,0,0,22.362,1
2021-01-26 02:00:00,2021,1,1,2,18606.0,1197.9,53.2,7.6,0.2,547.0,137.2,22.287,0.1466,271.909,22.362,10.751,12.035,10.485,22122.0,19.627,7.291,13.32,27877.0,,30.0,-6.6,1,0,0,28.405,1
2021-01-26 03:00:00,2021,1,1,3,20083.0,1212.9,49.4,10.9,0.87,583.0,132.2,24.359,0.1603,231.842,28.405,10.877,10.656,15.04,22563.0,22.172,7.508,12.0,27877.0,-301.2,,-8.8,1,0,0,26.142,1
2021-01-26 04:00:00,2021,1,1,4,20171.0,1228.4,49.9,13.3,1.32,583.0,128.7,24.778,0.163,103.76,26.142,25.307,7.818,9.506,22788.0,19.912,7.355,13.3,27877.0,851.2,0.0,-10.2,0,0,0,11.751,0
2021-01-26 05:00:00,2021,1,1,5,19498.0,372.7,49.9,7.9,1.07,564.0,137.2,7.268,0.0478,73.954,11.751,,10.432,5.732,20680.0,18.405,7.454,11.43,27877.0,-739.6,-19.0,-8.8,0,0,0,8.096,0
2021-01-26 06:00:00,2021,1,1,6,18585.0,378.0,51.2,2.5,0.89,586.0,131.4,7.025,0.0462,109.05,8.096,13.674,13.113,9.452,19749.0,18.022,7.496,9.45,27877.0,-755.8,22.0,-3.1,0,0,0,11.379,0
2021-01-26 07:00:00,2021,1,1,7,20797.0,1258.6,47.3,11.5,0.99,616.0,130.0,26.175,0.1722,131.579,,22.362,7.119,10.904,19461.0,16.856,7.24,8.95,27877.0,73.9,,-9.0,0,0,0,15.364,0
2021-01-26 08:00:00,2021,1,1,8,21597.0,394.5,49.1,13.5,1.15,593.0,133.0,8.519,0.056,,15.364,28.405,10.364,8.047,18341.0,13.738,7.266,9.93,27877.0,-803.4,-23.0,-4.0,0,0,0,9.699,0
2021-01-26 09:00:00,2021,1,1,9,19133.0,376.2,50.7,4.4,1.28,604.0,125.4,7.198,0.0474,77.944,9.699,26.142,12.592,14.534,19332.0,10.777,7.418,,27877.0,-836.7,11.0,-2.5,0,0,0,8.373,0
2021-01-26 10:00:00,2021,1,1,10,,397.8,45.2,5.7,0.99,600.0,133.7,8.236,0.0542,78.223,8.373,11.751,10.315,6.252,21117.0,10.334,7.466,7.58,27877.0,-830.6,-4.0,-7.3,0,0,0,9.093,0
2021-01-26 11:00:00,2021,1,1,11,18664.0,1191.0,46.1,20.2,0.51,,130.6,22.229,0.1462,130.737,9.093,8.096,27.79,6.528,20273.0,,7.077,9.63,27877.0,818.3,-39.0,-7.0,0,0,0,13.7,0
2021-01-26 12:00:00,2021,1,1,12,20055.0,2038.8,49.2,31.9,1.06,550.0,131.5,40.889,0.269,105.293,13.7,11.379,13.42,9.689,19751.0,11.347,7.107,14.53,27877.0,1660.8,-11.0,-3.2,0,0,0,11.856,0
2021-01-26 13:00:00,2021,1,1,13,18717.0,,50.3,11.7,0.99,524.0,133.9,23.237,0.1529,137.066,11.856,15.364,25.725,7.942,20162.0,11.188,6.786,14.57,27877.0,-17.1,-26.0,-0.7,0,0,0,14.404,0
2021-01-26 14:00:00,2021,1,1,14,18477.0,329.1,48.8,0.1,1.34,474.0,133.2,6.081,0.04,140.186,14.404,9.699,17.648,8.924,21049.0,11.995,6.769,,27877.0,-65.4,,-4.6,0,0,0,14.543,0
2021-01-26 15:00:00,2021,1,1,15,18767.0,1891.6,50.9,,1.6,476.0,135.5,35.499,0.2335,162.534,14.543,8.373,32.038,7.715,20129.0,13.454,5.763,14.82,27877.0,1515.4,2.0,2.3,0,0,0,17.126,0
2021-01-26 16:00:00,2021,1,1,16,18060.0,419.8,47.1,3.5,1.93,428.0,137.6,7.582,0.0499,120.859,17.126,9.093,8.871,15.517,21042.0,13.981,,14.45,27877.0,22.0,-48.0,-2.4,0,0,0,12.255,0
2021-01-26 17:00:00,2021,1,1,17,18520.0,1978.8,50.1,31.5,2.0,457.0,134.9,36.648,0.2411,101.777,12.255,13.7,12.154,11.329,22363.0,13.461,5.698,16.33,27877.0,787.8,29.0,-1.2,0,0,0,10.583,0
2021-01-26 18:00:00,2021,1,1,18,18892.0,1185.9,46.0,19.7,1.37,443.0,142.8,22.404,0.1474,96.473,10.583,11.856,17.223,7.88,20730.0,13.191,5.738,14.3,27877.0,-852.9,-14.0,-4.7,0,0,0,10.233,0
2021-01-26 19:00:00,2021,1,1,19,18207.0,452.9,52.5,8.8,1.06,428.0,136.6,8.245,0.0542,120.0,10.233,14.404,10.822,8.894,19854.0,12.834,5.707,13.82,,-788.6,-15.0,4.5,0,0,0,12.267,0
2021-01-26 20:00:00,2021,1,1,20,19047.0,1201.0,53.5,23.8,0.89,450.0,130.7,22.874,0.1505,81.045,12.267,14.543,10.751,7.316,19598.0,11.855,5.78,17.77,27877.0,871.9,22.0,5.1,0,0,0,8.667,0
2021-01-26 21:00:00,2021,1,1,21,19548.0,491.1,51.2,8.5,0.95,393.0,129.2,9.6,0.0632,167.119,8.667,17.126,10.877,8.113,19309.0,12.058,5.788,15.97,27877.0,-1400.5,-57.0,0.3,1,0,0,18.342,1
2021-01-26 22:00:00,2021,1,1,22,,1191.0,48.6,17.1,,469.0,125.7,23.801,0.1566,192.065,18.342,12.255,25.307,15.537,20186.0,13.607,5.532,18.23,27877.0,771.2,76.0,-2.8,1,0,0,21.55,1
2021-01-26 23:00:00,2021,1,1,23,20104.0,515.5,52.6,5.1,1.63,478.0,126.5,,0.0682,156.845,21.55,10.583,,11.737,21077.0,14.794,5.545,13.83,27877.0,-1463.3,9.0,1.6,1,0,0,17.704,0
2021-01-27 00:00:00,2021,1,2,0,18758.0,2097.1,52.6,16.6,2.21,477.0,120.5,39.337,0.2588,300.185,17.704,10.233,13.674,8.617,19027.0,18.357,6.549,13.32,27877.0,911.2,-1.0,4.2,1,0,0,31.615,1
2021-01-27 01:00:00,2021,1,2,1,19370.0,1176.5,52.5,14.3,1.66,439.0,125.6,22.789,,224.331,31.615,,22.362,14.834,19682.0,20.379,6.658,14.23,27877.0,723.6,-38.0,1.3,1,0,0,24.397,1
2021-01-27 02:00:00,2021,1,2,2,19227.0,2166.9,54.3,29.2,1.58,442.0,121.8,41.664,0.2741,,24.397,8.667,28.405,12.035,18606.0,22.471,6.189,15.13,27877.0,965.9,3.0,1.1,1,0,0,21.219,1
2021-01-27 03:00:00,2021,1,2,3,18764.0,2166.8,51.5,42.5,1.67,438.0,124.4,40.657,0.2675,133.372,21.219,18.342,26.142,,20083.0,21.756,5.718,20.8,27877.0,1675.7,-4.0,2.1,1,0,0,14.051,0
2021-01-27 04:00:00,2021,1,2,4,20440.0,504.4,56.3,8.5,1.67,463.0,128.8,10.311,0.0678,,14.051,21.55,11.751,7.818,20171.0,21.029,5.711,19.37,27877.0,-686.6,25.0,6.4,1,0,0,17.186,0
2021-01-27 05:00:00,2021,1,2,5,19784.0,1183.2,49.9,13.9,1.73,475.0,134.6,,0.154,189.28,17.186,,8.096,10.432,19498.0,21.582,5.667,,27877.0,667.7,12.0,0.0,1,0,0,21.025,1
2021-01-27 06:00:00,2021,1,2,6,17394.0,2232.4,51.5,26.1,2.26,528.0,127.2,38.829,,235.296,21.025,31.615,11.379,13.113,18585.0,20.143,5.813,22.42,27877.0,135.3,53.0,0.3,1,0,0,22.979,1
2021-01-27 07:00:00,2021,1,2,7,19468.0,1199.7,50.6,13.9,2.49,512.0,127.1,23.357,0.1537,108.65,22.979,24.397,15.364,7.119,20797.0,18.056,5.867,22.35,27877.0,,-16.0,3.3,1,0,0,11.876,0
2021-01-27 08:00:00,2021,1,2,8,,453.2,,3.7,1.99,472.0,131.4,9.767,0.0643,179.62,11.876,21.219,9.699,10.364,21597.0,18.142,5.854,18.1,27877.0,-1713.7,-40.0,3.4,1,0,0,21.733,1
2021-01-27 09:00:00,2021,1,2,9,20934.0,471.4,51.3,13.6,2.3,493.0,136.3,9.869,0.0649,95.214,21.733,14.051,8.373,12.592,19133.0,17.665,5.718,13.28,27877.0,-1695.4,21.0,,1,0,0,11.191,0
2021-01-27 10:00:00,2021,1,2,10,19555.0,394.4,54.6,0.0,1.72,509.0,134.5,7.712,0.0507,182.197,,17.186,9.093,10.315,20704.0,,5.557,11.87,27877.0,-110.0,16.0,9.4,0,0,0,20.004,1
2021-01-27 11:00:00,2021,1,2,11,18861.0,2338.0,55.4,32.1,1.66,531.0,135.6,44.098,,120.032,20.004,21.025,13.7,27.79,18664.0,16.749,5.584,14.9,27877.0,,22.0,9.3,0,0,0,12.711,0
2021-01-27 12:00:00,2021,1,2,12,19209.0,997.6,54.4,,2.18,495.0,,19.163,0.1261,96.411,12.711,22.979,11.856,13.42,20055.0,14.652,5.646,13.78,27877.0,-1234.8,-36.0,5.2,0,0,0,10.398,0
2021-01-27 13:00:00,2021,1,2,13,19252.0,968.5,53.9,18.7,1.86,486.0,133.0,18.645,0.1227,143.267,10.398,11.876,14.404,25.725,18717.0,15.254,5.632,14.58,27877.0,-231.2,-9.0,3.6,0,0,0,15.486,0
2021-01-27 14:00:00,2021,1,2,14,18505.0,2442.3,,39.9,2.36,493.0,132.0,45.194,,,15.486,,14.543,17.648,18477.0,14.53,5.616,20.62,27877.0,1989.1,7.0,4.4,0,0,0,17.389,0
2021-01-27 15:00:00,2021,1,2,15,19143.0,350.7,54.8,1.8,2.18,538.0,131.9,6.713,0.0442,,17.389,11.191,17.126,32.038,18767.0,15.32,5.618,18.65,27877.0,-120.7,45.0,3.9,0,0,0,15.933,0
2021-01-27 16:00:00,2021,1,2,16,19621.0,980.6,53.0,12.9,2.4,560.0,136.4,19.24,,116.699,15.933,20.004,12.255,8.871,18060.0,14.129,5.599,20.8,27877.0,586.2,22.0,5.9,0,0,0,12.856,0
2021-01-27 17:00:00,2021,1,2,17,18362.0,396.9,55.6,4.6,2.38,537.0,136.2,7.288,0.0479,,12.856,12.711,10.583,12.154,18520.0,13.749,5.606,16.22,27877.0,-1941.1,-23.0,5.5,0,0,0,10.43,0
2021-01-27 18:00:00,2021,1,2,18,19198.0,421.9,56.5,3.2,1.88,492.0,135.6,8.099,0.0533,120.894,10.43,10.398,10.233,17.223,18892.0,14.188,5.493,13.52,27877.0,-575.7,-45.0,10.5,0,0,0,13.031,0
2021-01-27 19:00:00,2021,1,2,19,21153.0,466.0,53.3,3.8,1.94,,133.9,9.856,0.0648,124.59,,15.486,12.267,10.822,18207.0,14.073,5.426,11.03,27877.0,-502.5,38.0,0.8,0,0,0,14.797,0
2021-01-27 20:00:00,2021,1,2,20,21024.0,418.5,56.6,10.8,2.92,515.0,130.7,8.797,0.0579,116.773,14.797,17.389,8.667,10.751,19047.0,13.472,5.181,6.18,27877.0,-2023.8,-15.0,3.1,0,0,0,13.784,0
2021-01-27 21:00:00,2021,1,2,21,20937.0,902.0,56.0,20.5,2.72,496.0,130.7,,0.1242,113.924,13.784,15.933,18.342,10.877,19548.0,13.048,5.23,9.3,27877.0,551.3,-19.0,4.8,0,0,0,13.392,0
2021-01-27 22:00:00,2021,1,2,22,20735.0,883.2,57.8,19.5,3.34,479.0,129.0,18.313,0.1205,,13.392,12.856,21.55,25.307,19984.0,13.479,5.145,10.4,27877.0,-97.4,-17.0,9.2,0,0,0,15.437,0
2021-01-27 23:00:00,2021,1,2,23,21153.0,444.0,54.3,9.3,3.01,508.0,132.9,9.392,0.0618,117.661,15.437,10.43,17.704,17.139,20104.0,14.069,5.169,11.18,27877.0,47.1,29.0,1.7,0,0,0,13.974,0
2021-01-28 00:00:00,2021,1,3,0,20173.0,453.0,54.7,3.9,3.37,519.0,133.0,9.139,0.0601,148.045,13.974,13.031,31.615,13.674,18758.0,14.692,,11.3,27877.0,31.1,11.0,2.1,0,0,0,16.768,0
2021-01-28 01:00:00,2021,1,3,1,20061.0,899.6,54.2,8.0,3.19,482.0,135.6,18.046,0.1187,160.44,16.768,14.797,24.397,,19370.0,15.238,3.666,12.0,,433.6,-37.0,1.7,0,0,0,18.071,1
2021-01-28 02:00:00,2021,1,3,2,20106.0,395.5,57.8,12.8,3.32,450.0,134.7,7.952,0.0523,109.907,18.071,13.784,21.219,28.405,19227.0,15.008,3.523,12.33,27877.0,-23.0,-32.0,3.5,0,0,0,12.407,0
2021-01-28 03:00:00,2021,1,3,3,21557.0,2590.4,54.2,,3.53,469.0,,55.841,0.3674,150.388,12.407,13.392,14.051,26.142,18764.0,,3.562,15.85,27877.0,1688.4,19.0,2.7,0,0,0,18.202,1
2021-01-28 04:00:00,2021,1,3,4,21367.0,2571.6,54.7,38.5,3.28,468.0,126.7,54.947,0.3615,127.969,18.202,15.437,17.186,11.751,20440.0,15.796,3.543,19.02,27877.0,,-1.0,-1.6,0,0,0,15.352,0
2021-01-28 05:00:00,2021,1,3,5,22745.0,835.9,53.1,13.2,3.54,430.0,139.6,19.013,0.1251,104.836,15.352,13.974,21.025,8.096,19784.0,15.698,3.352,19.67,27877.0,391.9,-38.0,3.2,0,0,0,13.388,0
2021-01-28 06:00:00,2021,1,3,6,21831.0,914.6,51.9,9.8,3.02,413.0,136.2,19.967,,118.461,13.388,16.768,22.979,11.379,17394.0,15.323,2.898,20.65,27877.0,461.6,,0.4,0,0,0,14.52,0
2021-01-28 07:00:00,2021,1,3,7,22000.0,879.5,50.9,20.8,3.16,410.0,138.1,,0.1273,130.998,14.52,18.071,,15.364,,15.008,2.847,22.78,27877.0,-20.1,-3.0,0.3,0,0,0,16.181,0
2021-01-28 08:00:00,2021,1,3,8,22894.0,892.1,50.9,15.3,3.56,390.0,139.1,20.423,0.1344,113.093,16.181,12.407,21.733,9.699,21550.0,15.363,2.446,23.2,27877.0,496.6,-20.0,-1.6,0,0,0,14.537,0
2021-01-28 09:00:00,2021,1,3,9,22178.0,2564.1,52.8,34.6,3.7,392.0,138.5,56.867,0.3741,158.545,14.537,18.202,11.191,8.373,20934.0,15.62,2.55,22.03,27877.0,-26.3,2.0,1.5,0,0,0,19.742,1
2021-01-28 10:00:00,2021,1,3,10,22543.0,2539.9,52.7,30.7,3.63,422.0,,57.258,0.3767,176.875,19.742,15.352,20.004,9.093,19555.0,16.792,2.79,20.73,27877.0,-31.7,30.0,-1.9,0,0,0,22.387,1
2021-01-28 11:00:00,2021,1,3,11,23133.0,869.6,49.8,18.8,3.57,,138.9,20.117,0.1323,108.991,22.387,13.388,12.711,13.7,18861.0,16.92,2.753,21.67,27877.0,33.7,13.0,-5.6,0,0,0,14.156,0
2021-01-28 12:00:00,2021,1,3,12,23616.0,898.4,51.0,,3.07,444.0,136.0,,0.1396,126.408,14.156,14.52,10.398,11.856,19209.0,17.294,2.58,21.77,27877.0,-16.2,9.0,,0,0,0,16.761,0
2021-01-28 13:00:00,2021,1,3,13,21599.0,2557.4,54.7,37.5,2.62,447.0,137.2,55.237,0.3634,112.502,16.761,16.181,15.486,14.404,19252.0,16.871,2.604,24.55,27877.0,,3.0,0.8,0,0,0,13.643,0
2021-01-28 14:00:00,2021,1,3,14,21482.0,390.4,53.6,1.5,2.7,396.0,135.4,8.388,0.0552,153.458,13.643,14.537,17.389,,18505.0,17.533,2.653,22.25,27877.0,-501.7,-51.0,0.4,0,0,0,18.509,1
2021-01-28 15:00:00,2021,1,3,15,20770.0,853.0,50.5,1.5,2.92,423.0,137.0,17.717,0.1166,213.703,18.509,19.742,15.933,17.126,19143.0,18.396,3.296,16.73,27877.0,,27.0,-4.3,0,0,0,24.921,1
2021-01-28 16:00:00,2021,1,3,16,20333.0,931.3,51.7,13.4,2.92,,130.4,18.935,0.1246,245.302,24.921,,12.856,12.255,19621.0,19.332,4.081,13.85,26159.0,-1608.6,-30.0,-1.3,1,0,0,28.004,1
2021-01-28 17:00:00,2021,1,3,17,21310.0,895.5,51.7,26.0,2.74,427.0,131.4,19.083,0.1255,178.292,28.004,14.156,10.43,10.583,18362.0,20.528,3.999,15.05,26036.0,25.9,,-3.9,1,0,0,21.332,1
2021-01-28 18:00:00,2021,1,3,18,19960.0,862.0,52.3,17.9,2.41,411.0,127.5,17.206,0.1132,262.718,21.332,16.761,13.031,10.233,19198.0,22.642,4.672,16.3,26036.0,-36.4,,-4.2,1,0,0,29.442,1
2021-01-28 19:00:00,2021,1,3,19,18526.0,333.7,55.2,,,430.0,129.3,6.181,0.0407,282.486,,13.643,14.797,12.267,21153.0,25.265,5.223,12.63,26036.0,-2223.7,19.0,1.9,1,0,0,29.383,1
2021-01-28 20:00:00,2021,1,3,20,18575.0,290.4,54.6,5.5,1.67,428.0,135.7,5.394,0.0355,229.905,29.383,18.509,13.784,8.667,21024.0,26.176,5.272,13.3,26036.0,-100.0,,-2.0,1,0,0,23.977,1
2021-01-28 21:00:00,2021,1,3,21,19073.0,892.9,55.2,12.6,1.78,,125.5,17.03,0.112,134.087,23.977,24.921,13.392,18.342,20937.0,24.416,5.234,15.15,26036.0,39.9,-43.0,-0.8,1,0,0,14.359,0
2021-01-28 22:00:00,2021,1,3,22,16481.0,2455.8,52.7,28.5,2.15,392.0,120.4,40.475,0.2663,163.335,14.359,28.004,15.437,21.55,20735.0,,5.243,17.67,26036.0,1524.5,7.0,-5.1,0,0,0,15.114,0
2021-01-28 23:00:00,2021,1,3,23,17282.0,2503.7,52.8,29.9,2.51,407.0,127.0,43.27,0.2847,117.179,15.114,21.332,13.974,17.704,21153.0,20.608,5.367,18.32,26036.0,1608.2,15.0,-1.5,0,0,0,11.37,0
2021-01-29 00:00:00,2021,1,4,0,18145.0,803.9,48.2,13.3,1.81,373.0,125.0,14.586,0.096,117.053,11.37,29.442,16.768,31.615,20173.0,17.688,5.522,17.55,26036.0,-58.1,-34.0,-6.5,0,0,0,11.925,0
2021-01-29 01:00:00,2021,1,4,1,17466.0,372.9,52.7,12.9,1.47,381.0,128.3,6.513,0.0428,287.087,11.925,29.383,18.071,24.397,,17.483,5.88,17.12,26036.0,39.2,8.0,-1.5,1,0,0,28.153,1
2021-01-29 02:00:00,2021,1,4,2,17010.0,,49.2,6.9,2.42,302.0,126.4,13.659,0.0899,157.48,28.153,23.977,12.407,21.219,20106.0,15.994,5.782,,26036.0,,-79.0,-8.6,1,0,0,15.04,0
2021-01-29 03:00:00,2021,1,4,3,17246.0,806.4,52.5,9.6,2.85,332.0,,13.907,0.0915,144.791,,14.359,18.202,14.051,21557.0,15.937,5.863,16.85,26036.0,-86.5,30.0,-1.7,1,0,0,14.02,0
2021-01-29 04:00:00,2021,1,4,4,17468.0,785.2,,14.6,,308.0,131.7,,0.0902,181.126,14.02,15.114,15.352,17.186,21367.0,16.379,5.825,14.53,26036.0,-1670.6,-24.0,-5.1,1,0,0,17.764,0
2021-01-29 05:00:00,2021,1,4,5,19438.0,744.9,53.0,14.2,2.0,334.0,127.4,14.479,0.0953,176.403,17.764,11.37,13.388,21.025,22745.0,17.692,5.715,11.92,26036.0,-1758.8,26.0,-0.1,1,0,0,19.252,1
2021-01-29 06:00:00,2021,1,4,6,19491.0,301.9,50.7,0.0,2.5,293.0,125.1,5.883,0.0387,246.258,19.252,11.925,14.52,22.979,21831.0,,5.859,9.7,26036.0,-502.0,-41.0,-1.2,1,0,0,26.949,1
2021-01-29 07:00:00,2021,1,4,7,20351.0,774.6,49.8,0.1,2.1,276.0,123.7,15.764,0.1037,168.166,26.949,28.153,16.181,11.876,22000.0,18.707,5.818,7.57,26036.0,401.7,-17.0,-1.1,0,0,0,19.215,1
2021-01-29 08:00:00,2021,1,4,8,20716.0,754.2,49.7,11.7,2.13,303.0,125.1,15.623,0.1028,95.304,19.215,15.04,14.537,21.733,22894.0,18.048,5.988,8.37,26036.0,-48.8,27.0,-1.2,0,0,0,11.085,0
2021-01-29 09:00:00,2021,1,4,9,21278.0,761.9,48.0,17.2,1.84,274.0,118.7,16.211,0.1067,61.197,11.085,14.02,19.742,11.191,22178.0,16.929,6.478,9.63,26036.0,-44.5,-29.0,-4.8,0,0,0,7.311,0
2021-01-29 10:00:00,2021,1,4,10,21662.0,2526.0,50.4,28.9,1.97,,127.2,54.72,0.36,161.803,7.311,17.764,22.387,,22543.0,17.248,6.438,12.02,26036.0,1740.8,-17.0,-2.3,0,0,0,19.679,1
2021-01-29 11:00:00,2021,1,4,11,22406.0,830.9,49.9,13.1,2.42,270.0,124.6,18.618,0.1225,87.249,19.679,19.252,14.156,12.711,23133.0,15.869,6.57,11.83,26036.0,86.0,13.0,0.1,0,0,0,10.976,0
2021-01-29 12:00:00,2021,1,4,12,22381.0,,46.6,47.1,2.37,233.0,124.2,56.168,0.3695,100.342,10.976,26.949,16.761,10.398,23616.0,13.479,6.676,19.68,26036.0,2207.7,-37.0,-4.4,0,0,0,12.609,0
2021-01-29 13:00:00,2021,1,4,13,,711.2,46.4,10.0,2.42,265.0,123.2,15.862,0.1044,99.823,12.609,19.215,13.643,15.486,21599.0,12.36,6.716,21.33,26036.0,-63.4,32.0,-8.3,0,0,0,12.5,0
2021-01-29 14:00:00,2021,1,4,14,21785.0,694.5,47.6,9.2,2.26,256.0,124.6,,0.0995,105.434,12.5,11.085,18.509,17.389,21482.0,12.662,6.811,20.92,26036.0,,-9.0,-6.0,0,0,0,12.896,0
2021-01-29 15:00:00,2021,1,4,15,22385.0,2409.8,47.9,40.1,2.76,291.0,127.4,53.944,0.3549,98.669,12.896,7.311,24.921,15.933,20770.0,13.51,6.755,24.73,26036.0,1647.9,35.0,-2.6,0,0,0,12.401,0
2021-01-29 16:00:00,2021,1,4,16,23328.0,2470.2,46.6,38.3,3.43,295.0,132.2,57.625,0.3791,72.41,12.401,19.679,28.004,12.856,20333.0,11.811,6.582,26.3,26036.0,-55.8,4.0,-5.1,0,0,0,9.484,0
2021-01-29 17:00:00,2021,1,4,17,8383.0,2443.3,48.4,5.6,2.88,279.0,127.0,20.482,0.1348,488.282,9.484,10.976,21.332,10.43,21310.0,13.812,6.638,25.05,26036.0,1612.4,-16.0,-3.3,0,1,0,22.982,1
2021-01-29 18:00:00,2021,1,4,18,7070.0,2423.8,47.1,0.0,2.99,256.0,133.3,17.136,0.1127,838.567,22.982,12.609,29.442,13.031,19960.0,17.258,6.989,17.2,26036.0,-85.8,-23.0,-5.2,0,1,0,33.287,1
2021-01-29 19:00:00,2021,1,4,19,8220.0,652.8,47.8,0.0,3.04,203.0,133.9,5.366,0.0353,375.824,,12.5,29.383,14.797,18526.0,18.066,6.487,15.53,26036.0,-58.4,-53.0,-7.4,0,1,0,17.345,0
2021-01-29 20:00:00,2021,1,4,20,8814.0,310.4,46.9,0.0,3.01,199.0,131.7,2.736,0.018,216.34,17.345,12.896,23.977,13.784,18575.0,17.701,6.401,14.0,26036.0,-384.1,-4.0,-7.7,0,1,0,10.706,0
2021-01-29 21:00:00,2021,1,4,21,7864.0,665.6,48.1,0.0,,213.0,134.1,5.234,,422.077,10.706,12.401,14.359,13.392,19073.0,18.74,6.41,7.32,26036.0,-1744.2,14.0,-7.1,0,1,0,18.636,1
2021-01-29 22:00:00,2021,1,4,22,7615.0,2282.5,47.3,0.0,2.57,219.0,140.0,17.381,0.1143,752.73,18.636,9.484,15.114,15.437,16481.0,22.523,7.176,0.93,26036.0,-187.7,,-5.4,1,1,0,32.183,1
2021-01-29 23:00:00,2021,1,4,23,7468.0,635.9,47.9,0.0,,186.0,136.1,4.748,0.0312,1036.282,32.183,22.982,11.37,13.974,,25.935,8.871,0.0,26036.0,-1807.4,-33.0,,1,1,0,43.451,1
2021-01-30 00:00:00,2021,1,5,0,6840.0,698.8,48.4,0.0,2.47,,133.0,4.78,0.0314,801.797,43.451,33.287,11.925,16.768,18145.0,25.519,9.112,0.0,26036.0,-1725.0,-1.0,0.2,1,1,0,30.792,1
2021-01-30 01:00:00,2021,1,5,1,6688.0,2306.8,48.5,0.0,2.13,185.0,129.9,15.428,0.1015,990.617,30.792,17.345,28.153,18.071,17466.0,28.828,9.672,0.0,26036.0,1654.0,0.0,-4.2,1,1,0,37.198,1
2021-01-30 02:00:00,2021,1,5,2,6293.0,2268.2,50.8,2.1,2.29,189.0,128.1,14.275,0.0939,1320.595,37.198,10.706,15.04,12.407,17010.0,34.82,11.089,0.35,25912.0,1957.8,4.0,1.6,1,1,0,46.66,1
2021-01-30 03:00:00,2021,1,5,3,5990.0,2249.1,45.3,0.0,2.18,,126.8,13.471,0.0886,1111.939,46.66,18.636,14.02,18.202,17246.0,37.947,11.487,0.35,24950.0,1583.5,23.0,-7.2,1,1,0,37.396,1
2021-01-30 04:00:00,2021,1,5,4,6171.0,728.9,49.5,0.0,2.29,203.0,131.3,4.499,0.0296,707.149,37.396,32.183,17.764,15.352,17468.0,36.666,11.467,0.35,24950.0,-1553.6,-9.0,-0.1,0,1,0,24.501,1
2021-01-30 05:00:00,2021,1,5,5,6279.0,750.9,49.7,0.0,2.65,211.0,131.8,4.715,0.031,654.423,24.501,43.451,19.252,,19438.0,,11.452,0.35,24950.0,115.0,8.0,-3.3,0,1,0,23.071,1
2021-01-30 06:00:00,2021,1,5,6,7198.0,2432.1,50.4,0.0,2.84,212.0,129.6,17.506,0.1152,750.487,23.071,,26.949,14.52,19491.0,33.193,11.534,0.35,24286.0,1733.3,1.0,-0.3,0,1,0,30.33,1
2021-01-30 07:00:00,2021,1,5,7,6049.0,353.4,49.4,0.0,2.59,207.0,132.5,2.138,0.0141,491.688,,37.198,19.215,16.181,20351.0,29.776,11.575,0.35,24286.0,-1953.4,-5.0,-0.4,0,1,0,16.699,0
2021-01-30 08:00:00,2021,1,5,8,6088.0,358.9,51.1,1.4,2.39,181.0,132.8,2.185,0.0144,519.256,16.699,46.66,11.085,14.537,20716.0,24.958,11.373,0.23,24168.0,-1909.3,-26.0,1.4,0,1,0,17.749,0
2021-01-30 09:00:00,2021,1,5,9,5839.0,2314.0,52.5,0.0,2.72,223.0,130.6,13.511,0.0889,1028.382,17.749,37.396,7.311,19.742,21278.0,24.344,11.111,0.23,24168.0,64.9,42.0,4.5,0,1,0,33.714,1
2021-01-30 10:00:00,2021,1,5,10,5961.0,804.5,50.0,0.0,3.06,204.0,131.1,,0.0315,704.483,33.714,24.501,19.679,22.387,21662.0,24.19,11.079,0.23,23616.0,75.6,-19.0,-0.4,0,1,0,23.578,1
2021-01-30 11:00:00,2021,1,5,11,6262.0,861.9,52.2,0.0,2.46,279.0,135.8,5.397,0.0355,420.268,23.578,23.071,10.976,14.156,22406.0,22.808,10.913,0.23,23616.0,111.0,75.0,2.3,0,1,0,14.776,0
2021-01-30 12:00:00,2021,1,5,12,5710.0,319.2,49.6,0.0,3.07,317.0,,1.823,0.012,554.941,14.776,,12.609,16.761,22381.0,20.718,10.729,0.23,23616.0,-2112.9,38.0,3.0,0,1,0,17.791,0
2021-01-30 13:00:00,2021,1,5,13,5443.0,808.1,53.0,0.0,2.85,342.0,135.9,4.399,0.0289,501.862,17.791,16.699,12.5,13.643,22303.0,20.491,,0.23,23616.0,454.7,25.0,6.6,0,1,0,15.337,0
2021-01-30 14:00:00,2021,1,5,14,6314.0,2360.0,52.7,0.0,3.28,347.0,138.3,14.9,0.098,766.083,15.337,17.749,12.896,18.509,21785.0,22.059,10.34,0.0,23616.0,2001.1,5.0,5.1,0,1,0,27.158,1
2021-01-30 15:00:00,2021,1,5,15,6747.0,825.9,52.4,0.0,2.9,346.0,138.0,5.572,0.0367,734.183,27.158,33.714,12.401,,22385.0,,10.004,0.0,23616.0,,-1.0,4.5,0,1,0,27.812,1
2021-01-30 16:00:00,2021,1,5,16,6571.0,810.8,,0.0,3.26,338.0,137.0,5.328,0.0351,1247.729,27.812,23.578,,28.004,23328.0,24.818,10.235,0.0,23616.0,6.3,-8.0,4.9,1,1,0,46.033,1
2021-01-30 17:00:00,2021,1,5,17,,784.2,54.9,0.0,3.78,300.0,137.2,4.869,0.032,682.459,46.033,,22.982,21.332,8383.0,26.321,10.222,0.0,23616.0,-77.7,-38.0,6.5,1,1,0,23.795,1
2021-01-30 18:00:00,2021,1,5,18,5785.0,2313.8,53.1,4.7,3.93,302.0,133.8,13.385,0.0881,1213.195,23.795,,33.287,29.442,7070.0,29.923,10.457,0.78,23616.0,,2.0,6.0,1,1,0,39.405,1
2021-01-30 19:00:00,2021,1,5,19,6456.0,2331.6,52.7,0.0,4.14,300.0,137.5,15.052,0.099,1075.984,39.405,15.337,17.345,29.383,,33.868,10.491,0.78,23616.0,1523.5,-2.0,,1,1,0,39.002,1
2021-01-30 20:00:00,2021,1,5,20,6227.0,901.5,55.5,0.0,4.26,244.0,134.0,5.613,0.0369,993.078,39.002,27.158,10.706,23.977,8814.0,35.128,9.873,0.78,23616.0,-1458.5,-56.0,8.6,1,1,0,34.72,1
2021-01-30 21:00:00,2021,1,5,21,5114.0,945.9,56.3,0.0,4.21,263.0,136.3,4.838,0.0318,1137.465,34.72,27.812,18.636,14.359,7864.0,35.936,9.63,0.78,23616.0,120.0,19.0,8.2,1,1,0,32.66,1
2021-01-30 22:00:00,2021,1,5,22,6222.0,316.2,56.7,0.0,4.42,265.0,143.7,1.967,0.0129,715.637,32.66,46.033,32.183,,7615.0,32.43,9.666,0.78,23616.0,-494.6,2.0,9.4,0,1,0,25.0,1
2021-01-30 23:00:00,2021,1,5,23,6060.0,909.1,53.5,0.0,4.6,262.0,141.4,5.509,0.0362,536.851,25.0,23.795,43.451,11.37,7468.0,31.509,9.453,0.78,23616.0,124.9,-3.0,5.6,0,1,0,18.266,1
2021-01-31 00:00:00,2021,1,6,0,5940.0,362.1,55.5,0.0,4.34,298.0,141.7,2.151,0.0142,682.716,18.266,39.405,,11.925,6840.0,28.736,9.509,0.0,,-1951.7,36.0,7.1,0,1,0,22.769,1
2021-01-31 01:00:00,2021,1,6,1,5799.0,892.1,58.1,0.0,3.95,296.0,144.4,5.173,0.034,870.359,22.769,39.002,37.198,28.153,6688.0,26.959,9.312,0.0,23616.0,-1439.5,-2.0,9.6,0,1,0,28.338,1
2021-01-31 02:00:00,2021,1,6,2,6172.0,836.4,55.3,0.0,3.79,279.0,146.9,5.162,0.034,598.675,28.338,,46.66,15.04,6293.0,24.63,8.493,0.0,23616.0,-65.1,-17.0,4.5,0,1,0,20.746,1
2021-01-31 03:00:00,2021,1,6,3,5561.0,327.1,56.1,0.0,3.94,278.0,146.3,1.819,0.012,516.9,20.746,32.66,37.396,14.02,5990.0,21.876,8.437,0.0,,-618.8,-1.0,10.8,0,1,0,16.139,0
2021-01-31 04:00:00,2021,1,6,4,5316.0,300.8,54.4,0.0,3.85,266.0,,1.599,0.0105,678.692,16.139,25.0,24.501,17.764,6171.0,21.086,8.51,0.0,23616.0,-15.4,-12.0,4.9,0,1,0,20.257,1
2021-01-31 05:00:00,2021,1,6,5,4322.0,304.9,54.4,0.0,3.4,227.0,144.4,1.318,0.0087,652.182,,18.266,23.071,19.252,6279.0,20.679,8.73,0.0,,-604.2,-39.0,4.7,0,1,0,15.826,0
2021-01-31 06:00:00,2021,1,6,6,4874.0,338.0,53.0,0.0,3.77,149.0,142.9,1.647,0.0108,463.613,15.826,22.769,30.33,26.949,7198.0,18.999,9.029,0.0,23616.0,-24.1,,2.6,0,1,0,12.687,0
2021-01-31 07:00:00,2021,1,6,7,5234.0,844.0,54.5,0.0,3.27,172.0,135.6,4.418,0.0291,541.367,12.687,28.338,16.699,19.215,6049.0,16.927,9.06,0.0,23616.0,-48.1,23.0,5.1,0,1,0,15.909,0
2021-01-31 08:00:00,2021,1,6,8,5674.0,316.6,54.6,0.0,3.49,192.0,132.9,1.796,0.0118,482.718,15.909,20.746,17.749,11.085,6088.0,16.033,9.15,0.0,23616.0,-519.8,20.0,3.5,0,1,0,15.378,0
2021-01-31 09:00:00,2021,1,6,9,5570.0,359.1,,0.0,,238.0,135.5,2.0,0.0132,514.977,15.378,16.139,33.714,7.311,5839.0,16.027,9.082,0.0,,32.0,46.0,,0,1,0,16.105,0
2021-01-31 10:00:00,2021,1,6,10,5303.0,2350.4,55.6,1.3,2.86,239.0,134.2,12.463,0.082,1215.216,16.105,20.257,23.578,19.679,5961.0,,9.43,0.22,23616.0,2049.6,1.0,,1,1,0,36.182,1
2021-01-31 11:00:00,2021,1,6,11,5718.0,326.2,50.4,0.0,2.55,250.0,134.3,1.865,0.0123,719.906,36.182,15.826,14.776,10.976,6262.0,19.896,9.217,0.22,23616.0,21.3,11.0,-1.8,1,1,0,23.112,1
2021-01-31 12:00:00,2021,1,6,12,5797.0,2367.1,52.2,0.0,1.69,279.0,134.6,13.721,0.0903,1691.208,23.112,12.687,17.791,12.609,5710.0,26.955,10.987,0.22,23616.0,2029.1,29.0,2.6,1,1,0,55.045,1
2021-01-31 13:00:00,2021,1,6,13,5390.0,807.4,50.2,0.0,2.0,286.0,135.0,4.352,0.0286,1304.845,55.045,15.909,15.337,12.5,5443.0,30.885,11.059,0.22,23616.0,-36.6,7.0,-2.8,1,1,0,39.488,1
2021-01-31 14:00:00,2021,1,6,14,,829.1,50.5,0.0,1.97,308.0,137.3,4.744,0.0312,703.371,39.488,15.378,27.158,12.896,6314.0,,11.099,0.22,23616.0,512.5,22.0,-2.2,1,1,0,22.593,1
2021-01-31 15:00:00,2021,1,6,15,5518.0,838.8,50.2,0.0,1.97,323.0,132.8,4.629,0.0305,625.572,22.593,16.105,27.812,12.401,6747.0,32.633,11.204,0.22,23616.0,479.7,15.0,-2.2,1,1,0,19.381,1
2021-01-31 16:00:00,2021,1,6,16,5805.0,386.3,50.6,4.2,1.88,297.0,136.3,2.242,0.0148,601.056,19.381,36.182,46.033,9.484,6571.0,29.868,10.489,,23616.0,-1964.1,-26.0,,0,1,0,19.59,1
2021-01-31 17:00:00,2021,1,6,17,17565.0,2344.5,51.3,33.6,2.03,322.0,128.5,41.183,0.2709,67.015,19.59,23.112,23.795,22.982,6210.0,,11.176,,23616.0,2018.3,25.0,-3.6,1,0,0,6.609,0
2021-01-31 18:00:00,2021,1,6,18,17178.0,2168.8,50.4,36.3,2.51,308.0,128.0,37.255,0.2451,147.853,6.609,55.045,39.405,33.287,5785.0,20.32,10.923,12.35,23616.0,-198.3,-14.0,-2.7,1,0,0,14.26,0
2021-01-31 19:00:00,2021,1,6,19,17776.0,370.8,48.9,10.5,2.29,269.0,127.6,6.592,0.0434,179.14,14.26,39.488,39.002,17.345,6456.0,16.719,10.483,14.1,23616.0,-436.6,,-3.8,1,0,0,17.879,0
2021-01-31 20:00:00,2021,1,6,20,15617.0,798.9,49.9,0.9,2.33,289.0,127.2,12.477,0.0821,315.968,17.879,22.593,,10.706,6227.0,,10.233,14.25,23616.0,-30.2,20.0,-5.6,1,0,0,27.705,1
2021-01-31 21:00:00,2021,1,6,21,16189.0,816.0,46.3,13.5,1.83,285.0,,13.21,0.0869,141.417,27.705,19.381,32.66,18.636,5114.0,16.483,10.183,16.5,23616.0,-22.8,-4.0,-10.0,1,0,0,12.854,0
2021-01-31 22:00:00,2021,1,6,22,17992.0,2180.8,50.9,32.4,2.56,,124.2,39.236,,174.019,12.854,19.59,25.0,32.183,6222.0,16.148,10.193,21.2,23616.0,1794.5,-12.0,-5.8,1,0,0,17.579,0
2021-01-31 23:00:00,2021,1,6,23,16638.0,2116.1,46.7,26.6,2.28,314.0,129.7,,0.2316,181.319,17.579,6.609,18.266,43.451,6060.0,17.869,10.214,20.03,23616.0,-228.4,,-6.8,1,0,0,16.938,0
2021-02-01 00:00:00,2021,2,0,0,15560.0,,49.0,0.4,1.95,255.0,134.2,5.68,0.0374,83.434,16.938,14.26,22.769,30.792,5940.0,16.707,10.605,14.05,23616.0,-1803.8,-59.0,-6.5,0,0,0,7.289,0
2021-02-01 01:00:00,2021,2,0,1,15603.0,2098.0,49.8,18.5,1.77,227.0,136.1,32.737,0.2154,97.587,7.289,17.879,28.338,37.198,5799.0,15.152,10.757,15.38,23616.0,1727.2,-28.0,-8.3,0,0,0,8.549,0
2021-02-01 02:00:00,2021,2,0,2,17112.0,2115.1,50.3,21.7,1.9,227.0,136.7,36.194,0.2381,89.272,8.549,27.705,20.746,46.66,6172.0,11.964,11.001,,23616.0,1316.2,0.0,-5.0,0,0,0,8.577,0
2021-02-01 03:00:00,2021,2,0,3,18103.0,661.4,49.9,19.0,1.65,260.0,130.6,11.973,0.0788,47.648,8.577,12.854,16.139,37.396,5561.0,10.629,11.382,19.77,23616.0,-154.6,33.0,-6.2,0,0,0,4.843,0
2021-02-01 04:00:00,2021,2,0,4,18679.0,412.8,50.4,12.1,1.76,242.0,131.0,7.71,0.0507,59.023,4.843,17.579,,24.501,5316.0,8.731,11.67,16.38,,-1768.0,-18.0,-4.0,0,0,0,6.19,0
2021-02-01 05:00:00,2021,2,0,5,18799.0,2028.4,51.5,24.0,1.39,239.0,131.8,38.132,0.2509,73.795,6.19,16.938,15.826,23.071,4322.0,7.206,11.859,15.95,23616.0,-87.7,-3.0,-2.9,0,0,0,7.789,0
2021-02-01 06:00:00,2021,2,0,6,18018.0,779.2,51.9,8.8,1.27,212.0,,14.039,0.0924,74.869,7.789,7.289,12.687,,4874.0,7.254,12.004,17.35,23616.0,414.2,-27.0,-1.1,0,0,0,7.574,0
2021-02-01 07:00:00,2021,2,0,7,17941.0,409.2,49.8,0.0,1.8,212.0,137.9,7.341,0.0483,115.108,7.574,8.549,15.909,16.699,5234.0,7.761,12.066,14.27,23616.0,-1688.8,0.0,-4.7,0,0,0,11.595,0
2021-02-01 08:00:00,2021,2,0,8,18164.0,2061.2,50.3,27.3,2.15,215.0,136.8,37.438,0.2463,81.729,11.595,8.577,15.378,17.749,5674.0,7.721,12.208,15.2,23616.0,-53.9,3.0,-4.3,0,0,0,8.335,0
2021-02-01 09:00:00,2021,2,0,9,17915.0,760.2,51.3,6.2,2.29,232.0,135.0,13.619,0.0896,100.283,8.335,4.843,16.105,33.714,5570.0,8.595,12.296,13.07,23616.0,98.8,17.0,-1.6,0,0,0,10.087,0
2021-02-01 10:00:00,2021,2,0,10,18951.0,1947.0,50.6,27.6,2.3,229.0,139.6,36.898,0.2427,176.284,10.087,6.19,36.182,23.578,5303.0,10.69,11.615,15.65,23616.0,1534.2,-3.0,-5.0,1,0,0,18.757,1
2021-02-01 11:00:00,2021,2,0,11,20355.0,732.2,51.0,8.4,1.82,272.0,136.6,14.903,0.098,,18.757,7.789,23.112,14.776,5718.0,12.098,11.526,13.05,23616.0,-1296.2,43.0,0.6,1,0,0,16.241,0
2021-02-01 12:00:00,2021,2,0,12,21305.0,416.1,51.5,11.4,2.36,264.0,132.4,8.865,0.0583,146.9,16.241,7.574,55.045,17.791,5797.0,13.764,8.022,13.48,23616.0,-363.1,-8.0,-0.7,1,0,0,17.572,0
2021-02-01 13:00:00,2021,2,0,13,20974.0,2009.8,45.7,28.4,1.77,223.0,133.2,,0.2773,93.58,17.572,11.595,39.488,,5390.0,13.669,6.025,18.22,23616.0,1600.6,-41.0,-4.5,1,0,0,11.02,0
2021-02-01 14:00:00,2021,2,0,14,21113.0,841.9,49.8,13.6,2.33,244.0,138.1,17.774,0.1169,226.091,11.02,8.335,22.593,27.158,5721.0,16.746,6.358,15.93,23616.0,-1219.3,,,1,0,0,26.801,1
2021-02-01 15:00:00,2021,2,0,15,21740.0,841.5,52.1,15.9,1.9,269.0,139.9,18.294,0.1204,187.472,,10.087,19.381,,5518.0,18.879,6.537,17.55,23616.0,81.3,25.0,1.9,1,0,0,22.883,1
2021-02-01 16:00:00,2021,2,0,16,21731.0,881.2,50.3,6.1,1.94,285.0,141.4,19.148,0.126,109.007,22.883,18.757,19.59,46.033,5805.0,17.97,6.413,13.97,23616.0,-1065.8,16.0,-0.3,0,0,0,13.3,0
2021-02-01 17:00:00,2021,2,0,17,22821.0,433.7,50.7,0.0,2.48,296.0,146.8,9.897,0.0651,108.382,13.3,16.241,6.609,23.795,17565.0,17.577,6.248,12.57,23616.0,-298.5,11.0,-0.6,0,0,0,13.887,0
2021-02-01 18:00:00,2021,2,0,18,23511.0,783.9,47.7,8.9,2.41,259.0,148.9,18.431,0.1213,85.088,13.887,17.572,14.26,39.405,17178.0,16.52,6.267,12.15,23616.0,367.8,-37.0,,0,0,0,11.232,0
2021-02-01 19:00:00,2021,2,0,19,24211.0,842.0,50.9,17.3,1.78,269.0,145.5,20.386,0.1341,130.644,11.232,11.02,17.879,39.002,17776.0,17.644,6.263,10.3,24211.0,-1167.8,10.0,2.0,1,0,0,17.759,0
2021-02-01 20:00:00,2021,2,0,20,25228.0,2162.3,50.6,47.1,1.12,224.0,150.5,54.553,0.3589,55.477,17.759,26.801,27.705,34.72,15617.0,14.486,5.588,,25228.0,1320.4,-45.0,0.7,1,0,0,7.858,0
2021-02-01 21:00:00,2021,2,0,21,25091.0,2117.6,50.2,40.0,1.09,230.0,152.1,53.132,0.3496,145.022,7.858,,12.854,32.66,16189.0,,5.805,19.9,25228.0,1276.1,6.0,3.9,1,0,0,20.43,1
2021-02-01 22:00:00,2021,2,0,22,23244.0,825.9,49.8,11.8,2.28,250.0,155.8,19.198,0.1263,95.598,20.43,,17.579,25.0,17992.0,13.94,,20.85,25228.0,-55.3,20.0,-1.1,1,0,0,12.476,0
2021-02-01 23:00:00,2021,2,0,23,23357.0,383.0,50.6,10.1,1.43,241.0,149.6,8.946,0.0589,107.664,12.476,13.887,16.938,18.266,16638.0,13.979,5.665,22.53,25228.0,-50.7,-9.0,3.9,1,0,0,14.119,0
2021-02-02 00:00:00,2021,2,1,0,23550.0,735.9,48.1,6.7,2.3,301.0,141.1,17.329,0.114,247.853,14.119,11.232,7.289,22.769,15560.0,17.569,6.865,22.17,25228.0,-48.0,60.0,-0.9,1,0,0,32.772,1
2021-02-02 01:00:00,2021,2,1,1,,372.6,48.5,0.0,1.53,269.0,143.4,3.015,0.0198,333.781,32.772,17.759,8.549,28.338,15603.0,17.136,6.778,19.28,25228.0,-469.4,-32.0,-1.3,0,1,0,15.161,0
2021-02-02 02:00:00,2021,2,1,2,8222.0,2167.9,50.6,9.5,1.38,250.0,141.3,17.826,0.1173,443.709,15.161,7.858,,20.746,17112.0,19.24,6.796,13.02,25228.0,5.6,-19.0,0.3,0,1,0,20.483,1
2021-02-02 03:00:00,2021,2,1,3,,748.9,51.3,0.0,1.4,268.0,140.8,6.4,0.0421,324.141,20.483,20.43,4.843,16.139,18103.0,18.427,6.475,6.35,25228.0,-1368.7,,1.4,0,1,0,15.553,0
2021-02-02 04:00:00,2021,2,1,4,9372.0,2091.5,48.4,0.0,2.49,302.0,,19.602,0.129,678.546,15.553,12.476,6.19,20.257,18679.0,22.299,7.458,4.38,25228.0,1265.6,34.0,-2.0,0,1,0,35.705,1
2021-02-02 05:00:00,2021,2,1,5,8787.0,819.5,46.8,0.0,1.41,290.0,137.8,7.201,0.0474,477.731,35.705,14.119,7.789,15.826,18799.0,23.874,7.377,2.7,25228.0,436.5,-12.0,-4.7,0,1,0,23.569,1
2021-02-02 06:00:00,2021,2,1,6,9548.0,436.6,48.7,3.4,1.04,270.0,,4.168,0.0274,211.535,23.569,,7.574,12.687,18018.0,20.302,7.209,2.15,25228.0,-299.3,-20.0,-3.2,0,1,0,11.34,0
2021-02-02 07:00:00,2021,2,1,7,10089.0,2004.9,50.1,0.7,0.86,324.0,136.1,20.228,0.1331,583.135,11.34,15.161,11.595,15.909,17941.0,23.28,7.808,2.27,25228.0,1632.3,54.0,0.3,0,1,0,33.032,1
2021-02-02 08:00:00,2021,2,1,8,9498.0,902.3,48.5,0.0,0.55,313.0,131.5,8.57,0.0564,397.114,33.032,20.483,8.335,15.378,18164.0,23.396,7.558,0.68,25228.0,-1265.6,,-1.8,0,1,0,21.177,1
2021-02-02 09:00:00,2021,2,1,9,8881.0,1794.4,51.3,3.8,1.48,293.0,132.8,15.936,0.1048,617.571,21.177,15.553,10.087,16.105,17915.0,25.936,7.739,1.32,25228.0,1045.5,-20.0,0.0,0,1,0,30.794,1
2021-02-02 10:00:00,2021,2,1,10,9324.0,1830.7,50.0,0.0,1.2,317.0,132.5,17.07,0.1123,562.212,30.794,,18.757,36.182,18951.0,24.891,8.007,1.32,25228.0,-260.8,24.0,-0.6,0,1,0,29.432,1
2021-02-02 11:00:00,2021,2,1,11,9055.0,851.5,52.8,0.0,0.9,285.0,,7.71,0.0507,369.551,29.432,23.569,16.241,23.112,20355.0,24.094,,1.32,25228.0,32.0,-32.0,1.8,0,1,0,18.788,1
2021-02-02 12:00:00,2021,2,1,12,8404.0,805.0,50.0,0.0,,342.0,116.5,6.764,0.0445,354.393,18.788,11.34,17.572,55.045,21305.0,24.991,7.988,0.75,25228.0,,57.0,-1.5,0,1,0,16.722,0
2021-02-02 13:00:00,2021,2,1,13,9004.0,822.3,51.8,0.0,1.41,324.0,119.6,7.404,0.0487,503.148,16.722,33.032,11.02,39.488,20974.0,23.725,7.836,0.63,25228.0,-1182.6,-18.0,6.1,0,1,0,25.436,1
2021-02-02 14:00:00,2021,2,1,14,9094.0,1889.1,53.1,4.4,1.06,308.0,125.9,17.179,0.113,416.244,25.436,21.177,,22.593,21113.0,,7.721,1.37,25228.0,986.8,-16.0,3.3,0,1,0,21.253,1
2021-02-02 15:00:00,2021,2,1,15,9138.0,1982.1,49.2,10.4,0.9,309.0,126.5,18.112,0.1192,497.037,21.253,,22.883,19.381,21740.0,22.855,7.779,2.47,25228.0,187.7,1.0,-2.9,0,1,0,25.501,1
2021-02-02 16:00:00,2021,2,1,16,9337.0,457.4,51.0,0.0,0.73,284.0,,4.271,0.0281,315.279,25.501,29.432,13.3,19.59,21731.0,20.705,7.679,2.47,25228.0,-1373.3,-25.0,0.7,0,1,0,16.528,0
2021-02-02 17:00:00,2021,2,1,17,9138.0,848.7,50.4,0.0,,302.0,131.6,7.755,0.051,383.249,16.528,18.788,13.887,6.609,22821.0,20.85,7.554,2.47,25228.0,-2.8,18.0,-0.3,0,1,0,19.663,1
2021-02-02 18:00:00,2021,2,1,18,9422.0,,49.3,0.0,0.75,309.0,128.5,4.733,0.0311,395.893,19.663,16.722,11.232,14.26,23511.0,21.554,,2.47,25228.0,-302.6,7.0,1.6,0,1,0,20.943,1
2021-02-02 19:00:00,2021,2,1,19,9283.0,800.7,51.7,0.0,0.36,332.0,,7.433,0.0489,281.772,20.943,25.436,17.759,17.879,24211.0,19.762,7.368,2.47,25228.0,-21.6,23.0,0.8,0,1,0,14.686,0
2021-02-02 20:00:00,2021,2,1,20,9067.0,1919.1,49.0,0.0,,300.0,129.6,17.4,0.1145,551.04,14.686,21.253,7.858,27.705,25228.0,20.896,6.945,1.73,25228.0,30.0,-32.0,-1.6,0,1,0,28.052,1
2021-02-02 21:00:00,2021,2,1,21,9620.0,1890.0,50.7,11.6,0.58,,132.8,18.182,0.1196,377.951,28.052,25.501,20.43,12.854,25091.0,20.048,6.945,1.93,25228.0,-92.1,-2.0,0.5,0,1,0,20.414,1
2021-02-02 22:00:00,2021,2,1,22,9133.0,770.7,49.2,0.0,0.2,250.0,133.8,7.038,0.0463,483.794,20.414,16.528,12.476,17.579,23244.0,21.428,6.675,1.93,25228.0,313.3,-48.0,-0.6,0,1,0,24.808,1
2021-02-02 23:00:00,2021,2,1,23,8945.0,823.6,48.9,0.0,0.31,227.0,,7.367,,426.562,24.808,19.663,14.119,16.938,23357.0,21.721,6.447,1.93,25228.0,-25.1,-23.0,-1.7,0,1,0,21.423,1
2021-02-03 00:00:00,2021,2,2,0,8687.0,508.1,49.2,0.0,0.2,280.0,134.5,4.414,0.029,252.676,21.423,20.943,32.772,7.289,23550.0,20.284,6.4,1.93,25228.0,5.7,53.0,1.1,0,1,0,12.324,0
2021-02-03 01:00:00,2021,2,2,1,8785.0,436.4,47.1,0.0,0.64,221.0,134.1,3.834,0.0252,441.934,12.324,14.686,15.161,8.549,8090.0,21.47,6.243,,25228.0,-364.3,-59.0,-1.4,0,1,0,21.798,1
2021-02-03 02:00:00,2021,2,2,2,8527.0,769.2,48.8,0.0,1.52,249.0,127.8,6.559,0.0431,496.454,21.798,,20.483,8.577,8222.0,20.756,6.243,1.93,25228.0,-1149.9,28.0,-1.8,0,1,0,23.768,1
2021-02-03 03:00:00,2021,2,2,3,8239.0,1725.3,48.4,0.0,0.84,240.0,126.4,14.214,0.0935,663.121,23.768,20.414,15.553,4.843,8546.0,22.466,6.306,0.0,25228.0,-164.7,-9.0,-2.9,0,1,0,30.675,1
2021-02-03 04:00:00,2021,2,2,4,8042.0,694.1,50.0,3.3,1.81,273.0,125.1,5.582,0.0367,,30.675,24.808,35.705,6.19,9372.0,20.77,5.888,,25228.0,-76.6,33.0,1.6,0,1,0,14.632,0
2021-02-03 05:00:00,2021,2,2,5,8523.0,474.9,48.7,0.0,1.29,226.0,,4.047,0.0266,367.333,14.632,21.423,23.569,7.789,8787.0,20.129,5.943,0.55,25228.0,-348.7,-47.0,1.9,0,1,0,17.578,0
2021-02-03 06:00:00,2021,2,2,6,24880.0,782.6,49.1,,1.78,228.0,126.7,19.472,0.1281,65.552,17.578,12.324,11.34,7.574,,19.601,6.123,2.15,,274.5,2.0,0.4,0,0,0,9.157,0
2021-02-03 07:00:00,2021,2,2,7,25422.0,450.2,48.7,3.1,1.49,268.0,122.7,11.444,0.0753,68.61,9.157,21.798,33.032,11.595,10089.0,17.6,6.075,2.67,25422.0,13.8,40.0,-1.4,0,0,0,9.793,0
2021-02-03 08:00:00,2021,2,2,8,25120.0,446.1,48.7,11.4,1.72,249.0,128.2,11.206,,33.097,9.793,23.768,21.177,8.335,9498.0,14.417,6.891,4.57,25422.0,-323.1,-19.0,0.2,0,0,0,4.668,0
2021-02-03 09:00:00,2021,2,2,9,24864.0,2046.8,47.8,40.6,1.75,269.0,,50.892,0.3348,43.395,4.668,30.675,30.794,10.087,8881.0,10.314,7.047,11.33,25422.0,321.5,20.0,-3.5,0,0,0,6.058,0
2021-02-03 10:00:00,2021,2,2,10,23889.0,459.1,48.9,2.2,1.2,242.0,124.4,10.968,0.0722,77.986,,14.632,29.432,18.757,9324.0,9.619,,11.15,25422.0,-235.0,-27.0,-1.1,0,0,0,10.46,0
2021-02-03 11:00:00,2021,2,2,11,23633.0,680.3,45.7,7.0,0.79,239.0,123.3,16.078,0.1058,68.4,10.46,17.578,18.788,16.241,9055.0,8.202,7.12,12.32,25422.0,205.4,-3.0,-7.1,0,0,0,9.076,0
2021-02-03 12:00:00,2021,2,2,12,24624.0,736.5,48.3,8.5,1.59,271.0,124.8,18.135,0.1193,67.962,9.076,9.157,16.722,17.572,8404.0,8.242,7.319,12.13,25422.0,-46.1,32.0,-1.7,0,0,0,9.396,0
2021-02-03 13:00:00,2021,2,2,13,25729.0,428.5,46.2,8.1,1.04,259.0,133.4,11.026,0.0725,36.557,9.396,9.793,25.436,11.02,9004.0,,7.513,12.97,25729.0,-21.7,-12.0,-5.6,0,0,0,5.281,0
2021-02-03 14:00:00,2021,2,2,14,27002.0,427.7,44.8,9.0,2.02,249.0,131.5,11.548,0.076,39.247,5.281,4.668,21.253,26.801,9094.0,7.703,7.745,12.57,27002.0,-18.4,-10.0,-8.3,0,0,0,5.95,0
2021-02-03 15:00:00,2021,2,2,15,25962.0,451.9,51.5,0.0,2.04,230.0,126.2,11.732,0.0772,94.576,5.95,6.058,25.501,22.883,9138.0,8.992,7.481,5.8,27002.0,-1594.9,-19.0,2.3,0,0,0,13.786,0
2021-02-03 16:00:00,2021,2,2,16,24899.0,422.3,48.0,4.6,1.97,257.0,129.4,10.514,0.0692,,13.786,10.46,16.528,13.3,9337.0,8.604,7.624,6.2,27002.0,-36.8,,-3.0,0,0,0,8.137,0
2021-02-03 17:00:00,2021,2,2,17,24443.0,1828.9,49.4,26.4,2.14,277.0,128.1,44.704,0.2941,77.319,8.137,9.076,19.663,13.887,9138.0,8.86,7.612,9.43,27002.0,1148.6,20.0,-1.0,0,0,0,10.611,0
2021-02-03 18:00:00,2021,2,2,18,24974.0,730.6,46.7,11.3,1.95,272.0,128.2,18.247,0.12,50.257,10.611,9.396,20.943,11.232,9422.0,8.469,7.647,9.9,27002.0,,-5.0,-2.6,0,0,0,7.047,0
2021-02-03 19:00:00,2021,2,2,19,24781.0,1171.0,48.5,20.9,2.21,246.0,125.8,29.019,0.1909,49.894,7.047,5.281,14.686,17.759,9283.0,8.746,7.786,12.03,27002.0,742.5,-26.0,-3.2,0,0,0,6.942,0
2021-02-03 20:00:00,2021,2,2,20,24000.0,1178.3,50.3,10.2,1.42,285.0,124.0,28.279,0.186,123.035,6.942,5.95,28.052,7.858,9067.0,10.517,7.205,12.23,27002.0,750.6,39.0,1.3,0,0,0,16.579,0
2021-02-03 21:00:00,2021,2,2,21,24364.0,2925.4,51.0,51.8,1.64,218.0,119.5,71.276,0.4689,64.798,16.579,13.786,20.414,20.43,9620.0,9.697,7.097,20.87,27002.0,,-67.0,0.3,0,0,0,8.864,0
2021-02-03 22:00:00,2021,2,2,22,23409.0,712.5,47.7,6.2,2.06,257.0,118.2,16.68,0.1097,91.036,8.864,8.137,24.808,12.476,9133.0,10.335,6.627,21.13,27002.0,290.2,39.0,-1.5,0,0,0,11.965,0
2021-02-03 23:00:00,2021,2,2,23,23779.0,2684.6,48.1,41.0,,277.0,122.5,63.837,0.42,78.234,11.965,10.611,21.423,14.119,8945.0,10.307,,23.57,27002.0,855.7,20.0,-0.8,0,0,0,10.445,0
2021-02-04 00:00:00,2021,2,3,0,23503.0,679.7,49.9,7.5,1.72,349.0,117.3,15.976,0.1051,72.166,10.445,7.047,12.324,32.772,8687.0,10.72,6.362,22.93,27002.0,-50.9,72.0,0.7,0,0,0,9.523,0
2021-02-04 01:00:00,2021,2,3,1,23402.0,,,32.3,2.29,349.0,116.4,63.692,0.419,153.89,9.523,6.942,21.798,15.161,8785.0,12.933,6.261,24.83,27002.0,,0.0,,0,0,0,20.22,1
2021-02-04 02:00:00,2021,2,3,2,23168.0,583.6,49.4,5.4,2.75,347.0,124.1,13.52,0.0889,86.832,20.22,16.579,,20.483,8527.0,12.052,5.708,24.03,27002.0,,-2.0,0.6,0,0,0,11.295,0
2021-02-04 03:00:00,2021,2,3,3,23624.0,602.1,51.9,9.0,2.95,386.0,121.3,14.225,0.0936,58.882,11.295,8.864,30.675,15.553,8239.0,11.876,3.948,16.9,27002.0,-2323.3,39.0,3.5,0,0,0,7.81,0
2021-02-04 04:00:00,2021,2,3,4,22822.0,935.9,51.0,15.1,2.89,376.0,125.7,21.358,0.1405,60.896,7.81,11.965,14.632,35.705,8042.0,11.183,3.862,18.38,27002.0,223.4,-10.0,1.0,0,0,0,7.803,0
2021-02-04 05:00:00,2021,2,3,5,22536.0,629.7,52.5,7.7,3.1,383.0,126.7,14.19,0.0934,68.26,7.803,10.445,17.578,23.569,8523.0,,3.507,12.83,27002.0,-2054.9,7.0,3.8,0,0,0,8.637,0
2021-02-04 06:00:00,2021,2,3,6,23806.0,969.1,50.1,8.7,3.29,409.0,132.0,23.071,0.1518,115.052,8.637,9.523,9.157,,24880.0,11.857,3.701,13.03,27002.0,289.4,26.0,1.0,0,0,0,15.378,0
2021-02-04 07:00:00,2021,2,3,7,23186.0,908.9,52.5,8.2,3.41,390.0,131.0,21.075,0.1386,109.126,15.378,20.22,9.793,33.032,25422.0,10.855,3.807,9.02,27002.0,-1812.7,-19.0,3.8,0,0,0,14.206,0
2021-02-04 08:00:00,2021,2,3,8,21349.0,803.0,52.6,11.7,3.4,447.0,126.8,17.144,0.1128,62.795,14.206,11.295,4.668,21.177,25120.0,10.227,3.675,10.07,27002.0,219.4,57.0,,0,0,0,7.527,0
2021-02-04 09:00:00,2021,2,3,9,20021.0,551.7,49.5,4.9,3.29,440.0,122.7,11.046,0.0727,83.543,,7.81,6.058,30.794,24864.0,10.49,3.577,9.38,27002.0,-50.4,-7.0,1.7,0,0,0,9.391,0
2021-02-04 10:00:00,2021,2,3,10,20257.0,799.0,51.9,17.7,3.46,,120.0,16.186,0.1065,65.503,9.391,7.803,10.46,29.432,23889.0,10.432,3.622,9.82,27002.0,-136.9,-2.0,3.0,0,0,0,7.45,0
2021-02-04 11:00:00,2021,2,3,11,20085.0,553.2,49.7,10.1,3.59,444.0,128.1,11.111,0.0731,61.054,7.45,8.637,9.076,18.788,23633.0,10.14,3.677,10.22,27002.0,-76.5,6.0,4.0,0,0,0,6.885,0
2021-02-04 12:00:00,2021,2,3,12,19877.0,2575.4,49.9,,2.93,410.0,128.0,51.191,0.3368,61.245,6.885,15.378,9.396,16.722,24624.0,8.716,3.734,14.4,27002.0,,,1.6,0,0,0,6.835,0
2021-02-04 13:00:00,2021,2,3,13,21193.0,760.1,50.3,16.2,2.89,409.0,129.7,16.11,0.106,57.702,6.835,14.206,5.281,25.436,25729.0,7.492,3.661,15.73,27002.0,-148.8,-1.0,4.1,0,0,0,6.866,0
2021-02-04 14:00:00,2021,2,3,14,19194.0,716.9,49.1,,2.33,351.0,130.2,13.76,0.0905,79.246,6.866,7.527,5.95,21.253,27002.0,7.661,3.573,15.05,27002.0,-86.1,-58.0,4.3,0,0,0,8.54,0
2021-02-04 15:00:00,2021,2,3,15,19459.0,2685.4,46.3,33.0,2.66,342.0,136.4,52.254,0.3438,84.976,8.54,9.391,13.786,25.501,25962.0,7.643,3.489,19.73,27002.0,2133.7,-9.0,-5.2,0,0,0,9.284,0
2021-02-04 16:00:00,2021,2,3,16,20111.0,738.0,49.0,0.5,,357.0,136.7,14.842,0.0976,154.329,9.284,7.45,8.137,16.528,24899.0,9.306,3.785,16.87,27002.0,-61.0,15.0,1.0,0,0,0,17.426,0
2021-02-04 17:00:00,2021,2,3,17,19476.0,794.1,49.6,4.8,3.27,350.0,132.9,15.467,0.1018,112.922,17.426,6.885,10.611,19.663,24443.0,,3.807,15.98,27002.0,240.9,-7.0,0.2,0,0,0,12.348,0
2021-02-04 18:00:00,2021,2,3,18,19422.0,578.0,52.8,9.9,3.28,344.0,142.2,11.226,0.0739,50.08,12.348,6.835,7.047,20.943,24974.0,9.987,,12.0,27002.0,-1997.4,-6.0,6.1,0,0,0,5.461,0
2021-02-04 19:00:00,2021,2,3,19,19230.0,711.9,50.4,10.8,2.79,382.0,133.6,13.689,0.0901,52.83,5.461,6.866,6.942,14.686,24781.0,9.794,3.936,11.1,27002.0,-48.2,38.0,1.9,0,0,0,5.704,0
2021-02-04 20:00:00,2021,2,3,20,18383.0,720.8,53.7,17.9,2.92,359.0,135.8,13.251,,51.253,5.704,8.54,16.579,28.052,24000.0,9.252,3.822,12.82,27002.0,3.9,-23.0,3.4,0,0,0,5.29,0
2021-02-04 21:00:00,2021,2,3,21,18574.0,554.1,52.6,11.3,2.62,405.0,133.2,10.291,0.0677,58.618,5.29,9.284,8.864,20.414,24364.0,8.724,,9.2,27002.0,-2131.3,46.0,1.6,0,0,0,6.113,0
2021-02-04 22:00:00,2021,2,3,22,19828.0,2173.7,52.2,23.0,3.25,,133.6,,0.2836,117.277,6.113,17.426,11.965,24.808,23409.0,7.995,3.925,12.95,27002.0,1435.7,-23.0,4.5,0,0,0,13.056,0
2021-02-04 23:00:00,2021,2,3,23,21286.0,,54.0,17.4,2.81,382.0,128.4,,0.0781,50.288,13.056,12.348,10.445,21.423,23779.0,6.939,3.994,,27002.0,-236.2,0.0,5.9,0,0,0,6.01,0
2021-02-05 00:00:00,2021,2,4,0,21073.0,838.0,55.3,4.7,3.01,437.0,125.4,17.658,0.1162,105.48,6.01,5.461,9.523,12.324,23503.0,8.109,4.039,14.18,27002.0,260.0,55.0,5.4,0,0,0,12.48,0
2021-02-05 01:00:00,2021,2,4,1,21920.0,485.4,51.5,14.7,2.68,464.0,122.7,10.64,0.07,35.126,12.48,5.704,20.22,21.798,23402.0,7.879,3.5,14.83,27002.0,-226.5,27.0,2.7,0,0,0,4.323,0
2021-02-05 02:00:00,2021,2,4,2,22422.0,772.0,52.3,6.7,2.33,459.0,129.7,17.31,0.1139,73.056,4.323,5.29,11.295,23.768,23168.0,8.53,,12.97,27002.0,51.2,-5.0,2.9,0,0,0,9.197,0
2021-02-05 03:00:00,2021,2,4,3,23466.0,2302.8,52.1,45.6,2.94,438.0,126.9,54.039,0.3555,45.996,9.197,6.113,7.81,30.675,23624.0,8.521,3.509,18.68,27002.0,1748.7,-21.0,0.2,0,0,0,6.06,0
2021-02-05 04:00:00,2021,2,4,4,23072.0,474.2,49.8,0.0,2.26,410.0,131.3,10.94,0.072,91.586,6.06,13.056,7.803,14.632,22822.0,8.322,3.555,14.85,27002.0,-1699.5,-28.0,-1.2,0,0,0,11.864,0
2021-02-05 05:00:00,2021,2,4,5,23574.0,726.1,50.2,11.7,1.96,409.0,127.9,17.118,0.1126,32.163,11.864,6.01,8.637,17.578,22536.0,8.03,3.685,13.9,27002.0,168.2,-1.0,-2.3,0,0,0,4.257,0
2021-02-05 06:00:00,2021,2,4,6,24330.0,656.5,54.4,15.1,2.24,439.0,124.2,15.972,0.1051,26.068,4.257,12.48,15.378,9.157,23806.0,6.544,3.559,15.63,27002.0,-181.5,30.0,4.3,0,0,0,3.561,0
2021-02-05 07:00:00,2021,2,4,7,26509.0,2359.2,52.4,37.4,1.52,408.0,124.1,62.54,0.4115,59.945,3.561,4.323,14.206,9.793,23186.0,7.31,3.337,19.42,27002.0,1873.8,-31.0,-0.1,0,0,0,8.922,0
2021-02-05 08:00:00,2021,2,4,8,27569.0,470.8,48.9,3.7,1.64,449.0,127.5,12.978,0.0854,54.138,8.922,9.197,7.527,4.668,21349.0,7.174,3.335,18.92,27569.0,-301.2,41.0,-3.7,0,0,0,8.38,0
2021-02-05 09:00:00,2021,2,4,9,26395.0,742.9,55.4,21.1,1.57,469.0,130.9,19.607,0.129,19.103,8.38,6.06,9.391,6.058,20021.0,6.636,3.494,14.83,27569.0,-1559.9,20.0,5.9,0,0,0,2.831,0
2021-02-05 10:00:00,2021,2,4,10,27760.0,711.3,49.7,9.9,1.46,447.0,128.4,19.745,0.1299,37.944,2.831,11.864,7.45,10.46,,5.644,3.517,16.48,27760.0,237.1,-22.0,-2.2,0,0,0,5.914,0
2021-02-05 11:00:00,2021,2,4,11,26723.0,730.1,52.9,7.1,1.57,392.0,,19.509,0.1284,56.132,5.914,4.257,6.885,9.076,20085.0,6.338,3.513,15.72,27760.0,4.0,-55.0,3.2,0,0,0,8.422,0
2021-02-05 12:00:00,2021,2,4,12,26228.0,728.7,51.4,12.2,1.0,445.0,127.4,19.112,0.1257,71.507,8.422,3.561,6.835,9.396,19877.0,7.5,3.546,15.23,27760.0,72.2,53.0,1.5,1,0,0,10.53,0
2021-02-05 13:00:00,2021,2,4,13,26478.0,725.1,54.9,18.1,1.21,439.0,131.8,19.199,0.1263,131.465,10.53,8.922,6.866,5.281,21193.0,9.27,4.24,12.02,27760.0,-1634.1,-6.0,4.6,1,0,0,19.544,1
2021-02-05 14:00:00,2021,2,4,14,27144.0,752.3,51.7,9.2,1.37,446.0,130.1,20.42,0.1343,143.836,19.544,8.38,8.54,5.95,19194.0,11.527,5.041,12.93,27760.0,281.5,7.0,2.6,1,0,0,21.921,1
2021-02-05 15:00:00,2021,2,4,15,26803.0,406.9,53.1,11.7,1.32,491.0,126.2,,0.0718,113.411,21.921,2.831,9.284,13.786,19459.0,13.9,5.296,11.37,27760.0,-336.0,,6.8,1,0,0,17.067,0
2021-02-05 16:00:00,2021,2,4,16,26694.0,811.5,50.5,,1.85,475.0,124.8,21.663,0.1425,75.943,17.067,5.914,17.426,8.137,20111.0,14.811,5.038,12.3,27760.0,,-16.0,1.5,1,0,0,11.382,0
2021-02-05 17:00:00,2021,2,4,17,27458.0,783.0,57.3,,1.46,457.0,126.7,21.501,0.1415,125.301,11.382,8.422,12.348,10.611,19476.0,16.627,5.414,13.28,27760.0,52.9,-18.0,7.7,1,0,0,19.317,1
2021-02-05 18:00:00,2021,2,4,18,27671.0,821.1,51.9,18.0,1.3,477.0,120.1,22.721,0.1495,16.265,19.317,10.53,5.461,7.047,19422.0,15.293,5.54,14.25,27760.0,92.4,20.0,-0.9,0,0,0,2.527,0
2021-02-05 19:00:00,2021,2,4,19,26084.0,449.3,53.0,3.2,1.13,528.0,121.4,,0.0771,51.273,2.527,19.544,5.704,6.942,19230.0,13.287,5.501,11.77,27760.0,-275.8,51.0,2.6,0,0,0,7.509,0
2021-02-05 20:00:00,2021,2,4,20,26099.0,858.8,52.7,13.7,1.42,529.0,118.9,22.414,0.1475,32.122,7.509,21.921,5.29,16.579,18383.0,10.418,5.521,12.52,27760.0,,1.0,-1.0,0,0,0,4.707,0
2021-02-05 21:00:00,2021,2,4,21,25373.0,825.6,53.4,13.5,0.8,501.0,119.7,20.948,0.1378,23.867,4.707,17.067,6.113,8.864,18574.0,8.14,5.619,12.82,27760.0,418.7,-28.0,0.8,0,0,0,3.4,0
2021-02-05 22:00:00,2021,2,4,22,24213.0,861.4,50.8,13.2,1.58,477.0,118.5,20.858,0.1372,24.429,3.4,11.382,13.056,,19828.0,6.797,5.687,12.43,27760.0,49.9,-24.0,,0,0,0,3.321,0
2021-02-05 23:00:00,2021,2,4,23,,2370.9,53.0,31.7,1.79,508.0,119.4,57.848,0.3806,81.823,3.321,19.317,6.01,10.445,21286.0,5.446,5.671,15.55,,1587.9,31.0,-1.0,0,0,0,11.209,0
2021-02-06 00:00:00,2021,2,5,0,23707.0,929.9,54.4,6.8,1.74,480.0,121.7,22.044,0.145,,11.209,2.527,12.48,9.523,21073.0,6.934,5.648,13.68,27760.0,108.8,-28.0,-0.9,0,0,0,11.458,0
2021-02-06 01:00:00,2021,2,5,1,22817.0,,55.1,4.8,1.98,458.0,125.1,22.03,0.1449,115.129,11.458,,4.323,20.22,21920.0,8.141,,13.95,27760.0,516.2,-22.0,3.6,0,0,0,14.749,0
2021-02-06 02:00:00,2021,2,5,2,23905.0,539.4,,,2.24,451.0,136.6,12.895,0.0848,32.187,14.749,4.707,9.197,,22422.0,8.076,5.766,13.03,27760.0,-319.4,-7.0,6.0,0,0,0,4.32,0
2021-02-06 03:00:00,2021,2,5,3,22566.0,2246.0,55.7,24.6,2.05,449.0,137.3,50.682,0.3334,119.33,4.32,3.4,,7.81,23466.0,10.029,5.841,14.88,27760.0,1420.4,-2.0,3.6,0,0,0,15.119,0
2021-02-06 04:00:00,2021,2,5,4,21923.0,432.7,56.1,0.0,1.7,471.0,142.5,9.486,0.0624,163.224,15.119,,11.864,7.803,23072.0,12.824,6.205,12.68,27760.0,-428.7,22.0,6.3,1,0,0,20.091,1
2021-02-06 05:00:00,2021,2,5,5,21814.0,839.3,,11.5,1.64,460.0,140.8,18.309,0.1205,46.254,20.091,11.209,4.257,8.637,23574.0,11.9,6.155,,27760.0,-1531.6,-11.0,3.7,1,0,0,5.665,0
2021-02-06 06:00:00,2021,2,5,6,22056.0,489.2,54.1,17.9,1.56,465.0,141.8,10.79,0.071,57.027,5.665,11.458,3.561,15.378,24330.0,11.168,6.034,11.17,27760.0,-440.7,5.0,-0.3,1,0,0,7.062,0
2021-02-06 07:00:00,2021,2,5,7,22364.0,471.8,56.5,14.3,2.16,441.0,147.7,10.55,0.0694,96.301,7.062,14.749,8.922,14.206,26509.0,10.725,6.039,12.75,27760.0,-493.7,-24.0,4.1,1,0,0,12.092,0
2021-02-06 08:00:00,2021,2,5,8,21383.0,976.7,57.2,12.7,2.05,441.0,142.2,,0.1374,201.147,12.092,4.32,8.38,7.527,27569.0,14.03,6.642,13.5,27760.0,437.3,0.0,8.3,1,0,0,24.149,1
2021-02-06 09:00:00,2021,2,5,9,21595.0,518.4,57.4,0.3,1.93,468.0,145.2,11.194,0.0736,136.787,24.149,15.119,2.831,9.391,26395.0,14.274,6.497,9.45,27760.0,-1727.6,27.0,2.0,1,0,0,16.585,0
2021-02-06 10:00:00,2021,2,5,10,21582.0,487.6,55.2,0.0,1.63,,139.7,10.523,,98.808,16.585,20.091,5.914,7.45,27760.0,12.921,6.384,9.45,27760.0,54.9,5.0,5.5,0,0,0,11.973,0
2021-02-06 11:00:00,2021,2,5,11,20430.0,485.2,53.1,15.0,1.34,507.0,136.5,9.913,0.0652,44.374,11.973,5.665,8.422,6.885,26723.0,12.825,6.497,10.03,27760.0,-354.1,34.0,0.2,0,0,0,5.09,0
2021-02-06 12:00:00,2021,2,5,12,19347.0,2155.1,,22.5,1.45,504.0,138.2,41.696,0.2743,100.474,5.09,7.062,10.53,6.835,26228.0,13.467,6.494,10.8,27760.0,1665.9,-3.0,8.1,0,0,0,10.914,0
2021-02-06 13:00:00,2021,2,5,13,19034.0,982.8,57.0,5.2,1.9,503.0,130.6,18.706,0.1231,124.949,10.914,12.092,,6.866,26478.0,13.677,6.29,9.28,27760.0,511.0,,2.1,0,0,0,13.353,0
2021-02-06 14:00:00,2021,2,5,14,18943.0,2193.5,57.5,26.1,1.98,546.0,131.9,41.55,0.2734,,13.353,24.149,21.921,8.54,27144.0,14.68,7.064,11.52,27760.0,1216.8,43.0,5.8,1,0,0,30.165,1
2021-02-06 15:00:00,2021,2,5,15,18814.0,2091.9,55.4,22.4,2.45,558.0,132.5,39.357,0.2589,174.69,30.165,16.585,17.067,9.284,26803.0,14.991,7.114,15.2,27760.0,1573.5,12.0,2.3,1,0,0,18.453,1
2021-02-06 16:00:00,2021,2,5,16,18748.0,2162.2,55.5,26.9,2.01,537.0,135.4,,0.2667,153.474,18.453,11.973,11.382,17.426,26694.0,15.688,7.167,19.68,27760.0,,-21.0,5.0,1,0,0,16.155,0
2021-02-06 17:00:00,2021,2,5,17,19032.0,954.7,54.8,18.0,1.86,484.0,131.7,18.17,0.1195,132.617,16.155,5.09,19.317,12.348,27458.0,17.202,7.015,20.18,27760.0,469.5,-53.0,,1,0,0,14.171,0
2021-02-06 18:00:00,2021,2,5,18,19887.0,555.3,55.9,10.9,1.64,524.0,129.7,11.044,0.0727,90.42,14.171,10.914,2.527,5.461,27671.0,17.066,6.743,18.25,27760.0,-1599.8,,4.0,1,0,0,10.096,0
2021-02-06 19:00:00,2021,2,5,19,19586.0,541.3,58.7,10.3,1.9,504.0,132.8,10.602,0.0697,152.218,10.096,,7.509,5.704,26084.0,17.63,6.73,19.1,27760.0,-441.5,-20.0,5.7,1,0,0,16.739,0
2021-02-06 20:00:00,2021,2,5,20,18193.0,501.3,,12.9,1.92,501.0,124.9,9.12,0.06,52.239,16.739,30.165,4.707,5.29,26099.0,13.492,6.699,16.9,27760.0,-1692.2,-3.0,3.3,0,0,0,5.336,0
2021-02-06 21:00:00,2021,2,5,21,17550.0,955.1,58.3,17.9,,485.0,129.0,16.762,0.1103,52.448,5.336,18.453,3.4,6.113,25373.0,11.277,6.603,16.15,,-1136.8,-16.0,,0,0,0,5.168,0
2021-02-06 22:00:00,2021,2,5,22,17583.0,480.5,55.6,11.6,2.02,523.0,135.2,8.448,0.0556,251.628,5.168,16.155,3.321,13.056,24213.0,12.725,6.742,13.6,,-1681.7,38.0,4.8,1,0,0,24.841,1
2021-02-06 23:00:00,2021,2,5,23,19068.0,463.8,55.7,1.8,1.77,452.0,131.4,8.844,0.0582,252.852,24.841,14.171,11.209,6.01,24399.0,14.875,7.261,10.9,27760.0,-490.9,-71.0,2.7,1,0,0,27.07,1
2021-02-07 00:00:00,2021,2,6,0,19011.0,917.5,56.0,15.3,2.66,441.0,136.0,17.443,0.1148,166.519,27.07,10.096,11.458,12.48,23707.0,16.155,7.271,11.63,27760.0,362.2,-11.0,1.6,1,0,0,17.774,0
2021-02-07 01:00:00,2021,2,6,1,,389.8,57.4,8.4,2.37,432.0,136.3,6.747,0.0444,115.764,17.774,16.739,14.749,4.323,22817.0,,7.3,11.32,27760.0,-151.5,-9.0,2.3,1,0,0,11.249,0
2021-02-07 02:00:00,2021,2,6,2,15726.0,407.7,56.6,4.9,2.53,421.0,134.0,6.411,0.0422,196.704,,5.336,4.32,9.197,23905.0,17.245,7.003,9.98,27760.0,-93.6,-11.0,-1.7,1,0,0,17.368,0
2021-02-07 03:00:00,2021,2,6,3,15351.0,361.9,59.3,5.4,2.77,,139.7,5.556,0.0366,78.037,17.368,5.168,15.119,6.06,22566.0,17.505,7.197,7.9,27760.0,-593.2,-56.0,,1,0,0,6.726,0
2021-02-07 04:00:00,2021,2,6,4,14861.0,955.8,56.4,10.6,2.81,368.0,135.3,14.203,0.0934,48.707,6.726,24.841,20.091,11.864,21923.0,14.042,7.397,7.73,27760.0,475.3,3.0,0.3,0,0,0,4.064,0
2021-02-07 05:00:00,2021,2,6,5,14909.0,338.2,59.2,5.8,3.16,387.0,133.6,5.042,0.0332,,4.064,27.07,5.665,4.257,21814.0,10.057,7.534,8.4,27760.0,-125.6,19.0,5.3,0,0,0,3.159,0
2021-02-07 06:00:00,2021,2,6,6,15023.0,355.3,55.9,0.0,2.97,370.0,139.0,5.338,0.0351,89.984,3.159,17.774,7.062,3.561,22056.0,8.359,7.515,5.85,27760.0,-562.2,-17.0,1.8,0,0,0,7.59,0
2021-02-07 07:00:00,2021,2,6,7,14861.0,364.9,58.9,5.2,2.28,385.0,133.2,5.424,0.0357,33.69,7.59,11.249,12.092,8.922,22364.0,6.953,7.836,5.32,27760.0,-24.9,15.0,2.4,0,0,0,2.811,0
2021-02-07 08:00:00,2021,2,6,8,15811.0,951.7,59.7,15.5,2.53,354.0,,15.047,0.099,27.768,2.811,17.368,24.149,8.38,21383.0,4.469,7.79,7.08,27760.0,544.0,-31.0,2.5,0,0,0,2.465,0
2021-02-07 09:00:00,2021,2,6,9,15533.0,375.6,59.2,5.7,3.12,350.0,138.1,5.834,0.0384,21.029,2.465,,16.585,2.831,21595.0,,8.029,7.13,27760.0,13.7,-4.0,1.8,0,0,0,1.834,0
2021-02-07 10:00:00,2021,2,6,10,14807.0,377.4,59.5,3.9,3.25,391.0,140.8,5.587,0.0368,36.423,1.834,4.064,11.973,5.914,21582.0,3.481,8.229,6.02,27760.0,-578.4,41.0,4.3,0,0,0,3.028,0
2021-02-07 11:00:00,2021,2,6,11,,2098.5,56.4,19.6,3.29,404.0,145.5,32.158,0.2116,56.138,3.028,3.159,5.09,8.422,20430.0,3.76,8.238,8.32,,1760.3,13.0,3.3,0,0,0,4.83,0
2021-02-07 12:00:00,2021,2,6,12,14908.0,1997.4,58.5,24.3,3.73,365.0,148.7,29.777,0.1959,37.347,4.83,7.59,10.914,10.53,19347.0,3.016,8.412,12.37,27760.0,,-39.0,-1.0,0,0,0,3.126,0
2021-02-07 13:00:00,2021,2,6,13,15654.0,434.7,56.2,3.4,3.32,400.0,145.6,6.804,0.0448,50.961,3.126,2.811,,19.544,19034.0,3.294,8.506,12.07,27760.0,69.8,35.0,-0.8,0,0,0,4.479,0
2021-02-07 14:00:00,2021,2,6,14,14704.0,410.7,56.3,0.1,4.19,378.0,143.1,6.038,0.0397,91.379,4.479,2.465,30.165,21.921,18943.0,4.14,7.452,9.5,27760.0,-541.0,-22.0,-1.2,0,0,0,7.544,0
2021-02-07 15:00:00,2021,2,6,15,,455.5,,14.9,4.18,398.0,142.3,,0.0441,47.416,7.544,1.834,18.453,17.067,18814.0,4.488,7.311,11.03,27760.0,79.9,20.0,1.6,0,0,0,3.919,0
2021-02-07 16:00:00,2021,2,6,16,16132.0,938.0,59.2,4.6,4.0,405.0,139.5,15.132,0.0996,107.922,3.919,3.028,16.155,11.382,18748.0,5.612,7.163,11.15,27760.0,560.6,7.0,3.7,0,0,0,9.775,0
2021-02-07 17:00:00,2021,2,6,17,16043.0,391.5,58.7,2.1,3.45,427.0,137.0,,0.0413,,9.775,4.83,14.171,19.317,19032.0,7.169,7.163,8.23,,-1707.0,22.0,3.9,1,0,0,14.174,0
2021-02-07 18:00:00,2021,2,6,18,17993.0,1911.9,61.4,31.1,3.9,401.0,133.7,34.401,0.2263,116.053,14.174,3.126,10.096,2.527,19887.0,8.603,7.182,9.37,27760.0,-85.5,-26.0,5.5,1,0,0,11.724,0
2021-02-07 19:00:00,2021,2,6,19,17825.0,1919.9,60.8,26.9,2.97,428.0,131.5,34.221,0.2251,122.962,11.724,4.479,16.739,7.509,19586.0,9.907,7.03,13.28,27760.0,1485.2,27.0,2.1,1,0,0,12.306,0
2021-02-07 20:00:00,2021,2,6,20,16844.0,956.8,59.5,8.9,2.97,440.0,134.5,16.117,0.106,177.473,12.306,7.544,5.336,4.707,18193.0,11.447,7.169,14.75,27760.0,546.1,12.0,3.5,1,0,0,16.784,0
2021-02-07 21:00:00,2021,2,6,21,17112.0,365.9,58.1,5.2,3.14,415.0,133.2,6.262,0.0412,90.594,16.784,3.919,5.168,3.4,,,7.116,13.13,27760.0,-89.6,-25.0,-0.2,1,0,0,8.704,0
2021-02-07 22:00:00,2021,2,6,22,16054.0,2084.2,59.2,21.3,3.88,421.0,124.5,33.459,0.2201,107.104,8.704,9.775,24.841,3.321,17583.0,12.224,6.32,15.92,27760.0,1146.2,6.0,3.6,1,0,0,9.654,0
2021-02-07 23:00:00,2021,2,6,23,15750.0,,60.0,15.1,3.6,452.0,124.6,14.086,0.0927,,9.654,14.174,27.07,11.209,19068.0,11.19,4.987,18.08,27760.0,502.8,,4.3,1,0,0,7.967,0
2021-02-08 00:00:00,2021,2,0,0,16917.0,841.5,59.6,6.9,3.81,427.0,131.1,14.235,0.0937,116.822,7.967,11.724,17.774,11.458,19011.0,11.085,4.591,14.05,27760.0,-1070.4,-25.0,3.6,1,0,0,11.096,0
2021-02-08 01:00:00,2021,2,0,1,17001.0,346.0,58.4,8.3,3.3,478.0,128.3,5.883,0.0387,,11.096,12.306,11.249,14.749,17307.0,11.914,4.941,10.95,27760.0,-1573.9,51.0,1.0,1,0,0,17.278,0
2021-02-08 02:00:00,2021,2,0,2,16762.0,886.5,58.8,10.7,2.87,467.0,125.3,14.86,0.0978,43.406,17.278,16.784,17.368,4.32,15726.0,9.797,4.579,11.25,27760.0,-70.3,-11.0,2.2,0,0,0,4.085,0
2021-02-08 03:00:00,2021,2,0,3,17657.0,2248.7,56.6,27.9,2.51,433.0,127.6,39.705,,48.115,4.085,8.704,6.726,15.119,15351.0,,4.61,,27760.0,1882.8,,-2.7,0,0,0,4.77,0
2021-02-08 04:00:00,2021,2,0,4,19219.0,2246.7,61.3,32.6,2.71,407.0,129.4,43.179,0.2841,51.925,4.77,,4.064,20.091,14861.0,8.466,4.572,16.92,27760.0,,-26.0,4.9,0,0,0,5.603,0
2021-02-08 05:00:00,2021,2,0,5,20256.0,818.7,60.8,15.4,2.31,429.0,132.0,16.584,0.1091,40.403,5.603,7.967,,5.665,14909.0,7.904,4.523,16.97,27760.0,-75.6,22.0,1.6,0,0,0,4.595,0
2021-02-08 06:00:00,2021,2,0,6,20834.0,818.8,56.1,9.2,2.18,430.0,128.9,17.06,0.1122,53.473,4.595,11.096,7.59,7.062,15023.0,7.098,4.53,17.35,27760.0,-22.7,1.0,0.2,0,0,0,6.255,0
2021-02-08 07:00:00,2021,2,0,7,21201.0,815.9,58.3,14.6,1.96,417.0,133.5,,0.1138,37.275,6.255,17.278,2.811,12.092,14861.0,4.958,4.469,18.4,27760.0,469.9,-13.0,-0.6,0,0,0,4.437,0
2021-02-08 08:00:00,2021,2,0,8,,828.0,57.3,11.3,2.19,363.0,128.7,,0.1083,31.879,4.437,4.085,2.465,24.149,15811.0,4.87,4.421,18.5,27760.0,-58.5,-54.0,-2.4,0,0,0,3.559,0
2021-02-08 09:00:00,2021,2,0,9,20340.0,2190.3,59.3,27.6,1.78,355.0,129.8,44.551,,45.7,3.559,4.77,1.834,16.585,15533.0,4.945,4.282,18.45,27760.0,-58.4,-8.0,0.1,0,0,0,5.219,0
2021-02-08 10:00:00,2021,2,0,10,18698.0,886.9,57.3,,2.04,379.0,124.9,16.583,0.1091,37.902,5.219,5.603,3.028,11.973,14807.0,4.674,4.241,15.1,27760.0,-1359.8,24.0,-2.2,0,0,0,3.979,0
2021-02-08 11:00:00,2021,2,0,11,20064.0,372.3,59.1,0.0,1.72,387.0,123.3,7.469,0.0491,79.165,3.979,4.595,4.83,5.09,15324.0,5.394,4.201,12.53,,-446.4,8.0,2.7,0,0,0,8.918,0
2021-02-08 12:00:00,2021,2,0,12,18777.0,325.7,58.5,2.2,2.43,394.0,129.4,6.116,0.0402,55.765,8.918,6.255,3.126,10.914,14908.0,5.332,4.101,11.37,27760.0,-493.1,7.0,0.0,0,0,0,5.879,0
2021-02-08 13:00:00,2021,2,0,13,19526.0,1751.1,57.4,27.6,2.34,410.0,130.2,34.193,0.225,37.435,5.879,4.437,4.479,13.353,15654.0,5.276,4.116,13.53,27760.0,935.2,16.0,1.2,0,0,0,4.104,0
2021-02-08 14:00:00,2021,2,0,14,20537.0,3200.0,59.8,43.2,2.9,413.0,131.5,65.719,0.4324,41.515,4.104,3.559,7.544,30.165,14704.0,5.481,4.167,18.85,,2372.0,3.0,3.5,0,0,0,4.787,0
2021-02-08 15:00:00,2021,2,0,15,21034.0,487.5,59.2,12.4,2.82,392.0,134.8,,0.0675,26.021,4.787,5.219,3.919,18.453,14721.0,5.123,4.206,16.32,27760.0,-1702.8,-21.0,2.2,0,0,0,3.073,0
2021-02-08 16:00:00,2021,2,0,16,22051.0,1231.3,55.5,18.1,3.36,384.0,137.6,27.15,0.1786,28.561,3.073,3.979,9.775,16.155,16132.0,5.049,4.275,17.25,27760.0,344.4,-8.0,-3.7,0,0,0,3.536,0
2021-02-08 17:00:00,2021,2,0,17,20268.0,2432.8,59.0,29.6,3.5,385.0,135.2,49.308,0.3244,68.21,3.536,8.918,14.174,14.171,16043.0,4.857,4.04,22.18,27760.0,2060.5,1.0,0.3,0,0,0,7.762,0
2021-02-08 18:00:00,2021,2,0,18,21261.0,969.7,55.0,14.6,3.16,387.0,137.3,20.617,0.1356,28.734,7.762,5.879,11.724,10.096,17993.0,4.449,4.003,24.25,27760.0,644.0,2.0,-6.4,0,0,0,3.43,0
2021-02-08 19:00:00,2021,2,0,19,20557.0,,53.3,3.2,2.77,398.0,134.0,6.929,0.0456,48.207,3.43,4.104,12.306,,17825.0,4.692,3.848,20.18,,-1414.1,11.0,-7.5,0,0,0,5.564,0
2021-02-08 20:00:00,2021,2,0,20,21615.0,951.9,56.6,22.6,3.27,403.0,133.2,20.575,0.1354,37.443,5.564,4.787,16.784,5.336,16844.0,4.651,3.213,16.75,27760.0,-2248.1,5.0,-2.9,0,0,0,4.544,0
2021-02-08 21:00:00,2021,2,0,21,22358.0,936.8,57.4,19.7,3.17,410.0,136.7,20.945,0.1378,43.623,4.544,3.073,8.704,5.168,17112.0,5.052,3.171,17.97,27760.0,449.3,7.0,-0.7,0,0,0,5.476,0
2021-02-08 22:00:00,2021,2,0,22,23746.0,257.3,55.3,5.6,3.54,413.0,130.5,6.111,0.0402,38.868,,3.536,9.654,24.841,16054.0,5.326,3.081,15.88,27760.0,-974.0,3.0,-3.9,0,0,0,5.182,0
2021-02-08 23:00:00,2021,2,0,23,23661.0,966.6,54.1,14.1,3.82,420.0,134.2,22.87,0.1505,58.3,5.182,7.762,7.967,27.07,15750.0,5.324,3.075,13.3,27760.0,-1466.2,7.0,-5.9,0,0,0,7.745,0
2021-02-09 00:00:00,2021,2,1,0,24608.0,976.4,56.9,12.3,4.52,457.0,137.1,24.028,0.1581,81.049,7.745,3.43,11.096,17.774,16917.0,6.618,3.083,12.92,,6.7,37.0,-2.7,0,0,0,11.198,0
2021-02-09 01:00:00,2021,2,1,1,,958.9,57.8,14.1,4.16,357.0,132.8,,0.1453,61.507,11.198,5.564,17.278,11.249,17001.0,7.016,1.969,14.73,27760.0,,-100.0,-0.6,0,0,0,7.952,0
2021-02-09 02:00:00,2021,2,1,2,23760.0,976.6,61.7,10.0,3.84,390.0,132.3,23.205,0.1527,101.797,7.952,4.544,4.085,17.368,,8.522,2.545,12.63,27760.0,24.7,33.0,2.9,0,0,0,13.58,0
2021-02-09 03:00:00,2021,2,1,3,23986.0,273.3,,,3.74,392.0,134.4,6.556,0.0431,91.653,13.58,5.476,4.77,6.726,17657.0,9.667,2.852,9.35,27760.0,-663.5,2.0,2.8,0,0,0,12.343,0
2021-02-09 04:00:00,2021,2,1,4,24338.0,290.1,59.5,0.0,4.13,416.0,127.0,,0.0465,89.42,12.343,5.182,5.603,4.064,19219.0,10.84,3.101,8.42,27760.0,32.8,24.0,-1.8,0,0,0,12.219,0
2021-02-09 05:00:00,2021,2,1,5,25368.0,318.3,58.1,0.7,4.04,387.0,127.8,8.075,0.0531,91.518,12.219,7.745,4.595,3.159,20256.0,11.721,3.348,6.18,27760.0,-648.3,-29.0,-2.7,0,0,0,13.035,0
2021-02-09 06:00:00,2021,2,1,6,,,58.7,2.3,4.39,412.0,131.9,8.163,0.0537,80.947,13.035,11.198,6.255,7.59,20834.0,11.788,,4.52,27760.0,-656.5,25.0,2.6,0,0,0,11.598,0
2021-02-09 07:00:00,2021,2,1,7,26443.0,983.4,,17.8,4.46,421.0,131.3,26.004,0.1711,52.214,11.598,7.952,4.437,2.811,21201.0,11.754,3.441,5.13,27760.0,24.5,9.0,-2.8,0,0,0,7.752,0
2021-02-09 08:00:00,2021,2,1,8,27110.0,296.4,,3.2,4.56,442.0,134.9,8.036,0.0529,,7.752,13.58,3.559,2.465,19884.0,11.052,3.378,4.0,27760.0,-680.2,21.0,-0.1,0,0,0,9.363,0
2021-02-09 09:00:00,2021,2,1,9,,927.7,55.0,,4.99,374.0,134.9,24.73,0.1627,79.018,9.363,12.343,5.219,1.834,20340.0,10.966,3.459,6.2,27760.0,654.4,-68.0,-4.3,0,0,0,11.826,0
2021-02-09 10:00:00,2021,2,1,10,26520.0,353.2,57.3,0.0,4.46,379.0,138.0,9.367,0.0616,99.128,11.826,12.219,3.979,3.028,18698.0,11.389,3.649,6.2,27760.0,63.1,5.0,0.0,0,0,0,14.76,0
2021-02-09 11:00:00,2021,2,1,11,26774.0,339.2,57.4,15.1,,390.0,134.5,9.081,0.0597,54.316,14.76,13.035,8.918,4.83,20064.0,10.577,3.646,8.6,27760.0,20.9,11.0,-1.7,0,0,0,8.165,0
2021-02-09 12:00:00,2021,2,1,12,24861.0,263.2,,1.2,4.88,416.0,134.4,6.543,0.043,80.26,8.165,11.598,,3.126,18777.0,10.512,3.665,8.42,27760.0,-56.7,26.0,-0.4,0,0,0,11.203,0
2021-02-09 13:00:00,2021,2,1,13,24805.0,977.9,57.0,20.0,4.98,404.0,126.4,24.258,0.1596,61.428,11.203,7.752,4.104,4.479,19526.0,10.645,3.552,8.78,27760.0,-5.5,-12.0,-0.4,0,0,0,8.555,0
2021-02-09 14:00:00,2021,2,1,14,21880.0,999.1,55.4,15.7,5.16,403.0,129.1,21.86,0.1438,72.879,8.555,9.363,4.787,7.544,20537.0,,3.462,10.87,27760.0,702.7,-1.0,-4.4,0,0,0,8.953,0
2021-02-09 15:00:00,2021,2,1,15,20463.0,1823.8,60.1,22.9,5.44,413.0,128.7,37.321,0.2455,106.788,8.953,11.826,3.073,3.919,21034.0,10.651,3.318,12.48,27760.0,896.1,10.0,0.9,0,0,0,12.269,0
2021-02-09 16:00:00,2021,2,1,16,20910.0,346.6,59.3,7.2,4.73,,128.5,7.248,0.0477,69.582,12.269,14.76,3.536,9.775,22051.0,9.552,3.11,13.68,27760.0,-6.6,-52.0,3.8,0,0,0,8.169,0
2021-02-09 17:00:00,2021,2,1,17,21730.0,1053.6,59.8,21.0,4.63,386.0,128.1,22.895,0.1506,136.642,8.169,,7.762,14.174,20268.0,,3.436,14.67,27760.0,714.4,25.0,0.8,1,0,0,16.671,0
2021-02-09 18:00:00,2021,2,1,18,20478.0,1050.5,56.8,15.0,,393.0,132.3,21.512,0.1415,114.938,16.671,11.203,3.43,,21261.0,11.305,3.241,16.97,27760.0,787.3,7.0,1.8,1,0,0,13.215,0
2021-02-09 19:00:00,2021,2,1,19,19863.0,,56.9,7.7,5.8,402.0,131.4,,0.045,191.863,13.215,8.555,,12.306,20557.0,13.446,3.842,14.92,,-633.5,9.0,3.6,1,0,0,21.397,1
2021-02-09 20:00:00,2021,2,1,20,20933.0,326.8,60.7,5.2,5.32,390.0,130.2,6.841,0.045,98.468,21.397,8.953,,16.784,21615.0,13.882,3.612,13.17,27760.0,,-12.0,4.1,1,0,0,11.573,0
2021-02-09 21:00:00,2021,2,1,21,20604.0,364.1,58.4,1.3,5.17,397.0,123.8,7.503,0.0494,187.616,11.573,12.269,5.476,8.704,22358.0,15.455,4.027,9.57,27760.0,-1459.7,7.0,1.0,1,0,0,21.704,1
2021-02-09 22:00:00,2021,2,1,22,22129.0,367.1,58.6,6.8,5.11,408.0,122.3,8.124,0.0534,234.794,21.704,8.169,5.182,9.654,23746.0,18.955,5.161,9.5,27760.0,20.5,11.0,3.3,1,0,0,29.172,1
2021-02-09 23:00:00,2021,2,1,23,22335.0,1986.5,55.5,28.7,4.53,441.0,123.9,44.37,0.2919,81.626,29.172,16.671,7.745,7.967,23661.0,17.883,5.081,10.78,27760.0,932.9,33.0,1.4,0,0,0,10.236,0
2021-02-10 00:00:00,2021,2,2,0,23337.0,1196.7,54.8,13.6,5.05,432.0,126.6,27.927,0.1837,113.572,10.236,13.215,11.198,11.096,24608.0,18.16,5.087,10.55,27760.0,146.2,-9.0,-2.1,0,0,0,14.881,0
2021-02-10 01:00:00,2021,2,2,1,24079.0,1169.1,59.1,20.6,5.1,424.0,126.7,28.152,0.1852,71.357,14.881,21.397,7.952,,23027.0,16.202,5.026,12.7,27760.0,824.7,-8.0,1.3,0,0,0,9.647,0
2021-02-10 02:00:00,2021,2,2,2,24434.0,1170.3,61.0,22.7,4.96,472.0,128.5,28.595,0.1881,65.116,9.647,11.573,13.58,4.085,23760.0,15.762,5.092,15.62,27760.0,843.5,48.0,-0.7,0,0,0,8.933,0
2021-02-10 03:00:00,2021,2,2,3,22684.0,1177.4,58.1,23.8,4.88,495.0,130.3,26.707,0.1757,,8.933,21.704,12.343,4.77,23986.0,13.658,5.149,19.37,27760.0,813.3,23.0,,0,0,0,9.077,0
2021-02-10 04:00:00,2021,2,2,4,20007.0,1235.4,48.4,19.5,5.54,507.0,128.8,24.717,0.1626,94.489,9.077,29.172,,5.603,24338.0,10.565,5.165,21.48,27760.0,868.3,12.0,-11.1,0,0,1,10.614,0
2021-02-10 05:00:00,2021,2,2,5,19762.0,397.6,48.6,3.6,5.46,511.0,128.4,7.858,0.0517,,10.614,10.236,13.035,4.595,25368.0,10.759,5.17,17.3,27760.0,-1588.9,4.0,-9.5,0,0,1,11.401,0
2021-02-10 06:00:00,2021,2,2,6,18768.0,,52.7,14.2,4.94,502.0,128.9,21.261,0.1399,96.541,11.401,14.881,11.598,6.255,25519.0,9.974,5.19,17.4,27760.0,-63.9,-9.0,-6.0,0,0,1,10.173,0
2021-02-10 07:00:00,2021,2,2,7,18814.0,372.6,53.9,2.9,4.94,523.0,130.5,7.009,0.0461,101.114,10.173,9.647,7.752,4.437,26443.0,10.146,5.108,14.45,27760.0,-796.5,21.0,,0,0,1,10.681,0
2021-02-10 08:00:00,2021,2,2,8,18143.0,362.1,54.6,9.9,4.79,545.0,130.5,6.569,0.0432,89.883,10.681,8.933,9.363,3.559,,10.184,5.113,12.32,27760.0,-808.2,22.0,-2.6,0,0,1,9.156,0
2021-02-10 09:00:00,2021,2,2,9,18289.0,389.5,53.0,4.9,4.6,514.0,122.4,7.124,0.0469,,9.156,9.077,11.826,5.219,26656.0,10.154,5.167,,27760.0,-787.9,-31.0,-2.0,0,0,1,8.899,0
2021-02-10 10:00:00,2021,2,2,10,19241.0,1104.7,48.4,0.0,5.33,482.0,127.4,21.255,0.1398,232.342,8.899,10.614,14.76,3.979,26520.0,12.568,5.763,5.92,27760.0,-130.7,-32.0,-8.9,0,0,1,25.1,1
2021-02-10 11:00:00,2021,2,2,11,18866.0,1116.1,46.8,18.0,4.95,434.0,,21.056,0.1385,,25.1,11.401,8.165,8.918,26774.0,12.18,5.733,8.32,27760.0,718.5,-48.0,-10.6,0,0,1,9.069,0
2021-02-10 12:00:00,2021,2,2,12,18647.0,1029.9,53.0,10.4,4.75,427.0,123.6,19.204,0.1263,110.473,9.069,10.173,11.203,5.879,24861.0,12.412,5.729,7.68,27760.0,-102.9,-7.0,-5.1,0,0,1,11.566,0
2021-02-10 13:00:00,2021,2,2,13,18616.0,379.2,53.7,3.2,4.43,401.0,119.0,7.059,0.0464,96.736,11.566,10.681,8.555,4.104,24805.0,12.317,,7.73,27760.0,6.6,-26.0,-3.3,0,0,1,10.111,0
2021-02-10 14:00:00,2021,2,2,14,18886.0,1942.6,50.7,20.5,4.52,379.0,122.2,,0.2414,144.138,,9.156,8.953,4.787,21880.0,13.338,5.635,9.5,27760.0,1580.5,,-4.7,0,0,1,15.284,0
2021-02-10 15:00:00,2021,2,2,15,,433.7,52.6,0.0,,398.0,124.9,,0.0535,147.493,15.284,8.899,12.269,3.073,20463.0,14.442,,8.68,27760.0,44.2,19.0,-7.5,0,0,1,15.523,0
2021-02-10 16:00:00,2021,2,2,16,18498.0,2072.7,55.6,,4.72,390.0,118.4,38.343,0.2523,232.653,15.523,25.1,,3.536,20910.0,14.286,5.937,11.1,27760.0,968.0,-8.0,-3.7,0,0,1,24.163,1
2021-02-10 17:00:00,2021,2,2,17,18834.0,952.0,56.4,13.7,4.76,345.0,122.4,17.929,0.118,104.099,,9.069,16.671,7.762,21730.0,14.609,5.943,10.38,27760.0,-164.1,-45.0,,1,0,1,11.008,0
2021-02-10 18:00:00,2021,2,2,18,18106.0,1006.3,,11.4,,372.0,126.8,,0.1199,154.755,11.008,11.566,13.215,3.43,20478.0,15.304,5.953,10.55,27760.0,-23.6,27.0,-6.6,1,0,1,15.732,0
2021-02-10 19:00:00,2021,2,2,19,17682.0,985.5,53.5,8.5,4.59,396.0,127.0,17.426,0.1146,314.534,15.732,10.111,21.397,5.564,19863.0,18.823,6.769,11.43,27760.0,606.3,24.0,-3.4,1,0,1,31.226,1
2021-02-10 20:00:00,2021,2,2,20,17931.0,965.7,50.3,11.8,4.85,374.0,124.1,17.316,0.1139,109.382,31.226,15.284,11.573,4.544,20933.0,18.111,6.78,9.98,27760.0,-976.9,-22.0,,1,0,1,11.012,0
2021-02-10 21:00:00,2021,2,2,21,18545.0,1007.7,50.3,7.4,5.07,376.0,126.8,18.688,0.123,153.204,11.012,15.523,21.704,5.476,20604.0,18.182,6.608,,27760.0,574.0,2.0,-8.1,1,0,1,15.952,0
2021-02-10 22:00:00,2021,2,2,22,17491.0,471.8,51.2,7.3,4.93,371.0,129.9,8.252,0.0543,192.435,15.952,24.163,29.172,5.182,22129.0,17.305,5.883,10.02,27760.0,-1600.9,-5.0,-7.4,1,0,1,18.898,1
2021-02-10 23:00:00,2021,2,2,23,16611.0,963.2,51.1,8.8,5.07,339.0,132.6,16.0,,288.922,18.898,11.008,10.236,7.745,22335.0,19.961,6.422,9.2,27760.0,11.2,-32.0,-4.4,1,0,1,26.946,1
2021-02-11 00:00:00,2021,2,3,0,18197.0,,54.2,11.0,5.06,339.0,131.4,9.005,0.0592,204.887,26.946,15.732,14.881,11.198,23337.0,20.828,6.56,9.13,27760.0,-511.4,0.0,-0.6,1,0,1,20.933,1
2021-02-11 01:00:00,2021,2,3,1,18011.0,1076.5,58.4,16.1,5.54,313.0,128.7,19.389,0.1276,245.114,,31.226,9.647,7.952,24079.0,19.755,6.784,10.4,27760.0,91.0,-26.0,-0.7,1,0,1,24.787,1
2021-02-11 02:00:00,2021,2,3,2,,1036.0,55.9,13.6,5.08,306.0,122.5,18.987,0.1249,158.332,24.787,11.012,8.933,13.58,24434.0,20.635,6.65,10.7,27760.0,70.3,-7.0,-5.1,1,0,1,16.293,0
2021-02-11 03:00:00,2021,2,3,3,17795.0,1840.6,52.0,31.9,4.73,287.0,121.6,32.754,0.2155,119.526,16.293,15.952,9.077,12.343,22684.0,19.966,6.554,14.78,27760.0,832.9,-19.0,-6.1,1,0,1,11.942,0
2021-02-11 04:00:00,2021,2,3,4,18229.0,1121.6,58.0,17.5,4.83,271.0,127.9,20.445,0.1345,319.234,11.942,18.898,10.614,12.219,20007.0,22.262,7.314,16.48,27760.0,649.8,-16.0,9.6,1,0,1,32.673,1
2021-02-11 05:00:00,2021,2,3,5,17446.0,476.1,49.0,11.8,3.98,212.0,130.5,8.306,0.0546,97.783,32.673,26.946,11.401,13.035,19762.0,19.368,7.38,,27760.0,-487.1,-59.0,0.4,0,0,1,9.578,0
2021-02-11 06:00:00,2021,2,3,6,17868.0,1156.2,56.1,11.1,3.83,193.0,131.2,20.659,0.1359,123.344,9.578,20.933,10.173,11.598,18768.0,17.941,7.311,17.0,27760.0,661.3,-19.0,3.4,0,0,1,12.374,0
2021-02-11 07:00:00,2021,2,3,7,18497.0,416.4,49.7,4.2,3.49,170.0,130.7,7.702,0.0507,99.862,12.374,24.787,10.681,7.752,18814.0,15.538,7.322,15.02,27760.0,-660.1,-23.0,-4.2,0,0,1,10.371,0
2021-02-11 08:00:00,2021,2,3,8,,1114.4,49.6,8.8,4.21,195.0,128.6,21.487,0.1414,144.097,10.371,16.293,9.156,9.363,18143.0,15.423,7.153,14.22,27760.0,78.4,25.0,-5.0,0,0,1,15.6,0
2021-02-11 09:00:00,2021,2,3,9,20193.0,1183.9,47.5,,4.11,189.0,127.7,23.907,0.1573,88.035,15.6,11.942,8.899,11.826,18289.0,15.096,7.104,11.75,27760.0,-656.7,-6.0,-5.5,0,0,1,9.981,0
2021-02-11 10:00:00,2021,2,3,10,21007.0,1173.1,53.5,17.6,4.32,206.0,124.0,24.644,0.1621,80.105,9.981,32.673,25.1,14.76,19241.0,11.225,7.038,11.77,27760.0,51.5,17.0,5.1,0,0,1,9.448,0
2021-02-11 11:00:00,2021,2,3,11,21504.0,451.3,44.3,6.5,3.98,214.0,119.6,9.706,0.0639,68.497,9.448,9.578,9.069,8.165,18866.0,11.007,7.076,10.88,27760.0,-24.8,8.0,-2.5,0,0,1,8.27,0
2021-02-11 12:00:00,2021,2,3,12,20944.0,508.7,49.7,16.5,3.71,222.0,,10.654,0.0701,71.944,,12.374,11.566,11.203,18647.0,10.355,7.192,11.78,27760.0,-647.5,8.0,-3.3,0,0,1,8.46,0
2021-02-11 13:00:00,2021,2,3,13,22186.0,1181.1,48.0,13.9,3.32,252.0,124.1,26.205,0.1724,109.413,,10.371,10.111,8.555,18616.0,10.898,7.1,13.4,27760.0,764.7,30.0,-5.7,0,0,1,13.629,0
2021-02-11 14:00:00,2021,2,3,14,21853.0,514.3,49.9,7.1,3.37,208.0,127.6,11.239,0.0739,,13.629,15.6,15.284,8.953,,9.707,7.275,13.12,27760.0,-600.1,-44.0,-0.8,0,0,1,8.454,0
2021-02-11 15:00:00,2021,2,3,15,21915.0,489.6,45.9,5.6,3.35,238.0,126.1,10.729,0.0706,71.641,8.454,9.981,15.523,12.269,18745.0,9.513,7.421,11.2,27760.0,-694.3,30.0,-6.7,0,0,1,8.815,0
2021-02-11 16:00:00,2021,2,3,16,21927.0,1206.4,48.8,23.6,3.25,212.0,,,0.174,65.656,8.815,9.448,24.163,8.169,18498.0,9.285,7.348,12.2,27760.0,33.3,-26.0,-6.8,0,0,1,8.083,0
2021-02-11 17:00:00,2021,2,3,17,22301.0,1194.1,50.2,19.8,3.56,244.0,129.3,26.63,0.1752,56.161,8.083,,11.008,16.671,18834.0,9.079,7.486,14.42,27760.0,742.8,32.0,-6.2,0,0,1,7.032,0
2021-02-11 18:00:00,2021,2,3,18,21998.0,483.5,51.8,7.4,2.74,212.0,124.8,10.635,0.07,67.331,7.032,8.46,15.732,13.215,18106.0,,7.6,12.9,27760.0,-25.2,-32.0,1.6,0,0,1,8.316,0
2021-02-11 19:00:00,2021,2,3,19,21098.0,1200.9,44.6,18.4,,203.0,126.1,25.337,0.1667,87.813,8.316,13.629,31.226,21.397,17682.0,8.517,6.755,13.65,,19.8,-9.0,-8.9,1,0,1,10.402,0
2021-02-11 20:00:00,2021,2,3,20,22029.0,2091.5,50.1,22.9,3.13,207.0,130.0,46.072,0.3031,236.959,10.402,8.454,11.012,11.573,,11.993,7.439,16.28,27760.0,1577.2,4.0,-0.2,1,0,1,29.308,1
2021-02-11 21:00:00,2021,2,3,21,21864.0,1152.7,51.6,14.7,3.41,239.0,129.0,25.202,0.1658,78.407,29.308,8.815,15.952,21.704,18545.0,12.128,7.494,17.8,27760.0,,32.0,1.3,1,0,1,9.625,0
2021-02-11 22:00:00,2021,2,3,22,21824.0,461.4,42.7,10.0,3.37,187.0,126.6,10.069,,70.895,,8.083,18.898,29.172,17491.0,12.228,7.505,15.53,27760.0,-745.0,-52.0,-8.5,1,0,1,8.687,0
2021-02-11 23:00:00,2021,2,3,23,22667.0,428.4,43.7,5.7,3.01,252.0,126.6,9.71,0.0639,131.575,8.687,7.032,26.946,10.236,16611.0,13.847,6.996,13.18,27760.0,-765.7,65.0,-7.4,1,0,1,16.745,0
2021-02-12 00:00:00,2021,2,4,0,21449.0,421.8,48.7,0.0,2.82,213.0,132.4,9.047,0.0595,135.617,16.745,8.316,20.933,14.881,18197.0,15.183,6.84,11.95,27760.0,-61.7,-39.0,-5.5,1,0,1,16.332,0
2021-02-12 01:00:00,2021,2,4,1,22662.0,1205.1,48.4,17.8,3.34,216.0,127.3,27.31,0.1797,61.334,16.332,10.402,24.787,9.647,18011.0,14.75,6.449,11.85,27760.0,4.2,3.0,-10.0,0,0,1,7.804,0
2021-02-12 02:00:00,2021,2,4,2,23235.0,1201.8,49.2,13.3,2.91,231.0,,27.923,0.1837,96.179,7.804,29.308,16.293,8.933,18328.0,11.957,6.397,10.25,27760.0,-889.7,15.0,-6.7,0,0,1,12.547,0
2021-02-12 03:00:00,2021,2,4,3,22309.0,450.1,45.7,15.0,2.94,279.0,122.5,10.041,0.0661,47.647,12.547,9.625,11.942,9.077,17795.0,11.347,6.525,10.3,27760.0,-702.6,48.0,-6.3,0,0,1,5.968,0
2021-02-12 04:00:00,2021,2,4,4,22897.0,402.0,41.1,0.0,3.08,264.0,127.6,9.205,0.0606,94.985,5.968,8.687,32.673,10.614,18229.0,11.934,4.825,8.63,27760.0,-59.4,,-16.9,0,0,1,12.211,0
2021-02-12 05:00:00,2021,2,4,5,22299.0,382.9,50.4,0.0,2.88,241.0,129.4,8.538,0.0562,95.272,12.211,16.745,9.578,11.401,17446.0,11.132,4.815,7.68,27760.0,-45.5,-23.0,1.4,0,0,1,11.928,0
2021-02-12 06:00:00,2021,2,4,6,21059.0,393.5,48.4,12.2,2.67,224.0,135.0,8.287,0.0545,51.794,11.928,16.332,12.374,10.173,17868.0,9.43,4.92,9.72,27760.0,-28.3,-17.0,-7.7,0,0,1,6.124,0
2021-02-12 07:00:00,2021,2,4,7,20441.0,1950.7,47.5,15.8,2.76,237.0,132.1,39.876,0.2623,181.166,6.124,7.804,10.371,10.681,18497.0,11.595,5.306,9.38,27760.0,745.6,13.0,,0,0,1,20.792,1
2021-02-12 08:00:00,2021,2,4,8,23511.0,450.5,53.8,2.4,3.45,,,,0.0697,91.527,20.792,12.547,15.6,9.156,19282.0,11.518,5.235,7.57,27760.0,-751.3,62.0,4.2,0,0,0,12.082,0
2021-02-12 09:00:00,2021,2,4,9,23142.0,444.0,51.7,0.0,3.53,258.0,130.0,10.274,0.0676,102.307,,5.968,9.981,8.899,20193.0,12.738,5.242,5.07,,-6.1,-41.0,4.2,0,0,0,13.293,0
2021-02-12 10:00:00,2021,2,4,10,23395.0,1089.2,51.7,17.6,3.1,254.0,136.5,25.481,0.1676,47.254,13.293,,9.448,25.1,21007.0,11.738,5.336,8.0,27671.0,687.2,-4.0,-1.8,0,0,0,6.207,0
2021-02-12 11:00:00,2021,2,4,11,23548.0,450.6,51.6,6.4,3.07,234.0,132.0,10.61,,46.841,6.207,11.928,8.27,9.069,21504.0,,5.404,9.07,27671.0,67.7,-20.0,7.3,0,0,0,6.193,0
2021-02-12 12:00:00,2021,2,4,12,23373.0,440.2,51.0,13.3,2.9,269.0,,10.29,0.0677,,6.193,6.124,8.46,11.566,20944.0,10.887,5.453,9.25,27671.0,46.7,,1.3,0,0,0,6.755,0
2021-02-12 13:00:00,2021,2,4,13,23246.0,1099.3,51.9,19.5,3.21,249.0,133.8,25.553,0.1681,51.273,6.755,20.792,13.629,10.111,22186.0,8.537,5.499,9.87,27671.0,-851.4,-20.0,3.9,0,0,0,6.692,0
2021-02-12 14:00:00,2021,2,4,14,,409.5,51.6,1.1,2.34,232.0,135.7,9.615,0.0633,87.461,6.692,12.082,8.454,15.284,21853.0,8.445,5.476,9.65,27671.0,-41.0,-17.0,1.7,0,0,0,11.53,0
2021-02-12 15:00:00,2021,2,4,15,24418.0,394.8,50.8,0.0,2.74,278.0,136.8,9.639,0.0634,95.786,11.53,13.293,8.815,15.523,21915.0,8.418,5.473,9.65,27671.0,-49.2,46.0,4.9,0,0,0,13.132,0
2021-02-12 16:00:00,2021,2,4,16,24622.0,1105.8,51.1,22.8,2.56,225.0,138.1,27.229,,44.559,13.132,6.207,8.083,24.163,21927.0,8.41,5.534,10.52,27671.0,16.6,-53.0,2.3,0,0,0,6.16,0
2021-02-12 17:00:00,2021,2,4,17,23246.0,1130.8,49.6,9.9,2.01,244.0,148.2,26.288,0.1729,108.584,6.16,6.193,7.032,11.008,22301.0,9.74,5.498,11.1,27671.0,680.2,19.0,-0.6,0,0,0,14.172,0
2021-02-12 18:00:00,2021,2,4,18,22546.0,482.6,51.4,0.0,2.14,196.0,,10.88,0.0716,102.942,14.172,6.755,8.316,15.732,21998.0,10.786,5.469,8.88,27110.0,42.4,-48.0,-0.4,0,0,0,13.031,0
2021-02-12 19:00:00,2021,2,4,19,21281.0,1738.6,48.0,33.2,1.53,220.0,154.2,36.998,0.2434,52.484,13.031,6.692,10.402,31.226,21098.0,10.716,5.571,11.17,27110.0,639.3,24.0,3.4,0,0,0,6.271,0
2021-02-12 20:00:00,2021,2,4,20,21054.0,461.6,47.5,0.2,1.47,197.0,157.8,9.719,,111.717,6.271,11.53,29.308,11.012,22029.0,10.995,4.094,11.02,27110.0,52.1,-23.0,-2.6,0,0,0,13.206,0
2021-02-12 21:00:00,2021,2,4,21,20920.0,1866.9,47.2,18.2,0.76,213.0,158.6,39.054,0.2569,146.513,13.206,13.132,9.625,15.952,21864.0,11.675,4.293,,27110.0,1472.1,16.0,-4.4,0,0,0,17.209,0
2021-02-12 22:00:00,2021,2,4,22,21867.0,1920.1,49.4,31.1,0.45,221.0,161.7,41.986,0.2762,51.542,17.209,6.16,8.687,18.898,21824.0,11.703,4.376,,27110.0,814.3,8.0,6.7,0,0,0,6.328,0
2021-02-12 23:00:00,2021,2,4,23,22568.0,1274.1,50.6,9.4,0.2,265.0,164.2,28.755,0.1892,138.734,6.328,14.172,16.745,26.946,22667.0,12.271,4.427,15.35,27110.0,143.3,44.0,6.9,0,0,0,17.579,0
2021-02-13 00:00:00,2021,2,5,0,22762.0,432.3,51.9,15.6,0.27,247.0,164.3,9.84,,45.869,17.579,13.031,16.332,20.933,21449.0,11.076,4.392,17.95,,-50.3,-18.0,3.2,0,0,0,5.862,0
2021-02-13 01:00:00,2021,2,5,1,21767.0,1963.1,53.0,26.8,0.2,227.0,156.6,42.731,0.2811,,5.862,6.271,7.804,24.787,,11.323,4.394,16.88,27110.0,224.5,-20.0,4.6,0,0,0,7.753,0
2021-02-13 02:00:00,2021,2,5,2,22357.0,1172.3,53.6,,0.39,218.0,162.1,26.21,0.1724,45.545,7.753,13.206,12.547,16.293,23235.0,10.075,4.479,20.73,27110.0,710.7,-9.0,4.4,0,0,0,5.717,0
2021-02-13 03:00:00,2021,2,5,3,21613.0,469.6,52.5,3.0,,277.0,159.2,10.149,0.0668,,5.717,17.209,5.968,11.942,22309.0,8.893,4.385,18.2,,-1397.3,59.0,6.8,0,0,0,10.117,0
2021-02-13 04:00:00,2021,2,5,4,21467.0,1147.6,52.9,1.6,0.2,257.0,165.7,24.634,0.1621,193.44,10.117,6.328,12.211,32.673,22897.0,11.724,5.107,13.28,27110.0,-772.5,-20.0,11.8,0,0,0,23.315,1
2021-02-13 05:00:00,2021,2,5,5,,1131.5,52.1,13.4,0.84,300.0,170.2,25.403,0.1671,69.729,23.315,17.579,11.928,9.578,22299.0,10.259,5.12,13.95,27110.0,-142.6,43.0,1.7,0,0,0,8.79,0
2021-02-13 06:00:00,2021,2,5,6,22433.0,1645.8,50.7,25.9,,309.0,171.8,,0.2429,47.05,8.79,5.862,6.124,12.374,21059.0,10.27,5.128,15.67,27110.0,1213.5,9.0,2.3,0,0,0,5.926,0
2021-02-13 07:00:00,2021,2,5,7,22546.0,1016.1,49.8,12.1,0.74,284.0,173.0,,0.1507,75.553,5.926,7.753,20.792,10.371,20441.0,10.572,4.663,13.22,27110.0,-947.0,-25.0,2.3,0,0,0,9.564,0
2021-02-13 08:00:00,2021,2,5,8,22934.0,1562.8,53.9,15.6,0.75,242.0,174.7,35.841,0.2358,123.209,9.564,5.717,12.082,15.6,23511.0,12.263,4.789,11.93,27110.0,390.5,-42.0,0.1,0,0,0,15.865,0
2021-02-13 09:00:00,2021,2,5,9,22515.0,1007.6,51.3,12.8,0.89,263.0,171.9,22.686,0.1492,62.272,15.865,10.117,13.293,9.981,23142.0,11.889,4.777,13.57,27110.0,538.0,21.0,-0.4,0,0,0,7.872,0
2021-02-13 10:00:00,2021,2,5,10,23335.0,933.3,52.3,13.4,1.48,278.0,171.9,21.779,0.1433,63.664,7.872,23.315,6.207,,23395.0,9.393,4.718,15.53,27110.0,,15.0,0.6,0,0,0,8.341,0
2021-02-13 11:00:00,2021,2,5,11,24177.0,928.2,49.5,11.8,0.41,300.0,175.0,22.442,,75.385,,8.79,6.193,8.27,23548.0,9.634,4.636,15.27,27110.0,,22.0,-2.1,0,0,0,10.233,0
2021-02-13 12:00:00,2021,2,5,12,23837.0,1448.0,50.5,,0.36,305.0,174.1,34.515,,55.464,10.233,5.926,6.755,8.46,23373.0,9.883,4.615,15.43,27110.0,-197.8,5.0,-0.5,0,0,0,7.423,0
2021-02-13 13:00:00,2021,2,5,13,23329.0,1426.9,47.5,25.1,0.2,324.0,172.6,33.288,,51.465,7.423,9.564,6.692,13.629,23246.0,9.412,4.613,17.6,27110.0,410.8,19.0,-4.4,0,0,0,6.741,0
2021-02-13 14:00:00,2021,2,5,14,22697.0,1555.7,50.5,23.3,1.18,322.0,169.2,35.309,,50.418,6.741,15.865,11.53,8.454,23480.0,7.839,4.681,18.88,27110.0,-7.1,-2.0,-1.1,0,0,0,6.425,0
2021-02-13 15:00:00,2021,2,5,15,21732.0,864.5,48.1,21.0,0.67,287.0,167.5,18.788,0.1236,49.33,,7.872,13.132,8.815,24418.0,7.53,,20.25,27110.0,-143.1,-35.0,-2.7,0,0,0,6.019,0
2021-02-13 16:00:00,2021,2,5,16,22194.0,849.2,49.2,7.5,0.41,274.0,170.3,18.846,0.124,97.777,6.019,8.341,6.16,8.083,24622.0,8.171,4.666,19.27,27110.0,-84.1,-13.0,-1.9,0,0,0,12.184,0
2021-02-13 17:00:00,2021,2,5,17,21444.0,385.3,53.7,8.1,0.81,271.0,167.2,8.262,0.0544,48.015,12.184,10.233,14.172,7.032,23246.0,7.429,4.673,18.65,27110.0,-542.9,-3.0,4.1,0,0,0,5.781,0
2021-02-13 18:00:00,2021,2,5,18,21704.0,1520.7,50.0,22.1,0.37,316.0,171.2,33.005,0.2171,54.218,5.781,7.423,13.031,8.316,22546.0,7.293,4.67,17.85,27110.0,72.7,45.0,-1.4,0,0,0,6.607,0
2021-02-13 19:00:00,2021,2,5,19,21424.0,327.8,50.7,0.4,0.28,245.0,168.5,7.023,0.0462,93.194,6.607,6.741,6.271,,21281.0,8.038,4.624,13.73,27110.0,-1099.1,-71.0,2.7,0,0,0,11.21,0
2021-02-13 20:00:00,2021,2,5,20,,372.7,48.3,5.8,0.27,282.0,166.2,7.88,0.0518,61.422,11.21,6.425,13.206,29.308,21054.0,8.182,4.594,10.82,27110.0,-1183.0,37.0,0.8,0,0,0,7.291,0
2021-02-13 21:00:00,2021,2,5,21,21184.0,911.0,46.1,11.5,0.2,299.0,163.6,19.299,0.127,83.311,7.291,6.019,17.209,9.625,20920.0,8.83,4.3,9.23,27110.0,46.5,17.0,-1.1,0,0,0,9.909,0
2021-02-13 22:00:00,2021,2,5,22,22216.0,900.7,51.1,13.7,0.23,307.0,159.4,20.01,0.1316,61.491,9.909,12.184,6.328,8.687,21867.0,8.078,4.268,10.27,27110.0,51.5,8.0,1.7,0,0,0,7.67,0
2021-02-13 23:00:00,2021,2,5,23,,907.6,45.3,5.7,0.68,262.0,158.6,20.488,0.1348,133.735,7.67,,17.579,16.745,22568.0,9.94,4.217,9.87,27110.0,522.3,-45.0,-5.3,0,0,0,16.95,0
2021-02-14 00:00:00,2021,2,6,0,22786.0,389.9,48.9,4.0,0.84,321.0,159.1,8.883,0.0584,68.043,16.95,,5.862,16.332,22762.0,10.289,4.156,6.85,27110.0,-1130.8,59.0,-3.0,0,0,0,8.705,0
2021-02-14 01:00:00,2021,2,6,1,23764.0,408.7,48.0,11.2,0.5,310.0,,9.713,0.0639,,8.705,11.21,7.753,7.804,21767.0,9.568,4.175,8.65,27110.0,80.9,-11.0,-5.0,0,0,0,6.886,0
2021-02-14 02:00:00,2021,2,6,2,23000.0,437.0,46.7,10.2,0.67,330.0,151.1,10.05,0.0661,51.086,6.886,7.291,5.717,12.547,22357.0,9.453,,9.38,27110.0,64.3,20.0,-6.9,0,0,0,6.597,0
2021-02-14 03:00:00,2021,2,6,3,,455.2,49.2,9.3,1.03,289.0,,10.586,0.0696,63.416,6.597,9.909,10.117,5.968,21613.0,9.181,4.148,9.02,27110.0,-455.8,-41.0,-3.3,0,0,0,8.28,0
2021-02-14 04:00:00,2021,2,6,4,23142.0,483.3,47.1,7.7,0.25,293.0,152.5,11.184,0.0736,59.261,8.28,7.67,23.315,12.211,21467.0,9.186,2.901,8.02,27110.0,-417.4,4.0,,0,0,0,7.7,0
2021-02-14 05:00:00,2021,2,6,5,23767.0,,46.2,13.3,0.99,282.0,154.8,23.454,0.1543,78.409,7.7,16.95,8.79,11.928,22452.0,,2.923,,27110.0,79.2,-11.0,-5.9,0,0,0,10.463,0
2021-02-14 06:00:00,2021,2,6,6,24377.0,410.2,48.0,6.1,0.77,265.0,154.1,9.998,0.0658,56.303,,8.705,5.926,6.124,22433.0,7.939,2.87,9.63,27110.0,20.3,-17.0,-2.7,0,0,0,7.706,0
2021-02-14 07:00:00,2021,2,6,7,23997.0,1012.4,49.0,15.2,0.95,301.0,147.9,24.294,0.1598,62.041,7.706,6.886,9.564,20.792,22546.0,,2.867,10.3,27110.0,603.7,36.0,-0.8,0,0,0,8.359,0
2021-02-14 08:00:00,2021,2,6,8,24705.0,443.5,45.4,10.0,0.52,286.0,145.9,10.958,0.0721,55.505,8.359,,15.865,12.082,22934.0,8.368,2.446,10.27,27110.0,6.5,-15.0,-8.5,0,0,0,7.699,0
2021-02-14 09:00:00,2021,2,6,9,24815.0,1021.0,48.4,14.2,1.4,323.0,151.1,25.336,0.1667,75.061,7.699,8.28,7.872,13.293,22515.0,8.731,2.476,11.08,27110.0,565.8,37.0,-2.9,0,0,0,10.458,0
2021-02-14 10:00:00,2021,2,6,10,24703.0,1388.9,49.8,23.4,1.16,315.0,150.7,34.31,,53.13,10.458,7.7,8.341,6.207,23335.0,8.676,2.488,13.7,27110.0,905.6,-8.0,-2.5,0,0,0,7.369,0
2021-02-14 11:00:00,2021,2,6,11,24194.0,445.6,50.1,10.2,1.59,332.0,156.4,10.78,0.0709,45.664,7.369,10.463,10.233,6.193,24177.0,7.966,,13.18,27110.0,-541.2,17.0,0.6,0,0,0,6.203,0
2021-02-14 12:00:00,2021,2,6,12,23753.0,476.9,47.8,2.5,1.37,349.0,,11.328,0.0745,,6.203,7.706,7.423,6.755,23837.0,8.722,2.616,12.58,27110.0,66.7,17.0,-2.7,0,0,0,12.242,0
2021-02-14 13:00:00,2021,2,6,13,25061.0,1052.3,47.7,,1.59,337.0,158.0,26.372,0.1735,43.004,12.242,8.359,6.741,6.692,23329.0,8.337,2.64,13.98,27110.0,39.9,-12.0,0.2,0,0,0,6.051,0
2021-02-14 14:00:00,2021,2,6,14,24496.0,411.6,50.0,12.2,1.92,276.0,159.1,10.083,,42.084,6.051,7.699,6.425,11.53,,8.018,2.666,,27110.0,-31.9,-61.0,-0.5,0,0,0,5.788,0
2021-02-14 15:00:00,2021,2,6,15,24584.0,1687.8,48.9,22.9,1.65,292.0,157.3,41.491,0.273,89.249,5.788,10.458,6.019,13.132,21732.0,8.329,2.72,15.8,27110.0,666.8,16.0,0.8,0,0,0,12.319,0
2021-02-14 16:00:00,2021,2,6,16,23653.0,1712.9,47.3,25.8,1.48,,,40.515,0.2665,57.1,12.319,7.369,12.184,6.16,22194.0,8.364,2.629,16.2,27110.0,324.0,-14.0,-1.9,0,0,0,7.583,0
2021-02-14 17:00:00,2021,2,6,17,23747.0,1017.4,50.4,14.5,2.39,298.0,150.2,24.16,0.1589,58.104,7.583,6.203,5.781,14.172,21444.0,8.622,2.568,16.92,27110.0,571.8,20.0,-3.3,0,0,0,7.747,0
2021-02-14 18:00:00,2021,2,6,18,22705.0,1749.9,51.6,20.8,2.57,350.0,154.2,39.732,0.2614,88.877,7.747,12.242,6.607,13.031,21704.0,8.47,2.585,19.97,27110.0,1273.0,52.0,1.6,0,0,0,11.33,0
2021-02-14 19:00:00,2021,2,6,19,22017.0,1002.9,50.6,,2.99,301.0,152.2,22.08,0.1453,45.463,11.33,6.051,11.21,,21424.0,8.398,2.615,19.25,27110.0,-49.4,-49.0,-0.1,0,0,0,5.62,0
2021-02-14 20:00:00,2021,2,6,20,21645.0,987.0,51.6,19.7,3.14,295.0,154.1,21.363,0.1405,49.158,5.62,5.788,7.291,13.206,21142.0,8.429,2.658,20.5,27110.0,575.4,-6.0,3.3,0,0,0,5.974,0
2021-02-14 21:00:00,2021,2,6,21,23182.0,415.5,53.2,3.2,3.27,280.0,156.4,9.632,0.0634,68.993,5.974,12.319,9.909,17.209,21184.0,7.872,2.644,17.22,27110.0,-1272.3,-15.0,7.1,0,0,0,8.98,0
2021-02-14 22:00:00,2021,2,6,22,24938.0,405.7,51.4,14.7,3.0,298.0,156.2,10.118,0.0666,32.31,8.98,7.583,7.67,6.328,22216.0,7.363,2.764,15.37,27110.0,-1307.2,18.0,0.3,0,0,0,4.524,0
2021-02-14 23:00:00,2021,2,6,23,24365.0,430.5,52.6,9.7,2.76,286.0,,10.489,0.069,41.214,4.524,7.747,,17.579,22574.0,7.011,2.135,14.57,27110.0,-586.9,-12.0,7.3,0,0,0,5.638,0
2021-02-15 00:00:00,2021,2,0,0,26331.0,876.7,49.7,19.2,3.57,286.0,148.5,23.083,0.1519,35.309,,11.33,8.705,5.862,22786.0,5.993,2.197,14.3,27110.0,-873.2,0.0,0.8,0,0,0,5.22,0
2021-02-15 01:00:00,2021,2,0,1,26496.0,893.4,49.4,23.7,3.87,277.0,150.9,23.671,0.1557,32.205,5.22,5.62,6.886,7.753,23764.0,5.855,2.275,15.03,27110.0,-109.5,-9.0,1.4,0,0,0,4.791,0
2021-02-15 02:00:00,2021,2,0,2,27000.0,402.9,52.7,9.3,4.26,256.0,152.8,10.878,0.0716,30.793,4.791,5.974,6.597,5.717,23000.0,5.637,2.348,,27110.0,-584.1,-21.0,6.0,0,0,0,4.668,0
2021-02-15 03:00:00,2021,2,0,3,26837.0,882.5,53.5,11.1,4.3,235.0,,,,62.763,4.668,,8.28,10.117,23255.0,5.716,2.375,14.62,27110.0,467.0,,4.3,0,0,0,9.457,0
2021-02-15 04:00:00,2021,2,0,4,26773.0,393.9,49.9,,4.59,247.0,156.4,10.546,0.0694,33.289,9.457,4.524,7.7,23.315,23142.0,5.796,2.436,13.27,27110.0,-11.8,12.0,2.8,0,0,0,5.004,0
2021-02-15 05:00:00,2021,2,0,5,26656.0,428.2,53.1,0.6,4.18,254.0,153.8,11.415,0.0751,75.209,5.004,5.638,10.463,8.79,23767.0,6.733,2.482,11.75,27110.0,-2.3,7.0,6.9,0,0,0,11.256,0
2021-02-15 06:00:00,2021,2,0,6,27082.0,388.1,51.4,15.4,4.45,210.0,150.4,10.511,0.0691,27.346,11.256,5.22,7.706,5.926,24377.0,6.556,2.578,11.12,,-488.6,-44.0,3.4,0,0,0,4.158,0
2021-02-15 07:00:00,2021,2,0,7,25596.0,900.2,49.4,12.7,,175.0,145.6,23.043,0.1516,46.371,4.158,4.791,8.359,9.564,23997.0,6.868,2.575,9.28,27110.0,6.8,-35.0,0.4,0,0,0,6.664,0
2021-02-15 08:00:00,2021,2,0,8,23756.0,844.6,,15.9,4.45,177.0,143.4,20.064,0.132,27.673,,4.668,7.699,15.865,24705.0,6.705,2.68,,27110.0,441.7,2.0,5.3,0,0,0,3.691,0
2021-02-15 09:00:00,2021,2,0,9,24378.0,879.4,53.4,14.6,4.45,178.0,139.2,,0.141,26.287,3.691,9.457,10.458,7.872,24815.0,5.728,2.683,10.97,27110.0,-3.1,1.0,5.0,0,0,0,3.598,0
2021-02-15 10:00:00,2021,2,0,10,24156.0,384.7,48.6,10.8,4.89,215.0,139.6,9.292,0.0611,26.396,3.598,5.004,7.369,8.341,24703.0,5.491,2.765,11.67,27110.0,-9.2,37.0,-1.2,0,0,0,3.58,0
2021-02-15 11:00:00,2021,2,0,11,23783.0,,50.0,17.2,4.39,206.0,133.8,21.424,0.1409,,3.58,11.256,6.203,10.233,24194.0,4.119,2.867,14.43,27110.0,472.6,-9.0,-0.1,0,0,0,3.025,0
2021-02-15 12:00:00,2021,2,0,12,23524.0,1951.2,50.3,32.9,4.63,212.0,137.8,45.899,0.302,29.452,3.025,,12.242,7.423,23753.0,4.075,2.654,17.35,27110.0,1563.1,6.0,,0,0,0,3.89,0
2021-02-15 13:00:00,2021,2,0,13,24468.0,630.6,50.7,14.5,4.3,209.0,142.5,15.428,0.1015,20.542,3.89,6.664,6.051,6.741,25061.0,,2.746,17.65,27110.0,-269.6,-3.0,3.0,0,0,0,2.822,0
2021-02-15 14:00:00,2021,2,0,14,24888.0,1407.2,51.1,18.9,4.58,238.0,137.4,35.023,0.2304,62.332,2.822,3.691,5.788,6.425,24496.0,4.271,2.794,18.15,27110.0,562.6,29.0,1.1,0,0,0,8.71,0
2021-02-15 15:00:00,2021,2,0,15,23526.0,557.3,53.2,16.4,4.93,240.0,134.2,13.111,0.0863,32.349,8.71,3.598,12.319,6.019,24584.0,4.383,2.503,18.45,27110.0,-322.1,2.0,4.3,0,0,0,4.273,0
2021-02-15 16:00:00,2021,2,0,16,24513.0,599.6,48.3,5.1,4.29,209.0,132.6,14.698,0.0967,67.58,4.273,3.58,7.583,12.184,23653.0,5.337,2.576,17.5,27110.0,214.9,-31.0,1.0,0,0,0,9.301,0
2021-02-15 17:00:00,2021,2,0,17,25892.0,1332.9,50.2,23.8,3.82,187.0,135.9,34.512,0.2271,33.94,9.301,3.025,,5.781,23747.0,5.655,2.557,,27110.0,432.1,-22.0,-0.2,0,0,0,4.934,0
2021-02-15 18:00:00,2021,2,0,18,26230.0,634.6,49.5,7.5,4.07,267.0,134.6,16.645,0.1095,56.074,4.934,3.89,11.33,6.607,22705.0,,2.34,14.37,27110.0,-1316.6,80.0,-2.1,0,0,0,8.258,0
2021-02-15 19:00:00,2021,2,0,19,27648.0,1471.9,50.5,20.3,3.38,286.0,133.7,,0.2677,83.127,8.258,2.822,5.62,11.21,22017.0,8.063,2.757,15.33,27648.0,841.3,19.0,-0.1,0,0,0,12.904,0
2021-02-15 20:00:00,2021,2,0,20,28230.0,2852.6,50.7,52.6,3.98,277.0,122.5,80.531,0.5298,45.483,12.904,8.71,5.974,7.291,21645.0,7.813,2.767,20.95,28230.0,1445.4,-9.0,-0.9,0,0,0,7.209,0
2021-02-15 21:00:00,2021,2,0,21,28990.0,599.2,48.6,10.6,3.41,310.0,125.3,17.371,0.1143,30.522,7.209,4.273,8.98,9.909,,7.929,2.706,19.98,28990.0,41.9,33.0,-4.6,0,0,0,4.968,0
2021-02-15 22:00:00,2021,2,0,22,28991.0,604.4,50.3,17.3,3.68,283.0,123.0,17.521,0.1153,25.877,4.968,,4.524,7.67,24938.0,7.081,2.714,22.02,28991.0,4.8,-27.0,-1.1,0,0,0,4.212,0
2021-02-15 23:00:00,2021,2,0,23,29328.0,,47.9,56.7,4.29,310.0,123.0,88.64,0.5832,43.932,4.212,4.934,5.638,16.95,24365.0,7.464,2.726,27.5,29328.0,1689.5,27.0,-4.7,0,0,0,7.234,0
2021-02-16 00:00:00,2021,2,1,0,29254.0,1414.9,49.4,33.5,3.89,332.0,126.3,41.393,0.2723,40.189,7.234,8.258,5.22,8.705,26331.0,7.188,2.724,31.83,29328.0,780.3,22.0,-0.3,0,0,0,6.601,0
2021-02-16 01:00:00,2021,2,1,1,28946.0,2938.5,50.3,54.4,4.3,351.0,133.8,85.059,0.5596,55.636,6.601,12.904,4.791,6.886,26496.0,6.544,2.776,37.52,29328.0,1466.6,19.0,0.9,0,0,0,9.042,0
2021-02-16 02:00:00,2021,2,1,2,29289.0,,52.6,15.4,3.88,362.0,136.3,13.558,0.0892,40.36,9.042,,4.668,6.597,27000.0,6.449,2.757,31.32,29328.0,-2389.7,11.0,-0.1,0,0,0,6.637,0
2021-02-16 03:00:00,2021,2,1,3,28361.0,1366.3,52.2,26.8,3.65,391.0,130.7,38.75,0.2549,47.502,6.637,4.968,9.457,8.28,26837.0,6.882,2.69,34.02,29328.0,767.1,29.0,-1.3,0,0,0,7.564,0
2021-02-16 04:00:00,2021,2,1,4,27203.0,2512.7,51.7,44.6,4.37,417.0,127.5,68.352,0.4497,54.71,7.564,4.212,5.004,7.7,26773.0,7.572,2.71,38.57,29328.0,,26.0,1.8,0,0,0,8.356,0
2021-02-16 05:00:00,2021,2,1,5,28147.0,509.2,50.9,11.8,3.06,415.0,132.6,14.332,0.0943,76.357,8.356,7.234,11.256,10.463,26656.0,8.378,2.778,31.08,29328.0,-2513.2,,-2.2,1,0,0,12.067,0
2021-02-16 06:00:00,2021,2,1,6,28789.0,2671.0,52.1,48.7,3.0,377.0,130.2,76.896,0.5059,155.093,12.067,6.601,4.158,7.706,,11.456,4.675,33.62,29328.0,1256.1,-38.0,0.7,1,0,0,25.069,1
2021-02-16 07:00:00,2021,2,1,7,30042.0,1284.9,53.8,24.2,3.14,358.0,123.7,38.603,,162.622,,9.042,6.664,8.359,,14.52,6.222,28.58,30042.0,-1653.6,-19.0,4.4,1,0,0,27.43,1
2021-02-16 08:00:00,2021,2,1,8,28992.0,2739.9,52.7,51.6,2.84,398.0,130.1,79.436,0.5226,88.464,27.43,6.637,,7.699,,15.814,6.273,34.62,30042.0,2277.0,40.0,2.0,1,0,0,14.4,0
2021-02-16 09:00:00,2021,2,1,9,28639.0,478.2,50.8,0.0,3.51,376.0,,13.696,0.0901,101.924,14.4,7.564,3.598,10.458,24378.0,17.285,6.373,30.15,30042.0,-888.1,-22.0,-2.6,1,0,0,16.389,0
2021-02-16 10:00:00,2021,2,1,10,28121.0,1235.7,,,2.44,352.0,132.6,34.749,0.2286,139.948,16.389,8.356,3.58,7.369,24156.0,19.575,6.781,25.72,30042.0,-1277.0,-24.0,-1.0,1,0,0,22.096,1
2021-02-16 11:00:00,2021,2,1,11,27789.0,463.9,47.1,12.3,3.29,386.0,129.9,12.893,0.0848,50.095,22.096,12.067,3.025,6.203,23783.0,18.867,6.639,25.8,30042.0,-45.3,34.0,-2.9,0,0,0,7.816,0
2021-02-16 12:00:00,2021,2,1,12,27443.0,2744.4,48.3,53.8,2.52,393.0,126.0,75.314,0.4955,54.4,7.816,25.069,3.89,12.242,23524.0,16.086,6.519,26.65,30042.0,73.4,7.0,-2.0,0,0,0,8.382,0
2021-02-16 13:00:00,2021,2,1,13,28805.0,453.1,49.9,4.4,1.85,386.0,128.2,13.052,0.0859,72.554,8.382,27.43,2.822,6.051,24468.0,13.469,6.327,23.35,30042.0,-831.8,-7.0,-0.8,0,0,0,11.734,0
2021-02-16 14:00:00,2021,2,1,14,28887.0,431.2,47.7,8.8,2.66,396.0,126.1,12.457,0.082,47.525,11.734,14.4,8.71,5.788,24888.0,,6.344,16.22,30042.0,-2308.7,10.0,-3.4,0,0,0,7.708,0
2021-02-16 15:00:00,2021,2,1,15,29121.0,,49.4,45.8,3.03,359.0,132.4,77.392,0.5092,100.488,,16.389,4.273,,23526.0,12.361,6.301,23.85,30042.0,2179.4,-37.0,-3.8,0,0,0,16.43,0
2021-02-16 16:00:00,2021,2,1,16,27853.0,426.0,49.1,9.9,3.16,332.0,130.7,11.866,0.0781,53.299,16.43,22.096,9.301,7.583,24513.0,10.068,6.316,22.5,30042.0,,-27.0,0.8,0,0,0,8.335,0
2021-02-16 17:00:00,2021,2,1,17,28591.0,1147.5,,21.0,2.63,349.0,128.7,32.808,0.2158,50.708,8.335,7.816,4.934,7.747,25892.0,10.122,6.214,23.95,30042.0,683.6,17.0,,0,0,0,8.14,0
2021-02-16 18:00:00,2021,2,1,18,27895.0,414.6,,,2.62,352.0,125.5,11.565,0.0761,96.163,8.14,8.382,8.258,11.33,26230.0,11.235,6.228,14.98,30042.0,-2329.8,3.0,-0.2,0,0,0,15.061,0
2021-02-16 19:00:00,2021,2,1,19,27520.0,1170.8,48.8,24.9,2.37,280.0,130.8,32.222,0.212,71.612,15.061,11.734,12.904,5.62,27648.0,11.123,6.222,,30042.0,717.7,-72.0,-1.7,1,0,0,11.065,0
2021-02-16 20:00:00,2021,2,1,20,26835.0,383.5,,9.6,2.22,295.0,125.9,10.29,0.0677,166.041,11.065,7.708,7.209,5.974,28230.0,14.008,6.739,18.53,,-47.7,15.0,-2.3,1,0,0,25.017,1
2021-02-16 21:00:00,2021,2,1,21,26598.0,1159.5,50.1,22.4,2.31,318.0,129.2,30.841,0.2029,154.63,25.017,16.43,4.968,8.98,28990.0,15.118,6.911,14.63,30042.0,-1498.1,23.0,1.5,1,0,0,23.092,1
2021-02-16 22:00:00,2021,2,1,22,26268.0,1142.0,48.3,,,326.0,124.4,29.999,0.1974,136.334,23.092,8.335,4.212,4.524,,17.08,6.802,16.52,30042.0,716.0,8.0,-2.0,1,0,0,20.107,1
2021-02-16 23:00:00,2021,2,1,23,27155.0,363.4,47.3,10.3,1.47,307.0,120.3,9.869,0.0649,133.658,20.107,8.14,7.234,5.638,29328.0,19.12,6.799,14.73,30042.0,-784.1,-19.0,-0.6,1,0,0,20.378,1
2021-02-17 00:00:00,2021,2,2,0,27991.0,378.7,49.0,9.1,1.85,282.0,124.5,,0.0697,36.244,20.378,15.061,6.601,5.22,29254.0,17.559,6.845,16.25,30042.0,-35.9,-25.0,-0.4,1,0,0,5.696,0
2021-02-17 01:00:00,2021,2,2,1,,388.1,54.2,0.0,1.94,275.0,128.5,10.531,0.0693,86.143,5.696,11.065,9.042,4.791,28946.0,17.902,6.764,12.1,30042.0,-782.7,-7.0,3.9,0,0,0,13.124,0
2021-02-17 02:00:00,2021,2,2,2,25384.0,1002.4,50.1,11.3,1.95,,130.3,25.447,0.1674,86.844,13.124,25.017,6.637,4.668,29289.0,15.796,6.582,12.38,30042.0,618.9,-16.0,-2.5,0,0,0,12.377,0
2021-02-17 03:00:00,2021,2,2,3,24531.0,371.1,52.5,7.1,1.46,264.0,134.0,9.104,0.0599,39.831,,23.092,7.564,9.457,28361.0,12.861,6.69,9.83,,,5.0,0.3,0,0,0,5.486,0
2021-02-17 04:00:00,2021,2,2,4,24586.0,370.6,45.7,7.1,1.84,241.0,134.0,9.112,0.0599,44.596,5.486,,8.356,5.004,27203.0,10.536,,7.48,30042.0,-771.4,-23.0,-6.0,0,0,0,6.156,0
2021-02-17 05:00:00,2021,2,2,5,24618.0,,49.0,0.0,2.14,263.0,136.4,8.48,0.0558,86.5,,20.378,12.067,11.256,28147.0,9.132,6.792,5.77,30042.0,-18.9,22.0,-1.9,0,0,0,11.956,0
2021-02-17 06:00:00,2021,2,2,6,25765.0,994.0,50.9,,1.51,215.0,131.5,25.61,0.1685,39.61,11.956,5.696,25.069,4.158,28789.0,9.138,6.605,8.32,30042.0,615.3,-48.0,-1.2,0,0,0,5.73,0
2021-02-17 07:00:00,2021,2,2,7,24471.0,944.2,50.1,13.7,2.21,242.0,130.4,23.105,0.152,48.736,5.73,13.124,27.43,6.664,30042.0,8.067,6.036,10.6,30042.0,556.1,27.0,-3.7,0,0,0,6.696,0
2021-02-17 08:00:00,2021,2,2,8,25822.0,928.8,49.1,16.2,1.9,252.0,137.5,23.983,0.1578,40.909,6.696,12.377,14.4,3.691,28992.0,6.992,6.175,11.42,30042.0,-73.6,10.0,-3.6,0,0,0,5.931,0
2021-02-17 09:00:00,2021,2,2,9,25610.0,2000.8,51.7,36.5,2.14,205.0,141.5,,0.3371,45.504,5.931,5.486,16.389,3.598,28639.0,7.169,6.217,16.32,30042.0,1629.7,-47.0,0.9,0,0,0,6.543,0
2021-02-17 10:00:00,2021,2,2,10,26191.0,840.0,53.6,16.0,2.34,250.0,143.6,22.001,0.1447,39.408,6.543,6.156,22.096,3.58,28121.0,7.108,5.936,17.8,30042.0,469.4,45.0,,0,0,0,5.795,0
2021-02-17 11:00:00,2021,2,2,11,25857.0,1959.4,55.9,34.4,1.87,215.0,133.8,50.663,0.3333,33.979,5.795,11.956,7.816,3.025,27789.0,5.938,6.036,23.53,30042.0,1614.9,-35.0,8.8,0,0,0,4.933,0
2021-02-17 12:00:00,2021,2,2,12,25531.0,,54.3,12.4,,195.0,134.5,,0.1486,49.942,4.933,5.73,8.382,3.89,27443.0,6.176,6.065,21.53,,-109.3,-20.0,6.0,0,0,0,7.159,0
2021-02-17 13:00:00,2021,2,2,13,27019.0,327.3,52.7,20.8,1.7,221.0,136.7,8.844,0.0582,24.898,7.159,6.696,11.734,2.822,28805.0,5.69,6.24,22.72,30042.0,-616.9,26.0,2.8,0,0,0,3.777,0
2021-02-17 14:00:00,2021,2,2,14,24986.0,1853.7,52.9,27.6,0.78,253.0,134.7,46.317,0.3047,57.903,3.777,5.931,7.708,8.71,28887.0,6.055,6.232,24.62,30042.0,924.9,32.0,5.2,0,0,0,8.123,0
2021-02-17 15:00:00,2021,2,2,15,24029.0,905.6,52.4,14.7,1.17,247.0,134.1,21.762,0.1432,26.135,8.123,6.543,16.43,4.273,29121.0,5.552,6.273,20.98,30042.0,-1095.2,-6.0,3.0,0,0,0,3.526,0
2021-02-17 16:00:00,2021,2,2,16,23282.0,836.7,52.1,8.5,0.66,233.0,137.7,19.481,0.1282,61.192,3.526,5.795,8.335,9.301,27853.0,5.919,6.278,19.73,30042.0,-3.3,-14.0,3.0,0,0,0,7.999,0
2021-02-17 17:00:00,2021,2,2,17,23331.0,434.7,53.1,0.0,0.21,284.0,138.7,10.141,0.0667,73.79,7.999,4.933,,4.934,,6.708,6.264,,30042.0,-1524.7,51.0,3.1,0,0,0,9.666,0
2021-02-17 18:00:00,2021,2,2,18,22863.0,,53.1,0.0,0.64,,138.5,9.242,0.0608,75.588,9.666,7.159,15.061,8.258,27895.0,7.132,6.179,11.93,30042.0,-480.5,14.0,3.8,0,0,0,9.703,0
2021-02-17 19:00:00,2021,2,2,19,23999.0,805.9,52.5,14.3,0.88,282.0,131.1,19.341,0.1272,20.862,9.703,3.777,11.065,12.904,27520.0,6.971,6.345,10.85,30042.0,478.6,-16.0,3.7,0,0,0,2.811,0
2021-02-17 20:00:00,2021,2,2,20,24330.0,761.6,55.6,13.4,1.07,292.0,125.6,18.53,0.1219,27.283,2.811,,25.017,7.209,26835.0,6.239,5.542,8.48,30042.0,-1092.1,10.0,7.2,0,0,0,3.727,0
2021-02-17 21:00:00,2021,2,2,21,24878.0,761.0,54.8,12.3,0.84,293.0,128.4,18.932,0.1246,25.408,3.727,3.526,23.092,4.968,26598.0,6.242,4.721,8.08,30042.0,-144.6,1.0,4.7,0,0,0,3.549,0
2021-02-17 22:00:00,2021,2,2,22,24695.0,801.2,52.8,10.4,1.0,,124.9,19.785,0.1302,42.906,3.549,7.999,20.107,4.212,,5.901,,8.4,30042.0,-35.5,-12.0,4.5,0,0,0,5.949,0
2021-02-17 23:00:00,2021,2,2,23,25256.0,836.3,54.8,14.2,1.64,,129.5,21.122,0.139,28.039,5.949,9.666,20.378,7.234,27155.0,4.952,2.886,10.77,30042.0,401.6,18.0,7.5,0,0,0,3.976,0
2021-02-18 00:00:00,2021,2,3,0,,469.8,52.8,,1.86,,,12.068,0.0794,24.89,3.976,9.703,5.696,6.601,27991.0,3.934,2.949,,30042.0,,27.0,3.8,0,0,0,3.59,0
2021-02-18 01:00:00,2021,2,3,1,26715.0,444.9,53.3,4.3,2.01,342.0,132.9,11.886,0.0782,45.749,3.59,2.811,13.124,9.042,27135.0,4.609,2.603,11.4,30042.0,-361.0,16.0,-0.9,0,0,0,6.862,0
2021-02-18 02:00:00,2021,2,3,2,25781.0,435.2,55.3,7.0,1.29,393.0,132.1,11.219,0.0738,27.51,6.862,,12.377,6.637,25384.0,4.651,2.302,10.33,30042.0,-326.4,51.0,,0,0,0,3.982,0
2021-02-18 03:00:00,2021,2,3,3,25965.0,1667.9,55.2,23.6,1.24,343.0,134.3,43.307,0.2849,65.248,3.982,3.549,5.486,7.564,24531.0,5.645,2.409,12.22,30042.0,906.9,-50.0,,0,0,0,9.512,0
2021-02-18 04:00:00,2021,2,3,4,26230.0,818.9,54.5,6.0,2.02,352.0,134.9,21.481,0.1413,89.135,9.512,5.949,6.156,8.356,24586.0,6.842,,11.48,30042.0,17.7,9.0,8.8,0,0,0,13.127,0
2021-02-18 05:00:00,2021,2,3,5,25378.0,,55.6,34.3,2.06,349.0,137.4,43.903,0.2888,31.736,13.127,3.976,11.956,12.067,24618.0,6.933,2.563,14.83,30042.0,893.7,-3.0,6.6,0,0,0,4.522,0
2021-02-18 06:00:00,2021,2,3,6,26912.0,810.3,56.1,14.9,2.51,331.0,137.5,21.807,0.1435,34.944,4.522,3.59,5.73,25.069,25765.0,7.214,2.567,15.02,30042.0,,-18.0,5.2,0,0,0,5.28,0
2021-02-18 07:00:00,2021,2,3,7,25274.0,785.0,54.4,12.6,2.07,360.0,137.7,,0.1305,,5.28,6.862,6.696,27.43,24471.0,6.766,2.594,16.4,30042.0,340.1,29.0,4.3,0,0,0,4.172,0
2021-02-18 08:00:00,2021,2,3,8,24381.0,827.0,55.9,12.1,2.12,355.0,136.5,20.162,0.1326,34.473,4.172,3.982,5.931,14.4,25822.0,6.889,2.607,17.25,30042.0,391.8,-5.0,6.8,0,0,0,4.719,0
2021-02-18 09:00:00,2021,2,3,9,22609.0,1695.6,56.5,23.4,2.44,395.0,135.6,38.335,0.2522,44.761,4.719,9.512,,16.389,25610.0,6.25,2.605,17.22,30042.0,27.7,40.0,4.8,0,0,0,5.682,0
2021-02-18 10:00:00,2021,2,3,10,22796.0,1715.2,57.9,22.6,2.06,357.0,136.7,39.1,0.2572,55.598,5.682,13.127,5.795,22.096,26191.0,5.248,2.616,19.98,30042.0,896.3,-38.0,4.3,0,0,0,7.116,0
2021-02-18 11:00:00,2021,2,3,11,,821.6,54.5,8.3,2.98,379.0,136.3,18.913,0.1244,61.995,7.116,4.522,4.933,7.816,25857.0,5.83,2.638,15.65,30042.0,-908.4,22.0,-1.4,0,0,0,8.013,0
2021-02-18 12:00:00,2021,2,3,12,21128.0,398.1,57.0,4.6,2.36,,135.9,8.41,0.0553,38.289,8.013,5.28,7.159,8.382,25531.0,5.707,2.647,13.93,30042.0,-412.2,-15.0,2.7,0,0,0,4.542,0
2021-02-18 13:00:00,2021,2,3,13,20904.0,946.5,56.8,12.8,1.57,399.0,141.1,19.785,0.1302,27.555,4.542,4.172,3.777,11.734,27019.0,5.551,2.669,13.97,30042.0,161.5,35.0,4.1,0,0,0,3.234,0
2021-02-18 14:00:00,2021,2,3,14,20237.0,430.2,53.6,2.7,1.78,420.0,140.0,8.705,0.0573,60.534,3.234,4.719,8.123,7.708,24986.0,5.911,2.637,12.4,30042.0,-396.8,21.0,,0,0,0,6.878,0
2021-02-18 15:00:00,2021,2,3,15,22687.0,463.0,55.4,3.1,1.76,387.0,141.8,10.504,0.0691,73.278,6.878,5.682,3.526,16.43,24029.0,6.52,2.674,9.02,,-1232.6,-33.0,3.0,0,0,0,9.334,0
2021-02-18 16:00:00,2021,2,3,16,23515.0,956.4,58.3,13.3,1.59,,139.0,22.49,0.148,49.497,9.334,7.116,7.999,8.335,23282.0,6.423,2.647,7.47,30042.0,-758.8,30.0,6.2,0,0,0,6.535,0
2021-02-18 17:00:00,2021,2,3,17,23206.0,1613.5,59.6,19.3,2.15,382.0,134.0,37.442,0.2463,95.424,6.535,8.013,9.666,8.14,23331.0,7.159,2.86,9.3,30042.0,791.9,-35.0,6.5,0,0,0,12.433,0
2021-02-18 18:00:00,2021,2,3,18,23231.0,414.6,55.1,4.8,1.73,,,9.631,0.0634,52.794,12.433,4.542,9.703,15.061,22863.0,7.55,2.767,9.33,30042.0,16.5,0.0,2.0,0,0,0,6.886,0
2021-02-18 19:00:00,2021,2,3,19,21693.0,424.2,58.7,9.0,1.3,408.0,137.7,9.201,,37.448,6.886,3.234,2.811,11.065,23999.0,7.771,2.699,8.7,30042.0,-522.3,26.0,6.2,0,0,0,4.561,0
2021-02-18 20:00:00,2021,2,3,20,20573.0,1666.7,53.9,20.3,1.37,428.0,139.0,34.29,0.2256,67.536,4.561,6.878,3.727,25.017,24330.0,7.925,2.667,11.63,30042.0,,20.0,-1.7,0,0,0,7.801,0
2021-02-18 21:00:00,2021,2,3,21,20463.0,395.3,58.8,7.5,1.76,410.0,133.2,8.088,0.0532,38.062,7.801,9.334,3.549,23.092,24878.0,7.098,2.634,12.37,30042.0,-67.7,-18.0,4.0,0,0,0,4.373,0
2021-02-18 22:00:00,2021,2,3,22,19839.0,369.1,56.3,12.2,1.87,378.0,142.1,7.322,0.0482,35.264,4.373,,5.949,20.107,24695.0,6.664,2.68,12.18,30042.0,-587.3,-32.0,3.5,0,0,0,3.928,0
2021-02-18 23:00:00,2021,2,3,23,20135.0,952.3,56.4,10.4,3.2,369.0,140.6,19.174,0.1261,59.133,3.928,12.433,3.976,20.378,25256.0,5.706,2.635,10.7,30042.0,,-9.0,1.6,0,0,0,6.685,0
2021-02-19 00:00:00,2021,2,4,0,18877.0,1676.7,,16.7,2.54,365.0,140.3,31.652,0.2082,92.361,6.685,,3.59,5.696,25689.0,6.19,2.651,12.68,30042.0,1262.1,-4.0,4.3,0,0,0,9.789,0
2021-02-19 01:00:00,2021,2,4,1,17987.0,973.4,56.2,10.6,2.54,399.0,137.8,17.509,0.1152,60.897,9.789,4.561,6.862,13.124,26715.0,6.454,2.652,12.95,30042.0,549.2,34.0,2.9,0,0,0,6.15,0
2021-02-19 02:00:00,2021,2,4,2,18466.0,976.8,58.2,9.4,2.28,331.0,136.8,18.037,0.1187,58.922,6.15,,3.982,12.377,25781.0,6.172,2.595,11.13,30042.0,-689.9,-68.0,2.9,0,0,0,6.109,0
2021-02-19 03:00:00,2021,2,4,3,19250.0,380.0,57.3,9.7,2.95,305.0,136.3,7.315,0.0481,32.975,6.109,4.373,9.512,5.486,25965.0,6.038,2.601,11.5,30042.0,-15.3,-26.0,2.1,0,0,0,3.564,0
2021-02-19 04:00:00,2021,2,4,4,18963.0,358.2,50.8,5.4,2.71,309.0,136.4,6.792,0.0447,117.555,3.564,3.928,,6.156,26230.0,7.469,2.535,10.37,30042.0,-10.9,4.0,-3.7,1,0,0,12.516,0
2021-02-19 05:00:00,2021,2,4,5,18315.0,1033.8,55.6,11.6,2.36,354.0,134.9,18.934,0.1246,58.397,12.516,6.685,4.522,11.956,25378.0,,2.504,10.57,30042.0,81.5,45.0,0.0,1,0,0,6.005,0
2021-02-19 06:00:00,2021,2,4,6,18971.0,1739.9,56.3,28.5,2.92,,132.3,33.009,0.2172,80.778,6.005,9.789,5.28,5.73,26912.0,7.158,2.525,12.53,30042.0,63.2,-16.0,0.2,1,0,0,8.604,0
2021-02-19 07:00:00,2021,2,4,7,18475.0,348.3,57.8,6.9,2.95,305.0,130.8,6.435,0.0423,124.401,8.604,6.15,4.172,6.696,25274.0,8.284,2.769,11.92,30042.0,-625.1,-33.0,,1,0,0,12.904,0
2021-02-19 08:00:00,2021,2,4,8,,379.6,56.9,18.5,2.97,305.0,136.7,7.056,0.0464,191.389,12.904,6.109,4.719,5.931,24381.0,10.594,3.784,13.43,30042.0,-597.2,0.0,1.0,1,0,0,19.973,1
2021-02-19 09:00:00,2021,2,4,9,19573.0,344.1,57.6,1.5,2.47,242.0,140.6,6.734,0.0443,69.922,19.973,,5.682,6.543,22609.0,11.281,3.761,12.07,30042.0,-35.9,-63.0,1.1,1,0,0,7.684,0
2021-02-19 10:00:00,2021,2,4,10,17935.0,,52.9,6.2,2.71,259.0,146.7,6.588,0.0433,43.765,7.684,12.516,7.116,5.795,22796.0,9.93,3.82,12.2,30042.0,9.1,17.0,-5.0,0,0,0,4.407,0
2021-02-19 11:00:00,2021,2,4,11,18331.0,365.9,57.0,2.5,2.56,288.0,144.3,6.708,0.0441,63.252,4.407,6.005,8.013,4.933,23021.0,10.014,3.826,10.68,30042.0,-667.9,29.0,,0,0,0,6.51,0
2021-02-19 12:00:00,2021,2,4,12,18221.0,398.9,56.2,7.6,2.26,252.0,,7.268,0.0478,46.147,6.51,8.604,4.542,7.159,21128.0,9.366,3.82,7.2,30042.0,-1341.0,-36.0,-0.8,0,0,0,4.721,0
2021-02-19 13:00:00,2021,2,4,13,18788.0,1104.6,52.7,16.7,2.81,,143.7,20.753,0.1365,45.361,4.721,12.904,3.234,3.777,20904.0,8.013,3.756,8.83,30042.0,756.3,-30.0,-4.1,0,0,0,4.785,0
2021-02-19 14:00:00,2021,2,4,14,19315.0,416.2,56.2,8.8,2.93,278.0,145.4,8.039,0.0529,47.969,4.785,19.973,6.878,8.123,20237.0,5.552,3.786,7.22,30042.0,36.6,,2.6,0,0,0,5.202,0
2021-02-19 15:00:00,2021,2,4,15,20516.0,1089.1,55.8,12.6,,287.0,151.0,22.344,0.147,71.995,5.202,7.684,9.334,,22687.0,5.653,3.771,9.07,30042.0,745.0,9.0,0.4,0,0,0,8.293,0
2021-02-19 16:00:00,2021,2,4,16,21117.0,1019.3,54.5,15.9,2.34,295.0,145.6,21.524,0.1416,43.479,8.293,4.407,6.535,7.999,23515.0,5.778,3.797,10.68,30042.0,652.0,8.0,-3.8,0,0,0,5.155,0
2021-02-19 17:00:00,2021,2,4,17,,1697.8,53.9,22.1,2.33,320.0,,35.868,0.236,53.704,5.155,6.51,12.433,9.666,23206.0,5.754,,13.95,30042.0,1331.9,25.0,-5.7,0,0,0,6.37,0
2021-02-19 18:00:00,2021,2,4,18,,1735.5,53.2,22.3,3.24,303.0,148.0,37.202,0.2448,65.291,6.37,4.721,6.886,,23231.0,6.277,3.652,16.4,30042.0,1336.6,-17.0,-1.9,0,0,0,7.858,0
2021-02-19 19:00:00,2021,2,4,19,23046.0,1070.3,54.6,8.0,3.18,273.0,149.1,24.665,0.1623,111.852,7.858,4.785,4.561,2.811,21693.0,7.892,3.888,14.95,,-34.3,-30.0,-4.1,0,0,0,14.473,0
2021-02-19 20:00:00,2021,2,4,20,24365.0,358.9,53.7,3.9,3.14,331.0,152.5,8.745,0.0575,54.978,14.473,5.202,7.801,3.727,20573.0,,3.888,14.13,30042.0,-57.3,58.0,-0.2,0,0,0,7.521,0
2021-02-19 21:00:00,2021,2,4,21,23859.0,1074.2,54.7,17.5,,327.0,144.5,25.629,0.1686,38.422,7.521,8.293,4.373,3.549,20463.0,7.754,3.863,,30042.0,-14.9,,-4.1,0,0,0,5.147,0
2021-02-19 22:00:00,2021,2,4,22,22656.0,404.6,55.1,14.0,3.14,320.0,148.7,9.167,,,5.147,5.155,3.928,5.949,19839.0,7.77,3.816,14.63,30042.0,-614.7,-7.0,-1.2,0,0,0,5.25,0
2021-02-19 23:00:00,2021,2,4,23,24462.0,395.1,54.5,5.2,,307.0,143.7,9.664,0.0636,48.732,5.25,6.37,6.685,3.976,20135.0,,3.816,11.82,30042.0,-1302.7,-13.0,-1.9,0,0,0,6.693,0
2021-02-20 00:00:00,2021,2,5,0,22160.0,404.0,53.2,8.8,3.14,264.0,139.8,8.953,0.0589,36.417,6.693,7.858,9.789,3.59,18877.0,,,9.57,30042.0,-1331.5,-43.0,-3.9,0,0,0,4.531,0
2021-02-20 01:00:00,2021,2,5,1,21280.0,1806.4,55.5,27.8,3.61,300.0,140.9,38.441,0.2529,54.403,4.531,14.473,6.15,6.862,17987.0,5.94,3.839,,30042.0,736.1,,-0.7,0,0,0,6.5,0
2021-02-20 02:00:00,2021,2,5,2,21161.0,427.7,53.2,6.5,3.64,358.0,142.3,9.05,0.0595,43.767,6.5,7.521,6.109,3.982,18466.0,5.554,3.858,13.3,30042.0,68.8,58.0,-5.0,0,0,0,5.2,0
2021-02-20 03:00:00,2021,2,5,3,21278.0,1128.3,53.6,9.0,3.08,332.0,144.6,24.008,0.1579,111.83,5.2,5.147,3.564,9.512,19250.0,6.922,3.941,11.88,30042.0,54.1,-26.0,-3.7,0,0,0,13.36,0
2021-02-20 04:00:00,2021,2,5,4,21124.0,1172.5,52.3,12.3,3.13,297.0,142.0,24.769,0.163,88.346,,,12.516,13.127,18963.0,7.794,3.859,11.6,30042.0,767.9,-35.0,1.5,0,0,0,10.478,0
2021-02-20 05:00:00,2021,2,5,5,20743.0,1064.1,49.5,23.6,3.28,358.0,142.6,22.073,0.1452,54.446,10.478,6.693,6.005,4.522,18315.0,7.735,3.853,14.67,30042.0,669.0,61.0,-6.1,0,0,0,6.341,0
2021-02-20 06:00:00,2021,2,5,6,20550.0,449.6,49.4,17.7,3.17,324.0,145.5,9.239,0.0608,52.132,6.341,4.531,8.604,5.28,18971.0,7.982,3.866,16.15,30042.0,45.6,-34.0,-6.9,0,0,0,6.015,0
2021-02-20 07:00:00,2021,2,5,7,,1820.2,51.8,19.8,3.57,336.0,148.5,35.666,0.2346,98.653,6.015,6.5,12.904,4.172,18475.0,8.708,3.768,14.82,30042.0,13.8,12.0,-6.0,0,0,0,10.853,0
2021-02-20 08:00:00,2021,2,5,8,19152.0,1069.4,53.5,,3.58,339.0,144.1,20.482,0.1348,87.789,10.853,5.2,19.973,4.719,18587.0,9.414,2.743,15.45,,641.7,3.0,-3.4,0,0,0,9.44,0
2021-02-20 09:00:00,2021,2,5,9,20945.0,1148.4,51.9,14.1,3.59,298.0,139.8,24.053,0.1582,,9.44,13.36,,5.682,19573.0,8.616,2.756,16.3,30042.0,20.1,-41.0,-5.7,0,0,0,8.572,0
2021-02-20 10:00:00,2021,2,5,10,21448.0,1119.2,49.9,14.1,,314.0,137.3,24.004,0.1579,64.972,8.572,10.478,4.407,7.116,17935.0,8.174,2.691,16.6,30042.0,-53.3,16.0,-3.0,0,0,0,7.824,0
2021-02-20 11:00:00,2021,2,5,11,21836.0,,48.6,32.4,2.85,320.0,132.2,40.833,0.2686,47.659,7.824,6.341,6.51,8.013,18331.0,8.091,2.704,18.07,30042.0,805.8,6.0,-8.4,0,0,0,5.843,0
2021-02-20 12:00:00,2021,2,5,12,22054.0,1101.4,,12.6,2.81,314.0,139.0,24.291,0.1598,80.194,5.843,6.015,4.721,4.542,18221.0,8.744,2.692,17.22,30042.0,651.8,-6.0,-8.6,0,0,0,9.93,0
2021-02-20 13:00:00,2021,2,5,13,21341.0,1104.9,47.5,4.8,2.81,,140.4,23.58,0.1551,150.041,9.93,10.853,4.785,3.234,18788.0,9.931,3.363,14.72,30042.0,-715.3,2.0,-5.2,0,0,0,17.978,0
2021-02-20 14:00:00,2021,2,5,14,,431.9,50.3,0.5,2.49,299.0,145.5,8.985,0.0591,103.406,17.978,9.44,5.202,6.878,,10.371,3.396,13.08,30042.0,-637.5,-17.0,-5.9,0,0,0,12.079,0
2021-02-20 15:00:00,2021,2,5,15,18887.0,430.6,47.9,7.8,2.33,283.0,147.8,8.133,0.0535,46.821,12.079,8.572,8.293,9.334,20516.0,9.77,3.468,12.03,30042.0,-717.8,-16.0,-7.9,0,0,0,4.965,0
2021-02-20 16:00:00,2021,2,5,16,17588.0,397.1,49.1,,2.56,283.0,146.0,6.984,0.0459,61.773,4.965,7.824,5.155,6.535,21117.0,9.482,3.437,10.25,30042.0,-722.1,0.0,-5.4,0,0,0,6.1,0
2021-02-20 17:00:00,2021,2,5,17,16415.0,459.8,48.8,3.0,3.11,286.0,147.5,7.548,0.0497,76.994,6.1,5.843,6.37,12.433,21126.0,9.691,3.422,5.35,30042.0,-1410.1,3.0,-5.1,0,0,0,7.096,0
2021-02-20 18:00:00,2021,2,5,18,15009.0,463.7,49.0,7.5,3.04,327.0,146.4,6.96,0.0458,73.597,7.096,9.93,7.858,6.886,21436.0,9.07,3.449,4.5,30042.0,-637.7,41.0,-4.2,0,0,0,6.202,0
2021-02-20 19:00:00,2021,2,5,19,14765.0,451.5,47.7,0.5,,,138.4,6.667,0.0439,115.791,6.202,17.978,14.473,4.561,23046.0,7.674,3.202,3.78,30042.0,-653.4,-29.0,-6.9,0,0,0,9.599,0
2021-02-20 20:00:00,2021,2,5,20,15552.0,1992.9,44.2,26.5,2.45,314.0,141.4,30.993,0.2039,69.413,9.599,12.079,7.521,7.801,24365.0,6.67,3.226,8.12,,,,-9.5,0,0,0,6.061,0
2021-02-20 21:00:00,2021,2,5,21,15517.0,1001.5,45.4,12.4,2.06,324.0,140.6,15.54,0.1022,69.122,,4.965,5.147,4.373,23859.0,6.847,3.198,8.88,30042.0,570.9,10.0,-9.3,0,0,0,6.022,0
2021-02-20 22:00:00,2021,2,5,22,17118.0,2075.9,,29.1,2.4,335.0,138.8,35.536,0.2338,66.809,6.022,6.1,5.25,3.928,22656.0,,3.162,13.17,30042.0,1678.8,11.0,-8.4,0,0,0,6.421,0
2021-02-20 23:00:00,2021,2,5,23,,1011.3,47.2,,2.47,303.0,142.7,17.829,0.1173,57.473,6.421,7.096,6.693,6.685,24462.0,6.666,3.188,14.92,30042.0,551.5,-32.0,-7.3,0,0,0,5.689,0
2021-02-21 00:00:00,2021,2,6,0,,933.1,36.5,9.6,,288.0,147.1,14.506,0.0954,73.381,,6.202,4.531,9.789,22160.0,6.7,3.12,15.27,30042.0,469.4,-15.0,-16.7,0,0,1,6.405,0
2021-02-21 01:00:00,2021,2,6,1,14420.0,,37.8,0.0,2.09,297.0,137.5,7.463,0.0491,145.636,6.405,9.599,6.5,6.15,21280.0,7.065,,15.18,30042.0,66.0,9.0,-17.7,0,0,1,11.791,0
2021-02-21 02:00:00,2021,2,6,2,14942.0,938.9,41.5,4.3,2.37,279.0,145.4,14.028,0.0923,159.095,11.791,6.061,5.2,6.109,21161.0,8.279,3.27,11.48,30042.0,-1054.0,-18.0,-11.7,0,0,1,13.347,0
2021-02-21 03:00:00,2021,2,6,3,,522.9,39.5,6.8,2.29,298.0,148.0,8.455,0.0556,79.449,13.347,6.022,13.36,3.564,21278.0,8.478,3.125,10.55,30042.0,-478.6,19.0,-14.1,0,0,1,7.213,0
2021-02-21 04:00:00,2021,2,6,4,15400.0,974.1,43.5,4.1,1.38,288.0,155.3,15.001,,302.39,7.213,6.421,10.478,12.516,21124.0,11.765,4.774,6.38,30042.0,-1101.8,-10.0,-8.8,1,0,1,26.146,1
2021-02-21 05:00:00,2021,2,6,5,15672.0,1911.0,42.9,24.6,1.81,317.0,152.3,,0.197,128.683,26.146,5.689,6.341,6.005,20743.0,12.704,4.758,8.23,30042.0,899.7,29.0,-6.6,1,0,1,11.323,0
2021-02-21 06:00:00,2021,2,6,6,16387.0,1999.0,,19.5,1.2,321.0,153.2,32.758,0.2155,217.094,11.323,6.405,6.015,8.604,20550.0,14.966,5.175,9.88,30042.0,1065.9,4.0,-6.7,1,0,1,19.974,1
2021-02-21 07:00:00,2021,2,6,7,16182.0,515.6,39.7,10.8,1.9,330.0,160.5,8.343,0.0549,75.868,19.974,11.791,10.853,12.904,19594.0,14.149,5.206,11.68,30042.0,-1.9,9.0,-12.1,1,0,1,6.893,0
2021-02-21 08:00:00,2021,2,6,8,15062.0,860.8,39.1,7.0,1.61,,157.2,12.965,0.0853,106.768,6.893,13.347,9.44,19.973,19152.0,13.43,5.207,12.13,30042.0,-78.1,-22.0,-14.4,1,0,1,9.029,0
2021-02-21 09:00:00,2021,2,6,9,14626.0,549.9,41.1,1.4,1.67,273.0,152.3,8.044,0.0529,227.731,9.029,7.213,8.572,7.684,20945.0,15.344,5.514,11.23,30042.0,27.0,-35.0,-10.8,1,0,1,18.701,1
2021-02-21 10:00:00,2021,2,6,10,14980.0,,44.2,,1.43,277.0,153.2,7.24,0.0476,63.396,18.701,26.146,7.824,4.407,21448.0,11.875,5.582,11.43,30042.0,-490.8,4.0,-5.7,0,0,1,5.332,0
2021-02-21 11:00:00,2021,2,6,11,14644.0,428.4,37.6,,1.62,309.0,154.0,6.273,0.0413,80.26,5.332,11.323,5.843,6.51,21836.0,11.088,5.56,7.6,30042.0,-1482.6,32.0,-11.0,0,0,1,6.599,0
2021-02-21 12:00:00,2021,2,6,12,14574.0,428.7,41.6,0.0,1.96,324.0,156.0,6.247,0.0411,106.921,,19.974,9.93,4.721,22054.0,9.217,5.566,,30042.0,,15.0,-6.0,0,0,1,8.749,0
2021-02-21 13:00:00,2021,2,6,13,14339.0,802.4,,2.4,,315.0,156.3,11.506,0.0757,,8.749,6.893,17.978,4.785,21341.0,9.678,5.299,2.95,30042.0,286.8,-9.0,-4.8,0,0,1,9.66,0
2021-02-21 14:00:00,2021,2,6,14,14823.0,826.1,34.4,4.3,2.57,314.0,154.8,12.245,0.0806,97.05,9.66,9.029,12.079,5.202,20805.0,9.52,5.282,2.5,30042.0,-34.7,-1.0,-15.9,0,0,1,8.077,0
2021-02-21 15:00:00,2021,2,6,15,15414.0,451.6,37.6,10.0,2.87,303.0,148.9,6.961,0.0458,45.006,8.077,18.701,4.965,8.293,,7.052,5.326,3.93,30042.0,-98.3,-11.0,-10.3,0,0,1,3.895,0
2021-02-21 16:00:00,2021,2,6,16,16770.0,2127.4,36.8,24.7,2.29,309.0,148.7,35.676,0.2347,43.948,3.895,5.332,6.1,5.155,17588.0,6.853,5.394,7.17,30042.0,1644.1,6.0,-12.3,0,0,1,4.138,0
2021-02-21 17:00:00,2021,2,6,17,17380.0,824.2,,,2.4,278.0,147.1,14.325,0.0942,79.134,4.138,6.599,,6.37,16415.0,7.04,5.384,7.87,,395.8,-31.0,-7.8,0,0,1,7.722,0
2021-02-21 18:00:00,2021,2,6,18,16680.0,792.4,41.5,5.7,2.43,255.0,150.8,13.217,0.087,82.006,7.722,8.749,6.202,7.858,15009.0,6.862,5.355,8.82,30042.0,363.7,-23.0,-7.5,0,0,1,7.68,0
2021-02-21 19:00:00,2021,2,6,19,17991.0,812.1,44.4,9.5,2.71,,150.1,14.611,0.0961,55.964,7.68,9.66,9.599,14.473,14765.0,6.194,5.41,10.0,30042.0,9.7,34.0,-3.3,0,0,1,5.653,0
2021-02-21 20:00:00,2021,2,6,20,17315.0,798.1,37.7,8.4,2.62,283.0,157.4,13.82,0.0909,52.285,5.653,8.077,6.061,7.521,15552.0,5.695,5.439,10.68,30042.0,-28.0,-6.0,-6.5,0,0,1,5.083,0
2021-02-21 21:00:00,2021,2,6,21,18471.0,750.8,41.3,13.9,2.58,293.0,152.9,13.869,0.0912,55.686,5.083,3.895,6.022,5.147,15517.0,6.009,5.445,11.33,30042.0,299.2,10.0,-4.1,0,0,1,5.775,0
2021-02-21 22:00:00,2021,2,6,22,18736.0,824.0,45.8,0.1,2.49,243.0,152.1,15.438,0.1016,165.084,5.775,4.138,6.421,5.25,17118.0,8.213,5.655,7.23,30042.0,-1303.4,-50.0,-0.9,0,0,1,17.366,0
2021-02-21 23:00:00,2021,2,6,23,18123.0,3200.0,45.4,27.3,3.05,233.0,149.1,57.993,0.3815,207.07,17.366,7.722,5.689,,17630.0,10.438,6.042,10.82,30042.0,2375.8,-10.0,-1.8,0,0,1,21.07,1
2021-02-22 00:00:00,2021,2,0,0,17671.0,934.5,38.6,7.2,3.11,264.0,145.6,16.514,,101.879,21.07,7.68,6.405,4.531,15546.0,10.843,5.985,11.07,30042.0,142.1,31.0,2.1,0,0,1,10.108,0
2021-02-22 01:00:00,2021,2,0,1,17771.0,2043.3,44.9,20.7,2.86,256.0,143.7,36.311,0.2389,94.531,10.108,5.653,11.791,6.5,14420.0,11.472,5.981,12.93,30042.0,1231.2,-8.0,7.1,0,0,1,9.432,0
2021-02-22 02:00:00,2021,2,0,2,16067.0,755.9,,2.3,3.46,267.0,146.3,12.146,0.0799,125.563,9.432,5.083,13.347,5.2,14942.0,12.513,5.952,11.92,30042.0,-42.2,11.0,0.6,0,0,1,11.327,0
2021-02-22 03:00:00,2021,2,0,3,20597.0,3200.0,52.6,41.4,3.02,276.0,148.9,65.912,0.4336,75.906,11.327,5.775,7.213,13.36,,13.014,5.925,16.5,30042.0,2449.2,9.0,13.1,0,0,0,8.778,0
2021-02-22 04:00:00,2021,2,0,4,22592.0,691.9,54.5,5.3,,269.0,140.4,,0.1028,79.239,8.778,17.366,26.146,10.478,15400.0,11.794,4.879,17.37,30042.0,-132.1,-7.0,11.0,0,0,0,10.051,0
2021-02-22 05:00:00,2021,2,0,5,21040.0,696.4,,10.6,2.94,247.0,145.1,14.653,,136.18,10.051,21.07,11.323,6.341,15672.0,10.964,5.042,14.58,30042.0,-2503.6,-22.0,10.5,1,0,0,16.087,0
2021-02-22 06:00:00,2021,2,0,6,21316.0,3200.0,54.8,50.0,3.03,262.0,142.4,68.21,0.4487,107.837,16.087,10.108,19.974,6.015,16387.0,11.43,4.616,21.72,30042.0,2265.5,15.0,12.1,1,0,0,12.906,0
2021-02-22 07:00:00,2021,2,0,7,21051.0,1518.1,,23.4,2.91,266.0,145.6,,0.2102,134.002,12.906,9.432,6.893,10.853,16182.0,12.498,4.748,22.17,30042.0,-525.2,4.0,11.5,1,0,0,15.838,0
2021-02-22 08:00:00,2021,2,0,8,20883.0,606.1,49.7,5.6,2.61,268.0,145.9,12.657,0.0833,80.0,15.838,11.327,9.029,9.44,15062.0,12.173,4.745,22.72,30042.0,-149.8,2.0,10.6,1,0,0,9.38,0
2021-02-22 09:00:00,2021,2,0,9,21335.0,587.9,54.4,8.6,2.37,238.0,145.5,12.543,0.0825,148.405,9.38,8.778,18.701,8.572,14626.0,13.673,4.675,17.25,30042.0,-2612.1,,13.3,1,0,0,17.777,0
2021-02-22 10:00:00,2021,2,0,10,20408.0,1246.1,55.1,15.8,2.36,251.0,148.1,25.431,0.1673,234.704,17.777,10.051,5.332,7.824,14980.0,16.48,5.709,19.0,30042.0,554.2,13.0,10.9,1,0,0,26.893,1
2021-02-22 11:00:00,2021,2,0,11,22609.0,2528.5,55.1,40.8,2.31,262.0,146.2,57.168,0.3761,65.976,26.893,16.087,6.599,5.843,14644.0,15.195,5.663,24.03,30042.0,1832.1,11.0,17.5,1,0,0,8.375,0
2021-02-22 12:00:00,2021,2,0,12,22854.0,918.2,53.2,6.8,3.65,268.0,147.2,20.984,0.1381,147.067,8.375,12.906,8.749,9.93,14574.0,16.189,5.868,16.83,30042.0,-2281.8,6.0,11.6,1,0,0,18.871,1
2021-02-22 13:00:00,2021,2,0,13,23062.0,396.6,55.0,2.4,3.88,,141.0,9.146,0.0602,69.306,18.871,15.838,9.66,17.978,14339.0,15.045,5.878,13.33,30042.0,-1121.5,11.0,12.3,1,0,0,8.974,0
2021-02-22 14:00:00,2021,2,0,14,22610.0,904.0,55.1,13.7,3.53,288.0,138.9,20.439,0.1345,142.486,8.974,9.38,8.077,12.079,14823.0,16.496,5.993,14.68,,297.9,9.0,20.7,1,0,0,18.088,1
2021-02-22 15:00:00,2021,2,0,15,23659.0,813.4,52.5,10.9,3.33,280.0,144.5,19.243,0.1266,50.438,18.088,17.777,3.895,4.965,15414.0,14.65,5.86,15.07,30042.0,225.5,-8.0,14.9,0,0,0,6.7,0
2021-02-22 16:00:00,2021,2,0,16,22837.0,348.5,52.5,7.7,2.91,288.0,143.4,7.959,0.0524,,,26.893,4.138,6.1,16770.0,11.023,5.807,13.72,30042.0,-897.6,8.0,15.7,0,0,0,5.129,0
2021-02-22 17:00:00,2021,2,0,17,23551.0,2129.0,51.2,,2.71,299.0,138.3,50.141,0.3299,83.091,5.129,8.375,7.722,7.096,17380.0,11.458,5.743,11.52,30042.0,-399.5,11.0,,0,0,0,10.987,0
2021-02-22 18:00:00,2021,2,0,18,22805.0,366.3,53.1,0.0,3.14,329.0,136.8,8.353,0.055,76.101,10.987,18.871,,6.202,16680.0,9.937,,10.38,30042.0,-551.9,30.0,11.6,0,0,0,9.744,0
2021-02-22 19:00:00,2021,2,0,19,22470.0,1974.9,51.9,38.1,2.99,307.0,140.1,44.377,0.292,39.212,9.744,8.974,5.653,9.599,17991.0,9.266,5.727,16.33,,1578.3,-22.0,7.5,0,0,0,4.947,0
2021-02-22 20:00:00,2021,2,0,20,22716.0,895.2,50.2,9.6,3.12,377.0,140.8,20.335,0.1338,64.466,4.947,18.088,5.083,6.061,17315.0,7.622,5.595,15.65,30042.0,-8.8,70.0,12.5,0,0,0,8.222,0
2021-02-22 21:00:00,2021,2,0,21,23315.0,349.3,50.7,5.6,3.18,375.0,138.7,8.144,0.0536,29.327,8.222,6.7,5.775,6.022,18471.0,7.145,5.704,14.77,30042.0,-464.1,-2.0,9.4,0,0,0,3.839,0
2021-02-22 22:00:00,2021,2,0,22,24377.0,856.9,50.4,13.5,2.73,347.0,139.0,20.889,0.1374,34.632,3.839,5.129,17.366,6.421,18736.0,7.08,5.781,15.73,30042.0,508.4,-28.0,4.6,0,0,0,4.74,0
2021-02-22 23:00:00,2021,2,0,23,25133.0,881.8,,14.8,2.49,467.0,141.5,22.161,0.1458,39.168,4.74,10.987,21.07,5.689,18123.0,,5.539,13.6,30042.0,-1247.2,120.0,6.1,0,0,0,5.527,0
2021-02-23 00:00:00,2021,2,1,0,26014.0,844.1,52.2,15.3,2.51,365.0,142.2,21.959,0.1445,38.471,5.527,9.744,10.108,6.405,17671.0,5.482,5.644,16.15,30042.0,477.8,-102.0,13.6,0,0,0,5.619,0
2021-02-23 01:00:00,2021,2,1,1,25489.0,833.4,47.7,11.9,3.23,398.0,144.7,21.242,0.1397,55.007,5.619,4.947,9.432,11.791,17771.0,5.97,5.668,11.78,30042.0,-1141.5,33.0,,0,0,0,7.872,0
2021-02-23 02:00:00,2021,2,1,2,25505.0,365.5,53.1,,3.72,450.0,137.9,9.321,0.0613,42.926,7.872,8.222,11.327,13.347,16067.0,5.624,5.741,11.05,30042.0,-529.7,52.0,11.0,0,0,0,6.147,0
2021-02-23 03:00:00,2021,2,1,3,25152.0,378.9,54.9,3.1,3.31,457.0,142.8,9.531,0.0627,110.836,6.147,3.839,8.778,7.213,20597.0,7.593,5.824,10.63,30042.0,29.6,7.0,2.3,1,0,0,15.652,0
2021-02-23 04:00:00,2021,2,1,4,25531.0,920.2,53.0,11.9,2.75,459.0,144.0,23.494,0.1546,124.091,15.652,4.74,10.051,26.146,22592.0,9.768,5.994,10.37,30042.0,63.3,2.0,-1.5,1,0,0,17.788,0
2021-02-23 05:00:00,2021,2,1,5,25282.0,353.5,52.5,0.0,2.61,477.0,146.9,8.938,0.0588,,17.788,5.527,16.087,11.323,21040.0,11.936,6.103,7.9,30042.0,-528.3,18.0,-0.9,1,0,0,18.537,1
2021-02-23 06:00:00,2021,2,1,6,26034.0,368.5,57.4,8.1,,452.0,148.2,9.594,0.0631,39.29,18.537,5.619,12.906,19.974,21316.0,11.956,6.19,6.7,30042.0,-475.6,-25.0,2.6,1,0,0,5.743,0
2021-02-23 07:00:00,2021,2,1,7,26893.0,933.6,55.8,,2.15,479.0,148.5,25.109,0.1652,217.182,5.743,7.872,15.838,6.893,21051.0,16.11,,6.53,29121.0,100.2,27.0,4.6,1,0,0,32.793,1
2021-02-23 08:00:00,2021,2,1,8,25973.0,331.0,,1.1,1.98,507.0,145.2,8.598,0.0566,177.682,,6.147,9.38,9.029,20883.0,19.404,8.111,,29121.0,-34.5,28.0,6.1,1,0,0,25.911,1
2021-02-23 09:00:00,2021,2,1,9,26978.0,1613.0,54.3,30.7,2.43,528.0,148.5,43.516,0.2863,42.919,25.911,15.652,17.777,18.701,21335.0,17.879,8.105,10.45,29121.0,1234.1,21.0,-0.1,0,0,0,6.501,0
2021-02-23 10:00:00,2021,2,1,10,24972.0,3200.0,57.0,52.7,2.41,517.0,145.4,79.911,0.5257,47.023,6.501,17.788,26.893,,20408.0,16.013,7.5,17.25,29121.0,2279.8,-11.0,,0,0,0,6.593,0
2021-02-23 11:00:00,2021,2,1,11,23996.0,3200.0,58.1,49.1,2.08,525.0,147.0,76.786,,62.615,6.593,18.537,8.375,6.599,22609.0,14.33,7.499,25.43,29121.0,2846.5,8.0,3.0,0,0,0,8.436,0
2021-02-23 12:00:00,2021,2,1,12,24931.0,528.7,59.5,5.7,2.74,,147.0,13.181,0.0867,59.717,8.436,5.743,18.871,8.749,22854.0,14.765,7.323,25.03,29121.0,160.2,-5.0,6.3,0,0,0,8.359,0
2021-02-23 13:00:00,2021,2,1,13,23797.0,1432.6,59.2,24.9,3.1,484.0,145.8,34.091,0.2243,40.476,8.359,32.793,8.974,9.66,23062.0,10.201,,27.37,29121.0,499.0,-36.0,4.2,0,0,0,5.408,0
2021-02-23 14:00:00,2021,2,1,14,24392.0,3200.0,58.3,57.3,2.02,467.0,,78.054,0.5135,48.689,5.408,25.911,,8.077,22610.0,6.994,7.241,36.73,29121.0,2869.0,-17.0,3.2,0,0,0,6.668,0
2021-02-23 15:00:00,2021,2,1,15,23825.0,1421.4,56.1,16.5,2.12,478.0,138.9,33.863,0.2228,100.63,6.668,6.501,6.7,3.895,23659.0,8.154,7.242,34.37,28591.0,-191.6,11.0,3.6,0,0,0,13.461,0
2021-02-23 16:00:00,2021,2,1,16,22987.0,1474.4,57.9,19.9,2.26,475.0,145.5,33.893,0.223,70.408,13.461,6.593,5.129,4.138,22837.0,8.57,7.166,28.9,,-1725.6,-3.0,5.4,0,0,0,9.087,0
2021-02-23 17:00:00,2021,2,1,17,25133.0,1489.8,56.5,22.7,1.6,493.0,149.1,37.443,0.2463,61.547,9.087,8.436,10.987,,23551.0,8.611,7.173,24.5,27991.0,-1710.2,18.0,5.3,0,0,0,8.685,0
2021-02-23 18:00:00,2021,2,1,18,25930.0,511.5,61.1,,1.78,503.0,149.4,,0.0873,42.806,8.685,8.359,9.744,7.68,22805.0,8.257,7.219,24.83,27991.0,-17.2,10.0,8.0,0,0,0,6.232,0
2021-02-23 19:00:00,2021,2,1,19,25670.0,541.7,56.5,8.2,1.59,498.0,151.4,13.905,0.0915,40.902,6.232,5.408,4.947,5.653,22470.0,8.338,7.192,22.05,,-890.9,-5.0,4.6,0,0,0,5.895,0
2021-02-23 20:00:00,2021,2,1,20,25423.0,1407.3,59.2,23.5,1.63,,150.3,35.778,0.2354,43.233,5.895,6.668,8.222,5.083,22716.0,8.255,7.229,16.42,27991.0,-1792.7,32.0,9.0,0,0,0,6.171,0
2021-02-23 21:00:00,2021,2,1,21,25439.0,575.0,61.5,12.3,1.62,531.0,153.4,14.626,0.0962,41.182,6.171,13.461,3.839,5.775,23315.0,6.992,7.164,15.72,27991.0,,1.0,10.8,0,0,0,5.882,0
2021-02-23 22:00:00,2021,2,1,22,23817.0,2865.1,,50.1,1.96,494.0,153.1,68.238,0.4489,,5.882,9.087,4.74,17.366,24377.0,6.732,,20.75,27991.0,1390.7,-37.0,9.1,0,0,0,7.526,0
2021-02-23 23:00:00,2021,2,1,23,,1412.3,58.8,23.0,1.84,504.0,152.3,33.063,0.2175,39.956,7.526,8.685,5.527,21.07,25133.0,6.16,7.103,20.8,27991.0,-77.5,10.0,7.3,0,0,0,5.252,0
2021-02-24 00:00:00,2021,2,2,0,23917.0,537.1,57.8,6.5,,571.0,148.1,12.846,0.0845,57.088,5.252,6.232,,10.108,26014.0,6.399,7.057,20.6,27135.0,25.6,,5.6,1,0,0,7.666,0
2021-02-24 01:00:00,2021,2,2,1,22566.0,1265.6,57.7,24.3,1.15,530.0,155.7,28.559,0.1879,75.889,7.666,5.895,7.872,9.432,25489.0,7.019,7.039,23.28,,723.9,-41.0,10.0,1,0,0,9.615,0
2021-02-24 02:00:00,2021,2,2,2,22631.0,,56.9,16.9,0.81,559.0,152.7,,0.1859,68.234,9.615,6.171,6.147,11.327,25505.0,7.435,6.991,22.18,27019.0,-158.5,29.0,3.8,1,0,0,8.67,0
2021-02-24 03:00:00,2021,2,2,3,21049.0,491.3,55.1,,0.81,529.0,150.2,10.342,0.068,121.153,8.67,,15.652,8.778,25152.0,8.841,6.954,21.48,27019.0,-83.7,-30.0,0.2,1,0,0,14.318,0
2021-02-24 04:00:00,2021,2,2,4,20674.0,2648.2,53.3,37.6,0.8,511.0,149.7,54.748,0.3602,91.862,14.318,7.526,,10.051,25531.0,9.364,6.777,19.4,27019.0,-216.9,-18.0,0.3,1,0,0,10.663,0
2021-02-24 05:00:00,2021,2,2,5,20870.0,1251.6,,17.8,0.26,476.0,143.5,26.122,0.1719,74.802,10.663,5.252,18.537,16.087,25282.0,9.95,6.542,18.53,27019.0,-160.7,-35.0,,1,0,0,8.765,0
2021-02-24 06:00:00,2021,2,2,6,19125.0,1235.9,52.4,3.5,1.12,510.0,145.1,23.638,0.1555,165.135,8.765,7.666,5.743,12.906,26034.0,11.627,6.678,18.03,27019.0,698.8,34.0,-5.0,0,0,0,17.732,0
2021-02-24 07:00:00,2021,2,2,7,19912.0,2760.0,56.1,35.0,1.1,529.0,146.2,54.957,0.3616,51.772,17.732,9.615,32.793,15.838,26893.0,10.989,4.699,19.82,27019.0,1494.4,19.0,0.3,0,0,0,5.788,0
2021-02-24 08:00:00,2021,2,2,8,21246.0,,55.6,18.2,,553.0,142.2,26.31,0.1731,44.699,5.788,8.67,25.911,9.38,25973.0,10.433,3.116,20.03,27019.0,,,-0.2,0,0,0,5.332,0
2021-02-24 09:00:00,2021,2,2,9,20300.0,1286.8,55.7,15.4,,538.0,146.3,26.122,0.1719,57.652,5.332,14.318,6.501,17.777,,9.142,3.114,21.25,27019.0,795.5,-15.0,1.4,0,0,0,6.571,0
2021-02-24 10:00:00,2021,2,2,10,18347.0,438.8,59.4,12.7,1.29,556.0,141.5,8.051,0.053,39.423,6.571,10.663,6.593,26.893,24972.0,8.042,3.215,17.1,27019.0,-2209.4,18.0,2.4,0,0,0,4.061,0
2021-02-24 11:00:00,2021,2,2,11,18107.0,460.4,53.6,7.2,,522.0,149.4,,0.0548,41.096,4.061,8.765,8.436,8.375,23996.0,7.277,3.316,15.33,27019.0,-791.2,-34.0,-4.5,0,0,0,4.178,0
2021-02-24 12:00:00,2021,2,2,12,18933.0,1080.3,55.2,,1.56,,143.5,20.453,0.1346,44.873,4.178,17.732,8.359,18.871,24931.0,5.117,3.379,17.13,27019.0,-155.6,11.0,-4.3,0,0,0,4.77,0
2021-02-24 13:00:00,2021,2,2,13,17234.0,1030.8,,5.1,1.46,,144.6,17.765,,142.691,4.77,5.788,5.408,8.974,23797.0,6.453,3.546,12.15,26978.0,-1729.2,2.0,-3.2,0,0,0,13.807,0
2021-02-24 14:00:00,2021,2,2,14,,1010.6,56.4,6.3,1.21,509.0,145.3,16.887,0.1111,124.263,13.807,5.332,6.668,18.088,24392.0,7.508,3.599,10.17,26978.0,-227.7,-26.0,-1.9,0,0,0,11.659,0
2021-02-24 15:00:00,2021,2,2,15,15806.0,975.3,55.2,5.3,1.23,479.0,145.3,15.416,0.1014,136.685,11.659,6.571,13.461,6.7,23825.0,,3.527,8.48,26978.0,-311.5,-30.0,-0.9,0,0,0,12.13,0
2021-02-24 16:00:00,2021,2,2,16,16112.0,1018.7,58.6,18.6,1.42,521.0,141.5,16.413,0.108,69.145,12.13,4.061,9.087,5.129,22987.0,,3.548,9.47,26978.0,,42.0,0.7,0,0,0,6.255,0
2021-02-24 17:00:00,2021,2,2,17,15770.0,2510.5,55.7,22.0,1.16,486.0,139.7,39.592,0.2605,146.665,6.255,4.178,8.685,10.987,25133.0,10.268,3.678,11.93,26978.0,2050.1,-35.0,-0.8,0,0,0,12.986,0
2021-02-24 18:00:00,2021,2,2,18,16156.0,2382.7,63.5,23.9,1.61,460.0,144.6,38.494,0.2533,111.94,12.986,4.77,6.232,9.744,25930.0,11.165,3.664,13.53,,1302.4,-26.0,2.4,0,0,0,10.154,0
2021-02-24 19:00:00,2021,2,2,19,17386.0,354.3,56.4,6.7,1.65,474.0,147.8,6.161,0.0405,66.404,10.154,13.807,5.895,4.947,25670.0,9.944,3.648,13.8,26978.0,-676.5,14.0,-0.1,0,0,0,6.482,0
2021-02-24 20:00:00,2021,2,2,20,18399.0,2079.0,62.6,33.2,1.69,,145.4,38.25,0.2516,72.108,6.482,11.659,6.171,8.222,25423.0,9.243,3.62,18.28,26978.0,1068.4,23.0,3.4,0,0,0,7.449,0
2021-02-24 21:00:00,2021,2,2,21,,2017.0,59.8,,1.7,476.0,145.2,38.554,0.2536,118.425,7.449,12.13,5.882,3.839,25439.0,9.339,3.661,,26978.0,1041.7,-21.0,,0,0,0,12.709,0
2021-02-24 22:00:00,2021,2,2,22,19125.0,335.7,59.0,7.0,1.56,495.0,143.1,6.421,0.0422,62.647,12.709,6.255,7.526,4.74,23817.0,9.418,3.678,18.9,26978.0,-683.0,19.0,,0,0,0,6.727,0
2021-02-24 23:00:00,2021,2,2,23,17978.0,401.5,58.7,0.0,1.81,488.0,136.6,7.217,0.0475,107.818,6.727,12.986,5.252,5.527,23411.0,,3.613,15.23,26978.0,-2109.0,-7.0,-0.1,0,0,0,10.883,0
2021-02-25 00:00:00,2021,2,3,0,18819.0,373.0,57.8,7.0,1.38,497.0,139.3,7.02,0.0462,,10.883,10.154,7.666,5.619,23917.0,8.337,3.667,12.42,26978.0,,9.0,,0,0,0,5.771,0
2021-02-25 01:00:00,2021,2,3,1,18753.0,932.6,58.8,8.1,1.04,509.0,145.1,17.489,0.1151,89.657,5.771,6.482,9.615,7.872,22566.0,8.83,3.666,12.65,26978.0,578.3,,1.1,0,0,0,9.44,0
2021-02-25 02:00:00,2021,2,3,2,17984.0,948.1,55.8,17.4,0.8,467.0,141.1,17.051,0.1122,63.661,,7.449,8.67,6.147,22631.0,8.66,3.705,10.02,26978.0,-1130.9,,-1.1,0,0,0,6.428,0
2021-02-25 03:00:00,2021,2,3,3,18011.0,1039.5,58.9,17.8,1.18,470.0,137.9,18.722,0.1232,61.192,6.428,12.709,14.318,15.652,21049.0,7.573,3.563,9.55,26978.0,-977.5,3.0,3.8,0,0,0,6.188,0
2021-02-25 04:00:00,2021,2,3,4,17554.0,987.7,58.6,11.9,1.05,443.0,138.0,17.338,0.1141,,6.188,6.727,10.663,17.788,20674.0,7.434,3.577,10.37,26978.0,652.0,-27.0,5.3,0,0,0,5.893,0
2021-02-25 05:00:00,2021,2,3,5,17600.0,370.1,56.8,2.6,1.08,465.0,141.4,6.514,0.0429,68.642,5.893,10.883,8.765,18.537,20870.0,6.75,3.592,10.8,26978.0,-31.4,22.0,-0.1,0,0,0,6.783,0
2021-02-25 06:00:00,2021,2,3,6,18283.0,916.8,58.6,10.6,1.33,434.0,142.2,16.761,0.1103,56.775,6.783,5.771,17.732,5.743,19125.0,6.76,,11.4,26978.0,543.8,,6.2,0,0,0,5.828,0
2021-02-25 07:00:00,2021,2,3,7,,1792.5,58.4,17.8,1.04,441.0,142.3,33.822,0.2225,125.028,5.828,9.44,,32.793,19912.0,7.394,3.173,13.02,26978.0,859.9,7.0,2.3,0,0,0,13.245,0
2021-02-25 08:00:00,2021,2,3,8,17542.0,1842.8,57.2,29.5,1.15,454.0,139.7,32.326,0.2127,64.412,13.245,6.428,5.332,25.911,21246.0,7.38,3.14,15.03,26978.0,894.7,13.0,1.6,0,0,0,6.344,0
2021-02-25 09:00:00,2021,2,3,9,17671.0,955.6,57.5,17.1,0.55,405.0,141.4,16.886,0.1111,61.13,6.344,6.188,6.571,6.501,20300.0,7.36,3.153,14.92,26978.0,-83.9,-49.0,1.8,0,0,0,6.065,0
2021-02-25 10:00:00,2021,2,3,10,17996.0,368.4,58.3,5.3,0.2,463.0,144.3,6.63,0.0436,53.147,6.065,5.893,4.061,6.593,18347.0,7.272,3.089,13.82,26978.0,-619.3,58.0,-1.1,0,0,0,5.37,0
2021-02-25 11:00:00,2021,2,3,11,17510.0,397.2,58.6,0.0,0.23,494.0,146.4,6.955,0.0458,108.828,5.37,6.783,4.178,8.436,18107.0,7.925,3.003,13.38,26978.0,27.1,31.0,5.0,0,0,0,10.699,0
2021-02-25 12:00:00,2021,2,3,12,16011.0,351.2,56.7,0.8,0.32,478.0,146.8,5.624,0.037,99.739,10.699,5.828,4.77,8.359,18933.0,8.448,2.897,11.75,26978.0,-565.6,-16.0,1.5,0,0,0,8.966,0
2021-02-25 13:00:00,2021,2,3,13,17468.0,1007.7,57.4,9.5,0.49,485.0,139.4,17.602,0.1158,79.0,8.966,13.245,13.807,5.408,17234.0,7.532,2.687,10.37,26978.0,-784.8,7.0,1.4,0,0,0,7.748,0
2021-02-25 14:00:00,2021,2,3,14,17276.0,378.2,58.0,2.0,0.85,452.0,,6.533,0.043,79.198,,6.344,11.659,6.668,16711.0,7.755,2.6,5.78,26978.0,-1464.6,-33.0,1.6,0,0,0,7.682,0
2021-02-25 15:00:00,2021,2,3,15,18010.0,1843.3,57.5,17.7,0.2,452.0,138.3,33.197,0.2184,105.51,7.682,6.065,12.13,13.461,15806.0,8.522,2.521,5.88,26978.0,887.7,0.0,2.3,0,0,0,10.669,0
2021-02-25 16:00:00,2021,2,3,16,19531.0,1075.2,55.3,19.0,0.2,436.0,,21.0,0.1382,52.171,10.669,5.37,,9.087,16112.0,8.581,2.541,8.17,26978.0,706.8,,-3.3,0,0,0,5.721,0
2021-02-25 17:00:00,2021,2,3,17,20094.0,1096.6,55.8,17.0,0.43,426.0,136.1,22.034,0.145,46.499,5.721,10.699,12.986,8.685,15770.0,7.672,2.391,11.0,26978.0,699.4,-10.0,0.1,0,0,0,5.246,0
2021-02-25 18:00:00,2021,2,3,18,20073.0,400.7,60.0,4.7,0.48,454.0,140.3,8.044,,49.254,5.246,8.966,10.154,,16156.0,7.103,2.383,11.65,26978.0,49.5,28.0,-3.5,0,0,0,5.551,0
2021-02-25 19:00:00,2021,2,3,19,22798.0,1151.5,58.3,17.7,0.24,445.0,144.7,26.251,0.1727,40.531,5.551,7.748,6.482,5.895,,6.676,2.425,13.02,26978.0,143.8,-9.0,1.9,0,0,0,5.188,0
2021-02-25 20:00:00,2021,2,3,20,22878.0,1096.1,59.9,12.2,0.3,455.0,138.3,25.076,0.165,74.807,5.188,7.682,7.449,6.171,18399.0,,2.459,14.72,26978.0,717.9,10.0,-2.7,0,0,0,9.609,0
2021-02-25 21:00:00,2021,2,3,21,,1087.7,58.9,10.0,0.34,453.0,138.5,23.546,0.1549,91.567,,10.669,12.709,5.882,19114.0,7.074,2.337,13.43,26978.0,-755.6,-2.0,-0.9,0,0,0,11.129,0
2021-02-25 22:00:00,2021,2,3,22,22094.0,359.8,,5.9,0.2,467.0,136.0,7.949,0.0523,36.542,11.129,,6.727,7.526,19125.0,6.876,2.415,11.25,26978.0,-715.4,14.0,-0.3,0,0,0,4.533,0
2021-02-25 23:00:00,2021,2,3,23,22287.0,2135.2,58.6,31.3,0.49,474.0,138.8,47.588,0.3131,,4.533,5.246,10.883,5.252,17978.0,,2.309,13.63,26978.0,1038.6,7.0,-0.1,0,0,0,7.007,0
2021-02-26 00:00:00,2021,2,4,0,21948.0,406.3,57.3,6.8,0.34,500.0,139.5,8.918,0.0587,37.718,7.007,5.551,5.771,7.666,18819.0,7.019,2.354,13.98,26978.0,5.6,26.0,-0.5,0,0,0,4.648,0
2021-02-26 01:00:00,2021,2,4,1,21790.0,370.3,59.3,3.4,0.68,446.0,139.6,8.068,0.0531,59.865,4.648,,9.44,9.615,18753.0,7.375,2.311,11.6,,-781.2,-54.0,,0,0,0,7.324,0
2021-02-26 02:00:00,2021,2,4,2,22796.0,2169.0,59.5,35.8,1.04,408.0,140.3,49.446,0.3253,39.402,7.324,9.609,6.428,8.67,17984.0,6.614,2.35,15.53,26978.0,1072.9,-38.0,3.7,0,0,0,5.043,0
2021-02-26 03:00:00,2021,2,4,3,23069.0,408.3,63.0,6.6,1.33,,141.3,9.419,0.062,38.773,5.043,11.129,6.188,14.318,,5.596,2.383,,26978.0,-679.4,54.0,4.1,0,0,0,5.022,0
2021-02-26 04:00:00,2021,2,4,4,,388.6,60.5,9.5,1.63,431.0,139.7,9.04,0.0595,30.76,5.022,4.533,5.893,10.663,17554.0,5.51,2.455,15.57,26978.0,28.8,-31.0,1.9,0,0,0,4.018,0
2021-02-26 05:00:00,2021,2,4,5,23684.0,,62.6,26.4,1.84,429.0,137.6,24.642,0.1621,135.408,4.018,7.007,6.783,8.765,17600.0,7.344,3.317,14.75,26978.0,-1094.8,-2.0,5.8,1,0,0,18.006,0
2021-02-26 06:00:00,2021,2,4,6,24042.0,1045.9,63.4,12.8,1.86,458.0,139.4,25.145,0.1654,100.196,18.006,4.648,5.828,,18283.0,8.823,3.512,15.75,26978.0,639.6,29.0,4.8,1,0,0,13.525,0
2021-02-26 07:00:00,2021,2,4,7,23070.0,400.7,67.5,12.2,2.01,444.0,141.6,9.245,0.0608,69.058,13.525,7.324,13.245,5.788,18868.0,9.093,3.33,17.22,,30.4,-14.0,9.1,1,0,0,8.945,0
2021-02-26 08:00:00,2021,2,4,8,23677.0,367.9,63.1,6.3,1.74,428.0,144.5,8.711,,83.739,8.945,5.043,6.344,5.332,17542.0,10.108,3.39,12.3,26978.0,-1801.1,-16.0,5.9,1,0,0,11.132,0
2021-02-26 09:00:00,2021,2,4,9,22434.0,398.1,60.8,4.4,2.33,390.0,,8.931,0.0588,69.007,11.132,5.022,6.065,,17671.0,,3.372,11.93,26978.0,-10.2,-38.0,3.3,1,0,0,8.692,0
2021-02-26 10:00:00,2021,2,4,10,22958.0,1029.0,62.3,15.7,3.92,415.0,143.8,23.624,0.1554,115.012,8.692,4.018,5.37,,17996.0,12.521,3.598,12.97,26978.0,640.4,25.0,4.0,1,0,0,14.825,0
2021-02-26 11:00:00,2021,2,4,11,23864.0,413.9,,9.0,3.41,463.0,146.0,9.877,0.065,217.306,14.825,18.006,10.699,4.178,17510.0,14.372,5.551,10.07,26978.0,-626.5,48.0,,1,0,0,29.116,1
2021-02-26 12:00:00,2021,2,4,12,24937.0,964.6,63.7,20.7,3.2,418.0,141.0,24.053,0.1582,70.673,29.116,,8.966,4.77,16011.0,13.767,5.552,11.38,26978.0,-81.3,-45.0,7.0,1,0,0,9.895,0
2021-02-26 13:00:00,2021,2,4,13,24507.0,2120.6,,36.7,3.09,423.0,145.5,,0.3419,241.605,9.895,8.945,,13.807,17468.0,17.817,7.399,15.47,26978.0,1719.9,5.0,10.2,1,0,0,33.244,1
2021-02-26 14:00:00,2021,2,4,14,,463.5,64.7,4.0,3.3,380.0,143.5,11.112,0.0731,255.432,,11.132,7.682,11.659,17276.0,21.693,8.861,15.08,26978.0,95.6,-43.0,6.7,1,0,0,34.385,1
2021-02-26 15:00:00,2021,2,4,15,23543.0,473.3,62.0,11.2,3.17,431.0,139.8,11.142,0.0733,54.069,34.385,8.692,10.669,12.13,18010.0,21.435,8.902,16.22,26978.0,75.2,51.0,4.5,0,0,0,7.147,0
2021-02-26 16:00:00,2021,2,4,16,23185.0,520.3,65.1,7.2,4.07,462.0,134.9,12.064,0.0794,69.453,7.147,14.825,5.721,6.255,19531.0,20.471,8.838,14.8,26978.0,-508.7,31.0,9.8,0,0,0,9.041,0
2021-02-26 17:00:00,2021,2,4,17,23374.0,462.7,61.1,0.0,4.51,412.0,136.3,10.815,0.0711,111.974,9.041,29.116,5.246,12.986,20094.0,18.068,8.765,13.3,26978.0,48.8,-50.0,5.3,0,0,0,14.695,0
2021-02-26 18:00:00,2021,2,4,18,23512.0,479.4,59.6,5.5,3.58,454.0,135.9,11.273,0.0742,72.638,14.695,9.895,5.551,10.154,20073.0,18.017,8.679,10.77,26978.0,-485.2,42.0,-0.4,0,0,0,9.589,0
2021-02-26 19:00:00,2021,2,4,19,22665.0,1033.1,60.7,14.0,3.79,440.0,130.6,23.415,0.154,72.885,9.589,33.244,5.188,6.482,22798.0,14.022,8.581,6.98,26978.0,-1087.5,-14.0,2.4,0,0,0,9.275,0
2021-02-26 20:00:00,2021,2,4,20,23812.0,443.9,62.5,3.2,3.61,440.0,136.2,10.57,0.0695,,9.275,34.385,9.609,7.449,22878.0,9.966,8.576,6.85,26978.0,-19.6,0.0,2.6,0,0,0,10.046,0
2021-02-26 21:00:00,2021,2,4,21,,,61.6,20.3,2.71,473.0,129.8,24.956,0.1642,56.716,10.046,7.147,11.129,12.709,21647.0,10.013,,8.37,26978.0,595.8,33.0,2.7,0,0,0,7.433,0
2021-02-26 22:00:00,2021,2,4,22,22741.0,997.0,63.2,21.9,3.12,482.0,128.4,22.672,0.1492,56.962,7.433,9.041,,6.727,22094.0,9.718,,,26978.0,476.7,9.0,4.5,0,0,0,7.273,0
2021-02-26 23:00:00,2021,2,4,23,22161.0,2318.8,61.6,34.7,3.88,483.0,135.3,51.386,0.3381,70.163,7.273,14.695,7.007,10.883,22287.0,8.724,8.506,16.6,26978.0,1856.1,1.0,3.0,0,0,0,8.73,0
2021-02-27 00:00:00,2021,2,5,0,22556.0,479.4,62.9,9.8,3.67,473.0,133.9,10.813,0.0711,53.584,8.73,9.589,4.648,5.771,21948.0,8.257,8.435,17.32,26978.0,0.0,-10.0,5.6,0,0,0,6.786,0
2021-02-27 01:00:00,2021,2,5,1,23328.0,474.8,59.3,,3.76,445.0,144.9,11.076,0.0729,106.095,6.786,9.275,7.324,,21790.0,9.027,8.376,15.17,26978.0,-558.3,-28.0,0.0,0,0,0,13.896,0
2021-02-27 02:00:00,2021,2,5,2,23618.0,2279.0,59.0,26.0,3.89,471.0,144.4,53.825,0.3541,,13.896,10.046,5.043,6.428,22796.0,10.515,8.32,18.97,26978.0,1835.1,26.0,-0.5,0,0,0,18.974,1
2021-02-27 03:00:00,2021,2,5,3,,527.1,59.3,4.1,4.69,464.0,141.2,12.119,0.0797,81.568,18.974,7.433,5.022,6.188,23069.0,11.032,8.163,16.27,26978.0,-542.0,-7.0,-3.7,0,0,0,10.531,0
2021-02-27 04:00:00,2021,2,5,4,23478.0,934.4,61.5,16.8,5.13,464.0,141.8,21.938,0.1443,47.998,10.531,7.273,4.018,5.893,23265.0,10.874,8.061,15.42,26978.0,-62.6,0.0,1.0,0,0,0,6.327,0
2021-02-27 05:00:00,2021,2,5,5,24330.0,976.7,59.5,17.5,4.14,480.0,141.3,,0.1563,45.599,6.327,8.73,18.006,6.783,23684.0,10.457,8.127,12.55,26978.0,-1342.1,16.0,-3.1,0,0,0,6.229,0
2021-02-27 06:00:00,2021,2,5,6,22460.0,913.3,62.6,6.9,4.38,475.0,141.2,,0.1349,116.492,6.229,6.786,13.525,5.828,24042.0,11.775,,12.07,26978.0,433.9,-5.0,-0.8,0,0,0,14.69,0
2021-02-27 07:00:00,2021,2,5,7,22862.0,541.9,59.8,3.7,4.4,473.0,136.9,12.388,0.0815,92.918,14.69,13.896,8.945,13.245,23070.0,11.446,8.093,12.5,26978.0,67.1,-2.0,-7.7,0,0,0,11.927,0
2021-02-27 08:00:00,2021,2,5,8,22396.0,569.2,60.5,11.1,4.46,464.0,134.1,12.748,0.0839,58.524,11.927,,11.132,6.344,23677.0,9.51,8.169,10.02,26978.0,-1709.8,-9.0,-2.6,0,0,0,7.359,0
2021-02-27 09:00:00,2021,2,5,9,22869.0,1051.6,58.7,12.6,4.91,504.0,138.6,,0.1582,81.752,7.359,10.531,8.692,6.065,22434.0,9.505,8.136,11.43,26978.0,524.5,40.0,-2.1,0,0,0,10.497,0
2021-02-27 10:00:00,2021,2,5,10,23506.0,1014.4,61.8,16.1,4.98,456.0,137.1,23.844,0.1569,52.661,10.497,6.327,14.825,5.37,22958.0,9.609,8.218,11.32,26978.0,80.0,-48.0,-0.5,0,0,0,6.95,0
2021-02-27 11:00:00,2021,2,5,11,23810.0,989.2,58.2,17.7,4.14,450.0,126.2,23.553,0.155,49.4,6.95,6.229,,10.699,23864.0,9.671,7.513,11.35,26978.0,12.5,-6.0,-5.1,0,0,0,6.604,0
2021-02-27 12:00:00,2021,2,5,12,24265.0,994.9,60.2,14.8,4.31,490.0,129.2,24.141,0.1588,53.201,6.604,14.69,9.895,8.966,24937.0,8.431,7.561,12.67,26978.0,81.6,40.0,-3.5,0,0,0,7.248,0
2021-02-27 13:00:00,2021,2,5,13,25421.0,2090.3,62.4,35.8,4.32,458.0,,53.138,0.3496,52.267,7.248,11.927,33.244,7.748,24507.0,7.686,6.032,18.02,26978.0,1548.4,-32.0,-5.2,0,0,0,7.46,0
2021-02-27 14:00:00,2021,2,5,14,22811.0,2093.0,62.2,27.8,4.21,471.0,131.7,47.744,0.3141,92.923,7.46,7.359,34.385,7.682,23976.0,8.443,3.292,,26978.0,1523.8,13.0,-2.5,0,0,0,11.901,0
2021-02-27 15:00:00,2021,2,5,15,22916.0,995.7,61.2,19.4,4.27,,129.9,22.817,0.1501,48.934,11.901,10.497,7.147,10.669,23543.0,7.743,3.324,21.93,26978.0,-55.9,-37.0,-0.8,0,0,0,6.296,0
2021-02-27 16:00:00,2021,2,5,16,23085.0,534.2,58.2,14.3,4.88,464.0,,12.332,0.0811,48.491,6.296,6.95,9.041,5.721,23185.0,7.632,3.39,21.63,26978.0,-480.2,30.0,-6.9,0,0,0,6.285,0
2021-02-27 17:00:00,2021,2,5,17,21393.0,982.9,61.7,10.5,4.5,477.0,136.9,21.027,0.1383,86.435,6.285,6.604,14.695,5.246,23374.0,8.262,3.21,20.43,26978.0,-6.3,13.0,0.6,0,0,0,10.382,0
2021-02-27 18:00:00,2021,2,5,18,21532.0,926.5,60.3,11.8,4.11,519.0,137.1,19.949,0.1312,66.422,10.382,7.248,9.589,5.551,23512.0,8.392,3.219,19.93,26978.0,-68.4,42.0,0.7,0,0,0,8.03,0
2021-02-27 19:00:00,2021,2,5,19,22206.0,927.8,59.5,17.7,3.72,509.0,133.4,20.603,0.1355,50.354,8.03,7.46,9.275,5.188,22665.0,8.195,,16.92,26978.0,-1162.5,-10.0,-1.2,0,0,0,6.278,0
2021-02-27 20:00:00,2021,2,5,20,21539.0,537.2,63.2,9.1,4.06,476.0,132.5,11.57,0.0761,64.623,6.278,11.901,10.046,9.609,23812.0,7.514,3.277,13.8,26978.0,-1555.8,-33.0,,1,0,0,7.815,0
2021-02-27 21:00:00,2021,2,5,21,22520.0,973.3,60.3,,4.81,488.0,134.7,21.92,0.1442,44.456,7.815,6.296,7.433,11.129,23342.0,7.402,3.335,12.97,26978.0,-22.4,12.0,-1.3,1,0,0,5.621,0
2021-02-27 22:00:00,2021,2,5,22,21341.0,542.4,58.3,0.8,4.53,455.0,133.1,,0.0762,135.436,5.621,,7.273,4.533,22741.0,9.059,3.631,10.72,26978.0,8.2,-33.0,-4.9,1,0,0,16.228,0
2021-02-27 23:00:00,2021,2,5,23,20539.0,494.7,56.7,6.6,4.86,472.0,130.3,10.161,0.0669,188.947,16.228,10.382,8.73,7.007,22161.0,10.96,4.433,10.07,26978.0,-488.2,17.0,-4.9,1,0,0,21.789,1
2021-02-28 00:00:00,2021,2,6,0,21868.0,2309.3,59.1,30.4,4.98,410.0,124.6,50.499,0.3322,212.405,21.789,8.03,6.786,4.648,22556.0,13.968,5.481,13.17,26978.0,1382.8,-62.0,-3.8,1,0,0,26.079,1
2021-02-28 01:00:00,2021,2,6,1,21086.0,833.6,59.1,,4.11,441.0,122.8,17.578,0.1156,,26.079,6.278,13.896,7.324,23328.0,14.937,5.446,11.93,26978.0,-94.2,31.0,-0.2,1,0,0,12.09,0
2021-02-28 02:00:00,2021,2,6,2,7368.0,876.6,61.3,0.0,3.89,411.0,119.2,6.459,0.0425,413.723,12.09,7.815,18.974,5.043,23618.0,16.487,5.334,10.42,26978.0,339.4,-30.0,2.3,1,1,0,17.115,0
2021-02-28 03:00:00,2021,2,6,3,7597.0,882.8,62.5,0.0,3.73,433.0,118.6,6.707,0.0441,697.145,17.115,5.621,10.531,5.022,,20.506,6.625,8.02,26978.0,-90.5,22.0,3.2,1,1,0,29.736,1
2021-02-28 04:00:00,2021,2,6,4,7641.0,798.6,59.9,1.9,4.21,456.0,121.9,6.102,0.0401,408.848,29.736,16.228,6.327,4.018,23478.0,20.725,6.655,,26978.0,256.2,23.0,-1.6,0,1,0,17.54,0
2021-02-28 05:00:00,2021,2,6,5,8410.0,498.0,62.5,0.0,4.21,427.0,120.1,4.188,0.0276,425.51,17.54,21.789,6.229,18.006,24330.0,20.442,6.755,7.1,26978.0,,-29.0,3.0,0,1,0,20.092,1
2021-02-28 06:00:00,2021,2,6,6,7765.0,839.9,60.4,0.0,3.42,453.0,119.2,6.522,0.0429,283.734,20.092,26.079,14.69,13.525,22460.0,18.157,6.737,2.03,,-1469.4,26.0,-2.2,0,1,0,12.37,0
2021-02-28 07:00:00,2021,2,6,7,,427.1,60.3,0.0,4.13,386.0,118.2,3.388,0.0223,,12.37,12.09,11.927,8.945,22862.0,19.168,6.843,0.32,26978.0,-406.5,-67.0,0.5,0,1,0,18.158,1
2021-02-28 08:00:00,2021,2,6,8,7766.0,811.5,59.1,2.8,3.8,368.0,116.6,6.303,0.0415,421.165,18.158,17.115,7.359,11.132,22396.0,19.377,6.853,0.78,26978.0,,-18.0,-1.4,0,1,0,18.364,1
2021-02-28 09:00:00,2021,2,6,9,7083.0,405.4,62.3,0.0,3.29,367.0,119.8,2.871,0.0189,378.318,18.364,29.736,10.497,8.692,22869.0,16.928,6.845,0.78,26978.0,-477.4,-1.0,3.6,0,1,0,15.045,0
2021-02-28 10:00:00,2021,2,6,10,7860.0,2240.0,62.6,0.0,2.75,,116.3,17.607,,749.162,15.045,17.54,6.95,14.825,23506.0,,7.823,0.47,26978.0,1441.4,,,0,1,0,33.061,1
2021-02-28 11:00:00,2021,2,6,11,7731.0,800.0,63.9,0.0,3.22,,114.2,,0.0407,581.136,33.061,20.092,6.604,29.116,23810.0,20.37,7.955,0.47,26978.0,302.0,9.0,5.7,0,1,0,25.225,1
2021-02-28 12:00:00,2021,2,6,12,8065.0,765.8,63.8,,2.49,428.0,112.8,6.176,0.0406,383.334,25.225,12.37,7.248,9.895,24265.0,21.202,7.793,0.47,26978.0,-74.1,21.0,3.6,0,1,0,17.358,0
2021-02-28 13:00:00,2021,2,6,13,7761.0,,66.1,,2.51,388.0,112.8,3.378,0.0222,350.914,17.358,18.158,7.46,33.244,25421.0,20.724,7.606,0.47,26978.0,8.2,-40.0,3.7,0,1,0,15.291,0
2021-02-28 14:00:00,2021,2,6,14,7318.0,827.6,61.3,0.0,2.37,436.0,,,0.0398,377.39,15.291,18.364,11.901,34.385,22811.0,20.248,7.562,0.0,26978.0,16.1,48.0,,0,1,0,15.506,0
2021-02-28 15:00:00,2021,2,6,15,8099.0,907.5,62.4,0.0,2.55,408.0,116.8,7.35,,573.336,15.506,15.045,6.296,7.147,22916.0,22.085,7.547,0.0,26978.0,502.1,-28.0,,0,1,0,26.071,1
2021-02-28 16:00:00,2021,2,6,16,7818.0,926.2,61.8,0.0,2.6,455.0,116.2,7.241,0.0476,573.667,26.071,33.061,6.285,9.041,23085.0,20.772,7.394,0.0,26978.0,-1313.8,47.0,3.6,0,1,0,25.181,1
2021-02-28 17:00:00,2021,2,6,17,7621.0,849.4,64.1,0.0,3.05,423.0,124.1,6.473,0.0426,392.627,25.181,25.225,10.382,14.695,21393.0,19.368,7.239,0.0,26978.0,49.4,-32.0,2.4,0,1,0,16.8,0
2021-02-28 18:00:00,2021,2,6,18,8082.0,2110.3,60.9,1.3,2.85,420.0,120.3,17.056,0.1122,751.569,16.8,17.358,8.03,9.589,21532.0,22.159,7.656,0.22,26978.0,1344.5,-3.0,0.6,0,1,0,34.104,1
2021-02-28 19:00:00,2021,2,6,19,,909.7,64.2,0.0,2.79,433.0,118.8,7.14,0.047,555.313,34.104,15.291,6.278,9.275,,23.689,7.244,0.22,26978.0,474.4,13.0,4.7,0,1,0,24.472,1
2021-02-28 20:00:00,2021,2,6,20,8947.0,910.4,62.2,0.0,2.95,469.0,117.1,8.145,0.0536,448.265,24.472,15.506,7.815,10.046,21539.0,24.858,6.81,0.22,26978.0,82.8,36.0,-1.0,0,1,0,22.518,1
2021-02-28 21:00:00,2021,2,6,21,8167.0,893.4,63.2,0.8,2.48,527.0,119.6,7.296,,540.146,22.518,26.071,5.621,7.433,22520.0,24.64,6.108,0.35,26978.0,-14.1,58.0,2.9,1,1,0,24.768,1
2021-02-28 22:00:00,2021,2,6,22,8448.0,922.9,64.3,0.0,2.14,458.0,120.0,7.796,0.0513,713.105,24.768,25.181,16.228,7.273,21341.0,26.081,6.546,0.35,26978.0,-3.3,-69.0,6.0,1,1,0,33.824,1
2021-02-28 23:00:00,2021,2,6,23,8999.0,998.1,,0.0,2.52,419.0,121.2,8.982,0.0591,486.862,33.824,16.8,21.789,8.73,20539.0,27.381,6.571,0.35,26978.0,148.7,-39.0,3.3,1,1,0,24.599,1
2021-03-01 00:00:00,2021,3,0,0,8936.0,1038.7,60.7,0.0,2.0,462.0,130.3,9.282,0.0611,578.332,,34.104,26.079,6.786,21868.0,26.533,6.679,0.13,26978.0,,,1.6,1,1,0,29.016,1
2021-03-01 01:00:00,2021,3,0,1,9415.0,361.8,62.9,0.0,2.12,405.0,131.1,3.406,0.0224,467.658,29.016,24.472,12.09,13.896,21086.0,26.574,6.353,0.13,26978.0,-547.9,-57.0,3.8,1,1,0,24.721,1
2021-03-01 02:00:00,2021,3,0,2,9842.0,333.4,62.9,0.0,1.77,434.0,131.1,3.281,0.0216,,,22.518,17.115,18.974,7368.0,28.351,6.598,0.13,26978.0,-577.0,29.0,,1,1,0,33.179,1
2021-03-01 03:00:00,2021,3,0,3,9823.0,339.1,60.5,0.0,1.71,441.0,129.3,3.331,0.0219,370.394,33.179,24.768,29.736,10.531,7597.0,27.628,6.47,0.0,26978.0,-554.3,7.0,-2.0,0,1,0,20.428,1
2021-03-01 04:00:00,2021,3,0,4,9663.0,2097.1,59.4,8.9,1.7,452.0,126.8,20.266,0.1333,345.119,20.428,33.824,17.54,6.327,7641.0,25.111,6.433,1.48,26978.0,1174.2,11.0,-0.5,0,1,0,18.724,1
2021-03-01 05:00:00,2021,3,0,5,9893.0,851.1,59.2,0.0,0.95,481.0,129.0,8.42,0.0554,250.607,18.724,24.599,20.092,6.229,8410.0,23.331,6.668,1.48,26978.0,-147.0,29.0,-3.3,0,1,0,13.92,0
2021-03-01 06:00:00,2021,3,0,6,9407.0,880.1,62.9,0.0,1.41,,132.6,8.279,0.0545,409.721,13.92,29.016,12.37,14.69,7765.0,22.102,6.307,1.48,26978.0,-158.6,-8.0,2.5,0,1,0,21.64,1
2021-03-01 07:00:00,2021,3,0,7,9516.0,863.2,61.1,0.0,0.98,455.0,132.9,8.214,0.054,454.684,21.64,24.721,,11.927,7932.0,22.031,6.226,1.48,26978.0,501.4,-18.0,0.8,0,1,0,24.293,1
2021-03-01 08:00:00,2021,3,0,8,10358.0,812.8,62.3,0.0,1.24,471.0,135.8,8.419,0.0554,421.316,24.293,33.179,18.364,7.359,,20.584,6.142,1.48,26978.0,479.4,16.0,3.2,0,1,0,24.502,1
2021-03-01 09:00:00,2021,3,0,9,10337.0,1844.1,60.8,2.8,1.6,534.0,134.7,19.063,0.1254,356.25,24.502,20.428,15.045,10.497,7083.0,20.626,5.908,1.95,,1505.0,63.0,-1.5,0,1,0,20.676,1
2021-03-01 10:00:00,2021,3,0,10,9569.0,1924.8,60.1,,1.8,,130.5,18.419,0.1212,620.073,20.676,18.724,33.061,6.95,7860.0,23.058,,0.47,26978.0,-172.3,-14.0,-2.5,0,1,0,33.314,1
2021-03-01 11:00:00,2021,3,0,11,9619.0,2075.7,63.4,0.0,1.67,572.0,136.3,19.966,0.1314,538.693,33.314,13.92,25.225,6.604,7731.0,25.586,,0.47,26978.0,1224.6,52.0,-0.5,0,1,0,29.093,1
2021-03-01 12:00:00,2021,3,0,12,10399.0,2041.7,62.9,4.3,2.32,583.0,135.7,21.232,0.1397,,29.093,21.64,17.358,7.248,8065.0,25.516,5.886,1.18,26978.0,1161.6,11.0,-0.9,0,1,0,21.215,1
2021-03-01 13:00:00,2021,3,0,13,,309.4,60.6,0.0,1.96,549.0,134.0,3.197,0.021,,21.215,24.293,15.291,7.46,7761.0,24.525,5.718,1.18,26978.0,-553.8,-34.0,,0,1,0,18.349,1
2021-03-01 14:00:00,2021,3,0,14,10338.0,364.0,60.5,0.0,1.7,556.0,140.0,3.763,0.0248,177.866,18.349,24.502,15.506,11.901,7318.0,22.162,6.143,1.18,26978.0,-448.8,7.0,-0.8,0,1,0,10.324,0
2021-03-01 15:00:00,2021,3,0,15,10028.0,941.6,63.7,0.0,2.0,582.0,134.3,9.443,0.0621,359.767,10.324,20.676,26.071,6.296,8099.0,22.092,6.172,0.72,26978.0,-902.5,26.0,1.3,0,1,0,20.256,1
2021-03-01 16:00:00,2021,3,0,16,9935.0,989.4,58.8,0.0,1.85,623.0,133.9,9.83,0.0647,261.272,20.256,33.314,25.181,6.285,7818.0,18.969,,0.72,26978.0,-935.4,41.0,-3.0,0,1,0,14.574,0
2021-03-01 17:00:00,2021,3,0,17,9562.0,357.8,63.0,0.0,1.51,594.0,138.5,3.422,0.0225,309.407,14.574,29.093,16.8,10.382,7621.0,16.888,6.447,0.72,26978.0,-1717.9,-29.0,-1.1,0,1,0,16.611,0
2021-03-01 18:00:00,2021,3,0,18,8905.0,923.8,61.3,0.1,1.65,530.0,141.8,8.227,0.0541,288.652,16.611,21.215,34.104,8.03,8082.0,15.758,6.261,0.02,26978.0,,-64.0,0.4,0,1,0,14.432,0
2021-03-01 19:00:00,2021,3,0,19,9181.0,390.8,59.8,0.0,2.46,556.0,134.1,3.588,0.0236,180.959,14.432,18.349,24.472,6.278,7849.0,14.254,6.792,0.02,26978.0,81.4,26.0,-4.4,0,1,0,9.328,0
2021-03-01 20:00:00,2021,3,0,20,,376.9,60.8,0.0,2.47,589.0,131.8,3.458,0.0228,351.828,9.328,10.324,22.518,7.815,8947.0,15.554,6.832,0.02,26978.0,12.9,33.0,-1.4,0,1,0,18.124,1
2021-03-01 21:00:00,2021,3,0,21,8843.0,365.3,62.9,0.0,2.82,577.0,,3.23,0.0213,388.24,18.124,20.256,24.768,5.621,8167.0,15.391,6.816,0.02,26978.0,-576.3,-12.0,-0.3,0,1,0,19.276,1
2021-03-01 22:00:00,2021,3,0,22,8428.0,2257.0,58.4,5.1,2.73,577.0,126.5,19.023,0.1252,561.288,19.276,14.574,33.824,16.228,8448.0,,6.39,0.87,26978.0,1267.6,0.0,-5.9,0,1,0,26.56,1
2021-03-01 23:00:00,2021,3,0,23,8210.0,1176.0,63.4,0.0,3.2,555.0,127.8,9.655,0.0635,416.004,26.56,16.611,24.599,21.789,8999.0,17.816,6.358,0.87,26978.0,818.2,-22.0,3.4,0,1,0,19.176,1
2021-03-02 00:00:00,2021,3,1,0,8411.0,1208.5,63.8,0.0,3.28,557.0,130.7,10.165,0.0669,583.916,19.176,14.432,29.016,26.079,8936.0,20.006,6.284,0.85,26978.0,284.7,2.0,3.1,0,1,0,27.575,1
2021-03-02 01:00:00,2021,3,1,1,7858.0,2249.9,62.0,0.0,3.26,553.0,129.4,17.679,0.1163,681.356,27.575,9.328,24.721,12.09,9415.0,23.462,,0.85,26978.0,1859.1,-4.0,-0.9,0,1,0,30.061,1
2021-03-02 02:00:00,2021,3,1,2,8261.0,,61.1,4.2,2.97,573.0,133.4,19.064,0.1254,524.535,,18.124,33.179,17.115,9842.0,24.496,6.035,1.55,26978.0,1930.8,20.0,-1.8,0,1,0,24.329,1
2021-03-02 03:00:00,2021,3,1,3,7689.0,1164.5,60.6,0.0,,536.0,132.8,8.954,0.0589,563.695,24.329,19.276,20.428,29.736,9823.0,25.339,6.08,1.55,,799.2,-37.0,0.1,0,1,0,24.335,1
2021-03-02 04:00:00,2021,3,1,4,7678.0,,60.2,4.9,2.88,518.0,138.0,8.818,0.058,388.065,24.335,26.56,18.724,17.54,9663.0,23.701,6.124,1.52,26978.0,-1108.5,-18.0,0.8,0,1,0,16.729,0
2021-03-02 05:00:00,2021,3,1,5,8209.0,444.0,58.3,0.0,2.72,503.0,128.7,3.645,0.024,446.734,16.729,19.176,13.92,,9893.0,23.936,,1.52,26978.0,-732.0,-15.0,-0.9,0,1,0,20.59,1
2021-03-02 06:00:00,2021,3,1,6,8125.0,1150.6,59.6,0.0,3.74,471.0,131.8,9.349,0.0615,550.961,20.59,27.575,21.64,12.37,9407.0,23.53,6.005,1.52,26978.0,-57.9,-32.0,-3.3,0,1,0,25.134,1
2021-03-02 07:00:00,2021,3,1,7,9467.0,,60.4,0.0,3.53,480.0,130.5,4.372,0.0288,370.194,25.134,30.061,24.293,18.158,9516.0,21.799,5.976,1.52,26978.0,-1788.1,9.0,-0.7,0,1,0,19.677,1
2021-03-02 08:00:00,2021,3,1,8,9509.0,1055.0,61.7,3.9,3.35,,131.5,10.033,0.066,372.717,19.677,24.329,24.502,18.364,10358.0,,5.932,1.47,26978.0,-1252.7,0.0,-0.6,0,1,0,19.899,1
2021-03-02 09:00:00,2021,3,1,9,9181.0,1101.2,64.0,0.0,2.58,492.0,129.0,10.111,0.0665,515.68,19.899,24.335,20.676,15.045,10337.0,21.435,6.048,1.47,25930.0,-63.3,12.0,3.2,0,1,0,26.582,1
2021-03-02 10:00:00,2021,3,1,10,8865.0,515.7,58.8,0.0,2.51,511.0,125.9,4.572,0.0301,418.699,26.582,16.729,33.314,33.061,9569.0,22.12,5.456,0.65,25930.0,-632.8,19.0,-1.3,0,1,0,20.84,1
2021-03-02 11:00:00,2021,3,1,11,8736.0,1057.4,58.4,0.0,1.81,479.0,126.4,9.238,0.0608,420.722,,20.59,29.093,25.225,9619.0,22.128,5.144,0.65,25930.0,613.4,-32.0,-5.0,0,1,0,20.636,1
2021-03-02 12:00:00,2021,3,1,12,24856.0,1112.6,56.7,18.6,2.22,458.0,128.5,27.655,0.1819,36.623,20.636,,21.215,17.358,10399.0,18.791,5.986,3.75,25930.0,-38.0,-21.0,-6.2,0,0,0,5.111,0
2021-03-02 13:00:00,2021,3,1,13,24504.0,1111.0,,8.1,2.62,458.0,126.5,27.225,0.1791,117.699,5.111,19.677,18.349,15.291,10331.0,18.21,6.021,5.1,25930.0,649.2,0.0,-5.5,0,0,0,16.193,0
2021-03-02 14:00:00,2021,3,1,14,24418.0,,54.4,7.3,1.91,480.0,134.3,,0.0727,38.666,16.193,,10.324,15.506,10338.0,15.777,6.425,5.67,25930.0,-602.6,22.0,-6.1,0,0,0,5.301,0
2021-03-02 15:00:00,2021,3,1,15,25725.0,477.3,53.4,13.5,2.33,472.0,131.9,12.278,0.0808,28.83,5.301,26.582,20.256,26.071,10028.0,12.041,7.115,7.92,25930.0,-623.9,-8.0,-10.3,0,0,0,4.164,0
2021-03-02 16:00:00,2021,3,1,16,24958.0,1131.5,57.3,20.7,2.79,453.0,131.1,28.24,0.1858,31.321,4.164,20.84,14.574,25.181,9935.0,9.299,7.646,11.37,25930.0,615.8,-19.0,-1.5,0,0,0,4.389,0
2021-03-02 17:00:00,2021,3,1,17,27093.0,2583.3,55.3,56.4,2.32,503.0,128.7,69.991,0.4605,35.69,4.389,20.636,16.611,16.8,9562.0,6.764,8.072,20.77,27093.0,1525.9,50.0,,0,0,0,5.429,0
2021-03-02 18:00:00,2021,3,1,18,27156.0,2502.8,,36.1,2.23,488.0,,67.966,0.4471,112.278,5.429,5.111,14.432,34.104,8905.0,8.766,8.044,23.68,27156.0,1390.2,-15.0,-7.0,0,0,0,17.119,0
2021-03-02 19:00:00,2021,3,1,19,28414.0,519.1,53.3,11.9,2.22,476.0,127.5,14.749,0.097,29.774,17.119,,9.328,24.472,9181.0,6.859,8.303,24.32,28414.0,-591.9,-12.0,-6.5,0,0,0,4.75,0
2021-03-02 20:00:00,2021,3,1,20,28430.0,1221.7,53.3,34.6,1.74,464.0,130.9,34.733,0.2285,35.07,4.75,5.301,18.124,22.518,9175.0,6.908,8.653,28.87,28430.0,769.3,-12.0,-7.5,0,0,0,5.598,0
2021-03-02 21:00:00,2021,3,1,21,29128.0,1140.0,52.1,24.6,1.41,,132.5,33.206,0.2185,30.365,5.598,4.164,19.276,24.768,8843.0,7.042,8.981,30.72,29128.0,662.7,16.0,-10.8,0,0,0,4.966,0
2021-03-02 22:00:00,2021,3,1,22,29069.0,2507.8,53.1,37.9,1.76,456.0,130.6,72.901,0.4796,115.422,4.966,4.389,26.56,33.824,8428.0,9.45,8.739,33.58,29128.0,1376.3,-24.0,-5.3,0,0,0,18.838,1
2021-03-02 23:00:00,2021,3,1,23,27989.0,456.8,52.3,7.1,1.9,443.0,131.5,12.785,0.0841,,18.838,5.429,19.176,24.599,8210.0,11.914,8.757,25.37,29128.0,-2126.5,-13.0,-11.1,1,0,0,20.213,1
2021-03-03 00:00:00,2021,3,2,0,27863.0,1158.5,51.9,23.8,1.32,435.0,132.1,32.279,0.2124,72.936,20.213,17.119,27.575,29.016,8411.0,10.962,8.459,23.32,29128.0,-1344.3,-8.0,-11.9,1,0,0,11.41,0
2021-03-03 01:00:00,2021,3,2,1,28644.0,1082.0,52.7,20.5,2.5,409.0,132.8,30.992,0.2039,95.763,11.41,4.75,30.061,24.721,7858.0,12.738,,,29128.0,562.9,-26.0,-9.3,1,0,0,15.401,0
2021-03-03 02:00:00,2021,3,2,2,28564.0,430.7,52.6,3.3,1.88,382.0,131.1,12.301,0.0809,142.959,15.401,5.598,24.329,33.179,8261.0,15.626,7.804,19.53,29128.0,-791.0,-27.0,-8.5,1,0,0,22.927,1
2021-03-03 03:00:00,2021,3,2,3,27254.0,433.5,54.1,4.1,1.77,352.0,131.5,11.814,0.0777,65.586,22.927,,24.335,20.428,7689.0,16.471,7.591,16.12,29128.0,-706.5,-30.0,-6.5,1,0,0,10.036,0
2021-03-03 04:00:00,2021,3,2,4,26133.0,448.5,52.9,2.0,1.96,379.0,137.7,11.721,0.0771,103.867,10.036,18.838,16.729,18.724,7678.0,15.871,,,29128.0,-2059.3,27.0,-7.3,1,0,0,15.24,0
2021-03-03 05:00:00,2021,3,2,5,25518.0,1142.9,49.6,18.9,1.73,323.0,133.4,29.164,0.1919,69.078,15.24,20.213,20.59,13.92,8209.0,14.152,7.496,12.1,29128.0,686.1,-56.0,-8.7,1,0,0,9.897,0
2021-03-03 06:00:00,2021,3,2,6,23707.0,1081.9,52.6,16.3,2.03,360.0,,25.649,0.1687,,9.897,11.41,25.134,21.64,8125.0,13.479,7.193,10.85,29128.0,-76.6,37.0,-7.0,1,0,0,7.372,0
2021-03-03 07:00:00,2021,3,2,7,23561.0,1031.0,52.7,18.2,1.99,402.0,133.0,24.291,0.1598,73.1,7.372,15.401,19.677,24.293,9467.0,12.524,7.078,10.47,29128.0,-51.0,42.0,-7.7,1,0,0,9.67,0
2021-03-03 08:00:00,2021,3,2,8,24695.0,444.6,53.8,2.6,2.19,398.0,133.1,10.981,0.0722,79.681,9.67,22.927,19.899,24.502,9509.0,10.544,6.909,10.35,,13.9,-4.0,-7.9,1,0,0,11.048,0
2021-03-03 09:00:00,2021,3,2,9,24690.0,2455.7,55.7,40.8,3.08,399.0,128.7,60.633,0.3989,76.487,11.048,10.036,26.582,20.676,9181.0,10.638,6.198,16.47,29128.0,2022.2,1.0,-8.3,1,0,0,10.603,0
2021-03-03 10:00:00,2021,3,2,10,22322.0,1057.4,54.0,17.1,2.97,456.0,128.9,23.604,0.1553,47.164,10.603,15.24,20.84,33.314,8865.0,9.083,5.97,18.98,29128.0,608.9,57.0,-4.8,1,0,0,5.911,0
2021-03-03 11:00:00,2021,3,2,11,22751.0,2441.8,54.9,36.5,2.19,393.0,137.5,55.554,0.3655,37.264,5.911,9.897,20.636,29.093,8736.0,8.227,5.721,21.92,29128.0,1298.9,-63.0,-3.5,0,0,0,4.76,0
2021-03-03 12:00:00,2021,3,2,12,22897.0,423.1,53.6,2.4,2.99,408.0,139.8,9.688,0.0637,68.39,4.76,7.372,5.111,21.215,24856.0,8.464,5.626,19.6,29128.0,-658.8,15.0,-3.1,0,0,0,8.792,0
2021-03-03 13:00:00,2021,3,2,13,24345.0,2419.6,54.1,34.2,2.67,432.0,144.3,58.905,0.3875,75.084,8.792,,16.193,18.349,24504.0,8.563,5.49,22.27,29128.0,1388.6,24.0,-1.0,0,0,0,10.263,0
2021-03-03 14:00:00,2021,3,2,14,23751.0,2400.6,52.3,40.7,4.04,443.0,148.3,,0.3751,34.593,,11.048,5.301,10.324,24418.0,7.49,5.518,28.62,29128.0,1956.0,11.0,-2.1,0,0,0,4.613,0
2021-03-03 15:00:00,2021,3,2,15,23153.0,2497.2,52.9,40.8,3.44,423.0,149.1,57.818,0.3804,29.132,,10.603,4.164,20.256,25725.0,6.354,5.536,28.62,29128.0,41.5,-20.0,-0.5,0,0,0,3.787,0
2021-03-03 16:00:00,2021,3,2,16,24489.0,2372.0,56.5,42.8,3.58,472.0,150.2,58.089,0.3822,28.015,3.787,5.911,4.389,14.574,24958.0,6.011,5.561,32.9,29128.0,1314.6,49.0,-0.8,0,0,0,3.852,0
2021-03-03 17:00:00,2021,3,2,17,25203.0,1105.1,56.6,27.6,3.18,473.0,147.5,,,23.462,3.852,4.76,5.429,,27093.0,5.771,5.654,31.42,29128.0,-1336.7,1.0,1.3,0,0,0,3.32,0
2021-03-03 18:00:00,2021,3,2,18,24977.0,1096.7,58.1,24.0,3.16,399.0,151.4,27.393,0.1802,20.501,3.32,8.792,17.119,14.432,27156.0,4.785,5.624,35.02,29128.0,673.6,-74.0,3.8,0,0,0,2.875,0
2021-03-03 19:00:00,2021,3,2,19,24840.0,1084.3,56.6,24.7,3.18,443.0,151.1,26.935,0.1772,25.16,2.875,10.263,4.75,9.328,28414.0,3.659,5.674,,29128.0,-1335.3,44.0,3.3,0,0,0,3.509,0
2021-03-03 20:00:00,2021,3,2,20,25287.0,1023.7,54.3,18.2,3.46,441.0,150.7,25.887,0.1703,19.067,,4.613,5.598,18.124,,3.342,5.787,29.68,29128.0,-1376.9,-2.0,1.0,0,0,0,2.707,0
2021-03-03 21:00:00,2021,3,2,21,25362.0,2655.0,57.0,51.3,3.19,464.0,154.7,67.338,0.443,29.593,2.707,3.787,4.966,19.276,29128.0,3.413,5.813,31.43,29128.0,157.8,23.0,4.9,0,0,0,4.214,0
2021-03-03 22:00:00,2021,3,2,22,24894.0,503.2,57.6,9.3,2.76,484.0,148.2,12.527,,23.439,4.214,3.852,18.838,26.56,29069.0,3.317,5.556,25.85,29128.0,-1868.8,20.0,4.5,0,0,0,3.276,0
2021-03-03 23:00:00,2021,3,2,23,25281.0,964.1,60.2,13.6,3.01,450.0,152.1,24.374,0.1604,47.012,3.276,3.32,20.213,19.176,27989.0,3.876,4.98,23.52,29128.0,-141.0,-34.0,7.9,0,0,0,6.673,0
2021-03-04 00:00:00,2021,3,3,0,24504.0,2603.9,60.4,34.8,2.28,429.0,154.9,63.807,0.4198,95.61,6.673,2.875,11.41,27.575,27863.0,5.589,5.044,25.32,29128.0,1507.2,-21.0,8.5,0,0,0,13.154,0
2021-03-04 01:00:00,2021,3,3,1,24399.0,541.7,59.0,8.5,2.2,408.0,152.7,13.216,0.0869,14.862,13.154,3.509,15.401,30.061,28644.0,5.343,4.937,22.62,29128.0,-542.6,-21.0,6.3,0,0,0,2.036,0
2021-03-04 02:00:00,2021,3,3,2,24482.0,539.6,54.5,7.5,1.86,397.0,147.4,13.209,0.0869,23.979,2.036,2.707,22.927,24.329,28564.0,5.442,3.76,20.83,29128.0,-484.1,-11.0,,0,0,0,3.296,0
2021-03-04 03:00:00,2021,3,3,3,24306.0,519.3,56.9,17.2,1.54,384.0,147.7,12.623,0.083,18.781,3.296,4.214,10.036,24.335,27254.0,5.166,3.782,15.15,29128.0,-2135.7,-13.0,2.8,0,0,0,2.563,0
2021-03-04 04:00:00,2021,3,3,4,24091.0,1056.6,58.2,18.7,1.45,371.0,150.6,25.454,0.1675,18.793,2.563,3.276,15.24,16.729,26133.0,5.044,3.354,16.72,29128.0,553.4,-13.0,5.3,0,0,0,2.542,0
2021-03-04 05:00:00,2021,3,3,5,23055.0,2475.9,58.2,39.6,1.92,,149.7,,0.3755,22.125,2.542,6.673,9.897,20.59,25518.0,4.409,3.293,,29128.0,,-12.0,,0,0,0,2.864,0
2021-03-04 06:00:00,2021,3,3,6,22369.0,529.8,58.6,5.1,1.8,326.0,147.9,11.851,0.078,42.192,2.864,13.154,7.372,25.134,23707.0,3.1,3.271,16.1,29128.0,-2074.1,-33.0,6.0,0,0,0,5.299,0
2021-03-04 07:00:00,2021,3,3,7,22191.0,1084.2,60.6,12.5,1.57,337.0,146.1,,0.1583,148.058,5.299,2.036,9.67,19.677,23561.0,5.835,4.136,16.77,29128.0,542.5,11.0,7.9,1,0,0,18.447,1
2021-03-04 08:00:00,2021,3,3,8,21440.0,1061.3,59.2,11.1,1.66,342.0,148.6,22.755,0.1497,99.712,18.447,3.296,11.048,19.899,24695.0,7.286,4.192,17.37,29128.0,521.7,5.0,5.4,1,0,0,12.003,0
2021-03-04 09:00:00,2021,3,3,9,22089.0,1111.5,56.3,19.9,1.92,353.0,148.0,24.553,0.1615,79.003,12.003,2.563,,26.582,24690.0,8.492,4.156,17.82,29128.0,592.2,11.0,0.6,1,0,0,9.798,0
2021-03-04 10:00:00,2021,3,3,10,21178.0,1078.8,,19.6,1.79,333.0,152.3,22.847,0.1503,66.153,9.798,2.542,5.911,20.84,22322.0,9.38,4.176,17.97,29128.0,22.2,-20.0,3.9,1,0,0,7.866,0
2021-03-04 11:00:00,2021,3,3,11,21995.0,2262.6,57.2,35.1,1.79,303.0,155.1,,0.3274,22.082,7.866,2.864,4.76,20.636,22751.0,9.357,4.221,17.22,29128.0,-213.3,-30.0,2.3,1,0,0,2.727,0
2021-03-04 12:00:00,2021,3,3,12,21031.0,547.4,58.7,11.4,2.33,,157.8,11.513,0.0757,74.06,2.727,5.299,8.792,5.111,22897.0,9.931,4.22,18.27,29128.0,17.6,-22.0,5.1,1,0,0,8.745,0
2021-03-04 13:00:00,2021,3,3,13,,499.6,60.1,11.2,2.43,343.0,152.9,10.359,0.0682,84.321,8.745,18.447,10.263,16.193,24345.0,8.493,4.2,18.05,29128.0,-584.6,62.0,6.0,1,0,0,9.817,0
2021-03-04 14:00:00,2021,3,3,14,20170.0,1025.8,59.2,14.0,2.01,319.0,154.6,20.691,0.1361,45.538,9.817,12.003,4.613,5.301,23751.0,7.352,4.195,18.53,29128.0,-35.5,-24.0,6.9,1,0,0,5.157,0
2021-03-04 15:00:00,2021,3,3,15,21098.0,978.8,56.1,12.5,2.15,243.0,149.6,20.651,0.1359,103.338,5.157,,,4.164,23153.0,7.759,4.365,17.3,29128.0,,-76.0,3.2,1,0,0,12.241,0
2021-03-04 16:00:00,2021,3,3,16,21643.0,1101.3,56.4,22.7,2.02,270.0,148.5,23.835,0.1568,37.155,12.241,7.866,3.852,4.389,24489.0,7.2,4.352,17.82,29128.0,22.5,27.0,-0.1,1,0,0,4.515,0
2021-03-04 17:00:00,2021,3,3,17,21454.0,507.7,57.3,11.5,1.97,273.0,151.9,10.892,0.0717,218.538,4.515,,3.32,5.429,25203.0,11.133,5.929,13.88,29128.0,-1754.9,3.0,0.7,1,0,0,26.324,1
2021-03-04 18:00:00,2021,3,3,18,21694.0,500.8,54.0,6.7,1.58,338.0,151.1,10.864,0.0715,22.701,26.324,8.745,2.875,17.119,24977.0,10.136,,13.1,,-46.6,65.0,-4.1,0,0,0,2.765,0
2021-03-04 19:00:00,2021,3,3,19,20398.0,,56.8,31.7,1.29,293.0,147.9,49.927,0.3285,32.918,2.765,9.817,3.509,4.75,24840.0,9.129,,16.52,29128.0,1948.1,-45.0,,0,0,0,3.77,0
2021-03-04 20:00:00,2021,3,3,20,19331.0,560.6,56.2,3.9,1.64,300.0,142.2,10.837,0.0713,46.243,3.77,5.157,2.707,5.598,25287.0,9.106,5.868,14.83,29128.0,-465.2,7.0,,0,0,0,5.019,0
2021-03-04 21:00:00,2021,3,3,21,21499.0,1050.1,55.9,6.7,1.87,298.0,137.0,22.575,0.1485,90.425,5.019,12.241,4.214,4.966,25362.0,8.885,5.875,13.87,29128.0,,-2.0,-1.1,0,0,0,10.915,0
2021-03-04 22:00:00,2021,3,3,22,21613.0,1010.9,56.1,12.5,1.67,272.0,136.6,21.848,0.1437,36.078,10.915,4.515,3.276,18.838,24894.0,8.862,5.844,12.17,,-90.4,-26.0,-1.5,0,0,0,4.378,0
2021-03-04 23:00:00,2021,3,3,23,22118.0,460.9,57.2,5.8,2.17,241.0,141.3,10.194,0.0671,19.286,4.378,26.324,6.673,20.213,,4.874,5.939,11.22,29128.0,-46.8,-31.0,-3.0,0,0,0,2.395,0
2021-03-05 00:00:00,2021,3,4,0,22671.0,442.9,55.6,12.1,1.58,244.0,142.2,10.041,0.0661,21.801,2.395,2.765,13.154,11.41,24504.0,4.875,5.882,12.12,29128.0,-57.9,3.0,-4.8,0,0,0,2.775,0
2021-03-05 01:00:00,2021,3,4,1,,1076.0,55.0,19.9,2.33,252.0,144.2,24.151,0.1589,17.727,2.775,3.77,2.036,15.401,24399.0,4.619,5.875,10.15,29128.0,-1371.7,8.0,-4.0,0,0,0,2.234,0
2021-03-05 02:00:00,2021,3,4,2,21795.0,1013.3,55.6,10.9,1.43,257.0,145.6,,0.1453,,2.234,5.019,3.296,22.927,24482.0,4.888,5.822,11.32,29128.0,452.7,5.0,1.1,0,0,0,6.629,0
2021-03-05 03:00:00,2021,3,4,3,19780.0,509.7,58.7,9.4,1.26,235.0,140.9,10.081,,,6.629,10.915,2.563,10.036,24306.0,3.399,5.844,11.77,29128.0,-540.4,-22.0,1.8,0,0,0,1.98,0
2021-03-05 04:00:00,2021,3,4,4,19995.0,1016.0,55.6,19.9,1.27,298.0,141.4,20.315,0.1337,26.696,1.98,4.378,2.542,15.24,24091.0,,5.829,,29128.0,5.1,63.0,-2.6,0,0,0,2.997,0
2021-03-05 05:00:00,2021,3,4,5,19774.0,480.7,54.5,11.7,1.4,289.0,141.5,,0.0625,31.003,2.997,2.395,2.864,9.897,23055.0,,5.811,13.98,29128.0,19.8,-9.0,-3.7,0,0,0,3.442,0
2021-03-05 06:00:00,2021,3,4,6,20789.0,445.9,56.4,3.2,1.82,297.0,144.3,9.269,0.061,55.919,3.442,2.775,5.299,7.372,22369.0,3.968,5.8,12.5,29128.0,3.0,8.0,-2.2,0,0,0,6.527,0
2021-03-05 07:00:00,2021,3,4,7,20213.0,493.2,54.4,0.0,1.66,320.0,133.2,9.97,0.0656,96.204,6.527,2.234,18.447,9.67,22191.0,5.415,5.353,9.18,29128.0,-582.8,23.0,-6.2,0,0,0,10.918,0
2021-03-05 08:00:00,2021,3,4,8,19459.0,477.9,54.6,5.3,1.35,337.0,133.8,9.299,0.0612,45.692,10.918,6.629,12.003,11.048,21440.0,5.143,5.253,8.25,29128.0,-535.4,17.0,-4.6,0,0,0,4.992,0
2021-03-05 09:00:00,2021,3,4,9,18581.0,,55.2,8.8,1.8,355.0,131.6,17.618,0.1159,75.927,4.992,1.98,9.798,10.603,22089.0,6.133,5.218,8.15,29128.0,438.5,18.0,-1.1,0,0,0,7.921,0
2021-03-05 10:00:00,2021,3,4,10,16710.0,2254.4,52.3,30.6,1.01,345.0,132.8,37.671,0.2478,46.909,7.921,2.997,7.866,5.911,21178.0,6.367,5.228,9.93,29128.0,1238.4,-10.0,-5.6,0,0,0,4.401,0
2021-03-05 11:00:00,2021,3,4,11,16211.0,486.6,50.4,8.1,1.12,305.0,128.8,7.888,0.0519,31.389,4.401,3.442,2.727,4.76,21995.0,6.269,5.224,9.33,29128.0,5.9,-40.0,-6.8,0,0,0,2.857,0
2021-03-05 12:00:00,2021,3,4,12,16312.0,926.9,52.0,12.3,1.01,293.0,131.8,15.12,0.0995,44.516,2.857,6.527,8.745,8.792,21031.0,5.861,5.22,10.85,,481.0,-12.0,-6.7,0,0,0,4.077,0
2021-03-05 13:00:00,2021,3,4,13,,887.2,56.1,4.5,0.9,315.0,137.2,14.301,0.0941,99.528,4.077,10.918,9.817,10.263,20736.0,5.543,5.198,11.6,29128.0,394.0,22.0,,0,0,0,9.008,0
2021-03-05 14:00:00,2021,3,4,14,17574.0,915.1,51.9,21.3,1.23,252.0,140.6,16.082,0.1058,37.519,9.008,4.992,5.157,4.613,20170.0,5.328,5.219,14.27,,437.2,-63.0,-7.3,0,0,0,3.702,0
2021-03-05 15:00:00,2021,3,4,15,17228.0,921.6,53.4,12.1,1.47,299.0,145.7,15.878,0.1045,,3.702,7.921,12.241,3.787,21098.0,4.658,5.069,14.82,29128.0,-26.6,47.0,-2.7,0,0,0,3.9,0
2021-03-05 16:00:00,2021,3,4,16,,536.8,51.7,11.4,1.58,336.0,147.0,9.529,,44.264,3.9,4.401,4.515,3.852,21643.0,4.659,,11.62,29128.0,-1717.6,37.0,-4.7,0,0,0,4.412,0
2021-03-05 17:00:00,2021,3,4,17,,,55.3,9.2,1.53,360.0,,15.597,0.1026,56.362,4.412,2.857,26.324,3.32,21454.0,5.055,2.556,11.8,29128.0,457.1,24.0,-2.0,0,0,0,5.23,0
2021-03-05 18:00:00,2021,3,4,18,16784.0,544.3,51.8,,1.13,363.0,146.8,,,,5.23,4.077,2.765,2.875,21694.0,4.898,2.543,11.53,29128.0,-382.6,3.0,-2.2,0,0,0,3.134,0
2021-03-05 19:00:00,2021,3,4,19,17558.0,910.9,51.5,9.8,1.63,372.0,146.2,15.993,0.1052,,3.134,9.008,3.77,3.509,20398.0,3.973,2.55,12.42,29128.0,23.7,9.0,-5.3,0,0,0,3.462,0
2021-03-05 20:00:00,2021,3,4,20,17929.0,487.2,52.3,2.0,1.55,372.0,142.3,8.735,,73.383,3.462,3.702,5.019,2.707,19331.0,4.587,2.601,9.2,29128.0,,0.0,-3.9,0,0,0,7.387,0
2021-03-05 21:00:00,2021,3,4,21,18598.0,984.2,56.2,19.4,1.59,372.0,144.9,18.305,0.1204,30.693,7.387,3.9,10.915,4.214,21499.0,4.472,2.295,10.42,29128.0,62.6,0.0,0.3,0,0,0,3.205,0
2021-03-05 22:00:00,2021,3,4,22,,1006.9,52.6,6.7,0.92,367.0,145.3,18.14,0.1193,89.751,3.205,4.412,4.378,3.276,21613.0,,2.463,9.63,29128.0,470.1,-5.0,,0,0,0,9.078,0
2021-03-05 23:00:00,2021,3,4,23,19784.0,1015.4,52.1,12.2,0.42,424.0,142.0,20.089,0.1322,41.304,9.078,5.23,2.395,6.673,22118.0,5.142,2.408,10.13,29128.0,71.7,57.0,-5.1,0,0,0,4.588,0
2021-03-06 00:00:00,2021,3,5,0,18106.0,460.6,49.0,3.4,0.67,398.0,145.8,8.34,0.0549,49.47,4.588,,2.775,13.154,22671.0,5.458,2.363,8.92,29128.0,-83.7,-26.0,-6.6,0,0,0,5.029,0
2021-03-06 01:00:00,2021,3,5,1,18650.0,1021.6,54.7,2.4,0.35,400.0,140.8,19.054,0.1254,134.073,5.029,3.462,2.234,2.036,22445.0,7.221,2.916,7.68,29128.0,110.7,2.0,-0.3,0,0,0,14.039,0
2021-03-06 02:00:00,2021,3,5,2,,1003.8,51.4,13.7,0.27,432.0,,17.643,0.1161,,14.039,7.387,6.629,3.296,21795.0,6.497,2.949,9.63,29128.0,516.6,32.0,-4.2,0,0,0,3.042,0
2021-03-06 03:00:00,2021,3,5,3,17033.0,973.4,53.4,9.8,0.29,411.0,141.7,,0.1091,42.036,3.042,3.205,1.98,2.563,19780.0,6.633,2.875,8.03,29128.0,-10.8,-21.0,-5.3,0,0,0,4.02,0
2021-03-06 04:00:00,2021,3,5,4,17699.0,,53.7,4.6,0.28,355.0,142.1,8.338,0.0549,27.704,4.02,,2.997,2.542,19995.0,5.578,2.885,7.68,29128.0,-535.8,-56.0,-1.9,0,0,0,2.753,0
2021-03-06 05:00:00,2021,3,5,5,,418.0,55.9,3.2,0.64,375.0,144.9,7.625,0.0502,42.369,2.753,4.588,3.442,2.864,19774.0,5.537,2.863,6.18,29128.0,-597.4,20.0,1.4,0,0,0,4.339,0
2021-03-06 06:00:00,2021,3,5,6,18643.0,464.8,53.3,9.2,0.85,352.0,139.6,8.666,0.057,19.25,4.339,5.029,6.527,5.299,20789.0,5.035,2.94,7.15,29128.0,4.2,,-3.1,0,0,0,2.015,0
2021-03-06 07:00:00,2021,3,5,7,,1036.5,50.4,19.3,1.85,381.0,137.3,20.094,0.1322,16.584,2.015,14.039,10.918,18.447,20213.0,2.996,2.768,9.97,29128.0,14.9,29.0,-4.0,0,0,0,1.805,0
2021-03-06 08:00:00,2021,3,5,8,19161.0,982.6,,20.6,1.61,367.0,141.6,18.828,,18.786,1.805,,4.992,12.003,19459.0,2.826,2.831,11.12,29128.0,-21.2,-14.0,-1.9,0,0,0,2.021,0
2021-03-06 09:00:00,2021,3,5,9,20372.0,946.1,52.0,7.7,1.88,315.0,134.2,19.275,0.1268,64.251,2.021,4.02,7.921,9.798,18581.0,3.38,2.806,10.77,29128.0,-27.3,-52.0,-3.2,0,0,0,7.349,0
2021-03-06 10:00:00,2021,3,5,10,19579.0,895.8,53.2,19.2,2.01,380.0,134.8,17.539,0.1154,14.873,7.349,2.753,4.401,7.866,16710.0,3.194,2.879,13.2,29128.0,424.7,65.0,0.9,0,0,0,1.635,0
2021-03-06 11:00:00,2021,3,5,11,18522.0,870.4,53.6,7.3,2.07,326.0,138.1,16.121,0.1061,47.618,1.635,4.339,2.857,2.727,16211.0,3.296,2.853,13.88,29128.0,452.4,-54.0,3.2,0,0,0,4.952,0
2021-03-06 12:00:00,2021,3,5,12,17741.0,857.8,51.8,2.9,2.0,307.0,138.7,15.218,0.1001,94.791,4.952,2.015,4.077,8.745,16312.0,,3.003,12.83,29128.0,393.0,-19.0,-0.2,0,0,0,9.442,0
2021-03-06 13:00:00,2021,3,5,13,18371.0,846.5,53.6,14.9,2.21,339.0,137.9,15.551,0.1023,18.731,9.442,1.805,9.008,9.817,16120.0,4.555,2.937,12.1,29128.0,-190.0,32.0,-2.5,0,0,0,1.932,0
2021-03-06 14:00:00,2021,3,5,14,19304.0,,52.7,12.7,1.77,299.0,137.7,17.006,0.1119,14.578,1.932,2.021,3.702,5.157,17574.0,4.482,3.0,10.78,29128.0,,-40.0,0.8,0,0,0,1.58,0
2021-03-06 15:00:00,2021,3,5,15,18299.0,495.6,50.1,10.3,1.38,271.0,134.2,9.07,,13.889,1.58,7.349,3.9,12.241,17228.0,3.495,3.066,11.22,,-450.5,-28.0,-3.3,0,0,0,1.427,0
2021-03-06 16:00:00,2021,3,5,16,17061.0,2548.5,48.1,27.2,1.34,258.0,136.3,43.481,0.2861,43.386,1.427,1.635,4.412,,17753.0,3.915,3.067,12.55,29128.0,1652.7,-13.0,-3.6,0,0,0,4.156,0
2021-03-06 17:00:00,2021,3,5,17,16933.0,2416.6,51.3,31.3,1.0,260.0,138.1,40.921,0.2692,17.965,4.156,,5.23,26.324,16527.0,3.374,3.114,16.55,29128.0,,,-4.0,0,0,0,1.708,0
2021-03-06 18:00:00,2021,3,5,18,,896.8,49.8,5.3,1.24,311.0,128.9,15.134,0.0996,75.883,1.708,9.442,3.134,2.765,16784.0,2.999,3.155,16.95,29128.0,39.0,51.0,-2.0,0,0,0,7.19,0
2021-03-06 19:00:00,2021,3,5,19,16176.0,2531.9,50.5,27.3,0.71,311.0,132.0,40.957,0.2695,34.331,7.19,1.932,3.462,3.77,17558.0,3.197,,19.02,,1685.4,0.0,-1.0,0,0,0,3.118,0
2021-03-06 20:00:00,2021,3,5,20,15132.0,2461.2,51.5,25.3,1.41,383.0,132.1,37.243,0.245,36.888,3.118,1.58,7.387,5.019,17929.0,3.456,3.111,21.12,29128.0,1580.2,72.0,,0,0,0,3.134,0
2021-03-06 21:00:00,2021,3,5,21,14773.0,889.2,48.2,3.9,0.95,356.0,129.2,13.136,,101.803,3.134,1.427,3.205,10.915,18598.0,4.625,3.212,20.05,29128.0,393.6,-27.0,-8.0,0,0,0,8.444,0
2021-03-06 22:00:00,2021,3,5,22,16086.0,799.5,51.6,10.2,0.43,320.0,135.6,12.861,0.0846,34.567,8.444,4.156,9.078,4.378,18015.0,4.453,3.072,17.22,29128.0,-1749.0,-36.0,-1.0,0,0,0,3.122,0
2021-03-06 23:00:00,2021,3,5,23,16052.0,,53.1,15.0,0.93,349.0,138.5,12.775,0.084,39.19,3.122,1.708,4.588,2.395,19784.0,4.757,3.075,,29128.0,-1620.7,29.0,1.0,0,0,0,3.532,0
2021-03-07 00:00:00,2021,3,6,0,16497.0,434.5,52.5,4.4,0.7,306.0,137.2,7.168,0.0472,27.865,3.532,7.19,5.029,2.775,18106.0,3.988,3.089,14.35,29128.0,-462.3,-43.0,3.5,0,0,0,2.581,0
2021-03-07 01:00:00,2021,3,6,1,,428.6,52.2,3.5,0.2,329.0,,7.071,0.0465,46.025,2.581,3.118,14.039,2.234,,4.179,2.259,10.38,29128.0,-2103.3,23.0,-2.5,0,0,0,4.263,0
2021-03-07 02:00:00,2021,3,6,2,16778.0,928.8,52.6,11.4,0.43,,134.8,15.584,,40.042,4.263,3.134,3.042,6.629,17576.0,,2.255,8.07,29128.0,-1532.4,18.0,1.2,0,0,0,3.772,0
2021-03-07 03:00:00,2021,3,6,3,16122.0,929.5,53.6,11.3,0.2,333.0,134.6,14.985,0.0986,41.417,3.772,8.444,4.02,1.98,17033.0,3.503,2.254,9.3,29128.0,40.3,,0.2,0,0,0,3.749,0
2021-03-07 04:00:00,2021,3,6,4,15337.0,477.9,52.2,0.0,0.2,313.0,131.4,7.33,0.0482,98.756,3.749,3.122,2.753,,17699.0,4.4,2.441,7.6,,-321.6,-20.0,-1.5,0,0,0,8.504,0
2021-03-07 05:00:00,2021,3,6,5,15146.0,886.1,55.9,4.0,0.33,369.0,129.4,13.42,0.0883,,8.504,3.532,4.339,3.442,18240.0,5.229,2.609,5.77,29128.0,90.2,56.0,0.0,0,0,0,8.503,0
2021-03-07 06:00:00,2021,3,6,6,14655.0,871.9,55.4,7.1,0.59,350.0,131.0,12.778,0.0841,60.086,8.503,2.581,2.015,6.527,18643.0,5.622,2.573,6.22,29128.0,437.4,-19.0,,0,0,0,4.944,0
2021-03-07 07:00:00,2021,3,6,7,13677.0,783.2,55.3,0.2,,412.0,,10.712,0.0705,139.887,4.944,4.263,1.805,10.918,19385.0,6.702,2.832,5.67,29128.0,354.6,62.0,4.9,0,0,0,10.742,0
2021-03-07 08:00:00,2021,3,6,8,14155.0,442.0,56.6,0.0,1.04,355.0,,6.256,0.0412,91.904,10.742,3.772,2.021,4.992,19161.0,7.291,2.823,3.77,29128.0,-486.8,-57.0,3.9,0,0,0,7.304,0
2021-03-07 09:00:00,2021,3,6,9,14935.0,854.5,53.5,0.1,1.4,362.0,133.4,12.763,0.084,139.469,7.304,3.749,7.349,7.921,,8.615,3.113,1.9,29128.0,-75.0,7.0,1.5,0,0,0,11.695,0
2021-03-07 10:00:00,2021,3,6,10,14327.0,427.5,56.0,16.0,2.0,377.0,134.3,,0.0403,42.678,11.695,8.504,1.635,4.401,19579.0,7.77,3.048,4.57,29128.0,-50.4,15.0,2.8,0,0,0,3.433,0
2021-03-07 11:00:00,2021,3,6,11,14222.0,408.4,53.3,3.7,1.56,398.0,130.4,5.809,0.0382,43.281,3.433,,4.952,2.857,18522.0,6.929,3.067,4.52,29128.0,-477.7,21.0,-0.3,0,0,0,3.456,0
2021-03-07 12:00:00,2021,3,6,12,14345.0,381.8,52.2,0.0,1.86,417.0,129.6,5.477,0.036,79.351,3.456,4.944,9.442,4.077,17741.0,7.17,2.939,3.33,29128.0,-490.1,19.0,0.4,0,0,0,6.391,0
2021-03-07 13:00:00,2021,3,6,13,14197.0,394.5,51.7,3.4,2.12,393.0,127.7,5.601,0.0368,34.826,6.391,10.742,1.932,9.008,18371.0,5.842,2.906,3.87,29128.0,-388.7,-24.0,-1.9,0,0,0,2.776,0
2021-03-07 14:00:00,2021,3,6,14,,369.0,52.4,5.4,2.4,405.0,135.6,5.298,0.0349,27.202,2.776,7.304,1.58,3.702,19304.0,4.991,2.877,4.77,29128.0,-73.0,12.0,-0.3,0,0,0,2.193,0
2021-03-07 15:00:00,2021,3,6,15,,758.9,,4.2,3.51,395.0,136.1,10.275,0.0676,80.859,2.193,11.695,1.427,3.9,18299.0,4.066,2.782,5.45,29128.0,-95.6,,0.0,0,0,0,6.147,0
2021-03-07 16:00:00,2021,3,6,16,12817.0,794.7,50.6,11.4,3.32,399.0,136.5,10.185,0.067,52.278,6.147,3.433,4.156,4.412,17061.0,4.121,,4.68,29128.0,367.2,4.0,2.5,0,0,0,3.762,0
2021-03-07 17:00:00,2021,3,6,17,12755.0,414.4,49.5,12.2,3.61,329.0,,5.285,0.0348,52.406,3.762,3.456,1.708,5.23,,4.17,2.708,6.1,29128.0,6.0,-70.0,-1.8,0,0,0,3.753,0
2021-03-07 18:00:00,2021,3,6,18,14351.0,2005.5,49.5,29.9,3.48,327.0,137.7,28.78,0.1893,52.634,3.753,6.391,7.19,3.134,16876.0,3.812,2.684,,,1623.7,-2.0,-0.3,0,0,0,4.241,0
2021-03-07 19:00:00,2021,3,6,19,12792.0,736.4,50.5,5.9,,362.0,139.6,9.42,0.062,61.068,4.241,2.776,3.118,,16176.0,4.08,2.655,11.5,29128.0,341.9,35.0,0.0,0,0,0,4.386,0
2021-03-07 20:00:00,2021,3,6,20,12867.0,2012.4,52.2,9.7,3.71,380.0,130.8,25.893,0.1704,165.76,4.386,2.193,3.134,7.387,15132.0,5.711,2.952,12.22,29128.0,1643.4,18.0,0.7,0,0,0,11.975,0
2021-03-07 21:00:00,2021,3,6,21,14183.0,1233.7,51.3,12.7,3.88,335.0,132.0,17.498,0.1151,39.118,11.975,6.147,8.444,3.205,14773.0,5.205,2.927,13.63,29128.0,474.8,-45.0,3.1,0,0,0,3.115,0
2021-03-07 22:00:00,2021,3,6,22,14100.0,542.3,53.1,0.0,3.48,405.0,133.7,7.647,0.0503,116.566,3.115,3.762,3.122,9.078,16086.0,6.116,2.99,11.73,29128.0,-252.4,70.0,1.5,0,0,0,9.228,0
2021-03-07 23:00:00,2021,3,6,23,14798.0,,54.0,38.7,2.95,347.0,132.1,47.355,0.3115,48.733,9.228,3.753,3.532,4.588,16052.0,6.166,2.976,16.15,29128.0,2785.6,-58.0,0.9,0,0,0,4.049,0
2021-03-08 00:00:00,2021,3,0,0,14406.0,3200.0,51.8,26.8,2.53,379.0,135.1,46.098,0.3033,106.536,,4.241,2.581,,16497.0,6.895,2.963,15.63,29128.0,1194.5,32.0,-0.7,0,0,0,8.617,0
2021-03-08 01:00:00,2021,3,0,1,14830.0,1185.9,54.8,6.8,,395.0,131.1,17.587,0.1157,115.776,8.617,4.386,4.263,14.039,16497.0,7.771,3.038,15.78,29128.0,449.5,16.0,2.6,0,0,0,9.64,0
2021-03-08 02:00:00,2021,3,0,2,13792.0,1215.1,55.0,10.5,3.39,349.0,135.8,16.759,0.1103,60.075,,11.975,3.772,3.042,16778.0,6.55,3.014,15.92,29128.0,-797.3,-46.0,2.4,0,0,0,4.652,0
2021-03-08 03:00:00,2021,3,0,3,12409.0,1209.0,55.3,13.4,2.9,346.0,130.4,15.003,0.0987,55.03,4.652,3.115,3.749,4.02,16122.0,6.67,,16.03,,-24.7,-3.0,1.7,0,0,0,3.834,0
2021-03-08 04:00:00,2021,3,0,4,12948.0,1109.2,53.7,1.3,2.65,352.0,128.8,14.362,0.0945,181.34,,9.228,8.504,2.753,15337.0,7.329,3.308,16.25,29128.0,566.9,6.0,1.5,0,0,0,13.183,0
2021-03-08 05:00:00,2021,3,0,5,11835.0,1198.2,53.7,,3.11,353.0,130.5,14.181,0.0933,195.49,13.183,4.049,8.503,4.339,15146.0,8.819,3.553,9.87,29128.0,-2001.8,1.0,-2.2,0,0,0,12.99,0
2021-03-08 06:00:00,2021,3,0,6,,1176.2,54.0,3.0,3.29,326.0,,14.252,,141.213,12.99,8.617,4.944,2.015,14655.0,8.984,3.591,5.9,29128.0,-2023.8,-27.0,-1.4,0,0,0,9.607,0
2021-03-08 07:00:00,2021,3,0,7,11584.0,648.9,54.5,6.6,3.54,342.0,137.8,7.516,0.0494,43.712,9.607,9.64,10.742,1.805,13677.0,7.852,3.568,5.87,29128.0,-537.0,16.0,-0.8,0,0,0,2.843,0
2021-03-08 08:00:00,2021,3,0,8,10780.0,683.2,55.3,7.5,3.15,313.0,130.0,7.366,0.0485,56.786,2.843,4.652,7.304,2.021,14155.0,7.649,3.611,5.37,29128.0,-531.9,-29.0,-1.3,0,0,0,3.437,0
2021-03-08 09:00:00,2021,3,0,9,11371.0,,54.8,6.5,3.61,342.0,134.4,7.938,,42.777,3.437,3.834,11.695,7.349,14935.0,7.465,3.482,4.22,29128.0,-510.9,29.0,1.3,0,0,0,2.731,0
2021-03-08 10:00:00,2021,3,0,10,10726.0,777.2,54.0,0.0,4.04,316.0,149.5,8.337,0.0548,155.873,2.731,13.183,3.433,1.635,14327.0,6.832,3.514,4.0,29128.0,-332.0,-26.0,-2.0,0,0,0,9.387,0
2021-03-08 11:00:00,2021,3,0,11,11100.0,1253.9,50.9,0.8,3.49,317.0,145.7,13.918,,222.137,9.387,12.99,3.456,4.952,14222.0,6.975,3.803,4.07,29128.0,55.7,,-2.4,0,0,0,13.844,0
2021-03-08 12:00:00,2021,3,0,12,11635.0,3200.0,55.9,34.2,3.25,295.0,148.5,37.233,0.245,,13.844,9.607,6.391,9.442,14345.0,6.165,3.82,9.27,29128.0,2023.8,-22.0,3.7,0,0,0,4.748,0
2021-03-08 13:00:00,2021,3,0,13,12435.0,716.7,56.8,1.7,3.3,280.0,155.2,8.912,0.0586,104.501,,2.843,2.776,1.932,14197.0,6.907,3.741,8.45,29128.0,67.8,-15.0,5.1,0,0,0,7.296,0
2021-03-08 14:00:00,2021,3,0,14,12315.0,677.2,54.6,0.0,,277.0,,8.34,0.0549,131.726,7.296,3.437,2.193,1.58,14359.0,7.852,3.648,,29128.0,-6.0,-3.0,2.2,0,0,0,9.108,0
2021-03-08 15:00:00,2021,3,0,15,13837.0,659.2,54.1,13.3,3.75,345.0,150.5,9.122,0.06,46.789,9.108,2.731,6.147,1.427,13540.0,8.003,3.707,8.33,,-38.9,68.0,4.0,0,0,0,3.635,0
2021-03-08 16:00:00,2021,3,0,16,,1164.7,56.4,4.6,3.82,371.0,149.7,15.051,0.099,142.646,3.635,9.387,3.762,4.156,12817.0,,,9.1,29128.0,387.5,26.0,5.8,0,0,0,10.35,0
2021-03-08 17:00:00,2021,3,0,17,13820.0,1216.4,53.4,13.1,4.62,383.0,148.1,16.812,0.1106,68.588,10.35,13.844,3.753,1.708,12755.0,6.743,3.665,11.15,29128.0,-37.5,12.0,,0,0,0,5.322,0
2021-03-08 18:00:00,2021,3,0,18,14547.0,1224.5,55.0,6.5,4.36,351.0,146.6,17.813,0.1172,132.476,5.322,4.748,4.241,7.19,14351.0,7.755,3.682,6.53,,-1975.5,-32.0,5.5,0,0,0,10.82,0
2021-03-08 19:00:00,2021,3,0,19,15329.0,3095.2,57.4,42.0,4.16,343.0,143.4,47.447,0.3122,60.407,10.82,7.296,4.386,3.118,12792.0,7.406,3.656,,29128.0,2378.5,-8.0,6.9,0,0,0,5.199,0
2021-03-08 20:00:00,2021,3,0,20,14579.0,3093.7,57.0,19.6,4.41,317.0,,,0.2967,218.081,5.199,9.108,11.975,3.134,12867.0,8.863,4.135,16.52,29128.0,2416.5,-26.0,4.8,0,0,0,17.851,0
2021-03-08 21:00:00,2021,3,0,21,14690.0,3030.2,53.2,28.9,4.35,336.0,143.3,44.513,0.2928,58.949,17.851,3.635,3.115,8.444,14183.0,9.067,4.065,19.12,29128.0,2371.0,19.0,1.9,0,0,0,4.862,0
2021-03-08 22:00:00,2021,3,0,22,15643.0,2813.2,52.2,34.3,,316.0,146.7,,0.2895,54.959,4.862,10.35,9.228,3.122,14100.0,8.147,4.097,24.07,29128.0,1648.5,-20.0,-0.9,0,0,0,4.827,0
2021-03-08 23:00:00,2021,3,0,23,,1216.3,54.5,10.1,3.95,355.0,143.9,19.554,0.1286,76.246,4.827,5.322,4.049,3.532,14798.0,8.407,,23.57,29128.0,-0.1,39.0,0.5,0,0,0,6.882,0
2021-03-09 00:00:00,2021,3,1,0,16313.0,1206.9,52.9,12.5,4.68,336.0,150.2,19.689,0.1295,52.309,6.882,10.82,8.617,2.581,14406.0,7.402,4.07,24.57,29128.0,-17.6,-19.0,1.1,0,0,0,4.791,0
2021-03-09 01:00:00,2021,3,1,1,16568.0,1164.1,52.8,16.1,4.33,314.0,145.8,19.287,0.1269,38.915,4.791,5.199,9.64,4.263,14830.0,7.139,4.122,20.25,29128.0,-1931.1,-22.0,-2.0,0,0,0,3.62,0
2021-03-09 02:00:00,2021,3,1,2,16192.0,1103.8,47.6,13.8,4.84,330.0,142.4,17.873,0.1176,35.738,3.62,17.851,4.652,3.772,13792.0,4.705,4.171,19.28,29128.0,-1989.9,16.0,-7.4,0,0,0,3.249,0
2021-03-09 03:00:00,2021,3,1,3,16505.0,564.3,49.4,0.0,4.43,357.0,137.2,9.314,0.0613,102.818,3.249,4.862,3.834,3.749,12409.0,5.483,4.129,14.47,29128.0,-2465.9,27.0,-5.9,0,0,0,9.528,0
2021-03-09 04:00:00,2021,3,1,4,16168.0,586.0,56.7,4.9,4.13,328.0,128.3,9.474,0.0623,49.143,9.528,4.827,13.183,8.504,12948.0,5.422,3.989,9.57,29128.0,-2227.2,-29.0,3.0,0,0,0,4.461,0
2021-03-09 05:00:00,2021,3,1,5,16680.0,558.8,53.8,9.8,4.45,267.0,136.3,9.32,0.0613,30.838,4.461,6.882,12.99,,11835.0,4.756,3.877,9.52,29128.0,-657.5,-61.0,0.1,0,0,0,2.888,0
2021-03-09 06:00:00,2021,3,1,6,,1140.6,53.5,14.7,4.61,314.0,135.3,19.138,0.1259,33.564,2.888,4.791,9.607,,12117.0,4.485,,9.88,29128.0,-66.3,47.0,-0.5,0,0,0,3.162,0
2021-03-09 07:00:00,2021,3,1,7,16342.0,1188.7,52.8,19.9,3.84,290.0,,19.425,0.1278,47.083,3.162,3.62,2.843,10.742,11584.0,4.601,3.843,10.52,29128.0,24.6,-24.0,-1.7,0,0,0,4.32,0
2021-03-09 08:00:00,2021,3,1,8,17020.0,534.0,53.6,8.2,3.6,332.0,133.7,9.089,0.0598,46.766,4.32,3.249,3.437,7.304,10780.0,4.805,3.813,9.58,29128.0,-569.8,42.0,-1.7,0,0,0,4.469,0
2021-03-09 09:00:00,2021,3,1,9,19486.0,1253.3,54.5,19.7,,334.0,130.4,24.422,0.1607,46.085,4.469,9.528,2.731,11.695,11371.0,4.057,3.74,12.87,29128.0,689.0,2.0,-0.3,0,0,0,5.042,0
2021-03-09 10:00:00,2021,3,1,10,18203.0,1281.1,51.7,6.9,4.13,363.0,124.1,23.32,0.1534,141.015,5.042,4.461,9.387,3.433,10726.0,5.716,4.029,13.2,29128.0,695.1,29.0,-2.3,0,0,0,14.412,0
2021-03-09 11:00:00,2021,3,1,11,18493.0,1266.7,53.4,15.6,3.78,386.0,120.5,23.424,0.1541,52.653,14.412,2.888,13.844,3.456,11100.0,6.145,3.752,14.17,29128.0,707.9,23.0,2.5,0,0,0,5.467,0
2021-03-09 12:00:00,2021,3,1,12,17768.0,523.1,55.5,2.9,3.83,,116.6,9.295,0.0612,87.159,5.467,3.162,4.748,6.391,11635.0,7.068,3.757,12.2,29128.0,-617.5,-10.0,-0.4,0,0,0,8.695,0
2021-03-09 13:00:00,2021,3,1,13,18198.0,,55.4,11.4,3.65,372.0,119.4,10.028,0.066,51.51,8.695,4.32,7.296,2.776,12435.0,7.225,3.766,10.78,29128.0,-637.6,-4.0,-1.4,0,0,0,5.263,0
2021-03-09 14:00:00,2021,3,1,14,18173.0,1256.8,53.1,15.8,3.77,383.0,113.8,22.84,0.1503,49.944,5.263,4.469,9.108,2.193,12315.0,7.329,3.738,12.05,29128.0,722.8,11.0,,0,0,0,5.096,0
2021-03-09 15:00:00,2021,3,1,15,18962.0,1219.1,56.3,16.3,,366.0,108.3,23.118,0.1521,52.018,5.096,5.042,3.635,6.147,13837.0,7.412,3.696,11.48,29128.0,-34.2,-17.0,2.2,0,0,0,5.538,0
2021-03-09 16:00:00,2021,3,1,16,20098.0,1598.5,55.6,22.0,4.46,386.0,113.1,32.127,0.2114,,5.538,14.412,10.35,,12923.0,5.9,3.61,14.0,29128.0,317.4,20.0,-0.8,0,0,0,5.338,0
2021-03-09 17:00:00,2021,3,1,17,20050.0,1275.0,49.9,23.3,4.15,427.0,114.5,25.563,0.1682,49.506,5.338,5.467,5.322,3.753,13820.0,5.917,3.608,15.28,29128.0,8.3,41.0,-3.5,0,0,0,5.573,0
2021-03-09 18:00:00,2021,3,1,18,21210.0,1580.2,53.9,19.3,3.62,414.0,109.7,33.517,,71.159,5.573,8.695,10.82,4.241,,5.88,3.511,18.02,29128.0,1057.1,-13.0,,0,0,0,8.474,0
2021-03-09 19:00:00,2021,3,1,19,19157.0,,52.7,7.9,3.15,376.0,107.6,,0.0635,51.851,8.474,5.263,5.199,4.386,15329.0,5.933,3.507,17.43,29128.0,-47.3,-38.0,-4.7,0,0,0,5.577,0
2021-03-09 20:00:00,2021,3,1,20,20206.0,1270.6,52.5,11.4,3.54,424.0,109.6,25.674,0.1689,107.661,5.577,5.096,17.851,11.975,14579.0,7.119,2.815,16.7,29128.0,13.8,48.0,-4.5,0,0,0,12.214,0
2021-03-09 21:00:00,2021,3,1,21,21269.0,1509.9,51.0,21.6,3.39,442.0,102.4,32.114,,70.082,12.214,5.538,4.862,3.115,14690.0,7.591,2.844,,29069.0,290.8,,-2.2,1,0,0,8.369,0
2021-03-09 22:00:00,2021,3,1,22,21721.0,470.7,53.7,0.0,3.05,435.0,99.4,10.225,0.0673,117.175,8.369,5.338,,9.228,15643.0,9.083,3.278,13.92,28644.0,-1127.8,-7.0,1.5,1,0,0,14.29,0
2021-03-09 23:00:00,2021,3,1,23,20709.0,1230.9,54.3,12.3,3.26,437.0,105.0,25.49,0.1677,137.556,14.29,5.573,6.882,4.049,16076.0,10.82,3.806,12.08,28644.0,-44.1,2.0,-0.2,1,0,0,15.994,0
2021-03-10 00:00:00,2021,3,2,0,20039.0,465.9,53.3,4.2,2.94,403.0,99.6,9.335,0.0614,109.243,15.994,8.474,4.791,8.617,16313.0,11.456,3.93,9.57,28644.0,-1114.3,-34.0,0.4,1,0,0,12.291,0
2021-03-10 01:00:00,2021,3,2,1,20648.0,1273.3,54.0,18.4,2.67,425.0,103.7,26.29,0.173,148.271,12.291,5.577,3.62,9.64,16568.0,13.391,4.344,11.32,28564.0,769.5,22.0,,1,0,0,17.189,0
2021-03-10 02:00:00,2021,3,2,2,20961.0,452.5,47.5,0.0,2.76,408.0,99.0,9.485,0.0624,228.674,17.189,12.214,,4.652,16192.0,15.841,5.732,9.42,27254.0,-818.1,-17.0,-0.1,1,0,0,26.912,1
2021-03-10 03:00:00,2021,3,2,3,20680.0,1332.0,49.2,18.4,2.95,354.0,103.7,27.546,0.1812,48.807,26.912,,,3.834,16505.0,15.391,5.764,8.88,26133.0,-177.9,-54.0,-0.2,0,0,0,5.667,0
2021-03-10 04:00:00,2021,3,2,4,21586.0,1358.9,52.3,22.0,2.75,335.0,102.1,29.333,0.193,49.993,5.667,14.29,4.461,13.183,16168.0,14.019,5.723,12.55,25518.0,888.2,-19.0,-4.4,0,0,0,6.059,0
2021-03-10 05:00:00,2021,3,2,5,20664.0,505.9,51.1,1.6,3.43,318.0,106.8,10.454,0.0688,92.95,6.059,15.994,2.888,12.99,,13.15,5.602,10.77,,-725.0,-17.0,-2.7,0,0,0,10.784,0
2021-03-10 06:00:00,2021,3,2,6,20575.0,520.5,51.6,7.6,3.17,333.0,108.6,10.708,0.0704,47.732,10.784,12.291,3.162,9.607,16779.0,12.021,5.515,11.33,25362.0,54.6,15.0,-1.9,0,0,0,5.514,0
2021-03-10 07:00:00,2021,3,2,7,21743.0,,48.6,11.2,2.71,297.0,101.1,11.533,0.0759,43.988,5.514,17.189,,2.843,16342.0,10.051,5.479,10.13,25362.0,-742.9,-36.0,-4.2,0,0,0,5.37,0
2021-03-10 08:00:00,2021,3,2,8,21761.0,500.7,49.2,3.6,2.28,302.0,101.5,10.895,0.0717,73.491,5.37,26.912,4.469,3.437,17020.0,7.062,5.388,10.73,25362.0,48.2,5.0,-4.4,0,0,0,8.979,0
2021-03-10 09:00:00,2021,3,2,9,19140.0,1235.8,51.4,17.5,1.63,356.0,99.6,23.653,0.1556,50.613,8.979,5.667,5.042,2.731,19486.0,7.024,5.375,10.58,25362.0,,54.0,,0,0,0,5.439,0
2021-03-10 10:00:00,2021,3,2,10,20353.0,1664.2,46.8,27.5,2.73,353.0,96.1,33.871,0.2228,55.192,5.439,6.059,14.412,,18203.0,7.066,5.298,11.5,25362.0,305.3,-3.0,,0,0,0,6.307,0
2021-03-10 11:00:00,2021,3,2,11,18396.0,566.2,50.9,11.8,2.36,306.0,96.7,10.415,0.0685,51.575,6.307,10.784,5.467,13.844,18493.0,6.156,5.302,13.2,25362.0,60.3,-47.0,-2.5,0,0,0,5.327,0
2021-03-10 12:00:00,2021,3,2,12,19098.0,1249.8,49.8,16.0,1.82,325.0,100.1,23.868,0.157,52.02,5.327,5.514,8.695,4.748,17768.0,6.167,5.348,14.6,25362.0,729.3,19.0,-5.7,0,0,0,5.578,0
2021-03-10 13:00:00,2021,3,2,13,17998.0,1241.5,52.7,12.4,2.65,316.0,101.0,22.345,0.147,74.972,5.578,5.37,5.263,,18198.0,6.534,5.3,14.8,25362.0,711.1,-9.0,-2.7,0,0,0,7.576,0
2021-03-10 14:00:00,2021,3,2,14,18495.0,522.1,51.8,12.4,2.21,289.0,106.3,9.656,,58.522,7.576,8.979,5.096,9.108,18173.0,6.051,5.273,16.27,25362.0,21.4,-27.0,-1.3,1,0,0,6.077,0
2021-03-10 15:00:00,2021,3,2,15,18214.0,491.0,51.6,7.2,2.69,340.0,99.3,8.943,0.0588,87.157,6.077,5.439,5.538,3.635,18962.0,6.63,5.221,,25362.0,-744.8,51.0,-4.7,1,0,0,8.913,0
2021-03-10 16:00:00,2021,3,2,16,18940.0,1120.1,51.4,4.2,2.57,306.0,109.1,21.214,0.1396,202.134,8.913,6.307,5.338,10.35,20098.0,9.161,5.724,,25362.0,-544.1,,-4.2,1,0,0,21.495,1
2021-03-10 17:00:00,2021,3,2,17,19094.0,1097.8,52.1,15.0,2.96,277.0,101.6,20.962,0.1379,184.917,,5.327,5.573,5.322,20050.0,11.577,5.996,11.2,25362.0,531.6,-29.0,,1,0,0,19.824,1
2021-03-10 18:00:00,2021,3,2,18,18846.0,,51.8,31.0,3.0,284.0,106.7,40.103,0.2638,129.531,19.824,5.578,8.474,10.82,21210.0,12.932,6.017,13.7,25362.0,878.1,7.0,-2.1,1,0,0,13.706,0
2021-03-10 19:00:00,2021,3,2,19,18033.0,,52.7,8.2,2.78,240.0,,20.205,,189.634,13.706,7.576,5.577,5.199,19157.0,14.869,,13.0,25362.0,-121.1,-44.0,0.0,1,0,0,19.2,1
2021-03-10 20:00:00,2021,3,2,20,18934.0,1008.6,55.2,21.1,2.91,254.0,100.5,19.097,0.1256,179.688,19.2,6.077,12.214,17.851,20206.0,17.04,6.365,14.45,25362.0,486.5,14.0,2.7,1,0,0,19.102,1
2021-03-10 21:00:00,2021,3,2,21,20491.0,2143.3,51.1,26.5,3.05,290.0,98.3,43.918,0.2889,130.232,19.102,8.913,8.369,4.862,21269.0,18.052,6.367,17.67,25281.0,1652.3,36.0,0.1,1,0,0,14.983,0
2021-03-10 22:00:00,2021,3,2,22,19464.0,2085.9,52.8,23.1,3.43,255.0,98.5,40.599,0.2671,94.325,14.983,21.495,14.29,4.827,21721.0,16.187,6.35,20.82,25281.0,965.8,-35.0,-0.9,0,0,0,10.308,0
2021-03-10 23:00:00,2021,3,2,23,19495.0,,50.8,33.5,2.59,259.0,100.7,41.003,0.2698,105.147,10.308,19.824,15.994,6.882,20709.0,14.801,6.281,23.9,24504.0,1005.4,4.0,-3.5,1,0,0,11.509,0
2021-03-11 00:00:00,2021,3,3,0,18300.0,427.0,55.0,2.7,2.57,281.0,105.8,7.814,0.0514,280.028,11.509,13.706,12.291,4.791,20039.0,17.312,7.212,19.18,24482.0,-1700.9,22.0,,1,0,0,28.772,1
2021-03-11 01:00:00,2021,3,3,1,18958.0,2084.7,52.0,26.9,2.45,271.0,101.9,,0.26,124.35,28.772,,17.189,3.62,20648.0,16.318,7.136,22.3,24482.0,964.3,-10.0,-2.0,1,0,0,13.236,0
2021-03-11 02:00:00,2021,3,3,2,18078.0,2117.5,50.0,26.9,2.69,251.0,99.5,38.279,0.2518,133.684,13.236,19.102,26.912,3.249,20961.0,15.396,6.401,23.27,24306.0,1108.9,-20.0,2.5,1,0,0,13.569,0
2021-03-11 03:00:00,2021,3,3,3,18385.0,1094.7,50.5,13.3,2.58,261.0,100.0,20.125,0.1324,129.127,13.569,14.983,5.667,9.528,20680.0,15.12,6.293,21.07,24091.0,-1048.6,10.0,1.3,1,0,0,13.329,0
2021-03-11 04:00:00,2021,3,3,4,17939.0,1088.6,47.8,10.8,2.3,241.0,98.4,19.528,0.1285,182.288,13.329,10.308,6.059,4.461,21586.0,16.463,6.314,19.02,23055.0,-997.3,-20.0,-4.5,1,0,0,18.36,1
2021-03-11 05:00:00,2021,3,3,5,19856.0,2213.7,49.8,19.5,1.71,257.0,100.4,,0.2892,173.336,18.36,11.509,10.784,2.888,20664.0,17.765,6.468,16.68,22671.0,110.5,16.0,-1.3,0,0,0,19.324,1
2021-03-11 06:00:00,2021,3,3,6,19370.0,1125.9,49.9,17.9,1.56,265.0,104.2,21.809,0.1435,61.294,19.324,28.772,5.514,3.162,20575.0,14.081,6.418,19.22,22671.0,698.9,8.0,-1.7,0,0,0,6.666,0
2021-03-11 07:00:00,2021,3,3,7,19393.0,1186.6,52.0,17.8,1.58,259.0,100.1,23.013,0.1514,,6.666,13.236,5.37,4.32,21743.0,13.02,6.351,17.7,22671.0,-898.1,-6.0,3.4,0,0,0,6.871,0
2021-03-11 08:00:00,2021,3,3,8,20370.0,1141.7,51.2,17.7,1.78,277.0,108.8,23.257,0.153,62.849,6.871,13.569,8.979,,21761.0,11.956,6.407,16.17,22671.0,-975.8,18.0,2.0,0,0,0,7.188,0
2021-03-11 09:00:00,2021,3,3,9,22061.0,1129.9,50.8,19.3,2.65,277.0,107.7,24.927,0.164,55.537,7.188,13.329,5.439,5.042,19140.0,10.881,6.343,17.17,,35.2,0.0,-0.6,0,0,0,6.879,0
2021-03-11 10:00:00,2021,3,3,10,20981.0,1113.9,52.8,35.5,2.46,298.0,102.6,23.371,0.1538,56.647,6.879,18.36,6.307,14.412,20353.0,8.934,6.328,21.28,22671.0,25.3,21.0,6.0,0,0,0,6.673,0
2021-03-11 11:00:00,2021,3,3,11,21948.0,455.9,52.9,16.9,2.35,266.0,,10.005,0.0658,59.199,6.673,19.324,5.327,5.467,18396.0,6.929,6.24,20.85,22671.0,-1757.8,-32.0,2.0,0,0,0,7.295,0
2021-03-11 12:00:00,2021,3,3,12,22068.0,439.5,54.9,,2.58,287.0,109.1,9.699,0.0638,77.327,7.295,6.666,5.578,8.695,19098.0,7.414,6.091,18.48,22671.0,-686.4,21.0,5.1,0,0,0,9.581,0
2021-03-11 13:00:00,2021,3,3,13,21680.0,1125.5,51.9,22.8,2.22,231.0,100.1,24.401,0.1605,62.42,9.581,6.871,7.576,5.263,17998.0,7.536,6.091,19.32,22671.0,-61.1,-56.0,-0.8,0,0,0,7.598,0
2021-03-11 14:00:00,2021,3,3,14,21377.0,1183.7,56.1,0.0,1.86,239.0,,25.304,0.1665,213.218,7.598,7.188,6.077,5.096,18495.0,10.603,6.428,16.37,22671.0,42.0,8.0,4.3,0,0,0,25.591,1
2021-03-11 15:00:00,2021,3,3,15,20834.0,1273.8,52.9,11.8,2.14,282.0,103.3,26.538,0.1746,119.907,25.591,6.879,8.913,5.538,18214.0,11.794,6.345,15.12,22671.0,143.9,43.0,1.3,0,0,0,14.026,0
2021-03-11 16:00:00,2021,3,3,16,20217.0,2032.7,57.2,23.1,1.69,279.0,95.7,41.094,0.2704,119.434,14.026,6.673,21.495,5.338,18940.0,12.941,6.139,13.05,22671.0,918.8,-3.0,5.8,0,0,0,13.557,0
2021-03-11 17:00:00,2021,3,3,17,20032.0,1247.5,53.5,15.0,1.33,264.0,100.1,24.99,0.1644,75.779,13.557,7.295,19.824,,19094.0,13.146,6.076,12.73,22671.0,,-15.0,1.4,0,0,0,8.523,0
2021-03-11 18:00:00,2021,3,3,18,20241.0,1205.6,53.6,20.0,1.09,287.0,98.6,,0.1605,62.396,8.523,9.581,13.706,8.474,18846.0,12.731,6.199,15.45,22671.0,766.1,23.0,1.8,0,0,0,7.091,0
2021-03-11 19:00:00,2021,3,3,19,20349.0,505.4,53.5,12.0,1.46,300.0,100.7,10.285,0.0677,58.984,7.091,7.598,19.2,5.577,18033.0,,6.169,13.65,22671.0,-620.1,13.0,0.8,0,0,0,6.739,0
2021-03-11 20:00:00,2021,3,3,20,,1240.7,,24.6,1.3,302.0,101.8,23.728,0.1561,66.782,6.739,25.591,19.102,12.214,18934.0,9.518,6.083,17.75,22671.0,57.0,2.0,-3.4,0,0,0,7.171,0
2021-03-11 21:00:00,2021,3,3,21,19975.0,2158.5,53.7,24.3,1.32,296.0,102.4,43.117,0.2837,118.768,7.171,14.026,14.983,8.369,20491.0,9.4,6.055,19.83,22671.0,884.7,-6.0,2.6,0,0,0,13.32,0
2021-03-11 22:00:00,2021,3,3,22,,1181.8,54.6,16.4,0.92,345.0,99.6,24.44,0.1608,65.116,13.32,13.557,,,19464.0,8.401,6.11,18.72,22671.0,-850.9,49.0,1.8,0,0,0,7.561,0
2021-03-11 23:00:00,2021,3,3,23,19658.0,2115.8,49.4,35.7,0.28,,101.3,41.592,0.2736,71.006,7.561,8.523,11.509,15.994,19495.0,8.286,6.161,22.17,22671.0,868.3,-10.0,,0,0,0,7.837,0
2021-03-12 00:00:00,2021,3,4,0,20256.0,2116.0,51.9,27.4,0.76,304.0,106.4,,,71.829,7.837,7.091,28.772,12.291,,8.466,4.975,23.4,22445.0,910.4,-31.0,-3.1,0,0,0,8.169,0
2021-03-12 01:00:00,2021,3,4,1,18267.0,1201.9,49.5,11.1,0.88,295.0,109.8,21.954,0.1444,,8.169,6.739,13.236,17.189,18958.0,,4.946,23.25,22068.0,696.5,-9.0,,0,0,0,10.16,0
2021-03-12 02:00:00,2021,3,4,2,,1182.5,53.9,15.0,0.2,356.0,115.1,21.823,,65.883,10.16,7.171,13.569,26.912,18078.0,8.979,4.958,21.65,22068.0,,,3.9,0,0,0,6.827,0
2021-03-12 03:00:00,2021,3,4,3,17354.0,1161.8,54.8,27.1,0.67,357.0,121.2,20.162,,57.772,6.827,13.32,13.329,5.667,18385.0,7.697,5.0,22.12,22068.0,-996.7,1.0,4.3,0,0,0,5.629,0
2021-03-12 04:00:00,2021,3,4,4,18679.0,1151.6,51.2,9.8,1.1,339.0,115.8,21.511,0.1415,109.902,5.629,7.561,18.36,6.059,17939.0,8.358,4.685,21.02,,-30.2,,3.4,0,0,0,11.526,0
2021-03-12 05:00:00,2021,3,4,5,18129.0,478.2,50.6,0.0,0.57,366.0,117.2,8.669,0.057,113.207,11.526,7.837,19.324,10.784,19856.0,8.972,4.234,15.07,22068.0,-1637.6,27.0,0.8,0,0,0,11.523,0
2021-03-12 06:00:00,2021,3,4,6,18739.0,506.3,50.5,2.7,0.53,303.0,119.2,9.487,0.0624,87.661,,8.169,6.666,5.514,19370.0,9.148,4.196,10.95,22068.0,-1609.7,-63.0,0.6,0,0,0,9.223,0
2021-03-12 07:00:00,2021,3,4,7,18753.0,499.3,56.5,8.4,0.97,281.0,,9.364,0.0616,51.125,9.223,10.16,6.871,5.37,19393.0,8.352,4.246,10.5,22068.0,-702.6,-22.0,4.5,0,0,0,5.383,0
2021-03-12 08:00:00,2021,3,4,8,19229.0,1067.5,55.2,16.6,1.26,330.0,125.5,,0.1351,51.129,5.383,6.827,7.188,8.979,20370.0,8.134,4.297,10.77,22068.0,-115.0,49.0,4.0,0,0,0,5.52,0
2021-03-12 09:00:00,2021,3,4,9,16293.0,511.4,46.3,1.4,1.49,254.0,131.3,8.332,0.0548,113.95,5.52,5.629,6.879,5.439,22061.0,8.933,4.271,6.48,22068.0,-650.4,-76.0,-4.5,0,0,1,10.424,0
2021-03-12 10:00:00,2021,3,4,10,16437.0,1079.1,45.2,10.1,2.04,245.0,133.5,17.737,0.1167,76.533,10.424,11.526,6.673,6.307,20981.0,8.189,4.26,6.53,22068.0,-72.5,-9.0,-7.6,0,0,1,7.063,0
2021-03-12 11:00:00,2021,3,4,11,16324.0,1148.3,45.8,11.3,2.17,235.0,133.8,,0.1233,82.169,7.063,11.523,7.295,5.327,21948.0,7.524,4.255,,22068.0,670.1,-10.0,-7.1,0,0,1,7.531,0
2021-03-12 12:00:00,2021,3,4,12,,1098.5,,10.8,1.18,242.0,135.4,16.573,0.109,76.227,7.531,9.223,9.581,5.578,22068.0,7.063,4.3,9.77,22068.0,592.2,7.0,,0,0,1,6.457,0
2021-03-12 13:00:00,2021,3,4,13,14219.0,2284.0,37.9,17.8,2.08,,134.5,32.475,0.2137,145.552,6.457,5.383,7.598,7.576,21680.0,8.103,4.307,11.33,22068.0,1784.7,-22.0,-14.0,0,0,1,11.62,0
2021-03-12 14:00:00,2021,3,4,14,13925.0,1115.6,36.5,1.1,1.77,194.0,136.5,,0.1022,218.18,11.62,5.52,25.591,6.077,21377.0,,3.108,8.75,22068.0,48.1,-26.0,-19.6,0,0,1,17.058,0
2021-03-12 15:00:00,2021,3,4,15,13438.0,542.2,41.6,1.6,1.15,215.0,130.2,7.287,0.0479,292.954,17.058,10.424,14.026,8.913,20834.0,11.972,3.974,8.78,22068.0,30.8,21.0,-11.3,1,0,1,22.103,1
2021-03-12 16:00:00,2021,3,4,16,14018.0,2275.0,49.0,20.0,0.96,187.0,133.3,31.891,0.2098,187.395,22.103,7.063,13.557,,20217.0,,4.034,10.43,22068.0,1195.9,-28.0,-8.2,1,0,1,14.749,0
2021-03-12 17:00:00,2021,3,4,17,13177.0,2254.0,,17.7,1.44,207.0,133.0,29.7,0.1954,,14.749,7.531,,19.824,20032.0,14.302,4.119,11.5,22068.0,1105.7,20.0,-13.0,1,0,1,13.824,0
2021-03-12 18:00:00,2021,3,4,18,15361.0,1096.8,47.1,12.1,1.12,228.0,131.9,16.848,0.1108,72.653,13.824,6.457,7.091,13.706,20241.0,14.27,4.146,11.72,22068.0,,21.0,-6.5,1,0,1,6.266,0
2021-03-12 19:00:00,2021,3,4,19,14796.0,1041.3,46.0,5.2,1.39,241.0,131.4,15.407,0.1014,455.983,,11.62,6.739,19.2,20349.0,18.647,,9.62,22068.0,-1242.7,13.0,-7.5,1,0,1,37.88,1
2021-03-12 20:00:00,2021,3,4,20,14904.0,476.8,42.3,10.3,1.34,214.0,127.3,7.107,0.0468,112.966,37.88,17.058,7.171,19.102,19125.0,17.379,6.995,11.15,22068.0,-638.8,-27.0,-9.5,1,0,1,9.453,0
2021-03-12 21:00:00,2021,3,4,21,13763.0,1072.0,47.7,15.2,,265.0,133.0,14.754,0.0971,90.264,9.453,22.103,13.32,14.983,19975.0,14.858,7.028,13.42,22068.0,529.8,51.0,-6.0,0,0,1,6.975,0
2021-03-12 22:00:00,2021,3,4,22,13309.0,468.0,42.9,13.5,1.25,251.0,129.9,6.228,0.041,88.887,6.975,14.749,7.561,10.308,20681.0,13.507,7.049,12.33,22068.0,-1807.0,-14.0,-11.7,0,0,1,6.642,0
2021-03-12 23:00:00,2021,3,4,23,14065.0,1079.5,50.4,9.7,1.56,261.0,120.8,15.183,0.0999,89.997,6.642,13.824,7.837,11.509,19658.0,12.387,7.064,11.0,22068.0,-1174.5,10.0,1.0,0,0,1,7.107,0
2021-03-13 00:00:00,2021,3,5,0,11349.0,444.4,44.5,12.8,1.64,272.0,122.0,5.044,0.0332,101.24,7.107,6.266,8.169,,20256.0,12.418,7.101,11.12,22068.0,-652.4,11.0,-7.4,0,0,1,6.451,0
2021-03-13 01:00:00,2021,3,5,1,12650.0,1098.6,48.5,7.7,1.73,275.0,127.5,13.898,0.0914,123.901,6.451,37.88,10.16,13.236,18267.0,7.571,7.111,11.53,22068.0,57.3,3.0,-1.0,0,0,1,8.8,0
2021-03-13 02:00:00,2021,3,5,2,13541.0,433.6,,9.1,0.83,301.0,127.3,5.872,0.0386,98.636,8.8,9.453,6.827,13.569,18456.0,7.246,7.097,11.33,22068.0,-43.2,26.0,-2.7,0,0,1,7.499,0
2021-03-13 03:00:00,2021,3,5,3,,442.3,47.3,2.1,1.18,294.0,125.5,6.181,0.0407,130.818,7.499,6.975,5.629,13.329,17354.0,7.794,7.015,9.15,22068.0,-629.7,-7.0,-7.5,0,0,1,10.263,0
2021-03-13 04:00:00,2021,3,5,4,13164.0,438.4,,0.0,1.29,329.0,123.1,5.771,0.038,168.271,10.263,6.642,11.526,18.36,,8.76,7.021,6.9,22068.0,-29.6,35.0,-16.4,0,0,1,12.437,0
2021-03-13 05:00:00,2021,3,5,5,14680.0,1141.8,42.1,18.0,1.11,332.0,130.3,16.762,0.1103,107.095,12.437,7.107,11.523,19.324,18129.0,,7.033,8.28,22068.0,62.3,3.0,-8.5,0,0,1,8.827,0
2021-03-13 06:00:00,2021,3,5,6,14354.0,447.8,38.8,13.0,0.95,280.0,133.2,6.428,0.0423,110.111,8.827,6.451,9.223,6.666,18739.0,9.45,7.037,8.32,22068.0,3.4,-52.0,-11.7,0,0,1,8.874,0
2021-03-13 07:00:00,2021,3,5,7,14009.0,1113.2,41.6,6.8,1.5,269.0,132.7,15.595,0.1026,173.76,8.874,8.8,5.383,6.871,18753.0,10.261,6.962,8.17,22068.0,14.6,-11.0,-14.9,0,0,1,13.667,0
2021-03-13 08:00:00,2021,3,5,8,12387.0,438.7,41.4,3.0,1.11,269.0,131.8,5.434,0.0358,299.564,13.667,7.499,5.52,7.188,19229.0,12.484,7.124,7.15,22068.0,5.1,0.0,-13.8,1,0,1,20.834,1
2021-03-13 09:00:00,2021,3,5,9,13482.0,1093.5,42.2,21.4,2.26,250.0,128.4,14.742,0.097,186.932,20.834,10.263,10.424,6.879,16293.0,13.132,7.134,10.37,22068.0,651.2,-19.0,-4.1,1,0,1,14.15,0
2021-03-13 10:00:00,2021,3,5,10,13539.0,455.0,46.5,0.0,1.57,258.0,,6.16,0.0405,228.65,14.15,,7.063,6.673,16437.0,13.956,7.138,10.37,22068.0,16.6,8.0,1.3,1,0,1,17.381,0
2021-03-13 11:00:00,2021,3,5,11,13352.0,1848.6,41.1,13.3,,284.0,131.0,24.682,0.1624,183.59,17.381,8.827,7.531,7.295,16324.0,14.778,7.067,9.58,22068.0,706.8,26.0,-4.7,1,0,1,13.763,0
2021-03-13 12:00:00,2021,3,5,12,13308.0,475.0,,6.7,1.68,295.0,129.4,6.321,0.0416,172.473,13.763,8.874,6.457,9.581,15087.0,15.447,6.944,8.53,22068.0,27.2,11.0,-0.4,1,0,1,12.887,0
2021-03-13 13:00:00,2021,3,5,13,12577.0,466.2,44.0,0.0,1.65,315.0,129.7,5.864,0.0386,198.897,12.887,13.667,11.62,7.598,14219.0,15.51,6.942,7.4,22068.0,-647.0,20.0,6.1,1,0,1,14.045,0
2021-03-13 14:00:00,2021,3,5,14,,433.4,44.8,6.3,1.73,280.0,138.4,5.306,0.0349,105.529,14.045,20.834,17.058,25.591,,13.247,6.981,7.95,22068.0,-5.3,-35.0,8.3,0,0,1,7.254,0
2021-03-13 15:00:00,2021,3,5,15,12622.0,451.7,43.4,6.0,1.54,282.0,138.1,5.701,0.0375,,7.254,,22.103,14.026,13438.0,11.929,6.79,5.38,22068.0,-641.8,2.0,1.8,0,0,1,6.242,0
2021-03-13 16:00:00,2021,3,5,16,12761.0,1228.6,39.2,4.5,,310.0,137.8,15.679,0.1031,204.166,6.242,17.381,14.749,13.557,14018.0,11.47,6.788,6.13,22068.0,773.6,28.0,-9.8,0,0,1,14.628,0
2021-03-13 17:00:00,2021,3,5,17,12850.0,396.3,48.7,7.5,1.46,308.0,136.1,5.093,0.0335,97.55,,13.763,13.824,8.523,13177.0,10.349,6.846,5.17,22068.0,-1452.3,-2.0,8.2,0,0,1,7.038,0
2021-03-13 18:00:00,2021,3,5,18,12776.0,1797.5,47.6,16.9,1.27,327.0,136.2,22.965,0.1511,106.55,7.038,12.887,,7.091,15361.0,9.475,6.805,6.87,22068.0,1322.5,19.0,0.5,0,0,1,7.643,0
2021-03-13 19:00:00,2021,3,5,19,12205.0,1186.2,,7.5,1.4,,143.8,14.477,0.0952,126.244,7.643,14.045,37.88,6.739,,8.576,3.918,8.12,22068.0,720.0,-18.0,-0.6,0,0,1,8.651,0
2021-03-13 20:00:00,2021,3,5,20,13452.0,432.0,,1.2,1.3,281.0,146.1,5.812,0.0382,121.598,,7.254,9.453,7.171,14904.0,8.898,3.922,7.27,22068.0,-1.4,-28.0,2.8,0,0,1,9.184,0
2021-03-13 21:00:00,2021,3,5,21,14054.0,1249.0,52.4,10.5,1.43,271.0,142.9,17.552,0.1155,91.449,9.184,6.242,,13.32,13763.0,9.06,3.913,8.02,22068.0,797.3,-10.0,4.7,0,0,1,7.216,0
2021-03-13 22:00:00,2021,3,5,22,14489.0,457.1,44.4,0.0,1.2,291.0,141.7,6.622,0.0436,219.644,7.216,14.628,6.642,7.561,13309.0,9.6,4.101,7.27,22068.0,-771.5,20.0,1.5,1,0,1,17.868,0
2021-03-13 23:00:00,2021,3,5,23,13791.0,,51.1,5.4,1.72,266.0,146.1,5.487,0.0361,104.132,17.868,7.038,7.107,7.837,14065.0,9.771,,6.92,22068.0,1.5,-25.0,0.7,1,0,1,8.063,0
2021-03-14 00:00:00,2021,3,6,0,,439.4,42.8,3.0,1.29,289.0,145.8,5.91,0.0389,153.297,8.063,7.643,6.451,8.169,11349.0,10.427,3.951,4.6,22068.0,-1358.1,23.0,-1.7,1,0,1,11.579,0
2021-03-14 01:00:00,2021,3,6,1,13914.0,416.7,43.8,0.7,0.75,362.0,145.6,5.797,0.0381,149.473,11.579,8.651,8.8,10.16,12650.0,10.931,3.918,3.47,22068.0,-769.5,73.0,-4.7,1,0,1,11.677,0
2021-03-14 02:00:00,2021,3,6,2,13779.0,364.3,49.3,1.7,1.08,353.0,144.9,5.02,0.033,196.566,11.677,9.184,7.499,6.827,13541.0,11.935,3.907,,22068.0,-67.7,-9.0,-1.9,1,0,1,15.207,0
2021-03-14 03:00:00,2021,3,6,3,13618.0,1550.0,47.2,,1.06,377.0,140.2,21.108,0.1389,202.722,15.207,7.216,10.263,5.629,,13.316,3.973,3.57,22068.0,301.0,24.0,-0.1,1,0,1,15.5,0
2021-03-14 04:00:00,2021,3,6,4,14109.0,1283.2,45.7,12.1,0.81,319.0,142.1,18.105,0.1191,232.427,15.5,17.868,12.437,11.526,13164.0,13.406,4.192,5.58,22068.0,826.1,-58.0,10.9,1,0,1,18.412,1
2021-03-14 05:00:00,2021,3,6,5,13868.0,1605.9,48.1,20.0,1.66,298.0,,,0.1465,46.916,18.412,8.063,8.827,11.523,14680.0,12.671,4.49,8.02,22068.0,1208.1,-21.0,6.0,0,0,1,3.653,0
2021-03-14 06:00:00,2021,3,6,6,13240.0,452.9,45.6,4.9,1.11,360.0,136.7,,0.0395,44.029,3.653,11.579,8.874,9.223,14354.0,11.287,,8.33,22068.0,13.5,62.0,6.8,0,0,1,3.273,0
2021-03-14 07:00:00,2021,3,6,7,12746.0,1591.9,,13.7,1.8,335.0,143.0,20.291,0.1335,33.816,3.273,11.677,,5.383,,9.744,5.123,10.5,22068.0,1175.2,-25.0,0.0,0,0,1,2.42,0
2021-03-14 08:00:00,2021,3,6,8,13191.0,1219.6,42.4,3.7,1.61,366.0,142.9,16.088,0.1058,150.172,2.42,15.207,20.834,5.52,12387.0,9.063,,10.83,22068.0,855.3,31.0,1.0,0,0,1,11.122,0
2021-03-14 09:00:00,2021,3,6,9,13332.0,426.3,43.0,0.0,1.65,412.0,142.1,5.683,0.0374,94.745,11.122,15.5,14.15,10.424,13482.0,7.662,4.695,9.07,22068.0,-1123.7,46.0,0.8,0,0,1,7.092,0
2021-03-14 10:00:00,2021,3,6,10,13271.0,1509.5,46.0,10.1,1.33,418.0,146.4,20.033,0.1318,90.778,7.092,18.412,17.381,7.063,13539.0,5.721,4.514,8.73,22068.0,226.3,6.0,-0.5,0,0,1,6.764,0
2021-03-14 11:00:00,2021,3,6,11,12681.0,1101.5,43.6,0.0,0.99,449.0,145.7,13.968,0.0919,180.917,6.764,3.653,13.763,7.531,13352.0,7.259,4.486,5.4,22068.0,-504.4,31.0,2.5,0,0,1,12.881,0
2021-03-14 12:00:00,2021,3,6,12,12488.0,3032.2,38.4,25.3,0.83,431.0,143.7,37.865,,327.876,12.881,3.273,12.887,6.457,13308.0,10.545,5.187,8.8,22068.0,2579.3,-18.0,-4.6,1,0,1,22.989,1
2021-03-14 13:00:00,2021,3,6,13,12391.0,3200.0,42.1,18.6,0.87,431.0,148.4,39.653,0.2609,275.664,22.989,2.42,14.045,11.62,12577.0,13.338,5.442,9.62,22068.0,1608.1,0.0,-1.9,1,0,1,19.178,1
2021-03-14 14:00:00,2021,3,6,14,13921.0,2928.8,40.5,24.2,0.85,486.0,151.3,40.771,0.2682,98.886,19.178,11.122,7.254,,12243.0,12.772,5.43,13.03,22068.0,1709.2,55.0,-4.3,1,0,1,7.729,0
2021-03-14 15:00:00,2021,3,6,15,13808.0,2930.4,39.6,22.5,1.29,536.0,157.4,40.463,0.2662,292.804,7.729,7.092,6.242,22.103,12622.0,15.374,5.868,16.78,22068.0,2504.1,50.0,-3.8,1,0,1,22.7,1
2021-03-14 16:00:00,2021,3,6,16,13010.0,2813.8,47.9,23.2,1.15,515.0,156.0,36.607,0.2408,41.892,22.7,6.764,14.628,14.749,12761.0,14.756,6.059,18.97,22068.0,1304.3,-21.0,8.7,1,0,1,3.06,0
2021-03-14 17:00:00,2021,3,6,17,14277.0,829.1,44.1,12.8,1.33,467.0,153.7,11.836,0.0779,89.971,3.06,12.881,7.038,13.824,12850.0,13.811,6.055,21.1,22068.0,-272.4,-48.0,,1,0,1,7.212,0
2021-03-14 18:00:00,2021,3,6,18,13319.0,3200.0,38.4,26.7,1.4,457.0,151.7,42.622,0.2804,,7.212,22.989,,6.266,12776.0,10.58,6.203,21.33,22068.0,167.8,-10.0,-9.2,0,0,1,3.604,0
2021-03-14 19:00:00,2021,3,6,19,13612.0,795.9,37.9,10.4,1.36,488.0,153.7,10.834,0.0713,22.937,3.604,19.178,8.651,37.88,12205.0,7.676,6.457,19.97,22068.0,-2404.1,31.0,-7.5,0,0,1,1.753,0
2021-03-14 20:00:00,2021,3,6,20,12960.0,741.8,37.4,16.4,,507.0,149.2,9.614,0.0632,34.151,1.753,7.729,9.184,9.453,13452.0,6.802,6.655,18.67,22068.0,-2187.0,19.0,-7.7,0,0,1,2.485,0
2021-03-14 21:00:00,2021,3,6,21,13334.0,684.6,41.5,8.6,0.84,517.0,150.6,9.128,0.0601,35.624,2.485,22.7,7.216,6.975,14054.0,3.464,6.805,16.35,22068.0,-2245.8,10.0,-10.9,0,0,1,2.667,0
2021-03-14 22:00:00,2021,3,6,22,14452.0,3200.0,42.3,33.6,1.14,509.0,153.7,46.246,0.3042,46.967,2.667,3.06,17.868,6.642,14489.0,,6.698,18.08,,386.2,,-2.1,0,0,1,3.811,0
2021-03-14 23:00:00,2021,3,6,23,13456.0,2510.4,41.7,21.2,0.62,,150.1,,0.2222,59.338,3.811,7.212,8.063,7.107,13791.0,3.134,6.768,19.48,22068.0,1681.3,31.0,-9.4,0,0,1,4.483,0
2021-03-15 00:00:00,2021,3,0,0,13636.0,2499.3,42.9,22.2,1.02,518.0,156.6,34.08,0.2242,61.076,4.483,3.604,11.579,6.451,13453.0,3.312,6.81,18.73,22068.0,-700.7,-22.0,,0,0,1,4.676,0
2021-03-15 01:00:00,2021,3,0,1,13054.0,3200.0,43.8,20.9,0.98,517.0,160.6,41.774,0.2748,161.476,4.676,1.753,11.677,8.8,13914.0,4.993,6.813,20.48,,2404.1,-1.0,0.0,0,0,1,11.835,0
2021-03-15 02:00:00,2021,3,0,2,13483.0,484.3,39.0,0.0,1.36,500.0,157.1,6.53,0.043,95.031,11.835,2.485,15.207,,13779.0,5.778,6.687,17.75,22068.0,-257.5,-17.0,-10.3,0,0,1,7.194,0
2021-03-15 03:00:00,2021,3,0,3,13750.0,3200.0,41.6,25.7,0.87,491.0,,43.999,,101.191,7.194,2.667,15.5,10.263,13618.0,,6.525,20.6,22068.0,2515.4,-9.0,-5.6,0,0,1,7.812,0
2021-03-15 04:00:00,2021,3,0,4,14458.0,547.7,45.0,1.1,0.63,526.0,161.2,7.918,0.0521,77.203,7.812,3.811,18.412,12.437,14109.0,7.044,6.166,15.18,22068.0,-2652.3,35.0,-0.7,0,0,1,6.267,0
2021-03-15 05:00:00,2021,3,0,5,,2372.1,42.9,,1.34,534.0,160.0,36.296,0.2388,20.846,6.267,4.483,3.653,8.827,13868.0,6.596,6.232,16.7,22068.0,-138.3,8.0,-5.2,0,0,1,1.791,0
2021-03-15 06:00:00,2021,3,0,6,17657.0,534.3,44.9,,1.1,520.0,167.0,9.435,0.0621,20.305,1.791,4.676,3.273,8.874,13240.0,6.152,6.276,14.17,22068.0,-1965.0,-14.0,-0.7,0,0,1,2.013,0
2021-03-15 07:00:00,2021,3,0,7,16918.0,3200.0,39.2,33.2,1.77,536.0,165.3,54.137,0.3562,56.976,2.013,11.835,2.42,13.667,12746.0,5.082,6.197,16.22,22068.0,0.0,16.0,-2.4,0,0,1,5.412,0
2021-03-15 08:00:00,2021,3,0,8,,,35.9,40.0,1.08,569.0,159.3,53.308,0.3507,14.808,5.412,7.194,11.122,20.834,13191.0,4.113,6.286,22.88,22068.0,2715.7,33.0,-6.5,0,0,1,1.385,0
2021-03-15 09:00:00,2021,3,0,9,15620.0,2137.5,36.1,25.1,1.34,546.0,164.4,33.389,0.2197,25.245,1.385,7.812,7.092,14.15,13332.0,3.18,6.373,22.78,22068.0,-1062.5,-23.0,-6.9,0,0,1,2.214,0
2021-03-15 10:00:00,2021,3,0,10,15995.0,424.8,35.7,0.7,1.4,474.0,161.7,6.794,0.0447,78.871,2.214,6.267,6.764,17.381,13271.0,3.316,6.373,22.72,22068.0,-122.9,,,0,0,1,7.083,0
2021-03-15 11:00:00,2021,3,0,11,15094.0,465.1,39.5,8.1,1.31,450.0,160.8,7.02,0.0462,113.043,7.083,,12.881,13.763,12681.0,4.615,6.279,19.02,22068.0,-1907.0,-24.0,-4.1,1,0,1,9.58,0
2021-03-15 12:00:00,2021,3,0,12,14276.0,1952.6,41.7,16.8,0.98,457.0,156.6,27.875,0.1834,217.045,9.58,2.013,22.989,12.887,12488.0,7.178,5.742,20.65,22068.0,1418.3,7.0,3.3,1,0,1,17.397,0
2021-03-15 13:00:00,2021,3,0,13,13498.0,479.3,38.5,14.0,0.97,490.0,154.7,6.47,0.0426,161.97,17.397,5.412,,14.045,12391.0,8.322,5.247,17.45,22068.0,-2720.7,33.0,-3.6,1,0,1,12.275,0
2021-03-15 14:00:00,2021,3,0,14,13844.0,461.8,38.6,3.1,1.21,483.0,156.4,6.394,0.0421,120.008,12.275,1.385,7.729,7.254,13921.0,9.646,5.274,11.3,22068.0,-2738.2,-7.0,-1.9,1,0,1,9.328,0
2021-03-15 15:00:00,2021,3,0,15,12927.0,1911.0,38.7,,1.4,477.0,,24.702,0.1625,70.956,9.328,2.214,22.7,,13808.0,10.135,4.006,10.7,22068.0,,-6.0,-0.9,1,0,1,5.15,0
2021-03-15 16:00:00,2021,3,0,16,13830.0,1832.1,45.1,25.4,1.46,482.0,157.3,25.338,0.1667,98.957,5.15,7.083,3.06,14.628,13010.0,10.236,3.977,14.82,22068.0,1407.3,5.0,-2.8,1,0,1,7.684,0
2021-03-15 17:00:00,2021,3,0,17,13757.0,2690.6,37.0,29.2,1.65,422.0,154.9,37.014,0.2435,,7.684,9.58,7.212,7.038,14277.0,9.046,4.035,18.33,,,-60.0,-7.1,0,0,1,2.441,0
2021-03-15 18:00:00,2021,3,0,18,15328.0,1724.3,44.3,14.7,1.81,461.0,151.7,26.431,0.1739,60.272,2.441,17.397,3.604,,13319.0,7.011,4.01,17.98,22068.0,-228.3,39.0,5.9,0,0,1,5.187,0
2021-03-15 19:00:00,2021,3,0,19,15334.0,489.7,42.6,7.0,1.04,450.0,148.3,7.509,0.0494,16.354,5.187,12.275,1.753,8.651,13612.0,5.2,4.026,16.82,22068.0,10.4,-11.0,4.7,0,0,1,1.408,0
2021-03-15 20:00:00,2021,3,0,20,15135.0,1592.2,38.9,16.8,0.38,468.0,147.3,24.098,0.1585,18.852,1.408,9.328,2.485,9.184,12960.0,3.912,4.062,19.1,22068.0,1130.4,18.0,1.5,0,0,1,1.602,0
2021-03-15 21:00:00,2021,3,0,21,14620.0,414.9,33.3,6.9,0.66,477.0,149.6,,0.0399,22.952,1.602,5.15,2.667,7.216,13334.0,3.368,4.092,16.67,22068.0,-1496.1,9.0,-8.2,0,0,1,1.884,0
2021-03-15 22:00:00,2021,3,0,22,16358.0,1408.3,40.4,21.3,0.2,492.0,147.4,23.037,0.1516,18.325,1.884,7.684,3.811,17.868,14452.0,2.367,4.16,,22068.0,-423.8,15.0,,0,0,1,1.683,0
2021-03-15 23:00:00,2021,3,0,23,16460.0,1353.2,34.3,7.1,0.25,501.0,145.9,22.273,0.1465,119.287,1.683,2.441,4.483,8.063,13456.0,3.798,4.287,12.3,22068.0,-1337.4,9.0,-7.4,0,0,1,11.024,0
2021-03-16 00:00:00,2021,3,1,0,16921.0,461.3,38.0,4.6,0.41,476.0,144.1,7.805,0.0513,29.788,11.024,5.187,4.676,11.579,13636.0,3.405,4.328,10.62,22068.0,-1263.0,-25.0,-4.9,0,0,1,2.83,0
2021-03-16 01:00:00,2021,3,1,1,,464.1,38.2,13.7,0.48,478.0,141.5,7.204,0.0474,35.362,,1.408,11.835,11.677,13054.0,3.684,4.176,11.73,22068.0,-25.6,2.0,-5.6,0,0,1,3.082,0
2021-03-16 02:00:00,2021,3,1,2,16647.0,2282.3,40.2,24.7,0.23,462.0,139.2,37.994,0.25,32.857,3.082,1.602,7.194,15.207,13483.0,3.929,4.191,13.05,22068.0,690.1,-16.0,1.2,0,0,1,3.071,0
2021-03-16 03:00:00,2021,3,1,3,15391.0,1263.3,40.5,15.8,1.2,460.0,135.7,19.444,,29.208,3.071,1.884,7.812,15.5,13750.0,4.036,4.197,14.53,22068.0,848.4,-2.0,-1.1,0,0,1,2.524,0
2021-03-16 04:00:00,2021,3,1,4,16856.0,1139.5,35.8,13.1,1.34,421.0,138.7,19.206,0.1264,22.094,2.524,1.683,6.267,18.412,,4.104,4.237,,22068.0,-268.8,-39.0,-9.2,0,0,1,2.091,0
2021-03-16 05:00:00,2021,3,1,5,17073.0,1133.2,,13.5,1.3,416.0,143.0,19.346,0.1273,33.278,2.091,11.024,1.791,3.653,15302.0,2.798,4.2,14.23,22068.0,-220.0,-5.0,-6.1,0,0,1,3.19,0
2021-03-16 06:00:00,2021,3,1,6,17395.0,1085.6,,10.1,1.09,449.0,142.4,18.884,0.1242,51.379,3.19,,2.013,3.273,17657.0,3.163,4.15,15.15,22068.0,624.3,33.0,-8.4,0,0,1,5.018,0
2021-03-16 07:00:00,2021,3,1,7,15896.0,408.0,43.6,9.2,0.98,498.0,143.1,6.486,0.0427,18.745,5.018,3.082,5.412,2.42,16918.0,2.928,4.211,14.4,22068.0,-56.1,49.0,4.4,0,0,1,1.673,0
2021-03-16 08:00:00,2021,3,1,8,15000.0,2141.0,39.8,24.2,0.78,481.0,140.6,32.116,0.2113,16.433,1.673,3.071,1.385,11.122,16659.0,2.647,4.211,14.32,22068.0,,-17.0,3.9,0,0,1,1.384,0
2021-03-16 09:00:00,2021,3,1,9,15983.0,2041.2,37.0,28.0,1.08,494.0,141.2,,0.2146,37.175,1.384,2.524,2.214,7.092,15620.0,2.782,,16.35,22068.0,777.9,13.0,0.9,0,0,1,3.336,0
2021-03-16 10:00:00,2021,3,1,10,16273.0,366.0,32.6,0.0,1.31,502.0,137.0,5.956,0.0392,63.809,3.336,2.091,7.083,6.764,15995.0,3.405,4.166,14.17,22068.0,-773.5,8.0,-3.1,0,0,1,5.83,0
2021-03-16 11:00:00,2021,3,1,11,17496.0,366.9,39.4,13.1,2.06,468.0,,6.42,0.0422,23.414,5.83,3.19,,12.881,15094.0,3.257,4.084,14.1,22068.0,-766.3,-34.0,-0.1,0,0,1,2.3,0
2021-03-16 12:00:00,2021,3,1,12,16166.0,1041.4,36.5,11.7,,504.0,138.8,16.836,0.1108,24.58,2.3,5.018,17.397,22.989,14276.0,,3.091,14.37,22068.0,-44.2,36.0,-5.2,0,0,1,2.231,0
2021-03-16 13:00:00,2021,3,1,13,16639.0,1014.8,35.6,9.8,2.6,504.0,148.6,16.885,0.1111,32.134,2.231,1.673,12.275,19.178,13498.0,3.014,2.557,14.47,22068.0,606.8,0.0,-2.9,0,0,1,3.002,0
2021-03-16 14:00:00,2021,3,1,14,17096.0,1005.3,39.6,19.8,1.92,538.0,141.9,17.188,0.1131,22.201,3.002,1.384,9.328,7.729,13844.0,3.138,2.275,13.73,22068.0,-1135.7,34.0,1.0,0,0,1,2.131,0
2021-03-16 15:00:00,2021,3,1,15,16229.0,938.6,41.7,13.7,,494.0,139.4,15.232,0.1002,19.469,2.131,3.336,5.15,22.7,12927.0,2.878,2.267,11.35,22068.0,-1102.6,-44.0,3.0,0,0,1,1.774,0
2021-03-16 16:00:00,2021,3,1,16,15946.0,961.7,37.6,17.1,2.02,482.0,141.2,15.335,0.1009,25.656,1.774,5.83,7.684,3.06,13830.0,2.289,2.069,14.2,22068.0,595.7,-12.0,-7.5,0,0,1,2.297,0
2021-03-16 17:00:00,2021,3,1,17,16575.0,994.0,32.7,,1.81,492.0,141.3,16.476,0.1084,34.934,2.297,2.3,2.441,7.212,13757.0,2.448,2.065,13.98,,627.1,10.0,,0,0,1,3.251,0
2021-03-16 18:00:00,2021,3,1,18,16375.0,331.3,32.8,9.7,1.69,531.0,143.3,5.425,0.0357,27.497,3.251,2.231,5.187,3.604,15328.0,2.497,2.018,13.65,22068.0,-710.1,39.0,-11.5,0,0,1,2.528,0
2021-03-16 19:00:00,2021,3,1,19,,352.0,37.8,6.1,1.32,517.0,144.6,5.306,0.0349,24.07,2.528,,1.408,1.753,15334.0,2.336,2.001,13.03,22068.0,-662.8,-14.0,-4.8,0,0,1,2.037,0
2021-03-16 20:00:00,2021,3,1,20,15089.0,1039.3,40.6,10.9,0.79,496.0,147.1,15.682,0.1032,,2.037,2.131,1.602,2.485,15135.0,,1.98,11.55,22068.0,34.0,-21.0,1.7,0,0,1,2.635,0
2021-03-16 21:00:00,2021,3,1,21,15018.0,1888.9,40.8,9.8,0.98,523.0,149.2,28.367,0.1866,167.481,2.635,1.774,1.884,2.667,14620.0,4.478,2.99,10.9,22068.0,950.3,27.0,7.5,0,0,1,14.122,0
2021-03-16 22:00:00,2021,3,1,22,14782.0,1031.3,43.0,8.0,1.22,517.0,142.6,15.244,0.1003,66.101,,2.297,1.683,3.811,16358.0,5.01,2.988,9.38,22068.0,69.6,,2.6,0,0,1,5.486,0
2021-03-16 23:00:00,2021,3,1,23,14652.0,1094.8,34.5,9.0,1.42,508.0,144.2,16.041,0.1055,62.542,5.486,3.251,11.024,4.483,16460.0,5.325,2.574,8.92,22068.0,100.8,-9.0,0.2,0,0,1,5.145,0
2021-03-17 00:00:00,2021,3,2,0,,1896.8,41.0,16.1,1.06,469.0,145.7,26.927,0.1771,75.667,5.145,2.528,2.83,4.676,16921.0,5.909,2.622,9.98,22068.0,1565.5,-39.0,3.0,0,0,1,6.031,0
2021-03-17 01:00:00,2021,3,2,1,15269.0,1062.3,41.6,3.8,1.59,436.0,144.2,16.221,0.1067,136.092,6.031,2.037,3.082,11.835,15523.0,7.514,3.093,9.6,22068.0,710.3,-33.0,3.4,0,0,1,11.667,0
2021-03-17 02:00:00,2021,3,2,2,15258.0,1065.2,,14.2,1.49,466.0,143.2,16.253,0.1069,44.054,11.667,2.635,3.071,7.194,16647.0,,3.088,10.15,22068.0,25.9,30.0,5.8,0,0,1,3.774,0
2021-03-17 03:00:00,2021,3,2,3,14912.0,,34.6,0.0,1.18,437.0,140.0,6.027,0.0397,95.659,,14.122,2.524,7.812,15391.0,6.685,3.177,8.52,22068.0,-1484.7,-29.0,-5.9,0,0,1,8.009,0
2021-03-17 04:00:00,2021,3,2,4,15006.0,1078.0,40.5,14.7,1.73,468.0,138.8,16.176,0.1064,41.411,8.009,5.486,2.091,6.267,16856.0,,3.149,9.63,22068.0,46.7,31.0,4.7,0,0,1,3.489,0
2021-03-17 05:00:00,2021,3,2,5,14210.0,1061.7,44.2,4.9,1.71,421.0,139.3,15.088,0.0993,294.122,3.489,5.145,3.19,1.791,17073.0,9.406,5.015,8.95,,-33.1,,7.4,1,0,1,23.466,1
2021-03-17 06:00:00,2021,3,2,6,12897.0,1057.0,45.5,12.3,1.81,420.0,144.3,13.631,0.0897,,23.466,6.031,5.018,2.013,17395.0,9.767,5.055,8.32,22068.0,-839.8,-1.0,9.0,1,0,1,8.195,0
2021-03-17 07:00:00,2021,3,2,7,13959.0,408.3,43.0,1.2,2.04,435.0,141.7,5.699,0.0375,203.078,,11.667,1.673,5.412,15896.0,10.475,5.439,7.88,22068.0,,15.0,-0.6,1,0,1,15.916,0
2021-03-17 08:00:00,2021,3,2,8,,1006.1,42.3,5.5,2.45,412.0,137.9,13.851,0.0911,128.39,15.916,3.774,1.384,1.385,,11.5,5.415,6.43,22068.0,-59.1,-23.0,2.5,1,0,1,9.924,0
2021-03-17 09:00:00,2021,3,2,9,14234.0,415.3,39.0,0.0,,424.0,139.3,5.911,0.0389,,9.924,8.009,3.336,2.214,,11.992,5.463,6.43,22068.0,11.1,12.0,2.0,1,0,1,10.964,0
2021-03-17 10:00:00,2021,3,2,10,15078.0,1838.1,36.6,15.5,2.16,421.0,140.5,27.714,0.1823,150.856,10.964,,5.83,7.083,16273.0,13.539,5.608,6.57,22068.0,760.1,-3.0,4.0,1,0,1,12.771,0
2021-03-17 11:00:00,2021,3,2,11,14128.0,434.8,39.6,,2.11,,140.0,6.143,0.0404,56.453,12.771,23.466,2.3,9.58,17496.0,10.375,,7.17,22068.0,-626.9,-26.0,0.2,1,0,1,4.478,0
2021-03-17 12:00:00,2021,3,2,12,12355.0,982.6,40.9,8.2,1.51,382.0,143.2,12.14,0.0799,202.297,4.478,8.195,2.231,17.397,16166.0,11.348,5.641,6.48,,-74.4,-13.0,4.4,1,0,1,14.033,0
2021-03-17 13:00:00,2021,3,2,13,13121.0,996.6,38.5,10.9,1.82,411.0,148.7,13.076,0.086,337.876,14.033,15.916,3.002,12.275,16639.0,12.844,6.591,8.1,22068.0,588.3,29.0,2.9,1,0,1,24.891,1
2021-03-17 14:00:00,2021,3,2,14,13124.0,373.0,36.2,0.0,2.18,410.0,151.8,4.895,0.0322,162.745,24.891,9.924,2.131,9.328,17096.0,13.188,6.497,7.18,22068.0,-633.1,-1.0,-3.4,1,0,1,11.992,0
2021-03-17 15:00:00,2021,3,2,15,13454.0,1047.2,40.9,17.5,2.13,392.0,156.9,14.088,0.0927,47.261,11.992,10.964,1.774,5.15,16229.0,11.956,6.424,10.1,22068.0,631.9,-18.0,-0.8,1,0,1,3.57,0
2021-03-17 16:00:00,2021,3,2,16,13015.0,393.4,40.6,5.4,2.53,352.0,150.1,5.12,0.0337,134.535,3.57,12.771,2.297,7.684,15946.0,11.466,6.276,8.42,22068.0,-1444.7,-40.0,3.0,1,0,1,9.831,0
2021-03-17 17:00:00,2021,3,2,17,14130.0,956.6,36.9,0.0,2.74,334.0,148.2,13.516,0.0889,179.608,9.831,4.478,3.251,2.441,16575.0,13.094,6.232,7.0,22068.0,521.8,-18.0,4.2,1,0,1,14.249,0
2021-03-17 18:00:00,2021,3,2,18,14388.0,1893.5,41.2,19.3,2.35,343.0,151.5,27.245,0.1792,94.389,14.249,14.033,2.528,5.187,16375.0,12.026,6.067,8.85,22068.0,910.9,9.0,8.4,1,0,1,7.625,0
2021-03-17 19:00:00,2021,3,2,19,15356.0,1010.9,42.6,5.2,2.82,356.0,152.8,15.524,0.1021,245.182,7.625,24.891,2.037,1.408,15073.0,11.401,6.259,7.9,22068.0,14.3,13.0,4.8,1,0,1,21.139,1
2021-03-17 20:00:00,2021,3,2,20,14507.0,1893.7,37.3,17.0,2.9,,153.7,,0.1807,70.362,21.139,11.992,2.635,1.602,15089.0,10.358,6.119,10.73,22068.0,1520.7,8.0,-3.3,1,0,1,5.731,0
2021-03-17 21:00:00,2021,3,2,21,13709.0,367.6,38.4,4.2,2.87,345.0,151.1,,0.0332,69.923,5.731,3.57,14.122,1.884,15018.0,10.66,,8.52,22068.0,-679.6,-19.0,-2.4,1,0,1,5.382,0
2021-03-17 22:00:00,2021,3,2,22,14073.0,968.0,42.4,12.6,3.51,352.0,,13.623,0.0896,170.704,5.382,9.831,5.486,1.683,14782.0,11.269,6.109,9.72,22068.0,574.6,7.0,-0.6,1,0,1,13.488,0
2021-03-17 23:00:00,2021,3,2,23,14874.0,2044.7,,22.7,2.92,353.0,151.1,30.414,0.2001,56.819,13.488,,5.145,11.024,14652.0,9.685,,13.5,22068.0,1088.1,1.0,10.6,0,0,1,4.745,0
2021-03-18 00:00:00,2021,3,3,0,15658.0,2031.7,38.8,24.7,3.28,318.0,,31.812,0.2093,52.097,4.745,7.625,6.031,2.83,14196.0,,6.18,14.4,22068.0,138.2,-35.0,-2.2,0,0,1,4.58,0
2021-03-18 01:00:00,2021,3,3,1,14890.0,427.6,39.0,9.4,3.27,363.0,154.3,6.367,0.0419,56.554,4.58,21.139,,3.082,15269.0,6.442,,15.1,22068.0,-583.3,45.0,-2.6,0,0,1,4.728,0
2021-03-18 02:00:00,2021,3,3,2,14696.0,986.8,39.7,6.6,2.82,347.0,157.4,14.501,0.0954,106.251,4.728,5.731,,3.071,15258.0,6.948,6.144,13.37,22068.0,-906.9,-16.0,-6.3,0,0,1,8.767,0
2021-03-18 03:00:00,2021,3,3,3,15198.0,2089.9,37.3,20.8,3.84,365.0,162.5,31.764,0.209,82.749,8.767,5.382,8.009,2.524,14912.0,7.228,6.164,16.13,22068.0,1722.3,18.0,2.7,0,0,1,7.061,0
2021-03-18 04:00:00,2021,3,3,4,17556.0,,37.9,23.8,3.58,375.0,172.3,17.984,0.1183,53.495,7.061,13.488,3.489,2.091,15006.0,5.859,6.086,18.0,22068.0,56.4,10.0,-2.6,0,0,1,5.273,0
2021-03-18 05:00:00,2021,3,3,5,17023.0,1055.9,42.6,19.2,3.16,402.0,168.3,17.974,0.1183,,5.273,4.745,23.466,3.19,14210.0,6.184,5.468,17.42,22068.0,-988.8,27.0,-1.6,0,0,1,6.693,0
2021-03-18 06:00:00,2021,3,3,6,17126.0,426.0,45.8,0.0,3.24,396.0,165.4,7.296,0.048,108.907,6.693,4.58,8.195,5.018,12897.0,7.166,5.458,13.3,22068.0,-1605.7,-6.0,0.3,0,0,1,10.472,0
2021-03-18 07:00:00,2021,3,3,7,17084.0,378.6,41.6,4.1,3.46,371.0,162.1,6.467,0.0425,61.625,10.472,4.728,15.916,1.673,13959.0,7.363,5.363,12.42,22068.0,-49.0,-25.0,-1.4,0,0,1,5.911,0
2021-03-18 08:00:00,2021,3,3,8,16779.0,918.4,,7.9,3.76,365.0,165.9,15.41,0.1014,95.46,5.911,,9.924,1.384,13767.0,7.4,,12.63,22068.0,-68.4,-6.0,-7.1,0,0,1,8.993,0
2021-03-18 09:00:00,2021,3,3,9,16367.0,895.9,38.2,8.9,4.04,413.0,,14.664,0.0965,77.263,8.993,7.061,10.964,3.336,14234.0,7.407,5.374,10.65,22068.0,-1194.0,48.0,-0.8,0,0,1,7.1,0
2021-03-18 10:00:00,2021,3,3,10,16815.0,424.8,36.3,0.0,4.44,416.0,161.8,7.142,0.047,119.533,7.1,5.273,12.771,5.83,15078.0,8.409,5.341,6.68,22068.0,-599.6,3.0,,0,0,1,11.285,0
2021-03-18 11:00:00,2021,3,3,11,16926.0,471.8,36.8,2.0,3.93,422.0,157.2,7.985,0.0525,100.482,11.285,6.693,,2.3,14128.0,8.885,5.243,3.82,22068.0,-584.1,6.0,-2.8,0,0,1,9.549,0
2021-03-18 12:00:00,2021,3,3,12,17818.0,923.4,41.4,5.4,3.36,422.0,155.0,16.452,0.1082,126.579,9.549,10.472,,2.231,12355.0,9.25,5.199,4.72,21680.0,497.4,0.0,0.5,0,0,1,12.663,0
2021-03-18 13:00:00,2021,3,3,13,18172.0,,46.2,9.5,3.29,429.0,158.2,17.161,0.1129,75.803,12.663,5.911,24.891,3.002,13121.0,9.554,4.023,5.62,21377.0,565.8,7.0,7.7,0,0,1,7.734,0
2021-03-18 14:00:00,2021,3,3,14,17512.0,936.8,46.3,9.5,2.88,379.0,158.9,16.405,0.1079,87.243,7.734,8.993,11.992,2.131,13124.0,9.485,3.961,5.88,20834.0,18.4,-50.0,10.1,0,0,1,8.578,0
2021-03-18 15:00:00,2021,3,3,15,18345.0,1006.2,36.2,12.8,3.21,354.0,158.1,18.459,0.1214,64.622,8.578,7.1,,,13454.0,9.411,3.841,6.53,20681.0,110.3,-25.0,-4.7,0,0,1,6.656,0
2021-03-18 16:00:00,2021,3,3,16,,435.0,41.9,2.5,3.21,384.0,160.0,7.57,0.0498,102.6,6.656,11.285,9.831,2.297,13015.0,9.201,3.844,6.95,20681.0,10.2,,1.3,0,0,1,10.024,0
2021-03-18 17:00:00,2021,3,3,17,17906.0,2395.8,38.5,29.5,3.48,396.0,161.2,42.899,0.2822,84.15,10.024,9.549,14.249,3.251,14130.0,9.019,3.657,11.53,20681.0,1924.0,12.0,1.6,0,0,1,8.46,0
2021-03-18 18:00:00,2021,3,3,18,17506.0,932.3,42.7,1.5,3.4,413.0,158.1,16.322,0.1074,181.129,8.46,12.663,7.625,2.528,14388.0,9.876,4.119,10.88,20681.0,,17.0,1.5,0,0,1,17.803,0
2021-03-18 19:00:00,2021,3,3,19,17991.0,881.6,39.1,5.1,3.4,438.0,158.7,15.861,0.1043,135.4,17.803,7.734,21.139,2.037,15356.0,10.866,3.364,10.15,20681.0,-62.8,25.0,-3.5,0,0,1,13.677,0
2021-03-18 20:00:00,2021,3,3,20,17288.0,1766.8,38.1,23.2,3.9,460.0,156.3,30.544,0.2009,71.931,13.677,8.578,5.731,2.635,14507.0,10.6,3.328,12.43,20681.0,830.0,22.0,0.8,0,0,1,6.982,0
2021-03-18 21:00:00,2021,3,3,21,16171.0,1596.1,46.6,14.3,3.87,441.0,,25.81,0.1698,,6.982,6.656,5.382,14.122,13709.0,10.961,3.257,12.68,20681.0,589.9,-19.0,8.2,0,0,1,8.822,0
2021-03-18 22:00:00,2021,3,3,22,,,38.3,15.5,4.33,,160.1,22.656,0.1491,68.04,8.822,10.024,13.488,5.486,14073.0,10.255,3.147,14.85,20256.0,1060.9,-27.0,-4.1,0,0,1,5.786,0
2021-03-18 23:00:00,2021,3,3,23,,1538.4,32.7,20.2,3.34,440.0,161.8,22.724,0.1495,66.717,5.786,8.46,4.745,5.145,14874.0,9.767,3.111,13.3,20256.0,-857.4,26.0,-12.4,0,0,1,5.533,0
2021-03-19 00:00:00,2021,3,4,0,14895.0,1636.4,37.9,20.3,3.89,407.0,166.6,24.374,0.1604,65.001,5.533,17.803,4.58,6.031,15658.0,7.706,3.069,16.43,,704.1,-33.0,-0.9,0,0,1,5.436,0
2021-03-19 01:00:00,2021,3,4,1,14383.0,1647.2,38.4,17.3,3.15,383.0,161.4,23.692,0.1559,66.324,5.436,13.677,4.728,11.667,14890.0,6.319,3.038,18.47,,765.6,-24.0,-0.6,0,0,1,5.356,0
2021-03-19 02:00:00,2021,3,4,2,15280.0,721.3,39.5,9.1,4.15,384.0,162.9,11.021,0.0725,58.759,5.356,6.982,,3.774,14696.0,5.996,,16.12,19229.0,-1045.5,1.0,-0.2,0,0,1,5.041,0
2021-03-19 03:00:00,2021,3,4,3,14547.0,719.0,36.6,3.2,4.05,348.0,158.8,10.459,,115.053,5.041,8.822,7.061,8.009,15198.0,6.092,3.113,14.27,19229.0,-877.1,-36.0,-0.7,0,0,1,9.397,0
2021-03-19 04:00:00,2021,3,4,4,14805.0,727.3,34.5,11.9,3.97,337.0,152.7,10.768,0.0708,55.796,9.397,5.786,5.273,3.489,17556.0,5.9,3.144,13.67,19229.0,-768.6,-11.0,-3.4,0,0,1,4.638,0
2021-03-19 05:00:00,2021,3,4,5,14377.0,1430.0,40.1,21.2,3.51,367.0,152.7,20.56,0.1353,75.086,4.638,5.533,6.693,23.466,17023.0,5.988,3.162,13.83,19229.0,-108.4,30.0,-2.5,0,0,1,6.061,0
2021-03-19 06:00:00,2021,3,4,6,,1364.0,40.7,20.5,3.4,360.0,152.7,21.124,0.139,234.552,6.061,5.436,10.472,8.195,17126.0,8.481,3.984,13.87,19229.0,-272.4,-7.0,-5.1,1,0,1,20.395,1
2021-03-19 07:00:00,2021,3,4,7,15378.0,1337.0,,18.2,3.12,364.0,154.2,20.559,0.1353,286.619,20.395,5.356,5.911,15.916,17084.0,11.713,5.087,14.02,19229.0,-310.2,4.0,-1.1,1,0,1,24.747,1
2021-03-19 08:00:00,2021,3,4,8,15123.0,784.5,35.0,2.5,3.67,292.0,148.4,11.865,0.0781,315.961,24.747,5.041,8.993,9.924,16779.0,15.344,6.178,12.92,18345.0,63.2,-72.0,-0.2,1,0,1,26.828,1
2021-03-19 09:00:00,2021,3,4,9,15239.0,,32.7,13.5,3.86,311.0,149.2,21.217,,173.97,26.828,9.397,7.1,10.964,16367.0,16.259,6.204,14.63,18345.0,673.3,19.0,-5.5,1,0,1,14.885,0
2021-03-19 10:00:00,2021,3,4,10,16021.0,811.5,37.3,6.9,3.31,310.0,,13.001,,199.43,14.885,4.638,11.285,12.771,16815.0,18.476,6.379,13.8,18345.0,84.2,-1.0,1.0,1,0,1,17.939,0
2021-03-19 11:00:00,2021,3,4,11,15787.0,1324.7,,5.6,,268.0,139.6,20.913,0.1376,190.326,17.939,6.061,9.549,4.478,16926.0,20.277,6.483,11.2,18345.0,-105.3,-42.0,1.7,1,0,1,16.87,0
2021-03-19 12:00:00,2021,3,4,12,15395.0,1301.6,34.2,,3.71,305.0,140.2,20.038,0.1318,59.697,16.87,20.395,12.663,14.033,17818.0,17.738,6.592,11.05,18345.0,-62.4,37.0,-7.2,0,0,1,5.16,0
2021-03-19 13:00:00,2021,3,4,13,16195.0,832.3,40.7,6.2,,293.0,139.5,13.48,0.0887,83.758,5.16,24.747,7.734,24.891,18172.0,14.883,6.595,9.05,18345.0,-504.7,-12.0,-5.5,0,0,1,7.616,0
2021-03-19 14:00:00,2021,3,4,14,15215.0,788.4,40.6,11.7,4.3,295.0,136.8,11.996,0.0789,56.54,,26.828,8.578,11.992,17512.0,11.217,6.697,10.58,18345.0,3.9,2.0,-5.7,0,0,1,4.83,0
2021-03-19 15:00:00,2021,3,4,15,16240.0,1160.6,,13.1,4.5,329.0,137.2,18.847,0.124,58.51,4.83,14.885,6.656,3.57,18345.0,9.625,6.738,10.52,18345.0,-231.7,34.0,3.8,0,0,1,5.335,0
2021-03-19 16:00:00,2021,3,4,16,17067.0,1095.1,36.1,23.3,4.59,294.0,140.7,18.69,0.123,60.371,,17.939,10.024,9.831,17401.0,,6.812,13.25,18345.0,283.6,-35.0,-5.8,0,0,1,5.785,0
2021-03-19 17:00:00,2021,3,4,17,17209.0,743.9,43.3,11.9,,292.0,135.6,12.802,0.0842,62.16,5.785,16.87,8.46,14.249,,5.789,6.863,14.3,18345.0,-580.8,-2.0,4.8,0,0,1,6.006,0
2021-03-19 18:00:00,2021,3,4,18,17076.0,2737.1,41.2,28.4,5.46,287.0,146.4,46.738,0.3075,102.655,6.006,5.16,17.803,7.625,17506.0,6.569,6.683,15.77,18345.0,1435.5,-5.0,-1.5,0,0,1,9.842,0
2021-03-19 19:00:00,2021,3,4,19,17276.0,2606.5,37.4,33.1,5.75,293.0,144.5,45.031,0.2963,70.352,9.842,7.616,13.677,21.139,17991.0,6.437,6.671,20.25,18345.0,1774.2,6.0,-1.7,0,0,1,6.824,0
2021-03-19 20:00:00,2021,3,4,20,18056.0,2544.5,40.1,32.1,5.77,341.0,148.1,45.944,0.3023,68.043,6.824,4.83,6.982,5.731,17288.0,6.782,6.672,23.65,18345.0,1756.1,48.0,2.0,0,0,1,6.898,0
2021-03-19 21:00:00,2021,3,4,21,17234.0,,42.3,5.0,5.3,343.0,151.3,10.814,0.0711,88.547,6.898,5.335,8.822,5.382,16171.0,7.32,6.674,22.3,18345.0,-533.1,,-4.3,0,0,1,8.568,0
2021-03-19 22:00:00,2021,3,4,22,17620.0,1055.1,43.7,3.3,4.78,326.0,150.0,18.591,0.1223,160.873,8.568,5.785,5.786,13.488,15146.0,9.009,6.728,18.97,18345.0,-40.0,-17.0,5.4,0,0,1,15.915,0
2021-03-19 23:00:00,2021,3,4,23,17903.0,577.0,39.3,13.5,5.41,309.0,144.4,10.33,0.068,55.731,15.915,6.006,5.533,4.745,14771.0,8.942,6.726,19.23,18345.0,-166.9,-17.0,,0,0,1,5.602,0
2021-03-20 00:00:00,2021,3,5,0,17539.0,2143.1,45.2,21.5,5.42,297.0,145.6,37.589,0.2473,101.357,5.602,9.842,5.436,4.58,,8.965,6.648,,18345.0,-594.0,-12.0,7.3,0,0,1,9.981,0
2021-03-20 01:00:00,2021,3,5,1,,1014.0,45.3,11.0,4.47,277.0,141.2,17.11,0.1126,73.221,9.981,6.824,5.356,4.728,14383.0,8.984,6.603,14.4,18345.0,-1592.5,-20.0,6.9,0,0,1,6.937,0
2021-03-20 02:00:00,2021,3,5,2,15944.0,609.4,35.6,0.0,4.82,269.0,141.3,9.716,0.0639,138.183,6.937,6.898,5.041,8.767,15280.0,9.896,,9.05,18345.0,-1935.1,-8.0,-3.9,0,0,1,12.37,0
2021-03-20 03:00:00,2021,3,5,3,15618.0,598.8,37.9,7.8,3.99,272.0,142.8,9.352,0.0615,62.152,12.37,8.568,9.397,7.061,14547.0,9.376,6.595,9.52,18345.0,-28.7,3.0,1.3,0,0,1,5.45,0
2021-03-20 04:00:00,2021,3,5,4,14164.0,1810.9,40.4,21.0,3.81,270.0,145.0,25.649,0.1687,94.021,5.45,15.915,4.638,5.273,14805.0,7.97,6.507,12.47,18345.0,755.8,-2.0,5.9,0,0,1,7.477,0
2021-03-20 05:00:00,2021,3,5,5,14740.0,1752.4,40.1,19.3,3.17,259.0,143.7,25.831,0.1699,76.934,7.477,5.602,6.061,6.693,14377.0,8.097,6.498,13.43,18345.0,,-11.0,0.0,0,0,1,6.367,0
2021-03-20 06:00:00,2021,3,5,6,15788.0,1000.4,36.7,10.2,2.66,265.0,143.4,15.795,0.1039,63.716,6.367,9.981,20.395,10.472,15487.0,7.375,6.241,11.55,18345.0,-1142.7,6.0,-4.0,0,0,1,5.648,0
2021-03-20 07:00:00,2021,3,5,7,16824.0,998.2,37.9,17.0,2.94,268.0,143.6,16.794,0.1105,50.953,5.648,6.937,24.747,5.911,15378.0,7.021,5.497,12.55,18345.0,-15.8,3.0,-2.6,1,0,1,4.813,0
2021-03-20 08:00:00,2021,3,5,8,16579.0,983.3,38.0,11.2,2.61,263.0,143.4,16.301,0.1072,68.239,4.813,12.37,26.828,8.993,15123.0,6.018,4.067,14.42,,373.9,-5.0,3.0,1,0,1,6.352,0
2021-03-20 09:00:00,2021,3,5,9,16441.0,1702.7,35.8,11.6,3.92,293.0,149.9,27.994,0.1842,383.796,6.352,5.45,14.885,7.1,15239.0,11.014,6.75,15.05,18345.0,1103.9,30.0,3.1,1,0,1,35.428,1
2021-03-20 10:00:00,2021,3,5,10,17708.0,1033.1,41.0,7.3,3.44,305.0,146.0,18.294,0.1204,125.052,35.428,7.477,17.939,11.285,16021.0,11.84,6.535,12.77,18345.0,-777.8,12.0,3.7,1,0,1,12.433,0
2021-03-20 11:00:00,2021,3,5,11,17053.0,1061.5,41.0,16.7,4.8,314.0,145.0,18.102,0.1191,248.795,12.433,6.367,16.87,9.549,15787.0,,7.03,12.33,18345.0,-690.9,9.0,2.5,1,0,1,23.821,1
2021-03-20 12:00:00,2021,3,5,12,17616.0,1087.0,42.5,19.1,3.64,289.0,157.1,19.148,0.126,119.992,23.821,5.648,5.16,12.663,15395.0,15.786,6.987,13.82,18345.0,86.6,-25.0,8.3,1,0,1,11.868,0
2021-03-20 13:00:00,2021,3,5,13,15869.0,1920.0,40.7,27.3,4.16,283.0,153.2,30.469,0.2005,36.454,11.868,4.813,7.616,7.734,16195.0,15.525,7.099,15.53,18345.0,921.8,-6.0,0.0,0,0,1,3.248,0
2021-03-20 14:00:00,2021,3,5,14,16397.0,517.4,38.0,0.6,3.45,287.0,146.4,8.483,0.0558,92.003,3.248,6.352,4.83,8.578,15215.0,15.878,7.034,13.77,18345.0,-465.9,4.0,-2.6,0,0,1,8.47,0
2021-03-20 15:00:00,2021,3,5,15,15789.0,1146.5,37.0,12.2,3.95,265.0,,18.101,,32.634,8.47,35.428,5.335,6.656,16240.0,10.455,7.116,13.87,18345.0,-556.2,-22.0,-3.0,0,0,1,2.893,0
2021-03-20 16:00:00,2021,3,5,16,16646.0,526.3,42.1,0.0,3.83,282.0,143.9,8.761,0.0576,,2.893,12.433,5.785,10.024,17067.0,9.882,7.072,12.65,18345.0,-506.8,17.0,6.0,0,0,1,8.992,0
2021-03-20 17:00:00,2021,3,5,17,15229.0,1047.7,42.4,12.2,3.77,242.0,144.5,15.956,0.105,36.232,8.992,23.821,6.006,8.46,17209.0,6.428,7.162,11.9,18345.0,-13.8,-40.0,-0.9,0,0,1,3.098,0
2021-03-20 18:00:00,2021,3,5,18,15262.0,1083.1,42.2,7.3,3.9,257.0,146.4,16.531,0.1088,82.157,3.098,11.868,9.842,17.803,17076.0,5.624,7.18,,18345.0,-3.9,15.0,1.0,0,0,1,7.04,0
2021-03-20 19:00:00,2021,3,5,19,16332.0,557.4,45.2,3.7,4.14,232.0,144.2,,0.0599,54.636,7.04,3.248,6.824,13.677,17276.0,5.917,7.218,6.0,18345.0,-1362.6,-25.0,7.8,0,0,1,5.01,0
2021-03-20 20:00:00,2021,3,5,20,16334.0,1025.8,38.7,17.9,4.12,240.0,140.1,16.754,0.1102,278.992,5.01,8.47,6.898,6.982,18056.0,8.77,7.915,8.88,18345.0,508.4,,-1.4,1,0,1,25.586,1
2021-03-20 21:00:00,2021,3,5,21,14560.0,576.2,46.6,3.6,3.84,,143.1,8.389,0.0552,113.935,25.586,2.893,8.568,8.822,17234.0,9.84,7.91,7.45,,-570.3,-4.0,4.3,1,0,1,9.314,0
2021-03-20 22:00:00,2021,3,5,22,13541.0,1939.4,40.2,16.4,4.19,214.0,148.7,26.261,0.1728,,9.314,8.992,15.915,5.786,,12.833,8.554,10.18,18345.0,1413.1,-22.0,-3.5,1,0,1,26.953,1
2021-03-20 23:00:00,2021,3,5,23,13651.0,1949.3,38.8,21.7,4.11,206.0,146.7,,0.1751,291.566,26.953,3.098,5.602,5.533,17903.0,16.042,8.805,11.77,18345.0,901.6,-8.0,-0.5,1,0,1,22.347,1
2021-03-21 00:00:00,2021,3,6,0,13334.0,1042.4,41.8,17.4,3.9,189.0,148.8,13.899,0.0914,144.327,22.347,7.04,9.981,5.436,17539.0,16.669,8.801,13.45,18345.0,-40.7,-17.0,,1,0,1,10.805,0
2021-03-21 01:00:00,2021,3,6,1,12507.0,983.7,43.2,,3.93,203.0,156.5,12.303,0.0809,111.746,10.805,5.01,6.937,5.356,16874.0,17.142,8.783,13.98,,426.3,14.0,-2.1,1,0,1,7.847,0
2021-03-21 02:00:00,2021,3,6,2,12609.0,559.6,43.7,6.7,3.59,237.0,156.6,7.056,0.0464,15.439,7.847,25.586,12.37,5.041,15944.0,13.06,9.027,12.12,18345.0,-466.2,34.0,8.1,0,0,1,1.093,0
2021-03-21 03:00:00,2021,3,6,3,13254.0,1941.7,39.7,15.9,3.58,283.0,155.2,,0.1693,46.724,1.093,9.314,5.45,9.397,15618.0,12.087,9.088,14.17,18345.0,1365.5,46.0,1.8,0,0,1,3.477,0
2021-03-21 04:00:00,2021,3,6,4,11857.0,994.2,41.7,19.3,3.76,267.0,159.0,11.789,0.0776,36.862,3.477,26.953,7.477,4.638,14164.0,8.004,9.226,14.65,18345.0,-945.2,-16.0,1.3,0,0,1,2.454,0
2021-03-21 05:00:00,2021,3,6,5,12006.0,537.3,40.8,4.4,3.7,279.0,160.8,6.451,0.0424,38.497,2.454,22.347,6.367,6.061,14740.0,4.712,9.333,11.77,18345.0,,12.0,0.7,0,0,1,2.595,0
2021-03-21 06:00:00,2021,3,6,6,13164.0,1797.4,37.6,20.8,4.09,289.0,,,0.1557,,2.595,10.805,5.648,20.395,15788.0,3.211,9.452,12.33,18345.0,755.0,,0.9,0,0,1,1.8,0
2021-03-21 07:00:00,2021,3,6,7,13322.0,527.2,42.3,2.2,4.54,295.0,151.7,7.023,0.0462,61.646,1.8,7.847,4.813,24.747,16824.0,2.672,9.457,11.55,18345.0,-456.5,6.0,4.4,0,0,1,4.611,0
2021-03-21 08:00:00,2021,3,6,8,13058.0,1049.7,37.5,1.8,4.66,323.0,149.9,13.708,0.0902,144.295,4.611,,6.352,26.828,16579.0,4.253,9.42,10.73,18345.0,490.1,28.0,-0.5,0,0,1,10.579,0
2021-03-21 09:00:00,2021,3,6,9,,507.9,46.9,4.8,4.77,300.0,145.6,6.82,0.0449,23.305,10.579,3.477,35.428,14.885,,3.966,7.934,8.88,18345.0,-1433.8,-23.0,11.1,0,0,1,1.757,0
2021-03-21 10:00:00,2021,3,6,10,13143.0,1046.5,42.1,13.9,5.17,325.0,146.0,13.754,0.0905,17.956,1.757,2.454,12.433,17.939,17708.0,3.778,8.054,7.98,18345.0,52.3,25.0,1.1,0,0,1,1.325,0
2021-03-21 11:00:00,2021,3,6,11,13109.0,499.5,45.7,4.7,4.9,270.0,147.5,6.548,0.0431,20.163,1.325,2.595,23.821,16.87,17053.0,3.593,7.492,8.03,18345.0,-37.8,-55.0,4.7,0,0,1,1.484,0
2021-03-21 12:00:00,2021,3,6,12,13589.0,499.8,43.2,3.8,5.34,277.0,146.6,6.791,0.0447,31.142,1.484,1.8,11.868,5.16,17616.0,3.689,7.513,5.2,18345.0,-1297.6,7.0,0.7,0,0,1,2.376,0
2021-03-21 13:00:00,2021,3,6,13,12916.0,1170.4,45.8,15.1,5.81,268.0,146.9,15.117,0.0995,40.169,2.376,4.611,3.248,7.616,15869.0,3.406,7.521,,18345.0,643.2,-9.0,,0,0,1,2.913,0
2021-03-21 14:00:00,2021,3,6,14,13949.0,2032.5,47.4,20.8,5.82,287.0,145.4,28.351,,17.812,2.913,10.579,8.47,4.83,16397.0,1.875,7.611,10.52,18345.0,982.8,19.0,9.4,0,0,1,1.395,0
2021-03-21 15:00:00,2021,3,6,15,13355.0,467.8,43.1,5.2,5.91,302.0,146.0,6.247,0.0411,20.418,1.395,1.757,2.893,5.335,15789.0,1.837,7.648,10.58,18345.0,-40.1,15.0,6.1,0,0,1,1.531,0
2021-03-21 16:00:00,2021,3,6,16,13791.0,1019.4,45.1,9.2,5.57,320.0,,14.059,0.0925,25.494,1.531,1.325,,5.785,16646.0,1.945,7.699,9.8,18345.0,-27.1,18.0,3.0,0,0,1,1.974,0
2021-03-21 17:00:00,2021,3,6,17,14598.0,1055.8,47.8,5.5,5.63,307.0,153.9,15.413,0.1014,89.359,1.974,1.484,3.098,6.006,15229.0,2.919,7.663,9.93,18345.0,556.3,-13.0,5.4,0,0,1,7.324,0
2021-03-21 18:00:00,2021,3,6,18,12330.0,2153.0,37.9,11.4,6.27,319.0,,26.547,0.1747,153.479,7.324,2.376,7.04,9.842,15262.0,4.294,7.702,11.2,18345.0,1653.2,12.0,-4.3,0,0,1,10.625,0
2021-03-21 19:00:00,2021,3,6,19,13092.0,462.6,47.2,0.0,5.92,339.0,148.4,6.056,0.0398,93.625,,2.913,5.01,6.824,16332.0,4.955,7.691,8.68,18345.0,-707.8,20.0,2.0,0,0,1,6.882,0
2021-03-21 20:00:00,2021,3,6,20,11379.0,983.2,46.2,,6.13,339.0,148.9,11.187,0.0736,48.46,6.882,1.395,25.586,6.898,16334.0,5.239,6.631,7.8,18345.0,-1049.3,0.0,,0,0,1,3.096,0
2021-03-21 21:00:00,2021,3,6,21,11245.0,2160.3,42.8,11.1,5.99,330.0,151.3,24.292,0.1598,156.994,3.096,1.531,9.314,8.568,14560.0,6.635,6.645,8.78,18345.0,1692.5,-9.0,-3.8,0,0,1,9.912,0
2021-03-21 22:00:00,2021,3,6,22,12046.0,409.6,38.9,6.6,5.9,344.0,149.5,4.934,0.0325,47.595,9.912,1.974,26.953,15.915,13541.0,6.843,4.965,8.35,18345.0,,14.0,-1.3,0,0,1,3.219,0
2021-03-21 23:00:00,2021,3,6,23,11756.0,893.4,44.8,,6.39,306.0,150.2,10.502,0.0691,147.943,3.219,7.324,22.347,5.602,13651.0,7.25,3.524,7.78,18345.0,,-38.0,6.0,0,0,1,9.765,0
2021-03-22 00:00:00,2021,3,0,0,11095.0,,42.9,23.5,6.4,342.0,146.5,21.764,0.1432,101.808,9.765,10.625,10.805,9.981,13334.0,6.536,3.294,9.8,18345.0,-191.4,36.0,1.1,0,0,1,6.342,0
2021-03-22 01:00:00,2021,3,0,1,10984.0,414.6,43.7,,6.68,331.0,155.1,4.554,0.03,80.914,6.342,6.882,7.847,6.937,12507.0,6.221,3.216,10.35,18345.0,-48.0,-11.0,0.5,0,0,1,4.99,0
2021-03-22 02:00:00,2021,3,0,2,12076.0,910.6,42.3,,6.46,408.0,154.9,10.997,0.0724,123.094,4.99,3.096,,12.37,12609.0,7.096,3.241,8.52,18345.0,-72.6,77.0,-1.4,0,0,1,8.346,0
2021-03-22 03:00:00,2021,3,0,3,10926.0,506.1,42.3,13.0,6.13,401.0,157.0,5.53,0.0364,,8.346,9.912,3.477,5.45,13254.0,6.395,3.239,8.83,18345.0,-1654.2,-7.0,2.6,0,0,1,5.706,0
2021-03-22 04:00:00,2021,3,0,4,12132.0,2201.9,47.1,20.4,6.2,436.0,156.3,26.713,0.1757,111.941,5.706,3.219,2.454,7.477,11857.0,7.129,3.254,11.13,18345.0,1792.3,35.0,5.4,0,0,1,7.625,0
2021-03-22 05:00:00,2021,3,0,5,12471.0,2181.2,49.6,14.8,5.91,440.0,153.7,27.202,0.179,153.415,7.625,9.765,2.595,,12006.0,7.292,3.421,13.25,18345.0,1287.8,4.0,8.8,0,0,1,10.742,0
2021-03-22 06:00:00,2021,3,0,6,11496.0,962.0,41.7,4.4,6.35,428.0,,11.059,0.0728,151.801,10.742,6.342,1.8,5.648,13164.0,7.868,3.459,10.07,18345.0,-999.6,-12.0,4.1,0,0,1,9.798,0
2021-03-22 07:00:00,2021,3,0,7,11468.0,905.4,47.7,11.3,7.08,413.0,153.7,10.383,,106.51,9.798,4.99,4.611,4.813,13322.0,8.179,3.461,11.4,18345.0,490.8,-15.0,5.4,0,0,1,6.858,0
2021-03-22 08:00:00,2021,3,0,8,10796.0,885.6,45.7,5.7,6.96,391.0,152.3,9.561,0.0629,104.083,6.858,8.346,10.579,6.352,13058.0,7.84,3.305,11.6,18345.0,-25.0,-22.0,8.2,0,0,1,6.309,0
2021-03-22 09:00:00,2021,3,0,9,11804.0,468.4,46.6,5.6,7.28,391.0,154.3,5.529,0.0364,85.674,6.309,5.706,1.757,35.428,13428.0,7.835,3.207,10.37,,-37.7,0.0,-0.3,0,0,1,5.678,0
2021-03-22 10:00:00,2021,3,0,10,12472.0,475.0,45.6,4.8,7.02,432.0,151.6,5.924,0.039,86.041,5.678,7.625,1.325,12.433,13143.0,7.568,3.07,7.77,18345.0,-1726.9,41.0,3.5,0,0,1,6.025,0
2021-03-22 11:00:00,2021,3,0,11,11249.0,461.4,,5.0,7.01,439.0,143.9,5.191,0.0341,84.074,6.025,10.742,1.484,23.821,13109.0,6.663,2.929,6.13,18345.0,-1719.8,7.0,-6.2,0,0,1,5.31,0
2021-03-22 12:00:00,2021,3,0,12,11082.0,485.0,40.2,8.6,7.45,387.0,147.1,5.375,0.0354,90.05,5.31,9.798,2.376,11.868,13589.0,5.964,2.826,6.83,18345.0,-477.0,,,0,0,1,5.603,0
2021-03-22 13:00:00,2021,3,0,13,10423.0,725.8,48.2,0.0,7.12,366.0,138.0,7.564,0.0498,192.974,5.603,6.858,2.913,3.248,12916.0,6.703,2.923,4.95,,-179.6,-21.0,2.4,0,0,1,11.293,0
2021-03-22 14:00:00,2021,3,0,14,13498.0,448.4,50.8,0.0,7.32,360.0,142.8,6.053,0.0398,135.725,11.293,6.309,1.395,8.47,13949.0,7.366,2.807,4.0,18345.0,-437.2,-6.0,,0,0,0,10.286,0
2021-03-22 15:00:00,2021,3,0,15,12575.0,450.4,53.3,7.7,7.12,332.0,139.5,5.664,0.0373,86.766,10.286,5.678,1.531,2.893,13355.0,7.44,2.573,4.35,18345.0,-18.0,-28.0,10.2,0,0,0,6.126,0
2021-03-22 16:00:00,2021,3,0,16,14266.0,820.9,51.7,8.8,6.97,333.0,139.8,11.711,0.077,76.894,6.126,6.025,1.974,8.992,13791.0,7.463,2.343,5.02,18345.0,345.9,,6.6,0,0,0,6.159,0
2021-03-22 17:00:00,2021,3,0,17,14008.0,456.2,54.4,7.9,6.57,360.0,142.9,6.391,0.042,83.536,6.159,5.31,7.324,3.098,14598.0,7.673,2.347,5.5,18345.0,-5.2,27.0,,0,0,0,6.57,0
2021-03-22 18:00:00,2021,3,0,18,13460.0,475.0,50.2,2.8,6.71,342.0,145.5,6.393,0.0421,125.046,6.57,5.603,10.625,7.04,12330.0,8.314,2.285,4.53,18345.0,-10.0,-18.0,12.3,0,0,0,9.45,0
2021-03-22 19:00:00,2021,3,0,19,12482.0,431.3,49.7,0.3,,322.0,146.0,5.384,0.0354,156.247,9.45,11.293,6.882,5.01,13092.0,8.257,2.41,4.58,18345.0,-294.5,-20.0,2.5,0,0,0,10.95,0
2021-03-22 20:00:00,2021,3,0,20,13290.0,452.2,50.7,4.0,6.71,354.0,144.7,,0.0395,99.386,10.95,10.286,3.096,25.586,11379.0,7.778,2.234,5.25,18345.0,3.8,32.0,4.5,0,0,0,7.416,0
2021-03-22 21:00:00,2021,3,0,21,11945.0,813.7,49.2,1.1,6.32,390.0,140.1,9.72,0.0639,208.674,7.416,6.126,9.912,9.314,11245.0,9.09,2.556,4.15,18345.0,363.3,36.0,6.4,0,0,0,13.995,0
2021-03-22 22:00:00,2021,3,0,22,12430.0,841.9,52.9,14.0,6.15,373.0,141.1,10.464,0.0688,103.984,13.995,6.159,3.219,26.953,12046.0,9.273,2.376,5.02,18345.0,21.0,-17.0,14.0,0,0,0,7.257,0
2021-03-22 23:00:00,2021,3,0,23,12012.0,1505.1,52.2,,5.43,358.0,152.9,18.08,0.1189,108.596,7.257,6.57,9.765,22.347,11756.0,9.399,2.343,6.48,18345.0,1048.9,-15.0,7.4,0,0,0,7.324,0
2021-03-23 00:00:00,2021,3,1,0,10246.0,813.8,49.4,,5.91,367.0,152.1,8.339,0.0549,207.763,7.324,9.45,6.342,10.805,11095.0,9.816,2.472,6.37,18345.0,338.8,9.0,6.5,0,0,0,11.952,0
2021-03-23 01:00:00,2021,3,1,1,10552.0,841.6,50.7,10.5,5.54,331.0,150.6,8.88,0.0584,,11.952,10.95,4.99,7.847,,9.262,2.39,8.07,18345.0,410.3,-36.0,7.0,0,0,0,7.627,0
2021-03-23 02:00:00,2021,3,1,2,8640.0,1493.6,50.4,13.1,5.73,374.0,153.1,12.904,0.0849,192.579,7.627,7.416,8.346,1.093,12076.0,,2.403,9.58,18345.0,1041.4,43.0,8.1,0,0,0,9.342,0
2021-03-23 03:00:00,2021,3,1,3,9437.0,903.1,53.8,5.9,5.46,363.0,151.2,8.522,0.0561,179.146,9.342,13.995,5.706,3.477,10926.0,8.832,2.36,10.38,18345.0,89.4,-11.0,11.5,0,0,0,9.492,0
2021-03-23 04:00:00,2021,3,1,4,8637.0,920.5,53.5,1.4,5.06,327.0,152.3,7.95,,289.917,9.492,7.257,7.625,2.454,12132.0,9.966,2.63,8.28,18345.0,78.6,-36.0,6.4,0,0,0,14.059,0
2021-03-23 05:00:00,2021,3,1,5,8004.0,940.4,54.1,7.4,5.04,320.0,146.3,7.526,0.0495,229.422,14.059,7.324,10.742,2.595,12471.0,10.464,2.616,6.73,18345.0,-564.7,-7.0,4.5,0,0,0,10.31,0
2021-03-23 06:00:00,2021,3,1,6,10164.0,465.4,53.7,0.0,4.74,302.0,156.3,4.73,0.0311,226.595,10.31,11.952,9.798,1.8,11496.0,10.627,,6.38,18345.0,-348.4,-18.0,12.0,0,0,0,12.931,0
2021-03-23 07:00:00,2021,3,1,7,9685.0,462.9,53.5,10.6,5.36,324.0,160.0,4.483,0.0295,182.337,12.931,7.627,6.858,4.611,11468.0,11.008,2.738,6.4,18345.0,-378.7,22.0,5.8,0,0,0,9.915,0
2021-03-23 08:00:00,2021,3,1,8,10383.0,494.7,56.1,6.7,5.48,310.0,157.4,5.136,0.0338,200.287,9.915,9.342,6.309,10.579,10796.0,11.397,2.744,5.33,18345.0,,-14.0,10.4,0,0,0,11.676,0
2021-03-23 09:00:00,2021,3,1,9,9810.0,834.6,52.2,6.6,5.9,361.0,160.4,8.187,0.0539,299.388,11.676,9.492,5.678,1.757,11804.0,12.563,3.041,5.45,18345.0,-68.5,51.0,5.6,1,0,0,16.49,0
2021-03-23 10:00:00,2021,3,1,10,8588.0,553.9,54.5,11.9,6.46,322.0,157.2,4.757,0.0313,232.361,16.49,,6.025,1.325,12472.0,12.088,2.968,7.2,18345.0,-366.6,,8.9,1,0,0,11.204,0
2021-03-23 11:00:00,2021,3,1,11,9746.0,878.5,51.8,1.9,5.7,309.0,154.4,8.562,0.0563,351.153,11.204,10.31,5.31,1.484,11249.0,13.572,3.4,6.28,18345.0,-61.9,-13.0,,1,0,0,19.215,1
2021-03-23 12:00:00,2021,3,1,12,9227.0,1823.5,,7.3,5.48,318.0,153.0,16.826,0.1107,412.696,19.215,12.931,,2.376,11082.0,14.98,3.94,7.5,18345.0,1358.1,9.0,15.2,1,0,0,21.38,1
2021-03-23 13:00:00,2021,3,1,13,,970.7,50.9,9.9,5.26,307.0,152.6,10.299,0.0678,183.177,21.38,9.915,11.293,2.913,10423.0,15.146,3.939,7.38,18345.0,507.8,-11.0,2.7,1,0,0,10.912,0
2021-03-23 14:00:00,2021,3,1,14,8891.0,478.6,52.5,7.1,5.73,333.0,159.2,4.256,0.028,166.208,10.912,11.676,10.286,1.395,13498.0,14.583,3.973,7.45,18345.0,-16.1,26.0,1.7,1,0,0,8.297,0
2021-03-23 15:00:00,2021,3,1,15,9897.0,927.5,51.4,2.5,5.13,340.0,158.7,9.18,0.0604,237.441,8.297,16.49,6.126,1.531,12575.0,,3.87,6.77,18345.0,92.9,7.0,-1.9,0,0,0,13.194,0
2021-03-23 16:00:00,2021,3,1,16,9069.0,549.2,53.1,6.5,5.15,395.0,152.6,4.981,0.0328,,13.194,11.204,6.159,1.974,14266.0,13.57,3.77,5.87,18345.0,-4.7,55.0,1.4,0,0,0,8.42,0
2021-03-23 17:00:00,2021,3,1,17,,1996.9,50.8,8.6,4.98,329.0,148.4,18.955,0.1247,276.168,8.42,19.215,6.57,7.324,14008.0,,3.699,6.98,18345.0,1118.4,-66.0,-3.6,0,0,0,14.718,0
2021-03-23 18:00:00,2021,3,1,18,9037.0,,47.4,9.4,5.17,320.0,148.2,8.254,0.0543,186.031,14.718,21.38,9.45,10.625,13460.0,10.83,3.699,7.33,18345.0,,-9.0,-2.8,0,0,0,9.439,0
2021-03-23 19:00:00,2021,3,1,19,9136.0,938.7,46.8,7.8,5.09,366.0,144.8,8.576,0.0564,204.777,9.439,10.912,10.95,6.882,12482.0,10.762,3.703,6.98,18345.0,-32.0,46.0,-2.9,0,0,0,10.504,0
2021-03-23 20:00:00,2021,3,1,20,,906.5,49.7,16.2,4.96,353.0,146.0,8.764,0.0577,195.664,10.504,8.297,7.416,3.096,13290.0,11.149,3.604,8.5,18345.0,427.9,-13.0,-1.0,0,0,0,10.621,0
2021-03-23 21:00:00,2021,3,1,21,8921.0,929.5,49.1,13.8,4.85,377.0,145.0,8.292,0.0546,203.982,10.621,13.194,13.995,9.912,11945.0,10.653,3.581,10.38,18345.0,2.0,24.0,-0.1,0,0,0,10.217,0
2021-03-23 22:00:00,2021,3,1,22,10107.0,916.5,48.9,6.7,,375.0,143.9,9.264,0.0609,179.324,10.217,8.42,7.257,3.219,12430.0,10.946,3.478,10.42,18345.0,367.3,-2.0,-4.0,0,0,0,10.176,0
2021-03-23 23:00:00,2021,3,1,23,10119.0,515.5,,2.9,5.37,414.0,143.2,5.217,0.0343,165.54,10.176,14.718,7.324,9.765,12012.0,10.06,3.391,9.47,18345.0,-1481.4,,-2.8,0,0,0,9.405,0
2021-03-24 00:00:00,2021,3,2,0,10132.0,552.7,48.9,6.4,4.92,382.0,146.7,5.6,0.0368,140.102,9.405,9.439,11.952,6.342,10246.0,9.815,3.476,8.97,18345.0,-360.7,,-0.5,0,0,0,7.97,0
2021-03-24 01:00:00,2021,3,2,1,10255.0,554.6,50.8,4.0,5.12,378.0,147.8,5.687,0.0374,136.425,7.97,10.504,7.627,4.99,10552.0,9.374,3.465,8.33,18345.0,-384.1,-4.0,,0,0,0,7.855,0
2021-03-24 02:00:00,2021,3,2,2,11355.0,929.2,47.8,3.5,5.38,388.0,150.3,10.551,0.0694,182.656,7.855,10.621,9.342,8.346,8640.0,9.545,3.432,6.22,18345.0,22.7,10.0,-2.6,0,0,0,11.645,0
2021-03-24 03:00:00,2021,3,2,3,11220.0,2027.2,50.6,10.8,,388.0,150.2,22.745,0.1496,207.887,11.645,10.217,9.492,5.706,9437.0,10.024,3.411,5.72,18345.0,1097.7,0.0,-3.2,0,0,0,13.096,0
2021-03-24 04:00:00,2021,3,2,4,11307.0,885.2,50.0,0.0,5.5,354.0,148.6,10.009,0.0659,243.636,13.096,10.176,,7.625,8637.0,10.906,3.463,,18345.0,-31.3,-34.0,-3.5,0,0,0,15.467,0
2021-03-24 05:00:00,2021,3,2,5,11810.0,867.4,49.2,1.3,5.12,412.0,149.1,10.243,0.0674,211.935,15.467,9.405,10.31,10.742,8004.0,11.681,3.474,4.33,18345.0,351.9,58.0,-4.9,0,0,0,14.053,0
2021-03-24 06:00:00,2021,3,2,6,13419.0,2013.2,49.2,14.1,4.99,450.0,154.3,27.016,0.1777,168.206,14.053,7.97,12.931,9.798,10164.0,12.465,3.471,5.62,18345.0,1460.5,38.0,-4.5,0,0,0,12.673,0
2021-03-24 07:00:00,2021,3,2,7,12183.0,600.5,47.8,1.8,,461.0,,7.316,0.0481,163.927,12.673,7.855,9.915,6.858,9685.0,13.024,3.447,5.25,18345.0,45.9,11.0,-5.7,0,0,0,11.213,0
2021-03-24 08:00:00,2021,3,2,8,12747.0,597.0,49.5,5.5,4.97,421.0,149.9,7.61,0.0501,103.299,11.213,11.645,11.676,6.309,10383.0,12.316,3.577,5.58,18345.0,-332.2,-40.0,-6.6,0,0,0,7.393,0
2021-03-24 09:00:00,2021,3,2,9,11850.0,,47.8,15.4,4.79,409.0,157.7,23.335,0.1535,117.852,7.393,13.096,16.49,5.678,9810.0,11.44,3.53,6.35,18345.0,-58.0,-12.0,-4.4,0,0,0,7.841,0
2021-03-24 10:00:00,2021,3,2,10,12346.0,2058.2,50.5,24.7,4.78,417.0,156.8,25.411,0.1672,,7.841,15.467,11.204,6.025,8588.0,11.843,3.758,10.47,18345.0,1173.0,8.0,-4.0,1,0,0,17.884,0
2021-03-24 11:00:00,2021,3,2,11,13157.0,900.3,47.9,6.5,4.94,428.0,157.0,11.845,0.0779,192.998,17.884,14.053,19.215,5.31,9746.0,,3.458,11.33,18345.0,32.9,11.0,,1,0,0,14.257,0
2021-03-24 12:00:00,2021,3,2,12,13875.0,576.8,49.3,0.0,,503.0,159.0,8.003,0.0527,311.454,14.257,12.673,21.38,5.603,9227.0,13.808,3.841,8.98,18345.0,-1436.4,75.0,-6.1,1,0,0,24.263,1
2021-03-24 13:00:00,2021,3,2,13,14222.0,1838.1,,9.9,4.68,479.0,159.6,26.142,0.172,,24.263,11.213,10.912,11.293,10610.0,16.075,4.671,10.33,18345.0,1237.6,-24.0,-2.1,1,0,0,24.813,1
2021-03-24 14:00:00,2021,3,2,14,14117.0,886.1,48.8,14.4,4.58,483.0,161.9,12.509,0.0823,159.738,24.813,7.393,8.297,10.286,8891.0,16.953,4.592,11.82,18345.0,289.1,4.0,-3.7,1,0,0,12.661,0
2021-03-24 15:00:00,2021,3,2,15,14141.0,835.3,51.2,4.4,4.89,452.0,164.7,11.813,0.0777,290.834,12.661,7.841,13.194,6.126,9897.0,19.495,5.077,9.98,,-1133.9,-31.0,-0.2,1,0,0,23.091,1
2021-03-24 16:00:00,2021,3,2,16,14556.0,584.7,50.0,13.7,4.96,484.0,168.2,8.51,0.056,119.485,23.091,17.884,8.42,6.159,9069.0,18.142,5.033,8.15,18345.0,-1473.5,32.0,-3.1,0,0,0,9.765,0
2021-03-24 17:00:00,2021,3,2,17,13436.0,823.4,50.9,2.9,5.43,477.0,169.5,11.063,0.0728,191.337,9.765,14.257,14.718,6.57,9492.0,18.171,5.029,7.55,18345.0,,-7.0,0.1,0,0,0,14.434,0
2021-03-24 18:00:00,2021,3,2,18,13398.0,2197.9,50.1,17.5,4.34,421.0,169.3,29.447,0.1937,171.434,14.434,24.263,9.439,9.45,9037.0,16.277,4.973,10.47,18345.0,1621.1,-56.0,2.7,0,0,0,12.896,0
2021-03-24 19:00:00,2021,3,2,19,14094.0,2191.8,49.4,14.8,5.34,419.0,163.5,30.891,0.2032,220.278,12.896,24.813,10.504,10.95,9136.0,15.046,5.017,11.28,18345.0,,-2.0,2.6,0,0,0,17.431,0
2021-03-24 20:00:00,2021,3,2,20,,819.8,46.4,2.3,4.36,425.0,163.1,11.258,,209.742,17.431,12.661,10.621,7.416,9668.0,15.631,5.012,9.27,18345.0,-66.3,6.0,-3.3,0,0,0,16.171,0
2021-03-24 21:00:00,2021,3,2,21,12918.0,854.8,46.9,4.8,4.75,457.0,175.0,11.043,0.0726,184.243,16.171,23.091,10.217,13.995,8921.0,14.01,4.961,9.33,18345.0,19.5,32.0,-2.2,0,0,0,13.363,0
2021-03-24 22:00:00,2021,3,2,22,12334.0,846.9,50.8,8.5,4.77,462.0,173.0,10.446,0.0687,143.956,13.363,9.765,10.176,7.257,10107.0,14.044,4.967,8.47,18345.0,262.2,5.0,,0,0,0,9.969,0
2021-03-24 23:00:00,2021,3,2,23,12890.0,865.2,48.0,11.9,4.93,465.0,165.5,11.152,0.0734,123.169,9.969,14.434,9.405,7.324,10119.0,13.124,4.987,9.97,18345.0,41.8,3.0,-1.4,0,0,0,8.914,0
2021-03-25 00:00:00,2021,3,3,0,13492.0,870.0,47.6,21.2,4.66,445.0,172.4,11.738,0.0772,127.706,8.914,12.896,7.97,11.952,10132.0,12.587,4.913,10.58,18345.0,-1327.9,-20.0,-1.3,0,0,0,9.674,0
2021-03-25 01:00:00,2021,3,3,1,14009.0,443.5,45.4,9.0,4.57,442.0,171.8,6.213,0.0409,,9.674,17.431,7.855,7.627,10255.0,11.298,4.83,9.62,18345.0,-1748.3,-3.0,-5.4,0,0,0,9.697,0
2021-03-25 02:00:00,2021,3,3,2,14662.0,536.2,47.5,10.0,4.63,393.0,169.1,7.862,0.0517,118.56,9.697,16.171,11.645,9.342,11355.0,10.229,4.883,10.9,18345.0,-283.6,-49.0,-0.3,0,0,0,9.76,0
2021-03-25 03:00:00,2021,3,3,3,15523.0,,42.9,5.0,4.94,419.0,166.0,13.321,0.0876,168.366,9.76,13.363,13.096,9.492,11220.0,10.448,4.884,10.93,18345.0,3.3,26.0,-7.7,0,0,0,14.674,0
2021-03-25 04:00:00,2021,3,3,4,15670.0,545.1,44.4,0.2,5.04,416.0,162.7,8.543,0.0562,169.799,,9.969,15.467,14.059,11307.0,11.276,4.877,9.55,18345.0,-301.8,-3.0,-5.6,0,0,0,14.939,0
2021-03-25 05:00:00,2021,3,3,5,15650.0,537.5,44.5,11.3,5.17,460.0,,8.412,0.0553,108.981,14.939,8.914,14.053,10.31,11810.0,11.387,4.953,9.45,18345.0,-327.7,,-4.7,0,0,0,9.576,0
2021-03-25 06:00:00,2021,3,3,6,15985.0,,42.9,29.2,5.91,465.0,171.0,39.16,0.2576,108.904,9.576,9.674,12.673,12.931,13419.0,11.403,5.013,10.78,18345.0,1579.8,5.0,-6.3,0,0,0,9.774,0
2021-03-25 07:00:00,2021,3,3,7,15727.0,,43.9,17.7,5.32,483.0,173.5,13.185,0.0867,94.914,9.774,9.697,11.213,9.915,12183.0,11.184,5.102,12.23,18345.0,394.9,18.0,-3.9,0,0,0,8.381,0
2021-03-25 08:00:00,2021,3,3,8,17855.0,532.1,44.1,,5.7,,168.9,9.5,0.0625,84.341,8.381,9.76,7.393,11.676,12747.0,10.966,5.052,11.48,18345.0,-4.1,7.0,-5.4,0,0,0,8.455,0
2021-03-25 09:00:00,2021,3,3,9,17072.0,531.4,45.2,3.3,5.4,,164.0,9.071,0.0597,,,14.674,7.841,16.49,11850.0,10.582,4.916,11.2,18345.0,-326.7,-1.0,-2.6,0,0,0,12.366,0
2021-03-25 10:00:00,2021,3,3,10,17088.0,776.0,43.6,8.9,5.87,454.0,164.0,13.26,0.0872,94.286,12.366,14.939,17.884,11.204,12346.0,9.6,4.915,12.65,18345.0,230.9,-35.0,-6.9,0,0,0,9.046,0
2021-03-25 11:00:00,2021,3,3,11,17310.0,773.7,43.9,8.0,5.3,474.0,166.7,13.393,0.0881,100.959,9.046,9.576,14.257,19.215,13157.0,9.639,4.96,12.1,18345.0,236.2,20.0,-4.0,0,0,0,9.812,0
2021-03-25 12:00:00,2021,3,3,12,18039.0,737.5,43.3,0.0,5.27,434.0,167.3,13.304,0.0875,180.221,9.812,9.774,24.263,21.38,13875.0,,4.501,7.23,18345.0,-1712.3,-40.0,-6.0,0,0,0,18.253,1
2021-03-25 13:00:00,2021,3,3,13,17022.0,769.8,44.1,11.0,5.36,463.0,156.6,13.103,0.0862,86.93,18.253,8.381,24.813,,14222.0,11.04,3.796,6.12,18345.0,-68.6,29.0,-4.7,0,0,0,8.308,0
2021-03-25 14:00:00,2021,3,3,14,17656.0,563.6,42.3,0.1,5.38,482.0,161.6,9.951,0.0655,148.753,8.308,8.455,12.661,8.297,14117.0,12.088,3.832,5.22,18345.0,31.5,19.0,,0,0,0,14.746,0
2021-03-25 15:00:00,2021,3,3,15,17546.0,803.6,46.8,1.4,5.14,498.0,150.2,14.1,0.0928,167.003,14.746,12.366,23.091,13.194,14141.0,12.769,3.202,4.9,18056.0,272.2,16.0,-4.4,0,0,0,16.452,0
2021-03-25 16:00:00,2021,3,3,16,17041.0,518.5,47.7,5.4,,464.0,148.5,8.836,0.0581,,16.452,9.046,9.765,8.42,14556.0,12.488,3.309,4.32,18056.0,-257.5,-34.0,-2.3,0,0,0,7.359,0
2021-03-25 17:00:00,2021,3,3,17,17841.0,779.8,46.3,6.6,5.54,460.0,150.4,13.913,0.0915,95.109,7.359,9.812,14.434,14.718,13436.0,12.441,3.294,,18056.0,6.1,-4.0,-4.6,0,0,0,9.527,0
2021-03-25 18:00:00,2021,3,3,18,18962.0,529.7,45.5,7.6,4.96,427.0,151.9,10.045,0.0661,60.64,,18.253,12.896,9.439,13398.0,10.475,3.447,5.35,18962.0,-207.8,-33.0,-4.6,0,0,0,6.456,0
2021-03-25 19:00:00,2021,3,3,19,17613.0,567.6,46.4,4.7,4.99,455.0,150.1,9.998,0.0658,90.454,6.456,8.308,17.431,10.504,14094.0,10.581,3.228,4.3,18962.0,-202.2,,-3.0,0,0,0,8.945,0
2021-03-25 20:00:00,2021,3,3,20,18903.0,563.2,46.2,14.1,5.05,443.0,150.9,10.646,0.07,65.154,8.945,14.746,16.171,10.621,13732.0,9.276,3.138,,18962.0,-0.4,-12.0,-0.2,0,0,0,6.915,0
2021-03-25 21:00:00,2021,3,3,21,19452.0,2823.1,44.6,34.9,4.5,468.0,,54.914,0.3613,326.714,6.915,16.452,13.363,10.217,12918.0,12.481,5.991,12.22,19452.0,2019.5,25.0,-2.3,1,0,0,35.682,1
2021-03-25 22:00:00,2021,3,3,22,19277.0,545.5,45.0,2.3,5.19,491.0,160.7,10.516,0.0692,216.756,35.682,7.359,9.969,10.176,12334.0,15.164,6.449,11.7,19452.0,27.0,23.0,-5.8,1,0,0,23.46,1
2021-03-25 23:00:00,2021,3,3,23,21061.0,532.4,,0.0,4.98,451.0,156.7,11.213,0.0738,201.44,23.46,9.527,8.914,9.405,12890.0,17.546,6.832,10.6,21061.0,-247.4,-40.0,0.5,1,0,0,23.82,1
2021-03-26 00:00:00,2021,3,4,0,20801.0,593.5,47.3,1.9,,494.0,159.2,12.346,0.0812,180.257,23.82,6.456,9.674,7.97,13492.0,19.979,7.002,9.65,21061.0,,43.0,-0.3,1,0,0,21.052,1
2021-03-26 01:00:00,2021,3,4,1,21386.0,736.4,46.1,9.1,5.18,453.0,157.8,15.749,0.1036,89.337,21.052,8.945,9.697,7.855,14009.0,20.276,6.982,10.38,21386.0,168.8,-41.0,0.7,1,0,0,10.727,0
2021-03-26 02:00:00,2021,3,4,2,20202.0,783.9,46.1,,5.22,522.0,159.8,15.837,0.1042,78.095,10.727,6.915,9.76,11.645,14662.0,20.6,7.005,,21386.0,220.7,69.0,-1.4,1,0,0,8.858,0
2021-03-26 03:00:00,2021,3,4,3,21104.0,2915.5,46.5,40.1,,534.0,163.9,61.529,0.4048,91.408,8.858,35.682,14.674,13.096,15523.0,16.458,7.014,11.32,21386.0,92.4,12.0,3.6,0,0,0,10.831,0
2021-03-26 04:00:00,2021,3,4,4,21799.0,775.0,49.1,18.6,5.78,533.0,159.6,16.894,0.1111,57.373,10.831,23.46,14.939,15.467,15670.0,13.718,7.108,,21799.0,229.5,-1.0,4.7,0,0,0,7.022,0
2021-03-26 05:00:00,2021,3,4,5,20841.0,810.0,46.8,14.2,6.17,540.0,164.4,16.881,0.1111,64.864,7.022,23.82,9.576,14.053,15650.0,11.013,7.158,,21799.0,277.6,7.0,2.3,0,0,0,7.59,0
2021-03-26 06:00:00,2021,3,4,6,21520.0,803.8,44.5,2.6,5.99,522.0,167.9,17.298,0.1138,163.847,7.59,21.052,9.774,12.673,15985.0,10.804,7.274,16.52,21799.0,210.3,-18.0,1.6,0,0,0,19.797,1
2021-03-26 07:00:00,2021,3,4,7,20917.0,542.0,,0.0,6.37,545.0,168.7,11.338,0.0746,153.338,19.797,10.727,8.381,11.213,15727.0,12.018,7.269,15.0,21799.0,-194.4,23.0,2.1,0,0,0,18.008,0
2021-03-26 08:00:00,2021,3,4,8,21064.0,2856.7,45.2,36.1,6.7,497.0,158.2,60.175,0.3959,122.682,18.008,8.858,8.455,7.393,17855.0,12.959,7.192,18.6,21799.0,2072.8,-48.0,1.1,0,0,0,14.509,0
2021-03-26 09:00:00,2021,3,4,9,20222.0,2834.2,48.0,42.1,6.32,560.0,160.8,57.312,0.3771,82.712,14.509,10.831,12.366,7.841,17072.0,,,18.93,,-81.3,63.0,2.8,0,0,0,9.391,0
2021-03-26 10:00:00,2021,3,4,10,19212.0,518.0,45.1,5.3,6.53,542.0,148.6,9.951,0.0655,217.712,9.391,7.022,9.046,17.884,17088.0,15.463,7.443,,21799.0,-257.0,-18.0,1.5,1,0,0,23.484,1
2021-03-26 11:00:00,2021,3,4,11,,859.3,46.8,8.7,6.26,558.0,155.7,16.818,0.1106,107.445,23.484,7.59,9.812,14.257,17310.0,16.166,7.403,15.8,21799.0,49.3,16.0,2.9,1,0,0,11.807,0
2021-03-26 12:00:00,2021,3,4,12,17895.0,487.2,50.2,7.4,6.79,574.0,,,0.0574,258.667,11.807,19.797,18.253,24.263,18039.0,17.198,7.743,16.6,21799.0,-316.6,16.0,6.9,1,0,0,25.989,1
2021-03-26 13:00:00,2021,3,4,13,18005.0,839.3,47.0,19.5,6.17,538.0,155.3,15.112,0.0994,84.073,25.989,18.008,8.308,24.813,17022.0,15.613,7.737,19.85,21799.0,297.3,-36.0,,1,0,0,8.499,0
2021-03-26 14:00:00,2021,3,4,14,18112.0,861.5,50.0,9.7,5.99,507.0,156.9,15.604,0.1027,174.312,8.499,14.509,14.746,12.661,17656.0,16.149,7.763,15.45,21799.0,-1995.2,-31.0,7.7,1,0,0,17.726,0
2021-03-26 15:00:00,2021,3,4,15,18823.0,2510.0,46.5,34.3,5.96,540.0,154.1,47.245,0.3108,94.622,17.726,9.391,16.452,23.091,17546.0,16.251,7.813,14.15,21799.0,-324.2,33.0,-0.3,1,0,0,10.0,0
2021-03-26 16:00:00,2021,3,4,16,18962.0,502.6,48.1,12.8,6.06,529.0,157.5,9.531,0.0627,152.803,,23.484,7.359,9.765,17041.0,15.048,7.67,15.4,21799.0,-15.4,-11.0,0.4,1,0,0,16.268,0
2021-03-26 17:00:00,2021,3,4,17,19222.0,851.2,52.7,3.4,5.18,516.0,158.1,16.362,0.1076,183.63,16.268,11.807,9.527,14.434,17841.0,16.383,7.647,14.52,21799.0,-8.1,-13.0,6.4,1,0,0,19.818,1
2021-03-26 18:00:00,2021,3,4,18,18184.0,895.1,50.2,21.0,5.26,519.0,157.3,16.277,0.1071,151.721,19.818,25.989,6.456,12.896,18962.0,14.634,7.413,16.78,21799.0,407.9,3.0,4.7,1,0,0,15.49,0
2021-03-26 19:00:00,2021,3,4,19,19671.0,519.2,50.8,0.0,5.13,548.0,,10.213,0.0672,146.372,15.49,8.499,8.945,17.431,17613.0,15.911,7.274,13.53,21799.0,-320.1,29.0,4.4,1,0,0,16.166,0
2021-03-26 20:00:00,2021,3,4,20,19342.0,798.8,50.0,5.5,4.91,511.0,156.4,15.451,0.1017,118.097,16.166,17.726,6.915,,18903.0,15.094,7.051,,21799.0,-62.7,-37.0,3.8,0,0,0,12.825,0
2021-03-26 21:00:00,2021,3,4,21,19676.0,910.7,50.8,8.0,5.51,494.0,156.8,17.918,0.1179,118.174,12.825,10.0,35.682,13.363,19452.0,15.604,5.72,8.45,21799.0,-1599.3,-17.0,6.2,0,0,0,13.055,0
2021-03-26 22:00:00,2021,3,4,22,20050.0,838.4,49.4,,5.73,523.0,153.0,16.811,0.1106,139.288,13.055,16.268,23.46,9.969,19277.0,15.506,5.449,6.92,21799.0,335.8,29.0,4.4,0,0,0,15.68,0
2021-03-26 23:00:00,2021,3,4,23,19664.0,2569.0,48.4,30.5,5.51,506.0,149.2,50.518,,114.469,15.68,19.818,23.82,8.914,21061.0,14.309,5.125,11.43,21799.0,1717.8,-17.0,-0.1,0,0,0,12.638,0
2021-03-27 00:00:00,2021,3,5,0,18639.0,534.2,48.4,5.6,5.17,527.0,154.9,9.956,0.0655,90.406,12.638,15.49,21.052,9.674,20801.0,13.304,5.023,8.87,21799.0,-360.9,21.0,1.1,0,0,0,9.461,0
2021-03-27 01:00:00,2021,3,5,1,19755.0,564.3,49.1,10.5,5.6,494.0,154.8,,0.0733,71.234,9.461,16.166,,9.697,21386.0,11.927,5.134,10.62,21799.0,45.1,-33.0,3.0,0,0,0,7.901,0
2021-03-27 02:00:00,2021,3,5,2,20009.0,548.5,50.4,10.9,5.97,475.0,153.7,10.974,0.0722,64.873,7.901,12.825,8.858,9.76,20202.0,11.004,5.21,11.52,21799.0,-250.3,-19.0,4.3,0,0,0,7.288,0
2021-03-27 03:00:00,2021,3,5,3,21973.0,547.5,50.5,5.7,5.85,441.0,151.3,12.03,0.0791,79.558,7.288,13.055,10.831,14.674,21104.0,10.464,5.24,11.13,21973.0,-363.2,-34.0,4.0,0,0,0,9.815,0
2021-03-27 04:00:00,2021,3,5,4,21083.0,999.7,47.5,17.1,5.96,430.0,151.4,21.077,0.1387,67.448,9.815,15.68,7.022,14.939,21799.0,9.181,5.189,13.38,21973.0,161.3,-11.0,-1.6,0,0,0,7.984,0
2021-03-27 05:00:00,2021,3,5,5,20251.0,2533.4,47.7,35.2,5.65,425.0,150.0,51.302,0.3375,78.979,7.984,12.638,7.59,9.576,20841.0,8.571,5.124,14.17,21973.0,-35.6,-5.0,0.9,0,0,0,8.98,0
2021-03-27 06:00:00,2021,3,5,6,18637.0,892.0,45.4,7.3,5.31,449.0,150.5,16.625,0.1094,119.831,,9.461,19.797,9.774,21520.0,9.084,4.97,14.45,21973.0,357.8,24.0,0.9,0,0,0,12.539,0
2021-03-27 07:00:00,2021,3,5,7,19784.0,897.4,46.3,10.4,4.47,445.0,151.4,17.754,0.1168,73.713,12.539,,18.008,8.381,20917.0,9.132,4.992,14.43,21973.0,333.1,-4.0,,0,0,0,8.188,0
2021-03-27 08:00:00,2021,3,5,8,20329.0,886.2,44.8,12.0,4.52,467.0,148.6,18.015,0.1185,67.917,,7.288,14.509,8.455,21064.0,9.21,5.101,14.62,21973.0,337.7,22.0,-0.4,0,0,0,7.752,0
2021-03-27 09:00:00,2021,3,5,9,20375.0,,51.5,6.3,4.79,437.0,153.6,10.809,0.0711,68.306,7.752,9.815,,12.366,20222.0,8.876,5.158,14.72,21973.0,,-30.0,3.5,0,0,0,7.814,0
2021-03-27 10:00:00,2021,3,5,10,19813.0,,48.0,35.7,,398.0,149.4,53.154,0.3497,81.948,7.814,7.984,23.484,9.046,19212.0,9.065,4.675,17.82,21973.0,1683.1,-39.0,2.9,0,0,0,9.116,0
2021-03-27 11:00:00,2021,3,5,11,20010.0,1015.1,46.7,5.2,4.17,395.0,148.9,20.312,0.1336,160.297,9.116,8.98,11.807,9.812,19572.0,10.57,4.821,12.82,21973.0,-1518.3,-3.0,-0.1,0,0,0,18.009,1
2021-03-27 12:00:00,2021,3,5,12,19282.0,1032.7,47.7,12.1,3.74,421.0,148.5,19.911,0.131,86.403,18.009,12.539,,18.253,17895.0,10.039,3.899,13.62,21973.0,140.7,26.0,,0,0,0,9.354,0
2021-03-27 13:00:00,2021,3,5,13,20505.0,2832.7,51.2,29.3,4.08,,144.9,58.085,0.3821,189.938,9.354,8.188,,8.308,18005.0,12.319,4.342,16.77,21973.0,1935.3,-5.0,4.2,0,0,0,21.867,1
2021-03-27 14:00:00,2021,3,5,14,21558.0,1099.0,47.6,17.9,3.95,393.0,139.5,23.692,0.1559,72.828,21.867,7.752,17.726,14.746,18112.0,12.496,4.239,17.75,21973.0,,-23.0,-2.4,0,0,0,8.815,0
2021-03-27 15:00:00,2021,3,5,15,22671.0,607.9,47.4,5.0,3.75,425.0,,13.782,0.0907,,8.815,7.814,10.0,16.452,18823.0,13.404,4.226,17.53,22671.0,77.4,32.0,0.9,0,0,0,13.266,0
2021-03-27 16:00:00,2021,3,5,16,22798.0,1072.9,,16.7,3.78,417.0,138.4,24.461,0.1609,67.726,13.266,9.116,16.268,7.359,18962.0,13.33,4.184,14.37,22798.0,-1609.9,,4.1,0,0,0,8.669,0
2021-03-27 17:00:00,2021,3,5,17,22244.0,1066.2,47.9,22.1,3.83,403.0,144.8,23.716,,69.148,8.669,18.009,19.818,9.527,19222.0,,,17.18,,51.1,,-4.8,0,0,0,8.636,0
2021-03-27 18:00:00,2021,3,5,18,21295.0,1080.0,52.3,10.7,3.18,431.0,139.7,,0.1513,118.214,8.636,9.354,15.49,6.456,18184.0,12.564,3.804,16.95,22798.0,47.3,28.0,2.1,0,0,0,14.134,0
2021-03-27 19:00:00,2021,3,5,19,21136.0,2387.5,51.0,36.1,3.58,425.0,139.3,50.463,0.332,77.737,14.134,21.867,16.166,8.945,19671.0,10.457,3.676,18.08,22798.0,-445.2,-6.0,0.2,0,0,0,9.225,0
2021-03-27 20:00:00,2021,3,5,20,20309.0,1063.9,50.6,16.2,,449.0,134.5,,0.1421,71.062,9.225,8.815,12.825,6.915,19342.0,10.339,3.698,17.8,22798.0,,24.0,0.6,0,0,0,8.103,0
2021-03-27 21:00:00,2021,3,5,21,18946.0,1040.6,47.4,9.9,5.01,422.0,139.2,19.714,0.1297,111.146,8.103,13.266,13.055,35.682,19676.0,10.098,3.673,18.62,22798.0,432.7,-27.0,-3.4,0,0,0,11.823,0
2021-03-27 22:00:00,2021,3,5,22,20545.0,,52.2,30.4,4.95,408.0,137.9,47.696,0.3138,88.997,11.823,8.669,15.68,23.46,20050.0,10.364,3.518,20.9,22798.0,1248.7,-14.0,2.8,0,0,0,10.266,0
2021-03-27 23:00:00,2021,3,5,23,20766.0,1117.7,48.1,9.7,5.33,420.0,130.9,23.21,0.1527,124.914,10.266,8.636,12.638,23.82,19664.0,11.352,3.59,18.83,22798.0,51.5,12.0,,0,0,0,14.564,0
2021-03-28 00:00:00,2021,3,6,0,20776.0,1107.8,49.0,13.0,5.22,428.0,134.0,23.017,0.1514,85.333,14.564,14.134,9.461,21.052,18639.0,10.656,3.585,19.22,22798.0,27.8,8.0,0.6,0,0,0,9.954,0
2021-03-28 01:00:00,2021,3,6,1,20389.0,571.9,51.6,13.0,5.53,424.0,131.8,11.66,0.0767,59.454,9.954,9.225,7.901,10.727,19755.0,10.253,3.627,15.37,22798.0,-1815.6,-4.0,2.5,0,0,0,6.806,0
2021-03-28 02:00:00,2021,3,6,2,20302.0,1181.5,49.4,9.1,5.75,412.0,132.9,23.986,0.1578,134.076,6.806,8.103,7.288,8.858,20009.0,11.449,3.682,14.18,22798.0,117.6,-12.0,,0,0,0,15.283,0
2021-03-28 03:00:00,2021,3,6,3,21463.0,,51.4,10.6,6.43,367.0,130.8,25.032,0.1647,121.115,15.283,11.823,9.815,10.831,21973.0,11.911,3.751,14.3,22798.0,125.7,-45.0,0.9,0,0,0,14.595,0
2021-03-28 04:00:00,2021,3,6,4,21184.0,620.8,49.2,21.4,6.3,377.0,133.9,13.152,0.0865,147.672,14.595,10.266,7.984,7.022,21083.0,13.128,3.915,12.8,22798.0,-1700.8,10.0,1.7,1,0,0,17.564,0
2021-03-28 05:00:00,2021,3,6,5,21275.0,1171.2,51.5,17.1,6.0,382.0,134.0,24.917,0.1639,102.712,17.564,14.564,8.98,7.59,20251.0,12.745,3.881,14.03,22798.0,53.5,5.0,3.8,1,0,0,12.269,0
2021-03-28 06:00:00,2021,3,6,6,20943.0,550.0,49.4,5.6,6.27,418.0,140.3,11.518,0.0758,141.921,12.269,9.954,12.539,19.797,18637.0,13.868,,12.8,,-557.8,36.0,4.0,1,0,0,16.688,0
2021-03-28 07:00:00,2021,3,6,7,21455.0,588.7,50.2,5.8,5.93,457.0,145.3,12.63,0.0831,99.335,16.688,6.806,8.188,18.008,19784.0,14.728,3.941,11.6,22798.0,16.8,39.0,3.9,1,0,0,11.966,0
2021-03-28 08:00:00,2021,3,6,8,20035.0,1151.2,,10.9,6.31,416.0,141.5,23.065,0.1517,288.67,11.966,15.283,7.752,14.509,20329.0,17.592,5.656,11.9,22798.0,-30.3,-41.0,4.2,1,0,0,32.472,1
2021-03-28 09:00:00,2021,3,6,9,18900.0,594.9,51.5,11.1,5.65,440.0,142.5,11.244,0.074,107.581,32.472,14.595,7.814,9.391,20375.0,17.062,5.56,11.98,22798.0,-571.4,24.0,0.0,1,0,0,11.416,0
2021-03-28 10:00:00,2021,3,6,10,19041.0,1202.1,50.4,12.1,5.41,475.0,142.9,22.889,0.1506,79.761,11.416,17.564,9.116,23.484,19813.0,15.556,5.58,10.43,22798.0,581.3,35.0,,0,0,0,8.527,0
2021-03-28 11:00:00,2021,3,6,11,18377.0,1193.4,50.4,14.7,5.25,418.0,143.4,21.932,0.1443,49.012,8.527,12.269,18.009,11.807,20010.0,,5.709,,22798.0,22.2,-57.0,3.7,0,0,0,5.057,0
2021-03-28 12:00:00,2021,3,6,12,17886.0,581.9,51.4,5.9,5.6,406.0,142.8,10.408,0.0685,215.022,5.057,16.688,9.354,25.989,19282.0,15.172,5.952,10.08,22798.0,31.9,-12.0,3.7,1,0,0,21.593,1
2021-03-28 13:00:00,2021,3,6,13,17898.0,633.0,52.6,,6.28,395.0,141.5,11.329,0.0745,143.02,21.593,11.966,21.867,,20505.0,,5.659,10.58,22798.0,44.3,-11.0,,1,0,0,14.372,0
2021-03-28 14:00:00,2021,3,6,14,18176.0,1201.4,49.6,14.6,5.91,385.0,140.4,21.836,0.1437,140.391,14.372,32.472,8.815,17.726,21558.0,12.549,5.604,11.2,22798.0,50.2,-10.0,2.0,1,0,0,14.327,0
2021-03-28 15:00:00,2021,3,6,15,16950.0,629.7,51.4,0.0,6.2,413.0,144.6,10.674,0.0702,198.819,14.327,11.416,13.266,,22671.0,13.8,5.734,9.35,22798.0,34.8,28.0,4.0,1,0,0,18.921,1
2021-03-28 16:00:00,2021,3,6,16,15620.0,1124.0,49.9,4.0,5.6,426.0,143.0,17.557,0.1155,266.295,18.921,8.527,8.669,,22798.0,16.271,6.005,8.0,22798.0,-78.1,13.0,-2.3,1,0,0,23.354,1
2021-03-28 17:00:00,2021,3,6,17,16596.0,1161.5,51.0,9.0,6.12,416.0,148.1,19.277,0.1268,240.933,23.354,,8.636,19.818,22244.0,19.17,6.146,7.05,22798.0,-31.9,-10.0,3.1,1,0,0,22.45,1
2021-03-28 18:00:00,2021,3,6,18,17119.0,1224.4,52.2,16.4,6.07,390.0,147.3,20.96,0.1379,79.706,22.45,21.593,14.134,15.49,21295.0,16.848,6.298,8.8,22798.0,642.5,-26.0,-0.1,1,0,0,7.661,0
2021-03-28 19:00:00,2021,3,6,19,16018.0,1262.4,45.9,12.5,4.87,413.0,146.9,20.221,0.133,65.292,7.661,,9.225,16.166,21136.0,15.431,6.447,9.42,22798.0,629.4,23.0,-5.1,0,0,0,5.872,0
2021-03-28 20:00:00,2021,3,6,20,16258.0,2283.7,48.9,32.8,5.15,432.0,147.9,37.129,0.2443,63.298,5.872,14.327,8.103,12.825,20309.0,14.006,6.556,12.45,22798.0,1082.3,19.0,-1.7,0,0,0,5.778,0
2021-03-28 21:00:00,2021,3,6,21,17269.0,533.6,50.8,3.6,,,153.6,9.215,0.0606,,5.778,18.921,11.823,13.055,,12.078,6.68,13.05,22798.0,-96.1,8.0,3.4,0,0,0,7.353,0
2021-03-28 22:00:00,2021,3,6,22,17898.0,2092.6,52.0,23.7,4.73,442.0,153.5,37.453,0.2464,57.26,,23.354,10.266,15.68,20545.0,9.145,6.843,16.33,22798.0,,2.0,-0.2,0,0,0,5.754,0
2021-03-28 23:00:00,2021,3,6,23,17977.0,2045.2,,25.4,4.92,465.0,151.8,36.767,0.2419,54.016,5.754,22.45,14.564,12.638,20766.0,6.312,7.033,19.07,22798.0,883.7,23.0,5.4,0,0,0,5.452,0
2021-03-29 00:00:00,2021,3,0,0,18441.0,1126.9,48.4,18.0,5.41,496.0,146.4,20.781,0.1367,55.554,5.452,7.661,9.954,9.461,20776.0,5.993,7.167,19.33,22798.0,-97.5,31.0,-0.6,0,0,0,5.752,0
2021-03-29 01:00:00,2021,3,0,1,17591.0,628.7,51.2,9.2,4.5,456.0,143.4,11.06,0.0728,39.74,5.752,5.872,,7.901,20389.0,5.669,7.297,18.78,22798.0,-633.7,,-0.4,0,0,0,3.925,0
2021-03-29 02:00:00,2021,3,0,2,18627.0,604.8,49.7,8.8,4.72,478.0,145.1,11.266,0.0741,38.161,3.925,,15.283,7.288,20302.0,5.371,7.495,,22798.0,-1678.9,22.0,0.3,0,0,0,3.991,0
2021-03-29 03:00:00,2021,3,0,3,18911.0,2213.8,,24.4,5.33,485.0,148.6,41.866,0.2754,84.01,3.991,,14.595,9.815,21463.0,5.632,7.512,18.25,22798.0,1680.2,7.0,-4.3,0,0,0,8.92,0
2021-03-29 04:00:00,2021,3,0,4,19169.0,546.2,45.5,5.3,5.02,475.0,145.3,10.47,0.0689,55.256,8.92,5.754,17.564,7.984,21184.0,5.664,7.521,15.18,22798.0,-1546.4,-10.0,-3.7,0,0,0,5.947,0
2021-03-29 05:00:00,2021,3,0,5,18833.0,2115.3,48.0,15.3,4.6,462.0,145.6,39.837,0.2621,176.642,5.947,5.452,12.269,8.98,21275.0,7.869,7.657,13.5,22798.0,70.1,-13.0,-3.5,0,0,0,18.678,1
2021-03-29 06:00:00,2021,3,0,6,,1029.9,49.9,12.5,4.33,480.0,147.0,20.524,,46.478,18.678,5.752,16.688,12.539,20943.0,7.777,7.705,12.58,22798.0,-97.0,18.0,0.5,0,0,0,5.2,0
2021-03-29 07:00:00,2021,3,0,7,20143.0,995.1,48.1,15.2,4.42,516.0,150.4,20.044,0.1319,39.02,5.2,3.925,11.966,8.188,21455.0,7.858,7.836,13.58,22798.0,366.4,36.0,-2.1,0,0,0,4.413,0
2021-03-29 08:00:00,2021,3,0,8,20380.0,1028.7,47.0,,4.86,503.0,156.5,20.964,0.1379,38.637,4.413,3.991,32.472,7.752,20035.0,7.93,6.491,14.73,22798.0,423.9,-13.0,-2.0,0,0,0,4.421,0
2021-03-29 09:00:00,2021,3,0,9,21306.0,596.1,46.0,11.0,4.63,512.0,157.1,12.7,0.0836,36.238,,8.92,11.416,7.814,18900.0,7.166,6.583,12.5,22798.0,-1617.7,9.0,-5.5,0,0,0,4.335,0
2021-03-29 10:00:00,2021,3,0,10,20410.0,1022.0,48.6,11.2,4.65,565.0,153.9,20.858,0.1372,,4.335,,8.527,9.116,19041.0,7.508,6.587,13.48,22798.0,475.8,53.0,-1.8,0,0,0,8.004,0
2021-03-29 11:00:00,2021,3,0,11,19690.0,2420.3,46.5,32.3,4.66,584.0,155.7,47.655,0.3135,36.698,8.004,18.678,5.057,18.009,18377.0,5.072,6.621,16.32,22798.0,305.0,19.0,-3.9,0,0,0,4.057,0
2021-03-29 12:00:00,2021,3,0,12,20778.0,603.9,47.2,19.4,4.29,611.0,157.1,12.548,,33.362,4.057,5.2,21.593,9.354,17886.0,4.854,6.2,17.47,22798.0,-426.0,27.0,-4.2,0,0,0,3.892,0
2021-03-29 13:00:00,2021,3,0,13,20464.0,2432.1,49.7,31.7,3.56,549.0,155.8,49.77,0.3274,51.35,3.892,4.413,14.372,21.867,17898.0,5.101,6.113,20.22,22798.0,,-62.0,-2.9,0,0,0,5.9,0
2021-03-29 14:00:00,2021,3,0,14,,2355.7,49.9,16.4,4.41,595.0,158.3,46.657,0.307,195.508,5.9,4.421,14.327,8.815,18176.0,7.988,6.589,20.33,22798.0,1327.0,46.0,0.3,0,0,0,21.741,1
2021-03-29 15:00:00,2021,3,0,15,19204.0,643.6,49.6,0.0,4.11,551.0,162.0,12.36,0.0813,,21.741,4.335,18.921,13.266,16950.0,9.402,6.293,18.5,22798.0,47.5,-44.0,-1.8,0,0,0,12.819,0
2021-03-29 16:00:00,2021,3,0,16,20023.0,1054.5,48.4,16.3,4.63,533.0,166.6,21.115,0.1389,30.528,12.819,8.004,23.354,8.669,15620.0,8.64,,19.35,,32.5,-18.0,-1.5,0,0,0,3.432,0
2021-03-29 17:00:00,2021,3,0,17,19594.0,583.7,49.4,0.7,4.18,520.0,167.5,11.437,0.0752,131.04,3.432,4.057,22.45,8.636,16596.0,10.367,4.79,14.08,22798.0,-1836.6,-13.0,-1.6,1,0,0,14.416,0
2021-03-29 18:00:00,2021,3,0,18,19143.0,1082.6,47.2,12.2,4.33,507.0,167.5,20.724,0.1363,147.842,,3.892,7.661,14.134,17119.0,12.366,5.094,12.88,22798.0,478.7,-13.0,-5.0,1,0,0,15.89,0
2021-03-29 19:00:00,2021,3,0,19,20268.0,2471.9,51.5,27.7,3.73,504.0,166.5,50.101,,180.577,15.89,5.9,5.872,9.225,16018.0,14.808,5.704,12.22,22798.0,39.8,-3.0,5.6,1,0,0,20.549,1
2021-03-29 20:00:00,2021,3,0,20,19592.0,2450.7,50.6,35.9,3.77,484.0,164.6,48.014,0.3159,107.626,20.549,21.741,5.778,8.103,16258.0,13.157,5.718,15.47,22798.0,95.0,-20.0,1.7,1,0,0,11.839,0
2021-03-29 21:00:00,2021,3,0,21,,2343.3,50.0,26.7,3.57,,165.7,45.025,0.2962,140.326,11.839,12.819,7.353,11.823,17269.0,13.544,5.863,19.92,22798.0,1699.7,43.0,-0.8,1,0,0,15.139,0
2021-03-29 22:00:00,2021,3,0,22,19479.0,613.0,50.9,8.2,3.42,508.0,171.7,11.941,0.0786,108.452,15.139,3.432,5.754,10.266,17898.0,14.949,5.851,18.57,22798.0,-441.5,-19.0,-1.1,1,0,0,11.861,0
2021-03-29 23:00:00,2021,3,0,23,19733.0,980.4,50.7,3.7,3.65,483.0,166.3,19.347,0.1273,202.857,11.861,14.416,5.452,,17977.0,16.292,6.386,19.07,22798.0,396.7,-25.0,-2.8,1,0,0,22.475,1
2021-03-30 00:00:00,2021,3,1,0,20091.0,583.9,49.8,7.4,3.86,452.0,164.1,11.731,0.0772,33.164,22.475,15.89,5.752,9.954,18441.0,14.267,6.455,18.27,22798.0,-498.7,-31.0,1.4,0,0,0,3.741,0
2021-03-30 01:00:00,2021,3,1,1,20844.0,2606.5,51.8,36.9,3.45,458.0,164.3,,0.3574,36.256,3.741,20.549,3.925,6.806,17591.0,11.55,6.443,19.8,22798.0,134.6,6.0,0.6,0,0,0,4.243,0
2021-03-30 02:00:00,2021,3,1,2,21883.0,626.6,54.8,19.9,3.75,463.0,165.3,13.711,0.0902,32.125,,11.839,3.991,15.283,18627.0,10.234,6.445,17.13,22798.0,-1824.1,5.0,5.1,0,0,0,3.947,0
2021-03-30 03:00:00,2021,3,1,3,21296.0,610.5,53.9,13.6,3.14,446.0,164.9,13.002,0.0855,33.086,3.947,15.139,8.92,14.595,18911.0,8.37,6.554,14.95,22798.0,-1732.8,-17.0,6.8,0,0,0,3.956,0
2021-03-30 04:00:00,2021,3,1,4,21185.0,586.1,54.8,15.2,2.6,,162.5,12.416,0.0817,29.947,3.956,11.861,5.947,17.564,19169.0,6.987,6.63,16.12,22798.0,-26.9,1.0,9.3,0,0,0,3.562,0
2021-03-30 05:00:00,2021,3,1,5,22412.0,589.2,51.1,13.6,3.1,518.0,163.2,13.205,0.0869,33.544,3.562,22.475,18.678,12.269,18833.0,3.945,6.415,17.77,22798.0,-391.2,71.0,3.1,0,0,0,4.221,0
2021-03-30 06:00:00,2021,3,1,6,21653.0,604.0,53.1,9.0,2.86,499.0,162.6,13.078,0.086,28.041,4.221,3.741,5.2,16.688,19927.0,3.89,,18.03,22798.0,20.1,-19.0,3.2,0,0,0,3.409,0
2021-03-30 07:00:00,2021,3,1,7,21295.0,620.6,52.8,,3.01,498.0,,13.215,,38.507,3.409,4.243,4.413,11.966,20143.0,3.95,6.465,13.42,22798.0,-1985.9,-1.0,,0,0,0,4.604,0
2021-03-30 08:00:00,2021,3,1,8,22559.0,2470.3,54.4,31.7,3.28,506.0,155.7,55.727,0.3666,90.155,4.604,3.947,4.421,32.472,20380.0,5.195,6.414,15.38,22798.0,,8.0,7.4,0,0,0,11.419,0
2021-03-30 09:00:00,2021,3,1,9,22455.0,1091.1,,16.1,,506.0,151.6,24.5,0.1612,35.066,11.419,3.956,4.335,11.416,21306.0,5.273,,15.8,22798.0,480.6,0.0,6.3,0,0,0,4.421,0
2021-03-30 10:00:00,2021,3,1,10,23030.0,617.9,51.2,,1.97,498.0,146.4,14.229,0.0936,31.677,4.421,,8.004,8.527,20410.0,5.362,6.49,15.23,,31.8,-8.0,2.6,0,0,0,4.096,0
2021-03-30 11:00:00,2021,3,1,11,22082.0,1048.5,48.1,19.5,,528.0,151.6,23.152,0.1523,,4.096,4.221,4.057,5.057,19690.0,5.38,6.482,16.22,23030.0,459.3,30.0,1.6,0,0,0,4.329,0
2021-03-30 12:00:00,2021,3,1,12,22072.0,1051.8,50.2,11.1,2.03,559.0,149.6,23.216,0.1527,74.311,4.329,3.409,3.892,21.593,20778.0,6.346,6.39,16.57,23030.0,447.8,31.0,3.0,0,0,0,9.209,0
2021-03-30 13:00:00,2021,3,1,13,22673.0,937.7,52.2,15.7,2.16,597.0,155.9,,0.1399,32.498,9.209,4.604,5.9,14.372,20464.0,6.268,6.44,17.65,23030.0,317.1,38.0,2.5,0,0,0,4.137,0
2021-03-30 14:00:00,2021,3,1,14,22512.0,593.3,50.9,5.0,2.31,513.0,153.3,13.356,0.0879,61.078,4.137,11.419,21.741,14.327,19806.0,5.652,5.857,13.2,23030.0,-1877.0,-84.0,1.0,0,0,0,7.72,0
2021-03-30 15:00:00,2021,3,1,15,24296.0,,51.3,13.8,,537.0,157.5,23.503,0.1546,36.47,7.72,4.421,12.819,18.921,19204.0,5.744,5.827,12.82,24296.0,-123.7,24.0,1.7,0,0,0,4.975,0
2021-03-30 16:00:00,2021,3,1,16,23712.0,895.1,53.4,11.8,1.55,535.0,,21.224,0.1396,37.211,4.975,4.096,3.432,23.354,20023.0,5.887,5.781,12.82,24296.0,277.2,-2.0,5.0,0,0,0,4.954,0
2021-03-30 17:00:00,2021,3,1,17,23745.0,630.4,54.8,13.8,1.65,547.0,148.6,14.968,,19.18,4.954,4.329,14.416,22.45,19594.0,5.592,5.742,11.87,24296.0,-418.1,12.0,5.4,0,0,0,2.557,0
2021-03-30 18:00:00,2021,3,1,18,24838.0,833.5,51.4,10.6,1.92,547.0,144.2,20.703,0.1362,40.615,2.557,,15.89,7.661,19143.0,5.001,5.489,11.78,24838.0,-218.3,0.0,4.2,0,0,0,5.664,0
2021-03-30 19:00:00,2021,3,1,19,25049.0,937.5,53.8,17.5,2.09,,143.5,23.483,0.1545,15.892,5.664,4.137,20.549,5.872,20268.0,4.684,4.809,12.08,25049.0,-0.2,-23.0,2.3,0,0,0,2.235,0
2021-03-30 20:00:00,2021,3,1,20,26440.0,893.8,54.7,16.0,1.34,588.0,143.5,23.634,0.1555,17.46,2.235,7.72,11.839,5.778,19592.0,3.829,4.743,13.92,26440.0,300.5,64.0,4.1,0,0,0,2.592,0
2021-03-30 21:00:00,2021,3,1,21,26579.0,936.3,52.4,22.4,1.89,589.0,147.2,24.885,0.1637,22.904,2.592,4.975,15.139,7.353,19215.0,3.57,4.374,15.35,26579.0,-31.1,1.0,2.4,0,0,0,3.418,0
2021-03-30 22:00:00,2021,3,1,22,26468.0,969.6,50.8,9.8,2.31,590.0,144.4,25.662,0.1688,69.714,3.418,4.954,11.861,,19479.0,4.471,4.293,15.02,26579.0,74.5,1.0,-0.1,0,0,0,10.36,0
2021-03-30 23:00:00,2021,3,1,23,25602.0,1633.3,51.8,29.9,2.36,521.0,,,,11.778,10.36,2.557,22.475,5.452,19733.0,4.327,2.463,17.7,26579.0,1002.9,-69.0,1.1,0,0,0,1.693,0
2021-03-31 00:00:00,2021,3,2,0,25290.0,996.7,53.3,20.2,1.74,582.0,146.7,25.206,0.1658,17.001,1.693,5.664,3.741,,20091.0,3.785,2.503,19.3,26579.0,163.2,61.0,3.5,0,0,0,2.414,0
2021-03-31 01:00:00,2021,3,2,1,25390.0,1006.3,51.7,9.5,1.54,555.0,143.7,25.551,0.1681,87.945,2.414,2.235,4.243,3.925,20844.0,5.502,2.96,17.97,26579.0,68.8,-27.0,-0.1,0,0,0,12.537,0
2021-03-31 02:00:00,2021,3,2,2,25553.0,1538.9,,23.3,1.85,587.0,148.0,39.324,0.2587,55.775,12.537,2.592,3.947,,21883.0,6.404,,19.18,26579.0,645.1,32.0,-4.2,0,0,0,8.002,0
2021-03-31 03:00:00,2021,3,2,3,26074.0,946.7,,16.4,1.76,610.0,142.1,24.684,0.1624,32.173,8.002,,3.956,8.92,21296.0,,2.996,18.18,26579.0,10.4,23.0,-5.9,0,0,0,4.71,0
2021-03-31 04:00:00,2021,3,2,4,27042.0,1374.3,49.5,,1.31,574.0,141.2,37.163,0.2445,84.285,4.71,10.36,3.562,5.947,21185.0,7.025,3.337,19.37,27042.0,404.7,-36.0,-5.3,0,0,0,12.797,0
2021-03-31 05:00:00,2021,3,2,5,26691.0,823.8,49.9,14.8,1.28,534.0,141.1,21.989,0.1447,25.23,12.797,,4.221,18.678,22412.0,7.374,3.346,16.85,27042.0,-809.5,-40.0,-1.2,0,0,0,3.781,0
2021-03-31 06:00:00,2021,3,2,6,26582.0,1274.8,49.5,24.6,1.73,558.0,142.0,33.887,0.2229,24.155,3.781,2.414,3.409,5.2,21653.0,7.572,,17.58,27042.0,278.1,24.0,-3.6,0,0,0,3.605,0
2021-03-31 07:00:00,2021,3,2,7,28440.0,1096.8,51.2,22.9,1.67,543.0,139.2,31.194,0.2052,24.361,3.605,12.537,4.604,4.413,21295.0,6.131,3.354,19.82,,90.5,-15.0,-1.6,0,0,0,3.89,0
2021-03-31 08:00:00,2021,3,2,8,,1038.0,52.4,23.4,1.79,559.0,133.1,29.942,0.197,18.598,3.89,8.002,11.419,4.421,22559.0,5.299,3.158,19.83,28845.0,-500.9,16.0,-2.0,0,0,0,3.012,0
2021-03-31 09:00:00,2021,3,2,9,28149.0,922.1,49.8,14.2,1.69,516.0,131.5,25.958,0.1708,37.787,3.012,4.71,4.421,4.335,22455.0,5.509,3.155,19.47,28845.0,-24.6,,-2.5,0,0,0,5.972,0
2021-03-31 10:00:00,2021,3,2,10,27371.0,938.4,48.3,,1.54,494.0,132.9,25.684,,108.839,5.972,12.797,4.096,8.004,23030.0,6.164,3.9,20.8,28845.0,-435.9,-22.0,,1,0,0,16.726,0
2021-03-31 11:00:00,2021,3,2,11,26107.0,2324.3,50.4,34.5,1.63,441.0,134.1,60.678,0.3992,96.446,16.726,3.781,4.329,4.057,22082.0,7.89,4.23,24.08,,1500.5,-53.0,2.3,1,0,0,14.137,0
2021-03-31 12:00:00,2021,3,2,12,27678.0,935.1,50.4,16.0,1.59,385.0,138.1,25.883,0.1703,140.251,14.137,3.605,9.209,3.892,22072.0,10.922,5.261,,28845.0,-339.7,-56.0,0.2,1,0,0,21.795,1
2021-03-31 13:00:00,2021,3,2,13,26733.0,974.6,50.0,17.6,1.81,381.0,138.9,26.054,0.1714,70.835,21.795,3.89,4.137,5.9,22673.0,12.046,5.284,21.77,28845.0,-122.2,-4.0,-2.2,1,0,0,10.632,0
2021-03-31 14:00:00,2021,3,2,14,,595.8,50.5,11.7,1.29,374.0,138.6,15.946,0.1049,57.375,10.632,3.012,7.72,21.741,22512.0,12.98,5.292,19.82,28845.0,-442.2,-7.0,-0.4,1,0,0,8.621,0
2021-03-31 15:00:00,2021,3,2,15,26551.0,876.3,50.4,18.2,1.86,396.0,138.5,23.266,0.1531,87.132,8.621,5.972,4.975,12.819,24296.0,14.15,5.402,20.48,28845.0,-45.8,22.0,-0.9,1,0,0,12.989,0
2021-03-31 16:00:00,2021,3,2,16,26975.0,902.2,52.9,20.9,1.6,,139.4,24.336,0.1601,19.372,12.989,16.726,4.954,3.432,23712.0,11.851,5.458,19.82,28845.0,-36.2,-14.0,-0.5,0,0,0,2.934,0
2021-03-31 17:00:00,2021,3,2,17,26857.0,945.0,52.7,12.8,2.01,324.0,136.7,25.379,0.167,48.949,2.934,14.137,2.557,14.416,23745.0,10.725,5.361,16.2,28845.0,-1379.3,-58.0,-2.1,1,0,0,7.381,0
2021-03-31 18:00:00,2021,3,2,18,25924.0,921.1,51.6,16.4,1.42,368.0,140.6,23.878,0.1571,131.025,7.381,21.795,5.664,15.89,24838.0,10.271,5.831,16.27,28845.0,-14.0,44.0,0.2,1,0,0,19.071,1
2021-03-31 19:00:00,2021,3,2,19,25751.0,1792.9,50.6,33.4,2.25,368.0,140.3,46.169,0.3037,75.93,19.071,10.632,2.235,20.549,25049.0,10.329,5.718,18.9,28845.0,818.3,0.0,-3.2,1,0,0,10.978,0
2021-03-31 20:00:00,2021,3,2,20,25976.0,1824.9,53.7,34.1,2.05,344.0,137.1,47.402,0.3119,18.568,10.978,8.621,2.592,11.839,26440.0,9.343,5.713,22.63,28845.0,1229.1,-24.0,-1.0,1,0,0,2.708,0
2021-03-31 21:00:00,2021,3,2,21,26374.0,934.1,52.0,19.2,1.51,361.0,138.6,24.635,0.1621,61.771,2.708,12.989,3.418,15.139,26579.0,8.703,5.61,22.8,28845.0,57.8,17.0,-0.4,1,0,0,9.147,0
2021-03-31 22:00:00,2021,3,2,22,25529.0,,54.1,36.1,2.46,337.0,135.4,46.979,0.3091,,9.147,2.934,10.36,11.861,26468.0,,5.608,25.33,28845.0,938.0,-24.0,3.3,1,0,0,10.193,0
2021-03-31 23:00:00,2021,3,2,23,25900.0,1790.2,52.5,30.1,1.85,,129.2,46.366,0.305,,10.193,7.381,1.693,22.475,25602.0,9.106,5.564,28.22,,845.2,54.0,0.7,0,0,0,2.542,0
2021-04-01 00:00:00,2021,4,3,0,25178.0,,56.5,17.0,2.06,399.0,133.5,12.869,0.0847,17.6,2.542,19.071,2.414,3.741,25290.0,6.343,5.56,28.32,,-410.0,8.0,,0,0,0,2.488,0
2021-04-01 01:00:00,2021,4,3,1,24501.0,966.2,52.9,,2.83,412.0,133.6,23.675,0.1558,54.891,2.488,10.978,12.537,4.243,25390.0,5.771,5.506,24.43,28845.0,,13.0,1.2,0,0,0,7.551,0
2021-04-01 02:00:00,2021,4,3,2,23961.0,,55.0,11.5,1.97,415.0,124.7,12.047,0.0793,11.165,7.551,2.708,8.002,3.947,25553.0,5.57,5.692,20.67,28845.0,-1322.1,3.0,4.4,0,0,0,1.502,0
2021-04-01 03:00:00,2021,4,3,3,24883.0,516.5,51.7,9.6,1.98,442.0,128.9,12.853,,10.823,1.502,9.147,4.71,3.956,26074.0,4.298,5.816,19.07,28845.0,-417.6,27.0,3.7,0,0,0,1.512,0
2021-04-01 04:00:00,2021,4,3,4,25424.0,489.1,50.2,4.4,1.25,471.0,128.8,12.435,0.0818,46.299,1.512,10.193,12.797,3.562,27042.0,3.701,5.738,13.78,28845.0,-1351.1,29.0,0.7,0,0,0,6.609,0
2021-04-01 05:00:00,2021,4,3,5,25449.0,1026.3,49.0,15.2,1.64,474.0,128.1,,0.1718,40.053,6.609,2.542,3.781,4.221,26691.0,4.231,5.691,11.3,28845.0,-763.9,3.0,,0,0,0,5.723,0
2021-04-01 06:00:00,2021,4,3,6,26710.0,472.4,49.9,6.8,2.18,,,,0.083,20.505,5.723,2.488,3.605,3.409,26582.0,4.329,5.71,9.6,28845.0,-38.7,-33.0,0.4,0,0,0,3.075,0
2021-04-01 07:00:00,2021,4,3,7,28234.0,507.6,52.7,,1.11,433.0,129.0,14.33,0.0943,32.197,3.075,7.551,3.89,4.604,28440.0,3.921,5.677,8.97,28845.0,-458.6,-8.0,1.5,0,0,0,5.104,0
2021-04-01 08:00:00,2021,4,3,8,26938.0,520.1,50.7,13.3,1.29,416.0,129.8,14.011,0.0922,9.124,5.104,1.502,3.012,11.419,28845.0,3.9,5.749,9.27,28845.0,17.3,-17.0,-1.7,0,0,0,1.38,0
2021-04-01 09:00:00,2021,4,3,9,26306.0,1027.4,47.3,25.0,1.57,397.0,133.4,27.026,0.1778,10.007,1.38,1.512,5.972,,28149.0,3.895,5.888,11.83,28845.0,510.9,-19.0,-2.5,0,0,0,1.478,0
2021-04-01 10:00:00,2021,4,3,10,25602.0,2048.3,51.3,45.3,1.37,419.0,133.5,52.441,0.345,11.792,1.478,6.609,16.726,4.096,27371.0,3.076,5.689,18.65,28845.0,1559.2,22.0,3.0,0,0,0,1.695,0
2021-04-01 11:00:00,2021,4,3,11,25523.0,2017.2,51.9,35.8,0.69,378.0,136.3,51.485,0.3387,18.213,1.695,5.723,14.137,4.329,26107.0,2.557,5.557,22.08,28845.0,990.9,-41.0,1.5,0,0,0,2.61,0
2021-04-01 12:00:00,2021,4,3,12,24068.0,992.7,48.3,14.1,1.25,387.0,129.3,23.893,0.1572,31.17,2.61,3.075,21.795,9.209,27678.0,2.746,4.541,23.3,,520.3,9.0,-2.1,0,0,0,4.212,0
2021-04-01 13:00:00,2021,4,3,13,23886.0,503.1,52.0,6.7,1.14,389.0,121.1,12.017,0.0791,23.868,4.212,5.104,10.632,4.137,26733.0,2.429,4.458,23.37,28845.0,-4.5,2.0,2.0,0,0,0,3.201,0
2021-04-01 14:00:00,2021,4,3,14,23531.0,2031.0,54.3,29.6,0.45,367.0,120.6,,0.3144,40.078,3.201,1.38,,7.72,26762.0,3.082,4.412,26.08,28845.0,1510.9,-22.0,3.8,0,0,0,5.295,0
2021-04-01 15:00:00,2021,4,3,15,23216.0,555.4,48.9,7.9,0.8,398.0,119.4,12.894,0.0848,25.171,5.295,1.478,12.989,4.975,26551.0,3.382,4.129,23.23,28845.0,-472.0,31.0,-1.5,0,0,0,3.281,0
2021-04-01 16:00:00,2021,4,3,16,23348.0,2215.3,52.2,32.1,0.2,370.0,120.9,51.723,0.3403,,3.281,1.695,2.934,4.954,26975.0,3.969,4.104,21.03,28845.0,167.0,-28.0,-0.7,0,0,0,5.217,0
2021-04-01 17:00:00,2021,4,3,17,23437.0,941.0,51.3,21.1,0.4,392.0,122.4,22.054,0.1451,128.597,5.217,2.61,7.381,2.557,26857.0,6.355,4.741,18.58,28845.0,-1076.2,22.0,-1.4,1,0,0,16.922,0
2021-04-01 18:00:00,2021,4,3,18,24340.0,918.9,53.7,17.9,0.25,350.0,125.8,22.365,0.1471,67.614,16.922,4.212,19.071,5.664,,7.193,3.867,19.22,28845.0,-73.8,-42.0,2.1,1,0,0,9.24,0
2021-04-01 19:00:00,2021,4,3,19,24757.0,450.0,51.6,15.9,0.46,,,11.14,0.0733,48.561,9.24,3.201,10.978,,25751.0,7.784,3.682,20.75,28845.0,-53.1,-4.0,1.0,1,0,0,6.75,0
2021-04-01 20:00:00,2021,4,3,20,24403.0,468.6,52.6,6.2,0.93,366.0,123.8,11.436,0.0752,93.043,6.75,5.295,2.708,2.592,25976.0,9.026,3.972,16.85,28845.0,-1562.4,20.0,-1.1,1,0,0,12.748,0
2021-04-01 21:00:00,2021,4,3,21,25884.0,914.9,54.0,15.7,1.27,355.0,125.9,23.681,0.1558,,12.748,3.281,,3.418,26374.0,9.586,3.901,18.15,28845.0,359.5,-11.0,2.0,1,0,0,6.638,0
2021-04-01 22:00:00,2021,4,3,22,25851.0,921.8,55.9,22.0,0.94,350.0,126.6,23.829,0.1568,113.047,6.638,5.217,10.193,10.36,25529.0,11.451,4.413,16.47,28845.0,-1293.5,-5.0,1.8,1,0,0,16.408,0
2021-04-01 23:00:00,2021,4,3,23,24216.0,2181.2,53.9,31.6,0.78,340.0,126.2,52.819,0.3475,119.923,16.408,16.922,,1.693,25900.0,11.348,,18.22,28845.0,1240.2,-10.0,1.4,1,0,0,16.305,0
2021-04-02 00:00:00,2021,4,4,0,23342.0,916.0,52.5,12.8,0.88,315.0,116.7,21.38,0.1407,97.256,16.305,9.24,2.488,2.414,25178.0,11.932,4.991,17.37,,-2.9,-25.0,-4.0,1,0,0,12.746,0
2021-04-02 01:00:00,2021,4,4,1,22653.0,903.8,53.1,11.8,0.87,342.0,121.1,20.473,0.1347,60.792,12.746,6.75,7.551,12.537,24501.0,12.096,4.993,16.68,28845.0,453.8,27.0,0.2,1,0,0,7.732,0
2021-04-02 02:00:00,2021,4,4,2,22509.0,438.1,53.9,16.6,,305.0,121.5,9.861,0.0649,110.992,7.732,12.748,1.502,8.002,23961.0,12.309,5.095,18.42,28845.0,-30.5,-37.0,-1.1,1,0,0,14.027,0
2021-04-02 03:00:00,2021,4,4,3,21982.0,935.7,52.1,22.5,0.97,385.0,123.3,20.569,0.1353,43.21,14.027,6.638,1.512,4.71,24883.0,12.092,4.972,19.55,,20.8,,0.4,1,0,0,5.333,0
2021-04-02 04:00:00,2021,4,4,4,21856.0,468.1,54.4,5.5,1.3,416.0,125.4,10.231,0.0673,137.883,5.333,16.408,6.609,12.797,25424.0,12.177,,16.8,28845.0,,31.0,4.2,1,0,0,16.92,0
2021-04-02 05:00:00,2021,4,4,5,23260.0,914.3,53.5,10.8,0.92,,122.5,21.267,0.1399,75.646,16.92,16.305,5.723,3.781,25449.0,11.106,5.348,13.33,28845.0,-1266.9,8.0,,1,0,0,9.879,0
2021-04-02 06:00:00,2021,4,4,6,23399.0,880.2,51.4,8.4,1.5,412.0,123.1,20.597,0.1355,92.057,9.879,,3.075,3.605,26710.0,,5.315,12.6,28845.0,-35.8,-12.0,,1,0,0,12.094,0
2021-04-02 07:00:00,2021,4,4,7,24303.0,2285.7,50.8,52.0,1.67,400.0,122.8,55.548,0.3654,83.297,12.094,7.732,5.104,3.89,28234.0,11.603,5.309,19.3,28845.0,1381.9,-12.0,-1.9,1,0,0,11.366,0
2021-04-02 08:00:00,2021,4,4,8,23394.0,929.7,52.8,0.0,1.93,388.0,129.6,21.75,0.1431,225.387,11.366,14.027,1.38,3.012,26938.0,14.199,6.63,16.53,28845.0,491.6,-12.0,2.1,1,0,0,29.604,1
2021-04-02 09:00:00,2021,4,4,9,22465.0,485.5,54.0,3.4,1.36,407.0,127.3,10.906,0.0718,58.812,29.604,5.333,1.478,5.972,26306.0,14.547,6.419,13.35,28845.0,-450.2,19.0,6.7,1,0,0,7.418,0
2021-04-02 10:00:00,2021,4,4,10,22326.0,2145.5,49.5,31.4,1.63,,131.2,47.9,0.3151,47.762,7.418,16.92,1.695,16.726,25602.0,12.725,6.238,17.67,28845.0,1677.4,15.0,-1.8,1,0,0,5.987,0
2021-04-02 11:00:00,2021,4,4,11,22420.0,912.2,52.1,7.9,2.05,407.0,130.1,20.452,0.1346,196.395,5.987,9.879,2.61,14.137,25523.0,15.198,6.702,17.18,,-2.1,-15.0,0.2,1,0,0,24.722,1
2021-04-02 12:00:00,2021,4,4,12,21385.0,869.3,50.8,,1.72,429.0,131.7,,0.1223,68.386,24.722,12.094,4.212,21.795,24068.0,14.551,6.575,18.25,28845.0,-10.9,22.0,2.5,1,0,0,8.211,0
2021-04-02 13:00:00,2021,4,4,13,21354.0,830.8,51.3,9.7,2.65,,129.9,17.741,0.1167,37.6,8.211,11.366,3.201,10.632,23886.0,13.408,6.511,11.2,28845.0,-1454.9,-51.0,-0.7,0,0,0,4.508,0
2021-04-02 14:00:00,2021,4,4,14,21146.0,2055.2,52.0,31.2,2.56,346.0,130.9,43.459,0.2859,24.94,4.508,29.604,5.295,8.621,23531.0,,6.62,16.4,28845.0,1125.5,-32.0,-2.3,0,0,0,2.961,0
2021-04-02 15:00:00,2021,4,4,15,21462.0,495.2,53.4,13.1,2.56,356.0,127.3,10.627,,19.842,2.961,7.418,3.281,12.989,23216.0,8.13,6.668,18.02,28845.0,9.7,10.0,4.5,0,0,0,2.391,0
2021-04-02 16:00:00,2021,4,4,16,20663.0,946.1,53.6,11.2,3.03,374.0,129.0,19.549,0.1286,42.684,2.391,,5.217,2.934,23348.0,7.957,6.678,14.65,28845.0,-1199.4,18.0,1.4,0,0,0,4.952,0
2021-04-02 17:00:00,2021,4,4,17,20487.0,949.7,50.2,8.4,2.65,407.0,126.2,19.456,0.128,74.931,4.952,24.722,16.922,7.381,23437.0,5.274,6.577,14.73,28845.0,37.5,33.0,-1.1,0,0,0,8.619,0
2021-04-02 18:00:00,2021,4,4,18,20168.0,466.2,50.4,16.5,3.11,399.0,125.9,9.402,0.0619,,,8.211,9.24,19.071,24340.0,4.652,6.694,15.02,28845.0,-403.1,-8.0,-3.3,0,0,0,4.484,0
2021-04-02 19:00:00,2021,4,4,19,20096.0,2049.9,51.6,22.0,2.69,428.0,129.8,,0.271,,4.484,4.508,,10.978,24757.0,5.778,6.647,17.07,28845.0,1219.1,29.0,0.0,0,0,0,11.264,0
2021-04-02 20:00:00,2021,4,4,20,20856.0,1046.2,56.4,19.0,3.4,440.0,133.3,21.82,0.1436,38.045,11.264,2.961,,2.708,,,6.751,15.03,28845.0,-1009.0,12.0,3.8,0,0,0,4.455,0
2021-04-02 21:00:00,2021,4,4,21,21277.0,455.8,52.6,14.4,3.8,404.0,135.4,9.697,0.0638,32.856,4.455,2.391,6.638,9.147,,6.283,6.839,15.25,28845.0,-39.4,-36.0,,0,0,0,3.925,0
2021-04-02 22:00:00,2021,4,4,22,21612.0,,54.1,0.0,3.96,416.0,,11.16,0.0734,97.039,3.925,4.952,16.408,10.193,25851.0,7.42,6.722,13.38,28845.0,-429.7,12.0,-1.8,0,0,0,11.775,0
2021-04-02 23:00:00,2021,4,4,23,20847.0,2113.6,51.9,,3.85,406.0,137.0,44.062,0.2899,40.872,11.775,8.619,16.305,2.542,24216.0,6.781,6.669,17.08,28845.0,1163.9,-10.0,-2.0,0,0,0,4.784,0
2021-04-03 00:00:00,2021,4,5,0,20894.0,1037.2,52.5,30.6,3.93,426.0,131.4,21.671,0.1426,35.044,4.784,4.484,12.746,,23342.0,6.719,6.724,19.43,28845.0,571.0,20.0,0.0,0,0,0,4.111,0
2021-04-03 01:00:00,2021,4,5,1,20969.0,487.3,56.0,2.2,4.83,445.0,127.0,10.219,0.0672,62.956,4.111,11.264,7.732,7.551,22653.0,6.077,6.727,16.13,28845.0,-1562.6,19.0,2.9,0,0,0,7.412,0
2021-04-03 02:00:00,2021,4,5,2,21087.0,491.9,54.0,6.7,5.05,459.0,133.0,10.372,0.0682,24.858,7.412,4.455,14.027,1.502,22509.0,5.825,6.763,14.08,28845.0,-554.3,14.0,0.1,0,0,0,2.943,0
2021-04-03 03:00:00,2021,4,5,3,21009.0,505.9,52.4,3.9,,438.0,131.0,10.629,0.0699,,2.943,3.925,5.333,1.512,21982.0,6.335,6.735,12.33,28845.0,50.1,,0.3,0,0,0,6.987,0
2021-04-03 04:00:00,2021,4,5,4,21844.0,497.3,54.1,9.6,5.04,450.0,126.8,10.864,0.0715,27.323,6.987,11.775,16.92,6.609,21856.0,4.931,6.594,,28845.0,-19.1,,,0,0,0,3.351,0
2021-04-03 05:00:00,2021,4,5,5,23071.0,,52.5,14.5,,463.0,125.4,25.953,0.1707,37.967,3.351,4.784,9.879,5.723,23260.0,4.954,,11.25,28845.0,-988.7,13.0,-1.0,0,0,0,4.918,0
2021-04-03 06:00:00,2021,4,5,6,24548.0,519.0,51.2,17.3,4.49,457.0,130.3,12.739,0.0838,15.28,4.918,4.111,12.094,3.075,23399.0,4.619,,9.03,28845.0,-518.2,-6.0,-0.2,0,0,0,2.106,0
2021-04-03 07:00:00,2021,4,5,7,24022.0,530.2,51.2,8.6,4.56,413.0,138.4,12.737,0.0838,24.823,2.106,7.412,11.366,5.104,24303.0,3.942,6.673,10.1,28845.0,42.9,-44.0,0.4,0,0,0,3.348,0
2021-04-03 08:00:00,2021,4,5,8,23503.0,565.3,51.0,7.0,3.83,428.0,140.3,13.285,0.0874,31.525,3.348,2.943,29.604,1.38,23394.0,4.145,4.707,10.15,28845.0,73.4,15.0,-1.8,0,0,0,4.16,0
2021-04-03 09:00:00,2021,4,5,9,24009.0,1167.1,50.6,10.3,2.88,402.0,136.7,28.021,0.1844,88.219,4.16,6.987,7.418,1.478,22465.0,4.962,4.843,11.22,28845.0,661.2,,-3.4,0,0,0,11.892,0
2021-04-03 10:00:00,2021,4,5,10,23260.0,1154.3,49.8,12.5,3.76,428.0,136.8,26.848,0.1766,64.757,11.892,3.351,5.987,1.695,,5.813,4.859,11.7,28845.0,657.0,26.0,0.3,0,0,0,8.457,0
2021-04-03 11:00:00,2021,4,5,11,23174.0,1156.6,53.6,15.9,3.72,471.0,143.8,26.804,0.1763,36.476,8.457,4.918,24.722,2.61,22420.0,5.785,2.939,11.93,28845.0,31.7,43.0,1.5,0,0,0,4.746,0
2021-04-03 12:00:00,2021,4,5,12,21472.0,1082.7,51.6,19.0,3.42,424.0,146.2,,0.153,26.668,4.746,2.106,8.211,4.212,21385.0,5.97,2.93,12.22,28845.0,,-47.0,0.8,0,0,0,3.215,0
2021-04-03 13:00:00,2021,4,5,13,21941.0,2468.6,51.8,,3.43,473.0,143.4,54.162,0.3563,29.613,3.215,3.348,4.508,,21354.0,6.02,2.948,17.43,28845.0,1938.4,49.0,0.5,0,0,0,3.648,0
2021-04-03 14:00:00,2021,4,5,14,20556.0,1158.3,53.7,16.1,3.63,480.0,144.7,23.81,0.1566,27.198,3.648,4.16,2.961,5.295,21146.0,5.849,2.942,18.95,28845.0,593.0,7.0,1.7,0,0,0,3.139,0
2021-04-03 15:00:00,2021,4,5,15,20986.0,2344.8,51.2,34.5,,538.0,142.3,49.209,0.3237,36.248,3.139,,2.391,3.281,21462.0,4.579,2.881,22.98,28845.0,1177.7,58.0,-2.2,0,0,0,4.271,0
2021-04-03 16:00:00,2021,4,5,16,20898.0,1085.4,51.5,16.9,4.19,505.0,140.6,22.683,0.1492,49.278,4.271,8.457,4.952,5.217,20663.0,4.133,2.878,23.72,,-68.9,-33.0,-2.1,0,0,0,5.782,0
2021-04-03 17:00:00,2021,4,5,17,19592.0,527.0,52.6,6.4,4.46,490.0,144.0,10.325,0.0679,57.427,,4.746,8.619,16.922,20487.0,4.395,2.81,22.13,28845.0,-629.6,-15.0,2.4,0,0,0,6.317,0
2021-04-03 18:00:00,2021,4,5,18,20310.0,2180.4,50.1,33.2,4.33,535.0,140.6,44.285,0.2913,61.044,6.317,3.215,4.484,9.24,20168.0,5.02,2.817,24.5,28845.0,1097.7,45.0,-0.3,0,0,0,6.961,0
2021-04-03 19:00:00,2021,4,5,19,20587.0,985.0,51.9,5.2,4.93,426.0,140.6,20.278,0.1334,133.215,6.961,3.648,11.264,6.75,20096.0,6.978,3.27,18.72,28845.0,-1483.6,-109.0,0.3,0,0,0,15.398,0
2021-04-03 20:00:00,2021,4,5,20,20600.0,1005.2,56.2,5.0,4.78,,141.2,20.707,0.1362,133.823,15.398,3.139,4.455,12.748,20856.0,9.034,3.809,16.87,28845.0,-153.1,11.0,-0.2,0,0,0,15.478,0
2021-04-03 21:00:00,2021,4,5,21,22035.0,592.5,55.4,11.5,4.53,415.0,145.4,13.055,0.0859,49.678,15.478,4.271,3.925,6.638,21277.0,9.347,3.778,13.03,28845.0,-1752.3,-22.0,2.8,0,0,0,6.146,0
2021-04-03 22:00:00,2021,4,5,22,22363.0,936.0,53.3,14.5,4.15,422.0,145.9,20.932,0.1377,45.365,6.146,5.782,11.775,16.408,21612.0,9.333,3.595,12.63,28845.0,-149.4,,,0,0,0,5.696,0
2021-04-03 23:00:00,2021,4,5,23,22541.0,2266.1,52.9,36.3,4.7,421.0,152.8,51.08,0.3361,45.742,5.696,6.317,4.784,16.305,20847.0,9.245,3.585,17.62,28845.0,1739.1,-1.0,1.0,0,0,0,5.789,0
2021-04-04 00:00:00,2021,4,6,0,22002.0,526.1,50.1,4.8,3.89,354.0,152.6,11.576,0.0762,63.198,5.789,6.961,4.111,12.746,,9.386,3.576,12.88,28845.0,-1654.3,-67.0,-2.4,0,0,0,7.807,0
2021-04-04 01:00:00,2021,4,6,1,21132.0,514.6,50.0,11.2,3.84,372.0,,10.875,0.0715,45.151,7.807,15.398,7.412,7.732,20969.0,7.712,3.571,13.88,28845.0,,18.0,-6.0,0,0,0,5.357,0
2021-04-04 02:00:00,2021,4,6,2,22147.0,512.9,52.4,0.0,3.19,371.0,151.7,11.358,0.0747,102.295,5.357,15.478,2.943,,21087.0,,3.741,,28845.0,-492.3,-1.0,-1.6,0,0,0,12.72,0
2021-04-04 03:00:00,2021,4,6,3,22065.0,857.6,48.4,21.5,,377.0,150.9,18.923,0.1245,38.979,12.72,6.146,6.987,5.333,21009.0,7.033,3.757,14.72,28845.0,265.1,6.0,-4.0,0,0,0,4.829,0
2021-04-04 04:00:00,2021,4,6,4,20599.0,,52.5,25.2,4.07,338.0,147.5,45.276,0.2979,117.254,4.829,5.696,3.351,16.92,21844.0,8.344,3.96,16.5,28845.0,1262.0,-39.0,-1.6,1,0,0,13.561,0
2021-04-04 05:00:00,2021,4,6,5,21216.0,827.1,50.2,3.4,3.63,337.0,146.0,17.547,0.1154,260.227,13.561,5.789,4.918,9.879,23071.0,12.545,6.286,11.02,28845.0,-1439.0,-1.0,-2.3,1,0,0,30.998,1
2021-04-04 06:00:00,2021,4,6,6,20435.0,2231.4,50.7,,4.4,312.0,147.1,45.598,0.3,154.479,30.998,7.807,2.106,12.094,24548.0,14.198,6.456,16.55,28845.0,1705.3,-25.0,-0.5,1,0,0,17.724,0
2021-04-04 07:00:00,2021,4,6,7,20138.0,825.0,,9.7,4.01,319.0,153.4,16.613,,85.879,17.724,5.357,3.348,11.366,24022.0,14.924,6.359,16.3,28845.0,310.4,7.0,-0.1,1,0,0,9.71,0
2021-04-04 08:00:00,2021,4,6,8,20279.0,822.0,,5.4,4.2,277.0,152.3,16.67,0.1097,238.569,9.71,12.72,4.16,29.604,23503.0,17.331,7.279,17.2,28845.0,309.1,-42.0,3.5,1,0,0,27.163,1
2021-04-04 09:00:00,2021,4,6,9,21172.0,511.5,53.5,11.7,3.52,,146.8,10.829,0.0712,67.636,27.163,4.829,11.892,7.418,24009.0,17.866,7.275,15.57,,-346.1,8.0,2.9,1,0,0,8.04,0
2021-04-04 10:00:00,2021,4,6,10,20143.0,508.8,51.1,2.2,3.58,312.0,151.1,10.249,0.0674,221.947,8.04,13.561,8.457,5.987,23260.0,19.789,7.916,11.73,28845.0,-1689.2,,1.3,1,0,0,25.101,1
2021-04-04 11:00:00,2021,4,6,11,19463.0,804.6,49.9,4.5,4.43,284.0,,15.66,0.103,203.959,25.101,30.998,4.746,24.722,23174.0,18.338,,11.92,28845.0,-22.5,-28.0,-3.7,1,0,0,22.288,1
2021-04-04 12:00:00,2021,4,6,12,20139.0,509.3,52.3,12.3,,299.0,141.1,10.256,0.0675,108.099,22.288,17.724,3.215,8.211,21472.0,17.421,8.002,7.63,28845.0,-1722.1,15.0,0.7,1,0,0,12.223,0
2021-04-04 13:00:00,2021,4,6,13,20230.0,472.7,52.8,5.1,4.61,313.0,143.1,9.563,0.0629,81.095,12.223,9.71,3.648,4.508,21941.0,17.338,7.844,,28845.0,-352.3,14.0,1.0,0,0,0,9.211,0
2021-04-04 14:00:00,2021,4,6,14,20154.0,2283.6,47.3,29.0,4.33,273.0,135.1,46.025,0.3028,,9.211,27.163,3.139,2.961,20556.0,14.595,7.632,,28845.0,1461.6,-40.0,-6.4,0,0,0,10.707,0
2021-04-04 15:00:00,2021,4,6,15,19428.0,829.3,49.4,7.8,3.66,272.0,138.7,16.112,0.106,300.907,10.707,8.04,4.271,2.391,20986.0,18.726,8.538,10.15,28845.0,317.8,-1.0,,1,0,0,32.823,1
2021-04-04 16:00:00,2021,4,6,16,18530.0,525.1,,8.6,4.24,280.0,137.3,9.73,0.064,159.201,32.823,25.101,5.782,4.952,20898.0,,8.411,11.22,28845.0,16.3,8.0,-3.4,1,0,0,16.563,0
2021-04-04 17:00:00,2021,4,6,17,18580.0,843.0,49.6,13.5,4.16,264.0,141.8,15.662,0.103,146.637,,22.288,6.317,8.619,19592.0,16.137,8.267,12.72,28845.0,38.4,-16.0,-3.0,1,0,0,15.297,0
2021-04-04 18:00:00,2021,4,6,18,19504.0,773.1,,6.4,4.03,224.0,142.1,15.079,0.0992,270.184,15.297,12.223,6.961,4.484,20310.0,19.031,,11.73,28845.0,263.8,-40.0,-1.7,1,0,0,29.587,1
2021-04-04 19:00:00,2021,4,6,19,18167.0,2380.8,,28.5,4.04,264.0,150.5,43.252,0.2845,,29.587,9.211,15.398,11.264,20587.0,20.508,8.723,15.63,28845.0,1908.1,,-4.1,1,0,0,18.068,1
2021-04-04 20:00:00,2021,4,6,20,18739.0,832.0,49.1,3.5,4.09,247.0,,15.592,0.1026,296.003,18.068,10.707,15.478,4.455,20600.0,23.914,9.317,11.38,28845.0,-1451.6,-17.0,-7.1,1,0,0,31.143,1
2021-04-04 21:00:00,2021,4,6,21,18835.0,469.4,50.0,3.5,3.52,206.0,143.1,8.84,,117.191,31.143,32.823,6.146,3.925,22035.0,20.508,9.121,10.67,28845.0,,-41.0,-5.4,0,0,0,12.393,0
2021-04-04 22:00:00,2021,4,6,22,17308.0,542.1,53.4,3.8,3.38,244.0,150.0,9.383,0.0617,127.252,12.393,16.563,5.696,,22363.0,19.809,8.891,9.87,28845.0,17.0,38.0,0.1,0,0,0,12.366,0
2021-04-04 23:00:00,2021,4,6,23,18950.0,530.5,50.9,16.0,3.02,284.0,152.5,10.053,0.0661,90.135,12.366,15.297,5.789,4.784,22541.0,18.858,8.728,10.28,28845.0,-312.5,40.0,-2.0,0,0,0,9.59,0
2021-04-05 00:00:00,2021,4,0,0,18174.0,750.3,51.9,,2.5,310.0,150.5,13.636,0.0897,96.874,9.59,29.587,7.807,4.111,22002.0,15.574,8.648,12.15,28845.0,-22.8,26.0,1.8,0,0,0,9.885,0
2021-04-05 01:00:00,2021,4,0,1,18356.0,763.7,53.3,9.2,3.18,282.0,145.3,14.018,0.0922,93.226,9.885,18.068,5.357,7.412,,14.164,8.45,8.93,28845.0,-1617.1,-28.0,3.3,0,0,0,9.608,0
2021-04-05 02:00:00,2021,4,0,2,19182.0,741.6,52.0,12.8,2.87,255.0,143.5,14.226,0.0936,83.613,9.608,31.143,12.72,2.943,22147.0,10.474,8.56,10.48,28845.0,-90.4,-27.0,-0.4,0,0,0,9.005,0
2021-04-05 03:00:00,2021,4,0,3,19429.0,825.5,52.8,6.1,2.83,296.0,144.7,16.039,0.1055,122.913,9.005,12.393,4.829,6.987,22065.0,10.644,8.221,10.92,28845.0,356.1,41.0,4.4,0,0,0,13.408,0
2021-04-05 04:00:00,2021,4,0,4,20041.0,506.3,51.9,5.4,2.51,283.0,141.7,10.146,0.0668,74.794,13.408,12.366,13.561,3.351,20599.0,9.985,8.378,11.18,28845.0,-35.8,-13.0,-0.6,0,0,0,8.416,0
2021-04-05 05:00:00,2021,4,0,5,18824.0,565.7,49.9,9.5,,241.0,,10.65,0.0701,59.845,8.416,9.59,30.998,4.918,21216.0,9.441,8.058,10.1,28845.0,35.2,-42.0,-0.3,0,0,0,6.325,0
2021-04-05 06:00:00,2021,4,0,6,17956.0,608.8,49.5,0.0,2.68,288.0,131.6,10.932,0.0719,140.236,6.325,9.885,17.724,2.106,20435.0,10.15,8.052,7.17,28845.0,-141.5,47.0,-1.2,0,0,0,14.138,0
2021-04-05 07:00:00,2021,4,0,7,17665.0,906.7,51.0,12.9,2.17,240.0,134.7,16.016,0.1054,64.518,14.138,,9.71,3.348,20138.0,9.615,8.183,7.78,28845.0,143.0,-48.0,-0.1,0,0,0,6.399,0
2021-04-05 08:00:00,2021,4,0,8,18235.0,905.4,48.9,10.3,1.89,274.0,131.7,16.51,0.1086,,,9.005,27.163,4.16,20279.0,,7.968,7.37,28845.0,163.8,34.0,-5.6,0,0,0,6.71,0
2021-04-05 09:00:00,2021,4,0,9,18393.0,2092.5,49.8,22.9,1.8,264.0,,38.488,0.2532,91.789,6.71,13.408,8.04,11.892,21172.0,8.578,7.922,10.17,28845.0,1267.0,-10.0,-3.7,0,0,0,9.479,0
2021-04-05 10:00:00,2021,4,0,10,19638.0,611.4,47.3,8.5,2.28,233.0,130.8,12.006,0.079,53.528,9.479,8.416,25.101,8.457,20143.0,8.159,7.785,10.68,28845.0,105.1,-31.0,-3.8,0,0,0,5.902,0
2021-04-05 11:00:00,2021,4,0,11,19509.0,1016.7,46.9,18.6,2.11,231.0,127.9,19.834,0.1305,56.776,5.902,6.325,22.288,4.746,19463.0,8.141,,12.2,28845.0,451.0,-2.0,-3.0,0,0,0,6.219,0
2021-04-05 12:00:00,2021,4,0,12,19900.0,628.0,51.1,6.4,2.21,205.0,134.5,12.497,0.0822,68.54,,14.138,12.223,3.215,20139.0,7.061,7.795,13.27,28845.0,19.2,-26.0,-1.2,0,0,0,7.658,0
2021-04-05 13:00:00,2021,4,0,13,18798.0,1103.8,50.0,11.1,2.35,184.0,135.2,20.75,0.1365,79.664,7.658,6.399,9.211,3.648,20230.0,7.396,7.813,12.97,28845.0,197.1,-21.0,-2.8,0,0,0,8.408,0
2021-04-05 14:00:00,2021,4,0,14,17752.0,624.9,49.2,7.7,2.38,165.0,132.3,11.094,0.073,277.255,8.408,6.71,10.707,3.139,20154.0,10.883,8.35,12.53,28845.0,-280.5,-19.0,1.9,1,0,0,27.634,1
2021-04-05 15:00:00,2021,4,0,15,18346.0,1034.6,49.5,15.7,2.76,191.0,130.8,18.981,0.1249,119.305,27.634,9.479,32.823,4.271,19428.0,11.352,,11.33,28845.0,-1057.9,26.0,0.1,1,0,0,12.289,0
2021-04-05 16:00:00,2021,4,0,16,17787.0,573.2,52.0,5.3,,188.0,133.7,10.195,0.0671,228.865,12.289,5.902,16.563,5.782,18530.0,14.177,7.533,10.8,28845.0,-38.2,-3.0,3.9,1,0,0,22.856,1
2021-04-05 17:00:00,2021,4,0,17,17976.0,555.7,48.7,8.5,2.82,219.0,128.2,9.99,0.0657,61.46,22.856,6.219,15.297,6.317,18580.0,14.175,7.642,9.12,28845.0,-461.0,31.0,-0.9,1,0,0,6.203,0
2021-04-05 18:00:00,2021,4,0,18,19072.0,1069.9,50.7,11.1,3.13,212.0,127.4,20.404,0.1342,76.811,6.203,7.658,29.587,6.961,19504.0,14.269,6.779,9.9,28845.0,441.9,-7.0,,1,0,0,8.225,0
2021-04-05 19:00:00,2021,4,0,19,19084.0,1081.9,50.3,5.6,2.75,194.0,123.5,20.647,0.1358,184.202,8.225,8.408,18.068,15.398,18167.0,16.157,6.855,,28845.0,-21.9,,2.5,1,0,0,19.737,1
2021-04-05 20:00:00,2021,4,0,20,16862.0,1145.0,50.9,21.7,2.92,214.0,126.2,19.307,0.127,61.844,19.737,27.634,31.143,15.478,18739.0,12.528,5.583,11.32,28845.0,520.1,20.0,1.8,0,0,0,5.855,0
2021-04-05 21:00:00,2021,4,0,21,16107.0,570.7,47.9,1.8,2.44,228.0,122.9,9.192,0.0605,107.614,5.855,12.289,12.393,6.146,18835.0,12.101,5.576,9.0,28845.0,-463.9,14.0,-2.1,0,0,0,9.732,0
2021-04-05 22:00:00,2021,4,0,22,17642.0,2204.3,47.0,26.1,2.23,209.0,118.8,38.888,0.2558,59.352,9.732,22.856,12.366,5.696,17308.0,9.272,5.647,,28845.0,1631.1,-19.0,-6.4,0,0,0,5.879,0
2021-04-05 23:00:00,2021,4,0,23,17357.0,581.5,46.0,10.1,,223.0,118.9,10.093,0.0664,44.678,5.879,6.203,9.59,5.789,18950.0,8.964,5.78,12.73,28845.0,25.8,14.0,-4.9,0,0,0,4.354,0
2021-04-06 00:00:00,2021,4,1,0,15752.0,981.7,48.3,9.2,1.7,230.0,117.9,15.463,,65.411,4.354,8.225,,7.807,18174.0,8.557,5.849,12.42,28845.0,-88.2,7.0,-3.6,0,0,0,5.785,0
2021-04-06 01:00:00,2021,4,1,1,16812.0,2213.7,49.7,18.8,1.82,228.0,122.5,37.217,0.2449,145.128,5.785,19.737,9.608,5.357,18356.0,7.551,5.896,14.62,28845.0,1131.8,-2.0,-3.6,0,0,0,13.699,0
2021-04-06 02:00:00,2021,4,1,2,17060.0,1007.4,48.4,,1.73,154.0,115.9,17.187,0.1131,55.374,13.699,5.855,9.005,,19182.0,7.459,5.976,13.15,28845.0,-137.6,-74.0,-3.6,0,0,0,5.304,0
2021-04-06 03:00:00,2021,4,1,3,18009.0,563.5,48.5,16.2,1.41,207.0,116.2,10.147,0.0668,45.691,5.304,9.732,13.408,4.829,19429.0,6.607,6.029,15.55,28845.0,,53.0,-4.3,0,0,0,4.62,0
2021-04-06 04:00:00,2021,4,1,4,18182.0,986.3,51.4,,1.15,170.0,112.1,17.933,,78.357,4.62,5.879,8.416,13.561,20041.0,6.96,6.033,12.87,,-1218.0,-37.0,-0.5,0,0,0,7.999,0
2021-04-06 05:00:00,2021,4,1,5,18833.0,562.3,48.0,0.0,1.14,215.0,109.3,10.59,0.0697,118.196,7.999,4.354,6.325,30.998,18824.0,8.318,6.017,11.18,28845.0,-19.2,45.0,-1.9,0,0,0,12.498,0
2021-04-06 06:00:00,2021,4,1,6,18533.0,1005.0,47.4,17.2,2.08,171.0,101.5,18.625,0.1225,52.597,12.498,5.785,14.138,,17956.0,8.266,6.012,12.52,28845.0,23.3,-44.0,-2.1,0,0,0,5.473,0
2021-04-06 07:00:00,2021,4,1,7,19442.0,1093.3,48.2,17.4,2.38,174.0,103.7,,0.1398,50.275,5.473,13.699,6.399,9.71,17665.0,6.897,6.035,12.28,28845.0,-1120.4,3.0,-2.8,0,0,0,5.488,0
2021-04-06 08:00:00,2021,4,1,8,21324.0,,48.5,15.3,1.91,122.0,105.0,22.927,0.1508,49.037,5.488,5.304,6.71,27.163,18235.0,6.991,6.054,12.68,28845.0,67.8,-52.0,-0.4,0,0,0,5.871,0
2021-04-06 09:00:00,2021,4,1,9,21892.0,2297.1,49.4,21.9,1.69,145.0,107.5,50.288,0.3308,165.522,5.871,4.62,,8.04,18393.0,9.612,6.449,13.63,28845.0,1733.6,,-0.4,0,0,0,20.345,1
2021-04-06 10:00:00,2021,4,1,10,21466.0,452.1,53.4,11.3,1.75,130.0,104.3,9.704,0.0638,44.232,,7.999,5.902,25.101,19638.0,9.168,6.465,13.85,28845.0,-534.2,-15.0,6.1,0,0,0,5.331,0
2021-04-06 11:00:00,2021,4,1,11,21342.0,484.1,51.2,14.5,1.95,125.0,105.5,10.331,0.068,41.36,5.331,12.498,6.219,22.288,19509.0,7.911,6.502,16.27,28845.0,-78.2,-5.0,,0,0,0,4.956,0
2021-04-06 12:00:00,2021,4,1,12,22258.0,1116.3,49.6,23.1,1.52,123.0,105.4,24.846,0.1635,40.33,4.956,,7.658,12.223,19900.0,7.838,6.562,17.25,28845.0,111.3,-2.0,-1.5,0,0,0,5.04,0
2021-04-06 13:00:00,2021,4,1,13,22957.0,1233.7,54.1,15.5,1.67,,107.5,28.322,0.1863,63.905,5.04,5.488,8.408,9.211,18798.0,8.297,,16.93,28845.0,140.4,24.0,4.1,0,0,0,8.237,0
2021-04-06 14:00:00,2021,4,1,14,22764.0,1172.9,51.5,20.9,1.26,150.0,111.5,26.701,0.1757,,,5.871,27.634,10.707,17752.0,8.162,5.399,17.87,28845.0,97.7,3.0,2.3,0,0,0,5.064,0
2021-04-06 15:00:00,2021,4,1,15,23262.0,1225.0,51.5,8.1,2.06,185.0,112.3,28.496,0.1875,136.708,5.064,20.345,12.289,32.823,18346.0,7.747,5.669,15.57,28845.0,-1072.1,35.0,2.0,0,0,0,17.855,0
2021-04-06 16:00:00,2021,4,1,16,24240.0,1213.6,53.8,19.1,2.27,135.0,111.9,29.419,0.1935,45.218,17.855,5.331,22.856,16.563,17787.0,7.884,4.864,16.87,28845.0,761.5,-50.0,1.8,0,0,0,6.154,0
2021-04-06 17:00:00,2021,4,1,17,,2319.6,49.9,41.9,3.02,145.0,111.5,60.041,0.395,43.632,6.154,4.956,6.203,15.297,17976.0,8.115,4.862,21.43,28845.0,1835.5,10.0,,0,0,0,6.341,0
2021-04-06 18:00:00,2021,4,1,18,25447.0,1271.2,51.3,27.0,3.02,175.0,112.6,32.349,0.2128,37.124,6.341,5.04,8.225,29.587,19072.0,8.159,4.901,22.08,28845.0,154.9,30.0,0.6,0,0,0,5.304,0
2021-04-06 19:00:00,2021,4,1,19,,417.5,52.6,9.9,2.86,161.0,110.3,10.154,0.0668,34.968,5.304,,19.737,18.068,19084.0,7.582,4.283,21.15,28845.0,-816.2,-14.0,2.3,0,0,0,4.775,0
2021-04-06 20:00:00,2021,4,1,20,24467.0,425.5,50.2,1.8,2.7,182.0,109.0,10.411,0.0685,80.169,4.775,5.064,5.855,31.143,16862.0,8.574,4.322,17.97,28845.0,-747.4,21.0,-0.7,0,0,0,11.013,0
2021-04-06 21:00:00,2021,4,1,21,24830.0,1178.6,50.8,17.0,2.88,195.0,112.8,29.266,0.1925,56.287,11.013,17.855,9.732,12.393,16107.0,6.906,,19.45,28845.0,-46.4,13.0,2.9,0,0,0,7.847,0
2021-04-06 22:00:00,2021,4,1,22,23937.0,426.7,47.7,2.6,3.01,159.0,113.2,10.215,,76.981,7.847,6.154,5.879,12.366,17642.0,7.604,4.316,16.7,28845.0,-786.9,-36.0,0.7,0,0,0,10.346,0
2021-04-06 23:00:00,2021,4,1,23,22001.0,371.3,51.8,5.8,1.85,149.0,119.9,8.17,0.0537,45.1,10.346,6.341,4.354,9.59,17357.0,7.476,4.279,10.68,28845.0,-1948.3,-10.0,5.8,0,0,0,5.571,0
2021-04-07 00:00:00,2021,4,2,0,21712.0,463.8,,10.3,2.26,175.0,122.1,10.069,0.0662,43.518,5.571,5.304,5.785,9.885,15752.0,7.476,4.291,7.9,28845.0,-807.4,26.0,6.2,0,0,0,5.305,0
2021-04-07 01:00:00,2021,4,2,1,21793.0,1175.6,52.0,13.9,3.13,152.0,125.8,25.62,0.1686,70.686,5.305,4.775,13.699,9.608,16812.0,8.122,4.116,8.57,28845.0,758.1,-23.0,2.3,0,0,0,8.649,0
2021-04-07 02:00:00,2021,4,2,2,21103.0,2076.8,50.5,28.7,2.67,140.0,124.9,43.825,0.2883,55.501,8.649,11.013,5.304,9.005,17060.0,7.382,4.092,13.05,28845.0,1651.3,-12.0,2.1,0,0,0,6.576,0
2021-04-07 03:00:00,2021,4,2,3,22389.0,1080.4,51.1,18.9,2.9,174.0,126.1,24.19,,59.656,6.576,7.847,4.62,13.408,18009.0,7.324,4.037,13.37,28845.0,-98.2,,2.6,0,0,0,7.499,0
2021-04-07 04:00:00,2021,4,2,4,23047.0,405.0,,5.9,2.58,167.0,126.5,9.334,0.0614,119.166,7.499,10.346,7.999,8.416,18182.0,8.17,4.32,13.92,28845.0,-21.7,-7.0,-1.0,1,0,0,15.42,0
2021-04-07 05:00:00,2021,4,2,5,23675.0,1105.3,48.9,22.2,2.26,221.0,130.5,26.169,0.1722,77.856,15.42,5.571,12.498,6.325,18833.0,8.966,,,28845.0,734.0,54.0,0.9,1,0,0,10.349,0
2021-04-07 06:00:00,2021,4,2,6,24571.0,1046.6,52.4,11.5,1.85,220.0,132.4,25.716,0.1692,117.784,10.349,5.305,5.473,14.138,18533.0,10.79,4.518,16.85,28845.0,582.8,-1.0,5.0,1,0,0,16.249,0
2021-04-07 07:00:00,2021,4,2,7,24298.0,2215.3,52.0,35.9,1.74,263.0,130.7,53.827,0.3541,78.117,16.249,8.649,5.488,6.399,,11.125,4.488,20.52,28845.0,1039.7,43.0,3.8,1,0,0,10.657,0
2021-04-07 08:00:00,2021,4,2,8,25166.0,1154.6,51.0,17.8,2.11,290.0,130.7,29.057,0.1912,204.407,10.657,6.576,5.871,6.71,21324.0,14.843,6.031,18.7,,-922.2,27.0,2.5,1,0,0,28.882,1
2021-04-07 09:00:00,2021,4,2,9,25500.0,1080.6,53.1,23.8,1.42,296.0,130.2,27.556,,128.685,28.882,7.499,20.345,9.479,21892.0,16.664,5.896,19.52,,0.2,6.0,3.7,1,0,0,18.424,1
2021-04-07 10:00:00,2021,4,2,10,25925.0,2202.5,,36.3,0.99,290.0,136.7,57.101,0.3757,54.02,18.424,15.42,5.331,5.902,21466.0,15.404,5.837,24.58,28234.0,1797.5,-6.0,-5.3,0,0,0,7.863,0
2021-04-07 11:00:00,2021,4,2,11,26338.0,1095.0,,25.1,0.98,306.0,138.9,28.841,0.1897,40.77,7.863,10.349,4.956,6.219,21342.0,14.684,5.803,25.07,28234.0,-10.3,16.0,-2.4,0,0,0,6.029,0
2021-04-07 12:00:00,2021,4,2,12,25725.0,450.3,51.3,7.4,1.08,297.0,141.6,11.585,0.0762,37.643,6.029,16.249,5.04,7.658,22258.0,12.882,5.789,24.38,28234.0,-596.3,-9.0,1.7,0,0,0,5.437,0
2021-04-07 13:00:00,2021,4,2,13,25597.0,1129.5,51.8,21.7,0.76,282.0,143.7,28.913,0.1902,32.585,5.437,10.657,8.237,8.408,22957.0,11.886,5.877,22.02,28234.0,-1085.8,-15.0,-2.3,0,0,0,4.683,0
2021-04-07 14:00:00,2021,4,2,14,25666.0,1069.3,53.2,12.5,0.2,307.0,143.7,27.445,0.1806,79.928,4.683,28.882,5.064,27.634,22764.0,8.992,5.803,21.13,28234.0,-85.3,25.0,1.7,0,0,0,11.518,0
2021-04-07 15:00:00,2021,4,2,15,27196.0,1053.8,47.0,18.5,0.4,268.0,148.2,28.661,0.1886,35.633,11.518,18.424,17.855,12.289,23262.0,6.829,5.618,20.25,28234.0,-26.8,,-4.5,0,0,0,5.441,0
2021-04-07 16:00:00,2021,4,2,16,27459.0,2141.3,50.6,38.6,0.55,235.0,146.9,58.798,0.3868,32.788,5.441,7.863,6.154,22.856,24240.0,6.361,5.65,,28234.0,-61.2,-33.0,-3.2,0,0,0,5.055,0
2021-04-07 17:00:00,2021,4,2,17,27413.0,484.1,48.2,6.8,0.34,235.0,147.9,13.272,,47.598,5.055,,6.341,6.203,25884.0,6.577,5.631,17.58,28234.0,-610.9,0.0,-1.7,0,0,0,7.326,0
2021-04-07 18:00:00,2021,4,2,18,28321.0,1045.8,50.4,14.6,0.28,252.0,152.3,29.617,0.1948,69.976,7.326,5.437,5.304,8.225,25447.0,7.525,5.571,18.78,28321.0,595.5,17.0,-0.9,0,0,0,11.127,0
2021-04-07 19:00:00,2021,4,2,19,29201.0,469.9,50.3,6.2,0.38,,146.1,13.72,0.0903,51.259,11.127,,4.775,19.737,24321.0,8.145,5.481,16.2,29201.0,-659.6,19.0,-2.3,0,0,0,8.404,0
2021-04-07 20:00:00,2021,4,2,20,28351.0,488.3,,4.9,0.2,280.0,151.9,13.844,,64.694,8.404,11.518,11.013,5.855,24467.0,7.942,5.476,14.93,29201.0,-581.0,9.0,1.9,0,0,0,10.298,0
2021-04-07 21:00:00,2021,4,2,21,27389.0,1070.7,51.3,18.7,0.34,296.0,153.5,29.325,0.1929,38.406,,5.441,7.847,9.732,24830.0,8.019,5.52,14.97,29201.0,16.9,16.0,,0,0,0,5.906,0
2021-04-07 22:00:00,2021,4,2,22,27189.0,1108.8,53.0,21.6,0.2,270.0,151.3,30.147,0.1983,57.705,5.906,5.055,10.346,5.879,23937.0,8.645,5.521,12.13,29201.0,-1032.5,-26.0,5.3,1,0,0,8.809,0
2021-04-07 23:00:00,2021,4,2,23,25703.0,1101.3,50.0,16.4,1.42,309.0,145.3,28.308,0.1862,72.094,8.809,7.326,5.571,4.354,22001.0,9.158,5.454,13.73,29201.0,617.2,39.0,-1.8,1,0,0,10.404,0
2021-04-08 00:00:00,2021,4,3,0,26759.0,475.5,50.2,0.7,0.75,327.0,,12.724,0.0837,110.403,10.404,11.127,5.305,5.785,,10.068,5.531,11.42,29201.0,-570.3,18.0,-4.3,1,0,0,16.587,0
2021-04-08 01:00:00,2021,4,3,1,27025.0,,50.2,13.9,0.46,365.0,140.8,13.194,0.0868,38.587,16.587,8.404,,13.699,21793.0,9.643,5.597,12.7,29201.0,18.3,38.0,-1.8,1,0,0,5.855,0
2021-04-08 02:00:00,2021,4,3,2,27240.0,1022.3,52.8,22.7,0.23,387.0,141.1,27.848,0.1832,51.386,5.855,10.298,6.576,5.304,21103.0,9.237,5.567,15.67,29201.0,,22.0,2.3,1,0,0,7.859,0
2021-04-08 03:00:00,2021,4,3,3,25864.0,975.8,50.9,22.5,0.4,371.0,140.0,,,46.896,7.859,5.906,7.499,4.62,22389.0,9.387,5.583,16.3,29201.0,-94.9,-16.0,-0.2,1,0,0,6.81,0
2021-04-08 04:00:00,2021,4,3,4,25280.0,1001.0,50.3,14.9,,,132.8,25.306,0.1665,171.26,6.81,,15.42,7.999,23047.0,11.971,6.203,15.18,29201.0,-107.8,-20.0,-0.1,1,0,0,24.308,1
2021-04-08 05:00:00,2021,4,3,5,25458.0,989.7,52.1,13.3,0.71,348.0,132.3,25.195,0.1658,148.255,24.308,10.404,10.349,12.498,23675.0,13.768,6.568,14.67,29201.0,-111.6,-3.0,3.2,1,0,0,21.191,1
2021-04-08 06:00:00,2021,4,3,6,25001.0,1889.7,52.5,29.8,0.74,340.0,132.3,47.243,0.3108,70.221,21.191,16.587,16.249,5.473,24571.0,12.647,6.477,19.52,29201.0,1414.2,-8.0,0.1,1,0,0,9.857,0
2021-04-08 07:00:00,2021,4,3,7,24930.0,912.3,50.4,16.3,0.96,350.0,135.1,22.744,0.1496,142.65,9.857,5.855,10.657,5.488,24298.0,14.999,6.743,19.92,29201.0,424.1,10.0,-1.6,1,0,0,19.967,1
2021-04-08 08:00:00,2021,4,3,8,24789.0,879.4,48.0,21.1,0.54,365.0,133.5,21.8,0.1434,40.624,19.967,7.859,28.882,5.871,25166.0,14.631,5.672,19.65,29201.0,-142.9,15.0,-3.0,0,0,0,5.654,0
2021-04-08 09:00:00,2021,4,3,9,26502.0,926.3,49.4,,0.77,349.0,133.6,24.547,0.1615,63.415,,6.81,18.424,20.345,25500.0,15.069,5.395,18.07,29201.0,-49.5,-16.0,-3.7,0,0,0,9.436,0
2021-04-08 10:00:00,2021,4,3,10,27635.0,926.7,49.5,13.4,1.03,,132.5,25.609,0.1685,60.589,9.436,24.308,7.863,5.331,25925.0,12.584,5.38,17.82,29201.0,-74.3,-6.0,1.4,0,0,0,9.401,0
2021-04-08 11:00:00,2021,4,3,11,27943.0,1829.0,49.1,38.3,,389.0,131.9,51.109,0.3362,32.52,9.401,21.191,6.029,4.956,26338.0,9.903,5.412,21.98,29201.0,839.3,46.0,0.3,0,0,0,5.102,0
2021-04-08 12:00:00,2021,4,3,12,28502.0,934.0,48.0,21.6,0.38,390.0,134.0,26.621,0.1751,,5.102,9.857,5.437,5.04,25725.0,9.029,5.444,20.62,29201.0,-955.7,1.0,-3.3,0,0,0,4.615,0
2021-04-08 13:00:00,2021,4,3,13,29460.0,966.8,49.6,20.4,0.23,337.0,133.0,28.483,,29.479,4.615,19.967,4.683,8.237,,6.514,5.436,21.3,29460.0,54.5,-53.0,-2.2,0,0,0,4.876,0
2021-04-08 14:00:00,2021,4,3,14,29683.0,970.3,48.6,20.8,0.44,,138.6,28.8,,36.014,4.876,5.654,11.518,5.064,25666.0,6.572,5.478,21.25,29683.0,90.9,48.0,-4.6,0,0,0,6.002,0
2021-04-08 15:00:00,2021,4,3,15,27631.0,888.5,47.3,15.5,0.39,374.0,141.1,24.55,0.1615,42.956,6.002,9.436,5.441,17.855,27196.0,6.11,5.443,21.67,29683.0,-37.8,-11.0,0.3,0,0,0,6.664,0
2021-04-08 16:00:00,2021,4,3,16,27420.0,1772.7,48.6,32.3,0.36,352.0,144.2,48.607,0.3198,34.823,,9.401,5.055,6.154,27459.0,5.437,5.432,24.82,29683.0,846.0,-22.0,-2.0,0,0,0,5.361,0
2021-04-08 17:00:00,2021,4,3,17,27767.0,1780.3,52.0,41.3,0.44,369.0,141.8,49.434,0.3252,33.515,5.361,5.102,7.326,6.341,27413.0,5.457,5.488,25.32,29683.0,-48.7,17.0,3.8,0,0,0,5.225,0
2021-04-08 18:00:00,2021,4,3,18,27205.0,555.2,,11.9,0.37,370.0,147.9,15.104,0.0994,,5.225,4.615,11.127,5.304,28321.0,5.532,5.553,23.7,29683.0,-378.8,1.0,0.9,0,0,0,5.062,0
2021-04-08 19:00:00,2021,4,3,19,27245.0,503.8,50.0,4.4,0.2,439.0,146.4,13.726,0.0903,71.982,5.062,4.876,8.404,4.775,29201.0,6.554,5.559,21.03,29683.0,,69.0,,0,0,0,11.011,0
2021-04-08 20:00:00,2021,4,3,20,26429.0,919.6,51.8,12.7,0.31,419.0,146.3,,0.1599,60.207,11.011,6.002,10.298,11.013,28351.0,7.043,5.557,19.68,29683.0,-50.7,-20.0,-0.3,0,0,0,8.934,0
2021-04-08 21:00:00,2021,4,3,21,27480.0,916.6,48.8,22.4,0.45,416.0,149.1,25.189,0.1657,33.223,8.934,6.664,5.906,7.847,27389.0,6.786,5.58,20.83,29683.0,28.1,-3.0,-2.5,0,0,0,5.126,0
2021-04-08 22:00:00,2021,4,3,22,27914.0,1777.2,49.4,34.8,0.79,441.0,151.0,49.609,0.3264,26.269,5.126,5.361,8.809,10.346,27189.0,6.579,5.681,21.25,29683.0,4.5,25.0,-3.6,0,0,0,4.117,0
2021-04-08 23:00:00,2021,4,3,23,27695.0,445.3,49.5,12.4,0.52,401.0,151.0,12.332,,,4.117,5.225,10.404,5.571,25703.0,6.319,5.782,16.43,29683.0,-1335.0,-40.0,-0.5,0,0,0,3.662,0
2021-04-09 00:00:00,2021,4,4,0,28193.0,1852.5,51.5,37.9,1.28,373.0,151.4,52.228,0.3436,23.261,3.662,5.062,16.587,5.305,26759.0,6.089,,20.77,29683.0,1297.3,-28.0,1.3,0,0,0,3.682,0
2021-04-09 01:00:00,2021,4,4,1,28244.0,1001.5,48.0,24.0,1.29,369.0,,28.286,0.1861,20.835,3.682,11.011,5.855,8.649,27025.0,4.804,5.702,24.03,29683.0,497.7,-4.0,-2.2,0,0,0,3.304,0
2021-04-09 02:00:00,2021,4,4,2,28115.0,430.5,48.6,2.6,1.35,344.0,157.4,12.104,,61.38,3.304,8.934,7.859,6.576,27240.0,4.93,5.71,22.35,29683.0,-489.1,-25.0,-4.2,0,0,0,9.689,0
2021-04-09 03:00:00,2021,4,4,3,27011.0,526.2,48.3,13.1,1.69,412.0,146.5,14.213,0.0935,24.226,9.689,5.126,6.81,7.499,25864.0,4.688,5.781,20.8,29683.0,-390.4,68.0,-2.6,0,0,0,3.674,0
2021-04-09 04:00:00,2021,4,4,4,25042.0,1139.1,,21.8,1.65,364.0,145.3,28.525,0.1877,26.657,3.674,4.117,24.308,15.42,25280.0,4.626,4.708,18.63,29683.0,-638.1,-48.0,2.4,0,0,0,3.748,0
2021-04-09 05:00:00,2021,4,4,5,25246.0,436.0,51.1,10.4,1.35,388.0,,11.008,0.0724,21.877,3.748,3.662,21.191,10.349,25458.0,4.533,3.736,18.3,29683.0,-9.3,24.0,-1.0,0,0,0,3.101,0
2021-04-09 06:00:00,2021,4,4,6,25747.0,1104.2,50.6,20.0,1.31,447.0,144.7,,0.187,20.801,3.101,3.682,9.857,16.249,25001.0,4.42,3.734,15.32,29683.0,-748.3,59.0,-1.9,0,0,0,3.007,0
2021-04-09 07:00:00,2021,4,4,7,26633.0,1102.7,52.1,21.9,1.55,432.0,138.0,29.369,0.1932,19.467,3.007,3.304,19.967,10.657,24930.0,4.355,2.398,14.97,29683.0,101.2,-15.0,1.7,0,0,0,2.911,0
2021-04-09 08:00:00,2021,4,4,8,27498.0,1127.1,52.2,20.9,1.55,465.0,132.6,30.994,0.2039,21.737,2.911,9.689,5.654,28.882,24789.0,3.3,2.439,18.02,29683.0,696.6,33.0,4.2,0,0,0,3.356,0
2021-04-09 09:00:00,2021,4,4,9,28819.0,481.2,50.2,13.4,1.36,462.0,136.5,13.868,0.0912,24.783,3.356,3.674,9.436,18.424,26502.0,3.356,2.302,18.07,29683.0,-45.0,-3.0,0.8,0,0,0,4.01,0
2021-04-09 10:00:00,2021,4,4,10,27794.0,1597.8,54.8,,1.06,407.0,136.3,44.409,0.2922,30.714,4.01,3.748,9.401,7.863,27635.0,3.53,2.125,19.42,,458.7,,5.3,0,0,0,4.793,0
2021-04-09 11:00:00,2021,4,4,11,27877.0,1024.8,52.9,24.0,1.01,436.0,134.4,28.567,0.1879,30.489,4.793,3.101,5.102,6.029,27943.0,3.808,2.126,21.68,29683.0,588.8,29.0,3.8,0,0,0,4.772,0
2021-04-09 12:00:00,2021,4,4,12,27754.0,1014.1,54.1,25.9,0.47,430.0,145.6,28.145,0.1852,28.346,4.772,3.007,4.615,5.437,28502.0,4.043,2.128,22.67,29683.0,-90.1,-6.0,6.1,0,0,0,4.417,0
2021-04-09 13:00:00,2021,4,4,13,29785.0,1023.3,49.8,,0.46,431.0,,30.479,0.2005,34.527,4.417,2.911,4.876,4.683,29460.0,4.52,,22.22,29785.0,-79.4,1.0,0.2,0,0,0,5.774,0
2021-04-09 14:00:00,2021,4,4,14,,1075.9,54.6,26.6,1.12,431.0,140.9,32.914,0.2165,36.864,5.774,3.356,6.002,11.518,29683.0,5.016,2.141,23.17,30593.0,-51.2,0.0,6.0,0,0,0,6.332,0
2021-04-09 15:00:00,2021,4,4,15,30780.0,1787.9,51.3,34.2,1.44,,146.6,55.033,0.3621,37.971,6.332,4.01,6.664,5.441,27631.0,5.442,2.137,26.63,30780.0,1306.7,-19.0,4.0,0,0,0,6.562,0
2021-04-09 16:00:00,2021,4,4,16,30708.0,970.0,56.8,19.9,1.19,397.0,143.0,29.786,0.196,27.179,6.562,4.793,5.361,5.055,27420.0,5.424,2.138,24.97,30780.0,-627.8,-15.0,8.2,0,0,0,4.686,0
2021-04-09 17:00:00,2021,4,4,17,29539.0,969.6,50.9,17.8,1.18,459.0,139.9,28.64,0.1884,35.285,4.686,4.772,5.225,7.326,27767.0,5.604,2.144,23.93,30780.0,-55.2,62.0,-1.1,0,0,0,5.852,0
2021-04-09 18:00:00,2021,4,4,18,30312.0,464.4,55.7,8.4,0.87,466.0,144.0,14.077,0.0926,34.767,,4.417,5.062,11.127,27205.0,5.854,2.151,21.02,30780.0,-549.7,7.0,4.4,0,0,0,5.917,0
2021-04-09 19:00:00,2021,4,4,19,29142.0,476.3,53.1,8.3,1.09,436.0,142.4,13.881,0.0913,31.915,5.917,5.774,11.011,8.404,27245.0,5.762,1.746,19.2,30780.0,-547.0,-30.0,3.1,0,0,0,5.222,0
2021-04-09 20:00:00,2021,4,4,20,29162.0,1082.0,52.5,24.3,0.62,453.0,146.7,31.552,0.2076,20.521,5.222,6.332,8.934,10.298,26429.0,5.266,1.539,18.82,30780.0,6.1,17.0,0.7,0,0,0,3.36,0
2021-04-09 21:00:00,2021,4,4,21,28424.0,492.5,,0.9,0.3,517.0,147.4,13.998,0.0921,81.196,3.36,6.562,5.126,5.906,27480.0,6.333,2.294,13.27,30780.0,-1295.4,64.0,5.1,0,0,0,12.958,0
2021-04-09 22:00:00,2021,4,4,22,29886.0,1052.9,51.6,,0.2,506.0,147.3,31.467,0.207,19.661,12.958,4.686,4.117,8.809,27914.0,6.101,2.313,13.68,30780.0,82.9,-11.0,2.2,0,0,0,3.299,0
2021-04-09 23:00:00,2021,4,4,23,29639.0,2166.9,55.7,44.0,0.9,508.0,149.0,64.223,0.4225,30.833,3.299,5.852,3.662,,27695.0,5.981,2.298,18.05,30780.0,,2.0,6.2,0,0,0,5.131,0
2021-04-10 00:00:00,2021,4,5,0,26681.0,1109.0,55.8,22.0,0.87,522.0,150.6,29.589,0.1947,36.561,,5.917,3.682,16.587,28193.0,5.908,2.283,20.32,30780.0,644.6,14.0,4.3,0,0,0,5.477,0
2021-04-10 01:00:00,2021,4,5,1,26440.0,539.5,54.3,10.6,0.79,473.0,146.0,14.264,0.0938,34.517,5.477,5.222,3.304,5.855,28244.0,5.892,,20.7,30780.0,63.2,-49.0,6.3,0,0,0,5.124,0
2021-04-10 02:00:00,2021,4,5,2,26071.0,1110.2,55.4,15.5,0.56,414.0,148.9,28.945,0.1904,68.029,5.124,3.36,9.689,7.859,28115.0,6.991,,19.23,30780.0,28.2,-59.0,6.8,0,0,0,9.958,0
2021-04-10 03:00:00,2021,4,5,3,26058.0,575.3,56.8,10.3,0.99,425.0,155.1,14.991,0.0986,44.332,,12.958,3.674,6.81,27011.0,5.913,2.27,20.8,30780.0,82.8,11.0,8.5,0,0,0,6.486,0
2021-04-10 04:00:00,2021,4,5,4,26314.0,1115.0,56.2,20.4,0.81,432.0,157.8,29.339,0.193,41.836,6.486,3.299,,24.308,25042.0,6.393,2.254,,,62.1,7.0,3.5,0,0,0,6.181,0
2021-04-10 05:00:00,2021,4,5,5,25121.0,1125.2,53.2,27.3,0.74,435.0,157.3,28.266,0.186,42.171,6.181,5.131,3.101,21.191,25246.0,6.529,2.204,17.68,30780.0,-1041.7,3.0,2.1,0,0,0,5.948,0
2021-04-10 06:00:00,2021,4,5,6,25774.0,1115.6,56.4,25.4,0.51,423.0,163.5,,0.1892,43.943,5.948,5.477,3.007,9.857,25747.0,6.676,2.146,18.25,30780.0,6.6,-12.0,5.8,0,0,0,6.359,0
2021-04-10 07:00:00,2021,4,5,7,25701.0,1181.9,55.5,18.6,0.97,403.0,162.0,30.377,0.1999,57.63,6.359,5.124,2.911,19.967,26633.0,7.208,2.132,19.58,30780.0,642.4,-20.0,3.4,0,0,0,8.316,0
2021-04-10 08:00:00,2021,4,5,8,24340.0,1135.5,54.8,17.0,,443.0,168.6,27.639,0.1818,138.52,8.316,9.958,3.356,5.654,27498.0,8.703,3.359,19.83,30780.0,25.3,40.0,2.6,1,0,0,18.93,1
2021-04-10 09:00:00,2021,4,5,9,24284.0,521.2,56.2,,1.54,452.0,171.7,12.657,0.0833,150.318,18.93,6.486,4.01,9.436,28819.0,11.038,4.364,19.03,30780.0,-54.1,9.0,,1,0,0,20.495,1
2021-04-10 10:00:00,2021,4,5,10,24169.0,503.4,53.8,8.7,0.8,437.0,168.7,12.166,0.08,52.948,20.495,6.181,4.793,9.401,27794.0,11.206,4.334,17.08,30780.0,-611.6,-15.0,-1.0,1,0,0,7.185,0
2021-04-10 11:00:00,2021,4,5,11,22306.0,1056.7,55.8,12.7,0.38,454.0,172.5,23.57,0.1551,105.638,7.185,5.948,4.772,5.102,27877.0,12.419,4.463,14.65,,-68.5,17.0,2.9,1,0,0,13.23,0
2021-04-10 12:00:00,2021,4,5,12,23652.0,1969.7,55.8,25.8,0.74,433.0,169.4,46.586,0.3065,137.903,13.23,6.359,4.417,4.615,27754.0,14.412,4.907,14.72,30780.0,854.1,-21.0,1.7,1,0,0,18.313,1
2021-04-10 13:00:00,2021,4,5,13,,506.8,57.6,8.4,0.39,433.0,164.2,12.458,0.082,,18.313,8.316,5.774,4.876,29785.0,16.22,5.359,13.02,30780.0,-675.1,0.0,7.8,1,0,0,19.166,1
2021-04-10 14:00:00,2021,4,5,14,23975.0,510.1,55.3,9.2,0.63,402.0,161.5,12.229,0.0805,46.787,19.166,18.93,6.332,6.002,30593.0,14.114,5.359,11.72,30780.0,-625.4,-31.0,0.7,0,0,0,6.298,0
2021-04-10 15:00:00,2021,4,5,15,22650.0,520.3,51.2,14.6,0.84,351.0,155.7,11.785,0.0775,45.608,6.298,20.495,6.562,6.664,30780.0,11.665,5.375,13.23,30780.0,-0.9,-51.0,-0.1,0,0,0,5.8,0
2021-04-10 16:00:00,2021,4,5,16,23546.0,1045.7,50.6,16.2,1.37,,150.4,24.621,0.162,48.918,5.8,7.185,4.686,5.361,30708.0,11.546,5.329,14.48,30780.0,,33.0,-6.2,0,0,0,6.467,0
2021-04-10 17:00:00,2021,4,5,17,21521.0,483.1,55.2,14.1,1.7,417.0,153.1,10.397,0.0684,50.575,,13.23,5.852,5.225,29539.0,10.359,5.323,,30780.0,-573.6,33.0,4.3,0,0,0,6.111,0
2021-04-10 18:00:00,2021,4,5,18,21858.0,988.1,51.8,10.8,2.33,379.0,154.8,21.597,0.1421,80.229,6.111,18.313,5.917,5.062,30312.0,8.948,5.29,12.22,30780.0,-981.6,-38.0,-3.9,0,0,0,9.846,0
2021-04-10 19:00:00,2021,4,5,19,21535.0,500.0,49.8,8.5,2.06,356.0,144.5,10.768,0.0708,42.85,9.846,19.166,5.222,11.011,29142.0,6.617,5.291,12.23,30780.0,-6.8,-23.0,-3.3,0,0,0,5.181,0
2021-04-10 20:00:00,2021,4,5,20,20546.0,919.4,50.6,13.0,1.36,364.0,140.8,18.89,0.1243,52.914,5.181,6.298,3.36,8.934,,6.585,5.193,12.87,30780.0,409.3,8.0,-1.9,0,0,0,6.104,0
2021-04-10 21:00:00,2021,4,5,21,20381.0,501.1,52.8,0.0,0.95,354.0,135.4,10.213,0.0672,120.981,6.104,5.8,12.958,5.126,28424.0,7.926,5.225,10.43,30780.0,-19.2,-10.0,-1.1,0,0,0,13.844,0
2021-04-10 22:00:00,2021,4,5,22,19979.0,1023.1,52.9,18.5,1.1,,132.7,20.44,0.1345,58.543,13.844,6.467,3.299,4.117,29886.0,,5.107,10.82,30780.0,-22.6,10.0,1.3,0,0,0,6.567,0
2021-04-10 23:00:00,2021,4,5,23,19983.0,493.5,53.6,10.0,1.36,393.0,139.9,9.862,0.0649,49.271,6.567,6.111,5.131,3.662,29639.0,7.845,5.094,10.13,30780.0,10.4,29.0,-2.1,0,0,0,5.528,0
2021-04-11 00:00:00,2021,4,6,0,20325.0,1046.6,53.4,8.8,1.22,351.0,141.3,21.271,0.1399,111.711,5.528,9.846,5.477,3.682,26681.0,8.329,,9.8,30780.0,58.5,-42.0,-2.4,0,0,0,12.748,0
2021-04-11 01:00:00,2021,4,6,1,20237.0,1991.7,50.4,24.5,0.2,366.0,146.6,40.305,0.2652,86.55,12.748,5.181,5.124,3.304,26440.0,9.104,4.984,12.47,30780.0,1491.7,15.0,-3.9,0,0,0,9.834,0
2021-04-11 02:00:00,2021,4,6,2,20859.0,543.1,49.6,7.2,0.62,389.0,143.3,11.328,0.0745,58.43,9.834,6.104,9.958,9.689,26071.0,9.227,5.019,,30780.0,-376.3,23.0,-5.8,0,0,0,6.843,0
2021-04-11 03:00:00,2021,4,6,3,21075.0,2081.1,51.5,37.2,0.2,341.0,144.9,43.859,0.2885,58.837,6.843,13.844,6.486,3.674,26058.0,8.08,5.007,17.7,30780.0,1580.0,-48.0,-5.3,0,0,0,6.962,0
2021-04-11 04:00:00,2021,4,6,4,20089.0,538.7,52.9,8.1,0.26,349.0,146.9,10.823,0.0712,66.752,6.962,6.567,6.181,3.748,26314.0,8.241,4.974,15.97,30780.0,-484.4,8.0,-3.3,0,0,0,7.529,0
2021-04-11 05:00:00,2021,4,6,5,20070.0,953.7,50.5,16.3,0.32,317.0,141.8,19.141,0.1259,62.866,7.529,5.528,5.948,3.101,25121.0,8.5,4.942,17.02,30780.0,460.2,-32.0,-2.7,0,0,0,7.084,0
2021-04-11 06:00:00,2021,4,6,6,18676.0,990.8,,14.3,0.67,294.0,146.5,18.505,0.1217,73.633,7.084,12.748,6.359,3.007,25774.0,7.662,4.908,17.93,30780.0,-55.8,-23.0,-2.8,0,0,0,7.721,0
2021-04-11 07:00:00,2021,4,6,7,18986.0,477.2,51.2,4.7,1.35,272.0,143.9,9.06,0.0596,80.414,7.721,9.834,8.316,2.911,25701.0,7.452,4.905,14.63,30780.0,-1514.5,-22.0,-4.3,0,0,0,8.572,0
2021-04-11 08:00:00,2021,4,6,8,19145.0,981.7,49.2,10.4,1.13,310.0,145.2,,0.1236,94.78,8.572,6.843,18.93,3.356,24340.0,8.009,4.51,,30780.0,438.6,38.0,-5.6,0,0,0,10.188,0
2021-04-11 09:00:00,2021,4,6,9,16973.0,553.0,52.3,7.4,1.73,,,9.386,0.0618,78.607,10.188,6.962,20.495,4.01,24284.0,8.097,3.865,10.2,30780.0,-1528.1,-5.0,-3.9,0,0,0,7.491,0
2021-04-11 10:00:00,2021,4,6,10,17296.0,948.3,53.7,14.7,1.9,242.0,145.2,16.402,0.1079,98.631,7.491,7.529,7.185,4.793,24169.0,8.439,,11.3,30780.0,409.6,-63.0,-0.1,0,0,0,9.578,0
2021-04-11 11:00:00,2021,4,6,11,16771.0,973.7,54.5,13.3,1.18,250.0,143.3,16.329,0.1074,104.894,9.578,7.084,13.23,,22306.0,8.904,3.749,10.8,30780.0,20.0,8.0,-1.3,0,0,0,9.877,0
2021-04-11 12:00:00,2021,4,6,12,17791.0,2179.6,49.7,21.8,0.69,260.0,144.5,38.777,0.2551,156.263,9.877,7.721,18.313,4.417,23652.0,10.219,3.485,12.05,30780.0,1188.8,10.0,-6.1,0,0,0,15.609,0
2021-04-11 13:00:00,2021,4,6,13,16132.0,505.4,54.3,1.9,0.75,247.0,144.3,8.154,0.0536,145.979,,8.572,19.166,5.774,24582.0,10.994,2.873,11.58,30780.0,28.2,-13.0,-3.3,0,0,0,13.222,0
2021-04-11 14:00:00,2021,4,6,14,14841.0,2196.3,53.8,25.4,1.2,255.0,141.9,32.594,0.2144,127.487,13.222,10.188,6.298,6.332,23975.0,11.067,2.862,14.08,30780.0,1214.6,8.0,-1.5,0,0,0,10.623,0
2021-04-11 15:00:00,2021,4,6,15,16732.0,469.2,52.8,5.6,0.54,281.0,146.0,7.851,0.0517,101.285,10.623,7.491,5.8,6.562,22650.0,11.404,2.797,13.78,,-83.8,26.0,1.6,0,0,0,9.515,0
2021-04-11 16:00:00,2021,4,6,16,17511.0,981.6,54.0,6.3,0.88,270.0,145.2,17.189,0.1131,158.192,9.515,9.578,6.467,4.686,23546.0,12.4,3.059,12.38,30780.0,33.3,-11.0,3.4,0,0,0,15.553,0
2021-04-11 17:00:00,2021,4,6,17,16801.0,527.4,54.6,4.7,0.3,268.0,145.4,8.861,0.0583,116.611,15.553,9.877,6.111,5.852,21521.0,12.587,3.003,10.95,30780.0,-446.3,-2.0,-0.6,0,0,0,11.0,0
2021-04-11 18:00:00,2021,4,6,18,17013.0,536.7,49.1,7.1,0.9,246.0,141.0,9.13,0.0601,104.878,11.0,15.609,9.846,5.917,21858.0,11.655,3.004,8.5,30780.0,-1642.9,-22.0,-2.7,0,0,0,10.018,0
2021-04-11 19:00:00,2021,4,6,19,16938.0,490.9,49.5,6.4,0.59,260.0,144.3,8.314,0.0547,99.685,10.018,13.222,5.181,5.222,21535.0,11.032,2.862,9.25,30780.0,-14.5,14.0,-0.3,0,0,0,9.48,0
2021-04-11 20:00:00,2021,4,6,20,15492.0,923.1,48.4,1.6,0.44,202.0,144.2,14.301,0.0941,219.186,,,6.104,3.36,20546.0,12.438,3.347,5.28,30780.0,-1273.2,-58.0,-2.2,0,0,0,19.065,1
2021-04-11 21:00:00,2021,4,6,21,14563.0,520.2,50.4,2.1,0.73,235.0,149.8,7.575,0.0498,159.444,19.065,9.515,13.844,12.958,20381.0,,3.312,4.7,30780.0,51.0,33.0,-2.4,0,0,0,13.037,0
2021-04-11 22:00:00,2021,4,6,22,14012.0,994.5,52.7,5.1,0.88,228.0,148.3,13.934,0.0917,169.083,13.037,15.553,6.567,3.299,19979.0,12.65,3.281,4.5,30780.0,12.9,-7.0,-0.2,0,0,0,13.302,0
2021-04-11 23:00:00,2021,4,6,23,,2026.8,51.4,23.7,1.02,218.0,154.7,31.54,0.2075,106.519,13.302,11.0,5.528,5.131,19983.0,12.368,3.122,7.67,30780.0,1499.4,-10.0,-2.2,0,0,0,9.307,0
2021-04-12 00:00:00,2021,4,0,0,16368.0,527.1,50.0,7.9,0.76,,155.4,8.628,0.0568,98.782,9.307,10.018,12.748,5.477,20325.0,12.212,3.101,7.8,30780.0,-9.6,4.0,-3.4,0,0,0,9.078,0
2021-04-12 01:00:00,2021,4,0,1,,548.3,50.5,14.6,1.28,213.0,153.6,8.941,0.0588,99.448,9.078,9.48,9.834,5.124,20237.0,12.149,3.111,9.17,30780.0,57.4,-9.0,0.1,0,0,0,9.104,0
2021-04-12 02:00:00,2021,4,0,2,17581.0,546.4,48.7,10.7,1.36,170.0,150.5,9.606,0.0632,93.81,9.104,19.065,6.843,9.958,20859.0,10.515,3.029,10.68,30780.0,-376.7,-43.0,-0.9,0,0,0,9.26,0
2021-04-12 03:00:00,2021,4,0,3,19217.0,,,14.7,1.48,169.0,148.1,10.734,0.0706,86.528,9.26,13.037,6.962,6.486,21075.0,9.898,2.945,12.78,30780.0,38.4,-1.0,-7.7,0,0,0,9.336,0
2021-04-12 04:00:00,2021,4,0,4,18519.0,962.0,47.8,9.3,1.79,184.0,145.4,17.815,0.1172,124.297,9.336,13.302,7.529,6.181,20089.0,9.835,2.906,13.48,30780.0,-32.5,15.0,-5.1,0,0,0,12.924,0
2021-04-12 05:00:00,2021,4,0,5,17879.0,919.0,49.3,4.2,2.08,200.0,149.6,16.431,0.1081,180.528,12.924,9.307,7.084,5.948,20070.0,11.304,3.15,10.23,,-1107.8,16.0,-1.2,0,0,0,18.122,1
2021-04-12 06:00:00,2021,4,0,6,19679.0,592.9,49.3,19.7,1.77,243.0,148.0,11.667,0.0768,82.66,18.122,9.078,7.721,6.359,18676.0,11.313,3.093,12.2,30780.0,65.8,43.0,-4.3,0,0,0,9.133,0
2021-04-12 07:00:00,2021,4,0,7,19153.0,522.8,45.0,4.0,1.59,238.0,148.4,10.013,0.0659,115.375,9.133,9.104,8.572,8.316,18986.0,11.864,3.042,10.43,30780.0,-25.5,-5.0,-6.2,0,0,0,12.407,0
2021-04-12 08:00:00,2021,4,0,8,19292.0,839.1,47.1,2.8,1.49,266.0,145.6,16.187,0.1065,161.416,,9.26,10.188,18.93,19145.0,13.234,3.261,9.12,30780.0,292.7,28.0,-2.1,0,0,0,17.484,0
2021-04-12 09:00:00,2021,4,0,9,18952.0,528.1,48.3,0.5,0.92,312.0,146.0,10.008,0.0658,132.932,17.484,9.336,7.491,20.495,16973.0,14.036,3.159,6.75,30780.0,-30.5,46.0,-4.0,0,0,0,14.145,0
2021-04-12 10:00:00,2021,4,0,10,19294.0,856.4,50.6,7.7,0.76,269.0,138.5,16.523,0.1087,110.489,14.145,12.924,9.578,7.185,17296.0,,3.114,6.48,30780.0,-105.6,-43.0,-3.1,0,0,0,11.969,0
2021-04-12 11:00:00,2021,4,0,11,19515.0,2439.9,47.4,27.6,0.2,260.0,136.8,47.614,0.3132,125.328,11.969,18.122,9.877,13.23,16771.0,13.145,3.089,10.38,30780.0,1520.9,-9.0,-7.1,0,0,0,13.732,0
2021-04-12 12:00:00,2021,4,0,12,18254.0,526.4,48.8,2.0,0.8,277.0,139.3,9.608,0.0632,121.233,13.732,9.133,15.609,18.313,17791.0,13.694,3.01,7.43,,-66.5,17.0,-0.9,0,0,0,12.425,0
2021-04-12 13:00:00,2021,4,0,13,17580.0,894.9,45.9,15.7,0.8,322.0,140.7,15.731,0.1035,76.096,12.425,12.407,13.222,19.166,16132.0,12.878,3.15,9.38,30780.0,372.1,45.0,-8.4,0,0,0,7.511,0
2021-04-12 14:00:00,2021,4,0,14,18054.0,2189.1,46.0,,1.31,303.0,143.2,39.522,0.26,117.14,7.511,17.484,10.623,6.298,14841.0,11.943,3.136,12.78,30780.0,1350.0,-19.0,-7.8,0,0,0,11.874,0
2021-04-12 15:00:00,2021,4,0,15,19000.0,940.2,48.5,14.5,1.32,299.0,146.0,17.863,0.1175,71.459,11.874,14.145,9.515,5.8,16732.0,10.856,3.225,15.12,30780.0,412.1,-4.0,-4.3,0,0,0,7.623,0
2021-04-12 16:00:00,2021,4,0,16,,923.4,43.5,,0.87,276.0,144.2,17.379,0.1143,182.338,7.623,11.969,15.553,6.467,17511.0,12.072,3.484,15.07,30780.0,67.0,-23.0,-10.5,1,0,0,19.268,1
2021-04-12 17:00:00,2021,4,0,17,19303.0,867.0,45.9,13.6,1.45,268.0,145.6,16.736,0.1101,130.986,19.268,13.732,11.0,6.111,16801.0,12.15,3.501,12.73,30780.0,-1572.9,-8.0,,1,0,0,14.196,0
2021-04-12 18:00:00,2021,4,0,18,19240.0,864.0,48.4,5.5,1.74,298.0,153.1,16.623,0.1094,303.218,14.196,12.425,10.018,9.846,17013.0,15.538,5.422,13.32,,337.6,30.0,-0.7,1,0,0,32.755,1
2021-04-12 19:00:00,2021,4,0,19,18850.0,852.7,47.2,6.8,1.14,,150.6,16.073,0.1057,318.128,32.755,7.511,9.48,5.181,16938.0,19.898,6.781,11.83,30780.0,-42.2,-13.0,-2.3,1,0,0,33.669,1
2021-04-12 20:00:00,2021,4,0,20,19568.0,899.7,,11.5,1.15,291.0,143.8,17.605,0.1158,132.388,33.669,11.874,19.065,6.104,15492.0,20.343,6.702,,30780.0,-1289.4,6.0,-4.0,1,0,0,14.545,0
2021-04-12 21:00:00,2021,4,0,21,19981.0,930.0,43.8,6.6,1.95,311.0,143.8,18.583,0.1223,304.863,14.545,7.623,,13.844,14563.0,24.772,7.861,8.57,30780.0,-10.2,20.0,,1,0,0,34.201,1
2021-04-12 22:00:00,2021,4,0,22,22335.0,922.9,44.2,,1.27,350.0,148.7,20.612,0.1356,113.515,34.201,19.268,13.302,6.567,14012.0,23.934,7.855,8.78,30780.0,-0.5,39.0,-8.5,0,0,0,14.235,0
2021-04-12 23:00:00,2021,4,0,23,21853.0,958.7,47.6,18.8,1.02,352.0,148.8,20.95,0.1378,63.971,14.235,14.196,,5.528,15562.0,22.876,7.906,9.65,30780.0,91.7,2.0,-3.8,0,0,0,7.849,0
2021-04-13 00:00:00,2021,4,1,0,21714.0,1901.9,46.7,29.6,0.93,379.0,149.0,41.298,0.2717,67.826,7.849,32.755,9.078,12.748,16368.0,18.795,7.933,13.67,30780.0,1037.9,27.0,-3.3,0,0,0,8.269,0
2021-04-13 01:00:00,2021,4,1,1,22124.0,466.8,46.1,0.0,1.75,363.0,151.9,10.327,0.0679,114.372,8.269,,9.104,9.834,16305.0,15.551,7.841,12.53,30780.0,-385.9,-16.0,-4.4,0,0,0,14.207,0
2021-04-13 02:00:00,2021,4,1,2,22794.0,476.2,43.4,0.4,1.52,361.0,150.4,10.854,0.0714,108.073,14.207,14.545,9.26,6.843,17581.0,15.432,7.749,10.68,30780.0,-423.5,-2.0,-5.3,0,0,0,13.831,0
2021-04-13 03:00:00,2021,4,1,3,22086.0,455.5,44.2,13.3,1.6,369.0,155.2,10.061,0.0662,55.853,13.831,34.201,9.336,6.962,19217.0,10.886,7.844,11.8,30780.0,-474.5,8.0,0.4,0,0,0,6.926,0
2021-04-13 04:00:00,2021,4,1,4,21787.0,518.2,46.6,6.1,2.47,345.0,157.7,,0.0743,64.329,6.926,14.235,12.924,7.529,18519.0,9.825,7.973,11.37,30780.0,-404.7,-24.0,-1.2,0,0,0,7.869,0
2021-04-13 05:00:00,2021,4,1,5,22753.0,967.2,44.9,,2.48,,156.7,22.006,0.1448,68.103,7.869,7.849,18.122,7.084,17879.0,9.967,8.04,10.37,30780.0,8.5,-28.0,-4.4,0,0,0,8.7,0
2021-04-13 06:00:00,2021,4,1,6,21959.0,486.2,45.1,12.6,2.1,335.0,164.1,10.677,0.0702,46.476,8.7,8.269,9.133,7.721,,9.544,8.169,7.53,30780.0,-1415.7,18.0,-4.2,0,0,0,5.73,0
2021-04-13 07:00:00,2021,4,1,7,21167.0,919.7,45.8,15.2,2.01,275.0,162.7,19.467,,42.51,5.73,,12.407,8.572,19153.0,8.018,8.381,10.07,30780.0,452.9,,,0,0,0,5.052,0
2021-04-13 08:00:00,2021,4,1,8,21612.0,824.6,45.5,14.6,2.78,281.0,157.6,17.821,0.1172,43.332,5.052,13.831,17.484,10.188,19292.0,6.589,8.536,,30780.0,348.4,6.0,-1.6,0,0,0,5.258,0
2021-04-13 09:00:00,2021,4,1,9,21602.0,455.2,46.8,10.4,2.44,283.0,158.9,9.834,0.0647,39.691,5.258,6.926,14.145,7.491,18952.0,6.237,8.72,11.95,30780.0,-0.3,2.0,-1.5,0,0,0,4.814,0
2021-04-13 10:00:00,2021,4,1,10,21692.0,469.2,44.0,11.2,2.35,253.0,157.5,10.177,0.067,40.931,4.814,,11.969,9.578,19294.0,5.756,8.877,12.8,30780.0,-49.0,-30.0,-6.6,0,0,0,4.985,0
2021-04-13 11:00:00,2021,4,1,11,20791.0,903.4,46.8,6.2,2.6,,162.3,18.782,0.1236,100.118,4.985,8.7,13.732,9.877,19515.0,6.254,8.879,11.7,30780.0,-63.8,-14.0,-0.6,0,0,0,11.687,0
2021-04-13 12:00:00,2021,4,1,12,19076.0,931.2,50.5,,2.53,233.0,159.7,17.763,0.1169,105.178,11.687,5.73,12.425,15.609,18254.0,7.177,8.884,10.63,30780.0,445.0,-6.0,1.7,0,0,0,11.265,0
2021-04-13 13:00:00,2021,4,1,13,18276.0,880.4,48.6,13.4,2.02,263.0,164.8,,0.1059,57.021,11.265,5.052,7.511,13.222,17580.0,7.31,8.933,10.33,30780.0,-39.3,30.0,2.7,0,0,0,5.851,0
2021-04-13 14:00:00,2021,4,1,14,16440.0,478.0,46.4,0.0,1.99,253.0,167.7,7.859,0.0517,120.504,5.851,5.258,11.874,10.623,18054.0,8.288,8.937,7.9,30780.0,-346.6,-10.0,0.4,0,0,0,11.123,0
2021-04-13 15:00:00,2021,4,1,15,17212.0,409.8,48.9,,2.55,321.0,167.4,7.054,0.0464,64.829,11.123,,7.623,9.515,19000.0,8.529,8.975,7.42,30780.0,-45.4,68.0,0.4,0,0,0,6.265,0
2021-04-13 16:00:00,2021,4,1,16,16646.0,444.5,48.2,0.0,2.85,,159.4,7.398,,118.125,6.265,4.985,19.268,15.553,18821.0,9.538,8.866,5.55,30780.0,-24.7,-33.0,4.7,0,0,0,11.04,0
2021-04-13 17:00:00,2021,4,1,17,16277.0,476.1,50.2,6.8,2.98,273.0,162.0,7.75,0.051,68.028,11.04,11.687,14.196,11.0,19303.0,8.627,8.939,5.65,30780.0,-427.3,-15.0,4.3,0,0,0,6.217,0
2021-04-13 18:00:00,2021,4,1,18,15974.0,1798.6,48.4,14.4,2.13,271.0,164.5,28.73,0.189,,6.217,11.265,32.755,10.018,19240.0,8.865,7.769,7.02,30780.0,867.4,-2.0,,0,0,0,12.695,0
2021-04-13 19:00:00,2021,4,1,19,15427.0,415.0,44.7,0.0,2.09,288.0,167.9,6.402,0.0421,123.418,12.695,5.851,33.669,9.48,18850.0,9.672,6.103,4.78,30780.0,-465.4,17.0,-2.5,0,0,0,10.69,0
2021-04-13 20:00:00,2021,4,1,20,16561.0,465.4,,11.3,2.35,281.0,162.9,7.707,0.0507,55.139,10.69,11.123,14.545,19.065,19568.0,8.672,6.11,6.67,30780.0,-12.6,-7.0,2.1,0,0,0,5.127,0
2021-04-13 21:00:00,2021,4,1,21,16818.0,1930.1,46.7,25.5,1.94,310.0,169.6,32.46,0.2136,56.044,5.127,6.265,34.201,13.037,19981.0,,3.268,9.67,30780.0,1520.3,29.0,2.9,0,0,0,5.292,0
2021-04-13 22:00:00,2021,4,1,22,17270.0,893.0,47.9,20.5,2.07,285.0,178.7,15.423,0.1015,50.431,5.292,11.04,14.235,13.302,22335.0,7.485,3.113,13.08,30780.0,,-25.0,3.7,0,0,0,4.89,0
2021-04-13 23:00:00,2021,4,1,23,16710.0,854.6,48.5,12.4,1.91,323.0,170.0,14.281,0.094,,4.89,6.217,7.849,9.307,21853.0,,3.186,14.02,30780.0,378.5,38.0,0.9,0,0,0,4.83,0
2021-04-14 00:00:00,2021,4,2,0,,926.7,49.0,3.4,1.99,325.0,168.9,15.121,0.0995,133.952,4.83,12.695,8.269,9.078,21714.0,7.183,3.302,12.18,30780.0,-871.9,2.0,2.3,0,0,0,12.271,0
2021-04-14 01:00:00,2021,4,2,1,16898.0,2067.1,48.8,15.0,1.89,318.0,172.9,34.929,0.2298,160.463,12.271,10.69,14.207,9.104,22124.0,7.939,3.388,14.68,,1652.1,-7.0,2.7,0,0,0,15.224,0
2021-04-14 02:00:00,2021,4,2,2,18212.0,488.9,46.2,2.4,2.29,236.0,173.0,8.903,0.0586,83.792,,5.127,13.831,9.26,22794.0,8.513,3.174,13.2,30780.0,23.5,-82.0,2.8,0,0,0,8.568,0
2021-04-14 03:00:00,2021,4,2,3,17095.0,446.7,47.6,12.7,2.8,215.0,169.6,7.635,0.0502,42.998,8.568,5.292,6.926,9.336,22086.0,8.318,3.265,11.07,30780.0,-1483.4,-21.0,,0,0,0,4.127,0
2021-04-14 04:00:00,2021,4,2,4,17372.0,2078.7,47.9,22.5,2.57,161.0,165.2,36.111,0.2376,69.748,4.127,4.89,7.869,12.924,,8.637,3.273,11.4,30780.0,1185.7,-54.0,,0,0,0,6.803,0
2021-04-14 05:00:00,2021,4,2,5,15740.0,885.5,49.0,7.0,3.02,198.0,161.9,13.939,0.0917,77.783,6.803,4.83,8.7,18.122,22753.0,8.978,3.274,10.5,30780.0,30.9,37.0,4.1,0,0,0,6.874,0
2021-04-14 06:00:00,2021,4,2,6,15643.0,2018.3,49.5,16.8,3.18,221.0,162.0,31.573,0.2077,118.492,6.874,,5.73,9.133,21959.0,8.667,3.286,12.73,30780.0,1091.6,23.0,4.4,0,0,0,10.407,0
2021-04-14 07:00:00,2021,4,2,7,,443.3,51.1,8.2,3.52,217.0,162.2,7.604,0.05,44.176,10.407,15.224,5.052,12.407,21167.0,6.839,3.321,11.6,30780.0,-1623.8,-4.0,5.3,0,0,0,4.254,0
2021-04-14 08:00:00,2021,4,2,8,16119.0,2102.7,47.4,21.8,3.1,228.0,165.1,33.894,0.223,75.137,4.254,8.568,5.258,17.484,21612.0,6.544,3.281,14.83,30780.0,1613.8,11.0,1.9,0,0,0,6.8,0
2021-04-14 09:00:00,2021,4,2,9,18067.0,470.5,48.3,4.6,3.69,176.0,165.7,8.5,0.0559,60.431,6.8,4.127,4.814,14.145,21602.0,6.878,3.236,13.48,30780.0,23.8,-52.0,1.5,0,0,0,6.13,0
2021-04-14 10:00:00,2021,4,2,10,17643.0,916.3,,16.8,,180.0,166.6,16.167,0.1064,188.405,6.13,6.803,4.985,11.969,21692.0,8.855,3.823,12.53,,-1162.4,,,1,0,0,18.663,1
2021-04-14 11:00:00,2021,4,2,11,17984.0,1971.3,49.9,27.6,2.74,152.0,170.8,35.451,0.2332,64.225,18.663,6.874,11.687,13.732,20791.0,8.79,3.789,15.97,30780.0,1085.8,-28.0,,1,0,0,6.485,0
2021-04-14 12:00:00,2021,4,2,12,17758.0,389.6,53.8,6.3,3.16,180.0,172.7,6.919,0.0455,182.501,6.485,10.407,11.265,12.425,,10.088,4.252,14.22,30780.0,-1628.7,28.0,3.3,1,0,0,18.196,1
2021-04-14 13:00:00,2021,4,2,13,,386.7,52.8,0.0,3.04,225.0,168.4,6.744,0.0444,350.567,18.196,4.254,5.851,7.511,18276.0,15.099,6.693,12.85,30780.0,-56.6,45.0,4.2,1,0,0,34.321,1
2021-04-14 14:00:00,2021,4,2,14,17750.0,1033.7,51.0,5.5,3.51,222.0,170.1,18.347,0.1207,307.68,34.321,6.8,11.123,11.874,16440.0,19.076,7.925,10.13,30780.0,-1069.0,-3.0,4.6,1,0,0,30.663,1
2021-04-14 15:00:00,2021,4,2,15,17931.0,1819.7,51.5,23.3,3.09,230.0,167.8,32.63,0.2147,115.848,30.663,6.13,6.265,7.623,17212.0,19.998,7.87,13.25,30780.0,1349.2,8.0,2.6,1,0,0,11.663,0
2021-04-14 16:00:00,2021,4,2,16,18638.0,369.3,51.3,10.5,3.61,253.0,166.9,6.883,0.0453,52.062,,,11.04,19.268,16646.0,17.796,7.949,12.2,30780.0,-547.0,23.0,3.1,0,0,0,5.448,0
2021-04-14 17:00:00,2021,4,2,17,20255.0,,52.0,35.1,3.33,,168.0,38.639,0.2542,57.631,5.448,6.485,6.217,14.196,16277.0,17.807,,13.45,30780.0,-63.7,34.0,1.8,0,0,0,6.554,0
2021-04-14 18:00:00,2021,4,2,18,19646.0,408.1,49.8,8.2,3.32,324.0,167.4,8.017,0.0527,53.896,6.554,18.196,12.695,32.755,15974.0,15.766,7.987,,30780.0,18.5,37.0,1.4,0,0,0,5.945,0
2021-04-14 19:00:00,2021,4,2,19,20753.0,1007.6,50.9,13.3,,301.0,169.1,20.911,0.1376,64.161,5.945,34.321,10.69,33.669,15427.0,11.292,8.009,15.98,30780.0,620.9,,,0,0,0,7.476,0
2021-04-14 20:00:00,2021,4,2,20,20221.0,402.0,50.6,9.7,3.11,318.0,167.3,8.13,0.0535,55.191,7.476,30.663,5.127,14.545,16561.0,7.225,7.98,16.68,30780.0,-631.7,17.0,4.1,0,0,0,6.266,0
2021-04-14 21:00:00,2021,4,2,21,21075.0,1899.7,52.8,,4.1,284.0,167.1,40.036,0.2634,146.509,6.266,11.663,5.292,34.201,16818.0,8.171,8.028,15.8,30780.0,80.0,-34.0,6.1,0,0,0,17.336,0
2021-04-14 22:00:00,2021,4,2,22,20210.0,,50.3,2.7,3.42,343.0,166.5,9.906,0.0652,96.122,17.336,5.448,4.89,14.235,17270.0,9.081,7.927,14.5,30780.0,120.9,59.0,2.4,0,0,0,10.907,0
2021-04-14 23:00:00,2021,4,2,23,21340.0,1041.8,48.1,,3.09,358.0,162.8,22.233,0.1463,115.87,10.907,6.554,4.83,7.849,16710.0,,7.831,10.03,30780.0,-865.8,15.0,-0.4,0,0,0,13.883,0
2021-04-15 00:00:00,2021,4,3,0,22720.0,459.2,49.3,3.2,2.49,342.0,161.9,10.433,0.0686,87.008,13.883,5.945,12.271,8.269,16316.0,11.161,7.829,9.2,30780.0,51.1,-16.0,0.3,0,0,0,11.099,0
2021-04-15 01:00:00,2021,4,3,1,22802.0,1854.5,51.2,27.7,2.74,355.0,158.2,42.288,0.2782,63.074,,7.476,15.224,14.207,16898.0,11.261,7.814,11.6,30780.0,846.9,13.0,2.4,0,0,0,8.075,0
2021-04-15 02:00:00,2021,4,3,2,20583.0,1099.5,49.8,5.9,2.43,380.0,161.6,22.631,0.1489,150.348,8.075,6.266,8.568,13.831,18212.0,13.112,7.896,10.97,30780.0,697.5,25.0,3.6,0,0,0,17.375,0
2021-04-15 03:00:00,2021,4,3,3,19860.0,468.6,54.3,2.0,2.59,379.0,164.7,9.306,0.0612,108.425,17.375,17.336,4.127,6.926,17095.0,12.238,7.738,8.3,30780.0,-1431.1,-1.0,6.7,0,0,0,12.09,0
2021-04-15 04:00:00,2021,4,3,4,21715.0,531.8,52.6,12.2,2.29,367.0,168.5,11.548,0.076,57.012,12.09,,6.803,7.869,17372.0,11.579,7.734,9.88,30780.0,,-12.0,4.7,0,0,0,6.951,0
2021-04-15 05:00:00,2021,4,3,5,22157.0,1127.9,53.6,17.2,2.2,363.0,168.1,24.991,0.1644,63.576,6.951,13.883,6.874,8.7,15740.0,10.583,7.708,11.37,30780.0,86.1,-4.0,4.6,0,0,0,7.909,0
2021-04-15 06:00:00,2021,4,3,6,,1101.1,54.1,20.0,2.44,367.0,166.5,24.621,0.162,57.898,7.909,11.099,10.407,5.73,15643.0,9.945,7.761,14.17,30780.0,641.9,4.0,4.6,0,0,0,7.269,0
2021-04-15 07:00:00,2021,4,3,7,22814.0,2051.1,53.5,30.5,2.03,403.0,164.0,46.793,0.3079,64.446,7.269,8.075,4.254,5.052,17151.0,,7.635,14.63,30780.0,196.6,36.0,2.4,0,0,0,8.255,0
2021-04-15 08:00:00,2021,4,3,8,23765.0,1155.5,53.1,17.9,1.64,465.0,163.4,27.46,0.1807,42.884,8.255,17.375,6.8,5.258,16119.0,8.033,7.669,16.63,30780.0,,62.0,5.7,0,0,0,5.722,0
2021-04-15 09:00:00,2021,4,3,9,24067.0,1150.8,53.6,17.1,2.13,446.0,,27.696,0.1822,55.659,5.722,12.09,6.13,4.814,18067.0,7.271,7.629,19.15,30780.0,682.2,-19.0,5.3,0,0,0,7.521,0
2021-04-15 10:00:00,2021,4,3,10,24977.0,1151.3,53.0,20.9,1.64,419.0,163.2,28.757,0.1892,44.14,7.521,6.951,18.663,4.985,17643.0,,7.575,20.6,30780.0,619.5,-27.0,-1.3,0,0,0,6.19,0
2021-04-15 11:00:00,2021,4,3,11,26111.0,,55.7,19.9,1.5,426.0,166.1,31.81,0.2093,63.594,6.19,7.909,6.485,11.687,17984.0,7.38,7.516,21.05,30780.0,90.4,7.0,5.8,0,0,0,9.323,0
2021-04-15 12:00:00,2021,4,3,12,26643.0,406.3,53.8,17.3,1.58,416.0,167.2,10.825,0.0712,47.497,9.323,7.269,18.196,11.265,17758.0,7.353,7.428,20.6,30780.0,-694.8,-10.0,0.0,0,0,0,7.105,0
2021-04-15 13:00:00,2021,4,3,13,26629.0,436.5,50.5,14.6,1.38,392.0,168.8,11.623,0.0765,41.074,7.105,8.255,34.321,5.851,17437.0,7.0,5.591,17.95,30780.0,-1614.6,-24.0,-2.3,0,0,0,6.141,0
2021-04-15 14:00:00,2021,4,3,14,26212.0,397.7,51.6,11.2,1.37,415.0,164.6,10.424,0.0686,43.066,6.141,5.722,30.663,,17750.0,7.103,3.458,16.83,30780.0,-757.8,23.0,0.6,0,0,0,6.338,0
2021-04-15 15:00:00,2021,4,3,15,25429.0,1214.2,53.6,37.4,1.47,445.0,158.2,30.876,0.2031,48.609,6.338,7.521,11.663,6.265,17931.0,7.006,3.426,20.22,30780.0,63.4,30.0,2.1,0,0,0,6.94,0
2021-04-15 16:00:00,2021,4,3,16,27543.0,386.5,56.5,15.0,1.99,456.0,155.9,10.646,0.07,49.488,6.94,6.19,5.448,11.04,18638.0,7.25,3.365,19.23,30780.0,-764.8,11.0,5.2,0,0,0,7.653,0
2021-04-15 17:00:00,2021,4,3,17,27269.0,1262.6,52.5,18.6,2.1,,157.5,34.429,0.2265,81.2,7.653,9.323,6.554,6.217,20255.0,,3.411,19.02,30780.0,44.3,1.0,0.5,0,0,0,12.432,0
2021-04-15 18:00:00,2021,4,3,18,27781.0,445.8,57.7,4.6,1.67,421.0,152.3,12.385,0.0815,78.87,12.432,7.105,5.945,12.695,19646.0,8.634,3.41,16.9,30780.0,39.5,-36.0,7.9,0,0,0,12.302,0
2021-04-15 19:00:00,2021,4,3,19,,,,18.4,2.53,386.0,148.3,35.294,0.2322,85.924,12.302,6.141,7.476,10.69,20753.0,9.908,3.507,17.53,30780.0,799.0,-35.0,1.7,0,0,0,13.781,0
2021-04-15 20:00:00,2021,4,3,20,27186.0,437.4,52.0,11.0,2.57,396.0,148.8,11.891,0.0782,51.259,13.781,6.338,6.266,5.127,20221.0,10.155,3.458,17.5,30780.0,39.7,10.0,1.4,0,0,0,7.824,0
2021-04-15 21:00:00,2021,4,3,21,26610.0,1266.2,57.3,16.6,2.34,444.0,145.0,33.695,0.2217,91.216,7.824,6.94,17.336,5.292,21075.0,11.27,,14.03,30780.0,52.0,48.0,4.5,0,0,0,13.628,0
2021-04-15 22:00:00,2021,4,3,22,27917.0,461.1,52.6,10.7,,448.0,,12.872,0.0847,32.008,,7.653,10.907,4.89,20210.0,10.831,3.276,13.32,30780.0,74.6,4.0,2.3,0,0,0,5.017,0
2021-04-15 23:00:00,2021,4,3,23,27983.0,456.0,55.6,8.5,2.52,410.0,152.7,12.76,0.0839,34.256,5.017,12.432,13.883,4.83,21340.0,9.656,3.206,11.63,30780.0,-806.6,-38.0,7.5,0,0,0,5.382,0
2021-04-16 00:00:00,2021,4,4,0,26765.0,450.2,51.9,11.3,2.62,401.0,151.8,12.051,0.0793,29.2,5.382,12.302,11.099,12.271,22720.0,8.337,3.293,12.75,30780.0,4.4,-9.0,2.6,0,0,0,4.388,0
2021-04-16 01:00:00,2021,4,4,1,26511.0,1213.6,51.8,27.2,2.21,375.0,,32.175,0.2117,37.219,4.388,13.781,8.075,15.224,22802.0,6.963,3.35,14.22,30780.0,-21.9,-26.0,0.6,0,0,0,5.54,0
2021-04-16 02:00:00,2021,4,4,2,27696.0,1253.9,50.1,21.0,2.21,408.0,156.5,34.728,0.2285,,5.54,7.824,17.375,8.568,20583.0,6.911,2.762,15.88,30780.0,816.5,33.0,0.3,0,0,0,7.509,0
2021-04-16 03:00:00,2021,4,4,3,27184.0,437.5,54.1,8.6,2.05,358.0,156.6,11.892,0.0782,29.693,7.509,13.628,12.09,4.127,19860.0,5.395,2.712,14.55,30780.0,-828.7,-50.0,-0.2,0,0,0,4.532,0
2021-04-16 04:00:00,2021,4,4,4,26634.0,1243.2,53.5,15.1,2.09,400.0,161.8,33.112,0.2178,83.523,4.532,5.017,6.951,6.803,21715.0,6.64,2.873,15.28,30780.0,782.1,42.0,0.9,0,0,0,12.49,0
2021-04-16 05:00:00,2021,4,4,5,27578.0,,51.9,27.4,1.66,404.0,152.2,,0.2389,27.215,12.49,5.382,7.909,,22157.0,6.445,2.973,18.43,30780.0,860.5,4.0,-1.7,0,0,0,4.214,0
2021-04-16 06:00:00,2021,4,4,6,27825.0,1266.2,53.7,17.9,1.92,335.0,149.5,35.231,0.2318,,4.214,4.388,7.269,10.407,22361.0,8.55,,19.53,30780.0,816.0,-69.0,-0.4,1,0,0,17.014,0
2021-04-16 07:00:00,2021,4,4,7,27956.0,1238.2,54.6,24.9,1.21,370.0,153.2,34.616,0.2277,37.895,17.014,5.54,8.255,4.254,22814.0,8.618,3.543,19.15,30780.0,24.6,35.0,1.1,1,0,0,5.948,0
2021-04-16 08:00:00,2021,4,4,8,27486.0,461.2,52.1,6.5,1.21,374.0,150.4,,0.0834,78.589,5.948,7.509,,6.8,23765.0,9.388,,16.73,30780.0,-792.7,4.0,-1.0,1,0,0,12.128,0
2021-04-16 09:00:00,2021,4,4,9,28132.0,1185.2,54.8,21.0,1.54,386.0,145.8,33.343,0.2194,173.897,12.128,4.532,7.521,6.13,24067.0,13.21,5.291,18.8,30780.0,747.7,12.0,1.2,1,0,0,27.467,1
2021-04-16 10:00:00,2021,4,4,10,27737.0,1202.7,52.5,21.3,1.76,405.0,150.6,33.359,0.2195,47.819,27.467,12.49,6.19,18.663,24977.0,12.37,5.266,19.83,30780.0,-40.5,19.0,-0.5,1,0,0,7.447,0
2021-04-16 11:00:00,2021,4,4,11,28322.0,1212.6,51.8,17.8,2.12,438.0,147.8,34.342,0.2259,167.492,7.447,4.214,9.323,6.485,26111.0,16.106,6.348,18.23,30780.0,-103.9,33.0,-3.9,1,0,0,26.634,1
2021-04-16 12:00:00,2021,4,4,12,28767.0,447.9,49.9,3.7,1.69,386.0,148.0,12.885,0.0848,62.898,26.634,17.014,7.105,18.196,26643.0,14.964,6.318,15.87,30780.0,-818.3,-52.0,-3.9,0,0,0,10.159,0
2021-04-16 13:00:00,2021,4,4,13,28849.0,1120.1,49.5,15.4,1.54,417.0,146.7,,0.2126,75.567,10.159,5.948,6.141,34.321,26629.0,16.012,6.273,14.28,,-118.1,31.0,-1.0,0,0,0,12.24,0
2021-04-16 14:00:00,2021,4,4,14,28654.0,372.7,52.3,10.7,1.35,421.0,144.5,10.679,0.0703,28.257,12.24,12.128,6.338,30.663,26212.0,14.749,6.334,14.98,30780.0,-88.5,4.0,0.7,0,0,0,4.546,0
2021-04-16 15:00:00,2021,4,4,15,28283.0,1074.8,51.5,19.7,2.13,445.0,145.3,30.397,,25.712,4.546,27.467,6.94,11.663,25429.0,10.852,6.426,14.77,30708.0,-110.4,24.0,-2.1,0,0,0,4.083,0
2021-04-16 16:00:00,2021,4,4,16,29466.0,418.0,52.2,,1.98,438.0,148.9,12.318,0.081,,4.083,7.447,7.653,5.448,27543.0,11.122,6.408,11.85,30312.0,-784.7,-7.0,-4.3,0,0,0,9.068,0
2021-04-16 17:00:00,2021,4,4,17,23851.0,365.4,45.5,4.9,1.08,401.0,154.2,8.715,0.0573,34.552,9.068,26.634,12.432,6.554,27269.0,7.454,6.49,9.7,30312.0,-847.2,-37.0,-7.0,0,0,1,4.627,0
2021-04-16 18:00:00,2021,4,4,18,22986.0,1069.0,43.9,18.6,1.49,397.0,151.4,24.572,0.1617,36.403,4.627,10.159,12.302,5.945,27781.0,6.544,6.553,12.18,29886.0,621.1,-4.0,-13.8,0,0,1,4.698,0
2021-04-16 19:00:00,2021,4,4,19,23303.0,2215.0,38.8,43.5,1.54,426.0,143.4,51.616,0.3396,39.018,4.698,12.24,13.781,7.476,28566.0,5.354,6.552,16.87,29886.0,1094.9,29.0,-13.8,0,0,1,5.105,0
2021-04-16 20:00:00,2021,4,4,20,23311.0,433.7,41.9,12.5,1.65,416.0,145.4,10.11,,39.799,5.105,4.546,7.824,6.266,27186.0,5.465,6.598,17.17,29886.0,61.0,-10.0,-10.1,0,0,1,5.209,0
2021-04-16 21:00:00,2021,4,4,21,23465.0,1061.3,41.5,4.7,1.59,379.0,140.8,24.905,,,5.209,4.083,13.628,17.336,26610.0,7.747,6.773,,29886.0,-13.5,-37.0,-15.8,0,0,1,17.776,0
2021-04-16 22:00:00,2021,4,4,22,23764.0,1106.9,45.8,24.6,1.5,381.0,136.0,26.305,0.1731,36.852,17.776,9.068,5.017,10.907,27917.0,7.055,6.776,18.13,29639.0,688.9,2.0,-6.8,0,0,1,4.917,0
2021-04-16 23:00:00,2021,4,4,23,23422.0,3200.0,40.0,50.6,1.13,333.0,137.7,74.951,0.4931,,,4.627,5.382,13.883,27983.0,7.286,,25.75,29466.0,2834.6,-48.0,-15.6,0,0,1,6.011,0
2021-04-17 00:00:00,2021,4,5,0,22579.0,2305.8,43.4,,0.71,327.0,130.3,52.065,0.3425,34.984,6.011,4.698,4.388,11.099,26765.0,7.242,6.76,28.97,29466.0,1236.8,-6.0,-8.5,0,0,1,4.435,0
2021-04-17 01:00:00,2021,4,5,1,22698.0,926.1,39.5,16.1,0.9,320.0,129.6,21.02,0.1383,30.359,4.435,5.105,5.54,8.075,26511.0,7.036,6.809,24.4,29466.0,-1288.9,-7.0,-12.3,0,0,1,3.869,0
2021-04-17 02:00:00,2021,4,5,2,22584.0,837.2,41.5,20.8,1.06,371.0,132.6,,0.1244,37.508,3.869,5.209,7.509,17.375,27696.0,6.961,6.862,25.78,29466.0,403.5,51.0,-8.6,0,0,1,4.756,0
2021-04-17 03:00:00,2021,4,5,3,22608.0,2013.0,39.5,27.6,0.89,354.0,,45.512,0.2994,69.508,4.756,17.776,4.532,12.09,,5.468,6.793,29.6,29466.0,951.7,-17.0,-14.6,0,0,1,8.823,0
2021-04-17 04:00:00,2021,4,5,4,23541.0,778.1,34.4,10.7,1.23,379.0,134.9,18.318,0.1205,49.655,8.823,4.917,12.49,6.951,26634.0,5.743,6.78,27.28,29466.0,-328.8,25.0,-19.1,0,0,1,6.563,0
2021-04-17 05:00:00,2021,4,5,5,21439.0,3200.0,35.3,42.2,,368.0,141.5,68.604,0.4513,92.015,6.563,6.011,4.214,7.909,27578.0,6.587,6.711,25.88,29466.0,0.0,-11.0,-16.6,0,0,1,11.076,0
2021-04-17 06:00:00,2021,4,5,6,22634.0,3200.0,43.4,38.2,,401.0,144.8,72.43,,151.864,11.076,4.435,17.014,7.269,27825.0,9.064,6.839,25.93,29466.0,894.2,33.0,-10.3,0,0,1,19.299,1
2021-04-17 07:00:00,2021,4,5,7,21170.0,3200.0,40.0,55.7,0.46,375.0,142.2,67.745,0.4457,60.785,19.299,3.869,5.948,8.255,27956.0,9.624,6.815,32.53,29466.0,2273.9,-26.0,-14.6,0,0,1,7.225,0
2021-04-17 08:00:00,2021,4,5,8,21346.0,719.5,37.8,7.0,0.7,378.0,137.8,15.358,0.101,230.54,7.225,4.756,12.128,5.722,27486.0,13.436,7.746,30.23,,-117.7,3.0,-14.3,1,0,1,27.63,1
2021-04-17 09:00:00,2021,4,5,9,20882.0,1595.7,43.5,17.9,0.57,332.0,134.2,33.323,0.2192,184.027,27.63,8.823,,7.521,28132.0,15.562,7.251,28.62,29466.0,-417.3,-46.0,-11.3,1,0,1,21.576,1
2021-04-17 10:00:00,2021,4,5,10,19509.0,1506.6,38.4,22.1,0.68,376.0,138.4,29.393,0.1934,124.819,21.576,6.563,7.447,,27737.0,16.746,7.27,30.52,29466.0,728.5,44.0,-14.1,1,0,1,13.672,0
2021-04-17 11:00:00,2021,4,5,11,19746.0,648.1,43.2,0.0,1.65,335.0,137.5,12.798,0.0842,195.372,13.672,11.076,26.634,9.323,28322.0,18.51,6.838,23.48,29466.0,-2551.9,-41.0,-8.6,1,0,1,21.66,1
2021-04-17 12:00:00,2021,4,5,12,19508.0,615.2,41.9,1.8,1.98,368.0,143.6,12.001,0.079,190.205,21.66,19.299,10.159,7.105,28767.0,,7.19,17.42,29466.0,-2584.8,33.0,-8.0,1,0,1,20.833,1
2021-04-17 13:00:00,2021,4,5,13,18617.0,548.8,31.9,3.5,1.86,366.0,,10.218,0.0672,136.042,20.833,7.225,12.24,6.141,28849.0,19.932,,8.72,29466.0,-2651.2,-2.0,-17.6,1,0,1,14.22,0
2021-04-17 14:00:00,2021,4,5,14,18718.0,1195.4,38.6,20.6,,372.0,140.9,22.375,0.1472,72.364,14.22,27.63,4.546,6.338,28654.0,16.594,7.14,10.98,29466.0,475.9,6.0,-13.7,0,0,1,7.605,0
2021-04-17 15:00:00,2021,4,5,15,19910.0,2372.7,35.4,27.3,1.7,361.0,142.7,47.241,0.3108,113.332,7.605,21.576,4.083,6.94,28283.0,15.11,7.013,12.55,29466.0,777.0,-11.0,-16.1,0,0,1,12.669,0
2021-04-17 16:00:00,2021,4,5,16,20744.0,2182.8,43.0,28.4,2.09,331.0,140.0,45.279,0.2979,82.674,12.669,13.672,9.068,7.653,,14.436,7.007,13.6,29466.0,676.2,,-9.2,0,0,1,9.629,0
2021-04-17 17:00:00,2021,4,5,17,20835.0,404.8,34.0,4.3,2.49,353.0,136.1,8.434,0.0555,62.079,9.629,21.66,4.627,12.432,23851.0,12.036,6.923,14.32,29466.0,-243.3,22.0,-11.5,0,0,1,7.262,0
2021-04-17 18:00:00,2021,4,5,18,20078.0,,35.0,20.6,2.24,368.0,140.3,22.427,0.1475,53.384,7.262,20.833,4.698,12.302,22986.0,9.567,6.875,17.45,29466.0,501.8,,-8.9,0,0,1,6.018,0
2021-04-17 19:00:00,2021,4,5,19,21708.0,460.5,35.5,12.1,,316.0,135.9,9.997,0.0658,41.573,6.018,14.22,5.105,13.781,23303.0,8.042,6.877,18.88,29466.0,-88.3,-52.0,-3.3,0,0,1,5.067,0
2021-04-17 20:00:00,2021,4,5,20,22193.0,469.5,41.1,,1.95,343.0,139.8,10.419,0.0685,47.053,5.067,7.605,5.209,7.824,23311.0,7.751,6.853,17.38,29466.0,-725.9,27.0,-0.8,0,0,1,5.863,0
2021-04-17 21:00:00,2021,4,5,21,23151.0,463.3,35.6,6.8,1.5,346.0,,10.727,,42.867,5.863,12.669,17.776,13.628,23465.0,6.568,6.796,13.97,29466.0,-1909.4,3.0,-5.9,0,0,1,5.572,0
2021-04-17 22:00:00,2021,4,5,22,21979.0,,33.6,21.0,1.34,327.0,137.8,23.883,0.1571,48.848,5.572,9.629,4.917,5.017,,5.968,6.758,12.73,29466.0,-1096.1,-19.0,-12.2,0,0,1,6.028,0
2021-04-17 23:00:00,2021,4,5,23,21956.0,987.5,40.7,6.7,,343.0,141.1,21.682,0.1426,,6.028,7.262,6.011,5.382,23422.0,6.988,6.702,13.13,29466.0,582.7,16.0,0.7,0,0,1,13.383,0
2021-04-18 00:00:00,2021,4,6,0,23089.0,1996.7,41.0,29.5,1.61,377.0,126.6,46.102,,,13.383,6.018,4.435,4.388,22579.0,6.962,6.647,14.62,29466.0,879.7,34.0,-2.4,0,0,1,5.857,0
2021-04-18 01:00:00,2021,4,6,1,21025.0,1840.1,39.1,22.5,1.69,424.0,123.9,38.689,0.2545,72.751,5.857,5.067,,5.54,22698.0,7.548,6.493,16.35,,1379.6,,-0.4,0,0,1,8.588,0
2021-04-18 02:00:00,2021,4,6,2,21879.0,408.1,32.9,13.3,1.66,450.0,,8.929,0.0587,36.087,8.588,5.863,4.756,7.509,22584.0,7.31,6.507,16.63,29466.0,-61.4,26.0,-8.6,0,0,1,4.433,0
2021-04-18 03:00:00,2021,4,6,3,22884.0,1000.3,39.7,11.2,,414.0,123.8,22.89,0.1506,66.133,4.433,5.572,8.823,,22608.0,7.798,,17.37,29466.0,537.0,-36.0,0.2,0,0,1,8.497,0
2021-04-18 04:00:00,2021,4,6,4,23018.0,414.1,39.3,10.0,2.24,416.0,123.6,9.531,,29.821,8.497,6.028,6.563,12.49,23541.0,7.435,6.62,15.53,29466.0,-672.6,,4.9,0,0,1,3.854,0
2021-04-18 05:00:00,2021,4,6,5,23927.0,998.9,30.6,16.2,,374.0,125.0,23.902,0.1572,28.636,3.854,13.383,11.076,4.214,21439.0,5.846,6.786,17.12,29466.0,11.4,-42.0,-4.7,0,0,1,3.847,0
2021-04-18 06:00:00,2021,4,6,6,23547.0,1058.0,37.2,15.6,1.46,384.0,124.7,24.912,0.1639,41.851,3.847,5.857,19.299,17.014,22634.0,5.792,6.62,14.8,29466.0,-938.7,10.0,-6.2,0,0,1,5.533,0
2021-04-18 07:00:00,2021,4,6,7,23774.0,409.1,38.5,8.5,1.75,386.0,124.8,9.727,0.064,30.416,5.533,8.588,7.225,5.948,21170.0,5.037,6.714,12.47,29466.0,-1431.0,2.0,-1.5,0,0,1,4.06,0
2021-04-18 08:00:00,2021,4,6,8,23573.0,399.8,37.6,0.5,1.83,367.0,,,0.062,110.803,4.06,4.433,27.63,12.128,21346.0,6.743,5.689,10.33,,-8.3,-19.0,-0.2,1,0,1,14.665,0
2021-04-18 09:00:00,2021,4,6,9,23170.0,407.7,41.4,7.2,2.27,330.0,131.2,9.446,0.0621,93.789,,8.497,21.576,27.467,20882.0,7.36,5.125,9.67,29466.0,-592.6,-37.0,-2.1,1,0,1,12.201,0
2021-04-18 10:00:00,2021,4,6,10,22880.0,436.8,37.4,7.5,2.26,343.0,134.0,9.994,0.0657,78.872,12.201,3.854,13.672,7.447,19509.0,8.406,5.041,9.25,29466.0,,13.0,-1.0,1,0,1,10.132,0
2021-04-18 11:00:00,2021,4,6,11,23360.0,1712.5,39.2,31.9,2.78,334.0,129.7,40.003,0.2632,107.741,10.132,3.847,21.66,26.634,19746.0,10.12,4.419,,29466.0,713.6,-9.0,-4.0,1,0,1,14.131,0
2021-04-18 12:00:00,2021,4,6,12,23571.0,379.5,38.5,4.8,2.58,333.0,137.4,8.945,0.0589,92.503,14.131,5.533,20.833,10.159,19508.0,11.238,3.684,10.07,29466.0,-678.5,-1.0,-3.4,1,0,1,12.242,0
2021-04-18 13:00:00,2021,4,6,13,23553.0,979.2,34.9,6.6,2.11,337.0,137.4,23.064,0.1517,185.352,12.242,4.06,14.22,12.24,18617.0,14.647,4.817,9.75,29466.0,570.1,4.0,3.0,1,0,1,24.511,1
2021-04-18 14:00:00,2021,4,6,14,23781.0,1862.4,43.0,35.6,2.32,382.0,,44.291,0.2914,41.776,24.511,14.665,7.605,4.546,18718.0,13.132,4.857,15.6,29466.0,,45.0,4.4,0,0,1,5.578,0
2021-04-18 15:00:00,2021,4,6,15,23457.0,1033.4,42.2,15.1,2.4,330.0,132.6,24.24,0.1595,54.214,5.578,12.201,12.669,4.083,19910.0,12.289,4.793,16.92,29466.0,625.7,-52.0,6.8,0,0,1,7.14,0
2021-04-18 16:00:00,2021,4,6,16,23941.0,949.0,37.8,16.9,2.12,335.0,133.3,22.72,0.1495,39.489,7.14,10.132,9.629,9.068,20744.0,11.485,4.83,18.48,29466.0,512.2,5.0,-5.2,0,0,1,5.308,0
2021-04-18 17:00:00,2021,4,6,17,23837.0,1977.1,40.0,16.8,2.42,323.0,137.8,47.128,0.3101,176.576,5.308,14.131,7.262,4.627,20835.0,13.068,5.743,15.97,29466.0,264.6,-12.0,6.0,0,0,1,23.632,1
2021-04-18 18:00:00,2021,4,6,18,24027.0,425.7,34.6,10.3,1.37,340.0,139.5,10.227,0.0673,39.495,23.632,12.242,6.018,4.698,20078.0,11.916,5.76,16.88,29466.0,46.2,17.0,-0.4,0,0,1,5.328,0
2021-04-18 19:00:00,2021,4,6,19,24858.0,441.3,35.4,7.1,1.79,331.0,139.0,10.971,0.0722,46.551,5.328,24.511,5.067,,21708.0,8.914,5.725,16.97,29466.0,,-9.0,-0.1,0,0,1,6.497,0
2021-04-18 20:00:00,2021,4,6,20,25033.0,1876.1,41.6,22.5,1.92,353.0,141.4,46.965,0.309,116.635,,5.578,5.863,,22193.0,10.716,5.873,14.78,29466.0,13.7,22.0,0.5,0,0,1,16.393,0
2021-04-18 21:00:00,2021,4,6,21,25065.0,1834.4,37.9,,1.92,345.0,142.3,45.979,0.3025,44.653,16.393,7.14,5.572,17.776,23151.0,10.574,5.854,17.28,29466.0,801.0,-8.0,2.3,0,0,1,6.284,0
2021-04-18 22:00:00,2021,4,6,22,25209.0,1679.1,35.6,27.4,1.37,357.0,142.3,42.329,0.2785,49.28,6.284,5.308,6.028,4.917,21979.0,10.852,5.833,19.03,29466.0,730.1,12.0,2.0,0,0,1,6.975,0
2021-04-18 23:00:00,2021,4,6,23,25037.0,,34.4,15.6,1.11,,143.2,18.23,0.1199,42.519,6.975,23.632,13.383,6.011,21956.0,7.909,5.817,18.83,29466.0,,0.0,-6.3,0,0,1,5.977,0
2021-04-19 00:00:00,2021,4,0,0,26784.0,1754.7,40.2,27.0,1.37,337.0,136.1,46.998,0.3092,73.374,5.977,5.328,5.857,4.435,23089.0,8.86,5.782,21.62,29466.0,1329.0,-20.0,-0.8,0,0,1,11.034,0
2021-04-19 01:00:00,2021,4,0,1,26616.0,1741.6,45.1,27.9,1.44,355.0,137.5,46.355,0.305,60.58,11.034,6.497,8.588,3.869,21025.0,9.286,5.78,25.08,29466.0,1300.3,18.0,6.0,0,0,1,9.053,0
2021-04-19 02:00:00,2021,4,0,2,27164.0,2796.1,40.0,58.8,2.21,363.0,135.4,75.953,0.4997,40.783,9.053,16.393,4.433,4.756,21879.0,,5.723,31.13,29466.0,920.0,8.0,7.1,0,0,1,6.22,0
2021-04-19 03:00:00,2021,4,0,3,26581.0,685.4,45.1,2.0,2.49,373.0,132.5,18.219,0.1199,106.579,6.22,,8.497,8.823,22884.0,9.194,5.862,26.45,29466.0,-1149.0,10.0,5.4,0,0,1,15.906,0
2021-04-19 04:00:00,2021,4,0,4,25768.0,636.6,41.3,10.3,2.73,339.0,129.1,16.403,0.1079,34.802,15.906,6.975,3.854,6.563,23018.0,8.871,5.815,23.6,29466.0,,-34.0,2.0,0,0,1,5.035,0
2021-04-19 05:00:00,2021,4,0,5,26094.0,,41.3,,,335.0,,74.823,0.4923,98.364,5.035,5.977,3.847,11.076,23927.0,10.276,5.736,28.15,29466.0,2139.4,-4.0,10.7,0,0,1,14.411,0
2021-04-19 06:00:00,2021,4,0,6,26620.0,1582.0,43.5,31.9,2.57,337.0,129.8,42.112,0.2771,35.782,14.411,11.034,5.533,19.299,,,5.742,28.97,29466.0,-172.7,2.0,6.3,0,0,1,5.348,0
2021-04-19 07:00:00,2021,4,0,7,25077.0,617.4,42.5,7.9,2.23,371.0,138.1,15.482,0.1019,55.2,5.348,9.053,4.06,7.225,23774.0,9.115,5.615,25.63,29466.0,-1124.2,34.0,4.0,0,0,1,7.772,0
2021-04-19 08:00:00,2021,4,0,8,25312.0,626.7,43.3,6.9,3.17,408.0,137.3,15.862,0.1044,61.358,7.772,6.22,14.665,27.63,23573.0,9.532,5.553,16.98,29466.0,-2169.4,37.0,5.7,0,0,1,8.72,0
2021-04-19 09:00:00,2021,4,0,9,,1391.6,41.2,23.1,3.11,369.0,133.5,34.608,0.2277,38.708,8.72,15.906,12.201,21.576,23170.0,7.782,5.622,20.5,29466.0,706.2,-39.0,-0.2,0,0,1,5.405,0
2021-04-19 10:00:00,2021,4,0,10,25792.0,,44.4,25.0,2.34,376.0,134.3,36.753,0.2418,35.854,5.405,5.035,10.132,13.672,22880.0,7.808,5.705,22.95,,,7.0,7.0,0,0,1,5.192,0
2021-04-19 11:00:00,2021,4,0,11,25254.0,1331.3,42.9,17.5,2.15,390.0,131.0,33.621,0.2212,,5.192,14.411,14.131,21.66,23360.0,7.148,5.631,18.72,29466.0,-1536.2,,3.7,0,0,1,10.45,0
2021-04-19 12:00:00,2021,4,0,12,25503.0,2681.1,47.5,44.4,,417.0,134.9,68.378,0.4499,44.682,10.45,5.348,12.242,20.833,23571.0,7.323,,20.8,29466.0,1099.1,27.0,9.0,0,0,1,6.398,0
2021-04-19 13:00:00,2021,4,0,13,26210.0,,48.5,7.4,2.02,376.0,,15.064,0.0991,48.703,6.398,7.772,24.511,14.22,23553.0,7.222,4.634,20.72,29466.0,-42.6,-41.0,13.6,0,0,1,7.167,0
2021-04-19 14:00:00,2021,4,0,14,24900.0,598.8,48.3,1.7,1.74,381.0,130.0,14.91,0.0981,94.125,7.167,8.72,5.578,,23781.0,,4.675,19.85,29466.0,-27.9,5.0,5.3,0,0,1,13.159,0
2021-04-19 15:00:00,2021,4,0,15,24593.0,,48.3,27.4,1.59,371.0,132.5,28.848,0.1898,34.227,13.159,5.405,7.14,12.669,23457.0,7.849,4.741,20.57,29466.0,-218.6,-10.0,6.1,0,0,1,4.726,0
2021-04-19 16:00:00,2021,4,0,16,24321.0,2608.4,42.5,46.9,2.2,378.0,131.1,63.439,,29.696,4.726,5.192,5.308,9.629,23941.0,7.659,4.788,24.22,29466.0,1183.4,7.0,,0,0,1,4.055,0
2021-04-19 17:00:00,2021,4,0,17,25135.0,502.4,48.0,0.0,2.79,329.0,132.1,12.629,0.0831,90.12,4.055,10.45,23.632,7.262,23837.0,8.037,3.716,21.3,29466.0,-828.9,-49.0,8.0,0,0,1,12.718,0
2021-04-19 18:00:00,2021,4,0,18,23314.0,1176.0,43.7,28.8,3.19,368.0,135.1,27.417,0.1804,34.951,12.718,6.398,5.328,6.018,24027.0,7.733,,18.7,29466.0,-1505.1,39.0,9.1,0,0,1,4.575,0
2021-04-19 19:00:00,2021,4,0,19,22600.0,497.9,46.0,11.9,3.0,335.0,135.4,11.254,0.074,35.22,4.575,7.167,6.497,5.067,24858.0,7.284,3.811,19.45,29466.0,-76.9,-33.0,10.6,0,0,1,4.469,0
2021-04-19 20:00:00,2021,4,0,20,,469.0,39.2,,2.6,,132.7,10.794,0.071,42.948,4.469,13.159,16.393,5.863,25033.0,6.015,3.424,19.95,29466.0,-129.8,52.0,-2.4,0,0,1,5.55,0
2021-04-19 21:00:00,2021,4,0,21,22984.0,2446.7,45.6,35.6,2.52,360.0,135.2,56.235,0.37,39.18,5.55,4.726,6.284,5.572,25065.0,6.07,3.456,,29466.0,1273.7,-27.0,7.7,0,0,1,5.056,0
2021-04-19 22:00:00,2021,4,0,22,22360.0,437.6,43.8,5.8,3.36,350.0,134.1,9.786,0.0644,29.201,5.056,4.055,6.975,6.028,25209.0,6.006,3.552,14.47,,-2170.8,-10.0,8.2,0,0,1,3.666,0
2021-04-19 23:00:00,2021,4,0,23,21670.0,479.2,37.7,4.4,3.36,386.0,135.1,10.385,0.0683,45.131,3.666,12.718,5.977,13.383,25037.0,4.801,3.563,15.2,29466.0,-23.2,36.0,3.3,0,0,1,5.491,0
2021-04-20 00:00:00,2021,4,1,0,20857.0,1056.7,36.7,15.5,3.61,419.0,,22.039,0.145,27.19,5.491,4.575,11.034,5.857,26784.0,4.569,3.591,12.98,29466.0,-119.3,33.0,-3.5,0,0,1,3.184,0
2021-04-20 01:00:00,2021,4,1,1,20497.0,1059.6,40.5,25.5,3.3,397.0,137.6,21.718,0.1429,27.519,3.184,4.469,9.053,8.588,26616.0,4.352,3.662,15.25,29466.0,561.7,-22.0,-4.6,0,0,1,3.167,0
2021-04-20 02:00:00,2021,4,1,2,21247.0,1027.4,46.3,18.5,3.27,415.0,138.9,21.831,0.1436,26.238,3.167,,6.22,4.433,27164.0,3.949,3.743,17.55,29466.0,558.4,18.0,6.3,0,0,1,3.13,0
2021-04-20 03:00:00,2021,4,1,3,20537.0,1042.0,47.6,11.8,3.38,347.0,137.0,21.399,0.1408,51.558,3.13,5.056,15.906,8.497,26581.0,4.097,3.212,13.58,29466.0,-1404.7,-68.0,2.5,0,0,1,5.945,0
2021-04-20 04:00:00,2021,4,1,4,21916.0,444.6,45.3,14.8,3.64,344.0,136.5,9.744,0.0641,24.055,5.945,3.666,5.035,3.854,25768.0,3.979,3.279,15.08,29466.0,7.0,-3.0,4.0,0,0,1,2.96,0
2021-04-20 05:00:00,2021,4,1,5,20772.0,1079.1,38.5,14.6,3.71,340.0,137.8,22.415,,31.657,2.96,5.491,14.411,3.847,26094.0,3.68,2.835,16.78,29466.0,599.9,-4.0,-2.8,0,0,1,3.692,0
2021-04-20 06:00:00,2021,4,1,6,20449.0,437.1,48.1,,3.7,351.0,129.8,8.938,0.0588,32.888,3.692,3.184,5.348,5.533,26620.0,3.778,2.867,15.17,29466.0,-619.6,11.0,4.6,0,0,1,3.776,0
2021-04-20 07:00:00,2021,4,1,7,21770.0,452.2,47.1,10.3,3.19,316.0,136.2,9.844,0.0648,28.545,3.776,3.167,7.772,4.06,25077.0,3.832,2.875,12.63,29466.0,-607.4,-35.0,4.6,0,0,1,3.489,0
2021-04-20 08:00:00,2021,4,1,8,22082.0,,45.6,19.3,3.04,301.0,136.4,24.261,0.1596,31.924,3.489,3.13,8.72,14.665,25312.0,3.97,2.82,12.77,29466.0,71.3,-15.0,2.3,0,0,1,3.958,0
2021-04-20 09:00:00,2021,4,1,9,20649.0,475.1,42.4,2.8,3.1,366.0,134.5,9.81,0.0645,65.2,3.958,5.945,5.405,12.201,24870.0,4.239,2.851,11.27,29466.0,-566.9,65.0,1.2,0,0,1,7.559,0
2021-04-20 10:00:00,2021,4,1,10,21577.0,2104.0,49.2,35.9,3.61,311.0,140.4,45.399,0.2987,37.839,,2.96,5.192,,25792.0,4.51,2.857,14.78,29466.0,1659.4,-55.0,4.8,0,0,1,4.584,0
2021-04-20 11:00:00,2021,4,1,11,21935.0,2130.1,48.6,29.5,4.14,343.0,140.8,46.723,0.3074,49.709,4.584,3.692,10.45,14.131,25254.0,4.915,2.664,17.27,29466.0,1051.0,32.0,5.7,0,0,1,6.122,0
2021-04-20 12:00:00,2021,4,1,12,22279.0,2132.4,50.7,40.1,3.25,342.0,139.5,47.508,,41.571,6.122,3.776,6.398,12.242,25503.0,5.152,2.655,22.98,29466.0,1695.3,-1.0,3.2,0,0,1,5.2,0
2021-04-20 13:00:00,2021,4,1,13,21350.0,444.7,48.5,3.7,3.72,338.0,138.2,9.495,0.0625,63.259,5.2,3.489,7.167,24.511,26210.0,5.834,2.669,21.88,29466.0,-7.5,-4.0,0.0,0,0,1,7.583,0
2021-04-20 14:00:00,2021,4,1,14,21699.0,421.8,49.7,3.2,3.53,358.0,141.5,,0.0602,69.884,7.583,3.958,13.159,5.578,24900.0,6.594,,19.2,29466.0,-676.9,20.0,1.4,0,0,1,8.514,0
2021-04-20 15:00:00,2021,4,1,15,22145.0,2147.2,44.1,31.0,3.44,344.0,135.0,47.551,0.3128,50.388,,7.559,4.726,7.14,24593.0,,2.214,23.9,29466.0,1672.1,-14.0,-4.2,0,0,1,6.265,0
2021-04-20 16:00:00,2021,4,1,16,21444.0,959.5,42.7,14.1,,333.0,144.2,20.576,0.1354,49.444,6.265,4.584,4.055,5.308,24321.0,6.606,2.205,20.27,29466.0,-1144.5,-11.0,0.2,0,0,1,5.953,0
2021-04-20 17:00:00,2021,4,1,17,21569.0,906.3,40.3,10.1,2.85,379.0,146.1,19.547,0.1286,82.634,5.953,6.122,12.718,23.632,25135.0,7.254,1.848,17.03,29466.0,-1223.8,46.0,-7.7,0,0,1,10.007,0
2021-04-20 18:00:00,2021,4,1,18,21169.0,2165.8,43.9,32.7,3.42,319.0,143.5,45.848,0.3016,64.945,10.007,5.2,4.575,5.328,23314.0,7.673,1.915,15.8,29466.0,33.4,-60.0,0.2,0,0,1,7.719,0
2021-04-20 19:00:00,2021,4,1,19,21675.0,456.1,41.7,15.9,4.03,376.0,142.9,9.886,0.065,52.36,7.719,7.583,4.469,6.497,22600.0,7.472,1.919,17.83,29466.0,11.4,57.0,-4.3,0,0,1,6.372,0
2021-04-20 20:00:00,2021,4,1,20,22587.0,473.3,43.5,5.4,4.85,403.0,146.9,10.69,0.0703,70.835,6.372,8.514,5.55,16.393,23016.0,7.55,2.056,18.2,29466.0,51.5,27.0,4.3,0,0,1,8.983,0
2021-04-20 21:00:00,2021,4,1,21,22438.0,1057.1,41.4,9.2,4.64,,,23.719,0.156,114.121,8.983,6.265,5.056,6.284,22984.0,8.902,2.734,14.57,,-1090.1,6.0,-4.2,0,0,1,14.377,0
2021-04-20 22:00:00,2021,4,1,22,22292.0,1050.2,44.7,24.8,4.87,395.0,147.6,23.412,0.154,53.268,,5.953,3.666,6.975,22360.0,9.021,2.695,16.35,,90.7,-14.0,0.9,0,0,1,6.667,0
2021-04-20 23:00:00,2021,4,1,23,22342.0,507.4,34.8,8.6,4.58,403.0,142.9,11.336,0.0746,50.781,6.667,10.007,5.491,5.977,21670.0,8.415,2.694,16.1,29466.0,-398.9,8.0,-2.9,0,0,1,6.37,0
2021-04-21 00:00:00,2021,4,2,0,22407.0,1000.2,40.6,12.3,4.98,429.0,140.1,22.411,0.1474,67.93,6.37,7.719,3.184,11.034,20857.0,8.552,2.666,12.7,29466.0,-1165.6,26.0,3.9,0,0,1,8.546,0
2021-04-21 01:00:00,2021,4,2,1,22259.0,,40.0,13.1,4.68,390.0,139.5,,0.1458,60.484,8.546,6.372,3.167,9.053,20497.0,8.75,2.593,12.23,29466.0,539.8,-39.0,-0.5,0,0,1,7.559,0
2021-04-21 02:00:00,2021,4,2,2,22059.0,1032.1,45.2,8.8,4.19,432.0,141.9,22.768,0.1498,104.399,7.559,8.983,3.13,6.22,21247.0,9.408,2.806,12.8,29466.0,558.8,,-1.1,0,0,1,12.93,0
2021-04-21 03:00:00,2021,4,2,3,21477.0,466.0,38.4,12.3,4.99,384.0,143.6,10.008,0.0658,43.778,12.93,14.377,5.945,15.906,20537.0,7.892,2.819,13.32,29466.0,-591.1,-48.0,-9.2,0,0,1,5.279,0
2021-04-21 04:00:00,2021,4,2,4,21304.0,1028.5,42.3,23.0,4.38,410.0,147.0,21.912,0.1442,42.604,5.279,6.667,2.96,5.035,21916.0,7.63,2.723,13.02,29466.0,-21.7,26.0,-3.0,0,0,1,5.096,0
2021-04-21 05:00:00,2021,4,2,5,21817.0,1067.2,39.4,8.4,3.97,403.0,,23.284,0.1532,105.296,5.096,6.37,3.692,14.411,20772.0,8.718,2.889,12.98,29466.0,559.8,-7.0,0.9,0,0,1,12.898,0
2021-04-21 06:00:00,2021,4,2,6,21492.0,2079.4,43.5,,4.14,419.0,143.6,44.69,0.294,99.951,12.898,8.546,3.776,,20449.0,9.304,2.941,15.03,29466.0,1079.2,16.0,-4.6,0,0,1,12.061,0
2021-04-21 07:00:00,2021,4,2,7,22961.0,471.2,45.3,9.0,3.92,,145.7,10.818,0.0712,33.138,12.061,7.559,3.489,7.772,21770.0,8.756,2.896,14.35,29466.0,-524.7,,-1.8,0,0,1,4.272,0
2021-04-21 08:00:00,2021,4,2,8,22926.0,1931.6,42.5,29.1,3.97,338.0,138.7,44.284,,38.797,4.272,12.93,3.958,8.72,,7.433,,17.73,29466.0,899.5,-68.0,-3.1,0,0,1,4.994,0
2021-04-21 09:00:00,2021,4,2,9,22464.0,1187.8,45.8,22.9,4.32,371.0,144.7,26.684,0.1756,40.793,4.994,5.279,7.559,5.405,20649.0,7.411,2.894,19.5,29466.0,721.8,33.0,3.4,0,0,1,5.145,0
2021-04-21 10:00:00,2021,4,2,10,24216.0,1130.9,50.6,,3.74,357.0,140.0,27.385,0.1802,38.4,5.145,5.096,4.584,5.192,21577.0,7.432,2.868,18.57,,102.4,-14.0,1.4,0,0,1,5.221,0
2021-04-21 11:00:00,2021,4,2,11,23391.0,,44.4,0.2,3.3,383.0,141.4,,0.0812,104.225,5.221,12.898,6.122,,21935.0,7.563,3.097,17.2,29466.0,-539.6,26.0,-4.2,0,0,1,13.688,0
2021-04-21 12:00:00,2021,4,2,12,21616.0,518.9,44.4,13.2,3.07,350.0,138.5,11.217,0.0738,41.272,13.688,12.061,5.2,6.398,22279.0,6.388,3.105,15.3,29466.0,-1560.5,-33.0,-6.3,0,0,1,5.009,0
2021-04-21 13:00:00,2021,4,2,13,,1168.6,45.5,11.4,2.34,402.0,145.0,26.366,0.1735,98.357,5.009,4.272,7.583,7.167,21350.0,7.753,,15.7,29466.0,697.4,52.0,-3.0,0,0,1,12.46,0
2021-04-21 14:00:00,2021,4,2,14,25451.0,458.0,53.6,12.5,2.61,395.0,142.4,11.656,0.0767,32.506,12.46,4.994,8.514,13.159,21699.0,7.695,3.313,12.93,29466.0,-1473.6,-7.0,3.9,0,0,0,4.645,0
2021-04-21 15:00:00,2021,4,2,15,25688.0,509.4,54.0,5.1,2.81,360.0,130.7,13.086,0.0861,60.446,4.645,5.145,6.265,4.726,22145.0,8.29,,9.97,29466.0,-678.4,-35.0,9.9,0,0,0,8.718,0
2021-04-21 16:00:00,2021,4,2,16,25057.0,1835.8,53.1,42.4,2.4,356.0,135.7,46.001,,136.12,8.718,5.221,5.953,4.055,21444.0,10.612,3.952,14.13,29466.0,704.9,-4.0,10.4,1,0,0,19.15,1
2021-04-21 17:00:00,2021,4,2,17,25265.0,412.9,53.5,11.3,2.66,308.0,138.3,10.433,0.0686,36.898,19.15,13.688,10.007,12.718,21569.0,9.203,,15.98,29466.0,-114.7,-48.0,13.2,1,0,0,5.234,0
2021-04-21 18:00:00,2021,4,2,18,24393.0,1819.2,55.5,26.4,2.39,318.0,142.2,44.376,0.2919,60.954,5.234,5.009,7.719,4.575,21169.0,9.759,3.998,18.18,29466.0,,10.0,11.6,1,0,0,8.348,0
2021-04-21 19:00:00,2021,4,2,19,24352.0,1179.9,54.2,25.6,2.06,274.0,140.8,28.732,0.189,97.414,8.348,12.46,6.372,4.469,21675.0,9.902,4.088,20.55,29466.0,11.3,-44.0,12.5,1,0,0,13.319,0
2021-04-21 20:00:00,2021,4,2,20,24890.0,1703.6,53.6,29.0,2.1,306.0,143.3,42.402,0.279,57.504,13.319,4.645,8.983,,22587.0,10.468,4.091,23.3,29466.0,1245.6,32.0,10.1,1,0,0,8.036,0
2021-04-21 21:00:00,2021,4,2,21,,,53.1,8.0,1.74,283.0,143.3,10.695,0.0704,52.823,8.036,8.718,14.377,5.056,22438.0,10.196,3.922,23.78,29466.0,-61.9,-23.0,11.7,1,0,0,7.087,0
2021-04-21 22:00:00,2021,4,2,22,22819.0,1199.9,54.6,18.0,2.34,289.0,147.5,27.381,0.1801,33.68,7.087,19.15,6.667,3.666,22292.0,,3.997,19.72,29466.0,,6.0,9.9,0,0,0,4.315,0
2021-04-21 23:00:00,2021,4,2,23,22875.0,1153.3,,21.2,2.04,339.0,142.9,26.382,0.1736,32.499,4.315,5.234,6.37,5.491,22342.0,7.546,4.069,21.37,29466.0,740.4,50.0,18.5,0,0,0,4.174,0
2021-04-22 00:00:00,2021,4,3,0,21565.0,1900.3,55.9,30.7,2.01,336.0,143.7,40.978,0.2696,42.576,4.174,8.348,8.546,3.184,22407.0,7.014,4.117,22.08,29466.0,81.1,,15.3,0,0,0,5.155,0
2021-04-22 01:00:00,2021,4,3,1,21785.0,529.2,52.8,13.7,1.34,314.0,,11.529,0.0759,30.07,5.155,13.319,7.559,3.167,22259.0,5.407,4.215,20.1,29466.0,-650.7,-22.0,12.8,0,0,0,3.678,0
2021-04-22 02:00:00,2021,4,3,2,21964.0,545.9,54.5,11.7,1.35,341.0,145.5,11.991,0.0789,33.069,,8.036,12.93,3.13,22059.0,4.748,4.147,17.22,29466.0,-1157.7,27.0,9.3,0,0,0,4.078,0
2021-04-22 03:00:00,2021,4,3,3,21603.0,2066.4,53.0,29.1,2.13,340.0,144.7,44.639,,44.752,,7.087,5.279,5.945,21477.0,4.471,4.144,20.73,29466.0,1618.9,-1.0,14.6,0,0,0,5.428,0
2021-04-22 04:00:00,2021,4,3,4,21103.0,,52.6,10.4,2.17,,143.4,10.968,0.0722,,5.428,4.315,,2.96,21304.0,4.388,4.185,19.47,29466.0,-680.2,33.0,10.3,0,0,0,3.814,0
2021-04-22 05:00:00,2021,4,3,5,21418.0,1119.3,53.2,12.9,2.0,373.0,149.0,23.975,0.1577,60.256,3.814,4.174,12.898,3.692,21817.0,4.9,4.027,18.08,29466.0,-34.0,0.0,13.8,0,0,0,7.246,0
2021-04-22 06:00:00,2021,4,3,6,20735.0,499.8,53.5,7.0,1.97,377.0,144.5,10.363,0.0682,29.961,7.246,5.155,12.061,3.776,21492.0,4.622,3.966,14.13,,-1400.5,4.0,10.0,0,0,0,3.488,0
2021-04-22 07:00:00,2021,4,3,7,21078.0,466.9,51.8,4.5,2.42,379.0,143.7,,0.0647,47.987,3.488,,4.272,3.489,22961.0,4.956,3.935,12.6,29466.0,-62.3,2.0,6.5,1,0,0,5.679,0
2021-04-22 08:00:00,2021,4,3,8,22728.0,1072.8,53.4,19.9,1.95,359.0,145.3,24.383,0.1604,125.729,5.679,4.078,4.994,3.958,22926.0,6.95,4.317,13.97,29466.0,526.9,-20.0,10.9,1,0,0,16.044,0
2021-04-22 09:00:00,2021,4,3,9,22402.0,1091.6,50.9,20.7,2.7,407.0,142.3,24.455,0.1609,93.967,16.044,5.428,5.145,7.559,22464.0,8.015,4.376,12.57,29466.0,-974.8,48.0,5.1,1,0,0,11.819,0
2021-04-22 10:00:00,2021,4,3,10,22805.0,1119.4,53.7,22.5,2.11,396.0,146.0,25.529,0.168,42.112,11.819,3.814,5.221,4.584,24216.0,8.278,4.372,14.58,29466.0,599.7,-11.0,3.1,1,0,0,5.392,0
2021-04-22 11:00:00,2021,4,3,11,22156.0,1097.1,53.0,21.9,2.22,395.0,145.2,24.307,0.1599,66.786,5.392,7.246,13.688,6.122,23391.0,8.455,4.188,16.08,29466.0,-22.2,,8.6,1,0,0,8.308,0
2021-04-22 12:00:00,2021,4,3,12,22964.0,1109.1,51.8,17.3,2.44,359.0,144.3,25.47,0.1676,100.246,8.308,3.488,5.009,5.2,,10.028,4.292,,29466.0,609.3,-36.0,7.4,1,0,0,12.925,0
2021-04-22 13:00:00,2021,4,3,13,23621.0,2086.8,53.5,36.6,,392.0,146.8,49.292,0.3243,22.334,12.925,5.679,12.46,7.583,22563.0,9.575,4.287,23.15,29466.0,1619.9,33.0,8.0,0,0,0,2.962,0
2021-04-22 14:00:00,2021,4,3,14,24314.0,561.3,50.6,5.5,1.59,410.0,146.4,13.647,0.0898,42.033,2.962,16.044,,8.514,25451.0,7.857,4.261,20.75,29466.0,-511.5,18.0,-3.0,0,0,0,5.738,0
2021-04-22 15:00:00,2021,4,3,15,22610.0,560.3,51.6,5.8,1.65,343.0,143.0,12.669,0.0833,35.141,5.738,11.819,8.718,6.265,25688.0,6.631,4.297,18.27,29466.0,-531.3,-67.0,-2.4,0,0,0,4.461,0
2021-04-22 16:00:00,2021,4,3,16,23025.0,581.3,55.0,8.6,1.81,386.0,148.0,13.384,0.0881,19.787,,5.392,19.15,5.953,25057.0,6.159,3.589,15.95,29466.0,-538.1,43.0,1.9,1,0,0,2.558,0
2021-04-22 17:00:00,2021,4,3,17,23267.0,1088.1,50.0,17.8,2.15,441.0,150.6,,0.1666,38.321,,8.308,5.234,10.007,25265.0,5.608,3.593,15.27,29466.0,-9.0,55.0,-3.5,1,0,0,5.006,0
2021-04-22 18:00:00,2021,4,3,18,23705.0,606.9,54.8,13.8,1.95,,152.4,14.387,0.0947,87.592,5.006,12.925,8.348,7.719,24393.0,5.397,3.723,14.68,29466.0,-502.2,17.0,-0.7,1,0,0,11.658,0
2021-04-22 19:00:00,2021,4,3,19,24534.0,1063.8,52.6,26.2,1.5,470.0,150.4,26.099,0.1717,27.303,11.658,2.962,13.319,6.372,,5.53,3.496,12.95,29466.0,-1023.0,12.0,-1.6,1,0,0,3.761,0
2021-04-22 20:00:00,2021,4,3,20,23826.0,1103.7,52.4,16.0,1.07,,,26.297,0.173,191.713,3.761,5.738,8.036,8.983,24890.0,8.848,5.263,14.7,29466.0,542.4,22.0,-1.2,1,0,0,25.646,1
2021-04-22 21:00:00,2021,4,3,21,23338.0,1027.6,56.0,20.5,1.9,496.0,146.9,23.982,0.1578,44.34,,4.461,7.087,14.377,23896.0,9.073,,17.15,29466.0,467.3,4.0,2.9,1,0,0,5.81,0
2021-04-22 22:00:00,2021,4,3,22,22558.0,2126.5,52.5,34.9,1.43,485.0,,47.969,0.3156,20.828,5.81,2.558,4.315,6.667,22819.0,9.086,5.318,21.53,29466.0,1545.2,-11.0,-2.1,0,0,0,2.638,0
2021-04-22 23:00:00,2021,4,3,23,21419.0,1031.1,55.6,13.7,1.97,516.0,149.6,22.086,0.1453,28.015,,5.006,4.174,6.37,22875.0,8.814,5.339,20.85,29466.0,-57.0,31.0,2.3,0,0,0,3.369,0
2021-04-23 00:00:00,2021,4,4,0,,1016.3,52.1,15.4,2.57,496.0,144.3,21.499,0.1414,21.782,3.369,11.658,5.155,8.546,21565.0,7.302,5.402,21.12,29466.0,409.4,-20.0,,0,0,0,2.587,0
2021-04-23 01:00:00,2021,4,4,1,22231.0,583.9,53.7,6.4,2.49,541.0,143.8,12.98,0.0854,35.147,2.587,3.761,3.678,7.559,21785.0,7.406,5.386,17.82,29466.0,-479.9,45.0,0.9,0,0,0,4.387,0
2021-04-23 02:00:00,2021,4,4,2,21287.0,1069.4,54.2,14.7,2.43,,,22.765,0.1498,28.289,4.387,25.646,4.078,12.93,21964.0,,5.403,17.6,29466.0,-34.3,-49.0,-0.3,0,0,0,3.381,0
2021-04-23 03:00:00,2021,4,4,3,20496.0,568.3,54.0,10.8,2.32,485.0,146.6,11.647,0.0766,23.793,3.381,,5.428,5.279,21603.0,3.183,5.461,15.98,29466.0,,-7.0,1.0,0,0,0,2.738,0
2021-04-23 04:00:00,2021,4,4,4,19120.0,2122.4,52.9,27.1,2.75,450.0,144.9,,0.267,30.759,2.738,2.638,3.814,5.096,21103.0,3.294,5.474,14.68,29466.0,,-35.0,0.3,0,0,0,3.302,0
2021-04-23 05:00:00,2021,4,4,5,19126.0,1028.8,52.9,13.6,2.33,457.0,142.3,19.676,0.1294,19.789,3.302,3.369,7.246,12.898,21418.0,3.087,5.551,14.67,29466.0,-2.3,7.0,-0.3,0,0,0,2.125,0
2021-04-23 06:00:00,2021,4,4,6,18783.0,534.6,53.1,3.8,2.67,448.0,142.4,10.041,0.0661,45.62,2.125,2.587,3.488,12.061,,3.457,5.527,12.73,29466.0,-481.7,-9.0,-0.4,0,0,0,4.811,0
2021-04-23 07:00:00,2021,4,4,7,20627.0,,52.6,5.8,2.81,419.0,147.9,12.86,0.0846,44.607,4.811,4.387,,4.272,21078.0,3.587,5.531,12.63,29466.0,39.6,-29.0,0.8,0,0,0,5.166,0
2021-04-23 08:00:00,2021,4,4,8,21323.0,,56.8,10.4,2.08,475.0,149.9,22.75,0.1497,71.784,5.166,3.381,,4.994,22728.0,4.456,5.171,11.92,29466.0,-2.5,56.0,3.4,0,0,0,8.594,0
2021-04-23 09:00:00,2021,4,4,9,21350.0,2142.1,57.1,23.7,2.83,476.0,150.1,45.733,0.3009,98.914,8.594,2.738,11.819,5.145,22402.0,5.976,5.173,14.07,29466.0,,1.0,6.2,0,0,0,11.857,0
2021-04-23 10:00:00,2021,4,4,10,21090.0,640.2,55.5,17.0,2.75,,143.5,13.501,0.0888,20.116,11.857,3.302,5.392,5.221,22805.0,5.822,,12.38,29466.0,-1482.2,16.0,,0,0,0,2.382,0
2021-04-23 11:00:00,2021,4,4,11,21425.0,621.5,,16.6,3.06,483.0,144.4,13.316,0.0876,27.225,2.382,2.125,8.308,13.688,22156.0,6.014,5.238,12.88,29466.0,-407.3,-9.0,-0.6,0,0,0,3.275,0
2021-04-23 12:00:00,2021,4,4,12,21237.0,1016.0,54.5,18.9,3.02,470.0,144.7,21.577,0.142,24.229,3.275,4.811,12.925,5.009,22964.0,5.694,5.048,15.4,29466.0,481.4,-13.0,2.7,0,0,0,2.889,0
2021-04-23 13:00:00,2021,4,4,13,22011.0,2032.3,54.1,42.5,2.5,504.0,144.1,44.734,0.2943,29.041,2.889,5.166,2.962,12.46,23621.0,5.431,5.037,21.52,29466.0,1408.8,34.0,0.6,0,0,0,3.589,0
2021-04-23 14:00:00,2021,4,4,14,20409.0,2066.6,56.2,31.6,2.26,428.0,147.7,42.177,0.2775,20.395,3.589,8.594,5.738,4.645,24314.0,4.388,5.077,25.05,29466.0,999.7,-76.0,5.6,0,0,0,2.337,0
2021-04-23 15:00:00,2021,4,4,15,21580.0,681.6,53.8,15.1,2.49,432.0,145.7,14.709,0.0968,13.23,2.337,11.857,4.461,8.718,22610.0,2.679,5.132,23.62,29466.0,-1460.5,4.0,2.2,0,0,0,1.603,0
2021-04-23 16:00:00,2021,4,4,16,23057.0,1041.4,56.2,,2.32,400.0,146.1,24.012,0.158,21.027,1.603,2.382,2.558,19.15,23025.0,2.736,5.128,23.33,27164.0,401.2,-32.0,1.2,0,0,0,2.722,0
2021-04-23 17:00:00,2021,4,4,17,22658.0,1035.9,55.7,12.5,2.71,418.0,146.7,23.47,,48.579,2.722,3.275,,5.234,23267.0,3.22,5.132,22.65,,414.4,18.0,5.7,0,0,0,6.18,0
2021-04-23 18:00:00,2021,4,4,18,23031.0,,57.6,16.6,2.57,456.0,147.5,23.747,0.1562,17.3,6.18,2.889,11.658,8.348,23705.0,3.111,4.981,22.27,27164.0,15.1,38.0,2.8,0,0,0,2.237,0
2021-04-23 19:00:00,2021,4,4,19,23071.0,,54.8,13.3,3.13,421.0,142.8,24.396,0.1605,45.455,2.237,3.589,3.761,13.319,24534.0,3.494,4.979,17.4,27164.0,-974.9,-35.0,2.2,0,0,0,5.888,0
2021-04-23 20:00:00,2021,4,4,20,20411.0,1078.9,55.7,12.0,3.03,409.0,146.0,22.021,0.1449,41.92,5.888,2.337,,8.036,23826.0,3.906,2.331,14.13,27164.0,-987.7,-12.0,3.3,0,0,0,4.804,0
2021-04-23 21:00:00,2021,4,4,21,20905.0,1110.8,56.6,12.5,3.19,413.0,142.3,23.222,0.1528,46.45,4.804,1.603,5.81,7.087,23338.0,4.547,2.321,13.7,27164.0,429.2,4.0,0.6,0,0,0,5.452,0
2021-04-23 22:00:00,2021,4,4,22,20897.0,608.0,57.3,3.4,3.42,357.0,139.8,12.704,0.0836,64.801,5.452,2.722,2.638,4.315,22558.0,5.361,2.405,11.72,27164.0,-433.4,-56.0,4.8,0,0,0,7.603,0
2021-04-23 23:00:00,2021,4,4,23,20640.0,632.1,55.2,7.9,3.34,403.0,141.0,13.046,0.0858,29.4,7.603,6.18,3.369,4.174,21419.0,4.898,2.404,10.95,27164.0,-403.8,46.0,-0.4,0,0,0,3.407,0
2021-04-24 00:00:00,2021,4,5,0,20329.0,1155.5,55.4,17.7,3.25,431.0,135.8,23.489,0.1545,15.104,3.407,2.237,2.587,5.155,21153.0,4.813,2.437,11.13,27164.0,124.4,28.0,3.3,0,0,0,1.724,0
2021-04-24 01:00:00,2021,4,5,1,21035.0,647.8,56.4,17.7,3.18,405.0,137.9,13.625,0.0896,18.924,1.724,5.888,4.387,3.678,22231.0,4.204,2.472,11.87,27164.0,-409.6,-26.0,2.7,0,0,0,2.235,0
2021-04-24 02:00:00,2021,4,5,2,19492.0,1179.6,58.6,13.9,3.13,363.0,134.2,22.993,0.1513,36.477,2.235,4.804,3.381,4.078,21287.0,4.069,2.467,12.18,27164.0,100.7,,4.4,0,0,0,3.992,0
2021-04-24 03:00:00,2021,4,5,3,20040.0,2179.3,,,1.97,393.0,,43.674,0.2873,91.827,3.992,5.452,2.738,5.428,20496.0,4.882,2.742,13.72,27164.0,1068.5,30.0,2.7,0,0,0,10.332,0
2021-04-24 04:00:00,2021,4,5,4,19668.0,2142.7,59.1,26.2,1.59,386.0,142.2,42.144,0.2773,35.073,10.332,7.603,3.302,3.814,19120.0,,2.733,17.52,27164.0,1534.7,-7.0,6.2,0,0,0,3.873,0
2021-04-24 05:00:00,2021,4,5,5,19906.0,640.9,,11.9,1.89,373.0,132.6,12.758,0.0839,15.327,3.873,3.407,2.125,7.246,19126.0,3.978,2.751,18.18,27164.0,8.8,-13.0,3.3,0,0,0,1.713,0
2021-04-24 06:00:00,2021,4,5,6,20228.0,,56.8,6.2,1.85,377.0,,13.359,0.0879,40.16,1.713,1.724,4.811,3.488,18783.0,4.451,,16.27,27164.0,-495.1,4.0,3.7,0,0,0,4.561,0
2021-04-24 07:00:00,2021,4,5,7,20650.0,1103.7,58.2,18.0,1.94,348.0,130.3,22.791,0.1499,19.061,4.561,2.235,5.166,5.679,20627.0,4.447,2.786,16.32,27164.0,455.9,-29.0,5.6,0,0,0,2.21,0
2021-04-24 08:00:00,2021,4,5,8,20236.0,1027.9,59.1,14.6,2.1,377.0,137.6,20.8,0.1368,16.899,2.21,3.992,8.594,16.044,21323.0,4.101,2.679,16.43,27164.0,-151.7,29.0,2.3,0,0,0,1.92,0
2021-04-24 09:00:00,2021,4,5,9,19605.0,634.3,58.2,,2.03,400.0,136.7,12.435,0.0818,141.959,1.92,10.332,11.857,11.819,21350.0,4.984,3.21,12.82,27164.0,-1545.0,23.0,1.1,1,0,0,15.626,0
2021-04-24 10:00:00,2021,4,5,10,21296.0,1854.9,58.0,34.4,1.98,365.0,134.8,39.502,0.2599,40.328,15.626,3.873,2.382,5.392,21090.0,5.142,3.186,14.18,27164.0,-287.8,-35.0,2.5,1,0,0,4.822,0
2021-04-24 11:00:00,2021,4,5,11,19190.0,602.9,60.6,5.0,1.03,347.0,135.1,11.569,0.0761,115.051,4.822,1.713,3.275,8.308,21425.0,6.922,3.57,13.03,27164.0,-38.0,-18.0,8.2,1,0,0,12.396,0
2021-04-24 12:00:00,2021,4,5,12,20021.0,629.8,60.1,8.4,0.59,338.0,135.7,12.61,0.083,165.796,12.396,4.561,2.889,12.925,21237.0,9.268,4.531,13.4,27164.0,-30.6,-9.0,,1,0,0,18.637,1
2021-04-24 13:00:00,2021,4,5,13,19954.0,1036.9,,17.2,0.62,312.0,135.0,20.69,0.1361,32.187,18.637,2.21,3.589,2.962,22011.0,9.501,4.53,13.27,,-66.8,-26.0,4.5,1,0,0,3.606,0
2021-04-24 14:00:00,2021,4,5,14,19654.0,1122.3,55.6,12.3,1.15,360.0,131.3,22.057,0.1451,108.982,3.606,1.92,2.337,5.738,20409.0,11.186,4.674,12.88,27164.0,94.4,48.0,-0.6,1,0,0,12.026,0
2021-04-24 15:00:00,2021,4,5,15,18471.0,1145.3,60.2,17.6,1.41,354.0,136.5,21.155,0.1392,18.273,12.026,15.626,1.603,4.461,21580.0,8.897,4.663,15.82,27164.0,511.0,-6.0,,0,0,0,1.895,0
2021-04-24 16:00:00,2021,4,5,16,18439.0,1165.8,58.4,13.7,,354.0,133.5,21.496,0.1414,27.065,1.895,4.822,2.722,2.558,23057.0,8.56,4.66,12.37,27164.0,-689.1,0.0,2.2,0,0,0,2.802,0
2021-04-24 17:00:00,2021,4,5,17,,1925.2,62.1,24.6,1.58,354.0,131.3,38.411,0.2527,33.609,2.802,12.396,6.18,5.006,22658.0,7.122,4.679,15.63,27164.0,1322.3,0.0,6.4,0,0,0,3.765,0
2021-04-24 18:00:00,2021,4,5,18,19336.0,600.1,58.0,2.3,1.63,362.0,130.0,11.604,0.0763,88.068,3.765,18.637,2.237,11.658,23031.0,5.609,4.68,14.62,27164.0,-29.7,8.0,0.4,1,0,0,9.561,0
2021-04-24 19:00:00,2021,4,5,19,17878.0,1131.8,59.7,0.2,2.18,340.0,135.3,20.234,0.1331,323.877,9.561,3.606,5.888,3.761,23071.0,10.426,7.148,,27164.0,94.9,-22.0,4.9,1,0,0,32.51,1
2021-04-24 20:00:00,2021,4,5,20,17613.0,543.1,59.8,13.9,1.76,358.0,141.2,9.566,0.0629,102.053,32.51,12.026,4.804,25.646,,10.104,7.154,12.05,27164.0,-579.2,18.0,4.1,1,0,0,10.092,0
2021-04-24 21:00:00,2021,4,5,21,19020.0,1124.3,62.7,12.5,2.05,352.0,,,0.1407,123.186,10.092,1.895,5.452,5.81,20905.0,11.981,7.237,11.2,27164.0,-21.0,-6.0,6.1,1,0,0,13.155,0
2021-04-24 22:00:00,2021,4,5,22,18562.0,,62.0,11.9,,359.0,142.0,21.062,0.1386,123.443,13.155,2.802,7.603,2.638,20897.0,13.658,7.313,10.9,27164.0,-31.1,7.0,4.7,1,0,0,12.865,0
2021-04-24 23:00:00,2021,4,5,23,18842.0,1110.0,61.1,19.5,1.11,368.0,144.9,20.914,0.1376,132.65,12.865,3.765,3.407,3.369,20640.0,15.369,7.351,10.05,,-815.2,9.0,5.9,1,0,0,14.033,0
2021-04-25 00:00:00,2021,4,6,0,18518.0,611.7,59.0,13.4,1.64,361.0,147.2,11.328,0.0745,22.958,14.033,9.561,1.724,2.587,20329.0,14.174,7.326,,27164.0,11.6,-7.0,3.6,0,0,0,2.387,0
2021-04-25 01:00:00,2021,4,6,1,17674.0,1804.4,62.1,23.0,1.75,395.0,148.7,31.89,0.2098,26.554,2.387,32.51,2.235,4.387,21035.0,9.194,7.312,15.7,27164.0,672.6,34.0,5.7,0,0,0,2.635,0
2021-04-25 02:00:00,2021,4,6,2,17159.0,1041.4,,15.6,1.59,325.0,,17.87,0.1176,31.264,2.635,10.092,3.992,3.381,19492.0,8.014,7.34,15.98,27164.0,,-70.0,2.9,0,0,0,3.012,0
2021-04-25 03:00:00,2021,4,6,3,19610.0,1752.2,57.4,26.0,2.12,367.0,152.4,34.359,0.226,23.351,3.012,13.155,10.332,2.738,20040.0,6.25,7.42,18.23,27164.0,627.9,42.0,0.7,0,0,0,2.571,0
2021-04-25 04:00:00,2021,4,6,4,20315.0,1099.7,57.7,20.7,1.79,331.0,147.0,22.34,0.147,22.734,2.571,12.865,3.873,3.302,19668.0,4.538,7.455,,27164.0,-35.0,-36.0,-1.4,0,0,0,2.593,0
2021-04-25 05:00:00,2021,4,6,5,,1598.4,,15.4,1.95,312.0,147.0,31.704,0.2086,87.218,2.593,14.033,1.713,2.125,19906.0,,7.341,19.02,27164.0,488.4,-19.0,2.3,0,0,0,9.713,0
2021-04-25 06:00:00,2021,4,6,6,20643.0,1105.5,54.4,14.6,1.66,330.0,146.4,22.821,0.1501,,9.713,2.387,4.561,4.811,20228.0,5.427,7.334,19.22,27164.0,493.8,18.0,-2.4,1,0,0,12.038,0
2021-04-25 07:00:00,2021,4,6,7,20349.0,1139.1,60.5,20.1,2.07,315.0,144.6,23.18,0.1525,46.337,12.038,2.635,2.21,5.166,20650.0,5.87,7.243,18.73,27164.0,-665.3,-15.0,2.3,1,0,0,5.294,0
2021-04-25 08:00:00,2021,4,6,8,18674.0,1158.6,,7.9,1.74,338.0,147.0,21.636,0.1423,142.713,5.294,3.012,1.92,,20236.0,7.862,7.198,17.45,27164.0,117.2,23.0,0.6,1,0,0,14.963,0
2021-04-25 09:00:00,2021,4,6,9,19634.0,1098.4,56.4,2.0,0.99,,142.9,21.567,0.1419,195.289,14.963,2.571,15.626,11.857,19605.0,11.021,7.517,13.45,27164.0,-653.8,-12.0,-1.8,1,0,0,21.528,1
2021-04-25 10:00:00,2021,4,6,10,19903.0,1137.3,,13.9,0.86,306.0,144.2,,0.1489,85.353,21.528,2.593,4.822,2.382,21296.0,12.179,7.45,12.32,27164.0,37.6,,-4.1,1,0,0,9.538,0
2021-04-25 11:00:00,2021,4,6,11,21179.0,1115.8,56.9,18.5,1.07,302.0,141.5,23.63,0.1555,76.292,9.538,9.713,12.396,3.275,19190.0,12.072,7.429,12.83,27164.0,-482.6,-4.0,-3.7,1,0,0,9.072,0
2021-04-25 12:00:00,2021,4,6,12,20758.0,,53.3,13.2,0.7,318.0,144.4,24.206,0.1592,,9.072,12.038,18.637,2.889,20021.0,11.158,7.196,,27164.0,60.6,16.0,-6.8,0,0,0,6.551,0
2021-04-25 13:00:00,2021,4,6,13,21038.0,1177.0,53.4,15.3,0.97,346.0,144.1,24.762,,38.359,6.551,5.294,3.606,,19954.0,11.03,7.167,11.8,27164.0,37.9,28.0,-5.2,0,0,0,4.531,0
2021-04-25 14:00:00,2021,4,6,14,21058.0,1152.3,56.3,,0.5,320.0,141.8,24.265,0.1596,85.984,4.531,14.963,12.026,2.337,19654.0,10.231,7.145,12.07,27164.0,-6.3,-26.0,0.7,0,0,0,10.166,0
2021-04-25 15:00:00,2021,4,6,15,21432.0,1078.1,57.8,13.9,0.26,317.0,139.1,23.106,0.152,29.427,10.166,21.528,1.895,1.603,18471.0,7.233,7.081,14.05,27164.0,-20.3,-3.0,-2.4,0,0,0,3.541,0
2021-04-25 16:00:00,2021,4,6,16,21539.0,1099.2,53.9,16.3,0.7,342.0,142.4,23.677,0.1558,,3.541,9.538,2.802,2.722,18439.0,6.106,7.082,14.45,27164.0,-38.1,25.0,-4.5,0,0,0,2.773,0
2021-04-25 17:00:00,2021,4,6,17,20041.0,1135.8,55.5,10.2,0.84,353.0,146.8,22.763,0.1498,72.51,2.773,9.072,3.765,6.18,19952.0,5.953,6.994,13.07,27164.0,20.0,11.0,-6.6,0,0,0,8.159,0
2021-04-25 18:00:00,2021,4,6,18,19845.0,1107.5,53.5,22.6,0.2,342.0,145.4,21.979,0.1446,14.243,8.159,6.551,9.561,2.237,19336.0,5.126,7.168,14.63,27164.0,-58.6,-11.0,-4.5,0,0,0,1.587,0
2021-04-25 19:00:00,2021,4,6,19,21739.0,1784.8,50.4,27.7,0.2,326.0,146.1,38.8,0.2553,19.245,1.587,4.531,32.51,5.888,17878.0,4.762,,16.7,27164.0,607.8,-16.0,-9.3,0,0,0,2.349,0
2021-04-25 20:00:00,2021,4,6,20,19803.0,593.1,51.8,6.3,0.2,368.0,140.2,11.745,,207.923,2.349,10.166,10.092,4.804,,6.921,6.108,16.17,27164.0,-559.2,42.0,-8.0,1,0,0,23.118,1
2021-04-25 21:00:00,2021,4,6,21,20590.0,573.8,54.3,6.9,0.51,344.0,139.4,,0.0777,54.505,23.118,3.541,13.155,5.452,19020.0,7.381,6.029,15.0,27164.0,-504.3,-24.0,-8.4,1,0,0,6.301,0
2021-04-25 22:00:00,2021,4,6,22,20966.0,547.7,51.3,9.3,0.48,,137.3,11.483,0.0755,37.837,6.301,2.773,12.865,7.603,18562.0,7.661,5.977,13.83,27164.0,-551.5,23.0,-10.7,1,0,0,4.454,0
2021-04-25 23:00:00,2021,4,6,23,21490.0,1084.5,52.7,20.7,0.85,425.0,139.3,23.305,0.1533,87.695,4.454,8.159,14.033,3.407,18842.0,8.065,5.856,15.58,27164.0,-51.3,58.0,-8.4,1,0,0,10.581,0
2021-04-26 00:00:00,2021,4,0,0,22894.0,1151.1,50.7,23.2,1.02,407.0,,26.353,0.1734,75.797,10.581,1.587,2.387,1.724,18518.0,9.424,5.77,,27164.0,43.6,-18.0,-8.3,1,0,0,9.743,0
2021-04-26 01:00:00,2021,4,0,1,22366.0,1154.3,52.7,15.6,1.78,374.0,134.7,,0.1699,71.622,9.743,2.349,2.635,2.235,17674.0,10.532,5.668,13.67,27164.0,-630.5,-33.0,-9.4,1,0,0,8.994,0
2021-04-26 02:00:00,2021,4,0,2,21146.0,521.8,51.8,3.2,,369.0,134.4,,0.0726,,8.994,23.118,3.012,3.992,17159.0,7.663,5.586,,26620.0,,-5.0,-9.7,0,0,0,5.904,0
2021-04-26 03:00:00,2021,4,0,3,20507.0,2030.4,50.1,28.0,1.79,391.0,138.4,41.637,0.2739,11.108,5.904,6.301,2.571,10.332,19610.0,6.826,5.649,16.67,26620.0,1456.6,22.0,-7.3,0,0,0,1.279,0
2021-04-26 04:00:00,2021,4,0,4,22178.0,1287.1,50.8,19.2,1.84,405.0,133.8,28.544,0.1878,11.05,1.279,4.454,2.593,3.873,20315.0,,5.706,18.32,26620.0,739.4,14.0,-6.9,0,0,0,1.376,0
2021-04-26 05:00:00,2021,4,0,5,21079.0,,46.0,13.6,1.36,420.0,136.0,26.01,0.1711,48.348,1.376,10.581,,1.713,19835.0,5.503,,17.13,26620.0,149.4,15.0,-12.5,0,0,0,5.722,0
2021-04-26 06:00:00,2021,4,0,6,20831.0,,47.3,6.7,2.25,392.0,138.1,11.031,0.0726,19.571,5.722,9.743,12.038,4.561,20643.0,4.261,5.753,14.38,26210.0,-621.6,-28.0,-7.1,0,0,0,2.289,0
2021-04-26 07:00:00,2021,4,0,7,19230.0,509.1,,2.1,2.13,367.0,132.4,9.79,0.0644,205.94,2.289,8.994,5.294,2.21,20349.0,6.467,6.467,12.13,26210.0,-645.2,-25.0,-13.1,1,0,0,22.235,1
2021-04-26 08:00:00,2021,4,0,8,,496.5,49.6,,2.46,383.0,140.1,10.223,0.0673,,22.235,5.904,14.963,1.92,18674.0,8.528,6.649,13.0,26210.0,-25.3,16.0,-10.1,1,0,0,18.265,1
2021-04-26 09:00:00,2021,4,0,9,21204.0,1158.4,46.8,13.6,2.32,397.0,142.1,24.563,0.1616,64.745,18.265,1.279,21.528,15.626,19634.0,9.599,6.026,10.6,26210.0,-872.0,14.0,-9.6,1,0,0,7.708,0
2021-04-26 10:00:00,2021,4,0,10,21468.0,1171.4,48.7,14.4,2.74,404.0,138.2,25.149,0.1655,,7.708,1.376,9.538,4.822,19903.0,10.613,6.015,9.8,26210.0,-115.7,7.0,-5.2,1,0,0,7.457,0
2021-04-26 11:00:00,2021,4,0,11,22613.0,449.9,48.3,7.1,2.67,429.0,138.6,10.173,0.0669,156.842,7.457,5.722,9.072,12.396,21179.0,12.978,6.511,8.72,26210.0,-784.0,25.0,-8.6,1,0,0,19.913,1
2021-04-26 12:00:00,2021,4,0,12,22961.0,464.3,46.5,0.2,2.39,410.0,143.6,10.661,,109.094,19.913,2.289,6.551,18.637,20758.0,14.94,6.612,7.63,26210.0,-65.2,-19.0,-6.8,1,0,0,14.064,0
2021-04-26 13:00:00,2021,4,0,13,23238.0,505.1,47.6,10.1,2.43,388.0,143.0,11.738,0.0772,172.942,14.064,22.235,4.531,3.606,21038.0,14.995,7.151,8.97,25688.0,-4.0,-22.0,-5.8,1,0,0,22.564,1
2021-04-26 14:00:00,2021,4,0,14,22394.0,1113.6,47.8,11.7,1.7,440.0,141.7,24.938,0.1641,112.333,22.564,18.265,10.166,12.026,21058.0,14.305,7.22,9.52,25688.0,617.1,52.0,-8.5,1,0,0,14.124,0
2021-04-26 15:00:00,2021,4,0,15,7676.0,506.7,48.6,0.0,1.83,407.0,141.1,3.89,0.0256,294.472,14.124,7.708,3.541,1.895,21432.0,15.135,7.141,7.25,25688.0,-651.7,-33.0,-9.2,0,1,0,12.691,0
2021-04-26 16:00:00,2021,4,0,16,8265.0,530.9,51.4,0.0,1.76,379.0,145.7,4.388,0.0289,195.563,12.691,7.457,2.773,2.802,21539.0,15.405,6.988,4.85,25688.0,-640.5,-28.0,-2.5,0,1,0,9.075,0
2021-04-26 17:00:00,2021,4,0,17,9098.0,619.6,,0.0,1.27,,144.4,5.637,0.0371,373.795,9.075,19.913,8.159,3.765,20041.0,15.269,7.215,3.67,25688.0,169.7,33.0,,0,1,0,19.094,1
2021-04-26 18:00:00,2021,4,0,18,8266.0,1076.2,47.2,0.0,1.82,406.0,147.8,8.896,0.0585,363.606,19.094,14.064,1.587,9.561,19845.0,15.737,,3.63,25688.0,611.9,-6.0,-6.3,0,1,0,16.875,0
2021-04-26 19:00:00,2021,4,0,19,8803.0,1946.3,,1.1,1.72,490.0,146.0,17.132,0.1127,515.304,16.875,22.564,2.349,32.51,21739.0,16.221,7.397,2.13,25688.0,1441.2,84.0,-0.2,0,1,0,25.469,1
2021-04-26 20:00:00,2021,4,0,20,8645.0,973.0,53.3,0.0,1.7,422.0,144.0,8.412,0.0553,353.228,25.469,14.124,23.118,10.092,19803.0,16.725,7.103,0.18,25688.0,-140.6,-68.0,1.5,0,1,0,17.145,0
2021-04-26 21:00:00,2021,4,0,21,8691.0,597.4,49.1,0.0,1.64,451.0,145.1,5.193,0.0342,206.409,17.145,12.691,6.301,13.155,20590.0,16.288,7.017,,25688.0,90.7,29.0,-5.2,0,1,0,10.072,0
2021-04-26 22:00:00,2021,4,0,22,8132.0,1943.9,52.5,2.6,,411.0,145.2,15.807,0.104,582.464,10.072,9.075,4.454,12.865,20966.0,19.208,7.43,0.62,25688.0,1413.0,-40.0,1.2,0,1,0,26.594,1
2021-04-26 23:00:00,2021,4,0,23,8251.0,1945.4,51.3,0.0,1.0,411.0,140.1,16.052,0.1056,677.353,26.594,19.094,10.581,14.033,21490.0,21.256,8.311,0.62,25688.0,1325.8,0.0,,0,1,0,31.379,1
2021-04-27 00:00:00,2021,4,1,0,9179.0,1016.9,48.8,0.0,1.75,406.0,139.9,9.334,0.0614,367.858,31.379,16.875,9.743,2.387,22894.0,21.603,8.33,0.62,25688.0,-59.3,-5.0,-1.9,0,1,0,18.958,1
2021-04-27 01:00:00,2021,4,1,1,8621.0,589.8,50.0,0.0,1.12,456.0,137.0,5.084,0.0334,305.062,18.958,25.469,8.994,2.635,22366.0,19.819,8.258,0.43,25688.0,-1356.5,50.0,-2.7,0,1,0,14.766,0
2021-04-27 02:00:00,2021,4,1,2,9118.0,1027.3,50.3,0.0,0.79,434.0,136.9,9.367,0.0616,278.452,14.766,17.145,5.904,3.012,21146.0,19.337,8.059,0.43,25688.0,,-22.0,-1.5,0,1,0,14.255,0
2021-04-27 03:00:00,2021,4,1,3,9013.0,,51.2,0.1,1.33,425.0,137.5,17.073,0.1123,608.763,14.255,10.072,,2.571,20507.0,22.793,8.171,0.45,25688.0,1296.8,-9.0,1.1,0,1,0,30.806,1
2021-04-27 04:00:00,2021,4,1,4,9054.0,1048.3,50.8,0.0,1.2,422.0,137.0,9.491,0.0624,425.106,30.806,26.594,1.376,2.593,22178.0,21.962,7.627,0.02,25688.0,-895.6,-3.0,0.0,0,1,0,21.61,1
2021-04-27 05:00:00,2021,4,1,5,8910.0,945.2,53.1,0.0,0.79,395.0,137.7,8.421,0.0554,426.939,21.61,31.379,5.722,9.713,21079.0,20.292,7.301,0.02,25688.0,-1000.2,-27.0,7.1,0,1,0,21.358,1
2021-04-27 06:00:00,2021,4,1,6,8352.0,978.8,52.2,,1.1,386.0,132.6,8.175,0.0538,360.885,21.358,18.958,2.289,12.038,20831.0,19.953,6.552,0.28,25688.0,-38.1,-9.0,4.9,0,1,0,16.923,0
2021-04-27 07:00:00,2021,4,1,7,8708.0,1712.9,49.8,3.6,0.46,378.0,,14.916,0.0981,549.499,16.923,14.766,22.235,5.294,,21.97,6.746,0.88,25688.0,1123.1,-8.0,2.4,0,1,0,26.866,1
2021-04-27 08:00:00,2021,4,1,8,7821.0,595.0,,0.0,0.71,360.0,125.4,4.654,0.0306,700.589,26.866,14.255,18.265,14.963,20588.0,24.721,7.213,0.88,,-432.3,-18.0,-5.4,1,1,1,30.764,1
2021-04-27 09:00:00,2021,4,1,9,7224.0,607.6,50.8,0.0,0.96,423.0,124.8,4.39,0.0289,512.01,30.764,30.806,7.708,21.528,21204.0,23.048,6.824,0.87,25688.0,-1286.6,63.0,4.0,1,1,1,20.767,1
2021-04-27 10:00:00,2021,4,1,10,6458.0,1585.5,40.5,0.0,,395.0,122.0,10.24,0.0674,864.724,20.767,21.61,,9.538,21468.0,24.672,6.762,0.87,25688.0,,-28.0,-8.2,1,1,1,31.354,1
2021-04-27 11:00:00,2021,4,1,11,7709.0,634.0,40.9,0.0,0.46,368.0,126.9,,0.0322,515.262,31.354,21.358,19.913,9.072,22613.0,24.829,6.773,0.87,25688.0,-311.2,-27.0,-7.4,1,1,1,22.302,1
2021-04-27 12:00:00,2021,4,1,12,7335.0,994.5,46.5,0.0,0.56,383.0,122.9,7.295,0.048,856.544,22.302,16.923,14.064,6.551,22961.0,27.888,7.274,0.6,25688.0,15.7,15.0,0.0,1,1,1,35.275,1
2021-04-27 13:00:00,2021,4,1,13,7890.0,604.5,40.9,0.0,0.44,387.0,123.4,4.77,0.0314,297.975,35.275,26.866,22.564,4.531,23238.0,25.61,7.452,0.0,25688.0,-1108.4,4.0,-6.7,1,1,1,13.2,0
2021-04-27 14:00:00,2021,4,1,14,8089.0,,39.7,0.7,0.32,369.0,117.3,4.822,0.0317,344.413,13.2,30.764,14.124,10.166,22394.0,23.09,7.399,0.12,25688.0,1.2,-18.0,-8.1,0,1,1,15.642,0
2021-04-27 15:00:00,2021,4,1,15,7782.0,575.2,40.7,0.0,0.25,440.0,118.1,4.476,0.0294,376.333,15.642,20.767,12.691,3.541,7676.0,22.369,7.254,0.12,25688.0,-32.4,71.0,-7.9,0,1,1,16.443,0
2021-04-27 16:00:00,2021,4,1,16,7911.0,967.0,44.3,0.0,0.68,458.0,118.9,7.65,0.0503,326.767,16.443,31.354,9.075,2.773,8265.0,19.563,6.94,0.12,25688.0,-618.5,18.0,-7.1,0,1,1,14.514,0
2021-04-27 17:00:00,2021,4,1,17,7581.0,951.5,41.8,0.0,0.8,454.0,120.2,7.214,0.0475,538.411,14.514,22.302,19.094,8.159,9098.0,19.665,6.929,0.12,25688.0,317.5,-4.0,-7.6,0,1,1,22.917,1
2021-04-27 18:00:00,2021,4,1,18,8208.0,935.3,44.5,0.0,0.96,444.0,116.0,7.677,0.0505,276.731,22.917,35.275,16.875,1.587,8266.0,15.911,7.098,0.12,25688.0,-59.2,-10.0,-2.7,0,1,1,12.753,0
2021-04-27 19:00:00,2021,4,1,19,7585.0,613.6,48.1,0.0,1.29,472.0,115.1,4.654,0.0306,256.865,12.753,13.2,25.469,2.349,8803.0,15.535,7.346,0.12,25688.0,9.1,,-2.1,0,1,1,10.939,0
2021-04-27 20:00:00,2021,4,1,20,7659.0,1933.3,47.9,0.0,1.22,443.0,120.8,14.806,0.0974,675.595,10.939,15.642,17.145,,8645.0,,7.494,0.0,25688.0,1337.1,-29.0,-5.4,0,1,1,29.052,1
2021-04-27 21:00:00,2021,4,1,21,7653.0,986.5,50.9,3.3,,442.0,,7.55,0.0497,478.421,29.052,16.443,10.072,6.301,8691.0,18.455,7.111,0.55,,411.3,-1.0,1.8,0,1,1,20.557,1
2021-04-27 22:00:00,2021,4,1,22,7402.0,1894.0,49.7,5.2,0.32,453.0,119.7,14.019,0.0922,343.823,20.557,14.514,26.594,4.454,8132.0,18.418,7.183,1.42,25688.0,927.0,11.0,-2.8,0,1,1,14.289,0
2021-04-27 23:00:00,2021,4,1,23,8170.0,1001.9,50.6,1.6,0.82,469.0,,8.186,,,14.289,22.917,31.379,10.581,8251.0,17.684,6.86,1.68,25688.0,50.4,16.0,,0,1,1,18.511,1
2021-04-28 00:00:00,2021,4,2,0,7247.0,594.4,47.8,0.0,,452.0,120.6,4.308,0.0283,472.119,18.511,12.753,18.958,9.743,9179.0,18.76,6.857,1.68,25688.0,-340.9,-17.0,-1.0,0,1,1,19.21,1
2021-04-28 01:00:00,2021,4,2,1,8045.0,1019.2,49.6,0.0,0.62,491.0,120.2,8.199,0.0539,,19.21,10.939,14.766,8.994,8621.0,20.336,6.744,1.68,25688.0,405.6,,-0.4,0,1,1,20.396,1
2021-04-28 02:00:00,2021,4,2,2,7740.0,1982.9,50.8,0.0,0.2,498.0,110.9,15.349,0.101,637.69,20.396,29.052,14.255,5.904,9118.0,20.112,6.73,1.68,25688.0,49.6,7.0,0.5,0,1,1,27.712,1
2021-04-28 03:00:00,2021,4,2,3,7039.0,569.4,46.7,0.0,0.93,496.0,114.0,4.008,0.0264,431.289,27.712,20.557,30.806,1.279,9013.0,19.527,6.477,1.13,25688.0,-417.1,-2.0,-4.5,0,1,1,17.045,0
2021-04-28 04:00:00,2021,4,2,4,19786.0,1005.4,,13.8,0.71,452.0,108.9,,0.1309,61.194,17.045,14.289,21.61,1.376,9054.0,18.279,7.079,,25688.0,-888.6,-44.0,-3.1,0,0,1,6.798,0
2021-04-28 05:00:00,2021,4,2,5,19699.0,1045.5,42.6,8.3,0.98,406.0,110.9,20.595,0.1355,107.024,6.798,18.511,21.358,5.722,8910.0,17.166,7.277,3.68,25688.0,43.6,-46.0,-10.5,0,0,1,11.837,0
2021-04-28 06:00:00,2021,4,2,6,18640.0,577.2,41.9,4.5,1.8,390.0,112.6,10.759,0.0708,81.037,11.837,19.21,16.923,2.289,8352.0,15.378,7.62,4.43,25688.0,-17.2,-16.0,,0,0,1,8.481,0
2021-04-28 07:00:00,2021,4,2,7,18607.0,1071.1,39.9,20.3,1.55,446.0,113.6,19.93,0.1311,57.461,8.481,20.396,26.866,22.235,8708.0,12.979,7.925,7.82,,,,-9.9,0,0,1,6.003,0
2021-04-28 08:00:00,2021,4,2,8,19038.0,,46.6,6.3,1.95,372.0,111.2,10.755,0.0708,56.581,6.003,27.712,30.764,18.265,7821.0,9.369,7.884,8.87,25688.0,-1418.0,-74.0,2.4,0,0,1,6.048,0
2021-04-28 09:00:00,2021,4,2,9,17825.0,567.7,45.4,13.6,2.25,401.0,105.0,10.12,0.0666,60.881,6.048,17.045,20.767,7.708,7224.0,7.543,8.189,11.13,25688.0,-1.7,29.0,-5.4,0,0,1,6.093,0
2021-04-28 10:00:00,2021,4,2,10,18193.0,1876.3,43.4,,1.73,437.0,107.5,34.135,,86.014,6.093,6.798,31.354,7.457,6458.0,7.875,7.75,12.27,25688.0,870.9,36.0,2.9,0,0,1,8.786,0
2021-04-28 11:00:00,2021,4,2,11,18754.0,878.4,,15.7,1.82,414.0,108.2,16.473,0.1084,58.682,8.786,11.837,22.302,19.913,7709.0,6.932,7.881,13.5,25688.0,-167.1,-23.0,3.5,0,0,1,6.179,0
2021-04-28 12:00:00,2021,4,2,12,18573.0,978.2,40.6,10.6,2.39,406.0,111.0,18.167,0.1195,71.203,6.179,8.481,35.275,14.064,7335.0,6.756,6.797,14.52,25688.0,401.0,-8.0,-5.9,0,0,1,7.425,0
2021-04-28 13:00:00,2021,4,2,13,18251.0,955.4,48.8,15.4,2.2,378.0,114.1,17.436,0.1147,67.755,7.425,6.003,13.2,22.564,7890.0,6.912,6.955,13.7,25688.0,-115.7,-28.0,7.9,0,0,1,6.943,0
2021-04-28 14:00:00,2021,4,2,14,18284.0,1833.3,46.4,21.5,1.71,401.0,111.3,33.521,0.2205,66.211,6.943,6.048,15.642,14.124,8089.0,7.037,7.094,16.23,25688.0,1268.4,,6.7,0,0,1,6.797,0
2021-04-28 15:00:00,2021,4,2,15,,895.3,47.2,6.9,2.27,392.0,114.0,17.21,0.1132,98.403,6.797,6.093,16.443,12.691,7782.0,7.792,7.091,15.12,,327.6,-9.0,6.5,0,0,1,10.62,0
2021-04-28 16:00:00,2021,4,2,16,18594.0,948.1,40.4,6.3,1.34,382.0,112.2,17.628,0.116,114.045,10.62,,14.514,9.075,7911.0,8.312,7.093,12.73,25265.0,-928.2,-10.0,-3.9,0,0,1,11.906,0
2021-04-28 17:00:00,2021,4,2,17,18488.0,552.5,45.1,8.3,1.92,427.0,117.7,10.214,0.0672,57.86,11.906,6.179,22.917,19.094,7581.0,8.283,6.925,11.5,,-325.9,45.0,3.3,0,0,1,6.006,0
2021-04-28 18:00:00,2021,4,2,18,18373.0,955.4,44.8,18.4,1.67,413.0,120.0,17.554,0.1155,64.135,6.006,7.425,12.753,16.875,8208.0,8.148,7.029,12.8,24890.0,-22.8,-14.0,0.3,0,0,1,6.616,0
2021-04-28 19:00:00,2021,4,2,19,18984.0,1044.2,38.9,17.2,1.84,418.0,122.5,19.824,0.1304,,6.616,6.943,10.939,25.469,7585.0,8.094,7.119,13.1,24890.0,88.8,5.0,-9.2,0,0,1,6.618,0
2021-04-28 20:00:00,2021,4,2,20,20819.0,1128.7,43.1,15.4,1.8,406.0,,23.498,0.1546,59.979,6.618,6.797,29.052,17.145,7659.0,8.129,6.196,12.08,24534.0,-704.6,-12.0,-4.8,0,0,1,7.011,0
2021-04-28 21:00:00,2021,4,2,21,19744.0,1095.8,45.0,18.1,2.14,434.0,130.6,21.636,0.1423,70.119,7.011,10.62,20.557,10.072,7653.0,7.655,5.896,13.95,24534.0,,28.0,-5.9,0,0,1,7.773,0
2021-04-28 22:00:00,2021,4,2,22,21494.0,637.7,45.0,7.6,2.56,409.0,127.0,13.706,,,7.773,11.906,14.289,26.594,7402.0,7.117,5.855,14.17,24534.0,-310.4,-25.0,-4.7,0,0,1,8.681,0
2021-04-28 23:00:00,2021,4,2,23,21135.0,1977.4,38.2,32.1,2.19,403.0,131.5,41.791,0.2749,67.358,8.681,6.006,,31.379,8170.0,7.449,5.61,,24534.0,1424.9,-6.0,-12.4,0,0,1,7.993,0
2021-04-29 00:00:00,2021,4,3,0,,2000.9,39.4,27.6,1.86,,129.5,41.182,0.2709,70.063,7.993,6.616,19.21,18.958,7247.0,7.695,5.261,19.67,24534.0,1045.5,-19.0,-8.4,0,0,1,8.096,0
2021-04-29 01:00:00,2021,4,3,1,21544.0,1113.6,39.9,2.6,1.57,380.0,129.0,23.991,,181.216,8.096,,20.396,14.766,8045.0,10.246,5.405,17.23,24534.0,69.4,-4.0,-9.7,0,0,1,21.92,1
2021-04-29 02:00:00,2021,4,3,2,20754.0,1122.1,41.6,26.4,2.0,427.0,135.5,23.288,,61.875,21.92,7.011,27.712,14.255,7740.0,10.279,3.79,19.07,24534.0,-6.6,47.0,-9.2,0,0,1,7.21,0
2021-04-29 03:00:00,2021,4,3,3,21300.0,1093.5,35.3,16.6,2.06,415.0,134.2,23.292,0.1532,57.538,,7.773,17.045,30.806,7039.0,10.13,3.361,18.82,24534.0,-2.3,,,0,0,1,6.881,0
2021-04-29 04:00:00,2021,4,3,4,21139.0,1071.5,42.9,11.2,2.75,426.0,131.9,22.65,0.149,96.742,6.881,,6.798,21.61,19786.0,10.597,3.407,19.42,24534.0,433.8,11.0,-4.8,0,0,1,11.482,0
2021-04-29 05:00:00,2021,4,3,5,21372.0,1084.7,45.7,13.4,2.11,427.0,125.2,23.182,0.1525,72.686,11.482,7.993,11.837,21.358,19699.0,,3.332,16.3,24534.0,-892.7,1.0,3.1,0,0,1,8.722,0
2021-04-29 06:00:00,2021,4,3,6,,1079.6,37.9,15.0,1.68,379.0,132.1,23.586,0.1552,57.312,8.722,8.096,8.481,16.923,18640.0,10.541,3.343,14.2,24534.0,-921.3,-48.0,-4.0,0,0,1,7.03,0
2021-04-29 07:00:00,2021,4,3,7,21914.0,571.9,38.6,10.3,1.75,387.0,129.7,12.532,0.0824,51.277,7.03,21.92,6.003,26.866,18607.0,7.939,,15.48,24534.0,-541.7,,-1.3,0,0,1,6.309,0
2021-04-29 08:00:00,2021,4,3,8,21914.0,558.7,34.3,12.7,,387.0,129.7,12.243,0.0805,47.644,6.309,7.21,6.048,30.764,19038.0,7.714,3.34,13.2,24534.0,-563.4,0.0,-12.3,0,0,1,5.862,0
2021-04-29 09:00:00,2021,4,3,9,21748.0,1146.7,36.7,20.6,1.95,373.0,125.9,24.939,0.1641,44.42,5.862,6.881,6.093,20.767,17825.0,7.471,,13.87,24534.0,53.2,-14.0,-8.7,0,0,1,5.424,0
2021-04-29 10:00:00,2021,4,3,10,22578.0,1171.7,39.8,21.5,1.8,382.0,117.7,26.456,0.1741,51.623,5.424,11.482,8.786,31.354,18193.0,6.648,3.377,15.58,24534.0,100.2,9.0,-3.6,0,0,1,6.544,0
2021-04-29 11:00:00,2021,4,3,11,,610.8,43.8,6.1,,392.0,119.9,13.811,0.0909,67.191,6.544,8.722,6.179,22.302,18754.0,6.616,3.351,14.37,24534.0,-473.9,10.0,-0.6,0,0,1,8.53,0
2021-04-29 12:00:00,2021,4,3,12,23347.0,575.6,50.9,7.8,,411.0,126.5,13.439,0.0884,50.99,8.53,7.03,7.425,35.275,18573.0,6.559,3.363,13.17,,-504.0,19.0,10.3,0,0,1,6.684,0
2021-04-29 13:00:00,2021,4,3,13,22804.0,1130.4,43.5,16.8,,418.0,127.1,25.779,0.1696,46.308,6.684,6.309,6.943,13.2,18251.0,6.495,3.386,,24534.0,558.5,7.0,-5.3,0,0,1,5.929,0
2021-04-29 14:00:00,2021,4,3,14,25782.0,1229.2,52.9,26.4,1.27,397.0,126.5,31.692,0.2085,44.005,5.929,5.862,6.797,15.642,18284.0,6.58,3.395,16.53,25782.0,670.5,-21.0,6.5,0,0,0,6.37,0
2021-04-29 15:00:00,2021,4,3,15,25784.0,1164.7,,19.4,,389.0,,30.029,0.1976,123.758,6.37,5.424,10.62,16.443,19222.0,8.662,3.911,16.33,,18.0,-8.0,6.7,1,0,0,17.916,0
2021-04-29 16:00:00,2021,4,3,16,24978.0,1196.2,57.6,14.9,1.21,390.0,126.3,,0.1966,95.3,17.916,6.544,11.906,14.514,18594.0,9.799,3.977,15.23,25784.0,24.5,1.0,17.2,1,0,0,13.365,0
2021-04-29 17:00:00,2021,4,3,17,25846.0,1931.1,53.5,36.4,0.72,359.0,130.5,49.911,0.3284,57.141,13.365,8.53,,22.917,18488.0,9.759,3.941,20.28,25846.0,1320.3,-31.0,8.4,1,0,0,8.292,0
2021-04-29 18:00:00,2021,4,3,18,26131.0,557.0,57.3,13.8,1.35,390.0,,14.556,0.0958,86.065,8.292,6.684,6.616,12.753,18373.0,,3.998,21.28,26131.0,-18.6,31.0,12.5,1,0,0,12.627,0
2021-04-29 19:00:00,2021,4,3,19,25989.0,1953.3,56.3,31.5,1.09,,127.5,50.765,0.334,180.883,12.627,5.929,6.618,10.939,18984.0,14.161,5.327,23.73,26131.0,822.9,28.0,17.4,1,0,0,26.394,1
2021-04-29 20:00:00,2021,4,3,20,26818.0,526.8,57.1,0.0,1.6,405.0,128.4,14.127,0.0929,109.197,26.394,6.37,7.011,29.052,20819.0,15.839,5.465,19.33,26818.0,-702.4,-13.0,14.0,1,0,0,16.442,0
2021-04-29 21:00:00,2021,4,3,21,27910.0,1139.3,57.7,26.4,1.48,414.0,124.8,31.797,0.2092,35.711,16.442,17.916,7.773,20.557,19744.0,13.786,5.523,20.5,27910.0,-25.4,9.0,,0,0,0,5.596,0
2021-04-29 22:00:00,2021,4,3,22,28195.0,546.2,58.4,11.8,,436.0,125.7,15.401,0.1013,33.038,,13.365,8.681,14.289,21494.0,12.43,5.604,19.98,28195.0,-650.0,22.0,,0,0,0,5.23,0
2021-04-29 23:00:00,2021,4,3,23,27133.0,560.0,53.3,11.4,0.7,438.0,127.0,15.195,0.1,37.246,5.23,8.292,7.993,18.511,21135.0,11.994,5.657,15.82,,-1371.1,2.0,15.1,0,0,0,5.674,0
2021-04-30 00:00:00,2021,4,4,0,28486.0,566.9,57.0,16.2,0.2,429.0,123.2,16.149,0.1062,29.937,5.674,12.627,8.096,19.21,20581.0,10.687,5.74,16.22,28486.0,9.9,-9.0,17.6,0,0,0,4.788,0
2021-04-30 01:00:00,2021,4,4,1,27921.0,578.6,52.2,10.5,0.2,,125.1,16.156,0.1063,33.349,4.788,26.394,21.92,20.396,21544.0,7.16,5.169,12.72,28486.0,-1374.7,4.0,12.3,0,0,0,5.228,0
2021-04-30 02:00:00,2021,4,4,2,28369.0,2247.6,55.9,38.9,0.29,484.0,118.4,63.763,0.4195,62.732,5.228,16.442,7.21,27.712,20754.0,6.085,5.16,19.2,28486.0,1720.8,51.0,14.3,0,0,0,9.992,0
2021-04-30 03:00:00,2021,4,4,3,27598.0,1000.9,55.1,15.8,0.2,507.0,118.5,27.624,0.1817,124.962,,5.596,6.881,,21300.0,8.379,5.546,17.43,28486.0,-138.4,,19.8,1,0,0,19.363,1
2021-04-30 04:00:00,2021,4,4,4,27257.0,2314.9,54.2,39.6,0.2,497.0,112.7,63.096,0.4151,127.466,19.363,5.23,11.482,6.798,21139.0,10.759,5.897,,28486.0,1768.7,-10.0,11.3,1,0,0,19.507,1
2021-04-30 05:00:00,2021,4,4,5,25833.0,1002.8,52.5,5.9,0.45,509.0,110.9,,0.1704,135.148,19.507,5.674,8.722,11.837,21372.0,13.08,6.211,21.15,28486.0,442.8,12.0,6.8,1,0,0,19.602,1
2021-04-30 06:00:00,2021,4,4,6,26672.0,1008.0,56.1,25.2,0.58,531.0,113.2,26.887,0.1769,77.775,19.602,4.788,7.03,8.481,,14.223,6.175,22.65,28486.0,441.1,22.0,18.2,1,0,0,11.647,0
2021-04-30 07:00:00,2021,4,4,7,25209.0,576.8,56.2,12.3,0.2,493.0,112.0,14.541,0.0957,120.166,11.647,5.228,6.309,6.003,21914.0,16.186,6.241,22.95,28486.0,-1.8,-38.0,17.6,1,0,0,17.008,0
2021-04-30 08:00:00,2021,4,4,8,27324.0,1025.3,55.4,12.6,0.22,499.0,111.3,28.015,0.1843,184.346,17.008,9.992,5.862,6.048,21914.0,19.235,7.062,18.57,28486.0,-1222.3,6.0,21.1,1,0,0,28.281,1
2021-04-30 09:00:00,2021,4,4,9,26665.0,1041.8,,12.0,0.55,467.0,116.6,27.779,0.1828,83.553,28.281,19.363,5.424,6.093,21748.0,18.092,6.925,17.93,28486.0,40.9,-32.0,19.4,0,0,0,12.509,0
2021-04-30 10:00:00,2021,4,4,10,25408.0,2425.0,57.5,39.6,0.86,491.0,119.5,61.614,0.4054,41.891,12.509,19.507,6.544,8.786,22578.0,15.837,6.946,,28486.0,110.1,24.0,17.7,0,0,0,5.976,0
2021-04-30 11:00:00,2021,4,4,11,25718.0,2401.4,55.0,38.5,1.35,469.0,117.9,61.76,0.4063,53.27,5.976,19.602,8.53,6.179,22611.0,13.852,6.967,23.37,28486.0,1398.6,-22.0,11.2,0,0,0,7.692,0
2021-04-30 12:00:00,2021,4,4,12,27381.0,551.0,55.7,,1.59,464.0,120.3,15.088,0.0993,60.846,7.692,11.647,,7.425,23347.0,13.47,6.897,19.98,28486.0,-457.0,-5.0,4.8,0,0,0,9.354,0
2021-04-30 13:00:00,2021,4,4,13,27144.0,1045.3,55.2,16.7,1.83,450.0,119.1,28.372,,43.051,9.354,17.008,5.929,6.943,22804.0,11.729,6.873,20.72,28486.0,468.5,-14.0,11.7,0,0,0,6.561,0
2021-04-30 14:00:00,2021,4,4,14,27331.0,1107.7,59.8,18.4,1.75,453.0,120.7,,0.1992,39.002,6.561,28.281,6.37,6.797,25782.0,8.013,6.888,21.68,28486.0,82.4,3.0,6.9,0,0,0,5.985,0
2021-04-30 15:00:00,2021,4,4,15,25884.0,1099.9,54.3,16.0,1.55,422.0,119.5,28.469,0.1873,53.032,5.985,12.509,17.916,10.62,25784.0,7.212,6.84,22.35,28486.0,58.1,,0.4,0,0,0,7.707,0
2021-04-30 16:00:00,2021,4,4,16,25243.0,578.7,56.7,15.8,1.32,476.0,121.3,14.608,0.0961,35.123,7.707,5.976,13.365,11.906,24978.0,7.046,6.974,18.38,28486.0,-1846.3,54.0,-0.9,0,0,0,4.978,0
2021-04-30 17:00:00,2021,4,4,17,25056.0,1116.6,52.6,27.9,,448.0,124.9,27.977,0.1841,30.424,4.978,7.692,8.292,6.006,25846.0,6.477,7.101,16.62,28486.0,-1284.8,-28.0,-0.9,0,0,0,4.28,0
2021-04-30 18:00:00,2021,4,4,18,22886.0,1136.4,55.5,21.8,1.29,456.0,128.1,26.007,0.1711,41.698,4.28,9.354,12.627,6.616,26131.0,5.811,7.199,19.43,28486.0,585.4,8.0,-1.8,0,0,0,5.358,0
2021-04-30 19:00:00,2021,4,4,19,22781.0,527.6,55.8,4.7,1.54,436.0,128.4,12.019,0.0791,65.963,5.358,6.561,26.394,6.618,25989.0,6.124,6.426,17.43,28486.0,-517.7,-20.0,-0.5,1,0,0,8.437,0
2021-04-30 20:00:00,2021,4,4,20,21731.0,1181.5,56.6,12.2,2.11,475.0,127.1,25.676,0.1689,88.583,8.437,5.985,,7.011,26818.0,6.928,6.293,16.4,28486.0,73.8,39.0,-0.5,1,0,0,10.808,0
2021-04-30 21:00:00,2021,4,4,21,20460.0,564.5,57.7,7.4,2.07,470.0,123.2,11.549,0.076,115.578,10.808,7.707,5.596,7.773,27910.0,,6.252,14.97,28486.0,-535.4,-5.0,0.0,1,0,0,13.277,0
2021-04-30 22:00:00,2021,4,4,22,20773.0,2323.6,57.1,22.4,2.03,512.0,,48.269,0.3176,176.753,13.277,4.978,5.23,8.681,28195.0,10.462,6.484,16.07,28486.0,1744.9,42.0,-1.3,1,0,0,20.615,1
2021-04-30 23:00:00,2021,4,4,23,19428.0,541.6,56.2,,1.86,470.0,126.4,10.522,0.0692,139.576,,4.28,5.674,7.993,27133.0,12.287,6.435,13.28,28486.0,-575.0,-42.0,2.9,1,0,0,15.225,0
2021-05-01 00:00:00,2021,5,5,0,19585.0,513.6,58.3,0.0,1.97,462.0,126.6,10.058,0.0662,145.069,15.225,5.358,4.788,8.096,28486.0,14.052,6.337,9.65,28486.0,-622.8,,1.3,1,0,0,15.952,0
2021-05-01 01:00:00,2021,5,5,1,7184.0,529.7,53.2,0.0,2.09,475.0,125.0,3.806,0.025,572.627,15.952,8.437,5.228,21.92,27921.0,16.496,6.566,8.87,28486.0,2.1,13.0,1.0,1,1,0,23.097,1
2021-05-01 02:00:00,2021,5,5,2,6943.0,2382.5,55.1,,2.15,470.0,121.1,16.541,0.1088,861.499,23.097,10.808,9.992,7.21,28369.0,20.292,7.802,7.48,28486.0,1201.0,-5.0,-0.8,1,1,0,33.583,1
2021-05-01 03:00:00,2021,5,5,3,7076.0,1124.1,54.5,6.5,2.79,485.0,,7.954,0.0523,411.087,33.583,13.277,19.363,6.881,27598.0,20.801,7.73,7.33,28486.0,559.6,,-0.6,1,1,0,16.332,0
2021-05-01 04:00:00,2021,5,5,4,7815.0,528.3,51.6,,2.84,451.0,120.6,4.129,0.0272,654.064,16.332,20.615,19.507,11.482,,22.148,8.251,3.6,28486.0,-1795.3,-34.0,-2.6,1,1,0,28.699,1
2021-05-01 05:00:00,2021,5,5,5,7764.0,503.7,52.2,0.0,2.61,424.0,119.6,3.91,0.0257,565.545,28.699,15.225,19.602,8.722,25833.0,23.719,8.465,1.73,28486.0,-37.9,-27.0,-0.3,1,1,0,24.653,1
2021-05-01 06:00:00,2021,5,5,6,7245.0,1063.1,52.8,0.0,2.56,403.0,123.3,7.702,0.0507,,24.653,15.952,11.647,7.03,26672.0,25.511,,1.73,28486.0,549.5,,-3.3,1,1,0,26.705,1
2021-05-01 07:00:00,2021,5,5,7,7457.0,1065.1,54.3,0.0,2.21,475.0,123.3,7.942,0.0523,479.078,26.705,23.097,17.008,6.309,,25.005,8.883,1.73,28486.0,535.4,72.0,-1.9,0,1,0,20.058,1
2021-05-01 08:00:00,2021,5,5,8,,488.9,51.5,0.0,2.49,467.0,123.8,3.455,0.0227,227.89,20.058,33.583,28.281,5.862,27324.0,20.915,8.476,,28486.0,-1893.6,,-3.9,0,1,0,9.041,0
2021-05-01 09:00:00,2021,5,5,9,7900.0,2277.4,58.5,0.0,2.77,462.0,118.6,17.991,0.1184,796.231,9.041,16.332,12.509,5.424,26665.0,24.079,9.512,,28486.0,1153.3,-5.0,2.4,0,1,0,35.317,1
2021-05-01 10:00:00,2021,5,5,10,7556.0,469.8,55.3,0.0,2.19,464.0,119.5,3.55,0.0234,552.968,35.317,,5.976,6.544,25408.0,23.206,9.462,0.0,28486.0,-58.5,2.0,-2.2,1,1,0,23.459,1
2021-05-01 11:00:00,2021,5,5,11,7378.0,1076.2,54.4,0.0,2.3,460.0,122.7,7.94,0.0522,901.015,23.459,24.653,7.692,8.53,25718.0,,10.268,,28486.0,572.5,-4.0,-0.6,1,1,0,37.324,1
2021-05-01 12:00:00,2021,5,5,12,7029.0,453.7,55.9,0.0,2.58,493.0,121.6,3.189,0.021,443.736,37.324,26.705,9.354,6.684,27381.0,23.785,10.14,0.0,28486.0,-609.4,33.0,0.2,1,1,0,17.512,0
2021-05-01 13:00:00,2021,5,5,13,7184.0,1005.5,51.4,0.0,2.06,454.0,121.7,7.223,0.0475,580.114,,20.058,6.561,5.929,27144.0,24.342,9.946,0.0,28486.0,-59.6,-39.0,-3.8,1,1,0,23.399,1
2021-05-01 14:00:00,2021,5,5,14,7204.0,,55.4,0.0,2.46,479.0,122.8,7.117,0.0468,700.934,,,5.985,6.37,27331.0,27.56,9.819,0.0,28486.0,499.2,25.0,-4.4,1,1,0,28.351,1
2021-05-01 15:00:00,2021,5,5,15,6983.0,,51.9,0.0,2.37,472.0,123.5,6.66,0.0438,491.626,28.351,35.317,7.707,17.916,25884.0,24.887,9.524,0.0,28486.0,-1323.6,-7.0,-2.4,1,1,0,19.275,1
2021-05-01 16:00:00,2021,5,5,16,19711.0,924.0,54.9,7.9,2.01,479.0,119.8,18.213,0.1198,90.73,19.275,23.459,4.978,13.365,25243.0,22.65,9.243,1.32,28486.0,454.2,,-1.8,0,0,0,10.041,0
2021-05-01 17:00:00,2021,5,5,17,20596.0,2132.0,51.7,25.2,2.46,439.0,121.1,43.912,0.2889,82.758,,37.324,4.28,8.292,25056.0,18.025,8.918,5.52,28486.0,1055.8,-40.0,-0.9,0,0,0,9.57,0
2021-05-01 18:00:00,2021,5,5,18,21183.0,2113.3,52.0,23.9,2.65,433.0,123.4,44.766,0.2945,96.381,9.57,17.512,5.358,12.627,22886.0,17.016,8.567,9.5,28486.0,1659.6,-6.0,-3.5,0,0,0,11.463,0
2021-05-01 19:00:00,2021,5,5,19,19897.0,905.9,55.2,9.9,2.42,460.0,122.8,18.025,0.1186,61.416,11.463,23.399,8.437,,22781.0,14.26,8.666,11.15,28486.0,-99.6,,-0.6,0,0,0,6.861,0
2021-05-01 20:00:00,2021,5,5,20,20855.0,910.9,52.0,14.3,2.57,474.0,122.6,18.997,0.125,48.509,6.861,28.351,10.808,16.442,21731.0,10.482,8.961,13.53,28486.0,-77.2,14.0,-4.6,0,0,0,5.68,0
2021-05-01 21:00:00,2021,5,5,21,19890.0,2003.5,50.6,29.9,2.2,470.0,113.0,39.85,0.2622,110.24,5.68,19.275,13.277,5.596,20460.0,9.321,,18.52,28486.0,1049.7,-4.0,-7.1,1,0,0,12.311,0
2021-05-01 22:00:00,2021,5,5,22,18652.0,403.7,54.8,1.1,2.41,448.0,114.6,7.529,0.0495,196.432,12.311,10.041,20.615,5.23,20773.0,11.076,8.994,17.38,28486.0,-520.3,-22.0,-2.3,1,0,0,20.571,1
2021-05-01 23:00:00,2021,5,5,23,19835.0,,51.6,11.3,3.01,427.0,110.4,,,131.998,20.571,9.57,15.225,5.674,19428.0,,9.006,15.07,,-1704.9,,-4.6,1,0,0,14.7,0
2021-05-02 00:00:00,2021,5,6,0,19108.0,404.2,54.3,,3.18,454.0,116.5,7.723,0.0508,57.996,14.7,11.463,15.952,,19585.0,11.058,9.395,12.82,28486.0,-1709.1,27.0,-4.0,1,0,0,6.222,0
2021-05-02 01:00:00,2021,5,6,1,19338.0,1920.0,51.3,35.0,3.48,456.0,114.7,37.129,0.2443,96.809,6.222,6.861,23.097,5.228,7184.0,11.666,9.527,17.0,28486.0,1014.1,2.0,-1.9,1,0,0,10.511,0
2021-05-02 02:00:00,2021,5,6,2,19175.0,411.7,49.7,9.2,3.52,436.0,111.5,7.895,0.0519,80.067,10.511,5.68,33.583,9.992,,12.156,9.202,16.15,28486.0,-499.2,-20.0,-5.4,1,0,0,8.62,0
2021-05-02 03:00:00,2021,5,6,3,19692.0,415.3,53.4,9.9,3.14,459.0,121.0,8.179,0.0538,55.209,8.62,12.311,16.332,19.363,7076.0,11.121,9.504,12.82,28486.0,-1588.2,23.0,-1.1,0,0,0,6.104,0
2021-05-02 04:00:00,2021,5,6,4,20841.0,904.2,53.2,13.6,3.67,466.0,124.4,18.843,0.124,103.296,6.104,20.571,28.699,19.507,7815.0,9.707,9.243,14.9,28486.0,500.5,7.0,,1,0,0,12.087,0
2021-05-02 05:00:00,2021,5,6,5,19320.0,363.0,48.8,7.6,2.93,442.0,120.9,7.013,0.0461,154.12,12.087,14.7,24.653,19.602,7764.0,10.044,9.085,14.28,28486.0,-64.1,-24.0,-3.4,1,0,0,16.718,0
2021-05-02 06:00:00,2021,5,6,6,19426.0,312.6,51.5,0.0,3.53,438.0,119.9,6.072,0.0399,172.267,16.718,6.222,26.705,11.647,7245.0,12.138,8.832,12.55,28486.0,-91.6,-4.0,-1.3,1,0,0,18.789,1
2021-05-02 07:00:00,2021,5,6,7,19871.0,936.1,52.2,10.0,3.39,441.0,120.8,18.601,,163.291,18.789,10.511,20.058,17.008,7457.0,13.423,8.803,8.38,28486.0,-983.9,3.0,-2.1,1,0,0,18.218,1
2021-05-02 08:00:00,2021,5,6,8,20786.0,352.2,51.1,10.1,4.14,417.0,114.1,7.321,0.0482,100.133,18.218,8.62,9.041,28.281,7066.0,,8.73,8.53,28486.0,-59.5,-24.0,-0.4,1,0,0,11.686,0
2021-05-02 09:00:00,2021,5,6,9,21344.0,1878.0,50.6,34.3,4.59,436.0,120.9,40.083,0.2637,122.507,11.686,6.104,35.317,12.509,7900.0,15.363,7.703,12.6,28486.0,1462.7,19.0,-7.9,1,0,0,14.681,0
2021-05-02 10:00:00,2021,5,6,10,19197.0,295.3,50.9,7.3,3.89,451.0,116.8,5.67,0.0373,85.904,14.681,12.087,23.459,5.976,7556.0,14.892,7.584,11.55,28486.0,-608.9,15.0,-4.4,1,0,0,9.259,0
2021-05-02 11:00:00,2021,5,6,11,,1822.8,49.8,27.1,4.38,470.0,109.8,35.648,0.2345,140.404,9.259,16.718,37.324,7.692,,14.675,5.847,14.8,28486.0,1459.8,19.0,-4.6,1,0,0,15.417,0
2021-05-02 12:00:00,2021,5,6,12,21264.0,865.7,49.2,12.3,4.8,460.0,117.2,18.408,0.1211,98.519,15.417,18.789,17.512,9.354,7029.0,13.504,5.8,16.85,28486.0,553.1,-10.0,-6.7,1,0,0,11.762,0
2021-05-02 13:00:00,2021,5,6,13,,324.7,49.3,1.9,4.25,429.0,,,0.048,187.193,,18.218,23.399,6.561,7184.0,14.406,5.818,15.5,28486.0,-611.4,-31.0,-2.1,1,0,0,23.632,1
2021-05-02 14:00:00,2021,5,6,14,23845.0,364.9,50.2,0.0,4.83,399.0,122.9,8.701,0.0572,,23.632,11.686,28.351,5.985,7204.0,15.73,,13.82,28486.0,12.7,-30.0,-5.2,1,0,0,19.631,1
2021-05-02 15:00:00,2021,5,6,15,22813.0,929.1,48.3,,4.46,447.0,123.7,21.196,0.1394,,19.631,14.681,19.275,7.707,6983.0,17.389,5.458,10.93,28486.0,-948.9,48.0,,1,0,0,24.632,1
2021-05-02 16:00:00,2021,5,6,16,23632.0,909.7,46.2,20.7,,408.0,128.2,21.498,0.1414,136.633,24.632,9.259,10.041,4.978,19711.0,18.867,5.498,13.17,28486.0,614.4,-39.0,-8.7,1,0,0,18.129,1
2021-05-02 17:00:00,2021,5,6,17,23140.0,362.1,46.1,6.0,4.41,397.0,126.3,8.379,0.0551,158.034,18.129,,9.57,4.28,20596.0,19.72,5.6,9.65,28486.0,-1460.7,-11.0,-5.6,1,0,0,20.532,1
2021-05-02 18:00:00,2021,5,6,18,23113.0,1900.0,46.2,29.3,4.31,412.0,129.4,43.913,0.2889,91.886,20.532,11.762,11.463,5.358,21183.0,19.747,5.591,12.48,28486.0,1034.3,15.0,-5.8,1,0,0,11.924,0
2021-05-02 19:00:00,2021,5,6,19,22063.0,994.7,46.0,5.9,4.03,398.0,137.4,21.947,0.1444,131.06,11.924,23.632,6.861,8.437,19897.0,18.514,5.386,13.15,28486.0,670.0,-14.0,-9.2,1,0,0,16.235,0
2021-05-02 20:00:00,2021,5,6,20,21198.0,1909.7,46.2,22.5,4.1,,130.6,40.483,0.2663,188.551,16.235,19.631,5.68,10.808,20855.0,18.982,5.278,16.9,28486.0,1544.8,15.0,-5.8,1,0,0,22.441,1
2021-05-02 21:00:00,2021,5,6,21,21324.0,,50.4,0.0,4.25,424.0,127.8,6.452,,65.274,22.441,24.632,12.311,13.277,19890.0,16.179,5.462,14.07,28486.0,-626.5,11.0,-0.2,0,0,0,7.815,0
2021-05-02 22:00:00,2021,5,6,22,21815.0,328.7,47.4,13.1,4.04,421.0,130.7,7.17,0.0472,37.418,,18.129,,20.615,18652.0,13.922,5.723,12.8,28486.0,-581.0,-3.0,-7.4,0,0,0,4.583,0
2021-05-02 23:00:00,2021,5,6,23,22253.0,967.5,48.3,5.7,4.21,357.0,129.3,21.53,0.1416,100.831,,20.532,14.7,15.225,19835.0,12.599,5.734,12.75,28486.0,605.4,-64.0,-3.3,0,0,0,12.598,0
2021-05-03 00:00:00,2021,5,0,0,23885.0,342.1,47.3,5.7,3.78,323.0,130.1,8.171,0.0538,19.239,12.598,11.924,6.222,15.952,19108.0,,5.998,8.82,28486.0,-1557.9,-34.0,-7.0,0,0,0,2.58,0
2021-05-03 01:00:00,2021,5,0,1,22040.0,380.8,49.5,0.0,3.51,339.0,131.9,8.394,0.0552,71.591,2.58,,10.511,23.097,19338.0,9.813,6.05,7.83,28486.0,-613.9,16.0,-1.8,0,0,0,8.859,0
2021-05-03 02:00:00,2021,5,0,2,22729.0,319.6,50.3,6.0,3.08,,127.1,7.265,0.0478,18.862,8.859,22.441,8.62,33.583,19175.0,6.474,6.414,5.08,28486.0,-1590.1,29.0,0.6,0,0,0,2.407,0
2021-05-03 03:00:00,2021,5,0,3,21674.0,318.1,47.9,0.0,2.49,421.0,129.9,6.894,0.0454,53.102,2.407,7.815,6.104,16.332,19692.0,6.248,6.396,5.08,28486.0,15.5,53.0,-5.5,0,0,0,6.462,0
2021-05-03 04:00:00,2021,5,0,4,22447.0,991.4,50.6,14.6,3.23,426.0,128.7,22.254,0.1464,14.528,6.462,4.583,12.087,28.699,20841.0,5.79,6.842,5.33,28486.0,662.7,5.0,-2.6,0,0,0,1.831,0
2021-05-03 05:00:00,2021,5,0,5,23122.0,344.0,53.2,8.5,3.37,410.0,130.6,7.955,0.0523,12.825,1.831,12.598,16.718,24.653,19320.0,3.967,7.202,5.8,28486.0,-623.5,-16.0,,0,0,0,1.665,0
2021-05-03 06:00:00,2021,5,0,6,23521.0,1688.7,49.2,23.3,3.02,399.0,134.8,39.719,0.2613,36.127,1.665,,18.789,26.705,19426.0,4.332,7.258,8.73,28486.0,1346.6,-11.0,-2.3,0,0,0,4.771,0
2021-05-03 07:00:00,2021,5,0,7,23382.0,347.4,52.0,9.7,2.84,417.0,132.4,8.122,0.0534,82.99,4.771,8.859,18.218,20.058,19871.0,4.672,7.145,,28486.0,-33.4,18.0,-0.2,1,0,0,10.895,0
2021-05-03 08:00:00,2021,5,0,8,,1114.6,48.4,,3.15,351.0,131.6,23.906,0.1573,51.893,10.895,2.407,11.686,9.041,20786.0,5.312,7.236,12.63,28486.0,795.0,-66.0,-2.7,1,0,0,6.249,0
2021-05-03 09:00:00,2021,5,0,9,20246.0,1128.7,50.8,12.4,3.32,367.0,133.5,22.853,0.1503,,6.249,6.462,14.681,35.317,21344.0,5.718,7.227,14.7,28486.0,810.6,16.0,0.2,1,0,0,8.9,0
2021-05-03 10:00:00,2021,5,0,10,21103.0,,51.4,10.9,,360.0,127.6,23.935,0.1575,120.109,8.9,,9.259,23.459,19197.0,7.785,7.234,,28486.0,142.8,-7.0,0.5,1,0,0,14.231,0
2021-05-03 11:00:00,2021,5,0,11,20230.0,1998.8,49.1,25.8,3.43,429.0,131.3,40.437,0.266,169.761,14.231,1.665,15.417,37.324,19557.0,,7.365,16.97,28486.0,1654.8,69.0,-0.7,1,0,0,19.282,1
2021-05-03 12:00:00,2021,5,0,12,19895.0,2192.1,53.8,32.7,3.76,,131.2,43.61,0.2869,78.96,19.282,4.771,11.762,17.512,21264.0,,7.389,,28486.0,503.4,-3.0,4.6,1,0,0,8.82,0
2021-05-03 13:00:00,2021,5,0,13,22251.0,363.8,52.7,5.2,3.27,461.0,140.9,8.095,0.0533,16.273,8.82,10.895,23.632,23.399,22485.0,9.919,7.176,17.78,28486.0,16.4,35.0,3.4,0,0,0,2.033,0
2021-05-03 14:00:00,2021,5,0,14,22276.0,1247.3,51.6,14.2,2.84,476.0,140.1,27.785,0.1828,60.398,2.033,,19.631,28.351,23845.0,10.137,6.944,16.87,,132.7,15.0,1.4,0,0,0,7.554,0
2021-05-03 15:00:00,2021,5,0,15,23050.0,2268.9,52.9,26.2,2.76,448.0,144.0,52.296,0.3441,,7.554,8.9,24.632,19.275,22813.0,10.734,6.257,19.17,28486.0,1140.2,-28.0,4.6,0,0,0,12.484,0
2021-05-03 16:00:00,2021,5,0,16,22119.0,375.1,52.5,4.0,3.11,445.0,143.0,8.296,0.0546,24.72,12.484,14.231,18.129,10.041,23632.0,8.874,,18.02,28486.0,-759.1,-3.0,6.3,0,0,0,3.07,0
2021-05-03 17:00:00,2021,5,0,17,22248.0,1169.5,49.3,21.9,2.49,433.0,145.1,26.019,0.1712,19.654,3.07,19.282,20.532,9.57,23140.0,6.069,5.764,17.37,28486.0,-829.3,-12.0,3.2,0,0,0,2.455,0
2021-05-03 18:00:00,2021,5,0,18,22666.0,415.3,48.3,10.8,,525.0,144.5,9.413,0.0619,10.71,2.455,8.82,11.924,11.463,23113.0,4.826,5.881,13.72,28486.0,-1776.8,92.0,2.1,0,0,0,1.363,0
2021-05-03 19:00:00,2021,5,0,19,23436.0,1092.5,52.8,17.6,3.31,456.0,137.3,25.605,0.1685,9.515,,2.033,16.235,6.861,22063.0,4.696,,15.78,28486.0,728.7,-69.0,6.8,0,0,0,1.252,0
2021-05-03 20:00:00,2021,5,0,20,24455.0,1058.9,52.4,22.2,3.41,508.0,142.1,,0.1704,15.302,1.252,7.554,22.441,5.68,21198.0,3.788,4.847,17.12,28486.0,,52.0,6.2,0,0,0,2.101,0
2021-05-03 21:00:00,2021,5,0,21,24517.0,1008.3,54.2,18.8,2.99,517.0,140.3,24.721,0.1626,8.667,2.101,12.484,7.815,12.311,21324.0,1.906,4.952,15.88,28486.0,-1260.6,9.0,3.8,0,0,0,1.193,0
2021-05-03 22:00:00,2021,5,0,22,25472.0,2053.4,51.1,,3.23,472.0,145.9,52.305,0.3441,25.809,1.193,3.07,4.583,20.571,21815.0,2.009,4.967,20.75,28486.0,1678.3,-45.0,3.7,0,0,0,3.691,0
2021-05-03 23:00:00,2021,5,0,23,24319.0,1058.1,52.2,16.5,3.01,454.0,151.5,25.731,0.1693,16.259,3.691,2.455,12.598,14.7,22253.0,1.97,4.828,19.85,28486.0,-111.4,-18.0,3.9,0,0,0,2.22,0
2021-05-04 00:00:00,2021,5,1,0,25127.0,1940.0,50.1,37.1,2.42,445.0,147.5,48.746,,13.05,2.22,1.363,2.58,6.222,23885.0,2.05,4.851,24.23,28486.0,1524.7,-9.0,2.8,0,0,0,1.841,0
2021-05-04 01:00:00,2021,5,1,1,25134.0,1023.2,46.8,,2.15,449.0,145.3,25.718,0.1692,12.947,1.841,1.252,8.859,10.511,22040.0,2.145,4.861,,28486.0,-69.3,4.0,-2.7,0,0,0,1.827,0
2021-05-04 02:00:00,2021,5,1,2,22688.0,1037.8,49.4,17.7,2.5,471.0,145.2,23.545,0.1549,14.947,1.827,2.101,2.407,8.62,22729.0,2.113,4.875,24.45,28486.0,-21.1,22.0,-0.9,0,0,0,1.904,0
2021-05-04 03:00:00,2021,5,1,3,21643.0,1027.5,,11.7,1.95,469.0,138.9,22.238,0.1463,43.591,1.904,1.193,6.462,6.104,21674.0,2.797,4.87,23.27,28486.0,,-2.0,-1.0,0,0,0,5.297,0
2021-05-04 04:00:00,2021,5,1,4,20204.0,954.0,46.6,15.5,2.48,438.0,140.4,19.274,0.1268,27.16,5.297,3.691,1.831,12.087,22447.0,2.695,4.838,20.32,28486.0,-1099.4,-31.0,-4.0,0,0,0,3.081,0
2021-05-04 05:00:00,2021,5,1,5,21059.0,2006.6,46.8,24.1,2.51,422.0,146.7,42.257,0.278,69.2,3.081,2.22,1.665,16.718,23122.0,3.689,4.805,21.58,28486.0,948.5,-16.0,-6.4,1,0,0,8.182,0
2021-05-04 06:00:00,2021,5,1,6,21096.0,297.6,,1.6,2.48,430.0,141.8,6.279,0.0413,163.037,8.182,1.841,4.771,18.789,23521.0,6.6,5.553,15.67,28486.0,-1642.4,8.0,-3.5,1,0,0,19.311,1
2021-05-04 07:00:00,2021,5,1,7,20799.0,1955.1,47.1,25.0,2.48,453.0,140.0,40.665,0.2675,130.684,19.311,1.827,10.895,18.218,23382.0,8.839,5.78,15.93,28486.0,931.9,23.0,-4.9,1,0,0,15.261,0
2021-05-04 08:00:00,2021,5,1,8,22679.0,940.7,46.9,20.8,2.72,438.0,,21.333,0.1404,135.589,15.261,1.904,6.249,11.686,21448.0,11.399,6.19,16.45,28486.0,-97.1,-15.0,-1.5,1,0,0,17.265,0
2021-05-04 09:00:00,2021,5,1,9,21662.0,932.2,47.5,15.0,3.42,446.0,141.8,20.194,0.1329,125.33,17.265,5.297,8.9,14.681,20246.0,13.057,6.412,17.0,28486.0,,8.0,-3.3,1,0,0,15.243,0
2021-05-04 10:00:00,2021,5,1,10,21401.0,932.0,44.4,12.1,3.02,443.0,140.2,19.945,0.1312,99.245,15.243,3.081,14.231,9.259,21103.0,14.531,6.318,16.43,28486.0,-22.0,,-7.0,1,0,0,11.925,0
2021-05-04 11:00:00,2021,5,1,11,22011.0,951.3,46.4,15.0,3.17,398.0,140.7,20.938,0.1377,25.732,11.925,8.182,19.282,15.417,20230.0,13.698,5.793,14.92,28486.0,-1055.3,-45.0,-2.7,0,0,0,3.18,0
2021-05-04 12:00:00,2021,5,1,12,21407.0,937.4,46.8,12.7,3.03,433.0,141.5,20.066,0.132,30.959,3.18,19.311,8.82,11.762,19895.0,11.099,5.792,16.77,28486.0,639.8,35.0,-7.0,0,0,0,3.721,0
2021-05-04 13:00:00,2021,5,1,13,21386.0,949.9,47.8,10.4,3.92,430.0,139.6,20.314,0.1336,58.956,3.721,15.261,2.033,23.632,22251.0,9.736,5.728,14.33,28486.0,-1005.2,-3.0,-4.9,0,0,0,7.079,0
2021-05-04 14:00:00,2021,5,1,14,20207.0,367.3,46.4,8.6,3.7,420.0,137.1,7.421,0.0488,26.372,7.079,17.265,7.554,19.631,22276.0,7.357,5.762,12.3,28486.0,-573.4,,-5.2,0,0,0,2.992,0
2021-05-04 15:00:00,2021,5,1,15,21307.0,,45.5,7.3,3.61,449.0,137.5,20.018,0.1317,88.757,2.992,15.243,12.484,24.632,23050.0,6.586,5.685,11.02,28486.0,7.3,29.0,-7.4,0,0,0,10.618,0
2021-05-04 16:00:00,2021,5,1,16,,930.8,,12.5,3.31,443.0,138.5,19.3,0.127,41.564,10.618,,3.07,18.129,22119.0,5.405,5.655,11.08,28486.0,,-6.0,-7.9,0,0,0,4.839,0
2021-05-04 17:00:00,2021,5,1,17,22448.0,994.3,45.7,8.2,3.53,484.0,137.1,22.322,0.1469,94.79,4.839,3.18,2.455,,22248.0,6.866,5.717,9.95,,43.0,41.0,-3.6,0,0,0,11.947,0
2021-05-04 18:00:00,2021,5,1,18,22192.0,984.8,45.0,3.4,3.73,476.0,137.5,21.855,,138.605,11.947,,1.363,,22666.0,9.124,6.003,8.4,28486.0,,-8.0,-3.3,0,0,0,17.27,0
2021-05-04 19:00:00,2021,5,1,19,23958.0,391.1,49.4,11.9,3.69,415.0,133.8,9.369,0.0616,31.774,17.27,7.079,1.252,16.235,23436.0,8.657,5.904,8.65,28486.0,-558.8,-61.0,-3.4,0,0,0,4.274,0
2021-05-04 20:00:00,2021,5,1,20,22685.0,1037.5,48.2,9.4,2.79,426.0,134.5,23.537,0.1549,92.041,4.274,2.992,2.101,22.441,24455.0,10.112,5.859,,28486.0,670.2,11.0,-4.2,0,0,0,11.723,0
2021-05-04 21:00:00,2021,5,1,21,22898.0,1070.5,46.5,17.4,2.75,392.0,132.2,24.514,0.1613,116.379,11.723,10.618,1.193,7.815,24517.0,10.836,5.863,10.47,28486.0,131.0,-34.0,-7.7,1,0,0,14.962,0
2021-05-04 22:00:00,2021,5,1,22,22473.0,1106.6,45.7,17.6,3.11,386.0,130.8,24.868,0.1636,49.558,14.962,4.839,3.691,4.583,25472.0,11.072,5.798,11.32,28486.0,175.8,-6.0,-5.4,1,0,0,6.253,0
2021-05-04 23:00:00,2021,5,1,23,,1081.3,47.0,18.1,3.29,349.0,128.6,25.221,0.1659,168.433,6.253,11.947,2.22,,24319.0,12.757,6.27,12.97,28486.0,87.0,-37.0,-5.2,1,0,0,22.058,1
2021-05-05 00:00:00,2021,5,2,0,22552.0,1091.1,,14.5,3.82,390.0,,24.607,0.1619,80.58,22.058,17.27,1.841,2.58,25127.0,11.579,6.069,14.82,28486.0,106.3,41.0,-1.5,1,0,0,10.203,0
2021-05-05 01:00:00,2021,5,2,1,22478.0,1158.7,48.4,16.2,3.32,375.0,127.1,26.045,0.1714,100.099,,4.274,1.827,8.859,25134.0,12.972,5.865,15.53,28486.0,767.6,-15.0,1.6,1,0,0,12.633,0
2021-05-05 02:00:00,2021,5,2,2,22335.0,341.0,49.2,7.3,3.66,,128.5,7.617,0.0501,61.347,12.633,11.723,1.904,2.407,,12.3,5.63,15.18,28486.0,-696.5,13.0,-0.2,1,0,0,7.693,0
2021-05-05 03:00:00,2021,5,2,3,,411.8,46.7,9.9,3.41,377.0,136.4,9.021,0.0594,42.104,7.693,14.962,5.297,6.462,21643.0,10.67,5.634,13.93,28486.0,-658.7,-11.0,-0.2,0,0,0,5.179,0
2021-05-05 04:00:00,2021,5,2,4,23922.0,1143.3,47.0,15.3,3.86,365.0,133.7,27.35,0.1799,,,6.253,3.081,1.831,20204.0,11.016,5.441,13.55,28486.0,36.7,-12.0,0.4,0,0,0,8.329,0
2021-05-05 05:00:00,2021,5,2,5,23828.0,338.4,48.1,9.7,3.12,381.0,134.9,8.063,0.053,41.268,8.329,22.058,8.182,1.665,21059.0,8.26,5.517,,28486.0,-742.9,16.0,1.3,0,0,0,5.521,0
2021-05-05 06:00:00,2021,5,2,6,24471.0,370.5,,6.6,3.52,367.0,137.5,9.066,0.0596,41.29,5.521,,19.311,4.771,21096.0,7.505,5.255,10.83,28486.0,-720.6,-14.0,3.6,0,0,0,5.673,0
2021-05-05 07:00:00,2021,5,2,7,24476.0,397.9,46.2,9.3,2.89,355.0,136.1,9.739,0.0641,,5.673,12.633,15.261,10.895,20799.0,6.163,5.227,9.68,28486.0,-760.8,-12.0,-0.9,0,0,0,4.581,0
2021-05-05 08:00:00,2021,5,2,8,,374.4,47.2,0.0,3.05,369.0,138.8,8.992,0.0592,79.361,4.581,7.693,17.265,6.249,22679.0,6.664,4.961,8.47,28486.0,33.4,14.0,0.3,0,0,0,10.701,0
2021-05-05 09:00:00,2021,5,2,9,23571.0,2282.8,46.0,30.0,3.11,375.0,139.6,53.808,0.354,91.483,10.701,5.179,15.243,8.9,21662.0,7.819,4.832,11.82,28486.0,1871.0,6.0,-1.5,0,0,0,12.107,0
2021-05-05 10:00:00,2021,5,2,10,22947.0,373.7,48.8,,3.53,414.0,135.6,8.575,0.0564,39.631,12.107,8.329,11.925,14.231,21401.0,7.281,4.852,10.08,28486.0,-769.6,39.0,4.4,0,0,0,5.106,0
2021-05-05 11:00:00,2021,5,2,11,23275.0,336.7,50.5,1.4,3.85,382.0,133.6,7.838,,56.344,5.106,,3.18,19.282,22011.0,7.589,4.719,8.7,28486.0,-1.7,-32.0,4.1,0,0,0,7.363,0
2021-05-05 12:00:00,2021,5,2,12,24002.0,2443.9,49.7,41.1,3.85,408.0,137.0,58.658,0.3859,38.587,7.363,5.673,3.721,8.82,21407.0,7.51,,14.45,28486.0,2073.4,26.0,2.9,0,0,0,5.2,0
2021-05-05 13:00:00,2021,5,2,13,24756.0,2368.7,49.5,40.6,3.62,366.0,133.0,58.641,0.3858,39.354,5.2,4.581,7.079,2.033,,7.658,4.697,19.67,28486.0,1970.8,-42.0,1.7,0,0,0,5.47,0
2021-05-05 14:00:00,2021,5,2,14,25124.0,,47.5,12.0,3.8,345.0,136.8,10.082,0.0663,28.172,5.47,10.701,2.992,7.554,20207.0,6.537,4.648,21.67,,26.9,-21.0,1.1,0,0,0,3.974,0
2021-05-05 15:00:00,2021,5,2,15,26097.0,2220.7,49.7,34.7,3.18,300.0,135.7,57.955,0.3813,58.932,3.974,12.107,10.618,12.484,21307.0,5.958,4.633,22.45,28486.0,-62.1,-45.0,4.2,0,0,0,8.635,0
2021-05-05 16:00:00,2021,5,2,16,26838.0,381.9,48.0,9.6,3.06,310.0,137.0,10.248,0.0674,26.187,8.635,5.106,4.839,3.07,20736.0,5.765,4.67,23.23,28486.0,8.2,10.0,3.4,0,0,0,3.946,0
2021-05-05 17:00:00,2021,5,2,17,26813.0,1118.6,48.7,19.7,2.39,,135.4,29.993,0.1973,29.201,3.946,7.363,11.947,2.455,22448.0,5.27,4.702,26.28,28486.0,781.9,11.0,3.0,0,0,0,4.396,0
2021-05-05 18:00:00,2021,5,2,18,29120.0,385.7,51.3,,2.88,316.0,134.2,11.232,0.0739,58.974,4.396,5.2,17.27,1.363,22192.0,6.01,4.324,19.75,29120.0,-2058.2,-5.0,6.3,0,0,0,9.642,0
2021-05-05 19:00:00,2021,5,2,19,,1079.8,,26.3,2.95,266.0,133.1,30.732,0.2022,27.616,9.642,5.47,4.274,1.252,23958.0,,4.318,17.37,29120.0,-1288.9,-50.0,1.7,0,0,0,4.413,0
2021-05-05 20:00:00,2021,5,2,20,27938.0,432.5,53.3,9.8,3.32,293.0,128.8,12.082,0.0795,21.337,,3.974,11.723,2.101,22685.0,5.73,4.356,17.0,29120.0,31.2,27.0,,0,0,0,3.347,0
2021-05-05 21:00:00,2021,5,2,21,27051.0,998.6,52.8,17.8,3.37,289.0,131.2,27.013,0.1777,29.122,3.347,8.635,14.962,1.193,22898.0,5.028,4.129,14.18,29120.0,,-4.0,6.3,0,0,0,4.423,0
2021-05-05 22:00:00,2021,5,2,22,28022.0,410.0,53.6,3.2,3.67,,128.4,11.49,0.0756,57.801,4.423,3.946,6.253,3.691,22473.0,5.886,4.136,13.12,29120.0,28.1,-50.0,7.9,0,0,0,9.094,0
2021-05-05 23:00:00,2021,5,2,23,29206.0,1011.6,55.8,28.3,3.61,254.0,131.8,29.545,,33.614,9.094,4.396,22.058,2.22,23325.0,6.072,2.748,14.55,29206.0,-107.0,15.0,8.8,0,0,0,5.512,0
2021-05-06 00:00:00,2021,5,3,0,27941.0,1012.0,51.5,22.4,,302.0,126.5,28.276,0.186,37.144,5.512,9.642,10.203,1.841,22552.0,5.436,2.656,17.97,29206.0,626.3,48.0,2.9,0,0,0,5.827,0
2021-05-06 01:00:00,2021,5,3,1,29426.0,382.2,48.7,6.6,3.5,256.0,128.5,11.246,0.074,33.314,5.827,,12.633,1.827,22478.0,5.618,2.332,14.68,29426.0,-697.6,,0.3,0,0,0,5.504,0
2021-05-06 02:00:00,2021,5,3,2,29438.0,1848.8,50.9,42.5,3.84,232.0,126.7,54.425,0.3581,61.9,5.504,3.347,7.693,1.904,22335.0,6.765,2.452,20.13,29438.0,1416.3,-24.0,1.7,1,0,0,10.231,0
2021-05-06 03:00:00,2021,5,3,3,30644.0,980.4,53.9,20.5,4.85,293.0,122.8,30.043,0.1977,39.203,10.231,4.423,5.179,,21908.0,7.152,2.438,20.58,30644.0,-18.2,61.0,7.2,1,0,0,6.745,0
2021-05-06 04:00:00,2021,5,3,4,29776.0,,54.3,16.5,4.68,,127.9,13.115,0.0863,101.101,6.745,9.094,8.329,3.081,23922.0,8.454,3.221,22.8,30644.0,30.4,-10.0,7.3,1,0,0,16.902,0
2021-05-06 05:00:00,2021,5,3,5,29535.0,451.1,51.4,12.8,5.34,272.0,132.6,,0.0877,93.061,16.902,5.512,5.521,8.182,23828.0,10.107,3.651,20.22,30644.0,-560.5,-11.0,3.3,1,0,0,15.432,0
2021-05-06 06:00:00,2021,5,3,6,29045.0,390.6,49.7,12.3,5.3,263.0,135.8,11.346,0.0746,168.713,15.432,5.827,5.673,19.311,,13.721,5.494,18.53,30644.0,-621.4,-9.0,0.4,1,0,0,27.513,1
2021-05-06 07:00:00,2021,5,3,7,27227.0,444.6,50.3,6.4,5.19,297.0,138.2,12.105,0.0796,47.721,27.513,5.504,4.581,15.261,24476.0,14.02,5.445,18.5,30644.0,62.4,34.0,4.1,1,0,0,7.295,0
2021-05-06 08:00:00,2021,5,3,8,27906.0,937.1,52.6,13.5,5.4,310.0,136.2,26.151,0.172,54.55,7.295,10.231,10.701,17.265,24016.0,13.739,5.421,13.67,30644.0,-911.7,13.0,5.4,0,0,0,8.547,0
2021-05-06 09:00:00,2021,5,3,9,27715.0,941.5,52.3,,6.27,296.0,138.9,26.094,0.1717,,8.547,6.745,12.107,15.243,23571.0,,5.41,16.08,,-38.9,-14.0,6.3,0,0,0,4.316,0
2021-05-06 10:00:00,2021,5,3,10,28104.0,881.3,52.5,22.8,5.49,252.0,138.1,24.769,0.163,28.918,4.316,16.902,5.106,11.925,22947.0,11.278,5.423,17.13,30644.0,440.9,-44.0,3.7,0,0,0,4.563,0
2021-05-06 11:00:00,2021,5,3,11,29839.0,821.7,48.7,12.0,5.67,234.0,136.9,24.518,0.1613,57.547,4.563,15.432,7.363,3.18,23275.0,10.312,5.434,17.0,30644.0,370.6,-18.0,-1.8,0,0,0,9.641,0
2021-05-06 12:00:00,2021,5,3,12,29330.0,838.3,54.6,9.5,5.81,251.0,136.3,24.588,0.1618,80.528,9.641,27.513,5.2,3.721,24002.0,7.937,5.506,16.53,30644.0,447.7,17.0,4.9,0,0,0,13.261,0
2021-05-06 13:00:00,2021,5,3,13,29071.0,412.3,54.9,10.6,6.0,226.0,130.7,11.985,0.0789,31.307,13.261,7.295,5.47,7.079,24756.0,7.573,5.515,,30644.0,-32.3,-25.0,5.4,0,0,0,5.11,0
2021-05-06 14:00:00,2021,5,3,14,28293.0,893.9,48.3,23.0,6.02,258.0,125.9,25.291,0.1664,37.796,5.11,8.547,3.974,2.992,25124.0,7.149,5.461,18.82,30644.0,-43.2,32.0,0.8,0,0,0,6.004,0
2021-05-06 15:00:00,2021,5,3,15,29359.0,2004.6,,42.2,5.68,236.0,127.9,58.854,0.3872,,6.004,4.316,8.635,10.618,26097.0,7.609,5.467,,30644.0,1063.1,-22.0,3.0,0,0,0,7.076,0
2021-05-06 16:00:00,2021,5,3,16,28421.0,467.0,52.9,12.1,,230.0,130.6,13.273,0.0873,43.266,7.076,4.563,3.946,4.839,26838.0,7.999,5.398,18.23,30644.0,-414.3,-6.0,4.9,0,0,0,6.904,0
2021-05-06 17:00:00,2021,5,3,17,28319.0,999.4,48.7,28.4,6.77,226.0,129.3,28.302,0.1862,35.799,6.904,,4.396,11.947,26813.0,7.341,5.362,20.97,30644.0,,-4.0,0.0,0,0,0,5.692,0
2021-05-06 18:00:00,2021,5,3,18,,1825.7,50.3,43.7,6.5,241.0,127.0,53.693,0.3532,34.46,5.692,13.261,9.642,17.27,29120.0,6.079,5.385,26.67,30644.0,987.4,15.0,-1.0,0,0,0,5.69,0
2021-05-06 19:00:00,2021,5,3,19,28931.0,929.5,53.5,14.7,6.67,267.0,124.1,26.89,0.1769,50.248,5.69,5.11,4.413,,28461.0,6.588,5.322,27.35,30644.0,517.2,26.0,2.4,0,0,0,8.162,0
2021-05-06 20:00:00,2021,5,3,20,27444.0,1868.3,51.2,30.6,6.55,270.0,,51.273,0.3373,67.65,8.162,6.004,3.347,11.723,27938.0,7.325,5.222,28.62,30644.0,974.4,3.0,-2.1,0,0,0,10.424,0
2021-05-06 21:00:00,2021,5,3,21,26615.0,442.7,51.2,8.9,6.58,231.0,132.9,,0.0775,36.96,10.424,,4.423,,27051.0,7.066,5.187,23.07,30644.0,-1561.9,-39.0,,0,0,0,5.523,0
2021-05-06 22:00:00,2021,5,3,22,26819.0,962.6,52.1,18.2,6.75,265.0,130.4,25.815,0.1698,,5.523,6.904,9.094,6.253,28022.0,,5.227,24.08,30644.0,495.6,34.0,-1.5,0,0,0,5.582,0
2021-05-06 23:00:00,2021,5,3,23,27487.0,384.2,49.7,12.4,7.52,289.0,135.0,10.559,0.0695,31.712,5.582,,5.512,22.058,29206.0,6.713,5.245,21.42,30644.0,-615.2,24.0,-6.1,0,0,0,4.894,0
2021-05-07 00:00:00,2021,5,4,0,27078.0,343.1,48.4,9.5,6.48,290.0,129.7,9.289,0.0611,31.23,4.894,5.69,5.827,10.203,27941.0,6.555,5.274,15.72,30644.0,-1482.6,1.0,-3.1,0,0,0,4.748,0
2021-05-07 01:00:00,2021,5,4,1,25883.0,2010.0,51.4,42.1,,294.0,126.2,52.025,0.3423,45.478,4.748,8.162,5.504,12.633,29426.0,6.297,5.251,20.28,30644.0,1080.5,4.0,2.7,0,0,0,6.609,0
2021-05-07 02:00:00,2021,5,4,2,26385.0,384.4,52.3,5.9,7.03,276.0,129.4,10.143,0.0667,45.572,6.609,10.424,10.231,7.693,29438.0,5.684,5.253,16.17,30644.0,-1483.9,-18.0,1.4,0,0,0,6.751,0
2021-05-07 03:00:00,2021,5,4,3,27479.0,2020.2,51.8,41.5,6.43,283.0,130.1,55.512,0.3652,44.315,6.751,5.523,6.745,5.179,30644.0,5.904,5.252,,30644.0,1577.5,7.0,-2.1,0,0,0,6.837,0
2021-05-07 04:00:00,2021,5,4,4,26337.0,819.8,53.1,14.7,7.16,253.0,123.3,21.59,0.142,41.644,6.837,5.582,16.902,8.329,29776.0,6.0,4.952,21.02,,-142.8,-30.0,-1.2,0,0,0,6.158,0
2021-05-07 05:00:00,2021,5,4,5,25446.0,1893.6,53.0,31.9,,237.0,120.7,48.184,0.317,49.038,6.158,4.894,15.432,5.521,29535.0,6.352,4.696,24.27,30644.0,1509.4,-16.0,1.6,0,0,0,7.006,0
2021-05-07 06:00:00,2021,5,4,6,25748.0,2003.2,54.7,41.2,7.23,198.0,115.9,51.578,0.3393,48.726,7.006,4.748,27.513,5.673,29045.0,6.734,2.052,29.55,30644.0,1660.1,-39.0,5.0,0,0,0,7.044,0
2021-05-07 07:00:00,2021,5,4,7,,812.2,51.2,14.5,,228.0,114.6,20.642,0.1358,36.73,7.044,6.609,7.295,4.581,27227.0,6.506,2.074,24.95,30644.0,-1197.8,30.0,0.9,0,0,0,5.241,0
2021-05-07 08:00:00,2021,5,4,8,25890.0,1906.2,52.8,40.3,7.19,202.0,119.7,49.351,0.3247,45.328,5.241,,8.547,10.701,27906.0,6.479,2.038,30.68,30644.0,1521.8,-26.0,0.2,0,0,0,6.589,0
2021-05-07 09:00:00,2021,5,4,9,24641.0,759.0,51.2,15.0,7.61,184.0,116.5,18.702,0.123,40.542,6.589,6.837,4.316,12.107,27715.0,6.274,1.99,26.27,30644.0,-1261.2,-18.0,-1.1,0,0,0,5.609,0
2021-05-07 10:00:00,2021,5,4,10,24995.0,798.2,49.6,12.6,7.43,232.0,113.1,19.95,0.1312,42.277,5.609,6.158,4.563,5.106,28104.0,6.237,1.945,,30644.0,-21.6,48.0,-2.9,0,0,0,5.933,0
2021-05-07 11:00:00,2021,5,4,11,25542.0,870.0,49.4,,7.0,,108.7,22.222,0.1462,80.554,5.933,7.006,9.641,7.363,29839.0,6.995,2.1,,30644.0,-1023.6,-25.0,0.7,0,0,0,11.552,0
2021-05-07 12:00:00,2021,5,4,12,26413.0,439.0,49.1,3.4,7.48,199.0,112.2,11.597,0.0763,56.703,11.552,7.044,13.261,5.2,29330.0,7.222,1.639,15.62,30644.0,-1564.2,-8.0,-5.5,0,0,0,8.409,0
2021-05-07 13:00:00,2021,5,4,13,26525.0,451.5,48.4,6.5,7.01,229.0,110.8,11.975,0.0788,36.461,8.409,5.241,5.11,5.47,29071.0,7.254,1.627,14.28,30644.0,-360.7,30.0,-6.5,0,0,0,5.43,0
2021-05-07 14:00:00,2021,5,4,14,26340.0,498.7,51.5,13.8,6.9,254.0,106.6,13.137,0.0864,26.946,5.43,6.589,6.004,3.974,28293.0,,1.713,9.87,30644.0,-1407.5,25.0,3.2,0,0,0,3.985,0
2021-05-07 15:00:00,2021,5,4,15,25109.0,828.5,51.9,2.5,7.22,254.0,103.5,20.804,0.1369,116.339,3.985,5.609,7.076,8.635,29359.0,8.618,2.638,7.78,30644.0,69.5,0.0,-0.8,0,0,0,16.401,0
2021-05-07 16:00:00,2021,5,4,16,24837.0,481.7,49.9,7.5,7.28,305.0,99.1,11.963,0.0787,30.9,16.401,5.933,6.904,3.946,28421.0,8.348,2.694,6.93,30644.0,-316.5,51.0,-3.0,0,0,0,4.309,0
2021-05-07 17:00:00,2021,5,4,17,26402.0,895.3,49.4,18.2,7.28,328.0,111.0,,0.1555,29.149,4.309,11.552,5.692,4.396,28319.0,7.143,2.734,8.65,30644.0,25.3,23.0,0.7,0,0,0,4.321,0
2021-05-07 18:00:00,2021,5,4,18,26023.0,886.2,46.1,11.6,6.57,315.0,110.8,23.062,,49.525,4.321,8.409,5.69,9.642,29409.0,6.947,2.725,10.02,30644.0,447.2,-13.0,-4.2,0,0,0,7.236,0
2021-05-07 19:00:00,2021,5,4,19,25223.0,966.4,46.5,,6.31,316.0,106.6,,0.1604,22.978,7.236,5.43,8.162,4.413,28931.0,6.584,2.806,11.7,30644.0,514.9,1.0,-7.0,0,0,0,3.254,0
2021-05-07 20:00:00,2021,5,4,20,24513.0,1809.0,47.6,26.4,6.53,357.0,106.4,44.345,0.2917,49.698,3.254,3.985,10.424,3.347,27444.0,,2.69,13.8,30644.0,1310.3,41.0,-3.6,0,0,0,6.84,0
2021-05-07 21:00:00,2021,5,4,21,,1822.7,,31.4,6.65,340.0,105.3,45.456,0.299,33.673,6.84,16.401,5.523,4.423,26615.0,5.112,2.708,18.62,,994.2,-17.0,-2.2,0,0,0,4.715,0
2021-05-07 22:00:00,2021,5,4,22,24159.0,1708.8,,31.1,,340.0,103.0,,,28.87,4.715,4.309,5.582,9.094,26819.0,5.047,2.753,22.55,30644.0,1227.1,0.0,-5.5,0,0,0,3.916,0
2021-05-07 23:00:00,2021,5,4,23,25001.0,921.3,45.9,15.7,6.53,351.0,111.0,,0.1515,34.402,3.916,4.321,4.894,,27487.0,5.132,2.754,22.13,30644.0,26.0,11.0,-3.8,0,0,0,4.829,0
2021-05-08 00:00:00,2021,5,5,0,24566.0,400.9,47.0,9.3,6.15,356.0,114.8,9.849,0.0648,26.92,4.829,7.236,,5.827,27078.0,4.544,2.789,21.75,30644.0,-485.3,5.0,-1.4,0,0,0,3.713,0
2021-05-08 01:00:00,2021,5,5,1,25233.0,1752.2,45.1,28.3,6.02,,112.4,44.214,,37.036,3.713,3.254,6.609,5.504,25883.0,4.877,2.798,23.7,30644.0,785.8,-44.0,-6.3,0,0,0,5.247,0
2021-05-08 02:00:00,2021,5,5,2,25921.0,391.0,48.1,8.3,5.57,347.0,118.9,10.134,0.0667,16.676,5.247,6.84,6.751,10.231,26385.0,4.141,2.905,20.68,30644.0,-1418.0,35.0,-4.2,0,0,0,2.427,0
2021-05-08 03:00:00,2021,5,5,3,25931.0,398.7,46.5,9.5,5.41,325.0,,10.338,0.068,20.242,2.427,4.715,,6.745,27479.0,3.846,2.971,17.03,30644.0,-1424.0,-22.0,-5.3,0,0,0,2.947,0
2021-05-08 04:00:00,2021,5,5,4,,384.3,47.3,9.5,5.55,289.0,113.3,9.851,0.0648,21.495,2.947,3.916,6.158,16.902,26337.0,3.71,3.028,13.43,30644.0,-1324.5,-36.0,-5.8,0,0,0,3.094,0
2021-05-08 05:00:00,2021,5,5,5,25489.0,911.5,45.4,10.1,5.19,297.0,107.8,23.232,0.1528,65.369,3.094,4.829,7.006,15.432,25446.0,4.464,3.104,12.5,30644.0,-9.8,8.0,-7.6,0,0,0,9.355,0
2021-05-08 06:00:00,2021,5,5,6,24468.0,940.7,46.3,22.1,5.21,312.0,104.3,23.018,0.1514,27.989,9.355,3.713,7.044,27.513,25748.0,4.486,3.123,14.63,30644.0,539.8,,-8.4,0,0,0,3.845,0
2021-05-08 07:00:00,2021,5,5,7,24323.0,445.9,46.3,,5.76,317.0,102.6,10.846,0.0714,62.469,3.845,5.247,5.241,7.295,25414.0,5.033,3.17,10.42,30644.0,-1306.3,5.0,-4.9,0,0,0,8.531,0
2021-05-08 08:00:00,2021,5,5,8,23890.0,898.7,47.4,12.7,5.66,308.0,104.9,21.469,0.1412,44.277,8.531,2.427,6.589,8.547,,5.618,3.166,,30644.0,507.7,-9.0,-5.4,0,0,0,5.939,0
2021-05-08 09:00:00,2021,5,5,9,23296.0,429.5,45.7,8.7,6.01,293.0,104.4,10.006,0.0658,27.348,,2.947,5.609,4.316,,5.724,3.202,11.02,30644.0,30.8,-15.0,-5.5,0,0,0,3.577,0
2021-05-08 10:00:00,2021,5,5,10,23483.0,449.5,44.7,12.2,5.84,250.0,99.7,10.555,0.0694,25.287,3.577,3.094,5.933,4.563,24995.0,5.764,3.242,11.47,30644.0,65.2,-43.0,-4.9,0,0,0,3.334,0
2021-05-08 11:00:00,2021,5,5,11,22013.0,503.0,42.6,1.1,5.89,311.0,100.4,11.071,0.0728,87.254,3.334,9.355,11.552,9.641,25542.0,6.002,3.185,9.97,30644.0,-408.5,,-6.8,0,0,0,10.784,0
2021-05-08 12:00:00,2021,5,5,12,21696.0,524.4,,2.0,5.85,330.0,101.6,11.377,0.0749,83.16,10.784,3.845,8.409,13.261,26413.0,7.049,3.267,6.62,30644.0,-416.3,19.0,-3.1,0,0,0,10.13,0
2021-05-08 13:00:00,2021,5,5,13,23203.0,886.5,42.2,14.1,5.28,296.0,103.3,,0.1353,29.737,10.13,8.531,5.43,5.11,26525.0,6.273,3.289,8.47,30644.0,440.6,-34.0,-6.2,0,0,0,3.874,0
2021-05-08 14:00:00,2021,5,5,14,22597.0,496.5,43.1,3.7,5.37,309.0,106.0,11.22,0.0738,61.069,3.874,5.939,3.985,6.004,26340.0,6.574,3.294,6.97,30644.0,-402.2,13.0,-8.4,0,0,0,7.748,0
2021-05-08 15:00:00,2021,5,5,15,24654.0,471.9,45.6,22.7,5.06,338.0,104.5,,0.0765,37.328,7.748,3.577,16.401,7.076,25109.0,6.84,2.409,9.3,,42.4,29.0,-6.3,0,0,0,5.167,0
2021-05-08 16:00:00,2021,5,5,16,24755.0,440.7,44.4,4.4,5.45,371.0,104.8,10.908,0.0718,72.761,,3.334,4.309,6.904,24837.0,7.969,2.582,8.0,30644.0,-8.8,33.0,-5.5,1,0,0,10.113,0
2021-05-08 17:00:00,2021,5,5,17,24813.0,828.4,46.2,19.2,5.74,,98.0,20.555,0.1352,29.38,10.113,10.784,4.321,5.692,26402.0,,2.587,11.02,30644.0,325.4,23.0,,1,0,0,4.093,0
2021-05-08 18:00:00,2021,5,5,18,24633.0,1886.2,48.1,35.2,5.21,347.0,98.9,46.462,0.3057,37.446,4.093,10.13,7.236,5.69,26023.0,6.029,2.565,16.55,30644.0,1361.8,-47.0,,1,0,0,5.179,0
2021-05-08 19:00:00,2021,5,5,19,24714.0,818.1,50.2,16.6,4.81,384.0,97.5,20.219,0.133,109.189,5.179,,3.254,8.162,25223.0,,3.182,16.97,30644.0,-68.4,37.0,3.7,1,0,0,15.151,0
2021-05-08 20:00:00,2021,5,5,20,24712.0,839.5,48.5,12.3,4.51,368.0,103.7,20.745,0.1365,147.779,15.151,7.748,6.84,10.424,24513.0,10.034,4.344,18.4,30644.0,343.0,-16.0,0.9,1,0,0,20.504,1
2021-05-08 21:00:00,2021,5,5,21,,1828.4,49.8,,4.32,365.0,102.6,48.694,0.3204,44.58,20.504,5.167,4.715,5.523,24939.0,10.284,4.326,20.28,30644.0,1356.5,-3.0,0.8,1,0,0,6.666,0
2021-05-08 22:00:00,2021,5,5,22,26773.0,538.4,51.7,4.5,4.2,334.0,102.5,14.413,0.0948,63.924,6.666,10.113,3.916,5.582,24159.0,10.2,4.324,20.3,30644.0,97.7,-31.0,5.1,0,0,0,9.609,0
2021-05-08 23:00:00,2021,5,5,23,26314.0,632.6,,9.8,4.32,342.0,,16.646,0.1095,38.134,9.609,4.093,4.829,4.894,25001.0,10.457,4.311,18.73,30644.0,-195.8,8.0,4.6,0,0,0,5.634,0
2021-05-09 00:00:00,2021,5,6,0,26197.0,886.5,48.6,18.9,4.08,345.0,100.9,,0.1528,27.902,5.634,5.179,3.713,4.748,24566.0,10.278,4.299,16.02,30644.0,-999.7,3.0,1.6,0,0,0,4.104,0
2021-05-09 01:00:00,2021,5,6,1,24553.0,630.0,50.1,7.0,,316.0,101.2,15.468,0.1018,,4.104,15.151,5.247,6.609,25233.0,9.01,4.284,14.42,30644.0,-188.1,-29.0,5.0,0,0,0,7.54,0
2021-05-09 02:00:00,2021,5,6,2,25242.0,966.1,47.6,19.3,4.75,360.0,100.2,24.387,,33.438,7.54,20.504,2.427,6.751,25921.0,6.382,4.201,15.58,30644.0,126.6,44.0,-0.5,0,0,0,4.739,0
2021-05-09 03:00:00,2021,5,6,3,26207.0,963.9,,16.3,4.67,350.0,101.8,25.261,0.1662,41.368,4.739,6.666,2.947,6.837,25931.0,6.286,4.112,12.63,30644.0,-864.5,-10.0,2.3,0,0,0,6.087,0
2021-05-09 04:00:00,2021,5,6,4,,623.0,52.6,3.2,5.28,394.0,100.5,15.825,0.1041,90.414,6.087,9.609,3.094,6.158,25637.0,6.833,4.164,,30644.0,84.6,44.0,5.3,0,0,0,12.894,0
2021-05-09 05:00:00,2021,5,6,5,25471.0,934.8,48.9,21.8,4.78,405.0,98.9,23.81,0.1566,34.187,12.894,5.634,9.355,7.006,25489.0,,4.186,,30644.0,302.2,11.0,3.5,0,0,0,4.889,0
2021-05-09 06:00:00,2021,5,6,6,24688.0,939.4,51.4,8.7,5.28,393.0,106.3,23.191,0.1526,89.465,4.889,4.104,3.845,7.044,24468.0,8.092,4.225,12.72,30644.0,52.9,-12.0,5.1,0,0,0,12.401,0
2021-05-09 07:00:00,2021,5,6,7,,641.1,51.1,15.5,5.34,338.0,104.7,15.112,0.0994,,12.401,7.54,8.531,5.241,24323.0,7.781,4.246,14.13,30644.0,11.1,-55.0,4.8,0,0,0,5.674,0
2021-05-09 08:00:00,2021,5,6,8,23873.0,1901.4,50.4,,5.09,389.0,102.6,45.393,0.2986,50.658,5.674,4.739,5.939,6.589,23890.0,8.123,4.234,16.9,30644.0,935.3,51.0,3.0,0,0,0,6.79,0
2021-05-09 09:00:00,2021,5,6,9,23177.0,976.5,51.3,17.2,5.52,425.0,100.3,22.633,0.1489,43.28,6.79,6.087,3.577,5.609,23296.0,8.047,4.165,17.05,30644.0,12.6,36.0,5.6,0,0,0,5.632,0
2021-05-09 10:00:00,2021,5,6,10,23102.0,595.1,48.5,15.1,5.76,438.0,105.8,13.747,0.0904,150.507,5.632,12.894,3.334,5.933,23483.0,9.151,4.679,19.03,30644.0,-27.9,13.0,3.8,1,0,0,19.522,1
2021-05-09 11:00:00,2021,5,6,11,22831.0,526.9,49.5,2.8,,418.0,101.8,12.03,0.0791,132.814,19.522,4.889,10.784,11.552,22013.0,11.174,4.973,15.87,30644.0,-407.9,-20.0,6.9,1,0,0,17.025,0
2021-05-09 12:00:00,2021,5,6,12,21927.0,610.5,47.9,7.9,5.85,419.0,98.6,13.386,0.0881,100.129,17.025,12.401,10.13,8.409,21696.0,11.162,5.019,15.73,30644.0,-328.9,1.0,1.9,1,0,0,12.327,0
2021-05-09 13:00:00,2021,5,6,13,22303.0,545.9,50.3,2.4,5.57,409.0,101.5,12.176,0.0801,142.531,12.327,,3.874,5.43,23203.0,13.191,5.218,13.55,,-95.2,-10.0,8.1,1,0,0,17.848,0
2021-05-09 14:00:00,2021,5,6,14,22921.0,582.1,49.4,6.0,6.67,453.0,105.3,13.343,0.0878,75.203,17.848,,7.748,3.985,,13.672,5.205,8.57,30644.0,-1319.3,44.0,6.3,1,0,0,9.678,0
2021-05-09 15:00:00,2021,5,6,15,21028.0,575.5,46.7,18.5,6.61,447.0,106.2,12.101,0.0796,129.651,,5.632,5.167,16.401,24654.0,15.285,5.245,8.78,30644.0,-401.0,-6.0,1.1,1,0,0,15.307,0
2021-05-09 16:00:00,2021,5,6,16,20853.0,1956.8,44.3,33.9,5.4,433.0,106.2,40.805,0.2685,159.488,15.307,19.522,10.113,,,15.143,,11.92,30644.0,1361.7,-14.0,-0.1,1,0,0,18.673,1
2021-05-09 17:00:00,2021,5,6,17,21189.0,1914.0,47.6,32.8,5.87,439.0,104.7,40.555,0.2668,86.923,18.673,17.025,4.093,4.321,24813.0,14.029,5.376,16.92,30644.0,1387.1,6.0,1.4,1,0,0,10.341,0
2021-05-09 18:00:00,2021,5,6,18,22151.0,1169.8,47.8,19.5,5.63,431.0,104.3,25.912,0.1705,54.363,10.341,12.327,5.179,7.236,24633.0,13.101,5.316,18.85,30644.0,559.3,-8.0,-0.3,1,0,0,6.761,0
2021-05-09 19:00:00,2021,5,6,19,22663.0,1125.7,52.2,15.2,5.92,390.0,111.0,25.513,0.1678,55.366,6.761,17.848,15.151,3.254,24714.0,11.301,5.276,20.98,30644.0,579.8,-41.0,2.0,0,0,0,7.045,0
2021-05-09 20:00:00,2021,5,6,20,22065.0,1156.8,50.6,13.9,6.3,382.0,106.8,25.525,0.1679,64.487,7.045,9.678,20.504,6.84,24712.0,11.019,4.825,22.3,30644.0,574.7,-8.0,2.1,0,0,0,7.989,0
2021-05-09 21:00:00,2021,5,6,21,23195.0,,50.0,10.1,5.67,449.0,106.7,27.918,0.1837,110.113,7.989,15.307,6.666,4.715,26632.0,10.858,4.862,20.9,30644.0,628.1,67.0,0.2,0,0,0,14.34,0
2021-05-09 22:00:00,2021,5,6,22,22244.0,1945.2,,30.7,6.16,377.0,105.7,43.269,0.2847,43.47,14.34,18.673,9.609,3.916,26773.0,8.651,4.955,20.37,30644.0,-11.6,-72.0,-4.6,0,0,0,5.429,0
2021-05-09 23:00:00,2021,5,6,23,23850.0,1186.1,47.3,18.4,6.44,431.0,109.1,28.289,0.1861,40.393,5.429,10.341,5.634,,26314.0,7.829,4.964,17.97,30644.0,-727.9,54.0,-3.2,0,0,0,5.409,0
2021-05-10 00:00:00,2021,5,0,0,23447.0,,48.4,14.6,6.04,470.0,105.5,26.624,0.1752,60.473,5.409,6.761,4.104,3.713,26197.0,8.029,4.828,17.15,30644.0,-34.3,39.0,-0.2,0,0,0,7.961,0
2021-05-10 01:00:00,2021,5,0,1,24348.0,2020.6,49.8,34.7,6.2,418.0,109.3,49.197,0.3237,34.125,7.961,7.045,7.54,5.247,24553.0,7.632,4.928,20.4,30644.0,894.9,-52.0,,0,0,0,4.665,0
2021-05-10 02:00:00,2021,5,0,2,24443.0,1155.8,49.2,23.0,5.48,421.0,107.6,28.251,0.1859,,4.665,7.989,4.739,2.427,25242.0,6.989,4.958,,30644.0,-1.0,3.0,1.6,0,0,0,4.129,0
2021-05-10 03:00:00,2021,5,0,3,25771.0,556.4,48.4,12.8,6.03,431.0,106.6,14.338,0.0943,30.734,4.129,14.34,6.087,2.947,26207.0,,5.025,22.37,30644.0,-647.2,10.0,-0.4,0,0,0,4.447,0
2021-05-10 04:00:00,2021,5,0,4,,558.4,52.7,7.1,5.76,451.0,105.1,14.717,0.0968,54.674,4.447,,12.894,3.094,25400.0,5.783,4.995,,30644.0,-1386.8,20.0,0.1,0,0,0,8.09,0
2021-05-10 05:00:00,2021,5,0,5,25083.0,1131.8,51.0,16.5,6.08,436.0,,28.388,0.1868,50.486,8.09,5.409,4.889,9.355,25471.0,6.067,4.922,18.12,30644.0,-54.3,-15.0,2.1,0,0,0,7.11,0
2021-05-10 06:00:00,2021,5,0,6,24558.0,480.3,51.3,8.2,5.36,430.0,101.3,11.795,0.0776,35.168,7.11,7.961,12.401,3.845,24688.0,5.548,4.988,17.05,30644.0,-655.2,-6.0,-0.1,0,0,0,4.849,0
2021-05-10 07:00:00,2021,5,0,7,,528.0,49.8,13.3,4.78,421.0,100.9,13.594,0.0894,39.866,4.849,4.665,5.674,8.531,,5.731,4.985,13.48,30644.0,-1492.6,-9.0,-1.3,0,0,0,5.763,0
2021-05-10 08:00:00,2021,5,0,8,25617.0,477.7,53.0,7.1,4.8,410.0,100.5,12.236,0.0805,47.751,5.763,4.129,6.79,5.939,23873.0,6.188,4.983,10.83,30644.0,-678.1,-11.0,2.6,0,0,0,6.868,0
2021-05-10 09:00:00,2021,5,0,9,26325.0,537.6,54.2,15.4,5.13,460.0,97.9,14.152,0.0931,37.895,6.868,4.447,5.632,3.577,23177.0,6.38,4.984,11.27,30644.0,-18.8,50.0,2.9,0,0,0,5.601,0
2021-05-10 10:00:00,2021,5,0,10,26312.0,1948.8,52.2,36.1,4.77,428.0,101.0,51.277,0.3373,45.996,5.601,8.09,19.522,3.334,23102.0,6.164,4.524,16.1,30644.0,1390.4,-32.0,3.7,0,0,0,6.795,0
2021-05-10 11:00:00,2021,5,0,11,26676.0,1205.7,53.1,18.9,4.78,436.0,97.2,32.163,0.2116,59.389,6.795,7.11,17.025,10.784,22831.0,6.462,4.183,16.5,30644.0,73.9,8.0,3.6,0,0,0,8.895,0
2021-05-10 12:00:00,2021,5,0,12,26233.0,499.9,53.2,8.2,4.96,483.0,,13.115,0.0863,46.935,8.895,4.849,12.327,10.13,21927.0,6.806,4.119,16.5,30644.0,19.6,47.0,5.3,0,0,0,6.913,0
2021-05-10 13:00:00,2021,5,0,13,25145.0,1183.2,53.3,21.0,5.46,482.0,99.9,29.75,0.1957,42.329,6.913,5.763,17.848,3.874,,6.841,3.613,17.78,30644.0,655.2,-1.0,3.0,0,0,0,5.976,0
2021-05-10 14:00:00,2021,5,0,14,24659.0,536.7,55.3,6.6,5.33,471.0,106.7,,0.0871,57.537,5.976,6.868,9.678,7.748,22921.0,7.024,3.593,17.7,30644.0,59.0,-11.0,5.9,0,0,0,7.966,0
2021-05-10 15:00:00,2021,5,0,15,24466.0,,53.4,19.8,5.34,410.0,112.3,28.469,,47.435,7.966,5.601,15.307,5.167,21028.0,7.177,3.224,18.43,30644.0,626.0,-61.0,6.7,0,0,0,6.516,0
2021-05-10 16:00:00,2021,5,0,16,25434.0,1218.6,52.5,19.0,5.5,417.0,117.1,30.993,0.2039,47.822,6.516,6.795,18.673,10.113,20853.0,,2.16,15.58,30644.0,,7.0,8.2,0,0,0,6.829,0
2021-05-10 17:00:00,2021,5,0,17,27066.0,519.3,50.3,7.9,5.83,434.0,116.7,14.057,0.0925,39.114,6.829,8.895,10.341,4.093,21189.0,6.691,2.043,13.75,30644.0,-686.4,17.0,2.7,0,0,0,5.944,0
2021-05-10 18:00:00,2021,5,0,18,27567.0,1214.2,52.3,10.4,5.93,396.0,116.4,33.471,0.2202,111.683,5.944,6.913,6.761,,22151.0,8.42,2.965,14.12,30644.0,714.3,-38.0,4.5,0,0,0,17.286,0
2021-05-10 19:00:00,2021,5,0,19,27177.0,472.9,54.0,8.7,5.97,428.0,120.9,12.852,0.0845,38.922,17.286,5.976,7.045,15.151,22663.0,8.413,2.976,12.07,30644.0,-710.3,32.0,1.8,0,0,0,5.939,0
2021-05-10 20:00:00,2021,5,0,20,28158.0,1198.2,53.5,27.7,,418.0,122.1,33.739,0.222,27.268,5.939,7.966,7.989,20.504,22065.0,7.804,3.025,15.58,30644.0,661.5,-10.0,2.9,0,0,0,4.311,0
2021-05-10 21:00:00,2021,5,0,21,27482.0,1727.2,54.1,25.7,5.42,415.0,120.0,47.467,0.3123,79.158,4.311,6.516,14.34,6.666,23195.0,8.754,2.826,16.57,30644.0,563.6,-3.0,4.1,0,0,0,12.214,0
2021-05-10 22:00:00,2021,5,0,22,,1640.6,54.4,28.7,5.63,412.0,123.8,45.26,0.2978,47.587,12.214,6.829,5.429,9.609,22244.0,8.844,2.809,18.18,30644.0,422.0,-3.0,7.3,0,0,0,7.371,0
2021-05-10 23:00:00,2021,5,0,23,26595.0,522.4,52.3,8.3,5.11,430.0,120.5,13.893,0.0914,43.29,,5.944,5.409,5.634,23850.0,8.931,2.791,18.25,30644.0,,18.0,5.0,0,0,0,6.464,0
2021-05-11 00:00:00,2021,5,1,0,25725.0,1250.7,51.8,27.7,5.71,424.0,119.6,32.175,0.2117,,6.464,17.286,7.961,4.104,23447.0,7.043,2.792,21.13,30644.0,36.5,-6.0,3.4,0,0,0,5.959,0
2021-05-11 01:00:00,2021,5,1,1,25744.0,,51.4,30.2,5.17,440.0,122.5,31.92,0.21,46.001,5.959,5.939,4.665,7.54,24348.0,7.161,2.751,24.72,30644.0,767.0,16.0,1.6,1,0,0,6.649,0
2021-05-11 02:00:00,2021,5,1,2,25973.0,1636.5,50.6,35.0,5.5,425.0,122.0,42.505,0.2796,60.489,6.649,4.311,4.129,4.739,24443.0,,2.701,25.93,30644.0,438.3,-15.0,1.4,1,0,0,8.821,0
2021-05-11 03:00:00,2021,5,1,3,25747.0,484.7,51.6,1.1,5.42,373.0,122.1,12.479,0.0821,95.069,8.821,12.214,4.447,6.087,25771.0,8.168,2.941,21.83,30644.0,-1242.5,-52.0,3.2,1,0,0,13.743,0
2021-05-11 04:00:00,2021,5,1,4,26436.0,1212.3,52.0,32.4,5.43,395.0,123.3,32.047,0.2108,78.968,13.743,7.371,8.09,12.894,26354.0,8.893,,22.45,30644.0,-428.3,22.0,-0.7,1,0,0,11.721,0
2021-05-11 05:00:00,2021,5,1,5,26564.0,521.9,51.0,5.5,5.25,383.0,121.6,13.864,0.0912,178.081,11.721,6.464,7.11,4.889,25083.0,12.242,4.898,21.98,30644.0,-0.5,-12.0,0.0,1,0,0,26.56,1
2021-05-11 06:00:00,2021,5,1,6,26841.0,440.9,50.1,10.5,,362.0,125.5,11.833,0.0778,63.304,26.56,5.959,4.849,12.401,24558.0,12.839,4.836,19.12,30644.0,-809.8,,-1.2,1,0,0,9.54,0
2021-05-11 07:00:00,2021,5,1,7,26927.0,1243.6,50.1,21.5,5.14,316.0,125.1,33.488,0.2203,119.351,9.54,6.649,5.763,5.674,25747.0,14.738,5.143,17.67,,3.7,-46.0,0.3,1,0,0,18.044,1
2021-05-11 08:00:00,2021,5,1,8,27210.0,,50.6,14.1,5.51,324.0,127.9,32.381,0.213,163.105,18.044,8.821,6.868,6.79,25617.0,17.421,6.019,14.18,30644.0,-446.4,8.0,-2.4,1,0,0,24.918,1
2021-05-11 09:00:00,2021,5,1,9,26502.0,453.5,50.5,3.6,5.5,300.0,133.2,12.018,0.0791,110.734,24.918,13.743,5.601,5.632,26325.0,17.877,6.079,14.6,30644.0,-31.2,-24.0,-3.7,1,0,0,16.477,0
2021-05-11 10:00:00,2021,5,1,10,26532.0,1763.7,49.3,27.0,4.7,309.0,132.6,46.795,0.3079,53.368,16.477,,6.795,19.522,26312.0,17.248,6.053,13.7,30644.0,551.4,9.0,-2.9,0,0,0,7.95,0
2021-05-11 11:00:00,2021,5,1,11,26786.0,1203.8,51.5,18.2,4.74,321.0,133.1,32.245,0.2121,44.73,7.95,26.56,8.895,17.025,26676.0,13.943,6.095,15.82,30644.0,681.9,12.0,-1.6,0,0,0,6.727,0
2021-05-11 12:00:00,2021,5,1,12,26744.0,1843.4,46.0,32.5,4.88,328.0,135.9,49.3,0.3243,24.055,6.727,9.54,6.913,12.327,26233.0,12.955,6.214,19.48,30644.0,1402.5,7.0,-7.2,0,0,0,3.612,0
2021-05-11 13:00:00,2021,5,1,13,26481.0,1315.5,49.5,16.1,4.02,336.0,131.0,34.836,0.2292,71.045,3.612,18.044,5.976,,25145.0,11.708,6.145,18.58,30644.0,71.9,8.0,-3.8,0,0,0,10.563,0
2021-05-11 14:00:00,2021,5,1,14,25525.0,1922.2,,32.8,5.0,285.0,129.3,49.064,0.3228,21.666,10.563,24.918,7.966,9.678,24659.0,8.072,6.31,21.7,30644.0,732.1,-51.0,-5.4,0,0,0,3.105,0
2021-05-11 15:00:00,2021,5,1,15,25311.0,1408.9,53.5,30.4,4.28,274.0,130.0,35.661,0.2346,159.524,3.105,16.477,6.516,15.307,24466.0,9.104,6.736,26.17,30644.0,955.4,,0.1,1,0,0,22.67,1
2021-05-11 16:00:00,2021,5,1,16,23944.0,,50.4,7.5,4.22,269.0,132.6,11.172,0.0735,46.952,,,6.829,18.673,25434.0,8.832,6.751,22.92,30644.0,,-5.0,-2.1,1,0,0,6.312,0
2021-05-11 17:00:00,2021,5,1,17,25391.0,517.3,50.0,8.7,4.2,289.0,139.5,13.135,0.0864,53.486,6.312,6.727,5.944,10.341,27066.0,8.981,6.705,21.33,30644.0,-686.5,20.0,-0.3,1,0,0,7.625,0
2021-05-11 18:00:00,2021,5,1,18,26065.0,2021.4,49.5,35.5,4.24,332.0,136.1,52.689,0.3466,49.493,7.625,3.612,17.286,6.761,27567.0,9.586,6.61,21.83,30644.0,178.0,43.0,-2.8,1,0,0,7.243,0
2021-05-11 19:00:00,2021,5,1,19,26284.0,498.7,55.1,6.7,4.08,302.0,136.3,13.109,0.0862,138.866,7.243,10.563,5.939,7.045,27177.0,11.241,,20.27,30644.0,,-30.0,1.1,1,0,0,20.493,1
2021-05-11 20:00:00,2021,5,1,20,28336.0,1264.5,51.8,15.9,4.07,274.0,132.9,35.83,0.2357,88.733,20.493,3.105,4.311,7.989,28158.0,13.077,6.688,,30644.0,-657.7,-28.0,-1.7,1,0,0,14.117,0
2021-05-11 21:00:00,2021,5,1,21,27265.0,1275.6,56.0,28.3,4.35,327.0,134.0,34.781,0.2288,9.635,,22.67,12.214,14.34,27482.0,9.544,6.999,,30644.0,-133.3,53.0,1.9,0,0,0,1.475,0
2021-05-11 22:00:00,2021,5,1,22,30001.0,465.8,52.7,17.8,4.29,294.0,139.5,13.976,0.0919,10.17,1.475,6.312,7.371,5.429,27588.0,8.778,7.224,18.82,30644.0,-0.8,-33.0,-1.7,0,0,0,1.713,0
2021-05-11 23:00:00,2021,5,1,23,30129.0,447.5,54.3,7.5,4.61,,139.8,13.482,0.0887,20.466,1.713,7.625,6.464,5.409,26595.0,8.084,,18.62,30644.0,-69.8,29.0,2.0,0,0,0,3.462,0
2021-05-12 00:00:00,2021,5,2,0,29850.0,1306.9,54.0,36.2,4.45,317.0,146.3,39.01,,10.621,3.462,7.243,5.959,7.961,25725.0,7.173,7.498,18.73,,-714.5,-6.0,2.2,0,0,0,1.78,0
2021-05-12 01:00:00,2021,5,2,1,29078.0,1283.3,52.6,15.1,4.09,353.0,144.5,37.316,0.2455,79.388,1.78,20.493,6.649,4.665,25744.0,5.918,7.463,20.13,30644.0,784.6,36.0,1.2,0,0,0,12.961,0
2021-05-12 02:00:00,2021,5,2,2,28897.0,1295.9,56.7,30.1,4.38,342.0,143.4,37.447,0.2464,14.17,12.961,14.117,8.821,4.129,25973.0,3.948,7.658,22.5,30644.0,31.4,-11.0,6.1,0,0,0,2.299,0
2021-05-12 03:00:00,2021,5,2,3,29322.0,475.8,56.5,6.9,5.07,327.0,132.7,13.951,0.0918,23.112,2.299,1.475,13.743,4.447,25747.0,4.337,7.75,18.93,30644.0,-799.8,-15.0,4.9,0,0,0,3.805,0
2021-05-12 04:00:00,2021,5,2,4,29378.0,1355.4,54.7,22.8,4.91,374.0,144.7,39.82,0.262,33.332,3.805,1.713,11.721,8.09,26436.0,4.968,7.802,19.77,30644.0,889.6,47.0,2.7,0,0,0,5.498,0
2021-05-12 05:00:00,2021,5,2,5,30492.0,,53.7,3.5,4.98,380.0,144.8,13.499,0.0888,43.873,5.498,3.462,26.56,7.11,26564.0,5.642,6.963,19.1,30644.0,-4.8,6.0,2.7,0,0,0,7.511,0
2021-05-12 06:00:00,2021,5,2,6,30499.0,1294.6,52.9,28.9,5.28,390.0,147.6,39.482,0.2598,12.754,7.511,1.78,9.54,4.849,26841.0,5.71,7.106,17.88,30644.0,-12.3,10.0,,0,0,0,2.184,0
2021-05-12 07:00:00,2021,5,2,7,30656.0,457.8,52.9,9.8,4.2,390.0,150.9,14.034,0.0923,13.88,2.184,12.961,18.044,5.763,26927.0,3.948,6.943,17.0,30656.0,-825.5,0.0,2.8,0,0,0,2.389,0
2021-05-12 08:00:00,2021,5,2,8,29876.0,458.5,49.8,15.4,,421.0,151.7,13.698,0.0901,8.585,2.389,2.299,24.918,6.868,27210.0,3.804,6.087,,30656.0,-837.4,31.0,-0.8,0,0,0,1.44,0
2021-05-12 09:00:00,2021,5,2,9,30220.0,1879.8,48.4,36.8,4.59,403.0,149.6,56.807,0.3737,14.97,1.44,3.805,16.477,5.601,26502.0,3.594,5.825,19.53,30656.0,,-18.0,,0,0,0,2.54,0
2021-05-12 10:00:00,2021,5,2,10,29452.0,434.1,48.6,5.9,,378.0,150.7,12.784,0.0841,71.311,2.54,,7.95,6.795,26532.0,4.643,5.914,16.72,30656.0,-921.3,-25.0,-0.7,1,0,0,11.792,0
2021-05-12 11:00:00,2021,5,2,11,29016.0,1290.3,50.5,21.4,5.32,,148.8,37.438,0.2463,,11.792,7.511,6.727,8.895,26786.0,,6.666,19.7,30656.0,847.6,-34.0,-1.0,1,0,0,21.877,1
2021-05-12 12:00:00,2021,5,2,12,28455.0,,48.6,9.8,5.25,368.0,142.6,13.362,0.0879,75.6,21.877,2.184,3.612,6.913,26744.0,8.686,6.679,16.52,30656.0,-825.0,24.0,2.6,1,0,0,12.078,0
2021-05-12 13:00:00,2021,5,2,13,30333.0,453.1,50.9,5.8,,,148.5,13.744,0.0904,76.315,12.078,2.389,10.563,5.976,,10.454,6.741,15.85,30656.0,-4.7,,1.4,1,0,0,12.997,0
2021-05-12 14:00:00,2021,5,2,14,30588.0,454.4,51.2,11.4,5.62,428.0,143.9,13.899,0.0914,77.944,12.997,1.44,3.105,7.966,25525.0,12.445,6.751,15.18,,-4.1,11.0,1.3,1,0,0,13.386,0
2021-05-12 15:00:00,2021,5,2,15,28862.0,1595.2,51.9,38.2,5.37,396.0,141.7,46.039,0.3029,61.031,13.386,2.54,22.67,6.516,25311.0,13.67,6.036,15.42,30656.0,,-32.0,-1.6,1,0,0,9.89,0
2021-05-12 16:00:00,2021,5,2,16,27658.0,1316.2,51.4,27.3,4.7,411.0,147.2,36.405,0.2395,24.445,9.89,11.792,6.312,6.829,23944.0,12.337,6.084,18.98,30656.0,882.1,15.0,1.0,0,0,0,3.796,0
2021-05-12 17:00:00,2021,5,2,17,28117.0,490.7,54.8,9.4,,408.0,141.3,13.798,0.0908,24.483,3.796,21.877,7.625,5.944,25391.0,9.335,6.134,16.98,30656.0,-799.6,-3.0,4.8,0,0,0,3.865,0
2021-05-12 18:00:00,2021,5,2,18,28457.0,1244.6,53.1,31.5,5.47,402.0,138.5,,0.233,24.566,3.865,12.078,7.243,17.286,26065.0,7.977,6.177,20.6,30656.0,775.0,-6.0,3.6,0,0,0,3.925,0
2021-05-12 19:00:00,2021,5,2,19,28558.0,1231.4,54.5,25.0,6.25,354.0,141.7,35.166,0.2314,22.907,3.925,12.997,20.493,5.939,26284.0,6.422,5.548,,30656.0,778.3,-48.0,-0.6,0,0,0,3.673,0
2021-05-12 20:00:00,2021,5,2,20,28619.0,1270.3,51.7,36.0,6.11,426.0,142.6,36.356,0.2392,26.966,3.673,13.386,14.117,4.311,28336.0,4.914,5.333,27.9,30656.0,815.9,72.0,-0.1,0,0,0,4.333,0
2021-05-12 21:00:00,2021,5,2,21,10457.0,1567.8,48.2,0.0,6.33,413.0,144.0,16.394,0.1079,556.516,4.333,9.89,1.475,12.214,27265.0,8.711,7.482,21.53,30656.0,-27.4,-13.0,-7.8,0,1,0,32.674,1
2021-05-12 22:00:00,2021,5,2,22,9657.0,1231.6,,0.0,5.95,416.0,147.2,11.894,0.0782,345.315,32.674,3.796,1.713,7.371,30001.0,11.199,,16.98,30656.0,-84.6,3.0,-3.3,0,1,0,18.723,1
2021-05-12 23:00:00,2021,5,2,23,9904.0,1213.8,50.5,0.0,5.75,445.0,148.0,12.022,0.0791,322.424,18.723,3.865,3.462,6.464,30129.0,13.543,7.874,15.42,30656.0,723.1,29.0,-3.8,0,1,0,17.929,0
2021-05-13 00:00:00,2021,5,3,0,9567.0,411.8,,0.0,6.13,423.0,152.8,3.94,,380.008,17.929,3.925,1.78,5.959,29850.0,,8.059,10.17,30656.0,-832.8,-22.0,-3.1,0,1,0,20.412,1
2021-05-13 01:00:00,2021,5,3,1,9413.0,,47.6,3.2,5.67,440.0,153.6,15.917,0.1047,545.297,20.412,3.673,12.961,6.649,29078.0,20.482,8.943,6.53,30656.0,459.6,17.0,-5.0,0,1,0,28.819,1
2021-05-13 02:00:00,2021,5,3,2,9406.0,1233.1,47.5,0.0,5.88,402.0,148.8,11.598,0.0763,432.298,28.819,4.333,2.299,8.821,28897.0,23.564,9.122,0.53,30656.0,-37.2,-38.0,-9.2,0,1,0,22.83,1
2021-05-13 03:00:00,2021,5,3,3,9322.0,445.8,47.0,0.0,,419.0,145.8,4.155,,405.7,22.83,32.674,3.805,13.743,29322.0,21.658,9.202,0.53,30656.0,-1122.0,17.0,-9.5,0,1,0,21.234,1
2021-05-13 04:00:00,2021,5,3,4,9142.0,1612.9,47.3,0.5,5.72,450.0,146.6,14.745,0.097,612.058,21.234,18.723,5.498,11.721,29378.0,23.773,9.911,0.62,30656.0,,31.0,-7.4,0,1,0,31.416,1
2021-05-13 05:00:00,2021,5,3,5,9870.0,1565.9,47.0,,5.34,,145.4,15.455,0.1017,318.663,31.416,17.929,7.511,26.56,30492.0,23.728,9.883,0.92,30656.0,352.1,-45.0,-6.7,0,1,0,17.659,0
2021-05-13 06:00:00,2021,5,3,6,9326.0,1214.9,46.3,9.3,5.71,445.0,144.0,11.33,0.0745,180.17,17.659,,2.184,9.54,30499.0,21.899,9.633,2.47,30656.0,803.1,40.0,-6.6,1,1,0,9.434,0
2021-05-13 07:00:00,2021,5,3,7,9736.0,440.0,48.8,0.0,5.1,427.0,148.1,4.284,0.0282,382.796,9.434,28.819,2.389,18.044,30656.0,,9.427,1.93,30656.0,-1251.0,-18.0,-4.1,1,1,0,20.925,1
2021-05-13 08:00:00,2021,5,3,8,8800.0,1278.3,48.7,0.0,5.61,386.0,148.9,11.249,0.074,,20.925,22.83,1.44,24.918,29876.0,22.262,9.717,1.93,30656.0,45.2,-41.0,-1.1,1,1,0,32.904,1
2021-05-13 09:00:00,2021,5,3,9,9079.0,1741.1,47.7,5.0,5.23,377.0,153.8,15.808,0.104,613.911,32.904,21.234,2.54,16.477,30220.0,23.939,9.784,2.77,30656.0,1295.3,-9.0,-0.7,1,1,0,31.294,1
2021-05-13 10:00:00,2021,5,3,10,9421.0,1270.1,47.5,0.0,5.42,377.0,150.7,11.965,0.0787,448.776,31.294,,11.792,7.95,29452.0,,9.811,2.68,30656.0,-342.8,0.0,-1.1,1,1,0,23.738,1
2021-05-13 11:00:00,2021,5,3,11,9651.0,420.6,51.1,,5.95,337.0,153.2,4.06,0.0267,443.47,23.738,,21.877,6.727,29016.0,23.721,9.863,2.38,30656.0,-1145.3,-40.0,0.6,1,1,0,24.03,1
2021-05-13 12:00:00,2021,5,3,12,9096.0,442.7,52.1,0.0,5.96,323.0,152.2,4.027,0.0265,457.057,24.03,9.434,12.078,3.612,28455.0,,9.858,0.83,30656.0,-772.2,-14.0,3.5,0,1,0,23.342,1
2021-05-13 13:00:00,2021,5,3,13,9462.0,458.6,48.2,0.0,4.94,333.0,147.1,4.339,0.0285,372.46,,20.925,12.997,10.563,30333.0,25.849,9.804,0.83,30656.0,18.6,10.0,-2.7,0,1,0,19.787,1
2021-05-13 14:00:00,2021,5,3,14,8645.0,507.1,47.4,,4.94,350.0,145.2,4.384,0.0288,322.015,19.787,32.904,13.386,3.105,30588.0,22.97,9.765,,30656.0,-771.2,17.0,-3.8,0,1,0,15.63,0
2021-05-13 15:00:00,2021,5,3,15,9067.0,1266.7,49.5,0.0,5.58,367.0,143.3,11.486,0.0756,575.751,15.63,31.294,9.89,22.67,28862.0,22.64,9.831,0.0,30656.0,-474.4,17.0,-2.4,0,1,0,29.31,1
2021-05-13 16:00:00,2021,5,3,16,8711.0,481.9,46.8,0.0,5.59,337.0,137.7,4.198,0.0276,332.866,29.31,23.738,3.796,6.312,27658.0,21.396,9.294,0.0,30656.0,-788.2,-30.0,-4.6,0,1,0,16.28,0
2021-05-13 17:00:00,2021,5,3,17,8642.0,1253.5,46.0,0.0,5.47,,138.9,10.833,0.0713,426.082,16.28,24.03,3.865,7.625,28117.0,20.837,8.656,0.0,30656.0,832.9,-11.0,-8.8,0,1,0,20.674,1
2021-05-13 18:00:00,2021,5,3,18,8620.0,1532.3,,0.0,5.69,349.0,144.1,13.209,,638.46,20.674,23.342,3.925,7.243,28457.0,22.097,8.153,0.0,30656.0,1089.6,23.0,-6.8,0,1,0,30.9,1
2021-05-13 19:00:00,2021,5,3,19,8051.0,1162.6,47.9,0.0,5.14,304.0,140.1,9.359,0.0616,308.586,30.9,19.787,3.673,20.493,28558.0,21.124,7.407,0.0,30656.0,704.0,-45.0,-6.6,0,1,0,13.949,0
2021-05-13 20:00:00,2021,5,3,20,,,45.0,0.0,5.36,285.0,138.4,,,352.154,13.949,15.63,4.333,14.117,28619.0,21.322,,0.0,30656.0,-28.5,-19.0,-6.7,0,1,0,16.82,0
2021-05-13 21:00:00,2021,5,3,21,8028.0,1580.1,46.4,0.0,5.87,304.0,,12.685,0.0835,646.028,16.82,29.31,32.674,1.475,10457.0,21.29,6.289,0.0,30656.0,313.4,19.0,-1.8,0,1,0,29.119,1
2021-05-13 22:00:00,2021,5,3,22,,536.1,,0.0,5.44,291.0,140.7,4.086,0.0269,485.782,29.119,16.28,18.723,1.713,9657.0,22.041,6.251,0.0,30656.0,54.2,-13.0,-5.8,0,1,0,20.786,1
2021-05-13 23:00:00,2021,5,3,23,7475.0,1550.2,,0.0,5.38,284.0,138.8,11.588,0.0762,437.847,20.786,20.674,17.929,3.462,9904.0,21.658,6.238,0.0,30656.0,296.7,-7.0,-3.2,0,1,0,18.376,1
2021-05-14 00:00:00,2021,5,4,0,6792.0,502.9,47.8,0.0,,246.0,137.5,3.416,0.0225,530.206,18.376,30.9,,1.78,9567.0,19.878,6.241,0.0,30656.0,-1029.4,-38.0,-3.1,0,1,0,20.219,1
2021-05-14 01:00:00,2021,5,4,1,6745.0,1324.7,45.2,0.0,5.1,270.0,139.4,8.935,0.0588,535.696,20.219,13.949,28.819,12.961,9413.0,20.934,6.105,0.0,30656.0,162.1,24.0,-2.4,0,1,0,20.287,1
2021-05-14 02:00:00,2021,5,4,2,6959.0,1282.0,46.3,,5.12,220.0,146.0,8.921,0.0587,637.773,20.287,16.82,22.83,2.299,9406.0,22.284,6.131,0.0,30656.0,803.4,-50.0,-1.2,0,1,0,24.919,1
2021-05-14 03:00:00,2021,5,4,3,6497.0,1244.2,45.6,0.0,4.73,260.0,143.3,8.083,0.0532,396.706,,29.119,21.234,3.805,9322.0,19.843,6.33,0.0,30656.0,-335.9,40.0,-1.4,0,1,0,14.471,0
2021-05-14 04:00:00,2021,5,4,4,6797.0,1330.0,46.7,0.0,3.89,270.0,143.2,9.04,0.0595,431.997,14.471,20.786,31.416,5.498,9142.0,19.126,6.086,0.0,30656.0,793.9,10.0,-0.6,0,1,0,16.486,0
2021-05-14 05:00:00,2021,5,4,5,7051.0,613.4,46.4,0.0,4.44,253.0,144.8,,0.0285,338.003,16.486,18.376,17.659,7.511,9870.0,18.294,6.257,0.0,30656.0,-936.8,-17.0,-0.6,0,1,0,13.381,0
2021-05-14 06:00:00,2021,5,4,6,6925.0,1330.9,47.5,0.1,,243.0,145.1,9.216,0.0606,591.909,13.381,20.219,,2.184,9326.0,18.76,5.747,0.02,30656.0,828.0,-10.0,1.2,0,1,0,23.014,1
2021-05-14 07:00:00,2021,5,4,7,6683.0,565.7,45.8,0.0,4.15,,145.1,3.78,0.0249,621.311,23.014,20.287,20.925,2.389,9736.0,19.264,5.754,0.02,30656.0,-759.0,-23.0,-3.0,0,1,0,23.313,1
2021-05-14 08:00:00,2021,5,4,8,6780.0,1291.9,44.9,0.0,4.17,254.0,143.9,8.759,0.0576,685.478,23.313,24.919,32.904,1.44,8800.0,19.46,5.335,0.02,30656.0,9.9,34.0,-3.8,0,1,0,26.094,1
2021-05-14 09:00:00,2021,5,4,9,6562.0,1360.2,47.9,,4.87,287.0,143.7,8.926,0.0587,473.877,26.094,14.471,31.294,2.54,9079.0,19.958,4.966,0.02,30656.0,116.0,33.0,0.2,0,1,0,17.459,0
2021-05-14 10:00:00,2021,5,4,10,7693.0,1368.6,,0.0,5.83,211.0,145.8,10.529,0.0693,446.554,17.459,16.486,23.738,11.792,9421.0,20.425,4.94,0.02,,38.6,-76.0,-1.0,0,1,0,19.288,1
2021-05-14 11:00:00,2021,5,4,11,7366.0,624.7,49.5,0.0,,277.0,148.6,4.602,0.0303,539.522,19.288,13.381,24.03,21.877,,21.914,4.903,0.02,30656.0,11.3,66.0,-1.6,0,1,0,22.313,1
2021-05-14 12:00:00,2021,5,4,12,,1404.4,,0.0,5.53,,145.9,10.217,0.0672,640.086,22.313,23.014,23.342,12.078,9096.0,22.435,5.001,0.0,30656.0,73.5,-17.0,-2.1,0,1,0,26.145,1
2021-05-14 13:00:00,2021,5,4,13,,1485.2,50.6,1.4,5.73,238.0,148.1,11.431,0.0752,574.916,26.145,23.313,19.787,12.997,9462.0,22.69,5.063,0.23,30656.0,,-22.0,2.4,0,1,0,24.842,1
2021-05-14 14:00:00,2021,5,4,14,7034.0,674.3,51.8,0.0,5.68,218.0,149.5,4.743,0.0312,330.692,24.842,26.094,15.63,13.386,8645.0,20.518,5.207,0.23,30656.0,-617.6,-20.0,4.4,0,1,0,13.06,0
2021-05-14 15:00:00,2021,5,4,15,7374.0,1479.7,51.1,0.0,5.58,245.0,144.2,10.911,0.0718,484.832,13.06,17.459,29.31,9.89,9067.0,20.954,4.89,0.23,30656.0,119.5,27.0,1.6,0,1,0,20.073,1
2021-05-14 16:00:00,2021,5,4,16,7698.0,634.0,51.1,0.0,,262.0,143.1,4.88,0.0321,470.511,20.073,19.288,16.28,3.796,8711.0,21.128,4.806,0.23,30656.0,-734.6,17.0,4.3,0,1,0,20.336,1
2021-05-14 17:00:00,2021,5,4,17,8075.0,648.8,53.4,0.0,5.77,308.0,138.8,5.239,0.0345,529.603,20.336,22.313,20.674,3.865,8642.0,21.411,4.854,0.23,30656.0,,46.0,7.4,0,1,0,24.011,1
2021-05-14 18:00:00,2021,5,4,18,7765.0,1483.5,50.5,0.0,5.92,290.0,138.5,11.519,,620.085,24.011,26.145,30.9,3.925,8620.0,21.559,4.561,0.23,30656.0,79.1,-18.0,4.2,0,1,0,27.034,1
2021-05-14 19:00:00,2021,5,4,19,7881.0,694.9,48.6,0.0,6.47,295.0,138.7,,0.036,494.954,27.034,24.842,13.949,3.673,8051.0,21.069,4.335,0.0,30656.0,-790.3,5.0,0.7,1,1,0,21.901,1
2021-05-14 20:00:00,2021,5,4,20,7816.0,682.9,,0.0,5.95,286.0,138.4,5.338,,1008.077,,13.06,16.82,4.333,8507.0,26.266,6.338,0.0,30656.0,8.6,-9.0,5.5,1,1,0,44.238,1
2021-05-14 21:00:00,2021,5,4,21,22750.0,1406.1,49.5,17.5,5.89,282.0,138.3,31.99,0.2105,102.277,44.238,20.073,29.119,32.674,8028.0,25.097,6.416,2.92,30656.0,-73.6,-4.0,3.1,1,0,0,13.064,0
2021-05-14 22:00:00,2021,5,4,22,21935.0,1462.8,49.7,19.3,5.26,302.0,138.8,32.087,0.2111,169.403,,20.336,20.786,18.723,7621.0,25.185,6.415,6.13,30656.0,828.8,20.0,6.1,1,0,0,20.863,1
2021-05-14 23:00:00,2021,5,4,23,22671.0,707.7,46.6,9.6,5.69,320.0,138.5,16.043,0.1055,91.407,20.863,24.011,18.376,17.929,7475.0,23.122,6.698,7.73,30656.0,58.9,,-0.7,1,0,0,11.635,0
2021-05-15 00:00:00,2021,5,5,0,22288.0,662.7,50.5,3.9,5.56,270.0,135.6,14.771,0.0972,126.381,,27.034,20.219,20.412,6792.0,21.253,6.785,8.38,30656.0,-820.8,-50.0,2.7,1,0,0,15.815,0
2021-05-15 01:00:00,2021,5,5,1,21380.0,,48.7,12.9,5.31,279.0,,29.768,0.1958,124.609,15.815,21.901,20.287,28.819,6745.0,20.096,,10.53,30656.0,697.4,9.0,,1,0,0,14.958,0
2021-05-15 02:00:00,2021,5,5,2,,1388.5,52.1,29.5,4.68,280.0,133.1,30.819,0.2028,154.892,14.958,44.238,24.919,22.83,6959.0,15.94,6.845,15.45,30656.0,705.6,1.0,5.8,1,0,0,19.302,1
2021-05-15 03:00:00,2021,5,5,3,23384.0,1299.4,50.4,26.8,5.03,324.0,139.4,30.385,0.1999,43.506,19.302,13.064,14.471,21.234,,14.714,7.394,17.0,30656.0,-106.7,44.0,4.8,0,0,0,5.712,0
2021-05-15 04:00:00,2021,5,5,4,24119.0,1345.0,52.6,25.8,4.78,315.0,137.9,32.441,0.2134,47.15,5.712,20.863,16.486,31.416,6797.0,12.301,7.885,18.08,30656.0,,-9.0,5.9,0,0,0,6.385,0
2021-05-15 05:00:00,2021,5,5,5,25512.0,1383.7,48.8,21.8,4.63,321.0,140.4,35.301,0.2322,54.447,6.385,11.635,13.381,17.659,7051.0,11.662,8.159,20.12,30656.0,676.0,6.0,2.4,0,0,0,7.799,0
2021-05-15 06:00:00,2021,5,5,6,25821.0,1634.1,51.9,,4.61,321.0,140.7,42.195,0.2776,42.615,7.799,15.815,23.014,,6925.0,10.056,8.56,25.05,30656.0,971.4,0.0,4.4,0,0,0,6.178,0
2021-05-15 07:00:00,2021,5,5,7,24152.0,669.4,50.7,3.3,4.17,344.0,141.5,16.167,0.1064,107.896,,14.958,23.313,20.925,6683.0,10.001,8.545,,30656.0,-722.9,23.0,4.9,0,0,0,14.631,0
2021-05-15 08:00:00,2021,5,5,8,22603.0,687.2,53.0,7.3,3.7,344.0,143.0,15.533,0.1022,77.34,14.631,19.302,26.094,32.904,6780.0,8.42,8.559,19.75,30656.0,-701.3,0.0,8.1,0,0,0,9.815,0
2021-05-15 09:00:00,2021,5,5,9,22956.0,699.3,56.8,5.5,,317.0,141.3,16.054,0.1056,97.255,9.815,5.712,17.459,31.294,6562.0,9.557,8.626,16.2,30656.0,-600.1,-27.0,8.9,0,0,0,12.535,0
2021-05-15 10:00:00,2021,5,5,10,22096.0,682.2,50.0,9.8,3.66,307.0,141.2,15.074,0.0992,55.473,12.535,6.385,19.288,23.738,7693.0,9.64,8.887,13.53,30656.0,-662.8,-10.0,3.5,0,0,0,6.882,0
2021-05-15 11:00:00,2021,5,5,11,22154.0,1456.5,50.3,,4.56,306.0,134.1,32.267,0.2123,95.936,6.882,7.799,22.313,24.03,7366.0,,8.873,12.6,,72.8,-1.0,0.8,0,0,0,11.933,0
2021-05-15 12:00:00,2021,5,5,12,21769.0,1880.7,49.6,15.3,4.37,300.0,140.6,,0.2694,170.99,11.933,6.178,26.145,23.342,7275.0,12.782,8.691,9.57,30656.0,246.6,-6.0,-0.4,0,0,0,20.899,1
2021-05-15 13:00:00,2021,5,5,13,21955.0,672.1,50.5,12.4,4.97,310.0,135.3,14.756,0.0971,44.91,20.899,14.631,24.842,19.787,7696.0,11.267,8.77,11.08,30656.0,2.7,10.0,-0.1,0,0,0,5.536,0
2021-05-15 14:00:00,2021,5,5,14,21048.0,689.6,51.8,8.7,4.81,313.0,136.9,14.513,0.0955,59.775,5.536,9.815,13.06,15.63,,10.808,8.93,11.32,30656.0,2.4,3.0,0.0,0,0,0,7.064,0
2021-05-15 15:00:00,2021,5,5,15,20627.0,1401.2,50.6,13.7,4.54,296.0,131.0,28.902,0.1901,107.441,7.064,12.535,20.073,,7374.0,10.793,8.891,12.68,30656.0,701.9,-17.0,-0.5,0,0,0,12.443,0
2021-05-15 16:00:00,2021,5,5,16,22285.0,1794.5,55.0,27.4,4.31,289.0,136.2,39.989,0.2631,58.056,12.443,6.882,20.336,16.28,7698.0,10.856,8.952,15.62,30656.0,,-7.0,3.9,0,0,0,7.264,0
2021-05-15 17:00:00,2021,5,5,17,21050.0,671.4,53.6,5.9,4.5,261.0,135.3,14.133,,85.999,7.264,11.933,24.011,20.674,8075.0,10.562,8.756,13.9,30656.0,-785.1,-28.0,0.2,0,0,0,10.164,0
2021-05-15 18:00:00,2021,5,5,18,21795.0,1325.9,51.4,12.4,4.28,280.0,136.2,28.898,0.1901,113.541,10.164,20.899,27.034,30.9,,9.394,8.3,13.42,30656.0,-554.8,19.0,0.9,0,0,0,13.894,0
2021-05-15 19:00:00,2021,5,5,19,21569.0,2118.4,55.2,20.4,3.97,240.0,135.8,45.691,,247.76,13.894,5.536,21.901,13.949,7881.0,13.472,,,30656.0,1446.3,-40.0,6.6,1,0,0,30.004,1
2021-05-15 20:00:00,2021,5,5,20,21573.0,1329.1,52.7,20.2,3.78,266.0,135.9,28.672,0.1886,209.307,30.004,7.064,44.238,16.82,7816.0,16.52,6.508,16.67,30656.0,639.5,26.0,,1,0,0,25.352,1
2021-05-15 21:00:00,2021,5,5,21,22642.0,1346.1,52.0,15.8,3.79,324.0,130.7,30.478,0.2005,87.74,25.352,12.443,13.064,29.119,22750.0,,6.518,17.02,30656.0,-55.1,58.0,2.5,1,0,0,11.154,0
2021-05-15 22:00:00,2021,5,5,22,23182.0,1353.7,52.9,25.8,3.96,281.0,132.1,31.382,0.2065,86.119,11.154,7.264,20.863,20.786,21935.0,16.963,6.296,16.75,30656.0,-440.8,-43.0,3.2,1,0,0,11.209,0
2021-05-15 23:00:00,2021,5,5,23,23261.0,699.1,52.5,17.7,3.55,248.0,136.2,16.261,0.107,64.226,11.209,10.164,11.635,18.376,22671.0,16.667,6.348,18.72,30656.0,27.7,-33.0,5.9,1,0,0,8.388,0
2021-05-16 00:00:00,2021,5,6,0,22930.0,1395.6,56.8,,3.5,257.0,136.4,32.002,0.2105,81.62,8.388,13.894,15.815,20.219,22288.0,16.103,6.313,20.23,30656.0,69.7,9.0,6.3,1,0,0,10.508,0
2021-05-16 01:00:00,2021,5,6,1,23620.0,717.8,54.7,27.4,3.32,264.0,138.4,16.954,,94.098,10.508,30.004,,20.287,21380.0,13.182,,21.4,30656.0,-1400.6,7.0,6.0,1,0,0,12.479,0
2021-05-16 02:00:00,2021,5,6,2,23018.0,1388.5,58.3,24.3,3.25,276.0,140.0,31.96,0.2103,56.865,12.479,25.352,19.302,24.919,22195.0,10.181,6.151,22.08,30656.0,59.4,12.0,6.2,0,0,0,7.349,0
2021-05-16 03:00:00,2021,5,6,3,23150.0,2022.7,57.0,29.7,3.37,240.0,141.2,46.825,0.3081,71.635,7.349,11.154,5.712,,23384.0,9.874,6.047,24.4,30656.0,676.6,-36.0,6.6,0,0,0,9.311,0
2021-05-16 04:00:00,2021,5,6,4,,688.4,55.1,0.0,3.3,232.0,144.5,16.089,0.1059,144.373,9.311,11.209,6.385,16.486,24119.0,11.164,6.116,20.1,30656.0,-665.3,,2.5,0,0,0,18.946,1
2021-05-16 05:00:00,2021,5,6,5,24014.0,1377.0,54.9,21.1,3.09,229.0,139.7,33.067,0.2175,54.276,18.946,8.388,7.799,13.381,25512.0,10.985,6.132,20.67,30656.0,677.9,-3.0,6.1,0,0,0,7.318,0
2021-05-16 06:00:00,2021,5,6,6,23462.0,677.0,57.3,14.6,2.77,263.0,140.9,15.885,0.1045,46.634,7.318,10.508,6.178,23.014,25821.0,10.258,6.134,19.52,30656.0,-718.6,34.0,5.4,0,0,0,6.143,0
2021-05-16 07:00:00,2021,5,6,7,23061.0,704.0,54.6,16.4,2.61,264.0,141.6,16.236,0.1068,47.182,6.143,12.479,14.631,23.313,24152.0,9.196,6.229,17.68,30656.0,-13.8,1.0,3.9,0,0,0,6.109,0
2021-05-16 08:00:00,2021,5,6,8,22360.0,1351.1,54.7,16.0,2.2,251.0,,30.211,0.1988,89.038,6.109,7.349,9.815,26.094,22603.0,9.834,6.216,16.3,30656.0,-37.4,-13.0,1.7,0,0,0,11.178,0
2021-05-16 09:00:00,2021,5,6,9,22923.0,664.5,56.6,11.9,2.52,294.0,139.7,15.233,0.1002,44.482,11.178,9.311,12.535,17.459,22956.0,,6.337,13.33,30656.0,-1358.2,43.0,-0.2,0,0,0,5.725,0
2021-05-16 10:00:00,2021,5,6,10,23028.0,1289.3,54.2,18.0,2.4,259.0,142.1,29.691,0.1953,68.743,5.725,18.946,6.882,19.288,22096.0,7.56,6.286,16.33,30656.0,600.9,-35.0,4.2,0,0,0,8.888,0
2021-05-16 11:00:00,2021,5,6,11,24520.0,643.9,50.9,15.2,3.16,274.0,137.3,15.789,,40.91,8.888,7.318,11.933,22.313,22154.0,7.279,6.403,15.35,30656.0,-733.1,15.0,0.6,0,0,0,5.632,0
2021-05-16 12:00:00,2021,5,6,12,23805.0,,52.9,26.9,2.75,,134.8,36.752,0.2418,124.896,5.632,6.143,,26.145,21769.0,9.038,6.185,17.4,30656.0,866.9,69.0,3.3,1,0,0,16.693,0
2021-05-16 13:00:00,2021,5,6,13,22907.0,1285.0,49.7,25.0,2.41,280.0,133.5,29.435,,159.128,16.693,6.109,5.536,24.842,21955.0,11.43,6.34,18.83,30656.0,581.0,-63.0,-0.8,1,0,0,20.466,1
2021-05-16 14:00:00,2021,5,6,14,23154.0,1320.2,53.0,23.5,2.3,,138.1,30.567,0.2011,113.792,20.466,11.178,7.064,13.06,21048.0,12.033,6.284,20.08,30656.0,,31.0,1.2,1,0,0,14.793,0
2021-05-16 15:00:00,2021,5,6,15,22649.0,1357.7,52.5,25.5,2.17,311.0,134.6,30.751,0.2023,71.002,14.793,5.725,,20.073,20627.0,12.583,6.315,22.35,,693.2,0.0,1.9,1,0,0,9.029,0
2021-05-16 16:00:00,2021,5,6,16,23073.0,1361.4,53.0,20.3,3.39,303.0,133.6,31.413,0.2067,130.317,9.029,8.888,7.264,20.336,22285.0,13.916,6.307,22.73,30656.0,72.1,-8.0,-2.0,1,0,0,16.882,0
2021-05-16 17:00:00,2021,5,6,17,22884.0,552.9,51.2,8.2,3.11,273.0,138.1,12.652,0.0832,94.844,16.882,5.632,10.164,24.011,21050.0,15.008,6.289,21.57,30656.0,-91.0,-30.0,-2.4,1,0,0,12.186,0
2021-05-16 18:00:00,2021,5,6,18,23958.0,1595.1,52.2,23.3,2.57,254.0,136.1,38.215,0.2514,66.781,12.186,16.693,13.894,27.034,21795.0,13.723,6.321,,30656.0,51.2,-19.0,0.8,1,0,0,8.983,0
2021-05-16 19:00:00,2021,5,6,19,23281.0,537.4,53.1,18.9,2.71,272.0,137.2,12.511,,69.496,8.983,20.466,30.004,21.901,,11.826,,19.95,30656.0,-747.6,18.0,-2.1,1,0,0,9.084,0
2021-05-16 20:00:00,2021,5,6,20,22822.0,529.0,55.3,6.9,2.9,255.0,140.5,12.074,,51.235,9.084,14.793,25.352,44.238,21573.0,10.455,4.228,17.18,30656.0,-791.2,-17.0,2.6,0,0,0,6.565,0
2021-05-16 21:00:00,2021,5,6,21,22826.0,1360.5,54.7,23.8,2.23,277.0,141.3,31.056,0.2043,46.809,6.565,9.029,11.154,13.064,22642.0,9.95,4.33,16.9,30656.0,,22.0,2.7,0,0,0,5.999,0
2021-05-16 22:00:00,2021,5,6,22,22071.0,1373.1,,12.6,2.08,293.0,140.5,30.304,0.1994,119.182,5.999,16.882,11.209,20.863,23182.0,9.598,4.418,15.62,30656.0,11.7,16.0,-1.1,0,0,0,14.769,0
2021-05-16 23:00:00,2021,5,6,23,22571.0,1363.7,54.2,22.6,2.24,274.0,141.1,30.78,0.2025,41.428,14.769,12.186,8.388,11.635,23261.0,8.442,4.531,18.02,30656.0,810.8,-19.0,1.7,0,0,0,5.25,0
2021-05-17 00:00:00,2021,5,0,0,24734.0,1786.5,51.4,30.1,2.47,245.0,137.8,44.187,0.2907,33.672,5.25,8.983,10.508,15.815,22930.0,7.724,4.68,19.15,30656.0,191.4,-29.0,-5.4,0,0,0,4.676,0
2021-05-17 01:00:00,2021,5,0,1,20161.0,1387.4,,16.1,2.21,256.0,140.6,27.972,0.184,71.346,4.676,9.084,12.479,14.958,23620.0,,4.673,18.68,30656.0,850.0,11.0,-14.1,0,0,1,8.076,0
2021-05-17 02:00:00,2021,5,0,2,20918.0,550.8,43.6,8.0,,273.0,134.4,11.523,0.0758,34.458,8.076,6.565,7.349,19.302,23018.0,7.136,4.801,18.87,30656.0,21.8,17.0,-14.7,0,0,1,4.047,0
2021-05-17 03:00:00,2021,5,0,3,18707.0,537.1,43.4,11.8,2.09,248.0,132.6,,0.0661,41.816,4.047,,9.311,5.712,23150.0,6.868,4.929,16.87,30656.0,-823.4,-25.0,-13.6,0,0,1,4.392,0
2021-05-17 04:00:00,2021,5,0,4,19024.0,599.2,44.4,1.5,1.85,267.0,134.4,,0.075,100.373,4.392,14.769,18.946,6.385,23373.0,,4.524,15.02,30656.0,-773.9,19.0,-10.7,0,0,1,10.721,0
2021-05-17 05:00:00,2021,5,0,5,18631.0,1306.2,47.2,19.8,2.51,247.0,135.7,24.336,0.1601,37.809,,5.25,7.318,,24014.0,5.978,4.64,14.55,30656.0,-57.5,-20.0,-7.7,0,0,1,3.955,0
2021-05-17 06:00:00,2021,5,0,6,18645.0,502.8,47.0,6.9,2.97,243.0,129.5,,0.0617,44.525,3.955,4.676,6.143,6.178,23462.0,5.975,4.691,10.68,30656.0,-1283.7,-4.0,-10.3,0,0,1,4.661,0
2021-05-17 07:00:00,2021,5,0,7,18760.0,1321.4,43.3,8.1,2.71,261.0,127.4,,0.1631,130.552,4.661,8.076,6.109,14.631,23061.0,6.921,4.738,9.35,,-66.0,18.0,-11.3,0,0,1,13.751,0
2021-05-17 08:00:00,2021,5,0,8,18737.0,1237.8,45.5,21.1,2.57,226.0,,23.191,0.1526,38.526,13.751,4.047,11.178,9.815,22360.0,6.922,4.845,11.53,30656.0,687.0,-35.0,-9.2,0,0,1,4.053,0
2021-05-17 09:00:00,2021,5,0,9,18761.0,1229.3,42.8,19.6,2.16,227.0,133.8,23.064,0.1517,38.173,4.053,4.392,5.725,12.535,22923.0,6.86,4.91,12.83,30656.0,692.2,1.0,-13.8,0,0,1,4.021,0
2021-05-17 10:00:00,2021,5,0,10,18088.0,532.8,40.9,7.2,2.28,244.0,131.5,9.638,0.0634,26.911,,10.721,8.888,6.882,23028.0,,5.077,13.78,30656.0,-66.4,17.0,-13.3,0,0,1,2.733,0
2021-05-17 11:00:00,2021,5,0,11,17120.0,527.4,43.6,4.8,,,124.2,9.029,0.0594,47.305,2.733,3.955,5.632,11.933,,5.628,5.112,11.28,30656.0,-778.8,6.0,-7.3,0,0,1,4.547,0
2021-05-17 12:00:00,2021,5,0,12,16379.0,1752.3,50.1,19.4,2.13,257.0,126.8,28.702,0.1888,38.244,,4.661,16.693,20.899,23805.0,5.437,4.927,13.37,30656.0,,,-2.8,0,0,1,3.517,0
2021-05-17 13:00:00,2021,5,0,13,16973.0,1269.5,48.0,11.9,2.55,245.0,127.4,21.547,0.1418,67.589,3.517,13.751,20.466,5.536,22907.0,4.219,4.187,14.0,30656.0,-51.9,-12.0,-1.7,0,0,1,6.441,0
2021-05-17 14:00:00,2021,5,0,14,15688.0,1248.8,45.7,8.0,2.26,260.0,131.1,19.591,0.1289,108.956,6.441,4.053,14.793,7.064,23154.0,,3.927,11.82,30656.0,11.0,15.0,-7.3,0,0,1,9.597,0
2021-05-17 15:00:00,2021,5,0,15,15731.0,1252.2,43.2,14.6,2.85,328.0,133.0,19.698,0.1296,36.027,9.597,4.021,9.029,12.443,22649.0,5.003,4.003,10.98,30656.0,22.9,68.0,-9.3,0,0,1,3.182,0
2021-05-17 16:00:00,2021,5,0,16,15038.0,1708.8,46.3,19.6,2.8,282.0,134.3,25.697,0.1691,32.334,3.182,2.733,16.882,7.264,23073.0,5.002,3.524,13.05,30656.0,,-46.0,-6.7,0,0,1,2.73,0
2021-05-17 17:00:00,2021,5,0,17,16580.0,463.1,48.1,2.3,2.67,,137.1,7.679,0.0505,68.461,2.73,,12.186,10.164,22884.0,5.307,3.315,12.63,30656.0,-64.3,28.0,-3.1,0,0,1,6.373,0
2021-05-17 18:00:00,2021,5,0,18,17051.0,1812.2,49.2,20.7,2.1,322.0,139.5,30.899,0.2033,47.914,6.373,3.517,8.983,13.894,23958.0,,3.284,12.85,30656.0,59.9,12.0,-3.0,0,0,1,4.587,0
2021-05-17 19:00:00,2021,5,0,19,16225.0,471.0,49.2,0.8,1.55,334.0,145.9,7.642,0.0503,104.439,,6.441,9.084,30.004,23281.0,5.997,3.302,,30656.0,-798.5,12.0,-3.9,0,0,1,9.514,0
2021-05-17 20:00:00,2021,5,0,20,17684.0,,42.2,24.2,2.18,329.0,151.5,,0.2089,33.498,9.514,9.597,6.565,25.352,,4.952,3.351,13.7,30656.0,546.8,-5.0,-13.1,0,0,1,3.326,0
2021-05-17 21:00:00,2021,5,0,21,16664.0,440.3,45.3,,1.48,303.0,149.8,,0.0483,44.794,3.326,3.182,5.999,11.154,22826.0,5.12,3.372,12.82,30656.0,-811.9,-26.0,-9.4,0,0,1,4.191,0
2021-05-17 22:00:00,2021,5,0,22,17962.0,436.0,48.0,2.1,2.46,307.0,153.2,7.832,0.0515,69.192,4.191,2.73,14.769,11.209,22071.0,5.828,2.817,9.9,30656.0,-1272.8,4.0,-3.8,0,0,1,6.978,0
2021-05-17 23:00:00,2021,5,0,23,16781.0,427.3,44.1,8.0,2.06,290.0,153.7,7.171,0.0472,32.488,6.978,6.373,5.25,8.388,22571.0,5.276,2.865,10.85,30656.0,-35.8,-17.0,-10.1,0,0,1,3.061,0
2021-05-18 00:00:00,2021,5,1,0,17666.0,1646.1,45.8,23.7,2.16,327.0,148.1,29.081,0.1913,225.745,3.061,4.587,4.676,10.508,24734.0,8.244,4.466,11.35,30656.0,-166.1,,-5.6,1,0,1,22.391,1
2021-05-18 01:00:00,2021,5,1,1,17046.0,1558.9,41.7,20.5,1.88,353.0,146.9,26.574,0.1748,124.59,22.391,9.514,8.076,12.479,20161.0,8.645,4.6,14.63,30656.0,1087.9,26.0,1.1,1,0,1,11.924,0
2021-05-18 02:00:00,2021,5,1,2,16849.0,386.4,47.8,3.6,1.9,349.0,148.6,6.51,0.0428,133.15,11.924,3.326,4.047,7.349,20918.0,,4.735,11.2,30656.0,,-4.0,4.2,1,0,1,12.596,0
2021-05-18 03:00:00,2021,5,1,3,16998.0,362.2,41.0,0.0,1.33,335.0,147.6,6.156,0.0405,85.638,12.596,4.191,4.392,9.311,18707.0,10.854,4.714,9.65,30656.0,-78.1,-14.0,-2.4,1,0,1,8.173,0
2021-05-18 04:00:00,2021,5,1,4,16704.0,398.9,48.1,6.6,1.28,,143.0,6.664,0.0438,188.909,8.173,6.978,10.721,18.946,19024.0,12.644,5.153,10.4,,-37.1,-80.0,3.7,1,0,1,17.717,0
2021-05-18 05:00:00,2021,5,1,5,16492.0,399.1,47.4,0.0,0.74,303.0,146.6,6.582,0.0433,188.173,17.717,3.061,3.955,7.318,18631.0,15.038,5.5,,30656.0,-28.2,48.0,0.2,1,0,1,17.424,0
2021-05-18 06:00:00,2021,5,1,6,17215.0,1283.7,45.0,10.3,0.86,297.0,143.8,22.099,0.1454,105.54,17.424,22.391,4.661,6.143,,13.006,5.478,6.83,30656.0,-362.4,-6.0,-2.0,0,0,1,10.201,0
2021-05-18 07:00:00,2021,5,1,7,16891.0,407.9,49.7,0.0,1.76,258.0,141.7,6.889,0.0453,113.101,10.201,11.924,13.751,6.109,18760.0,12.806,5.375,3.42,30656.0,-1151.0,-39.0,6.4,0,0,1,10.726,0
2021-05-18 08:00:00,2021,5,1,8,16462.0,1652.0,49.6,17.3,1.28,258.0,146.3,27.195,0.1789,64.667,,,4.053,11.178,18737.0,11.703,5.329,5.7,30656.0,1265.6,0.0,4.1,0,0,1,5.977,0
2021-05-18 09:00:00,2021,5,1,9,18119.0,1677.9,47.9,10.6,1.22,281.0,146.1,30.401,0.2,260.059,5.977,8.173,4.021,5.725,18761.0,14.75,6.451,7.47,30656.0,1315.7,23.0,5.1,1,0,1,26.456,1
2021-05-18 10:00:00,2021,5,1,10,,391.9,44.8,0.0,1.32,202.0,152.0,6.924,0.0456,262.196,26.456,17.717,2.733,8.888,18088.0,16.132,7.186,6.37,30656.0,-7.0,-79.0,3.9,1,0,1,26.008,1
2021-05-18 11:00:00,2021,5,1,11,17468.0,1141.0,45.9,12.9,1.33,227.0,154.1,19.932,0.1311,121.019,26.008,17.424,4.547,5.632,17120.0,15.206,7.104,8.52,30656.0,741.9,25.0,2.3,1,0,1,11.869,0
2021-05-18 12:00:00,2021,5,1,12,,1567.2,46.4,17.5,1.15,266.0,156.1,,0.1789,72.235,11.869,10.201,3.517,16.693,16379.0,14.679,6.995,9.72,30656.0,283.5,39.0,-3.7,1,0,1,7.037,0
2021-05-18 13:00:00,2021,5,1,13,17224.0,1600.2,43.2,12.2,1.72,264.0,151.1,27.562,0.1813,144.862,7.037,10.726,6.441,20.466,16973.0,15.226,6.982,,30656.0,1192.3,-2.0,-4.8,1,0,1,14.009,0
2021-05-18 14:00:00,2021,5,1,14,19328.0,1190.6,38.1,,1.2,337.0,156.3,23.012,0.1514,120.956,14.009,5.977,9.597,14.793,15688.0,16.418,,11.53,30656.0,-461.4,73.0,-7.6,1,0,1,13.126,0
2021-05-18 15:00:00,2021,5,1,15,19557.0,390.0,44.1,,1.65,323.0,160.4,7.627,0.0502,54.761,13.126,26.456,3.182,9.029,15731.0,13.01,,12.03,30656.0,-1287.9,-14.0,0.9,0,0,1,6.013,0
2021-05-18 16:00:00,2021,5,1,16,20502.0,389.6,45.5,10.3,1.38,,157.7,7.988,,50.751,6.013,26.008,2.73,16.882,15038.0,9.649,6.751,13.75,30656.0,,8.0,-0.8,0,0,1,5.842,0
2021-05-18 17:00:00,2021,5,1,17,22222.0,1192.8,44.3,11.7,1.32,339.0,154.7,26.506,0.1744,104.843,5.842,11.869,6.373,12.186,16580.0,9.851,6.687,13.55,30656.0,51.8,8.0,-3.8,0,0,1,13.081,0
2021-05-18 18:00:00,2021,5,1,18,22627.0,1144.8,37.0,11.1,1.37,353.0,155.4,25.903,0.1704,104.659,13.081,7.037,4.587,8.983,17051.0,10.894,6.539,12.48,,-422.4,14.0,-12.2,0,0,1,13.296,0
2021-05-18 19:00:00,2021,5,1,19,22564.0,1206.0,41.6,16.6,1.04,296.0,154.5,27.212,0.179,72.257,13.296,14.009,9.514,9.084,16225.0,10.085,6.545,13.22,30656.0,-394.2,-57.0,-7.6,0,0,1,9.154,0
2021-05-18 20:00:00,2021,5,1,20,23433.0,1214.0,39.8,13.3,1.03,322.0,158.3,28.449,0.1872,100.938,9.154,13.126,3.326,6.565,17684.0,10.111,6.302,12.77,30656.0,23.4,26.0,-2.4,0,0,1,13.28,0
2021-05-18 21:00:00,2021,5,1,21,22093.0,1254.3,40.5,17.7,0.87,285.0,159.8,27.71,0.1823,58.327,13.28,6.013,4.191,5.999,,10.315,6.165,13.45,30656.0,864.3,-37.0,-4.8,0,0,1,7.235,0
2021-05-18 22:00:00,2021,5,1,22,26674.0,315.8,47.0,12.8,1.29,286.0,165.4,8.424,0.0554,39.529,7.235,5.842,6.978,14.769,17962.0,10.328,6.208,13.87,30656.0,-73.8,1.0,-1.0,0,0,0,5.92,0
2021-05-18 23:00:00,2021,5,1,23,26222.0,1203.0,44.9,23.2,0.81,254.0,155.6,31.544,0.2075,43.817,5.92,13.081,3.061,5.25,16781.0,9.223,6.027,15.78,30656.0,10.2,-32.0,0.8,0,0,0,6.451,0
2021-05-19 00:00:00,2021,5,2,0,26467.0,1938.4,47.8,33.3,1.29,255.0,148.3,51.305,0.3375,53.31,6.451,13.296,22.391,4.676,17666.0,8.327,5.692,19.48,30656.0,793.6,1.0,2.0,0,0,0,7.922,0
2021-05-19 01:00:00,2021,5,2,1,26160.0,296.8,,4.0,0.96,264.0,147.1,7.765,0.0511,55.842,7.922,9.154,11.924,8.076,17046.0,8.168,5.736,17.38,30656.0,-909.2,9.0,6.0,0,0,0,8.202,0
2021-05-19 02:00:00,2021,5,2,2,25791.0,294.3,46.7,4.4,1.3,265.0,150.2,7.59,0.0499,49.024,8.202,13.28,12.596,4.047,16849.0,7.138,5.803,,30656.0,-919.7,,-1.1,0,0,0,7.099,0
2021-05-19 03:00:00,2021,5,2,3,26918.0,,44.8,35.6,,238.0,149.9,51.142,0.3365,52.556,7.099,7.235,8.173,4.392,16998.0,7.256,5.809,18.88,30656.0,645.6,-27.0,3.8,0,0,0,7.943,0
2021-05-19 04:00:00,2021,5,2,4,27108.0,1114.3,,27.0,1.54,273.0,146.7,30.206,0.1987,47.812,7.943,,17.717,10.721,16704.0,7.482,5.7,,30656.0,798.5,35.0,1.1,0,0,0,7.277,0
2021-05-19 05:00:00,2021,5,2,5,26457.0,1045.5,45.9,16.5,0.93,245.0,139.7,27.66,0.182,66.97,7.277,6.451,17.424,3.955,16492.0,,5.529,20.13,30656.0,-157.5,-28.0,-1.5,0,0,0,9.948,0
2021-05-19 06:00:00,2021,5,2,6,26783.0,1936.7,47.5,35.1,0.47,283.0,141.7,51.87,0.3412,52.741,9.948,7.922,10.201,4.661,17215.0,8.067,5.556,20.43,30656.0,-1.7,38.0,2.5,0,0,0,7.931,0
2021-05-19 07:00:00,2021,5,2,7,27448.0,1077.3,48.7,19.7,0.55,278.0,137.7,29.569,0.1945,39.868,7.931,8.202,10.726,13.751,,7.724,,23.05,30588.0,780.5,-5.0,-1.0,0,0,0,6.144,0
2021-05-19 08:00:00,2021,5,2,8,27591.0,2165.6,49.1,42.4,1.01,274.0,137.6,59.75,0.3931,43.031,6.144,7.099,5.977,4.053,16462.0,7.651,5.604,29.38,30588.0,1871.3,-4.0,-0.5,0,0,0,6.666,0
2021-05-19 09:00:00,2021,5,2,9,25924.0,2177.1,48.7,35.2,1.29,275.0,137.8,56.438,0.3713,61.277,6.666,7.943,26.456,4.021,18119.0,7.814,4.43,29.32,30588.0,277.2,1.0,0.8,0,0,0,8.919,0
2021-05-19 10:00:00,2021,5,2,10,25806.0,286.1,47.9,4.3,1.44,330.0,,7.382,0.0486,39.651,8.919,7.277,26.008,2.733,17667.0,7.559,2.797,25.53,,-828.2,,3.1,0,0,0,5.745,0
2021-05-19 11:00:00,2021,5,2,11,25491.0,1105.2,49.9,23.0,1.53,279.0,139.1,28.173,0.1854,33.531,5.745,9.948,11.869,4.547,17468.0,6.701,2.827,26.62,30588.0,59.7,-51.0,4.0,0,0,0,4.799,0
2021-05-19 12:00:00,2021,5,2,12,26836.0,322.8,46.3,1.2,1.76,302.0,135.3,8.662,0.057,57.011,4.799,7.931,7.037,3.517,17351.0,6.81,2.811,20.97,30588.0,-1613.9,23.0,-0.1,0,0,0,8.59,0
2021-05-19 13:00:00,2021,5,2,13,26675.0,,50.6,23.3,1.23,257.0,134.9,33.015,,36.323,8.59,6.144,14.009,6.441,17224.0,6.693,2.622,21.57,30588.0,,-45.0,7.4,0,0,0,5.44,0
2021-05-19 14:00:00,2021,5,2,14,27364.0,1205.9,43.5,20.1,0.9,307.0,136.5,32.998,0.2171,57.284,5.44,6.666,13.126,9.597,19328.0,7.049,2.406,17.85,28862.0,-959.7,50.0,,0,0,0,8.801,0
2021-05-19 15:00:00,2021,5,2,15,27370.0,1228.0,50.6,13.2,1.29,305.0,132.8,33.61,0.2211,108.081,8.801,8.919,6.013,3.182,19557.0,8.331,2.94,14.18,28619.0,-949.1,,6.5,0,0,0,16.609,0
2021-05-19 16:00:00,2021,5,2,16,27141.0,2446.7,47.1,48.4,0.78,262.0,132.6,66.408,0.4369,48.6,16.609,5.745,5.842,2.73,20502.0,8.608,2.898,21.53,28619.0,2160.6,-43.0,1.6,0,0,0,7.406,0
2021-05-19 17:00:00,2021,5,2,17,27034.0,1206.5,49.2,14.2,0.23,259.0,130.9,32.615,0.2146,97.711,7.406,4.799,13.081,6.373,22222.0,10.28,3.037,20.07,28619.0,101.3,-3.0,4.9,0,0,0,14.831,0
2021-05-19 18:00:00,2021,5,2,18,26578.0,1140.8,52.3,18.3,0.2,263.0,130.4,30.32,,,14.831,8.59,13.296,4.587,22627.0,10.29,2.866,22.92,28619.0,818.0,4.0,15.3,0,0,0,8.656,0
2021-05-19 19:00:00,2021,5,2,19,26861.0,1129.0,50.7,6.2,0.2,309.0,129.8,30.326,0.1995,151.936,8.656,5.44,9.154,9.514,22564.0,13.203,4.127,,28619.0,-108.6,46.0,9.1,0,0,0,22.914,1
2021-05-19 20:00:00,2021,5,2,20,26122.0,1109.2,50.8,19.4,0.5,326.0,130.2,28.974,0.1906,,22.914,8.801,13.28,3.326,23433.0,12.916,4.037,19.95,27591.0,-96.7,17.0,11.0,0,0,0,7.08,0
2021-05-19 21:00:00,2021,5,2,21,24779.0,334.0,53.4,8.4,0.92,326.0,134.9,8.275,0.0544,42.581,7.08,16.609,7.235,4.191,22093.0,11.135,4.067,19.15,27591.0,-894.0,0.0,12.9,0,0,0,5.924,0
2021-05-19 22:00:00,2021,5,2,22,23942.0,1073.4,50.2,17.7,0.92,316.0,136.8,25.698,0.1691,55.273,5.924,7.406,5.92,,26674.0,11.139,4.034,14.03,27591.0,-1373.3,-10.0,3.2,0,0,0,7.43,0
2021-05-19 23:00:00,2021,5,2,23,24003.0,1079.2,48.5,19.4,1.38,348.0,140.8,25.904,0.1704,56.535,7.43,14.831,6.451,3.061,26222.0,9.937,4.013,14.9,27591.0,-127.3,32.0,3.6,0,0,0,7.619,0
2021-05-20 00:00:00,2021,5,3,0,24944.0,371.9,50.4,5.8,,353.0,142.7,9.278,0.061,59.771,7.619,8.656,7.922,,26467.0,,4.01,,27591.0,-768.9,5.0,2.6,0,0,0,8.371,0
2021-05-20 01:00:00,2021,5,3,1,24807.0,1109.9,48.8,16.6,1.9,338.0,146.2,27.532,0.1811,67.454,8.371,22.914,8.202,11.924,26160.0,7.637,4.01,14.55,27591.0,-19.1,-15.0,1.1,0,0,0,9.395,0
2021-05-20 02:00:00,2021,5,3,2,24543.0,1070.4,49.4,16.2,1.56,326.0,147.0,26.272,0.1728,59.304,9.395,7.08,7.099,12.596,25791.0,7.818,3.996,14.02,27591.0,-38.8,-12.0,2.7,0,0,0,8.172,0
2021-05-20 03:00:00,2021,5,3,3,23418.0,344.6,51.7,2.6,1.85,359.0,,,0.0531,72.595,8.172,5.924,7.943,8.173,26918.0,8.422,3.994,13.05,27591.0,10.6,33.0,6.9,0,0,0,9.545,0
2021-05-20 04:00:00,2021,5,3,4,22330.0,2309.8,52.4,31.7,2.44,345.0,146.4,51.578,0.3393,85.193,9.545,7.43,7.277,17.717,27108.0,8.964,3.993,15.38,27591.0,1236.4,-14.0,,0,0,0,10.681,0
2021-05-20 05:00:00,2021,5,3,5,22422.0,395.7,49.8,11.1,1.91,301.0,150.6,8.873,0.0584,58.734,10.681,7.619,9.948,17.424,26457.0,8.926,4.002,14.0,27591.0,-683.5,-44.0,3.9,0,0,0,7.394,0
2021-05-20 06:00:00,2021,5,3,6,22588.0,1122.2,52.4,15.9,1.59,331.0,153.4,25.349,0.1668,61.645,7.394,8.371,7.931,10.201,26783.0,8.834,4.004,15.68,27591.0,750.3,30.0,4.9,0,0,0,7.818,0
2021-05-20 07:00:00,2021,5,3,7,24078.0,1169.8,48.4,18.2,1.83,306.0,150.3,28.165,0.1853,55.39,,9.395,6.144,,27448.0,8.516,3.972,15.95,,59.9,,-0.3,0,0,0,7.488,0
2021-05-20 08:00:00,2021,5,3,8,24561.0,389.6,48.8,4.0,1.95,327.0,155.5,9.57,0.063,,7.488,8.172,6.666,5.977,27591.0,8.627,3.941,13.92,27591.0,-680.8,,-0.3,0,0,0,8.838,0
2021-05-20 09:00:00,2021,5,3,9,23251.0,1187.5,51.0,19.9,2.58,321.0,156.1,27.609,0.1816,49.853,8.838,9.545,8.919,26.456,25924.0,8.121,3.976,16.8,27591.0,842.9,-6.0,2.3,0,0,0,6.508,0
2021-05-20 10:00:00,2021,5,3,10,23071.0,327.3,51.1,0.0,2.54,313.0,160.9,7.55,0.0497,,6.508,10.681,5.745,26.008,25806.0,8.487,3.989,11.52,27591.0,-1982.5,-8.0,3.2,0,0,0,12.875,0
2021-05-20 11:00:00,2021,5,3,11,23496.0,345.3,49.9,4.1,2.21,329.0,160.1,8.114,0.0534,64.971,12.875,7.394,4.799,11.869,25491.0,8.683,3.876,10.35,,,16.0,0.0,0,0,0,8.571,0
2021-05-20 12:00:00,2021,5,3,12,23231.0,1222.6,51.9,19.1,2.21,336.0,163.9,28.402,0.1869,57.815,,7.818,8.59,7.037,26836.0,8.637,3.893,10.88,27591.0,100.4,7.0,5.6,0,0,0,7.541,0
2021-05-20 13:00:00,2021,5,3,13,24046.0,314.7,51.3,0.0,2.56,327.0,166.0,7.568,0.0498,85.039,7.541,7.488,5.44,14.009,26675.0,9.302,3.819,7.85,27591.0,-855.1,-9.0,0.7,0,0,0,11.481,0
2021-05-20 14:00:00,2021,5,3,14,23052.0,2177.5,54.1,35.2,2.48,338.0,156.5,50.196,0.3302,59.47,11.481,8.838,8.801,13.126,27364.0,9.112,3.837,13.05,27591.0,1787.9,11.0,10.6,0,0,0,7.697,0
2021-05-20 15:00:00,2021,5,3,15,23268.0,1209.5,53.9,12.5,1.93,331.0,155.3,28.142,0.1851,112.102,7.697,6.508,16.609,6.013,27370.0,10.468,3.699,11.82,27591.0,22.0,-7.0,3.3,0,0,0,14.645,0
2021-05-20 16:00:00,2021,5,3,16,23947.0,301.2,51.8,0.0,1.92,310.0,154.9,7.214,0.0475,80.088,14.645,12.875,7.406,5.842,,10.117,3.679,11.82,27591.0,-26.1,-21.0,4.7,0,0,0,10.768,0
2021-05-20 17:00:00,2021,5,3,17,24082.0,2240.3,55.3,40.5,2.27,279.0,155.4,53.95,0.3549,,10.768,8.571,14.831,13.081,27034.0,9.824,3.552,17.88,27591.0,1895.0,-31.0,6.1,0,0,0,6.811,0
2021-05-20 18:00:00,2021,5,3,18,23771.0,1176.0,53.2,11.8,2.33,284.0,154.1,27.955,0.1839,112.36,6.811,7.541,8.656,13.296,26578.0,11.066,3.73,16.67,27591.0,-46.6,5.0,0.9,0,0,0,14.996,0
2021-05-20 19:00:00,2021,5,3,19,22679.0,1178.1,55.1,11.8,1.97,286.0,150.5,26.718,0.1758,103.728,14.996,11.481,22.914,9.154,26861.0,11.354,2.571,18.63,27591.0,863.4,2.0,4.4,0,0,0,13.208,0
2021-05-20 20:00:00,2021,5,3,20,21030.0,1219.4,53.4,30.9,2.0,323.0,147.8,25.645,0.1687,47.597,,7.697,7.08,13.28,26122.0,11.008,2.64,17.92,27591.0,-958.1,,2.6,0,0,0,5.62,0
2021-05-20 21:00:00,2021,5,3,21,20740.0,2130.0,56.9,25.8,2.3,324.0,139.4,44.177,0.2906,76.172,5.62,14.645,5.924,,,10.046,2.551,20.13,27591.0,920.5,1.0,3.5,0,0,0,8.87,0
2021-05-20 22:00:00,2021,5,3,22,20951.0,329.3,55.4,6.9,1.49,335.0,149.1,6.9,0.0454,40.448,8.87,10.768,,5.92,23942.0,9.044,2.689,21.28,27591.0,28.1,11.0,5.2,0,0,0,4.758,0
2021-05-20 23:00:00,2021,5,3,23,19063.0,272.7,53.1,2.3,1.69,330.0,145.5,5.199,0.0342,54.162,4.758,6.811,7.619,6.451,24003.0,8.875,2.759,14.92,27591.0,-1967.6,-5.0,4.6,0,0,0,5.797,0
2021-05-21 00:00:00,2021,5,4,0,19805.0,2089.3,52.6,,2.39,335.0,152.1,41.378,0.2722,78.545,5.797,14.996,8.371,7.922,24944.0,,2.756,,27591.0,913.3,5.0,2.2,0,0,0,8.734,0
2021-05-21 01:00:00,2021,5,4,1,20283.0,243.3,,1.8,2.84,303.0,156.6,4.935,0.0325,61.591,8.734,13.208,9.395,,24807.0,6.799,2.787,15.47,27591.0,-934.8,-32.0,9.9,0,0,0,7.014,0
2021-05-21 02:00:00,2021,5,4,2,17966.0,1256.9,52.8,14.8,2.19,280.0,153.9,22.582,0.1486,,7.014,5.62,8.172,,24543.0,6.855,2.851,12.78,27591.0,37.5,-23.0,3.4,0,0,0,5.955,0
2021-05-21 03:00:00,2021,5,4,3,18387.0,1264.0,52.8,5.1,2.64,300.0,156.1,23.24,0.1529,164.643,5.955,8.87,9.545,7.943,23418.0,8.209,3.296,9.33,27591.0,-866.0,20.0,1.1,0,0,0,16.997,0
2021-05-21 04:00:00,2021,5,4,4,17935.0,1242.0,52.7,24.7,2.35,313.0,155.1,22.274,0.1465,58.075,16.997,4.758,10.681,7.277,22330.0,8.391,3.349,12.3,27591.0,912.7,13.0,0.3,0,0,0,5.848,0
2021-05-21 05:00:00,2021,5,4,5,18350.0,1261.8,51.6,11.5,2.17,293.0,150.9,23.153,0.1523,99.08,5.848,5.797,7.394,9.948,22422.0,9.126,3.339,,27591.0,,-20.0,1.8,0,0,0,10.208,0
2021-05-21 06:00:00,2021,5,4,6,17886.0,1949.6,,22.2,1.77,311.0,155.3,,0.2294,69.357,10.208,8.734,7.818,7.931,22588.0,8.831,3.358,13.35,27591.0,-139.7,18.0,0.2,0,0,0,6.965,0
2021-05-21 07:00:00,2021,5,4,7,17676.0,272.8,55.1,3.9,,303.0,158.3,4.822,0.0317,49.777,6.965,7.014,7.488,6.144,24078.0,8.486,3.45,13.7,27591.0,29.5,-8.0,,0,0,0,4.94,0
2021-05-21 08:00:00,2021,5,4,8,17827.0,1308.1,55.5,2.8,1.41,304.0,154.3,23.319,0.1534,208.87,4.94,5.955,8.838,6.666,24561.0,10.977,4.221,11.7,27591.0,51.2,1.0,6.7,0,0,0,20.906,1
2021-05-21 09:00:00,2021,5,4,9,17650.0,1298.8,49.9,11.5,2.22,317.0,147.1,22.924,0.1508,98.428,20.906,16.997,6.508,8.919,23251.0,9.77,,12.77,27591.0,34.8,13.0,-1.1,0,0,0,9.754,0
2021-05-21 10:00:00,2021,5,4,10,17726.0,318.4,,11.7,2.23,308.0,149.2,5.645,0.0371,49.285,9.754,5.848,12.875,5.745,23071.0,,4.22,10.6,27591.0,-923.6,-9.0,1.3,0,0,0,4.905,0
2021-05-21 11:00:00,2021,5,4,11,17780.0,1720.9,52.0,14.4,2.42,364.0,152.6,30.599,,135.234,4.905,10.208,8.571,4.799,23496.0,10.162,4.303,11.08,27591.0,459.1,56.0,2.1,0,0,0,13.5,0
2021-05-21 12:00:00,2021,5,4,12,16440.0,1325.7,51.5,11.7,2.54,401.0,150.4,21.794,0.1434,,13.5,6.965,7.541,8.59,23231.0,10.555,4.283,9.33,27591.0,-623.9,37.0,-0.4,0,0,0,9.325,0
2021-05-21 13:00:00,2021,5,4,13,15938.0,345.2,55.5,4.3,2.47,366.0,,5.501,0.0362,51.394,9.325,4.94,11.481,5.44,24046.0,10.498,4.379,9.4,27591.0,72.4,-35.0,4.2,0,0,0,4.599,0
2021-05-21 14:00:00,2021,5,4,14,15373.0,1885.2,52.5,16.8,,367.0,153.3,28.981,0.1907,242.582,4.599,20.906,7.697,8.801,23052.0,10.504,4.965,11.73,27591.0,577.1,1.0,-1.6,1,0,0,20.938,1
2021-05-21 15:00:00,2021,5,4,15,15422.0,1955.7,51.1,18.7,3.12,375.0,154.1,30.16,0.1984,124.463,20.938,9.754,14.645,16.609,,10.674,4.864,12.93,27591.0,656.9,8.0,,1,0,0,10.777,0
2021-05-21 16:00:00,2021,5,4,16,15455.0,390.2,54.1,12.4,3.63,359.0,159.7,6.031,0.0397,207.057,10.777,4.905,10.768,7.406,23947.0,12.851,5.148,13.05,27591.0,,-16.0,2.3,1,0,0,17.967,0
2021-05-21 17:00:00,2021,5,4,17,15577.0,1237.8,55.1,5.8,3.68,327.0,158.9,19.281,0.1269,245.648,17.967,13.5,6.811,14.831,24082.0,14.182,5.607,11.62,27591.0,,,-0.2,1,0,0,21.484,1
2021-05-21 18:00:00,2021,5,4,18,16074.0,393.7,54.2,7.6,3.85,329.0,164.3,6.327,0.0416,221.876,21.484,9.325,14.996,8.656,23771.0,15.965,5.866,10.93,,-932.0,2.0,1.0,1,0,0,20.024,1
2021-05-21 19:00:00,2021,5,4,19,15108.0,413.5,53.7,5.1,3.53,,159.6,6.248,0.0411,78.538,20.024,4.599,,22.914,22679.0,16.309,5.902,11.07,27591.0,68.3,4.0,-1.4,1,0,0,6.662,0
2021-05-21 20:00:00,2021,5,4,20,15536.0,411.5,55.0,0.0,3.62,365.0,,6.393,0.0421,103.006,6.662,20.938,5.62,7.08,21030.0,14.316,5.819,8.27,27591.0,-1473.7,32.0,1.6,0,0,0,8.985,0
2021-05-21 21:00:00,2021,5,4,21,15387.0,2139.5,54.2,31.1,3.57,317.0,143.1,32.92,0.2166,56.406,8.985,10.777,8.87,5.924,20740.0,13.333,5.929,10.33,27591.0,183.8,-48.0,-2.7,0,0,0,4.873,0
2021-05-21 22:00:00,2021,5,4,22,16079.0,465.3,55.8,6.7,3.1,308.0,143.3,7.482,0.0492,,4.873,17.967,4.758,7.43,20951.0,11.135,5.928,9.38,27591.0,75.1,-9.0,0.4,0,0,0,4.784,0
2021-05-21 23:00:00,2021,5,4,23,17488.0,462.0,56.1,7.5,3.2,298.0,138.6,8.079,0.0532,54.314,4.784,21.484,5.797,7.619,19063.0,8.444,,9.67,27591.0,-775.8,-10.0,3.0,0,0,0,5.333,0
2021-05-22 00:00:00,2021,5,5,0,16576.0,1202.5,56.0,17.5,2.43,304.0,,19.933,0.1311,77.653,5.333,20.024,8.734,8.371,19805.0,6.311,5.972,11.32,27591.0,808.8,,3.4,0,0,0,7.227,0
2021-05-22 01:00:00,2021,5,5,1,16439.0,1206.3,56.1,13.3,2.27,292.0,140.0,19.83,0.1305,,7.227,6.662,7.014,9.395,20283.0,6.105,6.02,12.68,27591.0,792.8,-12.0,-2.6,0,0,0,5.427,0
2021-05-22 02:00:00,2021,5,5,2,16319.0,433.9,55.1,10.0,2.3,324.0,131.5,7.08,0.0466,50.238,5.427,8.985,5.955,8.172,17966.0,5.374,,14.35,27591.0,,32.0,2.3,0,0,0,4.603,0
2021-05-22 03:00:00,2021,5,5,3,17200.0,457.0,56.0,9.5,2.33,299.0,128.2,7.861,0.0517,49.86,4.603,4.873,16.997,9.545,18387.0,5.365,5.993,10.75,27591.0,-1682.5,-25.0,,0,0,0,4.815,0
2021-05-22 04:00:00,2021,5,5,4,16605.0,1264.2,56.0,15.4,2.28,235.0,127.0,20.992,0.1381,175.126,4.815,4.784,5.848,10.681,17935.0,7.289,6.074,12.2,27591.0,798.9,-64.0,3.3,1,0,0,16.327,0
2021-05-22 05:00:00,2021,5,5,5,15851.0,1297.5,52.4,10.7,2.67,191.0,125.2,20.566,0.1353,213.042,,5.333,10.208,7.394,,9.56,6.331,12.73,27591.0,835.5,-44.0,0.8,1,0,0,18.96,1
2021-05-22 06:00:00,2021,5,5,6,,1268.0,52.4,13.6,2.58,222.0,125.7,19.746,0.1299,327.211,18.96,7.227,6.965,7.818,17886.0,13.124,7.265,12.08,27591.0,65.5,31.0,-0.2,1,0,0,28.61,1
2021-05-22 07:00:00,2021,5,5,7,14485.0,431.8,53.1,0.0,2.34,234.0,,6.254,0.0411,,28.61,5.427,4.94,7.488,17676.0,14.24,7.131,9.87,27591.0,-774.5,12.0,-2.0,1,0,0,12.122,0
2021-05-22 08:00:00,2021,5,5,8,13335.0,1352.2,54.7,21.4,1.97,246.0,127.0,18.031,0.1186,83.144,12.122,4.603,20.906,8.838,17827.0,14.51,6.941,11.77,27591.0,918.3,12.0,-0.8,1,0,0,6.225,0
2021-05-22 09:00:00,2021,5,5,9,13393.0,1311.4,54.5,3.5,1.42,275.0,127.1,,0.1155,269.11,6.225,4.815,9.754,6.508,17650.0,17.08,7.174,10.77,27591.0,854.4,29.0,4.6,1,0,0,20.236,1
2021-05-22 10:00:00,2021,5,5,10,12519.0,407.6,54.2,1.5,1.46,286.0,124.5,5.103,0.0336,106.446,20.236,16.327,4.905,12.875,17726.0,15.606,7.088,8.45,27591.0,-856.6,11.0,1.8,0,0,0,7.482,0
2021-05-22 11:00:00,2021,5,5,11,13492.0,433.4,52.6,3.2,1.97,309.0,126.8,5.847,0.0385,80.684,7.482,18.96,13.5,8.571,17780.0,13.464,7.167,7.2,27591.0,-864.1,23.0,0.6,0,0,0,6.112,0
2021-05-22 12:00:00,2021,5,5,12,13760.0,1328.3,52.9,,1.59,319.0,132.2,18.278,,158.575,6.112,28.61,9.325,7.541,16440.0,10.738,7.155,6.02,,60.3,10.0,1.4,0,0,0,12.251,0
2021-05-22 13:00:00,2021,5,5,13,13625.0,419.0,49.3,0.0,1.16,306.0,136.2,5.709,0.0376,120.25,12.251,12.122,4.599,11.481,15938.0,10.251,7.022,6.02,27591.0,-12.8,-13.0,-6.2,0,0,0,9.199,0
2021-05-22 14:00:00,2021,5,5,14,13424.0,423.2,48.8,12.0,0.83,304.0,140.5,5.682,0.0374,58.591,9.199,6.225,20.938,7.697,15373.0,9.949,6.888,4.45,27591.0,-929.0,-2.0,-3.7,0,0,0,4.416,0
2021-05-22 15:00:00,2021,5,5,15,12210.0,1986.2,46.4,15.7,0.53,341.0,140.9,24.251,,86.822,4.416,20.236,10.777,,15422.0,7.569,6.966,6.48,27591.0,674.8,37.0,-4.7,0,0,0,5.952,0
2021-05-22 16:00:00,2021,5,5,16,11845.0,1284.0,48.9,6.9,1.55,352.0,,15.209,0.1001,133.133,5.952,7.482,17.967,10.768,15455.0,7.797,6.807,7.38,27591.0,876.4,11.0,-5.2,0,0,0,8.854,0
2021-05-22 17:00:00,2021,5,5,17,12508.0,1253.3,46.8,11.7,1.51,386.0,138.2,15.676,0.1031,68.577,8.854,6.112,21.484,6.811,15577.0,7.581,6.475,8.8,27591.0,819.9,34.0,,0,0,0,4.816,0
2021-05-22 18:00:00,2021,5,5,18,4984.0,403.1,50.7,0.0,1.55,366.0,140.8,2.009,0.0132,488.724,4.816,12.251,20.024,14.996,16074.0,7.819,6.16,7.72,27591.0,-925.2,-20.0,-3.5,0,1,0,13.676,0
2021-05-22 19:00:00,2021,5,5,19,4489.0,1238.0,50.1,0.0,2.08,362.0,137.2,5.557,0.0366,994.729,13.676,9.199,6.662,13.208,15108.0,10.464,6.894,7.72,27591.0,819.0,-4.0,-3.6,0,1,0,25.071,1
2021-05-22 20:00:00,2021,5,5,20,4992.0,1271.5,47.7,0.0,1.77,330.0,144.4,6.347,0.0418,716.462,25.071,4.416,8.985,5.62,15536.0,13.075,7.17,5.72,27591.0,848.3,,-7.3,0,1,0,20.081,1
2021-05-22 21:00:00,2021,5,5,21,4518.0,1740.7,47.6,,1.64,326.0,147.5,7.865,0.0517,736.872,20.081,5.952,4.873,8.87,15387.0,15.198,7.235,3.1,27591.0,-245.5,-4.0,-6.6,0,1,0,18.692,1
2021-05-22 22:00:00,2021,5,5,22,4288.0,1254.7,46.3,1.3,1.93,319.0,148.4,5.38,0.0354,526.389,,8.854,4.784,4.758,16079.0,15.835,7.103,2.17,27591.0,,-7.0,,0,1,0,12.673,0
2021-05-22 23:00:00,2021,5,5,23,5013.0,1321.1,43.9,0.0,2.49,370.0,142.5,6.623,0.0436,811.735,12.673,4.816,5.333,5.797,17488.0,18.84,7.324,0.22,27591.0,67.8,51.0,-12.2,0,1,0,22.847,1
2021-05-23 00:00:00,2021,5,6,0,5340.0,363.0,45.3,0.0,2.28,398.0,138.4,1.939,0.0128,865.69,22.847,13.676,7.227,8.734,16576.0,20.886,7.74,0.22,27591.0,-40.1,28.0,-10.7,1,1,0,25.955,1
2021-05-23 01:00:00,2021,5,6,1,5180.0,1288.6,48.5,0.0,2.48,391.0,139.6,6.675,0.0439,713.806,25.955,25.071,5.427,7.014,16439.0,20.168,7.708,0.22,27591.0,50.6,-7.0,-7.6,1,1,0,20.76,1
2021-05-23 02:00:00,2021,5,6,2,5259.0,1758.5,47.2,1.3,2.55,387.0,137.8,,0.0608,1103.529,20.76,20.081,4.603,5.955,16319.0,22.252,8.349,0.43,27591.0,487.0,-4.0,-7.9,1,1,0,32.584,1
2021-05-23 03:00:00,2021,5,6,3,4477.0,1264.8,46.4,0.0,2.4,366.0,136.1,5.663,0.0373,591.332,32.584,18.692,4.815,16.997,17200.0,21.614,8.066,0.43,27591.0,-475.9,-21.0,-9.6,1,1,0,14.864,0
2021-05-23 04:00:00,2021,5,6,4,4183.0,1220.9,47.3,0.0,2.81,395.0,133.7,5.107,0.0336,1279.326,14.864,12.673,16.327,5.848,16605.0,24.509,8.605,0.22,27591.0,-33.8,29.0,,1,1,0,30.046,1
2021-05-23 05:00:00,2021,5,6,5,4427.0,1973.9,45.2,0.0,2.85,410.0,133.2,8.739,0.0575,2022.349,30.046,22.847,18.96,10.208,15851.0,29.079,11.096,0.22,27591.0,652.8,15.0,-7.2,1,1,0,50.267,1
2021-05-23 06:00:00,2021,5,6,6,,3200.0,43.3,0.0,3.77,394.0,136.3,14.605,0.0961,1468.998,50.267,25.955,28.61,6.965,15573.0,31.027,11.638,0.22,27591.0,2837.0,-16.0,-9.1,0,1,0,37.643,1
2021-05-23 07:00:00,2021,5,6,7,4320.0,718.5,45.8,0.0,4.04,428.0,139.6,3.104,0.0204,489.425,37.643,20.76,12.122,4.94,14485.0,29.546,11.643,0.22,27591.0,-570.1,34.0,-7.3,0,1,0,11.871,0
2021-05-23 08:00:00,2021,5,6,8,,706.0,43.8,0.0,3.81,426.0,142.9,2.717,0.0179,972.881,11.871,32.584,6.225,20.906,13335.0,27.618,11.404,0.0,27591.0,,-2.0,-10.9,0,1,0,21.019,1
2021-05-23 09:00:00,2021,5,6,9,4571.0,2353.9,,0.0,3.72,424.0,140.5,10.76,0.0708,896.266,21.019,14.864,20.236,9.754,,28.975,11.439,0.0,27591.0,1089.1,-2.0,-9.0,0,1,0,23.002,1
2021-05-23 10:00:00,2021,5,6,10,4556.0,3200.0,41.3,8.0,3.48,433.0,137.0,14.579,0.0959,957.309,23.002,30.046,7.482,4.905,12519.0,28.048,11.262,1.33,27591.0,1979.1,9.0,-12.9,0,1,0,24.488,1
2021-05-23 11:00:00,2021,5,6,11,4381.0,2145.1,44.0,0.0,3.78,429.0,130.2,9.397,0.0618,1168.778,24.488,50.267,6.112,13.5,13492.0,,11.078,1.33,27591.0,171.2,-4.0,-8.6,0,1,0,28.749,1
2021-05-23 12:00:00,2021,5,6,12,5446.0,590.3,48.0,0.0,3.25,454.0,135.4,3.215,0.0212,508.421,28.749,37.643,12.251,9.325,13760.0,20.779,,1.33,27591.0,-2609.7,25.0,-4.9,0,1,0,15.546,0
2021-05-23 13:00:00,2021,5,6,13,5537.0,,48.7,0.0,3.42,387.0,136.2,10.566,0.0695,943.26,15.546,11.871,9.199,4.599,13625.0,23.688,10.896,1.33,27591.0,1189.9,-67.0,-0.6,0,1,0,29.324,1
2021-05-23 14:00:00,2021,5,6,14,5197.0,501.6,48.7,0.0,2.74,358.0,142.7,2.607,0.0172,514.343,29.324,21.019,4.416,20.938,13424.0,22.686,10.399,1.33,27591.0,-204.4,-29.0,-0.1,0,1,0,15.008,0
2021-05-23 15:00:00,2021,5,6,15,5649.0,498.9,48.1,1.4,2.48,347.0,142.6,2.818,0.0185,407.324,15.008,23.002,5.952,10.777,12210.0,21.006,10.04,1.57,27591.0,-1855.0,-11.0,1.7,0,1,0,12.919,0
2021-05-23 16:00:00,2021,5,6,16,5462.0,469.5,46.4,3.0,3.12,344.0,141.4,2.564,0.0169,401.639,12.919,24.488,8.854,17.967,11845.0,18.977,9.871,0.73,27591.0,-2730.5,-3.0,-2.5,0,1,0,12.317,0
2021-05-23 17:00:00,2021,5,6,17,6408.0,492.6,43.8,0.0,2.85,368.0,138.3,3.157,0.0208,300.793,12.317,28.749,4.816,21.484,12508.0,15.989,9.489,0.73,27591.0,-1652.5,24.0,,0,1,0,10.822,0
2021-05-23 18:00:00,2021,5,6,18,6334.0,1349.5,47.1,0.0,3.01,390.0,138.7,8.548,0.0562,655.039,10.822,15.546,13.676,20.024,4984.0,17.281,9.32,0.73,27591.0,759.2,22.0,-3.6,0,1,0,23.295,1
2021-05-23 19:00:00,2021,5,6,19,5843.0,432.6,50.0,0.0,2.86,382.0,146.3,2.528,0.0166,433.366,23.295,29.324,25.071,6.662,4489.0,14.763,9.452,0.73,27591.0,-1475.8,-8.0,-0.1,0,1,0,14.217,0
2021-05-23 20:00:00,2021,5,6,20,,,49.9,0.0,2.98,360.0,146.8,3.233,0.0213,392.203,14.217,15.008,20.081,8.985,4992.0,14.832,9.541,0.73,27591.0,-40.0,-22.0,2.2,0,1,0,15.421,0
2021-05-23 21:00:00,2021,5,6,21,7217.0,1103.9,48.7,1.9,2.69,343.0,144.1,7.967,0.0524,580.349,15.421,12.919,18.692,4.873,4518.0,16.598,9.523,0.82,27591.0,605.0,-17.0,1.1,0,1,0,23.516,1
2021-05-23 22:00:00,2021,5,6,22,6959.0,393.6,48.4,0.0,2.92,335.0,152.0,2.739,0.018,409.015,23.516,12.317,12.673,4.784,4288.0,,9.404,0.32,27591.0,-75.9,-8.0,2.1,0,1,0,15.981,0
2021-05-23 23:00:00,2021,5,6,23,6407.0,1196.8,,0.9,2.71,368.0,151.7,7.667,0.0504,,15.981,10.822,22.847,5.333,5013.0,18.176,9.471,0.47,27591.0,704.2,33.0,3.3,0,1,0,16.628,0
2021-05-24 00:00:00,2021,5,0,0,7534.0,416.7,50.2,0.0,2.92,358.0,153.5,3.14,0.0207,360.589,16.628,23.295,25.955,7.227,5340.0,16.836,9.525,0.47,27591.0,-932.8,-10.0,4.9,0,1,0,15.253,0
2021-05-24 01:00:00,2021,5,0,1,7219.0,417.5,50.6,0.0,2.79,347.0,152.8,3.014,0.0198,400.773,15.253,14.217,20.76,,5180.0,17.174,9.584,0.47,,-15.1,-11.0,2.1,0,1,0,16.244,0
2021-05-24 02:00:00,2021,5,0,2,,1103.5,53.3,1.8,2.75,360.0,152.9,8.212,0.054,449.864,16.244,15.421,32.584,4.603,5259.0,17.736,9.286,0.77,27591.0,641.9,,6.1,0,1,0,18.797,1
2021-05-24 03:00:00,2021,5,0,3,7240.0,389.3,51.3,0.0,2.72,371.0,149.7,2.819,0.0185,284.603,,23.516,14.864,4.815,4477.0,15.745,9.4,0.45,27591.0,-714.6,11.0,4.9,0,1,0,11.569,0
2021-05-24 04:00:00,2021,5,0,4,7003.0,401.1,54.6,0.0,2.96,360.0,142.4,2.809,0.0185,264.885,11.569,15.981,30.046,16.327,4183.0,14.818,9.395,0.45,,7.5,-11.0,7.3,0,1,0,10.415,0
2021-05-24 05:00:00,2021,5,0,5,6681.0,369.3,51.8,0.0,2.08,,143.5,2.468,0.0162,387.113,10.415,16.628,50.267,18.96,4427.0,14.466,6.833,0.3,27591.0,-827.5,-11.0,6.6,0,1,0,14.521,0
2021-05-24 06:00:00,2021,5,0,6,7176.0,385.1,53.8,0.0,2.71,337.0,148.2,2.764,0.0182,450.407,14.521,15.253,37.643,28.61,4564.0,14.949,5.449,0.3,27591.0,-31.6,-12.0,10.5,0,1,0,18.147,1
2021-05-24 07:00:00,2021,5,0,7,6842.0,384.3,57.3,0.0,2.24,367.0,149.1,2.629,0.0173,227.932,18.147,16.244,11.871,12.122,4320.0,13.701,5.622,0.3,27591.0,-33.2,30.0,11.5,0,1,0,8.756,0
2021-05-24 08:00:00,2021,5,0,8,7570.0,,55.6,0.0,2.87,324.0,146.0,2.895,0.019,292.242,,18.797,21.019,6.225,3848.0,12.638,5.651,0.0,27591.0,-721.0,-43.0,11.8,0,1,0,12.421,0
2021-05-24 09:00:00,2021,5,0,9,7652.0,363.5,54.1,0.0,2.22,319.0,148.1,2.782,0.0183,267.255,12.421,11.569,,20.236,4571.0,12.624,5.606,0.0,27591.0,-25.8,-5.0,8.6,0,1,0,11.482,0
2021-05-24 10:00:00,2021,5,0,10,7988.0,386.8,,0.0,2.72,317.0,149.6,3.09,0.0203,,11.482,10.415,24.488,7.482,4556.0,13.38,5.346,0.0,27591.0,-14.3,-2.0,14.0,0,1,0,14.956,0
2021-05-24 11:00:00,2021,5,0,11,8291.0,1673.4,54.5,,2.94,306.0,154.5,13.875,0.0913,587.47,14.956,14.521,28.749,6.112,4381.0,15.518,5.208,0.0,27591.0,1304.1,-11.0,10.5,0,1,0,27.347,1
2021-05-24 12:00:00,2021,5,0,12,8157.0,355.1,54.8,0.0,2.75,356.0,154.6,2.896,0.0191,710.989,27.347,18.147,15.546,12.251,5446.0,17.921,6.201,0.0,27591.0,-30.0,50.0,6.8,1,1,0,32.562,1
2021-05-24 13:00:00,2021,5,0,13,8028.0,433.6,51.9,0.0,2.92,358.0,157.2,3.481,0.0229,381.796,32.562,8.756,,9.199,5537.0,19.33,5.597,0.0,27591.0,49.3,2.0,3.2,1,1,0,17.209,0
2021-05-24 14:00:00,2021,5,0,14,7820.0,1258.9,55.3,0.0,2.63,371.0,159.9,9.844,0.0648,598.71,17.209,12.421,15.008,4.416,5197.0,21.64,5.951,0.0,27591.0,876.4,13.0,6.6,1,1,0,26.287,1
2021-05-24 15:00:00,2021,5,0,15,8059.0,390.3,51.9,0.0,3.56,381.0,153.8,3.145,0.0207,640.405,26.287,11.482,12.919,5.952,5649.0,24.556,6.392,0.0,,26.8,10.0,3.8,1,1,0,28.977,1
2021-05-24 16:00:00,2021,5,0,16,8476.0,1249.0,53.6,2.2,3.45,371.0,156.4,10.587,0.0696,342.326,28.977,14.956,12.317,8.854,5462.0,24.779,6.306,0.37,27591.0,862.2,-10.0,7.2,1,1,0,16.291,0
2021-05-24 17:00:00,2021,5,0,17,8280.0,408.3,60.3,0.0,3.84,391.0,152.2,3.381,0.0222,384.867,16.291,27.347,10.822,4.816,6408.0,23.203,6.142,0.37,27591.0,-1265.1,,16.5,1,1,0,17.892,0
2021-05-24 18:00:00,2021,5,0,18,7989.0,1232.6,56.0,3.7,3.51,392.0,153.9,9.848,0.0648,,17.892,32.562,23.295,13.676,6334.0,19.661,6.166,0.98,27591.0,877.5,1.0,8.9,0,1,0,11.308,0
2021-05-24 19:00:00,2021,5,0,19,7811.0,1595.0,59.0,0.0,3.85,384.0,155.6,12.459,0.082,479.005,11.308,17.209,14.217,25.071,5843.0,20.294,6.172,,27591.0,1161.4,-8.0,9.0,0,1,0,21.007,1
2021-05-24 20:00:00,2021,5,0,20,8361.0,447.6,55.9,0.0,3.77,370.0,159.2,3.743,0.0246,349.761,21.007,26.287,,20.081,7003.0,18.649,6.16,0.98,27591.0,-811.3,-14.0,6.0,0,1,0,16.419,0
2021-05-24 21:00:00,2021,5,0,21,8482.0,456.1,53.8,1.8,4.13,362.0,155.4,3.869,0.0255,268.232,16.419,28.977,23.516,18.692,7217.0,15.949,6.107,1.28,27591.0,65.8,-8.0,5.1,0,1,0,12.774,0
2021-05-24 22:00:00,2021,5,0,22,8110.0,1265.0,56.0,0.0,3.34,348.0,158.5,10.259,0.0675,609.607,12.774,16.291,15.981,,6959.0,17.86,6.465,0.92,27591.0,16.0,-14.0,7.6,0,1,0,27.758,1
2021-05-24 23:00:00,2021,5,0,23,9031.0,1658.7,61.9,0.0,4.1,346.0,159.2,14.979,0.0985,479.22,27.758,17.892,16.628,22.847,6407.0,18.928,6.598,0.92,27591.0,1250.4,-2.0,14.7,0,1,0,24.299,1
2021-05-25 00:00:00,2021,5,1,0,9339.0,1224.1,55.2,0.0,4.18,355.0,160.7,11.432,0.0752,497.286,24.299,,15.253,25.955,7534.0,21.389,6.768,0.3,27591.0,-8.5,9.0,5.0,0,1,0,26.075,1
2021-05-25 01:00:00,2021,5,1,1,,1209.2,59.7,0.0,3.58,371.0,159.8,10.139,0.0667,576.614,26.075,21.007,16.244,20.76,7219.0,22.412,,0.3,27591.0,-385.8,16.0,9.1,0,1,0,27.146,1
2021-05-25 02:00:00,2021,5,1,2,8514.0,361.6,57.2,0.0,3.7,385.0,160.2,3.079,0.0203,276.826,27.146,16.419,18.797,32.584,7442.0,21.881,7.07,0.3,27591.0,-86.0,14.0,3.9,0,1,0,13.233,0
2021-05-25 03:00:00,2021,5,1,3,8365.0,1205.6,56.2,1.2,4.0,382.0,,10.086,0.0664,683.516,13.233,12.774,11.569,14.864,7240.0,25.102,,0.2,27591.0,749.5,-3.0,4.9,1,1,0,32.102,1
2021-05-25 04:00:00,2021,5,1,4,8654.0,391.6,54.7,0.0,4.06,322.0,160.1,3.389,0.0223,598.721,32.102,,,30.046,7003.0,25.324,7.383,0.2,27591.0,-873.4,-60.0,0.1,1,1,0,29.091,1
2021-05-25 05:00:00,2021,5,1,5,,2532.1,53.4,6.6,4.94,365.0,159.0,22.019,0.1449,446.641,29.091,24.299,14.521,50.267,6681.0,24.909,,1.3,27591.0,873.4,43.0,,1,1,0,21.807,1
2021-05-25 06:00:00,2021,5,1,6,8593.0,803.3,55.9,0.0,,376.0,151.0,6.903,0.0454,542.489,,26.075,18.147,37.643,7176.0,24.925,7.347,1.3,27591.0,-420.8,11.0,2.1,1,1,0,26.173,1
2021-05-25 07:00:00,2021,5,1,7,7924.0,2186.3,58.1,0.0,4.6,424.0,151.2,17.323,0.114,1079.929,26.173,27.146,8.756,11.871,6842.0,28.409,8.75,1.3,,977.1,48.0,0.8,1,1,0,48.046,1
2021-05-25 08:00:00,2021,5,1,8,7918.0,744.6,56.4,0.0,4.79,404.0,149.2,5.896,0.0388,581.47,48.046,13.233,12.421,21.019,7570.0,30.511,8.495,1.3,27591.0,383.0,-20.0,0.8,1,1,0,25.85,1
2021-05-25 09:00:00,2021,5,1,9,7636.0,2066.9,57.9,0.0,4.41,377.0,151.3,15.782,0.1038,742.799,25.85,32.102,11.482,23.002,7652.0,30.469,8.292,1.1,27591.0,861.3,-27.0,3.8,1,1,0,31.846,1
2021-05-25 10:00:00,2021,5,1,10,23376.0,1942.8,56.2,26.7,4.6,382.0,149.1,,0.2988,111.515,31.846,29.091,14.956,24.488,7988.0,28.06,8.307,5.55,27591.0,1551.2,5.0,0.9,1,0,0,14.636,0
2021-05-25 11:00:00,2021,5,1,11,24285.0,2941.0,59.1,46.1,4.79,364.0,144.9,71.424,0.4699,82.765,14.636,21.807,27.347,28.749,8291.0,26.306,8.666,12.13,27591.0,408.9,-18.0,4.6,1,0,0,11.285,0
2021-05-25 12:00:00,2021,5,1,12,22477.0,2614.8,57.8,41.5,5.3,401.0,143.4,58.774,0.3867,112.838,11.285,26.173,32.562,15.546,8157.0,24.317,8.624,19.05,27591.0,1811.5,37.0,3.0,1,0,0,14.24,0
2021-05-25 13:00:00,2021,5,1,13,24164.0,,58.4,29.2,5.51,400.0,142.6,42.012,0.2764,57.323,14.24,48.046,,29.324,8028.0,17.606,9.082,23.92,27591.0,-447.7,-1.0,6.5,1,0,0,7.777,0
2021-05-25 14:00:00,2021,5,1,14,25370.0,1725.6,53.9,29.6,5.32,430.0,146.2,43.779,0.288,153.15,7.777,25.85,26.287,15.008,7820.0,,9.04,28.85,27591.0,981.0,30.0,-1.4,1,0,0,21.815,1
2021-05-25 15:00:00,2021,5,1,15,23686.0,498.3,54.6,5.3,5.89,,145.0,11.803,0.0777,73.541,21.815,31.846,28.977,12.919,,,9.242,29.73,27591.0,-1568.6,-3.0,2.7,0,0,0,9.78,0
2021-05-25 16:00:00,2021,5,1,16,23506.0,2203.7,57.4,,,413.0,143.3,51.801,0.3408,55.608,9.78,14.636,16.291,12.317,8476.0,12.039,9.622,31.77,27591.0,260.9,-14.0,3.8,0,0,0,7.339,0
2021-05-25 17:00:00,2021,5,1,17,23985.0,1428.4,56.1,15.4,5.18,432.0,147.0,34.26,0.2254,117.803,7.339,11.285,17.892,10.822,8280.0,12.802,9.657,26.65,27591.0,-1512.6,19.0,-4.2,0,0,0,15.864,0
2021-05-25 18:00:00,2021,5,1,18,24418.0,1343.9,58.7,15.0,4.75,376.0,142.3,32.815,0.2159,140.062,15.864,14.24,11.308,23.295,7989.0,13.63,9.455,22.23,27591.0,-1270.9,-56.0,2.7,1,0,0,19.202,1
2021-05-25 19:00:00,2021,5,1,19,,1178.9,56.3,23.5,4.87,374.0,143.7,28.016,0.1843,59.487,19.202,7.777,21.007,14.217,7811.0,13.656,9.827,21.28,27591.0,-559.7,-2.0,-2.7,1,0,0,7.937,0
2021-05-25 20:00:00,2021,5,1,20,24511.0,1208.9,56.5,7.4,4.5,388.0,140.6,29.631,0.1949,161.409,7.937,21.815,16.419,15.421,8361.0,13.723,9.793,17.58,27591.0,-516.7,14.0,0.6,1,0,0,22.213,1
2021-05-25 21:00:00,2021,5,1,21,22722.0,1747.8,54.3,29.1,4.83,355.0,138.4,39.713,0.2613,167.063,22.213,9.78,12.774,23.516,8482.0,15.645,9.644,21.55,27591.0,1249.5,-33.0,0.5,1,0,0,21.313,1
2021-05-25 22:00:00,2021,5,1,22,22355.0,1689.8,56.3,22.5,5.0,368.0,141.0,37.775,0.2485,89.137,21.313,7.339,27.758,15.981,8110.0,16.286,9.741,18.82,27591.0,-513.9,13.0,,1,0,0,11.188,0
2021-05-25 23:00:00,2021,5,1,23,22988.0,1319.8,55.4,19.7,5.54,,135.0,30.339,0.1996,76.27,11.188,15.864,24.299,16.628,9031.0,15.283,9.936,19.53,27591.0,-108.6,5.0,-6.5,1,0,0,9.844,0
2021-05-26 00:00:00,2021,5,2,0,23045.0,1257.3,54.5,16.1,5.48,330.0,134.0,28.973,0.1906,100.736,9.844,19.202,26.075,15.253,9339.0,14.255,,19.72,27591.0,-86.6,-43.0,-0.7,1,0,0,13.034,0
2021-05-26 01:00:00,2021,5,2,1,22372.0,1722.0,,22.1,4.95,366.0,135.8,38.525,,158.571,13.034,7.937,27.146,16.244,8385.0,16.252,,19.48,27591.0,543.1,36.0,-2.6,1,0,0,19.918,1
2021-05-26 02:00:00,2021,5,2,2,22831.0,1230.6,55.3,24.2,3.94,356.0,134.9,28.095,0.1848,43.273,19.918,22.213,13.233,18.797,,13.474,10.112,22.28,27591.0,21.7,-10.0,-1.9,0,0,0,5.547,0
2021-05-26 03:00:00,2021,5,2,3,23646.0,1146.4,53.1,20.5,4.59,376.0,135.3,27.108,0.1783,44.598,5.547,21.313,32.102,11.569,8365.0,10.909,10.011,20.85,27591.0,-601.4,20.0,-3.1,0,0,0,5.921,0
2021-05-26 04:00:00,2021,5,2,4,24955.0,1197.3,55.0,19.5,,386.0,135.8,29.878,0.1966,39.14,5.921,11.188,29.091,,8654.0,9.958,9.989,20.35,27591.0,-492.5,10.0,0.3,0,0,0,5.484,0
2021-05-26 05:00:00,2021,5,2,5,25461.0,1164.1,,16.5,4.04,355.0,131.5,29.639,0.195,78.613,5.484,9.844,21.807,14.521,8696.0,10.19,9.982,19.82,27591.0,-155.7,-31.0,4.2,1,0,0,11.238,0
2021-05-26 06:00:00,2021,5,2,6,25861.0,1085.6,53.5,13.7,4.22,324.0,129.6,28.075,0.1847,108.513,11.238,13.034,26.173,18.147,8593.0,10.644,9.751,19.42,27591.0,-171.7,-31.0,-2.4,1,0,0,15.756,0
2021-05-26 07:00:00,2021,5,2,7,26766.0,1093.1,52.0,16.1,4.36,304.0,137.8,29.257,0.1925,82.626,15.756,19.918,48.046,8.756,7924.0,9.394,6.913,18.42,27591.0,-628.9,-20.0,-6.1,1,0,0,12.417,0
2021-05-26 08:00:00,2021,5,2,8,26796.0,1612.0,54.7,,4.59,304.0,138.0,43.194,0.2842,91.546,12.417,5.547,,12.421,7918.0,10.765,6.455,18.73,27370.0,381.4,0.0,-1.7,1,0,0,13.773,0
2021-05-26 09:00:00,2021,5,2,9,26520.0,,54.0,40.8,4.26,302.0,138.5,42.096,0.2769,28.664,13.773,5.921,31.846,11.482,7636.0,10.489,5.468,22.12,27370.0,440.9,-2.0,-3.9,1,0,0,4.268,0
2021-05-26 10:00:00,2021,5,2,10,26496.0,,54.9,22.8,4.76,300.0,140.2,31.007,0.204,91.991,,5.484,14.636,14.956,23376.0,11.856,5.456,22.67,27370.0,-27.1,-2.0,-1.3,1,0,0,13.685,0
2021-05-26 11:00:00,2021,5,2,11,25519.0,385.3,55.1,6.2,,361.0,137.5,9.832,0.0647,31.212,13.685,11.238,11.285,27.347,24285.0,10.728,5.696,20.95,27370.0,-778.8,61.0,-4.0,0,0,0,4.472,0
2021-05-26 12:00:00,2021,5,2,12,24651.0,1200.2,55.2,28.5,4.92,356.0,139.0,,0.1946,37.116,4.472,15.756,14.24,32.562,22477.0,8.959,5.858,23.42,27370.0,114.6,-5.0,-2.6,0,0,0,5.137,0
2021-05-26 13:00:00,2021,5,2,13,24856.0,1085.9,53.6,15.8,3.96,378.0,134.1,26.991,0.1776,48.833,5.137,12.417,7.777,17.209,24164.0,8.025,,23.37,27370.0,-7.2,22.0,-4.8,0,0,0,6.815,0
2021-05-26 14:00:00,2021,5,2,14,24148.0,1047.3,55.2,13.6,4.05,407.0,140.8,25.29,0.1664,58.172,6.815,13.773,21.815,26.287,25370.0,7.044,5.54,21.28,,-564.7,29.0,1.3,0,0,0,7.887,0
2021-05-26 15:00:00,2021,5,2,15,,1655.9,53.9,31.5,4.24,370.0,135.8,41.666,0.2741,36.709,7.887,4.268,9.78,28.977,23686.0,7.197,5.671,19.73,27141.0,68.6,-37.0,-0.7,0,0,0,5.186,0
2021-05-26 16:00:00,2021,5,2,16,25663.0,329.2,53.4,10.3,3.8,360.0,,8.449,0.0556,,,13.685,7.339,16.291,23506.0,5.601,,17.65,27034.0,-841.0,-10.0,-4.0,0,0,0,4.108,0
2021-05-26 17:00:00,2021,5,2,17,,318.8,53.1,9.8,4.77,367.0,141.8,8.41,0.0553,31.864,4.108,4.472,15.864,17.892,23985.0,5.642,5.833,18.25,26861.0,-66.5,7.0,-3.0,0,0,0,4.72,0
2021-05-26 18:00:00,2021,5,2,18,27210.0,1610.8,51.8,23.2,5.4,366.0,140.0,43.831,0.2884,77.736,4.72,5.137,19.202,11.308,24418.0,6.765,5.54,17.37,27210.0,410.6,-1.0,-6.9,0,0,0,11.876,0
2021-05-26 19:00:00,2021,5,2,19,26663.0,1652.3,51.2,44.1,5.23,365.0,,44.054,0.2898,32.364,11.876,6.815,7.937,21.007,23764.0,,5.629,22.08,27210.0,566.4,-1.0,-5.1,0,0,0,4.845,0
2021-05-26 20:00:00,2021,5,2,20,26910.0,1077.9,53.0,18.5,5.62,424.0,141.0,29.007,0.1908,34.04,4.845,7.887,22.213,16.419,24511.0,5.98,5.074,22.9,27210.0,30.6,59.0,-3.5,0,0,0,5.143,0
2021-05-26 21:00:00,2021,5,2,21,26908.0,338.0,53.8,3.7,5.46,427.0,136.7,9.094,0.0598,71.559,5.143,5.186,21.313,12.774,22722.0,6.917,4.402,18.27,27210.0,-1317.9,3.0,-0.5,1,0,0,10.811,0
2021-05-26 22:00:00,2021,5,2,22,27684.0,1059.8,52.9,13.7,5.65,478.0,133.6,29.34,0.193,74.63,10.811,4.108,11.188,27.758,22355.0,8.166,4.413,18.83,27684.0,730.6,51.0,-3.4,1,0,0,11.6,0
2021-05-26 23:00:00,2021,5,2,23,28654.0,1125.4,52.8,16.1,6.38,447.0,139.4,32.248,0.2122,135.703,11.6,4.72,9.844,24.299,22988.0,11.018,5.143,,28654.0,806.6,-31.0,-2.6,1,0,0,21.832,1
2021-05-27 00:00:00,2021,5,3,0,,1179.1,50.7,25.4,5.87,461.0,144.1,31.934,0.2101,41.127,21.832,11.876,13.034,26.075,23045.0,10.081,5.12,20.25,28654.0,-431.7,14.0,-3.8,1,0,0,6.254,0
2021-05-27 01:00:00,2021,5,3,1,27194.0,340.7,51.3,7.0,6.21,468.0,143.4,9.265,0.061,91.654,6.254,,19.918,27.146,22372.0,11.606,4.702,14.07,28654.0,-1311.6,,-5.8,1,0,0,13.994,0
2021-05-27 02:00:00,2021,5,3,2,29098.0,371.1,48.8,0.0,5.99,459.0,149.1,,0.071,124.274,13.994,5.143,5.547,13.233,22831.0,14.132,5.189,10.98,29098.0,-706.8,-9.0,-6.5,1,0,0,20.303,1
2021-05-27 03:00:00,2021,5,3,3,28044.0,1218.3,49.1,,5.83,446.0,153.5,34.167,0.2248,19.726,20.303,10.811,5.921,32.102,23646.0,12.848,5.304,14.62,29098.0,880.3,-13.0,-4.0,0,0,0,3.106,0
2021-05-27 04:00:00,2021,5,3,4,28495.0,1228.9,51.1,20.0,6.18,429.0,148.7,35.018,0.2304,50.21,3.106,11.6,5.484,,24955.0,12.254,5.248,15.67,29098.0,169.1,,-3.9,0,0,0,8.033,0
2021-05-27 05:00:00,2021,5,3,5,28816.0,1301.7,48.1,,5.87,454.0,145.9,37.511,0.2468,33.148,8.033,21.832,11.238,21.807,25461.0,9.509,5.299,16.85,29098.0,176.3,,-9.5,0,0,0,5.363,0
2021-05-27 06:00:00,2021,5,3,6,27941.0,1286.3,48.7,25.2,7.16,494.0,146.1,35.94,0.2364,23.923,5.363,6.254,15.756,26.173,25861.0,9.092,5.221,16.82,29098.0,107.2,40.0,-4.8,0,0,0,3.753,0
2021-05-27 07:00:00,2021,5,3,7,28089.0,460.3,,12.7,6.83,484.0,149.0,12.929,0.0851,25.661,3.753,13.994,12.417,48.046,26766.0,7.434,,17.77,29098.0,119.6,-10.0,-1.6,0,0,0,4.047,0
2021-05-27 08:00:00,2021,5,3,8,26904.0,,,24.9,6.91,445.0,145.3,35.604,0.2342,32.75,4.047,20.303,13.773,25.85,26796.0,4.875,5.157,21.92,29098.0,952.3,-39.0,-4.3,0,0,0,4.947,0
2021-05-27 09:00:00,2021,5,3,9,26319.0,2285.5,,42.6,6.11,400.0,142.7,60.153,0.3957,28.341,4.947,3.106,4.268,,26520.0,5.055,5.16,24.77,29098.0,1067.2,-45.0,-9.8,0,0,0,4.188,0
2021-05-27 10:00:00,2021,5,3,10,26850.0,1344.3,47.4,14.6,,389.0,143.2,36.094,0.2375,101.531,4.188,8.033,13.685,14.636,26496.0,6.267,5.247,23.87,29098.0,115.4,-11.0,-7.5,0,0,0,15.306,0
2021-05-27 11:00:00,2021,5,3,11,27299.0,1289.7,48.1,26.3,6.81,396.0,143.7,,0.2316,35.518,15.306,5.363,4.472,11.285,25519.0,6.281,5.222,24.38,29098.0,-12.0,7.0,-7.0,0,0,0,5.444,0
2021-05-27 12:00:00,2021,5,3,12,27488.0,1246.8,48.9,18.3,5.81,382.0,144.6,34.273,0.2255,62.488,5.444,3.753,5.137,14.24,24651.0,7.263,5.191,23.23,,,,-6.3,0,0,0,9.644,0
2021-05-27 13:00:00,2021,5,3,13,27491.0,,48.8,54.5,5.79,380.0,145.4,68.297,,34.545,9.644,4.047,6.815,7.777,24856.0,7.477,5.218,30.2,29098.0,2024.0,-2.0,-4.8,0,0,0,5.332,0
2021-05-27 14:00:00,2021,5,3,14,27083.0,1285.1,46.4,26.9,5.74,381.0,161.0,34.804,0.229,31.501,5.332,4.947,7.887,21.815,24148.0,7.451,5.265,30.53,29098.0,-38.3,1.0,-8.8,0,0,0,4.79,0
2021-05-27 15:00:00,2021,5,3,15,27169.0,1210.3,47.8,24.3,5.73,428.0,158.7,32.883,0.2163,30.11,,4.188,5.186,,25162.0,7.518,,27.48,29098.0,-1075.2,47.0,-6.1,0,0,0,4.593,0
2021-05-27 16:00:00,2021,5,3,16,27057.0,2339.6,,37.7,5.12,447.0,164.2,63.303,0.4165,62.476,4.593,15.306,,7.339,25663.0,,5.219,31.33,29098.0,995.3,19.0,-5.0,0,0,0,9.491,0
2021-05-27 17:00:00,2021,5,3,17,26598.0,402.2,46.6,4.4,5.16,401.0,165.2,10.697,0.0704,42.943,9.491,5.444,4.72,15.864,26383.0,6.71,5.179,27.68,29098.0,-887.5,-46.0,-6.5,0,0,0,6.413,0
2021-05-27 18:00:00,2021,5,3,18,26908.0,1188.7,,18.2,5.03,455.0,169.2,31.985,0.2104,44.845,6.413,9.644,11.876,19.202,27210.0,6.232,5.134,,29098.0,-58.1,54.0,-5.1,0,0,0,6.775,0
2021-05-27 19:00:00,2021,5,3,19,22808.0,1223.3,37.0,21.7,3.93,440.0,165.9,27.9,0.1836,20.233,6.775,5.332,4.845,7.937,26663.0,5.776,5.218,22.2,29098.0,-1261.0,-15.0,-14.2,0,0,1,2.591,0
2021-05-27 20:00:00,2021,5,3,20,21053.0,2240.6,43.3,33.2,3.93,466.0,169.2,47.173,0.3103,30.845,2.591,4.79,5.143,22.213,26910.0,5.585,5.263,23.25,29098.0,955.5,26.0,-9.7,0,0,1,3.646,0
2021-05-27 21:00:00,2021,5,3,21,20509.0,1192.3,41.4,19.8,4.12,466.0,170.8,24.453,0.1609,26.044,3.646,4.593,10.811,21.313,26908.0,5.319,5.323,22.5,29098.0,-18.0,0.0,-12.4,0,0,1,2.999,0
2021-05-27 22:00:00,2021,5,3,22,22281.0,457.0,40.8,3.2,,425.0,170.2,10.182,0.067,54.933,2.999,9.491,11.6,11.188,27684.0,4.883,5.259,16.75,29098.0,-1882.6,-41.0,-12.1,0,0,1,6.872,0
2021-05-27 23:00:00,2021,5,3,23,21852.0,2503.8,39.1,43.1,3.75,479.0,169.0,,0.3599,22.626,6.872,6.413,21.832,9.844,28654.0,4.276,4.361,23.2,29098.0,2101.6,54.0,-13.7,0,0,1,2.776,0
2021-05-28 00:00:00,2021,5,4,0,21471.0,1221.9,36.0,6.4,3.56,446.0,172.8,26.236,0.1726,133.91,2.776,6.775,6.254,13.034,27084.0,5.838,4.766,21.23,29098.0,33.2,-33.0,-14.7,0,0,1,16.143,0
2021-05-28 01:00:00,2021,5,4,1,19967.0,1133.7,47.3,20.1,3.7,456.0,173.9,22.637,0.1489,33.397,16.143,2.591,13.994,19.918,,6.03,4.578,20.97,29098.0,-89.6,10.0,-4.0,0,0,1,3.744,0
2021-05-28 02:00:00,2021,5,4,2,19892.0,508.9,43.0,8.2,3.66,462.0,174.1,10.122,0.0666,30.013,3.744,3.646,20.303,5.547,29098.0,5.981,,16.8,29098.0,-1731.7,6.0,-5.8,0,0,1,3.352,0
2021-05-28 03:00:00,2021,5,4,3,20711.0,439.4,42.3,3.1,4.3,444.0,175.0,9.1,0.0599,54.969,3.352,2.999,3.106,5.921,28044.0,6.546,3.532,14.02,29098.0,-752.9,-18.0,-6.8,0,0,1,6.392,0
2021-05-28 04:00:00,2021,5,4,4,20933.0,1054.0,42.4,16.1,4.38,441.0,172.7,22.064,0.1452,40.202,6.392,6.872,8.033,5.484,28495.0,6.189,3.519,16.17,29098.0,597.0,-3.0,-8.7,0,0,1,4.725,0
2021-05-28 05:00:00,2021,5,4,5,21863.0,1123.5,44.0,18.2,3.68,446.0,167.4,24.563,0.1616,37.327,4.725,2.776,5.363,11.238,28816.0,6.49,3.528,12.02,29098.0,-1380.3,5.0,-4.1,0,0,1,4.582,0
2021-05-28 06:00:00,2021,5,4,6,21324.0,2224.4,38.1,22.4,3.66,454.0,162.0,47.433,0.3121,132.027,4.582,16.143,3.753,15.756,27941.0,6.434,4.026,14.68,29098.0,1002.5,8.0,-10.6,0,0,1,15.807,0
2021-05-28 07:00:00,2021,5,4,7,21780.0,471.2,38.8,0.0,4.13,421.0,164.2,10.264,0.0675,92.325,15.807,3.744,4.047,12.417,28089.0,,4.109,11.33,29098.0,-662.5,-33.0,-11.6,0,0,1,11.29,0
2021-05-28 08:00:00,2021,5,4,8,21253.0,1145.1,36.8,11.0,4.22,416.0,166.7,24.336,0.1601,78.323,11.29,3.352,4.947,13.773,26904.0,8.69,4.124,11.8,29098.0,636.2,-5.0,-13.6,0,0,1,9.346,0
2021-05-28 09:00:00,2021,5,4,9,21502.0,440.7,39.3,5.2,4.4,435.0,167.1,9.475,0.0623,35.436,9.346,6.392,4.188,4.268,26319.0,8.338,4.121,12.15,29098.0,1.3,19.0,-4.9,0,0,1,4.278,0
2021-05-28 10:00:00,2021,5,4,10,21132.0,1107.1,46.4,17.7,4.49,491.0,166.2,23.394,0.1539,27.637,4.278,4.725,15.306,13.685,26850.0,8.097,3.775,12.42,29098.0,53.1,56.0,-1.0,0,0,1,3.279,0
2021-05-28 11:00:00,2021,5,4,11,22091.0,500.1,43.0,11.0,4.15,476.0,162.0,11.047,0.0727,23.599,3.279,4.582,5.444,4.472,27299.0,7.821,3.838,11.22,29098.0,-623.4,,-5.1,0,0,1,2.927,0
2021-05-28 12:00:00,2021,5,4,12,21547.0,1111.1,37.6,15.4,4.24,446.0,160.3,23.941,0.1575,28.104,2.927,15.807,,5.137,27488.0,5.753,3.815,10.05,29098.0,-1113.3,-30.0,-11.3,0,0,1,3.4,0
2021-05-28 13:00:00,2021,5,4,13,21153.0,475.2,45.8,7.4,4.13,453.0,160.2,10.053,0.0661,22.33,3.4,11.29,5.332,,27491.0,,3.876,,29098.0,4.0,7.0,-3.0,0,0,1,2.652,0
2021-05-28 14:00:00,2021,5,4,14,21534.0,1056.9,44.2,16.8,4.43,387.0,158.7,22.76,0.1497,28.551,2.652,9.346,4.79,7.887,27083.0,3.331,3.903,12.25,29098.0,-88.2,-66.0,-2.2,0,0,1,3.452,0
2021-05-28 15:00:00,2021,5,4,15,20963.0,493.9,45.7,0.0,4.58,440.0,149.5,10.354,0.0681,93.986,3.452,4.278,4.593,5.186,27169.0,,4.031,11.38,29098.0,53.2,53.0,,0,0,1,11.062,0
2021-05-28 16:00:00,2021,5,4,16,21272.0,1000.6,44.9,20.3,,,144.8,21.285,0.14,67.753,11.062,3.279,9.491,4.108,27057.0,5.264,3.99,11.82,29098.0,-106.5,,-3.5,1,0,1,8.092,0
2021-05-28 17:00:00,2021,5,4,17,21361.0,403.1,38.7,12.4,3.25,403.0,143.7,8.611,0.0567,63.035,8.092,2.927,6.413,4.72,26598.0,6.036,4.001,,29098.0,-97.0,-68.0,-7.9,1,0,1,7.56,0
2021-05-28 18:00:00,2021,5,4,18,20875.0,1111.1,45.6,,3.56,375.0,151.0,23.194,0.1526,148.433,7.56,3.4,6.775,11.876,26908.0,8.369,4.613,10.52,29098.0,0.0,-28.0,-1.1,1,0,1,17.397,0
2021-05-28 19:00:00,2021,5,4,19,21567.0,1163.2,42.3,15.3,3.57,372.0,154.4,25.086,0.165,194.905,17.397,2.652,2.591,4.845,22808.0,11.861,5.688,11.83,29098.0,688.0,-3.0,5.3,1,0,1,23.601,1
2021-05-28 20:00:00,2021,5,4,20,22258.0,,41.7,9.0,3.42,387.0,157.5,9.078,0.0597,60.863,23.601,3.452,3.646,5.143,21053.0,12.553,5.629,10.53,29098.0,-649.1,15.0,-1.6,1,0,1,7.606,0
2021-05-28 21:00:00,2021,5,4,21,21601.0,432.4,39.5,11.0,3.1,384.0,150.1,9.341,0.0615,55.994,7.606,11.062,2.999,10.811,20509.0,11.841,5.546,,29098.0,-61.5,-3.0,-1.9,1,0,1,6.791,0
2021-05-28 22:00:00,2021,5,4,22,22365.0,369.1,45.2,0.0,3.17,379.0,154.1,8.255,0.0543,71.211,6.791,8.092,6.872,11.6,22281.0,11.983,,8.98,29098.0,-631.5,-5.0,4.4,0,0,1,8.942,0
2021-05-28 23:00:00,2021,5,4,23,21103.0,1000.5,43.2,14.5,4.0,424.0,152.3,21.113,0.1389,24.754,8.942,7.56,2.776,21.832,21852.0,11.212,5.541,9.33,29098.0,597.4,45.0,4.1,0,0,1,2.933,0
2021-05-29 00:00:00,2021,5,5,0,19747.0,,42.2,33.8,4.15,438.0,146.7,46.901,0.3086,,2.933,17.397,16.143,6.254,21471.0,9.029,5.296,,29098.0,1264.0,14.0,6.2,0,0,1,4.301,0
2021-05-29 01:00:00,2021,5,5,1,20092.0,395.5,43.2,5.6,,413.0,153.4,7.947,0.0523,29.696,4.301,23.601,3.744,13.994,19967.0,5.654,5.308,12.32,29098.0,-767.7,-25.0,-4.1,0,0,1,3.35,0
2021-05-29 02:00:00,2021,5,5,2,19687.0,1130.4,44.5,13.0,,423.0,147.5,22.254,0.1464,55.386,3.35,7.606,3.352,20.303,19892.0,5.406,5.246,12.98,29098.0,722.6,10.0,1.5,0,0,1,6.122,0
2021-05-29 03:00:00,2021,5,5,3,19565.0,1106.9,47.0,19.3,3.87,448.0,148.8,21.657,0.1425,39.509,6.122,6.791,6.392,3.106,20711.0,4.998,5.282,14.37,29098.0,674.5,25.0,4.7,0,0,1,4.34,0
2021-05-29 04:00:00,2021,5,5,4,19927.0,1125.2,39.7,7.1,4.28,472.0,144.7,22.422,0.1475,107.399,4.34,8.942,4.725,8.033,20933.0,5.51,5.33,15.55,29098.0,756.1,24.0,-2.7,0,0,1,12.016,0
2021-05-29 05:00:00,2021,5,5,5,,1068.5,40.4,9.7,4.91,454.0,147.7,21.635,0.1423,74.756,12.016,2.933,4.582,5.363,21863.0,6.438,5.29,14.75,,68.0,-18.0,-3.6,0,0,1,8.499,0
2021-05-29 06:00:00,2021,5,5,6,20483.0,2313.9,48.6,28.9,4.15,500.0,148.8,47.395,0.3118,64.215,8.499,4.301,15.807,3.753,21324.0,6.952,5.013,13.93,29098.0,-61.2,46.0,10.5,0,0,1,7.385,0
2021-05-29 07:00:00,2021,5,5,7,19764.0,1080.1,47.3,14.5,,465.0,148.8,21.348,0.1404,37.624,7.385,3.35,11.29,4.047,21780.0,7.09,4.991,15.42,29098.0,684.6,-35.0,8.5,0,0,1,4.175,0
2021-05-29 08:00:00,2021,5,5,8,19850.0,2361.5,46.1,25.2,3.71,464.0,148.6,46.877,0.3084,99.651,4.175,6.122,9.346,4.947,21253.0,7.92,5.036,17.45,29098.0,1231.1,-1.0,9.3,0,0,1,11.106,0
2021-05-29 09:00:00,2021,5,5,9,19877.0,474.8,44.3,2.4,3.32,514.0,143.6,9.438,0.0621,75.116,11.106,4.34,4.278,4.188,21502.0,8.594,4.999,14.63,29098.0,-632.1,50.0,5.0,0,0,1,8.383,0
2021-05-29 10:00:00,2021,5,5,10,19850.0,2434.0,45.2,28.3,3.96,461.0,137.3,48.314,0.3179,74.886,8.383,12.016,3.279,15.306,21132.0,7.982,4.92,18.17,29098.0,1308.8,-53.0,-1.2,0,0,1,8.346,0
2021-05-29 11:00:00,2021,5,5,11,19367.0,2383.4,45.2,33.4,4.15,460.0,,46.159,0.3037,39.903,8.346,8.499,2.927,5.444,22091.0,7.289,4.869,22.12,29098.0,1314.9,-1.0,2.2,0,0,1,4.339,0
2021-05-29 12:00:00,2021,5,5,12,19645.0,2447.0,41.8,26.6,3.28,440.0,137.0,48.073,,95.196,4.339,7.385,3.4,9.644,21547.0,7.808,4.809,21.73,29098.0,133.1,-20.0,4.2,0,0,1,10.5,0
2021-05-29 13:00:00,2021,5,5,13,20286.0,403.5,47.5,6.4,3.61,461.0,137.4,,0.0539,38.658,10.5,4.175,2.652,5.332,21153.0,7.846,4.736,20.38,29098.0,-676.6,21.0,1.7,0,0,1,4.403,0
2021-05-29 14:00:00,2021,5,5,14,20886.0,2469.7,38.6,30.3,3.69,482.0,133.0,51.581,0.3394,,4.403,11.106,3.452,4.79,21534.0,7.562,4.636,21.23,29098.0,108.2,21.0,-5.6,0,0,1,9.403,0
2021-05-29 15:00:00,2021,5,5,15,21698.0,407.6,43.1,9.9,3.83,462.0,139.6,8.844,0.0582,27.589,9.403,8.383,11.062,4.593,20963.0,6.725,4.707,22.48,29098.0,-67.2,-20.0,-2.6,0,0,1,3.361,0
2021-05-29 16:00:00,2021,5,5,16,20021.0,1050.4,44.4,15.9,3.96,477.0,139.5,21.029,0.1384,38.822,3.361,8.346,8.092,9.491,21272.0,6.062,,20.42,29098.0,-1383.6,15.0,-0.5,0,0,1,4.364,0
2021-05-29 17:00:00,2021,5,5,17,20723.0,413.4,42.6,9.6,3.44,493.0,,8.566,,29.72,4.364,4.339,7.56,6.413,21361.0,5.915,4.852,16.45,29098.0,-1970.0,16.0,3.9,0,0,1,3.458,0
2021-05-29 18:00:00,2021,5,5,18,21173.0,1577.1,46.0,23.3,3.97,450.0,143.4,33.391,0.2197,77.391,3.458,10.5,17.397,6.775,20875.0,5.698,,15.9,,-869.9,-43.0,0.4,1,0,1,9.2,0
2021-05-29 19:00:00,2021,5,5,19,21828.0,1590.8,48.3,26.2,,458.0,147.6,34.723,0.2284,94.97,9.2,4.403,23.601,2.591,21567.0,6.904,2.918,19.2,29098.0,1187.3,8.0,6.0,1,0,1,11.639,0
2021-05-29 20:00:00,2021,5,5,20,22157.0,550.2,44.4,13.1,3.87,444.0,145.0,12.19,0.0802,94.339,11.639,9.403,7.606,3.646,22258.0,7.293,3.08,16.33,29098.0,-1919.5,-14.0,2.7,1,0,1,11.736,0
2021-05-29 21:00:00,2021,5,5,21,22322.0,443.2,44.7,4.4,3.88,396.0,142.6,9.894,0.0651,191.488,11.736,3.361,6.791,2.999,21601.0,10.733,4.631,15.42,29098.0,35.6,-48.0,5.2,1,0,1,23.999,1
2021-05-29 22:00:00,2021,5,5,22,22188.0,486.2,43.8,5.8,4.01,416.0,150.1,,0.071,105.229,23.999,4.364,8.942,6.872,22365.0,12.19,4.754,13.73,29098.0,-564.2,20.0,,1,0,1,13.109,0
2021-05-29 23:00:00,2021,5,5,23,21797.0,1448.5,43.0,15.9,3.76,454.0,,31.574,0.2077,132.259,,3.458,2.933,2.776,21103.0,14.312,4.914,,29098.0,1035.1,38.0,-0.2,1,0,1,16.186,0
2021-05-30 00:00:00,2021,5,6,0,20721.0,3113.5,42.1,39.0,3.46,411.0,146.5,64.514,0.4244,86.342,16.186,9.2,4.301,16.143,19747.0,14.452,4.841,17.4,29098.0,1536.4,-43.0,-0.1,0,0,1,10.045,0
2021-05-30 01:00:00,2021,5,6,1,20769.0,1410.0,49.4,19.6,3.56,441.0,141.3,,0.1927,37.544,10.045,11.639,3.35,,20092.0,13.242,,16.3,29098.0,-180.8,30.0,6.2,0,0,1,4.378,0
2021-05-30 02:00:00,2021,5,6,2,20706.0,1390.4,48.6,17.9,3.7,390.0,136.8,28.789,0.1894,51.473,4.378,11.736,6.122,3.352,19687.0,12.283,4.799,17.1,29098.0,840.2,-51.0,4.1,0,0,1,5.984,0
2021-05-30 03:00:00,2021,5,6,3,21206.0,2964.7,44.2,40.2,3.74,406.0,137.3,62.869,0.4136,65.167,5.984,,4.34,6.392,19565.0,9.577,4.712,23.07,29098.0,2521.5,16.0,-2.8,0,0,1,7.759,0
2021-05-30 04:00:00,2021,5,6,4,20459.0,1336.0,39.9,14.6,3.91,402.0,137.5,27.334,0.1798,77.227,7.759,,12.016,4.725,19927.0,8.87,,24.53,29098.0,849.8,-4.0,0.2,0,0,1,8.871,0
2021-05-30 05:00:00,2021,5,6,5,20404.0,1257.5,44.3,19.9,4.38,416.0,139.7,25.658,0.1688,43.907,,16.186,8.499,4.582,20249.0,7.011,4.727,25.2,29098.0,-191.0,14.0,3.9,0,0,1,5.03,0
2021-05-30 06:00:00,2021,5,6,6,21769.0,1282.5,42.7,18.8,4.41,421.0,139.4,27.919,0.1837,43.519,5.03,10.045,7.385,15.807,20483.0,6.224,4.77,21.83,29098.0,-1831.0,5.0,-5.9,0,0,1,5.319,0
2021-05-30 07:00:00,2021,5,6,7,22116.0,434.3,47.5,14.7,4.18,395.0,141.9,9.606,0.0632,28.428,5.319,4.378,4.175,11.29,19764.0,6.082,4.797,21.02,29098.0,-975.7,-26.0,0.2,0,0,1,3.53,0
2021-05-30 08:00:00,2021,5,6,8,21331.0,1324.4,42.2,20.2,4.12,377.0,146.3,28.25,0.1859,32.355,3.53,5.984,11.106,9.346,,5.731,4.854,21.4,29098.0,-66.0,-18.0,-3.9,0,0,1,3.875,0
2021-05-30 09:00:00,2021,5,6,9,22328.0,1364.2,50.5,15.2,4.18,354.0,141.1,30.459,0.2004,69.79,3.875,7.759,8.383,4.278,19877.0,5.896,4.855,17.23,29098.0,-1600.5,-23.0,6.2,0,0,1,8.749,0
2021-05-30 10:00:00,2021,5,6,10,22563.0,1361.9,46.1,19.7,3.83,344.0,139.5,30.728,0.2022,33.612,8.749,8.871,8.346,3.279,19850.0,5.127,4.922,18.08,29098.0,25.9,-10.0,0.9,0,0,1,4.258,0
2021-05-30 11:00:00,2021,5,6,11,22142.0,,,20.1,3.91,316.0,137.4,29.858,0.1964,32.916,4.258,5.03,4.339,2.927,19367.0,4.97,4.931,18.12,29098.0,91.0,,2.3,0,0,1,4.092,0
2021-05-30 12:00:00,2021,5,6,12,22008.0,411.7,46.4,20.1,3.89,342.0,134.6,9.06,0.0596,33.448,4.092,,10.5,3.4,19645.0,4.773,4.965,18.33,29098.0,-870.8,26.0,4.6,0,0,1,4.133,0
2021-05-30 13:00:00,2021,5,6,13,22381.0,1316.0,44.0,11.6,3.42,304.0,133.7,29.453,0.1938,112.422,4.133,3.53,4.403,2.652,20286.0,6.539,5.072,17.82,29098.0,881.7,-38.0,-3.5,0,0,1,14.127,0
2021-05-30 14:00:00,2021,5,6,14,21172.0,398.6,39.8,4.5,4.05,327.0,130.4,8.439,0.0555,42.971,14.127,3.875,9.403,3.452,20886.0,6.744,5.103,15.2,29098.0,-925.8,23.0,1.2,0,0,1,5.108,0
2021-05-30 15:00:00,2021,5,6,15,21084.0,2656.5,44.6,40.4,4.28,286.0,138.5,56.008,0.3685,,5.108,8.749,3.361,11.062,21698.0,7.508,5.114,19.4,29098.0,1292.3,-41.0,1.5,1,0,1,13.327,0
2021-05-30 16:00:00,2021,5,6,16,21892.0,403.5,42.4,14.2,4.46,302.0,140.5,8.834,0.0581,105.065,13.327,4.258,4.364,8.092,20021.0,8.95,5.116,18.48,,-958.4,16.0,-2.0,1,0,1,12.914,0
2021-05-30 17:00:00,2021,5,6,17,23064.0,1324.0,46.4,18.1,3.99,298.0,140.7,30.537,0.2009,65.416,12.914,4.092,3.458,7.56,20723.0,9.68,4.99,18.15,29098.0,-24.5,-4.0,3.8,1,0,1,8.471,0
2021-05-30 18:00:00,2021,5,6,18,23119.0,1376.2,39.0,6.2,4.12,272.0,143.4,31.816,,252.805,8.471,4.133,9.2,17.397,21173.0,14.46,6.968,15.83,29098.0,964.5,-26.0,-7.0,1,0,1,32.815,1
2021-05-30 19:00:00,2021,5,6,19,22851.0,355.5,40.4,4.0,4.0,286.0,139.3,8.124,0.0534,46.018,32.815,14.127,11.639,23.601,21828.0,13.09,7.007,14.57,29098.0,-960.5,14.0,-7.9,1,0,1,5.904,0
2021-05-30 20:00:00,2021,5,6,20,23270.0,1449.9,45.8,16.6,4.14,301.0,143.6,33.739,0.222,127.04,5.904,5.108,11.736,7.606,22157.0,15.005,7.137,16.58,29098.0,1051.3,15.0,1.4,1,0,1,16.598,0
2021-05-30 21:00:00,2021,5,6,21,23966.0,316.2,45.0,4.6,3.78,290.0,136.8,7.577,0.0498,39.938,16.598,13.327,23.999,6.791,22322.0,13.679,6.528,10.62,29098.0,-2340.3,-11.0,0.3,0,0,1,5.374,0
2021-05-30 22:00:00,2021,5,6,22,23492.0,1461.6,44.0,21.4,4.29,306.0,138.2,,0.2259,42.101,5.374,12.914,13.109,8.942,22188.0,12.452,6.512,11.82,29098.0,1058.1,16.0,0.2,0,0,1,5.553,0
2021-05-30 23:00:00,2021,5,6,23,22608.0,2513.5,43.9,39.8,3.97,300.0,134.5,56.826,0.3739,47.048,5.553,8.471,16.186,2.933,21797.0,,6.343,15.43,29098.0,1189.5,-6.0,0.9,0,0,1,5.972,0
2021-05-31 00:00:00,2021,5,0,0,24429.0,321.1,38.1,4.5,3.76,303.0,136.2,7.844,0.0516,40.398,5.972,32.815,10.045,4.301,,7.49,6.36,15.15,29098.0,-1055.1,3.0,-4.0,0,0,1,5.541,0
2021-05-31 01:00:00,2021,5,0,1,24501.0,1482.1,44.4,30.1,4.42,241.0,137.3,36.313,0.2389,40.541,5.541,5.904,4.378,3.35,,7.436,6.333,19.5,29098.0,1126.6,-62.0,-5.0,0,0,1,5.577,0
2021-05-31 02:00:00,2021,5,0,2,26239.0,2364.1,40.1,43.6,4.13,265.0,143.5,62.032,0.4081,41.508,5.577,16.598,5.984,6.122,20706.0,5.689,6.331,24.0,29098.0,914.2,24.0,-8.5,0,0,1,6.115,0
2021-05-31 03:00:00,2021,5,0,3,,1483.3,42.1,23.8,3.61,270.0,142.9,36.547,0.2404,48.967,6.115,5.374,7.759,4.34,21206.0,5.922,6.337,27.2,29098.0,1167.1,5.0,-2.1,0,0,1,6.774,0
2021-05-31 04:00:00,2021,5,0,4,26015.0,2369.1,37.0,36.2,3.9,,141.9,61.632,0.4055,90.344,6.774,5.553,8.871,12.016,20459.0,7.196,6.417,29.67,,907.5,-38.0,-2.9,0,0,1,13.196,0
2021-05-31 05:00:00,2021,5,0,5,25526.0,1512.9,43.1,21.6,4.77,267.0,144.8,38.619,0.2541,80.841,13.196,5.972,5.03,8.499,20404.0,8.132,6.405,26.63,29098.0,-1000.6,35.0,-1.2,0,0,1,11.586,0
2021-05-31 06:00:00,2021,5,0,6,30329.0,1498.5,51.5,28.0,3.67,308.0,148.0,45.447,0.299,57.046,11.586,5.541,5.319,7.385,21769.0,8.827,6.367,30.55,,1177.4,41.0,8.8,0,0,0,9.714,0
2021-05-31 07:00:00,2021,5,0,7,29228.0,387.7,52.7,11.9,3.14,298.0,151.2,11.331,0.0745,120.741,9.714,5.577,3.53,4.175,22116.0,11.2,6.633,27.52,30329.0,-1094.4,-10.0,,1,0,0,19.814,1
2021-05-31 08:00:00,2021,5,0,8,30672.0,365.0,50.3,0.0,2.66,272.0,143.8,11.196,0.0737,137.826,19.814,6.115,3.875,11.106,21331.0,14.136,7.114,20.25,30672.0,-1999.1,-26.0,8.1,1,0,0,23.735,1
2021-05-31 09:00:00,2021,5,0,9,30743.0,,48.5,21.8,2.97,286.0,139.2,43.36,0.2853,96.947,23.735,6.774,8.749,8.383,22328.0,15.796,,19.92,30743.0,-72.9,14.0,-2.0,1,0,0,16.734,0
2021-05-31 10:00:00,2021,5,0,10,30946.0,,48.2,43.9,3.56,305.0,139.6,68.139,0.4483,162.355,16.734,13.196,4.258,8.346,22563.0,18.299,7.909,21.2,30946.0,-167.2,19.0,2.1,1,0,0,28.209,1
2021-05-31 11:00:00,2021,5,0,11,30598.0,422.0,51.0,12.4,3.74,289.0,143.2,12.912,0.0849,39.087,28.209,,4.092,4.339,22142.0,17.487,7.817,19.67,30946.0,-1090.9,-16.0,3.5,1,0,0,6.715,0
2021-05-31 12:00:00,2021,5,0,12,30396.0,2129.0,50.2,38.7,3.06,326.0,149.1,64.713,0.4257,144.872,6.715,9.714,4.133,10.5,22008.0,19.988,8.061,,30946.0,630.5,37.0,3.8,1,0,0,24.724,1
2021-05-31 13:00:00,2021,5,0,13,29300.0,,47.7,32.5,3.31,307.0,146.6,40.839,0.2687,47.378,24.724,19.814,14.127,4.403,,17.985,,24.88,30946.0,1006.1,-19.0,3.7,0,0,0,7.794,0
2021-05-31 14:00:00,2021,5,0,14,29076.0,1446.5,45.8,24.7,3.05,314.0,141.8,42.058,0.2767,70.781,7.794,23.735,5.108,9.403,21172.0,15.955,7.968,29.0,30946.0,1081.5,,6.0,0,0,0,11.555,0
2021-05-31 15:00:00,2021,5,0,15,27552.0,1997.6,49.0,30.9,3.39,287.0,147.5,55.038,0.3621,94.678,11.555,16.734,13.327,3.361,21084.0,15.607,7.977,30.52,30946.0,587.2,-27.0,4.4,0,0,0,14.646,0
2021-05-31 16:00:00,2021,5,0,16,28234.0,1871.2,,20.6,2.94,267.0,143.3,52.832,,155.36,14.646,28.209,12.914,4.364,21892.0,,8.337,26.63,30946.0,-330.7,,8.9,0,0,0,24.628,1
2021-05-31 17:00:00,2021,5,0,17,28896.0,1450.9,47.8,19.4,2.58,291.0,143.6,41.927,0.2758,102.836,,6.715,8.471,,23064.0,16.672,8.302,27.8,30946.0,1028.9,24.0,1.4,0,0,0,16.684,0
2021-05-31 18:00:00,2021,5,0,18,27947.0,,47.1,6.8,2.53,278.0,143.1,10.409,0.0685,41.336,16.684,24.724,32.815,9.2,23119.0,13.632,7.333,22.48,30946.0,-1756.6,,8.1,0,0,0,6.486,0
2021-05-31 19:00:00,2021,5,0,19,28582.0,379.3,47.4,0.0,2.37,223.0,143.6,10.842,0.0713,89.073,6.486,7.794,5.904,11.639,,14.716,7.204,17.07,,-1014.5,-55.0,7.0,0,0,0,14.294,0
2021-05-31 20:00:00,2021,5,0,20,28522.0,361.5,49.5,6.9,3.27,203.0,142.9,10.311,0.0678,46.94,14.294,11.555,16.598,11.736,23270.0,14.042,7.236,14.1,30946.0,-1085.0,-20.0,3.7,0,0,0,7.517,0
2021-05-31 21:00:00,2021,5,0,21,27965.0,1402.5,43.8,20.3,2.65,250.0,136.8,39.22,0.258,85.236,7.517,14.646,5.374,23.999,,13.832,7.078,12.33,30946.0,-595.1,47.0,-1.2,0,0,0,13.383,0
2021-05-31 22:00:00,2021,5,0,22,27006.0,315.3,45.0,7.1,2.65,261.0,,8.515,0.056,42.809,13.383,24.628,5.553,13.109,23492.0,10.809,,10.08,30946.0,-1555.9,11.0,1.0,0,0,0,6.491,0
2021-05-31 23:00:00,2021,5,0,23,26942.0,1402.4,44.5,23.9,2.31,,145.8,,0.2486,54.704,6.491,16.684,5.972,16.186,22608.0,9.408,6.957,10.83,30946.0,-48.5,27.0,0.6,0,0,0,8.275,0
2021-06-01 00:00:00,2021,6,1,0,28149.0,330.2,47.3,9.3,2.4,,139.4,9.294,0.0611,42.323,,,5.541,10.045,24429.0,9.442,6.908,,30946.0,-42.2,3.0,9.2,0,0,0,6.689,0
2021-06-01 01:00:00,2021,6,1,1,28058.0,1463.9,47.5,19.8,4.1,290.0,139.5,41.073,0.2702,103.679,6.689,,5.577,4.378,24501.0,9.781,6.754,14.55,30946.0,1084.6,,3.1,0,0,0,16.333,0
2021-06-01 02:00:00,2021,6,1,2,29726.0,1531.3,46.9,26.0,3.88,336.0,132.6,45.519,0.2995,74.225,16.333,7.517,6.115,5.984,26239.0,10.593,6.578,17.73,30946.0,1169.8,46.0,6.8,0,0,0,12.388,0
2021-06-01 03:00:00,2021,6,1,3,29330.0,1522.2,47.3,36.8,3.71,342.0,128.4,44.648,0.2937,44.038,12.388,13.383,6.774,7.759,24639.0,9.571,6.557,20.48,30946.0,119.7,6.0,5.2,0,0,0,7.252,0
2021-06-01 04:00:00,2021,6,1,4,28545.0,1436.8,47.3,27.4,3.69,,131.1,41.013,0.2698,,7.252,6.491,13.196,8.871,26015.0,9.745,6.677,23.87,30946.0,1121.5,-8.0,10.3,0,0,0,7.533,0
2021-06-01 05:00:00,2021,6,1,5,29434.0,,48.2,37.2,4.69,339.0,137.6,54.574,0.359,55.973,7.533,8.275,11.586,5.03,25526.0,9.908,6.722,26.08,30946.0,451.7,5.0,5.1,0,0,0,9.25,0
2021-06-01 06:00:00,2021,6,1,6,,2021.6,47.5,34.1,4.23,371.0,136.2,61.185,0.4025,93.726,9.25,6.689,9.714,5.319,30329.0,11.447,6.695,30.22,30946.0,1691.4,32.0,-4.0,0,0,0,15.927,0
2021-06-01 07:00:00,2021,6,1,7,30262.0,1405.0,46.7,28.4,3.2,390.0,142.3,42.519,0.2797,43.37,15.927,16.333,19.814,3.53,29228.0,9.953,6.677,31.65,30946.0,-58.9,19.0,-6.0,0,0,0,7.369,0
2021-06-01 08:00:00,2021,6,1,8,30659.0,286.4,48.4,9.2,3.94,322.0,140.3,8.782,0.0578,40.003,7.369,12.388,23.735,3.875,30672.0,9.036,6.391,28.85,30946.0,-1244.9,-68.0,-1.9,0,0,0,6.886,0
2021-06-01 09:00:00,2021,6,1,9,30010.0,2110.2,45.4,39.9,4.0,315.0,132.4,63.326,0.4166,68.644,6.886,,16.734,8.749,30743.0,9.755,6.326,29.37,30946.0,588.0,-7.0,-3.1,0,0,0,11.566,0
2021-06-01 10:00:00,2021,6,1,10,30168.0,2138.3,46.4,37.1,4.53,318.0,136.3,64.508,0.4244,85.205,11.566,7.533,28.209,4.258,30946.0,10.905,5.36,30.98,30946.0,701.5,3.0,-1.8,0,0,0,14.432,0
2021-06-01 11:00:00,2021,6,1,11,29516.0,2133.5,50.1,39.2,4.63,323.0,133.2,62.972,0.4143,59.92,14.432,9.25,6.715,4.092,30598.0,11.018,5.272,31.32,30946.0,279.4,,-0.9,0,0,0,9.93,0
2021-06-01 12:00:00,2021,6,1,12,28256.0,1185.6,43.9,23.7,3.86,343.0,132.3,33.499,0.2204,39.988,9.93,15.927,24.724,,30396.0,9.421,,29.58,30946.0,-836.0,20.0,-6.3,0,0,0,6.344,0
2021-06-01 13:00:00,2021,6,1,13,28600.0,326.1,46.9,12.6,4.1,271.0,134.7,9.328,0.0614,36.381,6.344,7.369,7.794,14.127,29300.0,9.167,4.673,26.95,,-1078.9,-72.0,-0.8,0,0,0,5.842,0
2021-06-01 14:00:00,2021,6,1,14,29542.0,1142.8,47.4,19.9,3.74,370.0,134.0,33.759,0.2221,56.172,5.842,6.886,11.555,5.108,29076.0,9.572,4.682,28.73,30946.0,856.4,99.0,1.6,0,0,0,9.317,0
2021-06-01 15:00:00,2021,6,1,15,29285.0,1180.0,50.8,34.7,4.42,335.0,127.7,34.558,0.2274,39.581,9.317,,14.646,13.327,27552.0,8.729,4.686,27.87,30946.0,-930.2,,1.8,0,0,0,6.508,0
2021-06-01 16:00:00,2021,6,1,16,28320.0,356.1,51.4,18.0,4.15,,129.9,10.086,0.0664,35.219,6.508,14.432,24.628,12.914,28234.0,7.257,3.691,24.68,30946.0,-1782.2,20.0,0.1,0,0,0,5.6,0
2021-06-01 17:00:00,2021,6,1,17,26986.0,1157.2,50.4,17.5,3.92,,130.1,31.228,0.2055,69.109,5.6,9.93,16.684,8.471,28896.0,7.347,3.384,21.07,30946.0,-976.3,1.0,2.6,0,0,0,10.471,0
2021-06-01 18:00:00,2021,6,1,18,28320.0,1082.7,48.1,25.7,3.34,374.0,134.9,,0.2017,36.747,10.471,6.344,6.486,32.815,27947.0,7.264,3.41,21.4,30946.0,-102.9,,1.0,0,0,0,5.843,0
2021-06-01 19:00:00,2021,6,1,19,28151.0,349.9,50.3,10.6,3.55,388.0,132.9,9.851,0.0648,35.367,5.843,5.842,14.294,5.904,28582.0,7.221,3.328,21.07,30946.0,23.8,14.0,2.9,0,0,0,5.59,0
2021-06-01 20:00:00,2021,6,1,20,26592.0,1089.2,50.3,17.7,3.9,,131.7,28.964,0.1905,54.359,5.59,9.317,7.517,16.598,28522.0,7.021,3.319,20.7,30946.0,-53.6,,0.8,0,0,0,8.116,0
2021-06-01 21:00:00,2021,6,1,21,27006.0,1068.7,51.8,16.0,3.72,404.0,131.8,28.862,0.1899,,8.116,6.508,13.383,5.374,27965.0,7.386,3.188,17.58,,-111.3,23.0,8.0,0,0,0,8.696,0
2021-06-01 22:00:00,2021,6,1,22,26015.0,1064.8,,19.2,3.85,398.0,134.5,27.701,,38.381,8.696,5.6,6.491,5.553,27006.0,7.387,3.222,17.78,30946.0,708.7,-6.0,7.1,0,0,0,5.606,0
2021-06-01 23:00:00,2021,6,1,23,26781.0,366.7,54.3,7.1,3.08,380.0,138.7,9.822,0.0646,36.751,5.606,10.471,8.275,5.972,26942.0,6.563,3.29,16.05,30946.0,-790.5,-18.0,9.8,0,0,0,5.526,0
2021-06-02 00:00:00,2021,6,2,0,26536.0,2077.8,51.9,32.3,2.93,386.0,137.3,55.138,0.3627,73.274,5.526,5.843,6.689,5.541,28149.0,7.408,3.291,17.15,30946.0,995.1,6.0,,0,0,0,10.917,0
2021-06-02 01:00:00,2021,6,2,1,27739.0,1088.8,51.6,17.1,3.07,370.0,141.1,30.202,0.1987,62.109,10.917,5.59,16.333,5.577,,8.089,2.892,18.23,30946.0,738.9,-16.0,4.1,0,0,0,9.673,0
2021-06-02 02:00:00,2021,6,2,2,27491.0,1126.2,54.2,15.5,2.42,362.0,142.7,30.96,0.2037,,9.673,8.116,12.388,6.115,29726.0,8.617,2.838,17.87,30946.0,37.0,-8.0,7.3,0,0,0,11.283,0
2021-06-02 03:00:00,2021,6,2,3,28937.0,1097.1,46.7,14.5,2.36,391.0,147.3,31.748,0.2089,83.259,11.283,8.696,7.252,,29330.0,,2.996,17.62,30946.0,28.4,29.0,-0.6,0,0,0,13.527,0
2021-06-02 04:00:00,2021,6,2,4,28914.0,1158.0,48.9,31.0,2.14,392.0,140.5,33.482,0.2203,35.259,13.527,5.606,7.533,13.196,28545.0,9.442,3.052,19.58,30946.0,93.2,1.0,1.6,0,0,0,5.724,0
2021-06-02 05:00:00,2021,6,2,5,29091.0,1112.1,49.8,29.2,1.64,389.0,144.0,32.351,0.2128,31.665,5.724,5.526,9.25,11.586,29434.0,9.383,,23.27,30946.0,745.4,-3.0,1.6,0,0,0,5.172,0
2021-06-02 06:00:00,2021,6,2,6,29503.0,319.0,50.5,2.3,1.66,389.0,143.7,9.411,0.0619,57.303,5.172,10.917,15.927,9.714,30266.0,9.145,2.728,18.27,30946.0,-1758.8,0.0,3.0,0,0,0,9.492,0
2021-06-02 07:00:00,2021,6,2,7,29060.0,1904.7,51.9,36.5,1.69,374.0,151.4,,0.3642,32.153,9.492,9.673,7.369,19.814,30262.0,8.407,2.794,21.5,30946.0,815.9,-15.0,5.2,0,0,0,5.246,0
2021-06-02 08:00:00,2021,6,2,8,29951.0,389.1,52.5,12.6,1.79,423.0,148.5,11.654,0.0767,22.966,5.246,11.283,6.886,,30659.0,7.171,2.922,21.02,30946.0,-737.1,49.0,4.1,0,0,0,3.862,0
2021-06-02 09:00:00,2021,6,2,9,,1716.5,49.9,38.1,2.14,398.0,146.9,50.337,0.3312,31.631,3.862,13.527,11.566,16.734,30010.0,5.784,2.882,24.95,30946.0,619.4,-25.0,4.5,0,0,0,5.208,0
2021-06-02 10:00:00,2021,6,2,10,31145.0,1052.3,51.7,9.6,,388.0,149.5,32.774,0.2156,99.848,5.208,5.724,14.432,28.209,30168.0,7.74,3.229,21.38,31145.0,-105.7,-10.0,5.3,0,0,0,17.46,0
2021-06-02 11:00:00,2021,6,2,11,30266.0,391.7,49.1,18.3,3.07,414.0,149.6,11.856,0.078,29.853,17.46,,9.93,6.715,29516.0,7.724,3.252,19.57,31145.0,-720.4,26.0,-1.0,0,0,0,5.073,0
2021-06-02 12:00:00,2021,6,2,12,30291.0,1044.3,46.7,22.7,2.35,403.0,148.1,31.633,0.2081,21.62,5.073,9.492,6.344,24.724,28256.0,6.754,3.346,22.97,31145.0,725.3,-11.0,2.8,0,0,0,3.677,0
2021-06-02 13:00:00,2021,6,2,13,30374.0,378.9,49.4,,2.58,439.0,142.8,11.51,0.0757,28.158,3.677,5.246,5.842,7.794,28600.0,6.68,3.377,19.2,31145.0,,36.0,2.5,0,0,0,4.802,0
2021-06-02 14:00:00,2021,6,2,14,30122.0,1687.0,50.4,33.6,2.51,462.0,140.4,50.815,0.3343,80.646,4.802,3.862,,11.555,29542.0,8.31,3.582,22.7,31145.0,1297.9,23.0,3.0,1,0,0,13.639,0
2021-06-02 15:00:00,2021,6,2,15,30343.0,1182.6,52.0,19.1,2.06,447.0,135.8,35.883,0.2361,62.695,13.639,5.208,6.508,14.646,29285.0,9.222,,19.53,31145.0,-533.9,-15.0,1.2,1,0,0,10.681,0
2021-06-02 16:00:00,2021,6,2,16,29842.0,1190.8,52.7,25.3,2.62,453.0,133.7,35.535,0.2338,152.951,10.681,17.46,5.6,24.628,28320.0,10.583,5.07,22.15,31145.0,138.5,6.0,1.3,1,0,0,25.627,1
2021-06-02 17:00:00,2021,6,2,17,29116.0,,49.8,17.3,2.98,453.0,137.9,34.635,0.2279,73.84,25.627,5.073,10.471,16.684,26986.0,11.75,5.104,21.98,31145.0,797.8,0.0,-0.6,1,0,0,12.071,0
2021-06-02 18:00:00,2021,6,2,18,27993.0,1672.3,47.4,35.0,2.84,463.0,137.2,46.811,0.308,23.841,12.071,3.677,5.843,6.486,28320.0,11.761,5.175,24.03,31145.0,628.0,10.0,-0.7,1,0,0,3.747,0
2021-06-02 19:00:00,2021,6,2,19,27957.0,1200.6,48.4,14.8,2.58,446.0,140.5,33.565,0.2208,159.747,3.747,4.802,5.59,14.294,28151.0,15.14,6.1,24.18,31145.0,821.7,-17.0,-1.9,1,0,0,25.075,1
2021-06-02 20:00:00,2021,6,2,20,27298.0,1166.8,52.7,20.4,2.34,450.0,139.2,31.851,,17.538,25.075,13.639,8.116,7.517,26592.0,13.315,6.256,21.98,31145.0,-520.2,4.0,2.4,0,0,0,2.688,0
2021-06-02 21:00:00,2021,6,2,21,25418.0,1206.4,54.8,23.3,2.74,469.0,142.6,30.665,0.2017,15.262,2.688,10.681,8.696,13.383,27006.0,11.898,6.425,,31145.0,23.8,19.0,3.0,0,0,0,2.178,0
2021-06-02 22:00:00,2021,6,2,22,25668.0,349.8,54.1,3.4,2.82,473.0,142.4,8.978,0.0591,31.343,2.178,25.627,5.606,6.491,26015.0,8.379,6.454,19.03,31145.0,-841.0,4.0,2.0,0,0,0,4.517,0
2021-06-02 23:00:00,2021,6,2,23,26034.0,1261.6,53.2,14.7,2.6,498.0,139.4,32.843,0.2161,69.542,4.517,12.071,5.526,8.275,26781.0,8.062,6.414,18.6,31145.0,72.1,25.0,-1.1,0,0,0,10.165,0
2021-06-03 00:00:00,2021,6,3,0,26296.0,1326.6,58.4,20.9,3.36,491.0,140.8,34.884,0.2295,26.422,10.165,3.747,10.917,6.689,26536.0,8.087,6.493,16.25,31145.0,-345.7,-7.0,6.5,0,0,0,3.901,0
2021-06-03 01:00:00,2021,6,3,1,27046.0,1831.9,56.1,29.2,2.99,516.0,144.0,49.546,0.326,39.084,3.901,25.075,9.673,16.333,27739.0,4.897,6.519,18.65,31145.0,631.3,25.0,4.5,0,0,0,5.935,0
2021-06-03 02:00:00,2021,6,3,2,25430.0,1316.4,56.3,24.9,2.88,522.0,149.2,33.478,0.2202,11.907,5.935,2.688,11.283,12.388,27491.0,,6.651,19.4,31145.0,149.6,6.0,2.1,0,0,0,1.7,0
2021-06-03 03:00:00,2021,6,3,3,24496.0,1249.3,51.4,23.2,2.69,547.0,151.2,30.603,0.2013,13.117,1.7,2.178,13.527,7.252,28937.0,4.67,6.687,19.38,31145.0,42.9,25.0,,0,0,0,1.804,0
2021-06-03 04:00:00,2021,6,3,4,25550.0,1270.4,56.5,19.1,2.03,560.0,150.3,32.458,0.2135,44.489,1.804,4.517,5.724,7.533,28914.0,4.981,6.679,22.0,31145.0,920.6,13.0,7.6,0,0,0,6.382,0
2021-06-03 05:00:00,2021,6,3,5,,1299.9,,18.9,,609.0,,32.695,0.2151,46.127,6.382,10.165,5.172,9.25,29091.0,4.373,,22.7,31145.0,38.3,49.0,4.3,0,0,0,6.514,0
2021-06-03 06:00:00,2021,6,3,6,24821.0,1324.4,55.0,,2.23,600.0,151.6,32.873,0.2163,25.632,6.514,3.901,9.492,15.927,29503.0,4.318,6.712,23.17,31145.0,-2.2,-9.0,4.5,0,0,0,3.572,0
2021-06-03 07:00:00,2021,6,3,7,24242.0,,56.7,27.6,2.72,560.0,152.7,44.541,0.293,40.247,3.572,5.935,5.246,7.369,29060.0,4.242,6.708,22.9,31145.0,5.4,-40.0,4.8,0,0,0,5.478,0
2021-06-03 08:00:00,2021,6,3,8,24326.0,428.5,56.2,9.5,2.48,581.0,148.9,10.422,0.0686,25.516,5.478,1.7,3.862,6.886,29951.0,4.539,6.718,20.33,31145.0,-887.9,21.0,3.7,0,0,0,3.485,0
2021-06-03 09:00:00,2021,6,3,9,,1320.7,56.7,20.5,2.87,598.0,148.3,31.925,0.21,41.585,,1.804,5.208,11.566,29325.0,5.179,6.712,19.88,31145.0,,17.0,,0,0,0,5.644,0
2021-06-03 10:00:00,2021,6,3,10,24945.0,1916.5,56.5,30.9,2.94,594.0,152.3,,0.3145,37.806,,6.382,17.46,14.432,31145.0,4.998,,21.85,31145.0,646.1,-4.0,4.8,0,0,0,5.295,0
2021-06-03 11:00:00,2021,6,3,11,24480.0,1375.8,52.0,28.4,2.47,585.0,153.7,33.68,0.2216,28.855,5.295,6.514,5.073,9.93,30266.0,4.573,6.418,23.43,31145.0,75.9,,2.9,0,0,0,3.966,0
2021-06-03 12:00:00,2021,6,3,12,,374.9,55.6,7.4,2.72,605.0,152.3,9.05,0.0595,30.956,3.966,3.572,3.677,6.344,30291.0,4.677,6.407,20.72,31145.0,-949.5,20.0,8.9,0,0,0,4.196,0
2021-06-03 13:00:00,2021,6,3,13,23387.0,1429.2,52.1,20.3,3.01,565.0,149.9,33.425,0.2199,44.468,4.196,5.478,4.802,5.842,30374.0,4.738,6.393,19.5,,-408.1,,2.7,0,0,0,5.839,0
2021-06-03 14:00:00,2021,6,3,14,23824.0,446.4,51.8,12.1,2.93,589.0,147.8,10.635,0.07,29.007,5.839,,13.639,9.317,30122.0,4.803,6.279,19.93,31145.0,17.9,24.0,,0,0,0,3.88,0
2021-06-03 15:00:00,2021,6,3,15,22563.0,401.2,54.3,9.4,2.6,571.0,149.8,9.051,0.0595,31.946,3.88,5.644,10.681,6.508,30343.0,4.537,6.249,18.08,31145.0,-919.5,-18.0,2.3,0,0,0,4.047,0
2021-06-03 16:00:00,2021,6,3,16,22885.0,1424.0,51.9,14.6,3.78,592.0,148.4,32.589,0.2144,93.556,4.047,5.295,25.627,5.6,29842.0,5.658,,15.37,31145.0,-492.5,21.0,-0.8,0,0,0,12.021,0
2021-06-03 17:00:00,2021,6,3,17,24672.0,2091.8,50.4,45.0,3.28,542.0,149.4,51.608,0.3395,26.855,12.021,3.966,12.071,10.471,29116.0,5.617,4.766,18.13,31145.0,716.0,-50.0,0.6,0,0,0,3.72,0
2021-06-03 18:00:00,2021,6,3,18,25908.0,407.4,50.0,1.5,3.38,607.0,150.4,10.556,0.0694,68.265,3.72,4.196,3.747,5.843,27993.0,,4.825,17.15,31145.0,32.5,65.0,2.6,0,0,0,9.93,0
2021-06-03 19:00:00,2021,6,3,19,26929.0,2267.6,,38.9,2.74,,142.5,61.064,0.4017,,9.93,5.839,25.075,5.59,27957.0,6.864,2.624,20.25,31145.0,838.4,-14.0,4.8,0,0,0,7.584,0
2021-06-03 20:00:00,2021,6,3,20,26468.0,1346.0,47.6,18.7,3.03,574.0,135.2,35.626,0.2344,72.823,7.584,3.88,2.688,8.116,,8.021,2.806,21.35,31145.0,899.6,-19.0,-5.1,0,0,0,10.822,0
2021-06-03 21:00:00,2021,6,3,21,24657.0,2311.1,50.7,39.6,3.2,577.0,139.4,56.984,0.3749,43.03,10.822,4.047,2.178,8.696,25418.0,8.339,2.715,26.38,,1909.9,3.0,-4.1,0,0,0,5.957,0
2021-06-03 22:00:00,2021,6,3,22,24195.0,1289.6,47.8,17.1,2.9,535.0,137.6,31.202,0.2053,62.586,5.957,12.021,4.517,5.606,25668.0,7.752,2.762,26.8,31145.0,-134.4,-42.0,-6.3,0,0,0,8.502,0
2021-06-03 23:00:00,2021,6,3,23,24625.0,2314.3,49.1,28.5,3.24,525.0,141.7,56.99,0.3749,113.02,8.502,3.72,10.165,5.526,26034.0,9.737,3.305,24.05,31145.0,222.5,-10.0,,0,0,0,15.626,0
2021-06-04 00:00:00,2021,6,4,0,24584.0,2398.6,47.2,33.6,3.28,571.0,,58.968,0.3879,80.135,,9.93,3.901,10.917,,9.925,3.421,29.4,31145.0,1991.2,,-11.2,0,0,0,11.061,0
2021-06-04 01:00:00,2021,6,4,1,24020.0,2260.0,46.0,31.6,3.3,595.0,139.2,54.283,0.3571,71.035,11.061,7.584,5.935,9.673,27046.0,10.258,3.481,28.18,31145.0,-7.6,24.0,-10.1,0,0,0,9.58,0
2021-06-04 02:00:00,2021,6,4,2,23479.0,1364.7,46.4,20.0,3.44,596.0,135.1,32.041,0.2108,38.908,9.58,10.822,1.7,11.283,25430.0,9.309,3.342,28.4,31145.0,18.7,1.0,-9.9,0,0,0,5.129,0
2021-06-04 03:00:00,2021,6,4,3,,401.5,47.3,0.0,3.45,589.0,134.1,,0.0586,,5.129,5.957,1.804,13.527,24496.0,9.96,3.235,21.8,31145.0,-1909.6,-7.0,-4.1,0,0,0,9.861,0
2021-06-04 04:00:00,2021,6,4,4,22386.0,1374.8,48.1,12.5,3.34,530.0,135.0,30.776,0.2025,107.393,9.861,8.502,6.382,,25550.0,,3.492,21.03,31145.0,85.2,-59.0,-8.4,0,0,0,13.498,0
2021-06-04 05:00:00,2021,6,4,5,21806.0,1400.3,45.2,19.5,,528.0,141.9,,0.2009,44.286,,15.626,6.514,5.172,25152.0,9.092,3.51,19.53,31145.0,-914.0,-2.0,-8.9,0,0,0,5.422,0
2021-06-04 06:00:00,2021,6,4,6,20934.0,362.7,45.2,3.7,3.28,,140.8,,0.0499,50.478,5.422,11.061,3.572,9.492,24821.0,8.237,3.434,14.55,31145.0,-2035.9,-14.0,-9.8,0,0,0,5.933,0
2021-06-04 07:00:00,2021,6,4,7,20788.0,2245.5,47.1,27.2,3.09,542.0,146.4,46.679,0.3071,73.563,5.933,9.58,5.478,5.246,24242.0,8.072,3.419,13.82,31145.0,-14.5,28.0,-9.6,0,0,0,8.586,0
2021-06-04 08:00:00,2021,6,4,8,20162.0,342.7,49.7,8.5,3.32,560.0,148.4,6.909,0.0455,31.837,8.586,5.129,3.485,3.862,24326.0,7.817,3.413,11.9,31145.0,-1022.0,18.0,-6.5,0,0,0,3.604,0
2021-06-04 09:00:00,2021,6,4,9,20812.0,2097.7,49.1,24.8,2.99,537.0,144.4,43.658,0.2872,78.348,3.604,9.861,5.644,5.208,24173.0,7.7,,16.03,31145.0,1696.2,-23.0,-7.6,0,0,0,9.155,0
2021-06-04 10:00:00,2021,6,4,10,20096.0,1347.0,47.1,15.2,2.51,558.0,151.9,27.069,0.1781,66.702,9.155,13.498,5.295,17.46,24945.0,6.704,3.369,16.48,31145.0,-27.8,21.0,-9.4,0,0,0,7.526,0
2021-06-04 11:00:00,2021,6,4,11,20309.0,2066.9,50.8,26.9,2.25,541.0,148.4,41.978,0.2762,48.708,7.526,5.422,3.966,5.073,24480.0,6.726,3.307,17.72,31145.0,666.6,-17.0,-1.2,0,0,0,5.554,0
2021-06-04 12:00:00,2021,6,4,12,20378.0,2122.8,48.4,17.5,2.52,535.0,143.0,43.258,0.2846,156.948,5.554,5.933,4.196,3.677,24142.0,,3.811,20.02,31145.0,1760.1,-6.0,-7.2,0,0,0,17.957,0
2021-06-04 13:00:00,2021,6,4,13,20872.0,1193.8,44.1,10.2,3.2,525.0,142.7,24.917,0.1639,87.97,17.957,8.586,5.839,4.802,,,3.791,17.18,31145.0,-1051.7,-10.0,-8.0,0,0,0,10.309,0
2021-06-04 14:00:00,2021,6,4,14,20501.0,1200.5,51.3,15.9,3.2,572.0,143.3,24.611,0.1619,37.818,10.309,3.604,3.88,13.639,23824.0,9.142,3.767,18.42,31145.0,857.8,47.0,-0.5,0,0,0,4.353,0
2021-06-04 15:00:00,2021,6,4,15,21008.0,422.4,49.9,9.2,3.39,555.0,139.2,8.874,0.0584,36.481,4.353,9.155,4.047,10.681,22563.0,8.334,3.754,15.82,31145.0,,-17.0,-4.4,0,0,0,4.303,0
2021-06-04 16:00:00,2021,6,4,16,21440.0,2235.1,49.3,28.0,3.08,567.0,141.0,47.921,0.3153,79.584,,7.526,12.021,25.627,22885.0,8.676,3.689,17.95,31145.0,888.1,12.0,-2.6,0,0,0,9.58,0
2021-06-04 17:00:00,2021,6,4,17,21329.0,2194.1,49.2,36.9,3.09,554.0,143.1,46.798,0.3079,,9.58,5.554,3.72,12.071,24672.0,8.388,3.684,19.62,31145.0,127.2,-13.0,-1.2,0,0,0,3.823,0
2021-06-04 18:00:00,2021,6,4,18,21241.0,400.3,50.9,12.5,3.86,574.0,143.6,8.502,0.0559,28.845,3.823,17.957,9.93,3.747,25908.0,5.968,3.809,18.78,31145.0,-1722.5,20.0,0.9,0,0,0,3.44,0
2021-06-04 19:00:00,2021,6,4,19,21168.0,463.2,51.2,9.0,3.69,551.0,137.5,9.805,0.0645,33.774,3.44,10.309,,25.075,26929.0,4.919,3.903,18.58,31145.0,-730.6,-23.0,-2.0,0,0,0,4.014,0
2021-06-04 20:00:00,2021,6,4,20,20758.0,1042.0,50.7,15.7,3.42,547.0,141.8,21.631,0.1423,38.268,4.014,4.353,10.822,2.688,26468.0,4.937,3.924,18.55,31145.0,-158.5,-4.0,3.1,0,0,0,4.46,0
2021-06-04 21:00:00,2021,6,4,21,20795.0,496.7,49.5,18.4,3.48,513.0,139.2,10.329,0.068,,4.46,4.303,5.957,2.178,24657.0,5.182,3.928,20.08,31145.0,74.3,-34.0,-1.2,1,0,0,5.773,0
2021-06-04 22:00:00,2021,6,4,22,21516.0,2283.0,50.0,35.0,3.17,551.0,141.6,49.121,,82.895,5.773,9.58,8.502,4.517,24195.0,5.254,3.952,21.25,31145.0,47.9,38.0,2.2,1,0,0,10.014,0
2021-06-04 23:00:00,2021,6,4,23,21867.0,519.2,49.4,3.2,,486.0,140.7,11.354,0.0747,81.581,10.014,3.823,15.626,10.165,24625.0,6.286,3.625,15.63,31145.0,-1674.9,-65.0,0.3,1,0,0,10.016,0
2021-06-05 00:00:00,2021,6,5,0,21106.0,2104.1,47.7,25.9,3.05,521.0,144.1,44.409,0.2922,165.433,10.016,3.44,11.061,3.901,24584.0,8.98,4.328,17.87,31145.0,1703.8,35.0,0.5,1,0,0,19.604,1
2021-06-05 01:00:00,2021,6,5,1,20702.0,2152.7,51.8,23.0,3.41,502.0,142.4,44.566,0.2932,230.984,19.604,4.014,9.58,5.935,24020.0,12.786,5.793,20.2,31145.0,1689.5,-19.0,5.8,1,0,0,26.848,1
2021-06-05 02:00:00,2021,6,5,2,21307.0,2098.5,52.9,29.8,3.38,511.0,146.5,44.712,0.2942,45.758,26.848,4.46,,1.7,23479.0,12.955,5.784,22.55,31145.0,1056.5,9.0,,1,0,0,5.474,0
2021-06-05 03:00:00,2021,6,5,3,22167.0,,,26.2,3.04,511.0,142.6,24.633,0.1621,23.47,5.474,5.773,,1.804,22186.0,12.48,5.897,23.85,31145.0,614.6,0.0,1.8,0,0,0,2.921,0
2021-06-05 04:00:00,2021,6,5,4,22432.0,485.6,49.5,8.6,3.56,501.0,146.5,10.892,0.0717,20.604,2.921,10.014,13.498,6.382,22386.0,11.243,5.909,19.45,31145.0,-1797.4,-10.0,1.4,0,0,0,2.595,0
2021-06-05 05:00:00,2021,6,5,5,23404.0,1922.4,47.3,33.3,3.44,468.0,153.2,44.992,0.296,17.891,2.595,10.016,5.422,6.514,21806.0,9.966,5.999,24.47,31145.0,1403.2,-33.0,2.1,0,0,0,2.351,0
2021-06-05 06:00:00,2021,6,5,6,24105.0,1221.5,47.6,22.3,2.7,481.0,151.1,29.444,0.1937,15.775,2.351,19.604,5.933,3.572,20934.0,7.054,6.101,23.87,31145.0,-882.6,13.0,2.4,0,0,0,2.135,0
2021-06-05 07:00:00,2021,6,5,7,24120.0,1892.6,46.5,28.3,2.63,480.0,160.4,45.651,0.3003,28.961,2.135,26.848,8.586,5.478,20788.0,3.233,6.145,24.75,31145.0,-260.1,-1.0,,0,0,0,3.922,0
2021-06-05 08:00:00,2021,6,5,8,23903.0,1189.2,49.8,20.6,2.9,483.0,155.8,28.426,0.187,16.348,3.922,5.474,3.604,3.485,20162.0,2.686,6.19,23.22,,-909.3,3.0,0.1,0,0,0,2.194,0
2021-06-05 09:00:00,2021,6,5,9,24175.0,426.1,44.1,11.1,3.19,461.0,158.0,10.301,0.0678,,2.194,2.921,9.155,5.644,20812.0,2.392,6.308,20.7,31145.0,-685.2,-22.0,-5.0,0,0,0,1.154,0
2021-06-05 10:00:00,2021,6,5,10,24855.0,2094.9,47.0,21.8,2.65,,,,0.3426,128.699,1.154,2.595,7.526,5.295,20096.0,4.953,6.687,22.9,31145.0,,54.0,-0.1,0,0,0,17.96,0
2021-06-05 11:00:00,2021,6,5,11,24849.0,2116.7,45.4,32.7,,481.0,,52.598,0.346,37.272,17.96,2.351,5.554,3.966,20309.0,5.428,6.692,22.8,31145.0,194.3,-34.0,-5.4,0,0,0,5.2,0
2021-06-05 12:00:00,2021,6,5,12,24527.0,494.3,46.4,8.2,2.26,462.0,160.3,12.125,0.0798,18.713,5.2,2.135,17.957,4.196,20378.0,5.501,6.377,20.45,31145.0,-727.2,-19.0,-2.0,0,0,0,2.577,0
2021-06-05 13:00:00,2021,6,5,13,27055.0,1224.1,46.7,19.3,2.67,458.0,157.8,33.118,0.2179,36.181,2.577,3.922,10.309,5.839,20872.0,,6.34,18.95,31145.0,-668.5,-4.0,2.6,0,0,0,5.496,0
2021-06-05 14:00:00,2021,6,5,14,26283.0,528.5,45.1,15.1,3.22,449.0,154.7,13.892,0.0914,14.793,5.496,2.194,4.353,3.88,20501.0,5.762,6.39,18.03,31145.0,-660.7,,-6.2,0,0,0,2.183,0
2021-06-05 15:00:00,2021,6,5,15,26412.0,1183.5,47.7,19.6,3.3,439.0,151.8,31.258,0.2056,26.084,2.183,1.154,4.303,4.047,21008.0,6.214,6.398,19.45,31145.0,757.4,-10.0,-2.2,0,0,0,3.868,0
2021-06-05 16:00:00,2021,6,5,16,26346.0,1196.5,48.7,21.8,3.5,455.0,160.5,31.522,0.2074,21.883,3.868,17.96,9.58,12.021,21440.0,3.76,6.399,19.45,31145.0,-898.4,16.0,-0.6,0,0,0,3.237,0
2021-06-05 17:00:00,2021,6,5,17,,1156.3,,26.2,3.77,433.0,158.4,29.418,0.1935,20.757,3.237,5.2,3.823,3.72,21329.0,3.388,6.416,18.37,31145.0,-960.4,-22.0,0.4,0,0,0,2.965,0
2021-06-05 18:00:00,2021,6,5,18,26416.0,530.4,46.3,4.3,3.88,432.0,156.1,14.01,0.0922,58.45,2.965,2.577,3.44,9.93,21241.0,4.403,6.404,17.72,,36.1,-1.0,-4.6,0,0,0,8.669,0
2021-06-05 19:00:00,2021,6,5,19,26462.0,568.1,44.7,1.7,3.78,513.0,161.2,15.033,,86.436,8.669,5.496,4.014,7.584,21168.0,5.627,6.509,14.78,31145.0,-656.0,81.0,-6.5,0,0,0,12.842,0
2021-06-05 20:00:00,2021,6,5,20,25623.0,1272.7,47.8,16.0,3.64,442.0,162.5,32.61,0.2145,72.166,12.842,2.183,4.46,10.822,20758.0,6.994,6.526,14.93,31145.0,744.2,-71.0,-2.9,0,0,0,10.382,0
2021-06-05 21:00:00,2021,6,5,21,24693.0,543.8,49.3,11.7,3.27,480.0,160.4,,0.0883,28.722,10.382,3.868,5.773,5.957,20795.0,,6.552,13.62,31145.0,-639.7,38.0,-0.2,0,0,0,3.982,0
2021-06-05 22:00:00,2021,6,5,22,23556.0,1114.5,45.5,19.8,2.92,448.0,162.9,26.253,0.1727,43.242,3.982,3.237,10.014,8.502,21516.0,7.426,6.526,13.28,31145.0,-82.0,-32.0,-4.5,0,0,0,5.719,0
2021-06-05 23:00:00,2021,6,5,23,22886.0,1091.4,49.3,24.6,2.89,474.0,164.0,24.979,0.1643,41.426,5.719,2.965,10.016,15.626,21867.0,7.82,6.497,13.02,31145.0,-64.9,26.0,-0.1,0,0,0,5.323,0
2021-06-06 00:00:00,2021,6,6,0,23010.0,1080.3,44.7,23.3,3.35,475.0,160.7,24.858,0.1635,40.537,5.323,8.669,,11.061,21106.0,7.248,5.884,16.18,31145.0,549.9,1.0,-3.0,0,0,0,5.237,0
2021-06-06 01:00:00,2021,6,6,1,25120.0,1100.1,50.5,13.0,3.68,466.0,160.9,27.635,0.1818,87.253,5.237,12.842,26.848,9.58,,7.158,4.14,18.07,31145.0,532.0,-9.0,-1.3,0,0,0,12.306,0
2021-06-06 02:00:00,2021,6,6,2,24702.0,579.0,48.7,8.3,2.73,468.0,160.2,14.303,0.0941,49.037,12.306,10.382,5.474,5.129,21307.0,6.561,4.149,16.78,31145.0,-693.7,2.0,-4.2,0,0,0,6.801,0
2021-06-06 03:00:00,2021,6,6,3,23227.0,552.4,47.2,4.7,4.07,488.0,161.5,12.831,0.0844,67.142,6.801,3.982,2.921,9.861,22167.0,7.357,4.162,15.62,31145.0,8.6,20.0,-1.9,0,0,0,8.756,0
2021-06-06 04:00:00,2021,6,6,4,24022.0,1941.9,47.8,35.4,3.38,432.0,162.3,46.65,0.3069,38.006,8.756,5.719,2.595,13.498,22432.0,7.258,4.111,18.22,,827.4,-56.0,-1.7,0,0,0,5.126,0
2021-06-06 05:00:00,2021,6,6,5,23315.0,1879.8,47.3,21.6,3.09,384.0,160.6,43.827,,106.337,5.126,5.323,2.351,5.422,23404.0,8.691,4.354,17.72,31145.0,788.4,-48.0,0.0,0,0,0,13.92,0
2021-06-06 06:00:00,2021,6,6,6,24675.0,1900.4,47.2,33.4,2.58,388.0,159.9,46.891,0.3085,33.954,13.92,5.237,2.135,5.933,24105.0,8.602,4.277,19.4,31145.0,820.1,4.0,-0.4,0,0,0,4.704,0
2021-06-06 07:00:00,2021,6,6,7,24074.0,1975.2,,32.6,2.65,390.0,162.9,47.551,0.3128,30.54,4.704,,3.922,8.586,,7.239,4.272,22.67,31145.0,875.1,2.0,0.3,0,0,0,4.128,0
2021-06-06 08:00:00,2021,6,6,8,23179.0,1090.3,47.4,10.4,2.75,381.0,164.7,25.272,,89.649,4.128,6.801,2.194,3.604,23903.0,8.05,4.3,23.02,31145.0,511.3,-9.0,,0,0,0,11.667,0
2021-06-06 09:00:00,2021,6,6,9,22965.0,2035.4,44.4,29.2,2.73,371.0,159.0,46.744,0.3075,49.636,11.667,8.756,1.154,9.155,24175.0,7.658,4.128,27.1,31145.0,1483.0,-10.0,0.3,0,0,0,6.4,0
2021-06-06 10:00:00,2021,6,6,10,23487.0,1029.6,46.0,20.5,2.7,,157.6,24.182,0.1591,24.638,6.4,5.126,17.96,7.526,24855.0,7.345,3.48,24.62,31145.0,-912.3,34.0,-1.0,0,0,0,3.249,0
2021-06-06 11:00:00,2021,6,6,11,23987.0,1026.5,49.5,24.0,3.16,360.0,,24.623,0.162,23.389,3.249,13.92,5.2,5.554,24849.0,5.55,3.537,25.02,31145.0,-853.3,-45.0,4.1,0,0,0,3.15,0
2021-06-06 12:00:00,2021,6,6,12,23057.0,2009.8,46.4,27.2,2.53,370.0,153.9,46.339,0.3049,,3.15,4.704,2.577,17.957,24527.0,5.989,3.448,23.98,31145.0,109.4,10.0,0.0,0,0,0,7.338,0
2021-06-06 13:00:00,2021,6,6,13,23321.0,,48.8,0.0,,369.0,154.7,24.41,0.1606,292.269,7.338,4.128,5.496,10.309,27055.0,11.679,7.322,18.55,31145.0,-928.5,-1.0,2.1,1,0,0,38.269,1
2021-06-06 14:00:00,2021,6,6,14,22310.0,1052.9,47.1,14.4,2.55,364.0,157.0,23.489,0.1545,70.397,,11.667,2.183,4.353,26283.0,11.204,7.22,19.22,31145.0,-37.4,-5.0,2.0,1,0,0,8.818,0
2021-06-06 15:00:00,2021,6,6,15,22543.0,1096.9,51.0,16.4,3.07,371.0,154.7,24.728,0.1627,55.882,8.818,6.4,3.868,4.303,26412.0,11.316,,17.08,31145.0,-938.5,7.0,3.3,1,0,0,7.073,0
2021-06-06 16:00:00,2021,6,6,16,21363.0,484.2,,21.5,2.87,376.0,156.4,10.344,0.0681,43.253,7.073,3.249,3.237,9.58,26346.0,11.639,7.116,17.25,31145.0,-545.4,5.0,-0.6,1,0,0,5.188,0
2021-06-06 17:00:00,2021,6,6,17,20970.0,1158.1,45.9,17.4,2.64,389.0,150.6,24.285,0.1598,,5.188,3.15,2.965,3.823,25441.0,12.245,7.031,16.15,31145.0,131.6,13.0,-3.7,1,0,0,6.782,0
2021-06-06 18:00:00,2021,6,6,18,20699.0,1992.3,48.7,22.6,,413.0,144.7,41.237,0.2713,210.831,6.782,7.338,8.669,3.44,26416.0,15.105,7.747,15.38,31145.0,-17.5,24.0,2.4,1,0,0,24.502,1
2021-06-06 19:00:00,2021,6,6,19,21653.0,1221.9,46.8,13.3,3.12,400.0,152.5,26.458,0.1741,52.043,24.502,38.269,12.842,4.014,26462.0,9.782,7.729,17.6,31145.0,175.2,-13.0,2.1,0,0,0,6.327,0
2021-06-06 20:00:00,2021,6,6,20,22325.0,415.2,49.3,0.0,3.37,429.0,148.8,9.269,,68.371,6.327,8.818,10.382,4.46,25623.0,9.74,7.723,15.2,31145.0,-637.7,29.0,1.5,0,0,0,8.57,0
2021-06-06 21:00:00,2021,6,6,21,22642.0,1150.6,49.3,15.4,3.48,411.0,151.4,26.052,0.1714,26.438,8.57,7.073,3.982,5.773,24693.0,9.122,7.742,15.03,31145.0,53.7,-18.0,0.0,0,0,0,3.361,0
2021-06-06 22:00:00,2021,6,6,22,23525.0,1177.2,51.1,12.0,2.59,403.0,148.7,27.694,0.1822,,3.361,5.188,5.719,10.014,23556.0,9.798,7.713,13.45,31145.0,693.0,-8.0,5.6,0,0,0,9.243,0
2021-06-06 23:00:00,2021,6,6,23,23279.0,1162.5,47.7,18.2,2.49,,153.4,27.063,0.178,15.363,9.243,6.782,5.323,10.016,22886.0,9.002,7.811,13.58,31145.0,4.4,-41.0,-1.6,0,0,0,2.008,0
2021-06-07 00:00:00,2021,6,0,0,24885.0,1054.4,48.3,7.7,1.77,358.0,151.8,,0.1726,97.131,2.008,24.502,5.237,19.604,23010.0,7.18,7.827,11.1,31145.0,-937.9,-4.0,3.6,0,0,0,13.571,0
2021-06-07 01:00:00,2021,6,0,1,25199.0,1060.4,45.9,22.1,1.35,348.0,145.1,26.722,0.1758,18.002,13.571,6.327,12.306,26.848,25120.0,6.55,7.913,12.57,31145.0,-161.5,-10.0,-4.6,0,0,0,2.547,0
2021-06-07 02:00:00,2021,6,0,2,26654.0,1085.4,48.4,13.7,1.75,326.0,143.4,28.931,0.1903,71.486,2.547,8.57,6.801,5.474,24702.0,6.905,7.91,14.85,31145.0,670.2,-22.0,,0,0,0,10.698,0
2021-06-07 03:00:00,2021,6,0,3,26102.0,1042.0,48.6,31.0,1.88,326.0,150.3,27.199,,34.65,10.698,3.361,8.756,2.921,23227.0,7.191,7.95,17.45,31145.0,-108.6,0.0,1.4,0,0,0,5.078,0
2021-06-07 04:00:00,2021,6,0,4,24813.0,1030.0,49.0,20.9,2.37,355.0,148.0,25.558,0.1681,31.669,5.078,9.243,5.126,2.595,24022.0,6.386,7.966,18.93,31145.0,-147.2,,1.2,0,0,0,4.412,0
2021-06-07 05:00:00,2021,6,0,5,25051.0,1049.1,47.4,,2.39,341.0,153.5,26.282,0.1729,27.778,4.412,2.008,13.92,2.351,23315.0,6.702,7.948,20.63,31145.0,-113.4,-14.0,0.1,0,0,0,3.907,0
2021-06-07 06:00:00,2021,6,0,6,25800.0,1043.8,49.1,17.0,2.35,326.0,148.2,26.93,0.1772,31.045,3.907,13.571,4.704,2.135,24675.0,5.19,7.952,22.18,31145.0,-10.6,-15.0,1.9,0,0,0,4.497,0
2021-06-07 07:00:00,2021,6,0,7,26547.0,325.2,46.8,13.9,2.05,384.0,149.4,8.634,0.0568,21.791,4.497,2.547,4.128,3.922,24074.0,5.307,7.974,20.82,31145.0,-735.2,58.0,0.0,0,0,0,3.248,0
2021-06-07 08:00:00,2021,6,0,8,25748.0,1038.6,46.8,20.5,1.8,342.0,146.2,26.741,0.1759,30.416,3.248,10.698,11.667,2.194,23179.0,4.256,7.98,21.95,31145.0,-46.8,-42.0,-0.6,0,0,0,4.397,0
2021-06-07 09:00:00,2021,6,0,9,24793.0,1068.4,45.2,13.0,1.91,330.0,149.1,26.487,0.1743,66.551,4.397,5.078,6.4,1.154,22965.0,4.954,7.976,18.95,31145.0,26.4,-12.0,0.8,0,0,0,9.264,0
2021-06-07 10:00:00,2021,6,0,10,24876.0,1037.3,43.6,15.4,2.72,350.0,157.3,25.804,0.1698,34.231,9.264,4.412,3.249,17.96,23487.0,5.016,7.941,18.03,31145.0,7.3,20.0,-2.4,0,0,0,4.781,0
2021-06-07 11:00:00,2021,6,0,11,25119.0,1940.3,42.7,28.5,2.74,380.0,160.2,48.74,0.3207,61.808,4.781,3.907,3.15,5.2,23987.0,5.817,7.868,18.05,31145.0,891.2,30.0,-6.8,0,0,0,8.717,0
2021-06-07 12:00:00,2021,6,0,12,23644.0,390.7,45.4,,2.5,371.0,155.0,9.238,0.0608,28.587,8.717,4.497,7.338,2.577,23057.0,5.7,7.923,17.6,31145.0,-653.1,,-1.0,0,0,0,3.795,0
2021-06-07 13:00:00,2021,6,0,13,23627.0,1897.9,47.7,29.7,2.38,357.0,154.1,44.84,0.295,36.727,3.795,3.248,38.269,5.496,23321.0,,4.711,20.23,31145.0,1572.7,-14.0,-1.1,0,0,0,4.872,0
2021-06-07 14:00:00,2021,6,0,14,22138.0,328.9,45.4,10.6,2.78,354.0,152.5,7.282,0.0479,41.86,4.872,4.397,8.818,2.183,22310.0,6.105,4.705,18.58,31145.0,-709.7,-3.0,-1.7,0,0,0,5.203,0
2021-06-07 15:00:00,2021,6,0,15,21872.0,986.9,47.1,16.2,3.16,343.0,154.4,21.584,,44.576,5.203,,7.073,3.868,22543.0,5.474,4.711,19.12,31145.0,-81.5,-11.0,-3.9,0,0,0,5.474,0
2021-06-07 16:00:00,2021,6,0,16,23107.0,1881.1,48.7,24.5,2.9,338.0,156.7,43.468,,86.437,5.474,4.781,5.188,3.237,21363.0,6.546,4.788,20.63,31145.0,843.8,-5.0,0.6,0,0,0,11.214,0
2021-06-07 17:00:00,2021,6,0,17,23803.0,962.6,48.1,8.4,2.92,347.0,154.1,22.912,0.1507,91.504,11.214,8.717,6.782,2.965,20970.0,7.131,4.908,17.28,31145.0,-977.7,9.0,2.2,0,0,0,12.229,0
2021-06-07 18:00:00,2021,6,0,18,,,46.7,27.1,2.86,335.0,154.0,45.544,0.2996,72.334,12.229,3.795,24.502,8.669,20699.0,8.055,3.287,19.42,31145.0,1590.1,-12.0,-2.0,0,0,0,9.338,0
2021-06-07 19:00:00,2021,6,0,19,22925.0,,49.2,30.6,3.26,347.0,152.6,43.857,0.2885,48.441,9.338,4.872,6.327,12.842,21653.0,8.282,3.287,19.57,31145.0,15.2,12.0,2.4,0,0,0,6.235,0
2021-06-07 20:00:00,2021,6,0,20,23005.0,424.1,46.2,2.3,3.7,337.0,153.0,9.757,0.0642,81.215,6.235,5.203,8.57,10.382,22325.0,9.163,3.362,18.18,31145.0,95.2,-10.0,,0,0,0,10.49,0
2021-06-07 21:00:00,2021,6,0,21,24083.0,2051.8,45.5,30.7,4.31,378.0,150.5,49.415,0.3251,65.266,10.49,5.474,3.361,3.982,22642.0,9.722,3.317,20.6,31145.0,1064.9,41.0,-3.8,0,0,0,8.825,0
2021-06-07 22:00:00,2021,6,0,22,24403.0,1962.9,46.8,31.8,3.9,393.0,145.6,47.9,0.3151,52.762,8.825,11.214,9.243,5.719,23525.0,9.058,3.279,21.82,31145.0,81.8,,-4.3,0,0,0,7.229,0
2021-06-07 23:00:00,2021,6,0,23,23583.0,,48.9,13.1,3.63,,143.0,20.251,0.1332,49.098,7.229,12.229,2.008,5.323,,8.103,3.121,22.6,31145.0,-103.9,-22.0,1.2,0,0,0,6.501,0
2021-06-08 00:00:00,2021,6,1,0,24805.0,477.0,48.7,10.9,3.17,372.0,148.0,11.832,0.0778,46.399,6.501,9.338,13.571,5.237,,7.624,2.783,19.9,,-1503.8,1.0,0.4,0,0,0,6.462,0
2021-06-08 01:00:00,2021,6,1,1,24855.0,476.2,47.0,18.1,4.16,394.0,146.1,11.836,0.0779,37.943,6.462,6.235,2.547,12.306,25199.0,7.467,2.661,,31145.0,-1436.9,22.0,1.1,0,0,0,5.295,0
2021-06-08 02:00:00,2021,6,1,2,24726.0,1837.8,49.3,39.8,4.11,,146.3,45.443,0.299,37.788,5.295,10.49,10.698,6.801,26654.0,6.593,2.54,24.07,31145.0,1413.7,1.0,0.9,0,0,0,5.246,0
2021-06-08 03:00:00,2021,6,1,3,23660.0,1778.4,47.3,26.0,4.49,420.0,152.7,42.076,0.2768,89.588,5.246,8.825,5.078,8.756,26102.0,7.106,2.744,23.28,31145.0,-273.4,25.0,-1.3,1,0,0,11.901,0
2021-06-08 04:00:00,2021,6,1,4,23168.0,1841.4,48.8,33.1,4.55,382.0,149.2,42.663,0.2807,97.572,11.901,7.229,4.412,5.126,24813.0,8.016,2.942,23.5,31145.0,-121.5,-38.0,-0.2,1,0,0,12.692,0
2021-06-08 05:00:00,2021,6,1,5,22204.0,974.4,46.4,14.8,4.47,320.0,157.2,21.635,0.1423,155.608,12.692,6.501,3.907,13.92,25051.0,10.166,3.778,23.78,31145.0,115.7,-62.0,-1.0,1,0,0,19.399,1
2021-06-08 06:00:00,2021,6,1,6,21012.0,466.9,48.0,1.5,4.05,360.0,151.3,9.811,0.0645,206.834,19.399,6.462,4.497,4.704,25800.0,13.156,5.006,22.22,31145.0,-10.1,40.0,-1.1,1,0,0,24.401,1
2021-06-08 07:00:00,2021,6,1,7,22365.0,1014.6,49.4,17.0,3.89,,153.8,22.691,0.1493,189.743,24.401,5.295,3.248,4.128,26547.0,16.244,5.75,22.03,31145.0,538.4,-44.0,2.6,1,0,0,23.826,1
2021-06-08 08:00:00,2021,6,1,8,22248.0,971.1,44.6,14.5,3.54,319.0,150.8,21.606,0.1421,104.384,23.826,5.246,4.397,11.667,25748.0,17.543,5.688,17.82,31145.0,-866.7,3.0,-2.2,1,0,0,13.039,0
2021-06-08 09:00:00,2021,6,1,9,21814.0,,44.4,13.4,3.33,326.0,,10.299,0.0678,48.205,13.039,11.901,9.264,6.4,24793.0,16.543,5.744,15.72,31145.0,-1306.3,7.0,-0.8,0,0,0,5.904,0
2021-06-08 10:00:00,2021,6,1,10,21314.0,461.0,47.1,15.0,,307.0,153.7,9.826,0.0646,98.271,5.904,12.692,4.781,3.249,24876.0,16.388,,12.7,31145.0,-1380.4,-19.0,3.5,1,0,0,11.76,0
2021-06-08 11:00:00,2021,6,1,11,21438.0,469.4,46.1,0.0,2.77,319.0,147.4,10.064,0.0662,149.262,11.76,19.399,8.717,3.15,25119.0,16.149,5.879,10.23,31145.0,,12.0,3.4,1,0,0,17.966,0
2021-06-08 12:00:00,2021,6,1,12,21141.0,497.3,44.2,,2.5,303.0,147.0,10.513,0.0692,73.203,17.966,24.401,3.795,7.338,23644.0,13.531,5.723,10.92,31145.0,30.4,-16.0,,1,0,0,8.689,0
2021-06-08 13:00:00,2021,6,1,13,22335.0,1057.2,44.5,15.0,2.58,296.0,147.7,23.612,,120.549,8.689,23.826,4.872,38.269,23627.0,12.079,5.66,10.58,31145.0,42.6,-7.0,-3.2,1,0,0,15.117,0
2021-06-08 14:00:00,2021,6,1,14,20475.0,1056.3,45.7,9.5,2.41,,151.3,21.627,0.1423,189.712,15.117,13.039,5.203,8.818,22138.0,13.541,5.926,9.75,31145.0,85.2,-7.0,0.3,1,0,0,21.809,1
2021-06-08 15:00:00,2021,6,1,15,19146.0,1079.8,43.1,19.5,2.65,298.0,146.7,20.673,0.136,188.768,21.809,5.904,5.474,7.073,21872.0,15.939,6.02,,31145.0,607.7,9.0,-4.0,1,0,0,20.292,1
2021-06-08 16:00:00,2021,6,1,16,20079.0,1069.6,42.9,15.1,2.57,327.0,144.4,21.476,0.1413,80.64,20.292,,11.214,5.188,23107.0,15.494,,10.78,31145.0,608.6,29.0,-5.8,1,0,0,9.091,0
2021-06-08 17:00:00,2021,6,1,17,19360.0,1906.0,43.0,,2.87,289.0,145.8,36.9,0.2428,102.55,9.091,17.966,12.229,6.782,23803.0,14.357,6.056,15.4,31145.0,1436.6,-38.0,-5.1,1,0,0,11.147,0
2021-06-08 18:00:00,2021,6,1,18,20205.0,1166.7,40.3,18.8,3.07,292.0,139.5,23.572,0.1551,198.647,11.147,8.689,9.338,24.502,22993.0,16.665,6.376,17.6,31145.0,669.4,3.0,-6.4,1,0,0,22.535,1
2021-06-08 19:00:00,2021,6,1,19,20156.0,1094.0,42.0,22.4,3.08,319.0,150.4,22.05,0.1451,206.596,22.535,15.117,6.235,6.327,22925.0,18.042,6.573,18.83,31145.0,36.8,27.0,-7.2,1,0,0,23.38,1
2021-06-08 20:00:00,2021,6,1,20,20752.0,1044.7,40.4,12.0,3.85,338.0,146.8,21.679,0.1426,105.052,23.38,21.809,10.49,8.57,23005.0,16.447,6.548,19.25,31145.0,-11.6,19.0,-5.8,1,0,0,12.24,0
2021-06-08 21:00:00,2021,6,1,21,19625.0,970.6,39.6,12.6,3.98,341.0,148.4,19.049,0.1253,,12.24,20.292,8.825,3.361,24083.0,14.761,6.512,18.1,31145.0,-109.2,3.0,-5.9,1,0,0,10.175,0
2021-06-08 22:00:00,2021,6,1,22,19352.0,981.6,,19.7,3.97,306.0,146.9,,0.125,108.032,10.175,9.091,7.229,9.243,24403.0,15.202,6.384,18.87,31145.0,-88.0,-35.0,-8.4,1,0,0,11.738,0
2021-06-08 23:00:00,2021,6,1,23,20840.0,1043.6,38.6,16.1,4.05,328.0,148.7,21.749,0.1431,100.164,,11.147,6.501,2.008,23583.0,15.298,6.212,16.93,31145.0,-862.4,22.0,-10.3,1,0,0,11.72,0
2021-06-09 00:00:00,2021,6,2,0,20158.0,962.9,37.5,5.6,4.42,305.0,,,,146.017,,22.535,6.462,13.571,24805.0,14.296,6.018,14.73,31145.0,-203.8,-23.0,-11.2,0,0,0,16.526,0
2021-06-09 01:00:00,2021,6,2,1,19840.0,986.1,39.6,7.7,4.69,340.0,,19.565,0.1287,115.124,16.526,23.38,5.295,2.547,24855.0,12.537,5.711,12.28,31145.0,-107.9,35.0,-7.4,0,0,0,12.824,0
2021-06-09 02:00:00,2021,6,2,2,20648.0,,40.5,14.1,3.84,360.0,144.4,20.361,0.134,,12.824,12.24,5.246,10.698,24726.0,11.667,5.593,12.63,31145.0,-58.6,20.0,-8.8,0,0,0,7.018,0
2021-06-09 03:00:00,2021,6,2,3,21150.0,503.5,43.1,3.0,3.64,398.0,137.7,,0.0701,94.738,7.018,10.175,11.901,5.078,23660.0,11.846,5.609,11.03,31145.0,-467.1,38.0,-4.2,0,0,0,11.25,0
2021-06-09 04:00:00,2021,6,2,4,21233.0,1131.7,41.8,11.4,3.7,371.0,143.9,24.031,0.1581,104.341,11.25,11.738,12.692,4.412,23168.0,11.963,5.614,9.65,31145.0,,-27.0,,0,0,0,12.439,0
2021-06-09 05:00:00,2021,6,2,5,,1101.7,,13.8,3.68,357.0,147.0,24.396,0.1605,76.145,12.439,11.72,19.399,3.907,,11.587,5.623,9.27,31145.0,58.1,-14.0,-3.5,0,0,0,9.467,0
2021-06-09 06:00:00,2021,6,2,6,23525.0,1167.7,45.9,19.9,3.92,299.0,150.8,27.471,0.1807,43.987,9.467,16.526,24.401,4.497,21012.0,9.801,5.456,11.65,31145.0,204.8,-58.0,-2.1,0,0,0,5.81,0
2021-06-09 07:00:00,2021,6,2,7,23622.0,1220.7,39.9,13.3,3.01,357.0,153.9,28.835,0.1897,96.775,5.81,12.824,23.826,3.248,22365.0,9.803,5.0,12.58,31145.0,,58.0,-9.5,0,0,0,12.835,0
2021-06-09 08:00:00,2021,6,2,8,23400.0,522.0,44.4,9.7,3.57,372.0,157.2,12.215,0.0804,45.334,12.835,7.018,13.039,4.397,22248.0,9.626,5.21,11.85,31145.0,,,-0.2,0,0,0,5.956,0
2021-06-09 09:00:00,2021,6,2,9,22771.0,495.1,43.3,0.0,3.6,404.0,150.3,11.273,0.0742,106.039,5.956,11.25,5.904,9.264,21814.0,10.011,4.998,11.35,31145.0,-8.4,32.0,-1.1,0,0,0,13.557,0
2021-06-09 10:00:00,2021,6,2,10,21898.0,1105.4,44.8,18.5,3.1,384.0,149.5,,0.1593,51.176,13.557,12.439,11.76,4.781,21314.0,8.986,5.185,12.53,30374.0,-26.3,-20.0,-2.3,0,0,0,6.292,0
2021-06-09 11:00:00,2021,6,2,11,23414.0,1134.9,40.3,15.0,3.74,,146.9,26.571,0.1748,66.484,,9.467,17.966,8.717,21438.0,8.865,5.135,12.73,30374.0,33.2,,-5.8,0,0,0,8.74,0
2021-06-09 12:00:00,2021,6,2,12,,574.0,44.2,15.8,4.19,394.0,150.7,13.727,,41.553,8.74,5.81,8.689,3.795,21141.0,8.826,5.274,12.05,30374.0,-593.7,22.0,0.0,0,0,0,5.579,0
2021-06-09 13:00:00,2021,6,2,13,,555.6,46.0,8.2,4.34,334.0,143.4,13.344,0.0878,46.075,5.579,12.835,15.117,4.872,22335.0,7.723,5.386,11.2,30343.0,-665.1,,1.5,0,0,0,6.213,0
2021-06-09 14:00:00,2021,6,2,14,22908.0,546.4,45.4,15.1,4.2,352.0,139.1,12.517,0.0823,43.197,6.213,,21.809,5.203,20475.0,7.656,5.118,12.1,30343.0,24.4,18.0,-0.3,0,0,0,5.556,0
2021-06-09 15:00:00,2021,6,2,15,21673.0,2261.8,49.5,27.7,4.35,356.0,137.3,,0.3225,98.073,5.556,13.557,20.292,,,7.386,,16.72,29842.0,1766.7,4.0,6.4,0,0,0,11.934,0
2021-06-09 16:00:00,2021,6,2,16,23550.0,998.8,45.9,11.4,4.34,346.0,136.4,23.521,0.1547,86.324,11.934,6.292,9.091,11.214,20079.0,8.239,4.737,15.53,29116.0,-106.6,-10.0,3.0,0,0,0,11.414,0
2021-06-09 17:00:00,2021,6,2,17,24139.0,1894.7,49.9,27.7,4.71,359.0,132.4,45.736,0.3009,68.959,11.414,8.74,11.147,12.229,19360.0,8.34,4.751,17.65,27993.0,759.8,13.0,6.9,0,0,0,9.346,0
2021-06-09 18:00:00,2021,6,2,18,22528.0,1894.3,48.6,29.1,4.51,331.0,134.5,42.673,0.2807,55.738,9.346,5.579,22.535,9.338,20205.0,8.585,4.13,19.87,27957.0,1320.3,-28.0,8.3,0,0,0,7.05,0
2021-06-09 19:00:00,2021,6,2,19,23717.0,3031.5,47.0,45.9,4.14,332.0,134.0,,0.473,86.722,7.05,6.213,23.38,6.235,20156.0,9.475,3.084,26.15,27298.0,2475.9,1.0,5.0,0,0,0,11.548,0
2021-06-09 20:00:00,2021,6,2,20,24544.0,1804.1,46.9,29.7,4.04,330.0,136.7,44.281,0.2913,55.02,11.548,5.556,12.24,10.49,20752.0,9.812,3.076,,27055.0,1257.7,-2.0,6.5,0,0,0,7.582,0
2021-06-09 21:00:00,2021,6,2,21,24556.0,764.2,46.7,8.7,3.95,340.0,139.3,18.766,0.1235,75.549,7.582,11.934,10.175,8.825,19625.0,,3.078,25.42,27055.0,-1497.6,10.0,7.1,0,0,0,10.416,0
2021-06-09 22:00:00,2021,6,2,22,24194.0,1756.5,47.6,24.9,4.51,320.0,,42.496,0.2796,76.613,,11.414,11.738,7.229,19352.0,9.391,3.052,27.67,27055.0,757.7,-20.0,9.2,0,0,0,10.407,0
2021-06-09 23:00:00,2021,6,2,23,24733.0,,48.4,,4.28,383.0,142.4,42.202,0.2776,49.674,10.407,9.346,11.72,6.501,20840.0,8.984,3.068,28.18,27055.0,-188.4,63.0,9.8,0,0,0,6.898,0
2021-06-10 00:00:00,2021,6,3,0,24260.0,682.9,50.6,0.0,3.5,380.0,140.3,16.566,0.109,136.789,6.898,7.05,16.526,,20158.0,10.914,3.301,23.33,27055.0,,-3.0,13.1,0,0,0,18.632,1
2021-06-10 01:00:00,2021,6,3,1,22920.0,2337.6,49.7,46.4,4.87,,137.5,53.578,0.3525,60.543,18.632,,,5.295,19840.0,,3.242,23.42,27055.0,-693.9,-6.0,10.1,0,0,0,7.791,0
2021-06-10 02:00:00,2021,6,3,2,22626.0,1490.5,50.3,24.1,4.17,345.0,141.2,33.723,0.2219,58.755,7.791,7.582,7.018,,20648.0,10.268,3.229,,27055.0,-313.6,-29.0,9.8,0,0,0,7.464,0
2021-06-10 03:00:00,2021,6,3,3,23816.0,557.9,51.8,9.1,4.3,387.0,142.3,13.286,0.0874,52.723,7.464,10.416,11.25,11.901,21150.0,9.707,3.235,22.55,27055.0,-206.3,42.0,8.7,0,0,0,7.05,0
2021-06-10 04:00:00,2021,6,3,4,24622.0,536.5,51.9,7.9,4.44,394.0,145.2,13.211,0.0869,61.522,7.05,10.407,12.439,12.692,21233.0,9.39,3.161,19.72,27055.0,-1220.0,7.0,10.1,0,0,0,8.505,0
2021-06-10 05:00:00,2021,6,3,5,25086.0,1873.1,48.3,29.1,,332.0,148.4,46.989,0.3091,77.027,8.505,6.898,9.467,19.399,22144.0,10.048,3.182,19.43,27055.0,166.8,-62.0,5.4,0,0,0,10.849,0
2021-06-10 06:00:00,2021,6,3,6,,2018.4,47.8,30.4,3.94,339.0,154.2,46.63,0.3068,128.72,10.849,18.632,5.81,24.401,23525.0,,3.462,24.5,27055.0,1335.5,7.0,,1,0,0,16.696,0
2021-06-10 07:00:00,2021,6,3,7,19197.0,2114.6,38.1,33.6,4.6,395.0,152.6,40.593,0.2671,181.54,16.696,7.791,12.835,23.826,23622.0,11.688,3.978,22.37,27055.0,,56.0,-1.8,1,0,1,19.567,1
2021-06-10 08:00:00,2021,6,3,8,21004.0,554.5,42.3,0.0,4.36,381.0,,11.646,0.0766,230.444,19.567,7.464,,,23400.0,14.974,5.244,18.35,27055.0,-936.0,-14.0,,1,0,1,27.176,1
2021-06-10 09:00:00,2021,6,3,9,22130.0,1259.5,41.6,20.2,3.98,366.0,147.8,27.872,0.1834,130.14,27.176,7.05,13.557,5.904,22771.0,16.494,5.333,,27055.0,701.6,-15.0,-1.7,1,0,1,16.17,0
2021-06-10 10:00:00,2021,6,3,10,21563.0,576.1,43.5,10.7,,402.0,146.9,12.423,0.0817,59.355,16.17,8.505,6.292,11.76,21898.0,16.274,5.303,20.67,27055.0,39.6,36.0,-1.3,1,0,1,7.186,0
2021-06-10 11:00:00,2021,6,3,11,20920.0,1264.3,44.2,16.5,3.47,365.0,145.5,26.45,0.174,172.318,7.186,10.849,8.74,17.966,23414.0,17.839,5.617,18.57,27055.0,-608.8,-37.0,3.9,1,0,1,20.24,1
2021-06-10 12:00:00,2021,6,3,12,21125.0,1280.7,46.3,27.2,3.5,392.0,152.7,27.055,0.178,54.785,20.24,16.696,5.579,,,16.14,5.579,,27055.0,-737.7,27.0,2.1,0,0,1,6.498,0
2021-06-10 13:00:00,2021,6,3,13,20010.0,1915.1,44.6,19.6,3.28,429.0,149.2,38.322,0.2521,135.882,6.498,19.567,,,24017.0,15.423,5.523,15.7,27055.0,-199.5,37.0,-1.4,0,0,1,15.266,0
2021-06-10 14:00:00,2021,6,3,14,19501.0,1243.8,41.5,16.1,2.99,430.0,147.7,24.255,0.1596,80.601,15.266,27.176,5.556,21.809,22908.0,12.364,5.404,18.38,27055.0,689.3,1.0,-3.9,0,0,1,8.825,0
2021-06-10 15:00:00,2021,6,3,15,19947.0,1252.3,40.1,18.9,,409.0,146.3,24.979,0.1643,74.129,8.825,16.17,11.934,20.292,21673.0,11.053,5.452,,,-7.2,-21.0,-9.4,0,0,1,8.302,0
2021-06-10 16:00:00,2021,6,3,16,18231.0,621.5,37.2,1.1,3.04,439.0,141.9,11.332,0.0745,144.94,8.302,7.186,11.414,9.091,23550.0,12.328,5.489,16.57,27055.0,45.4,30.0,-8.7,0,0,1,14.836,0
2021-06-10 17:00:00,2021,6,3,17,17763.0,1313.9,44.5,22.1,3.68,434.0,133.1,23.339,0.1535,90.252,14.836,20.24,9.346,11.147,24139.0,10.455,5.496,17.5,27055.0,49.6,-5.0,-5.4,0,0,1,9.001,0
2021-06-10 18:00:00,2021,6,3,18,17706.0,591.9,42.2,10.3,3.44,437.0,,10.48,0.0689,,9.001,6.498,7.05,22.535,22528.0,10.737,5.458,14.68,27055.0,-688.8,3.0,,0,0,1,8.193,0
2021-06-10 19:00:00,2021,6,3,19,,1707.8,48.7,24.8,2.84,435.0,130.2,29.992,0.1973,86.27,8.193,15.266,11.548,23.38,23717.0,9.611,5.501,15.55,27055.0,-207.3,-2.0,1.7,0,0,1,8.507,0
2021-06-10 20:00:00,2021,6,3,20,17990.0,616.3,42.2,8.7,3.4,440.0,130.0,11.086,0.0729,85.807,8.507,8.825,7.582,12.24,24544.0,9.584,5.469,14.32,27055.0,-627.5,5.0,-4.7,0,0,1,8.667,0
2021-06-10 21:00:00,2021,6,3,21,16943.0,1294.0,46.7,20.8,4.12,471.0,129.2,21.923,0.1442,,8.667,8.302,10.416,10.175,24556.0,9.547,5.516,14.63,27055.0,41.7,31.0,0.0,0,0,1,8.076,0
2021-06-10 22:00:00,2021,6,3,22,18237.0,663.0,38.8,7.1,3.42,461.0,135.6,12.092,,85.435,8.076,14.836,10.407,,24194.0,8.532,5.543,15.63,27055.0,41.5,-10.0,,0,0,1,8.748,0
2021-06-10 23:00:00,2021,6,3,23,17174.0,1266.6,42.9,12.5,3.6,496.0,132.0,21.752,0.1431,114.659,8.748,9.001,6.898,11.72,,8.874,5.453,14.03,27055.0,-47.3,35.0,-5.5,0,0,1,11.056,0
2021-06-11 00:00:00,2021,6,4,0,18696.0,662.6,44.6,7.1,3.62,,127.7,12.387,,,11.056,8.193,18.632,16.526,24260.0,9.049,5.276,13.5,27055.0,,-12.0,-6.0,0,0,1,9.241,0
2021-06-11 01:00:00,2021,6,4,1,17014.0,1178.5,45.2,16.0,3.91,505.0,124.5,20.051,0.1319,87.149,9.241,8.507,7.791,12.824,22920.0,9.019,5.261,12.03,27055.0,-529.3,21.0,-4.5,0,0,1,8.325,0
2021-06-11 02:00:00,2021,6,4,2,5575.0,1298.0,45.5,0.0,3.72,487.0,119.8,7.236,0.0476,856.514,8.325,8.667,7.464,7.018,22626.0,12.043,6.049,10.58,27055.0,681.7,-18.0,-4.8,0,1,1,26.81,1
2021-06-11 03:00:00,2021,6,4,3,6386.0,1273.1,50.2,0.0,3.9,465.0,121.1,8.129,0.0535,812.864,26.81,8.076,7.05,11.25,23816.0,15.554,6.853,7.12,27055.0,-20.9,-22.0,-1.6,0,1,1,29.145,1
2021-06-11 04:00:00,2021,6,4,4,6088.0,1709.7,44.7,0.0,4.02,468.0,125.4,10.408,0.0685,579.172,29.145,8.748,8.505,12.439,24622.0,17.396,6.906,5.93,27055.0,1046.7,3.0,-7.2,0,1,1,19.797,1
2021-06-11 05:00:00,2021,6,4,5,6292.0,560.4,44.7,0.0,4.87,450.0,121.7,3.526,0.0232,486.994,19.797,11.056,10.849,9.467,25086.0,,6.917,3.85,27055.0,-706.2,-18.0,-3.6,0,1,1,17.204,0
2021-06-11 06:00:00,2021,6,4,6,6702.0,,,0.0,4.35,,124.7,8.261,0.0543,531.506,17.204,9.241,16.696,5.81,23102.0,20.214,7.007,2.67,27055.0,570.0,-63.0,0.6,0,1,1,20.0,1
2021-06-11 07:00:00,2021,6,4,7,6127.0,1631.3,47.8,0.0,4.04,423.0,121.1,9.994,0.0658,977.659,20.0,8.325,19.567,12.835,19197.0,24.431,8.007,0.0,27055.0,452.8,36.0,9.7,0,1,1,33.632,1
2021-06-11 08:00:00,2021,6,4,8,6484.0,545.7,47.4,0.0,3.95,366.0,114.1,3.538,0.0233,1034.31,33.632,26.81,27.176,5.956,21004.0,26.239,8.951,0.0,27055.0,-752.3,-57.0,5.1,1,1,1,37.654,1
2021-06-11 09:00:00,2021,6,4,9,6345.0,1617.9,44.6,0.0,3.34,407.0,121.9,10.266,0.0675,1211.02,37.654,29.145,16.17,13.557,22130.0,28.572,10.632,0.0,27055.0,,41.0,3.0,1,1,1,43.142,1
2021-06-11 10:00:00,2021,6,4,10,6287.0,1587.3,46.5,0.0,3.03,390.0,124.7,9.979,0.0657,1015.16,43.142,19.797,7.186,,21563.0,,11.173,0.0,27055.0,-122.4,-17.0,3.0,1,1,1,35.834,1
2021-06-11 11:00:00,2021,6,4,11,5899.0,1567.6,49.9,0.9,2.83,368.0,122.6,9.248,0.0608,984.619,35.834,17.204,20.24,8.74,20920.0,33.812,11.588,0.15,27055.0,1007.2,-22.0,5.7,1,1,1,32.611,1
2021-06-11 12:00:00,2021,6,4,12,6140.0,1135.8,47.4,0.0,2.32,373.0,121.8,6.974,0.0459,774.072,32.611,20.0,6.498,5.579,21125.0,34.926,11.457,0.15,27055.0,-96.8,5.0,1.1,1,1,1,26.685,1
2021-06-11 13:00:00,2021,6,4,13,5481.0,1119.5,44.3,0.0,2.89,,119.4,6.136,0.0404,1136.756,26.685,33.632,15.266,6.213,20010.0,35.151,11.897,0.15,27055.0,-511.8,19.0,-0.3,1,1,1,34.982,1
2021-06-11 14:00:00,2021,6,4,14,5357.0,1124.9,44.6,0.0,2.25,388.0,121.5,6.026,0.0396,922.556,34.982,37.654,8.825,5.556,19501.0,33.5,11.781,0.15,27055.0,,-4.0,3.1,1,1,1,27.748,1
2021-06-11 15:00:00,2021,6,4,15,5975.0,1103.4,44.0,2.0,1.56,389.0,119.4,6.593,0.0434,1014.722,27.748,43.142,8.302,11.934,19947.0,31.984,11.809,0.48,27055.0,-514.5,1.0,3.9,1,1,1,34.041,1
2021-06-11 16:00:00,2021,6,4,16,4983.0,1633.0,47.0,0.0,1.01,413.0,,8.137,0.0535,1012.565,34.041,35.834,14.836,11.414,,30.733,11.803,0.48,27055.0,45.7,24.0,9.8,1,1,1,28.329,1
2021-06-11 17:00:00,2021,6,4,17,4930.0,540.6,41.6,0.0,0.97,415.0,116.8,2.665,0.0175,1377.318,28.329,32.611,9.001,9.346,17763.0,31.652,11.908,0.33,27055.0,-1027.0,2.0,-2.9,1,1,1,38.124,1
2021-06-11 18:00:00,2021,6,4,18,5881.0,1205.5,42.9,0.0,1.0,,,7.089,0.0466,860.071,38.124,26.685,8.193,7.05,17706.0,,11.509,0.33,27055.0,69.7,18.0,0.7,1,1,1,28.399,1
2021-06-11 19:00:00,2021,6,4,19,6297.0,1255.8,,0.7,1.5,459.0,117.3,,0.052,636.741,28.399,34.982,8.507,11.548,17563.0,29.859,11.033,0.45,27055.0,136.3,26.0,-2.2,1,1,1,22.512,1
2021-06-11 20:00:00,2021,6,4,20,6172.0,494.5,37.7,0.0,1.49,409.0,117.5,3.052,0.0201,1233.479,22.512,27.748,8.667,7.582,,32.358,11.084,0.45,27055.0,-630.4,-50.0,-4.5,1,1,1,42.744,1
2021-06-11 21:00:00,2021,6,4,21,6256.0,1308.2,41.8,0.0,,414.0,116.9,8.185,0.0538,733.726,42.744,34.041,8.076,10.416,16943.0,30.98,10.405,0.12,27055.0,204.8,5.0,-4.9,1,1,1,25.772,1
2021-06-11 22:00:00,2021,6,4,22,,1380.8,45.3,,0.87,429.0,122.3,7.442,0.049,748.713,25.772,28.329,8.748,10.407,18237.0,30.035,9.723,0.12,27055.0,-252.2,15.0,6.5,0,1,1,22.658,1
2021-06-11 23:00:00,2021,6,4,23,5631.0,1351.8,46.7,3.4,1.57,448.0,120.1,7.612,0.0501,548.936,22.658,38.124,11.056,6.898,17174.0,26.573,9.341,0.68,27055.0,811.2,19.0,3.8,0,1,1,17.355,0
2021-06-12 00:00:00,2021,6,5,0,4918.0,1643.9,48.8,0.0,1.07,,127.6,8.084,0.0532,1107.034,17.355,28.399,9.241,18.632,18696.0,26.935,8.493,0.68,27055.0,438.4,2.0,4.2,1,1,1,30.568,1
2021-06-12 01:00:00,2021,6,5,1,,1332.1,49.5,0.0,,417.0,125.0,7.565,0.0498,1211.283,30.568,22.512,8.325,7.791,17014.0,29.62,,0.57,27055.0,76.3,-33.0,4.3,1,1,1,38.622,1
2021-06-12 02:00:00,2021,6,5,2,4844.0,1607.9,50.8,0.0,0.54,411.0,130.4,,0.0512,1297.752,38.622,42.744,26.81,7.464,5575.0,28.378,7.619,0.57,27055.0,1113.4,-6.0,5.3,1,1,1,35.295,1
2021-06-12 03:00:00,2021,6,5,3,4683.0,1351.9,42.5,0.0,1.37,382.0,128.8,6.331,0.0417,1181.185,35.295,25.772,29.145,7.05,6386.0,29.259,7.618,0.57,27055.0,43.7,-29.0,-7.7,1,1,1,31.057,1
2021-06-12 04:00:00,2021,6,5,4,4940.0,1672.1,41.4,0.0,0.99,385.0,129.0,8.26,0.0543,1296.436,31.057,22.658,19.797,8.505,6088.0,31.476,7.369,0.57,27055.0,291.3,3.0,-3.3,1,1,1,35.958,1
2021-06-12 05:00:00,2021,6,5,5,4625.0,493.5,45.6,0.0,1.06,406.0,129.8,2.282,0.015,1283.915,35.958,17.355,17.204,10.849,6292.0,34.14,6.78,0.0,27055.0,-858.3,21.0,0.9,1,1,1,33.34,1
2021-06-12 06:00:00,2021,6,5,6,4072.0,2265.5,50.1,0.3,1.32,361.0,128.3,9.225,0.0607,1130.144,33.34,30.568,20.0,16.696,6702.0,33.352,6.444,0.05,27055.0,621.6,-45.0,1.7,0,1,1,25.838,1
2021-06-12 07:00:00,2021,6,5,7,4479.0,2807.3,42.3,0.0,1.63,349.0,128.9,12.573,0.0827,1493.178,25.838,,33.632,19.567,6127.0,33.173,6.542,0.05,27055.0,1475.2,-12.0,-5.5,0,1,1,37.55,1
2021-06-12 08:00:00,2021,6,5,8,4163.0,834.9,45.1,0.0,1.77,364.0,134.8,3.476,0.0229,1289.409,37.55,35.295,37.654,27.176,6484.0,32.313,6.436,0.05,27055.0,-773.0,15.0,-2.3,1,1,1,30.138,1
2021-06-12 09:00:00,2021,6,5,9,3687.0,2150.9,48.1,0.0,1.2,363.0,130.5,7.931,0.0522,1347.667,30.138,31.057,43.142,16.17,6345.0,31.787,5.988,0.05,27055.0,799.0,-1.0,3.5,1,1,1,27.898,1
2021-06-12 10:00:00,2021,6,5,10,3876.0,2131.7,41.0,0.0,2.11,357.0,131.7,8.262,0.0544,2114.638,27.898,,35.834,7.186,6287.0,33.464,6.668,0.05,27055.0,459.6,-6.0,-5.5,1,1,1,46.019,1
2021-06-12 11:00:00,2021,6,5,11,4281.0,2096.6,40.6,5.1,2.05,353.0,129.1,8.976,0.0591,866.158,,33.34,32.611,20.24,,31.377,7.003,0.9,27055.0,,-4.0,-9.3,1,1,1,20.819,1
2021-06-12 12:00:00,2021,6,5,12,4417.0,2600.7,45.2,0.0,1.67,359.0,126.7,11.487,0.0756,2002.29,20.819,25.838,26.685,6.498,6140.0,35.347,7.908,,27055.0,335.2,,-2.2,1,1,1,49.656,1
2021-06-12 13:00:00,2021,6,5,13,4690.0,1937.4,41.8,0.0,1.24,354.0,125.9,9.087,0.0598,1217.284,49.656,37.55,,15.266,5481.0,34.431,7.881,0.85,26654.0,-869.9,-5.0,-2.5,1,1,1,32.054,1
2021-06-12 14:00:00,2021,6,5,14,,2666.7,42.3,0.0,0.88,,131.3,12.548,0.0826,1395.757,32.054,,27.748,8.825,5357.0,35.554,7.898,0.85,26654.0,1831.8,,-2.3,1,1,1,36.879,1
2021-06-12 15:00:00,2021,6,5,15,3966.0,1925.6,46.2,0.0,0.97,399.0,134.4,7.637,0.0502,1354.983,36.879,27.898,34.041,8.302,5975.0,35.933,7.898,0.85,26654.0,,-4.0,2.2,1,1,1,30.172,1
2021-06-12 16:00:00,2021,6,5,16,4519.0,1932.0,44.7,0.0,1.18,408.0,130.9,8.73,,959.984,30.172,46.019,28.329,14.836,4983.0,32.323,8.018,0.85,26654.0,-199.7,9.0,-2.3,1,1,1,24.357,1
2021-06-12 17:00:00,2021,6,5,17,4000.0,2303.3,47.8,0.0,1.49,417.0,130.6,9.214,0.0606,1911.451,24.357,20.819,38.124,,4930.0,36.008,8.239,0.0,26654.0,206.7,9.0,6.2,1,1,1,42.928,1
2021-06-12 18:00:00,2021,6,5,18,4448.0,1945.6,40.2,0.0,1.17,405.0,132.7,8.653,0.0569,1709.681,42.928,49.656,28.399,8.193,5881.0,34.848,8.479,0.0,26654.0,-655.1,-12.0,-2.7,1,1,1,42.697,1
2021-06-12 19:00:00,2021,6,5,19,4193.0,610.2,46.1,0.0,1.06,370.0,133.0,2.559,0.0168,1046.982,42.697,32.054,22.512,8.507,6297.0,33.614,8.379,0.0,26654.0,-1327.2,-35.0,-0.4,1,1,1,24.648,1
2021-06-12 20:00:00,2021,6,5,20,3890.0,,,0.0,0.84,379.0,134.1,7.416,0.0488,1046.256,24.648,36.879,42.744,8.667,6172.0,31.275,8.327,0.0,26654.0,-760.2,9.0,11.5,0,1,1,22.851,1
2021-06-12 21:00:00,2021,6,5,21,4184.0,,45.4,0.0,0.63,394.0,132.3,7.671,0.0505,1032.548,22.851,30.172,25.772,8.076,6256.0,30.29,8.381,0.0,26654.0,-92.3,15.0,3.6,0,1,1,24.256,1
2021-06-12 22:00:00,2021,6,5,22,3216.0,1759.1,46.7,0.0,0.92,371.0,132.9,5.658,0.0372,1000.582,24.256,24.357,22.658,,5390.0,29.241,8.647,0.0,26654.0,-172.9,-23.0,1.4,0,1,1,18.067,1
2021-06-12 23:00:00,2021,6,5,23,3701.0,1713.3,47.1,0.0,0.67,379.0,128.5,6.341,0.0417,1175.626,18.067,42.928,17.355,11.056,5631.0,26.158,8.251,0.0,26654.0,-590.0,8.0,0.4,0,1,1,24.429,1
2021-06-13 00:00:00,2021,6,6,0,4487.0,1591.0,49.4,0.0,0.52,376.0,133.1,7.139,0.047,1198.009,24.429,,30.568,9.241,4918.0,24.072,8.254,,26654.0,-354.6,-3.0,0.6,0,1,1,30.181,1
2021-06-13 01:00:00,2021,6,6,1,5006.0,1973.4,41.5,0.0,0.2,377.0,142.2,9.878,0.065,1122.619,30.181,24.648,38.622,8.325,,,8.129,0.0,26654.0,1363.2,1.0,-8.0,0,1,1,31.553,1
2021-06-13 02:00:00,2021,6,6,2,4588.0,555.9,,0.0,0.43,425.0,138.8,2.551,0.0168,716.856,31.553,22.851,35.295,26.81,4844.0,24.492,8.514,0.0,26654.0,-1350.6,,-5.8,0,1,1,18.466,1
2021-06-13 03:00:00,2021,6,6,3,3334.0,1460.2,42.9,0.0,0.44,396.0,135.6,4.868,0.032,1373.523,18.466,24.256,31.057,29.145,4683.0,24.734,8.58,0.0,26654.0,-373.1,-29.0,0.4,1,1,1,25.711,1
2021-06-13 04:00:00,2021,6,6,4,4233.0,1428.9,,0.0,0.83,403.0,138.3,6.049,0.0398,1351.481,25.711,18.067,35.958,19.797,4940.0,27.077,8.513,0.0,26654.0,-330.2,7.0,-0.5,1,1,1,32.12,1
2021-06-13 05:00:00,2021,6,6,5,4219.0,544.3,43.3,0.0,0.36,460.0,146.1,2.296,0.0151,,32.12,24.429,33.34,17.204,4625.0,26.582,,0.0,26654.0,-1169.0,57.0,-2.3,1,1,1,21.462,1
2021-06-13 06:00:00,2021,6,6,6,3374.0,1330.2,44.3,0.0,0.87,454.0,140.6,4.488,0.0295,1553.928,21.462,30.181,25.838,20.0,4072.0,26.458,8.641,0.0,26654.0,-260.8,-6.0,-5.8,1,1,1,29.437,1
2021-06-13 07:00:00,2021,6,6,7,3076.0,1306.3,47.3,0.0,1.23,480.0,139.0,4.019,0.0264,1955.247,29.437,31.553,37.55,33.632,4479.0,26.827,8.535,0.0,26654.0,-667.1,26.0,5.0,1,1,1,33.768,1
2021-06-13 08:00:00,2021,6,6,8,3954.0,1731.0,43.8,0.0,0.58,514.0,141.2,6.844,0.045,1007.069,33.768,,30.138,37.654,4163.0,27.476,8.677,0.0,26654.0,1175.1,34.0,-1.3,1,1,1,22.357,1
2021-06-13 09:00:00,2021,6,6,9,4436.0,1236.9,46.0,0.4,0.28,453.0,143.3,,0.0361,,22.357,25.711,27.898,,,26.64,8.864,0.07,26654.0,-223.3,-61.0,-2.1,0,1,1,20.696,1
2021-06-13 10:00:00,2021,6,6,10,4557.0,455.8,41.9,0.0,0.26,489.0,140.0,2.077,0.0137,828.16,20.696,32.12,46.019,35.834,3876.0,,8.269,0.07,26654.0,-973.1,36.0,0.9,0,1,1,21.189,1
2021-06-13 11:00:00,2021,6,6,11,,1169.0,42.7,0.0,,486.0,139.8,4.24,0.0279,871.731,21.189,21.462,20.819,32.611,4281.0,24.2,8.413,0.07,26654.0,624.7,-3.0,2.1,0,1,1,17.752,0
2021-06-13 12:00:00,2021,6,6,12,12209.0,1844.7,48.9,10.9,1.0,500.0,134.6,22.523,0.1482,216.854,17.752,29.437,49.656,26.685,4417.0,21.771,7.511,1.88,26654.0,514.5,14.0,3.7,0,0,1,14.865,0
2021-06-13 13:00:00,2021,6,6,13,11167.0,,44.8,11.8,0.74,469.0,133.9,13.345,0.0878,156.209,14.865,33.768,32.054,34.982,4690.0,17.776,8.178,3.85,26654.0,-111.3,-31.0,3.0,0,0,1,9.794,0
2021-06-13 14:00:00,2021,6,6,14,12426.0,460.4,45.0,0.0,0.5,475.0,134.6,5.721,0.0376,187.281,9.794,22.357,36.879,27.748,4706.0,16.227,8.227,3.85,26654.0,-1270.6,6.0,2.7,0,0,1,13.066,0
2021-06-13 15:00:00,2021,6,6,15,13036.0,1658.3,47.0,15.4,1.03,429.0,137.1,21.619,0.1422,156.097,13.066,20.696,30.172,34.041,3966.0,14.682,8.584,6.35,26654.0,421.4,-46.0,0.8,0,0,1,11.425,0
2021-06-13 16:00:00,2021,6,6,16,12726.0,483.7,40.9,2.6,0.45,389.0,140.8,6.156,0.0405,137.786,11.425,21.189,24.357,28.329,4519.0,12.791,9.062,6.78,26654.0,27.9,-40.0,-3.8,0,0,1,9.845,0
2021-06-13 17:00:00,2021,6,6,17,11997.0,502.4,46.7,4.3,0.82,424.0,141.9,6.027,0.0396,132.233,9.845,17.752,42.928,38.124,4000.0,11.317,8.533,7.5,26654.0,-666.6,35.0,-1.1,0,0,1,8.907,0
2021-06-13 18:00:00,2021,6,6,18,11564.0,1242.4,44.9,18.2,1.11,434.0,144.8,14.367,0.0945,149.075,8.907,14.865,42.697,28.399,4448.0,10.453,,8.72,26654.0,-602.3,10.0,4.7,0,0,1,9.679,0
2021-06-13 19:00:00,2021,6,6,19,10359.0,1247.2,49.0,16.7,1.09,436.0,147.3,12.92,0.085,162.152,,9.794,24.648,22.512,4193.0,10.392,7.963,9.53,26654.0,52.2,2.0,2.9,0,0,1,9.431,0
2021-06-13 20:00:00,2021,6,6,20,11662.0,1694.4,43.5,15.9,,468.0,144.5,19.76,0.13,154.71,9.431,13.066,22.851,42.744,3890.0,9.903,8.189,12.18,26654.0,1234.0,32.0,-5.7,0,0,1,10.13,0
2021-06-13 21:00:00,2021,6,6,21,11927.0,529.8,43.8,0.7,0.74,457.0,149.4,,0.0416,206.048,10.13,11.425,24.256,25.772,4184.0,10.298,8.204,9.73,,,-11.0,-1.6,0,0,1,13.798,0
2021-06-13 22:00:00,2021,6,6,22,12108.0,1259.4,50.5,9.5,1.19,465.0,148.3,15.248,0.1003,146.996,13.798,9.845,18.067,22.658,3216.0,10.323,8.411,10.88,26654.0,775.7,8.0,3.8,0,0,1,9.993,0
2021-06-13 23:00:00,2021,6,6,23,12364.0,1231.0,47.9,15.7,0.7,482.0,155.2,15.221,0.1001,137.902,9.993,8.907,24.429,17.355,3701.0,10.434,8.521,12.78,26654.0,728.6,17.0,0.8,0,0,1,9.573,0
2021-06-14 00:00:00,2021,6,0,0,14097.0,1593.6,45.5,20.1,0.85,476.0,154.6,22.465,0.1478,122.263,9.573,9.679,30.181,30.568,4487.0,10.434,8.285,13.1,26654.0,351.2,,-3.9,0,0,1,9.677,0
2021-06-14 01:00:00,2021,6,0,1,14637.0,1610.7,43.7,15.7,0.66,464.0,158.6,23.576,0.1551,121.537,9.677,9.431,31.553,,5006.0,10.526,7.826,12.93,26654.0,363.5,,2.2,0,0,1,9.988,0
2021-06-14 02:00:00,2021,6,0,2,14714.0,1265.9,42.3,14.6,0.98,422.0,154.3,18.625,0.1225,122.511,9.988,10.13,18.466,35.295,4588.0,10.525,7.915,12.72,26547.0,-428.5,-42.0,-2.7,0,0,1,10.121,0
2021-06-14 03:00:00,2021,6,0,3,15173.0,529.0,42.8,4.3,0.28,449.0,153.6,8.027,0.0528,116.997,,13.798,25.711,31.057,3334.0,9.886,,13.32,26547.0,-0.8,27.0,-0.1,0,0,1,9.967,0
2021-06-14 04:00:00,2021,6,0,4,16405.0,,46.3,,0.88,487.0,145.2,8.557,0.0563,,9.967,9.993,32.12,35.958,4233.0,9.851,6.927,12.53,26547.0,-737.8,38.0,5.4,0,0,1,9.779,0
2021-06-14 05:00:00,2021,6,0,5,16415.0,1617.8,49.5,15.6,0.41,478.0,147.0,26.555,0.1747,123.91,9.779,9.573,21.462,33.34,4219.0,10.159,6.787,12.52,26547.0,386.8,-9.0,6.2,0,0,1,11.42,0
2021-06-14 06:00:00,2021,6,0,6,15839.0,1257.2,48.9,,0.43,494.0,145.1,19.912,0.131,,11.42,9.677,29.437,25.838,3374.0,10.058,6.005,12.23,26547.0,-336.4,16.0,4.6,0,0,1,9.072,0
2021-06-14 07:00:00,2021,6,0,7,16388.0,1393.7,38.9,15.4,0.73,461.0,144.7,22.84,0.1503,112.812,9.072,9.988,33.768,37.55,3076.0,10.123,,12.18,25748.0,-217.0,-33.0,-8.4,0,0,1,10.38,0
2021-06-14 08:00:00,2021,6,0,8,16662.0,1785.8,40.6,16.2,0.83,462.0,149.2,29.755,0.1958,162.619,10.38,10.121,22.357,30.138,3954.0,10.972,3.577,12.45,25119.0,519.9,1.0,-3.2,0,0,1,15.213,0
2021-06-14 09:00:00,2021,6,0,9,17139.0,1800.4,43.6,21.0,0.51,451.0,155.7,30.856,,95.492,15.213,9.967,20.696,27.898,,10.842,3.085,,25119.0,1271.4,-11.0,-2.4,0,0,1,9.189,0
2021-06-14 10:00:00,2021,6,0,10,17167.0,,47.9,21.7,1.29,420.0,152.7,25.278,0.1663,199.698,9.189,9.779,21.189,46.019,4557.0,12.42,2.833,18.05,25119.0,950.9,-31.0,6.0,1,0,1,19.248,1
2021-06-14 11:00:00,2021,6,0,11,,,45.4,22.1,,439.0,155.4,37.594,0.2473,207.646,19.248,11.42,17.752,20.819,3627.0,14.067,3.244,19.13,25086.0,439.9,19.0,2.7,1,0,1,21.3,1
2021-06-14 12:00:00,2021,6,0,12,16561.0,536.5,41.1,0.0,0.7,409.0,161.6,8.885,,201.467,21.3,9.072,14.865,49.656,12209.0,15.677,3.505,,25086.0,,-30.0,-7.8,1,0,1,18.733,1
2021-06-14 13:00:00,2021,6,0,13,17016.0,1466.4,41.6,11.4,0.38,411.0,160.0,24.953,0.1642,245.16,18.733,10.38,9.794,32.054,11167.0,17.851,4.221,15.4,25086.0,72.7,,-3.2,1,0,1,23.422,1
2021-06-14 14:00:00,2021,6,0,14,16549.0,2162.0,40.7,12.8,0.95,,164.7,,0.2354,422.523,23.422,15.213,13.066,36.879,12426.0,21.859,6.951,14.83,25086.0,376.2,-1.0,-4.3,1,0,1,39.259,1
2021-06-14 15:00:00,2021,6,0,15,16505.0,466.8,45.9,0.0,1.48,398.0,,7.705,0.0507,341.032,39.259,9.189,11.425,30.172,13036.0,25.594,7.872,11.33,25086.0,-1333.6,-12.0,,1,0,1,31.603,1
2021-06-14 16:00:00,2021,6,0,16,17803.0,483.8,44.0,,1.32,,163.6,8.612,0.0567,84.117,31.603,19.248,9.845,24.357,12726.0,23.788,7.912,9.22,25086.0,-988.7,17.0,3.1,0,0,1,8.408,0
2021-06-14 17:00:00,2021,6,0,17,17805.0,1428.2,43.5,18.5,1.35,367.0,156.4,25.428,0.1673,,8.408,21.3,8.907,42.928,11997.0,21.758,7.906,8.62,25086.0,,-48.0,-3.2,0,0,1,9.123,0
2021-06-14 18:00:00,2021,6,0,18,18398.0,1449.2,46.3,20.4,1.05,379.0,156.8,26.661,0.1754,88.976,9.123,18.733,9.679,42.697,11564.0,20.168,7.918,12.02,,912.7,12.0,1.4,0,0,1,9.191,0
2021-06-14 19:00:00,2021,6,0,19,17974.0,556.7,48.0,14.0,2.04,379.0,156.3,10.006,0.0658,82.92,9.191,23.422,9.431,24.648,10359.0,17.659,7.948,12.45,25086.0,-909.7,0.0,-1.0,0,0,1,8.368,0
2021-06-14 20:00:00,2021,6,0,20,16739.0,524.8,45.8,0.0,2.04,378.0,166.5,8.785,0.0578,157.136,8.368,39.259,10.13,22.851,11662.0,13.577,7.905,10.32,25086.0,-1637.2,-1.0,2.3,0,0,1,14.768,0
2021-06-14 21:00:00,2021,6,0,21,15635.0,562.8,43.7,,2.61,400.0,160.6,8.8,0.0579,90.358,,31.603,13.798,24.256,11927.0,9.632,8.009,11.22,25086.0,96.0,22.0,-0.1,0,0,1,7.932,0
2021-06-14 22:00:00,2021,6,0,22,16773.0,557.1,44.4,0.0,2.44,423.0,162.9,9.344,0.0615,167.0,7.932,,9.993,18.067,12108.0,10.852,7.97,9.72,25086.0,73.3,23.0,-6.1,0,0,1,15.727,0
2021-06-14 23:00:00,2021,6,0,23,19661.0,,51.2,28.9,2.92,398.0,167.7,37.914,0.2494,92.492,15.727,9.123,9.573,24.429,12364.0,11.033,7.955,11.45,25086.0,500.1,,3.3,0,0,0,10.21,0
2021-06-15 00:00:00,2021,6,1,0,19014.0,1368.2,53.5,18.4,2.92,419.0,163.8,26.014,0.1711,93.925,10.21,9.191,9.677,30.181,14097.0,11.172,7.947,11.12,25086.0,-81.0,21.0,8.0,0,0,0,10.027,0
2021-06-15 01:00:00,2021,6,1,1,19405.0,1365.2,53.4,19.3,3.19,376.0,163.4,26.492,0.1743,88.113,10.027,8.368,9.988,31.553,14637.0,11.377,7.956,12.0,25086.0,808.5,-43.0,9.7,0,0,0,9.6,0
2021-06-15 02:00:00,2021,6,1,2,21210.0,638.7,51.4,10.2,,340.0,160.2,13.546,0.0891,78.314,9.6,14.768,10.121,18.466,14714.0,10.47,7.976,13.7,25086.0,113.9,-36.0,9.1,0,0,0,9.326,0
2021-06-15 03:00:00,2021,6,1,3,21697.0,1325.7,54.4,23.8,2.98,410.0,160.4,28.765,0.1892,66.582,9.326,7.932,9.967,25.711,15173.0,10.5,8.028,16.77,25086.0,762.9,70.0,11.6,0,0,0,8.111,0
2021-06-15 04:00:00,2021,6,1,4,21652.0,614.2,49.0,13.5,3.63,437.0,163.5,13.299,0.0875,67.255,8.111,15.727,9.779,32.12,16405.0,9.242,8.072,19.02,25086.0,57.1,27.0,2.7,0,0,0,8.176,0
2021-06-15 05:00:00,2021,6,1,5,20924.0,1924.0,55.9,27.9,3.42,386.0,158.5,40.257,0.2648,,8.176,10.21,11.42,21.462,16415.0,9.094,8.113,18.85,25086.0,-4.3,-51.0,6.4,0,0,0,9.326,0
2021-06-15 06:00:00,2021,6,1,6,19868.0,1996.7,54.1,16.8,3.78,406.0,156.7,39.67,0.261,186.723,9.326,10.027,9.072,29.437,15839.0,10.895,8.158,,25086.0,628.5,20.0,5.2,0,0,0,20.829,1
2021-06-15 07:00:00,2021,6,1,7,19526.0,1274.8,56.2,,3.92,381.0,151.6,24.891,0.1638,80.252,20.829,9.6,10.38,33.768,16388.0,10.761,8.199,17.9,25086.0,-90.4,-25.0,17.3,0,0,0,8.798,0
2021-06-15 08:00:00,2021,6,1,8,,2053.7,57.4,24.2,4.23,351.0,153.8,38.519,0.2534,91.181,8.798,9.326,15.213,22.357,16662.0,10.807,8.255,20.23,25086.0,1415.0,-30.0,16.8,0,0,0,9.602,0
2021-06-15 09:00:00,2021,6,1,9,,644.8,53.6,0.0,3.72,411.0,151.2,12.193,0.0802,153.939,,8.111,9.189,20.696,17139.0,12.179,8.196,16.27,,-680.9,60.0,10.0,0,0,0,16.344,0
2021-06-15 10:00:00,2021,6,1,10,17165.0,634.3,53.5,9.3,3.55,373.0,144.1,10.887,0.0716,79.482,16.344,8.176,19.248,21.189,17167.0,12.093,8.244,15.57,25086.0,20.1,,5.6,0,0,0,7.66,0
2021-06-15 11:00:00,2021,6,1,11,16742.0,,54.4,7.6,3.41,402.0,146.1,22.849,0.1503,,,9.326,21.3,17.752,18270.0,13.32,8.119,12.18,25086.0,-559.2,29.0,9.0,0,0,0,16.688,0
2021-06-15 12:00:00,2021,6,1,12,17599.0,1391.9,50.5,21.8,3.92,450.0,142.6,24.497,0.1612,76.287,16.688,20.829,18.733,14.865,16561.0,11.105,8.145,13.02,25086.0,-604.8,48.0,9.4,0,0,0,7.538,0
2021-06-15 13:00:00,2021,6,1,13,17475.0,1996.6,52.3,22.8,3.83,401.0,143.3,34.89,0.2295,83.545,7.538,8.798,23.422,9.794,17016.0,11.005,7.915,14.28,,721.8,-49.0,10.7,0,0,0,8.197,0
2021-06-15 14:00:00,2021,6,1,14,19168.0,561.0,51.4,11.9,3.82,412.0,148.0,10.753,0.0707,64.217,8.197,9.602,39.259,13.066,16549.0,10.556,5.616,12.23,25086.0,-1492.7,11.0,10.7,0,0,0,6.911,0
2021-06-15 15:00:00,2021,6,1,15,17976.0,1413.0,50.8,17.2,3.71,417.0,144.6,25.4,0.1671,105.343,6.911,16.344,31.603,11.425,16505.0,9.604,3.597,15.1,25086.0,768.2,5.0,4.9,1,0,0,10.632,0
2021-06-15 16:00:00,2021,6,1,16,18310.0,612.1,,14.0,3.5,,147.3,11.209,0.0737,81.564,10.632,7.66,8.408,9.845,17803.0,9.725,3.597,15.88,25086.0,-22.2,30.0,7.3,1,0,0,8.385,0
2021-06-15 17:00:00,2021,6,1,17,19551.0,595.5,54.8,16.2,3.4,456.0,144.0,11.642,0.0766,149.612,8.385,16.688,9.123,8.907,17805.0,9.681,3.782,17.32,25086.0,-769.3,,11.3,1,0,0,16.423,0
2021-06-15 18:00:00,2021,6,1,18,19035.0,1402.1,54.4,24.6,3.85,431.0,143.6,26.688,0.1756,59.809,16.423,7.538,9.191,9.679,18398.0,9.49,3.875,17.78,25086.0,10.2,-25.0,8.1,1,0,0,6.392,0
2021-06-15 19:00:00,2021,6,1,19,19693.0,2077.5,,26.8,3.88,428.0,148.3,40.912,0.2692,175.322,6.392,8.197,8.368,9.431,17974.0,11.355,4.227,18.45,25086.0,80.9,-3.0,6.6,1,0,0,19.385,1
2021-06-15 20:00:00,2021,6,1,20,19995.0,1377.9,54.8,17.1,3.7,399.0,146.7,,0.1813,132.519,19.385,6.911,14.768,10.13,16739.0,12.682,4.231,19.32,,816.9,-29.0,9.0,1,0,0,14.877,0
2021-06-15 21:00:00,2021,6,1,21,,1388.6,,20.1,3.42,366.0,151.2,28.703,0.1888,57.853,14.877,10.632,7.932,13.798,15635.0,12.029,,,25086.0,-24.4,-33.0,10.4,0,0,0,6.714,0
2021-06-15 22:00:00,2021,6,1,22,20149.0,618.7,53.1,5.0,3.73,386.0,155.7,12.467,0.082,,6.714,8.385,15.727,9.993,16773.0,12.133,4.18,,25086.0,6.6,20.0,8.7,0,0,0,9.006,0
2021-06-15 23:00:00,2021,6,1,23,20626.0,637.0,53.5,17.8,4.23,349.0,154.7,13.139,0.0864,48.21,9.006,16.423,10.21,9.573,19661.0,10.326,4.313,18.57,25086.0,41.5,-37.0,2.3,0,0,0,5.583,0
2021-06-16 00:00:00,2021,6,2,0,20091.0,556.2,56.4,0.5,4.82,319.0,156.4,11.174,0.0735,115.893,5.583,,10.027,9.677,,11.44,4.34,14.55,25086.0,-845.9,-30.0,2.9,0,0,0,13.073,0
2021-06-16 01:00:00,2021,6,2,1,18873.0,2130.0,57.1,36.0,6.04,368.0,154.7,40.2,0.2645,53.122,13.073,19.385,,9.988,19405.0,9.147,4.459,16.08,25086.0,52.5,49.0,3.7,0,0,0,5.629,0
2021-06-16 02:00:00,2021,6,2,2,18146.0,590.1,54.3,0.0,5.33,346.0,154.3,10.707,0.0704,128.236,5.629,14.877,9.326,10.121,21210.0,8.845,4.479,13.23,25086.0,-787.8,-22.0,2.9,0,0,0,13.065,0
2021-06-16 03:00:00,2021,6,2,3,16805.0,632.5,57.2,8.1,5.56,337.0,155.8,,0.0699,58.567,13.065,,8.111,9.967,21697.0,8.647,4.574,11.23,25086.0,-756.1,-9.0,2.8,0,0,0,5.526,0
2021-06-16 04:00:00,2021,6,2,4,17511.0,1387.2,,17.6,6.2,331.0,156.8,24.291,0.1598,62.756,5.526,9.006,8.176,9.779,21652.0,8.174,4.639,13.33,25086.0,768.5,-6.0,4.6,0,0,0,6.17,0
2021-06-16 05:00:00,2021,6,2,5,19510.0,1358.5,55.2,11.6,6.25,316.0,157.6,26.504,0.1744,124.666,6.17,5.583,9.326,11.42,20924.0,9.52,4.674,12.3,25086.0,721.5,-15.0,-0.7,0,0,0,13.656,0
2021-06-16 06:00:00,2021,6,2,6,18116.0,1398.8,55.9,18.1,5.73,321.0,153.5,25.34,0.1667,70.639,13.656,13.073,20.829,9.072,19868.0,8.538,4.195,15.23,25086.0,842.6,5.0,1.8,0,0,0,7.185,0
2021-06-16 07:00:00,2021,6,2,7,18627.0,592.7,56.4,3.8,,283.0,152.6,11.04,0.0726,106.509,7.185,5.629,8.798,10.38,19526.0,9.457,4.19,9.87,25086.0,-1537.3,-38.0,0.2,0,0,0,11.139,0
2021-06-16 08:00:00,2021,6,2,8,18225.0,1404.6,55.9,15.4,5.7,299.0,151.1,25.598,0.1684,99.125,11.139,13.065,9.602,15.213,18756.0,8.97,4.188,12.43,,814.5,16.0,-1.5,0,0,0,10.143,0
2021-06-16 09:00:00,2021,6,2,9,18340.0,1387.8,57.6,7.8,5.37,320.0,149.5,25.452,0.1675,185.556,10.143,5.526,16.344,9.189,,11.233,4.395,12.38,25086.0,,21.0,4.0,0,0,0,19.107,1
2021-06-16 10:00:00,2021,6,2,10,17408.0,543.3,59.4,7.5,5.27,298.0,152.0,9.458,0.0622,90.056,19.107,6.17,7.66,19.248,17165.0,11.672,4.37,10.7,25086.0,-843.9,-22.0,5.9,0,0,0,8.802,0
2021-06-16 11:00:00,2021,6,2,11,17925.0,1404.6,55.6,15.0,4.19,322.0,151.6,25.178,0.1656,108.415,8.802,13.656,16.688,21.3,16742.0,11.215,4.165,11.27,25086.0,46.1,24.0,1.2,0,0,0,10.911,0
2021-06-16 12:00:00,2021,6,2,12,17646.0,551.0,58.8,6.1,4.16,284.0,153.2,9.722,0.064,79.324,10.911,7.185,7.538,18.733,17599.0,,4.156,9.27,25086.0,-847.8,-38.0,8.3,0,0,0,7.859,0
2021-06-16 13:00:00,2021,6,2,13,18328.0,2268.9,59.8,35.5,4.72,295.0,149.6,41.584,0.2736,80.512,7.859,11.139,8.197,23.422,17475.0,10.851,4.154,14.55,25086.0,1676.2,11.0,7.5,0,0,0,8.285,0
2021-06-16 14:00:00,2021,6,2,14,18247.0,2325.9,56.5,30.6,4.19,306.0,150.9,42.442,0.2792,77.033,8.285,10.143,6.911,39.259,19168.0,10.476,4.125,,25086.0,921.3,,5.1,0,0,0,7.892,0
2021-06-16 15:00:00,2021,6,2,15,18136.0,599.0,55.9,0.0,4.24,300.0,149.4,10.864,0.0715,135.388,7.892,19.107,10.632,31.603,17976.0,9.589,4.188,15.78,25086.0,-788.8,-6.0,5.1,0,0,0,13.786,0
2021-06-16 16:00:00,2021,6,2,16,17204.0,1358.5,54.8,13.7,4.67,263.0,149.5,23.371,0.1538,80.585,13.786,8.802,8.385,8.408,18310.0,9.42,4.202,16.82,25086.0,815.2,-37.0,3.5,0,0,0,7.784,0
2021-06-16 17:00:00,2021,6,2,17,18103.0,1321.8,59.3,9.4,4.62,271.0,149.2,23.929,0.1574,126.101,7.784,10.911,16.423,9.123,19551.0,9.737,4.037,,25086.0,-82.8,8.0,4.5,0,0,0,12.817,0
2021-06-16 18:00:00,2021,6,2,18,18401.0,,58.2,39.1,4.97,284.0,145.4,40.517,0.2666,55.51,12.817,7.859,6.392,9.191,19035.0,9.383,4.066,21.38,,,13.0,3.8,0,0,0,5.735,0
2021-06-16 19:00:00,2021,6,2,19,18923.0,1294.2,55.5,20.2,4.93,264.0,146.0,24.49,0.1611,50.393,5.735,8.285,19.385,8.368,19693.0,8.895,3.673,18.83,25086.0,-974.7,-20.0,0.9,0,0,0,5.354,0
2021-06-16 20:00:00,2021,6,2,20,20076.0,1293.3,58.5,14.5,4.9,316.0,147.6,25.964,0.1708,71.488,5.354,7.892,14.877,14.768,19995.0,8.922,3.506,16.15,25086.0,-1032.6,52.0,3.7,0,0,0,8.058,0
2021-06-16 21:00:00,2021,6,2,21,21714.0,604.4,57.0,11.2,4.94,283.0,149.6,,0.0863,,8.058,13.786,6.714,7.932,20670.0,7.491,3.568,18.02,25086.0,5.4,-33.0,2.9,0,0,0,5.199,0
2021-06-16 22:00:00,2021,6,2,22,21135.0,580.9,57.7,4.2,5.07,319.0,141.3,12.278,0.0808,75.709,5.199,7.784,9.006,15.727,20149.0,7.691,3.568,16.43,25086.0,-777.6,36.0,4.6,0,0,0,8.984,0
2021-06-16 23:00:00,2021,6,2,23,21261.0,1311.4,57.1,21.9,5.32,341.0,144.9,27.882,0.1834,40.294,8.984,12.817,5.583,10.21,20626.0,6.357,3.606,18.52,25086.0,-10.4,22.0,3.6,0,0,0,4.81,0
2021-06-17 00:00:00,2021,6,3,0,21752.0,,55.6,20.3,5.61,290.0,146.4,27.618,0.1817,45.976,4.81,5.735,13.073,10.027,20091.0,6.337,,15.38,25086.0,-932.3,-51.0,-0.8,0,0,0,5.615,0
2021-06-17 01:00:00,2021,6,3,1,20945.0,2062.9,56.2,28.6,,340.0,146.4,43.207,0.2843,45.919,5.615,5.354,5.629,9.6,18873.0,6.344,3.589,,25086.0,,50.0,-0.9,0,0,0,5.4,0
2021-06-17 02:00:00,2021,6,3,2,22598.0,1862.5,55.3,23.1,5.94,318.0,,42.088,0.2769,86.193,5.4,8.058,13.065,9.326,18146.0,6.824,,18.22,25086.0,569.2,-22.0,1.0,0,0,0,10.936,0
2021-06-17 03:00:00,2021,6,3,3,22609.0,1254.3,56.4,20.8,5.56,273.0,146.5,28.359,0.1866,41.098,10.936,5.199,5.526,8.111,16805.0,6.827,3.52,19.82,25086.0,649.9,-45.0,,0,0,0,5.217,0
2021-06-17 04:00:00,2021,6,3,4,22751.0,1253.2,57.3,22.7,5.42,260.0,153.1,28.512,0.1876,38.994,5.217,8.984,6.17,8.176,17511.0,6.16,3.566,22.9,25086.0,672.3,-13.0,3.7,0,0,0,4.981,0
2021-06-17 05:00:00,2021,6,3,5,23173.0,1741.6,55.9,,5.64,253.0,157.3,40.358,,42.212,4.981,4.81,13.656,9.326,19510.0,6.273,3.464,23.87,23173.0,430.2,-7.0,0.7,0,0,0,5.492,0
2021-06-17 06:00:00,2021,6,3,6,24807.0,1814.2,55.4,31.9,5.56,272.0,156.9,45.004,0.2961,,5.492,5.615,7.185,20.829,18116.0,6.37,3.485,25.8,24807.0,544.5,19.0,-0.5,0,0,0,6.195,0
2021-06-17 07:00:00,2021,6,3,7,23956.0,1831.2,57.3,25.0,5.59,280.0,159.9,43.869,0.2886,68.705,6.195,5.4,11.139,8.798,18627.0,7.01,,25.2,24807.0,-231.7,8.0,0.9,0,0,0,9.241,0
2021-06-17 08:00:00,2021,6,3,8,24687.0,1939.9,59.8,27.0,5.41,277.0,163.3,47.89,0.3151,80.515,,10.936,10.143,9.602,18225.0,7.048,3.471,25.85,24807.0,77.4,-3.0,3.9,0,0,0,11.16,0
2021-06-17 09:00:00,2021,6,3,9,25121.0,1119.0,60.0,21.3,4.78,,160.5,28.111,0.1849,31.189,11.16,5.217,19.107,16.344,18340.0,6.911,2.694,25.93,25121.0,-135.3,39.0,2.4,0,0,0,4.399,0
2021-06-17 10:00:00,2021,6,3,10,25950.0,1084.1,59.7,9.9,4.35,285.0,159.9,,0.1851,,4.399,4.981,8.802,7.66,17408.0,8.576,3.071,23.8,25950.0,-169.1,-31.0,0.3,0,0,0,14.968,0
2021-06-17 11:00:00,2021,6,3,11,25981.0,1142.8,61.6,13.2,4.21,323.0,153.4,29.69,0.1953,84.492,14.968,5.492,10.911,16.688,17925.0,9.715,3.143,21.38,,-598.8,38.0,6.0,0,0,0,12.325,0
2021-06-17 12:00:00,2021,6,3,12,26134.0,683.4,57.8,11.0,4.52,,150.0,17.86,0.1175,30.287,12.325,6.195,7.859,7.538,17646.0,9.423,3.227,17.9,,-1130.8,5.0,-1.0,0,0,0,4.444,0
2021-06-17 13:00:00,2021,6,3,13,25516.0,1163.3,59.7,,4.02,345.0,155.6,29.683,0.1953,114.734,4.444,9.241,8.285,8.197,18328.0,10.622,3.67,15.27,26134.0,-667.9,17.0,-0.1,0,0,0,16.437,0
2021-06-17 14:00:00,2021,6,3,14,25934.0,1141.5,57.0,22.5,4.18,349.0,154.8,29.605,0.1948,36.735,16.437,11.16,7.892,6.911,18247.0,9.654,3.716,14.52,26134.0,-798.4,4.0,0.5,0,0,0,5.349,0
2021-06-17 15:00:00,2021,6,3,15,25011.0,1216.5,59.1,19.9,4.33,358.0,151.7,30.426,0.2002,37.03,5.349,4.399,13.786,10.632,18136.0,9.787,3.556,14.28,26134.0,97.5,9.0,3.2,0,0,0,5.2,0
2021-06-17 16:00:00,2021,6,3,16,,522.3,59.9,4.3,,296.0,151.3,12.378,0.0814,,5.2,14.968,7.784,8.385,17204.0,8.888,3.575,13.35,26134.0,-561.8,-62.0,5.1,0,0,0,9.572,0
2021-06-17 17:00:00,2021,6,3,17,,1232.4,54.8,18.2,5.24,278.0,146.4,28.732,,44.752,9.572,12.325,12.817,16.423,18103.0,7.81,3.433,14.18,26134.0,89.6,,-4.5,0,0,0,5.858,0
2021-06-17 18:00:00,2021,6,3,18,23346.0,1275.2,58.0,25.9,5.04,328.0,143.9,29.771,0.1959,,5.858,4.444,5.735,6.392,18401.0,7.903,3.453,16.67,26134.0,591.8,50.0,-0.2,0,0,0,5.001,0
2021-06-17 19:00:00,2021,6,3,19,21961.0,1216.6,54.9,22.3,4.87,322.0,148.4,26.717,0.1758,44.849,5.001,16.437,5.354,19.385,18923.0,6.085,3.448,18.85,26134.0,53.3,-6.0,,0,0,0,5.53,0
2021-06-17 20:00:00,2021,6,3,20,22131.0,583.2,55.0,14.2,5.14,335.0,140.8,12.907,0.0849,44.215,5.53,5.349,8.058,14.877,20076.0,6.109,,17.47,26134.0,-558.3,13.0,-3.5,0,0,0,5.494,0
2021-06-17 21:00:00,2021,6,3,21,21848.0,1219.2,53.9,18.7,5.82,370.0,144.8,26.638,0.1753,36.97,5.494,5.2,5.199,6.714,21714.0,,3.491,17.27,26134.0,2.7,,-3.1,0,0,0,4.535,0
2021-06-17 22:00:00,2021,6,3,22,22310.0,599.3,55.6,3.0,5.73,343.0,145.0,13.37,0.088,88.016,4.535,9.572,8.984,9.006,21135.0,6.24,3.556,17.05,26134.0,77.0,-27.0,-2.1,0,0,0,11.025,0
2021-06-17 23:00:00,2021,6,3,23,21195.0,609.7,53.0,8.4,5.46,368.0,143.5,12.922,0.085,40.756,11.025,,4.81,5.583,21261.0,6.073,3.555,15.42,26134.0,-622.7,25.0,-4.1,0,0,0,4.85,0
2021-06-18 00:00:00,2021,6,4,0,21295.0,1250.1,51.2,5.8,5.25,372.0,,26.621,0.1751,158.327,,5.001,5.615,13.073,21752.0,8.394,4.228,12.07,26134.0,-25.1,4.0,-4.4,0,0,0,18.93,1
2021-06-18 01:00:00,2021,6,4,1,21783.0,2015.0,53.2,24.0,5.51,361.0,140.0,43.894,,96.286,18.93,5.53,5.4,5.629,20945.0,9.435,,12.35,26134.0,798.4,-11.0,-3.0,0,0,0,11.776,0
2021-06-18 02:00:00,2021,6,4,2,,1286.1,53.9,15.3,,301.0,140.4,28.291,0.1861,70.764,11.776,5.494,10.936,13.065,22598.0,9.976,4.221,12.53,26134.0,702.9,-60.0,-1.4,0,0,0,8.74,0
2021-06-18 03:00:00,2021,6,4,3,22194.0,1255.7,55.1,24.0,5.25,289.0,139.9,27.868,0.1833,37.982,8.74,4.535,5.217,5.526,22609.0,10.009,4.237,13.42,26134.0,36.5,-12.0,-1.3,0,0,0,4.733,0
2021-06-18 04:00:00,2021,6,4,4,,2269.3,,32.0,5.25,340.0,,,0.3215,50.528,4.733,11.025,4.981,6.17,22751.0,,4.206,18.25,26134.0,1670.0,51.0,-0.4,0,0,0,6.109,0
2021-06-18 05:00:00,2021,6,4,5,23444.0,1313.8,57.4,26.1,,361.0,137.3,30.801,0.2026,45.773,6.109,,5.492,13.656,23173.0,9.386,4.192,21.2,26134.0,704.1,21.0,1.5,0,0,0,6.025,0
2021-06-18 06:00:00,2021,6,4,6,23652.0,2283.2,58.2,34.9,4.84,347.0,139.1,54.001,0.3553,53.096,6.025,18.93,6.195,7.185,24807.0,7.406,4.177,26.05,26134.0,1033.1,-14.0,2.8,0,0,0,7.051,0
2021-06-18 07:00:00,2021,6,4,7,23187.0,578.2,,11.1,5.43,297.0,136.2,13.406,0.0882,35.987,7.051,11.776,9.241,11.139,23956.0,6.224,4.235,23.9,26134.0,-1436.8,,,0,0,0,4.685,0
2021-06-18 08:00:00,2021,6,4,8,23173.0,1331.7,57.2,,5.28,336.0,139.5,30.86,0.203,37.792,4.685,8.74,11.16,10.143,24687.0,5.587,4.23,25.02,26134.0,45.6,39.0,-2.6,0,0,0,4.917,0
2021-06-18 09:00:00,2021,6,4,9,22997.0,612.6,57.8,10.0,5.49,320.0,,14.087,0.0927,45.958,4.917,4.733,4.399,19.107,25121.0,5.787,4.187,22.68,26134.0,-643.1,-16.0,-2.2,0,0,0,5.934,0
2021-06-18 10:00:00,2021,6,4,10,23073.0,1329.6,60.7,26.8,5.14,299.0,141.2,30.677,0.2018,,5.934,6.109,14.968,8.802,25950.0,5.776,3.92,21.82,26134.0,-939.7,-21.0,1.0,0,0,0,6.047,0
2021-06-18 11:00:00,2021,6,4,11,22542.0,1881.0,58.2,23.9,4.58,308.0,139.3,42.401,0.279,85.522,6.047,6.025,12.325,10.911,25981.0,6.576,3.851,21.45,26134.0,567.2,9.0,-3.4,0,0,0,10.824,0
2021-06-18 12:00:00,2021,6,4,12,,1206.4,57.4,23.2,4.59,256.0,145.9,26.432,0.1739,48.227,10.824,7.051,4.444,7.859,26134.0,6.39,3.812,19.5,26134.0,-1076.8,-52.0,-0.4,0,0,0,5.933,0
2021-06-18 13:00:00,2021,6,4,13,21194.0,1237.0,56.3,12.8,4.55,290.0,138.7,26.218,0.1725,139.115,5.933,4.685,16.437,,25516.0,8.368,3.824,19.78,26134.0,658.8,34.0,-3.4,1,0,0,16.554,0
2021-06-18 14:00:00,2021,6,4,14,21306.0,534.7,55.9,5.1,5.06,308.0,,11.393,0.075,,16.554,4.917,,7.892,25934.0,11.27,4.84,16.97,26134.0,-797.0,18.0,-1.1,1,0,0,22.33,1
2021-06-18 15:00:00,2021,6,4,15,20270.0,1892.0,,22.3,4.52,248.0,132.0,38.351,,189.557,22.33,5.934,5.2,13.786,25011.0,,5.502,19.02,26134.0,,-60.0,-1.9,1,0,0,21.573,1
2021-06-18 16:00:00,2021,6,4,16,20109.0,1248.1,54.2,22.5,4.61,255.0,134.5,,0.1651,78.669,21.573,6.047,9.572,7.784,23699.0,14.349,5.5,18.3,26134.0,-81.5,7.0,-5.7,1,0,0,8.882,0
2021-06-18 17:00:00,2021,6,4,17,20547.0,589.5,57.8,5.7,4.75,288.0,137.5,12.113,0.0797,94.034,8.882,10.824,5.858,,23314.0,14.353,5.475,15.27,26134.0,-1291.5,33.0,3.0,1,0,0,10.848,0
2021-06-18 18:00:00,2021,6,4,18,19609.0,1806.2,56.0,30.7,4.71,302.0,135.4,35.419,0.233,45.46,10.848,5.933,5.001,5.735,23346.0,14.199,5.475,16.52,26134.0,599.8,14.0,-2.0,1,0,0,5.005,0
2021-06-18 19:00:00,2021,6,4,19,21294.0,1273.4,57.2,10.7,4.18,277.0,139.5,27.116,0.1784,232.55,5.005,16.554,5.53,5.354,21961.0,16.074,6.613,16.17,26134.0,36.4,-25.0,2.3,1,0,0,27.803,1
2021-06-18 20:00:00,2021,6,4,20,21428.0,1286.6,57.8,21.7,4.66,263.0,140.3,27.569,0.1814,243.805,27.803,22.33,5.494,8.058,22131.0,17.24,7.617,18.93,26134.0,751.9,-14.0,2.8,1,0,0,29.332,1
2021-06-18 21:00:00,2021,6,4,21,21286.0,568.2,56.5,1.2,4.45,269.0,142.1,12.095,0.0796,117.478,29.332,21.573,4.535,5.199,21848.0,15.985,7.511,15.42,26134.0,,6.0,2.6,1,0,0,14.04,0
2021-06-18 22:00:00,2021,6,4,22,20946.0,606.3,57.9,14.1,,314.0,140.2,,0.0836,80.406,14.04,8.882,11.025,8.984,22310.0,16.081,7.522,14.02,26134.0,-641.8,45.0,2.3,1,0,0,9.456,0
2021-06-18 23:00:00,2021,6,4,23,21236.0,1868.9,53.7,21.2,4.95,328.0,145.9,39.688,0.2611,83.829,9.456,10.848,4.85,4.81,21195.0,15.938,7.401,16.6,26134.0,1279.4,,0.7,0,0,0,9.995,0
2021-06-19 00:00:00,2021,6,5,0,20849.0,1157.5,56.6,13.6,5.24,330.0,143.3,24.132,0.1588,58.988,9.995,5.005,18.93,5.615,21295.0,16.255,7.287,13.75,26134.0,-648.7,2.0,5.4,0,0,0,6.905,0
2021-06-19 01:00:00,2021,6,5,1,21524.0,1753.3,54.6,27.2,3.39,324.0,141.8,37.737,0.2483,42.822,6.905,27.803,11.776,5.4,21783.0,12.484,7.383,16.5,26134.0,479.9,-6.0,1.4,0,0,0,5.175,0
2021-06-19 02:00:00,2021,6,5,2,22007.0,584.6,54.4,0.0,3.86,272.0,139.7,12.864,0.0846,164.284,5.175,29.332,8.74,10.936,21998.0,10.978,7.616,12.88,26134.0,-702.0,-52.0,0.5,1,0,0,20.299,1
2021-06-19 03:00:00,2021,6,5,3,22427.0,1117.2,55.3,14.5,3.42,288.0,142.5,25.054,0.1648,121.047,20.299,14.04,4.733,5.217,22194.0,11.179,7.526,15.1,26134.0,549.0,16.0,0.2,1,0,0,15.242,0
2021-06-19 04:00:00,2021,6,5,4,,1114.6,54.6,18.3,3.4,294.0,143.8,25.063,0.1649,126.131,15.242,9.456,6.109,4.981,21534.0,12.257,,15.8,26134.0,,6.0,-2.3,1,0,0,15.924,0
2021-06-19 05:00:00,2021,6,5,5,22657.0,1078.1,54.6,13.7,4.09,307.0,143.0,24.426,0.1607,90.889,15.924,,6.025,5.492,23444.0,12.518,7.363,14.55,26134.0,-790.8,13.0,-2.8,1,0,0,11.562,0
2021-06-19 06:00:00,2021,6,5,6,24082.0,1128.9,53.7,14.9,3.48,284.0,143.0,27.186,0.1789,59.566,11.562,6.905,,6.195,23652.0,12.709,7.335,14.77,26134.0,-28.6,-23.0,-4.5,1,0,0,8.054,0
2021-06-19 07:00:00,2021,6,5,7,22893.0,1108.0,55.5,13.3,3.63,302.0,143.5,25.366,0.1669,183.803,8.054,5.175,4.685,9.241,23187.0,15.784,7.487,12.45,26134.0,-645.3,18.0,-2.6,1,0,0,23.625,1
2021-06-19 08:00:00,2021,6,5,8,22633.0,1102.7,51.5,18.0,3.85,295.0,146.2,24.958,0.1642,36.931,23.625,20.299,4.917,11.16,23173.0,13.183,7.498,15.45,26134.0,518.1,-7.0,-5.7,0,0,0,4.693,0
2021-06-19 09:00:00,2021,6,5,9,22485.0,1960.6,56.3,34.7,4.17,310.0,150.5,44.085,0.29,38.386,4.693,15.242,5.934,4.399,22997.0,11.451,7.547,18.82,26134.0,843.4,15.0,-1.5,0,0,0,4.846,0
2021-06-19 10:00:00,2021,6,5,10,22781.0,589.8,52.1,10.0,4.1,281.0,148.5,13.435,0.0884,42.891,4.846,15.924,6.047,14.968,23073.0,9.711,7.571,17.43,26134.0,-524.8,-29.0,-8.6,0,0,0,5.486,0
2021-06-19 11:00:00,2021,6,5,11,21821.0,1079.2,,30.8,3.39,299.0,144.8,23.548,0.1549,35.938,5.486,11.562,10.824,12.325,22542.0,8.518,7.766,20.28,26134.0,1.1,18.0,-2.3,0,0,0,4.403,0
2021-06-19 12:00:00,2021,6,5,12,21803.0,1152.4,53.0,17.0,3.63,304.0,,25.126,0.1653,40.861,4.403,8.054,5.933,4.444,21911.0,8.009,7.804,20.63,26134.0,23.5,5.0,-4.4,0,0,0,5.002,0
2021-06-19 13:00:00,2021,6,5,13,21842.0,485.4,,2.4,3.75,351.0,140.4,10.602,0.0698,73.789,5.002,23.625,16.554,16.437,21194.0,5.58,7.797,18.82,26134.0,-622.6,47.0,-1.5,0,0,0,9.049,0
2021-06-19 14:00:00,2021,6,5,14,20618.0,478.4,55.0,8.4,3.54,314.0,144.6,9.863,0.0649,37.292,9.049,4.693,22.33,,21306.0,5.517,7.674,17.22,26134.0,-624.3,-37.0,-0.9,0,0,0,4.317,0
2021-06-19 15:00:00,2021,6,5,15,20757.0,1880.4,54.7,17.0,4.16,354.0,139.4,39.031,0.2568,137.478,4.317,4.846,21.573,5.2,20270.0,7.38,7.444,14.27,26134.0,-80.2,40.0,-2.5,0,0,0,16.022,0
2021-06-19 16:00:00,2021,6,5,16,,531.7,51.6,8.5,4.01,348.0,140.2,10.536,0.0693,43.248,16.022,5.486,8.882,9.572,20109.0,7.267,7.552,14.02,26134.0,-58.1,-6.0,-2.6,0,0,0,4.812,0
2021-06-19 17:00:00,2021,6,5,17,20107.0,571.3,50.7,6.0,3.56,,140.8,11.487,0.0756,61.545,4.812,4.403,,5.858,20547.0,7.692,7.605,9.88,26134.0,-507.9,-1.0,-7.1,0,0,0,6.948,0
2021-06-19 18:00:00,2021,6,5,18,20951.0,1177.4,53.2,26.0,2.75,358.0,139.3,24.667,0.1623,57.238,6.948,5.002,5.005,5.001,19609.0,7.98,7.552,11.38,26134.0,25.0,11.0,-2.8,0,0,0,6.733,0
2021-06-19 19:00:00,2021,6,5,19,20398.0,595.7,52.4,13.8,3.54,356.0,138.1,12.151,0.0799,59.628,6.733,9.049,27.803,5.53,21294.0,7.61,6.719,13.28,26134.0,110.3,-2.0,-4.8,0,0,0,6.829,0
2021-06-19 20:00:00,2021,6,5,20,20224.0,544.5,52.8,3.9,3.31,347.0,130.0,11.012,0.0724,90.507,6.829,4.317,29.332,5.494,21428.0,8.603,5.371,12.53,26134.0,66.1,-9.0,-5.0,0,0,0,10.277,0
2021-06-19 21:00:00,2021,6,5,21,17878.0,565.9,52.1,,2.37,325.0,129.0,10.118,0.0666,63.172,10.277,16.022,14.04,4.535,21286.0,6.99,5.322,11.68,26134.0,-1314.5,-22.0,,0,0,0,6.341,0
2021-06-19 22:00:00,2021,6,5,22,17725.0,555.3,54.3,7.7,2.4,,135.2,9.842,0.0648,61.536,6.341,4.812,9.456,,20946.0,7.209,5.36,11.55,26134.0,23.6,1.0,-3.6,0,0,0,6.124,0
2021-06-19 23:00:00,2021,6,5,23,17973.0,1256.2,51.3,13.0,2.41,341.0,125.6,,0.1485,86.839,6.124,6.948,9.995,4.85,21236.0,7.511,5.357,12.72,26134.0,684.9,,-2.4,0,0,0,8.763,0
2021-06-20 00:00:00,2021,6,6,0,17390.0,2095.2,55.5,25.9,2.65,344.0,131.9,36.435,0.2397,71.581,8.763,6.733,6.905,18.93,20849.0,7.554,5.355,12.7,26134.0,917.8,3.0,-1.1,0,0,0,6.989,0
2021-06-20 01:00:00,2021,6,6,1,,617.7,56.7,7.8,3.18,361.0,129.6,11.084,0.0729,67.124,6.989,6.829,5.175,11.776,21524.0,7.543,5.315,11.7,26134.0,22.0,17.0,2.1,0,0,0,6.763,0
2021-06-20 02:00:00,2021,6,6,2,18940.0,1279.9,56.3,13.8,2.72,377.0,128.0,24.241,0.1595,99.454,6.763,10.277,20.299,8.74,22007.0,7.593,4.769,13.35,26134.0,735.4,16.0,1.9,0,0,0,10.576,0
2021-06-20 03:00:00,2021,6,6,3,18768.0,1186.7,56.7,8.8,3.2,334.0,125.6,22.273,0.1465,137.661,10.576,6.341,15.242,4.733,22427.0,8.954,4.727,12.83,26134.0,620.8,-43.0,1.4,0,0,0,14.506,0
2021-06-20 04:00:00,2021,6,6,4,18932.0,606.4,57.6,5.2,2.97,345.0,122.1,11.481,0.0755,100.757,14.506,6.124,15.924,6.109,22486.0,9.718,4.495,12.42,26134.0,51.1,11.0,3.0,0,0,0,10.71,0
2021-06-20 05:00:00,2021,6,6,5,19790.0,1180.2,57.1,6.3,3.09,323.0,117.6,23.356,0.1537,158.317,10.71,8.763,11.562,6.025,22657.0,11.189,4.831,11.3,26134.0,-76.0,-22.0,2.5,0,0,0,17.591,0
2021-06-20 06:00:00,2021,6,6,6,19262.0,1145.0,55.8,7.3,4.04,303.0,115.5,22.056,0.1451,142.416,17.591,6.989,8.054,7.051,24082.0,12.591,5.015,8.2,26134.0,-950.2,-20.0,2.1,0,0,0,15.402,0
2021-06-20 07:00:00,2021,6,6,7,19170.0,553.9,55.0,2.0,3.91,359.0,120.7,10.618,0.0699,127.881,15.402,6.763,23.625,4.685,22893.0,13.758,4.086,7.23,26134.0,-63.8,56.0,-0.5,0,0,0,13.764,0
2021-06-20 08:00:00,2021,6,6,8,17872.0,1194.7,55.0,19.9,4.57,333.0,117.7,21.352,0.1405,73.746,13.764,10.576,4.693,4.917,22633.0,13.229,4.009,,26134.0,-85.2,-26.0,3.5,0,0,0,7.4,0
2021-06-20 09:00:00,2021,6,6,9,17831.0,543.8,55.2,1.0,4.67,,119.2,9.696,0.0638,130.602,7.4,14.506,4.846,5.934,22485.0,12.99,4.014,6.95,26134.0,-642.9,6.0,-1.1,0,0,0,13.075,0
2021-06-20 10:00:00,2021,6,6,10,18567.0,2049.3,56.8,23.9,4.27,385.0,118.2,38.049,0.2503,91.61,13.075,,5.486,,22781.0,12.797,3.941,10.07,26134.0,1442.9,46.0,4.7,0,0,0,9.55,0
2021-06-20 11:00:00,2021,6,6,11,20227.0,2043.4,54.6,22.8,4.15,422.0,117.8,41.332,0.2719,123.637,9.55,17.591,4.403,10.824,21821.0,,3.917,12.82,26134.0,863.2,37.0,-1.3,0,0,0,14.041,0
2021-06-20 12:00:00,2021,6,6,12,20081.0,2188.1,54.3,26.7,4.43,373.0,117.6,43.94,,,14.041,15.402,5.002,5.933,21803.0,11.519,3.801,,26134.0,1043.1,-49.0,1.3,0,0,0,11.282,0
2021-06-20 13:00:00,2021,6,6,13,19926.0,507.3,53.6,7.5,4.18,394.0,116.1,10.109,0.0665,,11.282,13.764,9.049,16.554,21842.0,10.461,3.832,16.97,26134.0,,21.0,-1.2,0,0,0,7.417,0
2021-06-20 14:00:00,2021,6,6,14,18558.0,1121.9,52.5,,3.64,375.0,,20.82,0.137,,7.417,7.4,4.317,22.33,20618.0,,3.781,15.0,26134.0,-72.8,-19.0,-2.5,0,0,0,14.984,0
2021-06-20 15:00:00,2021,6,6,15,18901.0,1110.7,51.1,12.1,3.99,404.0,,,0.1381,99.16,14.984,13.075,16.022,21.573,20757.0,11.3,3.58,16.85,26134.0,566.9,29.0,,0,0,0,10.523,0
2021-06-20 16:00:00,2021,6,6,16,17089.0,494.4,53.3,3.3,4.23,398.0,123.9,8.449,0.0556,114.333,10.523,9.55,4.812,8.882,19817.0,11.536,3.404,13.42,26134.0,-1554.9,-6.0,1.7,0,0,0,10.97,0
2021-06-20 17:00:00,2021,6,6,17,18518.0,2129.2,52.8,18.7,4.76,398.0,126.9,39.429,0.2594,171.933,10.97,14.041,6.948,10.848,20107.0,12.175,3.655,12.73,,85.8,0.0,2.1,0,0,0,17.876,0
2021-06-20 18:00:00,2021,6,6,18,18973.0,1117.7,51.1,17.4,4.37,409.0,121.4,21.206,0.1395,77.09,17.876,11.282,6.733,5.005,20951.0,11.664,3.596,11.18,26134.0,-1070.4,11.0,-2.1,0,0,0,8.212,0
2021-06-20 19:00:00,2021,6,6,19,19722.0,450.8,51.3,1.7,4.32,431.0,116.5,8.891,0.0585,,8.212,7.417,6.829,27.803,20398.0,12.292,3.494,10.22,26134.0,-56.5,22.0,-1.1,0,0,0,11.184,0
2021-06-20 20:00:00,2021,6,6,20,,2196.6,49.1,33.3,4.86,377.0,122.9,41.518,0.2731,76.526,11.184,14.984,10.277,29.332,20224.0,11.148,3.541,14.42,26134.0,1074.7,-54.0,-3.7,0,0,0,8.121,0
2021-06-20 21:00:00,2021,6,6,21,19772.0,473.6,50.5,,5.34,395.0,120.6,9.364,0.0616,80.316,8.121,10.523,6.341,14.04,17878.0,10.88,3.434,13.18,26134.0,-637.1,18.0,-1.6,0,0,0,8.916,0
2021-06-20 22:00:00,2021,6,6,22,20279.0,1120.9,50.6,11.4,4.44,426.0,122.0,22.732,0.1496,96.058,8.916,10.97,6.124,9.456,17725.0,10.874,3.271,14.53,26134.0,626.5,31.0,-3.7,0,0,0,10.937,0
2021-06-20 23:00:00,2021,6,6,23,19295.0,,49.9,5.5,4.32,409.0,122.2,8.868,0.0583,59.815,10.937,17.876,8.763,9.995,17973.0,8.975,3.378,12.33,26134.0,-1669.6,-17.0,-1.4,0,0,0,6.48,0
2021-06-21 00:00:00,2021,6,0,0,22026.0,435.7,50.8,5.5,4.79,424.0,117.8,9.596,0.0631,54.234,6.48,8.212,6.989,6.905,17390.0,8.724,3.393,10.35,26134.0,-682.0,15.0,-4.7,0,0,0,6.707,0
2021-06-21 01:00:00,2021,6,0,1,21490.0,1943.6,49.4,21.1,4.65,397.0,120.8,,0.2748,122.114,6.707,11.184,6.763,5.175,17945.0,9.316,3.337,13.58,26134.0,1492.8,-27.0,-7.3,0,0,0,14.734,0
2021-06-21 02:00:00,2021,6,0,2,22276.0,997.5,53.0,3.3,4.17,454.0,127.5,22.221,0.1462,148.412,14.734,8.121,10.576,20.299,18940.0,11.056,3.631,8.58,26134.0,-1199.1,57.0,-3.3,0,0,0,18.562,1
2021-06-21 03:00:00,2021,6,0,3,20615.0,431.2,51.0,0.0,4.06,411.0,125.1,8.89,0.0585,104.808,18.562,8.916,14.506,15.242,18768.0,11.592,3.586,,26134.0,-42.4,-43.0,-5.7,0,0,0,12.131,0
2021-06-21 04:00:00,2021,6,0,4,21762.0,1004.2,50.3,9.9,3.22,439.0,122.8,21.854,0.1438,,12.131,10.937,10.71,15.924,18932.0,11.591,3.583,7.55,26134.0,-116.7,28.0,-7.3,0,0,0,10.931,0
2021-06-21 05:00:00,2021,6,0,5,22672.0,1968.1,50.4,28.9,3.13,423.0,134.6,44.62,0.2936,57.308,10.931,6.48,17.591,11.562,19790.0,11.727,3.462,,26134.0,1508.5,-16.0,-6.7,0,0,0,7.295,0
2021-06-21 06:00:00,2021,6,0,6,22433.0,1882.4,52.3,31.5,2.22,408.0,125.6,42.228,0.2778,59.277,,6.707,15.402,8.054,19262.0,11.853,,15.78,26134.0,1446.7,-15.0,-3.5,0,0,0,7.466,0
2021-06-21 07:00:00,2021,6,0,7,,1963.8,52.3,32.0,2.07,324.0,126.9,45.129,0.2969,50.392,7.466,14.734,13.764,23.625,19170.0,10.481,3.489,,26134.0,20.2,-84.0,-2.7,0,0,0,6.502,0
2021-06-21 08:00:00,2021,6,0,8,23741.0,1921.7,50.8,24.4,2.26,400.0,122.4,45.623,0.3002,97.37,6.502,18.562,7.4,4.693,17872.0,9.551,3.449,21.12,26134.0,924.2,76.0,-4.2,0,0,0,12.979,0
2021-06-21 09:00:00,2021,6,0,9,,940.7,54.5,13.7,2.29,408.0,126.2,21.392,0.1407,53.424,12.979,12.131,13.075,4.846,17831.0,8.666,3.511,23.4,26134.0,509.5,8.0,-0.7,0,0,0,6.821,0
2021-06-21 10:00:00,2021,6,0,10,23418.0,407.6,49.4,4.6,2.62,405.0,123.5,9.544,0.0628,68.983,6.821,10.931,9.55,5.486,18567.0,8.356,3.519,22.52,26134.0,-596.6,-3.0,-7.4,0,0,0,9.07,0
2021-06-21 11:00:00,2021,6,0,11,22725.0,2040.8,50.7,27.5,3.05,369.0,124.4,46.376,0.3051,93.76,9.07,7.295,14.041,4.403,20227.0,9.134,,,26134.0,72.7,-36.0,-3.9,0,0,0,11.963,0
2021-06-21 12:00:00,2021,6,0,12,22346.0,485.9,50.1,2.4,3.11,,131.2,10.857,0.0714,99.081,11.963,7.466,11.282,5.002,,,3.474,17.43,26134.0,-1396.5,-34.0,-4.2,0,0,0,12.431,0
2021-06-21 13:00:00,2021,6,0,13,22960.0,,50.1,9.7,3.11,380.0,124.7,9.494,0.0625,60.189,12.431,6.502,7.417,9.049,19926.0,10.17,3.461,13.72,26134.0,-1550.3,45.0,-3.5,0,0,0,7.759,0
2021-06-21 14:00:00,2021,6,0,14,23457.0,858.1,,12.1,2.83,367.0,126.6,20.129,0.1324,65.239,7.759,12.979,14.984,4.317,18558.0,9.439,3.351,11.67,26134.0,-1063.6,-13.0,-7.0,0,0,0,8.592,0
2021-06-21 15:00:00,2021,6,0,15,23607.0,452.7,47.4,0.0,2.53,351.0,127.6,10.687,0.0703,113.472,8.592,6.821,10.523,16.022,18901.0,10.809,3.488,9.38,26134.0,-488.0,-16.0,-3.7,0,0,0,15.04,0
2021-06-21 16:00:00,2021,6,0,16,23168.0,837.4,46.8,9.1,2.4,359.0,128.4,19.401,0.1276,84.918,15.04,9.07,10.97,4.812,17089.0,11.138,3.488,10.13,26134.0,429.8,8.0,-6.5,0,0,0,11.046,0
2021-06-21 17:00:00,2021,6,0,17,21848.0,2136.8,47.2,34.0,1.38,382.0,131.2,46.685,0.3071,59.82,11.046,11.963,17.876,6.948,18518.0,10.368,3.167,11.22,26134.0,96.0,23.0,-5.6,0,0,0,7.338,0
2021-06-21 18:00:00,2021,6,0,18,23077.0,883.1,47.2,17.1,1.09,420.0,133.7,20.38,0.1341,50.414,7.338,12.431,8.212,6.733,18973.0,9.384,3.227,13.67,26134.0,397.2,38.0,-3.9,0,0,0,6.532,0
2021-06-21 19:00:00,2021,6,0,19,22524.0,886.5,49.2,23.6,,369.0,136.5,19.967,0.1314,55.321,6.532,7.759,11.184,6.829,19722.0,9.257,3.272,15.98,26134.0,473.0,,-2.1,0,0,0,6.996,0
2021-06-21 20:00:00,2021,6,0,20,22672.0,848.4,43.9,13.8,1.78,337.0,132.4,19.235,0.1265,52.296,6.996,8.592,8.121,10.277,18901.0,8.935,3.318,16.27,26134.0,,-32.0,-5.2,0,0,0,6.657,0
2021-06-21 21:00:00,2021,6,0,21,22958.0,836.4,46.3,8.3,1.38,340.0,135.9,19.202,0.1263,92.91,6.657,15.04,,6.341,19772.0,8.424,3.344,17.65,26134.0,383.7,3.0,-4.2,0,0,0,11.976,0
2021-06-21 22:00:00,2021,6,0,22,22733.0,520.2,50.4,5.9,0.81,336.0,136.9,11.826,0.0778,68.327,11.976,11.046,10.937,6.124,20279.0,8.037,3.344,17.12,26134.0,-317.2,-4.0,-0.2,0,0,0,8.721,0
2021-06-21 23:00:00,2021,6,0,23,23823.0,599.8,47.7,10.3,1.63,358.0,139.1,14.289,0.094,56.05,8.721,7.338,6.48,8.763,19295.0,8.063,3.306,13.17,26134.0,-1537.0,22.0,-2.2,0,0,0,7.497,0
2021-06-22 00:00:00,2021,6,1,0,23626.0,970.6,44.4,9.4,0.8,380.0,140.2,22.931,0.1509,117.603,7.497,6.532,6.707,6.989,22026.0,9.574,3.438,11.88,26134.0,87.5,22.0,-6.4,0,0,0,15.6,0
2021-06-22 01:00:00,2021,6,1,1,23407.0,988.0,47.2,10.0,,402.0,138.6,23.125,0.1521,102.541,15.6,6.996,14.734,6.763,21490.0,10.654,3.374,,26134.0,101.5,22.0,-2.2,0,0,0,13.476,0
2021-06-22 02:00:00,2021,6,1,2,,936.9,43.4,11.5,0.83,333.0,138.2,21.142,0.1391,73.916,13.476,6.657,18.562,10.576,22276.0,11.106,2.859,,26134.0,88.5,,-9.6,0,0,0,9.365,0
2021-06-22 03:00:00,2021,6,1,3,23091.0,579.8,45.0,5.6,0.64,338.0,138.1,13.389,0.0881,73.299,9.365,11.976,12.131,,20615.0,10.694,2.814,8.78,26134.0,-256.6,5.0,-6.0,0,0,0,9.503,0
2021-06-22 04:00:00,2021,6,1,4,22946.0,552.7,48.9,15.6,0.31,331.0,135.5,12.681,,47.038,9.503,8.721,10.931,10.71,21762.0,10.25,2.892,10.4,26134.0,32.5,-7.0,-1.4,0,0,0,6.06,0
2021-06-22 05:00:00,2021,6,1,5,23237.0,925.3,47.6,17.2,0.37,393.0,133.4,21.502,0.1415,48.572,,7.497,7.295,17.591,22672.0,10.057,2.93,11.55,26134.0,325.5,62.0,-2.8,0,0,0,6.337,0
2021-06-22 06:00:00,2021,6,1,6,23102.0,897.9,45.0,14.1,0.54,343.0,132.2,20.743,0.1365,46.905,6.337,15.6,7.466,15.402,,8.471,2.983,12.33,26134.0,-72.7,-50.0,-7.3,0,0,0,6.084,0
2021-06-22 07:00:00,2021,6,1,7,22265.0,854.8,44.8,17.0,0.33,358.0,140.9,19.032,0.1252,43.661,6.084,13.476,6.502,13.764,22981.0,7.134,3.033,13.5,26134.0,-133.2,15.0,-7.5,0,0,0,5.458,0
2021-06-22 08:00:00,2021,6,1,8,22284.0,2019.9,45.0,22.6,0.2,328.0,141.6,45.011,0.2961,116.9,5.458,9.365,12.979,7.4,23741.0,8.011,3.137,15.35,26134.0,1083.0,-30.0,-5.8,0,0,0,14.626,0
2021-06-22 09:00:00,2021,6,1,9,22688.0,746.4,44.7,8.5,0.2,339.0,140.9,16.935,0.1114,63.556,14.626,9.503,6.821,13.075,22740.0,7.777,3.102,15.83,26134.0,166.6,11.0,-9.8,0,0,0,8.096,0
2021-06-22 10:00:00,2021,6,1,10,,553.6,,14.0,0.84,,142.8,12.967,0.0853,47.088,8.096,6.06,9.07,9.55,23418.0,7.799,,15.57,26134.0,0.9,-28.0,-5.5,0,0,0,6.192,0
2021-06-22 11:00:00,2021,6,1,11,22040.0,724.4,42.2,7.6,1.1,385.0,143.7,15.965,0.105,66.613,6.192,6.337,11.963,14.041,22725.0,8.116,3.127,13.97,26134.0,-200.9,74.0,,0,0,0,8.243,0
2021-06-22 12:00:00,2021,6,1,12,22846.0,524.6,43.7,2.3,0.38,379.0,149.3,11.986,0.0789,86.606,8.243,6.084,12.431,11.282,22346.0,8.954,3.078,12.0,26134.0,-373.3,-6.0,-6.4,0,0,0,11.109,0
2021-06-22 13:00:00,2021,6,1,13,22784.0,539.8,43.5,12.5,0.29,365.0,152.3,12.299,0.0809,42.698,11.109,5.458,7.759,7.417,22960.0,8.955,,11.25,26134.0,-315.0,-14.0,,0,0,0,5.462,0
2021-06-22 14:00:00,2021,6,1,14,25007.0,829.4,44.4,11.7,1.2,404.0,151.3,20.742,0.1365,55.162,5.462,14.626,8.592,14.984,,7.808,3.165,9.43,26134.0,-1190.5,39.0,-1.1,0,0,0,7.745,0
2021-06-22 15:00:00,2021,6,1,15,25775.0,521.4,45.9,5.5,1.25,420.0,147.4,13.438,0.0884,59.904,7.745,8.096,15.04,10.523,23607.0,7.903,2.889,8.93,26134.0,-225.0,16.0,-1.5,0,0,0,8.669,0
2021-06-22 16:00:00,2021,6,1,16,25081.0,526.1,45.1,11.0,0.81,422.0,147.2,13.195,0.0868,29.3,8.669,6.192,11.046,10.97,23168.0,7.559,2.988,8.43,26134.0,-27.5,2.0,-1.7,0,0,0,4.126,0
2021-06-22 17:00:00,2021,6,1,17,25738.0,1977.5,43.4,32.4,1.28,379.0,152.2,,,42.468,4.126,8.243,7.338,17.876,21848.0,7.208,3.017,12.57,26134.0,1253.1,-43.0,-3.8,0,0,0,6.137,0
2021-06-22 18:00:00,2021,6,1,18,24411.0,828.9,46.5,5.9,0.82,377.0,151.3,20.234,0.1331,105.146,6.137,,,8.212,23077.0,7.758,3.23,13.17,26134.0,304.3,-2.0,-0.7,0,0,0,14.411,0
2021-06-22 19:00:00,2021,6,1,19,24908.0,1933.6,45.3,,,380.0,149.3,48.162,0.3169,44.634,14.411,5.462,6.996,11.184,,7.888,3.251,17.03,26134.0,1393.8,3.0,-3.9,0,0,0,6.242,0
2021-06-22 20:00:00,2021,6,1,20,26357.0,1880.6,45.0,35.8,1.58,397.0,150.1,49.568,0.3261,41.998,6.242,,6.657,8.121,22672.0,7.633,,21.05,26357.0,1051.2,17.0,1.1,0,0,0,6.215,0
2021-06-22 21:00:00,2021,6,1,21,25615.0,571.7,44.2,,1.9,403.0,150.9,14.644,0.0963,57.274,6.215,8.669,11.976,8.916,22958.0,7.561,3.186,21.4,26357.0,50.3,6.0,-2.1,0,0,0,8.237,0
2021-06-22 22:00:00,2021,6,1,22,24497.0,793.4,47.8,17.7,1.72,407.0,145.0,19.435,0.1279,74.873,8.237,4.126,8.721,10.937,22733.0,8.59,3.207,22.52,26357.0,267.3,,-2.6,1,0,0,10.298,0
2021-06-22 23:00:00,2021,6,1,23,24266.0,713.5,47.8,13.4,1.96,377.0,146.2,17.315,0.1139,63.555,10.298,6.137,7.497,6.48,23823.0,9.01,3.199,19.35,26357.0,-1264.0,-30.0,0.1,1,0,0,8.659,0
2021-06-23 00:00:00,2021,6,2,0,25155.0,761.8,,6.8,2.2,385.0,148.3,19.164,0.1261,175.417,8.659,14.411,15.6,6.707,23626.0,10.738,4.397,19.5,26357.0,-67.1,8.0,-2.1,1,0,0,24.775,1
2021-06-23 01:00:00,2021,6,2,1,26262.0,545.2,47.5,6.4,1.31,425.0,,14.317,0.0942,140.074,24.775,6.242,13.476,14.734,23407.0,13.14,4.928,14.62,,-1388.4,40.0,0.3,1,0,0,20.654,1
2021-06-23 02:00:00,2021,6,2,2,24929.0,,49.3,0.0,1.29,402.0,144.5,13.446,0.0885,139.098,20.654,6.215,9.365,18.562,22566.0,15.349,5.349,8.65,26357.0,-1341.2,-23.0,5.9,1,0,0,19.469,1
2021-06-23 03:00:00,2021,6,2,3,24278.0,535.4,46.6,12.7,2.26,366.0,142.8,12.998,0.0855,89.626,19.469,8.237,9.503,12.131,23091.0,16.012,5.373,9.5,26357.0,-36.3,-36.0,1.6,1,0,0,12.217,0
2021-06-23 04:00:00,2021,6,2,4,24199.0,754.2,45.0,12.3,1.61,405.0,142.2,18.25,0.1201,44.131,12.217,10.298,6.06,10.931,22946.0,15.295,5.375,,,-39.2,39.0,-3.9,0,0,0,5.996,0
2021-06-23 05:00:00,2021,6,2,5,23997.0,657.6,45.4,6.7,1.86,382.0,139.9,15.779,0.1038,76.076,5.996,8.659,6.337,7.295,23237.0,15.56,5.324,7.48,26357.0,,-23.0,-2.2,0,0,0,10.25,0
2021-06-23 06:00:00,2021,6,2,6,25423.0,782.4,47.0,13.6,1.63,380.0,140.1,19.891,0.1309,48.445,10.25,24.775,6.084,7.466,23102.0,12.584,5.301,8.62,26357.0,20.6,-2.0,2.0,0,0,0,6.915,0
2021-06-23 07:00:00,2021,6,2,7,25394.0,1907.7,44.1,25.6,1.39,369.0,146.1,48.444,0.3187,104.491,6.915,20.654,5.458,6.502,22265.0,11.624,5.299,11.82,26357.0,1362.5,-11.0,-0.7,0,0,0,14.898,0
2021-06-23 08:00:00,2021,6,2,8,26055.0,812.3,43.2,7.7,1.11,414.0,142.3,21.165,0.1392,95.421,14.898,19.469,14.626,12.979,22284.0,10.706,5.277,13.1,26357.0,272.9,45.0,-1.8,0,0,0,13.959,0
2021-06-23 09:00:00,2021,6,2,9,,815.2,45.0,14.9,1.47,408.0,134.5,20.72,0.1363,51.07,13.959,12.217,8.096,6.821,22688.0,9.884,5.295,13.47,26357.0,279.8,-6.0,0.3,0,0,0,7.288,0
2021-06-23 10:00:00,2021,6,2,10,,564.4,39.4,12.0,1.57,436.0,131.6,13.833,0.091,58.672,7.288,5.996,6.192,,23421.0,10.231,5.245,13.42,26357.0,-189.8,28.0,-4.5,0,0,0,8.074,0
2021-06-23 11:00:00,2021,6,2,11,24201.0,1837.4,39.9,25.0,,407.0,133.3,44.466,0.2925,101.694,8.074,10.25,8.243,11.963,22040.0,10.825,5.267,16.47,26357.0,1179.8,-29.0,-2.3,0,0,0,13.818,0
2021-06-23 12:00:00,2021,6,2,12,23102.0,929.3,40.5,7.6,2.01,,122.7,21.469,,189.24,13.818,6.915,11.109,12.431,22846.0,13.764,5.984,15.47,26357.0,146.9,23.0,-3.2,1,0,0,24.546,1
2021-06-23 13:00:00,2021,6,2,13,23360.0,950.1,39.4,14.7,2.0,476.0,124.9,22.196,0.146,79.516,24.546,14.898,5.462,7.759,22784.0,13.019,5.861,13.65,26357.0,-957.6,46.0,-4.1,1,0,0,10.429,0
2021-06-23 14:00:00,2021,6,2,14,23238.0,1754.8,38.1,35.0,2.35,472.0,126.2,40.778,0.2683,62.634,10.429,13.959,7.745,8.592,,12.054,5.85,18.2,26357.0,942.5,-4.0,-6.3,1,0,0,8.172,0
2021-06-23 15:00:00,2021,6,2,15,22460.0,515.3,42.7,8.5,1.94,,126.5,11.574,0.0761,152.296,,7.288,8.669,15.04,25775.0,14.041,6.026,17.13,26357.0,-299.9,-24.0,-3.2,1,0,0,19.205,1
2021-06-23 16:00:00,2021,6,2,16,22026.0,936.6,41.0,11.5,1.96,481.0,123.9,20.629,0.1357,202.52,19.205,8.074,4.126,11.046,25081.0,16.869,6.36,17.05,26357.0,372.2,33.0,-4.1,1,0,0,25.045,1
2021-06-23 17:00:00,2021,6,2,17,21555.0,549.1,39.8,4.5,1.6,440.0,123.9,11.836,0.0779,117.78,25.045,13.818,6.137,7.338,25738.0,,6.207,13.63,26357.0,-1288.3,-41.0,-3.6,1,0,0,14.254,0
2021-06-23 18:00:00,2021,6,2,18,21546.0,537.2,40.1,8.0,2.01,,123.2,11.574,0.0761,60.436,14.254,24.546,14.411,6.532,24411.0,14.069,6.31,13.7,26357.0,-392.1,32.0,-6.4,0,0,0,7.311,0
2021-06-23 19:00:00,2021,6,2,19,22585.0,1001.1,40.6,16.9,1.58,431.0,121.2,22.609,0.1487,67.899,7.311,10.429,6.242,6.996,,13.766,6.221,14.07,26357.0,51.0,-41.0,-4.7,0,0,0,8.61,0
2021-06-23 20:00:00,2021,6,2,20,23451.0,1592.3,41.4,34.6,1.91,458.0,119.7,37.34,,,,8.172,6.215,6.657,26357.0,13.885,6.119,14.0,26357.0,-162.5,27.0,-3.6,0,0,0,8.885,0
2021-06-23 21:00:00,2021,6,2,21,,986.6,42.7,16.2,1.98,415.0,116.7,22.633,0.1489,76.204,8.885,19.205,8.237,11.976,25615.0,12.32,6.074,,26357.0,471.3,-43.0,-1.5,0,0,0,9.815,0
2021-06-23 22:00:00,2021,6,2,22,22827.0,1586.4,42.8,20.5,1.03,368.0,,36.212,0.2382,104.39,9.815,25.045,10.298,8.721,24497.0,10.376,6.046,16.78,26357.0,649.8,-47.0,-5.0,0,0,0,13.379,0
2021-06-23 23:00:00,2021,6,2,23,21677.0,3200.0,40.6,49.2,1.29,389.0,115.8,,0.4563,90.175,13.379,14.254,8.659,7.497,24266.0,9.829,5.988,24.23,26357.0,2650.9,21.0,-7.2,0,0,0,10.975,0
2021-06-24 00:00:00,2021,6,3,0,22213.0,3200.0,40.1,43.1,1.35,362.0,115.5,71.082,0.4676,117.162,10.975,7.311,24.775,15.6,25155.0,11.046,5.478,30.08,,2662.8,-27.0,-2.2,0,0,0,14.612,0
2021-06-24 01:00:00,2021,6,3,1,22716.0,757.4,42.7,12.9,1.55,446.0,119.8,17.205,0.1132,71.569,14.612,8.61,20.654,13.476,26262.0,,5.267,29.42,26357.0,-243.7,84.0,-4.8,0,0,0,9.128,0
2021-06-24 02:00:00,2021,6,3,2,22031.0,1367.1,42.0,13.3,1.42,413.0,118.9,30.118,0.1981,136.61,9.128,8.885,19.469,9.365,24929.0,12.468,5.141,25.87,26357.0,-225.2,-33.0,,0,0,0,16.898,0
2021-06-24 03:00:00,2021,6,3,3,20820.0,735.2,43.5,,1.36,457.0,114.0,15.306,,75.486,16.898,9.815,12.217,9.503,24278.0,12.303,5.19,26.3,26357.0,-251.4,44.0,-3.1,0,0,0,8.824,0
2021-06-24 04:00:00,2021,6,3,4,19897.0,1273.1,41.3,16.7,1.33,449.0,115.3,25.331,0.1667,85.227,8.824,13.379,5.996,6.06,24199.0,11.66,5.056,25.67,26357.0,-313.3,-8.0,-3.7,0,0,0,9.521,0
2021-06-24 05:00:00,2021,6,3,5,21082.0,1221.3,45.1,20.2,2.26,378.0,112.6,25.748,0.1694,85.607,9.521,10.975,,6.337,23997.0,11.519,5.058,20.83,26357.0,,-71.0,-0.3,0,0,0,10.133,0
2021-06-24 06:00:00,2021,6,3,6,21816.0,1176.0,42.1,4.5,1.53,389.0,114.5,25.657,0.1688,188.272,10.133,14.612,6.915,6.084,25423.0,12.928,5.378,14.4,26357.0,-2024.0,11.0,-4.9,0,0,0,23.061,1
2021-06-24 07:00:00,2021,6,3,7,20079.0,679.4,42.2,4.4,2.07,424.0,114.8,13.641,0.0897,116.042,23.061,9.128,14.898,,25394.0,13.586,5.362,12.98,26357.0,-78.0,35.0,-1.9,0,0,0,13.082,0
2021-06-24 08:00:00,2021,6,3,8,,1238.3,44.1,16.4,2.04,413.0,118.9,27.256,0.1793,89.649,13.082,16.898,13.959,14.626,26055.0,12.617,5.369,13.5,26357.0,-128.8,-11.0,0.9,0,0,0,11.079,0
2021-06-24 09:00:00,2021,6,3,9,21813.0,591.4,41.3,15.2,,416.0,117.2,12.9,0.0849,75.822,11.079,8.824,7.288,8.096,25417.0,12.694,5.295,12.9,26357.0,,3.0,-3.7,0,0,0,9.286,0
2021-06-24 10:00:00,2021,6,3,10,22757.0,606.7,41.6,10.8,2.22,375.0,115.8,13.807,0.0908,72.646,9.286,9.521,8.074,6.192,24510.0,12.654,5.254,11.92,26357.0,-666.4,-41.0,2.2,0,0,0,9.282,0
2021-06-24 11:00:00,2021,6,3,11,21758.0,1198.1,42.1,26.2,2.3,321.0,116.4,26.069,0.1715,76.505,9.282,10.133,13.818,8.243,24201.0,12.523,,12.92,26357.0,-23.2,-54.0,2.2,0,0,0,9.346,0
2021-06-24 12:00:00,2021,6,3,12,22329.0,550.9,42.3,3.9,1.42,348.0,115.6,12.3,0.0809,114.375,9.346,23.061,24.546,11.109,23102.0,11.069,4.68,12.82,26357.0,-625.1,27.0,1.8,0,0,0,14.339,0
2021-06-24 13:00:00,2021,6,3,13,21900.0,1101.6,43.6,,2.35,372.0,120.3,24.125,0.1587,94.804,14.339,13.082,10.429,5.462,23360.0,10.832,4.666,14.58,,422.2,24.0,4.2,0,0,0,11.657,0
2021-06-24 14:00:00,2021,6,3,14,23378.0,1079.2,38.5,15.7,1.71,338.0,119.3,25.231,0.166,81.184,11.657,11.079,8.172,7.745,23238.0,10.761,4.596,14.47,26357.0,-159.1,-34.0,0.4,0,0,0,10.656,0
2021-06-24 15:00:00,2021,6,3,15,24602.0,1059.4,44.1,16.2,2.17,420.0,121.3,26.063,0.1715,97.177,10.656,9.286,19.205,8.669,22460.0,11.45,4.372,14.63,26357.0,468.0,82.0,1.4,1,0,0,13.423,0
2021-06-24 16:00:00,2021,6,3,16,25314.0,1022.8,41.5,18.0,1.97,414.0,122.9,25.892,0.1703,,13.423,,25.045,4.126,22026.0,11.773,3.41,15.83,26357.0,416.1,-6.0,0.5,1,0,0,11.219,0
2021-06-24 17:00:00,2021,6,3,17,24939.0,997.2,41.0,22.9,2.1,389.0,127.4,24.87,0.1636,150.841,11.219,9.346,14.254,6.137,21555.0,13.736,3.894,15.28,26357.0,-200.9,-25.0,1.2,1,0,0,21.121,1
2021-06-24 18:00:00,2021,6,3,18,25172.0,2044.4,39.3,27.0,1.9,403.0,128.0,51.461,0.3386,210.613,21.121,14.339,7.311,14.411,21546.0,16.307,5.217,19.13,26357.0,1493.5,14.0,-0.8,1,0,0,29.766,1
2021-06-24 19:00:00,2021,6,3,19,25076.0,468.7,41.4,6.5,1.44,,130.6,11.752,0.0773,109.218,29.766,11.657,,6.242,22585.0,16.927,5.161,17.72,26357.0,-632.9,5.0,0.8,1,0,0,15.377,0
2021-06-24 20:00:00,2021,6,3,20,25192.0,962.2,,10.5,1.47,445.0,136.3,24.24,0.1595,124.701,15.377,10.656,8.885,6.215,23451.0,18.091,5.158,16.85,26357.0,-117.0,37.0,3.4,1,0,0,17.638,0
2021-06-24 21:00:00,2021,6,3,21,25036.0,920.0,45.3,11.1,1.25,391.0,136.7,23.032,0.1515,69.526,17.638,13.423,9.815,8.237,22940.0,17.482,5.159,16.0,26357.0,-139.4,-54.0,2.6,0,0,0,9.773,0
2021-06-24 22:00:00,2021,6,3,22,23537.0,425.7,45.7,9.2,1.62,415.0,138.3,10.019,0.0659,41.037,9.773,11.219,13.379,10.298,22827.0,16.516,5.415,,26357.0,-597.1,24.0,2.9,0,0,0,5.423,0
2021-06-24 23:00:00,2021,6,3,23,21980.0,450.8,42.2,13.1,1.09,392.0,141.5,9.909,0.0652,40.248,5.423,21.121,10.975,8.659,21677.0,13.824,5.654,12.9,26357.0,,-23.0,1.6,0,0,0,4.967,0
2021-06-25 00:00:00,2021,6,4,0,22359.0,,42.4,5.0,1.0,368.0,142.1,9.604,0.0632,47.803,4.967,29.766,,24.775,22213.0,9.863,5.811,9.23,26357.0,-1614.9,-24.0,2.3,0,0,0,6.001,0
2021-06-25 01:00:00,2021,6,4,1,21823.0,932.9,40.6,19.4,0.47,371.0,140.8,20.358,0.1339,43.884,6.001,15.377,9.128,20.654,22716.0,8.196,5.956,11.38,26357.0,464.2,3.0,-2.1,0,0,0,5.377,0
2021-06-25 02:00:00,2021,6,4,2,19977.0,,38.5,11.9,0.32,367.0,145.0,17.798,0.1171,54.002,5.377,17.638,16.898,19.469,22031.0,6.266,6.01,11.62,26357.0,-71.3,-4.0,-3.5,0,0,0,6.057,0
2021-06-25 03:00:00,2021,6,4,3,20658.0,904.7,41.6,6.6,0.2,392.0,139.6,18.689,0.123,104.176,6.057,9.773,8.824,12.217,20820.0,6.651,5.973,10.87,26357.0,-15.3,25.0,-1.9,0,0,0,12.083,0
2021-06-25 04:00:00,2021,6,4,4,22182.0,797.5,39.8,7.6,0.4,383.0,146.3,17.69,0.1164,78.439,12.083,5.423,9.521,5.996,19897.0,7.376,5.969,10.6,26357.0,371.8,-9.0,-1.5,0,0,0,9.769,0
2021-06-25 05:00:00,2021,6,4,5,23137.0,823.1,39.8,12.1,0.84,392.0,148.4,19.043,0.1253,47.697,9.769,4.967,10.133,10.25,21082.0,7.581,6.078,10.43,26357.0,372.3,9.0,-5.3,0,0,0,6.196,0
2021-06-25 06:00:00,2021,6,4,6,23051.0,436.9,41.1,12.9,1.42,450.0,147.0,10.071,0.0663,37.915,6.196,6.001,23.061,6.915,21816.0,7.398,5.751,11.75,26357.0,7.4,58.0,-1.0,0,0,0,4.907,0
2021-06-25 07:00:00,2021,6,4,7,22955.0,883.3,42.6,10.1,1.32,469.0,149.7,20.275,0.1334,65.245,4.907,5.377,13.082,14.898,20079.0,7.904,5.762,10.2,26357.0,-49.6,19.0,0.4,0,0,0,8.409,0
2021-06-25 08:00:00,2021,6,4,8,23856.0,923.1,39.9,9.9,0.64,416.0,146.5,22.021,0.1449,71.434,8.409,6.057,11.079,13.959,22011.0,8.489,5.769,9.87,26357.0,32.2,-53.0,-4.2,0,0,0,9.568,0
2021-06-25 09:00:00,2021,6,4,9,24962.0,449.5,36.6,8.9,1.01,503.0,139.6,11.22,0.0738,32.501,9.568,12.083,9.286,7.288,21813.0,7.234,5.906,10.25,26357.0,-455.2,87.0,-4.7,0,0,0,4.555,0
2021-06-25 10:00:00,2021,6,4,10,24570.0,408.6,36.7,1.2,0.64,444.0,133.7,,,79.942,4.555,9.769,9.282,8.074,22757.0,7.444,5.898,9.18,26357.0,-388.9,,-4.9,0,0,0,11.028,0
2021-06-25 11:00:00,2021,6,4,11,21445.0,420.8,32.3,0.0,1.22,465.0,130.5,9.024,0.0594,98.111,11.028,6.196,9.346,13.818,21758.0,8.38,5.894,7.17,26357.0,-402.3,21.0,-9.8,0,0,1,11.813,0
2021-06-25 12:00:00,2021,6,4,12,20363.0,1870.6,26.4,26.1,1.23,470.0,132.2,38.091,0.2506,44.162,11.813,4.907,14.339,24.546,22329.0,8.404,5.962,9.37,26357.0,1433.7,5.0,-15.9,0,0,1,5.049,0
2021-06-25 13:00:00,2021,6,4,13,21504.0,380.1,32.4,3.2,0.52,402.0,133.4,8.173,0.0538,61.49,5.049,8.409,11.657,10.429,21900.0,8.24,,,26357.0,-503.2,-68.0,-11.2,0,0,1,7.424,0
2021-06-25 14:00:00,2021,6,4,14,21244.0,378.6,32.6,3.7,0.95,446.0,126.9,8.044,0.0529,130.403,7.424,9.568,10.656,,23378.0,9.237,6.083,7.18,26357.0,-544.5,44.0,-5.9,1,0,1,15.554,0
2021-06-25 15:00:00,2021,6,4,15,21377.0,348.0,34.5,5.3,1.28,462.0,131.3,7.44,,115.92,15.554,4.555,13.423,19.205,24602.0,10.797,6.094,6.58,26357.0,-101.5,16.0,-9.6,1,0,1,13.913,0
2021-06-25 16:00:00,2021,6,4,16,,426.6,35.2,16.2,0.43,498.0,125.4,9.48,0.0624,141.01,13.913,,11.219,25.045,25314.0,11.891,6.261,9.08,26357.0,18.0,36.0,-6.3,1,0,1,17.595,0
2021-06-25 17:00:00,2021,6,4,17,22707.0,913.5,35.7,17.6,0.78,479.0,122.1,20.742,0.1365,94.439,17.595,11.813,21.121,14.254,,11.929,5.873,12.02,26357.0,492.7,-19.0,-5.3,1,0,1,12.04,0
2021-06-25 18:00:00,2021,6,4,18,23060.0,888.2,33.4,12.4,0.45,449.0,128.0,20.481,0.1347,131.071,12.04,5.049,,7.311,,13.916,4.45,9.73,26357.0,-982.4,-30.0,-5.9,1,0,1,16.97,0
2021-06-25 19:00:00,2021,6,4,19,23846.0,888.6,33.3,15.1,0.98,490.0,124.7,21.191,0.1394,57.049,16.97,7.424,15.377,8.61,25076.0,13.952,4.314,11.72,26357.0,508.5,,-8.1,1,0,1,7.638,0
2021-06-25 20:00:00,2021,6,4,20,23913.0,2101.6,31.2,40.7,0.58,517.0,121.7,50.254,0.3306,33.978,7.638,,17.638,8.885,25192.0,12.12,4.07,17.88,26357.0,1723.0,27.0,-13.6,0,0,1,4.562,0
2021-06-25 21:00:00,2021,6,4,21,24149.0,444.9,37.5,5.1,0.24,538.0,127.5,10.744,0.0707,,4.562,13.913,9.773,9.815,25036.0,10.997,4.084,17.85,26357.0,,21.0,-7.8,0,0,1,7.175,0
2021-06-25 22:00:00,2021,6,4,22,25201.0,912.3,,14.3,0.44,517.0,124.9,22.99,0.1513,42.32,,17.595,5.423,13.379,23537.0,9.062,4.064,17.53,26357.0,485.7,-21.0,-13.0,0,0,1,5.988,0
2021-06-25 23:00:00,2021,6,4,23,27002.0,929.2,37.0,8.1,0.95,550.0,122.8,25.09,0.1651,90.545,5.988,12.04,4.967,10.975,21980.0,9.343,4.085,15.95,27002.0,15.7,33.0,-5.2,0,0,1,13.727,0
2021-06-26 00:00:00,2021,6,5,0,24891.0,932.8,35.1,17.5,1.05,528.0,127.5,23.219,0.1528,32.486,13.727,16.97,6.001,14.612,22359.0,7.272,4.147,16.8,27002.0,44.6,-22.0,-7.3,0,0,1,4.54,0
2021-06-26 01:00:00,2021,6,5,1,24410.0,2501.2,,40.2,0.4,,126.4,,0.4017,42.925,4.54,7.638,5.377,9.128,,6.979,4.127,20.98,27002.0,1612.6,-12.0,-11.0,0,0,1,5.883,0
2021-06-26 02:00:00,2021,6,5,2,24584.0,453.7,33.4,0.8,0.5,531.0,127.1,11.154,0.0734,83.41,5.883,4.562,6.057,16.898,19977.0,8.138,4.093,14.33,27002.0,-1647.9,15.0,-5.1,0,0,1,11.513,0
2021-06-26 03:00:00,2021,6,5,3,25157.0,932.9,42.0,,0.2,544.0,123.5,23.468,0.1544,120.683,11.513,7.175,12.083,8.824,20658.0,9.783,4.347,14.23,27002.0,488.0,13.0,0.4,0,0,1,17.046,0
2021-06-26 04:00:00,2021,6,5,4,26849.0,921.5,30.7,14.1,,513.0,122.0,24.74,0.1628,48.95,17.046,5.988,9.769,9.521,22182.0,10.015,4.373,14.2,27002.0,9.2,-31.0,-9.1,0,0,1,7.379,0
2021-06-26 05:00:00,2021,6,5,5,25684.0,437.4,40.8,13.3,0.29,562.0,125.0,11.235,0.0739,33.598,7.379,13.727,6.196,10.133,23137.0,8.534,4.427,15.07,27002.0,-491.8,49.0,1.0,0,0,1,4.845,0
2021-06-26 06:00:00,2021,6,5,6,25590.0,2555.4,40.8,45.5,0.2,533.0,126.0,65.392,0.4302,33.791,4.845,4.54,4.907,23.061,,8.587,4.429,19.73,27002.0,1622.6,-29.0,-0.3,0,0,1,4.855,0
2021-06-26 07:00:00,2021,6,5,7,26544.0,394.0,35.5,12.3,0.37,531.0,126.4,10.459,,22.968,4.855,5.883,8.409,13.082,22955.0,8.177,4.598,15.08,27002.0,-2107.2,-2.0,-7.1,0,0,1,3.423,0
2021-06-26 08:00:00,2021,6,5,8,26851.0,435.3,40.4,,0.57,548.0,130.7,11.689,0.0769,,3.423,11.513,,11.079,23856.0,6.846,4.748,17.52,27002.0,-18.4,17.0,0.5,0,0,1,3.53,0
2021-06-26 09:00:00,2021,6,5,9,25611.0,993.9,35.2,15.7,0.61,484.0,129.1,25.455,0.1675,34.403,3.53,17.046,,9.286,24962.0,4.83,4.732,19.38,27002.0,61.0,-64.0,-1.4,0,0,1,4.947,0
2021-06-26 10:00:00,2021,6,5,10,26258.0,997.0,33.4,19.9,0.53,497.0,133.8,26.18,0.1722,27.023,4.947,7.379,11.028,9.282,24570.0,4.264,4.825,20.35,27002.0,75.5,13.0,-3.3,0,0,1,3.984,0
2021-06-26 11:00:00,2021,6,5,11,27237.0,2726.1,42.1,42.0,0.34,494.0,128.2,74.249,0.4885,101.874,3.984,4.845,11.813,9.346,21445.0,6.053,4.986,25.13,27237.0,2288.7,-3.0,9.8,0,0,1,15.579,0
2021-06-26 12:00:00,2021,6,5,12,27709.0,2718.2,39.2,48.4,0.52,,121.8,75.318,0.4955,37.056,15.579,4.855,5.049,14.339,20363.0,6.205,4.963,25.62,27709.0,162.8,17.0,12.8,0,0,1,5.765,0
2021-06-26 13:00:00,2021,6,5,13,26940.0,395.6,40.1,,0.86,484.0,125.0,10.657,0.0701,82.7,5.765,3.423,7.424,11.657,21504.0,7.719,5.002,23.57,27709.0,1.6,-27.0,7.7,0,0,1,12.509,0
2021-06-26 14:00:00,2021,6,5,14,27179.0,1050.5,41.9,8.2,0.57,490.0,126.0,28.553,0.1878,112.989,12.509,3.53,15.554,10.656,21244.0,10.004,5.106,,27709.0,615.2,,9.3,0,0,1,17.242,0
2021-06-26 15:00:00,2021,6,5,15,27348.0,2954.8,38.8,56.9,0.67,467.0,122.8,80.807,0.5316,38.561,17.242,4.947,13.913,13.423,21377.0,10.167,5.051,,27709.0,1960.9,-23.0,4.3,0,0,1,5.921,0
2021-06-26 16:00:00,2021,6,5,16,27427.0,436.9,38.7,1.9,0.86,457.0,125.0,11.983,0.0788,73.206,5.921,3.984,17.595,11.219,22224.0,11.382,4.735,26.23,27709.0,-560.1,-10.0,3.5,0,0,1,11.273,0
2021-06-26 17:00:00,2021,6,5,17,,1020.2,36.0,11.1,0.97,489.0,128.9,28.247,0.1858,78.305,11.273,15.579,12.04,21.121,22707.0,10.814,4.739,21.08,27709.0,-1705.9,32.0,0.3,0,0,1,12.173,0
2021-06-26 18:00:00,2021,6,5,18,26138.0,2972.1,35.6,36.4,0.88,469.0,126.7,77.685,0.5111,156.248,12.173,5.765,16.97,29.766,23060.0,13.675,,19.08,27709.0,,-20.0,2.2,0,0,1,22.93,1
2021-06-26 19:00:00,2021,6,5,19,26453.0,406.5,43.2,12.0,,508.0,130.7,10.754,0.0708,21.283,22.93,12.509,7.638,15.377,23846.0,12.117,5.438,21.08,27709.0,10.9,39.0,9.9,0,0,1,3.161,0
2021-06-26 20:00:00,2021,6,5,20,24676.0,2812.6,36.4,49.6,1.54,512.0,127.8,69.402,0.4566,20.058,3.161,17.242,4.562,17.638,23913.0,9.706,5.509,27.98,27709.0,1762.1,,5.2,0,0,1,2.779,0
2021-06-26 21:00:00,2021,6,5,21,24543.0,913.5,,11.1,0.67,568.0,129.6,22.42,0.1475,53.89,2.779,5.921,7.175,9.773,24149.0,9.957,5.506,,27709.0,-2041.3,56.0,5.5,0,0,1,7.426,0
2021-06-26 22:00:00,2021,6,5,22,24993.0,2723.7,40.7,44.9,0.45,580.0,132.2,68.072,0.4478,18.614,7.426,11.273,5.988,5.423,25201.0,8.513,5.62,27.52,27709.0,2286.8,12.0,8.0,0,0,1,2.612,0
2021-06-26 23:00:00,2021,6,5,23,24683.0,899.4,46.8,4.1,0.2,554.0,132.9,22.201,0.1461,103.951,2.612,12.173,13.727,4.967,27002.0,8.886,5.649,26.35,27709.0,,-26.0,9.8,0,0,1,14.406,0
2021-06-27 00:00:00,2021,6,6,0,25205.0,918.6,45.4,21.5,0.21,520.0,139.5,23.153,0.1523,22.082,14.406,22.93,4.54,6.001,24891.0,5.585,5.7,23.87,27709.0,-2053.5,-34.0,10.3,0,0,1,3.125,0
2021-06-27 01:00:00,2021,6,6,1,24673.0,1044.9,43.3,21.2,0.67,522.0,132.6,25.78,,27.511,3.125,,,5.377,24410.0,5.693,5.757,25.4,27709.0,638.4,2.0,13.7,0,0,1,3.811,0
2021-06-27 02:00:00,2021,6,6,2,25444.0,415.3,41.8,7.9,0.5,,,10.566,0.0695,14.168,3.811,2.779,11.513,6.057,24584.0,5.567,5.861,18.45,27709.0,-2397.3,-19.0,8.4,0,0,1,2.024,0
2021-06-27 03:00:00,2021,6,6,3,24949.0,1053.8,,19.7,,489.0,134.7,26.292,0.173,15.456,2.024,,17.046,12.083,,4.69,5.649,19.88,27709.0,140.3,-14.0,4.6,0,0,1,2.165,0
2021-06-27 04:00:00,2021,6,6,4,24932.0,2609.1,43.1,34.8,0.2,483.0,131.8,65.05,0.428,91.49,2.165,2.612,7.379,9.769,26849.0,6.39,5.755,18.2,27709.0,-114.6,-6.0,12.4,0,0,1,12.807,0
2021-06-27 05:00:00,2021,6,6,5,24893.0,2551.1,40.4,39.1,0.28,490.0,123.6,63.506,0.4178,45.756,12.807,14.406,4.845,6.196,25684.0,5.054,5.731,24.03,27709.0,1651.7,7.0,-0.4,0,0,1,6.395,0
2021-06-27 06:00:00,2021,6,6,6,24041.0,2563.1,48.4,41.0,0.75,472.0,128.2,61.619,0.4054,62.676,6.395,3.125,4.855,4.907,25590.0,5.944,5.701,27.28,27709.0,,-18.0,7.6,1,0,1,8.46,0
2021-06-27 07:00:00,2021,6,6,7,23061.0,1083.4,42.6,11.4,0.38,450.0,125.3,24.984,0.1644,,8.46,3.811,3.423,8.409,26544.0,6.801,5.625,25.65,27709.0,38.5,-22.0,7.1,1,0,1,8.955,0
2021-06-27 08:00:00,2021,6,6,8,27533.0,1073.5,52.0,17.0,,476.0,126.4,29.557,0.1945,123.84,8.955,2.024,3.53,9.568,26851.0,9.654,5.968,27.17,27709.0,658.2,26.0,11.6,1,0,0,19.144,1
2021-06-27 09:00:00,2021,6,6,9,25917.0,,53.4,14.2,1.23,,127.1,29.712,0.1955,166.631,19.144,2.165,4.947,4.555,25611.0,13.335,6.692,26.25,27709.0,92.7,13.0,18.2,1,0,0,24.247,1
2021-06-27 10:00:00,2021,6,6,10,27116.0,1182.6,,26.7,0.47,478.0,129.4,32.069,0.211,136.963,24.247,12.807,3.984,11.028,26258.0,14.676,6.964,24.9,27709.0,-1426.5,-11.0,18.5,1,0,0,20.852,1
2021-06-27 11:00:00,2021,6,6,11,27808.0,1109.9,51.8,17.0,0.82,492.0,129.0,30.865,0.2031,113.469,20.852,6.395,15.579,11.813,27237.0,16.562,7.048,21.22,27808.0,-1441.2,14.0,9.7,1,0,0,17.716,0
2021-06-27 12:00:00,2021,6,6,12,27391.0,519.7,53.9,,0.91,476.0,128.9,14.236,0.0937,14.045,17.716,8.46,5.765,,27709.0,15.512,7.187,16.4,27808.0,-2043.4,-16.0,14.7,0,0,0,2.16,0
2021-06-27 13:00:00,2021,6,6,13,28059.0,505.9,52.7,12.9,0.25,508.0,126.7,14.196,0.0934,17.646,2.16,8.955,12.509,7.424,26940.0,14.483,7.323,16.65,,-577.5,32.0,12.6,0,0,0,2.78,0
2021-06-27 14:00:00,2021,6,6,14,28084.0,1179.7,53.8,,0.25,540.0,125.2,33.132,0.218,28.672,2.78,19.144,17.242,15.554,27179.0,12.046,7.218,17.15,28084.0,106.2,32.0,11.9,0,0,0,4.521,0
2021-06-27 15:00:00,2021,6,6,15,28567.0,500.6,53.4,8.0,0.37,492.0,124.7,14.302,0.0941,30.132,4.521,24.247,5.921,13.913,27348.0,8.81,7.243,16.12,28567.0,-645.9,-48.0,,0,0,0,4.833,0
2021-06-27 16:00:00,2021,6,6,16,28716.0,519.1,51.0,11.1,0.2,481.0,124.8,14.905,0.0981,16.114,4.833,20.852,11.273,17.595,,5.768,7.351,13.52,28716.0,-663.5,-11.0,12.3,0,0,0,2.598,0
2021-06-27 17:00:00,2021,6,6,17,28029.0,580.8,50.5,9.1,0.82,464.0,120.0,16.278,0.1071,27.095,2.598,17.716,12.173,12.04,27688.0,3.526,7.372,12.2,28716.0,,-17.0,14.5,0,0,0,4.264,0
2021-06-27 18:00:00,2021,6,6,18,27262.0,2510.0,50.2,47.0,0.93,448.0,118.7,,0.4502,19.247,,2.16,22.93,16.97,26138.0,3.657,6.777,18.02,28716.0,1990.3,-16.0,14.6,0,0,0,2.946,0
2021-06-27 19:00:00,2021,6,6,19,27102.0,2537.0,50.5,48.7,1.18,456.0,125.3,68.758,0.4524,23.218,2.946,2.78,3.161,7.638,26453.0,3.782,6.767,23.98,28716.0,,8.0,7.3,0,0,0,3.533,0
2021-06-27 20:00:00,2021,6,6,20,27033.0,1027.6,50.7,20.0,1.45,507.0,125.6,27.779,0.1828,17.578,3.533,4.521,2.779,4.562,24676.0,3.474,6.77,23.98,28716.0,,51.0,14.3,0,0,0,2.668,0
2021-06-27 21:00:00,2021,6,6,21,27590.0,2570.6,49.5,47.5,,489.0,127.0,70.925,0.4666,98.666,2.668,4.833,,7.175,24543.0,5.216,6.945,30.57,28716.0,2070.0,-18.0,6.5,1,0,0,15.284,0
2021-06-27 22:00:00,2021,6,6,22,27608.0,2406.8,48.7,32.5,1.98,521.0,126.3,66.449,0.4372,156.399,15.284,2.598,2.612,5.988,24993.0,8.823,7.587,34.13,28716.0,1887.7,32.0,8.0,1,0,0,24.243,1
2021-06-27 23:00:00,2021,6,6,23,25995.0,500.9,48.4,10.9,2.37,541.0,128.3,13.022,0.0857,128.461,24.243,4.264,14.406,13.727,24683.0,11.237,7.773,34.43,28716.0,-79.9,20.0,1.6,1,0,0,18.749,1
2021-06-28 00:00:00,2021,6,0,0,26189.0,528.9,47.1,3.9,,550.0,121.9,,0.0911,,18.749,2.946,3.125,4.54,25205.0,15.643,8.69,27.25,28716.0,-1981.1,9.0,1.7,1,0,0,29.381,1
2021-06-28 01:00:00,2021,6,0,1,26578.0,473.8,48.5,12.3,1.89,553.0,125.1,,0.0828,85.227,29.381,3.533,3.811,5.883,24673.0,17.174,8.596,21.18,28716.0,-2063.2,3.0,5.2,1,0,0,12.718,0
2021-06-28 02:00:00,2021,6,0,2,28367.0,469.4,49.9,,1.51,562.0,125.2,13.317,0.0876,64.721,12.718,2.668,2.024,11.513,25444.0,18.447,,18.6,28716.0,-558.2,9.0,8.1,1,0,0,10.308,0
2021-06-28 03:00:00,2021,6,0,3,28463.0,1257.8,48.1,13.6,1.11,,120.4,35.801,0.2355,103.574,10.308,15.284,2.165,17.046,24949.0,18.658,8.264,12.95,28716.0,,29.0,1.5,0,0,0,16.552,0
2021-06-28 04:00:00,2021,6,0,4,,559.3,49.6,13.9,1.51,556.0,118.2,15.871,0.1044,27.946,16.552,24.243,12.807,7.379,24932.0,15.36,8.381,9.85,28716.0,-1847.5,-35.0,6.5,0,0,0,4.452,0
2021-06-28 05:00:00,2021,6,0,5,28277.0,2688.5,49.3,52.9,1.89,,120.7,76.022,0.5001,38.365,4.452,18.749,6.395,4.845,24893.0,13.25,8.389,16.85,28716.0,2187.6,33.0,8.9,0,0,0,6.091,0
2021-06-28 06:00:00,2021,6,0,6,28433.0,1260.5,49.0,19.1,2.4,547.0,117.4,35.839,0.2358,72.946,6.091,29.381,8.46,4.855,24041.0,10.294,8.37,19.38,28716.0,731.6,-42.0,0.6,0,0,0,11.645,0
2021-06-28 07:00:00,2021,6,0,7,27832.0,1245.6,51.7,31.9,2.56,553.0,116.1,34.668,0.2281,46.152,11.645,12.718,8.955,3.423,23061.0,9.377,8.399,22.65,28716.0,771.8,6.0,9.1,0,0,0,7.212,0
2021-06-28 08:00:00,2021,6,0,8,26749.0,2702.1,51.6,49.3,2.27,526.0,111.4,72.28,0.4755,46.636,7.212,10.308,,3.53,27533.0,8.826,8.264,30.12,28716.0,2232.7,-27.0,-0.4,0,0,0,7.004,0
2021-06-28 09:00:00,2021,6,0,9,28158.0,2635.3,49.2,49.3,2.58,554.0,109.6,,0.4882,42.297,7.004,16.552,24.247,4.947,25917.0,7.182,7.775,36.07,28716.0,1377.5,28.0,,0,0,0,6.687,0
2021-06-28 10:00:00,2021,6,0,10,25964.0,1229.6,52.5,23.4,2.99,499.0,,31.926,0.21,37.832,6.687,4.452,20.852,3.984,27116.0,,7.466,37.65,28716.0,670.3,-55.0,0.6,0,0,0,5.515,0
2021-06-28 11:00:00,2021,6,0,11,26355.0,1214.1,51.7,23.3,2.97,524.0,113.3,31.998,0.2105,45.313,5.515,6.091,17.716,15.579,27808.0,7.461,7.264,32.72,28716.0,-1474.4,25.0,-0.1,0,0,0,6.705,0
2021-06-28 12:00:00,2021,6,0,12,26130.0,,50.6,56.3,2.74,509.0,118.3,68.658,0.4517,42.41,6.705,,2.16,5.765,27391.0,6.558,,38.92,28716.0,1367.0,-15.0,,0,0,0,6.222,0
2021-06-28 13:00:00,2021,6,0,13,25703.0,1236.9,53.5,25.4,3.58,560.0,119.2,31.793,0.2092,38.264,6.222,7.212,,12.509,28059.0,6.276,7.064,37.83,28716.0,-8.7,51.0,0.8,0,0,0,5.522,0
2021-06-28 14:00:00,2021,6,0,14,26951.0,2727.9,50.2,44.6,3.76,550.0,121.8,73.519,0.4837,82.746,5.522,,4.521,17.242,28084.0,7.195,7.024,37.05,28716.0,25.8,-10.0,-3.6,0,0,0,12.521,0
2021-06-28 15:00:00,2021,6,0,15,26245.0,583.4,50.6,5.5,3.56,524.0,122.2,15.311,0.1007,72.471,12.521,6.687,4.833,5.921,28567.0,7.861,6.957,29.75,,-2051.9,-26.0,-2.8,0,0,0,10.679,0
2021-06-28 16:00:00,2021,6,0,16,25388.0,1150.0,51.8,,3.25,488.0,124.1,29.196,0.1921,70.61,10.679,5.515,2.598,11.273,28716.0,8.619,6.789,28.48,28716.0,-79.6,-36.0,0.8,0,0,0,10.065,0
2021-06-28 17:00:00,2021,6,0,17,25649.0,1148.0,50.7,20.6,3.25,523.0,121.2,,0.1937,41.838,10.065,6.705,4.264,12.173,28029.0,8.506,6.733,28.03,28716.0,-66.1,35.0,0.2,0,0,0,6.025,0
2021-06-28 18:00:00,2021,6,0,18,25656.0,,49.6,13.2,3.78,519.0,121.0,11.106,0.0731,41.931,6.025,6.222,2.946,22.93,27262.0,8.475,6.619,,28716.0,-2194.6,-4.0,,0,0,0,6.04,0
2021-06-28 19:00:00,2021,6,0,19,25195.0,439.6,49.6,6.5,4.36,527.0,118.7,11.075,0.0729,47.978,6.04,5.522,3.533,3.161,27102.0,8.686,6.508,17.7,28716.0,-797.3,8.0,-0.9,0,0,0,6.787,0
2021-06-28 20:00:00,2021,6,0,20,24167.0,422.7,51.3,14.4,4.07,508.0,116.5,10.216,0.0672,41.64,6.787,12.521,2.668,2.779,27033.0,7.541,6.382,12.67,28716.0,-2305.2,-19.0,0.6,0,0,0,5.65,0
2021-06-28 21:00:00,2021,6,0,21,23769.0,444.2,51.1,0.0,3.6,502.0,117.1,10.558,0.0695,96.746,5.65,10.679,15.284,7.426,27590.0,7.913,6.322,11.75,28716.0,-139.2,-6.0,1.6,0,0,0,12.911,0
2021-06-28 22:00:00,2021,6,0,22,24586.0,410.5,52.4,1.8,4.57,491.0,121.6,10.094,0.0664,76.869,12.911,,24.243,2.612,27608.0,8.004,5.595,9.42,28716.0,-739.5,-11.0,3.7,0,0,0,10.611,0
2021-06-28 23:00:00,2021,6,0,23,24401.0,1163.0,51.8,23.0,5.04,477.0,121.2,28.379,0.1867,48.642,10.611,6.025,18.749,14.406,25995.0,8.11,5.294,9.82,28716.0,15.0,-14.0,3.4,0,0,0,6.664,0
2021-06-29 00:00:00,2021,6,1,0,24710.0,2558.8,51.4,34.8,4.41,501.0,116.5,63.226,0.416,116.047,6.664,6.04,29.381,3.125,26189.0,9.787,3.496,13.42,28716.0,2125.9,24.0,4.3,0,0,0,16.1,0
2021-06-29 01:00:00,2021,6,1,1,24836.0,1074.0,53.3,22.3,4.61,525.0,124.0,26.674,0.1755,44.735,16.1,6.787,12.718,3.811,26578.0,9.696,3.428,16.05,28716.0,634.4,,,0,0,0,6.238,0
2021-06-29 02:00:00,2021,6,1,2,23387.0,1118.7,52.9,27.6,4.62,528.0,124.2,26.162,0.1721,45.694,6.238,5.65,10.308,2.024,28367.0,9.754,3.443,18.25,28716.0,696.0,3.0,3.0,0,0,0,6.0,0
2021-06-29 03:00:00,2021,6,1,3,25621.0,472.2,,12.2,4.61,512.0,125.4,12.099,0.0796,42.37,6.0,12.911,16.552,2.165,28463.0,8.618,2.989,20.28,28716.0,28.0,-16.0,6.4,0,0,0,6.095,0
2021-06-29 04:00:00,2021,6,1,4,24630.0,2664.6,53.4,46.5,3.82,538.0,125.3,65.63,0.4318,,6.095,10.611,4.452,12.807,28374.0,8.063,2.901,27.73,28716.0,2254.1,26.0,3.8,0,0,0,7.283,0
2021-06-29 05:00:00,2021,6,1,5,24385.0,388.9,55.2,6.9,4.18,554.0,130.8,9.482,0.0624,39.77,7.283,6.664,6.091,6.395,28277.0,7.86,2.923,25.05,28716.0,-774.1,16.0,5.9,0,0,0,5.445,0
2021-06-29 06:00:00,2021,6,1,6,25468.0,411.8,53.4,11.5,3.48,,130.3,10.488,0.069,36.862,5.445,16.1,11.645,8.46,28433.0,,2.865,21.17,28716.0,-2147.0,14.0,4.4,0,0,0,5.271,0
2021-06-29 07:00:00,2021,6,1,7,25667.0,1026.4,51.1,26.3,3.57,549.0,129.3,26.343,0.1733,41.899,5.271,,7.212,8.955,27832.0,6.022,2.884,21.83,28716.0,-47.6,-19.0,-0.6,0,0,0,6.038,0
2021-06-29 08:00:00,2021,6,1,8,25023.0,2447.0,48.9,37.2,4.29,518.0,127.9,61.23,0.4028,73.683,6.038,6.0,7.004,19.144,26749.0,6.747,2.931,23.43,28716.0,1328.3,-31.0,-2.7,0,0,0,10.352,0
2021-06-29 09:00:00,2021,6,1,9,24712.0,2316.0,50.3,42.5,4.15,531.0,126.4,57.234,0.3765,45.752,10.352,6.095,6.687,24.247,28158.0,6.79,2.937,28.48,28716.0,1843.8,13.0,1.1,0,0,0,6.348,0
2021-06-29 10:00:00,2021,6,1,10,24581.0,973.6,51.7,16.1,4.0,557.0,,23.931,0.1574,47.126,,,5.515,20.852,25964.0,6.66,2.911,23.42,28716.0,-1691.0,26.0,-0.8,0,0,0,6.504,0
2021-06-29 11:00:00,2021,6,1,11,24089.0,962.7,49.1,22.2,4.25,528.0,127.9,23.191,0.1526,30.972,6.504,5.445,6.705,17.716,26355.0,6.45,2.997,25.97,28716.0,573.8,-29.0,-2.6,0,0,0,4.189,0
2021-06-29 12:00:00,2021,6,1,12,26280.0,960.3,50.4,15.4,3.43,579.0,127.1,25.236,0.166,102.446,4.189,5.271,6.222,2.16,26130.0,8.091,3.333,26.62,28716.0,,51.0,-0.2,1,0,0,15.116,0
2021-06-29 13:00:00,2021,6,1,13,26266.0,919.1,53.2,22.4,3.75,575.0,138.4,24.142,0.1588,86.653,,6.038,5.522,2.78,25703.0,9.215,,25.97,28716.0,-107.3,-4.0,-0.3,1,0,0,12.779,0
2021-06-29 14:00:00,2021,6,1,14,24285.0,486.2,50.4,5.9,3.62,604.0,,11.808,0.0777,98.46,12.779,10.352,12.521,4.521,26951.0,9.727,3.469,20.75,28716.0,-1960.8,29.0,0.2,1,0,0,13.425,0
2021-06-29 15:00:00,2021,6,1,15,24801.0,,51.8,5.4,3.73,546.0,132.6,12.506,0.0823,129.223,13.425,6.348,10.679,4.833,26245.0,11.668,3.961,14.57,28716.0,-1811.7,-58.0,1.2,1,0,0,17.994,0
2021-06-29 16:00:00,2021,6,1,16,24610.0,2356.5,49.7,42.3,3.69,532.0,136.0,57.994,0.3815,123.908,17.994,6.504,10.065,2.598,25388.0,13.437,4.309,18.93,28716.0,1382.9,-14.0,-2.1,1,0,0,17.121,0
2021-06-29 17:00:00,2021,6,1,17,25014.0,2422.9,50.6,33.4,,530.0,131.8,60.606,0.3987,108.92,17.121,4.189,6.025,4.264,25649.0,15.289,4.441,20.8,28716.0,1460.2,-2.0,-0.1,1,0,0,15.297,0
2021-06-29 18:00:00,2021,6,1,18,24330.0,448.5,55.0,,3.62,512.0,134.2,10.911,0.0718,77.378,15.297,15.116,6.04,2.946,25656.0,14.531,4.387,19.33,28716.0,-511.8,-18.0,5.4,1,0,0,10.57,0
2021-06-29 19:00:00,2021,6,1,19,24877.0,446.0,52.5,7.0,3.87,544.0,134.4,11.096,0.073,80.967,10.57,12.779,6.787,3.533,25195.0,14.286,4.357,16.77,28716.0,-473.1,32.0,2.9,1,0,0,11.309,0
2021-06-29 20:00:00,2021,6,1,20,24516.0,485.9,53.4,7.4,3.1,522.0,133.4,11.912,0.0784,33.23,11.309,13.425,5.65,2.668,24167.0,12.811,4.407,17.02,28716.0,-0.3,-22.0,2.1,0,0,0,4.574,0
2021-06-29 21:00:00,2021,6,1,21,25098.0,889.8,54.7,16.0,,,136.2,22.333,0.1469,30.756,4.574,17.994,12.911,15.284,23769.0,10.534,4.487,18.78,28716.0,385.5,-10.0,3.6,0,0,0,4.334,0
2021-06-29 22:00:00,2021,6,1,22,24852.0,421.7,54.7,0.0,4.01,522.0,133.8,10.481,0.069,80.131,4.334,17.121,10.611,24.243,24586.0,,4.495,11.73,28716.0,-1934.8,,2.3,0,0,0,11.181,0
2021-06-29 23:00:00,2021,6,1,23,23662.0,860.0,52.4,8.2,4.13,559.0,135.4,20.35,0.1339,74.534,11.181,15.297,6.664,18.749,24401.0,8.645,4.457,7.53,28716.0,-1562.9,37.0,0.6,0,0,0,9.902,0
2021-06-30 00:00:00,2021,6,2,0,26364.0,436.2,54.2,16.6,4.13,580.0,140.5,11.5,0.0757,32.549,,10.57,,29.381,24710.0,7.686,4.331,9.2,28716.0,-12.3,21.0,2.8,0,0,0,4.818,0
2021-06-30 01:00:00,2021,6,2,1,25635.0,450.9,51.5,8.5,4.21,569.0,139.9,11.559,0.076,30.55,4.818,11.309,,12.718,24836.0,6.534,4.399,9.45,28716.0,4.9,-11.0,-1.8,0,0,0,4.397,0
2021-06-30 02:00:00,2021,6,2,2,,454.9,53.7,8.5,3.86,528.0,140.5,11.613,0.0764,66.891,4.397,4.574,6.0,10.308,23387.0,7.37,4.353,9.63,28716.0,-31.0,-41.0,0.8,1,0,0,9.587,0
2021-06-30 03:00:00,2021,6,2,3,24378.0,859.1,48.9,6.2,3.77,556.0,143.2,20.943,0.1378,212.797,9.587,4.334,6.095,16.552,25621.0,11.502,,8.0,28716.0,-30.7,28.0,-5.6,1,0,0,29.126,1
2021-06-30 04:00:00,2021,6,2,4,24536.0,484.9,51.1,13.6,3.7,561.0,,11.898,0.0783,192.655,29.126,11.181,7.283,4.452,24630.0,14.062,6.753,10.27,28716.0,63.2,5.0,-2.3,1,0,0,26.54,1
2021-06-30 05:00:00,2021,6,2,5,23603.0,827.6,53.5,7.5,2.87,500.0,143.5,19.534,,148.112,26.54,9.902,5.445,6.091,24385.0,15.683,6.872,10.15,28716.0,-32.4,-61.0,-1.7,1,0,0,19.628,1
2021-06-30 06:00:00,2021,6,2,6,,861.6,53.3,,3.41,525.0,146.2,20.231,0.1331,177.288,19.628,4.818,5.271,11.645,25468.0,18.775,7.144,10.82,28716.0,425.4,25.0,-0.1,1,0,0,23.372,1
2021-06-30 07:00:00,2021,6,2,7,24195.0,810.8,52.4,19.5,2.73,561.0,154.3,19.618,0.1291,85.995,23.372,4.397,,7.212,25667.0,19.989,7.022,12.65,28716.0,359.9,36.0,1.3,1,0,0,11.682,0
2021-06-30 08:00:00,2021,6,2,8,24437.0,414.2,51.1,,2.77,559.0,148.0,10.122,0.0666,84.969,11.682,9.587,10.352,7.004,25023.0,20.334,7.01,,28716.0,,-2.0,2.2,0,0,0,11.658,0
2021-06-30 09:00:00,2021,6,2,9,25507.0,839.7,53.7,8.5,2.54,533.0,142.5,21.418,0.1409,78.835,11.658,29.126,6.348,6.687,24712.0,17.362,6.891,11.77,28716.0,-19.4,-26.0,,0,0,0,11.29,0
2021-06-30 10:00:00,2021,6,2,10,23750.0,467.9,52.4,5.0,2.09,525.0,141.2,11.112,0.0731,57.324,11.29,,6.504,5.515,,14.212,,10.33,28716.0,-17.0,-8.0,0.7,0,0,0,7.644,0
2021-06-30 11:00:00,2021,6,2,11,24920.0,871.4,52.2,14.7,2.71,550.0,141.0,21.714,0.1429,35.4,7.644,19.628,4.189,6.705,24089.0,11.766,6.81,11.53,28716.0,43.8,25.0,3.1,0,0,0,4.953,0
2021-06-30 12:00:00,2021,6,2,12,,876.4,54.6,10.5,2.01,504.0,136.8,21.14,0.1391,69.704,,23.372,,6.222,26280.0,9.444,6.826,9.85,28716.0,14.8,-46.0,4.2,0,0,0,9.44,0
2021-06-30 13:00:00,2021,6,2,13,24930.0,1930.8,52.2,,1.8,475.0,139.2,48.135,0.3167,136.178,9.44,11.682,12.779,5.522,26266.0,10.674,6.952,,28716.0,1120.0,-29.0,-1.0,0,0,0,19.061,1
2021-06-30 14:00:00,2021,6,2,14,25855.0,1944.7,51.4,30.1,1.46,490.0,135.3,50.278,,65.305,19.061,11.658,13.425,12.521,24285.0,10.311,6.985,14.98,28716.0,1530.5,15.0,,0,0,0,9.48,0
2021-06-30 15:00:00,2021,6,2,15,26279.0,862.9,48.7,11.2,1.74,493.0,134.7,22.675,0.1492,171.899,9.48,11.29,17.994,10.679,24801.0,12.657,7.378,15.43,28716.0,,3.0,-3.1,1,0,0,25.363,1
2021-06-30 16:00:00,2021,6,2,16,25276.0,1934.9,49.7,33.1,1.55,491.0,133.3,48.906,0.3218,81.556,25.363,,17.121,10.065,24610.0,13.312,7.331,20.12,28716.0,1467.0,-2.0,0.0,1,0,0,11.574,0
2021-06-30 17:00:00,2021,6,2,17,25834.0,454.4,52.1,5.5,1.96,512.0,134.4,11.739,0.0772,185.622,,4.953,15.297,6.025,25014.0,16.974,7.869,18.58,28716.0,-417.0,21.0,1.5,1,0,0,26.924,1
2021-06-30 18:00:00,2021,6,2,18,25151.0,876.0,49.5,12.2,1.65,523.0,132.9,22.033,0.145,142.431,26.924,9.44,10.57,6.04,24330.0,18.752,7.967,18.87,,-0.4,11.0,-5.5,1,0,0,20.113,1
2021-06-30 19:00:00,2021,6,2,19,25176.0,440.5,51.5,10.6,1.85,486.0,133.2,11.09,0.073,90.971,20.113,19.061,11.309,6.787,24877.0,17.719,7.953,17.12,,-1490.3,-37.0,-1.0,1,0,0,12.859,0
2021-06-30 20:00:00,2021,6,2,20,24877.0,437.0,47.6,1.8,1.23,467.0,132.4,10.872,0.0715,84.568,12.859,9.48,4.574,5.65,24516.0,18.107,7.725,12.4,28716.0,-1507.7,-19.0,-5.8,1,0,0,11.812,0
2021-06-30 21:00:00,2021,6,2,21,24323.0,835.1,49.4,20.9,1.28,459.0,128.8,20.312,0.1336,45.891,11.812,,,12.911,25098.0,14.925,7.629,14.02,28716.0,-27.8,-8.0,-5.3,0,0,0,6.267,0
2021-06-30 22:00:00,2021,6,2,22,24097.0,854.0,50.1,11.9,,489.0,123.0,20.579,0.1354,58.184,6.267,11.574,11.181,10.611,24852.0,14.308,7.714,10.48,28716.0,-1080.9,30.0,-4.6,0,0,0,7.872,0
2021-06-30 23:00:00,2021,6,2,23,23590.0,956.7,51.6,9.8,1.67,508.0,130.5,22.57,0.1485,85.973,7.872,26.924,9.902,6.664,23662.0,11.718,7.685,11.2,28716.0,502.3,19.0,-0.8,0,0,0,11.387,0
2021-07-01 00:00:00,2021,7,3,0,24199.0,,50.6,35.2,1.17,486.0,126.5,48.372,0.3182,55.819,11.387,20.113,4.818,16.1,26364.0,9.63,7.561,15.03,28716.0,1122.9,-22.0,-3.6,0,0,0,7.584,0
2021-07-01 01:00:00,2021,7,3,1,24445.0,991.3,49.8,28.3,0.83,465.0,127.0,24.233,0.1594,46.398,,12.859,4.397,6.238,25635.0,8.548,7.46,17.98,28716.0,,-21.0,-1.7,0,0,0,6.368,0
2021-07-01 02:00:00,2021,7,3,2,24901.0,2112.9,52.7,34.6,0.96,451.0,126.7,52.614,0.3461,46.993,6.368,11.812,9.587,6.0,25527.0,7.675,7.567,23.45,28716.0,1675.9,-14.0,-1.0,0,0,0,6.57,0
2021-07-01 03:00:00,2021,7,3,3,,1983.4,53.9,24.6,1.17,477.0,129.2,46.748,0.3076,109.2,6.57,6.267,29.126,6.095,24378.0,9.039,6.86,24.07,28716.0,1148.3,26.0,5.0,0,0,0,14.451,0
2021-07-01 04:00:00,2021,7,3,4,22359.0,2158.0,53.4,27.5,1.63,479.0,129.5,48.251,0.3174,,14.451,7.872,26.54,7.283,24536.0,9.803,6.273,26.67,28716.0,1304.0,2.0,2.3,0,0,0,12.459,0
2021-07-01 05:00:00,2021,7,3,5,22564.0,540.5,54.3,12.8,2.53,485.0,133.7,12.196,0.0802,147.868,12.459,11.387,19.628,5.445,23603.0,11.028,6.234,27.17,28716.0,-416.2,6.0,,1,0,0,18.733,1
2021-07-01 06:00:00,2021,7,3,6,22733.0,1064.0,,14.9,,462.0,129.6,24.187,0.1591,120.593,18.733,7.584,23.372,5.271,23480.0,12.329,5.851,23.78,28716.0,-934.9,-23.0,-1.8,1,0,0,15.392,0
2021-07-01 07:00:00,2021,7,3,7,22576.0,1106.9,53.7,26.0,2.15,459.0,125.4,24.989,0.1644,60.944,15.392,6.368,11.682,6.038,24195.0,12.555,5.931,23.4,,115.6,,1.3,1,0,0,7.725,0
2021-07-01 08:00:00,2021,7,3,8,21817.0,1933.6,53.0,19.8,1.65,477.0,,42.187,0.2775,218.183,,6.57,11.658,10.352,24437.0,15.914,6.61,20.93,28716.0,-179.3,18.0,1.9,1,0,0,26.726,1
2021-07-01 09:00:00,2021,7,3,9,22142.0,420.1,53.2,7.1,,477.0,133.6,9.303,0.0612,53.275,26.726,14.451,11.29,6.348,,14.61,6.731,18.02,28716.0,-1563.3,0.0,-0.5,1,0,0,6.623,0
2021-07-01 10:00:00,2021,7,3,10,20869.0,393.2,52.4,6.1,1.42,440.0,131.4,8.205,0.054,157.258,6.623,12.459,7.644,,23750.0,15.604,6.731,,28716.0,-1764.8,-37.0,0.0,1,0,0,18.426,1
2021-07-01 11:00:00,2021,7,3,11,19790.0,424.5,50.4,11.9,1.69,473.0,132.2,8.402,0.0553,49.175,18.426,18.733,4.953,4.189,24920.0,13.393,6.704,14.3,28716.0,-116.0,33.0,-1.8,0,0,0,5.464,0
2021-07-01 12:00:00,2021,7,3,12,19420.0,472.3,55.7,7.9,1.84,500.0,133.6,9.172,0.0603,60.109,5.464,15.392,9.44,15.116,24121.0,11.92,,13.13,28716.0,,27.0,1.1,0,0,0,6.554,0
2021-07-01 13:00:00,2021,7,3,13,20832.0,2767.5,52.1,37.2,2.17,453.0,135.2,57.653,0.3793,64.627,6.554,7.725,19.061,12.779,24930.0,11.892,6.772,,28716.0,1660.6,-47.0,-0.1,0,0,0,7.559,0
2021-07-01 14:00:00,2021,7,3,14,,580.4,52.2,12.5,2.03,447.0,134.8,11.665,0.0767,46.177,7.559,26.726,9.48,13.425,25855.0,8.306,,13.78,,-1353.2,-6.0,0.8,0,0,0,5.211,0
2021-07-01 15:00:00,2021,7,3,15,20005.0,1446.5,50.0,10.1,1.66,405.0,140.9,28.938,0.1904,142.557,5.211,,25.363,17.994,26279.0,9.871,6.403,14.28,28716.0,1026.4,-42.0,1.3,0,0,0,16.012,0
2021-07-01 16:00:00,2021,7,3,16,21555.0,1359.1,52.0,18.3,2.01,,143.0,29.297,0.1927,46.793,16.012,18.426,11.574,17.121,25276.0,7.744,6.537,16.32,28716.0,965.9,22.0,2.3,0,0,0,5.663,0
2021-07-01 17:00:00,2021,7,3,17,21809.0,1334.0,52.9,16.6,1.87,398.0,139.5,29.094,0.1914,63.414,5.663,5.464,26.924,15.297,25834.0,8.127,5.739,17.1,28716.0,909.5,-29.0,0.8,0,0,0,7.765,0
2021-07-01 18:00:00,2021,7,3,18,22077.0,653.5,50.8,23.7,1.52,418.0,139.4,14.428,0.0949,173.316,7.765,6.554,20.113,10.57,25151.0,,5.839,19.73,28716.0,181.2,20.0,1.3,1,0,0,21.483,1
2021-07-01 19:00:00,2021,7,3,19,22057.0,1294.8,47.3,18.8,1.75,401.0,137.4,28.559,0.1879,71.164,21.483,7.559,12.859,11.309,25176.0,10.824,5.845,16.67,28716.0,-1472.7,-17.0,,1,0,0,8.813,0
2021-07-01 20:00:00,2021,7,3,20,21570.0,1275.9,,20.0,1.72,357.0,137.4,27.522,0.1811,202.243,8.813,5.211,11.812,4.574,24877.0,14.038,6.466,17.92,28716.0,695.5,-44.0,1.1,1,0,0,24.493,1
2021-07-01 21:00:00,2021,7,3,21,19738.0,2434.6,48.4,33.9,1.91,378.0,140.4,48.053,0.3161,95.244,24.493,16.012,6.267,4.334,24323.0,13.129,6.374,21.88,28716.0,,21.0,-1.0,1,0,0,10.555,0
2021-07-01 22:00:00,2021,7,3,22,20312.0,1411.3,48.5,24.5,,430.0,143.4,28.667,0.1886,77.909,10.555,5.663,7.872,11.181,24097.0,13.666,,22.92,28716.0,52.2,52.0,-1.6,1,0,0,8.885,0
2021-07-01 23:00:00,2021,7,3,23,21064.0,2118.8,48.1,26.3,1.45,380.0,143.3,44.63,0.2936,126.309,8.885,7.765,11.387,9.902,23590.0,14.861,6.385,24.53,28716.0,784.8,,-3.5,1,0,0,14.938,0
2021-07-02 00:00:00,2021,7,4,0,20846.0,562.2,47.8,5.2,1.61,423.0,143.4,11.72,0.0771,62.32,14.938,21.483,7.584,4.818,24199.0,12.496,6.393,21.45,28716.0,-91.3,43.0,-2.8,0,0,0,7.294,0
2021-07-02 01:00:00,2021,7,4,1,20727.0,1344.7,52.4,14.0,1.48,462.0,140.1,27.87,0.1834,83.799,7.294,8.813,6.368,4.397,24445.0,12.653,6.304,20.65,28716.0,49.9,39.0,2.6,0,0,0,9.752,0
2021-07-02 02:00:00,2021,7,4,2,22275.0,1381.8,50.8,26.4,1.64,460.0,136.7,30.779,0.2025,39.14,9.752,24.493,6.57,9.587,24901.0,9.386,,21.72,28716.0,105.9,-2.0,-1.9,0,0,0,4.895,0
2021-07-02 03:00:00,2021,7,4,3,19817.0,1347.1,49.2,17.8,1.53,440.0,134.8,26.696,0.1756,,4.895,10.555,14.451,29.126,23570.0,8.384,6.523,19.03,28716.0,-1087.5,-20.0,-4.7,0,0,0,4.538,0
2021-07-02 04:00:00,2021,7,4,4,20168.0,1295.0,48.5,20.0,1.31,498.0,140.3,26.117,0.1718,35.387,4.538,8.885,12.459,26.54,22359.0,7.571,6.695,18.28,28716.0,-116.3,58.0,-4.9,0,0,0,4.007,0
2021-07-02 05:00:00,2021,7,4,5,18795.0,430.0,51.4,8.7,1.92,517.0,139.8,8.082,0.0532,38.284,4.007,14.938,18.733,19.628,22564.0,5.754,6.643,15.35,28716.0,-1688.8,19.0,-2.9,0,0,0,4.04,0
2021-07-02 06:00:00,2021,7,4,6,20610.0,479.9,50.4,7.4,1.76,492.0,130.8,9.89,0.0651,35.267,4.04,7.294,15.392,23.372,22733.0,5.219,6.684,15.72,28716.0,-82.3,-25.0,-1.1,0,0,0,4.081,0
2021-07-02 07:00:00,2021,7,4,7,22110.0,1837.6,48.7,17.0,0.96,471.0,128.7,40.631,0.2673,129.211,4.081,9.752,7.725,11.682,22576.0,6.267,6.772,16.22,28716.0,492.9,,-5.0,0,0,0,16.04,0
2021-07-02 08:00:00,2021,7,4,8,19342.0,1733.0,49.1,24.9,1.23,522.0,125.9,33.519,0.2205,43.371,16.04,4.895,26.726,11.658,21817.0,6.236,5.901,15.97,28716.0,351.2,51.0,-3.9,0,0,0,4.71,0
2021-07-02 09:00:00,2021,7,4,9,18290.0,443.1,50.0,3.2,1.95,,118.8,,0.0533,79.764,4.71,4.538,6.623,11.29,22142.0,6.845,5.877,13.53,28716.0,-904.0,4.0,-3.2,0,0,0,8.191,0
2021-07-02 10:00:00,2021,7,4,10,18506.0,1141.6,50.3,15.0,1.47,562.0,117.5,21.127,0.139,58.41,8.191,4.007,18.426,7.644,20869.0,,5.601,12.7,28716.0,-153.4,36.0,-2.1,0,0,0,6.069,0
2021-07-02 11:00:00,2021,7,4,11,17989.0,1131.1,48.4,13.7,,542.0,119.3,20.346,0.1339,46.673,6.069,4.04,5.464,4.953,19790.0,7.301,5.624,13.53,28716.0,701.1,-20.0,-2.0,0,0,0,4.714,0
2021-07-02 12:00:00,2021,7,4,12,17564.0,1109.8,50.0,17.9,1.12,540.0,115.3,19.491,0.1282,47.802,4.714,4.081,6.554,9.44,19420.0,7.406,5.671,15.28,28716.0,629.9,-2.0,-5.7,0,0,0,4.714,0
2021-07-02 13:00:00,2021,7,4,13,18828.0,,51.7,5.1,1.34,554.0,118.9,8.995,0.0592,44.631,4.714,16.04,7.559,19.061,,5.519,5.73,13.3,28716.0,-1359.9,14.0,-0.4,0,0,0,4.718,0
2021-07-02 14:00:00,2021,7,4,14,19535.0,1952.0,50.2,21.5,1.7,514.0,120.3,38.132,0.2509,74.224,4.718,4.71,5.211,,20099.0,6.091,5.681,12.73,28716.0,219.0,-40.0,-2.0,0,0,0,8.141,0
2021-07-02 15:00:00,2021,7,4,15,19413.0,1122.4,51.9,17.2,1.43,494.0,119.8,21.789,0.1433,36.974,8.141,8.191,16.012,25.363,20005.0,5.398,5.557,,28716.0,679.3,-20.0,1.9,0,0,0,4.03,0
2021-07-02 16:00:00,2021,7,4,16,18800.0,1166.1,49.1,2.5,1.74,536.0,121.7,21.923,0.1442,167.222,4.03,6.069,5.663,11.574,21555.0,7.328,5.829,12.98,28716.0,24.5,42.0,-2.9,0,0,0,17.651,0
2021-07-02 17:00:00,2021,7,4,17,19944.0,1174.6,46.8,11.9,1.46,567.0,127.1,23.427,0.1541,72.801,17.651,4.714,7.765,26.924,21809.0,7.901,5.826,12.68,28716.0,,,-6.1,0,0,0,8.152,0
2021-07-02 18:00:00,2021,7,4,18,19318.0,1233.1,47.9,18.4,2.16,567.0,126.6,,,46.864,8.152,4.714,21.483,20.113,22077.0,7.962,5.224,12.77,28716.0,123.3,0.0,-2.9,0,0,0,5.083,0
2021-07-02 19:00:00,2021,7,4,19,20101.0,455.9,48.5,0.0,2.27,550.0,117.7,9.165,0.0603,99.913,5.083,4.718,8.813,12.859,22057.0,9.056,5.259,11.92,28716.0,-21.8,-17.0,1.2,0,0,0,11.276,0
2021-07-02 20:00:00,2021,7,4,20,19763.0,1810.3,49.2,18.2,2.13,572.0,118.8,,0.2354,94.439,11.276,8.141,24.493,11.812,21570.0,9.445,4.024,11.37,28716.0,-141.7,22.0,0.5,0,0,0,10.479,0
2021-07-02 21:00:00,2021,7,4,21,18683.0,481.6,50.0,14.4,2.41,492.0,123.1,8.998,0.0592,41.269,10.479,4.03,10.555,6.267,,9.495,4.039,10.9,28716.0,-640.8,-80.0,1.6,0,0,0,4.329,0
2021-07-02 22:00:00,2021,7,4,22,20496.0,1621.6,48.6,26.0,2.51,512.0,122.6,33.237,0.2187,27.286,4.329,17.651,8.885,7.872,20312.0,7.076,4.125,14.82,28716.0,455.5,,0.1,0,0,0,3.14,0
2021-07-02 23:00:00,2021,7,4,23,20414.0,1657.1,48.7,18.8,1.85,556.0,123.3,33.829,0.2226,68.917,3.14,8.152,14.938,11.387,21064.0,7.034,3.794,15.97,28716.0,482.5,44.0,0.6,0,0,0,7.899,0
2021-07-03 00:00:00,2021,7,5,0,20360.0,1202.4,52.2,20.6,2.44,521.0,122.9,24.481,0.1611,36.942,7.899,5.083,7.294,7.584,20846.0,6.891,3.835,,28716.0,-30.7,-35.0,4.4,0,0,0,4.223,0
2021-07-03 01:00:00,2021,7,5,1,20646.0,1217.1,48.6,16.1,2.07,537.0,121.1,25.128,0.1653,45.006,4.223,11.276,,6.368,20727.0,5.881,3.799,19.02,28716.0,761.2,16.0,-3.8,0,0,0,5.217,0
2021-07-03 02:00:00,2021,7,5,2,19085.0,555.9,49.7,9.1,1.32,536.0,119.4,10.609,0.0698,34.39,5.217,10.479,4.895,6.57,22275.0,,3.831,17.5,28716.0,-1254.4,-1.0,-1.1,0,0,0,3.685,0
2021-07-03 03:00:00,2021,7,5,3,18507.0,1243.4,49.0,15.0,1.66,522.0,121.6,23.013,0.1514,42.441,3.685,,4.538,14.451,19817.0,4.762,3.834,,28716.0,761.8,-14.0,-0.2,0,0,0,4.41,0
2021-07-03 04:00:00,2021,7,5,4,18785.0,1194.2,46.0,18.0,1.93,509.0,122.3,22.434,0.1476,36.039,,3.14,4.007,,20168.0,4.872,3.841,16.27,28716.0,-427.4,-13.0,-2.5,0,0,0,3.801,0
2021-07-03 05:00:00,2021,7,5,5,19196.0,,44.1,1.4,1.87,449.0,118.3,10.031,0.066,84.99,3.801,7.899,4.04,18.733,18795.0,5.083,3.834,13.37,28716.0,-1134.5,-60.0,-7.3,1,0,0,9.16,0
2021-07-03 06:00:00,2021,7,5,6,,469.0,49.3,5.5,1.83,423.0,118.5,8.839,0.0582,68.555,9.16,4.223,4.081,15.392,20610.0,5.588,3.789,10.85,28716.0,-733.4,-26.0,-1.1,1,0,0,7.254,0
2021-07-03 07:00:00,2021,7,5,7,17767.0,1821.0,45.7,16.3,1.56,417.0,117.6,,0.2128,297.12,7.254,5.217,16.04,7.725,22110.0,9.658,5.727,10.88,28716.0,603.9,-6.0,-3.0,1,0,0,29.639,1
2021-07-03 08:00:00,2021,7,5,8,17045.0,480.7,45.5,7.3,1.08,402.0,114.9,8.193,0.0539,173.51,29.639,3.685,,26.726,19342.0,11.812,5.981,10.58,28716.0,-75.2,-15.0,-3.6,1,0,0,16.605,0
2021-07-03 09:00:00,2021,7,5,9,17155.0,529.0,47.1,8.3,0.4,437.0,114.7,,0.0597,47.063,16.605,4.41,8.191,6.623,18290.0,11.832,6.024,9.47,28716.0,-714.4,35.0,-2.9,1,0,0,4.533,0
2021-07-03 10:00:00,2021,7,5,10,17207.0,510.6,45.8,0.0,0.26,402.0,116.2,8.786,0.0578,137.832,4.533,3.801,6.069,18.426,18506.0,13.418,,6.47,28716.0,-683.6,-35.0,-4.5,1,0,0,13.316,0
2021-07-03 11:00:00,2021,7,5,11,16226.0,1148.6,45.8,8.4,0.23,362.0,116.3,18.637,0.1226,103.302,13.316,9.16,4.714,5.464,17989.0,13.46,6.07,7.63,28716.0,626.0,-40.0,,0,0,0,9.411,0
2021-07-03 12:00:00,2021,7,5,12,18500.0,1122.9,47.8,8.2,0.33,391.0,,20.774,0.1367,107.153,9.411,7.254,4.714,6.554,17564.0,14.106,6.043,8.08,28716.0,653.9,29.0,-2.2,0,0,0,11.13,0
2021-07-03 13:00:00,2021,7,5,13,17706.0,1212.5,47.9,12.6,0.67,,121.0,21.469,0.1412,67.225,11.13,29.639,4.718,7.559,18828.0,10.28,6.001,,28716.0,-608.5,-2.0,-3.8,0,0,0,6.683,0
2021-07-03 14:00:00,2021,7,5,14,19009.0,1228.9,45.9,13.7,0.88,402.0,120.9,23.359,0.1537,,6.683,16.605,8.141,5.211,19535.0,8.542,6.022,,28716.0,748.2,13.0,-4.3,0,0,0,6.179,0
2021-07-03 15:00:00,2021,7,5,15,18334.0,563.7,48.2,5.3,1.04,404.0,119.0,10.335,0.068,59.725,6.179,4.533,4.03,16.012,19413.0,8.811,5.967,8.03,28716.0,34.7,2.0,-3.7,0,0,0,6.148,0
2021-07-03 16:00:00,2021,7,5,16,18568.0,1337.5,48.2,7.1,1.17,395.0,119.6,24.834,0.1634,144.545,6.148,13.316,17.651,5.663,18800.0,9.103,5.821,9.22,28716.0,,-9.0,-0.9,0,0,0,15.069,0
2021-07-03 17:00:00,2021,7,5,17,18734.0,,48.2,8.0,1.21,398.0,114.6,10.099,0.0664,34.72,15.069,9.411,8.152,7.765,19944.0,8.143,5.908,9.15,28716.0,-609.5,3.0,1.4,0,0,0,3.652,0
2021-07-03 18:00:00,2021,7,5,18,17482.0,1916.2,47.7,22.9,1.43,402.0,115.0,33.5,0.2204,54.903,3.652,11.13,5.083,21.483,19318.0,,5.901,11.6,28716.0,793.3,4.0,-0.2,0,0,0,5.389,0
2021-07-03 19:00:00,2021,7,5,19,18852.0,504.4,50.7,6.0,1.0,444.0,117.2,9.509,0.0626,39.916,5.389,6.683,11.276,8.813,20101.0,6.777,5.929,10.5,28716.0,-708.1,,2.2,0,0,0,4.225,0
2021-07-03 20:00:00,2021,7,5,20,18660.0,533.9,49.4,13.4,0.78,401.0,117.5,9.963,0.0655,35.154,4.225,6.179,10.479,24.493,19763.0,6.361,5.975,10.45,28716.0,-695.0,-43.0,0.2,0,0,0,3.683,0
2021-07-03 21:00:00,2021,7,5,21,19817.0,1419.0,48.7,17.6,,441.0,114.7,28.12,0.185,48.129,3.683,6.148,4.329,10.555,18683.0,6.229,5.952,12.5,28716.0,855.3,40.0,,0,0,0,5.355,0
2021-07-03 22:00:00,2021,7,5,22,18865.0,,51.0,7.7,0.46,,120.0,10.085,0.0663,35.565,5.355,15.069,3.14,8.885,20496.0,4.345,5.932,12.6,28716.0,-802.9,-11.0,2.4,0,0,0,3.767,0
2021-07-03 23:00:00,2021,7,5,23,18783.0,1392.3,48.7,20.3,1.13,422.0,112.4,26.152,0.1721,,3.767,3.652,7.899,14.938,20414.0,4.322,6.0,14.65,28716.0,853.2,-8.0,0.0,0,0,0,3.515,0
2021-07-04 00:00:00,2021,7,6,0,18348.0,1407.6,49.1,16.9,1.06,403.0,121.4,25.827,0.1699,44.556,3.515,5.389,4.223,7.294,20360.0,4.189,5.991,13.65,28716.0,,-19.0,-3.1,0,0,0,4.59,0
2021-07-04 01:00:00,2021,7,6,1,19804.0,1982.6,48.6,24.0,,377.0,123.8,39.264,0.2583,55.112,4.59,4.225,5.217,9.752,20646.0,,5.977,16.65,28716.0,1478.2,-26.0,0.0,0,0,0,6.128,0
2021-07-04 02:00:00,2021,7,6,2,19881.0,492.6,,17.6,0.99,358.0,120.5,9.793,0.0644,30.997,6.128,3.683,3.685,4.895,19085.0,4.469,5.984,17.35,28716.0,-41.3,-19.0,-3.1,0,0,0,3.46,0
2021-07-04 03:00:00,2021,7,6,3,20133.0,1525.6,49.8,17.4,1.41,364.0,120.1,30.715,0.2021,64.35,3.46,5.355,4.41,4.538,18507.0,4.789,5.942,17.32,28716.0,106.6,6.0,0.8,0,0,0,7.274,0
2021-07-04 04:00:00,2021,7,6,4,20833.0,1484.3,50.6,12.4,0.79,347.0,125.3,30.922,0.2034,112.321,7.274,3.767,3.801,4.007,18785.0,6.351,5.967,18.1,28716.0,949.7,-17.0,4.6,0,0,0,13.138,0
2021-07-04 05:00:00,2021,7,6,5,21844.0,495.1,,1.8,0.5,336.0,126.0,10.815,0.0711,77.998,13.138,3.515,9.16,4.04,19196.0,7.359,5.97,15.02,28716.0,-897.2,-11.0,5.7,0,0,0,9.566,0
2021-07-04 06:00:00,2021,7,6,6,22408.0,1456.2,55.3,17.7,1.15,396.0,126.5,32.632,0.2147,63.078,9.566,4.59,7.254,4.081,18846.0,7.917,5.966,15.15,28716.0,48.6,60.0,6.0,0,0,0,7.936,0
2021-07-04 07:00:00,2021,7,6,7,22097.0,1998.5,49.1,25.0,1.0,367.0,135.7,44.161,0.2905,79.345,7.936,6.128,29.639,16.04,17767.0,8.536,3.908,15.32,28716.0,15.9,-29.0,3.4,0,0,0,9.844,0
2021-07-04 08:00:00,2021,7,6,8,,1407.4,51.0,20.3,1.05,332.0,135.6,30.057,0.1977,33.185,9.844,3.46,16.605,4.71,17045.0,8.623,3.457,15.77,28716.0,914.8,,,0,0,0,3.979,0
2021-07-04 09:00:00,2021,7,6,9,20205.0,2176.9,51.5,37.0,,370.0,133.6,43.983,0.2894,36.053,3.979,7.274,4.533,8.191,17155.0,8.092,3.471,,28716.0,651.3,38.0,4.4,0,0,0,4.09,0
2021-07-04 10:00:00,2021,7,6,10,20904.0,1377.5,54.8,21.6,1.56,403.0,142.5,28.796,,33.127,4.09,13.138,,6.069,17207.0,6.55,3.25,20.57,28716.0,-106.8,33.0,9.0,0,0,0,3.888,0
2021-07-04 11:00:00,2021,7,6,11,20996.0,1395.9,54.0,11.6,2.16,411.0,139.0,29.309,0.1928,99.25,3.888,9.566,9.411,4.714,16226.0,6.906,3.368,22.2,28716.0,900.8,8.0,8.2,0,0,0,11.7,0
2021-07-04 12:00:00,2021,7,6,12,,2120.2,53.5,34.6,,363.0,137.3,42.289,0.2782,27.556,11.7,7.936,11.13,4.714,18500.0,6.098,3.305,25.02,,664.0,-48.0,5.7,0,0,0,3.086,0
2021-07-04 13:00:00,2021,7,6,13,20261.0,523.6,50.6,5.7,1.64,310.0,136.6,,0.0698,72.655,3.086,9.844,6.683,4.718,17706.0,5.835,,21.8,28716.0,-1474.9,-53.0,2.7,1,0,0,8.265,0
2021-07-04 14:00:00,2021,7,6,14,18948.0,1414.2,50.9,14.2,0.73,300.0,133.8,26.795,0.1763,64.652,8.265,3.979,6.179,8.141,19009.0,6.318,3.329,20.78,28716.0,6.8,-10.0,5.0,1,0,0,6.878,0
2021-07-04 15:00:00,2021,7,6,15,19698.0,1341.9,53.1,23.7,1.15,311.0,130.1,26.432,0.1739,102.165,6.878,4.09,6.148,4.03,18334.0,7.519,3.472,18.57,28716.0,-835.0,11.0,4.9,1,0,0,11.299,0
2021-07-04 16:00:00,2021,7,6,16,,2071.4,51.1,24.9,0.6,273.0,127.4,37.817,0.2488,131.847,11.299,3.888,15.069,17.651,18568.0,9.124,3.32,19.12,28463.0,693.9,-38.0,2.9,1,0,0,13.515,0
2021-07-04 17:00:00,2021,7,6,17,,,50.1,23.4,0.28,,132.6,,0.2488,160.689,13.515,11.7,3.652,8.152,18734.0,9.998,3.871,21.08,28463.0,617.7,-13.0,1.9,1,0,0,16.947,0
2021-07-04 18:00:00,2021,7,6,18,18975.0,551.6,50.9,2.1,0.2,241.0,129.2,10.467,0.0689,163.155,16.947,3.086,5.389,5.083,17482.0,12.381,4.376,15.67,28463.0,-1568.6,-19.0,3.2,1,0,0,17.382,0
2021-07-04 19:00:00,2021,7,6,19,20198.0,1281.6,50.9,12.6,0.72,236.0,126.3,25.886,0.1703,71.303,17.382,8.265,4.225,11.276,18852.0,12.351,4.315,16.82,28463.0,758.0,-5.0,0.2,0,0,0,8.086,0
2021-07-04 20:00:00,2021,7,6,20,21210.0,523.6,48.4,5.7,0.45,247.0,131.2,11.105,0.0731,39.056,8.086,6.878,3.683,10.479,18660.0,11.98,4.279,15.4,28463.0,-890.6,11.0,-1.0,0,0,0,4.651,0
2021-07-04 21:00:00,2021,7,6,21,20641.0,1400.4,48.1,20.0,,305.0,132.5,28.906,0.1902,27.422,4.651,11.299,5.355,4.329,19817.0,10.627,4.356,14.78,28463.0,58.5,58.0,-0.6,0,0,0,3.178,0
2021-07-04 22:00:00,2021,7,6,22,,1352.9,49.2,19.7,1.25,276.0,127.0,29.64,0.195,29.29,3.178,13.515,3.767,3.14,,8.974,4.363,13.92,28463.0,-718.5,-29.0,-1.8,0,0,0,3.603,0
2021-07-04 23:00:00,2021,7,6,23,20500.0,573.6,50.5,,1.17,294.0,126.8,11.76,0.0774,101.391,3.603,16.947,3.515,7.899,18783.0,8.095,4.336,10.02,28463.0,-1440.0,18.0,1.8,0,0,0,11.67,0
2021-07-05 00:00:00,2021,7,0,0,20592.0,,51.4,28.7,0.5,310.0,127.0,38.551,0.2536,,11.67,17.382,4.59,4.223,18348.0,5.846,4.363,14.45,28463.0,1320.5,16.0,2.3,0,0,0,3.891,0
2021-07-05 01:00:00,2021,7,0,1,20888.0,1390.7,52.1,17.8,,338.0,130.4,29.048,0.1911,45.934,3.891,8.086,6.128,5.217,19804.0,5.397,4.38,15.32,,109.1,28.0,3.5,0,0,0,5.387,0
2021-07-05 02:00:00,2021,7,0,2,19708.0,1432.0,54.0,21.3,1.07,322.0,133.2,28.221,0.1857,36.917,,4.651,3.46,3.685,19881.0,5.302,4.354,17.92,28463.0,908.4,-16.0,7.4,0,0,0,4.085,0
2021-07-05 03:00:00,2021,7,0,3,18822.0,,51.6,23.3,1.7,328.0,132.2,36.059,0.2372,49.329,4.085,3.178,7.274,,20133.0,5.642,4.39,18.47,28433.0,515.4,6.0,1.8,0,0,0,5.213,0
2021-07-05 04:00:00,2021,7,0,4,19083.0,1366.8,54.6,22.9,1.29,355.0,133.7,26.082,0.1716,42.0,5.213,3.603,13.138,3.801,20833.0,5.791,4.301,19.0,28433.0,13.9,,4.0,0,0,0,4.5,0
2021-07-05 05:00:00,2021,7,0,5,18666.0,1395.4,51.8,18.5,1.04,358.0,135.3,26.046,0.1714,50.934,4.5,11.67,9.566,9.16,21844.0,4.736,4.304,22.08,28433.0,821.8,3.0,2.0,0,0,0,5.338,0
2021-07-05 06:00:00,2021,7,0,6,17543.0,536.2,55.4,13.7,0.43,298.0,133.7,9.406,0.0619,47.87,5.338,3.891,7.936,7.254,22408.0,4.873,,19.58,28158.0,-1335.9,-60.0,0.1,0,0,0,4.715,0
2021-07-05 07:00:00,2021,7,0,7,18200.0,554.6,51.8,0.0,0.68,322.0,,10.093,0.0664,115.036,4.715,5.387,9.844,29.639,22097.0,5.934,4.403,16.62,28158.0,-836.1,24.0,2.7,0,0,0,11.755,0
2021-07-05 08:00:00,2021,7,0,8,18057.0,605.9,51.4,8.2,0.86,300.0,131.7,10.941,0.072,41.654,11.755,,3.979,16.605,21356.0,5.957,4.395,,28158.0,-826.1,-22.0,0.4,0,0,0,4.223,0
2021-07-05 09:00:00,2021,7,0,9,19977.0,547.5,52.4,10.0,1.37,336.0,134.6,10.938,0.072,36.652,4.223,5.213,4.09,4.533,20205.0,5.774,4.395,12.22,26951.0,-1368.3,36.0,0.9,0,0,0,4.111,0
2021-07-05 10:00:00,2021,7,0,10,19560.0,575.2,51.4,15.1,1.35,345.0,138.7,11.25,0.074,29.94,4.111,4.5,3.888,13.316,20904.0,5.572,4.417,10.92,26951.0,-791.6,9.0,-3.4,0,0,0,3.288,0
2021-07-05 11:00:00,2021,7,0,11,19389.0,1266.0,,21.2,2.1,380.0,139.8,24.546,0.1615,39.041,3.288,5.338,11.7,9.411,20996.0,5.39,,11.37,26951.0,-129.4,35.0,-3.0,0,0,0,4.25,0
2021-07-05 12:00:00,2021,7,0,12,19575.0,1221.0,53.3,18.1,2.0,294.0,141.5,23.901,0.1572,34.093,4.25,,3.086,11.13,19946.0,5.229,,12.1,26951.0,684.8,-86.0,,0,0,0,3.747,0
2021-07-05 13:00:00,2021,7,0,13,18053.0,670.7,54.5,6.8,0.95,287.0,140.1,12.108,0.0797,46.567,3.747,11.755,8.265,6.683,20261.0,4.056,4.355,13.23,26951.0,116.1,-7.0,3.9,0,0,0,4.72,0
2021-07-05 14:00:00,2021,7,0,14,18614.0,1284.5,53.8,11.0,0.8,363.0,142.9,23.91,0.1573,85.542,4.72,4.223,6.878,6.179,18948.0,4.843,4.374,13.7,26364.0,678.6,76.0,2.9,0,0,0,8.94,0
2021-07-05 15:00:00,2021,7,0,15,18881.0,2190.1,51.4,,0.37,321.0,143.3,41.351,0.272,35.384,8.94,4.111,11.299,6.148,19698.0,4.783,4.324,16.52,26364.0,1642.6,-42.0,-1.7,0,0,0,3.751,0
2021-07-05 16:00:00,2021,7,0,16,21226.0,645.0,53.9,8.1,0.54,296.0,142.0,13.69,0.0901,34.789,3.751,3.288,13.515,15.069,18257.0,4.926,4.1,15.35,26364.0,69.8,-25.0,2.8,0,0,0,4.146,0
2021-07-05 17:00:00,2021,7,0,17,21670.0,1193.3,51.6,14.3,0.2,335.0,143.4,25.859,0.1701,59.103,4.146,4.25,16.947,3.652,18784.0,5.416,3.429,14.2,26364.0,-72.7,39.0,1.5,0,0,0,7.191,0
2021-07-05 18:00:00,2021,7,0,18,20979.0,614.7,49.7,2.1,0.2,326.0,138.4,12.896,,86.418,7.191,3.747,17.382,5.389,18975.0,6.488,2.594,11.53,26364.0,-606.3,-9.0,-1.2,0,0,0,10.179,0
2021-07-05 19:00:00,2021,7,0,19,20271.0,1256.1,51.6,16.1,0.58,341.0,136.1,25.462,0.1675,36.129,10.179,4.72,8.086,4.225,20198.0,6.387,2.556,13.08,26364.0,585.4,15.0,0.7,0,0,0,4.112,0
2021-07-05 20:00:00,2021,7,0,20,20409.0,1269.5,51.0,18.9,0.56,343.0,135.0,25.91,0.1705,17.035,4.112,8.94,4.651,3.683,21210.0,,2.65,14.4,26364.0,-15.0,2.0,2.6,0,0,0,1.952,0
2021-07-05 21:00:00,2021,7,0,21,20954.0,595.8,50.2,0.7,,315.0,131.3,12.484,0.0821,90.907,1.952,3.751,3.178,5.355,20641.0,6.379,2.823,10.03,26364.0,-1594.3,-28.0,2.1,0,0,0,10.695,0
2021-07-05 22:00:00,2021,7,0,22,21023.0,590.5,49.9,6.8,0.71,356.0,127.8,12.415,0.0817,39.556,10.695,4.146,3.603,,21909.0,6.466,2.798,9.82,26364.0,-54.5,41.0,0.7,0,0,0,4.669,0
2021-07-05 23:00:00,2021,7,0,23,21788.0,1833.9,48.0,19.6,1.05,328.0,123.1,39.957,0.2629,89.095,4.669,7.191,11.67,3.515,20500.0,7.084,2.73,10.7,26364.0,640.6,-28.0,-2.5,0,0,0,10.899,0
2021-07-06 00:00:00,2021,7,1,0,21621.0,558.0,51.6,0.1,1.6,319.0,121.3,12.064,0.0794,90.854,10.899,10.179,3.891,,20592.0,7.226,2.912,10.37,26364.0,-56.7,-9.0,0.2,0,0,0,11.029,0
2021-07-06 01:00:00,2021,7,1,1,22015.0,1243.2,50.5,15.3,1.22,354.0,124.3,27.371,0.1801,44.432,11.029,4.112,,6.128,20888.0,7.456,2.911,10.23,,-12.9,35.0,-1.6,0,0,0,5.492,0
2021-07-06 02:00:00,2021,7,1,2,22479.0,1239.4,46.9,22.9,1.08,,128.9,,0.1833,14.024,5.492,1.952,4.085,3.46,19708.0,7.426,3.012,10.9,26364.0,-30.1,-13.0,-7.1,0,0,0,1.77,0
2021-07-06 03:00:00,2021,7,1,3,22892.0,571.6,50.4,0.0,1.71,354.0,133.4,13.085,0.0861,88.533,1.77,10.695,5.213,7.274,,7.54,3.211,10.78,26364.0,-24.2,13.0,-1.2,0,0,0,11.379,0
2021-07-06 04:00:00,2021,7,1,4,22203.0,1284.1,50.2,30.1,1.53,323.0,131.3,28.511,0.1876,,11.379,4.669,,13.138,19083.0,7.19,3.277,14.67,26364.0,693.6,-31.0,-4.4,0,0,0,2.573,0
2021-07-06 05:00:00,2021,7,1,5,24743.0,1265.7,51.2,20.0,1.97,360.0,135.9,31.317,0.206,27.454,2.573,10.899,5.338,9.566,18666.0,6.009,3.305,14.73,26364.0,-568.2,37.0,-0.6,0,0,0,3.814,0
2021-07-06 06:00:00,2021,7,1,6,23856.0,592.0,52.2,10.0,1.73,373.0,136.3,14.122,0.0929,21.562,3.814,11.029,4.715,7.936,17543.0,4.653,,16.38,26364.0,34.0,13.0,-3.2,0,0,0,2.888,0
2021-07-06 07:00:00,2021,7,1,7,23553.0,2204.9,51.4,31.9,,385.0,136.4,51.933,0.3417,68.111,2.888,5.492,11.755,9.844,18200.0,5.238,3.191,19.15,26364.0,961.7,12.0,-0.4,1,0,0,9.007,0
2021-07-06 08:00:00,2021,7,1,8,23532.0,1213.6,,24.1,2.34,440.0,136.8,28.559,0.1879,189.506,9.007,1.77,4.223,3.979,18057.0,9.116,5.041,,26364.0,-25.8,55.0,-2.9,1,0,0,25.038,1
2021-07-06 09:00:00,2021,7,1,9,24432.0,1318.3,49.3,14.1,1.91,463.0,139.2,32.21,0.2119,117.776,,,4.111,4.09,19977.0,9.913,5.366,21.7,26364.0,746.7,23.0,-3.1,1,0,0,16.156,0
2021-07-06 10:00:00,2021,7,1,10,25836.0,584.5,47.5,9.9,1.92,431.0,140.9,15.102,0.0994,55.626,16.156,2.573,3.288,3.888,19560.0,10.829,5.304,18.33,,-699.6,-32.0,-3.9,1,0,0,8.069,0
2021-07-06 11:00:00,2021,7,1,11,24978.0,565.9,49.4,5.8,1.41,469.0,140.4,14.135,0.093,126.839,8.069,3.814,4.25,11.7,19389.0,13.158,5.667,15.97,26364.0,-699.8,38.0,-1.6,1,0,0,17.788,0
2021-07-06 12:00:00,2021,7,1,12,25997.0,1368.7,44.6,17.6,1.46,433.0,139.3,35.581,0.2341,123.498,17.788,2.888,3.747,3.086,19575.0,15.681,5.953,17.23,26364.0,776.7,,,1,0,0,18.026,1
2021-07-06 13:00:00,2021,7,1,13,25941.0,1317.7,46.5,20.0,1.16,467.0,138.1,34.183,0.2249,36.87,18.026,9.007,4.72,8.265,18053.0,15.074,5.936,,26364.0,-887.2,34.0,-8.0,0,0,0,5.37,0
2021-07-06 14:00:00,2021,7,1,14,24855.0,,47.8,17.0,0.2,462.0,141.4,14.736,0.0969,15.127,5.37,25.038,8.94,6.878,18614.0,11.253,6.078,14.07,26364.0,-620.7,-5.0,-6.0,0,0,0,2.111,0
2021-07-06 15:00:00,2021,7,1,15,25150.0,1298.6,49.1,15.2,0.23,423.0,140.4,32.659,0.2149,62.582,2.111,16.156,3.751,11.299,18881.0,10.034,6.003,14.25,26364.0,-19.7,-39.0,-2.3,0,0,0,8.837,0
2021-07-06 16:00:00,2021,7,1,16,25806.0,1290.1,50.4,17.1,0.64,425.0,134.7,33.292,0.219,49.748,8.837,8.069,4.146,13.515,21226.0,9.89,5.939,15.45,,705.6,2.0,-3.5,0,0,0,7.208,0
2021-07-06 17:00:00,2021,7,1,17,25798.0,636.7,52.3,5.8,0.24,394.0,135.5,16.426,0.1081,52.27,7.208,17.788,7.191,16.947,21670.0,8.187,5.936,15.45,26364.0,70.8,-31.0,0.7,0,0,0,7.571,0
2021-07-06 18:00:00,2021,7,1,18,26636.0,1358.7,,24.3,,443.0,,36.191,0.2381,10.619,7.571,18.026,10.179,17.382,20979.0,5.448,6.094,16.57,26636.0,-10.0,49.0,0.3,0,0,0,1.588,0
2021-07-06 19:00:00,2021,7,1,19,26388.0,1367.8,50.7,26.9,1.26,427.0,138.0,36.094,0.2375,11.893,1.588,5.37,4.112,8.086,20271.0,,6.182,17.72,26636.0,50.1,-16.0,-0.9,0,0,0,1.762,0
2021-07-06 20:00:00,2021,7,1,20,26807.0,1385.2,50.9,28.8,1.68,426.0,135.8,37.133,0.2443,,1.762,2.111,1.952,4.651,20409.0,4.848,6.174,19.68,26807.0,792.3,-1.0,-0.1,0,0,0,2.124,0
2021-07-06 21:00:00,2021,7,1,21,26438.0,1415.2,51.4,22.4,1.84,459.0,135.2,37.416,,38.204,2.124,8.837,10.695,3.178,,,6.17,20.88,26807.0,116.6,33.0,1.2,0,0,0,5.671,0
2021-07-06 22:00:00,2021,7,1,22,25906.0,1453.3,54.4,28.5,2.01,472.0,132.5,37.648,0.2477,23.224,5.671,7.208,4.669,3.603,,3.682,6.205,22.78,26807.0,163.2,13.0,4.5,0,0,0,3.378,0
2021-07-06 23:00:00,2021,7,1,23,27266.0,1889.8,56.2,38.3,1.74,480.0,137.0,51.529,0.339,28.324,3.378,7.571,10.899,11.67,21788.0,3.143,6.212,28.2,27266.0,1253.1,8.0,8.2,0,0,0,4.336,0
2021-07-07 00:00:00,2021,7,2,0,26702.0,1782.3,57.5,32.5,,449.0,137.2,47.591,0.3131,31.703,4.336,1.588,11.029,3.891,21621.0,3.671,6.194,29.57,27266.0,423.6,-31.0,5.9,0,0,0,4.753,0
2021-07-07 01:00:00,2021,7,2,1,26758.0,1345.2,58.4,24.0,,465.0,133.2,35.994,0.2368,21.653,4.753,1.762,5.492,5.387,22015.0,3.919,6.24,29.08,27266.0,-22.6,,7.9,0,0,0,3.253,0
2021-07-07 02:00:00,2021,7,2,2,26038.0,1371.3,55.5,18.8,2.73,406.0,126.0,35.707,0.2349,66.925,3.253,2.124,1.77,4.085,22479.0,5.196,6.147,27.42,27266.0,-13.9,-59.0,8.6,0,0,0,9.784,0
2021-07-07 03:00:00,2021,7,2,3,28203.0,1798.8,55.8,32.5,2.97,386.0,124.9,50.73,0.3337,30.572,9.784,5.671,11.379,5.213,22892.0,5.058,6.117,,28203.0,383.6,-20.0,5.4,0,0,0,4.841,0
2021-07-07 04:00:00,2021,7,2,4,26831.0,1846.5,57.1,28.8,2.81,388.0,121.9,49.544,0.3259,53.537,,3.378,2.573,4.5,22203.0,5.839,6.034,29.15,28203.0,393.2,2.0,6.9,0,0,0,8.065,0
2021-07-07 05:00:00,2021,7,2,5,,679.8,54.7,0.0,2.92,390.0,115.4,17.767,0.1169,102.186,8.065,4.336,3.814,5.338,24743.0,7.615,6.162,22.77,28203.0,-1210.0,2.0,3.5,0,0,0,14.995,0
2021-07-07 06:00:00,2021,7,2,6,24602.0,630.8,56.9,14.6,2.71,381.0,115.8,15.518,0.1021,20.177,14.995,4.753,2.888,4.715,23856.0,7.288,6.166,,28203.0,-1151.5,-9.0,4.7,0,0,0,2.787,0
2021-07-07 07:00:00,2021,7,2,7,25871.0,1226.0,59.0,16.0,1.87,419.0,112.5,31.718,0.2087,52.893,2.787,3.253,9.007,11.755,23553.0,8.026,6.162,18.45,28203.0,-119.2,38.0,7.6,0,0,0,7.683,0
2021-07-07 08:00:00,2021,7,2,8,24579.0,2036.2,56.3,37.2,2.18,432.0,106.7,50.048,0.3293,16.529,7.683,9.784,,4.223,23532.0,6.775,5.077,,28203.0,664.9,13.0,7.8,0,0,0,2.281,0
2021-07-07 09:00:00,2021,7,2,9,24185.0,2130.2,58.7,38.0,2.73,474.0,,51.519,0.3389,17.498,2.281,4.841,16.156,4.111,,6.365,4.768,22.43,28203.0,331.4,42.0,9.4,0,0,0,2.376,0
2021-07-07 10:00:00,2021,7,2,10,22309.0,2263.6,56.6,32.0,2.6,454.0,108.6,50.498,0.3322,38.09,2.376,8.065,8.069,3.288,25836.0,5.816,4.767,22.97,28203.0,417.1,-20.0,9.1,0,0,0,4.771,0
2021-07-07 11:00:00,2021,7,2,11,,686.3,57.0,3.5,2.38,452.0,109.7,15.429,0.1015,83.67,4.771,14.995,17.788,4.25,24978.0,,4.205,23.55,28203.0,6.5,-2.0,7.6,0,0,0,10.561,0
2021-07-07 12:00:00,2021,7,2,12,22169.0,2103.6,57.0,27.9,2.63,445.0,111.5,46.635,0.3068,60.633,10.561,2.787,18.026,3.747,25997.0,5.87,3.362,25.77,28203.0,1472.8,-7.0,,0,0,0,7.547,0
2021-07-07 13:00:00,2021,7,2,13,21263.0,665.2,56.5,11.2,2.41,457.0,113.3,14.145,0.0931,,7.547,7.683,5.37,4.72,25941.0,5.19,3.386,24.97,28203.0,-560.8,12.0,10.0,0,0,0,3.606,0
2021-07-07 14:00:00,2021,7,2,14,22242.0,1107.0,52.4,23.9,2.38,478.0,115.2,24.622,,29.444,3.606,,2.111,8.94,24855.0,5.423,3.333,22.75,28203.0,-929.2,21.0,4.6,0,0,0,3.677,0
2021-07-07 15:00:00,2021,7,2,15,20974.0,1109.1,57.1,,2.51,472.0,119.0,23.262,0.153,26.24,3.677,2.376,8.837,3.751,25150.0,5.542,3.293,18.9,28203.0,,-6.0,8.0,0,0,0,3.09,0
2021-07-07 16:00:00,2021,7,2,16,22025.0,1068.9,55.7,11.3,,505.0,,,0.1549,70.386,3.09,,7.208,4.146,25806.0,6.198,3.344,15.45,28203.0,-1194.7,33.0,5.3,0,0,0,8.704,0
2021-07-07 17:00:00,2021,7,2,17,21201.0,1092.5,54.2,10.6,3.2,535.0,119.6,23.161,0.1524,88.235,8.704,10.561,7.571,7.191,25798.0,6.188,3.478,16.63,28203.0,406.2,30.0,,1,0,0,10.503,0
2021-07-07 18:00:00,2021,7,2,18,22410.0,656.8,54.5,12.8,3.1,545.0,126.1,14.718,0.0968,179.904,10.503,7.547,1.588,10.179,26636.0,,4.836,14.12,28203.0,-1446.8,10.0,4.5,1,0,0,22.636,1
2021-07-07 19:00:00,2021,7,2,19,23249.0,646.9,54.5,16.7,2.87,545.0,122.5,15.039,0.0989,50.6,22.636,3.606,1.762,4.112,26388.0,9.202,4.735,15.03,28203.0,-18.3,0.0,3.8,1,0,0,6.605,0
2021-07-07 20:00:00,2021,7,2,20,21991.0,2100.2,53.4,27.0,3.3,575.0,118.5,46.186,0.3039,,6.605,3.677,2.124,1.952,26807.0,13.34,6.417,15.55,28203.0,993.2,30.0,2.5,1,0,0,28.501,1
2021-07-07 21:00:00,2021,7,2,21,,658.9,55.0,,3.4,571.0,121.7,14.342,0.0944,117.083,28.501,3.09,5.671,10.695,26438.0,15.21,6.54,14.1,28203.0,,-4.0,3.6,1,0,0,14.309,0
2021-07-07 22:00:00,2021,7,2,22,21765.0,1085.9,56.9,15.4,4.18,600.0,127.1,23.634,0.1555,97.38,14.309,8.704,3.378,4.669,25906.0,15.742,6.507,14.78,28203.0,17.0,29.0,2.5,1,0,0,11.9,0
2021-07-07 23:00:00,2021,7,2,23,21745.0,621.9,52.6,2.3,3.69,503.0,125.7,13.524,0.089,69.285,11.9,10.503,4.336,10.899,27266.0,15.402,6.449,13.4,28203.0,,-97.0,-3.6,0,0,0,8.459,0
2021-07-08 00:00:00,2021,7,3,0,21351.0,641.3,56.3,,3.52,524.0,,13.692,0.0901,75.177,8.459,22.636,4.753,11.029,26702.0,13.131,6.398,11.72,28203.0,-15.5,21.0,-1.2,0,0,0,9.012,0
2021-07-08 01:00:00,2021,7,3,1,22963.0,610.0,54.6,6.0,2.99,500.0,126.8,14.006,0.0921,49.795,9.012,6.605,,5.492,26758.0,13.1,6.312,9.93,28203.0,-36.9,-24.0,-3.8,0,0,0,6.42,0
2021-07-08 02:00:00,2021,7,3,2,22919.0,1158.1,55.5,14.2,3.07,441.0,128.5,26.543,0.1746,42.306,6.42,28.501,9.784,1.77,,9.257,6.347,7.8,28203.0,-942.1,-59.0,0.0,0,0,0,5.444,0
2021-07-08 03:00:00,2021,7,3,3,22506.0,1198.3,52.0,17.2,1.87,,122.3,26.968,0.1774,24.319,5.444,14.309,4.841,11.379,28203.0,7.385,6.404,9.63,28203.0,539.4,28.0,-3.8,0,0,0,3.073,0
2021-07-08 04:00:00,2021,7,3,4,23527.0,552.6,53.8,15.8,2.45,504.0,117.8,13.0,0.0855,24.747,3.073,,8.065,2.573,26831.0,5.946,6.496,9.7,28203.0,-533.3,35.0,-3.3,0,0,0,3.269,0
2021-07-08 05:00:00,2021,7,3,5,24700.0,2170.4,52.9,34.1,2.53,470.0,119.9,53.609,0.3527,31.699,3.269,8.459,14.995,3.814,26136.0,5.269,6.39,15.0,28203.0,1548.5,-34.0,,0,0,0,4.396,0
2021-07-08 06:00:00,2021,7,3,6,23988.0,582.1,53.3,12.0,2.0,,121.5,13.963,0.0919,20.738,4.396,9.012,2.787,2.888,24602.0,4.233,6.389,16.55,28203.0,-59.2,-26.0,-3.6,0,0,0,2.793,0
2021-07-08 07:00:00,2021,7,3,7,23409.0,1162.1,56.8,18.6,3.38,455.0,117.2,27.203,0.179,22.574,2.793,6.42,7.683,9.007,25871.0,3.657,6.471,18.65,28203.0,552.1,11.0,-2.2,0,0,0,2.967,0
2021-07-08 08:00:00,2021,7,3,8,22066.0,552.7,56.0,12.1,3.43,395.0,115.2,12.196,0.0802,26.846,2.967,5.444,2.281,25.038,24579.0,3.304,6.436,18.3,28203.0,-605.4,-60.0,-0.3,0,0,0,3.326,0
2021-07-08 09:00:00,2021,7,3,9,21444.0,2275.4,54.6,39.5,2.77,363.0,117.4,48.796,0.321,31.022,3.326,3.073,2.376,16.156,,3.414,6.392,22.02,28203.0,1077.1,-32.0,-4.1,0,0,0,3.735,0
2021-07-08 10:00:00,2021,7,3,10,21560.0,535.5,57.1,19.6,3.18,395.0,117.0,11.545,0.076,30.169,3.735,3.269,4.771,8.069,22309.0,3.478,6.419,22.65,28203.0,-17.1,32.0,0.5,0,0,0,3.652,0
2021-07-08 11:00:00,2021,7,3,11,21517.0,1134.1,54.1,21.6,2.75,391.0,114.6,24.402,0.1605,50.203,3.652,4.396,10.561,17.788,22481.0,3.756,6.402,20.57,28203.0,-1036.3,-4.0,-2.9,0,0,0,6.065,0
2021-07-08 12:00:00,2021,7,3,12,22087.0,1122.1,54.3,20.2,2.92,435.0,115.7,24.784,0.1631,37.417,6.065,2.793,7.547,18.026,22169.0,4.064,6.432,21.93,28203.0,540.0,44.0,-2.7,0,0,0,4.64,0
2021-07-08 13:00:00,2021,7,3,13,22974.0,1163.7,50.5,9.5,3.24,447.0,117.1,26.736,0.1759,104.885,4.64,2.967,3.606,5.37,21263.0,5.824,6.487,20.42,,1.6,12.0,,0,0,0,13.529,0
2021-07-08 14:00:00,2021,7,3,14,21249.0,2211.2,52.5,33.5,3.82,470.0,116.3,46.987,0.3091,40.066,13.529,3.326,3.677,2.111,22242.0,6.067,6.459,23.98,28203.0,1658.5,23.0,0.1,0,0,0,4.78,0
2021-07-08 15:00:00,2021,7,3,15,21354.0,577.9,51.6,10.8,3.15,424.0,121.9,12.34,0.0812,28.308,4.78,3.735,3.09,8.837,20974.0,6.01,6.449,19.2,28203.0,-1697.5,,-5.5,0,0,0,3.394,0
2021-07-08 16:00:00,2021,7,3,16,,1122.7,53.6,17.1,3.1,459.0,121.3,24.316,0.16,55.392,3.394,3.652,8.704,7.208,22025.0,6.524,6.453,18.78,28203.0,587.2,35.0,-2.1,1,0,0,6.736,0
2021-07-08 17:00:00,2021,7,3,17,21459.0,1957.7,53.0,23.1,2.92,455.0,122.7,42.01,0.2764,190.358,6.736,6.065,10.503,7.571,21201.0,9.336,7.132,19.03,28203.0,823.6,-4.0,-1.2,1,0,0,22.935,1
2021-07-08 18:00:00,2021,7,3,18,22822.0,1857.5,54.5,24.9,3.16,502.0,123.7,42.393,,150.356,22.935,4.64,22.636,1.588,22410.0,11.773,6.869,,28203.0,735.4,47.0,0.0,1,0,0,19.266,1
2021-07-08 19:00:00,2021,7,3,19,24047.0,1128.6,54.1,19.2,,425.0,128.2,27.14,0.1785,,19.266,13.529,6.605,1.762,23249.0,,7.802,21.43,28203.0,-35.1,-77.0,-0.4,1,0,0,26.586,1
2021-07-08 20:00:00,2021,7,3,20,23344.0,1076.7,51.2,19.0,3.33,419.0,126.0,25.133,0.1654,115.75,26.586,4.78,28.501,2.124,21991.0,15.681,6.769,19.02,28203.0,-1134.5,-6.0,-2.2,1,0,0,15.171,0
2021-07-08 21:00:00,2021,7,3,21,24805.0,,,27.8,2.99,418.0,128.6,28.718,0.1889,68.751,15.171,,14.309,5.671,21767.0,16.712,6.663,21.85,28203.0,579.9,-1.0,,1,0,0,9.575,0
2021-07-08 22:00:00,2021,7,3,22,23888.0,1176.5,51.8,13.3,3.42,420.0,135.1,28.105,,127.534,9.575,6.736,11.9,3.378,21765.0,18.44,6.864,21.22,28203.0,53.8,2.0,-5.1,1,0,0,17.105,0
2021-07-08 23:00:00,2021,7,3,23,23506.0,1967.0,55.4,29.7,3.26,,135.2,46.236,0.3042,151.027,17.105,22.935,8.459,4.336,21745.0,17.939,7.243,22.32,28203.0,9.3,-40.0,2.8,1,0,0,19.932,1
2021-07-09 00:00:00,2021,7,4,0,23968.0,1953.9,54.7,18.8,3.61,375.0,134.3,46.83,0.3081,,19.932,19.266,,4.753,21351.0,18.068,7.581,21.3,28203.0,96.4,-5.0,-1.6,0,0,0,20.04,1
2021-07-09 01:00:00,2021,7,4,1,23154.0,1160.5,54.7,8.1,3.76,,135.2,26.87,0.1768,216.608,20.04,26.586,6.42,3.253,22963.0,18.33,8.443,19.45,28203.0,31.9,30.0,0.1,1,0,0,28.159,1
2021-07-09 02:00:00,2021,7,4,2,22747.0,1201.1,54.4,20.7,3.33,444.0,129.1,27.321,0.1797,74.361,28.159,15.171,5.444,9.784,22919.0,17.385,8.379,19.73,28203.0,124.4,39.0,-1.1,1,0,0,9.497,0
2021-07-09 03:00:00,2021,7,4,3,22694.0,1136.3,52.0,10.7,3.77,487.0,130.5,25.786,0.1696,118.783,9.497,9.575,3.073,4.841,22506.0,18.311,8.268,16.88,28203.0,-21.5,43.0,0.0,1,0,0,15.135,0
2021-07-09 04:00:00,2021,7,4,4,23182.0,603.7,54.3,1.5,3.34,504.0,129.1,13.994,0.0921,175.188,15.135,17.105,3.269,8.065,23527.0,19.261,8.422,14.92,,-572.8,17.0,0.5,1,0,0,22.802,1
2021-07-09 05:00:00,2021,7,4,5,24479.0,2116.9,56.4,29.1,4.06,543.0,127.8,51.82,0.3409,121.261,22.802,19.932,4.396,14.995,24700.0,18.716,8.317,14.82,28203.0,149.9,39.0,3.5,1,0,0,16.666,0
2021-07-09 06:00:00,2021,7,4,6,24316.0,1089.7,56.6,17.4,4.33,577.0,135.4,26.496,0.1743,74.998,16.666,20.04,2.793,2.787,23988.0,17.083,8.077,14.58,28203.0,-864.2,34.0,3.3,1,0,0,10.239,0
2021-07-09 07:00:00,2021,7,4,7,22449.0,565.7,57.0,8.5,3.75,562.0,140.1,12.699,0.0835,45.985,10.239,28.159,2.967,7.683,23409.0,13.356,7.948,14.65,28203.0,-594.8,-15.0,0.2,0,0,0,5.796,0
2021-07-09 08:00:00,2021,7,4,8,21998.0,1074.8,53.2,10.3,4.17,546.0,139.0,23.643,0.1555,95.337,5.796,9.497,3.326,2.281,22066.0,13.736,7.69,12.92,28203.0,-126.3,-16.0,-2.8,0,0,0,11.775,0
2021-07-09 09:00:00,2021,7,4,9,21938.0,501.1,54.4,12.3,4.04,557.0,141.9,10.994,0.0723,49.207,11.775,15.135,3.735,2.376,21444.0,12.223,7.579,13.18,28203.0,-635.2,11.0,-0.2,0,0,0,6.061,0
2021-07-09 10:00:00,2021,7,4,10,,544.4,54.7,8.1,4.2,559.0,143.6,12.111,0.0797,53.173,6.061,22.802,3.652,4.771,21560.0,9.53,7.436,14.28,28203.0,-59.3,2.0,-2.4,0,0,0,6.642,0
2021-07-09 11:00:00,2021,7,4,11,20675.0,1032.0,54.0,12.0,4.72,541.0,146.3,21.335,0.1404,77.239,6.642,16.666,6.065,10.561,21517.0,8.247,7.334,11.43,28203.0,-1084.9,-18.0,-0.1,0,0,0,8.966,0
2021-07-09 12:00:00,2021,7,4,12,21474.0,1016.9,56.8,14.0,4.64,539.0,147.2,21.837,0.1437,63.599,8.966,10.239,4.64,7.547,22087.0,7.818,7.199,10.87,28203.0,-72.8,-2.0,2.5,0,0,0,7.668,0
2021-07-09 13:00:00,2021,7,4,13,21984.0,1019.9,53.8,12.9,3.7,503.0,142.2,,0.1475,86.437,7.668,,,3.606,22974.0,8.63,7.225,11.6,28203.0,454.2,-36.0,3.3,0,0,0,10.669,0
2021-07-09 14:00:00,2021,7,4,14,20507.0,625.3,55.0,4.9,3.99,459.0,144.6,12.824,0.0844,102.182,10.669,11.775,4.78,3.677,21249.0,8.628,6.993,10.7,28203.0,-449.5,-44.0,,0,0,0,11.765,0
2021-07-09 15:00:00,2021,7,4,15,21879.0,1028.7,54.9,15.5,,422.0,,22.508,0.1481,154.858,11.765,6.061,3.394,3.09,21354.0,10.789,6.698,11.23,28203.0,527.6,-37.0,3.3,1,0,0,19.023,1
2021-07-09 16:00:00,2021,7,4,16,21308.0,573.4,54.8,5.6,4.12,425.0,,12.217,0.0804,193.889,19.023,6.642,,8.704,21659.0,13.548,6.71,10.82,28203.0,29.0,3.0,1.2,1,0,0,23.196,1
2021-07-09 17:00:00,2021,7,4,17,21237.0,2366.0,53.8,34.0,4.36,426.0,134.7,,0.3306,198.672,23.196,8.966,22.935,10.503,21459.0,16.002,6.749,14.48,28203.0,1334.0,1.0,0.8,1,0,0,23.689,1
2021-07-09 18:00:00,2021,7,4,18,,553.5,55.8,14.7,4.83,486.0,144.3,11.9,0.0783,123.366,23.689,7.668,19.266,22.636,22822.0,17.206,6.694,14.6,28203.0,-463.4,60.0,1.3,1,0,0,14.892,0
2021-07-09 19:00:00,2021,7,4,19,22970.0,2309.1,59.9,,4.81,450.0,135.9,53.04,0.3489,117.379,14.892,10.669,26.586,6.605,24047.0,17.95,,,28203.0,1289.2,-36.0,5.8,1,0,0,15.138,0
2021-07-09 20:00:00,2021,7,4,20,24563.0,560.6,,4.6,4.92,439.0,133.8,13.769,0.0906,107.533,15.138,11.765,15.171,,23344.0,18.461,6.227,19.03,28203.0,-64.7,-11.0,7.5,1,0,0,14.83,0
2021-07-09 21:00:00,2021,7,4,21,24276.0,540.3,58.1,10.4,4.93,410.0,127.3,13.117,0.0863,48.239,14.83,19.023,9.575,14.309,24805.0,16.387,6.36,18.18,28203.0,-488.4,,4.0,0,0,0,6.575,0
2021-07-09 22:00:00,2021,7,4,22,25149.0,1031.1,56.6,15.2,4.68,,129.8,25.932,,62.613,6.575,23.196,17.105,11.9,,13.994,,19.78,28203.0,457.7,-49.0,4.8,0,0,0,8.841,0
2021-07-09 23:00:00,2021,7,4,23,25053.0,969.0,55.0,19.7,4.25,358.0,124.2,24.276,0.1597,45.25,8.841,23.689,19.932,8.459,23506.0,11.107,6.491,17.4,28203.0,-1397.0,-3.0,-0.4,0,0,0,6.365,0
2021-07-10 00:00:00,2021,7,5,0,23036.0,2248.8,56.0,30.6,3.96,351.0,126.5,51.805,0.3408,86.224,6.365,14.892,20.04,9.012,23968.0,10.484,6.355,20.05,28203.0,1695.3,-7.0,1.3,0,0,0,11.152,0
2021-07-10 01:00:00,2021,7,5,1,24075.0,1000.6,54.9,15.6,4.2,377.0,127.6,,0.1585,45.957,11.152,15.138,28.159,6.42,23154.0,8.996,5.64,16.02,28203.0,-1308.5,26.0,0.2,0,0,0,6.212,0
2021-07-10 02:00:00,2021,7,5,2,22817.0,952.1,56.0,13.0,4.61,378.0,133.3,21.725,0.1429,67.568,6.212,14.83,9.497,5.444,22747.0,7.967,5.66,17.42,28203.0,391.5,1.0,1.6,0,0,0,8.656,0
2021-07-10 03:00:00,2021,7,5,3,23681.0,495.2,52.1,20.0,4.13,402.0,129.7,11.726,0.0771,52.182,8.656,6.575,15.135,3.073,22694.0,,5.722,,28203.0,-45.1,24.0,0.1,0,0,0,6.938,0
2021-07-10 04:00:00,2021,7,5,4,19856.0,1060.1,43.3,19.3,4.47,399.0,131.6,21.05,0.1385,59.031,6.938,8.841,22.802,3.269,23182.0,7.651,5.317,19.7,28203.0,29.0,-3.0,-11.0,0,0,1,6.581,0
2021-07-10 05:00:00,2021,7,5,5,,997.2,46.6,19.9,4.26,428.0,132.2,20.413,0.1343,50.926,6.581,6.365,16.666,4.396,24479.0,7.565,5.29,19.73,28203.0,28.2,29.0,-9.8,0,0,1,5.853,0
2021-07-10 06:00:00,2021,7,5,6,20196.0,2164.9,45.9,26.1,4.53,388.0,136.7,43.723,0.2876,153.009,5.853,11.152,10.239,,24316.0,8.598,5.458,18.98,28203.0,-83.9,-40.0,-10.7,1,0,1,17.35,0
2021-07-10 07:00:00,2021,7,5,7,18212.0,1030.2,44.8,19.4,4.21,339.0,140.2,18.762,0.1234,,17.35,6.212,5.796,2.967,22449.0,11.616,,19.62,28203.0,29.6,-49.0,-12.2,1,0,1,24.32,1
2021-07-10 08:00:00,2021,7,5,8,18493.0,1006.4,50.5,16.1,5.43,358.0,141.7,18.61,0.1224,122.565,24.32,8.656,11.775,3.326,21998.0,12.295,5.974,20.13,28203.0,54.3,19.0,-2.7,1,0,1,12.726,0
2021-07-10 09:00:00,2021,7,5,9,18585.0,1899.6,45.3,26.9,4.78,354.0,142.6,35.304,0.2323,100.827,12.726,6.938,6.061,3.735,21938.0,12.892,5.855,21.28,28203.0,1404.4,-4.0,,1,0,1,10.521,0
2021-07-10 10:00:00,2021,7,5,10,18879.0,510.3,50.0,,5.0,,145.1,,0.0634,126.663,10.521,6.581,6.642,3.652,22248.0,14.033,,20.17,28203.0,-549.8,-3.0,-4.7,1,0,1,13.426,0
2021-07-10 11:00:00,2021,7,5,11,19176.0,1095.6,50.2,1.3,4.74,378.0,138.3,21.01,0.1382,232.415,13.426,5.853,8.966,6.065,20675.0,17.228,6.253,17.07,28203.0,98.4,27.0,-3.8,1,0,1,25.023,1
2021-07-10 12:00:00,2021,7,5,12,20108.0,2108.4,53.0,24.6,5.03,336.0,137.3,42.397,0.2789,80.683,25.023,17.35,7.668,4.64,21474.0,15.854,6.207,16.82,28203.0,-56.5,-42.0,,0,0,1,9.109,0
2021-07-10 13:00:00,2021,7,5,13,20188.0,1198.1,49.1,23.1,5.1,377.0,142.6,24.188,0.1591,47.235,9.109,24.32,10.669,13.529,21984.0,12.693,6.387,17.43,28203.0,167.9,41.0,-4.7,0,0,1,5.354,0
2021-07-10 14:00:00,2021,7,5,14,20556.0,1211.7,44.1,13.1,5.35,397.0,145.3,24.909,0.1639,69.004,5.354,12.726,11.765,4.78,20507.0,11.9,6.461,16.93,28203.0,205.3,20.0,-10.9,0,0,1,7.964,0
2021-07-10 15:00:00,2021,7,5,15,21721.0,1971.6,54.0,31.5,5.56,372.0,142.5,42.826,0.2818,29.675,7.964,10.521,19.023,3.394,21879.0,10.749,6.565,17.7,28203.0,72.0,-25.0,-0.9,0,0,1,3.619,0
2021-07-10 16:00:00,2021,7,5,16,21313.0,563.3,47.8,2.7,5.49,351.0,142.0,12.007,0.079,78.094,3.619,13.426,23.196,6.736,21308.0,10.069,,16.05,28203.0,53.0,-21.0,-7.0,0,0,1,9.345,0
2021-07-10 17:00:00,2021,7,5,17,20681.0,1984.9,43.9,25.8,6.32,388.0,138.7,41.051,0.2701,48.383,9.345,25.023,23.689,22.935,21237.0,6.835,5.655,20.13,28203.0,889.3,37.0,-9.9,0,0,1,5.618,0
2021-07-10 18:00:00,2021,7,5,18,18694.0,,46.1,19.6,6.31,388.0,140.7,22.903,0.1507,27.087,5.618,9.109,14.892,19.266,21500.0,5.791,5.798,19.3,28203.0,-883.2,0.0,-9.7,0,0,1,2.843,0
2021-07-10 19:00:00,2021,7,5,19,18890.0,1256.4,50.8,18.3,5.96,379.0,,23.734,0.1561,29.681,2.843,5.354,15.138,,22970.0,5.423,5.869,18.5,28203.0,58.3,-9.0,-9.1,0,0,1,3.148,0
2021-07-10 20:00:00,2021,7,5,20,19610.0,514.7,49.5,7.9,6.16,350.0,137.9,10.093,0.0664,22.624,,,14.83,15.171,24563.0,4.511,5.938,,28203.0,-697.0,-29.0,-9.2,0,0,1,2.491,0
2021-07-10 21:00:00,2021,7,5,21,19437.0,1323.1,47.1,12.3,5.36,369.0,130.6,25.716,0.1692,79.254,,3.619,6.575,9.575,24276.0,5.349,5.914,14.43,28203.0,-648.5,19.0,-11.0,0,0,1,8.649,0
2021-07-10 22:00:00,2021,7,5,22,19749.0,542.4,,18.6,5.38,346.0,133.3,10.711,0.0705,21.798,8.649,9.345,8.841,17.105,25149.0,4.194,6.077,17.08,28203.0,-20.9,-23.0,-6.3,0,0,1,2.417,0
2021-07-10 23:00:00,2021,7,5,23,20098.0,507.6,48.3,5.6,4.82,350.0,136.6,,0.0671,39.019,2.417,5.618,,19.932,25053.0,3.992,6.126,,,-1477.3,4.0,-6.7,0,0,1,4.403,0
2021-07-11 00:00:00,2021,7,6,0,20867.0,1394.7,46.5,21.3,,389.0,134.2,,0.1915,88.922,4.403,2.843,,,23036.0,5.254,6.117,14.0,28203.0,169.5,39.0,-9.5,1,0,1,10.418,0
2021-07-11 01:00:00,2021,7,6,1,20767.0,552.2,51.0,12.5,4.63,393.0,137.4,11.468,0.0754,57.197,,3.148,6.212,28.159,24075.0,5.841,6.109,13.03,28203.0,-704.2,4.0,-3.9,1,0,1,6.669,0
2021-07-11 02:00:00,2021,7,6,2,21017.0,1404.8,47.2,26.3,5.4,392.0,133.9,29.525,0.1942,156.625,6.669,2.491,8.656,9.497,22817.0,8.506,6.414,16.1,28203.0,890.1,-1.0,-8.8,1,0,1,18.482,1
2021-07-11 03:00:00,2021,7,6,3,21500.0,507.3,46.6,,4.99,401.0,137.4,10.907,0.0718,98.473,18.482,8.649,6.938,15.135,23681.0,9.046,6.414,16.08,28203.0,-815.8,9.0,-5.5,1,0,1,11.887,0
2021-07-11 04:00:00,2021,7,6,4,21930.0,534.2,47.5,5.5,5.68,424.0,,11.715,0.0771,96.542,11.887,2.417,6.581,22.802,19856.0,10.624,6.4,13.9,28203.0,-8.2,23.0,4.2,1,0,1,11.887,0
2021-07-11 05:00:00,2021,7,6,5,20420.0,518.0,47.7,8.0,,395.0,,10.578,0.0696,176.878,11.887,4.403,5.853,16.666,20470.0,13.27,6.691,,28203.0,10.4,-29.0,1.1,1,0,1,20.279,1
2021-07-11 06:00:00,2021,7,6,6,20694.0,1286.6,48.4,19.3,5.85,476.0,139.8,26.625,0.1752,30.322,20.279,10.418,17.35,10.239,20196.0,,6.655,13.97,28203.0,-108.1,81.0,2.5,0,0,1,3.523,0
2021-07-11 07:00:00,2021,7,6,7,21264.0,504.3,44.4,16.3,5.94,438.0,136.1,10.723,,30.346,3.523,6.669,24.32,5.796,18212.0,11.614,5.994,14.6,28203.0,,-38.0,-0.4,0,0,1,3.623,0
2021-07-11 08:00:00,2021,7,6,8,22482.0,469.5,46.4,16.9,5.87,,139.9,10.555,,29.233,3.623,18.482,12.726,11.775,18493.0,9.148,6.027,13.03,28203.0,-935.3,-9.0,-4.1,0,0,1,3.69,0
2021-07-11 09:00:00,2021,7,6,9,22503.0,1315.8,50.5,16.5,5.04,370.0,143.3,29.609,0.1948,60.762,3.69,11.887,10.521,6.061,18585.0,8.447,6.013,,28203.0,808.5,-59.0,5.2,0,0,1,7.677,0
2021-07-11 10:00:00,2021,7,6,10,22461.0,1330.2,,24.1,,387.0,146.7,29.877,0.1966,33.971,7.677,11.887,13.426,6.642,18879.0,7.179,5.97,16.85,28203.0,796.0,17.0,,0,0,1,4.284,0
2021-07-11 11:00:00,2021,7,6,11,22511.0,1346.3,46.6,21.3,4.82,412.0,153.8,30.306,0.1994,33.468,4.284,20.279,25.023,8.966,19176.0,4.505,4.787,19.07,28203.0,828.3,25.0,-3.6,0,0,1,4.23,0
2021-07-11 12:00:00,2021,7,6,12,22906.0,405.2,48.1,3.8,4.97,,154.6,9.281,0.0611,50.534,4.23,3.523,9.109,7.668,20108.0,5.001,4.77,16.48,28203.0,-881.4,-17.0,-4.9,0,0,1,6.499,0
2021-07-11 13:00:00,2021,7,6,13,22122.0,2531.6,,,,400.0,153.0,56.004,0.3684,99.094,6.499,3.623,5.354,10.669,20188.0,6.448,4.873,18.88,28203.0,2027.3,5.0,,0,0,1,12.308,0
2021-07-11 14:00:00,2021,7,6,14,22787.0,1305.1,52.7,27.1,4.4,438.0,154.9,29.74,0.1957,35.728,12.308,3.69,7.964,11.765,20556.0,6.595,4.903,20.58,28203.0,835.6,,8.6,0,0,1,4.571,0
2021-07-11 15:00:00,2021,7,6,15,23237.0,1302.5,45.5,24.5,4.69,421.0,151.0,30.267,0.1991,32.399,4.571,7.677,,19.023,21721.0,6.02,4.885,21.92,28203.0,-13.3,-17.0,-8.5,0,0,1,4.227,0
2021-07-11 16:00:00,2021,7,6,16,24624.0,398.8,,10.1,4.82,406.0,152.7,9.82,0.0646,31.695,4.227,4.284,9.345,23.196,21313.0,6.036,4.896,19.58,28203.0,-931.4,-15.0,2.6,0,0,1,4.382,0
2021-07-11 17:00:00,2021,7,6,17,24962.0,427.2,45.9,7.3,4.78,427.0,146.5,10.663,0.0702,25.744,4.382,4.23,5.618,23.689,20681.0,5.933,4.938,17.25,28203.0,-919.1,21.0,2.0,0,0,1,3.608,0
2021-07-11 18:00:00,2021,7,6,18,25009.0,1243.3,40.1,25.6,4.92,441.0,151.0,31.094,0.2046,29.598,3.608,6.499,2.843,14.892,18694.0,5.542,4.898,20.88,28203.0,838.1,14.0,-6.0,0,0,1,4.156,0
2021-07-11 19:00:00,2021,7,6,19,24697.0,514.4,42.9,4.6,4.95,383.0,150.2,12.704,0.0836,55.148,4.156,12.308,3.148,15.138,18890.0,4.765,4.831,16.53,28203.0,-2017.2,-58.0,-7.9,0,0,1,7.647,0
2021-07-11 20:00:00,2021,7,6,20,,1261.7,52.0,24.9,,411.0,147.9,37.444,0.2463,29.648,7.647,4.571,2.491,14.83,19610.0,4.827,4.753,16.17,29677.0,-43.4,28.0,2.5,0,0,0,4.94,0
2021-07-11 21:00:00,2021,7,6,21,28364.0,515.2,46.4,1.9,5.4,429.0,144.4,14.612,0.0961,78.8,4.94,4.227,8.649,6.575,19437.0,6.214,4.867,12.4,29677.0,-787.3,18.0,-0.7,0,0,0,12.549,0
2021-07-11 22:00:00,2021,7,6,22,29261.0,517.6,50.9,,5.15,392.0,143.5,,0.0996,47.417,12.549,4.382,2.417,8.841,19749.0,6.782,4.749,11.8,29677.0,118.8,-37.0,0.6,0,0,0,7.79,0
2021-07-11 23:00:00,2021,7,6,23,28629.0,477.4,51.8,5.6,5.15,453.0,140.4,13.667,0.0899,53.913,7.79,3.608,4.403,6.365,20098.0,7.625,4.701,11.52,29677.0,50.2,61.0,3.5,0,0,0,8.666,0
2021-07-12 00:00:00,2021,7,0,0,30936.0,531.3,51.4,12.2,5.07,461.0,141.1,16.437,0.1081,34.475,8.666,4.156,10.418,11.152,20867.0,7.93,4.682,9.28,30936.0,-712.0,8.0,4.9,0,0,0,5.988,0
2021-07-12 01:00:00,2021,7,0,1,29555.0,1371.2,51.5,23.6,4.48,416.0,143.9,40.524,0.2666,53.285,5.988,7.647,6.669,6.212,20767.0,8.129,,12.45,30936.0,856.8,-45.0,0.5,0,0,0,8.842,0
2021-07-12 02:00:00,2021,7,0,2,29388.0,475.9,49.2,11.9,4.58,404.0,133.9,13.985,0.092,25.369,8.842,4.94,18.482,8.656,21017.0,8.004,,10.28,30936.0,-785.8,-12.0,2.0,0,0,0,4.186,0
2021-07-12 03:00:00,2021,7,0,3,28914.0,1390.4,54.1,32.5,5.1,,138.5,40.2,0.2645,31.853,4.186,12.549,11.887,6.938,21500.0,6.774,4.026,15.38,30936.0,875.2,-12.0,7.5,0,0,0,5.171,0
2021-07-12 04:00:00,2021,7,0,4,30359.0,490.9,,3.5,4.92,388.0,137.9,14.904,0.0981,62.686,5.171,7.79,11.887,6.581,21930.0,7.256,3.967,14.88,30936.0,-26.7,-4.0,3.6,0,0,0,10.685,0
2021-07-12 05:00:00,2021,7,0,5,30052.0,,52.0,,4.53,353.0,138.9,43.431,0.2857,30.854,10.685,8.666,20.279,5.853,20420.0,6.68,2.749,18.55,30936.0,967.8,-35.0,4.3,0,0,0,5.206,0
2021-07-12 06:00:00,2021,7,0,6,29242.0,2681.2,52.5,47.6,3.92,388.0,145.2,78.402,0.5158,60.482,5.206,5.988,3.523,17.35,20694.0,7.337,2.79,24.45,30936.0,2149.9,35.0,4.1,0,0,0,9.93,0
2021-07-12 07:00:00,2021,7,0,7,28462.0,2684.6,53.3,44.2,4.43,363.0,150.7,76.409,0.5027,76.964,9.93,8.842,3.623,24.32,21264.0,7.913,2.964,27.88,30936.0,1313.4,-25.0,8.9,0,0,0,12.299,0
2021-07-12 08:00:00,2021,7,0,8,29776.0,1345.3,51.2,23.6,5.09,350.0,155.1,40.057,0.2635,38.121,12.299,4.186,3.69,12.726,22482.0,8.277,2.891,29.83,30936.0,869.4,-13.0,4.8,0,0,0,6.373,0
2021-07-12 09:00:00,2021,7,0,9,27228.0,1365.1,49.9,,4.85,313.0,150.9,37.168,0.2445,28.586,6.373,5.171,7.677,,22503.0,8.144,2.932,28.33,30936.0,-25.3,-37.0,-0.6,0,0,0,4.37,0
2021-07-12 10:00:00,2021,7,0,10,26847.0,1405.9,48.3,37.7,4.76,313.0,150.8,37.744,0.2483,25.668,4.37,10.685,4.284,13.426,22461.0,7.008,,34.03,30936.0,915.0,0.0,-2.6,0,0,0,3.869,0
2021-07-12 11:00:00,2021,7,0,11,28823.0,2737.7,47.5,,5.02,286.0,152.7,78.907,0.5191,23.809,3.869,5.206,4.23,25.023,22511.0,6.782,2.964,38.6,30936.0,1292.5,-27.0,0.9,0,0,0,3.853,0
2021-07-12 12:00:00,2021,7,0,12,29088.0,1373.2,,26.1,4.9,263.0,149.0,39.942,0.2628,17.353,3.853,9.93,6.499,9.109,22906.0,5.6,3.07,35.02,30936.0,-1308.0,,-3.0,0,0,0,2.834,0
2021-07-12 13:00:00,2021,7,0,13,28037.0,426.9,49.3,8.8,4.94,295.0,144.0,,0.0787,17.654,2.834,,12.308,,22122.0,4.013,2.912,29.12,30936.0,-2257.7,32.0,2.5,0,0,0,2.779,0
2021-07-12 14:00:00,2021,7,0,14,28241.0,1328.4,46.9,24.6,4.98,232.0,148.7,37.514,0.2468,17.381,2.779,6.373,4.571,7.964,22787.0,3.41,2.979,29.28,30936.0,-16.9,-63.0,-5.8,0,0,0,2.756,0
2021-07-12 15:00:00,2021,7,0,15,28296.0,437.1,48.2,3.6,4.82,299.0,151.4,12.367,0.0814,60.011,2.756,4.37,4.227,3.619,23237.0,4.271,3.028,25.97,30936.0,-928.0,67.0,2.7,1,0,0,9.534,0
2021-07-12 16:00:00,2021,7,0,16,,1211.2,47.9,24.4,3.84,237.0,154.4,34.298,0.2256,65.971,9.534,3.869,4.382,9.345,24624.0,5.374,3.111,,30936.0,-194.7,-62.0,-2.5,1,0,0,10.489,0
2021-07-12 17:00:00,2021,7,0,17,29649.0,413.4,49.7,4.2,4.01,272.0,156.6,12.256,0.0806,45.096,10.489,3.853,3.608,5.618,24962.0,5.983,3.049,15.28,30936.0,-2324.3,35.0,3.8,1,0,0,7.507,0
2021-07-12 18:00:00,2021,7,0,18,30512.0,487.7,48.5,10.6,3.63,251.0,155.3,,0.0979,46.71,7.507,2.834,4.156,2.843,25009.0,6.845,3.007,12.7,30936.0,-885.5,-21.0,8.4,1,0,0,8.002,0
2021-07-12 19:00:00,2021,7,0,19,29257.0,1263.7,44.9,19.7,3.92,270.0,154.6,36.973,0.2432,104.349,8.002,2.779,7.647,3.148,24697.0,9.238,3.659,14.52,30936.0,836.8,19.0,2.0,1,0,0,17.141,0
2021-07-12 20:00:00,2021,7,0,20,30350.0,1286.1,49.6,24.3,3.66,253.0,154.8,39.032,0.2568,35.093,17.141,2.756,4.94,2.491,29677.0,9.776,3.636,14.47,30936.0,-42.3,-17.0,,1,0,0,5.98,0
2021-07-12 21:00:00,2021,7,0,21,29989.0,1307.0,49.1,33.3,4.11,255.0,155.8,39.194,0.2579,25.259,5.98,9.534,12.549,8.649,28364.0,8.895,3.514,19.42,30936.0,869.9,2.0,2.7,0,0,0,4.253,0
2021-07-12 22:00:00,2021,7,0,22,29053.0,2409.5,50.8,52.4,4.33,191.0,147.3,70.002,0.4605,32.816,4.253,10.489,7.79,2.417,29261.0,8.039,3.526,24.08,30936.0,,-64.0,-0.1,0,0,0,5.353,0
2021-07-12 23:00:00,2021,7,0,23,27289.0,2464.6,52.0,49.0,3.4,199.0,148.0,67.257,0.4425,30.323,5.353,7.507,8.666,4.403,28629.0,7.563,3.535,31.55,30936.0,2051.2,8.0,0.2,0,0,0,4.646,0
2021-07-13 00:00:00,2021,7,1,0,25967.0,1285.6,49.7,17.1,3.75,248.0,149.0,33.384,0.2196,68.453,4.646,8.002,5.988,10.418,30936.0,7.892,3.591,32.63,30936.0,797.9,49.0,,0,0,0,9.98,0
2021-07-13 01:00:00,2021,7,1,1,25677.0,2393.5,49.9,41.7,,239.0,151.3,61.458,0.4043,38.539,9.98,17.141,8.842,6.669,29555.0,5.961,3.577,36.3,30936.0,1129.8,-9.0,-1.6,0,0,0,5.556,0
2021-07-13 02:00:00,2021,7,1,2,23339.0,1344.5,47.5,,2.74,225.0,148.8,31.379,0.2064,38.225,5.556,5.98,4.186,18.482,29388.0,5.8,3.555,35.77,,58.4,-14.0,-1.7,0,0,0,5.009,0
2021-07-13 03:00:00,2021,7,1,3,24150.0,447.2,50.6,10.6,2.31,247.0,148.6,10.8,0.071,29.574,5.009,4.253,5.171,11.887,28914.0,5.759,3.586,31.98,30936.0,-859.8,22.0,-3.5,0,0,0,4.01,0
2021-07-13 04:00:00,2021,7,1,4,23579.0,2461.9,50.3,36.6,2.47,199.0,145.5,58.047,0.3819,58.073,4.01,5.353,10.685,11.887,30359.0,6.148,3.495,29.35,30936.0,52.4,-48.0,-0.8,0,0,0,7.688,0
2021-07-13 05:00:00,2021,7,1,5,20721.0,1321.9,49.2,20.4,2.65,237.0,147.8,27.391,0.1802,47.765,7.688,4.646,5.206,20.279,30052.0,6.3,3.489,24.58,30936.0,-1142.7,38.0,-2.8,1,0,0,5.557,0
2021-07-13 06:00:00,2021,7,1,6,20423.0,2565.8,47.4,31.1,3.06,,150.2,52.401,0.3447,102.14,5.557,9.98,9.93,3.523,29242.0,6.589,3.58,26.92,30936.0,1280.2,-29.0,-5.1,1,0,0,11.712,0
2021-07-13 07:00:00,2021,7,1,7,19741.0,,50.8,9.1,2.84,231.0,139.4,7.89,0.0519,168.4,11.712,5.556,12.299,3.623,28462.0,8.774,4.193,21.48,30936.0,-1993.8,23.0,-2.5,1,0,0,18.665,1
2021-07-13 08:00:00,2021,7,1,8,19393.0,394.2,50.6,0.0,2.47,255.0,139.4,7.644,0.0503,210.427,18.665,5.009,6.373,3.69,29776.0,11.757,5.3,17.97,30936.0,-950.3,24.0,-0.6,1,0,0,22.912,1
2021-07-13 09:00:00,2021,7,1,9,,370.2,47.9,0.0,3.05,,133.9,7.619,0.0501,88.816,22.912,4.01,4.37,7.677,27228.0,12.799,5.276,16.2,30936.0,-77.0,-8.0,-2.0,1,0,0,10.262,0
2021-07-13 10:00:00,2021,7,1,10,20081.0,1290.1,49.8,16.9,3.66,274.0,132.3,25.907,0.1704,171.074,10.262,7.688,3.869,4.284,26847.0,14.733,5.683,12.92,30936.0,-1171.8,27.0,1.5,1,0,0,19.288,1
2021-07-13 11:00:00,2021,7,1,11,20853.0,2743.9,50.6,33.8,3.31,321.0,133.4,57.22,0.3764,79.56,19.288,5.557,3.853,4.23,28823.0,15.359,5.594,15.15,30936.0,1422.0,47.0,3.1,0,0,0,9.315,0
2021-07-13 12:00:00,2021,7,1,12,21143.0,1406.0,53.2,19.2,3.09,340.0,132.1,29.728,0.1956,33.376,9.315,11.712,2.834,6.499,29088.0,14.067,5.546,13.17,30936.0,-1159.8,,8.1,0,0,0,3.962,0
2021-07-13 13:00:00,2021,7,1,13,20855.0,421.5,49.7,,3.24,350.0,133.4,8.791,0.0578,26.347,3.962,18.665,2.779,12.308,28037.0,11.471,5.532,,30936.0,21.8,10.0,0.4,0,0,0,3.085,0
2021-07-13 14:00:00,2021,7,1,14,20763.0,1387.7,49.2,11.7,3.48,326.0,132.9,28.812,0.1896,107.124,3.085,22.912,2.756,4.571,28241.0,9.733,5.421,15.2,30936.0,993.5,-24.0,2.3,0,0,0,12.488,0
2021-07-13 15:00:00,2021,7,1,15,20696.0,442.1,48.7,0.6,4.13,360.0,130.7,9.15,0.0602,80.448,12.488,10.262,9.534,4.227,28296.0,9.581,5.42,15.3,30936.0,71.9,34.0,,0,0,0,9.348,0
2021-07-13 16:00:00,2021,7,1,16,20288.0,1434.2,48.5,20.2,4.07,,133.1,29.097,0.1914,27.9,9.348,19.288,10.489,4.382,28318.0,6.896,5.552,15.85,30936.0,144.1,-42.0,0.6,0,0,0,3.178,0
2021-07-13 17:00:00,2021,7,1,17,19836.0,1380.9,,12.7,4.41,353.0,131.0,27.392,0.1802,84.044,3.178,9.315,7.507,3.608,,6.904,5.544,12.33,30936.0,-1363.0,35.0,-0.2,0,0,0,9.36,0
2021-07-13 18:00:00,2021,7,1,18,19553.0,415.2,47.0,4.6,4.52,379.0,133.7,8.118,0.0534,37.064,9.36,,8.002,4.156,30512.0,6.921,5.633,9.9,30936.0,,26.0,-1.5,0,0,0,4.069,0
2021-07-13 19:00:00,2021,7,1,19,19384.0,1284.7,,9.0,4.07,377.0,137.9,24.903,0.1638,108.919,4.069,3.085,17.141,7.647,29257.0,8.383,5.394,9.8,30936.0,863.2,-2.0,4.2,0,0,0,11.854,0
2021-07-13 20:00:00,2021,7,1,20,21141.0,1320.2,45.5,20.7,3.76,331.0,135.4,27.91,0.1836,29.857,11.854,12.488,5.98,4.94,30350.0,6.892,5.469,11.3,30936.0,-67.5,-46.0,-4.1,0,0,0,3.544,0
2021-07-13 21:00:00,2021,7,1,21,21067.0,461.0,48.6,12.6,4.84,378.0,136.0,,0.0639,24.611,3.544,9.348,4.253,12.549,,5.819,5.521,13.3,30936.0,18.9,47.0,-0.5,0,0,0,2.911,0
2021-07-13 22:00:00,2021,7,1,22,20229.0,1357.2,48.4,21.1,4.97,370.0,139.3,27.454,0.1806,32.823,2.911,3.178,5.353,7.79,29053.0,5.911,5.571,13.45,,-77.0,-8.0,-2.4,0,0,0,3.728,0
2021-07-13 23:00:00,2021,7,1,23,20711.0,1355.5,46.7,19.3,5.22,415.0,144.5,28.074,0.1847,29.256,3.728,9.36,4.646,8.666,27289.0,,5.613,14.55,30936.0,-25.4,45.0,-5.3,0,0,0,3.402,0
2021-07-14 00:00:00,2021,7,2,0,20803.0,1322.6,46.8,23.1,5.41,458.0,139.7,27.515,0.181,,3.402,4.069,9.98,5.988,25967.0,4.771,5.699,17.63,30936.0,907.4,43.0,-2.9,0,0,0,3.187,0
2021-07-14 01:00:00,2021,7,2,1,,421.0,47.7,8.4,5.23,413.0,143.3,8.23,0.0541,29.0,3.187,11.854,5.556,8.842,25677.0,3.326,5.765,17.53,30936.0,-863.7,-45.0,-2.2,0,0,0,3.183,0
2021-07-14 02:00:00,2021,7,2,2,20507.0,,46.0,0.5,4.59,420.0,139.1,8.972,0.059,76.36,3.183,3.544,5.009,4.186,23339.0,4.201,5.732,14.17,30936.0,-882.7,7.0,-1.5,0,0,0,8.792,0
2021-07-14 03:00:00,2021,7,2,3,19628.0,,45.5,20.0,4.67,407.0,135.7,27.051,0.178,30.852,8.792,2.911,,5.171,24150.0,4.282,5.752,15.4,,917.2,-13.0,-5.1,0,0,0,3.4,0
2021-07-14 04:00:00,2021,7,2,4,18981.0,462.0,46.9,8.3,4.78,382.0,135.6,8.769,0.0577,29.511,3.4,3.728,7.688,10.685,23579.0,4.185,5.841,13.27,30936.0,-895.2,-25.0,-3.4,0,0,0,3.145,0
2021-07-14 05:00:00,2021,7,2,5,17817.0,2528.4,46.5,30.2,4.4,362.0,131.8,45.049,0.2964,33.598,3.145,3.402,5.557,5.206,20721.0,4.178,5.897,15.08,30936.0,1172.9,-20.0,-2.7,0,0,0,3.361,0
2021-07-14 06:00:00,2021,7,2,6,17990.0,1339.7,47.4,18.0,3.97,375.0,128.1,24.102,0.1586,29.483,3.361,3.187,11.712,9.93,20423.0,4.143,5.917,14.23,30936.0,17.1,13.0,0.0,0,0,0,2.978,0
2021-07-14 07:00:00,2021,7,2,7,18001.0,1382.1,45.7,22.3,4.16,361.0,132.0,24.879,0.1637,36.164,2.978,3.183,18.665,12.299,19741.0,4.222,5.458,16.55,30936.0,961.1,-14.0,-5.1,0,0,0,3.655,0
2021-07-14 08:00:00,2021,7,2,8,17275.0,1310.1,46.8,10.8,4.38,382.0,125.5,22.632,0.1489,81.347,3.655,8.792,22.912,6.373,19393.0,4.072,4.268,18.27,,872.6,21.0,-3.8,0,0,0,7.89,0
2021-07-14 09:00:00,2021,7,2,9,20025.0,1341.0,46.8,,4.81,361.0,127.1,26.854,0.1767,19.888,7.89,3.4,10.262,4.37,20579.0,3.878,4.252,18.43,30936.0,,-21.0,-1.1,0,0,0,2.236,0
2021-07-14 10:00:00,2021,7,2,10,20105.0,474.0,47.1,0.0,3.98,345.0,128.8,9.53,0.0627,82.901,,3.145,19.288,3.869,20081.0,4.913,3.259,17.05,30936.0,12.0,-16.0,-2.7,0,0,0,9.358,0
2021-07-14 11:00:00,2021,7,2,11,21737.0,441.4,48.3,10.8,4.26,377.0,135.4,9.594,0.0631,12.127,9.358,3.361,9.315,3.853,20853.0,4.6,3.25,13.82,30936.0,-2087.0,32.0,-2.3,0,0,0,1.48,0
2021-07-14 12:00:00,2021,7,2,12,22863.0,1308.1,45.6,24.3,3.79,361.0,137.7,29.907,0.1968,18.852,1.48,2.978,3.962,2.834,,4.507,3.29,14.87,30936.0,-31.6,-16.0,-7.6,0,0,0,2.42,0
2021-07-14 13:00:00,2021,7,2,13,24193.0,1295.7,47.8,17.7,3.59,296.0,143.6,,0.2062,39.578,2.42,3.655,3.085,2.779,20855.0,4.793,3.262,14.1,30936.0,-86.4,-65.0,-1.9,0,0,0,5.376,0
2021-07-14 14:00:00,2021,7,2,14,23702.0,2447.5,46.7,30.1,3.67,332.0,140.8,58.011,0.3816,96.621,5.376,7.89,12.488,2.756,20763.0,5.621,3.299,17.32,30936.0,1137.4,36.0,-2.5,0,0,0,12.858,0
2021-07-14 15:00:00,2021,7,2,15,21539.0,1378.5,48.9,19.9,3.69,326.0,138.5,29.69,0.1953,21.963,12.858,2.236,9.348,9.534,20696.0,5.691,3.214,17.13,30936.0,37.5,-6.0,,0,0,0,2.656,0
2021-07-14 16:00:00,2021,7,2,16,21772.0,1332.2,51.0,,3.12,352.0,135.2,29.004,0.1908,85.274,2.656,,3.178,10.489,20288.0,5.869,3.38,19.23,30936.0,858.2,,2.5,0,0,0,10.424,0
2021-07-14 17:00:00,2021,7,2,17,21378.0,431.7,44.7,0.6,2.72,365.0,142.7,9.228,0.0607,75.307,10.424,1.48,9.36,7.507,19836.0,7.129,3.363,17.53,30936.0,-9.7,13.0,-4.8,0,0,0,9.039,0
2021-07-14 18:00:00,2021,7,2,18,21844.0,389.9,48.7,,3.55,397.0,149.6,8.518,0.056,31.277,9.039,2.42,4.069,8.002,19553.0,7.365,3.367,14.67,30936.0,-918.2,32.0,1.7,0,0,0,3.836,0
2021-07-14 19:00:00,2021,7,2,19,21859.0,2437.6,47.6,37.8,3.5,409.0,142.8,53.284,0.3506,36.935,3.836,5.376,11.854,17.141,19384.0,7.224,3.055,,30936.0,1141.9,12.0,-1.5,0,0,0,4.533,0
2021-07-14 20:00:00,2021,7,2,20,23374.0,381.4,46.4,0.0,3.47,391.0,147.2,8.915,0.0587,74.058,4.533,12.858,3.544,5.98,21141.0,6.701,3.193,13.0,30936.0,-2066.1,-18.0,0.9,0,0,0,9.719,0
2021-07-14 21:00:00,2021,7,2,21,23393.0,2323.3,45.3,29.2,3.6,386.0,147.4,54.347,0.3575,92.689,,2.656,2.911,4.253,21067.0,8.288,3.46,14.55,30936.0,944.8,-5.0,-3.3,0,0,0,12.174,0
2021-07-14 22:00:00,2021,7,2,22,,383.5,44.0,15.7,3.39,395.0,145.8,9.425,0.062,13.508,12.174,10.424,3.728,5.353,20229.0,,3.523,15.07,30936.0,-948.7,9.0,-4.4,0,0,0,1.864,0
2021-07-14 23:00:00,2021,7,2,23,23150.0,1420.5,46.0,29.0,4.59,419.0,148.9,32.885,0.2164,15.349,1.864,9.039,3.402,4.646,20711.0,5.687,3.57,19.8,30936.0,988.8,24.0,-0.7,0,0,0,1.995,0
2021-07-15 00:00:00,2021,7,3,0,22869.0,376.7,43.6,7.6,3.87,403.0,141.6,,0.0567,,1.995,3.836,3.187,9.98,20803.0,7.06,3.785,19.88,30936.0,-13.2,-16.0,-3.2,1,0,0,12.072,0
2021-07-15 01:00:00,2021,7,3,1,23947.0,1393.8,47.7,25.4,4.19,416.0,140.6,33.378,0.2196,82.208,12.072,4.533,3.183,5.556,19549.0,8.146,3.89,17.82,30936.0,-1043.8,13.0,0.0,1,0,0,11.053,0
2021-07-15 02:00:00,2021,7,3,2,23845.0,384.5,46.3,12.2,4.02,347.0,137.3,9.167,0.0603,92.449,11.053,9.719,8.792,5.009,20507.0,8.589,4.063,19.85,30936.0,3.1,-69.0,0.3,1,0,0,12.377,0
2021-07-15 03:00:00,2021,7,3,3,23521.0,1333.9,46.5,16.8,3.6,402.0,138.2,31.375,0.2064,,12.377,12.174,3.4,4.01,19628.0,8.896,4.31,17.78,30936.0,-989.4,55.0,1.0,1,0,0,14.012,0
2021-07-15 04:00:00,2021,7,3,4,22953.0,2073.1,43.5,21.7,3.42,433.0,140.7,47.584,0.3131,,14.012,1.864,3.145,,,14.328,7.056,18.78,30936.0,1689.6,31.0,-3.4,1,0,0,34.46,1
2021-07-15 05:00:00,2021,7,3,5,22484.0,1327.5,43.6,11.8,3.89,386.0,141.9,29.849,0.1964,137.439,34.46,1.995,3.361,5.557,17817.0,16.887,7.232,15.92,30936.0,-93.0,-47.0,,1,0,0,17.35,0
2021-07-15 06:00:00,2021,7,3,6,21781.0,424.0,45.4,5.1,4.16,410.0,,,,129.151,17.35,12.072,2.978,11.712,17990.0,17.508,7.274,15.5,30936.0,47.3,24.0,-2.0,1,0,0,15.794,0
2021-07-15 07:00:00,2021,7,3,7,20649.0,1305.7,46.0,20.2,3.81,444.0,148.6,26.961,0.1774,106.3,15.794,11.053,3.655,18.665,18001.0,17.72,7.206,14.63,30936.0,-88.1,34.0,0.3,1,0,0,12.324,0
2021-07-15 08:00:00,2021,7,3,8,19621.0,1280.1,47.6,15.1,3.99,431.0,146.2,25.118,0.1652,87.479,12.324,12.377,7.89,22.912,17275.0,,7.199,15.12,,895.6,-13.0,0.8,1,0,0,9.637,0
2021-07-15 09:00:00,2021,7,3,9,19147.0,402.7,42.2,11.7,3.52,344.0,150.7,7.711,0.0507,156.099,9.637,14.012,2.236,10.262,20025.0,17.724,7.169,14.27,30936.0,-931.2,-87.0,-4.6,1,0,0,16.781,0
2021-07-15 10:00:00,2021,7,3,10,19517.0,1276.7,45.1,16.9,4.02,370.0,155.4,24.917,0.1639,42.855,16.781,34.46,9.358,,20105.0,12.764,7.254,13.47,30936.0,-796.4,26.0,-2.0,0,0,0,4.696,0
2021-07-15 11:00:00,2021,7,3,11,19874.0,2062.9,48.0,31.6,3.56,381.0,,40.999,0.2697,,4.696,17.35,1.48,9.315,21737.0,10.732,7.104,16.77,30936.0,735.4,11.0,-0.3,0,0,0,5.161,0
2021-07-15 12:00:00,2021,7,3,12,20489.0,1161.0,46.1,22.6,3.13,372.0,,23.787,0.1565,41.317,5.161,15.794,2.42,3.962,22863.0,8.892,7.01,19.68,30936.0,737.0,-9.0,0.5,0,0,0,4.753,0
2021-07-15 13:00:00,2021,7,3,13,21030.0,1194.4,48.0,20.1,3.29,395.0,163.0,25.117,0.1652,44.26,4.753,12.324,5.376,3.085,24193.0,7.709,7.014,19.67,30936.0,-111.3,23.0,0.2,0,0,0,5.226,0
2021-07-15 14:00:00,2021,7,3,14,20556.0,1190.6,,13.7,2.91,363.0,160.9,24.474,0.161,62.159,5.226,9.637,12.858,12.488,23702.0,7.299,7.017,19.43,,-89.5,,-1.4,0,0,0,7.174,0
2021-07-15 15:00:00,2021,7,3,15,19749.0,1155.6,51.5,12.5,2.93,429.0,165.9,22.822,0.1501,69.308,7.174,16.781,2.656,9.348,21539.0,5.783,6.862,19.57,30936.0,752.9,66.0,2.6,0,0,0,7.685,0
2021-07-15 16:00:00,2021,7,3,16,20617.0,396.8,48.5,10.9,3.57,400.0,168.4,8.181,0.0538,32.62,7.685,4.696,10.424,,21772.0,5.629,6.985,18.57,,-879.9,-29.0,-2.5,0,0,0,3.776,0
2021-07-15 17:00:00,2021,7,3,17,21422.0,1110.5,52.0,6.1,3.99,375.0,173.9,23.79,0.1565,122.128,3.776,5.161,9.039,9.36,21378.0,7.217,7.05,14.32,30936.0,-952.4,-25.0,7.3,0,0,0,14.689,0
2021-07-15 18:00:00,2021,7,3,18,21279.0,1110.6,53.2,5.8,4.23,388.0,172.7,23.633,0.1555,126.347,14.689,4.753,3.836,4.069,21844.0,,6.987,11.52,30936.0,-50.4,13.0,4.5,0,0,0,15.095,0
2021-07-15 19:00:00,2021,7,3,19,22585.0,488.7,52.3,5.5,4.85,363.0,178.2,11.038,0.0726,43.129,15.095,5.226,4.533,11.854,21859.0,8.981,6.954,9.08,30936.0,-705.7,-25.0,4.7,0,0,0,5.469,0
2021-07-15 20:00:00,2021,7,3,20,21978.0,471.5,50.8,6.0,5.18,386.0,174.1,10.362,0.0682,29.79,5.469,7.174,9.719,3.544,23374.0,8.398,7.097,7.8,,-719.1,,4.4,0,0,0,3.676,0
2021-07-15 21:00:00,2021,7,3,21,22279.0,2224.5,49.7,33.7,4.31,406.0,171.9,49.56,0.3261,35.991,3.676,,12.174,2.911,23393.0,7.868,7.185,11.33,30936.0,1068.9,20.0,4.4,0,0,0,4.502,0
2021-07-15 22:00:00,2021,7,3,22,,,49.9,8.8,4.73,366.0,177.8,11.19,0.0736,31.807,4.502,3.776,1.864,,24578.0,7.916,7.089,10.98,,94.7,-40.0,5.9,0,0,0,4.066,0
2021-07-15 23:00:00,2021,7,3,23,20943.0,525.9,53.8,10.4,4.26,350.0,178.4,11.013,0.0725,34.826,4.066,14.689,1.995,3.402,23150.0,6.151,6.996,11.7,30936.0,-584.6,-16.0,7.8,0,0,0,4.095,0
2021-07-16 00:00:00,2021,7,4,0,20849.0,542.0,50.3,3.0,4.45,346.0,178.3,11.301,0.0743,84.787,4.095,,12.072,3.187,22869.0,5.289,6.986,11.23,30936.0,-568.6,-4.0,6.7,0,0,0,9.925,0
2021-07-16 01:00:00,2021,7,4,1,21962.0,522.1,51.8,8.0,,342.0,179.4,,0.0754,48.748,9.925,5.469,11.053,3.183,23947.0,5.379,7.033,11.65,30936.0,33.4,-4.0,4.1,0,0,0,6.011,0
2021-07-16 02:00:00,2021,7,4,2,22878.0,1864.9,51.3,25.6,4.27,333.0,180.6,42.666,0.2807,62.709,6.011,3.676,12.377,8.792,23845.0,6.109,7.024,14.92,30936.0,1393.4,-9.0,5.0,0,0,0,8.055,0
2021-07-16 03:00:00,2021,7,4,3,22498.0,1038.2,49.3,,3.6,304.0,178.9,23.358,0.1537,43.51,8.055,4.502,14.012,3.4,23521.0,6.275,7.015,13.82,,-1186.3,-29.0,2.8,0,0,0,5.496,0
2021-07-16 04:00:00,2021,7,4,4,23321.0,1032.4,48.8,15.5,3.45,316.0,180.3,24.077,0.1584,44.174,5.496,4.066,34.46,3.145,22953.0,6.561,4.584,14.93,30936.0,540.9,12.0,,0,0,0,5.784,0
2021-07-16 05:00:00,2021,7,4,5,21751.0,,51.8,17.0,3.15,329.0,,22.509,,49.36,5.784,4.095,17.35,3.361,22484.0,6.883,4.167,,30936.0,508.9,13.0,8.2,0,0,0,6.028,0
2021-07-16 06:00:00,2021,7,4,6,22510.0,1049.2,50.5,19.7,2.94,385.0,176.1,23.618,0.1554,52.863,6.028,9.925,15.794,2.978,21781.0,6.343,3.801,18.82,30936.0,507.2,56.0,5.1,0,0,0,6.681,0
2021-07-16 07:00:00,2021,7,4,7,22490.0,1095.2,48.7,19.1,3.06,354.0,,24.63,0.162,51.294,6.681,6.011,12.324,3.655,20649.0,6.42,3.654,20.67,30936.0,573.1,-31.0,,0,0,0,6.477,0
2021-07-16 08:00:00,2021,7,4,8,,1913.7,47.4,23.3,3.61,379.0,171.5,42.948,0.2826,106.403,6.477,8.055,9.637,7.89,19621.0,7.312,3.843,20.28,30936.0,48.8,25.0,-0.2,0,0,0,13.407,0
2021-07-16 09:00:00,2021,7,4,9,23308.0,1112.8,47.5,18.6,3.3,365.0,167.3,25.937,0.1706,45.413,13.407,5.496,16.781,2.236,19147.0,7.387,3.272,18.87,30936.0,74.6,-14.0,5.3,0,0,0,5.943,0
2021-07-16 10:00:00,2021,7,4,10,22208.0,1064.7,47.1,8.4,3.16,402.0,168.3,23.645,0.1556,123.307,5.943,5.784,4.696,9.358,19517.0,8.985,3.671,17.68,30936.0,32.3,37.0,2.0,0,0,0,15.375,0
2021-07-16 11:00:00,2021,7,4,11,23063.0,1060.9,49.4,13.5,2.77,406.0,166.2,24.468,0.161,75.875,15.375,6.028,5.161,1.48,19874.0,9.618,3.678,17.1,30936.0,26.1,4.0,1.4,0,0,0,9.825,0
2021-07-16 12:00:00,2021,7,4,12,23412.0,2101.8,51.5,32.5,2.07,,162.6,49.206,0.3237,53.899,9.825,6.681,4.753,2.42,20489.0,9.685,3.634,19.23,30936.0,1052.6,17.0,5.4,0,0,0,7.085,0
2021-07-16 13:00:00,2021,7,4,13,24116.0,488.8,49.1,8.9,1.43,401.0,155.2,11.787,0.0775,47.178,,6.477,5.226,5.376,21030.0,9.67,3.609,17.53,30936.0,-606.4,-22.0,1.1,0,0,0,6.388,0
2021-07-16 14:00:00,2021,7,4,14,24263.0,1081.6,52.7,10.0,2.37,382.0,155.9,26.244,0.1727,103.856,6.388,13.407,7.174,12.858,20556.0,9.794,3.845,15.32,30936.0,-832.1,,7.4,0,0,0,14.148,0
2021-07-16 15:00:00,2021,7,4,15,24747.0,1142.6,47.7,15.8,1.88,372.0,151.1,28.277,,,14.148,5.943,7.685,2.656,19749.0,10.316,3.852,14.85,30936.0,29.8,-10.0,-3.8,0,0,0,9.077,0
2021-07-16 16:00:00,2021,7,4,16,,1127.8,49.4,14.9,2.4,384.0,145.0,27.811,0.183,69.185,,15.375,3.776,10.424,20617.0,9.35,3.759,15.93,30936.0,63.1,12.0,0.9,0,0,0,9.579,0
2021-07-16 17:00:00,2021,7,4,17,21759.0,2149.5,49.0,44.9,2.22,380.0,141.5,46.77,0.3077,62.16,9.579,9.825,14.689,,21422.0,8.979,3.497,21.17,30936.0,1088.6,,-3.0,0,0,0,7.594,0
2021-07-16 18:00:00,2021,7,4,18,21496.0,1194.1,50.1,23.9,2.55,368.0,144.3,25.668,0.1689,60.112,7.594,7.085,15.095,3.836,21279.0,9.007,3.145,19.73,30936.0,-907.7,-12.0,-3.1,0,0,0,7.255,0
2021-07-16 19:00:00,2021,7,4,19,20878.0,469.5,49.9,2.1,3.29,324.0,142.0,9.803,0.0645,92.176,7.255,6.388,5.469,4.533,22585.0,9.743,3.177,,30936.0,-19.3,-44.0,-2.4,0,0,0,10.805,0
2021-07-16 20:00:00,2021,7,4,20,21479.0,1228.6,47.8,14.6,3.29,362.0,135.7,26.389,0.1736,,10.805,14.148,3.676,9.719,21978.0,9.067,3.083,19.37,30936.0,147.0,38.0,,0,0,0,10.089,0
2021-07-16 21:00:00,2021,7,4,21,20971.0,2726.0,49.4,38.0,2.77,355.0,138.5,57.169,0.3761,75.41,10.089,9.077,4.502,12.174,22279.0,9.034,2.991,23.07,30936.0,1583.4,-7.0,-0.3,0,0,0,8.879,0
2021-07-16 22:00:00,2021,7,4,22,22175.0,1548.1,46.1,15.3,,335.0,141.4,34.329,0.2258,131.498,8.879,9.579,4.066,1.864,22768.0,10.166,3.283,23.13,30936.0,,-20.0,-3.8,0,0,0,16.372,0
2021-07-16 23:00:00,2021,7,4,23,22190.0,2648.2,49.9,41.3,3.77,345.0,143.6,58.764,0.3866,69.622,16.372,7.594,4.095,1.995,20943.0,,3.129,22.53,,498.7,10.0,-3.9,0,0,0,8.674,0
2021-07-17 00:00:00,2021,7,5,0,20659.0,2573.5,46.3,31.5,3.66,314.0,144.0,53.166,0.3498,,8.674,7.255,9.925,12.072,20849.0,11.295,3.229,23.8,30936.0,1379.4,-31.0,-4.0,0,0,0,12.951,0
2021-07-17 01:00:00,2021,7,5,1,20747.0,2560.6,49.2,36.6,3.37,343.0,148.6,53.126,0.3495,74.0,12.951,10.805,6.011,11.053,21962.0,10.931,3.164,29.55,,2091.1,29.0,-2.6,0,0,0,8.62,0
2021-07-17 02:00:00,2021,7,5,2,21075.0,605.8,48.6,13.1,2.4,361.0,150.2,12.767,0.084,90.757,8.62,10.089,8.055,12.377,22878.0,11.039,3.17,29.3,30936.0,-622.8,18.0,-2.7,1,0,0,10.739,0
2021-07-17 03:00:00,2021,7,5,3,20764.0,1454.5,48.6,16.8,1.95,,149.2,30.202,0.1987,131.016,10.739,8.879,5.496,14.012,22498.0,12.105,3.286,25.77,30936.0,-1271.5,40.0,-0.7,1,0,0,15.274,0
2021-07-17 04:00:00,2021,7,5,4,20567.0,,50.3,33.8,2.07,433.0,148.9,51.671,0.3399,208.235,15.274,16.372,5.784,34.46,23321.0,13.384,4.296,28.85,30936.0,,32.0,1.5,1,0,0,24.046,1
2021-07-17 05:00:00,2021,7,5,5,21779.0,2415.0,49.4,38.7,2.31,400.0,148.5,,0.346,126.243,24.046,8.674,6.028,17.35,21751.0,14.511,,28.42,30936.0,-233.2,-33.0,-2.4,1,0,0,15.437,0
2021-07-17 06:00:00,2021,7,5,6,20955.0,548.1,46.3,11.3,2.0,411.0,147.6,11.485,0.0756,64.911,,12.951,6.681,15.794,22510.0,13.626,4.266,25.05,30936.0,-2025.4,11.0,-4.2,1,0,0,7.637,0
2021-07-17 07:00:00,2021,7,5,7,19958.0,584.4,48.1,8.9,1.79,423.0,152.1,11.664,0.0767,262.557,7.637,8.62,,12.324,22490.0,17.092,5.595,20.43,30936.0,-1976.2,12.0,-0.6,1,0,0,29.421,1
2021-07-17 08:00:00,2021,7,5,8,20774.0,594.5,45.6,16.6,2.72,433.0,154.2,12.35,0.0812,50.979,29.421,10.739,13.407,9.637,22442.0,16.294,5.711,21.02,30936.0,-11.3,10.0,-1.8,0,0,0,5.946,0
2021-07-17 09:00:00,2021,7,5,9,20315.0,1444.1,,19.1,2.67,372.0,157.8,29.337,0.193,61.397,5.946,15.274,5.943,16.781,23308.0,14.915,5.67,21.4,30936.0,-10.4,-61.0,0.9,0,0,0,7.003,0
2021-07-17 10:00:00,2021,7,5,10,20620.0,2220.3,47.7,,3.24,372.0,,45.782,0.3012,68.203,,24.046,15.375,4.696,22208.0,12.223,5.659,20.53,30936.0,-292.1,,0.6,0,0,0,7.896,0
2021-07-17 11:00:00,2021,7,5,11,21452.0,1405.2,48.7,22.5,3.19,370.0,157.8,30.143,0.1983,50.945,7.896,15.437,9.825,5.161,23063.0,10.673,5.749,17.83,30936.0,-1009.8,-2.0,-0.7,0,0,0,6.136,0
2021-07-17 12:00:00,2021,7,5,12,20219.0,613.3,,17.4,3.56,364.0,149.8,12.399,0.0816,45.859,6.136,7.637,7.085,4.753,23412.0,,5.819,18.85,30936.0,65.2,-6.0,,0,0,0,5.206,0
2021-07-17 13:00:00,2021,7,5,13,20915.0,639.3,50.1,,3.47,381.0,149.7,13.37,0.088,90.191,5.206,29.421,6.388,5.226,,7.13,5.735,17.97,30936.0,54.9,17.0,1.0,0,0,0,10.591,0
2021-07-17 14:00:00,2021,7,5,14,21260.0,2221.2,53.6,40.2,3.45,327.0,152.9,47.222,0.3107,42.675,10.591,5.946,14.148,7.174,24263.0,6.988,5.832,21.9,30936.0,1626.7,-54.0,0.9,0,0,0,5.094,0
2021-07-17 15:00:00,2021,7,5,15,21168.0,629.3,54.7,12.5,2.96,320.0,152.4,13.321,0.0876,,5.094,7.003,9.077,7.685,,,5.969,20.8,30936.0,-814.8,-7.0,7.0,0,0,0,4.417,0
2021-07-17 16:00:00,2021,7,5,16,20508.0,628.8,53.2,3.8,2.33,360.0,147.2,12.895,0.0848,80.152,4.417,7.896,9.579,3.776,24660.0,6.779,5.972,16.67,30936.0,-1591.5,,3.8,0,0,0,9.229,0
2021-07-17 17:00:00,2021,7,5,17,20684.0,567.7,57.8,8.8,2.8,,144.9,11.743,0.0773,40.454,9.229,6.136,7.594,14.689,21759.0,6.539,6.065,14.38,30936.0,-837.5,-42.0,8.8,0,0,0,4.698,0
2021-07-17 18:00:00,2021,7,5,18,20251.0,2133.0,,26.2,3.05,347.0,139.3,43.196,0.2842,81.996,4.698,5.206,7.255,15.095,21496.0,7.225,6.031,15.85,30936.0,1519.7,29.0,3.5,0,0,0,9.323,0
2021-07-17 19:00:00,2021,7,5,19,21755.0,1439.8,55.5,16.7,3.01,,142.2,31.322,0.2061,77.023,9.323,10.591,10.805,5.469,20878.0,7.028,6.036,18.03,30936.0,800.5,-34.0,5.6,0,0,0,9.408,0
2021-07-17 20:00:00,2021,7,5,20,20149.0,506.0,55.1,7.6,2.77,361.0,138.9,10.195,0.0671,48.741,9.408,5.094,10.089,3.676,21479.0,7.098,6.123,12.6,30936.0,-1715.2,48.0,7.3,0,0,0,5.514,0
2021-07-17 21:00:00,2021,7,5,21,20293.0,502.4,55.6,10.8,2.9,376.0,137.3,10.195,0.0671,45.13,5.514,4.417,,4.502,,7.219,6.209,12.32,30936.0,-126.9,15.0,6.2,0,0,0,5.142,0
2021-07-17 22:00:00,2021,7,5,22,,1750.5,59.1,24.2,2.61,359.0,135.1,33.308,0.2191,51.325,5.142,9.229,,4.066,22175.0,,6.135,15.72,30936.0,1121.7,-17.0,13.0,0,0,0,5.483,0
2021-07-17 23:00:00,2021,7,5,23,19283.0,1339.9,55.6,13.9,3.55,336.0,130.3,25.838,0.17,73.061,5.483,4.698,8.674,4.095,22190.0,7.13,6.143,16.57,30936.0,772.2,-23.0,5.7,0,0,0,7.91,0
2021-07-18 00:00:00,2021,7,6,0,19846.0,1324.8,55.0,16.4,3.32,354.0,135.6,26.293,0.173,56.647,7.91,9.323,12.951,9.925,20659.0,6.628,6.14,14.93,30936.0,-808.2,18.0,8.7,0,0,0,6.312,0
2021-07-18 01:00:00,2021,7,6,1,20080.0,553.2,57.8,,3.9,317.0,136.2,11.108,0.0731,47.259,,9.408,8.62,6.011,20747.0,5.948,6.196,15.37,30936.0,-886.6,-37.0,8.6,0,0,0,5.328,0
2021-07-18 02:00:00,2021,7,6,2,19178.0,521.7,57.0,2.6,3.2,329.0,143.5,10.005,0.0658,91.979,5.328,5.514,10.739,8.055,21075.0,6.68,6.19,14.53,30936.0,15.7,12.0,,0,0,0,9.904,0
2021-07-18 03:00:00,2021,7,6,3,20210.0,1692.9,58.7,24.1,2.99,326.0,134.1,34.214,0.2251,49.326,,5.142,15.274,5.496,20764.0,6.756,6.096,16.75,30936.0,1190.5,-3.0,10.1,0,0,0,5.597,0
2021-07-18 04:00:00,2021,7,6,4,20323.0,1240.8,55.2,24.4,2.64,315.0,134.8,25.217,0.1659,190.193,5.597,5.483,24.046,5.784,20567.0,9.459,5.856,16.78,30936.0,-509.7,-11.0,4.9,1,0,0,21.702,1
2021-07-18 05:00:00,2021,7,6,5,19832.0,1299.4,57.1,22.0,3.04,372.0,142.6,25.769,0.1695,61.016,21.702,7.91,15.437,6.028,21779.0,9.273,5.691,18.13,30936.0,-40.5,57.0,7.7,1,0,0,6.794,0
2021-07-18 06:00:00,2021,7,6,6,20485.0,1620.3,56.5,17.8,2.85,376.0,137.0,33.192,0.2184,243.917,6.794,6.312,7.637,6.681,20955.0,12.897,6.957,18.37,30936.0,295.5,4.0,10.2,1,0,0,28.054,1
2021-07-18 07:00:00,2021,7,6,7,20280.0,1266.8,55.1,16.4,2.32,,142.5,25.692,0.169,150.794,28.054,5.328,29.421,6.477,19958.0,14.87,5.759,17.88,30936.0,713.6,41.0,7.0,1,0,0,17.17,0
2021-07-18 08:00:00,2021,7,6,8,19888.0,1634.9,55.5,17.7,2.65,455.0,139.5,32.516,0.2139,182.675,17.17,,5.946,13.407,20774.0,16.619,6.193,20.4,30936.0,,38.0,9.9,1,0,0,20.398,1
2021-07-18 09:00:00,2021,7,6,9,20232.0,607.7,54.0,0.5,,448.0,133.3,12.294,0.0809,170.502,20.398,5.597,7.003,5.943,20315.0,18.914,6.497,16.47,30936.0,,-7.0,5.6,1,0,0,19.368,1
2021-07-18 10:00:00,2021,7,6,10,22208.0,640.2,54.9,7.1,1.97,486.0,138.4,14.219,0.0935,56.38,19.368,,7.896,15.375,20620.0,16.469,6.51,13.58,30936.0,-600.6,38.0,7.2,0,0,0,7.03,0
2021-07-18 11:00:00,2021,7,6,11,23213.0,1642.9,56.2,22.2,1.85,476.0,135.3,38.136,0.2509,73.236,7.03,6.794,6.136,9.825,21452.0,16.928,6.463,13.62,30936.0,343.5,-10.0,7.5,0,0,0,9.545,0
2021-07-18 12:00:00,2021,7,6,12,23937.0,1652.0,55.6,18.8,2.14,,137.4,39.543,0.2602,96.201,9.545,28.054,5.206,7.085,20219.0,14.407,6.408,13.78,30936.0,31.7,24.0,7.5,0,0,0,12.929,0
2021-07-18 13:00:00,2021,7,6,13,24868.0,1133.2,52.5,15.0,2.19,512.0,139.5,28.181,0.1854,63.07,12.929,17.17,10.591,6.388,20915.0,13.013,6.415,13.55,30936.0,-133.6,12.0,2.4,0,0,0,8.806,0
2021-07-18 14:00:00,2021,7,6,14,25104.0,1221.3,,14.2,1.38,508.0,140.5,30.659,,142.527,8.806,20.398,5.094,14.148,21260.0,12.961,6.621,12.97,30936.0,-413.6,-4.0,-0.5,1,0,0,20.089,1
2021-07-18 15:00:00,2021,7,6,15,24546.0,1681.2,,29.0,1.74,545.0,137.9,41.268,0.2715,178.079,20.089,19.368,4.417,9.077,21168.0,13.824,7.034,17.72,30936.0,1073.5,37.0,-1.5,1,0,0,24.542,1
2021-07-18 16:00:00,2021,7,6,16,25208.0,1373.4,53.5,20.3,,555.0,139.5,34.62,0.2278,65.109,24.542,7.03,9.229,9.579,20508.0,14.188,7.034,19.92,30936.0,733.2,,0.3,1,0,0,9.215,0
2021-07-18 17:00:00,2021,7,6,17,20401.0,619.2,46.8,,1.54,,138.0,12.633,0.0831,201.479,9.215,9.545,4.698,7.594,20684.0,16.443,7.239,16.92,30936.0,-1023.7,-5.0,-11.0,1,0,1,23.078,1
2021-07-18 18:00:00,2021,7,6,18,21520.0,1453.2,44.7,,1.46,542.0,138.9,31.272,0.2057,98.29,23.078,12.929,9.323,7.255,20251.0,16.268,7.21,16.62,30936.0,-198.8,-8.0,-8.9,1,0,1,11.876,0
2021-07-18 19:00:00,2021,7,6,19,20848.0,,46.2,27.7,1.25,589.0,129.7,31.045,0.2042,111.394,11.876,8.806,9.408,10.805,21755.0,16.973,7.179,,30936.0,355.9,,-9.3,1,0,1,13.039,0
2021-07-18 20:00:00,2021,7,6,20,19093.0,1495.9,50.0,14.5,1.53,550.0,,28.562,0.1879,82.417,13.039,20.089,5.514,10.089,20149.0,15.098,7.066,18.78,30936.0,274.6,-39.0,-5.1,0,0,1,8.835,0
2021-07-18 21:00:00,2021,7,6,21,19383.0,1848.9,45.4,,1.43,512.0,137.3,35.837,0.2358,39.236,8.835,24.542,5.142,8.879,20293.0,11.719,7.109,20.1,,167.7,-38.0,-10.2,0,0,1,4.27,0
2021-07-18 22:00:00,2021,7,6,22,19777.0,1500.7,45.7,22.0,1.28,555.0,,29.681,0.1953,38.599,4.27,9.215,5.483,16.372,19027.0,10.897,7.167,20.38,,127.3,43.0,-13.4,0,0,1,4.286,0
2021-07-18 23:00:00,2021,7,6,23,19851.0,705.2,,11.4,1.01,555.0,138.3,13.998,0.0921,31.439,4.286,23.078,7.91,8.674,19283.0,7.635,7.35,21.58,30936.0,86.0,0.0,-11.2,0,0,1,3.504,0
2021-07-19 00:00:00,2021,7,0,0,20987.0,640.0,39.9,12.5,1.19,528.0,136.2,13.431,0.0884,27.675,3.504,11.876,6.312,12.951,19846.0,6.199,7.488,20.83,30512.0,-813.2,-27.0,-15.1,0,0,1,3.261,0
2021-07-19 01:00:00,2021,7,0,1,20566.0,1953.1,43.1,25.6,1.1,522.0,134.2,40.166,0.2643,35.135,,13.039,5.328,8.62,,4.702,7.545,20.48,30512.0,464.0,-6.0,,0,0,1,4.057,0
2021-07-19 02:00:00,2021,7,0,2,19130.0,653.7,46.2,5.2,0.99,500.0,131.1,12.505,0.0823,61.691,,8.835,9.904,10.739,19178.0,4.334,7.621,18.93,30512.0,-842.2,-22.0,-10.8,0,0,1,6.626,0
2021-07-19 03:00:00,2021,7,0,3,19470.0,2063.8,45.1,26.8,1.4,485.0,137.4,40.182,0.2644,26.904,6.626,4.27,5.597,15.274,20210.0,4.113,7.74,17.25,30512.0,214.9,-15.0,-13.6,0,0,1,2.941,0
2021-07-19 04:00:00,2021,7,0,4,19110.0,665.6,45.1,14.0,1.39,524.0,139.4,12.72,0.0837,18.286,2.941,4.286,21.702,24.046,20323.0,3.725,7.729,15.92,30512.0,-835.1,39.0,-10.1,0,0,1,1.962,0
2021-07-19 05:00:00,2021,7,0,5,19410.0,1202.8,42.6,9.0,1.66,471.0,139.5,23.346,0.1536,93.724,1.962,3.504,6.794,15.437,19832.0,4.844,7.673,15.52,30512.0,497.6,-53.0,-14.5,0,0,1,10.214,0
2021-07-19 06:00:00,2021,7,0,6,19587.0,2111.6,40.1,28.6,2.3,525.0,132.5,41.36,0.2721,,10.214,3.261,28.054,7.637,20485.0,4.842,6.981,18.2,30512.0,1471.6,54.0,-16.4,0,0,1,3.252,0
2021-07-19 07:00:00,2021,7,0,7,19682.0,1241.9,39.4,14.3,2.39,487.0,134.2,,0.1608,41.437,3.252,4.057,17.17,29.421,20280.0,4.929,6.925,16.32,30512.0,-711.2,-38.0,,0,0,1,4.579,0
2021-07-19 08:00:00,2021,7,0,8,19366.0,2110.7,44.3,21.6,1.71,515.0,135.0,40.876,0.2689,88.061,4.579,6.626,20.398,5.946,19888.0,5.421,6.554,19.05,30512.0,1457.0,28.0,-11.2,0,0,1,9.575,0
2021-07-19 09:00:00,2021,7,0,9,19750.0,589.6,37.4,,2.45,484.0,136.3,11.645,0.0766,12.986,9.575,2.941,19.368,7.003,20232.0,5.17,6.395,16.22,30512.0,-1474.2,-31.0,-16.6,0,0,1,1.44,0
2021-07-19 10:00:00,2021,7,0,10,19085.0,1254.3,40.3,2.9,2.53,511.0,137.0,23.939,0.1575,166.61,1.44,1.962,,7.896,22208.0,7.819,6.648,14.37,30512.0,,27.0,,0,0,1,17.853,0
2021-07-19 11:00:00,2021,7,0,11,18020.0,1224.2,39.3,19.9,2.58,484.0,136.9,22.059,0.1451,,17.853,10.214,9.545,6.136,23213.0,6.296,6.848,16.18,30512.0,21.4,-27.0,-16.9,0,0,1,1.077,0
2021-07-19 12:00:00,2021,7,0,12,17515.0,,47.2,24.7,2.99,515.0,143.8,34.666,0.2281,16.107,1.077,3.252,12.929,5.206,23937.0,6.018,6.942,15.53,30512.0,-132.4,31.0,-8.4,0,0,1,1.584,0
2021-07-19 13:00:00,2021,7,0,13,19202.0,674.6,35.4,,2.89,502.0,138.7,12.954,0.0852,46.127,1.584,4.579,8.806,10.591,24868.0,6.084,6.975,14.08,30512.0,-567.3,-13.0,-17.1,0,0,1,4.973,0
2021-07-19 14:00:00,2021,7,0,14,19367.0,704.1,41.2,1.0,2.8,,144.4,13.636,0.0897,95.928,4.973,9.575,20.089,5.094,25104.0,6.226,6.521,10.65,30512.0,-1406.6,-37.0,-11.9,0,0,1,10.431,0
2021-07-19 15:00:00,2021,7,0,15,,1243.6,40.6,14.8,2.98,492.0,141.1,22.569,0.1485,,10.431,1.44,,4.417,24546.0,6.358,5.543,11.48,30512.0,654.0,27.0,-12.6,0,0,1,2.233,0
2021-07-19 16:00:00,2021,7,0,16,16611.0,,43.2,22.6,2.63,522.0,139.7,31.992,0.2105,20.587,2.233,17.853,9.215,9.229,25208.0,3.703,5.607,14.77,30512.0,671.7,30.0,-10.3,0,0,1,1.92,0
2021-07-19 17:00:00,2021,7,0,17,17318.0,,46.3,21.4,3.11,509.0,142.1,33.224,0.2186,22.132,1.92,1.077,23.078,4.698,20401.0,3.882,4.425,15.02,30512.0,694.2,-13.0,-0.5,0,0,1,2.152,0
2021-07-19 18:00:00,2021,7,0,18,17282.0,1969.0,46.0,22.6,,507.0,144.9,34.028,0.2239,18.303,2.152,1.584,11.876,9.323,21520.0,3.914,4.287,14.67,30350.0,-10.2,-2.0,1.3,0,0,1,1.776,0
2021-07-19 19:00:00,2021,7,0,19,18172.0,1199.1,46.5,9.9,2.62,543.0,139.4,21.789,0.1433,69.138,1.776,4.973,,9.408,20848.0,4.261,,15.38,30350.0,524.5,36.0,,0,0,1,7.054,0
2021-07-19 20:00:00,2021,7,0,20,17437.0,1136.3,44.1,13.0,2.43,456.0,142.5,19.813,0.1303,35.832,7.054,10.431,8.835,5.514,19093.0,3.107,3.901,17.38,29989.0,432.2,-87.0,-5.9,0,0,1,3.508,0
2021-07-19 21:00:00,2021,7,0,21,17656.0,2000.2,42.4,18.0,2.14,,143.0,35.315,0.2323,91.404,3.508,2.233,4.27,5.142,19383.0,4.245,3.995,17.92,29053.0,756.6,5.0,-3.0,0,0,1,9.061,0
2021-07-19 22:00:00,2021,7,0,22,18044.0,1931.5,,21.2,2.71,454.0,145.3,34.852,0.2293,40.756,9.061,,4.286,5.483,19777.0,4.613,3.996,17.68,27289.0,5.5,-7.0,-3.4,0,0,1,4.129,0
2021-07-19 23:00:00,2021,7,0,23,17971.0,1995.2,43.6,33.7,2.54,477.0,144.2,35.855,0.2359,25.372,4.129,2.152,3.504,7.91,19851.0,4.681,4.016,19.73,25967.0,76.8,23.0,-0.8,0,0,1,2.56,0
2021-07-20 00:00:00,2021,7,1,0,17462.0,,39.9,19.7,2.17,502.0,145.6,34.449,0.2266,49.54,2.56,1.776,3.261,6.312,20987.0,5.195,4.001,19.25,25677.0,3.7,25.0,0.0,0,0,1,4.857,0
2021-07-20 01:00:00,2021,7,1,1,17673.0,2116.9,,22.9,2.57,501.0,147.5,37.413,0.2461,43.406,4.857,7.054,4.057,5.328,20566.0,4.737,3.998,21.42,25208.0,917.8,-1.0,-5.5,1,0,1,4.307,0
2021-07-20 02:00:00,2021,7,1,2,18372.0,703.4,35.3,11.6,2.1,519.0,145.4,12.924,0.085,50.76,4.307,3.508,6.626,9.904,19130.0,5.025,3.984,21.18,25208.0,-432.9,18.0,-10.9,1,0,1,5.236,0
2021-07-20 03:00:00,2021,7,1,3,18341.0,726.0,40.2,11.1,2.72,513.0,147.0,13.316,0.0876,51.526,5.236,9.061,2.941,5.597,19470.0,4.399,3.961,20.03,25208.0,-1274.2,-6.0,-4.9,1,0,1,5.306,0
2021-07-20 04:00:00,2021,7,1,4,19999.0,2171.4,,28.6,2.65,520.0,152.9,,0.2857,108.74,5.306,4.129,1.962,21.702,19110.0,5.746,4.162,21.27,25208.0,,,-11.9,1,0,1,12.21,0
2021-07-20 05:00:00,2021,7,1,5,18388.0,1106.8,32.8,12.5,2.88,498.0,149.7,20.351,0.1339,101.898,12.21,2.56,10.214,6.794,19410.0,7.073,4.178,17.73,25208.0,-888.4,-22.0,-9.8,1,0,1,10.52,0
2021-07-20 06:00:00,2021,7,1,6,17883.0,680.0,33.7,,,531.0,151.5,12.16,0.08,,10.52,4.857,3.252,28.054,19587.0,7.524,4.17,16.33,25208.0,-1292.7,33.0,-6.4,1,0,1,7.566,0
2021-07-20 07:00:00,2021,7,1,7,18887.0,1176.4,36.5,18.3,3.13,,157.3,22.22,0.1462,128.099,7.566,4.307,4.579,17.17,19682.0,9.07,4.463,15.57,25208.0,-940.5,-16.0,-2.9,1,0,1,13.584,0
2021-07-20 08:00:00,2021,7,1,8,18809.0,1161.8,35.2,17.4,2.83,,159.5,21.852,0.1438,27.745,13.584,5.236,9.575,20.398,19366.0,8.686,4.44,16.53,25208.0,458.4,-2.0,-9.1,0,0,1,2.93,0
2021-07-20 09:00:00,2021,7,1,9,18464.0,2329.2,36.6,27.7,3.13,548.0,151.1,43.006,0.2829,30.665,2.93,5.306,1.44,19.368,19750.0,8.332,4.381,19.3,25208.0,1603.2,35.0,-0.8,0,0,1,3.179,0
2021-07-20 10:00:00,2021,7,1,10,18813.0,2396.1,33.7,23.7,3.5,581.0,150.6,45.079,0.2966,109.65,3.179,12.21,17.853,7.03,19085.0,8.227,3.778,18.48,25208.0,224.7,33.0,-6.6,0,0,1,11.582,0
2021-07-20 11:00:00,2021,7,1,11,18508.0,749.1,41.2,3.9,3.37,540.0,147.3,13.864,0.0912,85.638,11.582,10.52,1.077,9.545,18020.0,7.957,,17.05,25208.0,-357.7,-41.0,,0,0,1,8.899,0
2021-07-20 12:00:00,2021,7,1,12,18357.0,1117.8,45.8,7.1,3.5,521.0,147.4,20.52,0.135,105.98,8.899,7.566,1.584,12.929,17515.0,8.516,3.728,16.35,25208.0,437.8,-19.0,-1.4,0,0,1,10.923,0
2021-07-20 13:00:00,2021,7,1,13,18313.0,650.6,41.5,2.8,2.83,576.0,152.4,11.915,0.0784,,10.923,13.584,,8.806,19202.0,7.703,3.748,13.77,25208.0,-525.8,55.0,,0,0,1,8.707,0
2021-07-20 14:00:00,2021,7,1,14,18034.0,2226.3,34.8,20.9,,514.0,,40.149,0.2641,104.806,8.707,2.93,10.431,20.089,19367.0,8.984,3.757,14.35,25208.0,1064.5,-62.0,-6.4,0,0,1,10.612,0
2021-07-20 15:00:00,2021,7,1,15,18417.0,679.3,43.9,3.1,3.11,507.0,150.1,,0.0823,94.735,10.612,3.179,2.233,24.542,18147.0,10.086,3.705,10.25,25208.0,-1649.9,-7.0,3.3,0,0,1,9.796,0
2021-07-20 16:00:00,2021,7,1,16,16930.0,1203.4,40.6,11.4,3.11,465.0,156.3,20.374,0.134,71.18,9.796,11.582,1.92,9.215,16611.0,9.284,3.558,8.2,25208.0,-1192.7,-42.0,-2.6,0,0,1,6.766,0
2021-07-20 17:00:00,2021,7,1,17,18413.0,1203.9,43.4,4.1,3.23,568.0,156.4,22.167,0.1458,160.261,6.766,8.899,2.152,23.078,17318.0,10.562,3.909,8.23,25208.0,454.8,,-2.9,0,0,1,16.568,0
2021-07-20 18:00:00,2021,7,1,18,18499.0,1283.5,36.2,13.7,3.7,518.0,157.2,23.742,,49.786,16.568,10.923,1.776,11.876,17282.0,9.603,3.749,9.33,25208.0,165.7,-50.0,-9.8,0,0,1,5.171,0
2021-07-20 19:00:00,2021,7,1,19,18697.0,1230.9,30.1,17.5,3.24,538.0,155.7,23.015,0.1514,24.539,5.171,8.707,7.054,13.039,18172.0,8.582,3.892,11.78,25208.0,580.3,20.0,-16.4,0,0,1,2.576,0
2021-07-20 20:00:00,2021,7,1,20,17787.0,1185.0,34.7,21.8,3.77,503.0,157.3,,0.1387,28.969,2.576,10.612,3.508,8.835,17437.0,7.295,3.921,11.93,25208.0,-1041.3,-35.0,-9.4,0,0,1,2.893,0
2021-07-20 21:00:00,2021,7,1,21,,1212.3,37.8,10.1,4.07,490.0,158.6,20.703,0.1362,71.808,2.893,9.796,9.061,4.27,17656.0,6.81,3.908,13.1,25208.0,533.0,,-4.6,0,0,1,6.885,0
2021-07-20 22:00:00,2021,7,1,22,17354.0,687.6,31.7,8.0,4.04,514.0,160.6,11.932,0.0785,20.68,,6.766,4.129,4.286,18044.0,6.018,4.008,12.53,25208.0,-515.8,24.0,,0,0,1,2.015,0
2021-07-20 23:00:00,2021,7,1,23,18047.0,1258.7,32.9,9.5,3.76,476.0,160.8,,0.1494,85.97,2.015,16.568,2.56,3.504,17971.0,4.709,3.885,13.43,25208.0,54.8,-38.0,-10.7,0,0,1,8.711,0
2021-07-21 00:00:00,2021,7,2,0,18125.0,1236.0,35.5,9.8,3.63,476.0,160.4,22.402,0.1474,75.714,8.711,5.171,4.857,3.261,17462.0,5.131,,12.78,25208.0,-47.5,0.0,-4.4,0,0,1,7.705,0
2021-07-21 01:00:00,2021,7,2,1,18861.0,636.1,34.3,12.6,3.74,421.0,155.1,11.998,0.0789,23.136,7.705,2.576,4.307,4.057,17673.0,5.11,3.931,11.97,25208.0,-594.8,-55.0,-3.3,0,0,1,2.45,0
2021-07-21 02:00:00,2021,7,2,2,18006.0,1328.3,36.7,11.5,3.87,420.0,153.8,23.918,0.1574,66.293,,2.893,5.236,6.626,18372.0,5.745,3.904,10.25,25208.0,143.3,-1.0,1.4,0,0,1,6.702,0
2021-07-21 03:00:00,2021,7,2,3,17494.0,622.3,36.0,1.8,3.44,461.0,159.2,10.886,0.0716,92.352,6.702,6.885,5.306,2.941,18341.0,6.109,3.88,8.87,25208.0,-590.0,41.0,-4.2,0,0,1,9.071,0
2021-07-21 04:00:00,2021,7,2,4,17681.0,2241.8,37.4,28.2,2.87,475.0,155.0,39.638,0.2608,,9.071,2.015,12.21,1.962,19999.0,6.26,3.888,12.23,25208.0,1554.2,14.0,4.2,0,0,1,2.92,0
2021-07-21 05:00:00,2021,7,2,5,,584.3,37.6,0.5,3.23,548.0,161.3,10.936,0.0719,,2.92,8.711,10.52,10.214,18388.0,6.433,3.864,10.73,25208.0,-674.4,73.0,4.8,0,0,1,9.752,0
2021-07-21 06:00:00,2021,7,2,6,17270.0,1411.4,37.0,16.5,2.98,522.0,160.2,24.374,0.1604,14.273,9.752,7.705,7.566,3.252,17883.0,5.38,4.055,11.85,25208.0,,-26.0,3.3,0,0,1,1.384,0
2021-07-21 07:00:00,2021,7,2,7,16361.0,603.9,41.2,9.6,3.17,563.0,155.2,9.881,0.065,,1.384,2.45,13.584,4.579,18887.0,5.28,3.953,11.35,25208.0,-32.2,41.0,,0,0,1,1.85,0
2021-07-21 08:00:00,2021,7,2,8,15453.0,1365.0,37.0,11.0,,560.0,151.7,21.093,0.1388,56.361,1.85,,2.93,9.575,18809.0,4.978,,11.27,25208.0,36.7,-3.0,1.8,0,0,1,4.89,0
2021-07-21 09:00:00,2021,7,2,9,14796.0,598.6,42.3,8.6,3.63,529.0,144.4,8.857,0.0583,21.222,4.89,9.071,3.179,1.44,18464.0,3.76,3.958,12.4,25208.0,-23.7,-31.0,5.7,0,0,1,1.763,0
2021-07-21 10:00:00,2021,7,2,10,14106.0,1410.2,36.6,16.4,3.74,512.0,147.1,19.891,0.1309,24.571,1.763,2.92,11.582,17.853,18813.0,3.598,3.929,10.43,25208.0,-831.6,,2.9,0,0,1,1.946,0
2021-07-21 11:00:00,2021,7,2,11,12739.0,533.9,32.3,8.8,2.78,469.0,142.1,6.801,0.0447,47.97,1.946,9.752,8.899,1.077,18508.0,2.544,3.93,11.82,25208.0,-50.4,-43.0,-8.9,0,0,1,3.431,0
2021-07-21 12:00:00,2021,7,2,12,13016.0,1374.9,42.6,0.0,2.99,489.0,141.4,17.896,0.1177,225.973,3.431,1.384,10.923,1.584,18357.0,5.066,4.372,9.07,25208.0,-36.5,20.0,-3.2,0,0,1,16.514,0
2021-07-21 13:00:00,2021,7,2,13,11430.0,1406.1,37.4,4.9,3.75,469.0,138.3,16.072,0.1057,141.536,16.514,1.85,8.707,,18313.0,6.271,4.381,8.28,25208.0,802.2,-20.0,-4.1,0,0,1,9.083,0
2021-07-21 14:00:00,2021,7,2,14,11207.0,2308.0,36.6,,2.85,427.0,137.2,25.865,0.1702,38.667,9.083,4.89,10.612,10.431,18034.0,5.862,4.35,10.28,25208.0,943.0,-42.0,1.8,0,0,1,2.433,0
2021-07-21 15:00:00,2021,7,2,15,12189.0,1380.7,39.0,15.5,3.2,438.0,142.1,16.83,0.1107,31.358,2.433,,9.796,2.233,18417.0,5.926,4.338,11.43,25208.0,782.1,11.0,-4.9,0,0,1,2.146,0
2021-07-21 16:00:00,2021,7,2,16,12017.0,,,18.1,,394.0,140.7,16.346,0.1075,34.059,2.146,1.946,6.766,1.92,,5.984,4.384,11.72,25208.0,,-44.0,-4.7,0,0,1,2.298,0
2021-07-21 17:00:00,2021,7,2,17,15162.0,2563.6,41.4,37.1,3.18,444.0,141.3,38.87,0.2557,20.322,2.298,3.431,16.568,2.152,18413.0,5.701,3.75,16.43,25208.0,2029.7,50.0,-2.0,0,0,0,1.73,0
2021-07-21 18:00:00,2021,7,2,18,14667.0,569.9,44.4,11.8,2.75,,138.4,,0.055,28.768,1.73,16.514,5.171,1.776,18499.0,3.343,3.783,18.4,25208.0,-805.0,-49.0,8.2,0,0,0,2.369,0
2021-07-21 19:00:00,2021,7,2,19,13665.0,1481.6,45.7,17.2,2.97,400.0,140.4,20.246,0.1332,29.613,,9.083,2.576,7.054,18697.0,2.208,,20.45,25208.0,75.5,5.0,15.6,0,0,0,2.272,0
2021-07-21 20:00:00,2021,7,2,20,12808.0,1430.6,40.8,14.2,3.2,375.0,136.4,18.324,0.1206,38.158,2.272,2.433,2.893,3.508,17787.0,2.26,3.794,18.98,25208.0,-877.4,-25.0,6.1,0,0,0,2.744,0
2021-07-21 21:00:00,2021,7,2,21,12370.0,1418.6,45.0,9.9,2.92,397.0,131.5,17.548,0.1154,,2.744,2.146,6.885,9.061,,4.08,4.142,18.05,25208.0,37.9,22.0,7.2,1,0,0,13.068,0
2021-07-21 22:00:00,2021,7,2,22,14261.0,602.2,47.3,5.0,3.1,381.0,132.0,8.588,0.0565,110.254,13.068,2.298,2.015,4.129,17354.0,5.169,4.164,15.87,25208.0,-758.1,-16.0,15.6,1,0,0,8.828,0
2021-07-21 23:00:00,2021,7,2,23,14926.0,1392.4,44.2,16.8,3.0,401.0,129.3,,0.1367,97.669,8.828,1.73,8.711,2.56,18047.0,6.244,4.147,12.48,25208.0,,20.0,11.3,1,0,0,8.185,0
2021-07-22 00:00:00,2021,7,3,0,15130.0,1421.7,43.8,16.4,2.53,438.0,138.6,21.511,0.1415,109.007,8.185,2.369,7.705,4.857,18125.0,7.393,4.199,13.25,25208.0,851.8,,8.3,1,0,0,9.26,0
2021-07-22 01:00:00,2021,7,3,1,14835.0,1369.1,44.1,13.2,2.69,424.0,138.2,20.31,0.1336,224.991,9.26,2.272,2.45,4.307,18861.0,10.138,4.966,12.58,25208.0,-112.5,-14.0,9.8,1,0,0,18.74,1
2021-07-22 02:00:00,2021,7,3,2,15339.0,533.9,44.0,0.0,2.98,413.0,134.8,8.189,,181.939,18.74,2.744,6.702,5.236,18006.0,12.292,5.346,10.22,25208.0,-896.7,-11.0,7.3,1,0,0,15.669,0
2021-07-22 03:00:00,2021,7,3,3,15391.0,1338.8,46.6,4.2,2.83,442.0,138.9,20.605,0.1356,181.602,15.669,13.068,9.071,5.306,17494.0,12.729,5.654,9.27,25208.0,-79.8,29.0,10.6,0,0,0,15.693,0
2021-07-22 04:00:00,2021,7,3,4,15056.0,2689.4,45.5,32.1,2.56,472.0,137.5,40.491,0.2664,59.338,15.693,8.828,2.92,12.21,17681.0,12.094,5.611,13.78,25208.0,2087.2,30.0,8.1,0,0,0,5.016,0
2021-07-22 05:00:00,2021,7,3,5,17256.0,552.0,45.7,8.4,3.45,446.0,140.2,9.525,0.0627,53.713,5.016,,9.752,10.52,18718.0,11.597,5.58,,25208.0,-840.4,-26.0,8.1,0,0,0,5.204,0
2021-07-22 06:00:00,2021,7,3,6,15200.0,1235.5,47.8,9.8,3.0,405.0,138.0,18.78,0.1236,86.066,5.204,9.26,1.384,7.566,17270.0,11.278,5.473,11.28,25208.0,-186.2,-41.0,10.8,0,0,0,7.345,0
2021-07-22 07:00:00,2021,7,3,7,15403.0,2765.2,,21.5,2.88,411.0,141.7,42.592,,165.781,7.345,18.74,1.85,13.584,16361.0,10.544,5.578,12.67,25208.0,1396.1,6.0,6.3,0,0,0,14.337,0
2021-07-22 08:00:00,2021,7,3,8,16231.0,2764.1,44.8,32.7,3.26,401.0,139.9,44.865,0.2952,60.221,14.337,15.669,4.89,2.93,15453.0,8.847,5.568,18.12,25208.0,2230.2,-10.0,7.8,0,0,0,5.488,0
2021-07-22 09:00:00,2021,7,3,9,15552.0,562.4,45.1,2.8,3.02,442.0,139.5,8.746,0.0575,99.315,5.488,15.693,1.763,3.179,14796.0,7.677,5.446,17.88,25208.0,-776.4,41.0,2.8,0,0,0,8.672,0
2021-07-22 10:00:00,2021,7,3,10,,1324.9,49.0,19.5,2.67,407.0,138.0,,0.1388,70.071,8.672,5.016,1.946,11.582,14106.0,7.885,5.32,15.78,25208.0,-1364.5,-35.0,,0,0,0,6.264,0
2021-07-22 11:00:00,2021,7,3,11,15834.0,546.9,44.3,1.5,3.14,380.0,138.1,8.659,0.057,118.795,6.264,5.204,3.431,8.899,12739.0,8.778,5.266,14.63,25208.0,,-27.0,12.0,0,0,0,10.561,0
2021-07-22 12:00:00,2021,7,3,12,15284.0,2706.3,45.8,25.6,3.12,400.0,134.5,41.365,0.2721,94.006,10.561,7.345,16.514,10.923,13016.0,8.898,4.95,17.27,25208.0,1470.8,20.0,,0,0,0,8.067,0
2021-07-22 13:00:00,2021,7,3,13,13921.0,1361.1,,9.8,2.52,420.0,139.4,,0.1247,99.59,8.067,14.337,9.083,8.707,11430.0,7.806,4.942,15.32,25208.0,-1404.1,20.0,7.5,0,0,0,7.784,0
2021-07-22 14:00:00,2021,7,3,14,14720.0,1297.8,43.4,,2.58,399.0,144.3,19.104,0.1257,72.138,7.784,5.488,2.433,10.612,11207.0,7.885,4.83,11.78,25208.0,-1466.3,-21.0,6.8,0,0,0,5.962,0
2021-07-22 15:00:00,2021,7,3,15,15646.0,553.0,45.9,7.8,2.45,385.0,146.7,8.652,0.0569,43.702,5.962,8.672,2.146,9.796,12189.0,7.08,,12.62,25208.0,-9.4,-14.0,6.9,0,0,0,3.839,0
2021-07-22 16:00:00,2021,7,3,16,15612.0,1296.3,46.5,18.2,2.44,424.0,142.0,20.238,0.1331,55.296,3.839,6.264,2.298,6.766,12017.0,6.843,4.653,12.4,25208.0,-28.6,39.0,10.6,0,0,0,4.847,0
2021-07-22 17:00:00,2021,7,3,17,15371.0,556.2,46.2,1.6,2.49,390.0,136.2,8.549,0.0562,89.338,4.847,10.561,1.73,16.568,15162.0,6.368,4.459,12.42,25208.0,9.3,-34.0,4.8,0,0,0,7.71,0
2021-07-22 18:00:00,2021,7,3,18,16212.0,1373.4,47.5,11.9,2.26,391.0,137.7,22.265,0.1465,69.993,7.71,8.067,,5.171,14667.0,6.086,4.301,10.13,25208.0,-1332.9,1.0,3.1,0,0,0,6.371,0
2021-07-22 19:00:00,2021,7,3,19,14912.0,1437.3,46.5,11.8,2.5,398.0,141.0,21.434,0.141,63.792,6.371,7.784,2.272,2.576,13665.0,5.678,4.154,10.47,25208.0,76.2,7.0,0.8,0,0,0,5.341,0
2021-07-22 20:00:00,2021,7,3,20,14911.0,1439.7,48.5,7.2,2.66,385.0,134.5,21.467,0.1412,144.268,5.341,5.962,2.744,2.893,12808.0,6.698,4.022,9.75,25208.0,141.9,-13.0,7.7,0,0,0,12.078,0
2021-07-22 21:00:00,2021,7,3,21,17040.0,2312.4,45.6,,2.57,343.0,136.1,,0.2592,47.997,12.078,,13.068,6.885,12370.0,6.823,4.015,,25208.0,1759.4,-42.0,0.6,0,0,0,4.592,0
2021-07-22 22:00:00,2021,7,3,22,17336.0,609.9,45.1,0.0,2.5,371.0,134.5,10.574,0.0696,114.184,4.592,4.847,8.828,2.015,14261.0,7.868,4.048,,25208.0,-686.4,28.0,-2.2,0,0,0,11.114,0
2021-07-22 23:00:00,2021,7,3,23,16249.0,634.4,44.1,0.7,2.56,,136.0,10.308,0.0678,105.687,11.114,7.71,8.185,8.711,14926.0,8.19,4.052,10.0,25208.0,78.2,-36.0,-0.1,0,0,0,9.642,0
2021-07-23 00:00:00,2021,7,4,0,16755.0,1358.6,46.4,10.8,2.15,316.0,137.1,22.764,0.1498,90.781,9.642,6.371,9.26,7.705,15130.0,8.551,4.05,9.82,25208.0,-14.8,-19.0,2.6,0,0,0,8.54,0
2021-07-23 01:00:00,2021,7,4,1,15978.0,1369.2,42.2,11.5,1.56,358.0,131.8,21.878,0.1439,70.07,8.54,5.341,,2.45,14835.0,8.709,3.464,9.77,25208.0,-68.1,42.0,-1.9,0,0,0,6.286,0
2021-07-23 02:00:00,2021,7,4,2,15589.0,591.8,44.5,4.0,2.33,337.0,138.6,9.225,0.0607,62.519,6.286,12.078,15.669,6.702,15339.0,7.608,3.114,9.23,25208.0,-847.9,-21.0,0.5,0,0,0,5.472,0
2021-07-23 03:00:00,2021,7,4,3,14310.0,1358.5,,12.4,2.01,347.0,134.4,19.44,0.1279,45.641,5.472,4.592,15.693,9.071,15391.0,7.454,2.725,6.57,25208.0,-953.9,10.0,-5.4,0,0,0,3.667,0
2021-07-23 04:00:00,2021,7,4,4,14173.0,1397.8,42.4,9.5,2.17,358.0,131.4,19.811,0.1303,93.019,3.667,11.114,,2.92,15056.0,6.835,2.682,8.15,25208.0,787.9,11.0,-3.1,0,0,0,7.402,0
2021-07-23 05:00:00,2021,7,4,5,15590.0,1334.8,44.9,9.0,2.4,362.0,133.7,20.808,0.1369,101.141,7.402,9.642,5.204,9.752,17256.0,6.703,2.658,9.53,25208.0,700.4,4.0,-0.8,0,0,0,8.853,0
2021-07-23 06:00:00,2021,7,4,6,15607.0,1279.3,42.9,18.4,2.07,,136.9,19.965,0.1314,,8.853,8.54,7.345,1.384,15200.0,5.803,2.804,10.8,25208.0,-79.3,0.0,-4.9,0,0,0,3.137,0
2021-07-23 07:00:00,2021,7,4,7,15957.0,,38.8,0.2,1.68,354.0,137.2,9.872,0.0649,112.053,3.137,6.286,14.337,1.85,15403.0,6.428,2.453,8.92,25208.0,-750.6,-8.0,-8.7,0,0,0,10.039,0
2021-07-23 08:00:00,2021,7,4,8,15703.0,611.2,40.7,4.6,1.54,367.0,136.4,9.598,0.0631,52.639,10.039,5.472,5.488,4.89,16231.0,6.29,,9.02,25208.0,19.4,13.0,-4.1,0,0,0,4.641,0
2021-07-23 09:00:00,2021,7,4,9,15685.0,1352.7,46.3,8.8,,391.0,138.7,21.217,0.1396,100.085,4.641,3.667,8.672,1.763,15552.0,7.148,2.488,8.42,25208.0,-5.8,24.0,1.2,0,0,0,8.814,0
2021-07-23 10:00:00,2021,7,4,10,15861.0,1390.0,43.8,11.9,1.72,440.0,137.4,22.047,0.145,,,7.402,6.264,1.946,15922.0,7.014,2.484,8.82,25208.0,-7.8,49.0,-5.2,0,0,0,6.601,0
2021-07-23 11:00:00,2021,7,4,11,15386.0,1375.1,42.5,13.2,,438.0,138.8,21.157,0.1392,42.322,6.601,8.853,10.561,3.431,15834.0,6.148,2.47,,25208.0,40.3,-2.0,-1.8,0,0,0,3.656,0
2021-07-23 12:00:00,2021,7,4,12,14930.0,2445.5,42.6,21.4,1.95,457.0,140.3,36.51,0.2402,76.349,3.656,3.137,8.067,,15284.0,6.692,2.458,,25208.0,1166.2,19.0,,0,0,0,6.4,0
2021-07-23 13:00:00,2021,7,4,13,15872.0,639.6,,4.4,2.0,502.0,140.1,10.153,0.0668,51.81,6.4,10.039,7.784,,13921.0,5.788,2.487,10.72,25208.0,21.0,45.0,-0.9,0,0,0,4.617,0
2021-07-23 14:00:00,2021,7,4,14,16143.0,1251.5,48.2,12.7,1.95,533.0,137.9,20.203,0.1329,38.892,4.617,4.641,,2.433,14720.0,5.602,2.565,12.07,25208.0,640.3,31.0,4.8,0,0,0,3.525,0
2021-07-23 15:00:00,2021,7,4,15,15748.0,1222.9,46.9,14.3,1.92,,139.3,19.259,,,3.525,8.814,3.839,2.146,15646.0,4.68,2.593,12.98,25208.0,-129.8,32.0,1.0,0,0,0,3.278,0
2021-07-23 16:00:00,2021,7,4,16,17477.0,644.6,45.5,2.8,2.19,520.0,136.0,11.265,0.0741,82.802,3.278,6.601,4.847,,15612.0,4.934,2.587,,25208.0,-745.4,-45.0,-1.0,0,0,0,8.125,0
2021-07-23 17:00:00,2021,7,4,17,17426.0,2233.5,48.3,29.0,1.84,493.0,135.2,38.919,0.256,32.144,8.125,3.656,7.71,1.73,15371.0,4.848,2.673,14.1,25208.0,858.4,-27.0,2.1,0,0,0,3.145,0
2021-07-23 18:00:00,2021,7,4,18,18405.0,2241.9,45.8,29.9,,,136.8,41.262,0.2715,35.283,3.145,6.4,6.371,2.369,16212.0,4.389,2.735,15.52,25208.0,-203.6,6.0,-1.7,0,0,0,3.646,0
2021-07-23 19:00:00,2021,7,4,19,19244.0,745.3,46.5,,2.36,511.0,131.4,14.343,0.0944,97.893,3.646,,,2.272,14912.0,5.383,2.856,15.22,25208.0,,12.0,0.0,0,0,0,10.577,0
2021-07-23 20:00:00,2021,7,4,20,18225.0,2327.1,48.6,23.9,2.09,500.0,132.5,42.413,0.279,75.475,10.577,3.525,12.078,2.744,14911.0,6.082,2.62,17.08,25208.0,1075.6,-11.0,0.1,0,0,0,7.723,0
2021-07-23 21:00:00,2021,7,4,21,17459.0,714.1,49.3,5.8,1.88,478.0,134.9,12.467,0.082,45.172,7.723,3.278,4.592,13.068,17040.0,6.274,2.625,15.67,25208.0,-508.8,,3.7,0,0,0,4.428,0
2021-07-23 22:00:00,2021,7,4,22,16502.0,2347.1,48.9,17.3,1.62,537.0,133.9,38.732,0.2548,134.212,4.428,8.125,11.114,8.828,17336.0,6.992,2.74,18.08,25208.0,1702.5,59.0,3.8,0,0,0,12.435,0
2021-07-23 23:00:00,2021,7,4,23,15762.0,2227.0,50.4,17.7,1.56,530.0,139.9,35.102,0.2309,101.472,12.435,3.145,9.642,8.185,16249.0,7.965,2.709,16.2,25208.0,-6.5,-7.0,6.3,0,0,0,8.98,0
2021-07-24 00:00:00,2021,7,5,0,15764.0,659.4,49.3,9.5,1.6,529.0,139.3,10.395,0.0684,24.574,8.98,3.646,8.54,9.26,16755.0,7.72,2.802,12.8,25208.0,-1582.5,-1.0,2.9,0,0,0,2.175,0
2021-07-24 01:00:00,2021,7,5,1,16152.0,1189.6,47.0,,0.76,521.0,138.9,19.215,0.1264,32.882,2.175,10.577,6.286,18.74,15978.0,6.454,2.876,14.65,25208.0,444.3,-8.0,4.8,0,0,0,2.982,0
2021-07-24 02:00:00,2021,7,5,2,17954.0,1267.1,50.5,17.3,1.29,578.0,146.4,22.75,0.1497,151.164,2.982,7.723,5.472,15.669,15589.0,7.706,3.433,13.55,25208.0,-1060.0,57.0,6.0,1,0,0,15.238,0
2021-07-24 03:00:00,2021,7,5,3,18317.0,739.2,50.0,7.8,1.52,514.0,146.4,13.541,0.0891,51.613,,4.428,3.667,15.693,14310.0,7.853,3.392,13.88,25208.0,,-64.0,8.8,1,0,0,5.308,0
2021-07-24 04:00:00,2021,7,5,4,18113.0,1158.9,51.5,26.2,,512.0,145.6,20.99,0.1381,231.679,5.308,12.435,7.402,5.016,14173.0,,4.865,15.37,25208.0,-1188.2,-2.0,9.1,1,0,0,23.561,1
2021-07-24 05:00:00,2021,7,5,5,15745.0,1156.2,53.1,5.6,1.64,509.0,145.6,18.204,0.1198,393.172,23.561,8.98,8.853,5.204,15590.0,14.004,7.445,13.35,25208.0,-1070.8,-3.0,,1,0,0,34.757,1
2021-07-24 06:00:00,2021,7,5,6,16392.0,703.6,49.8,7.1,0.74,518.0,142.2,11.534,0.0759,76.667,,2.175,3.137,7.345,15607.0,14.817,7.371,12.95,,44.2,9.0,6.9,1,0,0,7.056,0
2021-07-24 07:00:00,2021,7,5,7,16639.0,694.9,47.7,7.6,1.16,501.0,143.3,11.562,0.0761,69.866,7.056,2.982,10.039,14.337,15957.0,15.408,7.372,11.93,25208.0,,-17.0,8.9,1,0,0,6.527,0
2021-07-24 08:00:00,2021,7,5,8,16879.0,662.4,49.6,0.0,,457.0,141.2,11.18,0.0736,117.391,6.527,15.238,4.641,5.488,15703.0,14.722,7.353,9.05,25208.0,-604.7,-44.0,8.9,0,0,0,11.125,0
2021-07-24 09:00:00,2021,7,5,9,18290.0,1311.9,47.1,9.7,1.17,444.0,146.3,23.994,0.1579,102.833,11.125,5.308,8.814,8.672,15685.0,15.598,7.364,9.37,25208.0,572.7,-13.0,0.8,0,0,0,10.56,0
2021-07-24 10:00:00,2021,7,5,10,19826.0,1253.9,49.9,19.6,1.81,464.0,152.7,24.86,0.1635,40.013,10.56,23.561,6.601,6.264,15861.0,12.413,7.403,8.27,25208.0,95.0,20.0,6.1,0,0,0,4.454,0
2021-07-24 11:00:00,2021,7,5,11,20117.0,1280.1,48.5,18.8,,478.0,156.6,25.752,0.1694,41.78,4.454,34.757,3.656,10.561,15386.0,7.407,,10.47,25208.0,123.9,14.0,6.0,0,0,0,4.719,0
2021-07-24 12:00:00,2021,7,5,12,19475.0,644.8,48.2,2.2,2.23,513.0,145.0,,0.0826,105.749,4.719,7.056,6.4,8.067,14930.0,8.158,7.385,9.65,25208.0,-58.8,35.0,5.6,0,0,0,11.563,0
2021-07-24 13:00:00,2021,7,5,13,18653.0,603.1,51.9,0.0,2.26,484.0,,11.25,0.074,125.935,11.563,6.527,4.617,7.784,15872.0,9.268,7.383,8.38,25208.0,-91.8,-29.0,7.9,0,0,0,13.189,0
2021-07-24 14:00:00,2021,7,5,14,19314.0,1284.4,49.3,11.6,2.65,496.0,148.2,24.807,0.1632,89.902,13.189,11.125,3.525,,16143.0,9.039,7.286,10.32,25208.0,622.0,12.0,1.1,0,0,0,9.749,0
2021-07-24 15:00:00,2021,7,5,15,18525.0,603.6,49.3,2.2,2.45,486.0,151.0,11.182,0.0736,102.163,9.749,10.56,3.278,3.839,15748.0,9.05,7.172,,25208.0,-708.3,-10.0,2.4,0,0,0,10.626,0
2021-07-24 16:00:00,2021,7,5,16,,1331.4,46.7,15.0,2.13,462.0,151.3,25.584,0.1683,68.125,10.626,4.454,8.125,4.847,17477.0,9.533,7.181,8.3,25208.0,77.5,-24.0,1.2,0,0,0,7.35,0
2021-07-24 17:00:00,2021,7,5,17,19500.0,1265.0,46.5,8.9,2.86,456.0,152.9,24.669,0.1623,123.397,7.35,4.719,3.145,,17426.0,10.998,7.083,6.65,25208.0,-15.1,-6.0,-1.8,0,0,0,13.51,0
2021-07-24 18:00:00,2021,7,5,18,18720.0,1266.8,41.4,10.5,3.12,447.0,150.6,23.715,0.156,113.553,13.51,11.563,3.646,6.371,18405.0,11.06,6.956,8.03,25208.0,622.0,-9.0,,0,0,0,11.935,0
2021-07-24 19:00:00,2021,7,5,19,19659.0,1262.3,46.9,17.6,,417.0,150.5,24.816,0.1633,59.007,11.935,13.189,10.577,5.341,19244.0,9.947,,10.97,25208.0,659.2,-30.0,0.4,0,0,0,6.513,0
2021-07-24 20:00:00,2021,7,5,20,20055.0,1782.9,47.3,23.6,2.8,424.0,154.1,35.755,0.2352,47.868,6.513,,7.723,12.078,18225.0,9.221,7.054,12.97,,498.5,7.0,-1.3,0,0,0,5.39,0
2021-07-24 21:00:00,2021,7,5,21,18496.0,533.2,46.8,14.3,2.26,434.0,151.8,9.862,0.0649,54.388,5.39,10.626,4.428,4.592,17459.0,8.391,7.015,14.98,25208.0,-70.4,10.0,-2.5,0,0,0,5.648,0
2021-07-24 22:00:00,2021,7,5,22,18169.0,1795.9,48.3,23.2,2.99,427.0,149.9,32.63,0.2147,60.591,5.648,7.35,12.435,11.114,16502.0,8.196,7.046,16.35,25208.0,464.5,-7.0,-0.6,0,0,0,6.181,0
2021-07-24 23:00:00,2021,7,5,23,19081.0,568.9,46.9,9.3,3.37,394.0,156.1,10.855,0.0714,45.71,6.181,13.51,,9.642,15762.0,6.761,7.119,16.42,25208.0,-696.1,-33.0,-3.5,0,0,0,4.897,0
2021-07-25 00:00:00,2021,7,6,0,19497.0,592.4,44.5,8.5,3.36,409.0,156.7,11.549,0.076,44.351,4.897,11.935,2.175,8.54,15764.0,5.581,7.015,16.08,25208.0,-674.4,15.0,-4.8,0,0,0,4.855,0
2021-07-25 01:00:00,2021,7,6,1,19149.0,1273.7,46.4,7.5,3.33,387.0,153.4,24.39,0.1605,138.913,4.855,6.513,2.982,6.286,16152.0,6.984,6.926,14.4,25208.0,11.4,-22.0,-0.6,0,0,0,14.935,0
2021-07-25 02:00:00,2021,7,6,2,19946.0,623.0,43.7,5.5,3.37,426.0,156.1,12.426,0.0817,69.561,14.935,5.39,15.238,5.472,17954.0,7.384,6.866,11.38,25208.0,-1159.9,39.0,-6.8,0,0,0,7.79,0
2021-07-25 03:00:00,2021,7,6,3,20537.0,1373.8,44.4,20.3,2.81,379.0,153.2,28.213,0.1856,48.054,7.79,5.648,5.308,3.667,18317.0,7.367,6.86,12.38,25208.0,840.6,-47.0,-5.6,0,0,0,5.541,0
2021-07-25 04:00:00,2021,7,6,4,19465.0,1777.9,42.0,21.4,1.86,392.0,155.5,34.607,0.2277,61.699,5.541,6.181,23.561,7.402,18113.0,7.46,6.257,12.08,25208.0,-18.0,13.0,-9.5,0,0,0,6.743,0
2021-07-25 05:00:00,2021,7,6,5,17838.0,1338.5,40.3,17.6,1.92,356.0,156.8,23.877,0.1571,47.757,6.743,4.897,34.757,8.853,15745.0,7.441,3.24,13.47,25208.0,769.6,-36.0,-12.8,0,0,0,4.783,0
2021-07-25 06:00:00,2021,7,6,6,19316.0,1396.9,40.9,20.5,1.68,359.0,154.4,26.983,0.1775,42.222,4.783,4.855,7.056,3.137,,7.395,3.315,15.47,25208.0,804.5,3.0,-8.9,0,0,0,4.579,0
2021-07-25 07:00:00,2021,7,6,7,20773.0,1801.4,40.5,25.4,2.0,341.0,151.3,37.42,0.2462,,4.579,14.935,6.527,10.039,16639.0,5.512,3.424,18.45,25208.0,527.7,-18.0,-7.2,0,0,0,3.633,0
2021-07-25 08:00:00,2021,7,6,8,20587.0,1317.7,40.8,25.4,1.77,349.0,151.2,27.128,0.1785,41.916,3.633,7.79,11.125,4.641,16879.0,5.021,3.409,21.77,25208.0,694.7,8.0,-8.8,0,0,0,4.845,0
2021-07-25 09:00:00,2021,7,6,9,21868.0,630.8,42.9,11.9,2.13,370.0,149.1,13.793,0.0907,33.018,4.845,,10.56,8.814,18290.0,4.773,3.427,20.37,25208.0,-743.0,21.0,-4.2,0,0,0,4.054,0
2021-07-25 10:00:00,2021,7,6,10,23064.0,1638.7,40.0,25.2,1.75,367.0,149.3,37.795,0.2486,32.719,4.054,6.743,4.454,6.601,19826.0,4.355,3.436,21.0,25208.0,-139.2,-3.0,-9.9,0,0,0,4.237,0
2021-07-25 11:00:00,2021,7,6,11,23521.0,588.4,38.6,10.5,1.85,422.0,148.6,13.839,0.091,28.964,4.237,4.783,4.719,3.656,20117.0,4.196,3.471,19.82,25208.0,-750.1,55.0,-9.9,0,0,0,3.825,0
2021-07-25 12:00:00,2021,7,6,12,22884.0,631.9,42.6,15.4,2.11,378.0,153.9,14.461,0.0951,31.179,3.825,4.579,11.563,6.4,19475.0,4.1,3.414,18.97,25208.0,-765.0,-44.0,-5.6,0,0,0,4.006,0
2021-07-25 13:00:00,2021,7,6,13,23084.0,591.2,43.3,3.8,2.83,418.0,152.4,13.648,0.0898,145.139,4.006,3.633,13.189,4.617,18653.0,6.63,3.998,15.37,25208.0,-1210.2,40.0,-8.6,1,0,0,18.811,1
2021-07-25 14:00:00,2021,7,6,14,24831.0,640.3,45.3,6.3,2.41,485.0,150.0,,0.1046,122.067,18.811,4.845,9.749,3.525,19314.0,,,12.18,25208.0,-677.4,67.0,-4.0,1,0,0,17.018,0
2021-07-25 15:00:00,2021,7,6,15,24180.0,628.5,44.4,11.5,2.15,460.0,149.1,15.196,0.1,22.142,17.018,4.054,10.626,3.278,18525.0,8.484,4.489,12.12,25208.0,-2.3,-25.0,-4.9,1,0,0,3.006,0
2021-07-25 16:00:00,2021,7,6,16,24195.0,635.9,43.6,8.4,1.83,,147.6,15.385,0.1012,60.886,3.006,4.237,7.35,8.125,19216.0,9.156,4.493,9.32,24831.0,-1002.8,33.0,-3.1,1,0,0,8.271,0
2021-07-25 17:00:00,2021,7,6,17,23411.0,1172.6,41.5,26.1,1.23,496.0,148.8,27.452,0.1806,109.043,8.271,3.825,13.51,3.145,19500.0,10.908,4.546,11.92,24831.0,584.2,3.0,-5.0,1,0,0,14.333,0
2021-07-25 18:00:00,2021,7,6,18,21821.0,1219.8,42.8,15.9,1.45,513.0,145.7,26.617,0.1751,70.497,14.333,4.006,11.935,3.646,18720.0,11.679,4.449,12.0,24831.0,587.9,17.0,1.4,1,0,0,8.637,0
2021-07-25 19:00:00,2021,7,6,19,22903.0,1839.5,,33.3,1.16,502.0,149.4,42.13,0.2772,20.834,8.637,18.811,6.513,10.577,19659.0,8.991,4.542,16.92,24831.0,1248.3,-11.0,-2.5,0,0,0,2.679,0
2021-07-25 20:00:00,2021,7,6,20,22089.0,551.0,46.6,11.3,1.05,501.0,144.7,12.171,0.0801,25.536,2.679,17.018,5.39,7.723,20055.0,,4.599,17.75,24831.0,-89.3,-1.0,-0.7,0,0,0,3.167,0
2021-07-25 21:00:00,2021,7,6,21,22670.0,527.2,46.9,4.8,1.01,504.0,150.7,11.952,0.0786,50.14,3.167,3.006,5.648,4.428,18496.0,7.245,4.593,16.63,24831.0,-101.3,,0.1,0,0,0,6.382,0
2021-07-25 22:00:00,2021,7,6,22,22407.0,1295.5,44.9,19.7,0.98,496.0,152.1,,0.191,36.31,6.382,8.271,6.181,12.435,18169.0,6.628,4.617,18.52,24831.0,659.6,-8.0,-3.4,0,0,0,4.568,0
2021-07-25 23:00:00,2021,7,6,23,21874.0,,,6.1,0.89,,150.9,10.749,,44.946,4.568,14.333,4.897,8.98,19081.0,5.159,,15.18,24831.0,-681.2,27.0,-4.0,0,0,0,5.52,0
2021-07-26 00:00:00,2021,7,0,0,,1257.1,47.3,10.8,1.23,499.0,147.5,27.855,0.1833,108.356,5.52,8.637,4.855,2.175,19497.0,5.966,,14.33,24831.0,37.3,-24.0,2.8,0,0,0,13.481,0
2021-07-26 01:00:00,2021,7,0,1,22294.0,,48.1,14.3,0.97,509.0,148.3,28.78,0.1893,88.143,13.481,,14.935,,19149.0,7.359,4.562,11.17,24831.0,-548.6,10.0,1.7,0,0,0,11.033,0
2021-07-26 02:00:00,2021,7,0,2,23609.0,1264.3,48.9,16.7,1.05,520.0,140.6,29.85,0.1964,55.313,11.033,3.167,7.79,15.238,19946.0,8.053,4.56,12.07,24831.0,713.3,11.0,5.2,0,0,0,7.332,0
2021-07-26 03:00:00,2021,7,0,3,24699.0,532.5,45.6,15.0,0.93,536.0,139.8,13.152,0.0865,30.438,7.332,6.382,5.541,5.308,20537.0,7.693,4.587,13.77,24831.0,,16.0,1.2,0,0,0,4.221,0
2021-07-26 04:00:00,2021,7,0,4,25379.0,,47.9,18.6,0.95,537.0,127.5,29.949,0.197,40.044,4.221,4.568,6.743,23.561,19465.0,7.882,4.595,13.58,25379.0,-115.4,1.0,5.9,0,0,0,5.706,0
2021-07-26 05:00:00,2021,7,0,5,25404.0,1196.7,47.6,12.8,0.76,510.0,132.3,30.401,0.2,91.914,5.706,5.52,4.783,34.757,17838.0,9.147,4.732,14.7,25404.0,705.3,-27.0,7.3,0,0,0,13.11,0
2021-07-26 06:00:00,2021,7,0,6,26007.0,1813.5,47.6,34.5,0.68,477.0,129.2,47.163,,30.003,13.11,13.481,4.579,7.056,19316.0,7.631,4.737,18.65,26007.0,556.4,-33.0,6.7,0,0,0,4.381,0
2021-07-26 07:00:00,2021,7,0,7,26501.0,545.3,46.1,6.5,0.63,489.0,130.1,14.451,0.0951,52.913,4.381,11.033,3.633,6.527,20773.0,7.104,4.672,17.35,26501.0,-745.6,12.0,5.6,0,0,0,7.873,0
2021-07-26 08:00:00,2021,7,0,8,25195.0,1146.6,47.4,18.3,0.6,491.0,127.3,28.887,0.19,36.088,7.873,7.332,4.845,11.125,20587.0,6.733,4.665,17.62,26501.0,-117.7,2.0,6.6,0,0,0,5.105,0
2021-07-26 09:00:00,2021,7,0,9,25694.0,1172.1,51.5,23.6,0.73,519.0,126.5,30.115,0.1981,29.523,5.105,4.221,4.054,10.56,21868.0,6.739,,19.05,26501.0,639.6,28.0,8.6,0,0,0,4.259,0
2021-07-26 10:00:00,2021,7,0,10,24018.0,537.9,51.8,17.4,0.3,502.0,132.3,12.92,0.085,30.345,4.259,5.706,4.237,4.454,23064.0,6.47,4.664,18.85,26501.0,-642.2,-17.0,11.8,0,0,0,4.092,0
2021-07-26 11:00:00,2021,7,0,11,25100.0,1180.1,49.7,20.0,0.8,523.0,132.1,29.62,0.1949,30.115,4.092,13.11,3.825,4.719,23521.0,4.992,4.65,20.05,26501.0,-16.6,21.0,11.1,0,0,0,4.244,0
2021-07-26 12:00:00,2021,7,0,12,26567.0,1194.5,49.7,17.8,0.28,475.0,129.8,31.735,0.2088,56.77,4.244,4.381,4.006,11.563,22884.0,5.674,4.591,17.27,26567.0,-619.0,-48.0,7.1,0,0,0,8.468,0
2021-07-26 13:00:00,2021,7,0,13,26771.0,486.6,45.9,12.4,0.66,486.0,125.5,13.026,0.0857,53.284,8.468,7.873,18.811,13.189,23084.0,5.696,3.941,18.25,26771.0,-58.7,11.0,2.6,1,0,0,8.009,0
2021-07-26 14:00:00,2021,7,0,14,24710.0,1097.5,51.4,18.1,1.01,489.0,122.8,27.12,0.1784,32.702,8.009,5.105,17.018,9.749,24831.0,5.602,3.386,18.22,26771.0,-49.1,3.0,6.1,1,0,0,4.537,0
2021-07-26 15:00:00,2021,7,0,15,25104.0,1115.7,50.5,23.5,1.38,500.0,128.5,28.01,0.1843,81.924,4.537,4.259,3.006,10.626,24180.0,6.816,3.422,18.2,26771.0,-56.4,11.0,6.1,1,0,0,11.547,0
2021-07-26 16:00:00,2021,7,0,16,25102.0,1132.5,50.3,18.1,1.03,438.0,128.9,28.428,0.187,54.407,11.547,4.092,8.271,7.35,24195.0,7.412,3.416,18.32,26771.0,594.6,-62.0,6.7,1,0,0,7.668,0
2021-07-26 17:00:00,2021,7,0,17,23899.0,538.6,48.3,10.9,0.72,494.0,127.6,12.872,0.0847,223.784,7.668,4.244,14.333,13.51,23411.0,11.71,5.64,16.8,26771.0,-641.5,56.0,6.8,1,0,0,30.028,1
2021-07-26 18:00:00,2021,7,0,18,24688.0,1139.9,50.9,17.5,1.07,505.0,131.0,28.142,0.1851,99.428,30.028,,8.637,11.935,21821.0,12.595,5.771,16.75,26771.0,-54.6,11.0,8.1,1,0,0,13.782,0
2021-07-26 19:00:00,2021,7,0,19,25164.0,493.7,53.2,8.9,1.16,506.0,128.2,12.424,0.0817,30.966,13.782,8.009,2.679,6.513,22903.0,11.99,5.713,16.17,26771.0,7.1,1.0,8.8,0,0,0,4.375,0
2021-07-26 20:00:00,2021,7,0,20,24744.0,1198.8,51.6,30.4,1.51,511.0,132.0,29.663,0.1952,31.275,4.375,4.537,3.167,5.39,22089.0,11.958,5.675,18.22,26771.0,101.3,5.0,5.0,0,0,0,4.345,0
2021-07-26 21:00:00,2021,7,0,21,,,54.7,18.9,2.01,515.0,135.5,29.254,0.1925,35.409,4.345,11.547,6.382,5.648,22670.0,10.834,5.704,17.45,26771.0,94.2,4.0,7.8,0,0,0,4.807,0
2021-07-26 22:00:00,2021,7,0,22,24133.0,1206.4,53.5,23.9,1.77,498.0,131.2,29.113,0.1915,39.137,4.807,,4.568,6.181,22407.0,10.44,5.687,18.42,26771.0,73.9,-17.0,8.6,0,0,0,5.303,0
2021-07-26 23:00:00,2021,7,0,23,23931.0,1202.0,49.9,18.6,1.97,546.0,129.6,28.765,0.1892,37.429,5.303,30.028,,4.897,21874.0,,5.697,19.7,26771.0,663.4,48.0,7.0,0,0,0,5.029,0
2021-07-27 00:00:00,2021,7,1,0,23244.0,534.0,50.1,0.1,2.07,569.0,121.2,12.413,0.0817,101.046,5.029,13.782,13.481,4.855,22159.0,6.174,5.685,16.8,26771.0,-605.9,23.0,2.8,0,0,0,13.187,0
2021-07-27 01:00:00,2021,7,1,1,22717.0,515.0,50.4,10.0,2.16,554.0,119.6,11.7,0.077,38.245,13.187,4.375,11.033,14.935,22294.0,6.258,5.682,16.98,26771.0,21.3,-15.0,2.3,0,0,0,4.878,0
2021-07-27 02:00:00,2021,7,1,2,22338.0,1264.4,52.9,20.3,2.41,556.0,120.5,28.244,0.1858,48.422,,4.345,7.332,7.79,23609.0,6.546,5.692,15.3,26771.0,65.6,2.0,4.0,0,0,0,6.073,0
2021-07-27 03:00:00,2021,7,1,3,22610.0,,52.9,9.4,2.31,552.0,118.7,10.897,0.0717,,6.073,4.807,4.221,5.541,24699.0,6.724,5.658,13.72,26771.0,-727.9,,7.3,0,0,0,5.873,0
2021-07-27 04:00:00,2021,7,1,4,21872.0,1340.7,53.3,14.7,1.62,600.0,121.0,29.324,0.1929,,5.873,5.303,5.706,6.743,25379.0,,5.696,12.18,26771.0,134.3,48.0,5.4,0,0,0,11.75,0
2021-07-27 05:00:00,2021,7,1,5,22313.0,1271.7,50.1,13.0,2.26,617.0,,28.375,0.1867,103.562,,5.029,13.11,4.783,25404.0,9.123,5.691,11.25,26771.0,69.7,17.0,2.5,0,0,0,12.974,0
2021-07-27 06:00:00,2021,7,1,6,20826.0,1659.5,51.4,25.4,2.42,604.0,120.3,,0.2274,61.618,,13.187,4.381,4.579,26007.0,8.126,5.641,15.47,,,-13.0,3.8,0,0,0,7.205,0
2021-07-27 07:00:00,2021,7,1,7,20037.0,518.9,53.9,2.8,,600.0,121.4,,0.0684,92.525,7.205,4.878,7.873,3.633,26501.0,9.047,5.66,14.27,26771.0,3.9,-4.0,7.8,0,0,0,10.409,0
2021-07-27 08:00:00,2021,7,1,8,19664.0,1332.4,54.7,11.6,2.42,604.0,122.5,26.2,0.1724,124.677,10.409,6.073,5.105,4.845,25195.0,10.329,5.726,12.82,26771.0,68.0,4.0,7.3,1,0,0,13.765,0
2021-07-27 09:00:00,2021,7,1,9,20182.0,576.9,51.4,4.9,3.19,568.0,120.4,11.643,0.0766,195.943,13.765,5.873,4.259,4.054,25694.0,13.051,6.279,12.07,26771.0,94.9,-36.0,-0.1,1,0,0,22.203,1
2021-07-27 10:00:00,2021,7,1,10,20322.0,1650.9,53.8,20.7,3.05,599.0,,33.549,0.2207,220.763,22.203,11.75,4.092,4.237,24018.0,15.291,6.95,13.07,26771.0,310.2,31.0,2.0,1,0,0,25.189,1
2021-07-27 11:00:00,2021,7,1,11,21404.0,1390.8,51.5,18.8,3.6,579.0,112.3,29.768,0.1958,94.463,25.189,12.974,4.244,3.825,25100.0,15.021,6.835,14.03,26771.0,119.1,-20.0,1.8,1,0,0,11.352,0
2021-07-27 12:00:00,2021,7,1,12,21103.0,1366.0,51.1,18.5,3.77,588.0,121.1,28.827,0.1897,86.914,11.352,7.205,8.468,4.006,26567.0,15.536,6.821,,26771.0,-293.5,9.0,1.4,1,0,0,10.298,0
2021-07-27 13:00:00,2021,7,1,13,,1414.6,50.2,14.8,3.72,559.0,120.4,29.599,0.1947,146.231,10.298,10.409,8.009,18.811,26771.0,16.664,6.925,14.88,26771.0,895.7,-29.0,4.3,1,0,0,17.18,0
2021-07-27 14:00:00,2021,7,1,14,21490.0,626.7,51.3,9.5,3.22,577.0,116.5,13.467,0.0886,41.465,17.18,13.765,4.537,17.018,24710.0,15.204,6.907,14.53,26771.0,-705.7,18.0,-0.1,0,0,0,5.003,0
2021-07-27 15:00:00,2021,7,1,15,20504.0,1325.5,51.5,18.9,,515.0,118.0,27.177,0.1788,50.677,,22.203,11.547,3.006,25104.0,12.476,6.985,16.87,26771.0,748.6,-62.0,1.0,0,0,0,5.834,0
2021-07-27 16:00:00,2021,7,1,16,21870.0,1862.3,53.1,17.3,3.6,502.0,115.4,40.728,0.2679,153.765,5.834,25.189,7.668,8.271,25102.0,11.425,7.142,16.3,26771.0,211.4,-13.0,2.8,1,0,0,18.881,1
2021-07-27 17:00:00,2021,7,1,17,21182.0,622.3,53.3,12.4,3.3,487.0,119.8,13.182,0.0867,91.517,18.881,11.352,,14.333,23899.0,11.347,5.916,15.23,26771.0,,-15.0,5.0,1,0,0,10.884,0
2021-07-27 18:00:00,2021,7,1,18,20670.0,2033.5,54.4,38.4,3.6,465.0,121.9,42.033,0.2765,101.272,10.884,10.298,13.782,8.637,24688.0,11.589,5.881,18.55,26771.0,667.5,-22.0,3.5,1,0,0,11.753,0
2021-07-27 19:00:00,2021,7,1,19,21005.0,1998.8,53.3,28.7,3.78,440.0,117.0,41.984,0.2762,220.513,11.753,17.18,4.375,2.679,25164.0,13.06,6.544,20.87,26771.0,,-25.0,0.1,1,0,0,26.006,1
2021-07-27 20:00:00,2021,7,1,20,22013.0,2014.5,50.5,34.5,3.45,476.0,112.8,44.346,0.2917,184.483,26.006,5.003,4.345,3.167,24744.0,16.027,6.777,25.03,26771.0,1387.8,36.0,-1.1,1,0,0,22.801,1
2021-07-27 21:00:00,2021,7,1,21,21691.0,2093.3,58.1,30.8,3.35,460.0,109.8,45.405,0.2987,140.09,22.801,5.834,4.807,,24179.0,17.898,6.67,27.02,26771.0,,-16.0,3.4,1,0,0,17.061,0
2021-07-27 22:00:00,2021,7,1,22,,,53.6,7.1,3.5,,110.6,12.243,,53.595,17.061,18.881,5.303,4.568,24133.0,15.859,6.612,25.32,26771.0,-1308.0,10.0,0.1,0,0,0,6.646,0
2021-07-27 23:00:00,2021,7,1,23,21053.0,1238.7,52.7,27.1,3.7,421.0,108.8,26.078,0.1716,57.595,6.646,10.884,5.029,5.52,23931.0,15.179,6.533,27.77,26771.0,616.4,-49.0,2.8,0,0,0,6.808,0
2021-07-28 00:00:00,2021,7,2,0,21165.0,610.1,56.1,6.7,2.97,426.0,106.5,12.913,0.085,61.061,6.808,11.753,,13.481,23244.0,,6.624,22.48,26771.0,-1423.4,5.0,6.0,0,0,0,7.256,0
2021-07-28 01:00:00,2021,7,2,1,20308.0,1301.1,54.4,25.6,2.9,444.0,110.8,26.423,,49.956,7.256,26.006,4.878,11.033,22717.0,11.045,6.586,21.97,26771.0,-697.7,18.0,4.0,0,0,0,5.696,0
2021-07-28 02:00:00,2021,7,2,2,19867.0,589.2,52.6,7.0,1.86,462.0,,11.705,0.077,52.634,5.696,22.801,6.073,7.332,22338.0,8.223,6.594,17.38,26771.0,-1425.3,18.0,-0.3,0,0,0,5.871,0
2021-07-28 03:00:00,2021,7,2,3,20557.0,1970.9,54.8,28.6,1.87,439.0,120.4,40.515,0.2665,51.603,5.871,17.061,5.873,4.221,22610.0,6.372,6.591,17.02,26771.0,-122.4,-23.0,1.9,0,0,0,5.956,0
2021-07-28 04:00:00,2021,7,2,4,21704.0,567.7,52.5,9.9,1.79,482.0,121.6,12.32,0.0811,58.075,5.956,6.646,,5.706,21872.0,6.444,6.681,17.48,26771.0,13.4,,-0.8,0,0,0,7.077,0
2021-07-28 05:00:00,2021,7,2,5,,599.4,51.8,0.0,2.06,441.0,122.6,12.504,0.0823,128.379,7.077,6.808,12.974,13.11,22313.0,7.815,6.703,,26771.0,-639.3,-41.0,1.7,0,0,0,15.035,0
2021-07-28 06:00:00,2021,7,2,6,21830.0,539.9,53.6,2.7,1.58,444.0,122.4,11.786,0.0775,91.795,15.035,7.256,7.205,4.381,20826.0,,6.619,12.3,26771.0,-70.2,3.0,2.2,0,0,0,11.251,0
2021-07-28 07:00:00,2021,7,2,7,21898.0,1312.8,52.4,32.8,2.08,438.0,113.7,28.748,0.1891,51.005,11.251,5.696,10.409,7.873,20037.0,8.577,6.729,13.5,26771.0,11.7,-6.0,,0,0,0,6.271,0
