Timestamp,Machine_ID,Shift,Operator_ID,Material_Type,Machine_Age_Hours,Temperature_C,Vibration_mm_s,Pressure_bar,Rotation_RPM,Oil_Level_Pct,Power_Consumption_kW,Production_Output_units_hr,Defect_Rate_Pct,Downtime_Last30d_hrs,Days_Since_Maintenance,Failure_Within_7Days
2023-01-01 00:00:00,Lathe-02,Morning,OP-003,Cast_Iron,5541,78.15,3.882,6.53,1397.9,96.1,23.21,103.5,1.834,7.7,95,0
2023-01-01 06:00:00,Press-01,Afternoon,OP-007,Titanium_6Al4V,2091,70.84,1.489,6.22,1389.1,87.8,21.61,128.2,0.809,5.5,43,0
2023-01-01 12:00:00,Weld-01,Afternoon,OP-014,Cast_Iron,5209,78.2,3.034,6.43,1431.7,58.4,23.58,102.5,2.135,12.6,79,0
2023-01-01 18:00:00,Press-02,Night,OP-007,Titanium_6Al4V,4985,72.37,3.368,7.42,1434.2,16.4,22.96,126.4,1.804,9.8,55,1
2023-01-02 00:00:00,Lathe-02,Morning,OP-005,Aluminum_6061,5541,77.33,3.301,5.59,1363.7,93.8,20.71,108.9,2.087,7.8,137,0
2023-01-02 06:00:00,Asm-01,Afternoon,OP-005,Steel_A36,691,61.0,1.103,6.28,1398.7,,19.44,112.7,0.902,4.0,150,0
2023-01-02 12:00:00,CNC-03,Afternoon,OP-002,Aluminum_6061,3978,83.47,2.587,7.5,1172.6,15.6,22.56,96.9,2.083,7.9,175,1
2023-01-02 18:00:00,Lathe-02,Morning,OP-006,Steel_A36,5541,90.83,3.055,7.29,1423.3,93.1,25.92,86.3,2.596,12.1,179,0
2023-01-03 00:00:00,Weld-01,Night,OP-015,Steel_A36,5209,75.8,3.162,5.6,1521.6,66.2,22.82,94.3,1.932,7.1,142,0
2023-01-03 06:00:00,Press-02,Morning,OP-010,Cast_Iron,4985,83.31,3.517,6.35,1316.7,15.3,22.34,95.0,2.545,9.8,54,0
2023-01-03 12:00:00,Press-01,Night,OP-007,Aluminum_6061,2091,,2.833,7.08,1412.9,86.9,22.32,98.1,2.141,2.7,42,1
2023-01-03 18:00:00,Weld-01,Afternoon,OP-005,Titanium_6Al4V,5209,73.82,3.798,7.03,1645.4,60.9,,83.6,2.032,10.1,49,0
2023-01-04 00:00:00,Weld-01,Night,OP-001,Aluminum_6061,5209,,3.733,7.28,1448.2,61.9,22.79,107.0,2.335,16.2,5,0
2023-01-04 06:00:00,CNC-03,Afternoon,OP-013,Cast_Iron,3978,90.1,2.291,6.81,1558.5,10.0,23.79,106.8,2.255,5.5,160,1
2023-01-04 12:00:00,Lathe-01,Morning,OP-018,Steel_A36,4937,83.81,3.408,6.94,1369.0,19.7,21.54,102.8,2.254,7.3,61,1
2023-01-04 18:00:00,Press-02,Morning,OP-013,Cast_Iron,4985,79.35,3.354,6.77,1485.9,15.1,23.66,93.7,2.0,8.9,54,1
2023-01-05 00:00:00,CNC-02,Morning,OP-018,Steel_4140,923,65.08,1.72,7.76,1355.4,25.6,19.3,128.0,1.229,5.1,166,0
2023-01-05 06:00:00,Weld-01,Night,OP-005,Steel_4140,5209,71.17,3.335,6.16,1482.1,59.4,22.96,105.5,1.667,7.8,139,0
2023-01-05 12:00:00,Lathe-01,Afternoon,OP-013,Titanium_6Al4V,4937,82.78,4.025,6.54,1517.4,25.2,24.67,92.4,2.327,9.4,115,0
2023-01-05 18:00:00,CNC-02,Morning,OP-004,Cast_Iron,923,77.62,1.625,5.69,1498.4,32.8,20.58,110.7,1.672,8.0,30,0
2023-01-06 00:00:00,Press-02,Morning,OP-017,Titanium_6Al4V,4985,76.51,3.441,5.53,1422.4,10.0,21.21,105.3,2.188,10.1,73,1
2023-01-06 06:00:00,CNC-01,Afternoon,OP-003,Titanium_6Al4V,4424,69.15,2.351,6.76,1472.0,23.1,18.89,90.9,1.838,9.3,33,1
2023-01-06 12:00:00,Asm-01,Morning,OP-017,Steel_4140,691,63.84,1.46,5.92,1472.8,63.8,18.23,116.0,1.135,2.3,168,0
2023-01-06 18:00:00,Lathe-01,Afternoon,OP-011,Titanium_6Al4V,4937,84.84,3.82,6.45,1503.3,21.1,25.36,99.6,2.605,13.4,9,1
2023-01-07 00:00:00,Weld-02,Afternoon,OP-020,Steel_4140,992,65.96,1.856,7.79,1440.1,12.3,16.99,110.9,1.289,2.2,51,1
2023-01-07 06:00:00,CNC-01,Afternoon,OP-004,Steel_A36,4424,74.72,2.273,7.75,1524.5,21.6,19.72,97.7,1.541,6.2,77,0
2023-01-07 12:00:00,Asm-01,Afternoon,OP-002,Cast_Iron,691,,1.322,8.28,1564.8,64.8,20.68,104.6,1.099,2.2,2,0
2023-01-07 18:00:00,CNC-03,Afternoon,OP-020,Titanium_6Al4V,3978,78.58,3.633,7.81,1424.6,14.2,24.94,106.4,2.255,8.1,160,0
2023-01-08 00:00:00,Lathe-02,Night,OP-016,Steel_4140,5541,75.37,3.564,8.42,1453.7,94.0,20.93,110.2,1.876,12.9,134,1
2023-01-08 06:00:00,Press-01,Morning,OP-018,Aluminum_6061,2091,70.45,2.244,6.85,1377.6,88.0,19.04,107.0,1.381,3.0,3,0
2023-01-08 12:00:00,Weld-02,Night,OP-008,Titanium_6Al4V,992,65.61,2.282,5.78,1477.2,11.4,22.03,115.9,1.4,6.3,166,0
2023-01-08 18:00:00,CNC-03,Morning,OP-003,Steel_A36,3978,74.23,2.879,5.7,1477.7,12.3,21.5,103.1,1.729,10.0,47,1
2023-01-09 00:00:00,Press-02,Night,OP-009,Steel_A36,4985,75.49,3.697,7.62,1454.6,14.8,21.19,96.8,2.151,8.9,73,1
2023-01-09 06:00:00,CNC-03,Afternoon,OP-020,Aluminum_6061,3978,82.14,3.105,6.54,1460.7,15.2,24.62,103.8,2.296,9.3,78,1
2023-01-09 12:00:00,Lathe-02,Morning,OP-006,Steel_4140,5541,79.09,3.874,6.6,1603.7,92.0,23.97,92.1,2.396,7.5,143,0
2023-01-09 18:00:00,Press-02,Morning,OP-010,Titanium_6Al4V,4985,70.6,3.533,6.06,1219.1,14.2,22.77,121.8,2.13,6.8,165,1
2023-01-10 00:00:00,Weld-02,Night,OP-010,Steel_4140,992,69.42,1.415,6.16,1410.3,10.3,18.53,102.0,0.985,7.2,3,1
2023-01-10 06:00:00,Lathe-02,Night,OP-013,Steel_A36,5541,85.94,3.445,6.81,1422.5,91.0,24.46,101.5,2.7,9.0,3,0
2023-01-10 12:00:00,CNC-02,Morning,OP-017,Steel_4140,923,63.9,1.262,5.66,1566.6,18.2,20.71,118.0,0.93,2.0,119,0
2023-01-10 18:00:00,Press-01,Night,OP-009,Steel_A36,2091,68.74,1.459,6.71,1488.0,82.6,20.69,114.2,1.254,6.1,118,0
2023-01-11 00:00:00,Weld-02,Night,OP-017,Steel_4140,992,64.85,2.132,7.71,1490.0,10.0,21.06,125.5,1.273,7.9,154,0
2023-01-11 06:00:00,CNC-02,Night,OP-009,Aluminum_6061,923,66.15,1.608,4.79,1550.8,21.9,21.56,93.1,1.158,4.2,16,1
2023-01-11 12:00:00,Asm-01,Afternoon,OP-009,Cast_Iron,691,72.69,,5.27,1435.6,67.4,21.38,113.5,1.274,2.1,95,0
2023-01-11 18:00:00,Weld-02,Afternoon,OP-001,Aluminum_6061,992,67.53,2.26,7.04,1502.2,10.0,19.34,109.8,1.439,3.2,69,1
2023-01-12 00:00:00,Asm-01,Night,OP-002,Aluminum_6061,691,71.36,1.524,7.59,1407.5,65.1,21.49,116.9,0.924,5.0,96,0
2023-01-12 06:00:00,Press-02,Night,OP-016,Cast_Iron,4985,75.73,2.856,6.11,1365.7,12.9,20.24,106.5,2.205,6.4,7,1
2023-01-12 12:00:00,CNC-02,Afternoon,OP-001,Cast_Iron,923,65.97,1.525,4.9,1593.5,23.1,19.03,114.3,1.073,1.9,113,0
2023-01-12 18:00:00,Press-01,Afternoon,OP-010,Titanium_6Al4V,2091,76.3,1.846,7.65,1479.5,82.2,22.05,99.2,1.738,4.5,4,0
2023-01-13 00:00:00,Lathe-02,Morning,OP-018,Titanium_6Al4V,5541,78.29,2.832,5.85,1501.6,93.6,17.43,99.5,2.018,9.7,46,0
2023-01-13 06:00:00,Weld-01,Morning,OP-008,Aluminum_6061,5209,86.34,3.278,6.21,1363.6,63.8,24.2,124.5,2.344,7.8,39,0
2023-01-13 12:00:00,CNC-03,Afternoon,OP-011,Aluminum_6061,3978,74.29,2.912,6.76,1490.8,14.0,22.17,111.4,1.637,6.0,121,1
2023-01-13 18:00:00,CNC-01,Night,OP-002,Steel_A36,4424,77.22,2.878,5.97,1592.3,22.4,20.43,113.7,1.706,5.7,134,0
2023-01-14 00:00:00,Press-01,Night,OP-008,Steel_A36,2091,79.89,1.806,5.8,1427.8,86.2,22.17,104.3,1.793,2.7,139,0
2023-01-14 06:00:00,CNC-02,Night,OP-008,Titanium_6Al4V,923,65.71,1.093,5.81,1349.5,,19.26,109.5,1.001,2.1,93,1
2023-01-14 12:00:00,Weld-01,Night,OP-017,Titanium_6Al4V,5209,82.0,3.557,7.99,1464.7,64.4,23.45,107.0,2.359,8.8,152,1
2023-01-14 18:00:00,Press-01,Morning,OP-015,Steel_A36,2091,74.62,2.863,7.43,1367.1,84.9,,91.4,1.72,5.1,27,0
2023-01-15 00:00:00,CNC-02,Afternoon,OP-017,Steel_A36,923,69.02,2.115,6.96,1325.4,24.5,,106.4,1.378,3.2,170,1
2023-01-15 06:00:00,Lathe-01,Night,OP-013,Steel_4140,4937,81.7,3.621,4.75,1391.2,21.3,24.36,97.9,2.17,7.8,76,1
2023-01-15 12:00:00,Lathe-01,Morning,OP-019,Steel_4140,4937,80.15,3.63,6.96,1410.6,15.7,21.64,109.1,2.059,7.0,174,1
2023-01-15 18:00:00,Asm-01,Night,OP-005,Steel_A36,691,60.65,1.449,6.92,1371.0,69.8,18.48,121.1,0.705,2.4,48,1
2023-01-16 00:00:00,Press-01,Afternoon,OP-012,Steel_4140,2091,73.28,1.393,5.48,1556.1,86.1,22.13,107.9,1.202,3.1,85,0
2023-01-16 06:00:00,Lathe-01,Morning,OP-001,Cast_Iron,4937,76.77,3.212,6.71,1601.2,18.5,22.01,107.4,2.227,6.5,53,1
2023-01-16 12:00:00,CNC-02,Afternoon,OP-005,Titanium_6Al4V,923,71.76,1.216,7.34,1499.4,26.1,22.32,110.5,0.862,2.2,17,0
2023-01-16 18:00:00,Asm-01,Afternoon,OP-008,Titanium_6Al4V,691,74.02,1.564,6.96,1480.7,66.2,,119.4,1.323,17.0,26,0
2023-01-17 00:00:00,CNC-02,Morning,OP-013,Steel_A36,923,58.86,2.097,5.96,1438.6,22.1,21.32,118.7,1.01,2.3,71,0
2023-01-17 06:00:00,Asm-01,Morning,OP-008,Aluminum_6061,691,74.03,2.292,6.51,1378.3,69.2,19.59,122.5,1.946,9.1,133,0
2023-01-17 12:00:00,Press-01,Morning,OP-011,Steel_A36,2091,69.48,2.141,7.08,1578.2,,20.15,109.1,1.2,4.1,121,0
2023-01-17 18:00:00,Weld-01,Morning,OP-001,Steel_4140,5209,80.62,2.812,6.55,1445.0,66.4,22.5,113.6,1.745,8.2,104,0
2023-01-18 00:00:00,Lathe-02,Morning,OP-013,Aluminum_6061,5541,77.75,3.649,7.5,1413.0,94.2,23.74,103.4,2.25,11.7,68,0
2023-01-18 06:00:00,Weld-02,Morning,OP-019,Steel_4140,992,69.04,1.67,6.82,1531.2,14.3,18.83,107.4,1.196,1.5,70,1
2023-01-18 12:00:00,Weld-01,Morning,OP-003,Cast_Iron,5209,81.61,3.75,7.1,1444.1,64.1,21.08,121.3,2.245,7.1,149,0
2023-01-18 18:00:00,Press-02,Night,OP-017,Steel_4140,4985,85.96,3.373,7.16,2269.7,14.3,24.41,109.9,2.438,17.2,174,1
2023-01-19 00:00:00,CNC-02,Afternoon,OP-005,Cast_Iron,923,64.18,1.63,5.65,1417.2,24.5,18.63,117.4,1.129,3.3,116,1
2023-01-19 06:00:00,Press-02,Morning,OP-020,Cast_Iron,4985,88.88,3.128,6.54,1531.4,10.5,23.38,104.8,2.541,6.4,31,1
2023-01-19 12:00:00,Weld-01,Night,OP-008,Steel_4140,5209,84.6,3.354,6.23,1528.4,62.6,22.58,91.5,2.351,6.7,108,0
2023-01-19 18:00:00,Asm-01,Night,OP-014,Steel_4140,691,67.61,1.708,7.34,1556.0,68.4,19.94,105.2,1.38,8.0,96,0
2023-01-20 00:00:00,Weld-02,Night,OP-004,Cast_Iron,992,67.2,0.831,6.87,1393.2,13.6,17.38,125.3,0.877,7.4,0,0
2023-01-20 06:00:00,Weld-02,Afternoon,OP-011,Aluminum_6061,992,66.57,,6.35,1443.4,12.9,19.15,114.7,1.023,3.1,173,1
2023-01-20 12:00:00,CNC-01,Morning,OP-020,Cast_Iron,4424,77.62,3.411,5.47,1605.8,17.4,21.38,102.2,2.171,6.1,168,1
2023-01-20 18:00:00,Weld-02,Night,OP-015,Titanium_6Al4V,992,68.94,2.29,5.22,1430.3,10.8,19.51,108.9,1.093,6.6,107,0
2023-01-21 00:00:00,Lathe-02,Afternoon,OP-019,Cast_Iron,5541,81.27,3.465,6.75,1514.9,91.7,23.74,102.7,2.313,8.1,113,0
2023-01-21 06:00:00,Weld-02,Afternoon,OP-007,Aluminum_6061,992,64.9,2.108,5.93,1633.2,10.0,20.65,111.7,1.068,2.9,40,1
2023-01-21 12:00:00,Weld-01,Afternoon,OP-019,Titanium_6Al4V,5209,82.15,4.155,7.03,1302.1,65.1,23.44,82.7,2.167,10.0,7,0
2023-01-21 18:00:00,CNC-01,Night,OP-019,Steel_A36,4424,74.64,2.981,5.19,1427.6,17.6,23.28,117.6,1.865,6.8,159,0
2023-01-22 00:00:00,Weld-01,Morning,OP-011,Steel_A36,5209,82.89,3.256,7.77,1450.1,64.9,21.83,100.4,2.101,9.5,29,0
2023-01-22 06:00:00,Weld-01,Night,OP-005,Aluminum_6061,5209,80.16,3.406,7.03,1306.1,66.4,20.72,116.9,1.805,13.0,45,0
2023-01-22 12:00:00,CNC-03,Night,OP-005,Cast_Iron,3978,80.91,2.908,6.58,1413.5,13.3,,89.2,1.835,9.8,104,1
2023-01-22 18:00:00,CNC-01,Morning,OP-008,Steel_4140,4424,83.77,3.572,7.85,1372.3,23.5,22.06,85.8,2.66,7.0,179,1
2023-01-23 00:00:00,Weld-01,Morning,OP-010,Aluminum_6061,5209,86.22,3.169,7.26,1518.6,65.3,21.75,97.7,2.188,7.5,95,0
2023-01-23 06:00:00,CNC-03,Morning,OP-006,Titanium_6Al4V,3978,79.02,3.556,6.12,1311.4,11.7,25.98,110.1,2.192,6.0,60,1
2023-01-23 12:00:00,CNC-03,Afternoon,OP-015,Titanium_6Al4V,3978,79.61,2.62,6.56,1601.1,15.9,,95.1,1.653,6.3,140,1
2023-01-23 18:00:00,CNC-01,Morning,OP-016,Steel_A36,4424,77.21,2.63,4.93,1505.2,20.9,23.34,95.9,2.198,7.6,88,1
2023-01-24 00:00:00,Press-02,Night,OP-017,Titanium_6Al4V,4985,83.97,3.59,7.35,1365.7,10.0,23.68,102.7,2.35,7.8,167,1
2023-01-24 06:00:00,Asm-01,Morning,OP-008,Aluminum_6061,691,71.11,,6.26,1532.1,66.5,20.85,108.5,1.206,1.3,125,0
2023-01-24 12:00:00,Lathe-02,Night,OP-008,Titanium_6Al4V,5541,74.48,3.696,4.92,1497.8,92.5,21.02,108.5,2.165,7.5,60,0
2023-01-24 18:00:00,Asm-01,Afternoon,OP-009,Aluminum_6061,691,69.05,1.676,5.55,1446.9,60.5,20.44,110.6,1.575,2.1,119,0
2023-01-25 00:00:00,Weld-02,Night,OP-002,Steel_4140,992,74.94,2.416,7.2,1392.3,15.7,20.05,110.9,1.541,3.7,171,1
2023-01-25 06:00:00,Lathe-02,Night,OP-015,Steel_A36,5541,80.53,4.122,7.79,1493.8,91.4,25.01,110.8,2.217,9.6,120,0
2023-01-25 12:00:00,Weld-02,Morning,OP-018,Titanium_6Al4V,992,65.23,1.646,6.52,1459.8,13.0,,105.2,1.462,3.2,171,1
2023-01-25 18:00:00,Weld-01,Morning,OP-003,Aluminum_6061,5209,79.18,3.306,5.71,1394.9,67.2,22.57,112.5,2.035,10.5,47,0
2023-01-26 00:00:00,CNC-02,Night,OP-017,Cast_Iron,923,60.36,2.042,5.36,1342.5,24.6,18.83,102.6,0.88,5.2,58,1
2023-01-26 06:00:00,CNC-01,Morning,OP-004,Steel_A36,4424,79.45,3.467,7.63,1382.0,27.5,23.59,107.2,1.689,7.2,10,0
2023-01-26 12:00:00,Lathe-02,Afternoon,OP-004,Steel_4140,5541,82.47,3.792,6.86,1409.7,90.0,24.23,111.2,2.329,7.3,24,1
2023-01-26 18:00:00,Lathe-02,Afternoon,OP-014,Aluminum_6061,5541,83.3,3.493,6.24,1543.0,,25.08,96.2,2.009,9.2,45,1
2023-01-27 00:00:00,Weld-01,Morning,OP-009,Steel_4140,5209,83.36,3.448,6.05,1518.9,59.9,25.01,105.6,2.157,8.0,53,0
2023-01-27 06:00:00,Press-02,Afternoon,OP-009,Steel_4140,4985,76.59,3.322,7.04,1414.0,11.0,22.35,100.3,1.557,6.7,33,1
2023-01-27 12:00:00,CNC-03,Morning,OP-018,Titanium_6Al4V,3978,78.8,2.816,7.02,1417.1,10.0,21.61,109.3,2.144,17.0,83,0
2023-01-27 18:00:00,Weld-01,Night,OP-010,Titanium_6Al4V,5209,83.49,3.238,5.78,1529.3,63.2,24.58,83.0,1.918,7.9,134,0
2023-01-28 00:00:00,Lathe-01,Night,OP-004,Aluminum_6061,4937,77.99,3.466,5.59,1471.4,,22.49,104.4,1.671,9.1,61,1
2023-01-28 06:00:00,CNC-03,Afternoon,OP-012,Cast_Iron,3978,79.53,2.682,5.63,1470.3,16.3,22.5,107.9,1.704,7.0,56,1
2023-01-28 12:00:00,CNC-01,Morning,OP-008,Aluminum_6061,4424,79.23,3.206,6.13,1393.7,19.4,23.49,114.0,2.281,6.0,92,1
2023-01-28 18:00:00,CNC-03,Morning,OP-002,Cast_Iron,3978,74.28,2.1,5.95,1440.1,15.1,22.53,116.5,1.412,5.1,115,0
2023-01-29 00:00:00,Press-02,Afternoon,OP-013,Steel_4140,4985,81.99,3.141,7.79,1450.3,13.9,23.45,100.8,2.06,9.2,75,0
2023-01-29 06:00:00,CNC-03,Night,OP-016,Steel_A36,3978,75.98,3.38,6.1,1442.7,15.8,21.47,106.5,2.049,5.8,132,1
2023-01-29 12:00:00,CNC-01,Afternoon,OP-002,Aluminum_6061,4424,82.31,2.775,5.5,1508.7,21.4,25.51,91.4,1.995,6.4,75,1
2023-01-29 18:00:00,Press-02,Night,OP-011,Aluminum_6061,4985,79.38,3.618,5.55,1511.2,10.0,25.35,115.1,2.408,15.7,162,1
2023-01-30 00:00:00,Asm-01,Morning,OP-010,Cast_Iron,691,60.71,1.175,6.35,1376.5,67.7,16.77,124.1,0.633,2.7,36,0
2023-01-30 06:00:00,Lathe-02,Night,OP-015,Steel_4140,5541,83.65,3.935,5.04,1410.0,,22.58,84.0,2.382,7.0,143,0
2023-01-30 12:00:00,Lathe-02,Afternoon,OP-017,Steel_4140,5541,83.46,3.505,6.45,1395.0,93.5,22.39,102.2,2.743,8.2,29,0
2023-01-30 18:00:00,Weld-02,Morning,OP-008,Cast_Iron,992,62.69,1.499,5.43,1561.1,11.2,20.13,119.2,0.869,3.9,41,0
2023-01-31 00:00:00,Asm-01,Afternoon,OP-018,Steel_4140,691,70.91,1.524,7.43,1630.3,66.3,22.86,106.3,1.24,2.1,60,0
2023-01-31 06:00:00,Asm-01,Afternoon,OP-009,Titanium_6Al4V,691,70.65,0.965,6.59,1412.9,67.8,18.86,115.1,0.973,0.9,47,0
2023-01-31 12:00:00,CNC-03,Night,OP-008,Steel_A36,3978,73.08,3.329,8.2,1436.6,10.0,22.13,99.0,1.336,6.7,83,1
2023-01-31 18:00:00,Lathe-02,Afternoon,OP-014,Aluminum_6061,5541,79.02,4.146,6.32,1517.4,96.0,22.29,89.3,2.479,7.3,92,0
2023-02-01 00:00:00,CNC-01,Night,OP-018,Steel_A36,4424,78.11,2.991,3.99,1393.4,23.1,24.91,99.6,2.254,8.4,67,1
2023-02-01 06:00:00,Press-01,Morning,OP-020,Aluminum_6061,2091,67.74,2.324,7.67,1519.2,88.5,21.51,113.0,1.558,5.5,45,0
2023-02-01 12:00:00,Press-01,Night,OP-020,Titanium_6Al4V,2091,74.74,2.426,6.9,1448.3,82.2,20.16,115.3,1.506,2.7,112,0
2023-02-01 18:00:00,Press-02,Morning,OP-012,Steel_4140,4985,81.32,3.344,7.03,1310.5,10.7,19.97,102.4,2.122,7.3,27,1
2023-02-02 00:00:00,Lathe-02,Night,OP-019,Cast_Iron,5541,76.85,3.181,5.7,1346.0,92.2,23.88,112.0,1.998,8.5,76,0
2023-02-02 06:00:00,Lathe-02,Afternoon,OP-014,Titanium_6Al4V,5541,78.2,4.262,6.47,1423.0,94.1,22.53,105.8,2.369,9.3,120,1
2023-02-02 12:00:00,Press-01,Night,OP-017,Steel_A36,2091,77.47,1.958,6.65,1547.8,82.8,22.7,99.6,1.722,3.7,2,0
2023-02-02 18:00:00,Lathe-02,Night,OP-003,Cast_Iron,5541,89.99,3.381,6.31,1378.6,94.3,,102.5,2.555,7.9,36,0
2023-02-03 00:00:00,CNC-03,Morning,OP-007,Steel_4140,3978,80.12,3.596,5.11,1407.3,12.8,20.39,107.0,2.111,17.2,175,1
2023-02-03 06:00:00,Lathe-01,Afternoon,OP-017,Titanium_6Al4V,4937,79.37,3.604,8.71,1466.9,21.4,21.83,115.9,2.183,6.3,146,1
2023-02-03 12:00:00,CNC-02,Night,OP-012,Cast_Iron,923,65.68,1.707,7.17,1316.5,30.6,18.94,117.8,1.239,14.7,91,0
2023-02-03 18:00:00,Asm-01,Afternoon,OP-009,Titanium_6Al4V,691,69.91,1.114,6.84,1473.9,66.7,18.61,104.3,1.614,1.0,82,0
2023-02-04 00:00:00,Weld-02,Night,OP-015,Titanium_6Al4V,992,,1.955,7.55,1326.5,12.8,20.26,108.0,1.126,2.3,16,0
2023-02-04 06:00:00,Press-02,Night,OP-018,Steel_4140,4985,72.53,4.54,7.02,1495.4,10.0,23.36,87.8,2.208,8.3,120,0
2023-02-04 12:00:00,Lathe-01,Afternoon,OP-013,Aluminum_6061,4937,85.59,3.712,5.96,1385.3,25.4,26.74,102.7,2.364,6.6,86,0
2023-02-04 18:00:00,Press-01,Night,OP-008,Cast_Iron,2091,78.26,2.313,7.5,1374.6,86.8,22.55,119.7,1.786,3.0,39,1
2023-02-05 00:00:00,Asm-01,Afternoon,OP-014,Steel_4140,691,70.85,1.791,7.18,1471.8,63.5,22.55,92.6,1.466,1.8,177,0
2023-02-05 06:00:00,Lathe-02,Night,OP-008,Titanium_6Al4V,5541,76.86,3.493,5.99,1513.5,95.8,21.86,117.2,1.981,17.8,72,0
2023-02-05 12:00:00,Weld-02,Morning,OP-014,Steel_4140,992,64.92,1.499,7.13,1480.1,12.4,20.93,119.5,0.537,2.7,28,1
2023-02-05 18:00:00,Lathe-02,Afternoon,OP-007,Aluminum_6061,5541,73.03,3.484,6.31,1466.6,92.8,21.42,96.9,2.072,9.4,178,0
2023-02-06 00:00:00,CNC-01,Night,OP-012,Cast_Iron,4424,86.81,2.906,6.67,1467.7,27.6,22.22,102.4,2.27,9.2,41,0
2023-02-06 06:00:00,CNC-01,Night,OP-011,Aluminum_6061,4424,77.04,2.995,6.98,1480.6,22.1,20.76,96.6,1.812,9.6,28,0
2023-02-06 12:00:00,Weld-02,Morning,OP-011,Steel_A36,992,,1.491,7.59,1485.8,10.0,17.44,111.7,1.425,4.7,65,0
2023-02-06 18:00:00,Weld-02,Afternoon,OP-013,Cast_Iron,992,77.88,1.536,5.98,1418.5,12.1,22.44,109.5,1.538,2.5,123,1
2023-02-07 00:00:00,Press-01,Night,OP-018,Aluminum_6061,2091,67.02,2.006,6.79,1502.4,85.2,17.97,115.6,1.043,3.0,144,0
2023-02-07 06:00:00,Weld-02,Morning,OP-002,Titanium_6Al4V,992,64.56,1.731,8.11,1386.1,14.3,,107.7,0.886,2.2,119,1
2023-02-07 12:00:00,CNC-03,Night,OP-015,Cast_Iron,3978,79.76,2.972,6.36,1537.3,13.5,22.33,97.5,1.732,5.7,108,0
2023-02-07 18:00:00,Lathe-02,Afternoon,OP-020,Cast_Iron,5541,73.54,3.691,6.66,1512.6,90.1,19.9,108.7,1.813,7.4,158,0
2023-02-08 00:00:00,Lathe-01,Night,OP-018,Steel_4140,4937,78.24,3.969,8.11,1624.5,28.9,21.48,97.5,2.346,6.2,91,0
2023-02-08 06:00:00,Weld-01,Night,OP-015,Titanium_6Al4V,5209,78.59,3.51,7.01,1491.1,59.1,23.13,103.9,1.82,14.7,111,1
2023-02-08 12:00:00,Weld-02,Night,OP-019,Steel_A36,992,77.36,2.518,5.32,1522.7,11.6,19.05,109.9,1.98,8.9,51,1
2023-02-08 18:00:00,Press-02,Night,OP-012,Aluminum_6061,4985,81.38,3.522,5.86,1325.2,15.0,24.16,99.5,1.976,6.4,166,0
2023-02-09 00:00:00,CNC-01,Morning,OP-013,Steel_4140,4424,77.4,2.957,7.05,1525.3,27.1,19.95,114.2,1.913,6.1,59,1
2023-02-09 06:00:00,CNC-03,Morning,OP-011,Aluminum_6061,3978,74.27,3.48,6.84,1544.1,12.3,21.07,103.4,2.012,5.4,93,1
2023-02-09 12:00:00,Asm-01,Afternoon,OP-005,Steel_A36,691,71.63,1.471,6.63,1570.4,60.0,20.47,110.5,1.371,1.9,178,0
2023-02-09 18:00:00,Weld-01,Morning,OP-001,Steel_A36,5209,78.79,2.521,8.23,1459.6,60.6,22.79,100.5,1.973,7.2,143,0
2023-02-10 00:00:00,Lathe-01,Morning,OP-003,Cast_Iron,4937,80.18,3.358,6.01,1422.6,23.9,24.16,110.7,2.098,14.9,97,1
2023-02-10 06:00:00,Weld-01,Afternoon,OP-019,Steel_A36,5209,78.08,3.379,6.44,1362.8,64.3,20.71,97.7,2.003,6.8,13,0
2023-02-10 12:00:00,Weld-02,Morning,OP-007,Aluminum_6061,992,60.51,2.277,4.93,1370.2,13.5,18.69,125.4,1.123,2.0,169,1
2023-02-10 18:00:00,Press-01,Morning,OP-012,Titanium_6Al4V,2091,66.55,1.756,7.43,1448.0,85.8,21.28,115.3,1.145,2.9,50,0
2023-02-11 00:00:00,CNC-01,Afternoon,OP-015,Titanium_6Al4V,4424,76.32,3.002,5.86,1309.9,27.7,21.64,126.8,1.784,17.3,23,1
2023-02-11 06:00:00,CNC-01,Afternoon,OP-005,Cast_Iron,4424,77.51,3.643,7.35,1388.5,21.4,23.23,97.5,2.167,13.0,106,1
2023-02-11 12:00:00,Asm-01,Afternoon,OP-015,Aluminum_6061,691,66.06,1.66,7.26,1457.2,62.0,19.73,124.7,1.007,4.6,170,0
2023-02-11 18:00:00,Press-01,Night,OP-008,Aluminum_6061,2091,71.09,2.046,8.38,1455.4,84.7,22.5,114.9,1.237,4.3,72,1
2023-02-12 00:00:00,Lathe-02,Night,OP-010,Steel_A36,5541,79.87,3.322,7.02,1372.4,89.5,22.19,98.5,2.016,7.6,146,0
2023-02-12 06:00:00,CNC-02,Afternoon,OP-016,Aluminum_6061,923,74.63,1.745,6.22,1351.3,20.1,18.76,114.1,1.506,1.9,83,1
2023-02-12 12:00:00,CNC-03,Afternoon,OP-008,Steel_4140,3978,,2.929,6.86,1363.2,17.6,21.47,106.4,1.88,6.7,60,1
2023-02-12 18:00:00,CNC-01,Afternoon,OP-001,Steel_A36,4424,78.15,2.828,5.89,1432.3,24.4,22.52,102.3,2.096,9.9,105,0
2023-02-13 00:00:00,Press-02,Night,OP-012,Steel_4140,4985,81.85,3.095,6.76,1620.4,12.8,20.65,105.7,1.991,7.2,93,1
2023-02-13 06:00:00,CNC-01,Night,OP-005,Cast_Iron,4424,76.96,2.81,6.34,1534.8,23.8,21.23,114.9,1.37,6.6,62,1
2023-02-13 12:00:00,Weld-01,Morning,OP-003,Titanium_6Al4V,5209,67.06,3.082,6.44,1467.1,62.1,20.89,113.8,1.618,9.3,153,1
2023-02-13 18:00:00,CNC-01,Morning,OP-001,Cast_Iron,4424,78.93,3.509,5.78,1494.3,27.3,21.75,99.2,1.57,6.3,94,1
2023-02-14 00:00:00,CNC-01,Afternoon,OP-004,Titanium_6Al4V,4424,80.35,3.455,6.74,1531.3,19.1,23.56,98.2,1.948,8.2,34,1
2023-02-14 06:00:00,CNC-02,Night,OP-008,Cast_Iron,923,59.82,1.978,7.16,1504.0,19.2,19.89,116.0,1.371,2.6,66,0
2023-02-14 12:00:00,CNC-02,Night,OP-003,Aluminum_6061,923,70.38,1.606,5.18,1425.3,21.1,20.77,121.4,1.409,1.3,55,1
2023-02-14 18:00:00,Lathe-01,Night,OP-010,Steel_4140,4937,79.03,3.263,5.95,1382.4,22.2,20.39,97.2,2.235,7.7,39,0
2023-02-15 00:00:00,Lathe-02,Afternoon,OP-002,Titanium_6Al4V,5541,84.01,3.534,6.63,1440.0,98.0,23.8,103.0,2.097,14.5,156,0
2023-02-15 06:00:00,Press-02,Morning,OP-011,Steel_A36,4985,79.33,3.789,4.62,1530.3,15.3,23.42,89.0,2.173,7.3,133,1
2023-02-15 12:00:00,CNC-01,Afternoon,OP-010,Steel_4140,4424,85.08,2.407,7.89,1428.4,25.5,22.37,107.5,2.274,6.7,179,0
2023-02-15 18:00:00,CNC-01,Morning,OP-014,Steel_A36,4424,79.96,2.93,5.93,1361.6,23.4,23.06,109.7,2.105,5.7,128,0
2023-02-16 00:00:00,CNC-03,Morning,OP-007,Steel_4140,3978,82.44,2.585,5.75,1312.1,10.0,23.1,119.7,2.201,7.8,179,0
2023-02-16 06:00:00,CNC-02,Afternoon,OP-002,Steel_4140,923,73.31,2.148,6.33,1440.3,25.4,20.83,116.8,1.833,6.8,23,0
2023-02-16 12:00:00,Press-02,Morning,OP-009,Cast_Iron,4985,74.98,3.19,6.61,1367.9,18.8,20.54,102.2,1.988,7.5,101,1
2023-02-16 18:00:00,Asm-01,Morning,OP-016,Titanium_6Al4V,691,63.46,0.848,5.89,1415.1,64.9,18.41,105.9,0.447,1.7,161,0
2023-02-17 00:00:00,Lathe-01,Night,OP-013,Titanium_6Al4V,4937,82.69,3.449,7.28,1566.5,19.7,26.21,104.9,2.362,15.6,114,1
2023-02-17 06:00:00,Lathe-02,Morning,OP-009,Steel_4140,5541,80.49,3.476,6.82,1445.7,91.9,22.52,99.2,2.115,11.0,134,0
2023-02-17 12:00:00,Press-01,Afternoon,OP-020,Aluminum_6061,2091,70.34,1.892,5.83,1390.0,85.4,21.89,114.3,1.023,5.1,74,0
2023-02-17 18:00:00,Lathe-02,Afternoon,OP-004,Aluminum_6061,5541,88.75,3.36,6.08,1474.7,93.0,24.31,92.3,2.637,8.0,10,0
2023-02-18 00:00:00,Weld-01,Morning,OP-010,Steel_A36,5209,79.73,3.199,5.29,1603.7,65.1,21.57,101.7,2.289,7.3,35,0
2023-02-18 06:00:00,CNC-01,Night,OP-012,Steel_A36,4424,73.98,3.419,5.5,1440.3,23.6,21.64,91.7,1.866,9.3,147,0
2023-02-18 12:00:00,Lathe-01,Night,OP-017,Cast_Iron,4937,,3.449,6.81,1261.6,20.6,22.42,95.7,2.049,8.4,62,0
2023-02-18 18:00:00,Weld-01,Morning,OP-014,Steel_4140,5209,92.19,3.4,5.84,1502.0,63.1,25.78,86.7,2.193,8.7,79,0
2023-02-19 00:00:00,Press-02,Morning,OP-014,Steel_A36,4985,79.69,2.942,7.94,1477.7,11.1,26.13,110.8,2.195,6.5,87,1
2023-02-19 06:00:00,Press-01,Afternoon,OP-002,Steel_A36,2091,64.71,2.047,6.56,1457.2,88.8,19.68,107.4,1.261,4.8,29,0
2023-02-19 12:00:00,CNC-02,Morning,OP-020,Steel_4140,923,59.04,1.708,5.42,1432.5,26.3,16.63,128.9,0.824,6.3,157,0
2023-02-19 18:00:00,Lathe-01,Night,OP-011,Cast_Iron,4937,77.3,3.479,5.59,1385.4,18.0,20.15,96.9,1.786,15.0,102,1
2023-02-20 00:00:00,Lathe-01,Morning,OP-016,Steel_A36,4937,79.45,3.424,7.34,1571.2,19.1,22.27,119.3,1.776,6.5,111,1
2023-02-20 06:00:00,CNC-01,Afternoon,OP-019,Cast_Iron,4424,83.57,2.766,6.44,1302.9,25.4,21.31,86.8,2.478,8.5,83,0
2023-02-20 12:00:00,Weld-02,Afternoon,OP-006,Titanium_6Al4V,992,72.36,0.673,7.29,1425.3,12.0,20.48,117.7,0.796,3.8,149,0
2023-02-20 18:00:00,Lathe-01,Afternoon,OP-019,Cast_Iron,4937,80.4,4.08,6.21,1423.4,,24.42,100.4,2.367,12.8,104,0
2023-02-21 00:00:00,CNC-03,Afternoon,OP-005,Aluminum_6061,3978,75.16,2.417,6.05,1518.3,13.4,21.24,98.0,1.438,9.1,20,1
2023-02-21 06:00:00,Press-01,Afternoon,OP-004,Aluminum_6061,2091,73.23,1.329,7.4,1548.9,85.0,,107.5,0.77,12.7,36,0
2023-02-21 12:00:00,Press-01,Morning,OP-015,Cast_Iron,2091,62.79,2.167,5.81,1431.9,83.1,19.5,112.5,1.151,12.3,26,0
2023-02-21 18:00:00,CNC-03,Morning,OP-004,Aluminum_6061,3978,87.34,2.257,6.89,1465.4,15.7,25.96,104.1,2.191,5.7,101,1
2023-02-22 00:00:00,Asm-01,Morning,OP-020,Titanium_6Al4V,691,70.43,1.18,6.33,1472.2,67.9,20.7,106.3,0.738,4.7,162,1
2023-02-22 06:00:00,CNC-03,Morning,OP-010,Steel_4140,3978,81.77,3.16,7.2,1534.3,18.8,24.39,105.5,2.34,7.2,37,0
2023-02-22 12:00:00,CNC-03,Afternoon,OP-003,Aluminum_6061,3978,72.06,3.649,7.95,1532.6,12.4,19.81,106.5,1.772,5.7,59,1
2023-02-22 18:00:00,Press-01,Night,OP-005,Aluminum_6061,2091,77.95,2.27,6.19,1406.9,83.6,20.0,113.0,1.482,3.3,69,0
2023-02-23 00:00:00,Lathe-02,Morning,OP-006,Cast_Iron,5541,80.02,3.449,6.06,1485.0,89.0,23.73,95.2,1.906,7.2,31,0
2023-02-23 06:00:00,Press-01,Night,OP-008,Titanium_6Al4V,2091,66.77,2.094,7.03,1480.7,89.1,17.62,109.6,1.373,7.4,79,0
2023-02-23 12:00:00,Weld-02,Morning,OP-007,Steel_4140,992,67.9,0.911,5.63,1440.7,10.0,18.23,127.4,0.505,2.4,154,0
2023-02-23 18:00:00,CNC-01,Morning,OP-010,Cast_Iron,4424,78.51,2.955,7.79,1479.9,28.7,24.16,97.1,1.679,11.4,130,0
2023-02-24 00:00:00,Weld-01,Night,OP-006,Cast_Iron,5209,75.89,3.299,7.66,1451.6,62.7,21.3,93.5,2.011,9.3,176,0
2023-02-24 06:00:00,Lathe-02,Afternoon,OP-014,Titanium_6Al4V,5541,77.84,3.686,5.7,1462.6,93.9,21.06,97.5,2.179,10.3,101,0
2023-02-24 12:00:00,CNC-02,Morning,OP-004,Steel_4140,923,63.02,2.381,5.23,1341.5,23.4,20.61,99.6,0.931,2.2,101,0
2023-02-24 18:00:00,Weld-01,Morning,OP-013,Titanium_6Al4V,5209,76.46,2.704,5.57,1376.6,62.5,24.99,119.5,2.027,8.3,29,0
2023-02-25 00:00:00,CNC-01,Morning,OP-020,Steel_4140,4424,76.88,2.972,5.58,1515.4,25.4,20.95,102.9,1.644,7.1,21,0
2023-02-25 06:00:00,Weld-02,Night,OP-017,Titanium_6Al4V,992,61.16,0.901,7.14,1353.2,10.0,19.98,117.0,0.575,2.0,18,1
2023-02-25 12:00:00,Weld-02,Afternoon,OP-007,Cast_Iron,992,64.64,1.433,7.74,1487.6,10.0,,121.8,0.847,6.6,30,0
2023-02-25 18:00:00,CNC-02,Night,OP-004,Cast_Iron,923,73.11,1.258,7.13,1443.5,21.3,20.05,106.4,1.134,4.1,19,0
2023-02-26 00:00:00,Lathe-02,Night,OP-014,Steel_A36,5541,86.43,3.026,6.31,1532.5,94.0,23.53,98.5,2.226,7.0,146,0
2023-02-26 06:00:00,Asm-01,Afternoon,OP-003,Aluminum_6061,691,61.91,1.868,6.77,1501.9,65.6,17.86,109.9,0.892,6.0,129,0
2023-02-26 12:00:00,CNC-03,Night,OP-005,Titanium_6Al4V,3978,82.22,3.043,5.8,1413.7,15.8,24.33,88.2,2.054,5.3,39,1
2023-02-26 18:00:00,Lathe-02,Afternoon,OP-016,Steel_A36,5541,72.48,3.943,7.38,1432.1,93.1,19.97,104.8,1.946,8.5,166,0
2023-02-27 00:00:00,Asm-01,Morning,OP-020,Aluminum_6061,691,79.31,1.29,6.85,1291.2,68.8,21.47,117.2,1.676,3.4,90,0
2023-02-27 06:00:00,Weld-02,Afternoon,OP-004,Titanium_6Al4V,992,74.6,1.606,7.12,1439.6,10.0,22.34,111.0,1.319,1.3,71,1
2023-02-27 12:00:00,Press-01,Morning,OP-002,Steel_4140,2091,68.74,2.753,5.92,1348.4,83.8,21.95,117.2,1.614,5.8,108,0
2023-02-27 18:00:00,CNC-01,Night,OP-018,Aluminum_6061,4424,80.74,3.134,6.37,1432.5,27.0,23.6,94.0,2.1,8.8,26,0
2023-02-28 00:00:00,CNC-02,Night,OP-019,Cast_Iron,923,,1.927,7.08,1399.0,26.6,21.3,110.2,0.987,4.3,78,0
2023-02-28 06:00:00,CNC-01,Morning,OP-019,Steel_A36,4424,157.65,2.889,7.65,1379.9,19.2,,93.9,2.087,6.1,139,1
2023-02-28 12:00:00,Press-02,Night,OP-017,Aluminum_6061,4985,79.66,3.667,6.01,1545.0,10.0,20.85,104.6,1.959,7.1,77,1
2023-02-28 18:00:00,Press-02,Afternoon,OP-014,Aluminum_6061,4985,76.4,3.161,7.12,1347.9,12.5,22.44,102.3,2.03,7.1,16,1
2023-03-01 00:00:00,Lathe-02,Morning,OP-019,Cast_Iron,5541,79.97,2.866,5.93,1373.0,91.9,22.35,101.1,1.916,16.6,83,1
2023-03-01 06:00:00,Weld-02,Night,OP-013,Titanium_6Al4V,992,65.27,1.631,8.19,1394.1,11.2,16.17,120.3,0.808,1.4,137,1
2023-03-01 12:00:00,Weld-02,Morning,OP-012,Steel_4140,992,62.44,1.446,6.17,1411.5,13.8,17.09,113.2,0.987,2.9,146,1
2023-03-01 18:00:00,CNC-03,Afternoon,OP-006,Cast_Iron,3978,73.14,2.29,7.01,1379.9,14.8,19.17,117.7,1.428,11.1,157,1
2023-03-02 00:00:00,CNC-03,Afternoon,OP-004,Steel_4140,3978,70.22,3.017,6.63,1421.3,15.0,19.98,110.2,1.689,9.4,157,1
2023-03-02 06:00:00,CNC-03,Night,OP-019,Titanium_6Al4V,3978,81.72,2.583,8.58,1474.2,16.0,22.05,101.0,1.401,10.2,152,1
2023-03-02 12:00:00,Press-01,Afternoon,OP-016,Aluminum_6061,2091,66.87,3.352,6.68,1503.6,86.8,20.49,96.6,1.726,13.4,87,0
2023-03-02 18:00:00,Weld-01,Morning,OP-013,Steel_4140,5209,75.17,,6.09,1499.7,53.2,20.67,111.5,2.293,8.0,73,0
2023-03-03 00:00:00,Lathe-01,Afternoon,OP-004,Steel_A36,4937,84.64,2.875,7.01,1297.3,20.2,21.36,103.8,2.146,7.3,126,1
2023-03-03 06:00:00,Weld-01,Morning,OP-017,Steel_A36,5209,,3.827,6.99,1480.4,59.7,24.35,102.1,2.32,6.6,101,0
2023-03-03 12:00:00,CNC-01,Morning,OP-001,Cast_Iron,4424,82.85,3.082,6.37,1485.4,25.1,23.32,104.7,2.046,6.0,95,0
2023-03-03 18:00:00,Weld-01,Afternoon,OP-018,Titanium_6Al4V,5209,85.86,3.819,5.62,1397.0,61.0,24.4,93.9,2.591,9.0,162,0
2023-03-04 00:00:00,Press-01,Night,OP-020,Cast_Iron,2091,81.22,2.267,6.08,1583.4,83.8,24.92,103.9,1.768,3.1,50,0
2023-03-04 06:00:00,CNC-01,Afternoon,OP-017,Cast_Iron,4424,78.04,2.903,7.21,1537.0,26.2,22.52,101.1,2.022,9.5,100,0
2023-03-04 12:00:00,Weld-01,Morning,OP-015,Cast_Iron,5209,73.99,2.927,5.1,1435.4,60.6,21.14,116.7,2.082,6.6,70,1
2023-03-04 18:00:00,Press-01,Morning,OP-011,Steel_A36,2091,72.89,2.543,6.3,1402.3,84.7,21.06,106.2,1.747,3.5,70,0
2023-03-05 00:00:00,Lathe-01,Afternoon,OP-013,Steel_A36,4937,77.08,2.845,7.3,1582.1,26.0,22.24,100.5,1.802,9.7,154,0
2023-03-05 06:00:00,Weld-01,Night,OP-001,Cast_Iron,5209,76.49,3.702,6.43,1448.5,,23.61,113.7,1.847,7.4,9,0
2023-03-05 12:00:00,Press-01,Night,OP-017,Steel_A36,2091,72.03,2.482,8.24,1456.8,78.9,20.97,118.7,1.444,6.5,96,0
2023-03-05 18:00:00,CNC-03,Morning,OP-006,Titanium_6Al4V,3978,81.76,2.89,5.1,1455.8,13.1,19.91,104.8,2.005,21.4,170,0
2023-03-06 00:00:00,Weld-02,Morning,OP-004,Cast_Iron,992,63.92,1.512,5.73,1634.2,12.5,18.39,115.0,0.647,6.0,133,1
2023-03-06 06:00:00,CNC-03,Night,OP-020,Steel_A36,3978,,2.547,4.65,1432.7,15.6,22.86,99.9,2.234,6.2,5,1
2023-03-06 12:00:00,Weld-02,Afternoon,OP-016,Steel_4140,992,63.15,1.819,8.09,1448.1,10.7,21.13,115.1,1.086,8.2,76,1
2023-03-06 18:00:00,CNC-02,Morning,OP-015,Cast_Iron,923,66.66,0.385,5.74,1383.5,21.9,17.38,111.0,0.473,1.3,175,1
2023-03-07 00:00:00,CNC-02,Morning,OP-015,Cast_Iron,923,69.82,1.89,4.91,1418.8,24.1,17.78,115.8,0.904,5.0,76,1
2023-03-07 06:00:00,CNC-02,Night,OP-006,Titanium_6Al4V,923,65.94,1.652,6.01,1367.5,20.6,19.56,127.8,1.177,1.2,1,1
2023-03-07 12:00:00,Lathe-01,Afternoon,OP-015,Aluminum_6061,4937,71.55,3.271,5.39,1385.1,24.6,22.9,111.4,1.414,6.7,50,1
2023-03-07 18:00:00,CNC-03,Night,OP-014,Aluminum_6061,3978,82.07,3.037,6.02,1305.2,,22.4,93.5,2.111,18.1,146,1
2023-03-08 00:00:00,Weld-02,Afternoon,OP-011,Titanium_6Al4V,992,64.98,1.085,6.53,1520.5,12.6,22.44,120.4,0.743,2.6,120,0
2023-03-08 06:00:00,Press-01,Afternoon,OP-007,Titanium_6Al4V,2091,75.26,1.15,7.14,1462.5,82.9,23.68,113.0,1.415,7.8,127,0
2023-03-08 12:00:00,CNC-01,Afternoon,OP-009,Titanium_6Al4V,4424,72.5,3.323,6.36,1469.1,26.5,21.68,109.8,1.959,6.9,1,0
2023-03-08 18:00:00,Press-01,Morning,OP-016,Aluminum_6061,2091,66.07,2.641,6.52,1445.8,85.9,20.55,105.0,1.171,8.1,50,0
2023-03-09 00:00:00,CNC-01,Night,OP-005,Titanium_6Al4V,4424,83.14,2.44,6.03,1455.7,22.9,24.73,103.6,2.135,15.6,153,0
2023-03-09 06:00:00,Press-02,Night,OP-020,Steel_A36,4985,82.28,2.96,5.29,1579.5,12.6,22.83,109.5,2.021,7.9,69,0
2023-03-09 12:00:00,Press-01,Afternoon,OP-010,Cast_Iron,2091,69.34,2.416,5.02,1388.5,81.8,19.38,102.0,1.402,5.1,19,0
2023-03-09 18:00:00,Weld-01,Morning,OP-018,Cast_Iron,5209,83.05,3.622,6.21,1472.3,62.9,24.94,96.5,2.317,9.5,22,0
2023-03-10 00:00:00,Weld-01,Morning,OP-003,Steel_4140,5209,76.51,4.664,6.57,1471.8,63.3,24.15,98.0,2.809,14.7,53,0
2023-03-10 06:00:00,Lathe-02,Night,OP-013,Steel_4140,5541,82.87,4.054,6.15,1541.4,90.3,22.71,106.9,2.407,7.8,142,0
2023-03-10 12:00:00,CNC-03,Morning,OP-011,Cast_Iron,3978,78.07,3.275,5.05,1485.1,10.7,23.0,112.8,1.671,7.8,133,0
2023-03-10 18:00:00,CNC-01,Morning,OP-017,Steel_A36,4424,76.96,2.83,6.66,1489.1,19.7,21.82,90.2,1.684,6.7,162,1
2023-03-11 00:00:00,CNC-01,Afternoon,OP-013,Aluminum_6061,4424,74.65,3.345,7.8,1349.3,24.9,21.55,113.1,2.037,6.3,135,1
2023-03-11 06:00:00,CNC-03,Morning,OP-006,Aluminum_6061,3978,77.78,3.539,6.41,1385.3,13.9,21.57,112.4,2.016,5.2,56,0
2023-03-11 12:00:00,Lathe-01,Afternoon,OP-017,Steel_A36,4937,80.15,3.294,6.04,1356.6,21.1,23.09,111.5,2.097,9.1,177,0
2023-03-11 18:00:00,Lathe-02,Night,OP-013,Aluminum_6061,5541,79.99,3.577,6.45,1251.9,94.0,,97.5,2.086,13.3,176,0
2023-03-12 00:00:00,Lathe-01,Morning,OP-019,Titanium_6Al4V,4937,,3.416,5.62,1481.8,,22.7,102.8,1.372,7.5,114,1
2023-03-12 06:00:00,Lathe-01,Night,OP-019,Cast_Iron,4937,80.49,3.094,5.56,1429.1,18.1,24.03,90.4,1.892,8.6,148,1
2023-03-12 12:00:00,Lathe-01,Night,OP-010,Cast_Iron,4937,,3.468,6.86,1481.9,,23.09,86.3,2.049,9.3,122,1
2023-03-12 18:00:00,CNC-03,Morning,OP-003,Steel_A36,3978,72.26,3.038,7.29,1452.8,10.0,21.89,104.4,1.348,6.6,35,0
2023-03-13 00:00:00,Lathe-01,Morning,OP-014,Aluminum_6061,4937,80.65,3.952,6.38,1469.2,20.6,22.7,100.9,2.076,13.2,70,1
2023-03-13 06:00:00,Weld-01,Night,OP-019,Steel_4140,5209,89.32,3.403,4.92,1557.0,69.8,26.13,99.0,2.426,7.9,68,0
2023-03-13 12:00:00,CNC-02,Morning,OP-005,Steel_4140,923,66.05,1.874,6.78,1450.6,19.8,18.38,120.4,1.038,1.6,57,1
2023-03-13 18:00:00,Press-02,Afternoon,OP-005,Aluminum_6061,4985,88.07,3.317,8.15,1503.5,11.4,21.7,123.0,2.497,6.7,62,1
2023-03-14 00:00:00,CNC-01,Afternoon,OP-020,Steel_4140,4424,89.4,3.391,6.3,1425.8,17.3,22.77,94.5,2.438,12.2,15,1
2023-03-14 06:00:00,CNC-01,Morning,OP-017,Steel_A36,4424,74.06,3.035,6.36,1516.0,23.0,23.34,97.9,1.844,18.8,133,1
2023-03-14 12:00:00,Press-02,Night,OP-010,Steel_A36,4985,80.62,3.61,5.8,1350.8,18.6,23.92,105.7,2.068,7.3,77,1
2023-03-14 18:00:00,CNC-03,Morning,OP-005,Aluminum_6061,3978,87.95,3.232,6.89,1303.0,15.4,26.0,100.6,2.43,5.4,121,0
2023-03-15 00:00:00,Press-01,Morning,OP-004,Steel_4140,2091,70.93,1.688,5.96,1618.5,81.8,18.26,107.4,1.538,4.6,179,0
2023-03-15 06:00:00,CNC-03,Night,OP-006,Steel_A36,3978,77.62,3.381,7.32,1596.9,20.5,26.08,110.8,2.077,8.7,1,1
2023-03-15 12:00:00,CNC-01,Night,OP-004,Steel_A36,4424,70.47,3.069,5.97,1294.4,18.5,20.85,101.6,1.593,8.4,113,0
2023-03-15 18:00:00,CNC-01,Afternoon,OP-007,Titanium_6Al4V,4424,,2.948,6.77,1447.1,25.0,19.39,104.5,1.642,14.6,113,0
2023-03-16 00:00:00,Press-02,Night,OP-007,Titanium_6Al4V,4985,83.36,3.097,6.46,1462.0,12.9,26.52,101.0,2.181,11.3,123,0
2023-03-16 06:00:00,Lathe-01,Afternoon,OP-018,Steel_A36,4937,92.57,3.479,7.74,1507.8,20.6,22.95,88.2,2.603,12.3,145,0
2023-03-16 12:00:00,CNC-03,Night,OP-003,Aluminum_6061,3978,76.45,2.939,6.83,2456.9,16.4,21.47,91.8,1.952,7.3,162,0
2023-03-16 18:00:00,Weld-02,Morning,OP-001,Cast_Iron,992,59.79,1.782,7.61,1365.1,10.0,18.34,119.0,0.462,2.4,85,1
2023-03-17 00:00:00,Press-02,Afternoon,OP-004,Cast_Iron,4985,73.55,3.537,6.59,1369.4,13.6,22.78,116.1,1.866,9.9,166,1
2023-03-17 06:00:00,Weld-01,Afternoon,OP-006,Steel_A36,5209,81.1,,6.36,1449.9,62.9,22.21,108.5,2.345,8.2,128,1
2023-03-17 12:00:00,CNC-01,Afternoon,OP-009,Steel_A36,4424,84.71,4.246,6.47,1372.9,21.1,25.91,105.6,2.588,6.5,164,1
2023-03-17 18:00:00,Press-02,Morning,OP-014,Steel_A36,4985,83.76,3.397,5.88,1232.9,18.5,24.66,94.0,2.203,6.7,20,1
2023-03-18 00:00:00,CNC-03,Morning,OP-012,Aluminum_6061,3978,79.73,2.647,6.93,1431.8,13.4,22.36,106.4,1.814,7.2,0,0
2023-03-18 06:00:00,CNC-01,Morning,OP-020,Titanium_6Al4V,4424,,2.328,5.95,1518.6,23.3,24.9,91.4,1.793,8.2,131,0
2023-03-18 12:00:00,Press-01,Morning,OP-004,Steel_A36,2091,67.93,1.637,6.59,1448.4,80.5,19.65,115.0,1.184,5.1,57,0
2023-03-18 18:00:00,Press-02,Morning,OP-012,Steel_A36,4985,80.67,3.875,7.18,1499.9,12.2,23.04,111.6,2.374,6.6,0,1
2023-03-19 00:00:00,Lathe-02,Afternoon,OP-010,Steel_4140,5541,79.71,3.912,7.77,1488.5,99.6,26.33,112.3,1.98,9.5,140,0
2023-03-19 06:00:00,CNC-01,Morning,OP-007,Aluminum_6061,4424,77.47,2.596,6.63,1367.8,22.9,,122.2,1.93,6.1,173,0
2023-03-19 12:00:00,CNC-03,Afternoon,OP-003,Steel_A36,3978,72.4,3.926,7.19,1455.4,15.5,20.77,112.4,1.843,8.2,174,0
2023-03-19 18:00:00,CNC-02,Morning,OP-014,Steel_4140,923,66.16,1.735,7.09,1328.0,26.7,,118.0,0.992,2.8,6,1
2023-03-20 00:00:00,Weld-02,Night,OP-010,Cast_Iron,992,67.96,1.818,6.19,1409.0,10.9,19.93,120.1,1.535,6.9,50,1
2023-03-20 06:00:00,Asm-01,Afternoon,OP-016,Steel_A36,691,65.3,2.4,8.19,1454.0,64.4,16.37,118.1,1.552,5.4,2,0
2023-03-20 12:00:00,Lathe-01,Night,OP-016,Steel_A36,4937,79.62,4.056,6.04,1449.9,22.8,22.49,94.1,2.012,10.0,177,1
2023-03-20 18:00:00,Asm-01,Afternoon,OP-010,Steel_4140,691,69.18,1.815,6.57,1346.7,64.9,19.93,100.3,0.956,4.5,153,0
2023-03-21 00:00:00,CNC-03,Night,OP-013,Aluminum_6061,3978,83.62,3.272,7.66,1362.9,13.0,23.16,107.9,2.016,7.4,30,0
2023-03-21 06:00:00,Weld-01,Morning,OP-006,Steel_A36,5209,,3.848,7.64,1473.3,65.2,22.62,113.8,2.885,6.7,99,1
2023-03-21 12:00:00,Weld-01,Morning,OP-012,Cast_Iron,5209,85.09,3.383,6.51,1516.2,62.2,23.05,107.2,2.197,9.7,61,1
2023-03-21 18:00:00,CNC-02,Morning,OP-009,Steel_A36,923,61.58,1.719,7.29,1433.4,27.5,20.63,101.4,0.584,3.0,153,0
2023-03-22 00:00:00,Lathe-01,Afternoon,OP-013,Cast_Iron,4937,78.63,3.59,6.32,1429.4,21.1,24.38,98.3,2.368,8.1,107,1
2023-03-22 06:00:00,Lathe-02,Night,OP-004,Titanium_6Al4V,5541,80.94,3.573,6.11,1524.5,88.7,23.39,99.7,2.329,8.4,54,0
2023-03-22 12:00:00,CNC-02,Morning,OP-011,Titanium_6Al4V,923,64.6,1.218,5.53,1388.2,13.6,18.81,101.7,1.299,9.1,155,0
2023-03-22 18:00:00,Asm-01,Night,OP-020,Cast_Iron,691,68.87,1.396,7.08,1588.2,60.1,19.45,102.9,1.192,1.7,43,0
2023-03-23 00:00:00,CNC-02,Night,OP-018,Aluminum_6061,923,59.91,1.209,7.16,1342.4,18.9,18.56,118.6,0.653,2.3,80,0
2023-03-23 06:00:00,Asm-01,Morning,OP-011,Steel_A36,691,75.63,1.528,6.05,1533.9,66.4,20.97,112.2,1.434,10.8,165,0
2023-03-23 12:00:00,CNC-01,Morning,OP-004,Steel_A36,4424,84.8,2.423,6.71,1493.1,20.8,23.4,94.9,1.928,10.5,29,1
2023-03-23 18:00:00,Weld-01,Night,OP-018,Titanium_6Al4V,5209,83.67,3.615,8.62,1642.8,56.5,24.45,88.4,2.592,6.6,65,0
2023-03-24 00:00:00,CNC-01,Morning,OP-001,Cast_Iron,4424,78.51,2.483,7.42,1360.3,23.3,20.2,115.3,2.057,12.6,135,1
2023-03-24 06:00:00,Weld-02,Morning,OP-007,Steel_A36,992,74.24,1.473,5.78,1263.3,10.0,20.1,107.9,0.995,2.0,13,1
2023-03-24 12:00:00,Lathe-01,Morning,OP-006,Steel_A36,4937,83.88,3.562,7.3,1550.0,22.7,23.98,98.0,2.512,9.8,100,1
2023-03-24 18:00:00,Lathe-02,Afternoon,OP-015,Aluminum_6061,5541,87.85,3.941,5.78,1332.3,93.9,23.13,92.4,2.382,9.3,105,0
2023-03-25 00:00:00,Asm-01,Night,OP-018,Steel_4140,691,66.86,1.771,4.18,1499.3,,18.69,107.6,1.589,3.2,102,0
2023-03-25 06:00:00,Lathe-02,Night,OP-011,Titanium_6Al4V,5541,91.26,3.752,6.48,1544.6,84.9,24.61,106.0,2.98,10.7,61,0
2023-03-25 12:00:00,Asm-01,Afternoon,OP-020,Titanium_6Al4V,691,72.99,1.055,7.75,1480.4,65.8,19.79,105.8,0.909,1.6,74,0
2023-03-25 18:00:00,CNC-03,Night,OP-015,Steel_4140,3978,79.98,3.333,7.62,1468.6,13.6,23.24,104.0,2.147,5.5,78,0
2023-03-26 00:00:00,CNC-02,Morning,OP-016,Steel_A36,923,74.16,1.165,6.8,1482.1,20.2,19.03,112.0,1.415,4.3,106,0
2023-03-26 06:00:00,Weld-02,Night,OP-007,Aluminum_6061,992,66.0,2.072,6.07,1517.0,10.0,21.26,97.7,1.037,2.3,95,1
2023-03-26 12:00:00,Weld-01,Morning,OP-010,Aluminum_6061,5209,75.44,3.73,6.89,1497.0,62.1,22.28,105.5,1.763,17.5,39,0
2023-03-26 18:00:00,Asm-01,Afternoon,OP-012,Titanium_6Al4V,691,68.77,2.046,6.28,1352.7,68.8,20.42,99.6,1.285,2.7,140,0
2023-03-27 00:00:00,Lathe-02,Morning,OP-014,Aluminum_6061,5541,82.03,3.634,6.09,1596.0,84.9,22.91,105.7,2.24,7.3,106,0
2023-03-27 06:00:00,Weld-02,Night,OP-005,Steel_4140,992,67.11,1.306,7.35,1454.1,10.0,19.72,105.5,0.794,4.7,16,0
2023-03-27 12:00:00,Press-01,Night,OP-018,Steel_A36,2091,77.62,1.598,6.08,1491.5,84.0,23.68,113.1,1.731,3.7,14,0
2023-03-27 18:00:00,Press-01,Night,OP-005,Steel_4140,2091,72.37,1.642,7.4,1506.9,87.0,19.85,108.0,1.03,3.1,160,0
2023-03-28 00:00:00,CNC-01,Afternoon,OP-003,Cast_Iron,4424,80.14,2.481,6.03,1542.5,,21.44,99.6,1.828,7.2,15,0
2023-03-28 06:00:00,Weld-01,Afternoon,OP-005,Titanium_6Al4V,5209,79.64,,8.15,1534.2,68.2,22.04,102.8,2.279,16.5,12,0
2023-03-28 12:00:00,CNC-03,Night,OP-017,Aluminum_6061,3978,81.84,3.367,5.19,1460.5,10.0,23.13,89.7,2.245,6.6,150,1
2023-03-28 18:00:00,Lathe-02,Morning,OP-019,Cast_Iron,5541,85.83,3.846,5.73,1455.4,86.6,24.09,97.5,2.713,8.2,35,0
2023-03-29 00:00:00,CNC-02,Afternoon,OP-019,Aluminum_6061,923,72.25,1.591,6.38,1482.7,26.9,20.44,117.9,1.219,2.9,42,0
2023-03-29 06:00:00,CNC-02,Night,OP-012,Steel_A36,923,65.4,2.428,4.91,1538.0,16.8,20.7,120.9,0.724,1.2,177,1
2023-03-29 12:00:00,Lathe-02,Night,OP-009,Steel_A36,5541,88.84,3.585,4.44,1361.0,94.0,24.96,93.6,2.452,7.4,113,0
2023-03-29 18:00:00,Lathe-01,Afternoon,OP-001,Steel_A36,4937,89.62,3.448,4.92,1501.5,20.5,24.42,94.8,2.665,11.9,73,0
2023-03-30 00:00:00,CNC-03,Afternoon,OP-018,Aluminum_6061,3978,81.64,2.921,6.27,1379.1,11.3,25.76,91.0,2.013,16.4,80,1
2023-03-30 06:00:00,Weld-02,Afternoon,OP-004,Cast_Iron,992,64.05,1.499,6.29,1598.1,10.2,20.09,110.0,0.884,1.8,93,0
2023-03-30 12:00:00,Asm-01,Morning,OP-010,Steel_A36,691,63.15,1.755,6.77,1479.4,61.8,17.49,103.2,1.058,3.2,140,0
2023-03-30 18:00:00,Lathe-01,Morning,OP-007,Cast_Iron,4937,78.55,3.107,6.34,1416.7,20.4,20.2,107.4,2.106,16.3,29,1
2023-03-31 00:00:00,Asm-01,Night,OP-001,Aluminum_6061,691,64.34,1.222,6.74,1484.3,65.7,17.83,123.4,0.483,1.4,29,0
2023-03-31 06:00:00,Asm-01,Afternoon,OP-017,Cast_Iron,691,66.8,1.775,6.14,1450.7,64.4,19.92,110.1,1.101,1.5,9,0
2023-03-31 12:00:00,Lathe-01,Morning,OP-002,Aluminum_6061,4937,83.59,3.161,7.07,1437.2,19.6,22.15,92.8,2.153,14.0,98,1
2023-03-31 18:00:00,CNC-01,Afternoon,OP-011,Aluminum_6061,4424,80.27,3.189,6.98,1305.3,24.4,21.9,105.3,2.083,9.2,93,1
2023-04-01 00:00:00,Press-01,Night,OP-009,Titanium_6Al4V,2091,72.55,1.978,6.24,1368.1,88.6,20.75,103.3,1.001,3.1,38,0
2023-04-01 06:00:00,Asm-01,Morning,OP-007,Aluminum_6061,691,65.95,1.498,6.93,1438.8,64.8,18.83,120.4,1.252,2.4,36,0
2023-04-01 12:00:00,Lathe-01,Morning,OP-017,Aluminum_6061,4937,80.06,3.091,6.35,1314.9,23.8,19.66,118.7,2.031,6.3,130,1
2023-04-01 18:00:00,Lathe-01,Morning,OP-017,Steel_4140,4937,84.41,3.104,5.28,1403.0,18.4,25.01,93.9,2.293,7.9,88,1
2023-04-02 00:00:00,Press-02,Night,OP-002,Steel_A36,4985,70.52,3.053,7.22,1410.0,10.0,22.54,102.1,1.99,10.7,161,1
2023-04-02 06:00:00,CNC-01,Afternoon,OP-006,Titanium_6Al4V,4424,78.77,3.473,5.77,1387.6,25.0,20.92,91.0,2.18,8.0,165,0
2023-04-02 12:00:00,Weld-01,Morning,OP-014,Titanium_6Al4V,5209,82.72,3.548,7.22,1511.8,61.7,23.58,101.7,1.965,9.6,13,0
2023-04-02 18:00:00,Press-02,Night,OP-006,Titanium_6Al4V,4985,84.5,3.748,6.76,1379.6,16.1,22.25,99.6,2.387,7.4,38,1
2023-04-03 00:00:00,Press-02,Afternoon,OP-002,Steel_4140,4985,75.53,3.791,6.43,1457.1,16.7,21.7,101.2,2.193,6.8,129,1
2023-04-03 06:00:00,Lathe-02,Night,OP-001,Aluminum_6061,5541,77.0,3.44,5.0,1421.7,,23.28,103.8,2.023,7.0,42,0
2023-04-03 12:00:00,Press-01,Afternoon,OP-010,Steel_A36,2091,74.45,2.467,7.73,1440.5,86.1,22.61,99.5,1.96,7.8,130,0
2023-04-03 18:00:00,Lathe-01,Night,OP-005,Cast_Iron,4937,70.91,3.354,6.21,1578.5,11.1,22.75,93.7,1.571,9.2,168,1
2023-04-04 00:00:00,Press-01,Afternoon,OP-002,Aluminum_6061,2091,78.2,2.051,7.01,1464.4,85.0,21.99,101.2,1.892,3.4,7,0
2023-04-04 06:00:00,CNC-03,Morning,OP-016,Steel_4140,3978,,3.441,6.41,1479.8,16.5,24.7,87.6,2.243,6.6,95,0
2023-04-04 12:00:00,Lathe-02,Afternoon,OP-002,Aluminum_6061,5541,90.11,3.846,6.28,1388.8,88.8,23.93,88.8,2.676,11.8,64,0
2023-04-04 18:00:00,Weld-01,Night,OP-010,Aluminum_6061,5209,75.84,3.338,6.65,1500.1,62.4,21.71,107.0,2.001,8.8,78,0
2023-04-05 00:00:00,Press-01,Night,OP-002,Steel_4140,2091,69.35,2.31,6.52,1496.7,80.5,16.61,111.4,1.172,3.7,131,1
2023-04-05 06:00:00,CNC-02,Afternoon,OP-016,Titanium_6Al4V,923,157.78,1.098,6.29,1489.0,26.9,17.37,107.1,0.402,2.1,67,1
2023-04-05 12:00:00,Asm-01,Morning,OP-016,Titanium_6Al4V,691,63.18,1.601,6.46,1353.3,62.8,19.88,124.5,1.023,1.6,91,0
2023-04-05 18:00:00,CNC-03,Morning,OP-019,Steel_A36,3978,76.51,2.341,6.84,1403.2,11.6,22.03,105.7,1.633,10.2,9,1
2023-04-06 00:00:00,CNC-01,Afternoon,OP-007,Steel_A36,4424,69.01,2.742,6.9,1564.7,22.3,19.86,99.4,1.495,8.1,74,1
2023-04-06 06:00:00,Weld-01,Afternoon,OP-012,Titanium_6Al4V,5209,79.3,,6.53,1395.0,69.1,24.38,98.8,2.385,10.2,177,0
2023-04-06 12:00:00,CNC-03,Night,OP-015,Cast_Iron,3978,67.49,1.872,7.0,1575.6,17.0,19.76,108.5,0.78,10.9,150,1
2023-04-06 18:00:00,Asm-01,Morning,OP-008,Aluminum_6061,691,65.87,2.223,6.16,1406.3,70.5,21.06,106.0,1.276,13.9,60,0
2023-04-07 00:00:00,Lathe-02,Afternoon,OP-006,Cast_Iron,5541,88.05,3.958,8.28,1461.9,87.2,25.35,103.1,2.965,7.8,46,0
2023-04-07 06:00:00,Asm-01,Morning,OP-010,Aluminum_6061,691,66.98,0.767,7.69,1435.0,61.8,21.05,107.9,0.734,1.5,2,0
2023-04-07 12:00:00,Press-02,Afternoon,OP-003,Titanium_6Al4V,4985,88.87,4.34,7.11,1382.4,16.7,25.56,96.5,2.508,8.1,102,1
2023-04-07 18:00:00,Asm-01,Afternoon,OP-019,Steel_A36,691,71.09,2.572,4.95,1383.6,60.3,21.89,98.5,1.437,1.0,16,0
2023-04-08 00:00:00,Press-02,Morning,OP-017,Steel_A36,4985,87.32,3.309,6.98,1393.7,10.7,23.88,98.6,2.082,10.9,21,0
2023-04-08 06:00:00,Lathe-02,Afternoon,OP-007,Cast_Iron,5541,78.49,3.254,6.23,1461.8,98.8,21.87,105.6,2.061,13.4,115,1
2023-04-08 12:00:00,Weld-02,Afternoon,OP-020,Steel_A36,992,64.15,2.309,5.72,1521.2,10.0,20.46,115.6,1.144,4.7,90,0
2023-04-08 18:00:00,Press-02,Night,OP-004,Titanium_6Al4V,4985,82.31,3.243,6.21,1456.7,10.0,25.44,102.3,2.229,7.2,143,1
2023-04-09 00:00:00,CNC-01,Afternoon,OP-014,Cast_Iron,4424,70.94,3.2,5.81,1447.3,23.8,20.53,105.5,1.671,5.9,103,0
2023-04-09 06:00:00,Asm-01,Afternoon,OP-020,Aluminum_6061,691,69.52,1.989,6.91,1546.8,60.3,19.9,103.3,1.317,2.3,2,0
2023-04-09 12:00:00,Asm-01,Afternoon,OP-015,Steel_A36,691,65.54,1.441,7.79,1453.3,69.3,19.27,107.0,1.044,6.2,51,1
2023-04-09 18:00:00,CNC-01,Night,OP-008,Steel_4140,4424,85.47,3.039,7.16,1406.6,21.0,24.53,103.0,1.991,6.8,110,1
2023-04-10 00:00:00,CNC-02,Morning,OP-015,Steel_A36,923,71.28,1.095,8.71,1370.2,20.6,20.34,103.5,1.149,1.3,160,0
2023-04-10 06:00:00,Lathe-01,Night,OP-020,Aluminum_6061,4937,85.91,3.108,5.26,1551.6,21.4,24.99,88.3,2.558,7.1,41,0
2023-04-10 12:00:00,Weld-02,Night,OP-014,Cast_Iron,992,64.33,1.53,6.1,1423.6,10.2,22.08,127.2,0.74,15.0,129,1
2023-04-10 18:00:00,Weld-01,Morning,OP-009,Aluminum_6061,5209,86.52,2.984,5.75,1403.7,63.1,22.66,98.2,2.317,9.9,38,0
2023-04-11 00:00:00,Press-02,Night,OP-008,Steel_4140,4985,87.8,2.922,7.48,1396.8,14.3,24.67,104.9,2.548,13.2,45,1
2023-04-11 06:00:00,CNC-01,Morning,OP-017,Titanium_6Al4V,4424,78.63,3.149,6.32,1547.1,23.0,,110.7,1.759,10.0,47,0
2023-04-11 12:00:00,Lathe-02,Night,OP-002,Steel_A36,5541,78.62,2.884,6.65,1404.2,89.1,22.38,104.9,2.07,9.3,26,0
2023-04-11 18:00:00,Press-02,Morning,OP-003,Cast_Iron,4985,76.97,3.029,7.01,1529.2,14.9,23.13,101.9,1.843,6.7,14,1
2023-04-12 00:00:00,Lathe-01,Afternoon,OP-008,Titanium_6Al4V,4937,86.62,4.138,5.34,1431.6,19.3,,93.9,2.809,7.5,6,0
2023-04-12 06:00:00,Lathe-02,Night,OP-012,Aluminum_6061,5541,95.74,3.486,6.0,1353.3,90.0,25.88,107.0,2.61,9.6,108,1
2023-04-12 12:00:00,CNC-03,Night,OP-001,Cast_Iron,3978,72.52,2.752,7.3,1423.4,14.4,19.37,103.5,1.625,11.1,41,1
2023-04-12 18:00:00,Asm-01,Night,OP-010,Titanium_6Al4V,691,61.87,1.362,6.06,1447.4,59.8,17.81,118.9,0.48,1.8,8,0
2023-04-13 00:00:00,CNC-03,Night,OP-020,Cast_Iron,3978,82.04,2.807,5.13,1440.8,15.1,24.37,108.5,2.111,5.4,104,1
2023-04-13 06:00:00,Press-02,Afternoon,OP-003,Steel_4140,4985,76.81,3.611,5.78,1438.8,13.3,24.17,105.3,2.145,8.7,133,0
2023-04-13 12:00:00,Lathe-01,Night,OP-006,Steel_4140,4937,85.52,3.562,6.27,1424.2,24.7,24.32,107.7,2.498,6.8,75,1
2023-04-13 18:00:00,Weld-02,Afternoon,OP-007,Steel_A36,992,70.43,1.478,6.63,1387.2,10.0,19.32,109.8,1.259,4.1,29,0
2023-04-14 00:00:00,Press-02,Afternoon,OP-020,Steel_A36,4985,80.46,3.295,6.44,1450.9,16.7,24.19,107.8,2.089,7.1,83,0
2023-04-14 06:00:00,CNC-01,Afternoon,OP-018,Steel_4140,4424,81.03,3.661,6.01,1493.3,25.3,25.19,86.6,1.944,6.3,125,0
2023-04-14 12:00:00,Press-01,Afternoon,OP-011,Cast_Iron,2091,73.44,1.511,7.25,1333.0,83.5,19.86,122.0,1.489,4.1,83,1
2023-04-14 18:00:00,Press-02,Morning,OP-019,Steel_4140,4985,79.68,3.358,6.4,1553.9,18.2,20.71,111.6,2.087,8.9,53,1
2023-04-15 00:00:00,Asm-01,Morning,OP-005,Steel_A36,691,58.38,1.556,6.67,1154.3,65.9,18.93,116.2,0.781,3.2,109,0
2023-04-15 06:00:00,Asm-01,Night,OP-019,Steel_4140,691,68.05,1.192,6.05,1456.0,64.1,20.78,118.4,0.943,1.7,26,1
2023-04-15 12:00:00,Press-02,Morning,OP-011,Steel_4140,4985,88.44,3.335,7.71,1487.3,13.1,25.07,105.4,2.83,12.9,83,1
2023-04-15 18:00:00,Lathe-02,Morning,OP-012,Cast_Iron,5541,74.27,3.26,6.19,1401.7,91.0,24.35,97.3,1.735,7.3,6,0
2023-04-16 00:00:00,Press-01,Night,OP-010,Titanium_6Al4V,2091,66.71,2.37,6.56,1279.9,84.7,22.51,110.9,1.158,2.7,167,1
2023-04-16 06:00:00,CNC-01,Night,OP-008,Steel_A36,4424,80.96,2.6,7.33,1442.3,27.6,22.02,93.8,1.606,8.3,103,0
2023-04-16 12:00:00,Press-02,Night,OP-009,Cast_Iron,4985,80.77,3.806,6.72,1463.6,12.7,23.71,109.8,2.295,6.6,71,1
2023-04-16 18:00:00,Lathe-02,Morning,OP-004,Steel_4140,5541,84.37,3.595,6.7,1358.1,92.9,23.04,106.1,2.725,9.0,1,1
2023-04-17 00:00:00,Asm-01,Morning,OP-005,Steel_4140,691,63.66,1.323,4.92,1383.6,68.0,,114.5,0.868,10.0,141,0
2023-04-17 06:00:00,Asm-01,Night,OP-008,Titanium_6Al4V,691,72.97,1.1,7.04,1527.0,69.2,18.63,109.5,1.194,4.5,137,0
2023-04-17 12:00:00,Lathe-01,Afternoon,OP-009,Steel_A36,4937,80.66,3.772,6.54,1459.4,20.0,24.44,99.7,2.453,9.1,49,1
2023-04-17 18:00:00,Press-02,Night,OP-015,Steel_A36,4985,84.06,3.12,6.93,1329.3,13.2,23.81,93.9,2.231,8.8,145,1
2023-04-18 00:00:00,Press-01,Afternoon,OP-015,Aluminum_6061,2091,73.14,1.648,6.65,1486.0,86.0,21.87,109.6,1.56,3.2,17,0
2023-04-18 06:00:00,CNC-02,Afternoon,OP-016,Steel_A36,923,68.76,2.024,6.05,1375.6,24.8,23.98,103.7,1.527,2.9,15,1
2023-04-18 12:00:00,Press-01,Night,OP-014,Titanium_6Al4V,2091,74.67,1.753,7.22,1388.0,78.0,21.6,117.1,1.294,3.9,51,0
2023-04-18 18:00:00,Asm-01,Night,OP-008,Aluminum_6061,691,68.09,1.465,6.66,1465.8,68.6,18.45,123.2,0.777,10.0,179,0
2023-04-19 00:00:00,Asm-01,Night,OP-018,Aluminum_6061,691,,1.83,5.47,1458.4,67.2,,124.0,1.035,1.7,158,0
2023-04-19 06:00:00,CNC-03,Morning,OP-010,Steel_4140,3978,82.87,3.004,7.55,1417.8,15.7,,92.5,2.18,6.9,83,1
2023-04-19 12:00:00,Asm-01,Afternoon,OP-020,Steel_4140,691,71.25,,5.36,1409.7,62.0,23.32,108.6,1.199,9.2,150,0
2023-04-19 18:00:00,CNC-01,Morning,OP-006,Steel_A36,4424,68.29,2.802,7.22,1429.9,24.1,17.78,114.6,1.336,10.2,95,0
2023-04-20 00:00:00,Weld-01,Morning,OP-012,Aluminum_6061,5209,78.01,3.395,7.69,1387.6,64.9,21.85,109.5,1.902,16.5,41,0
2023-04-20 06:00:00,Press-02,Night,OP-002,Steel_4140,4985,85.79,3.328,5.61,1537.1,,24.71,84.9,2.359,9.0,112,1
2023-04-20 12:00:00,Press-01,Morning,OP-007,Titanium_6Al4V,2091,62.4,2.363,6.4,1324.5,81.8,21.27,120.1,1.304,3.8,177,0
2023-04-20 18:00:00,Weld-01,Night,OP-016,Steel_4140,5209,86.0,3.994,6.33,1430.7,65.0,23.33,87.6,2.749,11.8,123,0
2023-04-21 00:00:00,Lathe-02,Afternoon,OP-003,Steel_4140,5541,81.61,3.654,6.36,1333.2,90.6,22.13,99.5,2.419,8.0,14,0
2023-04-21 06:00:00,CNC-02,Night,OP-013,Aluminum_6061,923,74.59,1.549,7.96,1524.9,23.2,20.9,120.6,1.29,1.7,89,0
2023-04-21 12:00:00,CNC-01,Morning,OP-003,Aluminum_6061,4424,78.82,2.542,5.62,1430.6,20.6,24.97,114.4,2.259,9.2,171,0
2023-04-21 18:00:00,Press-01,Morning,OP-018,Cast_Iron,2091,67.92,2.16,6.25,1365.5,89.1,17.86,122.7,1.272,5.7,41,0
2023-04-22 00:00:00,Weld-01,Night,OP-011,Titanium_6Al4V,5209,82.82,3.219,7.7,1504.8,63.9,22.78,92.9,2.101,12.8,44,1
2023-04-22 06:00:00,CNC-02,Night,OP-008,Aluminum_6061,923,67.73,1.851,6.24,2417.2,23.1,20.28,106.5,0.891,11.0,93,0
2023-04-22 12:00:00,CNC-03,Morning,OP-006,Steel_A36,3978,73.38,2.777,5.75,1472.5,12.6,20.28,103.0,1.599,10.8,106,1
2023-04-22 18:00:00,CNC-01,Afternoon,OP-001,Titanium_6Al4V,4424,89.92,3.039,6.71,1542.1,20.0,22.97,97.3,2.496,5.7,162,1
2023-04-23 00:00:00,CNC-01,Afternoon,OP-001,Titanium_6Al4V,4424,73.97,2.551,7.14,1464.4,23.3,21.04,109.6,1.307,8.8,21,0
2023-04-23 06:00:00,CNC-03,Night,OP-008,Aluminum_6061,3978,66.22,2.216,6.19,1409.5,16.0,20.39,123.0,1.023,9.6,127,0
2023-04-23 12:00:00,Press-02,Afternoon,OP-005,Titanium_6Al4V,4985,88.49,4.125,6.94,1350.6,10.3,24.53,88.5,2.584,18.3,37,1
2023-04-23 18:00:00,CNC-03,Morning,OP-016,Aluminum_6061,3978,74.51,2.992,5.4,1536.6,,24.02,101.2,1.623,6.4,96,1
2023-04-24 00:00:00,CNC-01,Night,OP-011,Steel_4140,4424,77.34,3.297,5.44,1524.2,22.6,23.38,115.3,1.811,6.1,100,1
2023-04-24 06:00:00,CNC-01,Morning,OP-005,Cast_Iron,4424,77.04,2.771,6.15,1398.4,27.8,22.6,96.4,2.038,11.3,6,0
2023-04-24 12:00:00,Weld-01,Morning,OP-004,Steel_4140,5209,78.43,3.829,6.97,1400.5,60.5,24.62,107.6,1.856,7.7,43,0
2023-04-24 18:00:00,Asm-01,Afternoon,OP-006,Aluminum_6061,691,63.33,1.78,7.11,1544.9,68.0,19.77,114.8,1.002,3.6,75,0
2023-04-25 00:00:00,CNC-02,Night,OP-014,Aluminum_6061,923,62.9,1.283,5.55,1492.5,28.0,18.05,120.3,0.905,2.6,6,0
2023-04-25 06:00:00,CNC-03,Night,OP-019,Steel_4140,3978,77.76,,7.08,1307.1,12.8,21.53,99.6,1.668,6.5,59,0
2023-04-25 12:00:00,CNC-02,Afternoon,OP-009,Steel_A36,923,65.87,1.311,6.63,1434.3,22.1,17.49,121.3,0.883,5.1,0,1
2023-04-25 18:00:00,CNC-03,Morning,OP-012,Steel_A36,3978,81.08,2.929,5.8,1431.4,16.7,25.76,97.9,2.014,6.3,61,0
2023-04-26 00:00:00,Lathe-02,Morning,OP-011,Steel_A36,5541,84.73,3.691,5.43,1469.8,87.3,25.31,87.7,2.523,10.5,86,0
2023-04-26 06:00:00,CNC-01,Morning,OP-014,Aluminum_6061,4424,74.19,3.151,6.68,1450.5,25.0,18.06,109.8,2.119,5.6,88,1
2023-04-26 12:00:00,Asm-01,Morning,OP-016,Titanium_6Al4V,691,67.7,2.022,7.53,1409.0,60.9,22.02,92.6,0.958,2.0,17,0
2023-04-26 18:00:00,Weld-01,Night,OP-001,Aluminum_6061,5209,79.19,3.193,6.53,1464.3,66.0,,98.8,1.842,7.7,107,1
2023-04-27 00:00:00,Asm-01,Night,OP-013,Titanium_6Al4V,691,62.2,1.068,5.75,1414.2,64.9,19.22,120.5,0.535,5.0,134,0
2023-04-27 06:00:00,Asm-01,Afternoon,OP-013,Steel_4140,691,70.61,9.092,5.01,1723.1,65.3,16.74,118.8,1.172,2.0,114,1
2023-04-27 12:00:00,Asm-01,Afternoon,OP-002,Cast_Iron,691,,0.825,7.72,1459.8,63.4,,126.6,0.73,3.9,53,0
2023-04-27 18:00:00,CNC-02,Night,OP-004,Titanium_6Al4V,923,65.85,1.882,7.33,1448.8,19.1,21.64,128.2,1.232,4.7,66,1
2023-04-28 00:00:00,CNC-03,Night,OP-006,Steel_A36,3978,73.15,2.98,6.74,1597.4,17.8,23.7,118.8,1.589,8.2,92,1
2023-04-28 06:00:00,Weld-02,Morning,OP-005,Aluminum_6061,992,62.96,1.499,7.68,1340.9,10.9,19.35,118.1,0.69,4.0,137,1
2023-04-28 12:00:00,Lathe-02,Morning,OP-003,Steel_4140,5541,92.26,3.467,6.68,1441.2,100.0,26.04,105.0,2.478,8.5,58,0
2023-04-28 18:00:00,Press-01,Afternoon,OP-001,Steel_A36,2091,73.2,2.479,6.08,1374.0,81.2,19.09,109.9,1.595,4.0,68,0
2023-04-29 00:00:00,Asm-01,Night,OP-004,Steel_4140,691,61.7,1.854,6.94,1500.8,63.7,19.8,121.6,1.117,3.4,97,0
2023-04-29 06:00:00,Press-02,Afternoon,OP-020,Cast_Iron,4985,82.02,3.282,5.84,1410.5,10.0,24.45,96.8,2.157,6.4,7,1
2023-04-29 12:00:00,CNC-02,Night,OP-002,Aluminum_6061,923,73.19,1.841,5.7,1496.4,23.3,24.56,114.1,1.268,7.4,54,1
2023-04-29 18:00:00,Weld-01,Morning,OP-005,Aluminum_6061,5209,82.12,3.824,7.12,1490.6,67.1,22.69,96.2,2.126,11.7,133,0
2023-04-30 00:00:00,Press-01,Afternoon,OP-003,Cast_Iron,2091,78.4,2.249,7.18,1512.4,86.7,21.83,105.2,2.003,3.9,128,0
2023-04-30 06:00:00,Weld-02,Afternoon,OP-009,Aluminum_6061,992,60.39,1.552,5.48,1492.0,10.0,18.67,121.4,0.429,3.7,55,1
2023-04-30 12:00:00,Press-02,Night,OP-020,Titanium_6Al4V,4985,70.62,3.533,5.51,1432.1,16.3,22.72,123.3,1.748,14.3,103,1
2023-04-30 18:00:00,Weld-02,Morning,OP-006,Steel_4140,992,69.4,1.218,6.14,1338.2,13.5,20.96,117.3,1.19,2.2,113,1
2023-05-01 00:00:00,Press-01,Afternoon,OP-018,Steel_A36,2091,72.92,2.143,5.93,1530.7,85.1,22.49,109.5,1.42,6.7,87,0
2023-05-01 06:00:00,Asm-01,Morning,OP-006,Cast_Iron,691,50.46,1.409,6.88,1562.7,63.6,18.43,116.4,0.228,1.1,137,0
2023-05-01 12:00:00,Press-02,Afternoon,OP-019,Titanium_6Al4V,4985,77.46,3.225,6.54,1375.0,10.9,20.23,111.3,2.073,8.5,107,1
2023-05-01 18:00:00,Weld-02,Morning,OP-012,Steel_A36,992,63.06,0.943,7.43,1508.9,11.9,14.54,115.5,0.487,7.7,22,1
2023-05-02 00:00:00,Weld-01,Night,OP-011,Steel_A36,5209,74.32,3.068,6.75,1356.4,,21.08,109.1,1.445,8.9,143,0
2023-05-02 06:00:00,CNC-03,Afternoon,OP-002,Cast_Iron,3978,72.38,2.746,5.98,1466.3,17.9,21.25,113.7,1.689,7.8,100,0
2023-05-02 12:00:00,CNC-01,Afternoon,OP-015,Titanium_6Al4V,4424,81.8,3.494,4.99,1482.8,21.9,22.4,111.2,2.021,12.7,143,1
2023-05-02 18:00:00,CNC-03,Morning,OP-012,Steel_A36,3978,72.34,3.055,6.64,1415.9,10.0,20.86,113.9,1.737,8.7,55,1
2023-05-03 00:00:00,Press-01,Morning,OP-012,Steel_A36,2091,66.62,2.491,5.13,1457.6,79.7,19.73,101.9,1.287,6.2,107,0
2023-05-03 06:00:00,CNC-02,Afternoon,OP-009,Titanium_6Al4V,923,59.79,2.101,5.97,1517.9,20.1,19.77,102.6,0.974,3.8,94,1
2023-05-03 12:00:00,CNC-01,Night,OP-002,Aluminum_6061,4424,85.17,3.267,5.92,1441.2,22.9,22.09,105.7,2.242,8.5,5,0
2023-05-03 18:00:00,Lathe-02,Morning,OP-003,Steel_A36,5541,84.49,3.68,6.09,1396.0,93.3,23.75,99.9,2.494,11.8,29,0
2023-05-04 00:00:00,Weld-01,Morning,OP-012,Steel_4140,5209,68.82,3.09,5.45,1352.1,62.5,20.94,112.0,1.439,18.1,128,0
2023-05-04 06:00:00,Lathe-02,Morning,OP-016,Titanium_6Al4V,5541,77.4,4.419,5.92,1418.7,94.0,24.23,114.3,2.478,11.7,50,0
2023-05-04 12:00:00,Press-02,Afternoon,OP-001,Steel_A36,4985,83.22,2.814,7.42,1356.0,11.9,24.73,97.5,1.829,9.9,105,1
2023-05-04 18:00:00,CNC-01,Afternoon,OP-003,Cast_Iron,4424,85.23,,7.41,1419.8,23.0,26.11,110.7,2.499,6.0,88,1
2023-05-05 00:00:00,Lathe-02,Afternoon,OP-020,Steel_4140,5541,86.52,3.957,7.73,1412.8,97.9,23.27,92.5,2.958,12.0,126,0
2023-05-05 06:00:00,Lathe-02,Afternoon,OP-002,Steel_A36,5541,80.54,3.963,6.51,1514.3,96.2,20.5,112.9,2.332,10.9,45,0
2023-05-05 12:00:00,Weld-02,Night,OP-009,Steel_4140,992,58.44,1.172,6.72,1455.9,12.7,17.59,125.8,0.903,5.7,120,1
2023-05-05 18:00:00,CNC-03,Night,OP-019,Steel_4140,3978,81.78,2.772,7.43,1653.8,16.7,20.35,91.2,2.369,5.8,148,0
2023-05-06 00:00:00,Weld-02,Afternoon,OP-015,Aluminum_6061,992,66.62,1.314,5.32,1288.9,10.0,23.4,111.9,0.895,8.3,98,0
2023-05-06 06:00:00,CNC-01,Night,OP-018,Steel_4140,4424,79.17,2.343,7.14,1475.1,21.2,20.69,121.2,1.779,5.8,165,0
2023-05-06 12:00:00,CNC-01,Morning,OP-011,Aluminum_6061,4424,77.94,3.188,7.54,1413.9,,23.34,118.3,1.811,6.4,68,1
2023-05-06 18:00:00,Press-01,Morning,OP-016,Titanium_6Al4V,2091,64.76,1.828,5.79,1373.5,81.2,20.83,119.5,0.889,5.9,62,0
2023-05-07 00:00:00,Weld-02,Morning,OP-017,Aluminum_6061,992,69.92,9.282,7.61,1447.6,10.0,21.04,113.7,1.414,4.6,49,1
2023-05-07 06:00:00,Lathe-01,Afternoon,OP-005,Cast_Iron,4937,81.56,3.606,8.15,1441.6,22.6,26.48,102.8,1.917,7.3,11,1
2023-05-07 12:00:00,CNC-03,Morning,OP-012,Steel_A36,3978,75.3,2.957,7.12,1536.2,18.1,21.61,109.5,1.966,8.6,68,1
2023-05-07 18:00:00,CNC-01,Night,OP-011,Titanium_6Al4V,4424,,2.946,6.98,1457.3,23.6,21.53,101.9,2.065,7.0,72,0
2023-05-08 00:00:00,Press-01,Afternoon,OP-015,Titanium_6Al4V,2091,64.66,2.161,5.6,1394.6,85.6,18.35,123.4,1.271,2.6,43,0
2023-05-08 06:00:00,Weld-02,Night,OP-003,Cast_Iron,992,66.75,1.532,7.36,1476.7,11.3,20.61,119.2,0.993,1.8,51,1
2023-05-08 12:00:00,CNC-03,Morning,OP-001,Aluminum_6061,3978,77.56,2.968,5.68,1431.6,12.6,21.97,97.1,2.027,11.4,8,1
2023-05-08 18:00:00,Weld-02,Morning,OP-020,Steel_A36,992,59.43,2.395,6.8,1360.0,14.2,17.75,120.8,1.045,2.0,117,1
2023-05-09 00:00:00,Lathe-02,Morning,OP-016,Aluminum_6061,5541,82.03,3.198,6.88,1430.1,88.3,23.78,103.2,2.242,7.3,9,1
2023-05-09 06:00:00,Press-01,Afternoon,OP-002,Steel_4140,2091,75.2,2.047,3.86,1468.5,78.0,22.23,106.3,1.703,6.1,45,0
2023-05-09 12:00:00,CNC-03,Night,OP-002,Aluminum_6061,3978,75.92,3.223,6.82,1455.8,10.0,22.62,120.1,1.65,6.7,102,1
2023-05-09 18:00:00,Asm-01,Afternoon,OP-003,Titanium_6Al4V,691,66.99,1.342,8.6,1476.4,68.2,20.72,115.8,0.842,5.6,36,0
2023-05-10 00:00:00,Press-02,Afternoon,OP-008,Steel_A36,4985,83.39,4.013,4.83,1407.9,13.0,24.1,83.1,2.903,12.2,51,1
2023-05-10 06:00:00,Press-02,Morning,OP-015,Aluminum_6061,4985,78.64,3.652,6.46,1475.4,13.8,,100.3,2.183,11.8,98,1
2023-05-10 12:00:00,CNC-03,Afternoon,OP-007,Steel_A36,3978,75.94,2.653,4.94,1459.6,19.0,22.98,114.5,1.39,6.1,80,0
2023-05-10 18:00:00,Weld-02,Afternoon,OP-006,Steel_A36,992,62.22,1.716,5.78,1460.3,10.0,17.62,108.8,0.561,3.4,12,1
2023-05-11 00:00:00,Press-01,Morning,OP-009,Steel_4140,2091,71.46,1.833,4.96,1452.6,87.2,18.74,118.9,1.293,5.8,133,0
2023-05-11 06:00:00,Press-02,Afternoon,OP-020,Steel_4140,4985,153.97,3.062,6.63,1624.1,11.5,24.27,95.9,1.87,7.4,100,1
2023-05-11 12:00:00,Press-01,Morning,OP-001,Titanium_6Al4V,2091,74.03,2.059,7.13,1538.8,82.0,20.48,120.0,1.318,2.7,127,0
2023-05-11 18:00:00,Press-02,Morning,OP-008,Cast_Iron,4985,83.4,3.886,6.83,1473.6,,26.37,94.6,2.76,8.3,47,0
2023-05-12 00:00:00,Lathe-02,Morning,OP-003,Steel_A36,5541,86.27,3.922,5.76,1386.0,93.3,25.61,94.8,2.454,7.0,159,0
2023-05-12 06:00:00,Weld-02,Morning,OP-004,Cast_Iron,992,65.56,1.625,6.01,1426.6,10.8,18.75,111.4,1.174,10.3,10,0
2023-05-12 12:00:00,Lathe-02,Afternoon,OP-015,Titanium_6Al4V,5541,71.43,3.937,6.72,1579.3,94.5,22.84,109.8,1.988,11.7,80,0
2023-05-12 18:00:00,Press-02,Morning,OP-006,Steel_A36,4985,84.29,3.488,5.78,1405.0,13.0,27.48,114.6,2.259,6.9,4,1
2023-05-13 00:00:00,Asm-01,Morning,OP-015,Steel_A36,691,69.31,1.034,5.44,1436.7,65.0,20.61,114.9,0.755,1.9,5,0
2023-05-13 06:00:00,Asm-01,Afternoon,OP-003,Cast_Iron,691,63.98,1.444,6.31,1432.3,64.4,19.88,116.1,1.046,13.1,116,1
2023-05-13 12:00:00,Lathe-02,Afternoon,OP-014,Aluminum_6061,5541,85.09,3.595,5.74,1479.4,93.3,23.0,94.6,1.913,8.3,148,0
2023-05-13 18:00:00,Asm-01,Night,OP-020,Steel_4140,691,59.92,1.807,6.83,1415.1,61.6,21.45,104.1,1.013,5.5,41,0
2023-05-14 00:00:00,Press-02,Afternoon,OP-014,Aluminum_6061,4985,85.73,3.154,7.54,1464.1,10.0,25.61,96.4,2.306,8.0,80,0
2023-05-14 06:00:00,CNC-03,Afternoon,OP-004,Cast_Iron,3978,75.76,2.575,8.58,1416.9,12.9,20.8,96.8,1.827,11.0,154,1
2023-05-14 12:00:00,Lathe-02,Night,OP-012,Steel_4140,5541,78.17,3.606,6.77,1555.2,94.3,25.68,87.5,2.11,10.6,2,0
2023-05-14 18:00:00,CNC-02,Afternoon,OP-017,Aluminum_6061,923,64.78,1.346,7.02,1395.1,30.3,19.29,115.5,0.648,1.2,59,0
2023-05-15 00:00:00,Weld-02,Afternoon,OP-007,Steel_4140,992,66.94,1.505,6.02,1528.2,11.0,18.23,110.2,1.109,2.3,92,0
2023-05-15 06:00:00,Asm-01,Afternoon,OP-009,Steel_A36,691,67.1,1.47,6.07,1403.2,60.3,18.59,125.6,1.195,3.3,48,0
2023-05-15 12:00:00,Asm-01,Afternoon,OP-003,Aluminum_6061,691,67.4,1.349,7.53,1381.7,63.2,20.76,107.9,0.905,8.7,33,0
2023-05-15 18:00:00,CNC-01,Night,OP-013,Steel_4140,4424,76.68,3.521,6.28,1393.9,25.7,21.32,109.0,2.155,5.9,36,0
2023-05-16 00:00:00,Lathe-01,Afternoon,OP-015,Steel_4140,4937,81.43,3.926,6.56,1313.1,18.4,21.95,105.2,2.394,8.9,41,1
2023-05-16 06:00:00,Lathe-02,Afternoon,OP-018,Steel_4140,5541,82.36,3.969,7.48,1485.1,88.7,23.12,110.1,2.475,8.0,0,0
2023-05-16 12:00:00,Weld-01,Night,OP-019,Aluminum_6061,5209,78.04,2.77,6.29,1356.9,64.3,21.74,103.7,1.681,13.1,131,0
2023-05-16 18:00:00,Asm-01,Morning,OP-001,Titanium_6Al4V,691,63.17,1.246,7.7,1421.4,67.0,17.71,127.7,1.057,5.2,102,0
2023-05-17 00:00:00,Weld-02,Night,OP-006,Aluminum_6061,992,71.14,1.563,6.96,1510.9,10.0,19.49,116.7,1.274,2.6,141,1
2023-05-17 06:00:00,CNC-02,Morning,OP-002,Cast_Iron,923,70.51,0.865,6.86,1508.3,21.2,20.89,123.8,1.146,1.7,109,1
2023-05-17 12:00:00,Asm-01,Night,OP-014,Aluminum_6061,691,67.45,1.152,5.98,1335.5,69.4,19.67,134.5,0.866,0.9,145,0
2023-05-17 18:00:00,CNC-02,Night,OP-006,Steel_4140,923,72.51,1.527,6.91,1474.8,26.4,19.57,110.7,1.455,4.1,33,0
2023-05-18 00:00:00,Press-02,Afternoon,OP-014,Steel_A36,4985,70.77,3.201,6.16,1541.2,10.0,20.79,108.9,1.607,7.8,0,1
2023-05-18 06:00:00,Press-02,Morning,OP-004,Aluminum_6061,4985,77.76,3.384,6.88,1399.1,,22.42,100.6,1.847,7.4,52,1
2023-05-18 12:00:00,Lathe-01,Afternoon,OP-008,Aluminum_6061,4937,74.65,2.808,6.42,1491.1,22.1,21.58,119.1,2.083,18.9,21,1
2023-05-18 18:00:00,CNC-03,Morning,OP-003,Steel_4140,3978,88.71,2.756,7.27,1358.5,13.1,23.66,120.7,1.801,6.9,149,1
2023-05-19 00:00:00,Weld-01,Night,OP-019,Steel_A36,5209,84.84,3.54,6.47,1480.9,62.9,25.13,105.3,2.954,10.7,177,0
2023-05-19 06:00:00,CNC-01,Night,OP-014,Steel_A36,4424,78.43,3.14,8.13,1460.5,25.6,22.82,91.0,2.119,6.1,15,1
2023-05-19 12:00:00,Lathe-01,Morning,OP-020,Cast_Iron,4937,84.35,3.539,6.28,1502.9,18.5,24.07,92.6,2.273,6.2,155,1
2023-05-19 18:00:00,Press-01,Afternoon,OP-017,Aluminum_6061,2091,77.12,2.27,6.07,1497.9,82.3,23.77,116.4,1.731,4.2,118,0
2023-05-20 00:00:00,CNC-01,Afternoon,OP-008,Steel_A36,4424,84.35,2.973,6.78,1341.7,21.0,26.1,92.3,2.306,8.8,85,0
2023-05-20 06:00:00,Lathe-02,Afternoon,OP-014,Steel_A36,5541,86.92,3.672,7.36,1460.9,90.0,22.38,93.2,2.412,9.0,41,0
2023-05-20 12:00:00,Weld-02,Afternoon,OP-006,Titanium_6Al4V,992,66.79,1.314,7.36,1566.2,13.1,16.95,110.1,1.373,7.9,70,0
2023-05-20 18:00:00,Press-01,Night,OP-016,Titanium_6Al4V,2091,69.03,2.007,6.63,1275.2,84.1,19.69,111.3,1.558,4.3,116,0
2023-05-21 00:00:00,Press-01,Night,OP-019,Steel_A36,2091,66.72,1.693,6.77,1527.4,78.9,20.79,116.1,1.622,3.7,162,0
2023-05-21 06:00:00,Lathe-01,Night,OP-014,Cast_Iron,4937,82.94,3.786,6.77,1578.1,23.5,24.28,84.6,2.109,13.6,19,1
2023-05-21 12:00:00,CNC-03,Night,OP-019,Steel_A36,3978,76.64,2.831,5.64,1331.2,12.9,23.59,93.5,1.858,6.5,107,1
2023-05-21 18:00:00,Lathe-01,Night,OP-003,Steel_4140,4937,78.34,,7.32,1396.3,23.7,22.44,89.9,1.892,7.1,129,1
2023-05-22 00:00:00,Lathe-02,Afternoon,OP-010,Aluminum_6061,5541,79.96,3.749,5.49,1491.4,89.6,,90.2,2.005,7.2,6,0
2023-05-22 06:00:00,Asm-01,Afternoon,OP-019,Cast_Iron,691,74.41,1.148,5.64,1379.1,62.8,18.28,112.0,1.156,5.6,176,0
2023-05-22 12:00:00,Asm-01,Afternoon,OP-009,Steel_4140,691,71.92,1.603,6.54,1559.2,66.4,21.17,113.3,1.196,6.1,8,0
2023-05-22 18:00:00,CNC-03,Afternoon,OP-020,Cast_Iron,3978,86.58,3.264,6.24,1534.7,10.7,25.44,107.5,2.417,5.1,26,0
2023-05-23 00:00:00,Lathe-02,Night,OP-013,Steel_4140,5541,84.96,3.593,7.14,1339.2,91.8,21.01,103.7,2.354,8.3,129,0
2023-05-23 06:00:00,CNC-03,Night,OP-007,Aluminum_6061,3978,77.72,2.97,6.86,1390.6,10.3,24.4,100.1,2.06,9.1,84,0
2023-05-23 12:00:00,CNC-02,Night,OP-014,Aluminum_6061,923,67.76,1.383,6.61,1511.6,22.7,20.22,116.3,1.089,9.9,59,0
2023-05-23 18:00:00,Asm-01,Morning,OP-009,Titanium_6Al4V,691,62.06,1.512,5.6,1508.5,65.5,18.66,125.4,1.165,2.3,111,0
2023-05-24 00:00:00,Press-01,Afternoon,OP-019,Steel_4140,2091,65.23,2.21,6.52,1627.5,83.7,18.86,111.4,1.338,8.8,85,0
2023-05-24 06:00:00,Weld-01,Afternoon,OP-015,Titanium_6Al4V,5209,83.81,3.247,6.46,1379.6,61.3,25.81,98.4,1.991,8.0,176,0
2023-05-24 12:00:00,Weld-02,Night,OP-020,Steel_4140,992,63.43,1.202,6.68,1566.7,12.4,20.07,109.6,0.769,1.8,129,1
2023-05-24 18:00:00,Lathe-02,Afternoon,OP-014,Titanium_6Al4V,5541,83.37,4.139,6.16,1376.9,93.1,24.8,92.0,2.461,6.9,144,0
2023-05-25 00:00:00,CNC-01,Afternoon,OP-006,Aluminum_6061,4424,84.4,3.377,6.92,1490.0,23.4,22.51,105.7,2.377,6.7,82,1
2023-05-25 06:00:00,CNC-03,Night,OP-004,Cast_Iron,3978,74.1,2.721,6.22,1521.4,12.1,23.96,107.3,1.896,6.4,103,1
2023-05-25 12:00:00,Weld-02,Morning,OP-008,Titanium_6Al4V,992,78.15,1.722,6.84,1210.5,14.6,21.4,123.9,1.599,9.9,87,1
2023-05-25 18:00:00,CNC-01,Morning,OP-017,Steel_4140,4424,73.87,2.544,7.14,1522.9,24.8,21.81,102.5,1.734,6.2,19,0
2023-05-26 00:00:00,Weld-02,Morning,OP-009,Steel_4140,992,73.05,0.843,6.07,1560.8,10.0,19.99,119.5,0.848,2.7,125,0
2023-05-26 06:00:00,Weld-01,Night,OP-001,Aluminum_6061,5209,83.4,3.913,5.88,1537.7,64.3,22.74,102.2,2.318,6.6,97,0
2023-05-26 12:00:00,CNC-01,Afternoon,OP-020,Steel_4140,4424,,3.227,6.88,1614.3,26.3,24.03,99.7,1.878,9.9,159,0
2023-05-26 18:00:00,Lathe-01,Night,OP-014,Steel_A36,4937,74.85,3.341,5.44,1527.2,21.1,23.2,101.6,1.985,13.6,50,1
2023-05-27 00:00:00,Press-02,Night,OP-011,Cast_Iron,4985,92.11,3.474,7.39,1407.0,12.7,24.18,100.8,2.795,7.0,87,1
2023-05-27 06:00:00,Lathe-01,Afternoon,OP-003,Titanium_6Al4V,4937,79.53,4.65,6.51,1549.1,15.2,24.25,103.1,2.213,7.9,169,1
2023-05-27 12:00:00,Asm-01,Morning,OP-009,Cast_Iron,691,70.54,1.85,6.41,1402.5,63.1,20.4,113.3,1.308,1.3,62,0
2023-05-27 18:00:00,Press-02,Morning,OP-014,Aluminum_6061,4985,87.8,2.963,6.94,1456.6,15.2,25.16,103.1,2.28,8.1,88,0
2023-05-28 00:00:00,Lathe-01,Night,OP-009,Titanium_6Al4V,4937,77.4,2.688,6.89,1516.5,19.0,21.56,106.0,2.14,6.6,130,1
2023-05-28 06:00:00,Press-02,Morning,OP-004,Titanium_6Al4V,4985,,3.803,6.51,1485.8,12.2,24.34,85.6,2.25,8.5,88,1
2023-05-28 12:00:00,Press-02,Night,OP-004,Steel_A36,4985,76.72,3.723,7.2,1558.1,10.1,23.39,103.6,2.269,10.2,91,1
2023-05-28 18:00:00,Press-01,Night,OP-008,Aluminum_6061,2091,78.52,2.345,5.96,1649.1,84.3,21.42,104.1,1.973,5.0,75,0
2023-05-29 00:00:00,CNC-03,Afternoon,OP-002,Steel_4140,3978,,2.615,7.07,1359.0,15.1,20.15,123.4,1.591,5.8,25,1
2023-05-29 06:00:00,CNC-03,Afternoon,OP-009,Steel_A36,3978,77.62,3.086,5.64,1423.7,15.2,21.37,109.5,1.989,6.3,175,1
2023-05-29 12:00:00,Press-01,Afternoon,OP-014,Steel_A36,2091,73.06,1.825,6.91,1475.3,80.2,21.28,112.1,1.586,5.7,107,0
2023-05-29 18:00:00,Weld-02,Night,OP-009,Cast_Iron,992,72.02,1.899,6.24,1412.9,11.8,20.22,114.5,1.131,3.9,7,0
2023-05-30 00:00:00,CNC-02,Afternoon,OP-016,Cast_Iron,923,77.73,1.997,5.45,1443.9,28.6,21.13,99.5,1.523,1.6,132,0
2023-05-30 06:00:00,Weld-02,Morning,OP-017,Cast_Iron,992,65.84,1.417,6.71,1512.1,13.7,20.17,110.5,0.996,6.8,138,1
2023-05-30 12:00:00,CNC-01,Morning,OP-016,Steel_A36,4424,84.52,3.588,6.47,1501.4,24.0,25.33,96.8,2.77,7.5,41,0
2023-05-30 18:00:00,CNC-01,Night,OP-012,Steel_4140,4424,88.68,3.181,5.27,1469.8,17.9,25.88,101.7,2.322,6.1,118,0
2023-05-31 00:00:00,Press-02,Night,OP-003,Titanium_6Al4V,4985,81.41,3.578,4.81,1461.8,12.0,22.4,97.6,2.176,6.6,168,0
2023-05-31 06:00:00,Lathe-01,Afternoon,OP-011,Cast_Iron,4937,77.68,2.836,6.38,1432.1,26.3,23.55,101.1,2.167,16.3,107,0
2023-05-31 12:00:00,Lathe-01,Night,OP-014,Steel_4140,4937,71.78,3.453,7.79,1562.4,25.3,24.91,97.7,1.94,7.2,146,0
2023-05-31 18:00:00,CNC-03,Night,OP-018,Aluminum_6061,3978,86.85,2.67,6.76,1583.1,15.3,23.6,101.3,2.611,12.1,175,0
2023-06-01 00:00:00,Lathe-02,Morning,OP-005,Cast_Iron,5541,81.09,,5.97,1531.5,90.5,23.36,101.8,2.507,8.5,119,0
2023-06-01 06:00:00,Weld-02,Morning,OP-016,Titanium_6Al4V,992,63.09,2.221,7.37,1358.0,11.6,19.07,117.7,1.061,2.7,159,1
2023-06-01 12:00:00,Asm-01,Afternoon,OP-020,Aluminum_6061,691,60.37,1.618,7.23,1429.0,67.9,17.0,111.9,0.742,4.5,45,0
2023-06-01 18:00:00,Weld-01,Night,OP-005,Aluminum_6061,5209,76.26,3.119,7.52,1466.0,65.2,23.45,108.0,1.721,6.5,91,0
2023-06-02 00:00:00,Lathe-01,Night,OP-003,Titanium_6Al4V,4937,85.03,3.611,7.05,1374.7,22.3,23.79,90.8,2.123,7.4,163,1
2023-06-02 06:00:00,Weld-01,Morning,OP-012,Cast_Iron,5209,86.57,,7.21,1456.3,64.9,23.92,96.5,2.523,7.6,145,0
2023-06-02 12:00:00,Press-02,Night,OP-001,Steel_A36,4985,83.84,4.204,7.08,1451.8,12.5,25.22,100.4,2.64,12.3,73,0
2023-06-02 18:00:00,Weld-01,Morning,OP-009,Titanium_6Al4V,5209,81.94,3.581,6.12,1536.7,62.1,24.57,98.7,2.401,8.8,95,1
2023-06-03 00:00:00,Asm-01,Afternoon,OP-009,Titanium_6Al4V,691,60.93,1.268,5.19,1410.1,64.2,17.5,105.7,0.693,2.2,17,0
2023-06-03 06:00:00,Press-01,Morning,OP-004,Titanium_6Al4V,2091,67.88,2.423,6.08,1543.1,84.9,19.51,99.7,1.728,3.5,139,0
2023-06-03 12:00:00,Asm-01,Night,OP-003,Aluminum_6061,691,61.63,1.451,7.38,1373.4,68.6,17.72,119.1,0.529,3.5,114,0
2023-06-03 18:00:00,Weld-01,Afternoon,OP-017,Steel_4140,5209,84.14,3.511,6.2,1384.6,64.5,26.85,104.5,2.025,7.0,71,0
2023-06-04 00:00:00,Asm-01,Morning,OP-002,Steel_A36,691,61.84,1.131,6.38,1419.7,62.0,20.65,120.9,0.549,1.7,45,0
2023-06-04 06:00:00,CNC-02,Morning,OP-001,Cast_Iron,923,64.31,1.555,5.57,1453.8,20.4,20.2,120.5,0.94,2.2,37,1
2023-06-04 12:00:00,Press-02,Afternoon,OP-008,Cast_Iron,4985,79.66,3.393,6.06,1256.7,16.0,22.35,100.2,1.885,9.0,129,1
2023-06-04 18:00:00,Weld-02,Afternoon,OP-013,Steel_4140,992,59.75,1.583,6.49,1486.7,12.0,18.09,123.8,1.034,2.6,8,1
2023-06-05 00:00:00,Press-01,Morning,OP-015,Titanium_6Al4V,2091,71.77,1.878,6.89,1586.7,84.3,21.06,113.7,1.186,4.7,107,1
2023-06-05 06:00:00,Lathe-01,Night,OP-008,Steel_A36,4937,79.89,3.475,6.13,1502.1,,26.33,97.0,1.955,9.3,132,0
2023-06-05 12:00:00,CNC-01,Morning,OP-012,Cast_Iron,4424,84.75,2.766,6.08,1433.1,28.9,23.61,105.9,2.331,14.9,97,0
2023-06-05 18:00:00,Weld-02,Afternoon,OP-012,Cast_Iron,992,64.0,1.17,7.17,1363.2,10.1,19.55,119.4,0.853,5.6,18,0
2023-06-06 00:00:00,CNC-01,Morning,OP-014,Titanium_6Al4V,4424,72.33,3.419,6.76,1305.0,27.0,18.01,119.5,1.976,7.1,70,0
2023-06-06 06:00:00,Press-02,Afternoon,OP-015,Steel_4140,4985,78.71,3.628,6.86,1318.6,13.4,23.34,113.3,2.127,10.4,38,1
2023-06-06 12:00:00,Press-01,Afternoon,OP-015,Steel_A36,2091,66.04,1.592,7.72,1439.5,78.8,17.34,114.0,1.074,11.6,41,0
2023-06-06 18:00:00,CNC-03,Night,OP-009,Steel_4140,3978,77.63,2.209,6.1,1618.6,11.5,20.93,103.7,1.381,7.0,144,0
2023-06-07 00:00:00,Lathe-01,Afternoon,OP-019,Steel_4140,4937,71.13,2.956,6.46,1232.6,19.5,21.35,120.5,1.603,7.8,89,1
2023-06-07 06:00:00,CNC-02,Afternoon,OP-020,Steel_A36,923,64.86,1.552,6.94,1506.0,27.1,18.77,119.8,0.75,1.4,173,1
2023-06-07 12:00:00,CNC-03,Night,OP-008,Steel_A36,3978,72.79,3.402,5.8,1395.8,17.6,20.94,104.5,2.223,11.7,106,1
2023-06-07 18:00:00,Press-02,Afternoon,OP-019,Cast_Iron,4985,83.42,3.32,6.68,1423.2,13.8,22.48,84.9,2.491,7.1,147,1
2023-06-08 00:00:00,Weld-02,Night,OP-006,Cast_Iron,992,64.05,1.326,6.52,1375.0,10.0,18.6,110.5,0.729,1.4,135,0
2023-06-08 06:00:00,CNC-02,Night,OP-020,Steel_A36,923,59.2,1.663,8.72,1340.6,21.1,18.08,111.3,0.726,3.5,95,1
2023-06-08 12:00:00,Asm-01,Afternoon,OP-019,Aluminum_6061,691,66.15,1.457,6.58,1460.1,69.0,19.37,113.9,0.951,6.5,146,0
2023-06-08 18:00:00,Weld-01,Afternoon,OP-004,Cast_Iron,5209,82.88,2.927,7.43,1471.0,58.5,22.94,107.2,2.524,8.1,31,0
2023-06-09 00:00:00,CNC-02,Morning,OP-007,Aluminum_6061,923,66.53,1.054,7.16,1503.5,23.5,20.99,122.2,0.957,5.7,125,1
2023-06-09 06:00:00,Press-02,Night,OP-004,Steel_A36,4985,77.52,2.842,5.57,1315.2,19.8,19.08,117.2,1.768,11.7,146,1
2023-06-09 12:00:00,Lathe-02,Morning,OP-012,Cast_Iron,5541,78.96,,5.26,1519.9,91.1,24.15,106.6,2.472,8.7,23,0
2023-06-09 18:00:00,Weld-01,Afternoon,OP-013,Steel_4140,5209,81.84,3.823,6.7,1521.3,58.6,23.69,89.7,2.013,9.2,23,0
2023-06-10 00:00:00,CNC-01,Morning,OP-003,Steel_A36,4424,74.38,2.898,7.51,1484.0,,21.52,114.9,1.73,7.8,119,1
2023-06-10 06:00:00,Lathe-01,Night,OP-012,Titanium_6Al4V,4937,78.79,3.803,6.73,1416.3,28.6,22.05,115.6,1.976,14.6,17,0
2023-06-10 12:00:00,CNC-01,Morning,OP-002,Aluminum_6061,4424,82.58,2.908,6.56,1474.7,24.7,22.74,116.0,1.706,9.4,139,0
2023-06-10 18:00:00,CNC-02,Night,OP-002,Steel_A36,923,61.38,2.034,6.27,1437.2,21.3,16.63,106.0,1.363,8.9,40,1
2023-06-11 00:00:00,CNC-01,Afternoon,OP-009,Steel_A36,4424,78.61,3.168,5.44,1527.5,23.1,22.89,102.2,1.989,6.3,86,1
2023-06-11 06:00:00,Press-02,Afternoon,OP-001,Cast_Iron,4985,71.63,3.117,5.73,1420.7,,22.07,115.0,1.546,7.3,175,1
2023-06-11 12:00:00,Asm-01,Night,OP-008,Cast_Iron,691,159.45,1.774,5.2,1458.6,60.0,18.86,103.8,0.825,1.1,81,1
2023-06-11 18:00:00,Weld-02,Afternoon,OP-006,Cast_Iron,992,,1.689,5.62,1310.9,13.8,21.99,102.0,0.891,3.3,143,0
2023-06-12 00:00:00,Lathe-01,Afternoon,OP-006,Titanium_6Al4V,4937,85.53,9.031,6.08,1474.4,21.4,23.71,101.7,2.347,12.4,150,1
2023-06-12 06:00:00,CNC-01,Afternoon,OP-018,Cast_Iron,4424,71.44,3.222,7.12,1390.0,25.8,21.61,101.7,1.877,6.7,166,1
2023-06-12 12:00:00,CNC-01,Afternoon,OP-017,Steel_A36,4424,81.04,3.218,6.14,1491.0,23.7,24.98,89.3,1.916,5.9,32,1
2023-06-12 18:00:00,CNC-02,Night,OP-012,Cast_Iron,923,73.99,1.924,6.7,1513.1,24.3,24.1,119.6,1.33,1.4,23,0
2023-06-13 00:00:00,Weld-02,Morning,OP-006,Steel_4140,992,62.95,2.668,6.61,1401.2,10.0,18.14,114.3,1.033,3.0,60,0
2023-06-13 06:00:00,CNC-03,Morning,OP-008,Cast_Iron,3978,73.12,3.44,6.9,1452.5,16.7,21.1,101.5,1.813,5.5,54,0
2023-06-13 12:00:00,CNC-01,Afternoon,OP-019,Titanium_6Al4V,4424,74.1,3.223,5.67,1464.0,20.4,21.79,98.1,1.433,6.8,83,1
2023-06-13 18:00:00,Press-02,Morning,OP-010,Steel_4140,4985,78.15,3.257,7.35,1479.4,10.2,21.46,105.1,1.842,11.4,167,1
2023-06-14 00:00:00,Lathe-02,Morning,OP-001,Steel_A36,5541,84.9,3.544,5.37,1513.2,91.0,25.09,103.5,2.485,8.4,118,0
2023-06-14 06:00:00,Lathe-01,Afternoon,OP-013,Steel_A36,4937,77.59,2.857,6.14,1502.7,15.2,20.9,107.7,1.616,9.0,71,1
2023-06-14 12:00:00,CNC-01,Afternoon,OP-017,Aluminum_6061,4424,73.22,3.401,6.48,1419.6,21.9,,93.5,2.049,7.6,73,1
2023-06-14 18:00:00,Press-02,Morning,OP-003,Steel_4140,4985,70.48,2.975,7.11,1577.9,10.7,22.14,112.1,1.787,10.0,128,1
2023-06-15 00:00:00,Press-02,Night,OP-008,Aluminum_6061,4985,88.59,3.232,7.6,1510.2,11.6,25.87,104.1,2.605,6.7,84,0
2023-06-15 06:00:00,Lathe-01,Afternoon,OP-014,Steel_4140,4937,88.83,3.628,7.11,1562.4,16.2,23.2,94.5,2.541,13.8,152,1
2023-06-15 12:00:00,CNC-03,Night,OP-003,Steel_4140,3978,80.23,2.845,7.63,1477.7,16.7,21.99,112.2,1.944,8.1,95,1
2023-06-15 18:00:00,Press-02,Morning,OP-016,Titanium_6Al4V,4985,76.53,3.184,5.84,1482.5,13.9,23.62,97.9,1.98,7.2,52,1
2023-06-16 00:00:00,Lathe-02,Afternoon,OP-013,Aluminum_6061,5541,86.05,3.145,7.45,1440.6,90.0,24.75,110.4,2.55,7.3,173,1
2023-06-16 06:00:00,Press-02,Night,OP-020,Titanium_6Al4V,4985,85.32,3.863,7.31,1414.5,11.0,23.71,99.3,2.718,6.7,109,1
2023-06-16 12:00:00,Press-02,Afternoon,OP-017,Steel_4140,4985,79.31,3.048,4.58,1528.0,15.2,22.37,99.7,1.654,10.8,59,1
2023-06-16 18:00:00,Press-02,Morning,OP-013,Steel_A36,4985,80.78,3.147,6.32,1471.2,11.9,22.23,100.1,1.901,8.9,50,1
2023-06-17 00:00:00,Asm-01,Night,OP-006,Steel_4140,691,73.32,0.786,6.98,1439.5,61.9,19.62,121.5,0.858,2.3,120,0
2023-06-17 06:00:00,Asm-01,Morning,OP-017,Titanium_6Al4V,691,58.96,1.494,6.09,1368.2,65.4,16.84,120.4,0.852,2.1,72,0
2023-06-17 12:00:00,CNC-03,Morning,OP-014,Aluminum_6061,3978,82.42,2.807,5.63,1574.4,10.7,21.16,108.0,1.903,10.8,175,1
2023-06-17 18:00:00,CNC-01,Afternoon,OP-017,Aluminum_6061,4424,77.28,3.208,8.19,1459.0,21.6,23.92,112.8,1.913,11.8,167,1
2023-06-18 00:00:00,Press-02,Night,OP-008,Titanium_6Al4V,4985,75.02,,6.59,1351.9,,21.52,102.1,2.116,8.8,6,0
2023-06-18 06:00:00,Weld-02,Morning,OP-011,Aluminum_6061,992,62.95,1.928,6.61,1456.5,14.6,20.96,116.3,1.22,3.5,74,0
2023-06-18 12:00:00,CNC-01,Morning,OP-020,Cast_Iron,4424,74.5,2.4,5.45,1433.9,29.7,22.24,106.3,1.875,10.6,18,0
2023-06-18 18:00:00,CNC-03,Night,OP-001,Steel_A36,3978,71.38,2.904,6.01,1430.6,18.0,21.75,116.2,1.483,9.1,142,1
2023-06-19 00:00:00,Press-01,Morning,OP-007,Steel_A36,2091,80.39,2.161,5.78,1496.1,,20.97,102.8,1.21,4.1,69,0
2023-06-19 06:00:00,CNC-01,Morning,OP-017,Steel_A36,4424,81.28,3.159,7.36,1434.0,30.5,21.15,102.8,2.02,5.8,55,0
2023-06-19 12:00:00,CNC-01,Night,OP-010,Aluminum_6061,4424,84.15,3.199,6.9,1425.6,25.4,22.75,119.2,1.937,9.9,137,0
2023-06-19 18:00:00,Weld-01,Night,OP-011,Aluminum_6061,5209,84.09,3.794,6.04,1559.0,59.4,26.2,109.4,2.013,7.1,173,0
2023-06-20 00:00:00,CNC-02,Night,OP-009,Steel_4140,923,68.19,2.134,6.95,1310.8,24.1,21.52,103.7,1.493,1.2,79,1
2023-06-20 06:00:00,Weld-01,Night,OP-009,Steel_4140,5209,81.65,3.417,6.3,1445.9,60.4,22.41,108.6,2.013,12.1,108,0
2023-06-20 12:00:00,Lathe-02,Afternoon,OP-005,Steel_A36,5541,80.33,3.237,6.69,1524.3,88.9,22.22,108.1,1.923,9.5,34,0
2023-06-20 18:00:00,Asm-01,Night,OP-017,Cast_Iron,691,65.58,1.727,6.68,1500.2,62.1,18.07,105.7,0.968,7.5,71,0
2023-06-21 00:00:00,Asm-01,Afternoon,OP-009,Steel_4140,691,60.12,1.39,6.84,1531.6,65.2,16.06,117.4,1.051,2.9,91,0
2023-06-21 06:00:00,CNC-02,Afternoon,OP-017,Steel_4140,923,73.29,2.11,6.74,1611.7,26.1,21.08,101.9,1.432,9.0,2,0
2023-06-21 12:00:00,Lathe-01,Afternoon,OP-019,Aluminum_6061,4937,71.36,3.119,6.84,1585.9,,24.04,88.3,1.881,7.5,65,0
2023-06-21 18:00:00,Lathe-01,Morning,OP-007,Cast_Iron,4937,75.14,3.017,7.5,1357.6,17.6,24.54,104.7,1.747,10.0,51,1
2023-06-22 00:00:00,CNC-03,Afternoon,OP-009,Steel_A36,3978,87.49,2.998,7.01,1321.1,13.1,24.68,95.7,1.983,6.0,92,1
2023-06-22 06:00:00,CNC-02,Afternoon,OP-007,Steel_4140,923,68.57,0.908,6.23,1476.1,25.3,18.36,106.7,0.677,1.2,46,0
2023-06-22 12:00:00,CNC-01,Morning,OP-013,Cast_Iron,4424,79.71,2.949,6.42,1341.7,24.1,20.39,103.7,1.972,7.0,2,1
2023-06-22 18:00:00,Lathe-01,Morning,OP-011,Cast_Iron,4937,83.61,,7.48,1295.9,23.4,24.95,84.0,2.235,10.2,142,1
2023-06-23 00:00:00,Press-02,Morning,OP-014,Steel_A36,4985,,3.469,6.59,1475.3,11.4,22.63,106.0,1.964,6.7,83,0
2023-06-23 06:00:00,Weld-02,Night,OP-019,Cast_Iron,992,61.13,1.235,6.2,1495.4,15.3,17.93,118.4,0.825,3.3,33,1
2023-06-23 12:00:00,CNC-01,Morning,OP-011,Cast_Iron,4424,76.6,2.784,6.0,1586.9,23.7,,111.3,1.979,6.2,49,1
2023-06-23 18:00:00,Lathe-02,Morning,OP-013,Cast_Iron,5541,77.8,4.087,6.72,1511.5,94.9,24.09,88.5,2.084,7.2,32,0
2023-06-24 00:00:00,Press-02,Afternoon,OP-014,Steel_4140,4985,80.2,3.376,5.82,1603.6,11.6,21.74,119.4,2.486,9.1,72,0
2023-06-24 06:00:00,Press-02,Morning,OP-013,Steel_A36,4985,83.01,3.727,7.53,1478.4,12.9,24.04,113.9,2.722,15.3,2,0
2023-06-24 12:00:00,CNC-02,Night,OP-001,Cast_Iron,923,74.83,1.387,5.67,1359.1,19.1,18.75,104.7,1.205,2.3,1,1
2023-06-24 18:00:00,CNC-03,Morning,OP-008,Cast_Iron,3978,81.49,2.919,7.68,1515.8,11.4,26.15,114.7,1.876,7.6,131,0
2023-06-25 00:00:00,Lathe-02,Night,OP-012,Steel_4140,5541,77.34,3.71,6.27,1556.7,92.0,21.79,109.6,1.75,16.1,15,1
2023-06-25 06:00:00,Lathe-01,Morning,OP-019,Steel_A36,4937,78.55,4.059,5.64,1481.3,21.6,24.25,97.5,2.294,9.3,32,1
2023-06-25 12:00:00,CNC-02,Morning,OP-012,Aluminum_6061,923,64.65,1.517,6.65,1566.0,31.9,17.36,110.8,1.032,4.5,8,0
2023-06-25 18:00:00,Lathe-01,Morning,OP-008,Steel_4140,4937,,3.293,5.74,1440.1,20.2,21.94,100.7,1.786,6.8,56,1
2023-06-26 00:00:00,CNC-02,Morning,OP-008,Steel_A36,923,61.66,2.043,6.53,1493.7,19.7,20.46,138.1,1.036,3.2,39,0
2023-06-26 06:00:00,CNC-02,Night,OP-013,Cast_Iron,923,76.21,1.452,6.04,1436.1,29.0,22.49,120.9,1.106,2.5,51,0
2023-06-26 12:00:00,CNC-02,Night,OP-012,Steel_A36,923,67.94,1.718,7.26,1640.3,27.1,20.96,111.8,1.326,3.1,15,0
2023-06-26 18:00:00,CNC-03,Afternoon,OP-016,Steel_A36,3978,76.31,3.345,6.61,1517.3,10.5,22.16,103.4,1.85,9.8,135,1
2023-06-27 00:00:00,CNC-02,Night,OP-001,Steel_A36,923,70.31,1.373,5.55,1360.7,25.3,18.9,120.0,1.182,3.0,86,0
2023-06-27 06:00:00,Press-01,Morning,OP-013,Aluminum_6061,2091,74.2,2.251,6.02,1598.2,86.1,19.56,115.1,1.585,2.8,59,0
2023-06-27 12:00:00,Weld-02,Afternoon,OP-007,Steel_A36,992,73.69,2.332,7.06,1391.3,11.9,23.43,101.0,1.155,8.3,163,0
2023-06-27 18:00:00,Lathe-01,Afternoon,OP-005,Aluminum_6061,4937,76.71,3.728,7.53,1451.1,22.3,22.89,105.3,2.254,8.5,2,1
2023-06-28 00:00:00,CNC-01,Afternoon,OP-008,Cast_Iron,4424,80.84,3.249,6.46,1487.5,21.8,23.41,97.9,1.951,13.3,14,0
2023-06-28 06:00:00,Weld-01,Morning,OP-014,Aluminum_6061,5209,76.72,3.389,5.66,1494.0,63.9,24.22,105.2,2.026,9.1,101,0
2023-06-28 12:00:00,Lathe-02,Night,OP-013,Cast_Iron,5541,81.36,,7.34,1488.7,91.1,24.04,101.3,1.887,7.1,22,0
2023-06-28 18:00:00,Asm-01,Morning,OP-015,Cast_Iron,691,67.44,1.107,7.06,1359.4,57.7,19.06,123.6,0.834,3.3,130,0
2023-06-29 00:00:00,CNC-03,Afternoon,OP-017,Aluminum_6061,3978,78.2,3.544,7.55,1489.0,14.5,23.93,100.6,2.164,7.5,157,1
2023-06-29 06:00:00,CNC-01,Morning,OP-015,Steel_4140,4424,79.38,3.662,6.73,1538.1,18.7,22.15,102.8,1.958,6.3,172,1
2023-06-29 12:00:00,Press-02,Morning,OP-020,Titanium_6Al4V,4985,84.59,3.118,6.08,1535.7,15.7,21.11,85.8,2.014,8.1,16,1
2023-06-29 18:00:00,Press-01,Night,OP-018,Steel_A36,2091,68.55,2.25,6.91,1345.9,80.2,22.45,114.1,1.342,4.5,113,0
2023-06-30 00:00:00,Asm-01,Night,OP-018,Titanium_6Al4V,691,68.07,1.547,6.76,1397.5,58.3,18.89,107.6,1.053,3.8,57,0
2023-06-30 06:00:00,Weld-01,Afternoon,OP-002,Steel_A36,5209,77.48,3.953,6.04,1366.4,57.1,22.58,89.8,2.255,7.4,109,0
2023-06-30 12:00:00,CNC-01,Morning,OP-004,Steel_A36,4424,93.43,3.289,6.66,1477.2,23.6,24.57,105.0,2.55,8.1,134,0
2023-06-30 18:00:00,Asm-01,Morning,OP-001,Cast_Iron,691,,1.493,6.34,1325.9,66.2,17.93,116.4,0.98,1.7,166,0
2023-07-01 00:00:00,CNC-01,Night,OP-004,Steel_A36,4424,75.32,2.919,7.09,1360.2,19.4,23.54,89.5,1.675,7.3,77,0
2023-07-01 06:00:00,Press-01,Morning,OP-018,Steel_A36,2091,75.95,2.251,6.89,1396.8,80.4,22.0,101.5,1.733,3.0,142,0
2023-07-01 12:00:00,Weld-01,Morning,OP-005,Aluminum_6061,5209,79.13,3.34,5.66,1306.3,62.4,22.34,103.0,1.886,6.6,43,0
2023-07-01 18:00:00,Press-02,Morning,OP-019,Titanium_6Al4V,4985,84.99,3.469,5.58,1447.8,15.6,21.86,99.9,2.218,7.4,11,1
2023-07-02 00:00:00,CNC-02,Night,OP-015,Aluminum_6061,923,68.65,1.573,6.43,1281.5,20.2,20.26,109.5,1.264,2.1,7,0
2023-07-02 06:00:00,Lathe-01,Afternoon,OP-008,Steel_A36,4937,78.41,3.211,6.53,1488.8,22.5,18.9,76.7,1.897,7.7,79,0
2023-07-02 12:00:00,Press-02,Afternoon,OP-020,Cast_Iron,4985,76.81,2.992,7.11,1418.2,10.0,22.51,100.7,1.636,16.0,40,1
2023-07-02 18:00:00,CNC-02,Morning,OP-017,Aluminum_6061,923,63.94,1.809,6.91,1400.1,24.8,21.3,123.7,1.346,3.4,161,0
2023-07-03 00:00:00,CNC-03,Afternoon,OP-001,Aluminum_6061,3978,75.47,2.957,7.67,1413.1,16.2,22.03,117.1,1.799,7.4,45,1
2023-07-03 06:00:00,Weld-02,Night,OP-012,Steel_4140,992,154.2,2.349,6.13,1445.2,13.0,22.02,107.0,1.388,9.8,28,1
2023-07-03 12:00:00,Lathe-02,Night,OP-019,Steel_A36,5541,78.16,3.211,6.08,1497.4,95.6,20.7,118.9,1.537,14.5,15,0
2023-07-03 18:00:00,Lathe-02,Afternoon,OP-015,Cast_Iron,5541,81.77,3.874,5.73,1555.4,95.4,26.67,87.1,2.599,13.4,132,0
2023-07-04 00:00:00,Lathe-01,Afternoon,OP-009,Aluminum_6061,4937,74.96,3.327,7.1,1531.1,26.9,23.8,98.6,2.426,6.5,4,0
2023-07-04 06:00:00,Weld-01,Morning,OP-007,Aluminum_6061,5209,85.06,4.319,6.52,1628.5,62.7,25.18,104.1,2.846,9.5,29,0
2023-07-04 12:00:00,Press-01,Afternoon,OP-002,Cast_Iron,2091,76.27,2.334,5.02,1504.0,89.2,20.66,113.2,1.928,7.6,116,0
2023-07-04 18:00:00,Weld-01,Morning,OP-009,Steel_A36,5209,77.76,3.609,6.66,1461.2,59.5,21.65,102.7,2.011,11.9,177,0
2023-07-05 00:00:00,Press-01,Morning,OP-010,Steel_4140,2091,67.73,2.083,6.71,1413.4,83.0,19.97,103.4,1.285,5.2,4,0
2023-07-05 06:00:00,Weld-01,Night,OP-002,Aluminum_6061,5209,82.17,3.198,6.38,1416.1,62.0,24.94,92.8,2.244,6.6,140,0
2023-07-05 12:00:00,Weld-02,Night,OP-019,Steel_4140,992,74.43,1.759,6.74,1493.1,10.0,18.85,104.2,1.265,12.2,48,1
2023-07-05 18:00:00,CNC-03,Night,OP-011,Titanium_6Al4V,3978,84.86,2.387,5.52,1370.0,10.0,22.91,94.3,1.986,6.9,88,1
2023-07-06 00:00:00,CNC-03,Night,OP-013,Steel_A36,3978,70.42,2.406,7.81,1468.3,16.6,21.84,111.1,1.238,6.5,49,1
2023-07-06 06:00:00,CNC-02,Afternoon,OP-010,Titanium_6Al4V,923,72.92,2.009,6.8,1448.5,21.1,22.19,109.3,1.34,2.7,13,0
2023-07-06 12:00:00,Asm-01,Night,OP-014,Titanium_6Al4V,691,66.85,0.797,5.08,1391.8,64.4,20.01,107.4,0.981,2.5,107,0
2023-07-06 18:00:00,CNC-03,Afternoon,OP-018,Titanium_6Al4V,3978,77.22,2.813,6.5,1365.9,18.7,19.96,102.6,1.479,5.8,45,1
2023-07-07 00:00:00,CNC-03,Night,OP-019,Steel_A36,3978,79.95,2.521,6.83,1652.0,15.7,23.96,83.8,2.045,6.2,81,0
2023-07-07 06:00:00,Press-02,Afternoon,OP-009,Steel_A36,4985,78.17,3.22,5.61,1338.3,17.9,22.65,106.5,1.677,18.9,125,0
2023-07-07 12:00:00,Press-02,Morning,OP-007,Cast_Iron,4985,86.06,3.455,6.93,1444.6,13.1,22.29,104.8,2.389,7.6,83,0
2023-07-07 18:00:00,CNC-02,Afternoon,OP-003,Steel_4140,923,75.0,1.998,7.84,1547.8,25.5,21.06,101.7,1.528,3.4,33,0
2023-07-08 00:00:00,Asm-01,Afternoon,OP-020,Steel_4140,691,74.47,1.989,5.98,1492.3,64.9,18.07,103.0,1.59,6.5,70,0
2023-07-08 06:00:00,Lathe-01,Night,OP-006,Cast_Iron,4937,71.21,2.992,6.84,1412.1,18.8,22.19,110.0,1.61,8.4,174,0
2023-07-08 12:00:00,Press-02,Afternoon,OP-002,Cast_Iron,4985,79.43,3.195,6.67,1354.6,14.4,22.53,104.1,1.827,7.4,59,1
2023-07-08 18:00:00,Lathe-01,Morning,OP-006,Titanium_6Al4V,4937,70.75,4.981,7.27,1460.4,20.0,20.94,108.4,2.261,8.4,73,1
2023-07-09 00:00:00,CNC-01,Morning,OP-003,Cast_Iron,4424,75.0,3.035,6.41,1238.8,25.6,21.49,99.7,2.245,5.9,80,0
2023-07-09 06:00:00,Press-02,Night,OP-016,Aluminum_6061,4985,68.59,3.028,5.65,1463.6,11.0,,103.8,1.549,6.6,138,0
2023-07-09 12:00:00,Weld-02,Morning,OP-008,Steel_4140,992,70.35,1.348,7.22,1452.8,10.9,18.92,111.5,0.942,4.8,97,1
2023-07-09 18:00:00,Asm-01,Afternoon,OP-002,Cast_Iron,691,68.26,1.405,5.69,1535.6,65.3,16.22,105.6,0.958,8.3,90,0
2023-07-10 00:00:00,CNC-02,Morning,OP-017,Aluminum_6061,923,65.72,1.447,7.95,1358.5,27.1,16.76,113.4,0.993,5.0,94,0
2023-07-10 06:00:00,CNC-01,Night,OP-009,Aluminum_6061,4424,74.87,3.042,6.95,1424.1,22.4,,97.5,1.754,5.8,177,1
2023-07-10 12:00:00,Asm-01,Afternoon,OP-012,Aluminum_6061,691,68.73,1.494,6.02,1485.0,69.2,19.15,117.0,1.016,2.4,131,1
2023-07-10 18:00:00,Weld-02,Night,OP-003,Aluminum_6061,992,63.04,1.623,7.39,1466.4,10.0,20.47,108.6,1.174,1.2,168,1
2023-07-11 00:00:00,Asm-01,Afternoon,OP-011,Titanium_6Al4V,691,61.76,1.12,6.49,1342.6,66.4,17.46,120.3,0.81,3.0,59,0
2023-07-11 06:00:00,Weld-02,Morning,OP-001,Aluminum_6061,992,62.09,1.782,6.32,1398.2,10.0,18.2,127.8,0.894,1.9,112,0
2023-07-11 12:00:00,Weld-02,Night,OP-013,Titanium_6Al4V,992,67.08,1.682,5.96,1562.0,14.8,18.94,117.3,1.066,7.3,80,1
2023-07-11 18:00:00,Lathe-01,Night,OP-015,Titanium_6Al4V,4937,77.52,3.559,5.0,1470.7,18.9,22.43,104.5,2.103,6.5,83,1
2023-07-12 00:00:00,Weld-01,Afternoon,OP-005,Aluminum_6061,5209,79.36,2.793,6.98,1316.9,60.2,22.53,93.5,2.024,6.5,24,0
2023-07-12 06:00:00,CNC-01,Night,OP-017,Steel_4140,4424,81.43,3.198,5.2,1520.7,19.9,22.41,113.3,2.373,7.3,32,1
2023-07-12 12:00:00,Asm-01,Afternoon,OP-006,Aluminum_6061,691,71.98,0.708,5.87,1322.1,65.9,20.47,123.3,0.909,1.4,18,0
2023-07-12 18:00:00,Press-01,Afternoon,OP-011,Aluminum_6061,2091,,2.045,6.85,1425.4,85.4,25.15,105.7,1.466,6.6,56,0
2023-07-13 00:00:00,CNC-01,Afternoon,OP-018,Aluminum_6061,4424,79.13,3.399,6.1,1495.1,25.1,21.6,99.7,1.973,13.1,14,0
2023-07-13 06:00:00,Weld-01,Afternoon,OP-004,Steel_4140,5209,83.02,3.897,6.63,1547.1,61.9,24.41,92.8,2.215,6.6,40,0
2023-07-13 12:00:00,CNC-01,Morning,OP-003,Steel_A36,4424,79.77,3.269,5.53,1263.0,21.7,22.88,117.1,1.766,7.0,59,0
2023-07-13 18:00:00,CNC-03,Afternoon,OP-013,Steel_A36,3978,69.06,3.211,6.22,1506.9,13.1,22.75,114.6,1.908,22.2,108,1
2023-07-14 00:00:00,Press-01,Night,OP-009,Titanium_6Al4V,2091,69.69,1.995,6.63,1518.9,82.9,20.6,105.6,1.457,6.6,95,0
2023-07-14 06:00:00,Weld-01,Morning,OP-006,Titanium_6Al4V,5209,79.45,3.275,5.74,1405.4,63.1,21.7,111.7,1.604,15.7,21,0
2023-07-14 12:00:00,Lathe-01,Night,OP-012,Steel_4140,4937,77.87,4.437,7.85,1457.3,21.9,21.73,111.0,2.39,6.7,170,1
2023-07-14 18:00:00,Asm-01,Morning,OP-002,Cast_Iron,691,66.95,9.657,5.99,1205.8,70.8,20.68,113.4,1.053,1.6,159,1
2023-07-15 00:00:00,Lathe-02,Afternoon,OP-003,Steel_A36,5541,81.22,3.155,7.6,1230.2,92.7,21.33,99.7,1.996,7.4,140,0
2023-07-15 06:00:00,Weld-01,Morning,OP-003,Titanium_6Al4V,5209,76.35,2.785,6.37,1538.7,63.5,23.71,98.0,1.292,7.6,165,0
2023-07-15 12:00:00,CNC-02,Morning,OP-012,Steel_A36,923,67.13,1.418,5.25,1406.9,24.1,20.28,120.3,1.005,5.0,25,1
2023-07-15 18:00:00,Asm-01,Night,OP-015,Steel_4140,691,,1.979,5.59,1422.3,64.6,19.56,111.2,1.068,1.4,132,0
2023-07-16 00:00:00,Weld-01,Night,OP-009,Steel_4140,5209,68.18,3.498,6.64,1468.8,63.4,19.31,104.2,1.441,8.7,124,0
2023-07-16 06:00:00,CNC-03,Afternoon,OP-008,Cast_Iron,3978,70.45,2.051,7.33,1420.7,12.7,21.47,111.0,1.658,5.9,176,1
2023-07-16 12:00:00,Lathe-02,Morning,OP-011,Cast_Iron,5541,82.76,3.553,7.92,1413.3,92.4,25.93,93.9,2.435,12.2,96,1
2023-07-16 18:00:00,CNC-03,Morning,OP-016,Steel_4140,3978,82.89,2.939,6.6,1481.6,17.4,22.4,114.5,1.884,5.0,132,0
2023-07-17 00:00:00,Lathe-02,Morning,OP-004,Titanium_6Al4V,5541,70.18,2.658,5.56,1330.4,91.2,19.79,117.2,1.709,7.7,70,0
2023-07-17 06:00:00,CNC-02,Afternoon,OP-001,Steel_A36,923,63.53,1.613,6.72,1542.8,25.0,18.93,116.5,0.832,3.9,175,0
2023-07-17 12:00:00,Asm-01,Afternoon,OP-007,Aluminum_6061,691,69.32,1.097,5.84,1431.6,58.2,,107.7,1.213,1.2,17,0
2023-07-17 18:00:00,Lathe-01,Afternoon,OP-002,Cast_Iron,4937,84.82,2.626,6.81,1369.5,20.8,22.28,95.8,1.792,8.1,94,0
2023-07-18 00:00:00,CNC-03,Afternoon,OP-005,Aluminum_6061,3978,75.33,3.582,5.75,1358.8,12.5,23.76,97.4,2.022,6.7,133,0
2023-07-18 06:00:00,CNC-03,Afternoon,OP-007,Titanium_6Al4V,3978,74.02,2.517,4.83,1453.4,14.3,24.23,98.1,1.373,10.7,65,1
2023-07-18 12:00:00,Weld-02,Night,OP-004,Cast_Iron,992,74.2,1.367,7.55,1425.5,10.7,20.97,113.9,1.111,4.2,126,1
2023-07-18 18:00:00,Lathe-02,Morning,OP-005,Aluminum_6061,5541,86.3,3.352,6.32,1326.1,93.0,23.39,94.2,1.971,10.0,41,0
2023-07-19 00:00:00,Press-02,Morning,OP-001,Titanium_6Al4V,4985,84.87,3.382,6.54,1401.9,11.6,24.35,94.3,2.063,15.3,116,0
2023-07-19 06:00:00,Asm-01,Morning,OP-001,Steel_A36,691,64.82,2.209,7.3,1385.3,66.8,21.51,107.0,0.907,13.0,179,0
2023-07-19 12:00:00,Lathe-02,Morning,OP-015,Titanium_6Al4V,5541,87.88,3.146,8.0,1550.9,,24.19,107.1,2.086,10.1,10,1
2023-07-19 18:00:00,Weld-02,Morning,OP-020,Cast_Iron,992,58.37,1.511,7.08,1460.4,11.8,18.94,112.7,0.726,3.5,25,1
2023-07-20 00:00:00,CNC-01,Morning,OP-019,Steel_4140,4424,84.48,3.184,6.58,1575.5,20.9,24.53,110.9,1.881,8.3,148,1
2023-07-20 06:00:00,Lathe-02,Morning,OP-010,Steel_A36,5541,81.98,3.277,6.87,1393.2,96.1,21.86,99.4,2.222,8.4,167,0
2023-07-20 12:00:00,Lathe-01,Morning,OP-018,Aluminum_6061,4937,81.07,3.231,6.26,1426.7,18.5,23.68,92.3,2.313,19.3,55,1
2023-07-20 18:00:00,Asm-01,Night,OP-003,Cast_Iron,691,62.43,1.74,6.53,1480.9,68.6,16.99,119.8,0.742,4.5,117,0
2023-07-21 00:00:00,Weld-02,Morning,OP-011,Steel_4140,992,59.03,1.332,6.62,1498.3,11.4,17.18,126.1,0.644,2.3,178,1
2023-07-21 06:00:00,CNC-01,Night,OP-015,Titanium_6Al4V,4424,79.36,3.0,5.87,1507.7,18.2,24.27,97.0,1.907,5.7,147,1
2023-07-21 12:00:00,Press-01,Afternoon,OP-011,Steel_4140,2091,74.29,1.942,6.52,1379.0,81.0,22.25,110.0,1.372,2.8,56,0
2023-07-21 18:00:00,Weld-02,Morning,OP-017,Cast_Iron,992,71.61,1.592,6.79,1381.2,14.0,19.86,114.5,0.731,1.9,4,1
2023-07-22 00:00:00,Press-01,Afternoon,OP-017,Cast_Iron,2091,74.51,2.212,6.91,1421.6,86.0,23.75,109.4,1.319,3.4,13,1
2023-07-22 06:00:00,Asm-01,Afternoon,OP-006,Steel_4140,691,69.0,1.737,6.85,1568.5,61.7,18.02,109.1,1.473,2.5,23,0
2023-07-22 12:00:00,CNC-03,Afternoon,OP-005,Titanium_6Al4V,3978,72.81,3.715,5.43,1369.9,18.6,21.84,112.0,1.992,5.7,67,0
2023-07-22 18:00:00,Weld-02,Night,OP-008,Steel_4140,992,71.94,0.571,7.48,1407.8,,19.91,112.8,0.9,4.2,179,0
2023-07-23 00:00:00,CNC-02,Afternoon,OP-002,Cast_Iron,923,62.71,1.537,7.42,1508.4,26.5,14.67,111.7,0.465,1.9,47,0
2023-07-23 06:00:00,Press-01,Afternoon,OP-016,Cast_Iron,2091,77.07,1.569,6.42,1504.1,80.0,20.83,95.1,1.572,3.2,174,0
2023-07-23 12:00:00,Lathe-01,Afternoon,OP-020,Aluminum_6061,4937,80.01,3.206,6.86,1494.4,20.0,21.13,88.8,1.88,8.1,59,1
2023-07-23 18:00:00,CNC-02,Morning,OP-012,Aluminum_6061,923,67.63,1.956,6.33,1456.5,25.1,18.31,114.5,0.945,7.7,2,0
2023-07-24 00:00:00,Weld-01,Morning,OP-006,Steel_A36,5209,85.61,3.958,7.1,1364.8,61.4,23.85,97.2,2.284,8.4,118,1
2023-07-24 06:00:00,Weld-01,Night,OP-001,Cast_Iron,5209,,3.977,5.85,1394.7,53.6,21.64,104.5,2.647,8.1,136,0
2023-07-24 12:00:00,CNC-01,Night,OP-004,Aluminum_6061,4424,82.68,3.63,7.57,1540.1,23.1,22.34,109.3,2.282,8.1,99,1
2023-07-24 18:00:00,CNC-03,Morning,OP-017,Steel_4140,3978,73.33,2.871,7.06,1511.9,10.0,18.84,105.3,1.867,5.9,82,1
2023-07-25 00:00:00,Asm-01,Night,OP-013,Titanium_6Al4V,691,70.97,2.062,7.08,1343.2,62.4,20.73,118.4,1.583,2.2,23,0
2023-07-25 06:00:00,Weld-02,Morning,OP-018,Steel_4140,992,64.03,2.273,6.42,1519.6,10.0,19.83,109.2,0.995,2.0,131,0
2023-07-25 12:00:00,Press-02,Afternoon,OP-005,Titanium_6Al4V,4985,84.52,3.436,5.37,1554.7,16.1,23.15,98.7,2.303,8.8,136,1
2023-07-25 18:00:00,Lathe-01,Afternoon,OP-003,Aluminum_6061,4937,73.3,3.831,7.21,1454.3,25.7,23.8,102.9,1.921,9.8,0,0
2023-07-26 00:00:00,Press-01,Night,OP-011,Steel_A36,2091,71.07,2.131,5.4,1484.1,84.6,20.17,123.2,1.11,6.0,115,0
2023-07-26 06:00:00,Asm-01,Morning,OP-013,Steel_4140,691,63.05,2.066,7.22,1530.9,64.9,19.33,104.5,0.799,1.7,162,0
2023-07-26 12:00:00,CNC-02,Morning,OP-004,Steel_4140,923,72.23,1.539,5.88,1394.3,23.9,18.96,112.2,1.218,5.7,139,0
2023-07-26 18:00:00,Weld-01,Night,OP-014,Steel_4140,5209,86.85,3.235,5.23,1636.4,65.8,20.41,93.8,2.333,7.4,145,0
2023-07-27 00:00:00,Lathe-01,Morning,OP-011,Titanium_6Al4V,4937,81.42,2.912,6.5,1547.8,15.4,22.58,100.7,2.02,6.7,9,1
2023-07-27 06:00:00,Press-02,Afternoon,OP-010,Aluminum_6061,4985,81.41,3.311,7.45,1491.9,10.0,22.7,99.1,2.139,7.5,145,0
2023-07-27 12:00:00,Weld-02,Night,OP-019,Steel_4140,992,71.62,1.668,5.73,1447.2,14.5,22.89,112.3,1.102,4.0,151,1
2023-07-27 18:00:00,CNC-01,Night,OP-018,Steel_4140,4424,84.43,2.757,7.78,1489.6,27.3,24.12,112.8,2.529,6.0,128,0
2023-07-28 00:00:00,Press-02,Morning,OP-006,Steel_A36,4985,80.76,3.281,7.03,1325.2,14.5,22.37,117.5,2.161,9.4,78,1
2023-07-28 06:00:00,Lathe-01,Night,OP-015,Steel_A36,4937,77.93,3.149,6.63,1616.6,18.2,22.67,109.3,1.847,12.1,98,1
2023-07-28 12:00:00,Press-02,Morning,OP-010,Aluminum_6061,4985,83.81,2.95,6.15,1540.3,15.7,24.54,93.9,2.218,7.3,143,1
2023-07-28 18:00:00,Lathe-01,Morning,OP-005,Aluminum_6061,4937,71.13,3.774,6.21,1567.1,25.4,22.71,104.2,1.707,8.0,142,0
2023-07-29 00:00:00,Lathe-01,Morning,OP-005,Cast_Iron,4937,84.98,3.845,6.84,1452.5,23.5,26.58,100.6,2.458,6.9,132,1
2023-07-29 06:00:00,Lathe-02,Morning,OP-010,Steel_A36,5541,78.76,4.037,7.18,1421.2,85.1,22.11,97.8,2.342,8.3,44,0
2023-07-29 12:00:00,Press-01,Morning,OP-005,Cast_Iron,2091,70.33,2.081,6.03,1396.1,84.0,21.93,108.9,1.448,2.7,117,0
2023-07-29 18:00:00,Weld-01,Night,OP-003,Titanium_6Al4V,5209,85.86,3.47,5.85,1515.1,64.1,23.27,98.6,2.124,15.7,51,0
2023-07-30 00:00:00,Lathe-02,Afternoon,OP-006,Cast_Iron,5541,80.24,3.199,6.33,1409.0,91.1,23.14,109.0,2.675,8.5,111,0
2023-07-30 06:00:00,Weld-02,Afternoon,OP-004,Steel_4140,992,71.34,1.8,7.61,1435.0,12.0,19.55,115.7,1.53,5.9,134,0
2023-07-30 12:00:00,Lathe-02,Night,OP-018,Cast_Iron,5541,88.01,3.692,5.53,1493.7,91.1,24.19,92.5,2.935,7.4,154,0
2023-07-30 18:00:00,CNC-03,Night,OP-009,Aluminum_6061,3978,77.98,4.078,7.41,1397.3,11.4,23.53,106.0,2.191,10.0,111,1
2023-07-31 00:00:00,CNC-03,Afternoon,OP-017,Titanium_6Al4V,3978,78.99,3.375,6.53,1533.5,18.5,23.69,116.7,2.121,10.9,12,1
2023-07-31 06:00:00,Weld-01,Afternoon,OP-013,Steel_4140,5209,80.68,3.605,5.18,1448.6,63.0,23.33,89.2,2.216,10.3,16,0
2023-07-31 12:00:00,Press-02,Afternoon,OP-015,Cast_Iron,4985,81.16,3.364,6.13,1329.4,10.0,19.39,98.3,2.046,13.2,43,1
2023-07-31 18:00:00,Press-01,Afternoon,OP-020,Titanium_6Al4V,2091,65.95,2.515,6.99,1396.4,79.5,20.04,107.9,1.444,3.2,140,0
2023-08-01 00:00:00,Weld-01,Afternoon,OP-017,Titanium_6Al4V,5209,79.81,3.113,7.94,1554.7,59.8,24.92,103.9,1.849,8.5,72,0
2023-08-01 06:00:00,Lathe-01,Morning,OP-013,Steel_4140,4937,73.99,3.816,5.44,1375.0,18.8,22.27,89.5,2.144,9.1,4,1
2023-08-01 12:00:00,CNC-02,Night,OP-016,Cast_Iron,923,63.39,1.169,4.24,1521.5,24.3,20.94,128.2,0.687,3.9,32,1
2023-08-01 18:00:00,Press-01,Morning,OP-004,Titanium_6Al4V,2091,61.52,1.89,5.45,1459.7,85.1,18.81,116.4,1.008,8.5,131,0
2023-08-02 00:00:00,Press-01,Afternoon,OP-005,Titanium_6Al4V,2091,72.85,1.38,7.4,1436.3,85.1,17.92,114.3,1.52,3.3,153,0
2023-08-02 06:00:00,Lathe-01,Afternoon,OP-005,Steel_A36,4937,88.89,3.606,5.07,1651.0,19.1,,98.7,2.511,6.8,67,0
2023-08-02 12:00:00,Lathe-01,Afternoon,OP-009,Titanium_6Al4V,4937,78.15,3.46,7.7,1347.3,24.1,21.9,98.9,2.22,7.0,15,1
2023-08-02 18:00:00,CNC-01,Morning,OP-017,Steel_A36,4424,83.65,2.911,7.47,1390.8,27.4,22.78,107.5,2.018,12.2,149,0
2023-08-03 00:00:00,Weld-01,Morning,OP-013,Cast_Iron,5209,86.91,3.107,6.65,1448.1,61.6,21.99,99.8,2.072,15.0,35,1
2023-08-03 06:00:00,Lathe-01,Afternoon,OP-002,Cast_Iron,4937,74.43,3.911,6.0,1643.3,18.2,22.53,86.9,2.383,8.7,101,1
2023-08-03 12:00:00,CNC-03,Morning,OP-013,Cast_Iron,3978,72.51,2.887,6.54,1448.3,14.3,20.94,106.7,1.816,7.1,162,1
2023-08-03 18:00:00,Weld-02,Morning,OP-019,Aluminum_6061,992,73.05,1.327,6.99,1471.9,17.9,22.2,109.8,1.193,4.0,24,1
2023-08-04 00:00:00,CNC-02,Afternoon,OP-003,Cast_Iron,923,67.42,2.373,6.87,1423.1,20.7,18.45,117.2,1.448,4.0,71,0
2023-08-04 06:00:00,Weld-01,Morning,OP-010,Titanium_6Al4V,5209,74.82,3.216,7.89,1478.7,60.8,22.42,127.1,1.655,7.1,80,0
2023-08-04 12:00:00,Asm-01,Night,OP-002,Steel_4140,691,63.98,1.958,6.29,1428.1,65.8,20.03,117.7,1.135,4.3,60,0
2023-08-04 18:00:00,CNC-03,Night,OP-013,Steel_A36,3978,79.53,2.48,5.46,1505.6,15.6,23.33,122.3,1.869,6.8,17,0
2023-08-05 00:00:00,Press-02,Night,OP-019,Aluminum_6061,4985,76.61,3.239,5.32,1511.9,10.0,21.79,99.0,2.066,8.4,57,0
2023-08-05 06:00:00,Lathe-01,Night,OP-017,Cast_Iron,4937,66.56,3.561,5.16,1431.3,25.3,21.41,103.6,1.959,6.3,75,0
2023-08-05 12:00:00,Asm-01,Afternoon,OP-014,Cast_Iron,691,65.55,1.479,6.66,1360.0,69.5,19.8,113.3,1.255,5.2,120,0
2023-08-05 18:00:00,Lathe-01,Afternoon,OP-012,Steel_4140,4937,79.22,3.457,6.31,1457.5,,20.43,105.9,1.828,11.6,56,1
2023-08-06 00:00:00,Press-01,Afternoon,OP-012,Steel_4140,2091,71.58,,6.53,1562.2,91.7,20.01,105.9,0.934,5.5,96,1
2023-08-06 06:00:00,CNC-03,Night,OP-011,Aluminum_6061,3978,83.73,2.301,6.07,1383.9,17.6,22.6,90.8,1.989,9.1,62,1
2023-08-06 12:00:00,Press-01,Night,OP-007,Steel_A36,2091,71.8,2.701,5.61,1476.7,87.1,21.31,108.7,1.616,4.8,11,1
2023-08-06 18:00:00,CNC-01,Morning,OP-004,Cast_Iron,4424,80.04,2.944,6.99,1353.5,27.2,22.72,94.5,1.758,8.4,10,0
2023-08-07 00:00:00,Press-01,Morning,OP-019,Aluminum_6061,2091,76.81,2.23,4.53,1366.8,87.1,22.21,116.3,1.449,4.1,140,0
2023-08-07 06:00:00,CNC-01,Night,OP-001,Titanium_6Al4V,4424,78.88,3.416,5.86,1554.0,23.6,25.72,108.0,1.926,10.2,162,0
2023-08-07 12:00:00,CNC-01,Night,OP-003,Titanium_6Al4V,4424,89.51,3.259,7.13,1505.3,23.3,23.39,91.9,2.725,7.4,26,0
2023-08-07 18:00:00,Asm-01,Night,OP-013,Aluminum_6061,691,60.84,1.219,5.78,1477.9,62.8,18.92,122.1,0.605,4.3,103,0
2023-08-08 00:00:00,Lathe-01,Night,OP-015,Cast_Iron,4937,75.76,3.824,6.81,1264.3,19.6,24.62,98.8,1.777,9.1,66,0
2023-08-08 06:00:00,Press-02,Morning,OP-002,Aluminum_6061,4985,83.65,3.586,5.86,1405.8,11.8,20.97,99.5,2.309,9.9,88,1
2023-08-08 12:00:00,Press-01,Night,OP-011,Cast_Iron,2091,,,6.14,1498.5,83.8,22.08,106.7,1.67,7.2,44,0
2023-08-08 18:00:00,CNC-03,Morning,OP-004,Steel_4140,3978,76.43,3.011,6.96,1334.1,18.8,19.6,102.6,1.654,7.1,80,1
2023-08-09 00:00:00,CNC-01,Night,OP-019,Aluminum_6061,4424,73.77,3.808,5.48,1421.7,17.4,25.64,110.8,2.111,10.6,66,1
2023-08-09 06:00:00,Lathe-01,Night,OP-017,Cast_Iron,4937,89.23,3.068,7.1,1511.3,25.4,24.87,89.7,2.617,8.2,149,0
2023-08-09 12:00:00,CNC-02,Night,OP-003,Aluminum_6061,923,63.92,1.77,6.54,1329.1,20.8,19.83,119.5,0.917,10.6,101,0
2023-08-09 18:00:00,Weld-01,Morning,OP-018,Aluminum_6061,5209,82.97,3.267,7.51,1315.7,62.1,20.5,103.6,1.898,10.7,90,0
2023-08-10 00:00:00,Asm-01,Morning,OP-008,Cast_Iron,691,73.73,0.728,6.67,1330.5,63.4,,102.2,1.013,1.4,41,0
2023-08-10 06:00:00,Press-02,Afternoon,OP-019,Cast_Iron,4985,78.37,2.596,5.64,1476.8,18.3,21.33,99.2,1.874,11.5,19,1
2023-08-10 12:00:00,Lathe-02,Night,OP-005,Steel_A36,5541,79.2,3.218,7.88,1405.4,91.1,25.36,94.5,1.602,9.3,47,0
2023-08-10 18:00:00,Asm-01,Afternoon,OP-007,Aluminum_6061,691,64.39,1.239,5.71,1520.2,67.2,19.99,113.7,0.944,13.4,17,0
2023-08-11 00:00:00,CNC-02,Afternoon,OP-008,Titanium_6Al4V,923,72.39,2.473,6.32,1459.7,25.6,18.61,109.3,1.463,5.0,127,0
2023-08-11 06:00:00,Weld-01,Morning,OP-005,Aluminum_6061,5209,86.58,3.758,7.27,1600.4,58.9,24.95,90.5,2.499,6.8,76,1
2023-08-11 12:00:00,CNC-02,Morning,OP-017,Aluminum_6061,923,68.05,1.919,5.0,1351.0,23.6,17.74,120.5,1.14,2.7,5,1
2023-08-11 18:00:00,Press-01,Afternoon,OP-005,Cast_Iron,2091,80.95,1.86,7.65,1476.5,87.2,19.44,114.9,1.545,4.8,38,0
2023-08-12 00:00:00,CNC-01,Night,OP-004,Aluminum_6061,4424,78.98,3.16,5.58,1386.4,21.1,23.31,113.4,1.985,11.0,10,0
2023-08-12 06:00:00,Press-02,Morning,OP-019,Aluminum_6061,4985,87.04,4.303,6.14,1498.0,15.2,25.87,74.3,2.571,10.2,111,1
2023-08-12 12:00:00,Weld-02,Night,OP-002,Titanium_6Al4V,992,65.94,1.148,6.73,1459.6,10.4,19.75,131.7,0.811,2.6,152,1
2023-08-12 18:00:00,CNC-01,Night,OP-011,Cast_Iron,4424,90.49,3.318,6.47,1370.6,27.2,27.3,98.6,2.339,8.7,107,0
2023-08-13 00:00:00,Weld-02,Afternoon,OP-013,Aluminum_6061,992,75.95,2.279,7.13,1437.4,16.7,22.02,108.1,1.729,3.8,93,0
2023-08-13 06:00:00,Weld-01,Afternoon,OP-015,Steel_4140,5209,80.64,3.865,5.22,1455.8,56.4,23.69,99.8,2.532,6.9,54,0
2023-08-13 12:00:00,Lathe-01,Afternoon,OP-012,Steel_A36,4937,87.6,4.081,7.08,1402.1,17.3,22.83,85.9,2.454,7.0,83,0
2023-08-13 18:00:00,Lathe-02,Afternoon,OP-011,Titanium_6Al4V,5541,89.24,3.709,7.15,1508.2,91.3,25.89,99.6,2.559,8.2,57,0
2023-08-14 00:00:00,CNC-03,Morning,OP-007,Aluminum_6061,3978,85.2,3.182,7.32,1367.5,18.4,21.1,113.3,2.043,5.6,36,1
2023-08-14 06:00:00,CNC-01,Morning,OP-005,Steel_4140,4424,66.42,3.179,5.23,1617.3,25.3,23.79,111.0,1.588,6.0,15,0
2023-08-14 12:00:00,Press-02,Afternoon,OP-017,Aluminum_6061,4985,84.17,3.594,5.32,1526.3,10.0,25.06,90.7,2.39,6.4,69,1
2023-08-14 18:00:00,CNC-02,Morning,OP-020,Aluminum_6061,923,70.6,1.238,6.23,1477.9,25.9,24.01,101.3,0.979,7.3,92,0
2023-08-15 00:00:00,Press-02,Afternoon,OP-009,Cast_Iron,4985,82.93,3.698,5.41,1677.6,10.0,24.23,97.6,2.31,7.3,164,0
2023-08-15 06:00:00,Weld-01,Night,OP-014,Cast_Iron,5209,82.37,3.597,5.06,1425.3,65.0,24.86,94.6,2.447,7.5,143,0
2023-08-15 12:00:00,Weld-02,Night,OP-012,Cast_Iron,992,69.34,1.659,6.19,1498.9,13.1,19.56,118.5,0.85,1.9,17,0
2023-08-15 18:00:00,CNC-02,Night,OP-006,Steel_4140,923,74.3,2.302,6.69,1467.8,21.1,21.17,119.4,1.304,3.1,146,0
2023-08-16 00:00:00,CNC-03,Afternoon,OP-017,Aluminum_6061,3978,80.13,2.834,8.74,1513.8,13.8,20.96,107.7,2.072,7.1,171,1
2023-08-16 06:00:00,CNC-03,Night,OP-019,Steel_A36,3978,78.52,3.424,6.94,1569.7,17.6,20.59,102.3,2.079,5.7,129,1
2023-08-16 12:00:00,CNC-01,Morning,OP-019,Titanium_6Al4V,4424,84.52,3.658,7.9,1493.9,18.0,24.14,98.2,2.364,8.3,137,0
2023-08-16 18:00:00,Weld-01,Night,OP-016,Cast_Iron,5209,83.37,3.821,6.46,1533.3,63.3,23.74,99.9,2.57,10.4,45,0
2023-08-17 00:00:00,Lathe-01,Night,OP-012,Cast_Iron,4937,83.0,2.974,6.95,1406.0,18.0,21.46,92.8,2.253,7.6,18,1
2023-08-17 06:00:00,Weld-01,Night,OP-012,Aluminum_6061,5209,90.61,3.623,6.38,1433.5,62.3,23.39,101.1,2.954,9.2,37,1
2023-08-17 12:00:00,Weld-02,Morning,OP-020,Aluminum_6061,992,65.93,2.417,8.65,1581.1,12.8,20.12,103.6,1.441,3.3,36,0
2023-08-17 18:00:00,Press-02,Afternoon,OP-006,Steel_4140,4985,73.0,2.654,5.95,1497.7,18.7,19.68,117.0,1.721,6.9,111,0
2023-08-18 00:00:00,CNC-03,Morning,OP-004,Steel_4140,3978,77.79,2.865,6.06,1469.9,13.9,22.75,102.1,1.861,8.9,44,1
2023-08-18 06:00:00,Press-02,Afternoon,OP-006,Cast_Iron,4985,81.65,3.846,7.14,1389.7,17.1,21.98,106.8,2.291,11.1,116,1
2023-08-18 12:00:00,Press-02,Afternoon,OP-011,Aluminum_6061,4985,84.19,3.335,6.67,1527.3,10.2,23.93,88.6,2.267,9.4,161,0
2023-08-18 18:00:00,Press-02,Night,OP-001,Steel_A36,4985,81.11,3.705,6.16,1387.5,11.2,21.66,107.4,2.301,7.4,129,0
2023-08-19 00:00:00,CNC-03,Afternoon,OP-015,Titanium_6Al4V,3978,81.21,3.504,7.27,1363.9,15.7,21.51,112.3,1.958,12.8,43,1
2023-08-19 06:00:00,Asm-01,Morning,OP-011,Aluminum_6061,691,79.68,1.595,6.47,1459.2,66.2,17.94,97.6,1.619,2.7,96,0
2023-08-19 12:00:00,Press-01,Morning,OP-019,Aluminum_6061,2091,75.54,2.318,6.46,1257.8,82.6,21.2,106.9,1.569,3.5,82,1
2023-08-19 18:00:00,Weld-02,Afternoon,OP-018,Steel_4140,992,72.99,1.671,6.68,1498.9,10.4,,113.7,1.392,2.8,123,0
2023-08-20 00:00:00,Asm-01,Night,OP-017,Titanium_6Al4V,691,66.51,1.621,5.11,1480.2,69.6,21.62,117.5,0.931,4.4,123,0
2023-08-20 06:00:00,Weld-02,Night,OP-019,Cast_Iron,992,61.17,2.475,5.23,1421.8,10.6,19.89,111.8,0.958,6.9,26,1
2023-08-20 12:00:00,CNC-02,Morning,OP-014,Aluminum_6061,923,56.39,1.578,7.37,1429.0,20.8,14.97,115.4,0.675,2.5,47,1
2023-08-20 18:00:00,Weld-01,Night,OP-018,Cast_Iron,5209,78.68,3.338,5.96,1440.5,59.8,23.99,105.2,2.144,7.3,93,0
2023-08-21 00:00:00,Weld-01,Afternoon,OP-019,Aluminum_6061,5209,,3.896,6.39,1386.9,64.4,21.96,109.4,1.683,9.5,6,1
2023-08-21 06:00:00,Lathe-02,Afternoon,OP-015,Cast_Iron,5541,84.88,3.287,7.79,1464.8,99.4,23.0,95.2,2.545,14.5,154,1
2023-08-21 12:00:00,Weld-01,Morning,OP-015,Titanium_6Al4V,5209,79.36,3.233,6.43,2408.5,60.8,24.55,96.5,2.307,7.1,84,0
2023-08-21 18:00:00,CNC-03,Afternoon,OP-004,Steel_4140,3978,70.86,2.697,6.33,1459.0,20.4,21.96,118.7,1.227,9.8,111,1
2023-08-22 00:00:00,Lathe-01,Morning,OP-007,Titanium_6Al4V,4937,81.08,3.258,7.22,1437.5,21.3,25.96,103.0,1.965,8.1,88,0
2023-08-22 06:00:00,CNC-01,Afternoon,OP-013,Steel_A36,4424,75.13,3.051,6.02,1421.8,22.8,19.85,87.6,1.844,10.4,127,1
2023-08-22 12:00:00,Lathe-02,Morning,OP-003,Steel_4140,5541,84.57,3.904,7.46,1472.3,89.9,22.07,108.2,2.528,9.0,17,0
2023-08-22 18:00:00,CNC-01,Night,OP-016,Titanium_6Al4V,4424,82.36,2.999,7.2,1512.5,23.1,21.26,97.5,2.521,7.0,32,1
2023-08-23 00:00:00,Weld-02,Afternoon,OP-009,Steel_A36,992,64.59,1.93,7.96,1408.0,10.0,19.05,114.9,1.091,4.8,160,1
2023-08-23 06:00:00,CNC-01,Afternoon,OP-008,Aluminum_6061,4424,77.64,3.481,5.95,1481.6,21.2,25.06,106.2,2.027,12.5,95,1
2023-08-23 12:00:00,CNC-01,Morning,OP-020,Aluminum_6061,4424,79.9,2.874,7.59,1491.6,18.7,21.6,92.1,1.731,6.7,121,1
2023-08-23 18:00:00,Lathe-02,Morning,OP-013,Cast_Iron,5541,75.28,3.961,6.94,1347.3,,21.81,100.7,1.783,8.8,24,0
2023-08-24 00:00:00,CNC-02,Afternoon,OP-017,Steel_4140,923,68.96,,5.44,1528.1,27.1,20.8,122.6,1.225,1.9,141,0
2023-08-24 06:00:00,Press-02,Morning,OP-017,Aluminum_6061,4985,73.42,2.677,4.42,1614.5,13.5,22.67,116.5,2.051,6.8,165,1
2023-08-24 12:00:00,Weld-01,Afternoon,OP-017,Steel_4140,5209,84.11,3.596,5.86,1443.0,61.9,20.39,97.3,2.301,11.0,165,1
2023-08-24 18:00:00,Weld-01,Night,OP-001,Aluminum_6061,5209,79.1,3.276,6.73,1436.3,62.4,24.3,108.8,1.892,7.2,3,1
2023-08-25 00:00:00,CNC-03,Morning,OP-008,Cast_Iron,3978,,3.462,6.85,1433.0,11.6,20.57,113.8,1.839,9.7,107,1
2023-08-25 06:00:00,Lathe-02,Afternoon,OP-019,Titanium_6Al4V,5541,79.42,3.418,6.45,1499.6,89.2,22.74,108.9,1.701,8.6,81,0
2023-08-25 12:00:00,CNC-03,Night,OP-006,Cast_Iron,3978,74.74,2.405,6.46,1490.9,16.1,23.51,98.7,1.627,20.9,9,1
2023-08-25 18:00:00,Lathe-01,Night,OP-003,Steel_A36,4937,85.77,3.348,6.4,1322.7,20.6,23.47,112.7,2.5,6.8,34,0
2023-08-26 00:00:00,Lathe-01,Afternoon,OP-005,Aluminum_6061,4937,81.29,3.001,7.32,1380.7,22.3,20.55,99.1,1.863,6.5,98,1
2023-08-26 06:00:00,CNC-03,Morning,OP-013,Steel_A36,3978,72.65,3.28,5.35,1490.6,10.0,19.56,107.2,2.064,5.2,103,1
2023-08-26 12:00:00,Lathe-02,Afternoon,OP-015,Steel_A36,5541,90.56,3.301,6.71,2202.1,91.7,24.43,94.5,2.645,12.3,22,0
2023-08-26 18:00:00,CNC-03,Night,OP-014,Steel_4140,3978,80.56,2.933,5.84,1356.7,10.5,22.18,105.3,2.278,6.7,64,1
2023-08-27 00:00:00,Weld-01,Afternoon,OP-016,Aluminum_6061,5209,79.6,4.097,5.77,1570.0,63.8,23.56,93.5,2.038,6.5,81,0
2023-08-27 06:00:00,Asm-01,Morning,OP-018,Steel_A36,691,59.39,1.942,7.44,1386.0,68.6,18.11,115.2,0.822,7.1,152,0
2023-08-27 12:00:00,Press-01,Night,OP-011,Titanium_6Al4V,2091,69.41,2.306,5.71,1452.9,88.0,22.37,112.3,1.553,8.9,16,0
2023-08-27 18:00:00,CNC-01,Afternoon,OP-003,Steel_A36,4424,77.72,3.084,6.39,1436.3,21.8,22.41,114.2,1.635,10.5,147,0
2023-08-28 00:00:00,Press-01,Morning,OP-010,Titanium_6Al4V,2091,73.38,2.268,8.07,1363.7,80.2,18.43,117.8,1.705,3.5,127,0
2023-08-28 06:00:00,Lathe-02,Night,OP-010,Steel_4140,5541,85.35,3.9,7.17,1464.8,91.4,25.4,107.4,2.448,8.3,152,1
2023-08-28 12:00:00,Press-01,Morning,OP-016,Steel_A36,2091,75.57,1.72,6.14,1481.4,81.5,23.82,116.5,1.627,6.7,169,0
2023-08-28 18:00:00,Lathe-01,Night,OP-012,Cast_Iron,4937,72.37,3.7,6.2,1412.6,22.6,22.3,120.0,1.948,8.2,172,1
2023-08-29 00:00:00,Weld-02,Afternoon,OP-002,Steel_4140,992,69.14,1.193,5.52,1423.1,10.0,19.92,112.0,1.306,1.7,30,0
2023-08-29 06:00:00,CNC-01,Morning,OP-009,Titanium_6Al4V,4424,78.03,3.364,7.54,1498.0,18.4,21.48,102.1,1.772,6.4,64,0
2023-08-29 12:00:00,Press-02,Night,OP-003,Steel_4140,4985,93.97,2.938,7.31,1292.0,11.7,24.33,95.1,2.606,17.0,179,1
2023-08-29 18:00:00,Lathe-02,Morning,OP-015,Steel_A36,5541,82.64,4.409,7.05,1382.4,94.8,,97.5,2.226,7.4,79,0
2023-08-30 00:00:00,CNC-01,Morning,OP-003,Aluminum_6061,4424,75.71,3.441,7.14,1467.1,20.6,24.06,92.8,2.045,9.4,91,0
2023-08-30 06:00:00,Press-01,Afternoon,OP-019,Aluminum_6061,2091,72.09,1.492,5.88,1407.9,86.2,20.93,114.1,1.297,4.6,148,1
2023-08-30 12:00:00,Lathe-01,Morning,OP-018,Titanium_6Al4V,4937,80.39,3.36,5.26,1406.7,22.4,25.72,106.2,2.066,10.3,29,1
2023-08-30 18:00:00,CNC-02,Night,OP-008,Titanium_6Al4V,923,57.94,1.395,6.95,1522.1,28.5,18.2,117.3,0.479,4.4,122,0
2023-08-31 00:00:00,Asm-01,Night,OP-017,Aluminum_6061,691,69.2,1.246,7.21,1399.3,63.2,17.94,100.1,0.977,2.6,130,0
2023-08-31 06:00:00,Press-02,Night,OP-008,Titanium_6Al4V,4985,79.03,3.44,7.79,1608.3,10.0,21.22,102.8,2.112,7.5,69,1
2023-08-31 12:00:00,Asm-01,Night,OP-007,Steel_4140,691,67.03,1.131,6.34,1309.6,67.4,21.06,105.2,0.977,5.1,170,0
2023-08-31 18:00:00,CNC-01,Afternoon,OP-007,Cast_Iron,4424,74.46,3.44,6.22,1273.0,24.5,23.68,108.4,2.297,6.7,28,1
2023-09-01 00:00:00,Lathe-01,Morning,OP-003,Cast_Iron,4937,74.96,3.642,6.31,1520.3,21.9,19.94,105.0,2.166,10.8,2,0
2023-09-01 06:00:00,Lathe-01,Afternoon,OP-001,Steel_4140,4937,84.82,3.501,7.04,1371.3,18.2,23.46,101.3,2.226,9.6,160,1
2023-09-01 12:00:00,Press-01,Morning,OP-004,Cast_Iron,2091,77.08,2.107,6.27,1372.6,85.9,21.24,99.2,1.731,5.2,74,0
2023-09-01 18:00:00,Weld-01,Morning,OP-005,Steel_A36,5209,83.37,3.743,6.46,1528.8,60.5,22.62,109.7,2.534,7.9,44,1
2023-09-02 00:00:00,Press-01,Morning,OP-001,Steel_4140,2091,62.48,2.431,7.16,1410.2,84.2,17.45,115.3,0.997,3.3,68,0
2023-09-02 06:00:00,Weld-01,Afternoon,OP-015,Titanium_6Al4V,5209,83.69,3.661,6.0,1522.8,61.0,22.57,92.4,2.486,10.2,159,0
2023-09-02 12:00:00,Weld-01,Morning,OP-005,Steel_4140,5209,72.3,2.954,7.61,1401.2,63.4,20.03,112.1,1.381,6.8,110,0
2023-09-02 18:00:00,Press-02,Afternoon,OP-013,Aluminum_6061,4985,,,7.01,1479.0,10.0,20.21,105.4,1.772,16.8,83,0
2023-09-03 00:00:00,Press-01,Night,OP-008,Titanium_6Al4V,2091,75.86,2.008,5.01,1409.1,85.1,22.48,123.2,1.252,14.2,51,0
2023-09-03 06:00:00,CNC-02,Night,OP-008,Aluminum_6061,923,71.17,1.013,6.09,1376.4,25.8,20.16,109.5,1.009,1.6,115,0
2023-09-03 12:00:00,CNC-03,Morning,OP-005,Titanium_6Al4V,3978,,3.03,4.88,1588.4,14.3,21.94,93.6,1.903,5.3,102,1
2023-09-03 18:00:00,CNC-03,Afternoon,OP-009,Cast_Iron,3978,84.0,3.505,6.34,1539.3,18.9,20.55,102.3,2.232,6.6,167,1
2023-09-04 00:00:00,Press-01,Night,OP-001,Steel_4140,2091,74.33,2.615,6.1,1391.9,84.2,21.04,115.6,1.821,12.6,140,0
2023-09-04 06:00:00,Press-01,Afternoon,OP-004,Steel_A36,2091,61.44,2.411,7.17,1435.7,86.4,20.18,133.1,1.099,4.1,79,0
2023-09-04 12:00:00,Asm-01,Afternoon,OP-003,Titanium_6Al4V,691,65.31,1.793,5.8,1568.1,65.9,18.38,141.8,1.211,2.2,28,0
2023-09-04 18:00:00,Press-02,Morning,OP-002,Titanium_6Al4V,4985,80.37,4.267,6.81,1370.9,,21.99,87.1,2.72,9.9,153,0
2023-09-05 00:00:00,Press-01,Night,OP-008,Aluminum_6061,2091,70.74,2.452,6.96,1375.3,79.0,20.64,108.7,1.884,3.2,101,0
2023-09-05 06:00:00,Asm-01,Morning,OP-009,Cast_Iron,691,64.07,1.873,6.71,1487.6,65.7,19.86,104.9,0.997,2.2,58,1
2023-09-05 12:00:00,Weld-01,Morning,OP-002,Aluminum_6061,5209,76.13,2.903,7.41,1631.6,59.0,18.99,103.7,1.923,7.5,176,0
2023-09-05 18:00:00,Lathe-01,Night,OP-014,Aluminum_6061,4937,92.43,3.893,8.15,1454.3,21.8,27.26,114.4,2.734,8.9,158,1
2023-09-06 00:00:00,Lathe-01,Night,OP-014,Cast_Iron,4937,78.48,3.519,6.59,1534.0,22.5,20.96,96.1,2.298,6.7,11,1
2023-09-06 06:00:00,Weld-01,Afternoon,OP-004,Steel_A36,5209,93.04,3.447,6.82,1368.6,64.8,24.33,95.5,2.819,8.9,163,0
2023-09-06 12:00:00,Lathe-02,Night,OP-006,Aluminum_6061,5541,76.61,3.493,5.8,1478.9,94.1,24.31,99.1,1.88,12.8,9,0
2023-09-06 18:00:00,Asm-01,Afternoon,OP-011,Aluminum_6061,691,70.44,1.283,5.68,1421.2,64.6,20.03,105.4,1.0,3.0,133,0
2023-09-07 00:00:00,Asm-01,Afternoon,OP-003,Titanium_6Al4V,691,68.31,2.005,7.33,1599.3,63.4,21.74,126.7,1.511,4.3,134,0
2023-09-07 06:00:00,Weld-01,Afternoon,OP-008,Cast_Iron,5209,76.67,3.468,7.22,1577.9,55.4,24.85,91.4,1.897,6.7,30,0
2023-09-07 12:00:00,CNC-02,Night,OP-003,Steel_4140,923,65.55,1.399,5.68,1632.4,24.1,17.01,114.9,0.919,2.9,90,1
2023-09-07 18:00:00,Weld-02,Morning,OP-014,Steel_A36,992,68.02,1.325,5.45,1394.4,14.9,20.87,115.2,1.154,1.5,2,1
2023-09-08 00:00:00,CNC-01,Afternoon,OP-013,Steel_A36,4424,74.6,,5.98,1452.8,24.0,23.99,105.3,1.812,8.3,103,0
2023-09-08 06:00:00,Weld-01,Morning,OP-013,Cast_Iron,5209,80.0,3.335,6.39,1480.0,62.1,22.35,100.0,2.407,7.5,174,0
2023-09-08 12:00:00,Press-01,Morning,OP-002,Titanium_6Al4V,2091,59.71,1.88,6.17,1397.5,84.0,18.27,129.9,1.059,3.6,125,0
2023-09-08 18:00:00,Press-01,Night,OP-013,Titanium_6Al4V,2091,75.09,1.562,6.63,1460.5,82.5,17.89,93.4,1.195,2.9,0,0
2023-09-09 00:00:00,Press-02,Morning,OP-019,Cast_Iron,4985,86.71,3.765,7.23,1522.7,13.3,25.44,101.3,2.381,7.3,172,0
2023-09-09 06:00:00,Weld-01,Morning,OP-006,Titanium_6Al4V,5209,83.55,3.424,6.87,1406.0,61.2,19.72,104.3,2.387,8.6,177,0
2023-09-09 12:00:00,Press-02,Night,OP-016,Steel_A36,4985,91.9,2.947,6.93,1393.7,10.0,25.85,100.0,2.45,8.9,134,1
2023-09-09 18:00:00,Weld-01,Afternoon,OP-002,Steel_A36,5209,84.69,3.37,4.54,1388.4,62.2,21.52,93.4,1.911,6.7,14,0
2023-09-10 00:00:00,Asm-01,Morning,OP-008,Steel_4140,691,72.87,1.722,5.21,1342.5,65.3,22.64,120.5,1.137,4.0,88,0
2023-09-10 06:00:00,CNC-01,Night,OP-017,Cast_Iron,4424,85.02,3.147,5.86,1518.3,29.3,24.11,109.8,2.292,7.5,157,0
2023-09-10 12:00:00,Asm-01,Morning,OP-002,Aluminum_6061,691,53.4,1.579,5.99,1393.5,63.2,19.04,114.1,0.688,3.2,121,0
2023-09-10 18:00:00,Weld-02,Morning,OP-010,Aluminum_6061,992,70.22,1.651,7.17,1385.1,11.0,18.88,102.9,1.385,6.6,115,1
2023-09-11 00:00:00,Lathe-01,Afternoon,OP-016,Steel_4140,4937,73.51,2.849,5.8,1492.3,20.6,19.56,96.1,2.088,7.4,35,1
2023-09-11 06:00:00,CNC-03,Morning,OP-006,Steel_4140,3978,71.53,3.32,7.03,1449.2,12.6,18.99,108.6,1.619,5.5,66,0
2023-09-11 12:00:00,Weld-01,Night,OP-002,Titanium_6Al4V,5209,76.24,2.796,5.87,1408.0,63.9,23.56,106.4,1.66,8.9,132,0
2023-09-11 18:00:00,Weld-02,Morning,OP-002,Steel_4140,992,66.54,1.819,5.54,1514.9,18.2,20.68,110.9,1.102,9.9,24,0
2023-09-12 00:00:00,Lathe-01,Afternoon,OP-013,Steel_4140,4937,83.68,3.606,5.58,1404.8,20.4,24.73,116.5,1.994,8.4,10,0
2023-09-12 06:00:00,Lathe-02,Afternoon,OP-015,Aluminum_6061,5541,84.49,3.536,8.31,1275.8,94.2,24.19,96.0,2.34,12.3,65,0
2023-09-12 12:00:00,CNC-01,Night,OP-002,Titanium_6Al4V,4424,78.76,3.277,5.85,1556.7,17.9,23.5,104.8,1.994,9.8,155,1
2023-09-12 18:00:00,Press-02,Afternoon,OP-007,Steel_4140,4985,84.19,3.27,7.05,1383.7,11.5,23.06,99.0,2.407,8.4,59,1
2023-09-13 00:00:00,Press-02,Morning,OP-003,Steel_4140,4985,84.5,3.527,5.25,1392.5,17.4,24.3,115.4,2.53,9.4,137,1
2023-09-13 06:00:00,Asm-01,Afternoon,OP-008,Titanium_6Al4V,691,69.37,1.899,7.64,1392.8,65.5,18.89,96.2,1.316,2.4,49,1
2023-09-13 12:00:00,Press-01,Night,OP-014,Cast_Iron,2091,62.91,1.798,6.78,1454.8,85.1,,113.2,0.956,4.9,166,0
2023-09-13 18:00:00,Lathe-01,Afternoon,OP-007,Titanium_6Al4V,4937,76.73,3.63,6.72,1428.1,19.5,,108.2,2.131,8.3,164,1
2023-09-14 00:00:00,Lathe-02,Afternoon,OP-007,Aluminum_6061,5541,82.45,4.301,6.83,1529.0,93.4,24.12,96.6,2.33,10.6,62,0
2023-09-14 06:00:00,Weld-02,Afternoon,OP-001,Cast_Iron,992,71.77,1.74,6.92,1581.6,16.3,17.45,101.0,1.276,2.8,91,1
2023-09-14 12:00:00,CNC-01,Night,OP-017,Steel_A36,4424,72.18,2.934,7.15,1395.7,20.2,20.81,109.0,1.671,5.8,37,1
2023-09-14 18:00:00,Lathe-01,Afternoon,OP-009,Titanium_6Al4V,4937,80.37,4.265,6.02,1375.0,27.9,,86.5,2.379,10.8,119,0
2023-09-15 00:00:00,Lathe-02,Afternoon,OP-013,Aluminum_6061,5541,74.49,3.66,5.97,1408.2,88.0,22.59,109.6,1.943,10.4,32,0
2023-09-15 06:00:00,CNC-03,Morning,OP-019,Cast_Iron,3978,82.56,3.033,6.54,1485.1,12.5,21.73,98.8,1.988,14.0,74,0
2023-09-15 12:00:00,Weld-01,Night,OP-019,Titanium_6Al4V,5209,82.49,3.58,7.05,1440.7,59.9,23.17,95.9,2.068,8.2,44,0
2023-09-15 18:00:00,Press-02,Afternoon,OP-017,Steel_4140,4985,73.85,3.56,6.45,1410.0,11.9,21.07,113.3,1.881,6.5,171,0
2023-09-16 00:00:00,Weld-02,Night,OP-010,Titanium_6Al4V,992,61.34,1.498,7.12,1346.2,10.0,18.94,109.3,0.922,1.6,128,0
2023-09-16 06:00:00,Press-02,Afternoon,OP-010,Steel_A36,4985,82.52,3.457,6.99,1273.3,10.0,,88.5,1.89,10.7,52,1
2023-09-16 12:00:00,Weld-02,Afternoon,OP-004,Titanium_6Al4V,992,74.97,2.015,6.33,1369.6,10.0,,101.7,1.404,1.5,174,1
2023-09-16 18:00:00,Asm-01,Afternoon,OP-008,Cast_Iron,691,61.68,1.353,5.1,1551.2,67.6,21.51,134.0,1.187,8.0,160,0
2023-09-17 00:00:00,Press-01,Morning,OP-020,Cast_Iron,2091,75.47,1.947,6.1,1484.9,82.9,,100.9,1.464,3.6,66,0
2023-09-17 06:00:00,Weld-02,Morning,OP-020,Titanium_6Al4V,992,65.39,1.517,7.89,1434.7,10.0,20.36,118.2,1.001,8.1,142,0
2023-09-17 12:00:00,Press-02,Morning,OP-018,Cast_Iron,4985,,2.942,6.77,1508.4,13.5,19.63,108.1,2.538,10.7,104,0
2023-09-17 18:00:00,Asm-01,Night,OP-014,Steel_4140,691,70.58,1.229,5.99,1347.0,61.1,19.47,106.0,1.156,7.0,13,0
2023-09-18 00:00:00,Weld-02,Night,OP-018,Titanium_6Al4V,992,68.88,1.345,6.7,1454.5,12.4,20.0,106.5,1.127,2.0,150,1
2023-09-18 06:00:00,CNC-03,Morning,OP-014,Steel_4140,3978,68.26,2.94,7.04,1307.1,13.7,19.72,111.0,1.33,7.7,123,1
2023-09-18 12:00:00,Press-01,Night,OP-020,Steel_4140,2091,74.94,2.449,5.99,1477.7,83.4,18.77,109.5,1.695,2.9,119,0
2023-09-18 18:00:00,Weld-02,Afternoon,OP-015,Aluminum_6061,992,70.61,2.215,7.49,1470.8,13.0,20.56,121.3,1.386,1.9,135,0
2023-09-19 00:00:00,Asm-01,Afternoon,OP-004,Titanium_6Al4V,691,69.21,1.525,6.9,1472.7,70.6,22.15,107.2,1.311,2.0,35,0
2023-09-19 06:00:00,Lathe-01,Afternoon,OP-013,Cast_Iron,4937,81.41,3.543,5.62,1543.4,22.3,23.08,98.2,2.474,10.2,127,0
2023-09-19 12:00:00,CNC-02,Morning,OP-008,Steel_4140,923,63.49,1.701,7.19,1512.1,23.3,19.97,138.4,0.956,1.2,179,0
2023-09-19 18:00:00,Lathe-02,Night,OP-018,Aluminum_6061,5541,87.73,2.787,6.17,1353.3,89.1,25.33,85.9,2.322,13.9,133,0
2023-09-20 00:00:00,CNC-02,Morning,OP-012,Titanium_6Al4V,923,72.38,1.145,6.36,1544.6,16.7,23.73,96.9,0.76,1.4,96,1
2023-09-20 06:00:00,CNC-02,Night,OP-014,Titanium_6Al4V,923,,1.908,5.69,1433.2,24.2,17.57,104.5,0.526,2.6,155,1
2023-09-20 12:00:00,CNC-01,Afternoon,OP-002,Steel_A36,4424,85.4,3.479,7.01,1292.4,19.9,22.42,108.2,2.578,5.8,177,1
2023-09-20 18:00:00,CNC-03,Morning,OP-018,Steel_A36,3978,78.09,3.275,6.38,1441.3,10.0,22.14,100.1,1.507,9.4,165,1
2023-09-21 00:00:00,Lathe-01,Night,OP-002,Steel_4140,4937,81.07,3.289,7.04,1501.8,20.3,23.97,98.6,2.195,6.6,157,0
2023-09-21 06:00:00,Weld-01,Night,OP-011,Steel_A36,5209,80.4,2.681,6.06,1368.9,63.1,18.97,96.5,1.885,13.0,80,0
2023-09-21 12:00:00,Weld-02,Afternoon,OP-009,Steel_4140,992,67.71,1.223,5.97,1556.6,13.7,20.37,122.3,1.221,3.5,72,1
2023-09-21 18:00:00,Lathe-02,Morning,OP-012,Cast_Iron,5541,89.17,3.274,5.9,1376.1,95.8,24.47,87.2,2.442,15.8,70,0
2023-09-22 00:00:00,Press-01,Morning,OP-017,Steel_4140,2091,76.7,2.366,6.82,1411.5,86.2,20.85,102.4,2.038,3.6,45,0
2023-09-22 06:00:00,Lathe-01,Morning,OP-015,Steel_A36,4937,85.49,3.217,5.96,1396.8,24.0,24.28,92.7,2.244,8.0,155,1
2023-09-22 12:00:00,Press-02,Afternoon,OP-017,Cast_Iron,4985,81.5,4.057,6.34,1313.3,10.0,25.06,78.2,2.606,9.8,144,1
2023-09-22 18:00:00,Weld-01,Morning,OP-018,Steel_A36,5209,85.72,4.066,6.09,1370.5,61.9,25.9,93.6,2.249,11.9,175,0
2023-09-23 00:00:00,CNC-01,Afternoon,OP-006,Steel_4140,4424,74.65,3.805,6.85,1393.1,25.4,22.51,103.3,1.567,7.2,171,0
2023-09-23 06:00:00,CNC-01,Afternoon,OP-017,Aluminum_6061,4424,81.74,2.769,5.11,1439.6,23.8,23.22,97.1,1.995,12.2,59,0
2023-09-23 12:00:00,Lathe-01,Afternoon,OP-018,Titanium_6Al4V,4937,79.66,3.556,6.7,1209.9,20.9,23.48,99.9,1.873,6.5,59,1
2023-09-23 18:00:00,Asm-01,Night,OP-008,Steel_A36,691,56.86,1.311,7.89,1507.3,65.7,19.67,118.2,0.556,4.6,4,1
2023-09-24 00:00:00,CNC-02,Morning,OP-009,Steel_4140,923,59.95,1.735,7.49,1506.5,24.6,19.2,116.3,0.736,2.4,134,1
2023-09-24 06:00:00,Press-02,Morning,OP-006,Cast_Iron,4985,77.26,3.059,6.01,1544.5,12.5,23.25,96.3,2.029,6.6,144,0
2023-09-24 12:00:00,CNC-01,Afternoon,OP-005,Steel_A36,4424,80.9,3.626,6.9,1330.7,21.1,24.62,92.3,2.011,7.0,58,0
2023-09-24 18:00:00,Lathe-02,Afternoon,OP-012,Steel_A36,5541,79.01,3.309,6.74,1426.6,87.5,25.69,103.4,2.138,13.3,8,0
2023-09-25 00:00:00,CNC-01,Morning,OP-011,Titanium_6Al4V,4424,75.87,2.357,7.68,1525.3,23.1,20.64,95.7,1.815,17.3,149,1
2023-09-25 06:00:00,Press-01,Afternoon,OP-001,Steel_4140,2091,75.35,2.928,4.49,1532.2,83.8,24.33,104.3,1.751,4.1,44,0
2023-09-25 12:00:00,Weld-02,Morning,OP-011,Aluminum_6061,992,65.32,1.811,7.39,1568.3,11.6,23.2,127.5,1.152,7.8,79,0
2023-09-25 18:00:00,CNC-01,Night,OP-019,Cast_Iron,4424,85.48,2.708,6.29,1458.2,26.5,22.46,101.3,1.936,7.7,12,1
2023-09-26 00:00:00,Press-01,Afternoon,OP-009,Steel_4140,2091,77.36,2.05,5.91,1445.5,87.0,21.17,93.1,1.533,6.4,82,0
2023-09-26 06:00:00,Lathe-01,Morning,OP-002,Cast_Iron,4937,,3.129,5.88,1325.4,21.0,22.19,104.3,1.792,6.3,11,0
2023-09-26 12:00:00,Lathe-01,Afternoon,OP-012,Steel_A36,4937,84.2,3.362,5.46,1535.2,21.0,24.55,106.9,2.744,8.6,163,0
2023-09-26 18:00:00,Weld-01,Morning,OP-004,Titanium_6Al4V,5209,84.36,3.8,6.01,1413.2,64.1,21.15,92.6,2.66,6.7,9,0
2023-09-27 00:00:00,CNC-01,Morning,OP-004,Titanium_6Al4V,4424,77.6,3.394,5.64,1452.7,25.0,21.86,101.1,2.354,6.5,15,1
2023-09-27 06:00:00,Lathe-02,Afternoon,OP-018,Aluminum_6061,5541,86.62,3.726,6.64,1447.4,91.3,23.81,91.0,2.726,9.4,91,0
2023-09-27 12:00:00,CNC-01,Night,OP-015,Titanium_6Al4V,4424,83.87,3.138,6.97,1258.4,25.7,22.8,97.5,2.063,10.5,18,0
2023-09-27 18:00:00,Lathe-02,Morning,OP-019,Steel_A36,5541,77.55,4.056,6.29,1385.1,92.2,22.57,96.2,1.912,9.4,103,0
2023-09-28 00:00:00,CNC-03,Morning,OP-013,Aluminum_6061,3978,78.2,2.17,7.7,1486.3,13.6,20.98,110.4,1.594,13.2,133,0
2023-09-28 06:00:00,Weld-01,Morning,OP-019,Steel_4140,5209,81.99,3.179,6.06,1446.1,63.7,24.26,115.2,2.228,11.5,131,0
2023-09-28 12:00:00,CNC-03,Night,OP-017,Titanium_6Al4V,3978,81.68,2.549,6.25,1486.9,13.1,23.35,104.5,1.874,5.5,157,1
2023-09-28 18:00:00,CNC-01,Night,OP-006,Aluminum_6061,4424,76.61,3.538,6.12,1512.7,24.0,25.13,91.2,1.579,7.0,102,0
2023-09-29 00:00:00,Weld-01,Afternoon,OP-016,Steel_A36,5209,78.29,3.183,6.98,1384.1,63.3,23.71,124.0,2.136,9.8,94,0
2023-09-29 06:00:00,CNC-03,Night,OP-012,Cast_Iron,3978,78.28,2.426,7.06,1408.8,16.4,20.29,110.7,1.439,13.3,173,1
2023-09-29 12:00:00,CNC-02,Afternoon,OP-019,Cast_Iron,923,73.79,1.824,6.9,1438.7,26.1,20.52,116.4,1.314,14.4,26,0
2023-09-29 18:00:00,CNC-01,Afternoon,OP-005,Steel_A36,4424,72.83,2.772,6.4,1511.9,24.5,20.98,107.3,1.993,9.9,172,0
2023-09-30 00:00:00,CNC-03,Night,OP-017,Steel_A36,3978,72.31,2.8,5.43,1431.3,10.0,21.72,109.8,1.642,7.5,36,0
2023-09-30 06:00:00,CNC-02,Afternoon,OP-001,Cast_Iron,923,65.28,2.556,6.24,1307.5,24.6,21.73,109.5,1.493,5.4,136,1
2023-09-30 12:00:00,CNC-02,Night,OP-010,Aluminum_6061,923,66.17,1.919,7.68,1434.1,25.1,19.99,120.9,1.192,2.1,60,0
2023-09-30 18:00:00,Lathe-01,Afternoon,OP-015,Cast_Iron,4937,71.6,3.276,7.31,1508.7,23.1,21.89,103.1,1.545,7.2,34,0
2023-10-01 00:00:00,CNC-01,Night,OP-011,Steel_A36,4424,86.32,3.087,6.74,1558.6,20.8,23.68,104.0,2.425,8.7,105,0
2023-10-01 06:00:00,CNC-02,Night,OP-013,Titanium_6Al4V,923,67.23,1.967,6.19,1472.4,17.5,21.12,120.7,1.167,7.3,46,1
2023-10-01 12:00:00,Lathe-01,Afternoon,OP-005,Steel_4140,4937,79.03,3.625,6.49,1331.1,23.8,22.15,112.1,1.851,16.7,148,1
2023-10-01 18:00:00,CNC-03,Morning,OP-001,Titanium_6Al4V,3978,85.54,2.971,6.2,1417.5,10.3,21.27,109.1,1.882,6.2,144,0
2023-10-02 00:00:00,Press-01,Afternoon,OP-012,Titanium_6Al4V,2091,75.12,2.156,7.45,1488.0,87.3,22.21,100.3,1.628,7.4,54,0
2023-10-02 06:00:00,CNC-01,Night,OP-011,Steel_A36,4424,76.15,2.544,5.83,1519.3,21.9,22.27,119.4,2.137,11.3,87,1
2023-10-02 12:00:00,Weld-01,Morning,OP-017,Cast_Iron,5209,82.1,2.803,7.24,1490.6,59.3,24.79,108.4,1.81,9.4,94,0
2023-10-02 18:00:00,Lathe-02,Afternoon,OP-004,Aluminum_6061,5541,82.11,,6.08,1429.9,93.7,19.77,103.2,2.059,8.2,5,0
2023-10-03 00:00:00,Lathe-02,Afternoon,OP-015,Titanium_6Al4V,5541,89.56,3.371,7.56,1518.7,94.5,24.23,101.0,2.573,9.8,120,0
2023-10-03 06:00:00,CNC-03,Afternoon,OP-009,Cast_Iron,3978,76.59,3.175,6.84,1398.8,15.6,22.44,103.4,1.653,7.6,162,1
2023-10-03 12:00:00,Asm-01,Morning,OP-020,Aluminum_6061,691,59.95,1.581,5.9,1464.8,67.1,16.24,114.0,1.243,3.7,49,0
2023-10-03 18:00:00,Asm-01,Night,OP-019,Titanium_6Al4V,691,57.77,1.193,6.25,1510.0,63.5,17.74,117.1,0.396,3.8,164,0
2023-10-04 00:00:00,CNC-03,Afternoon,OP-019,Aluminum_6061,3978,84.81,3.006,7.07,1496.1,10.0,25.16,111.4,2.094,10.6,12,0
2023-10-04 06:00:00,CNC-02,Afternoon,OP-012,Cast_Iron,923,63.94,1.437,6.1,1497.9,22.7,22.12,116.9,0.728,1.7,24,1
2023-10-04 12:00:00,CNC-01,Afternoon,OP-005,Steel_4140,4424,82.18,3.962,6.52,1495.9,20.2,25.22,101.8,2.563,6.9,122,1
2023-10-04 18:00:00,Lathe-02,Afternoon,OP-010,Cast_Iron,5541,82.67,3.779,6.09,1366.1,93.9,23.19,100.3,2.773,9.6,128,0
2023-10-05 00:00:00,Lathe-02,Afternoon,OP-017,Steel_A36,5541,80.23,3.0,7.91,1451.4,95.2,24.58,98.0,1.869,7.9,48,1
2023-10-05 06:00:00,CNC-02,Night,OP-005,Aluminum_6061,923,66.59,2.332,8.04,1377.3,24.4,21.47,95.0,1.436,12.6,121,1
2023-10-05 12:00:00,Lathe-02,Night,OP-016,Steel_4140,5541,90.23,3.371,7.67,1426.8,92.6,23.76,103.4,2.259,7.8,34,1
2023-10-05 18:00:00,Weld-01,Afternoon,OP-007,Aluminum_6061,5209,74.04,3.089,6.4,1356.5,61.4,20.95,111.5,1.98,8.4,82,0
2023-10-06 00:00:00,CNC-01,Morning,OP-009,Aluminum_6061,4424,76.89,3.993,6.18,1477.6,26.6,22.73,102.0,2.525,11.8,52,0
2023-10-06 06:00:00,Weld-02,Night,OP-003,Titanium_6Al4V,992,72.63,1.772,5.88,1292.8,10.0,18.99,102.1,1.627,1.5,179,1
2023-10-06 12:00:00,Lathe-02,Morning,OP-015,Steel_A36,5541,,3.904,7.73,1499.4,89.0,22.29,117.4,2.134,12.1,75,0
2023-10-06 18:00:00,CNC-03,Night,OP-016,Aluminum_6061,3978,84.02,,7.24,1451.2,19.4,24.17,98.1,2.024,7.5,103,1
2023-10-07 00:00:00,Weld-01,Afternoon,OP-018,Cast_Iron,5209,85.74,3.397,7.28,1602.2,58.6,25.39,101.4,2.349,6.6,46,0
2023-10-07 06:00:00,Lathe-02,Night,OP-014,Cast_Iron,5541,83.67,3.395,6.3,1433.6,94.2,22.95,94.9,2.203,13.9,42,0
2023-10-07 12:00:00,Weld-01,Afternoon,OP-003,Titanium_6Al4V,5209,78.76,3.315,5.09,1433.6,64.6,,92.4,1.956,6.6,147,1
2023-10-07 18:00:00,Lathe-01,Night,OP-012,Steel_A36,4937,73.37,4.003,5.28,1504.6,15.6,23.43,108.5,2.077,8.3,160,1
2023-10-08 00:00:00,Weld-02,Afternoon,OP-009,Steel_A36,992,71.64,1.716,6.55,1438.3,10.0,21.41,99.5,1.267,1.4,92,0
2023-10-08 06:00:00,Press-02,Afternoon,OP-007,Cast_Iron,4985,94.32,3.906,6.08,1472.0,16.5,24.14,95.5,2.986,6.5,143,0
2023-10-08 12:00:00,CNC-03,Afternoon,OP-009,Steel_4140,3978,,2.91,5.99,1529.6,11.0,25.01,106.5,2.042,11.5,77,1
2023-10-08 18:00:00,CNC-03,Afternoon,OP-013,Titanium_6Al4V,3978,68.3,2.638,6.78,1428.6,11.1,21.44,101.5,1.411,9.3,6,0
2023-10-09 00:00:00,CNC-01,Morning,OP-018,Titanium_6Al4V,4424,81.11,2.559,7.31,1545.6,22.1,21.96,93.9,1.999,6.2,69,1
2023-10-09 06:00:00,Weld-01,Afternoon,OP-005,Cast_Iron,5209,85.58,3.738,5.94,1315.7,59.5,23.31,92.3,2.709,9.4,148,1
2023-10-09 12:00:00,CNC-02,Morning,OP-013,Cast_Iron,923,63.3,9.864,5.46,1578.3,25.4,19.1,109.0,1.01,5.9,35,1
2023-10-09 18:00:00,CNC-03,Morning,OP-004,Steel_4140,3978,74.2,2.586,5.96,1306.9,10.4,19.92,95.4,1.647,11.6,103,1
2023-10-10 00:00:00,Weld-01,Afternoon,OP-002,Steel_4140,5209,77.54,3.684,5.66,1558.2,56.5,24.31,93.7,1.901,8.4,53,0
2023-10-10 06:00:00,Weld-01,Morning,OP-016,Steel_A36,5209,78.62,2.929,6.97,1300.7,,21.01,105.0,2.019,13.3,146,0
2023-10-10 12:00:00,Press-01,Night,OP-009,Titanium_6Al4V,2091,70.67,1.893,6.5,1608.4,80.2,20.8,127.4,1.334,4.7,24,0
2023-10-10 18:00:00,Press-01,Afternoon,OP-009,Titanium_6Al4V,2091,67.23,2.222,8.0,1462.9,81.4,19.44,120.3,1.348,6.1,66,0
2023-10-11 00:00:00,Press-02,Morning,OP-006,Cast_Iron,4985,74.4,2.69,7.09,1374.4,15.2,22.57,108.5,1.485,17.8,108,1
2023-10-11 06:00:00,Lathe-01,Afternoon,OP-011,Steel_A36,4937,81.3,3.353,7.95,1599.2,21.6,24.34,110.8,2.311,7.0,47,1
2023-10-11 12:00:00,Press-02,Afternoon,OP-001,Titanium_6Al4V,4985,79.66,3.046,5.38,1362.9,16.0,21.67,112.8,2.021,6.8,169,1
2023-10-11 18:00:00,Lathe-02,Afternoon,OP-004,Steel_A36,5541,80.13,3.866,3.9,1431.8,95.2,23.31,98.4,2.471,8.2,174,1
2023-10-12 00:00:00,CNC-02,Morning,OP-013,Steel_A36,923,68.3,1.538,6.69,1658.4,22.5,17.56,115.8,1.006,1.7,90,1
2023-10-12 06:00:00,Lathe-02,Night,OP-013,Cast_Iron,5541,74.71,4.0,6.6,1481.6,95.7,25.21,111.0,2.225,7.9,169,0
2023-10-12 12:00:00,Asm-01,Night,OP-013,Steel_A36,691,68.48,1.39,6.4,1287.9,66.1,21.24,123.0,1.145,4.9,1,0
2023-10-12 18:00:00,Lathe-02,Morning,OP-002,Steel_4140,5541,80.24,3.079,6.58,1428.1,90.8,20.66,112.1,2.338,8.9,133,0
2023-10-13 00:00:00,CNC-01,Afternoon,OP-009,Steel_4140,4424,80.02,2.541,5.6,1421.1,24.6,20.99,96.7,1.84,6.9,126,0
2023-10-13 06:00:00,Lathe-02,Morning,OP-008,Aluminum_6061,5541,84.31,,6.95,1465.1,88.7,22.98,111.2,2.02,8.3,45,0
2023-10-13 12:00:00,Press-02,Morning,OP-007,Cast_Iron,4985,86.23,3.634,7.09,1446.4,15.2,24.15,113.3,2.341,6.9,105,0
2023-10-13 18:00:00,CNC-03,Morning,OP-004,Aluminum_6061,3978,77.95,3.963,5.54,1493.7,16.1,22.08,113.6,1.985,6.8,39,1
2023-10-14 00:00:00,CNC-03,Afternoon,OP-018,Steel_4140,3978,82.76,3.114,6.22,1327.8,14.3,21.44,93.1,2.044,7.9,57,1
2023-10-14 06:00:00,Press-01,Morning,OP-003,Aluminum_6061,2091,69.92,2.784,6.27,1406.2,77.9,21.56,98.5,1.064,3.1,77,1
2023-10-14 12:00:00,CNC-02,Afternoon,OP-006,Cast_Iron,923,66.51,2.057,5.96,1474.9,27.3,,116.8,1.451,12.0,32,0
2023-10-14 18:00:00,CNC-02,Morning,OP-012,Cast_Iron,923,67.43,1.396,5.57,1389.0,25.2,19.56,126.4,1.403,2.9,61,0
2023-10-15 00:00:00,CNC-01,Night,OP-012,Steel_A36,4424,82.7,3.642,6.51,1537.7,23.6,23.13,102.0,2.271,14.4,11,1
2023-10-15 06:00:00,Press-02,Morning,OP-008,Titanium_6Al4V,4985,83.73,3.19,6.71,1390.6,12.2,22.77,99.2,2.294,6.7,125,0
2023-10-15 12:00:00,Press-01,Morning,OP-001,Steel_A36,2091,72.21,1.931,6.01,1461.5,82.0,18.98,109.9,1.401,7.0,48,0
2023-10-15 18:00:00,Asm-01,Night,OP-004,Cast_Iron,691,61.02,1.419,5.63,1441.6,64.6,17.53,125.9,0.504,3.7,87,0
2023-10-16 00:00:00,CNC-02,Afternoon,OP-011,Steel_4140,923,70.95,1.539,6.83,1368.8,26.2,21.83,109.8,1.405,6.3,77,0
2023-10-16 06:00:00,CNC-03,Afternoon,OP-003,Steel_4140,3978,73.12,3.205,5.89,1454.8,12.4,18.68,110.2,2.022,7.7,4,1
2023-10-16 12:00:00,Lathe-02,Morning,OP-013,Steel_A36,5541,77.74,3.356,6.25,1345.0,91.8,22.7,102.5,1.808,16.8,178,0
2023-10-16 18:00:00,Lathe-02,Night,OP-017,Cast_Iron,5541,76.62,3.98,6.15,1414.5,92.2,22.97,95.1,2.225,9.9,68,0
2023-10-17 00:00:00,Press-01,Afternoon,OP-010,Steel_4140,2091,71.12,2.465,7.5,1452.4,83.3,21.07,101.8,1.432,7.2,110,0
2023-10-17 06:00:00,Press-02,Morning,OP-012,Cast_Iron,4985,,3.518,5.92,1335.8,10.8,25.15,102.8,2.659,12.5,159,0
2023-10-17 12:00:00,Press-02,Night,OP-015,Steel_4140,4985,75.75,4.157,7.88,1499.9,12.2,23.03,80.5,2.161,10.0,176,1
2023-10-17 18:00:00,Lathe-01,Afternoon,OP-010,Cast_Iron,4937,88.82,3.875,7.1,1470.8,22.4,23.99,100.3,2.604,8.4,59,1
2023-10-18 00:00:00,Weld-02,Afternoon,OP-014,Aluminum_6061,992,72.65,2.062,7.96,1492.6,10.0,19.81,108.6,1.789,2.2,45,1
2023-10-18 06:00:00,CNC-02,Night,OP-013,Cast_Iron,923,60.56,,7.03,1450.2,23.4,20.59,124.9,0.554,6.9,168,1
2023-10-18 12:00:00,Press-02,Night,OP-005,Cast_Iron,4985,78.66,3.522,6.32,1357.9,18.5,24.43,107.4,2.153,8.2,12,0
2023-10-18 18:00:00,CNC-03,Night,OP-006,Steel_A36,3978,72.23,3.15,5.77,1450.0,13.8,25.92,107.3,1.752,7.9,107,1
2023-10-19 00:00:00,Press-01,Night,OP-002,Aluminum_6061,2091,74.86,2.12,6.22,1499.8,80.8,20.75,100.2,1.41,2.9,111,0
2023-10-19 06:00:00,Asm-01,Morning,OP-017,Titanium_6Al4V,691,62.22,1.352,7.69,1354.8,62.5,17.71,109.2,1.202,2.9,99,0
2023-10-19 12:00:00,Lathe-01,Night,OP-004,Steel_A36,4937,72.32,2.398,6.46,1361.1,17.5,21.7,104.0,1.58,9.8,145,1
2023-10-19 18:00:00,Weld-01,Afternoon,OP-014,Titanium_6Al4V,5209,79.65,3.766,7.03,1430.3,67.3,23.85,108.3,2.35,9.1,112,0
2023-10-20 00:00:00,CNC-01,Afternoon,OP-010,Steel_4140,4424,84.67,3.552,6.67,1420.3,26.7,24.75,113.7,2.515,7.3,96,0
2023-10-20 06:00:00,Asm-01,Morning,OP-003,Titanium_6Al4V,691,66.2,1.038,6.7,1448.7,61.8,20.28,118.9,0.795,1.6,50,0
2023-10-20 12:00:00,Weld-01,Afternoon,OP-003,Cast_Iron,5209,83.27,3.721,6.73,1426.7,63.0,24.66,95.0,2.595,7.6,117,0
2023-10-20 18:00:00,Lathe-02,Afternoon,OP-015,Titanium_6Al4V,5541,84.5,3.388,6.9,1462.8,96.3,25.25,96.2,2.504,10.5,35,0
2023-10-21 00:00:00,CNC-01,Night,OP-006,Steel_A36,4424,71.26,2.989,5.85,1547.7,23.6,23.14,104.4,1.623,6.3,80,1
2023-10-21 06:00:00,CNC-02,Afternoon,OP-017,Steel_A36,923,63.39,2.128,6.28,1493.1,22.4,21.3,122.7,1.262,4.1,102,1
2023-10-21 12:00:00,CNC-03,Morning,OP-012,Titanium_6Al4V,3978,77.46,2.544,6.75,1454.5,20.7,18.51,102.5,2.01,7.6,33,1
2023-10-21 18:00:00,CNC-01,Night,OP-020,Steel_A36,4424,76.04,2.739,6.63,1361.5,18.0,22.2,105.9,1.922,16.1,139,1
2023-10-22 00:00:00,Weld-02,Night,OP-011,Steel_A36,992,76.62,2.356,6.13,1392.2,19.3,20.24,117.9,1.505,1.4,132,0
2023-10-22 06:00:00,Weld-01,Morning,OP-004,Titanium_6Al4V,5209,75.14,,6.83,1517.3,62.6,23.84,100.1,1.913,6.9,47,0
2023-10-22 12:00:00,CNC-02,Night,OP-006,Aluminum_6061,923,63.34,2.102,5.88,1412.5,27.7,16.01,119.0,1.159,3.3,103,0
2023-10-22 18:00:00,Weld-02,Night,OP-001,Aluminum_6061,992,69.55,0.995,5.52,1372.6,10.0,21.68,121.9,1.031,3.5,90,0
2023-10-23 00:00:00,Lathe-02,Morning,OP-020,Steel_4140,5541,79.18,,6.74,1617.8,90.4,21.24,104.4,1.823,7.0,123,0
2023-10-23 06:00:00,Weld-02,Night,OP-016,Steel_A36,992,53.64,1.269,5.54,1572.0,10.0,15.67,137.5,0.369,6.5,39,1
2023-10-23 12:00:00,Lathe-01,Morning,OP-015,Titanium_6Al4V,4937,90.1,3.167,6.72,1440.0,21.0,24.83,111.3,2.525,8.2,140,0
2023-10-23 18:00:00,Lathe-01,Morning,OP-017,Steel_A36,4937,75.06,2.799,4.94,1363.4,22.3,21.19,108.7,1.44,7.4,25,1
2023-10-24 00:00:00,Press-01,Afternoon,OP-008,Cast_Iron,2091,74.34,2.263,5.92,1507.9,86.8,23.88,102.1,1.556,3.8,141,1
2023-10-24 06:00:00,Asm-01,Afternoon,OP-012,Steel_A36,691,60.89,1.676,6.24,1410.8,60.5,20.77,111.0,0.978,6.8,95,0
2023-10-24 12:00:00,Asm-01,Night,OP-010,Steel_A36,691,62.84,1.143,5.21,1521.1,66.1,17.82,119.3,0.813,1.5,138,0
2023-10-24 18:00:00,CNC-02,Night,OP-015,Aluminum_6061,923,59.77,1.276,6.2,1410.9,26.5,19.8,110.1,0.502,1.7,165,0
2023-10-25 00:00:00,Lathe-02,Morning,OP-009,Titanium_6Al4V,5541,78.61,3.349,7.45,1581.6,95.9,21.9,105.3,1.913,7.6,79,0
2023-10-25 06:00:00,Press-02,Night,OP-002,Steel_A36,4985,77.36,2.915,5.48,1408.5,11.4,21.35,118.6,2.166,9.2,56,1
2023-10-25 12:00:00,Lathe-01,Morning,OP-005,Aluminum_6061,4937,79.77,2.202,6.22,1639.2,20.1,23.05,106.5,1.564,11.2,149,1
2023-10-25 18:00:00,CNC-02,Morning,OP-006,Steel_4140,923,66.02,1.57,7.86,1465.6,23.6,21.59,114.6,1.249,2.4,110,0
2023-10-26 00:00:00,Press-02,Night,OP-007,Aluminum_6061,4985,73.37,3.209,5.65,1560.7,13.3,21.16,113.0,1.673,6.8,143,1
2023-10-26 06:00:00,Asm-01,Morning,OP-001,Aluminum_6061,691,64.54,1.371,7.62,1406.8,69.5,18.48,120.3,1.119,1.6,75,0
2023-10-26 12:00:00,Press-01,Afternoon,OP-007,Aluminum_6061,2091,78.77,1.71,6.28,1345.1,,21.89,98.8,1.672,5.5,28,0
2023-10-26 18:00:00,Weld-02,Night,OP-020,Steel_A36,992,74.74,1.958,6.58,1265.5,10.0,19.69,105.6,1.408,2.1,129,0
2023-10-27 00:00:00,Lathe-01,Afternoon,OP-012,Steel_A36,4937,82.71,4.33,7.53,1552.1,17.3,,113.3,2.154,12.5,1,1
2023-10-27 06:00:00,CNC-02,Night,OP-016,Steel_4140,923,71.2,,6.11,1455.4,25.1,18.59,115.7,1.209,1.5,2,0
2023-10-27 12:00:00,CNC-01,Morning,OP-016,Cast_Iron,4424,89.13,3.695,7.0,1350.2,27.0,23.63,88.8,2.61,5.6,71,0
2023-10-27 18:00:00,Press-02,Night,OP-011,Cast_Iron,4985,83.43,3.528,7.21,1555.5,10.0,26.24,98.7,2.378,6.5,10,1
