Disease_Class,Geopolitical_Zone,Eco_Zone,Soil_Type,Rainfall_mm,Temperature_C,Relative_Humidity_Pct,Nitrogen_Level_ppm,Phosphorus_Level_ppm,Potassium_Level_ppm,Insect_Vector_Count,Leaf_Symptom_Severity
Fungal_Blight,South_South,Humid_Forest,Lateritic,1800.0,30.8,91.8,90.0,45.0,180.0,8,4
Healthy,North_West,Derived_Savanna,Alluvial,1571.0,32.0,65.4,93.6,38.0,115.8,0,1
Fungal_Blight,South_East,Humid_Forest,Clay_Loam,2422.7,34.2,82.2,90.0,45.0,180.0,4,5
Healthy,South_West,Derived_Savanna,Sandy_Loam,1110.5,24.1,51.2,62.0,40.2,163.8,1,1
Viral_Mosaic,South_West,Derived_Savanna,Clay_Loam,1165.9,30.1,59.3,100.0,55.0,220.0,25,3
Viral_Mosaic,South_West,Southern_Guinea_Savanna,Clay_Loam,818.6,32.1,60.7,100.0,55.0,220.0,20,3
Nutrient_Deficiency,North_East,Southern_Guinea_Savanna,Sandy_Loam,845.0,34.1,66.6,18.6,11.7,69.3,0,2
Healthy,North_West,Southern_Guinea_Savanna,Sandy_Loam,1268.1,28.2,54.6,76.8,39.2,156.8,2,1
Viral_Mosaic,North_Central,Derived_Savanna,Alluvial,1216.0,31.5,68.2,100.0,55.0,220.0,26,3
Bacterial_Wilt,North_East,Derived_Savanna,Clay_Loam,853.9,32.8,77.1,100.0,55.0,220.0,8,4
Healthy,North_East,Derived_Savanna,Alluvial,998.5,28.9,58.8,96.2,43.8,171.8,0,1
Bacterial_Wilt,North_Central,Sudan_Savanna,Clay_Loam,1412.4,37.0,76.6,100.0,55.0,220.0,5,4
Viral_Mosaic,North_Central,Humid_Forest,Alluvial,662.8,31.3,70.3,100.0,55.0,220.0,29,4
Nutrient_Deficiency,North_West,Southern_Guinea_Savanna,Lateritic,982.4,29.2,62.8,13.6,9.2,47.8,0,2
Bacterial_Wilt,North_East,Derived_Savanna,Clay_Loam,1473.8,32.3,58.4,100.0,55.0,220.0,9,4
Viral_Mosaic,North_Central,Southern_Guinea_Savanna,Alluvial,1690.7,25.7,67.9,100.0,55.0,220.0,25,2
Fungal_Blight,South_West,Humid_Forest,Clay_Loam,2402.4,29.4,86.8,90.0,45.0,180.0,7,3
Nutrient_Deficiency,South_East,Sudan_Savanna,Lateritic,838.5,32.6,48.1,13.7,10.3,45.7,2,4
Fungal_Blight,South_East,Derived_Savanna,Lateritic,2024.6,28.1,88.3,90.0,45.0,180.0,7,3
Viral_Mosaic,South_West,Derived_Savanna,Alluvial,720.7,30.7,64.7,100.0,55.0,220.0,36,3
Healthy,South_West,Derived_Savanna,Clay_Loam,1250.3,29.6,71.0,69.8,34.8,156.5,0,1
Fungal_Blight,South_East,Derived_Savanna,Alluvial,1800.0,28.0,86.4,90.0,45.0,180.0,9,4
Bacterial_Wilt,North_Central,Derived_Savanna,Clay_Loam,909.6,31.9,70.0,100.0,55.0,220.0,4,4
Bacterial_Wilt,South_South,Derived_Savanna,Alluvial,933.8,30.0,71.9,100.0,55.0,220.0,2,4
Nutrient_Deficiency,South_East,Southern_Guinea_Savanna,Lateritic,951.7,33.2,63.1,18.8,15.0,55.8,0,3
Nutrient_Deficiency,South_West,Sudan_Savanna,Lateritic,793.8,30.2,40.0,23.9,12.6,36.2,1,4
Fungal_Blight,South_West,Humid_Forest,Lateritic,2534.9,29.2,80.0,90.0,45.0,180.0,7,4
Healthy,South_South,Humid_Forest,Clay_Loam,1366.0,31.2,67.9,80.9,30.7,136.0,0,1
Nutrient_Deficiency,North_Central,Sudan_Savanna,Clay_Loam,823.7,31.1,40.0,23.8,13.7,43.1,0,4
Healthy,South_West,Humid_Forest,Sandy_Loam,1372.2,28.2,71.5,76.8,38.1,147.9,0,1
Bacterial_Wilt,South_West,Humid_Forest,Clay_Loam,1548.1,32.0,48.4,100.0,55.0,220.0,6,5
Fungal_Blight,South_South,Derived_Savanna,Alluvial,2147.7,29.4,88.5,90.0,45.0,180.0,10,5
Fungal_Blight,South_West,Derived_Savanna,Alluvial,1800.0,30.6,90.5,90.0,45.0,180.0,5,5
Fungal_Blight,South_West,Humid_Forest,Lateritic,1800.0,29.2,88.2,90.0,45.0,180.0,8,4
Bacterial_Wilt,South_South,Humid_Forest,Clay_Loam,1233.1,30.0,65.8,100.0,55.0,220.0,9,4
Fungal_Blight,South_South,Humid_Forest,Clay_Loam,1865.8,29.3,80.0,90.0,45.0,180.0,12,3
Nutrient_Deficiency,North_East,Sudan_Savanna,Lateritic,844.1,33.3,53.2,17.2,9.0,30.0,0,3
Viral_Mosaic,North_Central,Southern_Guinea_Savanna,Clay_Loam,1252.3,32.8,44.2,100.0,55.0,220.0,25,4
Fungal_Blight,South_East,Derived_Savanna,Lateritic,1866.4,29.2,92.6,90.0,45.0,180.0,14,4
Viral_Mosaic,South_West,Derived_Savanna,Clay_Loam,1017.2,25.3,56.1,100.0,55.0,220.0,23,3
Healthy,North_Central,Derived_Savanna,Clay_Loam,1379.2,31.8,55.1,67.4,42.5,171.4,1,1
Nutrient_Deficiency,North_Central,Sudan_Savanna,Clay_Loam,871.2,35.7,40.0,19.0,11.4,59.4,1,3
Fungal_Blight,South_West,Humid_Forest,Lateritic,2292.6,28.5,93.4,90.0,45.0,180.0,7,5
Healthy,South_South,Southern_Guinea_Savanna,Clay_Loam,1422.6,26.5,60.1,96.5,36.1,207.8,1,1
Nutrient_Deficiency,South_West,Southern_Guinea_Savanna,Sandy_Loam,698.4,34.0,53.4,10.9,9.3,55.5,1,2
Nutrient_Deficiency,North_Central,Derived_Savanna,Lateritic,815.8,32.7,69.4,18.9,8.9,37.0,1,3
Bacterial_Wilt,South_South,Sudan_Savanna,Alluvial,1205.4,30.1,77.6,100.0,55.0,220.0,6,4
Bacterial_Wilt,South_West,Sudan_Savanna,Clay_Loam,1306.4,31.6,84.7,100.0,55.0,220.0,3,4
Healthy,South_West,Southern_Guinea_Savanna,Sandy_Loam,1386.9,28.2,64.8,79.9,41.5,196.2,0,1
Viral_Mosaic,South_West,Southern_Guinea_Savanna,Sandy_Loam,750.2,27.9,61.4,100.0,55.0,220.0,17,3
Bacterial_Wilt,North_West,Derived_Savanna,Lateritic,1306.6,32.5,58.0,100.0,55.0,220.0,7,4
Healthy,North_West,Humid_Forest,Clay_Loam,1339.3,32.3,59.0,83.5,37.7,153.3,0,1
Nutrient_Deficiency,South_South,Southern_Guinea_Savanna,Alluvial,619.5,28.3,40.0,24.4,5.0,61.9,1,3
Nutrient_Deficiency,North_Central,Southern_Guinea_Savanna,Lateritic,1010.4,31.2,44.9,24.9,15.0,66.4,1,2
Nutrient_Deficiency,North_West,Southern_Guinea_Savanna,Clay_Loam,773.1,33.5,50.5,23.8,8.8,48.0,0,3
Viral_Mosaic,North_West,Southern_Guinea_Savanna,Alluvial,681.2,37.2,79.2,100.0,55.0,220.0,24,3
Nutrient_Deficiency,North_West,Derived_Savanna,Lateritic,893.0,31.3,58.5,20.7,13.1,43.3,1,3
Fungal_Blight,South_South,Humid_Forest,Clay_Loam,2527.3,29.8,81.5,90.0,45.0,180.0,10,3
Healthy,South_East,Southern_Guinea_Savanna,Alluvial,1582.7,29.9,63.1,73.9,42.5,131.8,0,1
Nutrient_Deficiency,North_West,Southern_Guinea_Savanna,Lateritic,922.1,30.8,67.6,10.5,7.8,47.0,1,3
Nutrient_Deficiency,North_East,Sudan_Savanna,Alluvial,720.3,32.3,52.8,17.1,14.3,68.2,0,3
Healthy,South_East,Derived_Savanna,Alluvial,1504.0,29.4,64.3,95.8,45.2,157.9,0,1
Viral_Mosaic,South_West,Derived_Savanna,Sandy_Loam,1032.9,24.8,76.8,100.0,55.0,220.0,27,3
Healthy,South_East,Humid_Forest,Sandy_Loam,1182.7,24.4,68.1,66.5,41.6,184.3,1,1
Nutrient_Deficiency,North_East,Southern_Guinea_Savanna,Alluvial,682.6,30.3,54.5,12.0,14.7,49.6,1,3
Viral_Mosaic,South_West,Derived_Savanna,Alluvial,1277.1,31.7,82.9,100.0,55.0,220.0,25,3
Viral_Mosaic,South_West,Derived_Savanna,Lateritic,1054.6,25.0,71.3,100.0,55.0,220.0,21,2
Fungal_Blight,South_South,Humid_Forest,Alluvial,2346.0,28.5,89.7,90.0,45.0,180.0,9,3
Fungal_Blight,South_South,Humid_Forest,Lateritic,2011.0,33.6,89.4,90.0,45.0,180.0,10,4
Healthy,South_South,Southern_Guinea_Savanna,Alluvial,1029.0,32.5,66.7,92.0,34.7,136.9,0,1
Bacterial_Wilt,South_East,Humid_Forest,Clay_Loam,1158.8,32.6,67.9,100.0,55.0,220.0,3,5
Viral_Mosaic,South_West,Southern_Guinea_Savanna,Sandy_Loam,1174.1,28.5,72.9,100.0,55.0,220.0,21,4
Viral_Mosaic,South_West,Southern_Guinea_Savanna,Alluvial,990.1,30.1,72.3,100.0,55.0,220.0,19,3
Healthy,South_East,Humid_Forest,Sandy_Loam,1027.0,28.3,70.0,84.5,30.0,211.1,0,1
Bacterial_Wilt,North_Central,Humid_Forest,Clay_Loam,1636.4,34.4,64.8,100.0,55.0,220.0,8,4
Fungal_Blight,South_South,Humid_Forest,Sandy_Loam,2510.7,26.8,92.9,90.0,45.0,180.0,3,4
Viral_Mosaic,South_West,Southern_Guinea_Savanna,Sandy_Loam,1979.1,35.5,65.5,100.0,55.0,220.0,29,3
Viral_Mosaic,South_West,Derived_Savanna,Alluvial,857.6,25.2,58.3,100.0,55.0,220.0,23,2
Healthy,South_West,Southern_Guinea_Savanna,Sandy_Loam,1436.6,28.0,58.5,76.9,38.6,150.7,0,1
Fungal_Blight,South_South,Humid_Forest,Alluvial,1948.5,28.2,80.8,90.0,45.0,180.0,9,5
Healthy,North_East,Southern_Guinea_Savanna,Alluvial,1198.9,28.7,72.9,78.3,39.1,178.4,1,1
Viral_Mosaic,South_West,Derived_Savanna,Sandy_Loam,1469.9,29.2,49.0,100.0,55.0,220.0,28,4
Viral_Mosaic,North_Central,Derived_Savanna,Lateritic,1298.3,38.0,69.0,100.0,55.0,220.0,23,4
Viral_Mosaic,North_West,Derived_Savanna,Alluvial,1235.0,27.5,75.2,100.0,55.0,220.0,32,3
Bacterial_Wilt,South_East,Humid_Forest,Sandy_Loam,1102.3,33.8,57.9,100.0,55.0,220.0,4,5
Viral_Mosaic,North_Central,Derived_Savanna,Lateritic,1224.9,36.6,62.0,100.0,55.0,220.0,19,3
Healthy,South_East,Southern_Guinea_Savanna,Sandy_Loam,1045.7,29.3,55.6,76.4,39.0,164.0,0,1
Viral_Mosaic,North_West,Southern_Guinea_Savanna,Lateritic,1718.1,28.7,85.0,100.0,55.0,220.0,30,3
Healthy,South_West,Southern_Guinea_Savanna,Sandy_Loam,1486.0,29.5,81.6,66.2,33.6,131.0,3,1
Fungal_Blight,South_East,Humid_Forest,Lateritic,2099.4,29.1,91.8,90.0,45.0,180.0,7,4
Nutrient_Deficiency,North_East,Sudan_Savanna,Lateritic,1043.9,30.3,44.2,18.1,11.9,49.4,1,3
Nutrient_Deficiency,North_East,Sudan_Savanna,Sandy_Loam,600.0,27.8,71.4,21.5,10.6,46.6,0,3
Bacterial_Wilt,North_Central,Derived_Savanna,Lateritic,1194.5,34.4,49.4,100.0,55.0,220.0,9,5
Viral_Mosaic,South_West,Derived_Savanna,Sandy_Loam,1382.5,31.6,74.0,100.0,55.0,220.0,24,3
Viral_Mosaic,South_West,Derived_Savanna,Clay_Loam,1456.8,25.8,88.6,100.0,55.0,220.0,22,2
Healthy,South_West,Derived_Savanna,Sandy_Loam,1284.2,24.2,63.5,95.1,33.4,157.3,0,1
Healthy,South_West,Southern_Guinea_Savanna,Alluvial,1053.4,31.5,68.7,90.1,39.9,135.2,0,1
Nutrient_Deficiency,North_Central,Sudan_Savanna,Alluvial,771.5,28.1,60.3,16.4,9.1,61.6,2,4
Healthy,South_East,Humid_Forest,Sandy_Loam,1151.1,31.4,44.9,100.0,44.3,165.6,1,1
Bacterial_Wilt,North_West,Derived_Savanna,Clay_Loam,1116.8,32.7,57.3,100.0,55.0,220.0,1,5
Nutrient_Deficiency,North_East,Southern_Guinea_Savanna,Lateritic,985.5,30.0,58.0,30.0,7.7,50.7,1,3
Healthy,South_East,Derived_Savanna,Sandy_Loam,1474.8,29.5,58.2,60.0,36.9,163.5,2,1
Bacterial_Wilt,South_South,Derived_Savanna,Clay_Loam,1185.5,32.0,71.0,100.0,55.0,220.0,4,5
Fungal_Blight,South_East,Humid_Forest,Alluvial,1991.8,33.4,86.0,90.0,45.0,180.0,17,4
Fungal_Blight,South_East,Humid_Forest,Clay_Loam,2109.7,30.6,95.0,90.0,45.0,180.0,10,4
Healthy,North_Central,Humid_Forest,Clay_Loam,1253.7,23.6,62.0,68.3,43.9,152.3,0,1
Fungal_Blight,South_East,Humid_Forest,Clay_Loam,2424.5,27.4,93.2,90.0,45.0,180.0,12,3
Healthy,North_East,Southern_Guinea_Savanna,Sandy_Loam,1218.6,29.9,63.0,60.0,43.7,150.3,0,1
Fungal_Blight,South_South,Derived_Savanna,Clay_Loam,2194.6,27.8,81.0,90.0,45.0,180.0,4,3
Bacterial_Wilt,North_East,Derived_Savanna,Alluvial,1278.6,33.1,61.9,100.0,55.0,220.0,12,4
Nutrient_Deficiency,North_West,Sudan_Savanna,Lateritic,915.8,33.0,59.8,10.0,9.5,57.6,0,3
Healthy,North_Central,Southern_Guinea_Savanna,Sandy_Loam,1462.6,31.9,59.6,99.6,31.2,186.4,0,1
Nutrient_Deficiency,North_West,Sudan_Savanna,Clay_Loam,1053.9,30.6,51.6,18.5,14.9,60.3,3,3
Bacterial_Wilt,North_Central,Derived_Savanna,Sandy_Loam,990.5,30.7,68.9,100.0,55.0,220.0,2,5
Nutrient_Deficiency,North_Central,Sudan_Savanna,Alluvial,739.6,32.3,60.5,23.5,5.2,49.9,0,3
Healthy,North_Central,Southern_Guinea_Savanna,Sandy_Loam,1148.2,22.0,70.6,76.6,30.0,213.4,0,1
Healthy,South_South,Humid_Forest,Sandy_Loam,1012.6,25.5,59.8,72.0,33.2,107.1,1,1
Fungal_Blight,South_West,Humid_Forest,Alluvial,1800.0,25.9,84.3,90.0,45.0,180.0,8,5
Nutrient_Deficiency,North_Central,Derived_Savanna,Alluvial,945.5,34.1,60.1,21.5,12.4,30.0,2,4
Nutrient_Deficiency,South_South,Derived_Savanna,Lateritic,1077.1,31.8,53.2,19.6,7.8,40.8,0,4
Nutrient_Deficiency,South_South,Southern_Guinea_Savanna,Sandy_Loam,898.9,36.6,58.0,26.0,5.2,70.0,2,3
Bacterial_Wilt,North_Central,Sudan_Savanna,Clay_Loam,1448.2,32.2,68.9,100.0,55.0,220.0,7,4
Bacterial_Wilt,North_West,Southern_Guinea_Savanna,Clay_Loam,1012.7,33.5,68.3,100.0,55.0,220.0,6,4
Nutrient_Deficiency,South_South,Derived_Savanna,Lateritic,1129.8,32.0,52.7,25.9,12.5,30.0,0,3
Fungal_Blight,South_East,Humid_Forest,Alluvial,1810.3,25.4,84.9,90.0,45.0,180.0,8,4
Viral_Mosaic,South_West,Derived_Savanna,Lateritic,600.0,29.9,54.1,100.0,55.0,220.0,28,4
Bacterial_Wilt,South_South,Southern_Guinea_Savanna,Clay_Loam,755.9,35.5,64.6,100.0,55.0,220.0,6,4
Bacterial_Wilt,South_South,Humid_Forest,Clay_Loam,756.2,31.6,68.7,100.0,55.0,220.0,8,5
Fungal_Blight,South_West,Humid_Forest,Alluvial,2056.4,27.9,90.2,90.0,45.0,180.0,17,3
Healthy,North_Central,Southern_Guinea_Savanna,Clay_Loam,1015.7,25.7,62.2,81.8,44.6,172.9,1,1
Healthy,North_Central,Derived_Savanna,Sandy_Loam,1780.5,26.4,71.1,66.5,37.2,172.6,1,1
Fungal_Blight,South_South,Humid_Forest,Sandy_Loam,1838.8,32.6,93.7,90.0,45.0,180.0,12,3
Fungal_Blight,South_South,Humid_Forest,Alluvial,2260.5,28.6,93.2,90.0,45.0,180.0,7,5
Nutrient_Deficiency,South_West,Southern_Guinea_Savanna,Lateritic,914.7,32.1,51.3,26.7,12.5,52.1,2,3
Bacterial_Wilt,South_East,Southern_Guinea_Savanna,Lateritic,1307.0,33.2,70.8,100.0,55.0,220.0,7,4
Healthy,North_East,Humid_Forest,Alluvial,1238.6,27.3,40.4,77.5,37.8,177.4,0,1
Viral_Mosaic,North_Central,Southern_Guinea_Savanna,Lateritic,938.3,30.5,64.1,100.0,55.0,220.0,27,2
Bacterial_Wilt,North_West,Southern_Guinea_Savanna,Lateritic,1530.9,33.9,61.1,100.0,55.0,220.0,7,4
Bacterial_Wilt,North_Central,Southern_Guinea_Savanna,Lateritic,1365.4,34.5,71.5,100.0,55.0,220.0,3,5
Fungal_Blight,South_East,Humid_Forest,Clay_Loam,2415.5,29.8,83.7,90.0,45.0,180.0,8,4
Nutrient_Deficiency,South_West,Derived_Savanna,Clay_Loam,829.2,28.4,48.4,22.7,12.8,46.1,2,2
Viral_Mosaic,North_West,Derived_Savanna,Alluvial,936.5,31.0,72.0,100.0,55.0,220.0,31,4
Viral_Mosaic,North_West,Southern_Guinea_Savanna,Clay_Loam,914.4,36.8,72.6,100.0,55.0,220.0,23,2
Healthy,North_East,Southern_Guinea_Savanna,Sandy_Loam,1254.2,29.6,64.5,81.1,46.2,125.3,0,1
Nutrient_Deficiency,North_West,Derived_Savanna,Lateritic,889.3,27.1,50.4,10.0,10.9,70.0,3,2
Viral_Mosaic,South_West,Derived_Savanna,Alluvial,1088.6,25.1,40.0,100.0,55.0,220.0,30,2
Fungal_Blight,South_South,Humid_Forest,Sandy_Loam,1889.8,30.7,94.7,90.0,45.0,180.0,11,5
Viral_Mosaic,South_West,Derived_Savanna,Clay_Loam,1270.7,25.8,82.8,100.0,55.0,220.0,26,3
Fungal_Blight,South_West,Derived_Savanna,Lateritic,2017.3,25.5,82.1,90.0,45.0,180.0,7,4
Nutrient_Deficiency,North_West,Derived_Savanna,Lateritic,600.0,26.9,74.6,26.7,15.0,45.6,2,3
Healthy,North_East,Southern_Guinea_Savanna,Sandy_Loam,1130.2,25.9,68.4,82.5,40.8,143.7,0,1
Healthy,South_West,Humid_Forest,Clay_Loam,948.1,26.1,53.1,95.5,43.7,191.8,0,1
Healthy,North_West,Southern_Guinea_Savanna,Clay_Loam,1325.4,27.3,63.7,86.8,46.4,198.1,0,1
Healthy,North_East,Humid_Forest,Alluvial,1161.5,31.3,45.4,68.5,41.2,103.9,1,1
Fungal_Blight,South_West,Humid_Forest,Clay_Loam,1950.8,25.7,86.6,90.0,45.0,180.0,5,4
Bacterial_Wilt,North_East,Southern_Guinea_Savanna,Clay_Loam,1018.3,34.1,63.1,100.0,55.0,220.0,7,4
Healthy,North_East,Humid_Forest,Alluvial,1348.3,26.4,68.1,71.8,30.0,163.2,1,1
Healthy,South_West,Southern_Guinea_Savanna,Alluvial,1269.3,27.8,53.2,82.9,42.7,152.7,0,1
Nutrient_Deficiency,South_South,Derived_Savanna,Sandy_Loam,600.0,33.0,66.3,11.1,9.5,37.2,0,4
Fungal_Blight,South_West,Humid_Forest,Sandy_Loam,1899.3,27.5,88.5,90.0,45.0,180.0,3,3
Healthy,North_West,Humid_Forest,Sandy_Loam,1105.1,27.3,62.8,62.7,31.9,175.0,0,1
Fungal_Blight,South_South,Derived_Savanna,Clay_Loam,2150.4,31.8,86.5,90.0,45.0,180.0,11,4
Healthy,North_West,Humid_Forest,Clay_Loam,1777.0,27.8,60.0,88.9,41.0,155.6,0,1
Bacterial_Wilt,South_West,Humid_Forest,Clay_Loam,1547.2,33.9,73.7,100.0,55.0,220.0,2,4
Nutrient_Deficiency,North_East,Southern_Guinea_Savanna,Clay_Loam,816.1,33.4,40.0,26.4,13.2,33.4,1,3
Healthy,North_West,Southern_Guinea_Savanna,Clay_Loam,1156.0,22.0,67.6,75.5,46.6,170.0,1,1
Healthy,North_East,Derived_Savanna,Sandy_Loam,1695.6,29.3,65.4,81.8,36.6,167.4,0,1
Fungal_Blight,South_West,Humid_Forest,Clay_Loam,2174.9,29.5,84.1,90.0,45.0,180.0,4,3
Healthy,North_West,Humid_Forest,Alluvial,1101.8,29.7,65.6,74.9,36.4,152.5,0,1
Nutrient_Deficiency,South_West,Southern_Guinea_Savanna,Lateritic,627.1,29.8,49.7,23.5,10.5,59.1,1,4
Nutrient_Deficiency,North_West,Sudan_Savanna,Lateritic,884.3,33.0,64.2,16.7,9.4,48.0,0,4
Viral_Mosaic,North_Central,Southern_Guinea_Savanna,Sandy_Loam,929.3,26.1,57.0,100.0,55.0,220.0,20,2
Bacterial_Wilt,North_East,Southern_Guinea_Savanna,Clay_Loam,650.5,31.2,66.6,100.0,55.0,220.0,1,4
Viral_Mosaic,South_West,Humid_Forest,Clay_Loam,843.2,30.3,66.7,100.0,55.0,220.0,25,3
Fungal_Blight,South_South,Derived_Savanna,Alluvial,1920.3,30.3,87.5,90.0,45.0,180.0,4,4
Healthy,South_West,Southern_Guinea_Savanna,Alluvial,1182.4,26.9,60.0,84.0,45.6,143.7,0,1
Healthy,North_Central,Derived_Savanna,Alluvial,1184.4,25.2,68.9,87.6,41.1,112.8,0,1
Healthy,South_East,Derived_Savanna,Alluvial,709.3,25.5,67.0,98.6,39.1,141.8,1,1
Bacterial_Wilt,North_Central,Derived_Savanna,Clay_Loam,1053.6,32.4,65.7,100.0,55.0,220.0,13,4
Nutrient_Deficiency,North_West,Derived_Savanna,Lateritic,971.4,32.6,61.8,25.4,9.3,54.0,0,3
Viral_Mosaic,South_West,Derived_Savanna,Clay_Loam,1394.6,32.9,90.0,100.0,55.0,220.0,26,4
Bacterial_Wilt,South_West,Southern_Guinea_Savanna,Lateritic,1122.3,30.0,63.3,100.0,55.0,220.0,10,5
Healthy,North_West,Derived_Savanna,Sandy_Loam,1346.0,28.3,61.3,85.8,50.0,173.1,0,1
Healthy,North_East,Southern_Guinea_Savanna,Sandy_Loam,1108.7,28.0,42.5,62.9,38.4,163.0,0,1
Bacterial_Wilt,South_West,Sudan_Savanna,Alluvial,1409.0,32.3,78.3,100.0,55.0,220.0,2,5
Bacterial_Wilt,South_South,Humid_Forest,Lateritic,914.1,32.3,89.7,100.0,55.0,220.0,0,4
Bacterial_Wilt,South_South,Sudan_Savanna,Lateritic,1237.8,34.0,64.0,100.0,55.0,220.0,3,4
Nutrient_Deficiency,North_East,Sudan_Savanna,Lateritic,739.1,30.3,50.7,20.3,9.8,52.8,2,3
Nutrient_Deficiency,North_East,Southern_Guinea_Savanna,Alluvial,741.1,35.8,46.8,29.0,10.3,60.3,0,2
Healthy,South_South,Humid_Forest,Alluvial,1579.0,26.4,69.6,84.8,30.0,180.0,0,1
Bacterial_Wilt,North_Central,Southern_Guinea_Savanna,Clay_Loam,1070.3,33.1,76.6,100.0,55.0,220.0,1,5
Fungal_Blight,South_East,Derived_Savanna,Clay_Loam,2250.2,28.6,90.4,90.0,45.0,180.0,6,3
Fungal_Blight,South_West,Derived_Savanna,Lateritic,1967.5,29.2,83.4,90.0,45.0,180.0,16,4
Viral_Mosaic,South_West,Derived_Savanna,Clay_Loam,718.5,32.9,67.1,100.0,55.0,220.0,21,3
Nutrient_Deficiency,North_West,Sudan_Savanna,Lateritic,659.2,26.1,52.1,27.3,12.0,63.5,1,3
Viral_Mosaic,South_West,Derived_Savanna,Clay_Loam,1548.8,29.1,54.4,100.0,55.0,220.0,24,3
Healthy,North_West,Southern_Guinea_Savanna,Sandy_Loam,1270.9,32.2,54.9,60.0,39.3,183.7,1,1
Bacterial_Wilt,North_Central,Southern_Guinea_Savanna,Alluvial,1075.1,32.7,64.8,100.0,55.0,220.0,5,4
Bacterial_Wilt,South_West,Southern_Guinea_Savanna,Sandy_Loam,600.0,33.0,49.7,100.0,55.0,220.0,5,5
Bacterial_Wilt,North_East,Derived_Savanna,Clay_Loam,895.9,30.8,68.3,100.0,55.0,220.0,5,5
Fungal_Blight,South_West,Humid_Forest,Sandy_Loam,1905.3,28.2,91.2,90.0,45.0,180.0,4,4
Fungal_Blight,South_West,Humid_Forest,Lateritic,1941.5,30.1,90.4,90.0,45.0,180.0,14,4
Fungal_Blight,South_West,Humid_Forest,Sandy_Loam,1800.0,30.2,94.2,90.0,45.0,180.0,9,5
Bacterial_Wilt,South_South,Southern_Guinea_Savanna,Clay_Loam,1055.2,33.2,71.3,100.0,55.0,220.0,2,5
Bacterial_Wilt,North_Central,Humid_Forest,Clay_Loam,1477.2,36.0,55.2,100.0,55.0,220.0,3,5
Bacterial_Wilt,North_Central,Derived_Savanna,Clay_Loam,1127.4,30.0,66.0,100.0,55.0,220.0,1,5
Viral_Mosaic,North_West,Derived_Savanna,Clay_Loam,1044.3,33.3,65.0,100.0,55.0,220.0,30,3
Fungal_Blight,South_West,Humid_Forest,Sandy_Loam,1848.0,24.9,82.0,90.0,45.0,180.0,8,4
Fungal_Blight,South_South,Derived_Savanna,Sandy_Loam,1879.0,27.1,89.1,90.0,45.0,180.0,10,4
Bacterial_Wilt,South_South,Derived_Savanna,Sandy_Loam,1955.9,33.3,62.1,100.0,55.0,220.0,7,5
Viral_Mosaic,North_Central,Derived_Savanna,Sandy_Loam,1622.5,32.4,75.8,100.0,55.0,220.0,28,3
Viral_Mosaic,South_West,Humid_Forest,Clay_Loam,1551.9,32.5,63.1,100.0,55.0,220.0,25,3
Bacterial_Wilt,South_East,Sudan_Savanna,Alluvial,1380.4,36.7,65.9,100.0,55.0,220.0,6,4
Healthy,North_East,Southern_Guinea_Savanna,Alluvial,1003.1,28.8,67.1,82.1,38.1,156.8,0,1
Healthy,North_West,Southern_Guinea_Savanna,Sandy_Loam,1076.7,27.2,74.5,79.3,41.7,128.2,0,1
Healthy,South_South,Humid_Forest,Sandy_Loam,1456.3,28.9,57.6,73.5,34.7,119.0,0,1
Nutrient_Deficiency,South_South,Southern_Guinea_Savanna,Lateritic,725.1,29.8,40.0,13.6,13.7,42.7,2,3
Fungal_Blight,South_South,Humid_Forest,Clay_Loam,1999.2,29.2,90.6,90.0,45.0,180.0,10,4
Nutrient_Deficiency,South_West,Southern_Guinea_Savanna,Lateritic,926.3,36.1,40.4,27.2,14.9,30.0,2,2
Healthy,North_Central,Humid_Forest,Alluvial,1369.2,31.0,57.2,99.0,36.4,160.8,1,1
Healthy,North_East,Humid_Forest,Sandy_Loam,954.7,31.5,67.4,74.3,34.5,157.8,1,1
Viral_Mosaic,North_Central,Derived_Savanna,Alluvial,849.1,32.5,70.2,100.0,55.0,220.0,27,3
Healthy,South_East,Humid_Forest,Alluvial,1267.6,24.5,43.6,72.8,30.0,172.8,0,1
Viral_Mosaic,North_West,Derived_Savanna,Alluvial,1501.5,29.2,70.6,100.0,55.0,220.0,24,2
Healthy,South_East,Humid_Forest,Sandy_Loam,1166.2,27.8,64.7,79.9,42.5,149.1,0,1
Viral_Mosaic,North_Central,Derived_Savanna,Lateritic,1366.7,32.7,74.5,100.0,55.0,220.0,26,4
Bacterial_Wilt,North_West,Southern_Guinea_Savanna,Alluvial,958.8,32.4,62.4,100.0,55.0,220.0,5,5
Healthy,North_East,Humid_Forest,Clay_Loam,1749.1,30.0,67.1,61.8,39.6,158.3,0,1
Bacterial_Wilt,South_South,Derived_Savanna,Clay_Loam,829.9,35.0,86.6,100.0,55.0,220.0,3,4
Fungal_Blight,South_East,Humid_Forest,Alluvial,1800.0,29.9,86.0,90.0,45.0,180.0,6,5
Bacterial_Wilt,South_East,Derived_Savanna,Sandy_Loam,897.6,35.0,77.1,100.0,55.0,220.0,2,5
Nutrient_Deficiency,North_East,Southern_Guinea_Savanna,Clay_Loam,663.9,30.8,65.6,21.8,7.8,66.9,3,4
Bacterial_Wilt,South_South,Derived_Savanna,Clay_Loam,680.6,32.0,70.9,100.0,55.0,220.0,3,5
Healthy,South_East,Derived_Savanna,Sandy_Loam,1314.8,30.8,58.4,77.8,33.2,121.7,0,1
Fungal_Blight,South_East,Humid_Forest,Sandy_Loam,2113.0,29.3,89.2,90.0,45.0,180.0,8,3
Bacterial_Wilt,South_South,Humid_Forest,Clay_Loam,1171.1,34.3,74.1,100.0,55.0,220.0,9,5
Bacterial_Wilt,North_West,Southern_Guinea_Savanna,Clay_Loam,1280.6,30.6,50.1,100.0,55.0,220.0,5,4
Nutrient_Deficiency,North_East,Derived_Savanna,Alluvial,724.2,33.1,40.0,25.4,13.9,47.2,0,2
Healthy,South_South,Derived_Savanna,Alluvial,1275.4,26.9,63.1,74.6,50.0,135.2,0,1
Healthy,North_Central,Humid_Forest,Alluvial,691.2,28.4,58.8,81.0,41.4,191.2,1,1
Viral_Mosaic,North_Central,Humid_Forest,Clay_Loam,1111.3,27.9,60.2,100.0,55.0,220.0,27,2
Healthy,North_East,Humid_Forest,Sandy_Loam,1345.4,26.1,62.2,81.2,38.8,161.4,1,1
Healthy,South_East,Derived_Savanna,Sandy_Loam,1330.1,29.3,67.7,66.8,31.3,191.9,0,1
Fungal_Blight,South_South,Humid_Forest,Sandy_Loam,2059.9,30.1,87.2,90.0,45.0,180.0,12,4
Fungal_Blight,South_West,Humid_Forest,Alluvial,2388.1,30.0,84.7,90.0,45.0,180.0,5,4
Nutrient_Deficiency,South_West,Derived_Savanna,Lateritic,780.0,35.9,60.6,22.1,9.7,61.7,1,2
Nutrient_Deficiency,South_South,Sudan_Savanna,Sandy_Loam,670.2,36.2,53.0,25.3,11.5,53.2,2,3
Viral_Mosaic,South_West,Derived_Savanna,Clay_Loam,1376.2,31.5,53.5,100.0,55.0,220.0,30,3
Bacterial_Wilt,North_East,Southern_Guinea_Savanna,Alluvial,1120.6,33.6,85.4,100.0,55.0,220.0,4,5
Bacterial_Wilt,North_East,Southern_Guinea_Savanna,Sandy_Loam,1388.8,30.0,81.8,100.0,55.0,220.0,5,5
Fungal_Blight,South_South,Humid_Forest,Clay_Loam,2034.7,29.7,83.4,90.0,45.0,180.0,8,4
Healthy,South_West,Humid_Forest,Sandy_Loam,1112.3,27.8,67.6,92.9,34.6,196.4,0,1
Nutrient_Deficiency,North_East,Derived_Savanna,Clay_Loam,633.3,27.6,40.0,11.7,9.5,41.3,1,3
Bacterial_Wilt,South_South,Southern_Guinea_Savanna,Clay_Loam,1046.4,36.1,82.1,100.0,55.0,220.0,8,5
Healthy,South_East,Humid_Forest,Clay_Loam,781.1,27.8,60.8,74.7,33.8,130.7,0,1
Nutrient_Deficiency,North_West,Derived_Savanna,Lateritic,767.3,33.2,42.3,10.0,14.5,36.5,0,2
Healthy,South_East,Derived_Savanna,Alluvial,1276.5,27.2,68.3,83.7,44.0,144.3,2,1
Healthy,South_East,Humid_Forest,Sandy_Loam,1056.5,29.8,51.5,62.0,35.8,178.3,0,1
Bacterial_Wilt,South_South,Sudan_Savanna,Clay_Loam,1062.2,30.0,81.2,100.0,55.0,220.0,10,5
Fungal_Blight,South_South,Humid_Forest,Alluvial,2075.8,32.2,84.2,90.0,45.0,180.0,8,5
Fungal_Blight,South_West,Humid_Forest,Clay_Loam,2271.8,26.8,86.4,90.0,45.0,180.0,5,3
Fungal_Blight,South_South,Humid_Forest,Clay_Loam,2302.4,29.4,85.2,90.0,45.0,180.0,6,4
Nutrient_Deficiency,North_West,Sudan_Savanna,Lateritic,685.9,28.9,62.6,17.5,12.2,63.1,1,2
Nutrient_Deficiency,South_South,Derived_Savanna,Lateritic,809.5,27.3,50.2,10.0,10.0,33.0,0,3
Healthy,North_East,Humid_Forest,Clay_Loam,1056.8,33.0,50.7,79.2,43.2,181.2,0,1
Healthy,North_West,Derived_Savanna,Alluvial,1344.3,22.8,57.2,89.0,34.5,174.8,1,1
Bacterial_Wilt,South_South,Derived_Savanna,Alluvial,600.0,35.2,69.5,100.0,55.0,220.0,4,5
Healthy,North_East,Humid_Forest,Clay_Loam,1654.6,22.0,72.2,81.4,33.0,133.1,0,1
Bacterial_Wilt,North_Central,Southern_Guinea_Savanna,Clay_Loam,1108.2,30.0,90.0,100.0,55.0,220.0,8,4
Nutrient_Deficiency,North_East,Sudan_Savanna,Clay_Loam,809.7,29.6,44.5,21.7,11.6,51.5,3,2
Fungal_Blight,South_East,Humid_Forest,Alluvial,2372.3,26.1,87.5,90.0,45.0,180.0,12,3
Healthy,North_Central,Derived_Savanna,Alluvial,1735.6,33.1,48.1,80.2,39.4,149.4,0,1
Healthy,South_East,Derived_Savanna,Alluvial,1329.6,26.3,71.4,75.9,36.4,120.5,0,1
Healthy,North_East,Humid_Forest,Alluvial,1418.4,27.3,68.8,60.0,38.5,144.9,2,1
Nutrient_Deficiency,South_South,Southern_Guinea_Savanna,Sandy_Loam,686.6,34.2,55.4,28.4,14.2,34.6,2,2
Healthy,North_East,Humid_Forest,Sandy_Loam,1557.4,30.2,52.9,86.2,38.7,161.8,0,1
Bacterial_Wilt,South_East,Southern_Guinea_Savanna,Clay_Loam,1329.9,33.6,68.7,100.0,55.0,220.0,4,5
Bacterial_Wilt,South_South,Southern_Guinea_Savanna,Lateritic,936.4,34.3,74.7,100.0,55.0,220.0,3,4
Fungal_Blight,South_South,Derived_Savanna,Lateritic,1992.0,33.9,83.6,90.0,45.0,180.0,9,5
Fungal_Blight,South_South,Derived_Savanna,Sandy_Loam,2092.9,28.2,90.1,90.0,45.0,180.0,6,3
Nutrient_Deficiency,South_East,Sudan_Savanna,Lateritic,845.7,28.7,54.8,17.0,9.4,30.0,0,2
Fungal_Blight,South_West,Humid_Forest,Sandy_Loam,2592.1,31.5,95.0,90.0,45.0,180.0,1,5
Nutrient_Deficiency,North_East,Sudan_Savanna,Lateritic,874.2,26.8,68.0,18.9,12.3,61.5,1,3
Healthy,South_South,Southern_Guinea_Savanna,Sandy_Loam,1528.4,26.0,73.9,75.3,38.9,141.3,0,1
Nutrient_Deficiency,North_East,Sudan_Savanna,Lateritic,763.7,28.5,47.2,18.1,10.8,60.9,1,3
Healthy,South_South,Humid_Forest,Clay_Loam,1235.2,27.5,61.4,77.6,42.6,161.3,0,1
Nutrient_Deficiency,South_South,Southern_Guinea_Savanna,Alluvial,654.9,28.7,63.6,17.8,5.1,50.4,1,4
Healthy,South_South,Southern_Guinea_Savanna,Alluvial,1415.1,33.6,75.9,85.8,43.1,183.1,1,1
Bacterial_Wilt,North_West,Humid_Forest,Clay_Loam,1229.4,34.5,77.4,100.0,55.0,220.0,4,5
Fungal_Blight,South_South,Humid_Forest,Alluvial,2178.1,27.7,84.5,90.0,45.0,180.0,9,4
Bacterial_Wilt,North_Central,Southern_Guinea_Savanna,Clay_Loam,1404.8,31.4,74.3,100.0,55.0,220.0,4,5
Healthy,South_West,Southern_Guinea_Savanna,Alluvial,1507.7,25.5,49.1,60.0,41.7,164.6,0,1
Fungal_Blight,South_West,Humid_Forest,Clay_Loam,2108.6,30.3,82.6,90.0,45.0,180.0,8,4
Healthy,South_West,Southern_Guinea_Savanna,Alluvial,1482.7,26.4,45.3,76.3,37.7,150.0,1,1
Bacterial_Wilt,North_Central,Southern_Guinea_Savanna,Clay_Loam,1290.1,32.9,69.4,100.0,55.0,220.0,4,4
Bacterial_Wilt,South_West,Derived_Savanna,Clay_Loam,600.0,33.4,79.7,100.0,55.0,220.0,3,5
Healthy,South_West,Humid_Forest,Sandy_Loam,1262.3,28.8,75.0,76.5,43.0,170.3,1,1
Viral_Mosaic,North_Central,Derived_Savanna,Sandy_Loam,1441.0,34.0,69.7,100.0,55.0,220.0,30,3
Bacterial_Wilt,South_South,Derived_Savanna,Sandy_Loam,1273.4,34.7,68.3,100.0,55.0,220.0,6,5
Nutrient_Deficiency,South_East,Sudan_Savanna,Lateritic,1007.1,33.9,64.0,19.6,11.2,30.0,1,2
Bacterial_Wilt,South_East,Sudan_Savanna,Lateritic,1362.9,32.9,64.6,100.0,55.0,220.0,3,5
Nutrient_Deficiency,South_West,Derived_Savanna,Lateritic,775.3,31.3,69.9,21.1,11.8,60.4,2,4
Nutrient_Deficiency,North_Central,Southern_Guinea_Savanna,Lateritic,884.7,36.7,55.1,23.8,5.2,46.2,0,3
Healthy,South_West,Southern_Guinea_Savanna,Clay_Loam,1622.4,29.7,60.9,65.8,38.0,138.7,1,1
Fungal_Blight,South_East,Humid_Forest,Clay_Loam,2280.8,28.7,88.0,90.0,45.0,180.0,10,4
Nutrient_Deficiency,South_East,Sudan_Savanna,Lateritic,807.0,33.2,53.8,14.5,6.4,38.6,1,3
Healthy,North_Central,Humid_Forest,Sandy_Loam,1576.9,26.1,58.2,90.3,36.3,157.5,0,1
Viral_Mosaic,North_Central,Derived_Savanna,Lateritic,1025.6,30.5,72.5,100.0,55.0,220.0,29,3
Nutrient_Deficiency,South_West,Derived_Savanna,Lateritic,1029.4,32.4,40.0,20.7,10.9,63.0,2,3
Nutrient_Deficiency,South_South,Sudan_Savanna,Clay_Loam,892.3,31.1,53.9,10.0,12.6,47.4,0,3
Healthy,North_East,Derived_Savanna,Clay_Loam,1875.9,24.3,72.1,89.5,34.1,185.2,1,1
Bacterial_Wilt,North_Central,Sudan_Savanna,Alluvial,1277.7,34.9,53.0,100.0,55.0,220.0,6,5
Healthy,North_East,Humid_Forest,Sandy_Loam,1609.4,31.4,59.9,82.6,37.2,220.0,0,1
Healthy,South_South,Humid_Forest,Sandy_Loam,1283.6,33.0,74.6,64.7,41.6,139.6,2,1
Viral_Mosaic,South_West,Southern_Guinea_Savanna,Lateritic,1614.8,30.3,56.2,100.0,55.0,220.0,28,3
Healthy,North_East,Derived_Savanna,Alluvial,1212.3,30.6,64.7,74.7,32.3,165.3,1,1
Fungal_Blight,South_West,Humid_Forest,Lateritic,1800.0,31.0,83.8,90.0,45.0,180.0,13,4
Healthy,North_West,Derived_Savanna,Clay_Loam,1556.1,27.3,64.0,60.8,36.9,181.4,1,1
Healthy,South_South,Southern_Guinea_Savanna,Sandy_Loam,1202.5,28.4,61.2,73.8,34.3,175.2,1,1
Healthy,North_Central,Derived_Savanna,Sandy_Loam,1211.2,29.0,59.3,86.7,34.3,188.9,1,1
Healthy,South_West,Southern_Guinea_Savanna,Clay_Loam,1058.6,27.3,54.1,78.6,30.1,168.5,2,1
Healthy,South_East,Southern_Guinea_Savanna,Sandy_Loam,1545.0,28.9,59.2,92.2,39.3,124.2,1,1
Nutrient_Deficiency,South_East,Southern_Guinea_Savanna,Lateritic,886.1,24.3,45.4,23.1,10.9,45.5,2,2
Healthy,South_South,Southern_Guinea_Savanna,Alluvial,1831.6,29.1,68.7,97.8,35.6,175.7,1,1
Healthy,South_South,Derived_Savanna,Alluvial,1366.6,27.0,66.3,78.5,45.0,124.0,1,1
Bacterial_Wilt,South_South,Humid_Forest,Clay_Loam,775.4,33.6,88.9,100.0,55.0,220.0,2,4
Healthy,South_West,Derived_Savanna,Alluvial,1324.6,30.8,56.6,87.6,30.0,173.8,0,1
Viral_Mosaic,South_West,Derived_Savanna,Clay_Loam,643.3,27.9,89.1,100.0,55.0,220.0,41,4
Bacterial_Wilt,North_East,Southern_Guinea_Savanna,Clay_Loam,862.9,32.4,49.0,100.0,55.0,220.0,5,5
Fungal_Blight,South_South,Humid_Forest,Clay_Loam,2107.1,29.0,80.0,90.0,45.0,180.0,7,4
Fungal_Blight,South_South,Humid_Forest,Alluvial,1971.6,27.5,84.6,90.0,45.0,180.0,9,4
Viral_Mosaic,North_Central,Southern_Guinea_Savanna,Clay_Loam,1014.3,26.7,67.7,100.0,55.0,220.0,21,2
Healthy,North_East,Derived_Savanna,Alluvial,1633.0,28.6,74.5,67.1,36.8,100.0,0,1
Bacterial_Wilt,North_East,Derived_Savanna,Alluvial,1306.3,32.4,77.0,100.0,55.0,220.0,4,4
Healthy,North_Central,Southern_Guinea_Savanna,Clay_Loam,1454.5,28.4,66.0,87.9,30.0,183.6,0,1
Nutrient_Deficiency,North_West,Derived_Savanna,Sandy_Loam,956.3,36.0,68.5,26.4,7.7,57.9,1,4
Healthy,North_East,Southern_Guinea_Savanna,Sandy_Loam,1297.7,28.8,64.9,71.8,40.9,140.7,0,1
Bacterial_Wilt,South_West,Southern_Guinea_Savanna,Clay_Loam,728.0,33.3,63.5,100.0,55.0,220.0,3,5
Viral_Mosaic,North_Central,Southern_Guinea_Savanna,Lateritic,940.4,29.2,78.8,100.0,55.0,220.0,23,4
Nutrient_Deficiency,North_East,Southern_Guinea_Savanna,Lateritic,809.1,27.0,51.4,16.3,8.4,52.7,3,3
Viral_Mosaic,South_West,Southern_Guinea_Savanna,Clay_Loam,1817.2,37.8,78.6,100.0,55.0,220.0,29,3
Healthy,North_East,Humid_Forest,Alluvial,1479.5,31.9,52.6,71.2,30.6,144.9,1,1
Healthy,North_Central,Derived_Savanna,Sandy_Loam,1513.1,24.9,73.6,78.1,36.0,152.5,0,1
Viral_Mosaic,South_West,Derived_Savanna,Sandy_Loam,678.3,29.9,79.4,100.0,55.0,220.0,19,2
Fungal_Blight,South_South,Derived_Savanna,Alluvial,2324.4,29.3,88.3,90.0,45.0,180.0,10,3
Bacterial_Wilt,South_West,Derived_Savanna,Alluvial,1336.9,34.1,61.3,100.0,55.0,220.0,7,4
Nutrient_Deficiency,North_West,Derived_Savanna,Clay_Loam,877.9,30.7,65.9,11.8,7.9,46.0,2,3
Fungal_Blight,South_West,Humid_Forest,Alluvial,2226.0,30.5,88.0,90.0,45.0,180.0,11,4
Healthy,South_West,Southern_Guinea_Savanna,Alluvial,1454.0,26.7,51.8,65.0,39.3,147.8,0,1
Fungal_Blight,South_South,Derived_Savanna,Clay_Loam,2075.0,29.1,93.5,90.0,45.0,180.0,9,4
Bacterial_Wilt,South_South,Southern_Guinea_Savanna,Clay_Loam,1353.5,35.4,63.1,100.0,55.0,220.0,4,5
Healthy,North_East,Humid_Forest,Alluvial,1438.9,28.2,60.4,76.5,38.0,188.3,2,1
Fungal_Blight,South_South,Humid_Forest,Sandy_Loam,1834.2,30.4,90.1,90.0,45.0,180.0,7,3
Fungal_Blight,South_South,Derived_Savanna,Alluvial,2313.3,28.4,80.0,90.0,45.0,180.0,8,5
Healthy,South_West,Southern_Guinea_Savanna,Clay_Loam,1376.1,28.6,62.2,86.7,46.2,160.2,1,1
Fungal_Blight,South_West,Derived_Savanna,Sandy_Loam,1916.7,29.0,89.3,90.0,45.0,180.0,2,4
Healthy,North_West,Southern_Guinea_Savanna,Alluvial,849.1,27.1,61.3,80.3,40.2,182.6,2,1
Bacterial_Wilt,South_South,Derived_Savanna,Clay_Loam,778.3,34.7,75.4,100.0,55.0,220.0,5,5
Nutrient_Deficiency,North_Central,Derived_Savanna,Lateritic,867.2,38.0,53.9,19.4,8.2,51.0,3,2
Bacterial_Wilt,South_South,Derived_Savanna,Alluvial,718.8,33.0,59.3,100.0,55.0,220.0,3,4
Fungal_Blight,South_West,Humid_Forest,Alluvial,2343.3,30.2,80.4,90.0,45.0,180.0,6,4
Nutrient_Deficiency,South_East,Derived_Savanna,Sandy_Loam,664.0,31.0,56.9,19.1,9.9,37.4,2,2
Nutrient_Deficiency,North_West,Sudan_Savanna,Lateritic,600.0,38.0,41.4,29.9,9.5,43.7,2,2
Viral_Mosaic,South_West,Southern_Guinea_Savanna,Alluvial,1247.1,31.8,59.1,100.0,55.0,220.0,27,3
Viral_Mosaic,South_West,Humid_Forest,Sandy_Loam,1481.2,29.9,64.8,100.0,55.0,220.0,19,3
Healthy,South_South,Southern_Guinea_Savanna,Clay_Loam,1514.9,28.2,71.1,74.1,33.5,195.5,1,1
Viral_Mosaic,South_West,Southern_Guinea_Savanna,Sandy_Loam,1570.6,28.7,52.6,100.0,55.0,220.0,26,2
Nutrient_Deficiency,North_East,Southern_Guinea_Savanna,Clay_Loam,736.3,36.7,52.6,30.0,8.6,70.0,3,4
Healthy,South_East,Derived_Savanna,Alluvial,1088.3,31.1,68.2,77.6,36.9,109.4,0,1
Fungal_Blight,South_South,Humid_Forest,Alluvial,2761.7,28.2,91.3,90.0,45.0,180.0,11,3
Healthy,South_South,Derived_Savanna,Sandy_Loam,1335.4,26.7,53.9,68.3,45.1,128.7,2,1
Fungal_Blight,South_South,Humid_Forest,Alluvial,2274.7,32.2,88.7,90.0,45.0,180.0,11,3
Nutrient_Deficiency,North_East,Derived_Savanna,Clay_Loam,600.0,34.1,62.5,30.0,12.1,41.2,1,3
Healthy,South_East,Humid_Forest,Sandy_Loam,1541.2,32.0,52.1,72.1,38.9,167.0,1,1
Fungal_Blight,South_East,Derived_Savanna,Alluvial,1869.0,28.5,87.7,90.0,45.0,180.0,9,4
Healthy,South_East,Humid_Forest,Sandy_Loam,1042.1,30.8,62.3,66.9,30.2,121.8,0,1
Healthy,South_West,Southern_Guinea_Savanna,Sandy_Loam,1532.9,28.7,64.7,86.0,41.1,151.5,1,1
Nutrient_Deficiency,North_Central,Southern_Guinea_Savanna,Lateritic,836.8,27.5,58.0,22.0,12.0,46.1,2,3
Bacterial_Wilt,North_East,Derived_Savanna,Alluvial,1682.2,35.0,69.2,100.0,55.0,220.0,1,4
Fungal_Blight,South_West,Humid_Forest,Alluvial,2043.0,29.2,83.2,90.0,45.0,180.0,6,5
Fungal_Blight,South_West,Humid_Forest,Clay_Loam,2164.9,26.5,88.7,90.0,45.0,180.0,7,3
Healthy,South_East,Humid_Forest,Sandy_Loam,1883.3,28.5,77.7,75.6,43.8,187.5,0,1
Viral_Mosaic,South_West,Derived_Savanna,Sandy_Loam,1271.6,30.4,59.2,100.0,55.0,220.0,36,2
Nutrient_Deficiency,North_East,Sudan_Savanna,Sandy_Loam,600.0,30.6,40.0,17.8,15.0,58.0,1,2
Healthy,South_East,Derived_Savanna,Sandy_Loam,1545.2,26.1,44.7,80.6,43.9,126.2,2,1
Fungal_Blight,South_East,Humid_Forest,Alluvial,1953.4,30.1,94.9,90.0,45.0,180.0,5,5
Bacterial_Wilt,North_Central,Southern_Guinea_Savanna,Clay_Loam,1579.3,31.5,46.8,100.0,55.0,220.0,3,4
Fungal_Blight,South_South,Humid_Forest,Clay_Loam,1800.0,28.5,87.5,90.0,45.0,180.0,7,4
Viral_Mosaic,South_West,Southern_Guinea_Savanna,Lateritic,1590.3,29.1,61.4,100.0,55.0,220.0,23,3
Healthy,South_East,Humid_Forest,Sandy_Loam,1683.2,28.1,62.8,79.1,46.0,133.9,0,1
Fungal_Blight,South_East,Humid_Forest,Alluvial,2145.5,30.8,82.1,90.0,45.0,180.0,7,3
Fungal_Blight,South_South,Humid_Forest,Clay_Loam,2341.6,27.6,80.0,90.0,45.0,180.0,8,3
Viral_Mosaic,North_Central,Derived_Savanna,Lateritic,1336.7,33.3,77.4,100.0,55.0,220.0,32,4
Viral_Mosaic,North_West,Derived_Savanna,Alluvial,739.9,30.4,54.5,100.0,55.0,220.0,22,2
Healthy,North_Central,Humid_Forest,Alluvial,675.3,31.7,79.3,90.3,37.9,142.8,0,1
Healthy,North_Central,Southern_Guinea_Savanna,Clay_Loam,1682.3,27.8,71.6,87.2,50.0,156.8,1,1
Fungal_Blight,South_West,Humid_Forest,Clay_Loam,2184.4,30.4,80.5,90.0,45.0,180.0,9,3
Healthy,North_West,Humid_Forest,Alluvial,1260.9,31.3,67.9,86.2,36.9,147.3,0,1
Bacterial_Wilt,North_Central,Derived_Savanna,Clay_Loam,1336.9,37.9,63.3,100.0,55.0,220.0,5,5
Bacterial_Wilt,North_Central,Sudan_Savanna,Sandy_Loam,1573.4,33.4,58.6,100.0,55.0,220.0,3,4
Healthy,North_East,Southern_Guinea_Savanna,Sandy_Loam,1393.3,28.8,71.5,65.4,42.7,174.8,1,1
Healthy,South_South,Derived_Savanna,Clay_Loam,1313.4,30.4,68.9,70.3,38.8,179.9,0,1
Nutrient_Deficiency,South_East,Derived_Savanna,Lateritic,691.6,32.3,59.9,24.0,12.6,33.7,0,3
Healthy,South_West,Derived_Savanna,Sandy_Loam,1034.7,27.9,65.8,75.9,42.3,139.8,0,1
Healthy,South_East,Derived_Savanna,Sandy_Loam,1277.2,27.8,62.4,67.4,35.4,127.9,3,1
Viral_Mosaic,North_Central,Derived_Savanna,Alluvial,985.4,24.8,59.3,100.0,55.0,220.0,28,3
Viral_Mosaic,South_West,Humid_Forest,Alluvial,1193.4,33.4,57.5,100.0,55.0,220.0,21,4
Nutrient_Deficiency,North_Central,Sudan_Savanna,Lateritic,655.7,28.9,50.0,23.3,10.7,56.8,2,3
Healthy,South_South,Southern_Guinea_Savanna,Sandy_Loam,1255.6,24.6,64.9,80.3,36.9,171.8,0,1
Fungal_Blight,South_South,Humid_Forest,Lateritic,2085.2,27.5,84.0,90.0,45.0,180.0,6,3
Bacterial_Wilt,South_East,Derived_Savanna,Sandy_Loam,1411.0,35.0,68.2,100.0,55.0,220.0,5,5
Bacterial_Wilt,South_West,Derived_Savanna,Sandy_Loam,1563.1,32.3,71.7,100.0,55.0,220.0,5,4
Fungal_Blight,South_East,Humid_Forest,Sandy_Loam,2594.8,28.4,82.8,90.0,45.0,180.0,7,5
Fungal_Blight,South_South,Humid_Forest,Clay_Loam,1828.5,28.4,92.7,90.0,45.0,180.0,8,5
Viral_Mosaic,North_West,Humid_Forest,Alluvial,975.6,30.1,76.3,100.0,55.0,220.0,27,3
Healthy,North_Central,Humid_Forest,Sandy_Loam,1148.2,32.1,64.1,72.1,40.9,160.9,0,1
Nutrient_Deficiency,North_West,Derived_Savanna,Alluvial,798.9,33.4,46.8,10.0,7.1,62.8,1,3
Viral_Mosaic,South_West,Derived_Savanna,Sandy_Loam,1494.0,31.5,71.7,100.0,55.0,220.0,27,4
Healthy,North_East,Southern_Guinea_Savanna,Sandy_Loam,1703.1,30.2,59.9,69.1,30.0,142.0,0,1
Viral_Mosaic,South_West,Southern_Guinea_Savanna,Sandy_Loam,1469.3,27.3,57.7,100.0,55.0,220.0,24,3
Fungal_Blight,South_South,Humid_Forest,Alluvial,1939.7,32.3,90.9,90.0,45.0,180.0,9,4
Viral_Mosaic,South_West,Derived_Savanna,Lateritic,1113.3,30.4,55.6,100.0,55.0,220.0,18,4
Fungal_Blight,South_West,Humid_Forest,Clay_Loam,2109.2,30.4,89.1,90.0,45.0,180.0,8,5
Viral_Mosaic,South_West,Derived_Savanna,Lateritic,1150.3,31.6,65.0,100.0,55.0,220.0,27,2
Viral_Mosaic,North_West,Southern_Guinea_Savanna,Lateritic,1378.8,32.2,70.3,100.0,55.0,220.0,22,4
Viral_Mosaic,North_Central,Derived_Savanna,Clay_Loam,861.0,28.6,71.4,100.0,55.0,220.0,24,4
Healthy,North_West,Derived_Savanna,Alluvial,1202.6,23.4,60.7,79.9,39.5,145.9,1,1
Viral_Mosaic,North_Central,Humid_Forest,Sandy_Loam,786.8,32.6,78.3,100.0,55.0,220.0,18,2
Nutrient_Deficiency,North_Central,Derived_Savanna,Clay_Loam,807.6,28.1,40.0,15.4,6.2,35.5,1,3
Healthy,North_Central,Derived_Savanna,Alluvial,1354.2,25.3,57.3,69.6,36.0,146.5,1,1
Bacterial_Wilt,South_East,Sudan_Savanna,Lateritic,1220.8,31.4,81.3,100.0,55.0,220.0,2,4
Viral_Mosaic,South_West,Derived_Savanna,Alluvial,779.6,29.1,59.8,100.0,55.0,220.0,27,4
Healthy,North_West,Derived_Savanna,Alluvial,1192.0,33.8,74.6,76.7,46.2,194.6,0,1
Healthy,South_East,Derived_Savanna,Sandy_Loam,1354.5,25.6,61.3,81.4,38.1,147.6,0,1
Healthy,North_East,Derived_Savanna,Sandy_Loam,1612.3,29.2,53.8,77.5,40.9,141.1,0,1
Bacterial_Wilt,South_South,Humid_Forest,Clay_Loam,1529.1,30.1,64.4,100.0,55.0,220.0,7,4
Healthy,North_East,Southern_Guinea_Savanna,Sandy_Loam,1728.9,29.9,58.2,60.0,31.3,172.6,0,1
Healthy,South_East,Southern_Guinea_Savanna,Alluvial,1398.8,26.6,64.8,79.2,34.1,137.7,0,1
Bacterial_Wilt,North_Central,Derived_Savanna,Clay_Loam,1423.4,32.8,54.1,100.0,55.0,220.0,4,4
Fungal_Blight,South_East,Humid_Forest,Sandy_Loam,2174.2,25.2,89.8,90.0,45.0,180.0,5,5
Bacterial_Wilt,North_West,Derived_Savanna,Clay_Loam,1155.3,32.3,60.3,100.0,55.0,220.0,3,5
Nutrient_Deficiency,South_West,Southern_Guinea_Savanna,Clay_Loam,612.2,28.8,47.5,14.4,11.6,37.8,2,3
Bacterial_Wilt,South_West,Southern_Guinea_Savanna,Clay_Loam,1124.2,33.4,73.2,100.0,55.0,220.0,3,5
Fungal_Blight,South_East,Humid_Forest,Lateritic,2176.3,28.8,92.3,90.0,45.0,180.0,6,4
Nutrient_Deficiency,South_South,Sudan_Savanna,Alluvial,813.5,35.1,43.4,23.2,11.5,61.5,2,2
Healthy,South_East,Derived_Savanna,Sandy_Loam,1669.1,31.5,57.0,82.0,41.5,166.5,0,1
Healthy,North_East,Derived_Savanna,Sandy_Loam,989.6,26.0,72.5,60.5,42.8,124.7,0,1
Healthy,North_Central,Derived_Savanna,Sandy_Loam,1100.8,34.6,67.6,100.0,43.1,146.0,1,1
Bacterial_Wilt,North_West,Southern_Guinea_Savanna,Clay_Loam,1230.2,36.3,70.2,100.0,55.0,220.0,4,4
Nutrient_Deficiency,North_East,Sudan_Savanna,Lateritic,624.7,33.8,58.7,10.0,12.9,37.2,1,4
Healthy,North_East,Humid_Forest,Sandy_Loam,1158.4,25.2,68.5,99.9,37.1,143.0,0,1
Bacterial_Wilt,South_East,Humid_Forest,Clay_Loam,1487.1,32.6,73.5,100.0,55.0,220.0,5,4
Nutrient_Deficiency,North_East,Derived_Savanna,Lateritic,1092.8,33.7,51.3,17.1,10.9,57.2,0,3
Fungal_Blight,South_South,Humid_Forest,Clay_Loam,2385.0,27.3,86.8,90.0,45.0,180.0,12,4
Fungal_Blight,South_West,Derived_Savanna,Sandy_Loam,1800.0,29.6,88.6,90.0,45.0,180.0,6,3
Fungal_Blight,South_West,Humid_Forest,Alluvial,2030.1,28.7,88.9,90.0,45.0,180.0,6,4
Healthy,South_East,Southern_Guinea_Savanna,Alluvial,1059.8,25.0,75.7,76.3,38.1,132.4,0,1
Bacterial_Wilt,South_South,Southern_Guinea_Savanna,Clay_Loam,957.9,32.5,85.6,100.0,55.0,220.0,3,5
Fungal_Blight,South_South,Humid_Forest,Clay_Loam,2283.8,29.9,87.1,90.0,45.0,180.0,10,3
Nutrient_Deficiency,North_West,Derived_Savanna,Lateritic,755.4,37.3,46.0,25.8,6.9,56.1,2,2
Fungal_Blight,South_West,Humid_Forest,Sandy_Loam,2211.6,25.1,84.7,90.0,45.0,180.0,6,3
Fungal_Blight,South_West,Humid_Forest,Sandy_Loam,2229.1,26.5,85.5,90.0,45.0,180.0,9,4
Fungal_Blight,South_South,Humid_Forest,Sandy_Loam,2252.5,28.9,90.2,90.0,45.0,180.0,10,4
Viral_Mosaic,North_West,Derived_Savanna,Sandy_Loam,1169.5,28.0,49.8,100.0,55.0,220.0,22,2
Viral_Mosaic,North_West,Derived_Savanna,Clay_Loam,1741.4,35.4,60.5,100.0,55.0,220.0,35,3
Fungal_Blight,South_East,Derived_Savanna,Sandy_Loam,2170.5,31.4,87.0,90.0,45.0,180.0,7,5
Nutrient_Deficiency,South_East,Southern_Guinea_Savanna,Lateritic,667.9,32.6,57.5,23.7,9.7,59.7,2,2
Fungal_Blight,South_West,Humid_Forest,Alluvial,2148.0,31.0,90.7,90.0,45.0,180.0,3,3
Viral_Mosaic,North_Central,Derived_Savanna,Clay_Loam,1083.4,28.8,52.3,100.0,55.0,220.0,23,3
Viral_Mosaic,South_West,Derived_Savanna,Alluvial,1363.2,31.3,48.4,100.0,55.0,220.0,31,2
Viral_Mosaic,South_West,Derived_Savanna,Sandy_Loam,811.5,28.4,64.1,100.0,55.0,220.0,25,4
Healthy,South_East,Humid_Forest,Alluvial,1847.8,28.9,51.8,92.1,34.7,220.0,1,1
Healthy,South_South,Southern_Guinea_Savanna,Alluvial,1359.8,31.6,51.3,83.5,37.8,188.8,0,1
Nutrient_Deficiency,South_East,Southern_Guinea_Savanna,Lateritic,830.2,29.9,44.5,20.9,13.6,55.3,1,2
Bacterial_Wilt,South_South,Humid_Forest,Alluvial,1205.2,31.6,70.8,100.0,55.0,220.0,7,4
Nutrient_Deficiency,South_South,Sudan_Savanna,Lateritic,857.1,33.7,56.9,14.1,5.1,36.7,0,4
Bacterial_Wilt,South_South,Sudan_Savanna,Alluvial,833.9,34.9,62.9,100.0,55.0,220.0,5,5
Fungal_Blight,South_South,Derived_Savanna,Clay_Loam,1943.6,29.5,90.1,90.0,45.0,180.0,11,3
Fungal_Blight,South_South,Humid_Forest,Clay_Loam,2187.5,29.9,82.1,90.0,45.0,180.0,8,4
Nutrient_Deficiency,South_East,Southern_Guinea_Savanna,Lateritic,710.7,31.1,48.5,21.8,8.3,43.7,1,3
Fungal_Blight,South_South,Humid_Forest,Sandy_Loam,1979.3,28.8,87.9,90.0,45.0,180.0,10,5
Bacterial_Wilt,South_South,Humid_Forest,Lateritic,1218.9,32.3,74.9,100.0,55.0,220.0,4,5
Viral_Mosaic,North_West,Southern_Guinea_Savanna,Clay_Loam,877.5,28.9,66.9,100.0,55.0,220.0,19,3
Viral_Mosaic,North_Central,Humid_Forest,Clay_Loam,1317.2,32.2,72.4,100.0,55.0,220.0,18,4
Nutrient_Deficiency,South_West,Southern_Guinea_Savanna,Lateritic,864.4,32.1,61.1,17.7,6.1,61.4,4,3
Bacterial_Wilt,North_West,Southern_Guinea_Savanna,Lateritic,1265.0,33.3,82.8,100.0,55.0,220.0,3,5
Nutrient_Deficiency,South_West,Southern_Guinea_Savanna,Lateritic,992.9,31.2,55.0,23.8,14.7,68.1,2,3
Viral_Mosaic,North_West,Southern_Guinea_Savanna,Sandy_Loam,808.3,36.4,66.1,100.0,55.0,220.0,26,3
Bacterial_Wilt,North_Central,Derived_Savanna,Sandy_Loam,1594.5,31.0,85.5,100.0,55.0,220.0,5,5
Fungal_Blight,South_East,Humid_Forest,Lateritic,2276.4,29.0,87.7,90.0,45.0,180.0,6,4
Viral_Mosaic,North_West,Southern_Guinea_Savanna,Sandy_Loam,987.7,28.3,65.3,100.0,55.0,220.0,25,4
Fungal_Blight,South_South,Humid_Forest,Sandy_Loam,1800.0,27.5,84.2,90.0,45.0,180.0,14,5
Nutrient_Deficiency,North_West,Southern_Guinea_Savanna,Lateritic,804.7,28.5,40.0,25.2,10.1,57.5,0,2
Viral_Mosaic,North_Central,Southern_Guinea_Savanna,Alluvial,1011.6,27.0,61.8,100.0,55.0,220.0,26,2
Healthy,South_West,Derived_Savanna,Alluvial,1345.5,28.6,58.3,69.5,43.2,138.6,0,1
Viral_Mosaic,South_West,Derived_Savanna,Alluvial,984.3,26.8,47.8,100.0,55.0,220.0,23,3
Healthy,South_West,Southern_Guinea_Savanna,Alluvial,1349.5,27.6,57.4,72.5,38.8,146.4,0,1
Fungal_Blight,South_West,Humid_Forest,Clay_Loam,2254.8,29.2,85.9,90.0,45.0,180.0,6,4
Nutrient_Deficiency,South_South,Southern_Guinea_Savanna,Clay_Loam,615.7,27.4,50.2,23.0,14.4,53.0,2,4
Viral_Mosaic,South_West,Derived_Savanna,Lateritic,1437.7,36.7,63.7,100.0,55.0,220.0,29,3
Fungal_Blight,South_East,Humid_Forest,Lateritic,1813.2,28.6,94.9,90.0,45.0,180.0,9,3
Bacterial_Wilt,South_South,Derived_Savanna,Clay_Loam,1487.0,31.0,78.9,100.0,55.0,220.0,4,4
Viral_Mosaic,South_West,Southern_Guinea_Savanna,Alluvial,968.6,30.2,49.4,100.0,55.0,220.0,27,2
Viral_Mosaic,South_West,Southern_Guinea_Savanna,Clay_Loam,1100.2,31.0,59.5,100.0,55.0,220.0,23,3
Viral_Mosaic,South_West,Derived_Savanna,Clay_Loam,616.1,33.2,74.1,100.0,55.0,220.0,27,3
Viral_Mosaic,North_West,Derived_Savanna,Sandy_Loam,1377.2,31.6,69.0,100.0,55.0,220.0,29,2
Viral_Mosaic,North_West,Southern_Guinea_Savanna,Clay_Loam,1167.1,29.6,76.3,100.0,55.0,220.0,22,3
Healthy,South_East,Humid_Forest,Alluvial,1673.9,28.8,89.0,68.8,37.0,158.5,0,1
Nutrient_Deficiency,South_South,Southern_Guinea_Savanna,Lateritic,648.1,30.7,49.3,15.7,10.5,46.3,0,2
Fungal_Blight,South_South,Humid_Forest,Lateritic,2305.2,27.2,88.4,90.0,45.0,180.0,8,4
Bacterial_Wilt,South_South,Derived_Savanna,Clay_Loam,1053.4,31.2,70.4,100.0,55.0,220.0,5,5
Fungal_Blight,South_West,Humid_Forest,Sandy_Loam,1820.4,30.6,93.7,90.0,45.0,180.0,5,3
Viral_Mosaic,North_West,Derived_Savanna,Sandy_Loam,1024.7,30.7,69.8,100.0,55.0,220.0,21,2
Fungal_Blight,South_East,Humid_Forest,Clay_Loam,1800.0,27.3,80.7,90.0,45.0,180.0,7,5
Healthy,North_West,Southern_Guinea_Savanna,Alluvial,1351.7,29.9,65.1,84.4,39.3,141.4,0,1
Bacterial_Wilt,South_South,Derived_Savanna,Alluvial,1099.5,31.3,60.6,100.0,55.0,220.0,5,4
Fungal_Blight,South_East,Humid_Forest,Clay_Loam,1913.0,29.6,88.2,90.0,45.0,180.0,11,5
Fungal_Blight,South_South,Humid_Forest,Alluvial,1980.9,29.2,90.9,90.0,45.0,180.0,6,5
Fungal_Blight,South_East,Derived_Savanna,Sandy_Loam,2059.6,28.6,87.1,90.0,45.0,180.0,11,3
Healthy,South_South,Derived_Savanna,Clay_Loam,1076.0,25.7,64.8,77.8,35.9,121.3,1,1
Bacterial_Wilt,South_West,Sudan_Savanna,Clay_Loam,793.5,30.1,86.9,100.0,55.0,220.0,5,5
Healthy,North_East,Humid_Forest,Sandy_Loam,1204.2,30.4,73.3,86.6,30.1,144.0,2,1
Healthy,South_South,Derived_Savanna,Alluvial,1218.8,29.6,73.5,80.6,33.0,152.5,0,1
Healthy,South_South,Humid_Forest,Sandy_Loam,1666.4,26.8,64.3,85.0,40.5,142.3,1,1
Healthy,South_East,Humid_Forest,Alluvial,1160.1,31.8,57.9,65.6,39.9,168.8,0,1
Healthy,North_Central,Southern_Guinea_Savanna,Clay_Loam,1138.4,32.4,52.5,87.2,44.0,143.2,0,1
Viral_Mosaic,South_West,Southern_Guinea_Savanna,Clay_Loam,1051.5,27.7,63.7,100.0,55.0,220.0,30,3
Healthy,South_South,Derived_Savanna,Alluvial,1784.4,22.0,60.7,64.4,37.1,182.0,2,1
Fungal_Blight,South_West,Humid_Forest,Clay_Loam,2002.6,30.4,91.7,90.0,45.0,180.0,8,4
Healthy,North_West,Humid_Forest,Alluvial,1194.0,25.6,73.8,73.0,42.3,195.9,0,1
Fungal_Blight,South_West,Humid_Forest,Alluvial,2088.9,30.1,85.6,90.0,45.0,180.0,9,5
Viral_Mosaic,South_West,Southern_Guinea_Savanna,Sandy_Loam,1356.3,29.3,73.0,100.0,55.0,220.0,31,3
Healthy,South_East,Derived_Savanna,Sandy_Loam,1218.8,33.8,65.8,76.5,34.4,168.3,0,1
Bacterial_Wilt,South_West,Derived_Savanna,Sandy_Loam,1335.5,33.3,78.4,100.0,55.0,220.0,7,4
Viral_Mosaic,South_West,Derived_Savanna,Lateritic,1137.9,28.2,51.2,100.0,55.0,220.0,21,3
Nutrient_Deficiency,North_West,Sudan_Savanna,Lateritic,825.6,30.5,40.0,26.7,10.4,41.6,0,3
Healthy,South_South,Southern_Guinea_Savanna,Clay_Loam,1033.5,30.0,63.2,60.6,37.5,161.0,1,1
Bacterial_Wilt,North_Central,Southern_Guinea_Savanna,Clay_Loam,1561.2,31.5,75.9,100.0,55.0,220.0,6,5
Healthy,North_Central,Derived_Savanna,Sandy_Loam,1996.0,27.9,61.9,79.9,42.0,151.3,2,1
Bacterial_Wilt,North_West,Southern_Guinea_Savanna,Clay_Loam,1636.6,37.3,68.6,100.0,55.0,220.0,6,4
Healthy,South_East,Derived_Savanna,Sandy_Loam,1432.1,31.2,68.7,74.4,30.0,181.8,1,1
Healthy,North_West,Southern_Guinea_Savanna,Alluvial,1649.3,30.4,45.6,100.0,40.6,148.0,0,1
Viral_Mosaic,South_West,Derived_Savanna,Sandy_Loam,1082.1,35.8,74.2,100.0,55.0,220.0,24,4
Viral_Mosaic,South_West,Derived_Savanna,Clay_Loam,935.9,30.3,70.1,100.0,55.0,220.0,25,4
Healthy,South_South,Humid_Forest,Alluvial,1298.7,26.4,48.5,87.9,37.2,166.1,0,1
Fungal_Blight,South_East,Humid_Forest,Alluvial,2151.8,26.2,87.3,90.0,45.0,180.0,11,3
Viral_Mosaic,North_Central,Derived_Savanna,Sandy_Loam,862.9,33.1,62.0,100.0,55.0,220.0,18,2
Bacterial_Wilt,North_East,Southern_Guinea_Savanna,Clay_Loam,1156.4,32.7,85.6,100.0,55.0,220.0,4,5
Healthy,South_South,Humid_Forest,Clay_Loam,1581.1,27.2,66.5,67.8,38.9,155.6,0,1
Nutrient_Deficiency,South_West,Southern_Guinea_Savanna,Lateritic,789.5,29.3,59.3,11.3,11.9,59.0,1,3
Viral_Mosaic,North_West,Humid_Forest,Sandy_Loam,1395.8,25.8,67.5,100.0,55.0,220.0,24,2
Fungal_Blight,South_South,Humid_Forest,Clay_Loam,1800.0,32.5,86.2,90.0,45.0,180.0,6,3
Bacterial_Wilt,South_South,Sudan_Savanna,Clay_Loam,1177.5,33.0,72.9,100.0,55.0,220.0,7,5
Viral_Mosaic,North_Central,Southern_Guinea_Savanna,Alluvial,1192.9,28.8,49.7,100.0,55.0,220.0,21,3
Bacterial_Wilt,North_East,Derived_Savanna,Clay_Loam,664.5,31.7,78.6,100.0,55.0,220.0,10,5
Healthy,South_West,Southern_Guinea_Savanna,Sandy_Loam,1415.1,27.8,68.3,97.2,39.7,177.3,0,1
Fungal_Blight,South_West,Derived_Savanna,Sandy_Loam,1800.0,27.6,84.3,90.0,45.0,180.0,6,3
Fungal_Blight,South_East,Humid_Forest,Sandy_Loam,2266.8,25.9,85.5,90.0,45.0,180.0,12,5
Healthy,North_Central,Humid_Forest,Alluvial,1448.9,26.5,60.9,78.7,31.5,140.5,0,1
Healthy,North_East,Derived_Savanna,Sandy_Loam,1838.8,29.7,57.0,73.8,32.6,162.5,0,1
Healthy,North_West,Southern_Guinea_Savanna,Sandy_Loam,1152.7,30.1,64.9,71.1,43.5,167.7,1,1
Viral_Mosaic,South_West,Southern_Guinea_Savanna,Clay_Loam,1185.4,38.0,66.8,100.0,55.0,220.0,21,3
Fungal_Blight,South_East,Humid_Forest,Clay_Loam,1800.0,33.4,81.6,90.0,45.0,180.0,5,4
Nutrient_Deficiency,South_South,Derived_Savanna,Alluvial,738.0,34.4,58.4,18.8,10.6,49.8,2,3
Bacterial_Wilt,North_Central,Humid_Forest,Clay_Loam,1580.1,32.7,78.5,100.0,55.0,220.0,6,5
Viral_Mosaic,South_West,Derived_Savanna,Lateritic,1122.1,27.6,69.3,100.0,55.0,220.0,23,2
Fungal_Blight,South_East,Humid_Forest,Sandy_Loam,2044.6,25.7,84.8,90.0,45.0,180.0,10,3
Viral_Mosaic,South_West,Derived_Savanna,Lateritic,1060.1,31.9,57.6,100.0,55.0,220.0,28,3
Healthy,South_East,Derived_Savanna,Sandy_Loam,886.3,29.3,63.2,85.7,30.3,187.8,0,1
Healthy,South_South,Derived_Savanna,Clay_Loam,1058.9,26.9,62.4,76.4,31.9,190.3,0,1
Fungal_Blight,South_East,Humid_Forest,Clay_Loam,1800.0,29.8,95.0,90.0,45.0,180.0,10,3
Nutrient_Deficiency,South_West,Sudan_Savanna,Alluvial,901.7,31.8,57.4,10.7,13.2,51.3,0,3
Nutrient_Deficiency,North_West,Southern_Guinea_Savanna,Lateritic,966.7,34.0,65.7,12.4,11.6,48.1,0,3
Bacterial_Wilt,South_West,Sudan_Savanna,Clay_Loam,1546.0,33.1,64.7,100.0,55.0,220.0,4,4
Fungal_Blight,South_South,Humid_Forest,Alluvial,2015.1,29.5,90.1,90.0,45.0,180.0,9,3
Fungal_Blight,South_West,Humid_Forest,Clay_Loam,2168.7,28.3,92.4,90.0,45.0,180.0,8,4
Viral_Mosaic,South_West,Derived_Savanna,Sandy_Loam,1181.4,32.8,65.9,100.0,55.0,220.0,17,4
Nutrient_Deficiency,South_East,Southern_Guinea_Savanna,Alluvial,826.2,32.8,80.0,16.8,8.0,55.6,3,4
Nutrient_Deficiency,North_Central,Derived_Savanna,Lateritic,627.3,33.0,55.5,10.0,9.9,51.7,1,2
Healthy,North_East,Southern_Guinea_Savanna,Clay_Loam,1787.1,30.6,56.8,78.3,38.8,120.4,0,1
Nutrient_Deficiency,North_West,Sudan_Savanna,Lateritic,794.1,31.9,53.8,20.9,11.1,41.9,1,3
Fungal_Blight,South_South,Humid_Forest,Sandy_Loam,1800.0,28.4,83.4,90.0,45.0,180.0,10,4
Fungal_Blight,South_East,Humid_Forest,Clay_Loam,2314.2,27.9,91.5,90.0,45.0,180.0,8,4
Healthy,South_East,Derived_Savanna,Sandy_Loam,1143.3,30.2,69.6,83.1,42.6,172.9,1,1
Bacterial_Wilt,North_East,Southern_Guinea_Savanna,Clay_Loam,1211.3,31.5,50.7,100.0,55.0,220.0,2,4
Healthy,South_West,Humid_Forest,Sandy_Loam,1637.1,29.8,63.5,63.5,42.7,194.7,0,1
Healthy,North_Central,Humid_Forest,Alluvial,1262.4,29.7,76.8,75.2,35.1,149.4,1,1
Viral_Mosaic,North_Central,Southern_Guinea_Savanna,Alluvial,1272.4,27.4,71.2,100.0,55.0,220.0,31,3
Fungal_Blight,South_South,Humid_Forest,Alluvial,2261.8,25.7,81.7,90.0,45.0,180.0,9,3
Fungal_Blight,South_West,Humid_Forest,Alluvial,1965.3,28.5,88.0,90.0,45.0,180.0,9,5
Fungal_Blight,South_West,Humid_Forest,Clay_Loam,1800.0,28.2,89.4,90.0,45.0,180.0,10,5
Viral_Mosaic,South_West,Southern_Guinea_Savanna,Sandy_Loam,802.8,38.0,69.9,100.0,55.0,220.0,28,3
Viral_Mosaic,North_Central,Southern_Guinea_Savanna,Sandy_Loam,882.7,33.0,48.9,100.0,55.0,220.0,24,2
Bacterial_Wilt,North_Central,Derived_Savanna,Alluvial,1313.0,30.7,77.2,100.0,55.0,220.0,4,5
Fungal_Blight,South_South,Derived_Savanna,Alluvial,2474.8,28.5,86.8,90.0,45.0,180.0,5,3
Healthy,South_West,Southern_Guinea_Savanna,Sandy_Loam,1109.9,32.8,65.5,61.0,41.8,155.1,1,1
Nutrient_Deficiency,South_West,Sudan_Savanna,Lateritic,784.0,34.8,72.3,22.9,8.9,68.8,2,3
Bacterial_Wilt,South_South,Derived_Savanna,Clay_Loam,845.0,34.4,60.1,100.0,55.0,220.0,3,4
Viral_Mosaic,North_West,Humid_Forest,Lateritic,1037.0,28.9,85.1,100.0,55.0,220.0,25,4
Bacterial_Wilt,North_East,Sudan_Savanna,Clay_Loam,1242.0,31.4,80.8,100.0,55.0,220.0,7,5
Bacterial_Wilt,North_East,Derived_Savanna,Clay_Loam,1273.9,30.0,73.3,100.0,55.0,220.0,7,5
Healthy,North_West,Southern_Guinea_Savanna,Alluvial,1328.7,31.9,63.4,89.5,44.1,164.2,0,1
Nutrient_Deficiency,North_West,Sudan_Savanna,Lateritic,886.7,24.8,73.3,18.0,9.5,70.0,0,2
Nutrient_Deficiency,South_East,Derived_Savanna,Sandy_Loam,688.8,29.8,52.0,10.0,12.6,38.6,0,4
Healthy,North_East,Humid_Forest,Alluvial,1039.9,28.6,47.5,60.0,38.6,173.6,0,1
Bacterial_Wilt,South_South,Derived_Savanna,Clay_Loam,1177.6,37.5,59.9,100.0,55.0,220.0,10,4
Fungal_Blight,South_West,Humid_Forest,Sandy_Loam,1800.0,28.7,94.4,90.0,45.0,180.0,7,4
Viral_Mosaic,South_West,Southern_Guinea_Savanna,Sandy_Loam,1261.9,28.0,81.4,100.0,55.0,220.0,18,3
Fungal_Blight,South_South,Humid_Forest,Lateritic,1800.0,29.7,89.4,90.0,45.0,180.0,12,3
Bacterial_Wilt,South_East,Derived_Savanna,Clay_Loam,846.1,33.3,90.0,100.0,55.0,220.0,3,5
Viral_Mosaic,North_Central,Southern_Guinea_Savanna,Clay_Loam,844.6,26.6,58.7,100.0,55.0,220.0,32,4
Healthy,North_East,Derived_Savanna,Clay_Loam,1598.4,26.6,63.3,83.7,42.9,175.5,1,1
Nutrient_Deficiency,South_West,Sudan_Savanna,Lateritic,803.6,32.5,49.3,14.0,8.5,62.7,2,3
Healthy,North_West,Humid_Forest,Sandy_Loam,1619.9,22.5,66.0,60.0,34.2,200.7,0,1
Nutrient_Deficiency,South_South,Derived_Savanna,Lateritic,600.0,34.3,58.6,20.8,14.0,40.5,0,2
Healthy,North_Central,Derived_Savanna,Alluvial,1538.3,25.7,63.8,72.2,38.7,119.9,0,1
Healthy,North_West,Southern_Guinea_Savanna,Clay_Loam,2096.8,28.2,69.8,93.4,40.7,183.2,1,1
Nutrient_Deficiency,North_West,Southern_Guinea_Savanna,Lateritic,746.9,31.9,45.6,23.9,9.1,58.0,0,4
Viral_Mosaic,North_Central,Derived_Savanna,Alluvial,1001.2,26.1,74.3,100.0,55.0,220.0,24,4
Fungal_Blight,South_South,Humid_Forest,Clay_Loam,2377.6,30.2,81.8,90.0,45.0,180.0,3,4
Bacterial_Wilt,North_East,Southern_Guinea_Savanna,Clay_Loam,1584.4,37.5,76.1,100.0,55.0,220.0,10,5
Nutrient_Deficiency,North_West,Sudan_Savanna,Sandy_Loam,789.6,33.1,67.0,26.7,11.1,59.8,2,2
Fungal_Blight,South_South,Derived_Savanna,Clay_Loam,2642.8,26.6,84.5,90.0,45.0,180.0,2,4
Viral_Mosaic,South_West,Humid_Forest,Alluvial,1087.5,30.9,63.8,100.0,55.0,220.0,24,3
Healthy,North_Central,Derived_Savanna,Clay_Loam,1384.5,27.4,72.0,80.3,44.0,187.1,0,1
Healthy,South_South,Humid_Forest,Sandy_Loam,1314.3,28.7,57.6,78.2,42.9,163.2,1,1
Nutrient_Deficiency,South_South,Southern_Guinea_Savanna,Lateritic,912.7,33.4,73.3,17.9,8.5,64.7,2,2
Nutrient_Deficiency,South_West,Southern_Guinea_Savanna,Lateritic,600.0,31.6,74.3,25.8,13.5,41.6,0,3
Viral_Mosaic,South_West,Derived_Savanna,Sandy_Loam,1498.3,31.5,42.1,100.0,55.0,220.0,23,4
Healthy,South_South,Humid_Forest,Alluvial,1363.0,25.0,66.9,85.1,38.1,155.8,0,1
Healthy,North_West,Southern_Guinea_Savanna,Sandy_Loam,1291.3,28.6,74.4,68.0,43.9,154.7,1,1
Fungal_Blight,South_West,Derived_Savanna,Clay_Loam,2292.5,26.5,85.2,90.0,45.0,180.0,9,3
Nutrient_Deficiency,South_South,Sudan_Savanna,Lateritic,703.6,33.6,67.0,24.0,11.6,70.0,1,2
Fungal_Blight,South_West,Derived_Savanna,Sandy_Loam,2368.3,26.4,88.9,90.0,45.0,180.0,8,4
Bacterial_Wilt,North_Central,Southern_Guinea_Savanna,Clay_Loam,955.2,32.5,59.1,100.0,55.0,220.0,5,5
Healthy,South_East,Humid_Forest,Clay_Loam,1405.1,27.2,66.6,88.1,31.6,185.4,1,1
Viral_Mosaic,South_West,Derived_Savanna,Clay_Loam,1076.9,33.8,75.0,100.0,55.0,220.0,20,4
Bacterial_Wilt,North_West,Southern_Guinea_Savanna,Clay_Loam,1362.1,32.1,64.1,100.0,55.0,220.0,3,4
Nutrient_Deficiency,North_West,Sudan_Savanna,Lateritic,726.4,33.7,40.0,13.5,8.7,41.3,0,3
Healthy,North_East,Derived_Savanna,Alluvial,1557.2,29.3,64.0,78.8,41.0,165.0,0,1
Nutrient_Deficiency,South_West,Sudan_Savanna,Lateritic,928.0,37.2,48.6,27.3,7.4,43.6,2,4
Fungal_Blight,South_East,Humid_Forest,Sandy_Loam,2363.1,28.1,92.7,90.0,45.0,180.0,8,4
Nutrient_Deficiency,South_South,Sudan_Savanna,Lateritic,920.4,31.5,59.0,20.4,14.0,54.2,1,3
Viral_Mosaic,North_Central,Southern_Guinea_Savanna,Alluvial,1110.2,26.3,56.9,100.0,55.0,220.0,21,4
Nutrient_Deficiency,North_Central,Southern_Guinea_Savanna,Lateritic,724.5,27.0,52.1,21.6,12.2,48.7,1,4
Healthy,South_South,Derived_Savanna,Alluvial,1521.1,30.9,63.9,67.3,44.3,165.0,0,1
Viral_Mosaic,South_West,Derived_Savanna,Sandy_Loam,1503.8,30.3,60.7,100.0,55.0,220.0,34,2
Fungal_Blight,South_West,Humid_Forest,Alluvial,1800.0,25.3,86.6,90.0,45.0,180.0,9,5
Fungal_Blight,South_South,Humid_Forest,Clay_Loam,2000.6,26.1,95.0,90.0,45.0,180.0,8,3
Healthy,South_South,Humid_Forest,Alluvial,1239.2,27.3,77.2,94.3,50.0,156.0,0,1
Viral_Mosaic,North_Central,Derived_Savanna,Lateritic,1363.4,26.3,67.5,100.0,55.0,220.0,22,4
Healthy,North_West,Derived_Savanna,Alluvial,1034.1,26.3,54.4,78.4,40.8,165.6,1,1
Fungal_Blight,South_South,Humid_Forest,Clay_Loam,2593.9,26.8,87.0,90.0,45.0,180.0,7,4
Healthy,South_South,Southern_Guinea_Savanna,Clay_Loam,1325.4,25.2,47.9,67.7,40.2,162.2,0,1
Viral_Mosaic,North_West,Humid_Forest,Alluvial,1281.0,30.1,65.0,100.0,55.0,220.0,21,3
Bacterial_Wilt,South_West,Sudan_Savanna,Clay_Loam,1099.1,34.0,71.2,100.0,55.0,220.0,8,5
Nutrient_Deficiency,South_West,Southern_Guinea_Savanna,Lateritic,897.7,33.9,48.7,23.6,9.3,53.8,1,2
Healthy,North_West,Derived_Savanna,Clay_Loam,1337.6,28.9,81.2,77.4,40.0,186.3,0,1
Viral_Mosaic,North_West,Southern_Guinea_Savanna,Lateritic,816.2,32.7,67.1,100.0,55.0,220.0,18,4
Healthy,South_South,Humid_Forest,Clay_Loam,1642.0,25.1,41.0,72.8,44.7,116.7,0,1
Fungal_Blight,South_South,Humid_Forest,Sandy_Loam,1848.8,29.7,89.2,90.0,45.0,180.0,4,4
Viral_Mosaic,South_West,Humid_Forest,Clay_Loam,1101.3,31.6,56.5,100.0,55.0,220.0,29,2
Healthy,South_East,Derived_Savanna,Sandy_Loam,1472.5,27.0,63.8,78.1,39.5,140.7,1,1
Healthy,South_East,Humid_Forest,Alluvial,1094.2,30.7,71.3,78.5,30.0,147.2,0,1
Viral_Mosaic,North_Central,Southern_Guinea_Savanna,Alluvial,1069.7,28.7,67.5,100.0,55.0,220.0,16,2
Fungal_Blight,South_South,Humid_Forest,Sandy_Loam,2203.7,31.3,82.3,90.0,45.0,180.0,8,5
Healthy,South_East,Derived_Savanna,Alluvial,1495.1,23.9,52.3,75.6,39.6,134.8,1,1
Healthy,North_Central,Southern_Guinea_Savanna,Sandy_Loam,874.9,29.3,68.0,69.1,35.7,163.7,2,1
Nutrient_Deficiency,North_Central,Sudan_Savanna,Clay_Loam,769.4,30.7,69.2,27.6,8.1,58.3,1,2
Nutrient_Deficiency,North_West,Southern_Guinea_Savanna,Lateritic,971.8,30.0,53.7,21.3,7.4,41.3,0,4
Fungal_Blight,South_South,Derived_Savanna,Clay_Loam,2064.3,29.1,88.2,90.0,45.0,180.0,7,3
Healthy,South_South,Humid_Forest,Sandy_Loam,943.6,30.0,55.8,84.9,36.9,108.8,2,1
Viral_Mosaic,North_Central,Humid_Forest,Alluvial,773.2,30.0,62.4,100.0,55.0,220.0,26,3
Healthy,South_South,Humid_Forest,Sandy_Loam,1279.1,24.4,54.6,68.0,40.0,161.7,0,1
Fungal_Blight,South_West,Humid_Forest,Alluvial,2602.5,30.6,93.0,90.0,45.0,180.0,2,4
Viral_Mosaic,North_West,Derived_Savanna,Sandy_Loam,1424.4,27.0,54.3,100.0,55.0,220.0,23,4
Fungal_Blight,South_East,Derived_Savanna,Clay_Loam,2024.9,30.0,90.5,90.0,45.0,180.0,6,4
Bacterial_Wilt,South_East,Southern_Guinea_Savanna,Clay_Loam,856.0,31.9,58.2,100.0,55.0,220.0,3,5
Fungal_Blight,South_East,Derived_Savanna,Sandy_Loam,1850.7,28.0,84.5,90.0,45.0,180.0,11,4
Viral_Mosaic,South_West,Humid_Forest,Alluvial,1810.5,32.7,48.3,100.0,55.0,220.0,26,3
Viral_Mosaic,South_West,Derived_Savanna,Lateritic,785.9,22.0,76.0,100.0,55.0,220.0,29,4
Bacterial_Wilt,South_South,Southern_Guinea_Savanna,Clay_Loam,1804.2,31.6,70.5,100.0,55.0,220.0,5,4
Fungal_Blight,South_East,Derived_Savanna,Clay_Loam,2145.2,28.1,80.0,90.0,45.0,180.0,5,5
Bacterial_Wilt,South_East,Humid_Forest,Clay_Loam,1190.7,33.9,69.9,100.0,55.0,220.0,7,4
Fungal_Blight,South_West,Derived_Savanna,Clay_Loam,2474.6,30.5,87.2,90.0,45.0,180.0,10,4
Nutrient_Deficiency,South_West,Derived_Savanna,Lateritic,600.0,29.9,65.1,21.0,11.5,30.0,0,3
Fungal_Blight,South_South,Humid_Forest,Alluvial,2022.1,29.9,80.1,90.0,45.0,180.0,7,5
Healthy,South_West,Humid_Forest,Sandy_Loam,1193.8,30.6,63.5,90.0,43.0,130.6,1,1
Nutrient_Deficiency,South_South,Southern_Guinea_Savanna,Lateritic,1005.4,31.9,66.7,13.9,8.0,59.2,0,4
Nutrient_Deficiency,North_Central,Sudan_Savanna,Lateritic,689.5,30.9,43.8,11.9,11.8,59.6,1,4
Fungal_Blight,South_South,Humid_Forest,Lateritic,2247.8,28.6,89.4,90.0,45.0,180.0,11,4
Fungal_Blight,South_West,Humid_Forest,Sandy_Loam,2081.8,32.8,88.0,90.0,45.0,180.0,11,4
Bacterial_Wilt,South_West,Southern_Guinea_Savanna,Clay_Loam,1377.5,36.1,78.8,100.0,55.0,220.0,7,5
Healthy,North_Central,Derived_Savanna,Sandy_Loam,1106.7,27.1,63.7,87.1,44.3,176.3,0,1
Viral_Mosaic,South_West,Derived_Savanna,Lateritic,624.8,26.5,66.6,100.0,55.0,220.0,24,3
Viral_Mosaic,North_Central,Derived_Savanna,Sandy_Loam,1156.9,27.7,53.0,100.0,55.0,220.0,28,2
Fungal_Blight,South_West,Humid_Forest,Alluvial,2487.5,27.0,86.1,90.0,45.0,180.0,7,5
Nutrient_Deficiency,North_Central,Sudan_Savanna,Lateritic,1162.9,30.9,53.9,21.7,10.6,69.1,0,3
Fungal_Blight,South_South,Humid_Forest,Lateritic,2157.7,32.6,85.8,90.0,45.0,180.0,13,4
Bacterial_Wilt,South_South,Southern_Guinea_Savanna,Alluvial,934.3,33.5,78.5,100.0,55.0,220.0,3,5
Nutrient_Deficiency,South_West,Derived_Savanna,Lateritic,867.9,31.7,68.8,26.8,7.1,60.6,2,4
Healthy,South_East,Humid_Forest,Sandy_Loam,1110.0,28.7,74.3,71.4,37.1,166.9,0,1
Nutrient_Deficiency,North_East,Derived_Savanna,Clay_Loam,760.4,34.4,46.3,10.6,12.2,38.3,1,4
Bacterial_Wilt,North_West,Derived_Savanna,Lateritic,1616.6,32.3,83.1,100.0,55.0,220.0,3,4
Viral_Mosaic,North_West,Humid_Forest,Clay_Loam,1382.8,24.2,71.2,100.0,55.0,220.0,25,2
Bacterial_Wilt,North_East,Southern_Guinea_Savanna,Clay_Loam,936.0,30.0,73.9,100.0,55.0,220.0,13,4
Nutrient_Deficiency,North_Central,Derived_Savanna,Lateritic,731.2,29.1,58.9,20.8,12.4,44.7,2,4
Fungal_Blight,South_West,Derived_Savanna,Lateritic,1894.6,28.7,81.0,90.0,45.0,180.0,8,3
Fungal_Blight,South_West,Humid_Forest,Alluvial,2308.9,27.4,82.5,90.0,45.0,180.0,9,3
Nutrient_Deficiency,South_South,Southern_Guinea_Savanna,Sandy_Loam,998.4,30.2,49.3,10.0,13.4,49.8,1,4
Fungal_Blight,South_East,Derived_Savanna,Clay_Loam,2120.5,30.7,86.0,90.0,45.0,180.0,9,4
Fungal_Blight,South_West,Derived_Savanna,Clay_Loam,2057.4,30.4,86.2,90.0,45.0,180.0,11,3
Nutrient_Deficiency,South_East,Sudan_Savanna,Alluvial,600.0,33.6,52.8,24.5,15.0,39.2,2,2
Viral_Mosaic,North_Central,Humid_Forest,Sandy_Loam,1124.5,25.2,61.6,100.0,55.0,220.0,30,3
Nutrient_Deficiency,South_West,Sudan_Savanna,Lateritic,719.3,24.6,68.7,21.5,8.6,34.1,0,2
Bacterial_Wilt,North_East,Southern_Guinea_Savanna,Clay_Loam,1504.7,33.2,64.7,100.0,55.0,220.0,5,4
Bacterial_Wilt,North_Central,Derived_Savanna,Lateritic,626.7,35.3,75.6,100.0,55.0,220.0,6,4
Healthy,South_West,Humid_Forest,Sandy_Loam,1333.9,23.8,82.2,84.2,42.4,194.1,0,1
Fungal_Blight,South_South,Humid_Forest,Lateritic,1893.8,27.7,85.7,90.0,45.0,180.0,4,3
Nutrient_Deficiency,North_Central,Southern_Guinea_Savanna,Lateritic,689.5,30.9,59.2,11.3,9.5,40.1,0,4
Viral_Mosaic,South_West,Derived_Savanna,Alluvial,1067.2,28.9,59.4,100.0,55.0,220.0,31,2
Fungal_Blight,South_South,Humid_Forest,Sandy_Loam,2119.4,29.4,88.6,90.0,45.0,180.0,11,3
Bacterial_Wilt,North_West,Sudan_Savanna,Clay_Loam,1166.9,33.4,69.6,100.0,55.0,220.0,4,5
Bacterial_Wilt,North_West,Sudan_Savanna,Lateritic,940.9,36.6,58.6,100.0,55.0,220.0,2,5
Healthy,South_East,Southern_Guinea_Savanna,Clay_Loam,1200.8,27.3,62.0,93.8,31.2,149.6,0,1
Healthy,North_West,Humid_Forest,Sandy_Loam,1077.2,27.8,68.8,99.2,41.9,100.0,1,1
Fungal_Blight,South_East,Humid_Forest,Sandy_Loam,2013.3,30.3,87.4,90.0,45.0,180.0,7,5
Nutrient_Deficiency,South_South,Southern_Guinea_Savanna,Lateritic,970.8,23.0,70.5,15.6,9.3,55.3,1,3
Viral_Mosaic,North_Central,Derived_Savanna,Alluvial,600.0,30.9,60.0,100.0,55.0,220.0,12,3
Bacterial_Wilt,South_South,Derived_Savanna,Clay_Loam,701.5,31.4,81.5,100.0,55.0,220.0,7,5
Healthy,South_South,Derived_Savanna,Sandy_Loam,1025.2,27.1,67.1,63.3,46.3,151.1,1,1
Fungal_Blight,South_East,Humid_Forest,Clay_Loam,1800.0,30.0,93.8,90.0,45.0,180.0,9,5
Bacterial_Wilt,North_Central,Derived_Savanna,Alluvial,848.6,32.7,59.7,100.0,55.0,220.0,3,5
Bacterial_Wilt,North_Central,Southern_Guinea_Savanna,Clay_Loam,1265.0,33.2,75.3,100.0,55.0,220.0,1,4
Bacterial_Wilt,South_West,Sudan_Savanna,Clay_Loam,1024.0,30.6,90.0,100.0,55.0,220.0,4,5
Healthy,South_South,Derived_Savanna,Sandy_Loam,1295.0,29.0,54.7,75.2,43.3,179.1,0,1
Fungal_Blight,South_South,Derived_Savanna,Clay_Loam,2260.9,28.1,86.7,90.0,45.0,180.0,6,3
Healthy,South_South,Humid_Forest,Alluvial,1142.6,29.5,82.5,81.9,39.6,147.1,0,1
Viral_Mosaic,South_West,Derived_Savanna,Alluvial,1491.5,28.8,67.1,100.0,55.0,220.0,25,3
Fungal_Blight,South_West,Humid_Forest,Sandy_Loam,1800.0,30.1,84.6,90.0,45.0,180.0,9,5
Nutrient_Deficiency,South_West,Sudan_Savanna,Lateritic,637.3,23.5,51.4,22.8,10.7,40.0,0,2
Healthy,North_East,Humid_Forest,Clay_Loam,1153.4,28.6,67.7,60.0,44.8,151.6,1,1
Bacterial_Wilt,North_East,Humid_Forest,Lateritic,2070.9,30.0,80.3,100.0,55.0,220.0,6,5
Healthy,North_West,Humid_Forest,Sandy_Loam,967.9,28.2,74.1,71.9,35.8,202.5,0,1
Healthy,North_Central,Southern_Guinea_Savanna,Alluvial,1225.8,27.1,57.4,70.3,34.0,161.6,1,1
Nutrient_Deficiency,South_East,Sudan_Savanna,Lateritic,776.6,32.9,47.3,15.6,6.1,49.6,1,2
Healthy,North_West,Southern_Guinea_Savanna,Alluvial,1142.9,27.7,61.8,77.0,33.7,120.4,0,1
Healthy,North_East,Derived_Savanna,Clay_Loam,898.6,26.9,75.4,73.1,39.1,157.8,1,1
Viral_Mosaic,North_Central,Humid_Forest,Lateritic,1171.3,29.2,65.9,100.0,55.0,220.0,34,2
Bacterial_Wilt,South_South,Southern_Guinea_Savanna,Alluvial,1565.6,33.1,79.1,100.0,55.0,220.0,6,5
Healthy,South_East,Southern_Guinea_Savanna,Sandy_Loam,1094.4,31.3,55.3,93.8,44.2,152.1,1,1
Fungal_Blight,South_South,Humid_Forest,Sandy_Loam,1800.0,28.5,80.0,90.0,45.0,180.0,9,3
Fungal_Blight,South_West,Humid_Forest,Clay_Loam,2276.8,31.4,90.4,90.0,45.0,180.0,8,3
Fungal_Blight,South_South,Humid_Forest,Sandy_Loam,2669.8,29.0,81.5,90.0,45.0,180.0,11,3
Nutrient_Deficiency,North_East,Southern_Guinea_Savanna,Lateritic,1006.9,33.6,57.7,30.0,12.9,33.6,1,2
Fungal_Blight,South_South,Derived_Savanna,Clay_Loam,2170.3,32.7,80.9,90.0,45.0,180.0,4,4
Fungal_Blight,South_West,Humid_Forest,Clay_Loam,1800.0,29.0,87.7,90.0,45.0,180.0,7,4
Healthy,South_East,Humid_Forest,Clay_Loam,1407.9,30.2,58.6,71.2,45.1,179.9,0,1
Healthy,North_West,Southern_Guinea_Savanna,Clay_Loam,1402.0,29.1,50.8,80.1,46.1,177.0,1,1
Bacterial_Wilt,North_Central,Sudan_Savanna,Clay_Loam,1590.0,33.9,67.5,100.0,55.0,220.0,4,5
Fungal_Blight,South_South,Humid_Forest,Lateritic,1968.8,26.8,84.1,90.0,45.0,180.0,8,5
Healthy,South_South,Humid_Forest,Clay_Loam,1652.8,27.0,59.1,60.0,41.0,126.9,0,1
Healthy,South_West,Southern_Guinea_Savanna,Clay_Loam,1347.2,23.8,59.0,74.3,36.4,159.0,0,1
Bacterial_Wilt,South_South,Humid_Forest,Clay_Loam,763.4,34.7,62.8,100.0,55.0,220.0,6,4
Viral_Mosaic,North_West,Derived_Savanna,Clay_Loam,1256.9,29.8,51.6,100.0,55.0,220.0,32,3
Fungal_Blight,South_West,Humid_Forest,Sandy_Loam,2198.0,26.9,89.6,90.0,45.0,180.0,7,4
Healthy,South_South,Southern_Guinea_Savanna,Sandy_Loam,1642.3,25.2,59.0,81.3,43.4,150.5,0,1
Nutrient_Deficiency,South_East,Sudan_Savanna,Lateritic,840.5,30.6,48.9,23.0,9.4,32.3,1,3
Fungal_Blight,South_East,Humid_Forest,Alluvial,2371.0,28.9,82.4,90.0,45.0,180.0,11,4
Healthy,North_West,Southern_Guinea_Savanna,Sandy_Loam,1613.6,27.5,53.9,95.6,35.0,168.5,0,1
Nutrient_Deficiency,South_South,Southern_Guinea_Savanna,Lateritic,693.5,26.8,65.9,19.0,13.8,33.0,0,2
Fungal_Blight,South_South,Humid_Forest,Sandy_Loam,2040.1,28.5,92.4,90.0,45.0,180.0,7,5
Nutrient_Deficiency,North_West,Sudan_Savanna,Lateritic,882.9,30.1,59.4,17.3,7.5,50.0,2,3
Fungal_Blight,South_South,Humid_Forest,Clay_Loam,2541.2,34.6,87.4,90.0,45.0,180.0,10,4
Viral_Mosaic,North_Central,Humid_Forest,Clay_Loam,928.9,28.6,60.5,100.0,55.0,220.0,25,3
Healthy,North_Central,Derived_Savanna,Alluvial,1016.8,28.9,59.0,72.9,36.0,157.3,0,1
Bacterial_Wilt,North_Central,Derived_Savanna,Alluvial,1448.0,30.1,53.6,100.0,55.0,220.0,6,4
Fungal_Blight,South_South,Humid_Forest,Lateritic,2067.6,25.9,85.9,90.0,45.0,180.0,5,3
Healthy,North_West,Derived_Savanna,Alluvial,1278.0,32.0,65.3,68.4,39.7,157.0,1,1
Bacterial_Wilt,South_South,Sudan_Savanna,Clay_Loam,1174.6,32.0,84.8,100.0,55.0,220.0,7,5
Fungal_Blight,South_South,Humid_Forest,Clay_Loam,2342.6,27.5,80.9,90.0,45.0,180.0,11,3
Healthy,North_West,Humid_Forest,Sandy_Loam,1559.6,29.3,72.5,72.3,30.0,165.0,1,1
Healthy,South_East,Humid_Forest,Sandy_Loam,1586.9,27.2,71.6,60.0,32.7,168.7,0,1
Fungal_Blight,South_South,Humid_Forest,Clay_Loam,1923.0,29.8,83.6,90.0,45.0,180.0,6,4
Fungal_Blight,South_East,Humid_Forest,Clay_Loam,1891.0,28.5,91.3,90.0,45.0,180.0,12,5
Healthy,North_Central,Derived_Savanna,Sandy_Loam,1333.5,28.3,49.0,79.6,36.0,201.0,2,1
Fungal_Blight,South_South,Humid_Forest,Clay_Loam,1874.8,24.1,83.8,90.0,45.0,180.0,4,5
Healthy,South_East,Humid_Forest,Sandy_Loam,1202.1,28.0,68.9,70.0,39.5,132.0,0,1
Healthy,North_West,Southern_Guinea_Savanna,Alluvial,1663.9,32.5,68.0,83.9,34.7,169.0,0,1
Fungal_Blight,South_South,Derived_Savanna,Clay_Loam,2145.1,29.7,87.1,90.0,45.0,180.0,7,3
Healthy,North_West,Southern_Guinea_Savanna,Alluvial,1389.8,29.4,56.4,69.3,47.5,152.5,1,1
Fungal_Blight,South_South,Humid_Forest,Sandy_Loam,2164.4,26.2,88.5,90.0,45.0,180.0,7,4
Nutrient_Deficiency,North_East,Sudan_Savanna,Lateritic,822.3,36.6,60.3,30.0,11.0,52.8,1,2
Fungal_Blight,South_South,Humid_Forest,Clay_Loam,2322.1,28.8,87.0,90.0,45.0,180.0,8,3
Bacterial_Wilt,South_East,Humid_Forest,Lateritic,1203.7,34.0,61.4,100.0,55.0,220.0,3,4
Healthy,South_East,Humid_Forest,Alluvial,1792.7,28.0,55.3,67.2,43.2,166.0,1,1
Healthy,South_West,Derived_Savanna,Alluvial,1387.9,30.7,61.8,69.2,38.2,141.4,0,1
Fungal_Blight,South_West,Humid_Forest,Lateritic,2599.8,31.3,86.6,90.0,45.0,180.0,6,5
Nutrient_Deficiency,North_West,Southern_Guinea_Savanna,Lateritic,1049.9,33.2,51.6,27.2,6.6,62.9,3,3
Fungal_Blight,South_West,Humid_Forest,Lateritic,1800.0,27.0,88.1,90.0,45.0,180.0,9,4
Fungal_Blight,South_West,Humid_Forest,Alluvial,1865.1,27.1,91.9,90.0,45.0,180.0,7,3
Nutrient_Deficiency,South_West,Derived_Savanna,Clay_Loam,600.0,25.8,53.7,14.4,8.2,61.2,2,3
Healthy,North_East,Humid_Forest,Alluvial,1160.6,24.6,61.3,100.0,35.0,201.0,0,1
Healthy,North_East,Humid_Forest,Alluvial,970.0,27.6,60.0,76.9,44.8,157.4,2,1
Viral_Mosaic,South_West,Southern_Guinea_Savanna,Lateritic,1067.6,30.4,74.0,100.0,55.0,220.0,24,3
Healthy,North_East,Humid_Forest,Sandy_Loam,863.9,29.5,61.5,82.5,36.8,156.3,0,1
Fungal_Blight,South_East,Derived_Savanna,Lateritic,2210.8,29.4,88.3,90.0,45.0,180.0,8,3
Bacterial_Wilt,South_South,Southern_Guinea_Savanna,Clay_Loam,1237.0,36.0,51.7,100.0,55.0,220.0,2,5
Viral_Mosaic,North_West,Southern_Guinea_Savanna,Lateritic,1047.4,30.9,61.0,100.0,55.0,220.0,28,4
Nutrient_Deficiency,South_South,Derived_Savanna,Lateritic,658.3,26.9,80.0,30.0,6.8,58.6,2,3
Fungal_Blight,South_West,Humid_Forest,Alluvial,2313.7,29.0,91.2,90.0,45.0,180.0,5,4
Bacterial_Wilt,South_East,Southern_Guinea_Savanna,Clay_Loam,944.7,34.7,45.9,100.0,55.0,220.0,11,5
Fungal_Blight,South_East,Derived_Savanna,Sandy_Loam,2080.9,30.4,94.3,90.0,45.0,180.0,9,4
Healthy,North_East,Humid_Forest,Sandy_Loam,1034.4,29.2,54.6,93.5,35.1,151.9,2,1
Nutrient_Deficiency,South_East,Southern_Guinea_Savanna,Alluvial,992.8,27.7,46.6,19.7,11.3,42.6,0,3
Healthy,North_East,Southern_Guinea_Savanna,Alluvial,970.2,27.5,55.6,77.4,45.2,148.6,1,1
Nutrient_Deficiency,South_East,Southern_Guinea_Savanna,Lateritic,671.2,31.9,63.8,30.0,14.8,64.3,0,2
Nutrient_Deficiency,North_Central,Derived_Savanna,Alluvial,1022.8,30.9,40.0,18.8,10.1,47.2,0,3
Nutrient_Deficiency,South_East,Sudan_Savanna,Sandy_Loam,711.0,32.7,43.2,10.2,10.7,57.6,0,2
Healthy,North_West,Derived_Savanna,Clay_Loam,1347.7,28.1,51.8,87.5,30.5,171.5,0,1
Fungal_Blight,South_West,Derived_Savanna,Clay_Loam,2116.1,27.1,93.9,90.0,45.0,180.0,7,3
Viral_Mosaic,North_Central,Southern_Guinea_Savanna,Alluvial,1269.9,30.8,67.3,100.0,55.0,220.0,25,2
Viral_Mosaic,North_Central,Humid_Forest,Clay_Loam,745.5,26.7,73.6,100.0,55.0,220.0,14,3
Healthy,South_West,Derived_Savanna,Alluvial,1012.0,29.0,76.6,79.1,44.7,148.9,0,1
Bacterial_Wilt,South_East,Derived_Savanna,Lateritic,1212.5,33.1,60.9,100.0,55.0,220.0,6,5
Healthy,South_West,Southern_Guinea_Savanna,Sandy_Loam,1192.7,26.3,50.7,77.2,31.5,179.0,0,1
Viral_Mosaic,South_West,Derived_Savanna,Clay_Loam,827.6,31.0,70.2,100.0,55.0,220.0,19,3
Bacterial_Wilt,South_South,Humid_Forest,Clay_Loam,856.5,30.0,47.0,100.0,55.0,220.0,3,5
Viral_Mosaic,South_West,Derived_Savanna,Lateritic,1282.8,30.6,40.4,100.0,55.0,220.0,23,3
Viral_Mosaic,South_West,Derived_Savanna,Clay_Loam,1150.5,27.2,41.4,100.0,55.0,220.0,22,3
Nutrient_Deficiency,South_East,Sudan_Savanna,Sandy_Loam,765.2,29.8,55.6,29.7,15.0,35.6,1,3
Bacterial_Wilt,South_South,Southern_Guinea_Savanna,Alluvial,1409.8,35.3,63.4,100.0,55.0,220.0,5,5
Viral_Mosaic,North_Central,Derived_Savanna,Alluvial,600.0,33.2,63.6,100.0,55.0,220.0,19,3
Viral_Mosaic,South_West,Derived_Savanna,Alluvial,729.9,30.8,68.4,100.0,55.0,220.0,27,4
Bacterial_Wilt,South_West,Southern_Guinea_Savanna,Alluvial,1344.2,33.9,60.9,100.0,55.0,220.0,7,4
Fungal_Blight,South_South,Derived_Savanna,Sandy_Loam,2004.4,25.0,84.7,90.0,45.0,180.0,7,4
Bacterial_Wilt,South_South,Southern_Guinea_Savanna,Clay_Loam,600.0,34.5,62.4,100.0,55.0,220.0,2,4
Nutrient_Deficiency,South_South,Sudan_Savanna,Lateritic,815.7,32.2,61.4,29.4,10.2,36.2,0,4
Viral_Mosaic,South_West,Humid_Forest,Sandy_Loam,1474.2,23.7,66.3,100.0,55.0,220.0,24,3
Viral_Mosaic,North_Central,Derived_Savanna,Alluvial,1030.6,29.5,54.5,100.0,55.0,220.0,28,2
Fungal_Blight,South_South,Humid_Forest,Lateritic,2213.7,25.2,80.0,90.0,45.0,180.0,11,4
Viral_Mosaic,North_West,Derived_Savanna,Alluvial,1721.4,26.7,79.6,100.0,55.0,220.0,23,4
Bacterial_Wilt,South_South,Southern_Guinea_Savanna,Clay_Loam,1360.1,35.6,79.4,100.0,55.0,220.0,4,4
Fungal_Blight,South_West,Derived_Savanna,Sandy_Loam,1800.0,31.3,92.1,90.0,45.0,180.0,7,3
Fungal_Blight,South_South,Derived_Savanna,Sandy_Loam,2438.2,29.7,89.2,90.0,45.0,180.0,10,3
Healthy,South_West,Southern_Guinea_Savanna,Sandy_Loam,1271.4,31.1,49.2,72.0,39.0,161.2,3,1
Bacterial_Wilt,North_West,Southern_Guinea_Savanna,Clay_Loam,822.2,33.8,60.7,100.0,55.0,220.0,9,4
Healthy,North_East,Southern_Guinea_Savanna,Sandy_Loam,1338.5,29.9,48.3,80.8,43.1,153.3,1,1
Bacterial_Wilt,North_West,Derived_Savanna,Clay_Loam,1017.9,35.0,66.9,100.0,55.0,220.0,5,5
Healthy,South_South,Humid_Forest,Sandy_Loam,1187.7,30.8,57.5,85.3,42.4,158.8,0,1
Bacterial_Wilt,North_Central,Southern_Guinea_Savanna,Clay_Loam,768.8,35.7,64.9,100.0,55.0,220.0,10,5
Fungal_Blight,South_West,Humid_Forest,Clay_Loam,1984.3,29.9,86.0,90.0,45.0,180.0,9,3
Bacterial_Wilt,South_East,Southern_Guinea_Savanna,Sandy_Loam,724.7,30.0,68.9,100.0,55.0,220.0,10,5
Healthy,South_East,Humid_Forest,Alluvial,1393.0,29.2,61.8,72.3,37.7,149.9,1,1
Bacterial_Wilt,South_West,Derived_Savanna,Clay_Loam,1003.0,33.3,59.5,100.0,55.0,220.0,4,5
Healthy,North_Central,Derived_Savanna,Alluvial,1306.2,26.0,51.7,66.2,30.8,183.6,1,1
Nutrient_Deficiency,North_East,Sudan_Savanna,Clay_Loam,604.8,33.9,56.0,30.0,7.9,39.7,0,2
Fungal_Blight,South_South,Humid_Forest,Alluvial,2243.5,30.3,87.6,90.0,45.0,180.0,4,3
Nutrient_Deficiency,North_Central,Derived_Savanna,Lateritic,864.4,32.3,56.7,21.7,11.0,42.5,0,2
Viral_Mosaic,South_West,Derived_Savanna,Sandy_Loam,1301.1,29.9,84.1,100.0,55.0,220.0,36,4
Fungal_Blight,South_East,Derived_Savanna,Sandy_Loam,2468.6,29.8,84.2,90.0,45.0,180.0,5,3
Bacterial_Wilt,North_East,Sudan_Savanna,Clay_Loam,857.1,32.8,68.6,100.0,55.0,220.0,8,4
Bacterial_Wilt,South_East,Humid_Forest,Clay_Loam,998.5,30.0,67.9,100.0,55.0,220.0,5,5
Viral_Mosaic,North_Central,Derived_Savanna,Lateritic,1261.4,35.2,51.8,100.0,55.0,220.0,24,4
Nutrient_Deficiency,North_West,Derived_Savanna,Lateritic,988.9,31.0,45.7,20.7,8.3,33.3,1,3
Fungal_Blight,South_South,Derived_Savanna,Sandy_Loam,2028.8,31.2,80.0,90.0,45.0,180.0,11,5
Fungal_Blight,South_South,Humid_Forest,Sandy_Loam,2121.8,27.5,88.0,90.0,45.0,180.0,6,5
Fungal_Blight,South_West,Humid_Forest,Clay_Loam,2029.8,31.2,91.3,90.0,45.0,180.0,6,4
Healthy,North_West,Derived_Savanna,Alluvial,1647.1,22.0,45.4,65.6,33.1,165.1,0,1
Healthy,North_West,Humid_Forest,Clay_Loam,1131.7,26.4,55.4,86.4,39.9,183.0,0,1
Viral_Mosaic,North_Central,Humid_Forest,Alluvial,910.3,30.6,67.3,100.0,55.0,220.0,19,3
Bacterial_Wilt,South_South,Sudan_Savanna,Clay_Loam,1074.3,37.0,56.1,100.0,55.0,220.0,8,5
Viral_Mosaic,North_West,Derived_Savanna,Alluvial,1125.6,27.7,46.5,100.0,55.0,220.0,19,4
Healthy,North_East,Derived_Savanna,Alluvial,1295.0,27.7,71.8,67.2,35.2,185.9,1,1
Nutrient_Deficiency,North_West,Sudan_Savanna,Clay_Loam,678.2,36.4,48.8,20.3,9.4,52.7,0,2
Healthy,South_West,Southern_Guinea_Savanna,Alluvial,1274.9,27.9,65.3,75.7,46.0,181.0,0,1
Nutrient_Deficiency,North_East,Southern_Guinea_Savanna,Lateritic,782.1,26.3,47.6,30.0,5.5,47.0,2,2
Fungal_Blight,South_West,Humid_Forest,Alluvial,1937.0,27.9,87.7,90.0,45.0,180.0,8,3
Bacterial_Wilt,South_West,Southern_Guinea_Savanna,Clay_Loam,854.0,33.5,75.3,100.0,55.0,220.0,4,5
Bacterial_Wilt,North_East,Humid_Forest,Clay_Loam,1037.3,30.0,50.7,100.0,55.0,220.0,9,5
Nutrient_Deficiency,South_South,Southern_Guinea_Savanna,Alluvial,731.9,30.7,65.7,21.3,12.3,55.3,0,3
Fungal_Blight,South_West,Humid_Forest,Sandy_Loam,1815.8,28.3,86.5,90.0,45.0,180.0,10,3
Viral_Mosaic,South_West,Southern_Guinea_Savanna,Lateritic,1118.2,27.7,59.6,100.0,55.0,220.0,30,2
Fungal_Blight,South_South,Humid_Forest,Alluvial,2313.1,31.0,87.6,90.0,45.0,180.0,8,4
Nutrient_Deficiency,North_West,Sudan_Savanna,Lateritic,600.0,30.9,40.0,16.9,10.7,37.3,2,2
Bacterial_Wilt,South_South,Southern_Guinea_Savanna,Clay_Loam,1414.3,31.6,77.2,100.0,55.0,220.0,4,5
Healthy,South_East,Southern_Guinea_Savanna,Clay_Loam,1512.8,31.8,61.4,65.8,35.5,185.2,0,1
Viral_Mosaic,South_West,Derived_Savanna,Sandy_Loam,1010.0,29.7,82.6,100.0,55.0,220.0,21,3
Healthy,North_East,Southern_Guinea_Savanna,Sandy_Loam,1558.7,24.4,68.6,78.5,41.3,171.2,1,1
Fungal_Blight,South_South,Derived_Savanna,Alluvial,1800.0,32.8,80.8,90.0,45.0,180.0,7,4
Fungal_Blight,South_West,Humid_Forest,Sandy_Loam,1800.0,30.1,86.3,90.0,45.0,180.0,7,5
Viral_Mosaic,North_West,Southern_Guinea_Savanna,Lateritic,776.8,27.1,70.6,100.0,55.0,220.0,34,4
Viral_Mosaic,North_Central,Derived_Savanna,Lateritic,1173.7,29.0,59.9,100.0,55.0,220.0,21,4
Nutrient_Deficiency,North_East,Sudan_Savanna,Sandy_Loam,822.2,28.5,40.0,15.3,6.9,42.2,1,3
Healthy,North_West,Southern_Guinea_Savanna,Clay_Loam,1272.1,26.1,64.7,78.2,41.7,129.6,0,1
Healthy,North_Central,Humid_Forest,Alluvial,1846.9,24.8,56.8,79.9,33.5,179.6,1,1
Fungal_Blight,South_South,Humid_Forest,Clay_Loam,1891.6,27.6,83.8,90.0,45.0,180.0,9,3
Fungal_Blight,South_East,Derived_Savanna,Clay_Loam,2295.0,31.4,82.3,90.0,45.0,180.0,10,5
Nutrient_Deficiency,South_East,Southern_Guinea_Savanna,Lateritic,841.4,32.3,57.6,21.8,9.5,47.0,2,2
Bacterial_Wilt,South_East,Sudan_Savanna,Alluvial,691.1,33.7,79.6,100.0,55.0,220.0,8,5
Viral_Mosaic,North_Central,Derived_Savanna,Sandy_Loam,1675.2,34.4,70.6,100.0,55.0,220.0,21,3
Nutrient_Deficiency,South_South,Derived_Savanna,Lateritic,793.8,37.4,46.6,18.1,15.0,45.3,1,3
Viral_Mosaic,South_West,Southern_Guinea_Savanna,Alluvial,1100.4,27.5,63.2,100.0,55.0,220.0,17,2
Nutrient_Deficiency,South_East,Southern_Guinea_Savanna,Lateritic,613.1,26.2,65.0,13.8,6.6,43.8,1,3
Nutrient_Deficiency,North_East,Derived_Savanna,Sandy_Loam,839.9,36.9,55.0,26.4,11.9,42.9,0,4
Healthy,South_South,Humid_Forest,Alluvial,1435.0,24.8,54.3,82.2,35.6,158.4,1,1
Nutrient_Deficiency,North_West,Sudan_Savanna,Lateritic,970.3,34.3,72.8,24.1,9.9,52.3,1,4
Bacterial_Wilt,South_South,Derived_Savanna,Clay_Loam,600.0,32.4,77.0,100.0,55.0,220.0,9,5
Nutrient_Deficiency,South_East,Derived_Savanna,Sandy_Loam,659.8,33.2,62.3,22.4,9.3,45.6,0,2
Healthy,North_Central,Derived_Savanna,Alluvial,1476.1,30.0,62.7,92.1,41.0,138.5,1,1
Fungal_Blight,South_South,Derived_Savanna,Sandy_Loam,1800.0,29.5,87.5,90.0,45.0,180.0,6,3
Fungal_Blight,South_West,Derived_Savanna,Clay_Loam,2174.1,28.5,93.7,90.0,45.0,180.0,9,3
Fungal_Blight,South_South,Humid_Forest,Alluvial,2231.8,30.6,90.7,90.0,45.0,180.0,8,3
Bacterial_Wilt,North_East,Sudan_Savanna,Alluvial,1271.9,33.4,51.9,100.0,55.0,220.0,6,5
Nutrient_Deficiency,North_Central,Derived_Savanna,Lateritic,600.0,31.4,63.0,30.0,8.5,42.4,0,2
Viral_Mosaic,North_West,Southern_Guinea_Savanna,Sandy_Loam,1230.0,32.0,49.8,100.0,55.0,220.0,22,2
Fungal_Blight,South_South,Humid_Forest,Alluvial,1800.0,31.2,93.2,90.0,45.0,180.0,9,4
Healthy,North_Central,Southern_Guinea_Savanna,Clay_Loam,1181.5,28.5,49.2,75.9,30.0,118.1,0,1
Bacterial_Wilt,South_South,Southern_Guinea_Savanna,Clay_Loam,1905.3,31.8,69.4,100.0,55.0,220.0,9,5
Fungal_Blight,South_South,Humid_Forest,Sandy_Loam,2125.7,28.4,89.5,90.0,45.0,180.0,10,3
Fungal_Blight,South_West,Derived_Savanna,Sandy_Loam,2642.6,32.8,87.2,90.0,45.0,180.0,5,4
Fungal_Blight,South_South,Humid_Forest,Clay_Loam,2202.6,30.5,87.5,90.0,45.0,180.0,9,4
Viral_Mosaic,North_West,Derived_Savanna,Clay_Loam,933.1,29.2,72.7,100.0,55.0,220.0,21,3
Bacterial_Wilt,North_East,Derived_Savanna,Clay_Loam,1019.9,33.7,58.9,100.0,55.0,220.0,1,4
Fungal_Blight,South_South,Humid_Forest,Sandy_Loam,2129.6,26.7,91.3,90.0,45.0,180.0,10,4
Viral_Mosaic,South_West,Derived_Savanna,Sandy_Loam,1005.0,25.0,73.4,100.0,55.0,220.0,17,4
Bacterial_Wilt,North_East,Southern_Guinea_Savanna,Clay_Loam,1589.6,34.2,86.3,100.0,55.0,220.0,8,4
Fungal_Blight,South_South,Humid_Forest,Lateritic,2137.0,26.4,86.0,90.0,45.0,180.0,9,5
Bacterial_Wilt,South_South,Humid_Forest,Clay_Loam,1031.1,37.7,77.5,100.0,55.0,220.0,8,5
Bacterial_Wilt,North_East,Sudan_Savanna,Clay_Loam,600.0,33.6,59.0,100.0,55.0,220.0,4,5
Healthy,South_South,Derived_Savanna,Alluvial,1331.6,26.3,76.9,96.9,47.2,183.9,1,1
Fungal_Blight,South_West,Derived_Savanna,Alluvial,1938.0,26.1,86.9,90.0,45.0,180.0,9,4
Nutrient_Deficiency,North_East,Sudan_Savanna,Lateritic,870.4,29.7,41.4,12.7,6.1,70.0,0,3
Healthy,South_West,Humid_Forest,Alluvial,1666.0,30.5,64.2,95.6,40.9,169.7,1,1
Bacterial_Wilt,South_East,Sudan_Savanna,Clay_Loam,600.0,32.8,75.5,100.0,55.0,220.0,6,5
Nutrient_Deficiency,North_East,Sudan_Savanna,Alluvial,1103.3,28.6,49.8,18.6,8.9,70.0,1,4
Bacterial_Wilt,North_East,Sudan_Savanna,Lateritic,1060.8,32.1,72.5,100.0,55.0,220.0,3,5
Fungal_Blight,South_West,Humid_Forest,Alluvial,2199.2,29.9,82.2,90.0,45.0,180.0,10,4
Fungal_Blight,South_West,Derived_Savanna,Sandy_Loam,2221.6,30.9,82.1,90.0,45.0,180.0,7,5
Fungal_Blight,South_South,Humid_Forest,Alluvial,2164.7,27.3,84.6,90.0,45.0,180.0,9,5
Bacterial_Wilt,South_South,Sudan_Savanna,Clay_Loam,1468.4,31.1,51.4,100.0,55.0,220.0,2,4
Healthy,South_South,Derived_Savanna,Alluvial,1327.1,27.0,54.1,84.9,38.4,149.8,0,1
Nutrient_Deficiency,North_West,Sudan_Savanna,Lateritic,970.9,24.7,53.7,10.0,6.8,43.1,2,4
Bacterial_Wilt,North_West,Sudan_Savanna,Alluvial,1292.4,34.6,70.5,100.0,55.0,220.0,7,5
Nutrient_Deficiency,North_East,Derived_Savanna,Clay_Loam,953.5,31.1,64.1,23.2,11.7,57.4,0,3
Bacterial_Wilt,South_South,Sudan_Savanna,Sandy_Loam,1422.9,32.0,76.0,100.0,55.0,220.0,6,4
Fungal_Blight,South_South,Humid_Forest,Lateritic,2408.1,29.9,84.7,90.0,45.0,180.0,5,4
Nutrient_Deficiency,North_West,Sudan_Savanna,Lateritic,872.5,28.4,70.8,23.0,9.2,51.3,0,2
Bacterial_Wilt,South_West,Derived_Savanna,Lateritic,600.0,35.4,65.6,100.0,55.0,220.0,7,5
Healthy,South_South,Southern_Guinea_Savanna,Sandy_Loam,1110.8,25.8,51.4,70.3,36.5,158.8,0,1
Bacterial_Wilt,North_East,Southern_Guinea_Savanna,Sandy_Loam,647.7,35.5,77.4,100.0,55.0,220.0,8,5
Nutrient_Deficiency,North_East,Derived_Savanna,Alluvial,667.8,29.9,66.4,28.1,9.8,38.7,1,3
Bacterial_Wilt,South_East,Derived_Savanna,Clay_Loam,1138.6,33.6,90.0,100.0,55.0,220.0,6,5
Bacterial_Wilt,North_Central,Humid_Forest,Alluvial,1354.0,31.9,69.4,100.0,55.0,220.0,9,4
Bacterial_Wilt,North_Central,Derived_Savanna,Alluvial,867.8,32.8,76.4,100.0,55.0,220.0,6,5
Fungal_Blight,South_South,Humid_Forest,Lateritic,1800.0,28.9,87.2,90.0,45.0,180.0,4,3
Fungal_Blight,South_East,Humid_Forest,Alluvial,2242.5,27.6,91.0,90.0,45.0,180.0,8,5
Fungal_Blight,South_West,Humid_Forest,Clay_Loam,2114.6,27.8,85.6,90.0,45.0,180.0,6,4
Bacterial_Wilt,North_Central,Derived_Savanna,Alluvial,1565.9,32.8,71.4,100.0,55.0,220.0,8,5
Viral_Mosaic,North_West,Derived_Savanna,Alluvial,859.0,31.1,54.1,100.0,55.0,220.0,30,4
Viral_Mosaic,North_Central,Humid_Forest,Alluvial,977.5,27.2,77.4,100.0,55.0,220.0,22,4
Fungal_Blight,South_South,Humid_Forest,Alluvial,2394.9,33.9,91.2,90.0,45.0,180.0,14,3
Bacterial_Wilt,South_East,Southern_Guinea_Savanna,Clay_Loam,846.1,34.7,72.9,100.0,55.0,220.0,5,4
Healthy,South_East,Southern_Guinea_Savanna,Clay_Loam,1116.4,23.0,52.4,90.4,42.6,126.3,0,1
Viral_Mosaic,North_West,Derived_Savanna,Clay_Loam,1044.5,27.5,65.6,100.0,55.0,220.0,24,4
Healthy,North_East,Southern_Guinea_Savanna,Sandy_Loam,1484.3,27.6,62.3,68.0,43.3,183.9,1,1
Fungal_Blight,South_West,Humid_Forest,Sandy_Loam,2630.2,31.0,80.0,90.0,45.0,180.0,7,3
Nutrient_Deficiency,North_Central,Sudan_Savanna,Alluvial,717.4,32.5,49.6,18.9,15.0,62.9,2,2
Healthy,North_West,Humid_Forest,Clay_Loam,1525.1,29.1,71.5,66.2,47.3,198.1,1,1
Nutrient_Deficiency,North_Central,Derived_Savanna,Lateritic,1052.1,35.6,54.3,25.4,9.1,49.3,0,3
Healthy,North_West,Southern_Guinea_Savanna,Alluvial,876.0,27.2,58.5,74.6,40.2,187.4,0,1
Nutrient_Deficiency,South_West,Sudan_Savanna,Alluvial,1001.3,30.9,60.0,24.5,12.5,38.6,0,2
Healthy,North_East,Southern_Guinea_Savanna,Clay_Loam,1500.2,27.0,59.4,86.3,40.1,149.7,0,1
Healthy,South_South,Derived_Savanna,Clay_Loam,1305.4,25.6,61.5,74.5,39.9,122.3,3,1
Viral_Mosaic,North_Central,Humid_Forest,Clay_Loam,1530.1,31.1,51.9,100.0,55.0,220.0,27,3
Healthy,North_West,Humid_Forest,Alluvial,1674.0,29.1,61.4,74.5,46.0,220.0,0,1
Viral_Mosaic,North_Central,Southern_Guinea_Savanna,Lateritic,1131.3,27.9,42.1,100.0,55.0,220.0,31,2
Fungal_Blight,South_West,Humid_Forest,Sandy_Loam,2458.4,29.4,89.6,90.0,45.0,180.0,6,4
Fungal_Blight,South_West,Humid_Forest,Sandy_Loam,1800.0,26.7,91.1,90.0,45.0,180.0,8,4
Nutrient_Deficiency,South_East,Sudan_Savanna,Sandy_Loam,716.1,26.5,51.3,25.6,13.8,70.0,1,3
Nutrient_Deficiency,South_West,Derived_Savanna,Lateritic,652.0,28.3,60.1,20.1,9.3,57.9,2,4
Viral_Mosaic,North_Central,Derived_Savanna,Sandy_Loam,806.8,29.7,70.7,100.0,55.0,220.0,37,3
Healthy,South_South,Derived_Savanna,Alluvial,1262.9,27.0,57.2,85.6,44.5,179.3,0,1
Fungal_Blight,South_East,Derived_Savanna,Alluvial,2338.5,31.4,95.0,90.0,45.0,180.0,13,5
Nutrient_Deficiency,South_West,Sudan_Savanna,Sandy_Loam,610.2,33.9,54.1,23.6,15.0,41.3,1,2
Bacterial_Wilt,South_East,Derived_Savanna,Clay_Loam,1193.6,32.7,42.3,100.0,55.0,220.0,5,4
Fungal_Blight,South_South,Humid_Forest,Sandy_Loam,1805.2,26.4,90.2,90.0,45.0,180.0,8,5
Nutrient_Deficiency,North_East,Southern_Guinea_Savanna,Lateritic,831.1,30.1,46.9,14.3,12.5,52.5,2,2
Healthy,South_South,Derived_Savanna,Sandy_Loam,1775.4,28.6,62.9,79.5,44.9,189.0,1,1
Nutrient_Deficiency,South_West,Sudan_Savanna,Lateritic,659.5,28.2,56.6,16.3,15.0,37.3,2,3
Healthy,North_East,Humid_Forest,Clay_Loam,1680.9,24.6,48.2,60.0,44.3,140.7,2,1
Viral_Mosaic,South_West,Southern_Guinea_Savanna,Alluvial,1315.7,26.0,77.6,100.0,55.0,220.0,36,4
Viral_Mosaic,South_West,Humid_Forest,Sandy_Loam,1151.2,28.7,66.1,100.0,55.0,220.0,30,2
Fungal_Blight,South_South,Humid_Forest,Clay_Loam,2199.6,27.5,93.9,90.0,45.0,180.0,7,4
Bacterial_Wilt,South_South,Derived_Savanna,Clay_Loam,1534.2,31.8,52.8,100.0,55.0,220.0,7,4
Nutrient_Deficiency,North_West,Sudan_Savanna,Lateritic,829.3,32.2,56.8,23.0,10.8,58.8,1,2
Fungal_Blight,South_South,Derived_Savanna,Clay_Loam,1800.0,27.5,86.1,90.0,45.0,180.0,5,4
Fungal_Blight,South_West,Derived_Savanna,Sandy_Loam,2375.4,30.0,80.6,90.0,45.0,180.0,8,4
Nutrient_Deficiency,North_East,Sudan_Savanna,Lateritic,900.4,27.1,51.0,23.1,15.0,51.4,1,3
Viral_Mosaic,North_Central,Derived_Savanna,Lateritic,961.2,32.0,59.0,100.0,55.0,220.0,31,3
Nutrient_Deficiency,South_East,Sudan_Savanna,Alluvial,723.5,32.9,41.2,18.9,9.5,59.5,0,3
Bacterial_Wilt,North_West,Sudan_Savanna,Alluvial,1330.3,34.8,59.0,100.0,55.0,220.0,7,4
Nutrient_Deficiency,North_West,Sudan_Savanna,Lateritic,661.4,31.8,63.2,21.6,6.6,42.0,2,3
Viral_Mosaic,North_Central,Southern_Guinea_Savanna,Clay_Loam,1150.6,31.6,40.0,100.0,55.0,220.0,25,4
Healthy,South_South,Derived_Savanna,Sandy_Loam,1408.3,27.3,46.7,71.4,48.8,145.3,0,1
Viral_Mosaic,North_Central,Southern_Guinea_Savanna,Alluvial,1161.3,26.5,72.4,100.0,55.0,220.0,30,4
Fungal_Blight,South_South,Humid_Forest,Alluvial,1800.0,33.2,85.3,90.0,45.0,180.0,12,4
Bacterial_Wilt,North_Central,Derived_Savanna,Lateritic,1082.7,33.4,75.0,100.0,55.0,220.0,9,4
Fungal_Blight,South_West,Derived_Savanna,Clay_Loam,2260.5,28.5,87.9,90.0,45.0,180.0,6,4
Healthy,North_Central,Derived_Savanna,Alluvial,1051.8,24.4,67.3,83.8,41.9,156.8,0,1
Fungal_Blight,South_South,Derived_Savanna,Lateritic,1840.2,27.3,80.9,90.0,45.0,180.0,6,4
Bacterial_Wilt,South_East,Derived_Savanna,Lateritic,968.5,32.8,64.6,100.0,55.0,220.0,5,4
Bacterial_Wilt,North_Central,Sudan_Savanna,Clay_Loam,1300.3,31.2,50.4,100.0,55.0,220.0,5,4
Viral_Mosaic,South_West,Southern_Guinea_Savanna,Alluvial,1062.0,28.6,63.9,100.0,55.0,220.0,25,3
Healthy,South_South,Southern_Guinea_Savanna,Sandy_Loam,796.2,26.4,65.3,66.8,42.1,138.3,1,1
Healthy,North_West,Southern_Guinea_Savanna,Sandy_Loam,1429.4,26.2,63.5,70.4,35.9,124.8,0,1
Nutrient_Deficiency,North_East,Derived_Savanna,Lateritic,779.0,31.6,67.0,25.1,10.1,70.0,0,2
Fungal_Blight,South_South,Humid_Forest,Clay_Loam,2094.9,30.3,95.0,90.0,45.0,180.0,3,3
Bacterial_Wilt,South_East,Derived_Savanna,Clay_Loam,1677.4,34.1,69.4,100.0,55.0,220.0,6,5
Fungal_Blight,South_South,Derived_Savanna,Sandy_Loam,2629.3,31.2,82.3,90.0,45.0,180.0,7,4
Healthy,North_West,Derived_Savanna,Sandy_Loam,1008.1,30.9,74.3,62.2,38.3,195.2,0,1
Bacterial_Wilt,North_West,Southern_Guinea_Savanna,Clay_Loam,1030.0,37.1,87.0,100.0,55.0,220.0,6,5
Nutrient_Deficiency,North_West,Sudan_Savanna,Lateritic,737.5,31.0,57.3,18.3,6.5,49.4,1,2
Healthy,North_Central,Derived_Savanna,Alluvial,1143.3,32.5,67.7,72.4,42.2,184.3,0,1
Healthy,South_South,Derived_Savanna,Alluvial,661.5,30.3,51.1,75.8,33.1,115.0,2,1
Fungal_Blight,South_South,Humid_Forest,Alluvial,2246.8,31.1,84.5,90.0,45.0,180.0,9,4
Healthy,North_West,Humid_Forest,Clay_Loam,1441.5,29.7,67.1,66.8,30.5,121.2,3,1
Healthy,North_Central,Derived_Savanna,Sandy_Loam,1445.5,30.2,69.2,85.5,38.0,144.4,0,1
Fungal_Blight,South_South,Humid_Forest,Sandy_Loam,2181.3,31.4,90.2,90.0,45.0,180.0,7,3
Viral_Mosaic,North_Central,Southern_Guinea_Savanna,Clay_Loam,1499.8,31.1,88.5,100.0,55.0,220.0,21,4
Viral_Mosaic,North_Central,Derived_Savanna,Sandy_Loam,600.0,29.5,78.8,100.0,55.0,220.0,15,4
Fungal_Blight,South_East,Humid_Forest,Alluvial,2014.9,28.5,88.8,90.0,45.0,180.0,7,3
Healthy,South_West,Humid_Forest,Sandy_Loam,1543.2,28.3,60.4,60.9,40.6,156.8,1,1
Healthy,South_East,Humid_Forest,Clay_Loam,1695.6,28.9,76.6,98.2,37.7,142.6,0,1
Healthy,North_West,Derived_Savanna,Alluvial,1001.0,29.1,71.6,71.9,38.3,160.4,1,1
Healthy,North_East,Humid_Forest,Alluvial,837.0,30.0,56.6,74.8,35.1,153.5,3,1
Healthy,South_East,Humid_Forest,Sandy_Loam,1600.9,28.9,61.1,89.4,35.5,121.8,1,1
Bacterial_Wilt,North_Central,Southern_Guinea_Savanna,Clay_Loam,1051.0,35.2,73.3,100.0,55.0,220.0,7,5
Nutrient_Deficiency,South_South,Sudan_Savanna,Lateritic,600.0,33.9,56.3,17.3,12.3,47.2,0,2
Bacterial_Wilt,North_West,Southern_Guinea_Savanna,Clay_Loam,1508.6,31.2,90.0,100.0,55.0,220.0,6,4
Nutrient_Deficiency,North_East,Derived_Savanna,Clay_Loam,676.1,32.3,41.4,13.3,9.7,58.2,2,4
Viral_Mosaic,North_Central,Southern_Guinea_Savanna,Lateritic,819.2,27.6,68.2,100.0,55.0,220.0,9,3
Healthy,South_South,Humid_Forest,Sandy_Loam,1133.9,30.2,58.6,69.8,39.1,165.7,2,1
Healthy,South_West,Humid_Forest,Sandy_Loam,1643.7,25.3,68.3,72.6,43.1,177.1,0,1
Viral_Mosaic,South_West,Southern_Guinea_Savanna,Sandy_Loam,1141.8,30.1,45.5,100.0,55.0,220.0,25,4
Bacterial_Wilt,South_East,Humid_Forest,Clay_Loam,968.2,34.2,59.4,100.0,55.0,220.0,3,5
Fungal_Blight,South_South,Derived_Savanna,Clay_Loam,2221.1,27.5,87.6,90.0,45.0,180.0,13,4
Viral_Mosaic,North_Central,Humid_Forest,Alluvial,1169.1,23.5,67.7,100.0,55.0,220.0,31,3
Fungal_Blight,South_South,Humid_Forest,Lateritic,2261.9,30.0,91.2,90.0,45.0,180.0,10,4
Healthy,North_Central,Southern_Guinea_Savanna,Alluvial,1407.4,28.5,64.2,65.2,33.6,186.3,3,1
Nutrient_Deficiency,North_West,Derived_Savanna,Lateritic,820.4,32.3,55.8,14.9,11.2,44.8,3,3
Fungal_Blight,South_South,Derived_Savanna,Sandy_Loam,2297.0,29.9,90.0,90.0,45.0,180.0,13,3
Viral_Mosaic,South_West,Derived_Savanna,Lateritic,1367.9,30.4,77.2,100.0,55.0,220.0,24,3
Healthy,South_South,Humid_Forest,Alluvial,1821.1,31.5,45.9,88.7,42.6,152.8,1,1
Viral_Mosaic,South_West,Derived_Savanna,Clay_Loam,1588.1,33.3,67.1,100.0,55.0,220.0,15,2
Nutrient_Deficiency,South_East,Sudan_Savanna,Lateritic,742.9,33.1,46.0,10.7,8.4,62.5,2,2
Bacterial_Wilt,South_South,Derived_Savanna,Clay_Loam,659.8,30.0,66.8,100.0,55.0,220.0,7,5
Healthy,North_East,Derived_Savanna,Sandy_Loam,1572.8,27.7,69.5,86.7,30.0,137.5,0,1
Fungal_Blight,South_West,Humid_Forest,Lateritic,1800.0,30.0,89.0,90.0,45.0,180.0,6,4
Viral_Mosaic,North_West,Derived_Savanna,Lateritic,600.0,26.6,71.4,100.0,55.0,220.0,24,3
Viral_Mosaic,South_West,Derived_Savanna,Sandy_Loam,733.0,29.2,62.0,100.0,55.0,220.0,17,4
Fungal_Blight,South_East,Derived_Savanna,Lateritic,2357.3,28.1,89.9,90.0,45.0,180.0,8,3
Fungal_Blight,South_East,Derived_Savanna,Sandy_Loam,2437.8,26.0,81.7,90.0,45.0,180.0,9,5
Viral_Mosaic,South_West,Derived_Savanna,Sandy_Loam,1283.4,26.2,76.0,100.0,55.0,220.0,32,3
Nutrient_Deficiency,North_East,Sudan_Savanna,Lateritic,827.4,32.7,44.2,10.5,10.3,35.2,1,4
Viral_Mosaic,South_West,Derived_Savanna,Sandy_Loam,1473.8,31.5,53.9,100.0,55.0,220.0,25,3
Healthy,North_West,Derived_Savanna,Sandy_Loam,1514.6,27.4,62.3,63.5,37.5,158.7,1,1
Healthy,North_Central,Humid_Forest,Alluvial,1434.9,30.2,77.1,84.8,39.9,176.8,1,1
Fungal_Blight,South_South,Humid_Forest,Alluvial,1994.4,29.3,81.2,90.0,45.0,180.0,3,4
Fungal_Blight,South_East,Humid_Forest,Alluvial,2151.1,27.4,90.7,90.0,45.0,180.0,8,3
Healthy,North_East,Derived_Savanna,Alluvial,1471.7,28.2,65.5,76.9,36.6,165.2,0,1
Fungal_Blight,South_South,Humid_Forest,Alluvial,2297.1,27.8,81.6,90.0,45.0,180.0,8,4
Fungal_Blight,South_East,Humid_Forest,Alluvial,1858.5,29.5,89.7,90.0,45.0,180.0,5,4
Bacterial_Wilt,South_West,Derived_Savanna,Alluvial,1469.0,31.7,85.5,100.0,55.0,220.0,4,4
Healthy,North_West,Southern_Guinea_Savanna,Sandy_Loam,984.6,25.8,62.5,82.9,43.8,114.4,0,1
Bacterial_Wilt,North_East,Derived_Savanna,Clay_Loam,1529.0,34.4,62.5,100.0,55.0,220.0,7,5
Healthy,South_South,Southern_Guinea_Savanna,Alluvial,1340.2,34.3,67.4,75.5,36.2,109.4,1,1
Healthy,South_East,Derived_Savanna,Alluvial,1058.7,28.9,77.7,60.0,38.1,189.1,1,1
Bacterial_Wilt,North_Central,Southern_Guinea_Savanna,Lateritic,1357.1,31.6,68.2,100.0,55.0,220.0,3,5
Healthy,South_South,Humid_Forest,Sandy_Loam,1324.8,24.2,57.7,80.8,34.6,132.1,1,1
Healthy,South_West,Southern_Guinea_Savanna,Sandy_Loam,1314.2,29.3,61.4,82.9,39.3,110.6,0,1
Bacterial_Wilt,South_South,Humid_Forest,Clay_Loam,737.3,36.4,74.4,100.0,55.0,220.0,4,5
Viral_Mosaic,North_Central,Derived_Savanna,Alluvial,751.9,28.9,57.5,100.0,55.0,220.0,28,2
Fungal_Blight,South_East,Derived_Savanna,Lateritic,2016.4,29.8,88.2,90.0,45.0,180.0,9,5
Nutrient_Deficiency,South_South,Sudan_Savanna,Lateritic,854.0,33.5,45.4,16.5,7.6,59.3,0,3
Healthy,North_Central,Humid_Forest,Alluvial,1415.0,26.3,78.1,79.4,37.2,164.6,0,1
Bacterial_Wilt,North_East,Derived_Savanna,Lateritic,848.6,33.4,68.0,100.0,55.0,220.0,7,5
Bacterial_Wilt,North_Central,Southern_Guinea_Savanna,Clay_Loam,1052.3,33.9,87.8,100.0,55.0,220.0,4,4
Viral_Mosaic,North_Central,Derived_Savanna,Clay_Loam,1105.8,29.2,79.2,100.0,55.0,220.0,18,3
Bacterial_Wilt,North_West,Derived_Savanna,Clay_Loam,1380.5,33.1,78.5,100.0,55.0,220.0,3,5
Viral_Mosaic,North_West,Derived_Savanna,Sandy_Loam,1374.1,30.2,46.1,100.0,55.0,220.0,21,4
Bacterial_Wilt,South_South,Sudan_Savanna,Clay_Loam,1955.0,31.6,49.8,100.0,55.0,220.0,3,4
Nutrient_Deficiency,South_West,Sudan_Savanna,Lateritic,704.3,32.8,62.9,22.7,9.9,56.9,2,3
Viral_Mosaic,North_West,Derived_Savanna,Sandy_Loam,987.3,33.3,81.6,100.0,55.0,220.0,19,2
Nutrient_Deficiency,South_South,Sudan_Savanna,Lateritic,956.3,31.8,75.2,17.1,14.0,51.0,0,2
Viral_Mosaic,North_Central,Southern_Guinea_Savanna,Alluvial,1023.7,34.1,85.7,100.0,55.0,220.0,32,3
Viral_Mosaic,South_West,Southern_Guinea_Savanna,Alluvial,1198.9,30.1,60.1,100.0,55.0,220.0,21,2
Nutrient_Deficiency,North_East,Southern_Guinea_Savanna,Clay_Loam,860.7,35.4,55.1,10.0,9.3,33.4,1,4
Fungal_Blight,South_South,Derived_Savanna,Clay_Loam,2006.4,26.1,89.2,90.0,45.0,180.0,11,4
Nutrient_Deficiency,South_East,Southern_Guinea_Savanna,Lateritic,954.6,32.7,50.0,22.5,7.7,39.4,2,3
Healthy,North_West,Humid_Forest,Clay_Loam,1255.4,24.6,47.8,71.8,38.0,183.7,0,1
Viral_Mosaic,South_West,Derived_Savanna,Sandy_Loam,1074.7,28.0,59.5,100.0,55.0,220.0,24,3
Nutrient_Deficiency,North_East,Sudan_Savanna,Clay_Loam,600.0,34.7,59.3,17.4,8.3,63.1,1,4
Healthy,North_East,Humid_Forest,Alluvial,1438.7,24.4,70.2,74.7,34.9,144.5,0,1
Bacterial_Wilt,South_East,Sudan_Savanna,Clay_Loam,1140.4,34.0,71.9,100.0,55.0,220.0,1,4
Bacterial_Wilt,South_West,Southern_Guinea_Savanna,Clay_Loam,1026.2,30.8,67.5,100.0,55.0,220.0,5,5
Healthy,South_West,Derived_Savanna,Sandy_Loam,1412.0,28.9,62.4,81.3,36.9,119.6,0,1
Bacterial_Wilt,South_South,Southern_Guinea_Savanna,Clay_Loam,1308.6,34.2,67.8,100.0,55.0,220.0,9,5
Fungal_Blight,South_East,Humid_Forest,Lateritic,2094.3,27.1,83.4,90.0,45.0,180.0,13,5
Viral_Mosaic,South_West,Humid_Forest,Lateritic,1137.2,29.2,61.5,100.0,55.0,220.0,25,2
Healthy,South_South,Southern_Guinea_Savanna,Clay_Loam,1378.3,27.9,74.4,70.5,34.7,125.4,0,1
Nutrient_Deficiency,North_Central,Sudan_Savanna,Alluvial,789.8,27.3,71.0,30.0,8.6,33.4,0,3
Fungal_Blight,South_South,Derived_Savanna,Clay_Loam,1918.9,31.5,88.8,90.0,45.0,180.0,11,4
Fungal_Blight,South_South,Humid_Forest,Alluvial,2007.4,28.5,88.2,90.0,45.0,180.0,8,3
Nutrient_Deficiency,North_West,Derived_Savanna,Sandy_Loam,897.7,30.8,58.0,23.5,5.2,57.8,0,2
Healthy,South_South,Southern_Guinea_Savanna,Alluvial,1054.6,25.4,69.4,70.5,44.1,171.6,1,1
Healthy,North_West,Derived_Savanna,Sandy_Loam,1378.3,28.3,68.5,72.0,39.3,143.2,0,1
Viral_Mosaic,South_West,Derived_Savanna,Clay_Loam,634.9,33.1,52.3,100.0,55.0,220.0,28,3
Fungal_Blight,South_East,Humid_Forest,Clay_Loam,2281.2,28.7,84.7,90.0,45.0,180.0,9,4
Fungal_Blight,South_West,Humid_Forest,Clay_Loam,2036.7,28.4,83.1,90.0,45.0,180.0,7,3
Bacterial_Wilt,South_South,Humid_Forest,Clay_Loam,1507.5,34.4,60.1,100.0,55.0,220.0,5,4
Fungal_Blight,South_South,Humid_Forest,Clay_Loam,2283.5,25.9,89.3,90.0,45.0,180.0,5,4
Fungal_Blight,South_East,Derived_Savanna,Sandy_Loam,2071.3,30.2,92.1,90.0,45.0,180.0,7,5
Fungal_Blight,South_South,Humid_Forest,Alluvial,2297.3,30.0,80.5,90.0,45.0,180.0,4,4
Bacterial_Wilt,North_West,Derived_Savanna,Clay_Loam,982.4,31.5,66.4,100.0,55.0,220.0,6,4
Fungal_Blight,South_East,Humid_Forest,Sandy_Loam,2224.1,32.0,89.8,90.0,45.0,180.0,9,5
Nutrient_Deficiency,South_West,Southern_Guinea_Savanna,Lateritic,815.9,31.0,59.2,28.7,10.8,65.7,1,2
Viral_Mosaic,South_West,Derived_Savanna,Clay_Loam,1522.1,28.6,60.3,100.0,55.0,220.0,44,2
Healthy,South_East,Southern_Guinea_Savanna,Sandy_Loam,1497.5,27.0,50.2,69.0,32.3,189.1,1,1
Fungal_Blight,South_South,Humid_Forest,Clay_Loam,2071.6,32.2,89.7,90.0,45.0,180.0,6,5
Fungal_Blight,South_East,Humid_Forest,Sandy_Loam,1901.8,32.6,81.0,90.0,45.0,180.0,9,4
Healthy,South_South,Humid_Forest,Alluvial,1650.4,25.1,59.0,75.9,42.0,187.9,0,1
Viral_Mosaic,North_West,Southern_Guinea_Savanna,Sandy_Loam,1166.9,28.6,67.8,100.0,55.0,220.0,23,4
Fungal_Blight,South_South,Humid_Forest,Clay_Loam,1963.0,28.1,85.4,90.0,45.0,180.0,6,5
Nutrient_Deficiency,North_East,Southern_Guinea_Savanna,Lateritic,665.4,29.7,52.0,22.3,13.1,37.6,2,3
Bacterial_Wilt,North_Central,Humid_Forest,Clay_Loam,1163.0,35.4,62.5,100.0,55.0,220.0,2,4
Fungal_Blight,South_East,Derived_Savanna,Clay_Loam,1800.0,29.4,90.6,90.0,45.0,180.0,7,4
Viral_Mosaic,South_West,Derived_Savanna,Sandy_Loam,935.8,29.6,82.0,100.0,55.0,220.0,28,2
Healthy,North_East,Southern_Guinea_Savanna,Sandy_Loam,1517.1,23.5,72.5,84.9,37.4,130.3,0,1
Viral_Mosaic,North_West,Derived_Savanna,Clay_Loam,1036.4,28.2,70.8,100.0,55.0,220.0,30,4
Viral_Mosaic,North_West,Southern_Guinea_Savanna,Sandy_Loam,895.4,33.6,88.5,100.0,55.0,220.0,16,3
Bacterial_Wilt,North_East,Humid_Forest,Clay_Loam,1164.9,33.8,64.7,100.0,55.0,220.0,6,5
Nutrient_Deficiency,North_Central,Sudan_Savanna,Lateritic,685.4,26.9,45.7,18.4,7.8,39.8,0,2
Bacterial_Wilt,South_East,Humid_Forest,Clay_Loam,1116.3,31.8,74.0,100.0,55.0,220.0,7,4
Bacterial_Wilt,South_East,Southern_Guinea_Savanna,Clay_Loam,1397.9,30.0,62.7,100.0,55.0,220.0,2,4
Viral_Mosaic,South_West,Southern_Guinea_Savanna,Lateritic,1182.7,28.4,57.3,100.0,55.0,220.0,13,3
Fungal_Blight,South_South,Humid_Forest,Clay_Loam,2318.2,33.9,88.9,90.0,45.0,180.0,8,3
Bacterial_Wilt,South_East,Southern_Guinea_Savanna,Sandy_Loam,600.0,31.4,80.5,100.0,55.0,220.0,4,5
Fungal_Blight,South_West,Humid_Forest,Clay_Loam,2230.6,27.7,82.9,90.0,45.0,180.0,9,3
Healthy,South_East,Southern_Guinea_Savanna,Clay_Loam,1106.5,27.1,67.8,75.4,43.2,127.2,0,1
Bacterial_Wilt,South_West,Derived_Savanna,Clay_Loam,1263.8,32.3,73.5,100.0,55.0,220.0,9,5
Bacterial_Wilt,North_Central,Southern_Guinea_Savanna,Clay_Loam,694.9,34.5,78.6,100.0,55.0,220.0,4,4
Fungal_Blight,South_West,Humid_Forest,Alluvial,2344.5,27.6,84.2,90.0,45.0,180.0,11,3
Fungal_Blight,South_West,Humid_Forest,Sandy_Loam,1800.0,35.0,90.6,90.0,45.0,180.0,7,4
Bacterial_Wilt,South_East,Southern_Guinea_Savanna,Clay_Loam,1203.9,32.4,68.2,100.0,55.0,220.0,10,4
Healthy,South_West,Humid_Forest,Alluvial,1646.1,29.4,66.8,86.5,42.8,167.0,0,1
Fungal_Blight,South_West,Humid_Forest,Sandy_Loam,2232.9,25.4,93.6,90.0,45.0,180.0,6,5
Healthy,North_East,Southern_Guinea_Savanna,Alluvial,986.6,29.2,62.8,71.6,33.2,175.1,0,1
Bacterial_Wilt,South_South,Southern_Guinea_Savanna,Alluvial,1434.5,35.6,61.7,100.0,55.0,220.0,9,4
Healthy,South_East,Derived_Savanna,Alluvial,1446.7,33.5,54.1,72.3,39.5,147.4,1,1
Viral_Mosaic,North_Central,Southern_Guinea_Savanna,Sandy_Loam,1071.6,25.0,80.5,100.0,55.0,220.0,23,4
Healthy,North_East,Derived_Savanna,Alluvial,667.4,27.3,70.8,97.6,32.9,172.4,0,1
Nutrient_Deficiency,South_West,Southern_Guinea_Savanna,Sandy_Loam,809.5,30.6,56.7,27.5,13.2,35.8,3,2
Viral_Mosaic,North_West,Southern_Guinea_Savanna,Sandy_Loam,798.1,30.0,82.5,100.0,55.0,220.0,26,3
Bacterial_Wilt,South_South,Sudan_Savanna,Clay_Loam,1301.0,34.7,66.1,100.0,55.0,220.0,7,5
Viral_Mosaic,South_West,Humid_Forest,Alluvial,1150.4,29.0,61.3,100.0,55.0,220.0,27,2
Fungal_Blight,South_West,Humid_Forest,Clay_Loam,2347.4,28.9,88.8,90.0,45.0,180.0,11,3
Healthy,South_West,Southern_Guinea_Savanna,Alluvial,1310.4,26.8,62.9,75.4,39.3,207.5,0,1
Fungal_Blight,South_South,Humid_Forest,Sandy_Loam,2133.9,30.5,89.6,90.0,45.0,180.0,6,3
Healthy,South_East,Derived_Savanna,Clay_Loam,1439.8,33.6,58.0,86.0,30.9,147.6,1,1
Healthy,South_East,Southern_Guinea_Savanna,Sandy_Loam,1424.0,28.1,63.5,72.4,38.0,143.4,1,1
Fungal_Blight,South_East,Humid_Forest,Alluvial,1800.0,32.1,82.8,90.0,45.0,180.0,15,4
Bacterial_Wilt,South_South,Derived_Savanna,Clay_Loam,1514.5,33.7,84.8,100.0,55.0,220.0,5,5
Nutrient_Deficiency,South_South,Sudan_Savanna,Lateritic,807.7,30.5,53.6,19.9,7.2,53.4,1,3
Bacterial_Wilt,North_East,Derived_Savanna,Clay_Loam,712.5,34.0,79.5,100.0,55.0,220.0,7,4
Healthy,North_West,Derived_Savanna,Alluvial,1737.0,30.6,56.1,64.7,37.1,170.9,1,1
Healthy,North_Central,Derived_Savanna,Alluvial,1107.7,22.3,53.4,60.2,45.3,164.7,0,1
Healthy,South_West,Southern_Guinea_Savanna,Clay_Loam,1476.0,30.8,62.3,73.0,42.2,113.5,0,1
Fungal_Blight,South_West,Humid_Forest,Alluvial,2054.6,31.8,88.0,90.0,45.0,180.0,9,3
Healthy,North_Central,Humid_Forest,Clay_Loam,1280.1,22.0,62.0,75.5,47.0,137.6,1,1
Bacterial_Wilt,South_South,Derived_Savanna,Clay_Loam,1643.8,32.8,78.3,100.0,55.0,220.0,5,4
Healthy,South_East,Southern_Guinea_Savanna,Sandy_Loam,1371.7,27.6,66.5,94.4,37.9,161.7,1,1
Healthy,South_East,Southern_Guinea_Savanna,Alluvial,1427.9,32.8,68.5,77.5,38.1,151.1,0,1
Fungal_Blight,South_West,Humid_Forest,Alluvial,2001.5,29.9,85.1,90.0,45.0,180.0,8,4
Nutrient_Deficiency,North_Central,Sudan_Savanna,Lateritic,948.3,35.0,62.8,22.1,10.2,37.4,2,2
Bacterial_Wilt,South_South,Sudan_Savanna,Clay_Loam,1400.5,35.2,86.2,100.0,55.0,220.0,6,5
Nutrient_Deficiency,South_East,Derived_Savanna,Sandy_Loam,741.5,34.3,40.0,27.8,6.6,46.1,1,2
Fungal_Blight,South_South,Humid_Forest,Clay_Loam,2395.7,28.6,89.7,90.0,45.0,180.0,7,4
Nutrient_Deficiency,North_West,Sudan_Savanna,Lateritic,758.8,26.2,40.0,12.8,8.8,51.0,2,2
Fungal_Blight,South_West,Humid_Forest,Clay_Loam,2297.7,29.7,81.7,90.0,45.0,180.0,8,3
Bacterial_Wilt,South_South,Humid_Forest,Clay_Loam,846.0,32.3,62.6,100.0,55.0,220.0,3,4
Fungal_Blight,South_West,Humid_Forest,Sandy_Loam,1800.0,30.0,89.2,90.0,45.0,180.0,4,4
Viral_Mosaic,South_West,Southern_Guinea_Savanna,Clay_Loam,1133.4,33.7,63.9,100.0,55.0,220.0,30,4
Healthy,South_East,Derived_Savanna,Sandy_Loam,1503.3,26.3,64.4,88.0,32.8,160.6,0,1
Nutrient_Deficiency,North_West,Derived_Savanna,Lateritic,753.4,29.3,53.1,19.3,11.2,56.5,1,2
Viral_Mosaic,South_West,Southern_Guinea_Savanna,Lateritic,600.0,30.4,63.9,100.0,55.0,220.0,35,4
Healthy,South_East,Humid_Forest,Sandy_Loam,1034.1,26.0,63.9,64.7,35.7,118.4,0,1
Fungal_Blight,South_East,Humid_Forest,Alluvial,2363.5,29.7,91.4,90.0,45.0,180.0,6,5
Fungal_Blight,South_West,Humid_Forest,Clay_Loam,1800.0,24.0,88.2,90.0,45.0,180.0,12,4
Healthy,North_Central,Humid_Forest,Alluvial,1096.7,29.8,72.4,79.1,30.2,152.7,1,1
Healthy,North_West,Southern_Guinea_Savanna,Alluvial,1126.1,25.7,71.9,74.0,44.3,175.1,1,1
Healthy,North_West,Humid_Forest,Sandy_Loam,1633.5,28.8,78.3,82.9,39.7,202.8,0,1
Viral_Mosaic,North_West,Humid_Forest,Alluvial,948.1,36.4,60.1,100.0,55.0,220.0,31,3
Nutrient_Deficiency,North_West,Southern_Guinea_Savanna,Lateritic,991.1,24.2,49.8,15.6,9.2,37.6,1,4
Healthy,South_South,Humid_Forest,Alluvial,1363.6,26.8,64.5,77.3,39.5,192.9,0,1
Nutrient_Deficiency,South_West,Derived_Savanna,Lateritic,604.6,25.7,66.5,10.1,12.3,56.8,1,4
Viral_Mosaic,North_West,Humid_Forest,Alluvial,1216.3,29.1,75.1,100.0,55.0,220.0,27,3
Nutrient_Deficiency,South_South,Sudan_Savanna,Lateritic,787.7,28.0,45.7,17.4,14.3,63.3,0,2
Viral_Mosaic,South_West,Derived_Savanna,Alluvial,1010.9,37.0,69.7,100.0,55.0,220.0,23,2
Viral_Mosaic,South_West,Derived_Savanna,Sandy_Loam,1252.8,34.0,58.4,100.0,55.0,220.0,27,3
Fungal_Blight,South_East,Derived_Savanna,Alluvial,2148.9,28.5,83.9,90.0,45.0,180.0,11,4
Bacterial_Wilt,South_East,Sudan_Savanna,Alluvial,600.0,32.7,58.6,100.0,55.0,220.0,7,5
Healthy,North_East,Derived_Savanna,Sandy_Loam,1716.1,29.8,55.1,95.0,39.2,153.6,0,1
Viral_Mosaic,North_Central,Derived_Savanna,Sandy_Loam,1193.5,32.1,59.9,100.0,55.0,220.0,31,4
Fungal_Blight,South_South,Derived_Savanna,Sandy_Loam,2148.5,26.4,84.5,90.0,45.0,180.0,8,3
Viral_Mosaic,North_Central,Southern_Guinea_Savanna,Sandy_Loam,991.3,34.8,64.9,100.0,55.0,220.0,21,3
Nutrient_Deficiency,South_East,Derived_Savanna,Alluvial,833.3,32.2,58.4,13.5,12.5,58.2,0,3
Bacterial_Wilt,South_South,Humid_Forest,Clay_Loam,1365.2,34.5,55.7,100.0,55.0,220.0,4,5
Healthy,South_East,Humid_Forest,Alluvial,1011.7,23.8,47.6,64.4,35.5,208.8,1,1
Healthy,North_East,Derived_Savanna,Alluvial,1117.1,27.4,50.6,82.4,40.0,166.7,1,1
Bacterial_Wilt,South_East,Sudan_Savanna,Sandy_Loam,1158.9,32.5,64.0,100.0,55.0,220.0,5,4
Nutrient_Deficiency,South_East,Southern_Guinea_Savanna,Lateritic,600.0,31.4,54.6,13.6,10.8,36.0,1,2
Bacterial_Wilt,North_Central,Southern_Guinea_Savanna,Alluvial,1342.8,30.0,71.7,100.0,55.0,220.0,5,4
Fungal_Blight,South_South,Humid_Forest,Sandy_Loam,1901.7,30.2,84.0,90.0,45.0,180.0,8,4
Fungal_Blight,South_South,Humid_Forest,Clay_Loam,1980.0,29.5,83.6,90.0,45.0,180.0,11,5
Bacterial_Wilt,South_East,Humid_Forest,Clay_Loam,1736.7,30.0,52.3,100.0,55.0,220.0,6,5
Healthy,South_East,Humid_Forest,Sandy_Loam,1381.0,25.1,62.7,60.0,38.1,119.2,1,1
Nutrient_Deficiency,South_East,Southern_Guinea_Savanna,Clay_Loam,1025.8,30.8,57.2,21.2,13.2,52.4,1,3
Viral_Mosaic,South_West,Southern_Guinea_Savanna,Alluvial,644.9,26.3,58.9,100.0,55.0,220.0,30,3
Healthy,North_Central,Derived_Savanna,Sandy_Loam,1088.5,25.9,70.7,88.0,36.8,157.9,0,1
Fungal_Blight,South_West,Humid_Forest,Clay_Loam,2271.5,28.5,85.3,90.0,45.0,180.0,8,5
Healthy,North_West,Humid_Forest,Sandy_Loam,1335.2,23.6,64.6,76.5,36.7,120.1,2,1
Healthy,North_East,Derived_Savanna,Clay_Loam,1425.2,28.1,62.1,71.4,42.5,170.5,0,1
Viral_Mosaic,North_Central,Humid_Forest,Sandy_Loam,600.0,30.5,88.5,100.0,55.0,220.0,25,4
Viral_Mosaic,North_Central,Southern_Guinea_Savanna,Lateritic,1041.0,31.5,67.0,100.0,55.0,220.0,24,3
Fungal_Blight,South_West,Humid_Forest,Sandy_Loam,1800.0,28.2,82.8,90.0,45.0,180.0,4,4
Healthy,North_Central,Derived_Savanna,Sandy_Loam,1064.5,29.1,64.5,73.5,35.5,206.9,0,1
Fungal_Blight,South_West,Humid_Forest,Alluvial,1860.1,30.5,89.8,90.0,45.0,180.0,12,5
Healthy,South_West,Derived_Savanna,Alluvial,878.2,24.9,71.3,62.5,45.2,154.6,1,1
Healthy,North_Central,Derived_Savanna,Sandy_Loam,1396.4,23.8,56.9,68.7,39.7,174.4,2,1
Nutrient_Deficiency,North_Central,Sudan_Savanna,Alluvial,890.2,27.1,65.2,13.1,10.8,53.8,0,3
Nutrient_Deficiency,South_West,Sudan_Savanna,Lateritic,970.0,25.9,40.2,19.4,6.2,64.7,1,3
Bacterial_Wilt,North_East,Southern_Guinea_Savanna,Clay_Loam,1232.0,33.4,72.9,100.0,55.0,220.0,5,4
Healthy,North_East,Humid_Forest,Sandy_Loam,1622.0,28.0,52.1,90.5,42.7,173.5,2,1
Healthy,South_West,Southern_Guinea_Savanna,Alluvial,1026.2,29.8,51.1,76.1,38.3,146.8,0,1
Healthy,South_West,Derived_Savanna,Alluvial,1293.9,33.4,75.8,82.4,39.2,163.0,0,1
Healthy,South_South,Southern_Guinea_Savanna,Clay_Loam,600.0,26.0,71.7,77.7,37.3,189.2,0,1
Healthy,North_West,Southern_Guinea_Savanna,Sandy_Loam,1259.7,26.2,54.0,70.4,43.4,144.3,1,1
Fungal_Blight,South_East,Humid_Forest,Clay_Loam,2076.2,32.5,80.0,90.0,45.0,180.0,8,4
Nutrient_Deficiency,North_West,Derived_Savanna,Lateritic,600.0,30.8,58.2,28.0,7.7,70.0,0,3
Viral_Mosaic,North_Central,Derived_Savanna,Clay_Loam,1274.7,29.6,55.2,100.0,55.0,220.0,22,4
Healthy,North_East,Humid_Forest,Sandy_Loam,991.8,25.5,63.0,74.0,47.5,187.0,0,1
Viral_Mosaic,North_West,Humid_Forest,Clay_Loam,1399.7,22.0,71.4,100.0,55.0,220.0,27,3
Bacterial_Wilt,South_South,Derived_Savanna,Alluvial,1325.0,33.4,79.3,100.0,55.0,220.0,3,4
Fungal_Blight,South_West,Humid_Forest,Clay_Loam,1831.6,27.1,92.0,90.0,45.0,180.0,9,3
Fungal_Blight,South_South,Derived_Savanna,Lateritic,1832.6,28.0,91.0,90.0,45.0,180.0,12,3
Healthy,North_East,Humid_Forest,Alluvial,1522.2,26.7,67.3,74.1,40.7,143.9,0,1
Healthy,North_East,Southern_Guinea_Savanna,Clay_Loam,816.6,29.7,65.3,78.2,44.3,190.3,0,1
Fungal_Blight,South_East,Humid_Forest,Clay_Loam,1800.0,28.8,88.7,90.0,45.0,180.0,4,5
Healthy,North_East,Derived_Savanna,Sandy_Loam,1636.7,24.8,77.8,82.2,44.2,196.7,0,1
Viral_Mosaic,South_West,Southern_Guinea_Savanna,Sandy_Loam,727.4,22.0,59.4,100.0,55.0,220.0,22,3
Viral_Mosaic,North_Central,Southern_Guinea_Savanna,Alluvial,903.9,33.1,75.4,100.0,55.0,220.0,27,4
Fungal_Blight,South_West,Humid_Forest,Alluvial,1948.8,30.0,89.1,90.0,45.0,180.0,8,4
Healthy,North_West,Derived_Savanna,Clay_Loam,1149.9,30.4,64.3,71.6,33.9,156.0,0,1
Bacterial_Wilt,South_South,Sudan_Savanna,Alluvial,1502.0,30.6,78.0,100.0,55.0,220.0,7,5
Healthy,South_East,Humid_Forest,Sandy_Loam,1398.9,28.7,72.3,60.0,30.0,147.6,2,1
Healthy,North_West,Southern_Guinea_Savanna,Clay_Loam,1073.2,31.0,68.3,100.0,40.3,201.0,0,1
Viral_Mosaic,North_Central,Derived_Savanna,Clay_Loam,883.0,22.0,60.1,100.0,55.0,220.0,30,2
Viral_Mosaic,North_West,Humid_Forest,Alluvial,1505.8,29.3,63.1,100.0,55.0,220.0,34,4
Healthy,North_West,Derived_Savanna,Alluvial,1281.3,25.9,58.0,67.9,38.7,153.8,0,1
Healthy,South_South,Derived_Savanna,Sandy_Loam,1300.1,28.0,59.4,79.6,43.1,138.3,0,1
Fungal_Blight,South_East,Humid_Forest,Sandy_Loam,2002.7,29.2,89.1,90.0,45.0,180.0,10,3
Healthy,South_East,Southern_Guinea_Savanna,Clay_Loam,1129.7,30.4,70.0,91.7,34.7,171.9,0,1
Healthy,South_West,Southern_Guinea_Savanna,Sandy_Loam,1510.4,26.5,79.5,60.0,36.2,157.9,0,1
Fungal_Blight,South_South,Humid_Forest,Alluvial,2091.8,28.3,85.4,90.0,45.0,180.0,12,3
Bacterial_Wilt,South_East,Derived_Savanna,Clay_Loam,833.7,35.7,73.0,100.0,55.0,220.0,8,4
Bacterial_Wilt,South_South,Sudan_Savanna,Clay_Loam,1118.7,34.1,72.5,100.0,55.0,220.0,10,4
Viral_Mosaic,South_West,Derived_Savanna,Sandy_Loam,1108.8,35.6,65.0,100.0,55.0,220.0,22,3
Viral_Mosaic,South_West,Humid_Forest,Sandy_Loam,1049.6,32.9,67.5,100.0,55.0,220.0,21,4
Fungal_Blight,South_South,Derived_Savanna,Alluvial,2211.2,28.2,88.2,90.0,45.0,180.0,13,3
Viral_Mosaic,North_Central,Derived_Savanna,Sandy_Loam,1301.4,26.8,61.2,100.0,55.0,220.0,23,3
Bacterial_Wilt,North_Central,Southern_Guinea_Savanna,Clay_Loam,1421.9,35.4,57.0,100.0,55.0,220.0,6,4
Healthy,North_West,Humid_Forest,Sandy_Loam,1203.2,27.9,62.2,60.0,38.9,142.8,1,1
Fungal_Blight,South_West,Humid_Forest,Alluvial,1843.5,29.8,91.0,90.0,45.0,180.0,9,5
Viral_Mosaic,South_West,Southern_Guinea_Savanna,Clay_Loam,1087.5,24.7,71.5,100.0,55.0,220.0,21,3
Healthy,North_West,Derived_Savanna,Alluvial,600.0,24.3,58.6,88.4,37.6,186.4,0,1
Fungal_Blight,South_South,Humid_Forest,Clay_Loam,1800.0,27.7,83.0,90.0,45.0,180.0,5,5
Viral_Mosaic,South_West,Southern_Guinea_Savanna,Lateritic,1121.5,30.1,79.4,100.0,55.0,220.0,20,2
Healthy,North_West,Derived_Savanna,Clay_Loam,1214.6,28.0,62.7,100.0,37.3,199.5,0,1
Fungal_Blight,South_West,Humid_Forest,Alluvial,1979.4,29.8,90.3,90.0,45.0,180.0,5,4
Nutrient_Deficiency,North_Central,Derived_Savanna,Clay_Loam,615.3,29.7,65.4,27.1,15.0,55.3,2,3
Fungal_Blight,South_West,Humid_Forest,Sandy_Loam,1800.0,28.7,91.2,90.0,45.0,180.0,10,5
Bacterial_Wilt,North_Central,Derived_Savanna,Clay_Loam,814.3,30.0,75.3,100.0,55.0,220.0,6,4
Viral_Mosaic,South_West,Derived_Savanna,Clay_Loam,1047.1,31.1,51.4,100.0,55.0,220.0,16,3
Healthy,South_East,Southern_Guinea_Savanna,Alluvial,1398.1,26.7,61.8,60.3,35.5,149.8,1,1
Bacterial_Wilt,North_East,Sudan_Savanna,Clay_Loam,1496.1,31.5,65.5,100.0,55.0,220.0,1,5
Bacterial_Wilt,North_West,Humid_Forest,Sandy_Loam,1003.3,34.0,65.7,100.0,55.0,220.0,10,4
Viral_Mosaic,South_West,Southern_Guinea_Savanna,Clay_Loam,898.6,25.6,76.3,100.0,55.0,220.0,27,3
Bacterial_Wilt,South_West,Humid_Forest,Alluvial,787.7,33.7,58.7,100.0,55.0,220.0,5,4
Healthy,South_East,Southern_Guinea_Savanna,Alluvial,1327.3,29.8,65.8,80.2,35.0,171.8,0,1
Healthy,South_East,Humid_Forest,Sandy_Loam,1106.8,27.4,58.1,78.8,50.0,113.3,0,1
Bacterial_Wilt,South_East,Humid_Forest,Sandy_Loam,1147.7,31.5,71.6,100.0,55.0,220.0,1,5
Healthy,North_West,Southern_Guinea_Savanna,Alluvial,1298.5,30.1,62.7,77.0,43.6,152.7,2,1
Healthy,North_Central,Southern_Guinea_Savanna,Alluvial,1470.1,27.5,48.3,81.3,44.0,192.1,1,1
Fungal_Blight,South_West,Humid_Forest,Alluvial,2111.1,26.3,91.2,90.0,45.0,180.0,9,4
Bacterial_Wilt,South_South,Southern_Guinea_Savanna,Clay_Loam,1178.4,31.2,70.4,100.0,55.0,220.0,7,5
Healthy,North_West,Humid_Forest,Sandy_Loam,1465.9,30.5,55.1,78.4,45.4,177.2,1,1
Bacterial_Wilt,South_South,Southern_Guinea_Savanna,Clay_Loam,633.4,32.9,67.4,100.0,55.0,220.0,6,5
Viral_Mosaic,North_Central,Derived_Savanna,Alluvial,1151.1,28.5,54.7,100.0,55.0,220.0,28,4
Viral_Mosaic,North_West,Derived_Savanna,Lateritic,1032.0,28.1,76.1,100.0,55.0,220.0,20,3
Bacterial_Wilt,South_East,Sudan_Savanna,Clay_Loam,1056.8,30.3,68.7,100.0,55.0,220.0,6,5
Bacterial_Wilt,South_South,Southern_Guinea_Savanna,Clay_Loam,1299.0,32.4,60.1,100.0,55.0,220.0,8,4
Healthy,North_Central,Humid_Forest,Alluvial,1011.6,25.9,53.2,76.9,36.0,167.9,2,1
Nutrient_Deficiency,North_East,Sudan_Savanna,Sandy_Loam,886.3,28.0,56.1,15.1,9.0,45.2,1,2
Nutrient_Deficiency,North_West,Southern_Guinea_Savanna,Lateritic,1014.6,32.3,44.3,17.7,8.2,62.8,0,3
Viral_Mosaic,North_Central,Derived_Savanna,Clay_Loam,1059.6,33.8,64.0,100.0,55.0,220.0,26,3
Viral_Mosaic,South_West,Derived_Savanna,Lateritic,1097.6,26.0,79.3,100.0,55.0,220.0,25,4
Nutrient_Deficiency,South_West,Derived_Savanna,Lateritic,740.7,32.7,51.7,22.0,9.4,48.3,1,2
Healthy,South_South,Derived_Savanna,Alluvial,1303.1,35.2,48.7,88.6,38.1,179.3,0,1
Nutrient_Deficiency,North_East,Sudan_Savanna,Alluvial,909.9,31.1,60.2,29.6,9.3,47.2,1,3
Bacterial_Wilt,North_East,Derived_Savanna,Lateritic,1806.7,34.1,58.6,100.0,55.0,220.0,6,4
Fungal_Blight,South_South,Derived_Savanna,Lateritic,2077.4,29.1,90.6,90.0,45.0,180.0,8,3
Fungal_Blight,South_South,Derived_Savanna,Alluvial,1800.0,24.3,81.7,90.0,45.0,180.0,6,5
Viral_Mosaic,North_Central,Humid_Forest,Clay_Loam,1198.4,31.0,53.2,100.0,55.0,220.0,22,2
Viral_Mosaic,North_Central,Derived_Savanna,Clay_Loam,625.3,32.3,57.1,100.0,55.0,220.0,21,3
Bacterial_Wilt,North_West,Derived_Savanna,Clay_Loam,1308.9,32.4,73.5,100.0,55.0,220.0,4,5
Fungal_Blight,South_West,Humid_Forest,Sandy_Loam,1800.0,32.1,90.0,90.0,45.0,180.0,6,5
Healthy,South_West,Humid_Forest,Sandy_Loam,1244.2,29.4,60.7,67.5,39.4,154.6,2,1
Bacterial_Wilt,South_South,Humid_Forest,Clay_Loam,1373.6,30.0,51.4,100.0,55.0,220.0,6,4
Healthy,South_East,Derived_Savanna,Sandy_Loam,1352.8,27.8,57.6,82.0,38.8,187.6,2,1
Healthy,South_South,Southern_Guinea_Savanna,Sandy_Loam,1426.2,30.2,52.4,74.7,36.6,143.7,0,1
Viral_Mosaic,North_West,Derived_Savanna,Sandy_Loam,1800.8,31.1,75.0,100.0,55.0,220.0,24,2
Healthy,North_Central,Humid_Forest,Clay_Loam,1551.8,29.3,62.2,75.0,38.6,100.0,0,1
Fungal_Blight,South_South,Humid_Forest,Clay_Loam,2140.0,26.6,83.8,90.0,45.0,180.0,9,5
Healthy,North_East,Derived_Savanna,Sandy_Loam,1145.7,24.9,71.5,77.6,39.9,182.7,1,1
Fungal_Blight,South_West,Humid_Forest,Sandy_Loam,2389.9,27.5,83.5,90.0,45.0,180.0,6,3
Healthy,North_East,Derived_Savanna,Alluvial,1035.3,31.7,77.7,78.0,44.1,193.5,0,1
Fungal_Blight,South_East,Humid_Forest,Lateritic,2593.1,29.4,94.9,90.0,45.0,180.0,8,5
Viral_Mosaic,South_West,Derived_Savanna,Lateritic,1017.1,34.2,70.1,100.0,55.0,220.0,27,3
Fungal_Blight,South_East,Humid_Forest,Sandy_Loam,2140.3,29.2,80.0,90.0,45.0,180.0,6,3
Healthy,North_Central,Southern_Guinea_Savanna,Sandy_Loam,1667.2,25.2,69.6,95.3,41.3,117.9,0,1
Bacterial_Wilt,North_East,Southern_Guinea_Savanna,Alluvial,976.6,31.8,83.7,100.0,55.0,220.0,4,4
Fungal_Blight,South_South,Humid_Forest,Clay_Loam,2203.3,28.5,85.2,90.0,45.0,180.0,10,4
Fungal_Blight,South_West,Humid_Forest,Lateritic,1979.1,28.9,84.1,90.0,45.0,180.0,12,5
Healthy,South_West,Southern_Guinea_Savanna,Clay_Loam,1030.5,26.4,61.5,69.5,45.2,158.4,0,1
Healthy,North_Central,Humid_Forest,Sandy_Loam,1545.4,28.8,61.9,86.0,37.6,118.4,1,1
Viral_Mosaic,South_West,Southern_Guinea_Savanna,Sandy_Loam,878.0,30.8,67.6,100.0,55.0,220.0,20,3
Healthy,South_East,Derived_Savanna,Sandy_Loam,968.4,30.9,50.4,97.7,48.8,150.4,0,1
Healthy,North_Central,Humid_Forest,Sandy_Loam,1318.2,27.0,61.3,77.6,30.3,197.4,1,1
Fungal_Blight,South_East,Humid_Forest,Clay_Loam,1987.2,29.3,88.8,90.0,45.0,180.0,11,3
Healthy,North_East,Derived_Savanna,Alluvial,1066.4,26.3,64.5,79.5,35.9,220.0,0,1
Healthy,South_East,Derived_Savanna,Sandy_Loam,1432.2,22.9,63.5,66.2,46.9,166.3,1,1
Bacterial_Wilt,South_South,Sudan_Savanna,Clay_Loam,925.6,30.6,71.4,100.0,55.0,220.0,8,4
Viral_Mosaic,South_West,Derived_Savanna,Clay_Loam,961.4,30.2,51.6,100.0,55.0,220.0,27,3
Nutrient_Deficiency,South_East,Sudan_Savanna,Lateritic,881.6,26.9,80.0,21.7,12.2,36.6,0,3
Fungal_Blight,South_West,Humid_Forest,Sandy_Loam,2414.8,32.6,88.9,90.0,45.0,180.0,7,3
Fungal_Blight,South_West,Humid_Forest,Sandy_Loam,1956.2,25.8,85.8,90.0,45.0,180.0,5,5
Bacterial_Wilt,South_West,Sudan_Savanna,Clay_Loam,955.1,33.3,56.9,100.0,55.0,220.0,3,4
Viral_Mosaic,North_Central,Derived_Savanna,Clay_Loam,715.2,31.0,64.6,100.0,55.0,220.0,14,4
Nutrient_Deficiency,South_South,Sudan_Savanna,Lateritic,765.2,25.9,49.4,22.7,8.9,42.8,2,3
Healthy,North_Central,Derived_Savanna,Sandy_Loam,1367.7,28.8,53.4,76.3,46.4,123.3,0,1
Healthy,South_South,Derived_Savanna,Alluvial,1030.2,31.2,66.8,72.5,40.1,123.0,1,1
Healthy,North_West,Southern_Guinea_Savanna,Alluvial,1355.0,24.7,75.0,71.8,43.7,151.9,1,1
Fungal_Blight,South_South,Derived_Savanna,Clay_Loam,2104.2,31.1,86.9,90.0,45.0,180.0,3,3
Viral_Mosaic,North_Central,Southern_Guinea_Savanna,Sandy_Loam,987.7,28.6,51.7,100.0,55.0,220.0,26,3
Healthy,North_West,Derived_Savanna,Alluvial,1421.5,23.1,45.6,85.4,41.5,158.6,0,1
Viral_Mosaic,North_Central,Humid_Forest,Sandy_Loam,815.4,30.7,57.7,100.0,55.0,220.0,26,4
Fungal_Blight,South_East,Humid_Forest,Clay_Loam,2221.5,28.3,93.5,90.0,45.0,180.0,10,4
Bacterial_Wilt,South_West,Southern_Guinea_Savanna,Clay_Loam,1223.8,33.6,68.5,100.0,55.0,220.0,9,5
Fungal_Blight,South_South,Humid_Forest,Sandy_Loam,1952.6,25.2,83.9,90.0,45.0,180.0,8,3
Viral_Mosaic,North_Central,Southern_Guinea_Savanna,Lateritic,1491.2,29.0,75.9,100.0,55.0,220.0,20,3
Healthy,South_West,Humid_Forest,Alluvial,1178.1,26.9,65.2,73.8,40.4,211.9,0,1
Viral_Mosaic,South_West,Derived_Savanna,Clay_Loam,1108.4,28.0,63.9,100.0,55.0,220.0,19,3
Healthy,South_West,Southern_Guinea_Savanna,Sandy_Loam,1341.6,29.2,64.3,100.0,35.8,146.7,0,1
Fungal_Blight,South_East,Humid_Forest,Alluvial,1998.6,31.4,88.9,90.0,45.0,180.0,11,4
Bacterial_Wilt,South_West,Southern_Guinea_Savanna,Sandy_Loam,1041.7,32.0,57.6,100.0,55.0,220.0,5,5
Nutrient_Deficiency,South_East,Sudan_Savanna,Clay_Loam,975.1,35.5,58.5,12.3,10.3,33.6,1,2
Healthy,North_Central,Humid_Forest,Alluvial,1246.8,27.9,59.1,60.0,47.0,144.0,0,1
Bacterial_Wilt,South_South,Southern_Guinea_Savanna,Clay_Loam,730.5,33.9,73.5,100.0,55.0,220.0,8,4
Healthy,South_East,Southern_Guinea_Savanna,Sandy_Loam,1293.1,27.1,60.7,82.1,45.2,192.8,0,1
Bacterial_Wilt,North_Central,Sudan_Savanna,Clay_Loam,1454.6,32.9,54.4,100.0,55.0,220.0,6,5
Bacterial_Wilt,North_Central,Southern_Guinea_Savanna,Lateritic,1294.6,31.9,79.1,100.0,55.0,220.0,9,5
Fungal_Blight,South_West,Humid_Forest,Lateritic,2033.0,28.1,85.5,90.0,45.0,180.0,7,4
Bacterial_Wilt,South_West,Humid_Forest,Lateritic,1336.6,31.6,50.0,100.0,55.0,220.0,3,5
Nutrient_Deficiency,North_East,Derived_Savanna,Lateritic,912.1,30.9,67.0,11.2,14.7,58.9,1,2
Healthy,South_South,Southern_Guinea_Savanna,Alluvial,1429.5,31.3,78.9,75.9,49.8,189.3,1,1
Healthy,South_West,Derived_Savanna,Alluvial,1485.5,31.7,67.6,76.7,38.6,152.9,2,1
Healthy,South_East,Humid_Forest,Clay_Loam,1551.3,27.4,64.7,92.4,41.8,168.9,0,1
Healthy,South_South,Derived_Savanna,Sandy_Loam,1243.8,26.4,63.3,82.4,33.5,195.3,0,1
Healthy,North_West,Derived_Savanna,Sandy_Loam,1516.7,29.2,59.1,87.0,34.6,154.3,1,1
Healthy,South_South,Humid_Forest,Sandy_Loam,1367.0,25.9,57.9,91.3,43.1,163.9,0,1
Healthy,North_Central,Derived_Savanna,Sandy_Loam,1047.0,23.9,68.6,78.7,32.6,127.6,1,1
Bacterial_Wilt,South_West,Southern_Guinea_Savanna,Lateritic,1256.5,34.7,59.3,100.0,55.0,220.0,5,4
Nutrient_Deficiency,South_East,Derived_Savanna,Lateritic,600.0,31.4,54.3,20.0,8.2,47.5,2,2
Nutrient_Deficiency,North_West,Southern_Guinea_Savanna,Alluvial,745.6,35.6,44.3,20.1,11.7,67.8,1,3
Healthy,South_West,Humid_Forest,Alluvial,610.1,30.7,52.2,80.1,31.2,192.4,1,1
Healthy,North_Central,Derived_Savanna,Sandy_Loam,1560.7,26.7,48.8,88.5,39.8,166.3,0,1
Fungal_Blight,South_South,Humid_Forest,Clay_Loam,1850.4,26.2,83.5,90.0,45.0,180.0,14,5
Fungal_Blight,South_East,Humid_Forest,Sandy_Loam,2072.8,28.3,92.9,90.0,45.0,180.0,2,4
Healthy,South_South,Southern_Guinea_Savanna,Alluvial,1154.7,25.8,57.5,83.3,38.3,179.9,0,1
Healthy,North_West,Southern_Guinea_Savanna,Sandy_Loam,1705.1,31.9,54.0,83.1,38.2,180.2,0,1
Viral_Mosaic,South_West,Southern_Guinea_Savanna,Clay_Loam,1101.7,30.7,71.6,100.0,55.0,220.0,35,3
Nutrient_Deficiency,North_West,Southern_Guinea_Savanna,Lateritic,600.0,33.2,61.5,17.5,13.6,55.0,0,3
Healthy,North_Central,Humid_Forest,Sandy_Loam,1346.1,30.5,71.7,68.8,36.7,220.0,0,1
Nutrient_Deficiency,South_South,Derived_Savanna,Lateritic,814.1,35.1,60.6,21.8,10.6,51.6,2,4
Bacterial_Wilt,South_West,Humid_Forest,Clay_Loam,1111.4,34.8,59.3,100.0,55.0,220.0,4,5
Fungal_Blight,South_West,Humid_Forest,Alluvial,2183.2,25.2,91.6,90.0,45.0,180.0,11,3
Healthy,North_Central,Southern_Guinea_Savanna,Sandy_Loam,1269.8,29.0,54.9,73.6,42.6,150.7,1,1
Healthy,South_East,Derived_Savanna,Alluvial,1401.6,24.1,73.0,65.6,35.4,145.1,1,1
Bacterial_Wilt,South_East,Sudan_Savanna,Alluvial,1306.8,37.6,66.5,100.0,55.0,220.0,10,5
Healthy,North_East,Humid_Forest,Alluvial,1237.7,34.3,45.5,81.6,31.9,162.3,1,1
Bacterial_Wilt,South_East,Derived_Savanna,Clay_Loam,1659.8,33.7,70.8,100.0,55.0,220.0,6,5
Fungal_Blight,South_West,Humid_Forest,Sandy_Loam,2022.1,31.0,91.2,90.0,45.0,180.0,9,4
Bacterial_Wilt,North_West,Southern_Guinea_Savanna,Sandy_Loam,1265.0,33.7,71.3,100.0,55.0,220.0,3,5
Nutrient_Deficiency,North_Central,Sudan_Savanna,Clay_Loam,977.9,24.9,56.3,20.3,14.5,59.9,0,4
Healthy,South_West,Derived_Savanna,Clay_Loam,1379.5,26.4,63.6,76.4,38.8,173.9,1,1
Viral_Mosaic,North_West,Humid_Forest,Sandy_Loam,1315.2,28.3,50.0,100.0,55.0,220.0,25,3
Fungal_Blight,South_South,Humid_Forest,Clay_Loam,2353.9,29.4,87.2,90.0,45.0,180.0,6,4
Fungal_Blight,South_West,Humid_Forest,Alluvial,1817.1,30.8,91.1,90.0,45.0,180.0,6,5
Viral_Mosaic,North_West,Humid_Forest,Lateritic,724.3,33.3,59.8,100.0,55.0,220.0,20,2
Healthy,North_Central,Humid_Forest,Alluvial,1164.3,30.2,65.7,83.8,36.6,151.1,2,1
Healthy,North_West,Humid_Forest,Alluvial,1537.5,28.6,49.7,76.0,40.5,164.4,0,1
Healthy,North_East,Humid_Forest,Alluvial,1168.9,29.2,52.2,85.1,37.8,150.6,2,1
Fungal_Blight,South_West,Humid_Forest,Sandy_Loam,2281.1,29.1,90.0,90.0,45.0,180.0,6,4
Nutrient_Deficiency,North_Central,Southern_Guinea_Savanna,Lateritic,600.0,30.4,43.9,17.1,7.5,57.7,1,3
Viral_Mosaic,North_West,Southern_Guinea_Savanna,Lateritic,1171.6,33.1,79.3,100.0,55.0,220.0,20,4
Bacterial_Wilt,North_East,Sudan_Savanna,Clay_Loam,1589.9,34.5,80.3,100.0,55.0,220.0,2,4
Fungal_Blight,South_South,Humid_Forest,Lateritic,2093.6,27.4,86.7,90.0,45.0,180.0,10,5
Bacterial_Wilt,South_East,Sudan_Savanna,Clay_Loam,1172.7,34.5,87.2,100.0,55.0,220.0,6,5
Nutrient_Deficiency,North_Central,Derived_Savanna,Lateritic,785.0,32.2,45.0,23.5,12.4,41.4,1,3
Nutrient_Deficiency,North_West,Southern_Guinea_Savanna,Lateritic,987.7,30.9,54.3,25.6,12.4,66.0,1,2
Nutrient_Deficiency,South_West,Sudan_Savanna,Sandy_Loam,930.1,30.9,49.4,27.3,10.5,43.1,2,2
Fungal_Blight,South_South,Derived_Savanna,Lateritic,1998.6,30.3,86.4,90.0,45.0,180.0,9,4
Fungal_Blight,South_South,Humid_Forest,Alluvial,2250.9,30.3,80.4,90.0,45.0,180.0,9,4
Healthy,South_West,Humid_Forest,Alluvial,1588.4,31.5,59.6,60.0,37.2,158.4,0,1
Healthy,South_East,Southern_Guinea_Savanna,Sandy_Loam,1085.2,31.0,60.0,82.4,42.1,169.2,0,1
Viral_Mosaic,South_West,Southern_Guinea_Savanna,Lateritic,1164.5,25.7,69.0,100.0,55.0,220.0,20,3
Healthy,North_East,Derived_Savanna,Clay_Loam,1270.8,26.2,58.8,96.7,39.6,138.1,1,1
Bacterial_Wilt,South_South,Southern_Guinea_Savanna,Alluvial,756.6,33.6,69.5,100.0,55.0,220.0,3,4
Bacterial_Wilt,South_South,Humid_Forest,Clay_Loam,1140.7,35.4,62.9,100.0,55.0,220.0,8,5
Healthy,North_Central,Southern_Guinea_Savanna,Sandy_Loam,968.7,30.7,70.4,75.0,39.1,157.7,0,1
Nutrient_Deficiency,South_West,Southern_Guinea_Savanna,Lateritic,910.2,31.4,54.7,22.1,13.6,52.8,0,4
Fungal_Blight,South_East,Humid_Forest,Alluvial,2316.1,23.6,84.1,90.0,45.0,180.0,5,3
Healthy,North_West,Humid_Forest,Sandy_Loam,1353.5,27.5,49.7,97.8,41.7,220.0,1,1
Nutrient_Deficiency,South_East,Derived_Savanna,Lateritic,819.5,31.2,44.0,19.1,10.8,51.2,2,2
Nutrient_Deficiency,North_West,Southern_Guinea_Savanna,Lateritic,940.6,27.7,72.6,10.6,9.1,50.7,0,2
Healthy,North_East,Southern_Guinea_Savanna,Alluvial,738.6,25.8,60.6,60.4,38.7,155.3,2,1
Viral_Mosaic,North_West,Southern_Guinea_Savanna,Sandy_Loam,1125.1,31.1,55.1,100.0,55.0,220.0,27,3
Healthy,North_Central,Southern_Guinea_Savanna,Sandy_Loam,1767.6,32.2,57.1,81.8,41.5,121.8,1,1
Viral_Mosaic,North_Central,Derived_Savanna,Alluvial,1269.6,35.2,54.7,100.0,55.0,220.0,33,3
Nutrient_Deficiency,North_West,Southern_Guinea_Savanna,Clay_Loam,935.7,29.6,67.2,15.5,11.8,34.3,2,4
Healthy,North_Central,Southern_Guinea_Savanna,Alluvial,1292.6,26.6,66.8,75.7,39.1,153.2,1,1
Fungal_Blight,South_West,Humid_Forest,Alluvial,1984.0,31.9,81.9,90.0,45.0,180.0,11,4
Viral_Mosaic,South_West,Humid_Forest,Sandy_Loam,1318.3,29.6,57.1,100.0,55.0,220.0,24,4
Nutrient_Deficiency,North_East,Sudan_Savanna,Lateritic,651.3,28.4,49.3,24.9,13.1,56.1,2,2
Healthy,South_South,Derived_Savanna,Sandy_Loam,1418.5,31.4,54.7,76.8,30.0,147.7,0,1
Viral_Mosaic,North_Central,Derived_Savanna,Clay_Loam,1196.1,26.8,63.3,100.0,55.0,220.0,20,4
Bacterial_Wilt,South_West,Southern_Guinea_Savanna,Clay_Loam,600.0,34.7,77.3,100.0,55.0,220.0,5,5
Bacterial_Wilt,North_Central,Southern_Guinea_Savanna,Clay_Loam,1401.2,31.7,79.1,100.0,55.0,220.0,11,4
Viral_Mosaic,South_West,Humid_Forest,Clay_Loam,1387.5,26.2,73.1,100.0,55.0,220.0,31,3
Healthy,South_South,Derived_Savanna,Alluvial,1435.3,28.3,66.2,76.8,38.8,132.0,0,1
Viral_Mosaic,North_Central,Humid_Forest,Clay_Loam,1156.0,30.7,57.9,100.0,55.0,220.0,33,3
Fungal_Blight,South_South,Humid_Forest,Alluvial,2216.6,31.1,92.7,90.0,45.0,180.0,12,5
Nutrient_Deficiency,South_East,Sudan_Savanna,Sandy_Loam,881.0,30.1,50.3,14.4,13.6,48.5,3,2
Fungal_Blight,South_South,Humid_Forest,Sandy_Loam,1800.0,30.1,85.6,90.0,45.0,180.0,8,4
Bacterial_Wilt,North_Central,Derived_Savanna,Clay_Loam,1481.6,31.8,64.1,100.0,55.0,220.0,5,5
Fungal_Blight,South_West,Humid_Forest,Sandy_Loam,2116.1,30.2,89.6,90.0,45.0,180.0,8,5
Bacterial_Wilt,North_Central,Derived_Savanna,Clay_Loam,1306.2,30.0,84.4,100.0,55.0,220.0,7,5
Viral_Mosaic,South_West,Derived_Savanna,Sandy_Loam,1124.9,31.3,74.0,100.0,55.0,220.0,23,3
Nutrient_Deficiency,North_West,Southern_Guinea_Savanna,Sandy_Loam,1097.2,34.0,54.2,19.0,8.9,33.1,1,4
Viral_Mosaic,North_Central,Humid_Forest,Lateritic,1446.3,34.2,63.6,100.0,55.0,220.0,29,2
Healthy,South_West,Southern_Guinea_Savanna,Sandy_Loam,1188.8,25.7,61.4,82.9,45.9,180.3,0,1
Healthy,North_East,Humid_Forest,Alluvial,1424.8,29.4,68.3,72.9,30.0,178.5,1,1
Viral_Mosaic,South_West,Derived_Savanna,Lateritic,1373.8,29.9,79.4,100.0,55.0,220.0,25,3
Viral_Mosaic,South_West,Derived_Savanna,Sandy_Loam,1296.9,30.7,64.6,100.0,55.0,220.0,23,2
Healthy,North_Central,Derived_Savanna,Alluvial,1009.2,34.4,52.3,79.5,38.2,130.3,0,1
Fungal_Blight,South_South,Humid_Forest,Clay_Loam,2235.4,24.8,92.4,90.0,45.0,180.0,9,4
Viral_Mosaic,North_Central,Humid_Forest,Alluvial,984.6,30.5,77.7,100.0,55.0,220.0,22,3
Fungal_Blight,South_East,Humid_Forest,Lateritic,1914.2,28.4,83.1,90.0,45.0,180.0,12,4
Bacterial_Wilt,North_East,Southern_Guinea_Savanna,Lateritic,1021.0,32.5,61.9,100.0,55.0,220.0,4,5
Healthy,North_Central,Derived_Savanna,Clay_Loam,1507.4,22.5,63.9,85.7,31.6,188.6,0,1
Bacterial_Wilt,North_West,Derived_Savanna,Clay_Loam,1542.8,36.3,51.1,100.0,55.0,220.0,5,5
Fungal_Blight,South_East,Derived_Savanna,Clay_Loam,2088.7,24.2,82.9,90.0,45.0,180.0,7,3
Viral_Mosaic,South_West,Southern_Guinea_Savanna,Sandy_Loam,1139.5,25.7,62.4,100.0,55.0,220.0,26,2
Bacterial_Wilt,South_South,Derived_Savanna,Alluvial,892.5,32.8,68.3,100.0,55.0,220.0,9,4
Healthy,South_East,Humid_Forest,Sandy_Loam,1326.7,27.7,62.2,84.1,36.7,154.5,0,1
Healthy,South_South,Southern_Guinea_Savanna,Sandy_Loam,1003.0,27.1,53.7,91.1,39.3,164.3,1,1
Fungal_Blight,South_West,Derived_Savanna,Lateritic,2578.9,31.6,90.5,90.0,45.0,180.0,8,4
Healthy,North_Central,Derived_Savanna,Alluvial,1043.4,31.1,54.3,94.3,37.6,199.8,0,1
Viral_Mosaic,North_Central,Humid_Forest,Sandy_Loam,1186.9,27.6,64.5,100.0,55.0,220.0,30,2
Bacterial_Wilt,South_East,Humid_Forest,Clay_Loam,1293.8,37.5,76.1,100.0,55.0,220.0,6,4
Nutrient_Deficiency,North_Central,Southern_Guinea_Savanna,Alluvial,711.9,27.0,72.1,25.5,12.8,54.4,0,3
Viral_Mosaic,North_Central,Derived_Savanna,Clay_Loam,1436.2,32.1,55.7,100.0,55.0,220.0,17,3
Bacterial_Wilt,South_West,Humid_Forest,Clay_Loam,1330.2,32.5,89.0,100.0,55.0,220.0,3,4
Bacterial_Wilt,North_East,Derived_Savanna,Sandy_Loam,673.8,33.5,77.9,100.0,55.0,220.0,7,4
Nutrient_Deficiency,South_West,Southern_Guinea_Savanna,Lateritic,600.0,26.0,67.2,17.8,6.4,30.0,1,2
Viral_Mosaic,South_West,Southern_Guinea_Savanna,Alluvial,1461.0,31.6,54.7,100.0,55.0,220.0,30,2
Healthy,North_Central,Derived_Savanna,Alluvial,1245.1,28.9,73.8,72.8,35.0,147.5,2,1
Healthy,North_West,Derived_Savanna,Alluvial,958.3,29.5,40.4,71.7,36.6,175.8,0,1
Fungal_Blight,South_West,Derived_Savanna,Alluvial,1828.3,27.7,92.1,90.0,45.0,180.0,5,3
Healthy,North_East,Humid_Forest,Clay_Loam,1664.9,23.7,57.2,80.3,48.0,169.6,0,1
Fungal_Blight,South_South,Humid_Forest,Alluvial,1800.0,31.0,83.9,90.0,45.0,180.0,11,5
Healthy,South_East,Derived_Savanna,Sandy_Loam,1327.6,29.3,54.7,89.3,32.0,145.8,0,1
Nutrient_Deficiency,South_West,Sudan_Savanna,Lateritic,600.0,30.8,64.0,18.8,5.9,39.1,0,2
Fungal_Blight,South_East,Humid_Forest,Clay_Loam,2199.4,28.7,90.7,90.0,45.0,180.0,5,4
Fungal_Blight,South_South,Humid_Forest,Alluvial,1800.0,31.2,87.7,90.0,45.0,180.0,8,4
Fungal_Blight,South_East,Derived_Savanna,Lateritic,1800.0,31.6,85.7,90.0,45.0,180.0,6,5
Viral_Mosaic,South_West,Southern_Guinea_Savanna,Sandy_Loam,884.0,30.2,61.2,100.0,55.0,220.0,29,4
Healthy,North_Central,Humid_Forest,Sandy_Loam,1089.8,29.9,60.8,74.8,32.6,157.5,0,1
Viral_Mosaic,South_West,Derived_Savanna,Alluvial,802.9,31.2,56.2,100.0,55.0,220.0,31,3
Bacterial_Wilt,North_Central,Humid_Forest,Clay_Loam,1123.1,31.7,89.0,100.0,55.0,220.0,2,4
Bacterial_Wilt,South_East,Humid_Forest,Sandy_Loam,652.3,31.4,53.6,100.0,55.0,220.0,1,4
Fungal_Blight,South_South,Derived_Savanna,Clay_Loam,2724.6,28.1,84.4,90.0,45.0,180.0,5,3
Healthy,North_Central,Humid_Forest,Alluvial,883.7,27.3,60.3,80.7,32.4,173.6,0,1
Fungal_Blight,South_East,Humid_Forest,Alluvial,1999.0,29.0,87.5,90.0,45.0,180.0,14,3
Healthy,North_Central,Derived_Savanna,Alluvial,1838.3,26.1,69.0,79.8,49.9,139.8,0,1
Fungal_Blight,South_South,Humid_Forest,Clay_Loam,2258.6,25.9,84.6,90.0,45.0,180.0,9,4
Fungal_Blight,South_West,Humid_Forest,Clay_Loam,2348.6,29.5,86.5,90.0,45.0,180.0,5,3
Healthy,South_East,Southern_Guinea_Savanna,Sandy_Loam,1056.8,29.3,62.3,95.9,33.8,175.6,2,1
Bacterial_Wilt,South_South,Southern_Guinea_Savanna,Sandy_Loam,1077.3,30.0,75.7,100.0,55.0,220.0,8,5
Bacterial_Wilt,South_East,Derived_Savanna,Clay_Loam,887.7,34.2,66.6,100.0,55.0,220.0,4,4
Fungal_Blight,South_South,Humid_Forest,Clay_Loam,2350.9,28.4,86.2,90.0,45.0,180.0,4,4
Viral_Mosaic,North_Central,Derived_Savanna,Alluvial,1154.3,31.6,67.7,100.0,55.0,220.0,24,3
Viral_Mosaic,North_Central,Derived_Savanna,Sandy_Loam,631.7,32.0,63.9,100.0,55.0,220.0,23,3
Bacterial_Wilt,North_East,Sudan_Savanna,Clay_Loam,1677.6,31.4,71.4,100.0,55.0,220.0,2,4
Bacterial_Wilt,North_East,Southern_Guinea_Savanna,Sandy_Loam,644.2,36.5,62.0,100.0,55.0,220.0,5,4
Fungal_Blight,South_South,Humid_Forest,Clay_Loam,2152.0,28.9,84.4,90.0,45.0,180.0,6,4
Healthy,South_East,Humid_Forest,Sandy_Loam,1170.2,33.4,66.8,68.8,30.0,180.2,1,1
Fungal_Blight,South_West,Derived_Savanna,Sandy_Loam,2139.7,31.3,84.6,90.0,45.0,180.0,7,5
Bacterial_Wilt,North_East,Southern_Guinea_Savanna,Clay_Loam,1401.2,30.7,61.3,100.0,55.0,220.0,3,4
Nutrient_Deficiency,North_East,Southern_Guinea_Savanna,Lateritic,941.5,37.6,51.1,12.2,14.5,52.1,1,4
Healthy,South_West,Humid_Forest,Alluvial,1355.6,31.2,54.4,71.2,35.1,180.8,1,1
Fungal_Blight,South_East,Derived_Savanna,Alluvial,1800.0,27.1,87.9,90.0,45.0,180.0,3,4
Fungal_Blight,South_South,Derived_Savanna,Sandy_Loam,2028.0,29.3,87.6,90.0,45.0,180.0,6,4
Fungal_Blight,South_West,Humid_Forest,Alluvial,1931.8,30.3,90.6,90.0,45.0,180.0,8,3
Bacterial_Wilt,South_East,Sudan_Savanna,Clay_Loam,1659.8,36.0,60.0,100.0,55.0,220.0,5,5
Fungal_Blight,South_South,Derived_Savanna,Clay_Loam,1944.8,32.0,86.9,90.0,45.0,180.0,11,5
Fungal_Blight,South_East,Humid_Forest,Clay_Loam,2262.3,28.8,88.2,90.0,45.0,180.0,10,3
Nutrient_Deficiency,South_West,Sudan_Savanna,Clay_Loam,933.7,33.7,61.4,17.7,6.8,65.8,1,2
Viral_Mosaic,South_West,Derived_Savanna,Clay_Loam,1302.3,31.7,62.5,100.0,55.0,220.0,31,4
Nutrient_Deficiency,South_South,Southern_Guinea_Savanna,Lateritic,912.6,23.4,55.0,23.8,12.5,40.4,0,4
Nutrient_Deficiency,North_East,Sudan_Savanna,Sandy_Loam,632.3,33.4,42.3,23.6,13.1,46.1,1,3
Viral_Mosaic,North_Central,Derived_Savanna,Alluvial,1182.1,22.0,60.4,100.0,55.0,220.0,27,2
Nutrient_Deficiency,South_South,Southern_Guinea_Savanna,Clay_Loam,827.1,31.1,54.8,15.2,7.0,45.9,1,3
Nutrient_Deficiency,South_South,Sudan_Savanna,Sandy_Loam,786.2,28.7,43.5,23.0,13.2,70.0,0,2
Bacterial_Wilt,South_West,Humid_Forest,Clay_Loam,1486.8,34.5,72.3,100.0,55.0,220.0,5,5
Viral_Mosaic,North_Central,Southern_Guinea_Savanna,Alluvial,1187.3,31.7,51.6,100.0,55.0,220.0,17,4
Viral_Mosaic,South_West,Derived_Savanna,Lateritic,1628.0,30.2,75.3,100.0,55.0,220.0,27,2
Bacterial_Wilt,North_West,Derived_Savanna,Lateritic,1175.3,34.4,56.7,100.0,55.0,220.0,3,5
Bacterial_Wilt,North_East,Sudan_Savanna,Clay_Loam,1109.9,34.9,77.2,100.0,55.0,220.0,4,5
Nutrient_Deficiency,North_Central,Sudan_Savanna,Lateritic,867.4,32.6,52.1,23.7,9.4,59.5,1,3
Bacterial_Wilt,South_South,Southern_Guinea_Savanna,Clay_Loam,1004.5,30.0,70.1,100.0,55.0,220.0,5,5
Nutrient_Deficiency,North_East,Sudan_Savanna,Lateritic,831.1,29.7,62.2,22.9,15.0,54.9,0,3
Nutrient_Deficiency,North_West,Sudan_Savanna,Lateritic,713.1,30.2,51.5,16.0,9.3,52.6,1,4
Bacterial_Wilt,South_West,Southern_Guinea_Savanna,Clay_Loam,1300.2,33.9,66.8,100.0,55.0,220.0,4,5
Fungal_Blight,South_South,Humid_Forest,Lateritic,2299.9,31.4,85.5,90.0,45.0,180.0,4,3
Healthy,North_East,Southern_Guinea_Savanna,Clay_Loam,1349.0,25.6,65.3,61.0,44.1,171.8,0,1
Bacterial_Wilt,North_West,Humid_Forest,Clay_Loam,1169.4,34.7,51.2,100.0,55.0,220.0,4,4
Fungal_Blight,South_West,Humid_Forest,Alluvial,2271.1,29.0,85.9,90.0,45.0,180.0,4,3
Viral_Mosaic,South_West,Derived_Savanna,Clay_Loam,1064.2,34.6,54.1,100.0,55.0,220.0,17,3
Fungal_Blight,South_South,Humid_Forest,Lateritic,1909.9,28.2,88.5,90.0,45.0,180.0,5,3
Nutrient_Deficiency,South_East,Sudan_Savanna,Lateritic,666.5,28.9,59.4,25.6,8.5,56.5,1,4
Healthy,North_West,Southern_Guinea_Savanna,Alluvial,1460.1,26.0,76.8,80.7,37.9,163.5,0,1
Healthy,South_East,Derived_Savanna,Sandy_Loam,1049.6,28.2,82.4,82.1,41.9,189.0,0,1
Bacterial_Wilt,South_West,Derived_Savanna,Clay_Loam,983.2,32.5,75.4,100.0,55.0,220.0,7,5
Fungal_Blight,South_South,Humid_Forest,Sandy_Loam,2459.0,29.6,84.8,90.0,45.0,180.0,12,5
Fungal_Blight,South_West,Humid_Forest,Alluvial,2282.0,27.0,95.0,90.0,45.0,180.0,10,4
Fungal_Blight,South_West,Humid_Forest,Lateritic,1875.9,30.1,93.0,90.0,45.0,180.0,10,4
Bacterial_Wilt,North_East,Sudan_Savanna,Clay_Loam,1170.0,34.7,79.3,100.0,55.0,220.0,6,4
Nutrient_Deficiency,South_West,Southern_Guinea_Savanna,Lateritic,879.0,36.8,63.6,12.1,11.9,38.2,0,3
Viral_Mosaic,North_Central,Southern_Guinea_Savanna,Alluvial,1508.1,27.3,70.0,100.0,55.0,220.0,27,2
Bacterial_Wilt,North_East,Sudan_Savanna,Clay_Loam,1153.9,33.2,66.2,100.0,55.0,220.0,4,4
Healthy,South_East,Southern_Guinea_Savanna,Alluvial,1342.0,30.4,66.0,69.2,42.7,144.1,0,1
Nutrient_Deficiency,North_Central,Sudan_Savanna,Lateritic,792.0,25.6,55.8,10.0,13.9,32.4,2,3
Healthy,South_East,Derived_Savanna,Sandy_Loam,1224.8,25.0,65.1,80.5,38.0,141.1,0,1
Healthy,North_East,Derived_Savanna,Sandy_Loam,1563.9,34.9,57.9,74.8,30.0,193.8,0,1
Fungal_Blight,South_South,Humid_Forest,Alluvial,2056.8,31.0,85.4,90.0,45.0,180.0,7,5
Bacterial_Wilt,North_East,Humid_Forest,Clay_Loam,1084.0,33.5,47.9,100.0,55.0,220.0,8,5
Fungal_Blight,South_West,Humid_Forest,Alluvial,2095.5,29.0,84.2,90.0,45.0,180.0,13,3
Fungal_Blight,South_South,Derived_Savanna,Clay_Loam,2128.7,27.3,86.5,90.0,45.0,180.0,11,5
Nutrient_Deficiency,North_Central,Sudan_Savanna,Clay_Loam,778.8,33.0,67.7,25.1,12.2,60.4,0,3
Healthy,South_South,Southern_Guinea_Savanna,Alluvial,1019.7,30.3,60.9,72.8,32.2,133.0,0,1
Viral_Mosaic,South_West,Southern_Guinea_Savanna,Sandy_Loam,740.1,26.8,85.2,100.0,55.0,220.0,31,3
Viral_Mosaic,South_West,Derived_Savanna,Sandy_Loam,1791.1,31.6,49.1,100.0,55.0,220.0,12,3
Nutrient_Deficiency,North_Central,Sudan_Savanna,Lateritic,633.8,27.1,57.1,13.7,13.9,36.2,2,3
Fungal_Blight,South_West,Humid_Forest,Clay_Loam,1841.4,32.1,84.7,90.0,45.0,180.0,7,4
Healthy,North_Central,Derived_Savanna,Alluvial,1022.1,27.9,63.6,74.2,30.0,156.0,1,1
Bacterial_Wilt,North_Central,Southern_Guinea_Savanna,Sandy_Loam,1597.6,33.9,82.5,100.0,55.0,220.0,6,4
Bacterial_Wilt,North_West,Sudan_Savanna,Clay_Loam,600.0,32.2,78.0,100.0,55.0,220.0,5,5
Healthy,North_East,Southern_Guinea_Savanna,Clay_Loam,1295.2,25.5,61.9,75.1,40.6,139.3,1,1
Viral_Mosaic,South_West,Southern_Guinea_Savanna,Clay_Loam,807.6,31.5,66.9,100.0,55.0,220.0,27,3
Fungal_Blight,South_East,Humid_Forest,Sandy_Loam,2223.9,27.8,86.5,90.0,45.0,180.0,5,4
Healthy,South_South,Humid_Forest,Sandy_Loam,1233.4,26.3,75.9,79.7,39.0,156.6,0,1
Healthy,South_West,Southern_Guinea_Savanna,Clay_Loam,875.3,31.6,75.4,70.5,44.8,145.7,0,1
Bacterial_Wilt,South_East,Derived_Savanna,Lateritic,1787.4,34.7,71.4,100.0,55.0,220.0,3,4
Fungal_Blight,South_West,Humid_Forest,Alluvial,2009.2,28.6,86.5,90.0,45.0,180.0,8,4
Viral_Mosaic,South_West,Southern_Guinea_Savanna,Sandy_Loam,1220.6,30.5,62.7,100.0,55.0,220.0,18,4
Nutrient_Deficiency,North_West,Sudan_Savanna,Lateritic,750.5,35.2,46.4,30.0,11.1,40.5,0,3
Nutrient_Deficiency,North_Central,Derived_Savanna,Lateritic,665.4,31.4,67.9,21.8,13.2,51.3,1,3
Fungal_Blight,South_West,Humid_Forest,Sandy_Loam,1800.0,28.3,87.1,90.0,45.0,180.0,8,5
Bacterial_Wilt,South_South,Derived_Savanna,Clay_Loam,1257.6,36.2,66.1,100.0,55.0,220.0,4,4
Bacterial_Wilt,South_West,Southern_Guinea_Savanna,Sandy_Loam,1268.2,32.3,74.9,100.0,55.0,220.0,4,5
Nutrient_Deficiency,North_West,Derived_Savanna,Alluvial,679.3,25.6,65.9,17.3,6.8,40.9,1,2
Bacterial_Wilt,South_East,Humid_Forest,Clay_Loam,1042.5,36.2,59.6,100.0,55.0,220.0,6,5
Healthy,South_West,Southern_Guinea_Savanna,Sandy_Loam,1352.4,25.5,62.0,85.8,38.1,189.8,1,1
Healthy,South_West,Southern_Guinea_Savanna,Sandy_Loam,1464.0,29.7,66.4,65.2,38.9,144.2,0,1
Nutrient_Deficiency,South_South,Derived_Savanna,Lateritic,673.9,28.8,59.4,23.4,10.0,49.7,0,2
Nutrient_Deficiency,South_West,Derived_Savanna,Lateritic,900.3,31.6,57.1,23.2,8.0,41.4,1,2
Viral_Mosaic,South_West,Southern_Guinea_Savanna,Sandy_Loam,1071.0,28.7,67.6,100.0,55.0,220.0,24,3
Healthy,South_West,Southern_Guinea_Savanna,Sandy_Loam,1413.4,25.5,62.5,82.5,37.3,164.3,0,1
Nutrient_Deficiency,South_West,Southern_Guinea_Savanna,Lateritic,722.8,28.2,51.6,25.9,6.5,34.2,1,3
Bacterial_Wilt,North_West,Derived_Savanna,Lateritic,1869.7,34.3,65.1,100.0,55.0,220.0,2,5
Healthy,North_Central,Derived_Savanna,Sandy_Loam,1830.5,30.6,49.8,73.2,45.3,142.3,0,1
Viral_Mosaic,North_West,Southern_Guinea_Savanna,Lateritic,1221.5,31.7,53.0,100.0,55.0,220.0,31,2
Bacterial_Wilt,South_South,Southern_Guinea_Savanna,Clay_Loam,1078.7,30.4,51.1,100.0,55.0,220.0,5,5
Nutrient_Deficiency,North_West,Southern_Guinea_Savanna,Alluvial,697.3,34.1,50.8,20.2,11.6,65.1,0,2
Fungal_Blight,South_South,Derived_Savanna,Sandy_Loam,2036.6,28.1,91.2,90.0,45.0,180.0,9,4
Fungal_Blight,South_West,Derived_Savanna,Lateritic,2131.1,32.2,87.9,90.0,45.0,180.0,4,3
Viral_Mosaic,South_West,Derived_Savanna,Sandy_Loam,1083.6,28.9,52.1,100.0,55.0,220.0,26,4
Healthy,North_Central,Humid_Forest,Sandy_Loam,1154.3,27.6,66.9,85.0,34.5,186.4,0,1
Viral_Mosaic,South_West,Humid_Forest,Alluvial,1022.8,27.0,54.1,100.0,55.0,220.0,23,2
Bacterial_Wilt,South_South,Humid_Forest,Clay_Loam,1295.5,31.9,67.0,100.0,55.0,220.0,6,5
Viral_Mosaic,North_West,Humid_Forest,Lateritic,980.5,33.0,77.6,100.0,55.0,220.0,19,2
Bacterial_Wilt,South_East,Humid_Forest,Alluvial,870.6,33.5,66.4,100.0,55.0,220.0,7,4
Viral_Mosaic,South_West,Southern_Guinea_Savanna,Alluvial,1454.1,26.3,70.0,100.0,55.0,220.0,30,2
Fungal_Blight,South_South,Derived_Savanna,Alluvial,2233.9,27.6,86.0,90.0,45.0,180.0,12,3
Healthy,North_Central,Humid_Forest,Alluvial,1642.4,25.3,72.0,87.5,34.5,131.7,0,1
Fungal_Blight,South_West,Humid_Forest,Clay_Loam,1860.2,26.6,84.8,90.0,45.0,180.0,9,4
Fungal_Blight,South_East,Humid_Forest,Clay_Loam,2154.4,29.1,86.9,90.0,45.0,180.0,15,4
Fungal_Blight,South_West,Humid_Forest,Alluvial,1800.0,30.5,80.3,90.0,45.0,180.0,1,5
Fungal_Blight,South_South,Derived_Savanna,Clay_Loam,2115.5,27.1,86.2,90.0,45.0,180.0,5,5
Fungal_Blight,South_West,Humid_Forest,Sandy_Loam,2243.8,28.3,86.0,90.0,45.0,180.0,7,3
Fungal_Blight,South_South,Humid_Forest,Clay_Loam,2229.3,28.0,86.7,90.0,45.0,180.0,4,3
Healthy,North_East,Humid_Forest,Alluvial,1428.6,29.5,54.6,79.0,33.6,179.7,2,1
Fungal_Blight,South_West,Humid_Forest,Clay_Loam,1972.7,28.4,83.2,90.0,45.0,180.0,5,4
Nutrient_Deficiency,South_South,Southern_Guinea_Savanna,Lateritic,694.0,32.0,59.9,13.0,14.3,43.9,0,2
Nutrient_Deficiency,South_West,Sudan_Savanna,Lateritic,883.2,26.1,51.5,16.6,9.0,30.0,0,4
Bacterial_Wilt,North_East,Southern_Guinea_Savanna,Alluvial,1017.5,32.4,79.2,100.0,55.0,220.0,4,5
Nutrient_Deficiency,North_West,Southern_Guinea_Savanna,Lateritic,1199.2,28.8,40.0,23.4,14.8,59.8,1,3
Viral_Mosaic,South_West,Humid_Forest,Alluvial,619.8,30.2,74.7,100.0,55.0,220.0,35,3
Nutrient_Deficiency,North_Central,Sudan_Savanna,Lateritic,797.7,36.3,61.0,26.6,7.2,63.2,0,3
Fungal_Blight,South_East,Humid_Forest,Lateritic,2037.3,28.2,86.2,90.0,45.0,180.0,7,3
Bacterial_Wilt,South_West,Southern_Guinea_Savanna,Clay_Loam,1131.5,30.0,81.7,100.0,55.0,220.0,5,4
Fungal_Blight,South_East,Humid_Forest,Alluvial,2149.3,29.2,87.9,90.0,45.0,180.0,3,4
Healthy,South_East,Southern_Guinea_Savanna,Sandy_Loam,1595.9,26.3,70.2,78.9,32.1,132.3,1,1
Nutrient_Deficiency,North_East,Derived_Savanna,Lateritic,919.1,30.4,53.9,20.8,13.4,45.9,3,2
Healthy,South_East,Derived_Savanna,Alluvial,940.3,31.3,65.2,77.2,37.4,146.3,0,1
Bacterial_Wilt,South_South,Southern_Guinea_Savanna,Lateritic,835.2,32.5,61.2,100.0,55.0,220.0,10,5
Bacterial_Wilt,North_Central,Derived_Savanna,Clay_Loam,971.4,34.4,78.5,100.0,55.0,220.0,4,5
Viral_Mosaic,North_Central,Southern_Guinea_Savanna,Alluvial,818.9,32.9,52.5,100.0,55.0,220.0,28,4
Viral_Mosaic,South_West,Derived_Savanna,Lateritic,600.0,30.9,56.6,100.0,55.0,220.0,22,4
Bacterial_Wilt,South_East,Southern_Guinea_Savanna,Clay_Loam,1547.9,31.5,58.9,100.0,55.0,220.0,8,5
Fungal_Blight,South_South,Humid_Forest,Clay_Loam,1800.0,31.0,81.8,90.0,45.0,180.0,9,4
Fungal_Blight,South_West,Derived_Savanna,Clay_Loam,2463.9,27.8,86.3,90.0,45.0,180.0,10,5
Fungal_Blight,South_West,Humid_Forest,Lateritic,2115.0,31.5,86.5,90.0,45.0,180.0,14,4
Viral_Mosaic,North_West,Derived_Savanna,Clay_Loam,1082.9,30.4,80.1,100.0,55.0,220.0,25,3
Viral_Mosaic,North_West,Southern_Guinea_Savanna,Alluvial,1610.6,33.5,61.0,100.0,55.0,220.0,17,4
Nutrient_Deficiency,North_East,Derived_Savanna,Lateritic,1009.0,31.4,62.8,28.7,14.1,45.4,1,3
Fungal_Blight,South_South,Humid_Forest,Alluvial,1895.1,28.5,87.5,90.0,45.0,180.0,11,4
Healthy,South_South,Derived_Savanna,Sandy_Loam,1010.8,24.2,52.2,70.8,45.6,161.0,0,1
Nutrient_Deficiency,North_Central,Southern_Guinea_Savanna,Lateritic,600.0,32.2,70.9,26.0,14.6,70.0,0,2
Nutrient_Deficiency,South_South,Sudan_Savanna,Sandy_Loam,812.3,33.8,54.2,13.8,13.5,66.7,0,3
Fungal_Blight,South_West,Humid_Forest,Lateritic,1916.9,28.9,88.7,90.0,45.0,180.0,11,4
Viral_Mosaic,North_West,Derived_Savanna,Alluvial,875.0,27.5,50.2,100.0,55.0,220.0,18,3
Bacterial_Wilt,North_Central,Sudan_Savanna,Clay_Loam,1447.6,33.6,72.4,100.0,55.0,220.0,5,5
Fungal_Blight,South_West,Derived_Savanna,Sandy_Loam,2198.7,24.9,87.4,90.0,45.0,180.0,12,3
Fungal_Blight,South_South,Humid_Forest,Lateritic,2001.6,25.2,88.9,90.0,45.0,180.0,9,5
Healthy,South_West,Southern_Guinea_Savanna,Alluvial,1196.3,30.4,58.3,82.1,32.1,164.2,1,1
Healthy,South_South,Derived_Savanna,Alluvial,1579.3,31.6,59.1,64.7,36.9,166.5,0,1
Healthy,South_South,Derived_Savanna,Sandy_Loam,876.7,25.7,63.8,70.8,42.4,171.7,0,1
Bacterial_Wilt,South_South,Derived_Savanna,Clay_Loam,1106.4,32.3,87.5,100.0,55.0,220.0,3,5
Healthy,South_East,Southern_Guinea_Savanna,Clay_Loam,877.6,28.5,59.1,71.0,50.0,191.3,0,1
Healthy,North_Central,Derived_Savanna,Alluvial,1824.0,32.0,67.4,69.9,38.8,156.0,1,1
Viral_Mosaic,North_West,Derived_Savanna,Clay_Loam,1251.0,29.1,63.1,100.0,55.0,220.0,27,4
Healthy,South_West,Southern_Guinea_Savanna,Clay_Loam,1435.6,31.1,65.3,78.0,41.2,142.4,0,1
Fungal_Blight,South_South,Derived_Savanna,Sandy_Loam,2332.8,30.5,85.2,90.0,45.0,180.0,9,4
Nutrient_Deficiency,South_East,Sudan_Savanna,Clay_Loam,791.0,33.1,40.0,16.6,8.8,49.0,1,2
Viral_Mosaic,North_Central,Derived_Savanna,Clay_Loam,1162.1,30.6,84.2,100.0,55.0,220.0,18,4
Nutrient_Deficiency,South_South,Sudan_Savanna,Alluvial,786.8,31.5,65.7,13.0,10.9,31.7,2,3
Nutrient_Deficiency,South_East,Sudan_Savanna,Lateritic,600.0,31.9,50.7,17.4,7.1,49.0,2,3
Fungal_Blight,South_South,Derived_Savanna,Clay_Loam,2590.0,29.9,87.3,90.0,45.0,180.0,8,3
Healthy,South_West,Southern_Guinea_Savanna,Sandy_Loam,1237.5,31.3,56.6,60.0,44.3,138.9,0,1
Bacterial_Wilt,North_Central,Southern_Guinea_Savanna,Lateritic,945.4,32.7,68.0,100.0,55.0,220.0,8,4
Fungal_Blight,South_East,Derived_Savanna,Sandy_Loam,1896.3,29.2,86.4,90.0,45.0,180.0,6,5
Viral_Mosaic,North_Central,Derived_Savanna,Clay_Loam,1259.1,30.3,61.2,100.0,55.0,220.0,17,4
Healthy,South_South,Derived_Savanna,Alluvial,918.9,28.6,64.1,95.7,37.2,167.0,1,1
Healthy,South_South,Derived_Savanna,Sandy_Loam,1274.0,29.9,49.0,81.5,37.6,163.9,2,1
Viral_Mosaic,South_West,Southern_Guinea_Savanna,Alluvial,1587.8,30.7,58.4,100.0,55.0,220.0,31,4
Bacterial_Wilt,South_South,Southern_Guinea_Savanna,Lateritic,1394.0,32.7,60.4,100.0,55.0,220.0,11,4
Healthy,South_South,Derived_Savanna,Alluvial,1214.4,28.6,64.6,94.8,43.4,172.4,2,1
Nutrient_Deficiency,South_South,Southern_Guinea_Savanna,Alluvial,637.5,26.0,65.3,13.9,7.7,70.0,1,2
Fungal_Blight,South_South,Derived_Savanna,Alluvial,2395.5,30.1,84.2,90.0,45.0,180.0,6,4
Nutrient_Deficiency,North_West,Derived_Savanna,Lateritic,616.9,34.9,59.9,22.4,12.8,53.8,1,3
Nutrient_Deficiency,South_South,Sudan_Savanna,Sandy_Loam,773.0,37.3,51.3,21.0,8.8,59.4,0,3
Viral_Mosaic,South_West,Derived_Savanna,Clay_Loam,1501.6,29.5,71.8,100.0,55.0,220.0,21,4
Fungal_Blight,South_West,Derived_Savanna,Clay_Loam,1896.5,29.4,87.9,90.0,45.0,180.0,7,5
Viral_Mosaic,South_West,Derived_Savanna,Lateritic,890.2,26.4,58.7,100.0,55.0,220.0,28,4
Nutrient_Deficiency,North_West,Derived_Savanna,Lateritic,749.4,27.3,59.6,17.8,7.8,65.3,1,3
Fungal_Blight,South_South,Humid_Forest,Lateritic,2263.0,30.2,82.1,90.0,45.0,180.0,11,4
Healthy,North_Central,Southern_Guinea_Savanna,Alluvial,1058.4,28.4,48.4,60.0,39.7,187.5,0,1
Fungal_Blight,South_South,Humid_Forest,Clay_Loam,2074.4,29.6,89.0,90.0,45.0,180.0,12,5
Healthy,South_South,Humid_Forest,Alluvial,894.7,27.2,71.4,76.1,41.0,170.9,0,1
Bacterial_Wilt,North_Central,Southern_Guinea_Savanna,Clay_Loam,887.6,31.4,75.2,100.0,55.0,220.0,4,5
Fungal_Blight,South_South,Humid_Forest,Lateritic,2218.3,27.6,86.0,90.0,45.0,180.0,10,4
Fungal_Blight,South_East,Humid_Forest,Sandy_Loam,1800.0,30.7,87.6,90.0,45.0,180.0,6,4
Nutrient_Deficiency,North_East,Sudan_Savanna,Lateritic,1010.0,28.4,69.7,27.5,11.6,64.6,1,2
Nutrient_Deficiency,North_Central,Derived_Savanna,Sandy_Loam,1161.1,27.8,47.9,29.9,8.2,54.7,3,2
Fungal_Blight,South_East,Humid_Forest,Sandy_Loam,2437.3,25.9,82.5,90.0,45.0,180.0,7,4
Nutrient_Deficiency,North_East,Sudan_Savanna,Lateritic,707.6,31.5,51.1,22.5,9.8,52.4,1,2
Bacterial_Wilt,North_West,Southern_Guinea_Savanna,Clay_Loam,1194.6,34.8,41.6,100.0,55.0,220.0,6,5
Healthy,North_West,Humid_Forest,Sandy_Loam,1527.4,27.1,68.1,67.6,43.8,168.5,0,1
Fungal_Blight,South_South,Derived_Savanna,Sandy_Loam,2203.2,31.3,89.4,90.0,45.0,180.0,3,5
Viral_Mosaic,South_West,Derived_Savanna,Lateritic,769.4,23.2,70.8,100.0,55.0,220.0,24,2
Viral_Mosaic,North_Central,Derived_Savanna,Clay_Loam,830.2,33.3,70.6,100.0,55.0,220.0,28,3
Viral_Mosaic,North_Central,Derived_Savanna,Sandy_Loam,1497.6,30.6,55.9,100.0,55.0,220.0,29,3
Fungal_Blight,South_East,Humid_Forest,Alluvial,1800.0,31.9,88.7,90.0,45.0,180.0,6,4
Viral_Mosaic,South_West,Derived_Savanna,Sandy_Loam,1178.4,33.2,71.4,100.0,55.0,220.0,19,3
Fungal_Blight,South_West,Humid_Forest,Lateritic,2134.9,31.2,92.8,90.0,45.0,180.0,6,5
Healthy,South_South,Southern_Guinea_Savanna,Clay_Loam,909.5,33.0,61.2,95.8,30.8,145.7,0,1
Healthy,North_Central,Southern_Guinea_Savanna,Alluvial,1490.4,25.5,53.5,70.1,39.6,154.4,1,1
Nutrient_Deficiency,North_East,Derived_Savanna,Sandy_Loam,780.5,29.2,56.5,17.9,11.7,55.1,4,3
Viral_Mosaic,North_Central,Humid_Forest,Clay_Loam,1498.2,29.0,62.5,100.0,55.0,220.0,35,3
Fungal_Blight,South_East,Humid_Forest,Sandy_Loam,1884.6,29.2,86.1,90.0,45.0,180.0,9,5
Fungal_Blight,South_South,Humid_Forest,Clay_Loam,1945.5,28.8,87.7,90.0,45.0,180.0,11,5
Nutrient_Deficiency,North_East,Derived_Savanna,Lateritic,882.0,24.9,73.8,23.2,13.1,57.9,0,4
Healthy,South_South,Southern_Guinea_Savanna,Sandy_Loam,1364.0,28.0,67.1,76.3,38.9,146.1,0,1
Fungal_Blight,South_South,Humid_Forest,Alluvial,2157.4,27.4,84.8,90.0,45.0,180.0,4,5
Nutrient_Deficiency,North_East,Sudan_Savanna,Lateritic,1077.0,27.1,47.7,30.0,12.0,30.0,0,2
Nutrient_Deficiency,North_Central,Southern_Guinea_Savanna,Lateritic,733.9,27.3,48.9,18.3,15.0,70.0,0,2
Fungal_Blight,South_West,Humid_Forest,Alluvial,2344.0,29.0,81.3,90.0,45.0,180.0,7,4
Healthy,North_West,Humid_Forest,Clay_Loam,1291.7,33.2,61.2,80.2,38.8,151.5,0,1
Bacterial_Wilt,North_Central,Southern_Guinea_Savanna,Clay_Loam,854.0,31.5,82.8,100.0,55.0,220.0,3,5
Bacterial_Wilt,North_Central,Sudan_Savanna,Lateritic,1291.9,30.0,78.3,100.0,55.0,220.0,3,5
Viral_Mosaic,South_West,Derived_Savanna,Sandy_Loam,1525.1,30.4,67.0,100.0,55.0,220.0,18,3
Healthy,South_West,Derived_Savanna,Sandy_Loam,1331.8,24.9,77.6,76.5,34.5,139.6,0,1
Healthy,South_East,Humid_Forest,Alluvial,1644.1,28.8,67.5,92.7,33.4,159.1,0,1
Healthy,North_West,Southern_Guinea_Savanna,Sandy_Loam,1382.0,30.3,53.9,78.9,34.4,166.4,0,1
Nutrient_Deficiency,South_South,Southern_Guinea_Savanna,Lateritic,766.3,33.0,53.8,17.5,6.7,57.8,1,2
Fungal_Blight,South_South,Humid_Forest,Clay_Loam,2118.1,29.1,85.8,90.0,45.0,180.0,4,4
Bacterial_Wilt,North_Central,Southern_Guinea_Savanna,Clay_Loam,1515.9,35.2,56.9,100.0,55.0,220.0,5,5
Bacterial_Wilt,North_West,Humid_Forest,Alluvial,1239.5,37.0,69.9,100.0,55.0,220.0,4,4
Viral_Mosaic,South_West,Southern_Guinea_Savanna,Alluvial,1308.1,28.3,58.7,100.0,55.0,220.0,25,4
Nutrient_Deficiency,South_West,Sudan_Savanna,Lateritic,1010.4,33.1,61.5,10.4,8.2,46.0,1,3
Nutrient_Deficiency,North_East,Sudan_Savanna,Lateritic,782.3,29.4,60.0,14.7,10.3,40.3,3,2
Bacterial_Wilt,South_South,Humid_Forest,Clay_Loam,847.9,35.4,69.4,100.0,55.0,220.0,8,4
Fungal_Blight,South_West,Derived_Savanna,Clay_Loam,2031.3,31.6,90.8,90.0,45.0,180.0,4,5
Nutrient_Deficiency,South_East,Sudan_Savanna,Lateritic,939.6,34.4,48.0,16.0,6.9,56.6,1,3
Viral_Mosaic,North_Central,Derived_Savanna,Clay_Loam,1058.3,32.1,63.5,100.0,55.0,220.0,37,3
Nutrient_Deficiency,South_South,Derived_Savanna,Lateritic,897.6,30.2,59.2,15.9,13.3,63.4,2,3
Nutrient_Deficiency,North_East,Sudan_Savanna,Lateritic,1073.3,32.3,60.3,13.5,8.8,41.2,0,2
Fungal_Blight,South_South,Humid_Forest,Lateritic,1975.9,32.4,82.9,90.0,45.0,180.0,9,3
Viral_Mosaic,South_West,Southern_Guinea_Savanna,Clay_Loam,888.7,31.7,63.4,100.0,55.0,220.0,32,3
Fungal_Blight,South_South,Derived_Savanna,Clay_Loam,1979.9,29.5,87.8,90.0,45.0,180.0,14,4
Bacterial_Wilt,North_East,Southern_Guinea_Savanna,Clay_Loam,1431.9,31.9,77.8,100.0,55.0,220.0,5,5
Healthy,North_West,Humid_Forest,Sandy_Loam,1515.1,22.7,53.1,74.3,40.6,155.8,1,1
Fungal_Blight,South_South,Humid_Forest,Clay_Loam,1895.7,30.8,88.1,90.0,45.0,180.0,10,3
Nutrient_Deficiency,North_West,Derived_Savanna,Lateritic,623.9,35.7,76.2,22.6,9.7,47.4,1,2
Healthy,North_Central,Derived_Savanna,Alluvial,998.6,27.5,59.8,80.2,38.0,158.3,0,1
Healthy,South_South,Derived_Savanna,Alluvial,1439.1,24.7,65.9,62.5,44.4,148.2,1,1
Nutrient_Deficiency,North_West,Derived_Savanna,Clay_Loam,798.0,25.0,62.3,24.9,8.6,45.5,0,3
Fungal_Blight,South_South,Humid_Forest,Clay_Loam,2228.0,25.7,80.0,90.0,45.0,180.0,6,4
Healthy,South_West,Humid_Forest,Sandy_Loam,1289.8,28.4,58.1,67.4,35.3,157.4,0,1
Bacterial_Wilt,North_East,Humid_Forest,Alluvial,951.3,34.3,76.6,100.0,55.0,220.0,4,4
Fungal_Blight,South_West,Derived_Savanna,Clay_Loam,2230.5,31.8,86.3,90.0,45.0,180.0,3,5
Fungal_Blight,South_East,Humid_Forest,Alluvial,1993.9,25.8,92.1,90.0,45.0,180.0,12,5
Nutrient_Deficiency,North_East,Derived_Savanna,Sandy_Loam,750.6,29.1,59.2,19.5,6.4,70.0,1,2
Healthy,South_West,Southern_Guinea_Savanna,Sandy_Loam,1390.4,30.7,53.8,72.2,49.6,194.9,0,1
Viral_Mosaic,North_Central,Derived_Savanna,Alluvial,882.7,35.5,57.6,100.0,55.0,220.0,23,4
Fungal_Blight,South_West,Derived_Savanna,Sandy_Loam,2122.7,25.6,90.5,90.0,45.0,180.0,8,5
Bacterial_Wilt,South_South,Southern_Guinea_Savanna,Clay_Loam,1544.8,34.7,64.5,100.0,55.0,220.0,5,4
Bacterial_Wilt,South_East,Sudan_Savanna,Clay_Loam,1119.6,35.4,52.5,100.0,55.0,220.0,5,5
Viral_Mosaic,South_West,Southern_Guinea_Savanna,Alluvial,1566.0,28.7,60.8,100.0,55.0,220.0,21,4
Bacterial_Wilt,North_Central,Derived_Savanna,Clay_Loam,898.9,32.1,68.6,100.0,55.0,220.0,5,4
Healthy,South_South,Humid_Forest,Sandy_Loam,1279.3,28.6,69.6,83.3,38.0,155.0,1,1
Healthy,North_West,Humid_Forest,Clay_Loam,1314.6,25.1,64.9,83.6,44.4,186.3,0,1
Healthy,South_West,Humid_Forest,Sandy_Loam,1870.4,26.5,49.7,60.0,42.6,112.9,1,1
Nutrient_Deficiency,North_East,Southern_Guinea_Savanna,Lateritic,667.5,32.4,47.6,14.3,8.9,42.0,1,4
Bacterial_Wilt,South_West,Derived_Savanna,Sandy_Loam,1071.9,34.6,68.7,100.0,55.0,220.0,5,5
Bacterial_Wilt,South_East,Sudan_Savanna,Lateritic,1697.7,34.1,77.7,100.0,55.0,220.0,5,4
Viral_Mosaic,North_Central,Derived_Savanna,Clay_Loam,983.4,29.9,62.6,100.0,55.0,220.0,26,3
Healthy,North_East,Derived_Savanna,Alluvial,1381.7,24.5,60.4,88.6,38.7,172.6,0,1
Healthy,North_Central,Humid_Forest,Sandy_Loam,1227.9,26.0,75.9,69.4,36.2,165.1,0,1
Healthy,South_South,Southern_Guinea_Savanna,Sandy_Loam,1578.2,28.6,55.3,91.5,31.9,165.5,0,1
Healthy,North_East,Humid_Forest,Sandy_Loam,1313.6,24.6,69.8,91.0,37.2,173.1,0,1
Healthy,South_East,Southern_Guinea_Savanna,Clay_Loam,1268.8,25.1,61.9,81.9,40.3,186.1,0,1
Fungal_Blight,South_West,Humid_Forest,Clay_Loam,1920.9,32.5,88.6,90.0,45.0,180.0,9,4
Bacterial_Wilt,South_East,Sudan_Savanna,Clay_Loam,1426.3,35.6,68.5,100.0,55.0,220.0,6,4
Nutrient_Deficiency,North_Central,Southern_Guinea_Savanna,Lateritic,875.3,28.0,49.5,25.1,14.3,30.0,1,2
Fungal_Blight,South_South,Humid_Forest,Alluvial,2426.4,27.6,86.0,90.0,45.0,180.0,19,4
Fungal_Blight,South_West,Humid_Forest,Clay_Loam,2295.7,30.8,82.1,90.0,45.0,180.0,6,5
Viral_Mosaic,North_Central,Derived_Savanna,Alluvial,1048.5,28.6,69.4,100.0,55.0,220.0,28,3
Healthy,North_Central,Southern_Guinea_Savanna,Alluvial,1176.0,27.6,59.0,66.3,43.0,186.2,0,1
Fungal_Blight,South_South,Humid_Forest,Clay_Loam,2114.2,30.3,89.9,90.0,45.0,180.0,7,4
Fungal_Blight,South_West,Derived_Savanna,Alluvial,2090.4,27.3,92.1,90.0,45.0,180.0,11,4
Fungal_Blight,South_East,Humid_Forest,Lateritic,1846.2,27.9,90.3,90.0,45.0,180.0,9,5
Nutrient_Deficiency,South_West,Sudan_Savanna,Clay_Loam,689.2,31.7,55.8,21.7,7.5,49.1,1,2
Bacterial_Wilt,North_East,Southern_Guinea_Savanna,Clay_Loam,1397.3,33.1,62.0,100.0,55.0,220.0,5,4
Fungal_Blight,South_West,Humid_Forest,Alluvial,2119.3,28.3,88.3,90.0,45.0,180.0,8,5
Bacterial_Wilt,North_Central,Humid_Forest,Sandy_Loam,1031.4,36.3,78.8,100.0,55.0,220.0,3,4
Fungal_Blight,South_East,Humid_Forest,Sandy_Loam,1800.0,32.3,95.0,90.0,45.0,180.0,13,5
Bacterial_Wilt,North_East,Southern_Guinea_Savanna,Clay_Loam,665.7,37.0,63.3,100.0,55.0,220.0,6,4
Viral_Mosaic,North_Central,Derived_Savanna,Alluvial,830.2,31.8,81.1,100.0,55.0,220.0,15,3
Healthy,North_West,Southern_Guinea_Savanna,Sandy_Loam,1592.1,25.8,43.6,73.6,34.6,103.1,3,1
Fungal_Blight,South_East,Humid_Forest,Clay_Loam,1878.7,29.2,81.0,90.0,45.0,180.0,14,3
Healthy,North_East,Derived_Savanna,Sandy_Loam,1520.6,26.9,58.2,80.7,36.8,158.3,0,1
Nutrient_Deficiency,South_East,Sudan_Savanna,Lateritic,742.7,33.3,50.0,25.9,13.9,63.7,1,4
Fungal_Blight,South_South,Derived_Savanna,Clay_Loam,2041.6,29.4,85.0,90.0,45.0,180.0,6,3
Fungal_Blight,South_South,Humid_Forest,Alluvial,2050.8,25.1,84.0,90.0,45.0,180.0,7,3
Bacterial_Wilt,North_West,Humid_Forest,Clay_Loam,1264.1,31.4,86.3,100.0,55.0,220.0,3,4
Fungal_Blight,South_West,Derived_Savanna,Lateritic,1921.2,27.6,88.6,90.0,45.0,180.0,6,4
Bacterial_Wilt,North_Central,Derived_Savanna,Clay_Loam,1692.2,30.1,90.0,100.0,55.0,220.0,6,5
Bacterial_Wilt,North_East,Humid_Forest,Lateritic,660.3,33.5,55.0,100.0,55.0,220.0,6,5
Fungal_Blight,South_East,Humid_Forest,Sandy_Loam,1800.0,28.2,81.0,90.0,45.0,180.0,7,3
Bacterial_Wilt,North_Central,Southern_Guinea_Savanna,Clay_Loam,1213.8,33.4,86.5,100.0,55.0,220.0,4,5
Healthy,South_South,Derived_Savanna,Sandy_Loam,1492.8,31.3,70.0,62.9,37.6,123.3,1,1
Viral_Mosaic,North_Central,Derived_Savanna,Clay_Loam,600.0,34.5,60.5,100.0,55.0,220.0,29,2
Healthy,South_South,Humid_Forest,Sandy_Loam,1235.7,24.0,69.3,98.6,34.6,184.1,0,1
Bacterial_Wilt,South_West,Humid_Forest,Lateritic,1390.2,33.8,49.8,100.0,55.0,220.0,5,5
Nutrient_Deficiency,North_West,Southern_Guinea_Savanna,Lateritic,720.9,28.7,68.0,27.7,14.3,49.6,2,2
Bacterial_Wilt,North_Central,Humid_Forest,Alluvial,1498.2,34.3,64.3,100.0,55.0,220.0,5,4
Fungal_Blight,South_East,Humid_Forest,Clay_Loam,2312.1,30.3,87.6,90.0,45.0,180.0,9,3
Viral_Mosaic,North_West,Derived_Savanna,Sandy_Loam,1265.1,29.5,63.7,100.0,55.0,220.0,25,3
Healthy,North_East,Southern_Guinea_Savanna,Clay_Loam,1447.9,30.2,64.7,75.9,40.9,134.0,0,1
Fungal_Blight,South_South,Humid_Forest,Lateritic,2284.7,31.6,85.2,90.0,45.0,180.0,6,5
Nutrient_Deficiency,North_West,Sudan_Savanna,Lateritic,667.4,33.9,48.3,20.6,7.4,48.1,2,3
Viral_Mosaic,North_West,Derived_Savanna,Lateritic,758.0,26.9,46.7,100.0,55.0,220.0,36,4
Fungal_Blight,South_East,Humid_Forest,Sandy_Loam,1800.0,32.1,82.3,90.0,45.0,180.0,5,3
Nutrient_Deficiency,North_Central,Derived_Savanna,Sandy_Loam,889.0,31.8,52.6,18.4,7.5,40.2,0,3
Bacterial_Wilt,South_East,Humid_Forest,Clay_Loam,1073.0,33.8,63.3,100.0,55.0,220.0,5,5
Fungal_Blight,South_South,Derived_Savanna,Alluvial,1846.0,31.5,89.8,90.0,45.0,180.0,8,4
Healthy,South_South,Southern_Guinea_Savanna,Clay_Loam,1381.0,27.3,48.8,77.5,38.2,186.6,0,1
Bacterial_Wilt,North_West,Southern_Guinea_Savanna,Clay_Loam,1862.0,30.0,57.2,100.0,55.0,220.0,5,4
Fungal_Blight,South_East,Humid_Forest,Alluvial,1800.0,29.1,87.5,90.0,45.0,180.0,13,5
Nutrient_Deficiency,North_West,Sudan_Savanna,Lateritic,1012.5,31.9,56.5,10.2,6.1,45.2,2,3
Fungal_Blight,South_South,Humid_Forest,Alluvial,2045.5,27.8,89.0,90.0,45.0,180.0,6,3
Viral_Mosaic,South_West,Humid_Forest,Sandy_Loam,600.0,32.1,45.9,100.0,55.0,220.0,26,4
Viral_Mosaic,North_West,Southern_Guinea_Savanna,Alluvial,977.6,33.6,73.1,100.0,55.0,220.0,31,4
Fungal_Blight,South_East,Humid_Forest,Sandy_Loam,2185.6,27.7,91.3,90.0,45.0,180.0,4,3
Healthy,South_West,Humid_Forest,Clay_Loam,1114.5,24.7,73.2,61.9,41.5,106.2,1,1
Fungal_Blight,South_East,Humid_Forest,Clay_Loam,2176.6,31.6,87.6,90.0,45.0,180.0,9,4
Nutrient_Deficiency,North_West,Southern_Guinea_Savanna,Lateritic,897.8,27.7,41.3,10.0,6.6,39.8,0,2
Nutrient_Deficiency,South_South,Derived_Savanna,Sandy_Loam,637.4,29.0,47.7,19.0,15.0,64.1,1,4
Nutrient_Deficiency,North_West,Sudan_Savanna,Lateritic,936.0,29.8,64.9,27.7,11.9,40.3,0,3
Fungal_Blight,South_East,Humid_Forest,Alluvial,1953.0,29.5,82.5,90.0,45.0,180.0,7,4
Healthy,South_South,Humid_Forest,Alluvial,1486.3,31.6,58.3,60.6,44.2,168.7,0,1
Healthy,South_East,Humid_Forest,Alluvial,1787.2,26.6,68.2,100.0,49.8,135.6,0,1
Fungal_Blight,South_East,Derived_Savanna,Sandy_Loam,2230.4,31.7,86.7,90.0,45.0,180.0,8,4
Nutrient_Deficiency,North_East,Derived_Savanna,Lateritic,600.0,30.4,71.4,25.7,14.0,49.9,0,2
Fungal_Blight,South_South,Humid_Forest,Clay_Loam,1986.0,29.9,85.7,90.0,45.0,180.0,12,4
Fungal_Blight,South_South,Humid_Forest,Sandy_Loam,2800.0,29.3,86.9,90.0,45.0,180.0,7,3
Fungal_Blight,South_East,Derived_Savanna,Sandy_Loam,1800.0,32.0,86.2,90.0,45.0,180.0,6,4
Healthy,South_West,Derived_Savanna,Alluvial,1350.8,28.1,74.9,90.7,34.7,162.9,1,1
Bacterial_Wilt,North_Central,Sudan_Savanna,Clay_Loam,1224.5,33.8,67.8,100.0,55.0,220.0,3,5
Fungal_Blight,South_West,Humid_Forest,Sandy_Loam,2090.8,26.7,90.5,90.0,45.0,180.0,7,3
Fungal_Blight,South_South,Humid_Forest,Clay_Loam,2334.1,28.6,83.9,90.0,45.0,180.0,4,4
Fungal_Blight,South_West,Humid_Forest,Alluvial,1905.4,29.4,90.9,90.0,45.0,180.0,9,3
Fungal_Blight,South_West,Humid_Forest,Clay_Loam,2358.9,30.5,87.7,90.0,45.0,180.0,6,3
Bacterial_Wilt,North_East,Derived_Savanna,Clay_Loam,1675.8,33.1,73.6,100.0,55.0,220.0,5,4
Bacterial_Wilt,South_South,Humid_Forest,Clay_Loam,838.1,30.3,86.7,100.0,55.0,220.0,5,4
Healthy,North_East,Southern_Guinea_Savanna,Sandy_Loam,1441.5,26.2,51.0,74.5,36.7,161.7,1,1
Nutrient_Deficiency,North_West,Sudan_Savanna,Lateritic,691.3,31.5,58.1,26.6,12.6,51.2,4,2
Fungal_Blight,South_South,Humid_Forest,Alluvial,2066.3,27.6,82.6,90.0,45.0,180.0,5,4
Viral_Mosaic,South_West,Humid_Forest,Sandy_Loam,951.4,33.5,77.9,100.0,55.0,220.0,29,4
Nutrient_Deficiency,North_East,Southern_Guinea_Savanna,Lateritic,942.7,30.8,62.6,10.0,13.1,40.2,0,2
Healthy,North_Central,Southern_Guinea_Savanna,Alluvial,1117.9,24.8,60.0,71.9,36.4,165.3,0,1
Nutrient_Deficiency,South_East,Sudan_Savanna,Lateritic,779.2,30.0,65.7,22.3,9.2,70.0,1,3
Fungal_Blight,South_South,Humid_Forest,Clay_Loam,2086.9,29.2,86.8,90.0,45.0,180.0,6,4
Healthy,North_East,Derived_Savanna,Sandy_Loam,1716.8,28.3,66.1,86.4,39.7,166.0,0,1
Fungal_Blight,South_South,Humid_Forest,Sandy_Loam,1800.0,29.5,82.9,90.0,45.0,180.0,7,4
Fungal_Blight,South_South,Humid_Forest,Lateritic,2061.7,29.8,89.1,90.0,45.0,180.0,13,5
Nutrient_Deficiency,North_East,Derived_Savanna,Sandy_Loam,831.9,33.8,48.9,29.7,13.1,67.7,0,3
Fungal_Blight,South_South,Humid_Forest,Clay_Loam,2207.8,30.3,85.1,90.0,45.0,180.0,9,3
Fungal_Blight,South_East,Humid_Forest,Alluvial,2392.0,29.7,80.4,90.0,45.0,180.0,6,4
Viral_Mosaic,North_Central,Southern_Guinea_Savanna,Alluvial,1006.2,28.4,68.8,100.0,55.0,220.0,25,4
Healthy,South_South,Southern_Guinea_Savanna,Alluvial,1688.5,30.1,65.3,82.6,39.2,174.0,0,1
Bacterial_Wilt,South_West,Humid_Forest,Alluvial,1361.8,32.3,78.8,100.0,55.0,220.0,4,4
Nutrient_Deficiency,North_Central,Derived_Savanna,Sandy_Loam,678.2,29.0,48.8,18.7,15.0,33.5,2,3
Healthy,North_Central,Southern_Guinea_Savanna,Alluvial,1420.5,28.9,65.2,60.0,37.6,181.1,0,1
Healthy,North_Central,Humid_Forest,Sandy_Loam,1146.6,27.2,58.9,79.7,39.8,160.1,1,1
Bacterial_Wilt,South_South,Derived_Savanna,Clay_Loam,1034.0,33.0,65.3,100.0,55.0,220.0,4,5
Bacterial_Wilt,South_West,Humid_Forest,Clay_Loam,1571.1,35.6,59.2,100.0,55.0,220.0,3,4
Healthy,North_West,Humid_Forest,Sandy_Loam,1937.8,29.6,54.9,92.0,34.0,146.2,0,1
Viral_Mosaic,North_Central,Humid_Forest,Lateritic,943.1,27.8,65.8,100.0,55.0,220.0,24,4
Viral_Mosaic,South_West,Southern_Guinea_Savanna,Alluvial,1291.7,33.1,53.4,100.0,55.0,220.0,26,3
Healthy,South_South,Southern_Guinea_Savanna,Clay_Loam,1206.3,26.0,57.0,75.3,48.8,155.1,0,1
Nutrient_Deficiency,North_East,Sudan_Savanna,Alluvial,607.7,31.2,51.1,22.0,15.0,48.4,1,3
Fungal_Blight,South_South,Derived_Savanna,Lateritic,2115.3,31.0,85.4,90.0,45.0,180.0,6,4
Viral_Mosaic,North_Central,Derived_Savanna,Alluvial,1243.0,32.7,66.5,100.0,55.0,220.0,23,3
Fungal_Blight,South_South,Humid_Forest,Lateritic,2334.7,25.9,81.0,90.0,45.0,180.0,7,4
Bacterial_Wilt,South_South,Sudan_Savanna,Clay_Loam,1575.2,31.8,71.9,100.0,55.0,220.0,5,4
Bacterial_Wilt,North_East,Sudan_Savanna,Clay_Loam,1332.7,30.0,60.5,100.0,55.0,220.0,5,4
Bacterial_Wilt,South_East,Sudan_Savanna,Clay_Loam,1588.0,32.4,75.4,100.0,55.0,220.0,3,5
Healthy,South_West,Derived_Savanna,Sandy_Loam,1430.9,31.1,63.4,82.4,48.8,191.1,2,1
Fungal_Blight,South_East,Derived_Savanna,Sandy_Loam,2023.7,31.0,90.4,90.0,45.0,180.0,3,3
Fungal_Blight,South_West,Derived_Savanna,Alluvial,2057.1,31.2,88.4,90.0,45.0,180.0,9,4
Healthy,South_West,Derived_Savanna,Clay_Loam,1534.1,28.5,72.0,81.9,46.8,149.0,1,1
Healthy,North_East,Humid_Forest,Sandy_Loam,1146.6,28.5,66.4,60.0,39.0,164.0,1,1
Nutrient_Deficiency,South_East,Southern_Guinea_Savanna,Sandy_Loam,723.2,32.7,46.5,23.4,7.5,46.9,0,3
Healthy,South_West,Derived_Savanna,Alluvial,1516.1,31.8,62.6,94.1,40.8,164.2,0,1
Healthy,South_East,Humid_Forest,Sandy_Loam,1379.0,28.1,69.3,77.7,30.0,138.8,1,1
Fungal_Blight,South_West,Humid_Forest,Clay_Loam,2556.5,29.0,85.8,90.0,45.0,180.0,10,4
Healthy,North_East,Derived_Savanna,Sandy_Loam,1398.0,27.7,60.4,98.2,34.7,159.6,0,1
Viral_Mosaic,South_West,Southern_Guinea_Savanna,Clay_Loam,600.0,27.6,70.1,100.0,55.0,220.0,17,3
Fungal_Blight,South_South,Derived_Savanna,Alluvial,1985.6,26.4,93.3,90.0,45.0,180.0,7,5
Nutrient_Deficiency,South_West,Sudan_Savanna,Alluvial,789.7,37.8,49.7,22.6,11.1,45.5,2,3
Fungal_Blight,South_East,Humid_Forest,Alluvial,2374.0,29.4,86.5,90.0,45.0,180.0,4,4
Healthy,South_West,Humid_Forest,Sandy_Loam,805.7,30.7,63.8,77.5,40.2,220.0,0,1
Healthy,South_West,Derived_Savanna,Clay_Loam,1124.8,30.2,58.6,86.8,39.8,149.9,0,1
Fungal_Blight,South_South,Humid_Forest,Lateritic,2198.5,28.0,82.6,90.0,45.0,180.0,8,3
Viral_Mosaic,North_Central,Humid_Forest,Sandy_Loam,837.9,28.9,51.3,100.0,55.0,220.0,28,3
Nutrient_Deficiency,South_East,Sudan_Savanna,Sandy_Loam,953.9,34.7,62.4,16.5,6.8,43.5,1,3
Healthy,North_West,Southern_Guinea_Savanna,Sandy_Loam,1312.6,31.7,55.5,73.4,34.8,123.8,1,1
Fungal_Blight,South_East,Humid_Forest,Alluvial,1958.7,30.8,91.6,90.0,45.0,180.0,8,5
Viral_Mosaic,South_West,Southern_Guinea_Savanna,Sandy_Loam,1468.4,25.9,65.7,100.0,55.0,220.0,29,4
Nutrient_Deficiency,North_Central,Southern_Guinea_Savanna,Lateritic,713.7,32.7,49.5,18.3,8.2,30.0,3,2
Fungal_Blight,South_West,Humid_Forest,Alluvial,1800.0,29.2,89.2,90.0,45.0,180.0,9,5
Bacterial_Wilt,North_West,Sudan_Savanna,Lateritic,1161.7,32.6,80.1,100.0,55.0,220.0,7,5
Healthy,South_East,Derived_Savanna,Alluvial,1440.6,29.0,71.1,81.5,36.3,191.7,0,1
Viral_Mosaic,North_Central,Derived_Savanna,Lateritic,1461.3,30.9,61.0,100.0,55.0,220.0,23,4
Bacterial_Wilt,South_South,Derived_Savanna,Lateritic,1298.6,30.0,82.5,100.0,55.0,220.0,3,4
Bacterial_Wilt,South_East,Southern_Guinea_Savanna,Clay_Loam,1471.9,33.4,60.0,100.0,55.0,220.0,4,5
Fungal_Blight,South_West,Humid_Forest,Sandy_Loam,2148.7,25.5,88.8,90.0,45.0,180.0,3,3
Bacterial_Wilt,South_South,Southern_Guinea_Savanna,Alluvial,892.2,32.6,68.7,100.0,55.0,220.0,8,5
Healthy,South_West,Humid_Forest,Sandy_Loam,1570.0,30.4,65.9,88.7,34.6,168.7,2,1
Healthy,North_Central,Derived_Savanna,Alluvial,900.2,27.0,61.3,87.2,46.1,190.4,1,1
Viral_Mosaic,South_West,Humid_Forest,Sandy_Loam,600.0,27.9,79.0,100.0,55.0,220.0,22,3
Fungal_Blight,South_South,Derived_Savanna,Clay_Loam,1800.0,29.0,85.2,90.0,45.0,180.0,12,5
Viral_Mosaic,South_West,Southern_Guinea_Savanna,Clay_Loam,734.4,27.1,55.6,100.0,55.0,220.0,16,3
Fungal_Blight,South_South,Humid_Forest,Alluvial,2599.5,31.4,80.2,90.0,45.0,180.0,10,5
Bacterial_Wilt,South_West,Southern_Guinea_Savanna,Clay_Loam,1475.2,33.0,55.2,100.0,55.0,220.0,7,5
Fungal_Blight,South_West,Derived_Savanna,Alluvial,1949.7,31.3,80.3,90.0,45.0,180.0,9,4
Viral_Mosaic,North_West,Southern_Guinea_Savanna,Clay_Loam,901.6,33.0,66.8,100.0,55.0,220.0,30,3
Fungal_Blight,South_East,Humid_Forest,Alluvial,2337.3,28.6,87.4,90.0,45.0,180.0,9,3
Nutrient_Deficiency,South_East,Sudan_Savanna,Alluvial,871.8,26.2,47.4,19.0,7.6,53.0,1,3
Nutrient_Deficiency,North_West,Sudan_Savanna,Clay_Loam,983.9,31.1,44.4,20.5,11.2,31.0,1,2
Healthy,North_East,Humid_Forest,Sandy_Loam,1231.1,27.6,54.0,85.9,33.7,107.4,1,1
Healthy,North_East,Southern_Guinea_Savanna,Alluvial,1321.1,26.2,47.4,70.9,32.0,202.6,0,1
Viral_Mosaic,South_West,Southern_Guinea_Savanna,Alluvial,1046.5,28.8,64.4,100.0,55.0,220.0,35,3
Viral_Mosaic,South_West,Derived_Savanna,Lateritic,712.0,31.8,59.4,100.0,55.0,220.0,29,3
Healthy,South_South,Southern_Guinea_Savanna,Alluvial,1130.0,28.6,64.3,70.9,48.3,171.8,1,1
Healthy,South_West,Humid_Forest,Sandy_Loam,911.8,27.2,51.7,72.0,39.8,142.5,1,1
Bacterial_Wilt,South_West,Southern_Guinea_Savanna,Sandy_Loam,826.4,33.1,64.9,100.0,55.0,220.0,4,4
Bacterial_Wilt,South_West,Derived_Savanna,Clay_Loam,1612.7,32.2,84.8,100.0,55.0,220.0,3,5
Nutrient_Deficiency,South_East,Derived_Savanna,Lateritic,651.3,31.7,59.2,16.7,12.0,55.7,0,2
Fungal_Blight,South_West,Humid_Forest,Sandy_Loam,2011.3,26.9,82.7,90.0,45.0,180.0,6,3
Fungal_Blight,South_West,Derived_Savanna,Alluvial,2501.0,26.9,89.7,90.0,45.0,180.0,7,4
Healthy,South_South,Southern_Guinea_Savanna,Alluvial,1564.6,26.8,40.0,90.5,38.2,176.7,0,1
Healthy,South_East,Humid_Forest,Sandy_Loam,1428.5,28.4,64.8,82.9,42.2,187.7,0,1
Bacterial_Wilt,South_West,Humid_Forest,Clay_Loam,1745.4,34.4,70.2,100.0,55.0,220.0,5,5
Fungal_Blight,South_South,Humid_Forest,Clay_Loam,2071.5,28.8,86.5,90.0,45.0,180.0,5,4
Fungal_Blight,South_West,Humid_Forest,Sandy_Loam,2501.4,24.8,91.8,90.0,45.0,180.0,8,3
Bacterial_Wilt,South_East,Sudan_Savanna,Alluvial,1193.2,33.5,67.5,100.0,55.0,220.0,7,5
Fungal_Blight,South_West,Derived_Savanna,Clay_Loam,1960.1,28.2,88.0,90.0,45.0,180.0,9,4
Healthy,North_East,Humid_Forest,Alluvial,1510.6,27.1,74.7,80.7,40.8,139.1,0,1
Healthy,North_West,Humid_Forest,Alluvial,1171.9,33.6,59.6,60.0,38.4,188.1,1,1
Healthy,North_Central,Humid_Forest,Clay_Loam,1545.3,30.8,64.6,84.6,43.9,132.6,0,1
Bacterial_Wilt,South_West,Southern_Guinea_Savanna,Clay_Loam,1325.0,33.9,63.7,100.0,55.0,220.0,5,4
Healthy,South_West,Southern_Guinea_Savanna,Sandy_Loam,1476.9,28.0,70.5,60.0,32.0,160.4,1,1
Fungal_Blight,South_South,Derived_Savanna,Sandy_Loam,2417.2,28.3,88.2,90.0,45.0,180.0,9,4
Nutrient_Deficiency,North_Central,Sudan_Savanna,Sandy_Loam,836.9,29.1,64.6,18.2,5.0,51.8,2,3
Nutrient_Deficiency,North_Central,Sudan_Savanna,Lateritic,801.0,29.8,67.2,24.4,5.1,65.2,0,3
Nutrient_Deficiency,South_West,Southern_Guinea_Savanna,Sandy_Loam,801.5,31.0,48.3,12.5,9.0,45.3,1,3
Healthy,North_Central,Southern_Guinea_Savanna,Sandy_Loam,1498.6,31.7,67.5,72.8,33.6,100.0,1,1
Bacterial_Wilt,North_Central,Derived_Savanna,Clay_Loam,1180.3,34.7,81.7,100.0,55.0,220.0,2,5
Fungal_Blight,South_South,Humid_Forest,Sandy_Loam,1970.1,23.8,88.8,90.0,45.0,180.0,12,4
Healthy,South_West,Southern_Guinea_Savanna,Sandy_Loam,1321.3,32.0,63.0,93.2,45.0,174.8,0,1
Healthy,North_West,Southern_Guinea_Savanna,Sandy_Loam,1537.1,28.1,56.5,85.1,37.9,157.1,1,1
Bacterial_Wilt,North_Central,Derived_Savanna,Clay_Loam,1086.5,34.7,71.3,100.0,55.0,220.0,7,4
Bacterial_Wilt,South_West,Sudan_Savanna,Alluvial,600.0,32.5,67.6,100.0,55.0,220.0,11,5
Healthy,South_South,Southern_Guinea_Savanna,Clay_Loam,872.4,28.3,70.0,79.5,36.0,138.8,1,1
Viral_Mosaic,North_Central,Southern_Guinea_Savanna,Clay_Loam,1418.8,31.8,65.7,100.0,55.0,220.0,20,3
Fungal_Blight,South_West,Derived_Savanna,Sandy_Loam,1980.1,28.4,87.4,90.0,45.0,180.0,5,4
Nutrient_Deficiency,North_Central,Southern_Guinea_Savanna,Lateritic,805.6,28.4,58.7,23.5,8.3,38.9,1,3
Healthy,North_West,Southern_Guinea_Savanna,Clay_Loam,1637.8,31.2,75.3,81.1,41.9,195.4,0,1
Viral_Mosaic,South_West,Southern_Guinea_Savanna,Clay_Loam,1335.8,35.4,60.4,100.0,55.0,220.0,21,3
Fungal_Blight,South_South,Derived_Savanna,Clay_Loam,2453.7,28.1,84.6,90.0,45.0,180.0,8,3
Nutrient_Deficiency,North_West,Sudan_Savanna,Lateritic,695.3,32.9,57.1,12.7,5.0,70.0,1,3
Viral_Mosaic,South_West,Humid_Forest,Sandy_Loam,1336.1,33.0,57.4,100.0,55.0,220.0,26,4
Fungal_Blight,South_West,Humid_Forest,Lateritic,2300.5,26.0,87.2,90.0,45.0,180.0,5,4
Nutrient_Deficiency,North_West,Sudan_Savanna,Alluvial,699.8,30.2,40.0,27.2,13.8,61.3,0,2
Viral_Mosaic,South_West,Humid_Forest,Sandy_Loam,1598.8,29.0,73.0,100.0,55.0,220.0,30,3
Fungal_Blight,South_South,Humid_Forest,Alluvial,2148.2,28.7,86.6,90.0,45.0,180.0,7,5
Nutrient_Deficiency,North_East,Sudan_Savanna,Clay_Loam,600.0,26.8,68.4,25.7,15.0,57.1,1,3
Healthy,South_East,Humid_Forest,Sandy_Loam,1555.3,33.2,49.3,60.0,48.4,169.7,1,1
Viral_Mosaic,South_West,Derived_Savanna,Sandy_Loam,600.0,29.1,59.8,100.0,55.0,220.0,18,3
Fungal_Blight,South_South,Humid_Forest,Clay_Loam,1999.9,29.3,84.1,90.0,45.0,180.0,10,4
Nutrient_Deficiency,North_West,Southern_Guinea_Savanna,Lateritic,709.9,26.7,40.6,22.3,14.4,45.3,1,3
Healthy,North_East,Southern_Guinea_Savanna,Sandy_Loam,914.8,27.7,62.6,78.2,30.7,190.1,1,1
Healthy,South_West,Southern_Guinea_Savanna,Alluvial,1640.9,30.1,62.1,82.4,44.2,144.3,0,1
Nutrient_Deficiency,North_East,Derived_Savanna,Sandy_Loam,935.9,29.2,53.4,24.6,9.5,52.4,0,4
Viral_Mosaic,South_West,Derived_Savanna,Sandy_Loam,1183.4,37.0,77.5,100.0,55.0,220.0,30,2
Healthy,North_Central,Derived_Savanna,Sandy_Loam,1161.4,32.8,56.1,90.9,33.3,172.2,1,1
Nutrient_Deficiency,North_Central,Sudan_Savanna,Lateritic,1053.4,27.1,59.2,10.0,15.0,65.0,1,3
Bacterial_Wilt,North_Central,Sudan_Savanna,Sandy_Loam,1033.9,35.5,76.5,100.0,55.0,220.0,4,5
Healthy,North_East,Derived_Savanna,Sandy_Loam,1482.2,26.8,70.2,71.4,38.2,183.6,1,1
Healthy,North_West,Derived_Savanna,Clay_Loam,1182.2,28.6,50.4,63.9,35.4,154.7,1,1
Viral_Mosaic,South_West,Derived_Savanna,Clay_Loam,1140.3,22.0,59.1,100.0,55.0,220.0,21,4
Fungal_Blight,South_West,Humid_Forest,Clay_Loam,2053.0,29.3,86.5,90.0,45.0,180.0,10,4
Fungal_Blight,South_West,Humid_Forest,Alluvial,2230.9,30.2,85.3,90.0,45.0,180.0,6,4
Bacterial_Wilt,South_East,Sudan_Savanna,Clay_Loam,1321.0,34.6,63.7,100.0,55.0,220.0,7,4
Healthy,South_West,Humid_Forest,Clay_Loam,1038.4,22.6,55.4,91.3,48.1,154.1,0,1
Nutrient_Deficiency,North_Central,Southern_Guinea_Savanna,Alluvial,784.6,29.0,54.1,18.7,7.5,54.8,0,2
Fungal_Blight,South_West,Humid_Forest,Alluvial,2054.3,26.8,82.4,90.0,45.0,180.0,9,4
Nutrient_Deficiency,South_West,Derived_Savanna,Lateritic,654.9,25.2,66.5,12.1,12.8,51.7,0,3
Fungal_Blight,South_South,Humid_Forest,Alluvial,1944.0,27.5,85.4,90.0,45.0,180.0,7,4
Fungal_Blight,South_East,Humid_Forest,Sandy_Loam,2004.5,30.4,91.0,90.0,45.0,180.0,7,3
Fungal_Blight,South_South,Humid_Forest,Clay_Loam,2123.1,25.9,87.6,90.0,45.0,180.0,9,5
Nutrient_Deficiency,North_West,Southern_Guinea_Savanna,Clay_Loam,726.7,33.2,40.0,15.0,7.7,53.3,1,4
Bacterial_Wilt,South_South,Sudan_Savanna,Lateritic,946.0,31.8,67.3,100.0,55.0,220.0,3,4
Bacterial_Wilt,North_Central,Southern_Guinea_Savanna,Alluvial,1378.4,35.7,74.3,100.0,55.0,220.0,7,5
Bacterial_Wilt,South_South,Humid_Forest,Lateritic,1531.0,32.9,70.9,100.0,55.0,220.0,5,4
Nutrient_Deficiency,North_Central,Derived_Savanna,Sandy_Loam,963.0,35.8,57.8,28.9,10.4,46.4,1,4
Viral_Mosaic,North_Central,Derived_Savanna,Sandy_Loam,1077.4,31.5,68.9,100.0,55.0,220.0,29,3
Nutrient_Deficiency,South_East,Sudan_Savanna,Lateritic,713.3,30.7,47.5,20.0,11.0,55.8,1,2
Nutrient_Deficiency,North_East,Southern_Guinea_Savanna,Sandy_Loam,829.0,30.7,49.9,10.0,9.0,46.7,0,3
Bacterial_Wilt,South_East,Derived_Savanna,Clay_Loam,1579.4,33.7,78.8,100.0,55.0,220.0,2,4
Nutrient_Deficiency,North_West,Sudan_Savanna,Lateritic,1093.5,31.5,62.6,21.7,9.3,49.8,2,3
Fungal_Blight,South_West,Derived_Savanna,Alluvial,2085.5,29.4,80.0,90.0,45.0,180.0,12,4
Viral_Mosaic,North_Central,Southern_Guinea_Savanna,Clay_Loam,1262.2,22.9,76.8,100.0,55.0,220.0,20,3
Healthy,North_Central,Derived_Savanna,Sandy_Loam,1376.0,28.7,68.7,69.9,45.1,156.5,1,1
Nutrient_Deficiency,North_East,Southern_Guinea_Savanna,Sandy_Loam,897.9,32.1,46.8,16.6,7.9,56.8,0,3
Viral_Mosaic,North_West,Southern_Guinea_Savanna,Clay_Loam,1253.0,30.6,62.7,100.0,55.0,220.0,24,4
Fungal_Blight,South_South,Humid_Forest,Alluvial,2333.4,28.3,90.1,90.0,45.0,180.0,8,4
Viral_Mosaic,North_West,Derived_Savanna,Lateritic,1578.8,28.4,55.0,100.0,55.0,220.0,27,2
Bacterial_Wilt,North_West,Southern_Guinea_Savanna,Clay_Loam,1553.4,37.4,69.3,100.0,55.0,220.0,2,5
Fungal_Blight,South_South,Humid_Forest,Lateritic,2432.5,28.7,80.0,90.0,45.0,180.0,8,5
Viral_Mosaic,North_Central,Derived_Savanna,Clay_Loam,1559.8,25.9,59.9,100.0,55.0,220.0,29,2
Nutrient_Deficiency,South_East,Sudan_Savanna,Sandy_Loam,771.9,32.2,40.0,23.3,8.1,44.5,0,3
Fungal_Blight,South_West,Humid_Forest,Sandy_Loam,1800.0,30.7,87.7,90.0,45.0,180.0,9,4
Nutrient_Deficiency,North_Central,Sudan_Savanna,Alluvial,898.4,27.3,67.5,25.8,9.2,70.0,0,3
Fungal_Blight,South_West,Derived_Savanna,Alluvial,1817.9,31.5,80.8,90.0,45.0,180.0,10,4
Nutrient_Deficiency,North_East,Sudan_Savanna,Lateritic,845.6,31.3,60.2,24.8,5.0,44.3,0,3
Healthy,South_West,Southern_Guinea_Savanna,Sandy_Loam,1296.2,29.4,63.0,68.3,45.0,156.0,0,1
Healthy,North_East,Derived_Savanna,Alluvial,1392.2,27.0,62.2,90.8,40.0,161.2,1,1
Nutrient_Deficiency,North_East,Southern_Guinea_Savanna,Sandy_Loam,710.7,29.2,53.2,18.5,14.5,58.2,1,2
Healthy,North_East,Southern_Guinea_Savanna,Sandy_Loam,1236.5,26.3,62.2,79.0,33.1,152.5,2,1
Bacterial_Wilt,North_East,Derived_Savanna,Clay_Loam,1160.6,32.1,61.2,100.0,55.0,220.0,3,5
Bacterial_Wilt,North_East,Sudan_Savanna,Clay_Loam,1083.9,34.9,78.9,100.0,55.0,220.0,7,4
Healthy,North_Central,Derived_Savanna,Alluvial,1256.6,26.6,55.1,84.5,44.0,155.9,0,1
Nutrient_Deficiency,South_West,Derived_Savanna,Lateritic,804.3,38.0,42.2,16.5,12.9,51.7,2,3
Healthy,South_West,Derived_Savanna,Clay_Loam,1214.1,31.9,53.1,66.3,43.7,181.5,0,1
Bacterial_Wilt,South_West,Southern_Guinea_Savanna,Sandy_Loam,1482.7,35.0,63.7,100.0,55.0,220.0,3,5
Bacterial_Wilt,North_West,Southern_Guinea_Savanna,Clay_Loam,1397.6,35.4,62.4,100.0,55.0,220.0,3,5
Nutrient_Deficiency,South_West,Derived_Savanna,Lateritic,956.5,30.3,40.0,30.0,7.3,58.3,1,2
Viral_Mosaic,North_Central,Derived_Savanna,Sandy_Loam,1065.2,28.8,68.9,100.0,55.0,220.0,31,3
Fungal_Blight,South_West,Humid_Forest,Clay_Loam,2398.3,31.0,83.4,90.0,45.0,180.0,13,4
Fungal_Blight,South_West,Humid_Forest,Alluvial,2513.3,30.2,88.0,90.0,45.0,180.0,7,5
Nutrient_Deficiency,South_South,Southern_Guinea_Savanna,Lateritic,970.7,30.0,64.4,19.8,15.0,51.6,1,3
Viral_Mosaic,North_Central,Derived_Savanna,Clay_Loam,1017.4,36.8,67.1,100.0,55.0,220.0,25,3
Healthy,South_East,Derived_Savanna,Sandy_Loam,846.7,25.4,78.1,79.4,39.9,175.9,1,1
Bacterial_Wilt,South_East,Southern_Guinea_Savanna,Clay_Loam,1445.2,30.9,70.0,100.0,55.0,220.0,8,4
Viral_Mosaic,North_Central,Derived_Savanna,Clay_Loam,1579.9,26.6,51.2,100.0,55.0,220.0,29,3
Nutrient_Deficiency,South_East,Derived_Savanna,Sandy_Loam,1005.3,32.1,40.0,25.3,6.2,60.3,0,4
Healthy,North_Central,Southern_Guinea_Savanna,Alluvial,1012.2,22.0,55.5,87.6,41.6,154.5,0,1
Bacterial_Wilt,South_South,Sudan_Savanna,Sandy_Loam,1127.9,34.9,72.9,100.0,55.0,220.0,3,5
Nutrient_Deficiency,North_Central,Sudan_Savanna,Lateritic,971.4,30.0,55.7,21.8,9.0,37.8,0,3
Fungal_Blight,South_West,Humid_Forest,Alluvial,2206.5,28.3,92.1,90.0,45.0,180.0,9,3
Nutrient_Deficiency,South_East,Southern_Guinea_Savanna,Lateritic,610.6,31.4,56.5,19.9,6.7,39.0,0,3
Fungal_Blight,South_South,Humid_Forest,Lateritic,2261.5,26.8,92.0,90.0,45.0,180.0,8,4
Viral_Mosaic,North_Central,Derived_Savanna,Sandy_Loam,948.5,26.6,77.9,100.0,55.0,220.0,22,4
Healthy,South_East,Humid_Forest,Alluvial,1317.4,26.4,54.0,67.0,45.2,122.1,0,1
Viral_Mosaic,South_West,Derived_Savanna,Sandy_Loam,1125.6,34.6,80.5,100.0,55.0,220.0,34,4
Bacterial_Wilt,South_West,Sudan_Savanna,Lateritic,1140.6,32.6,68.2,100.0,55.0,220.0,9,4
Nutrient_Deficiency,North_Central,Derived_Savanna,Sandy_Loam,737.0,29.0,57.0,20.3,13.2,45.0,1,3
Viral_Mosaic,South_West,Derived_Savanna,Clay_Loam,1394.2,28.4,56.5,100.0,55.0,220.0,31,3
Fungal_Blight,South_South,Humid_Forest,Alluvial,2317.9,27.1,93.1,90.0,45.0,180.0,7,4
Nutrient_Deficiency,South_South,Derived_Savanna,Clay_Loam,893.4,37.0,52.1,15.0,8.4,38.0,2,2
Nutrient_Deficiency,North_Central,Southern_Guinea_Savanna,Alluvial,600.0,31.9,57.6,21.1,7.8,56.6,0,4
Healthy,South_West,Humid_Forest,Clay_Loam,1288.2,29.2,84.1,80.7,37.8,129.0,0,1
Viral_Mosaic,South_West,Humid_Forest,Sandy_Loam,877.9,28.2,81.6,100.0,55.0,220.0,26,3
Viral_Mosaic,South_West,Southern_Guinea_Savanna,Sandy_Loam,1449.8,28.1,76.9,100.0,55.0,220.0,21,3
Healthy,South_East,Derived_Savanna,Clay_Loam,1916.2,27.2,56.8,83.3,30.0,161.6,0,1
Viral_Mosaic,South_West,Derived_Savanna,Clay_Loam,1054.6,24.1,72.4,100.0,55.0,220.0,27,3
Nutrient_Deficiency,North_West,Derived_Savanna,Lateritic,600.0,29.1,67.1,23.0,10.5,42.2,0,3
Bacterial_Wilt,South_South,Derived_Savanna,Clay_Loam,1137.5,33.5,61.7,100.0,55.0,220.0,5,5
Nutrient_Deficiency,South_East,Sudan_Savanna,Clay_Loam,813.0,34.0,61.7,21.3,13.7,50.6,0,4
Fungal_Blight,South_South,Humid_Forest,Lateritic,2478.1,26.7,84.7,90.0,45.0,180.0,5,4
Viral_Mosaic,South_West,Southern_Guinea_Savanna,Clay_Loam,1276.0,30.2,62.6,100.0,55.0,220.0,26,4
Healthy,South_South,Derived_Savanna,Clay_Loam,1169.0,24.9,65.9,75.6,40.4,149.3,2,1
Bacterial_Wilt,South_South,Humid_Forest,Clay_Loam,1507.5,33.7,74.5,100.0,55.0,220.0,3,4
Fungal_Blight,South_South,Derived_Savanna,Clay_Loam,2436.3,27.9,84.0,90.0,45.0,180.0,11,5
Nutrient_Deficiency,North_West,Southern_Guinea_Savanna,Lateritic,904.9,31.3,60.5,26.2,6.0,37.7,1,3
Healthy,South_South,Derived_Savanna,Sandy_Loam,1280.6,29.6,66.6,90.0,34.9,169.7,0,1
Healthy,South_East,Southern_Guinea_Savanna,Sandy_Loam,1710.1,26.4,73.0,60.4,40.9,129.3,2,1
Fungal_Blight,South_South,Humid_Forest,Lateritic,2069.4,30.3,93.7,90.0,45.0,180.0,7,4
Healthy,North_East,Derived_Savanna,Sandy_Loam,1142.7,26.1,66.2,60.0,31.2,206.6,1,1
Healthy,South_South,Southern_Guinea_Savanna,Sandy_Loam,1065.4,29.6,64.2,71.5,44.4,155.9,0,1
Healthy,South_East,Derived_Savanna,Sandy_Loam,849.2,24.0,64.1,83.1,31.1,182.4,3,1
Fungal_Blight,South_East,Humid_Forest,Alluvial,1898.4,32.4,85.3,90.0,45.0,180.0,8,3
Bacterial_Wilt,North_Central,Derived_Savanna,Clay_Loam,890.5,31.2,72.3,100.0,55.0,220.0,6,5
Viral_Mosaic,North_Central,Derived_Savanna,Sandy_Loam,1053.1,30.1,79.3,100.0,55.0,220.0,21,4
Viral_Mosaic,North_Central,Southern_Guinea_Savanna,Clay_Loam,900.8,27.3,52.4,100.0,55.0,220.0,31,4
Viral_Mosaic,North_Central,Southern_Guinea_Savanna,Alluvial,823.2,30.0,71.4,100.0,55.0,220.0,23,3
Nutrient_Deficiency,North_East,Southern_Guinea_Savanna,Lateritic,893.9,30.7,62.4,11.7,5.5,59.2,1,2
Bacterial_Wilt,South_South,Sudan_Savanna,Clay_Loam,1034.0,30.5,61.9,100.0,55.0,220.0,5,4
Viral_Mosaic,North_Central,Derived_Savanna,Clay_Loam,759.5,27.4,67.0,100.0,55.0,220.0,32,3
Viral_Mosaic,South_West,Derived_Savanna,Lateritic,1184.3,27.0,79.2,100.0,55.0,220.0,21,4
Fungal_Blight,South_East,Humid_Forest,Clay_Loam,2192.8,29.0,86.9,90.0,45.0,180.0,12,5
Viral_Mosaic,North_West,Southern_Guinea_Savanna,Sandy_Loam,1060.7,29.0,68.5,100.0,55.0,220.0,15,4
Fungal_Blight,South_West,Derived_Savanna,Clay_Loam,1800.0,28.7,81.3,90.0,45.0,180.0,5,4
Healthy,North_East,Southern_Guinea_Savanna,Sandy_Loam,1358.3,28.3,73.7,93.4,30.0,175.1,0,1
Fungal_Blight,South_South,Humid_Forest,Alluvial,2208.9,29.7,91.2,90.0,45.0,180.0,7,3
Viral_Mosaic,South_West,Derived_Savanna,Alluvial,600.0,34.4,63.2,100.0,55.0,220.0,24,3
Bacterial_Wilt,South_West,Derived_Savanna,Clay_Loam,1482.9,32.1,70.6,100.0,55.0,220.0,9,5
Nutrient_Deficiency,North_Central,Southern_Guinea_Savanna,Lateritic,1055.2,26.3,53.4,20.2,9.0,44.2,2,3
Viral_Mosaic,North_Central,Southern_Guinea_Savanna,Clay_Loam,975.6,29.6,67.6,100.0,55.0,220.0,23,4
Viral_Mosaic,South_West,Southern_Guinea_Savanna,Sandy_Loam,1537.8,28.0,69.6,100.0,55.0,220.0,28,4
Bacterial_Wilt,South_East,Sudan_Savanna,Clay_Loam,1596.8,37.3,63.3,100.0,55.0,220.0,6,4
Nutrient_Deficiency,South_West,Southern_Guinea_Savanna,Lateritic,705.8,29.6,65.0,19.3,10.9,34.3,2,3
Viral_Mosaic,South_West,Southern_Guinea_Savanna,Alluvial,753.6,26.5,65.3,100.0,55.0,220.0,29,3
Nutrient_Deficiency,North_West,Sudan_Savanna,Lateritic,813.5,33.5,43.4,12.9,9.8,36.8,3,3
Fungal_Blight,South_West,Humid_Forest,Clay_Loam,1800.0,26.2,90.6,90.0,45.0,180.0,6,5
Fungal_Blight,South_East,Humid_Forest,Clay_Loam,1884.0,28.2,88.2,90.0,45.0,180.0,6,3
Bacterial_Wilt,North_West,Humid_Forest,Clay_Loam,1258.1,30.1,67.5,100.0,55.0,220.0,1,5
Healthy,South_West,Southern_Guinea_Savanna,Clay_Loam,1023.8,28.6,71.7,72.9,35.4,154.2,0,1
Fungal_Blight,South_East,Derived_Savanna,Clay_Loam,2054.1,30.0,88.7,90.0,45.0,180.0,6,4
Bacterial_Wilt,North_Central,Sudan_Savanna,Clay_Loam,1418.8,35.0,77.0,100.0,55.0,220.0,4,5
Bacterial_Wilt,South_West,Derived_Savanna,Clay_Loam,1030.1,34.4,74.8,100.0,55.0,220.0,3,5
Fungal_Blight,South_South,Humid_Forest,Sandy_Loam,2173.0,31.8,87.0,90.0,45.0,180.0,3,5
Bacterial_Wilt,North_Central,Southern_Guinea_Savanna,Sandy_Loam,1198.1,34.9,55.8,100.0,55.0,220.0,2,4
Viral_Mosaic,North_Central,Southern_Guinea_Savanna,Sandy_Loam,998.4,26.8,67.7,100.0,55.0,220.0,16,4
Fungal_Blight,South_West,Humid_Forest,Alluvial,2112.5,27.7,82.7,90.0,45.0,180.0,9,4
Bacterial_Wilt,South_East,Sudan_Savanna,Clay_Loam,956.6,34.0,52.9,100.0,55.0,220.0,3,5
Bacterial_Wilt,North_Central,Southern_Guinea_Savanna,Sandy_Loam,1312.3,31.8,66.3,100.0,55.0,220.0,11,5
Bacterial_Wilt,North_Central,Southern_Guinea_Savanna,Clay_Loam,1066.1,32.0,80.9,100.0,55.0,220.0,2,5
Bacterial_Wilt,North_West,Humid_Forest,Clay_Loam,1288.0,31.5,60.2,100.0,55.0,220.0,5,5
Nutrient_Deficiency,North_East,Sudan_Savanna,Lateritic,1014.9,34.0,44.1,23.5,7.9,56.5,0,3
Viral_Mosaic,South_West,Humid_Forest,Lateritic,1332.0,28.7,52.4,100.0,55.0,220.0,23,2
Viral_Mosaic,North_West,Southern_Guinea_Savanna,Lateritic,1290.1,31.8,44.8,100.0,55.0,220.0,29,2
Bacterial_Wilt,South_East,Southern_Guinea_Savanna,Lateritic,1427.3,30.2,63.0,100.0,55.0,220.0,3,5
Nutrient_Deficiency,South_East,Derived_Savanna,Sandy_Loam,851.7,34.7,51.9,20.1,8.1,57.2,1,3
Nutrient_Deficiency,South_East,Derived_Savanna,Alluvial,744.7,32.1,49.8,17.0,5.3,56.1,2,3
Viral_Mosaic,South_West,Derived_Savanna,Lateritic,984.6,26.0,75.2,100.0,55.0,220.0,19,2
Fungal_Blight,South_South,Humid_Forest,Lateritic,2155.3,26.7,90.1,90.0,45.0,180.0,7,3
Fungal_Blight,South_East,Humid_Forest,Sandy_Loam,1816.7,30.2,95.0,90.0,45.0,180.0,6,5
Viral_Mosaic,North_West,Southern_Guinea_Savanna,Lateritic,979.1,30.3,69.7,100.0,55.0,220.0,25,3
Viral_Mosaic,North_West,Humid_Forest,Alluvial,1015.1,30.0,56.3,100.0,55.0,220.0,35,4
Viral_Mosaic,North_Central,Southern_Guinea_Savanna,Lateritic,1511.1,25.5,79.7,100.0,55.0,220.0,24,3
Bacterial_Wilt,South_West,Humid_Forest,Clay_Loam,907.1,37.4,64.2,100.0,55.0,220.0,4,4
Fungal_Blight,South_East,Derived_Savanna,Alluvial,2061.5,29.6,82.7,90.0,45.0,180.0,11,5
Healthy,South_West,Southern_Guinea_Savanna,Alluvial,947.0,27.4,77.4,86.6,37.1,113.3,0,1
Viral_Mosaic,North_Central,Southern_Guinea_Savanna,Clay_Loam,956.3,30.9,63.4,100.0,55.0,220.0,17,2
Viral_Mosaic,North_Central,Humid_Forest,Sandy_Loam,1569.7,31.9,79.5,100.0,55.0,220.0,22,4
Nutrient_Deficiency,North_West,Sudan_Savanna,Sandy_Loam,829.9,32.7,57.0,14.3,7.0,31.5,1,3
Healthy,South_South,Humid_Forest,Sandy_Loam,1241.1,28.3,66.4,78.4,39.2,185.8,1,1
Fungal_Blight,South_West,Humid_Forest,Clay_Loam,2174.7,25.1,85.7,90.0,45.0,180.0,6,4
Healthy,South_East,Southern_Guinea_Savanna,Sandy_Loam,1120.1,31.7,61.7,93.0,41.9,140.6,0,1
Fungal_Blight,South_West,Humid_Forest,Lateritic,1800.0,28.6,86.9,90.0,45.0,180.0,12,4
Bacterial_Wilt,South_East,Humid_Forest,Clay_Loam,967.4,33.8,76.2,100.0,55.0,220.0,8,4
Nutrient_Deficiency,North_Central,Sudan_Savanna,Alluvial,1026.5,31.8,60.9,19.2,10.9,61.2,1,3
Fungal_Blight,South_South,Humid_Forest,Clay_Loam,2484.5,32.2,82.2,90.0,45.0,180.0,8,5
Healthy,North_Central,Derived_Savanna,Sandy_Loam,1267.9,23.3,57.6,78.9,39.8,134.3,0,1
Healthy,South_East,Humid_Forest,Sandy_Loam,1161.5,32.0,71.6,80.8,40.7,167.1,0,1
Fungal_Blight,South_South,Derived_Savanna,Alluvial,2006.2,28.7,87.8,90.0,45.0,180.0,8,3
Healthy,South_West,Derived_Savanna,Alluvial,1161.2,25.6,68.7,76.3,37.4,155.0,0,1
Nutrient_Deficiency,North_Central,Southern_Guinea_Savanna,Lateritic,900.4,34.0,47.4,21.8,10.6,51.3,1,4
Fungal_Blight,South_West,Humid_Forest,Alluvial,1987.1,28.3,84.5,90.0,45.0,180.0,11,4
Bacterial_Wilt,South_South,Southern_Guinea_Savanna,Clay_Loam,691.1,30.4,75.6,100.0,55.0,220.0,6,5
Fungal_Blight,South_South,Derived_Savanna,Clay_Loam,2145.4,29.8,88.8,90.0,45.0,180.0,7,5
Viral_Mosaic,South_West,Southern_Guinea_Savanna,Alluvial,1148.0,30.3,69.7,100.0,55.0,220.0,28,2
Nutrient_Deficiency,North_Central,Sudan_Savanna,Lateritic,624.1,30.6,41.4,18.3,9.2,30.0,0,4
Nutrient_Deficiency,South_West,Derived_Savanna,Clay_Loam,838.6,34.1,51.3,19.9,14.6,34.6,0,3
Fungal_Blight,South_West,Derived_Savanna,Alluvial,2067.3,28.8,85.9,90.0,45.0,180.0,12,4
Viral_Mosaic,North_Central,Derived_Savanna,Clay_Loam,1701.7,33.8,66.9,100.0,55.0,220.0,21,4
Healthy,South_West,Derived_Savanna,Sandy_Loam,1152.7,25.7,60.6,68.9,36.9,168.6,0,1
Fungal_Blight,South_West,Humid_Forest,Alluvial,2193.4,30.1,87.4,90.0,45.0,180.0,8,5
Viral_Mosaic,North_West,Derived_Savanna,Alluvial,600.0,38.0,61.7,100.0,55.0,220.0,21,3
Healthy,South_West,Derived_Savanna,Sandy_Loam,1571.1,26.6,65.8,100.0,40.9,155.5,0,1
Nutrient_Deficiency,North_East,Sudan_Savanna,Lateritic,839.5,27.2,40.0,26.4,7.3,48.8,1,2
Viral_Mosaic,South_West,Derived_Savanna,Lateritic,882.2,31.4,59.4,100.0,55.0,220.0,24,4
Healthy,South_West,Humid_Forest,Sandy_Loam,1797.2,28.8,53.3,80.9,44.3,164.2,0,1
Healthy,South_South,Southern_Guinea_Savanna,Sandy_Loam,1490.7,26.0,68.3,63.7,38.5,139.5,1,1
Viral_Mosaic,South_West,Humid_Forest,Sandy_Loam,1120.0,27.4,56.6,100.0,55.0,220.0,18,3
Healthy,North_East,Humid_Forest,Clay_Loam,1425.7,27.1,58.0,84.0,31.4,117.4,1,1
Viral_Mosaic,North_Central,Southern_Guinea_Savanna,Sandy_Loam,1088.1,27.0,84.4,100.0,55.0,220.0,23,2
Bacterial_Wilt,South_South,Southern_Guinea_Savanna,Lateritic,1320.3,30.0,82.2,100.0,55.0,220.0,7,4
Bacterial_Wilt,South_South,Derived_Savanna,Clay_Loam,1045.9,32.2,79.5,100.0,55.0,220.0,2,4
Nutrient_Deficiency,North_West,Derived_Savanna,Lateritic,880.2,31.0,40.0,23.2,10.3,39.2,3,3
Bacterial_Wilt,North_Central,Sudan_Savanna,Clay_Loam,1016.5,31.8,66.5,100.0,55.0,220.0,6,4
Bacterial_Wilt,South_East,Humid_Forest,Lateritic,1034.5,33.1,81.3,100.0,55.0,220.0,8,5
Healthy,South_East,Southern_Guinea_Savanna,Alluvial,1213.1,30.1,72.3,73.6,36.9,146.2,1,1
Nutrient_Deficiency,North_West,Sudan_Savanna,Lateritic,829.1,30.6,40.0,22.0,7.9,62.6,3,2
Bacterial_Wilt,North_Central,Derived_Savanna,Lateritic,991.9,30.0,74.4,100.0,55.0,220.0,6,5
Healthy,North_East,Derived_Savanna,Sandy_Loam,1407.3,26.2,70.8,77.8,39.0,203.2,0,1
Healthy,South_West,Derived_Savanna,Alluvial,1217.8,23.1,50.5,78.1,44.1,143.7,1,1
Fungal_Blight,South_West,Humid_Forest,Clay_Loam,2090.4,30.6,91.4,90.0,45.0,180.0,6,4
Fungal_Blight,South_West,Humid_Forest,Lateritic,2120.3,31.4,85.3,90.0,45.0,180.0,14,4
Fungal_Blight,South_South,Humid_Forest,Alluvial,2800.0,26.3,93.1,90.0,45.0,180.0,8,3
Fungal_Blight,South_West,Humid_Forest,Alluvial,2166.3,28.6,80.0,90.0,45.0,180.0,8,5
Healthy,South_West,Humid_Forest,Clay_Loam,1101.9,22.4,65.3,76.1,40.7,208.9,0,1
Fungal_Blight,South_West,Humid_Forest,Clay_Loam,2275.5,29.9,82.3,90.0,45.0,180.0,7,5
Bacterial_Wilt,North_West,Derived_Savanna,Lateritic,769.0,34.1,55.9,100.0,55.0,220.0,2,4
Healthy,South_East,Southern_Guinea_Savanna,Clay_Loam,1812.4,27.3,49.1,70.2,33.8,169.5,0,1
Fungal_Blight,South_East,Humid_Forest,Alluvial,1800.0,30.6,89.0,90.0,45.0,180.0,7,5
Fungal_Blight,South_West,Humid_Forest,Alluvial,2201.5,28.0,90.8,90.0,45.0,180.0,10,4
Nutrient_Deficiency,North_East,Derived_Savanna,Lateritic,703.0,31.2,42.9,25.4,9.6,54.3,5,2
Healthy,South_West,Derived_Savanna,Alluvial,1220.2,26.0,70.6,78.2,48.5,158.5,1,1
Healthy,South_South,Humid_Forest,Sandy_Loam,1092.9,30.3,75.8,81.0,40.6,142.9,0,1
Viral_Mosaic,North_Central,Southern_Guinea_Savanna,Alluvial,867.6,27.0,68.1,100.0,55.0,220.0,30,3
Fungal_Blight,South_East,Humid_Forest,Sandy_Loam,2003.1,28.1,83.6,90.0,45.0,180.0,7,4
Viral_Mosaic,North_Central,Southern_Guinea_Savanna,Alluvial,1113.1,29.8,68.5,100.0,55.0,220.0,22,3
Bacterial_Wilt,North_Central,Sudan_Savanna,Clay_Loam,984.1,32.7,87.8,100.0,55.0,220.0,7,5
Fungal_Blight,South_West,Humid_Forest,Alluvial,1800.0,27.2,88.8,90.0,45.0,180.0,6,4
Viral_Mosaic,North_West,Southern_Guinea_Savanna,Lateritic,1243.5,30.1,68.8,100.0,55.0,220.0,33,4
Nutrient_Deficiency,North_Central,Southern_Guinea_Savanna,Lateritic,680.0,29.9,47.8,15.6,10.1,48.8,0,2
Healthy,South_South,Derived_Savanna,Alluvial,1084.3,30.0,67.1,60.0,30.0,158.1,0,1
Fungal_Blight,South_West,Humid_Forest,Alluvial,2053.2,31.1,92.8,90.0,45.0,180.0,6,4
Bacterial_Wilt,South_East,Sudan_Savanna,Lateritic,1483.1,33.3,69.3,100.0,55.0,220.0,4,5
Bacterial_Wilt,South_West,Derived_Savanna,Sandy_Loam,1359.8,32.9,77.3,100.0,55.0,220.0,0,5
Nutrient_Deficiency,South_South,Derived_Savanna,Lateritic,948.1,32.3,63.9,11.7,15.0,65.6,0,2
Bacterial_Wilt,South_West,Derived_Savanna,Sandy_Loam,1257.0,31.9,68.6,100.0,55.0,220.0,1,4
Nutrient_Deficiency,North_East,Derived_Savanna,Lateritic,928.1,30.9,44.4,21.3,6.1,52.3,2,3
Healthy,South_East,Derived_Savanna,Clay_Loam,1220.0,28.4,55.3,98.9,31.0,164.6,0,1
Nutrient_Deficiency,South_South,Sudan_Savanna,Alluvial,740.8,28.4,64.7,14.6,10.4,50.7,2,4
Fungal_Blight,South_West,Derived_Savanna,Clay_Loam,2633.9,28.9,90.1,90.0,45.0,180.0,9,4
Bacterial_Wilt,North_West,Derived_Savanna,Clay_Loam,1220.9,32.9,75.8,100.0,55.0,220.0,3,4
Nutrient_Deficiency,North_East,Derived_Savanna,Lateritic,1069.1,28.7,45.0,20.3,10.9,66.6,1,3
Nutrient_Deficiency,North_East,Derived_Savanna,Lateritic,629.9,27.9,73.1,21.8,8.6,48.7,0,4
Fungal_Blight,South_South,Humid_Forest,Alluvial,2260.6,28.7,88.2,90.0,45.0,180.0,6,5
Viral_Mosaic,South_West,Southern_Guinea_Savanna,Sandy_Loam,1715.1,36.4,83.2,100.0,55.0,220.0,32,3
Bacterial_Wilt,South_South,Humid_Forest,Clay_Loam,940.7,34.8,75.0,100.0,55.0,220.0,2,4
Nutrient_Deficiency,North_East,Sudan_Savanna,Lateritic,621.7,32.4,50.4,15.3,8.3,45.6,2,2
Healthy,North_Central,Humid_Forest,Sandy_Loam,1485.9,27.5,62.3,94.1,38.9,167.2,0,1
Healthy,South_South,Humid_Forest,Sandy_Loam,1199.5,29.3,57.9,85.8,45.9,185.3,0,1
Viral_Mosaic,North_Central,Derived_Savanna,Sandy_Loam,1403.6,31.5,70.1,100.0,55.0,220.0,22,3
Fungal_Blight,South_West,Humid_Forest,Clay_Loam,2432.3,33.0,81.8,90.0,45.0,180.0,7,4
Nutrient_Deficiency,North_Central,Southern_Guinea_Savanna,Lateritic,901.8,27.3,51.5,23.6,11.4,61.8,0,3
Fungal_Blight,South_South,Derived_Savanna,Lateritic,2365.7,34.6,89.0,90.0,45.0,180.0,9,4
Healthy,South_East,Southern_Guinea_Savanna,Sandy_Loam,1277.1,25.8,70.0,75.1,42.8,152.7,1,1
Fungal_Blight,South_South,Humid_Forest,Clay_Loam,1800.0,30.1,95.0,90.0,45.0,180.0,12,4
Healthy,South_East,Derived_Savanna,Alluvial,1062.6,26.5,61.1,60.5,32.3,119.5,2,1
Healthy,South_South,Humid_Forest,Alluvial,1603.0,26.8,70.4,76.1,35.6,132.6,1,1
Bacterial_Wilt,North_Central,Southern_Guinea_Savanna,Clay_Loam,1630.7,31.9,61.6,100.0,55.0,220.0,4,5
Fungal_Blight,South_East,Humid_Forest,Sandy_Loam,2265.3,30.0,88.0,90.0,45.0,180.0,5,5
Bacterial_Wilt,North_Central,Derived_Savanna,Sandy_Loam,1070.1,30.1,69.9,100.0,55.0,220.0,3,5
Viral_Mosaic,South_West,Humid_Forest,Alluvial,1361.3,22.9,62.5,100.0,55.0,220.0,15,4
Fungal_Blight,South_East,Derived_Savanna,Lateritic,2624.4,30.2,84.4,90.0,45.0,180.0,7,3
Viral_Mosaic,South_West,Derived_Savanna,Alluvial,1120.8,30.6,58.6,100.0,55.0,220.0,23,4
Healthy,North_East,Humid_Forest,Sandy_Loam,1252.8,29.4,61.7,68.5,34.6,135.4,0,1
Nutrient_Deficiency,North_West,Sudan_Savanna,Lateritic,651.4,31.7,57.7,25.2,10.5,50.4,2,2
Bacterial_Wilt,North_Central,Derived_Savanna,Lateritic,960.7,34.2,86.1,100.0,55.0,220.0,4,4
Healthy,North_Central,Southern_Guinea_Savanna,Sandy_Loam,1167.8,25.4,71.8,75.4,40.8,145.7,0,1
Bacterial_Wilt,South_West,Derived_Savanna,Clay_Loam,1240.2,33.0,85.9,100.0,55.0,220.0,3,4
Healthy,North_West,Derived_Savanna,Sandy_Loam,1275.3,30.4,54.2,87.8,38.5,132.3,0,1
Nutrient_Deficiency,South_West,Sudan_Savanna,Lateritic,767.4,31.6,40.0,23.7,7.9,53.6,0,3
Viral_Mosaic,South_West,Humid_Forest,Alluvial,853.1,27.3,65.4,100.0,55.0,220.0,30,4
Fungal_Blight,South_West,Derived_Savanna,Sandy_Loam,2096.3,27.8,80.0,90.0,45.0,180.0,7,5
Bacterial_Wilt,South_East,Sudan_Savanna,Clay_Loam,1357.9,30.6,84.3,100.0,55.0,220.0,9,5
Bacterial_Wilt,South_West,Derived_Savanna,Alluvial,1942.6,35.5,60.8,100.0,55.0,220.0,4,5
Fungal_Blight,South_South,Humid_Forest,Alluvial,1930.0,24.8,86.3,90.0,45.0,180.0,10,3
