State,Latitude,Longitude,Temperature,Humidity,Soil_Moisture,Rainfall,Nitrogen_Level,Phosphorus_Level,Potassium_Level,Disease_Class
Ogun,5.554835,8.65802,27.66,73.4,47.46,259.64,52.6,17.15,58.42,Fungal Blight
Ogun,7.534859,6.567706,24.45,66.21,65.82,63.13,71.37,78.4,32.28,Healthy
Enugu,5.785578,5.090281,33.47,,51.71,237.36,67.05,,18.31,Healthy
Cross River,10.728663,8.797528,24.72,41.77,32.02,404.11,48.45,75.36,42.39,Healthy
Kaduna,6.356269,6.712313,35.87,75.41,49.28,194.64,90.94,71.41,34.68,Bacterial Wilt
Cross River,8.026734,5.968238,36.05,,47.35,422.98,56.73,22.18,56.0,Viral Mosaic
Ogun,12.561073,8.335832,23.54,81.77,67.64,302.24,55.53,22.86,98.13,Viral Mosaic
Kebbi,6.338847,4.532769,31.05,88.73,78.72,423.66,,77.98,21.19,Healthy
Cross River,9.070246,13.669076,21.58,80.1,38.77,352.87,92.99,74.91,43.55,Viral Mosaic
Kaduna,8.273445,12.978574,27.05,91.03,63.44,91.37,,44.02,93.88,Bacterial Wilt
Kebbi,4.663116,11.137637,32.84,58.3,,142.46,57.55,16.97,88.92,Healthy
Enugu,11.634823,4.221459,31.87,67.68,64.38,207.67,82.32,11.09,45.48,Bacterial Wilt
Kebbi,5.121413,11.922588,31.24,40.77,36.0,118.04,29.39,35.93,72.91,Bacterial Wilt
Kebbi,8.768295,12.291509,25.09,40.38,12.76,247.96,57.46,10.83,17.91,Nutrient Deficiency
Kaduna,9.546105,11.829293,26.8,53.21,,238.55,31.66,30.71,74.13,Fungal Blight
Cross River,10.155838,4.310608,21.85,45.54,52.74,432.5,78.37,47.76,97.56,Bacterial Wilt
Enugu,10.697685,10.404942,32.94,54.31,18.35,223.49,60.79,20.93,58.37,Healthy
Cross River,6.779451,,29.07,49.74,,364.25,87.04,19.38,54.86,Nutrient Deficiency
Kaduna,4.589809,9.639564,32.76,41.57,15.44,426.76,90.51,90.68,26.86,Fungal Blight
Cross River,11.010993,10.433685,24.48,90.01,75.1,400.8,68.39,62.69,67.04,Bacterial Wilt
Enugu,9.320909,8.27118,25.84,40.45,59.5,133.47,75.29,94.1,63.14,Healthy
Kaduna,12.025059,,26.02,80.48,33.08,248.41,59.43,41.12,68.67,Healthy
Enugu,11.892495,3.395334,20.46,48.37,37.35,189.1,44.6,70.94,12.35,Fungal Blight
Benue,12.089936,10.348075,26.14,90.17,61.86,209.94,68.33,28.42,59.39,Fungal Blight
Cross River,8.865852,3.936643,34.46,89.1,,194.32,91.75,65.65,63.54,Nutrient Deficiency
Ogun,,8.002668,,75.96,57.02,,47.5,21.66,28.68,Viral Mosaic
Kaduna,,6.365534,29.33,76.97,37.24,230.86,38.3,10.19,28.75,Healthy
Ogun,8.561647,9.272421,,40.29,44.15,259.48,,93.84,34.86,Healthy
,6.15098,4.534288,20.55,94.17,79.29,442.98,49.19,59.94,74.05,Viral Mosaic
Kebbi,12.194766,10.953899,35.83,,24.97,73.99,16.62,93.42,64.56,Healthy
Kaduna,12.443039,12.142633,20.23,89.23,,245.18,54.86,40.04,86.12,Fungal Blight
Benue,8.696788,4.878576,37.01,76.26,30.43,359.62,54.49,39.5,,Fungal Blight
Benue,5.181298,4.199601,28.81,58.96,63.56,110.46,62.96,46.06,92.09,Fungal Blight
Kaduna,7.990435,4.673428,26.15,89.15,63.48,294.61,42.65,,76.93,Fungal Blight
Kaduna,11.731839,13.086967,36.64,56.03,30.47,145.79,65.18,60.92,45.55,Fungal Blight
Ogun,12.615966,9.074177,20.44,70.95,15.7,396.96,89.04,93.28,18.57,Healthy
Kebbi,6.331255,8.373501,30.47,45.49,10.8,180.84,95.99,12.29,33.13,Nutrient Deficiency
Enugu,5.102763,4.227186,29.88,90.71,39.92,181.63,62.53,73.74,96.11,Viral Mosaic
Kaduna,12.396154,10.469894,23.95,47.74,38.72,289.28,13.83,39.73,37.93,Fungal Blight
Kaduna,8.004644,12.981995,27.72,52.37,79.19,123.43,97.23,26.22,39.69,Bacterial Wilt
Kebbi,9.375849,12.524137,31.74,70.7,42.89,163.96,73.53,55.94,27.06,Healthy
Ogun,13.212592,10.199629,33.09,82.03,27.95,216.65,40.24,55.46,82.62,Viral Mosaic
Kaduna,5.099083,3.865705,20.01,74.06,72.39,191.46,23.24,22.33,34.81,Fungal Blight
Benue,,4.292566,36.86,52.77,44.37,259.95,22.91,28.17,39.72,Healthy
Kebbi,5.166949,3.567053,22.96,,51.94,289.86,25.1,46.73,47.29,Nutrient Deficiency
Benue,7.87922,5.961011,51.26,,16.7,276.67,14.1,46.79,49.04,Nutrient Deficiency
Ogun,11.734331,4.560107,24.74,94.19,36.8,311.67,91.19,38.58,47.02,Bacterial Wilt
Kaduna,8.40125,5.990552,20.68,84.55,76.1,,58.67,23.37,55.34,Bacterial Wilt
Kebbi,13.474641,7.428168,22.21,,51.27,,73.0,10.39,83.31,Healthy
Benue,9.531534,13.844302,37.75,89.71,34.12,354.32,84.53,97.32,83.74,Viral Mosaic
Kaduna,7.390459,10.019325,25.67,62.54,53.8,390.31,81.24,94.91,81.85,Bacterial Wilt
Kebbi,6.481002,12.602199,22.08,68.87,73.73,152.8,89.43,,19.1,Healthy
Ogun,7.654685,11.169042,21.93,66.24,29.18,,97.05,99.55,81.97,Viral Mosaic
Ogun,7.852799,4.293786,32.95,,45.36,249.43,49.52,70.63,,Nutrient Deficiency
Enugu,5.118423,11.463085,35.38,82.64,77.11,263.33,95.53,16.2,21.23,Viral Mosaic
Benue,7.826168,6.163637,24.63,68.97,22.07,313.8,75.1,20.59,95.31,Bacterial Wilt
Ogun,8.678147,10.34974,20.38,57.42,60.38,66.64,16.36,92.45,83.75,Viral Mosaic
Kebbi,11.00464,6.921063,24.02,54.2,53.01,338.59,71.36,66.7,59.72,Healthy
Benue,10.410565,,21.02,42.08,57.58,74.79,71.8,85.89,88.75,Healthy
Enugu,,6.030842,21.86,72.08,34.59,237.32,91.53,90.84,99.04,Nutrient Deficiency
Cross River,4.575273,6.21,27.77,52.65,31.97,381.07,43.56,50.31,64.96,Viral Mosaic
Enugu,6.459007,13.702731,24.14,48.15,57.89,230.49,62.64,14.37,65.16,Healthy
Kaduna,10.455159,3.283411,29.29,,25.09,109.64,11.1,26.95,77.9,Bacterial Wilt
Cross River,8.855904,11.011923,24.56,77.47,39.38,444.01,39.89,15.99,30.89,Healthy
Benue,4.547821,11.341253,36.93,81.37,23.17,405.71,15.6,26.99,25.04,Nutrient Deficiency
Ogun,11.740452,12.618354,36.31,67.7,10.58,358.53,56.97,46.95,78.36,Viral Mosaic
Kebbi,11.455286,14.206052,30.2,89.17,77.9,214.6,83.57,20.64,41.04,Viral Mosaic
Cross River,9.435772,14.219422,26.38,91.5,40.22,123.54,28.58,25.01,22.16,Healthy
Cross River,,3.750683,26.86,84.41,77.85,426.56,57.47,50.12,,Healthy
,11.398635,12.451152,27.41,74.96,19.82,262.94,28.36,40.62,42.28,Healthy
Enugu,9.753422,10.432564,51.62,56.7,51.12,390.94,20.86,,96.87,Bacterial Wilt
Kaduna,11.53764,10.444435,28.13,94.06,24.07,186.84,55.99,48.63,72.82,Viral Mosaic
Enugu,11.265723,4.476024,35.42,55.08,65.31,184.12,,68.0,,Viral Mosaic
Ogun,,10.477152,36.99,51.15,64.86,444.22,,94.35,97.2,Healthy
Cross River,9.162073,14.29855,26.05,64.32,17.88,258.73,12.82,19.71,91.28,Fungal Blight
Kebbi,5.762921,13.485914,30.09,43.13,73.84,106.28,19.6,18.93,56.08,Fungal Blight
Enugu,10.540417,8.050003,21.71,93.82,23.62,137.87,59.5,86.75,91.51,Bacterial Wilt
Cross River,10.084264,3.459402,,72.36,52.91,242.78,,55.58,46.39,Bacterial Wilt
Ogun,11.180279,7.166375,27.44,70.63,78.99,66.99,12.61,78.98,30.74,Healthy
Cross River,6.028929,12.503489,,76.07,71.77,235.01,61.6,29.39,30.94,Fungal Blight
Cross River,6.254777,11.06724,35.78,67.34,76.96,217.58,85.47,84.6,69.61,Healthy
Ogun,12.513686,8.282452,22.85,41.76,33.98,361.73,75.01,93.15,55.1,Viral Mosaic
Kebbi,11.2498,3.633668,28.2,73.68,17.39,,21.81,67.19,69.31,Viral Mosaic
Kebbi,12.674056,7.909289,30.9,79.39,23.18,443.02,63.32,19.53,71.75,Viral Mosaic
Benue,11.328438,8.393787,32.45,62.92,45.03,122.31,70.5,,,Fungal Blight
Benue,9.874398,13.678389,26.9,81.65,65.53,,13.35,81.32,14.86,Bacterial Wilt
Benue,10.387195,10.37249,35.64,52.49,20.51,,86.98,,57.94,Healthy
Kebbi,12.502151,6.584009,50.92,52.17,56.18,343.55,91.56,13.31,27.19,Bacterial Wilt
Benue,9.709261,9.04116,27.91,48.88,32.65,,86.54,81.91,66.93,Healthy
Benue,10.191522,3.759636,21.21,60.46,33.88,377.66,84.22,22.42,59.7,Fungal Blight
Cross River,5.90829,,28.36,86.59,56.33,,77.05,30.01,62.72,Nutrient Deficiency
Kebbi,8.765291,7.140689,34.77,85.54,42.69,243.9,67.01,61.94,37.22,Viral Mosaic
Kebbi,10.947574,8.495475,31.06,,66.84,384.01,71.08,33.85,,Bacterial Wilt
Cross River,6.938484,7.085766,34.98,72.4,20.91,,82.58,69.52,84.65,Viral Mosaic
Benue,6.320288,,28.89,79.64,65.3,445.68,69.62,,99.83,Bacterial Wilt
Kebbi,7.324441,10.61567,22.13,53.27,14.5,208.62,39.5,19.73,85.46,Healthy
Kaduna,6.673506,11.226207,,,23.58,446.37,43.84,69.04,60.17,Healthy
Enugu,6.434214,,25.46,93.47,55.93,112.37,90.74,93.16,27.41,Nutrient Deficiency
Benue,8.323658,6.630188,32.56,73.97,,151.42,11.54,24.5,71.33,Healthy
Cross River,12.670547,4.440389,34.22,93.98,27.69,85.61,,63.74,94.39,Bacterial Wilt
Benue,,,,58.58,32.9,158.7,95.93,40.77,29.07,Nutrient Deficiency
Kebbi,6.191283,3.457667,28.92,78.67,47.6,357.18,73.56,51.37,33.04,Healthy
Benue,,9.873347,27.58,52.24,24.81,391.17,99.45,35.83,23.41,Fungal Blight
Kaduna,10.765405,13.001503,27.39,54.37,66.78,361.56,71.88,41.87,76.3,Healthy
Kaduna,7.945189,13.24457,24.16,68.15,64.15,302.43,13.09,12.6,46.59,Healthy
Ogun,11.896479,8.163934,,57.58,,255.59,84.43,98.34,15.64,Healthy
Cross River,10.435597,8.281992,23.54,49.22,,333.48,35.62,66.23,88.75,Fungal Blight
Benue,11.666173,3.885146,21.0,54.46,64.24,206.33,50.15,55.06,,Healthy
Kaduna,6.947514,10.713798,23.57,41.97,33.61,386.52,38.09,44.53,39.8,Healthy
Cross River,10.73123,12.444483,20.17,78.74,54.32,320.88,34.17,58.54,40.96,Fungal Blight
Kebbi,6.876558,5.813533,31.29,67.07,13.51,329.12,48.83,44.21,36.12,Nutrient Deficiency
Kebbi,12.951616,,25.69,45.18,52.61,264.37,44.09,42.39,50.99,Healthy
Ogun,10.227369,12.646652,37.52,49.44,20.69,404.09,67.0,51.76,40.33,Nutrient Deficiency
Ogun,7.420606,13.086885,23.49,45.64,68.14,150.81,83.18,34.84,59.32,Bacterial Wilt
,6.925607,5.79657,26.22,73.69,34.88,202.46,36.74,26.2,79.62,Viral Mosaic
,6.218339,9.331562,26.44,45.18,29.71,361.06,29.23,60.09,70.7,Healthy
,10.751769,5.213671,20.15,81.49,,247.1,70.02,85.85,36.5,Healthy
Benue,6.468441,4.171606,35.11,41.13,,405.69,70.33,23.75,57.59,Fungal Blight
,9.857729,13.477886,20.58,53.72,37.76,188.56,91.1,12.95,85.61,Viral Mosaic
Ogun,6.881715,12.435836,36.92,88.99,,197.73,11.44,32.21,,Nutrient Deficiency
,10.457721,11.740401,36.06,79.52,29.94,405.49,86.77,98.17,17.05,Viral Mosaic
Kaduna,,3.560813,29.64,44.01,73.82,235.75,56.89,84.59,,Fungal Blight
Cross River,11.502227,12.702881,29.78,85.16,62.56,256.45,65.92,63.63,67.52,Fungal Blight
Kebbi,11.347662,8.037507,31.77,67.12,14.47,,18.22,93.63,29.03,Viral Mosaic
Kaduna,,6.937544,26.97,86.57,60.03,,48.94,50.08,77.07,Fungal Blight
Cross River,5.295465,9.284478,31.65,73.04,46.91,312.38,30.46,98.5,68.16,Bacterial Wilt
Kaduna,10.790539,,20.81,77.5,73.06,97.94,,36.67,93.1,Bacterial Wilt
Kebbi,7.815125,11.701435,20.97,94.64,31.91,401.71,55.37,31.63,25.21,Bacterial Wilt
Ogun,8.391116,9.698003,28.23,52.78,50.19,361.68,83.12,67.42,77.62,Fungal Blight
,4.780342,5.145786,29.89,74.32,45.05,126.3,,44.03,17.53,Healthy
Enugu,6.836188,5.16467,35.98,65.32,44.27,327.61,63.19,66.37,60.88,Healthy
Kebbi,4.803088,5.118859,21.88,42.17,41.93,291.05,58.55,37.45,59.67,Healthy
Ogun,12.412672,3.655527,34.81,40.8,,123.81,48.46,65.61,44.95,Healthy
Cross River,6.69057,9.759682,23.78,46.56,62.9,159.28,97.54,34.82,86.01,Nutrient Deficiency
Benue,9.516035,12.664004,27.09,75.7,41.59,213.59,60.42,14.59,10.39,Fungal Blight
Benue,4.850814,3.201229,25.7,71.19,77.1,329.7,32.86,92.09,56.82,Healthy
Ogun,10.501627,3.563553,,70.44,28.26,305.49,30.71,89.49,29.54,Bacterial Wilt
Kebbi,7.407246,9.586858,22.71,41.75,57.79,262.89,65.02,97.37,76.91,Bacterial Wilt
Enugu,12.581273,12.4242,29.06,65.81,75.85,357.36,57.05,74.49,13.88,Fungal Blight
Kaduna,12.493064,6.757497,34.43,90.85,56.44,353.18,10.69,71.44,84.84,Fungal Blight
Kaduna,7.427616,7.020566,27.95,61.87,70.99,297.14,84.71,60.31,85.43,Nutrient Deficiency
,12.608648,9.857985,28.83,74.37,67.92,364.8,73.37,21.33,84.96,Bacterial Wilt
Kaduna,13.465419,,35.28,82.89,35.21,183.71,69.56,27.03,23.73,Bacterial Wilt
Enugu,11.928741,3.305996,32.71,83.12,52.01,402.5,16.19,36.05,66.74,Healthy
Enugu,12.103842,11.455128,28.83,68.56,20.94,295.96,42.59,90.11,11.29,Viral Mosaic
Benue,6.741079,10.194974,24.64,87.19,47.49,378.95,94.18,25.57,,Viral Mosaic
Ogun,9.690322,9.678694,35.93,61.53,26.13,268.51,87.63,93.06,75.07,Healthy
Kaduna,5.105303,11.529367,30.39,88.88,62.06,137.38,,57.05,57.8,Viral Mosaic
Benue,5.354261,10.765155,23.98,53.21,46.96,,24.14,74.4,75.75,Fungal Blight
Enugu,13.490034,5.367643,24.84,55.41,38.79,198.44,50.42,,,Viral Mosaic
Cross River,7.439753,7.053532,34.46,42.92,28.82,329.0,42.02,34.21,57.58,Healthy
Kaduna,11.233655,4.450267,,83.76,79.91,240.32,71.4,,36.21,Healthy
,11.759985,,37.86,62.94,,384.45,96.98,33.95,97.54,Healthy
Ogun,12.222209,10.776251,22.35,52.6,13.05,321.23,42.67,36.69,,Healthy
Benue,13.478655,12.873901,34.33,52.75,25.21,323.82,15.6,27.78,75.99,Healthy
Cross River,6.673468,14.071425,27.11,89.58,77.98,136.86,,21.62,94.04,Bacterial Wilt
Kebbi,,10.225992,28.86,85.87,78.55,443.7,13.42,30.99,41.22,Healthy
Enugu,8.200724,5.117165,35.85,70.44,55.84,386.67,95.75,67.81,91.08,Healthy
Ogun,5.670726,4.214979,27.43,,71.61,365.6,69.81,50.98,39.27,Nutrient Deficiency
Benue,4.701833,,29.67,66.09,,182.09,94.75,59.84,75.95,Healthy
Ogun,7.743841,9.655699,20.89,61.54,78.04,264.25,27.97,21.01,76.28,Healthy
Kebbi,11.553644,10.110278,20.04,90.35,19.99,104.84,13.66,82.19,11.65,Fungal Blight
Enugu,9.595626,11.986814,24.41,46.91,17.08,265.39,53.94,80.57,42.5,Healthy
Enugu,7.315002,11.087688,32.25,63.01,17.85,108.36,50.56,,11.75,Fungal Blight
Kebbi,,12.59627,22.18,58.95,50.12,271.22,39.83,44.52,,Nutrient Deficiency
Kaduna,6.588164,,22.05,67.4,64.67,309.49,96.19,16.19,21.0,Healthy
Benue,4.629433,11.596487,27.4,65.17,35.67,206.08,84.03,81.29,58.85,Healthy
Kaduna,11.37918,12.784807,31.66,68.54,78.45,249.42,69.54,76.35,81.15,Healthy
Kebbi,10.113688,6.290553,,47.7,40.41,400.26,24.66,91.18,,Healthy
Kaduna,11.360724,10.365144,23.21,68.22,20.53,93.43,76.09,31.28,53.65,Viral Mosaic
Enugu,4.850442,6.612864,21.43,53.33,42.62,,75.43,51.07,64.67,Viral Mosaic
Benue,12.034077,14.016667,36.93,50.14,,118.3,48.26,26.6,24.42,Bacterial Wilt
Benue,10.075736,3.384371,,43.57,68.26,64.68,93.23,,80.07,Bacterial Wilt
Enugu,9.570558,9.667618,35.36,81.95,42.11,,25.03,57.0,36.94,Bacterial Wilt
Enugu,10.121526,4.914791,35.54,63.51,51.55,356.02,34.06,14.8,28.99,Healthy
Ogun,12.279899,11.190532,33.91,74.47,,212.05,15.69,74.34,60.25,Healthy
Kebbi,9.782429,5.022738,23.04,,55.21,399.01,81.59,58.9,46.93,Healthy
Cross River,9.728553,5.706908,34.79,77.36,79.02,259.88,65.96,84.61,92.83,Healthy
Benue,13.416112,8.685264,33.85,65.88,13.43,58.9,38.34,34.46,89.21,Fungal Blight
Cross River,11.310572,,30.74,61.33,72.06,336.69,24.74,91.3,53.5,Viral Mosaic
Benue,8.480644,5.434715,26.07,60.68,,94.09,13.61,99.88,42.33,Viral Mosaic
Ogun,10.866573,4.65876,24.73,75.2,27.65,365.75,25.01,92.74,39.3,Fungal Blight
Benue,8.003074,11.728234,22.19,67.21,76.84,117.24,50.8,80.01,34.08,Healthy
Benue,6.559879,8.757125,29.18,86.7,43.83,188.18,32.25,83.11,59.01,Healthy
Benue,9.871667,13.485529,30.53,88.11,,354.51,33.31,61.64,82.45,Bacterial Wilt
Enugu,12.853639,4.686067,26.47,49.38,22.7,431.69,88.8,27.11,,Fungal Blight
Benue,12.862256,10.428171,28.56,47.49,27.11,198.57,56.36,70.93,27.11,Fungal Blight
Ogun,7.577148,5.67811,26.54,74.67,68.3,381.76,75.63,74.15,52.79,Nutrient Deficiency
Benue,9.249097,4.802745,31.54,56.57,53.01,126.32,13.21,98.68,16.21,Nutrient Deficiency
Benue,6.404723,10.859438,36.22,41.02,73.93,372.87,42.86,58.72,73.12,Healthy
Enugu,13.46068,9.827373,22.95,88.88,26.24,313.0,53.13,34.42,56.65,Fungal Blight
Ogun,13.330061,11.680516,26.87,52.48,18.48,127.1,26.78,71.53,54.67,Healthy
Enugu,,6.55882,,91.11,10.43,171.0,20.82,98.14,37.04,Fungal Blight
Ogun,11.739727,8.151674,31.25,79.46,45.55,,88.33,25.95,91.42,Bacterial Wilt
Cross River,10.935901,7.662924,33.12,81.95,79.88,203.19,94.55,39.34,18.14,Nutrient Deficiency
Kaduna,9.838424,14.317029,36.77,51.08,58.65,131.46,17.09,58.77,88.28,Bacterial Wilt
Kaduna,4.980132,6.360863,25.02,52.88,31.59,307.6,41.41,25.32,43.9,Healthy
Cross River,8.592879,6.390398,37.1,68.67,71.38,447.8,96.25,12.0,89.26,Fungal Blight
Benue,10.573077,7.077304,21.14,49.47,64.72,54.8,17.48,40.33,75.59,Bacterial Wilt
,10.597785,9.492832,30.85,56.8,11.08,266.37,67.93,87.88,19.38,Fungal Blight
Cross River,7.858104,5.901712,21.03,57.68,67.18,279.47,97.5,13.91,84.84,Fungal Blight
Cross River,12.975228,13.525834,36.09,48.78,31.04,415.68,98.04,48.6,71.4,Fungal Blight
Cross River,6.006213,6.055384,29.54,51.29,20.48,252.4,52.41,,12.91,Healthy
Kaduna,9.003235,13.301881,32.05,83.37,25.84,267.48,24.65,95.79,22.03,Fungal Blight
Kebbi,10.717956,4.189963,34.97,49.2,42.8,238.66,,98.69,67.21,Fungal Blight
Benue,10.774222,10.550471,22.71,41.57,39.74,157.56,90.06,47.98,69.63,Bacterial Wilt
,10.337751,13.430333,20.69,74.61,30.22,72.41,92.05,95.53,77.2,Viral Mosaic
Kebbi,6.977594,4.940619,35.82,93.68,22.06,,64.71,13.19,,Healthy
Ogun,5.905859,14.13576,25.67,58.22,63.36,71.04,78.96,77.13,69.36,Healthy
Ogun,10.223463,8.208159,22.32,46.53,,270.2,76.59,67.85,78.96,Bacterial Wilt
Kaduna,9.893719,13.875724,28.43,71.37,64.45,,69.56,32.46,61.76,Bacterial Wilt
Kebbi,6.114204,10.783431,30.77,89.85,30.72,263.44,84.45,55.66,33.47,Viral Mosaic
Ogun,10.846252,6.468249,20.56,83.12,27.14,103.72,71.69,21.66,92.11,Fungal Blight
Cross River,,5.165479,24.95,74.24,25.24,423.05,58.06,88.44,11.64,Healthy
Cross River,10.509845,6.492953,20.59,57.33,19.57,407.81,31.33,42.21,42.99,Healthy
Enugu,12.036304,,27.57,69.8,48.59,126.0,76.95,66.34,75.6,Healthy
Cross River,6.027556,4.654482,36.11,45.02,52.38,187.38,52.61,24.29,48.44,Viral Mosaic
,4.672304,4.203595,37.69,77.34,59.39,295.4,36.53,28.55,12.24,Healthy
Ogun,11.511923,7.863851,31.47,79.88,57.61,88.27,82.18,99.28,15.94,Nutrient Deficiency
Ogun,9.987277,12.149151,22.91,93.08,30.46,191.83,72.7,77.78,68.38,Healthy
Ogun,10.796756,4.625911,36.31,54.32,33.12,150.44,94.36,,96.84,Healthy
,12.043395,4.498685,29.29,41.02,57.71,416.21,24.89,36.63,59.67,Bacterial Wilt
Cross River,11.725298,10.399433,22.77,70.01,34.46,391.0,,24.81,55.61,Healthy
Benue,13.148281,5.267604,36.59,,24.88,281.93,31.98,55.28,38.65,Viral Mosaic
Ogun,9.323416,4.122515,33.63,83.47,36.2,258.14,91.32,54.52,33.1,Healthy
Kebbi,8.896461,4.918759,33.17,50.66,29.05,422.29,18.95,25.75,11.89,Bacterial Wilt
Ogun,8.116985,13.622911,32.77,54.4,16.18,422.97,69.05,75.99,34.57,Bacterial Wilt
Benue,5.883219,12.446919,23.61,68.19,68.11,437.73,81.2,42.56,50.42,Healthy
Benue,9.653465,7.071742,23.8,58.18,69.72,100.15,41.94,26.77,27.82,Fungal Blight
Kebbi,6.993113,10.541939,32.39,87.33,25.38,114.22,95.87,39.88,17.86,Healthy
Kebbi,12.791768,9.17867,23.96,66.06,14.53,320.69,86.57,60.73,74.6,Fungal Blight
Enugu,9.748717,10.786929,27.9,83.98,,266.57,36.52,75.38,90.52,Nutrient Deficiency
Cross River,,10.850718,34.08,71.93,24.81,57.39,10.68,53.37,94.31,Bacterial Wilt
Kaduna,7.694322,,34.11,82.52,37.54,74.79,36.7,57.3,65.62,Healthy
Enugu,4.967904,6.060166,28.16,58.3,14.49,405.23,35.32,22.51,,Fungal Blight
,4.785694,3.448574,34.26,85.73,25.84,397.55,90.1,92.32,,Fungal Blight
Kebbi,8.310016,8.239018,35.1,55.1,65.5,192.91,97.04,,19.91,Fungal Blight
Kaduna,5.261088,13.2462,31.79,70.04,66.31,406.42,16.34,71.51,70.28,Viral Mosaic
Cross River,9.961623,9.549218,24.11,51.77,24.5,287.47,52.42,11.59,80.14,Healthy
Cross River,12.428757,12.572497,24.93,66.15,33.51,372.36,59.35,58.34,,Healthy
Benue,12.446233,14.40368,25.67,57.5,19.4,220.97,18.36,66.63,,Bacterial Wilt
Kebbi,10.431409,4.881586,22.1,54.67,15.19,95.36,43.97,99.52,76.43,Healthy
Cross River,6.401086,10.955443,24.92,93.18,79.45,223.49,38.54,99.65,72.39,Healthy
Cross River,12.266971,10.754376,23.77,48.8,55.89,232.92,58.25,87.19,33.56,Healthy
Ogun,12.474841,14.269488,28.2,83.3,47.95,270.38,69.51,15.74,93.23,Fungal Blight
Benue,6.269882,,36.35,94.13,63.58,92.23,73.31,95.79,26.16,Nutrient Deficiency
Enugu,11.136835,10.896804,21.88,41.09,,446.56,22.31,,91.44,Nutrient Deficiency
Ogun,7.078676,5.80157,32.96,78.45,66.47,147.65,83.17,82.08,38.14,Viral Mosaic
Ogun,11.723763,12.183392,32.37,53.91,11.16,129.42,,46.65,21.71,Fungal Blight
Enugu,,4.230835,,42.23,23.08,260.72,90.02,38.77,84.4,Fungal Blight
Kebbi,4.770234,11.978042,,62.16,55.84,264.88,50.44,51.69,10.22,Healthy
Ogun,12.576293,13.467255,30.23,91.44,36.3,,90.45,23.22,84.89,Healthy
Cross River,10.103675,7.402584,26.55,40.65,78.77,358.76,,,33.61,Viral Mosaic
Kaduna,13.260444,10.252306,33.62,72.33,56.58,256.66,49.46,87.19,89.62,Bacterial Wilt
Benue,8.685086,7.946641,24.63,67.58,76.96,293.88,44.3,13.42,,Healthy
Ogun,12.126491,8.034298,32.48,88.04,24.1,339.5,93.95,23.58,69.96,Nutrient Deficiency
Enugu,5.061547,6.569265,20.71,44.62,70.48,60.01,74.36,21.26,42.88,Healthy
Kaduna,7.517511,11.764491,35.11,,32.49,278.26,93.54,46.28,15.35,Healthy
Enugu,5.103149,13.76603,28.07,77.41,79.27,403.68,81.73,99.73,84.71,Bacterial Wilt
Kebbi,13.278088,13.818635,31.46,,21.04,56.96,64.84,25.6,25.38,Fungal Blight
Enugu,11.852765,5.009985,23.98,91.83,46.14,212.07,20.43,23.09,43.5,Healthy
Benue,12.172927,13.059552,32.19,85.27,65.5,,36.23,,64.03,Fungal Blight
Enugu,12.941687,11.480462,33.9,42.31,40.28,,97.2,89.38,53.4,Viral Mosaic
,5.265931,5.90763,28.52,65.91,42.77,233.49,38.75,12.9,27.88,Viral Mosaic
Enugu,7.970378,3.773773,31.12,113.2,79.04,442.62,18.39,77.65,22.66,Healthy
Kebbi,5.139314,6.081969,28.21,57.06,39.77,129.73,73.68,68.99,21.09,Healthy
Kebbi,,13.490395,36.09,64.82,52.29,76.1,,79.1,87.67,Fungal Blight
Benue,6.564292,10.281555,28.96,61.13,13.82,393.77,35.69,54.51,12.84,Healthy
Kebbi,8.721965,11.292129,56.69,63.78,68.95,397.39,36.79,,97.93,Fungal Blight
Benue,6.91706,5.957252,34.42,,55.37,238.83,52.2,13.95,27.87,Nutrient Deficiency
Cross River,5.408803,11.272964,27.39,44.87,38.28,255.68,11.96,31.09,19.93,Healthy
Kebbi,6.00742,3.323397,24.14,90.72,11.13,384.32,81.04,45.69,61.93,Healthy
Kebbi,5.82548,7.316195,27.31,66.41,51.42,,38.54,50.48,17.2,Healthy
Benue,13.257691,10.207664,34.87,74.31,10.89,156.06,86.84,92.92,64.22,Healthy
Ogun,11.333633,4.680111,24.1,85.66,10.08,56.76,82.24,60.4,86.56,Nutrient Deficiency
Benue,13.209853,12.464541,29.44,59.83,53.13,241.88,69.53,14.06,14.31,Healthy
Benue,,5.70286,34.51,63.67,23.23,393.56,39.24,46.71,81.99,Fungal Blight
Kebbi,7.005316,10.501233,26.36,62.52,23.43,408.33,,47.48,45.5,Fungal Blight
,11.684639,7.659767,31.56,60.61,55.73,432.49,50.03,96.89,24.35,Fungal Blight
Ogun,7.436285,9.854501,24.42,90.9,13.76,401.83,40.5,63.93,25.85,Fungal Blight
Cross River,7.19445,4.235681,21.97,85.59,31.94,282.02,86.33,,92.69,Nutrient Deficiency
Enugu,6.592554,3.194497,34.3,45.99,20.46,227.84,53.52,74.19,19.95,Fungal Blight
Kebbi,5.667111,13.459991,21.78,45.95,50.61,359.94,84.95,79.3,88.01,Viral Mosaic
Enugu,6.808168,6.100745,24.88,63.53,56.32,345.93,19.47,67.15,58.98,Healthy
Cross River,7.697878,12.426286,35.39,45.43,60.48,265.26,22.69,31.35,13.52,Nutrient Deficiency
Cross River,10.565948,14.492528,,74.05,27.87,84.93,97.96,88.66,51.8,Healthy
Kaduna,5.063084,5.431459,,47.9,16.25,420.43,,,83.57,Viral Mosaic
Benue,6.394562,6.049464,37.64,68.73,15.51,232.24,55.88,76.77,75.36,Healthy
Enugu,11.781213,10.622888,24.83,40.4,39.83,195.33,57.08,99.69,53.99,Fungal Blight
Kaduna,5.822297,14.102659,20.74,57.41,76.21,301.83,29.37,82.23,87.4,Healthy
Kaduna,7.583806,13.531865,,,25.24,319.54,74.68,84.62,20.83,Bacterial Wilt
Ogun,12.28193,8.783068,28.12,66.62,27.97,134.28,17.63,95.63,91.89,Healthy
Cross River,5.894328,12.143768,21.81,93.8,17.06,384.78,61.6,23.6,86.18,Healthy
Enugu,5.244632,4.561077,32.74,108.48,52.39,165.97,,54.8,73.74,Healthy
Benue,8.860842,14.240539,20.56,59.75,57.59,124.67,92.28,62.25,,Fungal Blight
Enugu,7.221776,14.090062,35.66,42.5,55.01,212.56,57.36,39.63,58.94,Fungal Blight
Enugu,9.570675,4.882883,22.5,86.51,70.28,342.22,22.34,85.55,70.76,Healthy
Enugu,11.734244,6.443366,22.29,90.12,,436.18,61.55,78.62,60.45,Viral Mosaic
Benue,,,23.16,85.13,19.41,373.71,18.22,74.88,41.99,Fungal Blight
,9.726292,6.124752,37.28,47.04,30.26,426.14,28.34,99.74,61.2,Nutrient Deficiency
Cross River,9.049579,12.383492,,94.89,56.37,106.24,12.8,,33.17,Fungal Blight
,5.796709,7.350629,34.42,54.22,52.92,78.47,56.2,76.19,49.63,Viral Mosaic
Kebbi,10.115986,4.016565,27.16,79.83,47.17,273.08,17.61,59.63,35.27,Nutrient Deficiency
Benue,6.962764,6.935594,26.05,89.94,57.81,166.12,,38.17,21.06,Healthy
,8.890509,14.285908,24.22,52.96,54.62,381.22,93.97,24.45,38.97,Fungal Blight
Cross River,5.240451,,,89.95,71.69,318.8,74.78,90.63,86.68,Nutrient Deficiency
Benue,8.636257,7.785851,29.93,57.02,51.02,438.29,16.97,63.59,44.3,Healthy
Ogun,,4.915193,31.37,93.7,64.5,151.92,30.18,84.24,77.32,Viral Mosaic
Enugu,11.901431,14.341033,,55.47,,,70.63,59.08,25.77,Viral Mosaic
Kebbi,5.012809,12.439764,37.08,92.44,57.47,250.5,90.52,29.8,48.2,Nutrient Deficiency
Cross River,8.267465,6.236989,23.06,42.94,73.15,145.67,12.96,40.38,20.34,Healthy
Cross River,,3.80579,37.38,79.01,37.0,286.04,83.12,44.34,22.48,Bacterial Wilt
,,3.651194,20.27,69.27,64.54,227.31,60.56,97.56,65.57,Healthy
Ogun,,,28.66,66.28,60.74,228.69,,10.51,64.67,Healthy
Enugu,10.504911,9.678839,26.0,52.29,14.17,,96.2,98.71,29.2,Viral Mosaic
Kebbi,11.493444,13.680779,28.08,78.81,50.71,,77.29,98.24,52.7,Healthy
Benue,12.259827,8.712549,30.27,,19.11,258.84,86.51,99.65,87.7,Healthy
Cross River,7.324879,,27.84,70.41,77.71,184.1,41.86,52.89,,Healthy
Kebbi,,8.127696,27.47,,66.8,50.53,,,11.73,Healthy
Cross River,12.060973,11.148711,33.19,92.56,17.68,173.18,65.39,45.6,68.68,Healthy
Kebbi,13.40506,11.416536,32.35,41.57,18.52,161.45,38.94,12.37,14.81,Healthy
Kaduna,12.505674,5.000583,35.0,50.99,51.61,207.38,61.32,30.19,98.19,Healthy
Kaduna,7.843205,7.153985,24.5,53.33,34.14,102.74,31.3,95.08,64.87,Nutrient Deficiency
Kaduna,6.256499,10.328975,30.97,62.77,12.44,,22.9,11.24,52.34,Healthy
Kebbi,8.904533,3.813011,30.53,52.8,47.91,326.98,43.66,59.14,48.7,Healthy
Cross River,11.174773,7.157712,26.66,67.02,37.15,302.07,76.54,,61.58,Fungal Blight
Kaduna,8.933122,9.150194,28.75,87.99,17.08,371.5,92.46,35.78,18.16,Healthy
Benue,8.848628,,,79.16,66.13,230.8,51.19,17.93,93.7,Bacterial Wilt
Benue,12.044074,8.457136,22.55,71.9,74.06,257.64,67.85,87.36,66.31,Bacterial Wilt
Enugu,7.752634,,23.85,44.9,62.96,374.16,19.27,63.2,26.56,Healthy
Ogun,12.238152,7.968774,21.9,,67.57,221.08,91.4,91.19,60.63,Fungal Blight
Kaduna,8.161243,,,49.15,25.15,330.64,61.17,71.95,21.99,Bacterial Wilt
Kebbi,7.454098,9.84727,31.89,83.25,28.45,223.84,80.23,97.39,11.58,Healthy
,8.585909,13.195848,37.11,53.75,,217.09,81.5,55.89,66.75,Bacterial Wilt
Enugu,11.362023,7.725839,33.13,62.94,63.55,,33.08,67.48,68.36,Healthy
Kaduna,5.634018,9.949501,20.94,59.28,76.35,119.93,57.63,61.87,62.53,Viral Mosaic
Benue,6.267773,10.245215,35.92,87.23,60.18,185.43,96.44,53.58,26.51,Healthy
Enugu,13.063003,7.799904,35.53,46.96,71.7,139.67,18.07,86.14,64.31,Fungal Blight
Ogun,6.079425,4.659589,27.98,71.11,54.71,193.64,71.47,68.01,15.09,Viral Mosaic
Kaduna,9.609546,4.075933,30.55,47.81,37.14,142.15,96.6,82.12,64.83,Nutrient Deficiency
,9.71383,3.191723,37.57,78.76,39.8,281.76,37.05,80.77,59.86,Viral Mosaic
Kaduna,8.90662,13.045644,29.58,89.78,15.27,,87.53,27.19,68.97,Healthy
Kaduna,10.302707,5.719461,36.3,63.9,12.2,364.65,94.03,68.51,90.59,Healthy
Kaduna,,5.432328,21.49,66.85,58.68,195.8,77.24,27.97,86.53,Viral Mosaic
Benue,9.47396,11.464407,23.44,91.01,40.69,445.5,30.82,,98.26,Fungal Blight
Enugu,7.849559,6.680185,27.93,68.65,48.66,287.54,40.06,70.97,97.86,Bacterial Wilt
Cross River,10.455005,8.819514,30.53,66.82,49.04,209.76,13.22,99.75,79.51,Nutrient Deficiency
Benue,5.771012,,34.69,71.81,29.42,384.22,84.83,12.75,96.08,Fungal Blight
Benue,9.637897,14.037076,37.79,,43.31,341.95,86.47,18.21,88.06,Healthy
Cross River,6.167433,12.793186,27.0,45.88,42.95,349.71,66.94,16.93,75.48,Healthy
Cross River,7.007788,12.933581,20.85,85.16,37.19,128.46,41.73,45.85,16.78,Fungal Blight
Enugu,6.468388,7.677898,34.42,63.95,67.45,237.33,16.91,83.94,14.41,Healthy
Cross River,,11.767154,30.88,43.98,41.58,394.73,77.78,,85.38,Fungal Blight
Benue,11.931399,4.654576,23.57,83.24,,251.62,75.39,76.33,54.07,Fungal Blight
Benue,7.071368,3.099119,28.91,60.73,72.69,323.38,92.13,90.72,83.31,Healthy
Kebbi,12.844114,3.229689,33.36,45.52,70.64,285.17,75.75,39.06,38.16,Fungal Blight
Ogun,13.229339,9.74592,33.87,74.86,72.33,386.94,84.58,17.93,45.79,Healthy
Benue,9.641344,8.237041,28.99,88.41,28.9,163.82,77.14,15.23,73.02,Fungal Blight
Ogun,5.78701,8.957177,25.49,88.83,12.45,280.19,66.76,86.69,92.38,Viral Mosaic
Cross River,7.870934,3.085826,37.53,92.67,28.27,99.29,48.43,75.74,17.9,Bacterial Wilt
Cross River,11.67959,7.860896,31.94,87.72,29.51,326.08,91.19,72.88,87.53,Healthy
Enugu,7.806517,11.257784,27.35,40.12,73.66,342.79,68.59,40.57,81.37,Nutrient Deficiency
Ogun,5.283155,8.090978,25.05,60.91,,67.13,45.85,44.19,38.4,Viral Mosaic
Kaduna,9.511064,11.420521,33.16,85.02,15.72,320.32,17.51,96.23,41.97,Viral Mosaic
Kebbi,12.106088,5.679718,24.36,60.14,19.48,215.88,36.16,,14.18,Viral Mosaic
Ogun,11.663337,12.351133,23.09,73.09,20.9,99.64,58.94,79.64,11.42,Healthy
,6.076108,9.766959,29.54,73.35,54.13,217.96,34.81,37.87,52.93,Bacterial Wilt
Enugu,10.554882,5.423776,25.22,60.08,61.48,127.69,29.91,13.51,18.6,Nutrient Deficiency
,6.484538,5.722285,31.32,89.75,70.18,216.22,57.47,76.83,27.46,Healthy
Enugu,6.463868,10.22235,22.12,67.68,75.84,203.74,25.28,39.78,86.21,Fungal Blight
Enugu,12.366646,,31.79,65.56,24.12,345.36,82.04,74.99,61.39,Healthy
Cross River,6.747021,7.779719,25.1,94.86,31.68,359.69,53.59,73.69,67.03,Healthy
,6.869226,5.970455,20.0,67.14,26.82,292.81,61.65,58.13,26.87,Viral Mosaic
Kaduna,4.505881,12.970633,22.28,49.81,35.11,59.07,,79.96,84.58,Healthy
Benue,12.336021,10.696585,36.81,68.22,74.03,422.41,39.21,,88.12,Healthy
,11.633353,8.152983,,84.77,50.26,324.49,46.91,35.8,57.1,Healthy
Ogun,10.14596,8.610852,24.2,82.73,61.67,63.68,82.74,76.07,92.13,Healthy
Enugu,11.252392,5.348949,34.01,83.37,44.31,377.53,79.31,63.02,,Viral Mosaic
Cross River,5.868437,10.20823,30.95,78.94,12.02,130.11,30.07,,75.82,Bacterial Wilt
Kebbi,8.624912,7.125539,37.48,53.98,14.49,281.69,65.46,91.15,76.07,Fungal Blight
Ogun,7.660974,14.44992,26.72,,47.65,236.65,31.91,59.11,19.49,Fungal Blight
Cross River,5.343989,8.52211,32.27,89.14,60.32,217.94,98.94,88.18,34.38,Healthy
Kebbi,8.875174,8.587684,21.14,50.68,25.07,405.89,95.69,89.45,16.02,Viral Mosaic
Ogun,12.786657,9.507296,27.13,47.18,60.53,224.94,60.69,50.05,10.78,Nutrient Deficiency
Ogun,4.860532,13.542694,37.35,93.66,66.75,,72.9,55.69,24.25,Healthy
Benue,7.123148,12.209408,29.7,87.76,38.83,428.66,82.13,47.42,89.24,Fungal Blight
Cross River,,8.187996,25.18,,62.25,418.21,74.89,50.45,31.59,Fungal Blight
Kaduna,6.64332,,22.16,88.75,38.28,323.77,72.98,90.56,97.31,Healthy
Enugu,12.675911,9.741708,32.66,69.79,57.48,237.16,96.27,80.93,63.76,Viral Mosaic
Kebbi,8.712621,8.662221,31.61,75.55,63.48,87.14,63.68,21.39,31.35,Healthy
Enugu,8.696695,5.211631,26.73,69.99,79.43,366.3,67.27,64.93,54.74,Fungal Blight
Kebbi,11.345181,8.335267,37.12,42.82,,80.19,86.43,,29.72,Healthy
Benue,5.89043,5.826914,20.4,81.0,38.77,,70.29,63.6,98.56,Bacterial Wilt
Enugu,8.885388,,25.47,67.79,21.59,264.95,75.96,80.73,86.25,Viral Mosaic
,8.369867,6.857178,36.58,75.62,24.29,114.05,31.08,79.22,12.36,Healthy
Kebbi,,,25.78,67.65,,53.09,43.41,41.53,95.3,Healthy
Benue,13.496019,9.130136,24.54,67.05,74.19,,23.26,43.47,74.9,Healthy
Benue,11.42504,10.26276,29.62,49.45,37.62,104.89,55.52,75.17,17.41,Healthy
Cross River,8.080791,,34.83,55.33,22.59,114.21,51.02,55.0,70.36,Fungal Blight
Benue,11.947977,4.487877,21.86,48.74,29.96,80.76,99.74,61.35,68.22,Bacterial Wilt
Kebbi,,7.321944,36.97,,,132.04,65.01,74.16,29.69,Healthy
Enugu,4.774173,4.14018,,93.51,30.35,336.19,80.78,79.98,78.26,Healthy
Ogun,,,23.26,48.42,26.35,373.57,40.06,34.44,17.84,Viral Mosaic
Benue,7.563704,8.139053,32.82,54.81,61.52,231.01,84.84,23.21,54.05,Healthy
Enugu,9.095227,11.946827,26.93,72.48,10.55,252.62,65.36,36.26,10.89,Healthy
Ogun,10.036162,5.535411,27.24,73.56,47.75,63.06,,55.68,97.19,Viral Mosaic
,12.695451,4.89251,34.1,48.47,65.56,77.73,36.5,40.79,77.64,Viral Mosaic
Benue,9.088686,7.672821,37.33,83.65,28.64,,59.38,61.15,24.3,Viral Mosaic
Cross River,,13.655732,22.28,83.19,52.23,267.56,67.06,14.81,40.75,Healthy
Ogun,,11.169851,27.57,53.05,,345.82,63.02,55.88,,Fungal Blight
Kaduna,4.814204,7.817622,28.66,55.88,55.85,292.0,,43.12,79.0,Fungal Blight
Ogun,9.46044,8.94863,26.77,91.59,41.21,206.85,90.84,58.12,15.3,Bacterial Wilt
Enugu,8.443608,3.96845,26.54,85.41,,97.33,97.39,48.03,85.64,Fungal Blight
Ogun,12.052624,14.322623,20.94,78.38,68.51,362.31,70.07,35.58,94.8,Healthy
Kebbi,5.946116,10.663684,32.34,44.52,63.09,195.51,97.47,,70.9,Bacterial Wilt
Kebbi,4.724745,6.282147,27.85,,32.49,344.42,,26.63,29.17,Healthy
Kaduna,,,23.51,70.76,17.21,255.19,34.37,71.32,42.41,Viral Mosaic
Ogun,6.637307,4.259047,34.69,50.31,15.03,345.46,48.47,93.22,52.95,Viral Mosaic
Ogun,4.946529,14.107122,34.45,64.65,16.6,412.92,31.46,58.48,64.42,Healthy
Benue,11.021385,5.010027,28.76,73.06,50.8,418.41,10.38,88.88,70.18,Viral Mosaic
Benue,5.504337,10.452349,25.37,58.01,13.62,264.04,26.92,21.24,59.88,Fungal Blight
Benue,9.974876,5.822726,31.49,82.95,33.58,254.6,10.37,54.44,41.62,Bacterial Wilt
Cross River,7.029448,11.251956,25.19,86.22,62.72,156.27,74.79,51.13,90.18,Healthy
Cross River,6.061464,11.933446,24.25,57.8,30.6,424.32,48.3,10.73,17.33,Bacterial Wilt
Cross River,7.917764,10.744327,33.15,86.13,63.43,233.17,38.13,49.89,51.96,Viral Mosaic
Kaduna,11.713012,10.066744,20.73,45.7,62.18,101.04,78.55,,79.8,Viral Mosaic
Enugu,8.028842,13.263395,21.71,,27.21,223.08,84.92,70.28,15.48,Healthy
Kebbi,11.256927,3.904207,20.12,48.4,61.02,100.82,97.78,94.45,73.48,Bacterial Wilt
Cross River,5.629377,6.80552,22.75,44.56,62.34,251.01,67.78,17.72,83.77,Nutrient Deficiency
Enugu,11.454943,5.855306,21.24,75.3,37.82,274.51,,39.47,69.47,Healthy
Benue,6.6324,14.362161,37.92,65.96,24.73,185.1,37.47,,11.16,Bacterial Wilt
Ogun,,7.477982,25.2,89.93,46.49,78.66,30.01,50.97,26.21,Viral Mosaic
Benue,9.592034,,22.69,59.98,74.5,427.4,29.16,79.73,40.79,Healthy
Enugu,12.862302,10.874339,24.34,55.79,54.77,359.34,46.83,49.91,31.03,Healthy
Enugu,7.985903,5.438934,36.85,67.54,22.1,385.55,99.26,12.44,96.64,Healthy
Kebbi,5.095487,5.748473,29.36,,57.79,196.75,10.08,73.91,,Fungal Blight
Cross River,4.672399,6.234772,26.57,58.94,39.9,354.33,27.75,89.63,36.73,Healthy
Kebbi,,7.727964,35.72,78.16,51.41,244.15,26.96,56.25,93.67,Healthy
Benue,,5.694738,27.11,81.78,61.38,130.43,74.54,62.3,76.65,Fungal Blight
Cross River,11.477196,,26.03,86.91,46.05,99.77,41.72,24.66,35.61,Healthy
Ogun,6.60983,13.11302,23.73,93.51,66.98,188.02,51.15,29.86,44.1,Bacterial Wilt
Kaduna,7.605754,14.104513,26.8,54.67,60.55,105.02,23.38,31.17,27.95,Viral Mosaic
Cross River,4.770935,6.928059,25.7,79.39,53.06,449.31,46.45,48.77,97.4,Bacterial Wilt
Enugu,,6.892829,,61.68,20.56,69.68,19.29,93.53,56.56,Fungal Blight
Kebbi,,3.081556,25.21,77.24,68.52,226.46,57.97,56.96,90.65,Viral Mosaic
Ogun,12.898846,10.822883,30.39,66.18,75.51,230.84,18.81,27.29,41.18,Healthy
Kebbi,6.889468,12.492559,21.19,94.66,,170.25,,33.95,87.48,Healthy
Kebbi,10.003173,4.685995,,80.09,44.18,278.54,60.99,44.56,14.85,Healthy
Ogun,10.6065,4.836163,27.33,92.39,28.12,109.99,,66.09,98.39,Fungal Blight
Ogun,7.357947,12.085957,36.87,85.92,62.82,363.56,47.67,,92.08,Viral Mosaic
Benue,12.132983,10.087344,26.79,89.66,60.51,182.98,44.33,45.32,42.69,Healthy
Cross River,13.024453,3.515896,,84.79,19.86,286.54,18.84,60.83,79.72,Fungal Blight
Kaduna,12.463696,10.15929,24.59,65.25,71.39,336.26,57.15,31.77,77.7,Nutrient Deficiency
Benue,11.151603,6.552554,22.29,53.85,22.67,405.62,56.31,17.1,91.11,Healthy
Cross River,6.997182,7.240339,21.05,60.37,65.81,384.31,52.13,12.2,37.65,Fungal Blight
Kebbi,7.034544,11.851911,25.5,41.11,41.99,293.32,76.65,32.61,51.9,Fungal Blight
Cross River,13.170243,,22.84,68.82,32.98,205.36,84.93,18.24,87.85,Healthy
Benue,4.59256,,51.99,67.78,21.08,251.28,77.57,40.27,80.07,Fungal Blight
Kaduna,10.94445,13.892259,33.69,68.89,21.73,357.49,22.95,79.56,45.41,Healthy
Enugu,10.856215,7.674321,20.29,93.57,56.33,401.02,65.99,74.47,86.12,Nutrient Deficiency
Benue,10.104206,11.876114,30.04,90.13,48.53,,17.23,64.98,14.23,Healthy
Benue,13.41098,8.564589,26.83,48.89,18.55,203.94,72.52,86.73,80.38,Fungal Blight
Enugu,7.306915,13.321622,29.12,60.29,17.89,360.45,44.37,35.39,28.61,Healthy
Kebbi,7.559747,13.439254,30.13,63.32,15.06,222.66,21.92,89.65,35.75,Bacterial Wilt
Kebbi,5.210455,4.005293,25.64,59.83,62.06,182.89,87.58,45.93,54.39,Bacterial Wilt
Cross River,8.485183,13.769673,25.31,83.92,59.83,214.53,65.26,46.08,50.48,Healthy
Cross River,6.849437,12.493651,,68.82,14.09,291.14,41.93,46.48,56.85,Nutrient Deficiency
Cross River,7.59048,12.100073,35.68,71.47,,449.92,12.77,18.83,59.03,Healthy
Ogun,12.011146,5.31048,23.47,,15.93,247.2,58.36,97.79,39.84,Bacterial Wilt
Benue,12.919361,12.258871,21.76,84.33,73.26,133.4,93.09,22.47,25.77,Bacterial Wilt
Kaduna,6.171598,12.776526,36.16,47.27,73.5,115.14,63.67,40.68,79.16,Bacterial Wilt
Ogun,7.85258,6.325229,26.3,79.27,58.88,66.94,97.45,38.74,46.0,Healthy
Ogun,12.857675,13.950991,29.92,63.95,,273.53,22.28,16.72,55.53,Healthy
Enugu,5.056276,3.573392,26.47,56.21,66.8,267.83,61.15,23.7,,Nutrient Deficiency
Kaduna,5.331245,4.723956,22.26,,68.0,132.09,81.83,14.04,91.87,Bacterial Wilt
Benue,5.965119,9.182183,30.61,66.8,49.88,328.13,57.3,36.32,73.68,Nutrient Deficiency
Cross River,9.856916,9.621613,29.45,59.55,31.42,346.44,18.2,88.0,14.09,Fungal Blight
Kaduna,5.85425,10.419226,23.65,53.83,25.25,153.64,62.46,40.55,85.47,Fungal Blight
Kaduna,13.212687,3.195145,28.13,78.21,32.9,187.64,65.06,21.13,,Healthy
Ogun,8.520431,14.044218,34.35,82.32,53.99,446.19,75.58,68.11,,Nutrient Deficiency
Ogun,9.013662,3.512763,30.63,53.46,22.09,199.71,78.51,99.69,97.26,Fungal Blight
,6.719928,,21.74,42.72,28.1,354.32,79.37,30.91,59.26,Fungal Blight
Cross River,8.738642,3.161167,29.86,86.68,42.76,231.09,69.71,35.16,51.37,Viral Mosaic
Enugu,10.457223,9.518872,32.65,40.55,26.31,367.34,29.42,97.47,39.83,Bacterial Wilt
Ogun,11.260594,13.721069,34.27,91.54,51.21,357.61,46.38,26.09,69.18,Nutrient Deficiency
Cross River,11.284813,10.658392,31.32,74.52,74.62,317.1,79.85,56.01,30.68,Fungal Blight
Benue,9.70102,12.460561,22.75,57.7,62.37,391.91,95.81,31.57,19.44,Nutrient Deficiency
Benue,12.639238,3.152734,32.78,53.56,,425.69,17.11,93.91,,Bacterial Wilt
Benue,11.856671,9.233176,32.19,40.5,50.79,281.99,58.2,98.34,36.31,Fungal Blight
Ogun,11.313433,8.284974,20.44,52.95,44.16,144.99,38.13,83.32,45.62,Fungal Blight
Cross River,5.00045,8.738131,27.41,47.58,23.06,209.45,30.29,38.33,59.69,Bacterial Wilt
Kebbi,4.561902,3.830452,25.99,73.67,72.63,353.32,,,36.35,Fungal Blight
,6.412025,10.871007,32.05,49.16,27.4,310.35,64.55,31.81,98.57,Nutrient Deficiency
Enugu,10.471712,8.787035,23.89,69.07,16.39,121.12,10.88,90.17,36.26,Bacterial Wilt
Ogun,8.200777,11.799212,30.64,72.46,62.5,70.5,80.22,,49.69,Healthy
Ogun,8.121656,,36.44,56.39,22.29,323.18,83.79,47.7,19.29,Viral Mosaic
Ogun,12.461282,4.717889,34.36,41.93,36.03,150.43,96.9,69.09,33.46,Healthy
,12.560066,10.454955,36.59,42.05,11.98,,,24.9,14.35,Healthy
Kaduna,12.682577,4.982443,37.61,41.45,19.59,348.7,63.51,49.14,60.36,Nutrient Deficiency
Benue,7.324903,13.032537,20.19,80.65,22.12,275.07,48.4,66.83,77.6,Viral Mosaic
Kaduna,10.719502,10.050837,31.21,57.49,13.81,83.32,40.13,44.69,27.61,Fungal Blight
Cross River,,,27.43,83.8,55.97,124.23,60.91,42.18,43.11,Bacterial Wilt
Enugu,6.215488,14.066888,35.48,63.75,68.59,137.73,80.41,,11.5,Bacterial Wilt
Ogun,6.161692,8.961203,24.53,,36.13,153.15,12.07,82.39,85.56,Viral Mosaic
Kaduna,7.578969,3.838332,37.66,68.21,71.22,276.16,97.25,90.04,80.2,Bacterial Wilt
Cross River,8.369619,10.208578,54.85,79.22,,251.59,82.89,97.25,15.69,Viral Mosaic
Benue,11.978543,5.911787,34.28,55.04,32.78,131.26,77.6,74.73,42.84,Viral Mosaic
Ogun,5.57902,12.242475,,46.69,20.55,77.02,78.43,59.39,95.98,Healthy
Enugu,11.114333,12.404954,23.3,70.58,53.44,118.57,45.02,34.24,45.28,Nutrient Deficiency
Kebbi,9.283094,14.257895,33.65,57.98,39.39,443.75,77.65,99.94,57.36,Healthy
Ogun,7.091508,8.7715,,64.34,52.93,,44.81,63.08,41.97,Fungal Blight
Benue,8.935376,8.232004,34.7,75.58,63.32,396.94,90.88,71.3,63.65,Fungal Blight
Kaduna,7.199479,11.664969,20.25,67.18,,389.5,25.95,71.42,98.03,Viral Mosaic
Kebbi,9.864738,4.523413,31.83,74.12,53.93,254.61,36.31,86.07,99.78,Healthy
Kaduna,8.404595,9.289528,26.57,69.93,75.47,332.68,59.62,10.87,79.72,Healthy
Benue,5.97965,9.281847,31.01,,,127.1,38.73,29.82,46.39,Fungal Blight
Cross River,5.549248,4.028941,32.53,78.83,35.14,325.36,48.18,69.9,,Fungal Blight
Benue,9.420261,7.806817,26.16,69.38,60.24,158.95,54.32,90.56,42.11,Healthy
Kaduna,12.621717,12.812775,21.94,77.34,52.79,382.82,87.07,71.68,98.7,Fungal Blight
Kaduna,7.595619,12.845767,21.25,88.05,22.5,,57.09,47.21,73.7,Healthy
Benue,11.097001,4.141233,30.6,63.77,36.33,359.26,42.62,42.54,50.4,Fungal Blight
Benue,10.427952,4.04329,29.37,62.7,42.75,89.97,32.3,76.42,11.09,Healthy
Kebbi,12.883994,,33.36,82.03,39.36,402.48,46.78,76.71,56.84,Healthy
,11.888829,13.05981,29.18,72.04,22.48,171.68,56.42,64.64,98.55,Healthy
Kebbi,9.599447,4.48238,27.6,43.91,74.71,311.76,77.15,36.23,57.08,Healthy
Cross River,10.413274,11.279963,,89.07,63.36,245.0,20.89,93.26,26.42,Healthy
Enugu,12.585478,4.163405,20.48,41.69,43.69,196.52,,59.67,11.99,Bacterial Wilt
Kaduna,8.095669,10.166085,26.04,81.16,57.6,308.18,44.17,81.14,41.92,Healthy
Ogun,7.441152,7.094774,37.57,81.73,72.81,429.01,42.44,29.29,92.64,Healthy
Cross River,4.5973,12.072511,35.72,92.42,19.53,66.51,45.26,40.96,99.69,Healthy
Benue,11.93896,,25.93,42.98,27.53,417.54,81.42,88.71,,Fungal Blight
Kaduna,11.708826,10.350821,30.58,72.83,47.99,293.63,39.17,14.51,75.65,Bacterial Wilt
Ogun,5.440091,5.710349,35.25,63.53,65.93,372.93,55.17,56.11,60.23,Healthy
,9.691716,11.207093,,58.18,12.54,203.55,66.15,53.35,63.16,Bacterial Wilt
Enugu,8.675835,,20.32,44.97,78.88,,30.9,77.61,58.51,Bacterial Wilt
Kebbi,5.568382,4.458221,21.34,70.95,41.84,397.54,74.68,35.37,73.63,Nutrient Deficiency
Kaduna,13.325114,12.96585,,66.35,35.15,215.94,59.24,29.72,47.7,Healthy
Kebbi,6.432263,9.826115,37.45,45.75,30.49,263.86,50.21,93.35,70.23,Fungal Blight
Kebbi,5.105108,4.461771,32.48,73.69,22.2,58.08,82.88,61.45,20.95,Healthy
Ogun,9.853626,7.916731,21.28,80.59,65.41,113.44,31.91,19.42,33.91,Fungal Blight
Cross River,11.1498,4.849893,23.41,82.2,76.88,306.67,89.49,27.37,85.24,Healthy
Enugu,4.791991,11.054001,33.88,89.8,38.96,336.79,60.49,99.89,91.34,Healthy
Cross River,10.428459,11.726984,35.15,62.52,76.67,283.04,64.83,27.6,58.51,Bacterial Wilt
Benue,9.290627,4.21666,31.12,92.42,67.67,107.32,88.76,,12.85,Viral Mosaic
Benue,5.429385,8.820608,31.6,87.6,43.67,228.16,83.58,47.81,93.43,Healthy
Cross River,6.052715,12.368188,20.51,56.31,57.18,192.04,64.14,89.7,73.19,Fungal Blight
Cross River,9.611769,13.765875,34.91,48.76,40.45,248.26,77.79,77.97,47.26,Bacterial Wilt
Ogun,7.167219,8.905455,34.19,63.95,49.11,398.13,49.0,63.73,63.85,Fungal Blight
Kaduna,12.944842,,24.66,62.1,,360.34,59.26,10.97,48.68,Healthy
Benue,11.868662,9.160423,32.76,71.66,58.74,,15.59,,51.88,Nutrient Deficiency
Enugu,13.352105,7.533191,23.87,72.09,13.7,406.12,18.09,50.02,89.81,Viral Mosaic
Enugu,6.837038,12.754336,20.73,81.25,67.2,238.71,84.65,93.84,24.5,Fungal Blight
Benue,13.227513,,23.62,68.04,67.75,347.54,15.37,54.6,19.33,Fungal Blight
Cross River,8.381105,8.426879,23.22,45.77,26.6,106.02,25.25,72.48,10.25,Bacterial Wilt
Kaduna,7.627669,8.638594,26.08,87.21,32.66,318.29,,16.24,38.26,Fungal Blight
Kaduna,4.953146,12.738028,27.53,57.04,,144.53,10.1,77.06,23.27,Healthy
Kaduna,4.974887,12.567328,,93.42,51.77,225.35,35.42,40.42,29.8,Fungal Blight
Benue,10.728101,,,46.48,30.11,56.75,62.56,41.62,11.01,Fungal Blight
Benue,8.621361,6.832948,,92.7,51.47,110.64,63.59,20.68,30.45,Healthy
Ogun,6.538695,8.657172,20.53,45.01,30.85,86.83,79.94,23.22,39.94,Healthy
Benue,10.025733,9.586884,30.89,,13.88,145.9,55.53,,12.84,Healthy
Ogun,6.775723,5.740878,27.12,42.56,10.18,90.01,55.85,39.54,64.71,Bacterial Wilt
Kebbi,9.698686,12.130483,25.38,78.78,17.08,326.76,75.28,90.28,61.19,Healthy
Kaduna,7.732879,8.594552,35.6,86.77,65.46,61.62,54.88,43.14,18.73,Viral Mosaic
Ogun,11.91197,6.841524,33.44,63.87,77.3,297.1,64.76,75.19,63.55,Fungal Blight
Enugu,11.886265,4.228441,35.44,91.07,,106.28,90.8,,99.88,Viral Mosaic
Kaduna,8.796154,5.746719,28.91,72.47,45.89,428.06,46.13,63.2,,Fungal Blight
Cross River,7.657372,13.916733,22.36,74.65,20.28,423.24,44.66,53.37,10.24,Viral Mosaic
Ogun,7.763038,6.508646,32.53,86.5,48.57,140.2,10.32,98.02,81.58,Healthy
Enugu,11.751431,,23.71,56.32,20.13,295.77,65.21,86.16,41.82,Healthy
Enugu,7.453615,,27.94,59.48,,61.2,12.68,50.93,15.73,Healthy
Cross River,,,21.17,,75.33,422.72,,79.76,36.64,Viral Mosaic
Kaduna,5.262195,3.404331,34.86,89.55,23.7,259.19,82.38,27.37,38.96,Nutrient Deficiency
Ogun,8.700238,6.71617,22.27,93.71,63.52,67.29,59.49,60.61,57.09,Fungal Blight
Ogun,8.839189,9.257249,36.26,89.6,11.65,187.0,34.27,16.72,69.5,Healthy
Ogun,12.068178,9.344692,35.56,47.01,36.28,80.74,80.76,41.33,77.42,Fungal Blight
Benue,6.491148,7.100428,28.36,85.3,17.75,207.18,,,32.13,Viral Mosaic
Benue,7.928921,,33.4,62.54,34.67,317.97,,74.7,38.96,Nutrient Deficiency
Enugu,11.775652,14.103456,31.15,94.49,,237.96,64.92,54.11,37.75,Nutrient Deficiency
Ogun,11.912612,7.339507,34.46,65.98,36.13,203.49,25.3,77.6,42.65,Healthy
Kaduna,7.9615,5.969608,27.77,70.46,39.23,97.66,91.46,56.38,99.97,Nutrient Deficiency
Enugu,8.632116,5.799871,34.14,69.14,31.04,,28.06,17.78,80.01,Fungal Blight
Ogun,7.229573,8.264293,28.32,57.7,55.96,90.06,,76.18,97.75,Healthy
Benue,12.892994,11.734482,36.94,44.13,,373.0,10.66,84.99,,Healthy
,5.567794,5.368864,28.75,89.26,38.04,104.1,33.71,91.32,46.56,Fungal Blight
Kebbi,12.903745,11.156905,28.33,84.15,,288.15,27.99,61.48,,Healthy
Kaduna,10.654798,3.243223,34.13,47.67,28.95,187.1,11.26,77.82,53.97,Healthy
Kaduna,9.284149,7.817729,34.79,82.72,69.78,140.39,75.91,77.68,47.52,Viral Mosaic
Ogun,4.793932,11.922448,29.98,74.42,50.01,305.79,72.41,24.02,84.55,Healthy
Enugu,8.780366,6.895429,23.24,62.5,41.85,232.8,81.31,24.78,,Healthy
,8.169733,9.482977,28.42,102.9,20.47,210.06,33.1,16.38,36.61,Fungal Blight
Benue,,5.357261,37.43,87.29,41.48,287.14,49.99,38.79,79.74,Bacterial Wilt
Enugu,10.407686,11.532947,33.55,78.51,29.49,246.51,,52.62,86.9,Viral Mosaic
Benue,13.240358,3.60121,,70.13,76.02,171.39,49.58,,47.84,Fungal Blight
Kaduna,9.559699,12.80424,,73.53,71.88,273.62,72.76,48.79,70.1,Fungal Blight
Cross River,10.932779,5.279258,28.42,45.01,15.87,317.8,67.06,75.36,15.29,Healthy
Kebbi,5.116054,13.055577,31.64,66.07,46.17,60.68,20.32,72.41,,Viral Mosaic
Kebbi,8.259003,7.054086,34.94,50.65,,236.35,,28.4,14.05,Bacterial Wilt
Benue,,,20.89,51.46,,73.07,74.86,15.27,,Bacterial Wilt
Kebbi,10.015163,6.671091,35.34,76.37,71.38,124.56,69.03,59.14,65.16,Fungal Blight
,12.946339,13.417984,29.87,90.12,46.93,274.2,23.96,,37.3,Bacterial Wilt
Kebbi,10.456,4.456327,,62.21,33.4,396.48,34.12,99.84,76.83,Healthy
Kaduna,5.191227,5.052978,25.71,51.43,24.55,403.12,45.39,42.27,90.65,Viral Mosaic
Cross River,7.691996,8.669846,25.07,75.68,66.02,77.98,35.19,90.67,22.55,Nutrient Deficiency
Cross River,9.45597,3.942292,29.56,87.92,53.72,217.64,30.5,44.37,,Healthy
Cross River,8.12887,5.253772,20.93,81.16,42.76,283.2,82.48,72.05,56.31,Fungal Blight
Enugu,,13.853313,22.85,87.78,,108.83,67.44,63.84,20.09,Healthy
Cross River,11.832039,14.229631,34.63,69.51,33.4,356.17,60.89,14.77,68.64,Viral Mosaic
Enugu,10.006479,7.326982,22.39,81.35,77.19,347.69,30.34,17.05,64.85,Fungal Blight
Enugu,7.861122,13.617789,24.2,47.7,46.41,411.34,,11.87,56.41,Bacterial Wilt
,6.798027,9.265484,28.16,59.16,38.05,53.39,27.21,43.38,93.38,Viral Mosaic
Ogun,5.452869,6.102038,29.31,61.43,46.5,136.67,81.55,77.12,56.9,Healthy
Enugu,7.694079,11.077585,33.74,68.12,64.53,380.87,97.0,25.55,99.15,Nutrient Deficiency
Kaduna,8.218553,10.577371,28.05,91.1,33.81,318.23,75.44,64.53,55.83,Healthy
Cross River,10.582406,14.374941,34.22,88.09,,407.76,99.36,,20.43,Nutrient Deficiency
Enugu,10.423438,6.048044,31.13,47.4,50.95,72.87,68.59,81.73,52.34,Healthy
Kaduna,5.130973,10.728684,22.04,49.5,56.56,288.79,29.57,81.86,26.41,Healthy
Kaduna,8.057334,3.598273,22.81,59.67,59.89,277.62,28.34,79.79,63.74,Nutrient Deficiency
Benue,6.13601,,27.87,55.99,71.74,64.27,39.21,57.24,72.38,Viral Mosaic
Kaduna,5.911314,3.045061,27.14,73.81,35.98,255.41,10.64,35.61,52.16,Fungal Blight
Enugu,11.945719,14.493798,33.38,89.65,15.27,293.81,,82.85,18.79,Fungal Blight
,4.877237,12.226148,30.45,92.93,77.08,126.52,34.18,26.75,52.18,Viral Mosaic
Kebbi,8.272646,12.047315,26.99,75.95,40.45,159.33,83.37,36.08,17.33,Fungal Blight
Enugu,6.013833,8.86185,23.07,,53.63,306.14,42.33,26.56,71.39,Bacterial Wilt
Ogun,12.413972,6.450771,24.08,68.89,56.64,237.32,53.2,70.68,81.13,Healthy
Kebbi,9.513365,4.739539,30.36,51.46,48.26,393.21,96.91,71.76,96.61,Healthy
Enugu,6.582426,6.273759,27.62,,24.37,186.95,31.8,68.73,23.39,Nutrient Deficiency
Cross River,9.021846,7.323669,29.27,70.53,62.86,156.66,74.91,47.4,57.92,Nutrient Deficiency
Ogun,11.083377,11.697566,23.07,80.84,66.26,443.95,77.96,19.02,61.08,Viral Mosaic
Enugu,,9.206111,31.93,52.09,48.71,414.45,29.89,92.01,93.02,Healthy
Kaduna,6.484014,3.891062,35.35,60.26,44.2,61.6,55.09,55.7,66.45,Healthy
Benue,12.475636,3.207334,24.64,60.02,17.98,358.29,41.52,46.63,23.1,Fungal Blight
Ogun,12.908737,4.17682,28.85,92.77,15.88,94.13,79.47,62.99,49.27,Viral Mosaic
Kaduna,12.747785,7.720735,37.56,64.42,33.77,60.99,66.02,27.35,68.93,Fungal Blight
,10.218729,13.731719,26.0,,31.76,159.48,52.84,21.93,73.03,Fungal Blight
Enugu,10.168386,10.330129,30.71,81.29,76.76,157.74,80.14,46.5,87.68,Healthy
Kebbi,8.128896,12.220998,21.62,54.6,64.85,377.73,31.16,30.45,26.25,Bacterial Wilt
Ogun,11.271581,8.363308,30.91,71.45,56.19,334.27,77.83,,95.64,Fungal Blight
Kaduna,9.281646,7.15916,,89.19,46.24,442.64,87.88,90.33,15.32,Nutrient Deficiency
Enugu,,4.246604,37.27,66.14,21.72,334.61,89.08,57.77,98.54,Healthy
Kebbi,8.356121,13.07323,32.88,91.98,78.49,217.3,80.53,53.51,87.2,Viral Mosaic
Ogun,11.083468,12.00634,34.19,51.8,36.25,329.57,46.72,72.05,69.42,Fungal Blight
Enugu,11.920244,4.933358,32.67,44.08,17.48,449.78,98.36,95.64,76.15,Viral Mosaic
Kaduna,5.817926,8.890996,30.62,89.03,,334.06,44.16,20.1,16.54,Bacterial Wilt
Kebbi,11.996367,8.60481,28.1,86.62,71.18,354.67,67.48,85.02,,Nutrient Deficiency
Cross River,9.362669,10.188553,35.45,94.59,72.11,425.35,24.5,62.56,19.16,Healthy
Ogun,12.101993,13.881149,37.22,77.37,10.77,95.46,98.24,23.15,17.86,Viral Mosaic
Kaduna,8.381715,9.667372,28.98,91.52,,331.91,73.36,36.74,59.26,Fungal Blight
Enugu,7.911364,9.212499,36.77,,29.0,390.32,77.8,53.41,29.39,Fungal Blight
Kaduna,,3.578714,30.5,86.44,12.73,431.75,15.92,72.21,87.42,Healthy
Kaduna,6.760523,3.723436,29.69,71.3,,,,31.83,50.12,Viral Mosaic
Kebbi,,5.154488,28.18,61.03,70.47,251.57,79.73,58.14,72.6,Healthy
Kaduna,8.856185,3.373414,23.77,91.4,51.74,322.22,70.46,71.62,68.76,Healthy
Kaduna,9.126859,11.548558,20.07,63.77,50.21,148.99,36.27,50.39,38.79,Healthy
Enugu,,11.318298,24.35,69.64,66.92,290.19,54.07,87.67,,Bacterial Wilt
Ogun,9.65738,4.564647,29.18,64.54,65.04,153.03,19.94,88.25,40.82,Fungal Blight
Benue,7.426901,12.614907,26.84,71.07,72.31,183.38,52.44,52.36,81.7,Viral Mosaic
Cross River,4.853425,4.780039,28.07,65.88,48.69,226.61,31.94,97.56,62.76,Healthy
Ogun,6.947987,6.463519,37.65,42.64,77.74,261.68,41.42,16.8,32.82,Bacterial Wilt
Enugu,4.557411,5.863234,26.3,88.51,79.73,229.75,,10.3,83.61,Healthy
Kaduna,13.305193,7.281532,28.14,64.44,18.16,247.28,30.7,44.26,14.93,Fungal Blight
Benue,13.191725,5.928633,22.4,72.39,69.47,169.44,16.89,64.1,72.93,Bacterial Wilt
,8.056398,8.622936,,47.66,44.99,113.59,92.79,66.63,49.52,Healthy
Benue,11.055338,7.685191,33.96,40.19,37.13,68.94,57.74,52.88,75.82,Healthy
Cross River,7.612255,14.345549,30.27,53.49,52.92,128.39,45.71,,93.47,Viral Mosaic
Kebbi,10.539838,3.643153,33.69,78.75,13.92,,58.15,25.34,77.5,Healthy
Cross River,11.74887,,22.7,45.46,45.45,364.45,66.55,86.69,49.78,Healthy
Enugu,13.020806,,30.29,89.99,70.96,117.7,,88.11,23.59,Healthy
Kebbi,8.10191,10.197174,24.57,51.83,,93.42,26.08,70.65,82.57,Nutrient Deficiency
Ogun,11.549682,3.626857,24.11,51.25,39.85,349.72,36.6,69.78,51.46,Nutrient Deficiency
Benue,,12.619057,20.21,49.98,75.76,172.06,97.82,63.79,16.78,Healthy
Kaduna,13.412991,8.887294,,40.77,40.0,430.6,43.41,28.26,74.71,Healthy
Ogun,4.731926,9.060588,25.57,82.45,,335.73,12.03,48.54,36.27,Viral Mosaic
Kaduna,9.931759,9.458337,22.1,88.13,40.84,,,72.63,14.4,Healthy
Kebbi,10.435554,4.964358,37.75,73.78,46.36,165.82,12.37,58.35,91.25,Fungal Blight
Cross River,10.69241,5.273438,25.56,50.35,54.24,259.48,99.09,11.67,53.48,Viral Mosaic
Enugu,5.583488,6.666399,22.35,55.69,66.05,81.66,35.1,95.82,35.29,Healthy
Cross River,12.946768,9.825209,23.58,66.18,41.65,97.07,93.12,,74.47,Fungal Blight
Cross River,6.13065,5.416354,30.58,92.49,67.22,120.34,99.63,33.45,89.73,Fungal Blight
Cross River,10.104781,4.337815,21.15,53.6,47.36,359.89,63.99,65.48,10.03,Viral Mosaic
Kaduna,6.504085,14.156344,35.52,80.24,33.69,255.54,12.99,93.09,71.91,Viral Mosaic
Benue,7.264948,3.252791,37.31,64.17,56.06,54.23,17.34,18.64,79.03,Bacterial Wilt
Benue,,12.23102,24.44,56.38,60.24,319.41,53.34,55.27,28.89,Fungal Blight
Kebbi,8.254741,12.062404,28.1,65.08,49.06,219.48,46.56,51.06,54.07,Fungal Blight
Kebbi,5.94203,6.417962,20.4,43.92,13.96,254.34,64.56,46.92,18.04,Fungal Blight
Ogun,6.038428,4.559706,31.53,83.93,,135.65,49.5,85.2,77.21,Nutrient Deficiency
,8.263303,4.674729,27.45,53.38,29.97,270.71,94.07,44.26,86.27,Fungal Blight
Enugu,11.315547,11.020464,24.86,79.9,29.78,441.66,58.13,15.73,19.74,Healthy
Enugu,12.581682,10.392276,23.72,43.76,57.14,,72.44,15.93,83.48,Nutrient Deficiency
Kaduna,5.257149,12.001575,31.77,92.53,11.28,163.57,90.68,13.85,79.44,Viral Mosaic
Cross River,8.037935,13.781033,27.49,50.62,62.9,147.2,23.22,46.82,41.22,Fungal Blight
Benue,5.40221,10.957165,23.23,88.55,28.57,149.42,30.68,74.66,72.13,Healthy
Kaduna,4.649332,4.792293,32.4,84.52,31.7,201.48,19.66,,10.0,Fungal Blight
Kaduna,10.455468,5.79959,30.17,93.23,46.95,377.24,22.57,68.18,93.86,Healthy
Ogun,9.922045,12.685228,35.46,66.28,25.11,415.14,56.13,,59.53,Bacterial Wilt
Cross River,5.967172,5.40702,22.11,80.01,71.91,130.89,38.91,32.97,65.83,Bacterial Wilt
Ogun,6.604315,3.834007,34.14,60.39,15.98,267.18,48.09,64.05,69.82,Fungal Blight
Cross River,4.71337,11.087721,32.12,50.14,,304.76,98.42,71.64,60.52,Viral Mosaic
Enugu,12.014525,7.629053,22.07,64.37,69.46,258.73,,52.0,87.11,Fungal Blight
,13.272215,13.580461,32.51,,53.11,223.63,58.67,40.3,64.87,Fungal Blight
Kebbi,5.719136,10.477933,27.95,94.01,30.46,,18.9,65.72,91.7,Viral Mosaic
,6.583277,4.039818,37.01,45.29,39.45,245.29,38.66,98.01,62.41,Healthy
Ogun,12.315686,13.900351,22.55,72.41,59.47,210.49,,48.42,25.4,Nutrient Deficiency
Enugu,12.838174,5.973409,31.57,74.46,78.13,368.23,95.2,45.26,92.22,Fungal Blight
Kaduna,8.276646,6.877944,,69.59,72.52,355.44,45.21,51.78,71.35,Bacterial Wilt
Kaduna,4.955602,7.625995,37.22,76.42,33.97,103.6,15.84,16.86,72.93,Fungal Blight
Kaduna,4.854527,3.589079,25.94,46.39,79.87,,44.93,59.78,98.69,Nutrient Deficiency
Enugu,9.665549,,37.32,70.53,10.25,413.26,23.12,39.58,16.77,Healthy
Kaduna,8.036056,4.418163,36.23,55.8,11.93,264.2,30.7,20.93,48.57,Fungal Blight
Enugu,,7.611159,24.87,91.71,67.67,393.12,65.63,51.96,31.52,Nutrient Deficiency
Kaduna,9.749272,7.033163,34.46,81.91,23.96,73.26,16.07,10.3,66.74,Fungal Blight
Enugu,4.601723,11.887661,37.92,93.49,14.25,260.61,51.83,,82.61,Fungal Blight
Kaduna,11.586348,12.236461,24.55,42.07,26.6,265.77,64.85,,96.97,Nutrient Deficiency
Benue,,4.764248,27.86,55.68,39.83,394.28,47.97,12.19,50.91,Bacterial Wilt
Kaduna,4.862322,7.215339,29.36,50.75,61.14,89.04,11.72,84.2,80.76,Viral Mosaic
Ogun,9.79517,7.293561,25.31,40.61,53.7,146.18,98.7,92.46,92.53,Fungal Blight
,8.07916,4.74122,20.27,53.33,26.63,212.62,43.04,28.69,71.5,Bacterial Wilt
Cross River,13.264204,12.182215,,77.33,45.23,396.34,80.07,58.54,31.85,Healthy
Kebbi,9.397788,11.133126,25.07,52.71,74.83,,39.31,35.02,64.71,Healthy
Kebbi,6.977153,5.189391,27.98,68.0,67.05,447.09,52.75,54.42,97.3,Nutrient Deficiency
Kaduna,,7.217302,23.08,88.83,32.62,433.68,44.96,49.3,98.88,Viral Mosaic
Enugu,6.943428,4.216758,35.72,78.16,,,40.83,34.21,,Fungal Blight
Enugu,12.63819,10.224376,32.69,61.7,59.6,69.08,11.97,73.04,89.83,Bacterial Wilt
Ogun,7.872498,4.395777,21.53,60.49,14.37,109.04,42.4,21.38,28.03,Fungal Blight
Kaduna,9.448817,14.338243,,,12.46,189.54,90.05,14.78,32.15,Healthy
Benue,4.955158,11.977844,31.77,49.74,21.79,381.97,72.14,79.09,95.76,Healthy
Benue,8.335091,7.487743,37.21,74.87,60.95,407.06,23.09,69.93,22.17,Healthy
,11.991272,9.653485,20.05,60.03,22.86,124.73,,,27.2,Viral Mosaic
Enugu,11.750839,13.480431,24.46,86.88,45.8,297.87,90.3,52.1,47.85,Viral Mosaic
Enugu,,9.372142,36.7,81.61,16.53,,73.0,54.77,63.06,Fungal Blight
Kebbi,6.534712,5.006733,36.78,73.58,74.46,235.49,23.38,49.33,64.34,Healthy
Benue,11.855748,7.355089,32.97,60.03,34.08,91.42,88.1,45.36,36.28,Fungal Blight
Ogun,12.873586,12.696166,33.78,51.55,73.57,233.13,37.14,54.97,92.86,Fungal Blight
Enugu,5.358248,10.40845,21.65,82.69,76.14,200.32,50.87,57.57,92.36,Bacterial Wilt
Benue,8.550528,10.48333,,66.75,10.43,281.06,57.35,72.27,45.29,Bacterial Wilt
Cross River,7.537089,12.968447,24.17,52.36,42.49,225.46,86.55,74.01,49.09,Healthy
Ogun,12.336196,13.28069,23.26,50.73,11.73,56.94,93.84,43.99,73.22,Fungal Blight
Ogun,5.251724,13.577615,34.59,49.1,73.61,447.6,93.67,47.22,69.67,Healthy
Ogun,6.400133,,,82.74,46.29,,,43.63,,Bacterial Wilt
Cross River,11.272215,9.257449,28.44,52.59,15.25,239.45,92.97,58.29,47.28,Healthy
Kebbi,,11.515859,,68.97,17.72,431.85,14.89,50.8,41.32,Nutrient Deficiency
Benue,8.932818,11.704659,23.34,64.84,36.85,112.34,33.92,90.06,,Healthy
Benue,8.478963,9.977236,,71.88,75.82,125.7,56.35,72.67,51.23,Fungal Blight
Kebbi,7.509611,4.918054,37.9,88.24,58.5,373.21,53.19,90.88,71.78,Healthy
Enugu,8.051151,12.170336,30.0,87.73,70.73,154.33,64.42,73.82,76.78,Healthy
Kebbi,9.269465,11.28128,23.06,64.81,35.65,369.69,53.15,97.39,80.1,Viral Mosaic
Kaduna,5.952306,3.990561,25.69,40.85,13.02,158.61,94.09,67.22,43.73,Healthy
Cross River,9.647963,8.333813,27.64,63.45,78.2,63.28,31.65,96.72,,Healthy
Ogun,11.748891,5.00074,25.57,73.34,11.2,,,24.24,10.59,Viral Mosaic
Ogun,11.341448,6.880986,25.05,70.68,76.34,128.67,92.87,14.72,52.93,Fungal Blight
Kebbi,5.885099,3.207933,37.5,75.82,35.81,353.14,16.91,62.12,81.45,Healthy
Kebbi,5.843245,7.603793,22.76,,10.71,306.48,64.86,98.51,66.7,Fungal Blight
Kaduna,6.913569,9.323585,33.2,75.56,58.24,419.44,,47.58,52.67,Fungal Blight
Kebbi,7.749673,10.1252,20.01,50.05,78.64,363.2,55.5,29.08,68.02,Fungal Blight
Kebbi,8.1761,10.630139,30.73,81.28,77.59,122.31,72.48,56.94,91.63,Nutrient Deficiency
Kebbi,10.617275,12.61735,36.49,58.65,21.27,370.06,25.55,68.39,60.97,Healthy
Kaduna,5.010124,5.477823,25.18,79.04,22.69,306.69,86.74,,81.98,Healthy
Enugu,4.812054,4.385541,23.34,42.63,49.59,317.58,22.6,74.33,98.27,Healthy
Ogun,8.027195,12.792677,31.73,62.43,54.61,382.91,46.07,,73.5,Healthy
Enugu,10.774473,4.801047,32.83,78.78,61.76,279.53,16.77,90.73,61.6,Fungal Blight
Kaduna,6.240918,14.209741,32.38,52.48,22.67,236.4,59.07,36.24,13.37,Fungal Blight
Kebbi,10.27354,12.68919,,83.74,77.13,304.66,70.28,39.41,43.7,Healthy
Enugu,6.838453,8.760081,24.54,74.69,54.71,169.18,94.71,43.44,60.89,Healthy
Cross River,12.474775,14.286346,37.21,72.32,69.29,123.04,76.54,45.51,81.75,Bacterial Wilt
,12.561209,4.119832,36.62,59.45,47.8,296.64,58.7,19.03,49.43,Bacterial Wilt
Cross River,7.175585,6.485256,28.23,66.53,39.0,143.54,93.94,78.58,96.41,Fungal Blight
Cross River,6.569944,10.339581,35.23,,78.4,81.97,53.06,42.88,34.46,Healthy
,8.201736,7.025079,28.14,65.99,50.75,50.22,60.51,89.18,77.01,Nutrient Deficiency
Kebbi,6.664784,,27.64,78.41,70.68,293.33,,93.42,47.71,Fungal Blight
Benue,10.551455,3.7547,22.82,63.85,76.73,194.86,46.9,12.2,53.74,Healthy
,11.934582,9.318236,27.68,51.13,57.27,,85.46,98.97,82.23,Nutrient Deficiency
Cross River,10.557829,,29.67,51.77,48.43,200.07,26.67,73.9,36.66,Fungal Blight
Benue,11.919154,10.506373,20.41,40.32,10.25,244.4,59.94,56.84,18.71,Viral Mosaic
Cross River,8.072929,5.940162,27.99,56.55,12.8,212.83,75.0,45.06,56.82,Healthy
Enugu,5.906853,7.192514,34.06,81.19,24.06,310.23,91.36,56.67,57.59,Bacterial Wilt
Enugu,11.141559,12.702326,32.24,83.68,23.02,192.46,89.55,39.22,81.75,Healthy
Enugu,,5.241842,31.43,51.14,27.83,,55.79,66.04,97.15,Fungal Blight
Kebbi,10.541437,12.50898,36.37,92.75,31.35,424.46,67.88,18.37,14.98,Fungal Blight
,6.935795,9.470537,,,35.2,389.21,45.48,65.9,63.25,Healthy
Enugu,5.231067,11.765156,30.03,90.43,39.44,418.12,52.14,34.78,71.32,Bacterial Wilt
Cross River,13.433236,11.206485,34.17,,16.92,229.66,91.56,,98.72,Fungal Blight
Benue,5.905814,5.386382,29.74,79.73,12.97,264.57,93.76,59.74,94.83,Healthy
Kebbi,13.395789,9.541346,25.83,44.68,57.18,346.84,90.59,62.06,74.12,Healthy
Ogun,13.295519,12.978816,22.45,52.1,,328.46,22.45,48.39,56.96,Fungal Blight
Ogun,11.644363,,53.47,40.48,41.09,406.27,86.51,16.51,24.54,Fungal Blight
Kebbi,10.434807,14.115794,28.47,79.39,54.41,336.53,95.35,90.4,44.58,Healthy
,9.700263,8.200474,35.81,58.94,67.94,449.15,42.51,65.03,62.66,Healthy
Benue,12.294914,4.642035,30.55,83.27,,189.4,56.68,20.41,75.27,Healthy
Ogun,7.104956,7.478499,32.14,58.64,54.88,383.2,80.12,55.98,67.19,Healthy
Kebbi,8.709131,13.944578,34.48,85.06,76.75,329.05,60.59,54.75,74.27,Fungal Blight
Benue,10.07451,6.67679,31.86,47.19,68.77,326.55,99.41,15.44,48.62,Healthy
,8.200714,12.983129,27.16,49.54,39.82,180.33,51.01,64.62,75.49,Healthy
Kaduna,,13.134383,29.25,58.75,55.13,364.24,74.25,82.75,22.94,Nutrient Deficiency
Kaduna,7.472562,7.027145,34.45,62.47,22.39,410.15,81.33,77.41,24.63,Fungal Blight
Kebbi,9.578086,3.957463,26.73,59.18,49.24,137.42,54.47,28.27,24.65,Fungal Blight
Ogun,12.155171,11.332416,26.99,82.0,78.69,300.2,87.13,87.61,90.18,Healthy
Ogun,6.313755,6.582391,21.72,,,206.85,59.15,40.83,16.84,Healthy
Benue,12.909897,12.003622,36.46,59.32,74.93,445.82,47.05,95.19,82.14,Healthy
Kaduna,10.701789,8.090531,21.64,86.05,38.51,241.53,19.7,16.46,31.02,Viral Mosaic
Kaduna,11.909459,8.580568,31.67,43.67,79.92,141.33,45.41,53.76,52.16,Fungal Blight
Benue,9.505716,11.945958,27.44,91.83,50.55,202.74,76.05,,92.44,Fungal Blight
Enugu,11.51565,7.397178,27.3,94.25,12.96,311.54,92.92,32.29,62.73,Viral Mosaic
Cross River,4.645804,8.095964,32.23,44.87,51.07,80.44,32.65,79.42,28.91,Healthy
Ogun,11.865424,7.32619,21.21,56.02,29.22,,41.97,66.42,35.57,Healthy
Cross River,4.86125,7.224416,30.69,,12.27,422.49,23.86,11.63,92.84,Viral Mosaic
Benue,12.50922,9.048386,33.9,82.7,67.46,,72.17,64.75,48.44,Healthy
Kaduna,13.427665,12.301194,34.91,72.78,29.3,77.07,96.42,54.23,62.83,Healthy
Benue,7.146607,7.160336,23.07,,65.76,447.36,67.69,27.64,51.39,Fungal Blight
Benue,6.392867,9.028929,36.15,81.66,30.18,329.49,65.54,99.62,44.06,Viral Mosaic
Ogun,11.38827,10.713364,31.81,46.49,23.6,114.91,59.81,,30.1,Viral Mosaic
Benue,6.777237,6.098554,35.87,85.83,78.18,54.97,17.96,36.33,71.76,Fungal Blight
,12.290061,6.191512,28.74,78.81,35.32,118.51,75.66,58.7,,Fungal Blight
Enugu,5.425583,13.734251,29.76,71.75,52.1,385.27,64.18,38.49,34.74,Healthy
Enugu,5.633597,11.320648,36.54,88.94,,,69.53,79.79,81.01,Healthy
Cross River,13.312364,9.637647,36.2,78.52,,143.26,90.89,93.73,86.91,Nutrient Deficiency
Enugu,10.56455,10.448781,28.07,51.09,74.03,352.92,80.56,42.29,92.86,Healthy
Kebbi,12.121985,3.336944,24.94,63.64,57.21,284.44,80.28,82.5,24.51,Viral Mosaic
,7.418964,10.108184,27.08,67.17,38.26,363.09,93.45,54.86,37.35,Viral Mosaic
Kebbi,10.588354,8.859352,26.98,43.04,70.37,348.46,99.09,45.69,87.43,Nutrient Deficiency
Benue,9.848176,9.276121,25.16,,,70.24,,94.46,27.87,Healthy
Cross River,9.928351,7.133374,24.83,47.07,48.1,407.0,19.8,55.94,10.31,Healthy
Kaduna,,3.93695,35.5,78.36,76.54,140.81,51.32,52.07,88.37,Bacterial Wilt
Ogun,9.678233,5.223401,21.26,67.84,53.78,271.36,80.88,70.52,39.38,Bacterial Wilt
Ogun,8.361561,13.933564,32.2,41.41,67.19,307.72,12.5,33.51,47.3,Healthy
Benue,,7.700045,23.11,90.86,55.75,117.45,15.12,39.23,50.17,Fungal Blight
Enugu,11.417232,8.366856,26.2,86.85,68.76,440.49,16.04,93.88,86.34,Healthy
Kebbi,6.536452,3.606163,21.11,,76.11,245.26,75.79,71.07,40.41,Bacterial Wilt
Enugu,,3.432012,24.86,52.59,29.1,73.06,55.1,84.4,,Bacterial Wilt
Ogun,6.599995,11.247587,33.83,46.69,21.88,424.9,43.2,34.4,65.52,Viral Mosaic
Kebbi,10.127972,9.188089,35.93,,43.88,,19.51,58.94,57.46,Viral Mosaic
Cross River,11.223704,8.850119,23.99,54.05,59.13,329.68,75.9,97.43,39.31,Nutrient Deficiency
Enugu,6.468425,5.795932,28.34,67.87,25.9,260.07,,38.68,31.93,Fungal Blight
Cross River,5.03949,11.564633,28.47,93.15,10.29,383.9,33.88,24.44,66.17,Viral Mosaic
Kebbi,5.678764,4.934721,35.72,71.62,34.01,63.25,68.71,55.98,50.22,Bacterial Wilt
Kebbi,9.953973,5.18425,33.73,88.95,77.82,157.35,60.31,44.9,91.95,Fungal Blight
Benue,12.145018,8.29819,29.24,75.8,58.65,237.86,,24.36,54.25,Healthy
Kaduna,4.904971,6.292218,,66.14,38.09,80.64,67.73,89.97,56.06,Fungal Blight
Enugu,11.107361,5.845824,35.25,87.0,,332.36,34.41,99.17,47.51,Nutrient Deficiency
Enugu,7.571868,10.420233,20.17,,34.93,207.47,81.53,61.17,81.03,Viral Mosaic
Benue,8.806755,,27.25,87.77,21.89,159.07,30.64,79.72,48.24,Viral Mosaic
Kebbi,,12.481946,36.33,56.04,17.44,51.35,24.3,87.31,34.24,Fungal Blight
Enugu,7.487744,7.803649,33.33,47.08,73.47,337.93,80.42,73.09,87.58,Bacterial Wilt
Ogun,8.688032,,29.77,87.04,79.84,383.52,73.71,13.97,63.71,Fungal Blight
Benue,4.623142,6.147163,29.53,72.31,21.49,,26.44,24.19,63.24,Fungal Blight
Cross River,5.234388,14.270063,26.26,88.9,13.82,275.69,20.46,16.39,64.97,Fungal Blight
Kebbi,6.827324,9.856974,29.37,91.58,33.08,141.07,85.46,10.89,74.7,Healthy
Enugu,4.75067,11.161976,31.8,42.95,42.32,298.88,79.89,37.54,38.18,Fungal Blight
Enugu,10.182378,3.084615,27.53,67.55,24.34,54.85,39.45,45.31,13.05,Healthy
,8.337585,8.959366,32.85,60.62,31.1,245.46,69.24,31.69,82.95,Bacterial Wilt
Cross River,9.433307,3.43158,35.5,74.42,24.06,307.68,21.17,15.81,21.6,Healthy
Cross River,,9.546147,22.78,83.65,64.2,,55.63,57.69,74.96,Fungal Blight
Ogun,7.163388,13.588865,28.13,55.43,59.88,202.53,11.69,34.6,17.41,Fungal Blight
Ogun,10.47442,14.13682,27.34,70.62,54.45,356.08,45.24,81.64,,Fungal Blight
,13.187725,9.216356,32.37,78.98,37.11,289.07,,10.72,15.67,Healthy
Kaduna,4.953751,8.269355,24.5,47.39,73.63,420.8,52.76,85.83,57.0,Fungal Blight
Benue,12.513459,13.867697,31.52,84.77,77.87,209.35,47.95,95.93,68.78,Healthy
Enugu,9.691931,10.746513,35.79,73.34,22.15,177.64,49.99,74.45,25.43,Nutrient Deficiency
Enugu,9.575276,3.746342,27.53,92.22,25.61,404.86,14.08,76.03,43.45,Fungal Blight
Enugu,9.002507,8.355844,36.4,58.67,46.79,69.7,42.55,94.02,93.72,Nutrient Deficiency
Ogun,5.124547,5.762818,37.88,45.95,16.39,104.55,78.08,28.82,49.82,Bacterial Wilt
Benue,5.308892,8.40275,21.91,67.86,40.55,82.96,43.2,99.51,82.23,Fungal Blight
Ogun,9.908208,8.237854,,44.72,50.73,387.24,74.37,79.61,93.45,Fungal Blight
Kebbi,7.568627,9.694665,37.11,93.32,46.55,54.24,43.25,75.39,97.69,Bacterial Wilt
Kaduna,12.755413,7.102861,37.25,42.13,33.16,394.66,48.09,42.5,90.85,Bacterial Wilt
Benue,8.159315,4.88911,21.76,81.44,47.97,230.51,60.75,59.12,38.57,Nutrient Deficiency
Kaduna,5.789533,8.792773,20.27,68.88,77.12,51.61,95.56,68.85,,Fungal Blight
Kaduna,10.93247,12.547333,22.9,60.27,24.42,210.66,19.8,65.83,83.12,Fungal Blight
Kaduna,7.140181,10.636141,37.93,43.62,55.84,124.72,12.96,73.45,85.35,Healthy
Enugu,9.229233,6.89123,23.24,74.22,13.04,299.76,64.72,17.41,11.37,Healthy
Kebbi,10.780495,13.758515,29.05,72.19,14.65,321.74,95.42,42.01,95.88,Healthy
Kebbi,12.602377,13.490387,35.27,55.45,48.63,245.01,99.08,49.06,,Viral Mosaic
Cross River,11.629721,5.407507,,,17.35,66.21,53.57,33.46,79.12,Bacterial Wilt
Kaduna,10.58725,3.453302,30.88,,11.56,312.45,52.13,25.54,17.34,Bacterial Wilt
Cross River,10.616699,11.52505,24.99,64.73,22.01,386.82,68.05,22.5,30.93,Healthy
Ogun,13.013322,12.517518,,69.91,49.54,338.13,60.01,42.97,96.6,Nutrient Deficiency
Ogun,7.162417,14.130443,25.1,45.51,59.23,381.98,67.07,54.41,55.06,Healthy
Enugu,4.510009,13.233119,32.36,91.27,24.17,130.2,88.66,15.67,45.81,Nutrient Deficiency
Ogun,6.947591,9.90615,,,56.78,405.56,,95.18,85.59,Fungal Blight
Enugu,6.461022,9.095602,23.99,44.44,22.77,178.88,54.72,78.87,17.86,Fungal Blight
Kebbi,10.456511,3.320172,20.63,61.3,52.94,55.36,51.57,75.78,47.52,Fungal Blight
,10.203404,5.836549,27.37,73.01,38.84,387.36,67.56,25.56,43.81,Nutrient Deficiency
Kaduna,9.841152,8.28557,25.21,68.25,55.77,426.73,,64.34,41.49,Fungal Blight
Kaduna,4.646191,10.227795,34.56,78.2,79.65,312.22,51.2,57.68,37.69,Viral Mosaic
Kaduna,11.059002,,34.41,43.05,75.65,142.57,11.47,98.42,28.91,Fungal Blight
Kebbi,7.411774,11.540314,28.23,55.65,10.3,150.7,25.67,77.29,25.56,Nutrient Deficiency
Kebbi,10.485504,6.21732,30.92,85.06,71.98,236.64,53.97,,,Fungal Blight
Enugu,9.509206,9.496955,30.88,,,409.13,84.04,86.57,92.75,Healthy
Kebbi,7.584578,,34.89,87.05,76.71,109.84,35.09,23.96,,Viral Mosaic
Kebbi,5.711186,7.757154,27.65,45.05,29.73,380.39,57.04,11.37,36.82,Healthy
Benue,5.34977,11.62685,24.96,85.89,36.74,166.52,41.05,72.12,24.32,Fungal Blight
Ogun,11.983665,10.97411,24.77,59.84,16.41,373.43,,18.85,84.71,Fungal Blight
Ogun,12.765578,14.392391,29.65,73.67,,418.11,,20.39,97.43,Viral Mosaic
Enugu,10.348092,6.195748,28.08,48.41,60.87,221.0,86.92,77.02,41.42,Bacterial Wilt
Cross River,5.430907,8.729177,27.92,43.64,76.1,196.02,,34.35,36.19,Viral Mosaic
Enugu,8.118245,6.7896,21.64,51.88,52.75,370.89,74.78,66.58,64.13,Healthy
Ogun,11.060453,8.066936,32.93,47.03,60.11,261.79,41.28,92.57,79.78,Healthy
Cross River,11.518388,12.854926,23.85,57.18,63.34,,99.54,38.48,50.99,Healthy
Kaduna,5.563968,10.868404,23.55,68.29,28.4,299.13,37.22,29.54,66.71,Fungal Blight
Kaduna,,13.148074,27.43,72.38,13.17,111.16,31.49,,74.49,Nutrient Deficiency
Benue,10.909233,5.340378,24.1,83.44,10.13,387.92,61.11,21.74,96.45,Fungal Blight
Enugu,7.709366,13.043653,30.51,76.09,34.55,128.31,85.16,15.6,24.85,Bacterial Wilt
Benue,6.790332,3.687266,26.69,73.48,26.9,422.91,27.33,17.89,99.76,Viral Mosaic
Kaduna,4.616077,13.218892,28.08,62.65,14.36,150.23,73.85,48.88,45.29,Viral Mosaic
Enugu,9.362695,6.784348,29.67,66.06,22.57,343.55,15.53,38.88,75.09,Viral Mosaic
Ogun,12.160357,6.617758,23.66,62.8,18.71,163.86,,73.59,61.52,Nutrient Deficiency
Benue,13.118685,8.889019,22.8,,74.04,177.11,17.3,88.32,,Healthy
Enugu,9.591705,13.817937,35.85,52.65,19.82,174.0,92.28,80.63,72.83,Nutrient Deficiency
Kebbi,9.130152,3.549486,27.81,40.31,47.64,349.16,54.17,57.76,45.62,Fungal Blight
Kaduna,5.265507,,27.42,75.82,51.52,272.73,50.33,,21.35,Viral Mosaic
Kebbi,9.439855,12.850578,20.64,51.14,48.04,403.18,97.6,73.88,54.0,Healthy
,7.919812,7.554626,28.96,88.96,16.93,172.95,99.13,42.65,56.97,Healthy
Ogun,,5.290304,29.98,87.25,32.32,326.8,68.52,17.71,28.17,Fungal Blight
Enugu,7.998537,7.885133,30.06,44.22,13.59,351.18,21.44,85.82,94.21,Healthy
Benue,6.662692,7.433854,32.73,45.85,37.7,110.59,55.56,40.44,30.47,Fungal Blight
Ogun,,13.527286,23.19,67.23,23.2,210.24,57.62,29.64,46.83,Nutrient Deficiency
Enugu,7.334266,11.762245,24.54,73.51,49.31,243.13,,88.43,23.94,Viral Mosaic
Enugu,5.369804,8.808829,34.59,55.12,58.5,192.27,61.25,91.19,58.22,Healthy
Kebbi,6.092073,14.366262,37.05,79.42,47.25,178.85,11.69,40.51,37.69,Healthy
Cross River,13.386025,8.350692,22.45,72.72,40.4,324.57,74.01,41.93,54.03,Bacterial Wilt
Kebbi,8.496932,3.669735,28.96,57.87,37.11,136.35,,62.17,30.22,Healthy
Cross River,9.286846,6.016155,23.86,41.4,68.92,333.76,20.39,,14.84,Fungal Blight
Kebbi,12.362567,8.014811,21.08,81.26,25.36,424.02,61.32,15.68,80.13,Fungal Blight
Cross River,13.46012,,25.86,51.81,61.4,276.08,61.15,,67.7,Viral Mosaic
Kaduna,9.74443,13.896999,22.59,85.9,63.02,294.57,71.42,95.75,40.67,Bacterial Wilt
Kaduna,11.812264,11.818762,32.78,63.12,39.34,77.57,17.69,33.59,14.27,Fungal Blight
Kaduna,7.442469,6.085303,29.61,71.74,30.81,395.79,66.39,91.79,87.9,Bacterial Wilt
Benue,7.251696,9.794252,22.59,88.01,42.94,,35.27,95.52,25.28,Fungal Blight
Cross River,8.124333,11.296665,20.17,87.5,16.52,296.02,55.63,34.22,93.77,Healthy
Enugu,10.552565,13.824708,34.55,,13.22,441.64,79.6,,53.07,Bacterial Wilt
Cross River,10.639725,13.138807,23.17,51.49,17.81,288.2,73.51,31.49,40.63,Fungal Blight
Ogun,7.337155,,30.91,82.63,23.1,339.88,20.7,76.39,76.76,Healthy
Ogun,5.698889,11.908505,26.06,,45.29,228.13,63.21,81.77,88.92,Healthy
Enugu,10.191566,9.464665,30.54,50.56,,74.15,97.22,32.25,43.36,Nutrient Deficiency
Benue,5.654933,9.356095,25.68,89.74,26.49,369.04,24.11,74.43,46.66,Healthy
Benue,9.706433,4.319533,21.56,50.9,75.46,64.0,,83.09,48.98,Fungal Blight
Ogun,,4.450583,24.01,41.42,76.84,330.26,73.23,42.27,,Viral Mosaic
Cross River,10.805503,9.089637,23.39,41.12,77.12,59.17,79.66,25.09,72.33,Fungal Blight
,11.281249,6.091908,27.7,74.23,68.63,394.92,35.38,18.28,32.29,Fungal Blight
Kebbi,12.355735,3.241924,31.85,76.39,35.47,113.05,,61.78,26.65,Healthy
Cross River,8.999631,11.312651,24.75,57.11,15.09,255.71,91.54,98.03,30.73,Healthy
Kaduna,11.072243,3.373596,20.22,57.6,,288.86,42.38,,33.72,Fungal Blight
Kebbi,10.072555,9.845684,29.34,58.67,49.11,233.02,15.67,49.23,30.72,Healthy
Benue,6.179759,9.200729,30.9,77.41,69.5,186.31,64.05,58.3,69.27,Nutrient Deficiency
Benue,4.731207,14.141369,37.33,43.2,79.72,237.13,21.23,35.16,20.43,Bacterial Wilt
Kebbi,7.060872,8.568451,30.61,91.1,45.57,174.57,81.69,24.68,44.86,Nutrient Deficiency
Kaduna,8.487303,3.731417,28.48,52.24,,225.25,67.76,53.39,66.25,Fungal Blight
Enugu,10.053953,9.344412,30.32,94.98,,193.57,88.73,51.72,36.18,Fungal Blight
Enugu,12.149634,12.672606,36.7,49.43,10.34,276.48,80.64,56.97,15.87,Nutrient Deficiency
Ogun,6.266211,14.463767,34.91,82.44,45.64,145.17,,95.75,17.36,Fungal Blight
Benue,5.629948,7.948946,25.81,52.29,48.89,,44.3,64.35,21.34,Healthy
Kebbi,13.17132,6.683436,24.27,44.45,67.75,250.35,79.71,64.52,85.23,Bacterial Wilt
Enugu,5.472401,13.426513,24.73,88.12,45.32,127.66,47.56,21.52,69.21,Viral Mosaic
Benue,8.80642,5.199284,29.08,87.23,,240.83,97.51,99.68,15.81,Bacterial Wilt
Ogun,9.770074,10.077433,33.39,62.2,53.97,396.57,76.22,79.56,45.2,Bacterial Wilt
Benue,9.37237,7.665716,29.06,78.63,68.82,58.72,11.39,88.95,35.07,Fungal Blight
Kebbi,5.274289,3.472447,21.22,70.64,20.38,321.82,89.2,47.29,62.02,Fungal Blight
Cross River,5.013242,6.993817,33.02,86.91,69.87,,19.07,55.19,,Fungal Blight
Cross River,5.449351,6.050128,34.51,57.33,57.26,117.82,22.65,,,Healthy
Kebbi,9.770289,10.890048,25.21,68.8,21.92,376.99,76.1,27.47,38.31,Fungal Blight
Kaduna,9.399104,13.911091,31.95,66.7,23.28,197.55,87.85,72.05,22.4,Bacterial Wilt
Enugu,6.603667,6.082543,27.68,59.46,74.86,,58.27,91.27,76.81,Viral Mosaic
Ogun,10.239967,12.331858,36.0,89.03,12.26,381.25,36.01,,89.19,Fungal Blight
Benue,11.880608,3.636638,35.21,49.12,42.38,305.41,41.62,17.77,94.97,Fungal Blight
Ogun,,9.188392,29.46,48.22,31.94,409.3,40.86,76.44,15.28,Healthy
Kebbi,8.983169,3.811326,32.45,71.73,56.56,301.95,39.4,34.59,76.59,Bacterial Wilt
Kaduna,10.703794,13.741379,35.9,76.16,68.77,346.33,31.86,66.15,75.39,Healthy
Kebbi,6.770807,11.81304,28.92,50.7,35.23,384.58,64.8,72.62,95.24,Healthy
Cross River,7.269938,10.566424,25.64,61.49,39.88,71.9,91.04,38.97,,Nutrient Deficiency
Benue,10.022741,12.474808,33.57,92.06,,360.42,37.64,83.36,,Healthy
Kaduna,12.581418,,23.96,53.56,64.87,295.48,26.8,59.5,14.92,Viral Mosaic
Ogun,11.78932,14.142861,26.99,76.76,72.8,77.8,85.47,88.21,66.81,Healthy
Kaduna,9.748172,11.210516,35.58,80.71,40.71,253.43,76.76,78.7,41.58,Viral Mosaic
Benue,11.071995,13.633574,33.04,64.65,26.39,82.98,93.78,88.17,79.2,Healthy
Ogun,7.783402,8.947017,27.27,91.56,38.83,344.38,24.9,11.81,87.7,Healthy
Kebbi,10.26869,4.346241,23.87,80.52,60.13,268.6,22.98,31.92,42.83,Viral Mosaic
Benue,8.695634,9.074044,26.41,65.19,17.66,431.43,58.73,18.1,57.3,Healthy
,6.209425,4.459038,25.11,71.31,28.93,123.25,65.3,49.79,20.57,Viral Mosaic
Kaduna,10.815644,9.813675,23.17,78.09,13.26,292.41,53.22,90.1,47.52,Fungal Blight
Kaduna,9.508182,8.54867,33.38,72.57,,134.63,63.91,,,Healthy
Benue,7.727594,10.159617,24.54,88.33,67.92,295.63,26.23,86.47,26.48,Nutrient Deficiency
Benue,12.702053,3.11554,28.18,59.63,11.73,339.06,53.17,39.45,,Viral Mosaic
Benue,4.688407,5.240666,26.95,56.49,57.27,338.92,69.23,,23.33,Viral Mosaic
Kebbi,7.341958,8.6503,,51.76,75.27,376.03,48.94,90.6,67.22,Healthy
Enugu,5.011933,13.930791,27.04,42.08,26.58,391.42,71.15,48.32,,Healthy
Benue,11.398746,7.411504,21.44,42.37,58.55,80.91,50.61,81.08,92.08,Viral Mosaic
Cross River,10.818967,,,87.85,78.26,187.31,40.02,31.3,81.39,Fungal Blight
Ogun,7.48217,11.219005,30.63,77.31,77.36,324.85,37.32,95.39,25.85,Healthy
Kebbi,10.580966,9.943617,30.79,76.33,26.45,249.43,46.98,61.71,83.57,Viral Mosaic
Kebbi,8.063435,6.437651,27.54,73.81,17.02,126.27,12.08,78.34,34.89,Healthy
Kebbi,11.306284,7.724389,27.77,86.71,20.38,271.08,70.17,18.06,93.02,Viral Mosaic
Kaduna,8.587653,5.503548,20.97,66.41,59.14,212.97,86.06,54.34,73.82,Healthy
Enugu,8.210518,14.109247,,87.87,60.8,206.02,,91.09,80.67,Bacterial Wilt
Kaduna,12.912569,4.502295,29.09,59.77,57.2,373.9,14.14,88.93,17.65,Bacterial Wilt
Enugu,6.757912,7.276123,22.69,90.97,33.53,213.04,98.81,14.21,62.45,Fungal Blight
Kaduna,5.584026,3.297148,21.87,78.43,21.88,60.58,33.73,37.33,83.9,Bacterial Wilt
Kebbi,9.760888,5.550464,22.22,54.14,50.65,73.23,21.4,49.9,87.54,Viral Mosaic
,13.223896,11.975418,,71.02,43.86,392.5,43.28,25.5,12.58,Fungal Blight
Benue,7.900553,5.313515,30.97,69.32,61.02,434.24,76.47,75.7,94.52,Healthy
Enugu,5.058331,3.920729,23.54,47.58,40.9,325.36,,,13.9,Viral Mosaic
Enugu,7.553747,8.456212,24.53,72.52,33.7,195.75,61.72,41.2,65.31,Bacterial Wilt
,9.053385,3.114646,23.12,57.31,30.54,425.44,47.4,69.7,72.4,Nutrient Deficiency
Benue,5.957307,3.974811,37.24,42.88,24.8,315.12,20.6,53.39,19.66,Fungal Blight
Cross River,10.42292,12.287697,35.38,92.18,,387.73,39.73,76.47,14.32,Nutrient Deficiency
,13.479745,,24.15,75.28,16.64,356.34,75.24,96.51,80.64,Bacterial Wilt
Kaduna,8.565655,13.524096,25.9,88.23,34.28,201.66,65.08,20.49,44.62,Healthy
Ogun,7.692557,12.826928,23.78,77.18,12.56,241.48,20.78,73.86,19.64,Bacterial Wilt
Enugu,8.106338,10.856519,28.85,59.63,23.05,124.45,24.7,30.73,78.64,Healthy
Enugu,5.536316,3.601828,20.35,68.2,62.27,166.81,67.67,47.3,86.42,Fungal Blight
Cross River,12.449462,12.002759,32.08,77.17,32.78,361.25,83.21,12.96,62.86,Healthy
Benue,,12.723374,29.42,92.81,56.78,407.59,41.45,22.23,24.51,Healthy
Enugu,7.98547,12.189445,36.18,53.95,60.18,339.78,63.58,38.78,11.37,Fungal Blight
Benue,10.437212,8.847509,22.96,88.12,50.68,236.07,25.36,40.78,73.07,Bacterial Wilt
Ogun,8.478301,5.678371,34.47,90.82,77.11,84.6,38.02,90.96,59.51,Bacterial Wilt
Kaduna,10.334101,12.721295,34.26,,11.5,72.78,11.82,76.76,68.57,Viral Mosaic
Kaduna,5.053017,11.362372,22.29,91.22,61.71,199.73,,97.5,83.19,Healthy
Kaduna,11.82351,14.278754,27.17,61.88,77.12,235.53,46.09,63.92,49.08,Healthy
Cross River,12.964536,4.790465,,92.42,70.36,293.65,83.45,31.75,21.21,Viral Mosaic
Ogun,10.338888,5.595143,24.58,78.65,21.75,52.6,73.75,39.49,94.6,Fungal Blight
Ogun,13.091093,,24.74,42.31,32.88,445.89,84.59,38.79,59.07,Fungal Blight
Enugu,5.862891,12.114207,30.01,89.88,,195.58,35.71,39.38,65.38,Fungal Blight
Kebbi,8.796746,5.149434,27.41,66.65,52.09,389.24,26.66,70.57,94.01,Healthy
Enugu,9.916261,3.766588,,65.32,59.85,263.99,97.47,57.77,93.84,Fungal Blight
Cross River,,14.483449,22.27,71.16,32.2,102.18,74.56,44.69,61.49,Nutrient Deficiency
Ogun,8.113156,3.285398,37.53,48.22,47.77,369.03,85.06,23.42,36.79,Healthy
Cross River,,12.605307,24.15,65.8,58.36,333.93,11.18,11.99,99.74,Healthy
Benue,5.641416,7.201719,33.91,85.71,39.49,260.97,41.9,29.7,71.27,Healthy
Enugu,8.025682,12.678578,26.1,40.85,69.78,255.82,76.85,19.67,46.76,Healthy
Kaduna,5.963947,9.378136,22.58,55.01,64.01,84.99,17.02,80.69,60.39,Healthy
Kebbi,11.109291,13.368759,35.44,40.14,14.53,312.34,61.06,20.12,47.43,Fungal Blight
Benue,6.379478,,25.56,62.86,,414.5,48.62,75.18,89.95,Viral Mosaic
Cross River,5.027088,3.104629,31.86,80.06,26.47,87.3,11.59,44.71,53.42,Bacterial Wilt
Enugu,9.471295,3.86724,30.2,83.93,49.03,,31.24,16.6,84.12,Fungal Blight
Benue,9.857068,,28.49,91.99,76.98,,35.63,83.15,85.62,Healthy
Cross River,12.347218,10.697127,28.92,73.47,71.53,163.74,20.07,62.17,84.19,Healthy
Cross River,9.692835,13.21513,33.18,54.0,38.32,,66.84,31.22,75.0,Healthy
Enugu,7.609328,8.289332,21.58,90.83,30.41,263.93,31.82,90.52,86.94,Healthy
Cross River,11.727107,9.980191,32.03,82.64,26.41,288.53,34.99,14.07,44.85,Healthy
,9.36251,5.167748,36.12,71.59,47.28,216.32,90.84,28.16,20.32,Fungal Blight
Benue,5.213523,12.257119,21.04,78.26,18.0,170.0,52.04,77.68,85.82,Viral Mosaic
Enugu,9.592655,14.124273,22.53,90.84,48.45,69.41,45.29,73.84,,Fungal Blight
Benue,12.672167,6.088888,32.9,118.94,10.09,347.71,75.15,36.03,,Nutrient Deficiency
Cross River,8.066814,8.690498,27.87,60.26,32.67,348.44,91.87,15.58,20.38,Bacterial Wilt
Enugu,7.166932,3.990335,27.26,79.22,25.4,318.29,12.25,87.23,24.33,Healthy
Enugu,,9.430072,22.47,42.22,77.99,307.45,50.34,,77.59,Healthy
Kaduna,5.86301,8.78201,29.12,61.25,60.91,147.49,64.97,27.61,73.98,Bacterial Wilt
Enugu,8.394943,4.66102,22.28,62.35,34.48,,38.67,56.45,28.34,Fungal Blight
Kaduna,9.861118,8.083761,59.91,49.18,16.5,373.49,79.52,91.92,,Fungal Blight
Kebbi,5.225539,6.842203,33.75,41.27,46.18,,97.43,13.92,,Bacterial Wilt
Kaduna,12.956117,9.001055,24.65,47.34,24.94,172.74,94.91,78.92,81.37,Fungal Blight
Enugu,11.296203,9.735025,28.65,76.0,47.55,90.77,33.94,61.52,,Healthy
Kebbi,9.779615,3.097699,37.86,,68.48,75.09,30.37,48.29,75.84,Nutrient Deficiency
Benue,,11.751569,32.36,94.35,53.11,189.55,96.17,76.97,44.32,Healthy
Kaduna,5.221681,11.199664,60.07,,54.37,371.89,51.28,96.92,,Bacterial Wilt
Kaduna,8.79155,7.212293,27.47,72.97,47.87,417.49,28.75,30.63,85.72,Healthy
Enugu,10.170838,3.608763,33.82,91.54,74.91,408.7,73.63,22.93,13.18,Bacterial Wilt
Enugu,11.957876,,20.73,49.19,75.23,,35.6,92.16,97.73,Viral Mosaic
Ogun,11.551226,13.984514,22.21,79.47,45.89,413.09,34.05,70.21,68.34,Fungal Blight
Enugu,6.993623,5.761743,23.66,81.52,31.4,260.89,89.13,49.42,48.92,Healthy
Kebbi,12.967922,6.720533,27.24,44.89,42.17,137.77,24.62,61.59,66.52,Fungal Blight
,5.619113,5.113848,35.22,87.37,23.06,369.22,,77.11,21.05,Bacterial Wilt
Benue,12.376203,9.634765,26.23,84.72,54.54,135.49,34.23,79.57,56.26,Bacterial Wilt
Kaduna,13.238462,4.780676,31.78,,45.01,156.88,,92.79,98.66,Fungal Blight
Cross River,6.094382,7.09623,32.77,45.01,17.23,143.3,21.08,48.42,31.17,Healthy
Kebbi,10.998595,11.01565,30.55,42.7,23.84,,52.44,,75.01,Viral Mosaic
Cross River,4.86257,9.441334,26.43,58.41,43.57,178.73,66.46,,49.15,Viral Mosaic
Enugu,8.148805,,30.39,68.01,72.13,111.66,86.39,47.42,68.72,Bacterial Wilt
Kaduna,9.14655,7.83287,26.16,69.28,,231.27,,63.51,28.44,Healthy
Enugu,9.725807,9.464275,21.51,54.72,57.71,,83.56,47.8,52.34,Healthy
Kaduna,12.923435,3.067444,37.87,90.14,33.73,278.22,31.14,23.77,,Fungal Blight
Benue,10.550256,3.902863,22.29,60.25,50.0,401.33,70.91,52.25,27.58,Healthy
Ogun,8.831502,13.134468,,42.51,41.32,128.35,48.76,72.18,67.28,Healthy
Cross River,11.787075,3.895608,35.81,56.51,56.14,116.79,20.32,81.94,61.8,Healthy
Ogun,13.054795,11.128241,25.43,69.21,13.54,280.23,74.28,54.4,60.85,Fungal Blight
Enugu,4.698595,13.580439,31.71,62.45,44.53,235.33,29.6,24.87,65.36,Bacterial Wilt
Cross River,,,25.92,55.06,30.72,314.07,25.9,47.32,55.2,Healthy
Cross River,5.275189,7.260652,27.05,47.22,32.83,367.85,42.25,80.77,11.52,Bacterial Wilt
Cross River,11.829481,9.542596,24.72,85.05,77.26,,68.8,47.16,91.01,Healthy
Enugu,7.023013,13.139653,26.17,94.79,22.79,426.9,31.06,72.69,84.43,Healthy
Ogun,5.689617,,27.39,,31.79,209.3,26.53,55.65,25.68,Bacterial Wilt
Kaduna,8.458701,11.504977,32.97,60.99,45.69,132.55,10.9,31.71,47.19,Healthy
Ogun,10.295609,3.996127,,73.99,70.41,270.37,52.45,81.65,,Healthy
Enugu,7.928567,10.695273,36.98,79.51,39.17,94.3,48.58,17.58,98.21,Bacterial Wilt
Enugu,4.991089,7.718493,20.75,61.56,62.07,165.54,31.05,57.24,95.6,Viral Mosaic
Kebbi,,8.413061,29.06,89.77,69.95,133.16,14.83,28.8,90.94,Fungal Blight
Benue,12.621629,3.565206,30.52,70.8,31.7,208.63,48.63,16.04,,Viral Mosaic
Cross River,7.948938,5.197215,36.56,64.77,37.49,94.49,80.94,55.26,92.3,Healthy
Ogun,6.446995,12.090906,20.88,75.57,34.96,62.74,74.38,54.96,89.06,Bacterial Wilt
Enugu,8.483196,8.220527,30.32,92.4,68.3,,87.47,73.62,43.93,Fungal Blight
Cross River,4.935264,,35.37,83.7,13.1,294.1,10.86,77.03,45.51,Viral Mosaic
Enugu,11.884388,7.416219,24.35,42.2,31.59,333.34,96.98,75.5,51.39,Bacterial Wilt
Kaduna,11.937067,12.825594,35.77,58.28,57.56,314.15,40.73,,69.06,Viral Mosaic
Enugu,9.792004,11.613489,20.34,65.88,49.58,95.72,99.14,66.85,33.48,Bacterial Wilt
Benue,,,33.18,57.3,40.54,166.43,32.74,,12.07,Nutrient Deficiency
Benue,11.69805,4.351271,36.8,78.51,47.8,101.81,52.44,47.94,22.71,Viral Mosaic
Benue,9.492183,5.89798,31.83,85.44,23.83,387.19,,63.75,49.61,Nutrient Deficiency
Kaduna,11.933391,13.588699,27.9,80.22,40.15,348.76,42.02,95.25,35.38,Viral Mosaic
Cross River,10.183129,9.688272,20.81,94.41,45.12,130.61,85.81,27.36,78.81,Viral Mosaic
Cross River,11.559649,9.135022,36.56,54.99,73.08,186.52,77.18,91.52,19.6,Viral Mosaic
Kebbi,9.887067,9.858526,28.47,88.12,28.26,436.65,99.29,14.81,92.57,Fungal Blight
Kaduna,,7.209325,20.52,82.16,70.75,,65.22,37.76,90.58,Viral Mosaic
Ogun,13.121513,12.281731,32.42,59.92,55.1,370.46,51.69,35.93,91.79,Healthy
Kaduna,9.370024,9.017792,28.67,80.38,11.42,155.84,18.11,66.37,76.56,Viral Mosaic
Kaduna,9.945806,4.342601,22.24,45.72,60.72,134.02,99.69,21.81,19.63,Nutrient Deficiency
Ogun,6.484389,4.484249,23.86,83.41,12.49,363.57,59.64,89.41,49.43,Healthy
Benue,,9.17388,21.16,69.28,79.82,324.35,73.04,,21.83,Fungal Blight
,9.644469,13.770558,30.34,56.08,71.08,322.39,46.61,68.69,98.89,Fungal Blight
Kebbi,6.163546,6.546049,31.2,76.07,30.81,271.05,,51.26,39.97,Healthy
Kaduna,5.036284,12.999723,29.1,75.29,28.02,275.43,94.83,93.97,62.68,Fungal Blight
Ogun,9.939234,11.787099,34.71,51.52,,344.28,24.98,84.77,,Fungal Blight
Ogun,11.37323,5.849843,35.5,41.67,34.93,158.0,36.31,54.94,92.86,Viral Mosaic
Ogun,9.210612,3.417919,31.08,63.85,36.06,191.11,23.69,73.17,78.0,Healthy
Ogun,6.540954,4.171244,20.23,71.32,32.28,398.65,81.3,61.02,70.71,Nutrient Deficiency
Enugu,10.498698,,32.51,88.21,53.48,173.55,15.58,62.91,51.94,Fungal Blight
Cross River,5.220952,5.296202,27.52,91.05,21.5,268.52,17.35,39.79,,Healthy
Benue,8.476503,7.269616,30.18,69.08,69.22,331.06,36.86,51.59,18.47,Viral Mosaic
Benue,5.970301,,31.68,81.46,66.87,449.97,56.28,17.03,89.55,Healthy
Benue,,11.342884,26.3,64.16,43.35,224.12,46.56,42.16,58.94,Healthy
Ogun,6.320646,4.302159,36.51,,69.69,221.24,14.03,72.62,13.61,Bacterial Wilt
Cross River,7.980364,7.673214,22.41,51.26,27.3,387.04,96.17,,92.79,Fungal Blight
,4.960352,8.578338,32.09,60.41,11.23,372.2,95.76,96.68,54.04,Fungal Blight
Cross River,8.080141,9.219511,20.08,74.88,53.34,342.43,35.14,60.02,88.17,Fungal Blight
Ogun,9.105367,12.411147,36.64,41.0,42.05,235.29,75.84,64.6,87.12,Fungal Blight
Cross River,8.849649,4.974299,22.03,79.74,49.7,179.58,62.07,26.71,83.42,Healthy
Enugu,7.945057,12.290062,21.71,85.95,72.95,293.49,31.37,72.58,15.53,Fungal Blight
Cross River,12.052319,10.968102,25.99,61.95,77.89,400.49,33.6,16.36,,Bacterial Wilt
Enugu,5.80794,9.392514,26.72,64.64,54.41,403.51,54.2,35.62,88.8,Fungal Blight
Benue,9.051271,11.044571,23.86,86.82,63.48,93.4,47.73,70.15,90.91,Nutrient Deficiency
Kebbi,5.058373,7.738204,30.53,82.66,15.87,221.34,36.21,,51.23,Viral Mosaic
Kaduna,5.140401,4.591572,27.97,55.85,21.25,235.89,82.68,14.49,49.6,Healthy
Ogun,9.664793,10.6563,20.62,57.82,61.32,,53.33,84.87,25.76,Fungal Blight
Cross River,,9.033732,25.75,77.34,40.2,321.2,,37.93,97.16,Fungal Blight
,12.402302,10.35281,34.59,70.98,41.22,212.9,27.03,15.68,29.18,Healthy
Benue,9.520863,6.886986,32.41,48.92,,60.42,58.02,16.73,,Viral Mosaic
Kaduna,13.138119,13.428966,33.05,57.05,52.51,276.15,38.62,32.66,69.47,Healthy
Enugu,4.938254,9.754753,32.57,,22.96,88.43,57.38,26.02,31.86,Viral Mosaic
Benue,5.382069,3.982129,25.6,77.85,53.88,383.78,80.27,79.69,94.49,Fungal Blight
Benue,4.896593,8.172746,,94.23,22.17,351.01,79.2,38.95,10.98,Fungal Blight
Ogun,,11.698095,24.9,82.19,14.47,234.2,41.88,82.42,10.52,Viral Mosaic
Benue,9.371431,12.132547,34.97,91.81,33.13,221.68,72.48,25.65,55.44,Healthy
Enugu,10.31015,8.687866,37.65,51.89,26.18,,94.72,54.36,53.93,Viral Mosaic
Ogun,4.910266,13.289597,28.89,82.43,72.23,165.38,66.31,71.92,24.7,Bacterial Wilt
Enugu,,6.078187,20.17,41.11,13.85,149.61,23.36,68.68,54.51,Fungal Blight
Cross River,12.079488,7.721885,22.52,76.89,22.36,425.68,71.17,64.1,47.05,Viral Mosaic
Enugu,7.169512,13.333864,25.8,65.81,48.41,373.7,19.44,93.23,,Bacterial Wilt
Kaduna,5.194688,13.306952,30.41,59.07,43.67,378.25,88.49,30.57,10.83,Fungal Blight
Benue,6.028984,10.885697,21.35,87.43,13.21,128.08,56.5,,97.86,Viral Mosaic
Enugu,5.6425,12.878276,36.98,86.98,10.51,107.32,44.66,89.56,66.2,Healthy
Cross River,5.609554,4.020893,26.57,41.23,79.16,60.41,15.13,17.01,23.67,Fungal Blight
Cross River,9.167055,12.947442,,73.52,56.12,144.82,44.27,15.03,14.21,Fungal Blight
Kaduna,6.712627,6.687129,34.05,60.23,35.58,359.68,91.29,31.0,58.43,Healthy
Benue,7.723257,5.050812,,62.86,42.93,146.02,11.89,66.97,31.14,Bacterial Wilt
Ogun,13.405548,5.752753,30.92,,28.66,341.64,,33.39,37.1,Bacterial Wilt
Benue,10.658828,7.806638,31.28,,34.14,150.76,93.8,,32.06,Healthy
Enugu,13.040826,5.888708,31.48,91.87,55.43,208.12,45.54,51.29,68.52,Healthy
,5.783009,6.686527,31.32,49.88,71.8,443.26,48.54,65.22,59.82,Bacterial Wilt
Benue,7.939255,4.552253,29.97,76.45,22.89,147.92,62.07,32.37,17.02,Healthy
Kebbi,9.492586,,37.76,76.97,68.83,200.55,51.66,37.06,57.39,Fungal Blight
Kaduna,5.190823,9.581264,33.18,53.87,18.51,170.43,25.17,,81.21,Healthy
Kebbi,4.537687,8.081318,33.99,57.86,25.05,93.85,11.67,95.12,17.31,Bacterial Wilt
Cross River,10.533909,6.987266,35.7,85.91,12.6,245.96,64.88,70.73,90.08,Healthy
Enugu,10.276376,11.584199,23.88,,19.86,201.48,92.87,80.46,62.05,Bacterial Wilt
Ogun,8.197099,13.275365,21.51,58.1,74.21,327.95,,43.01,95.56,Healthy
Enugu,8.906797,11.703076,,69.37,42.16,377.04,28.99,34.5,23.33,Nutrient Deficiency
Enugu,8.238987,6.818008,29.25,43.39,15.44,267.7,43.32,50.88,99.42,Bacterial Wilt
Benue,4.716045,11.561085,34.93,51.48,77.18,62.88,82.79,82.64,67.98,Fungal Blight
Kebbi,,4.747772,27.99,66.72,71.53,297.57,34.23,,,Bacterial Wilt
Enugu,6.09374,4.498657,30.28,44.73,62.83,72.16,89.38,86.21,56.38,Fungal Blight
Enugu,5.385818,6.974711,29.49,86.38,75.34,296.54,14.95,98.99,12.13,Healthy
Kebbi,13.110484,12.288577,20.69,79.49,25.41,324.01,94.69,16.48,,Healthy
Benue,9.894238,5.833005,31.07,91.9,68.55,129.11,,14.09,67.96,Healthy
,11.057907,3.727414,34.9,78.14,58.3,377.74,69.29,23.46,18.25,Healthy
Ogun,7.338274,4.51466,22.84,118.75,70.88,414.43,43.09,44.59,11.89,Fungal Blight
Cross River,8.038324,12.875567,30.7,70.5,65.78,375.23,80.38,21.79,14.57,Bacterial Wilt
Cross River,6.632316,10.288508,30.68,73.01,34.25,172.04,,88.36,64.85,Viral Mosaic
Ogun,5.372691,,22.96,,64.21,284.66,14.4,12.08,65.26,Fungal Blight
,6.111285,9.385902,22.22,,28.37,415.93,45.6,38.42,54.97,Healthy
Benue,11.677626,9.067166,37.64,41.69,33.0,,86.83,26.62,37.61,Healthy
Ogun,10.597912,10.537514,27.09,79.81,17.55,378.01,77.94,,,Healthy
Kebbi,9.42236,5.681657,24.09,89.8,75.46,53.79,56.54,70.25,56.47,Fungal Blight
Kaduna,8.775809,12.940634,23.08,83.76,30.37,51.46,61.49,92.08,,Healthy
Enugu,12.801909,,32.02,72.11,46.44,353.88,21.69,97.51,35.42,Fungal Blight
Kaduna,5.154615,10.982514,30.97,76.92,37.39,354.58,85.66,54.74,14.79,Healthy
Kebbi,7.025407,3.185433,31.58,94.46,77.19,365.59,80.83,31.09,91.01,Healthy
Cross River,7.649441,7.285557,21.58,44.99,33.45,422.01,,27.44,75.27,Healthy
Cross River,,7.044663,36.08,76.7,64.5,97.16,51.96,30.06,99.65,Nutrient Deficiency
Cross River,13.432632,9.250071,27.01,55.59,69.88,142.79,96.8,73.77,37.2,Fungal Blight
Enugu,6.666035,3.836467,,75.2,40.49,411.49,89.11,13.64,89.06,Nutrient Deficiency
Enugu,12.368766,12.086511,28.32,73.42,36.47,120.89,68.0,14.62,64.27,Fungal Blight
Ogun,11.975605,5.504479,27.02,48.44,62.34,322.89,43.46,64.73,50.78,Nutrient Deficiency
Cross River,6.521917,10.785935,35.54,51.37,73.9,262.19,65.62,67.79,30.03,Fungal Blight
Benue,8.093993,12.236939,36.73,,62.85,83.28,61.79,69.87,76.46,Fungal Blight
Cross River,8.187056,9.461585,25.46,47.05,25.9,164.11,45.48,43.47,91.37,Healthy
Cross River,13.303986,11.520157,35.55,54.58,,,37.6,82.54,31.18,Viral Mosaic
Benue,6.128027,10.611394,34.07,85.94,37.13,390.94,46.63,58.03,25.79,Healthy
Kaduna,11.692422,7.088593,,57.99,50.34,333.02,61.65,19.49,72.66,Nutrient Deficiency
Kaduna,7.507734,,24.42,66.84,68.2,298.75,,81.74,97.93,Bacterial Wilt
,11.077833,,30.39,91.76,23.19,248.41,33.72,,77.5,Healthy
Kaduna,8.280099,9.568949,24.94,52.49,64.92,169.47,78.49,15.4,35.61,Fungal Blight
Cross River,9.705238,11.572074,34.83,61.43,51.73,97.7,57.83,45.22,47.8,Healthy
Benue,11.993506,7.357993,,73.36,72.53,213.63,16.09,53.88,44.59,Healthy
Enugu,11.73749,6.481827,30.17,81.54,22.04,61.41,43.15,23.18,86.69,Healthy
Enugu,12.297809,8.282479,,89.59,39.45,134.42,89.64,,79.42,Healthy
Kebbi,5.036556,12.40658,25.81,90.35,68.3,222.99,77.97,35.57,63.01,Viral Mosaic
Enugu,10.728455,13.6941,31.61,82.72,11.35,217.44,39.09,80.47,34.75,Nutrient Deficiency
Cross River,5.759886,9.268459,35.33,52.56,17.85,67.72,94.44,70.39,94.42,Healthy
Kebbi,8.242367,,30.97,41.36,79.34,285.62,16.89,63.82,68.8,Nutrient Deficiency
Enugu,9.437296,13.387647,35.36,61.11,29.63,,96.51,27.29,97.34,Bacterial Wilt
Ogun,8.124655,4.133289,,47.79,78.29,81.24,32.11,29.86,62.21,Viral Mosaic
Benue,9.176505,,,79.07,22.78,427.27,10.82,14.26,83.91,Viral Mosaic
Benue,13.468737,11.15235,28.11,76.36,35.28,89.75,49.04,31.66,83.18,Bacterial Wilt
Kaduna,5.716956,,20.21,42.42,62.7,391.93,42.31,41.09,,Healthy
,10.579104,12.855834,30.02,,56.04,50.12,58.52,,96.76,Bacterial Wilt
Kebbi,8.064009,,31.91,53.68,50.68,402.91,81.71,42.98,11.97,Healthy
Cross River,5.697088,,,63.77,47.09,57.89,85.82,77.92,79.18,Bacterial Wilt
,5.928631,8.034487,33.25,76.74,69.04,353.12,,49.55,96.9,Fungal Blight
Ogun,13.043458,5.653448,30.28,63.62,26.45,194.68,48.69,80.64,40.5,Viral Mosaic
Kebbi,12.416413,6.348759,21.2,64.27,40.97,345.29,23.34,,68.33,Nutrient Deficiency
Kaduna,12.663378,11.881077,22.1,43.61,20.88,210.7,14.28,31.59,60.6,Fungal Blight
Kaduna,13.423795,3.868561,30.74,62.08,51.72,78.36,67.71,87.61,78.54,Healthy
Enugu,6.374839,12.517184,24.95,82.07,27.54,357.0,,65.96,87.96,Healthy
Ogun,7.698954,7.918194,21.43,90.33,33.37,78.5,76.04,83.56,,Bacterial Wilt
Kebbi,10.522971,9.854735,,,42.99,418.85,58.52,68.64,83.43,Nutrient Deficiency
,,4.031001,29.98,63.3,11.87,70.39,27.87,48.16,38.11,Fungal Blight
Cross River,8.265506,6.879629,,78.64,16.44,241.73,58.56,30.53,30.57,Fungal Blight
Ogun,,4.031561,32.97,91.85,58.02,339.21,26.47,16.3,48.76,Healthy
,9.844026,14.057753,31.59,54.69,40.03,207.3,49.49,58.2,71.0,Bacterial Wilt
Kebbi,9.680341,12.283509,25.99,64.21,70.54,136.89,,99.13,26.85,Healthy
,5.953121,8.285777,33.59,83.78,58.63,353.64,51.57,76.42,71.23,Viral Mosaic
Kaduna,8.745659,5.571429,31.68,,10.57,363.72,23.38,39.46,45.47,Bacterial Wilt
Cross River,9.481246,13.734734,,46.08,53.17,419.08,75.14,84.45,81.6,Healthy
,9.632582,,29.96,,16.56,200.47,26.81,79.21,13.32,Fungal Blight
Kebbi,,4.851321,20.21,50.27,64.67,,76.47,35.35,,Healthy
,11.180443,9.47639,32.54,68.06,79.41,195.25,53.14,11.29,68.48,Healthy
Kaduna,4.726792,13.853402,26.77,69.1,47.18,152.83,50.84,20.63,,Viral Mosaic
Cross River,7.693487,3.044048,36.97,88.19,57.79,350.41,86.63,88.96,74.2,Viral Mosaic
Kaduna,11.521914,5.738436,34.72,65.44,26.61,185.86,,85.29,81.67,Fungal Blight
Kaduna,9.575036,13.792148,30.58,55.37,40.63,221.26,,36.57,,Healthy
Ogun,6.850462,4.967489,24.54,52.7,69.93,,36.66,35.67,70.75,Fungal Blight
Kebbi,10.754578,4.3023,,88.08,21.72,335.06,88.38,81.36,36.11,Healthy
Kebbi,9.606518,9.557153,26.13,49.41,28.59,417.12,11.65,94.4,88.28,Healthy
Ogun,11.666192,12.911204,28.58,63.42,41.18,316.7,,80.12,77.28,Viral Mosaic
Enugu,11.115227,8.486763,25.33,50.29,59.86,238.63,75.5,,48.2,Nutrient Deficiency
Ogun,9.990971,14.437489,29.27,82.53,36.31,,,31.84,73.95,Bacterial Wilt
Enugu,8.893599,10.810475,22.98,66.09,74.94,306.39,78.45,57.32,88.09,Healthy
Cross River,5.698639,3.851861,37.6,59.31,16.61,74.24,75.31,31.02,97.81,Healthy
Enugu,6.851997,14.41757,21.94,59.86,35.96,88.27,,82.72,95.71,Healthy
Benue,8.271895,7.690784,36.77,86.87,59.63,65.17,83.94,,39.28,Healthy
Enugu,9.893694,6.305129,36.44,70.46,25.82,232.73,68.11,85.03,47.95,Healthy
Kaduna,9.123371,9.415611,29.46,79.48,55.95,380.34,46.22,44.34,,Healthy
Enugu,7.093661,6.499537,33.05,89.34,21.5,175.23,52.47,84.17,32.28,Nutrient Deficiency
Ogun,4.558179,3.994261,27.85,89.6,13.92,203.66,74.51,40.0,89.42,Viral Mosaic
Cross River,8.966153,3.016426,31.34,58.07,18.47,,88.87,49.61,42.48,Healthy
Kebbi,7.070634,8.170209,26.13,92.38,75.1,,34.5,65.39,65.85,Bacterial Wilt
Kaduna,11.111475,12.623929,25.42,41.37,48.62,316.02,40.79,16.33,69.94,Fungal Blight
Enugu,,9.581625,30.41,60.73,,156.72,,95.34,80.36,Healthy
Enugu,9.76345,14.490884,28.97,89.27,33.29,96.82,62.07,61.62,26.45,Fungal Blight
,12.973268,6.298736,,55.11,51.49,56.42,26.11,55.7,37.43,Healthy
Ogun,6.069683,6.225233,25.16,55.02,,,69.73,85.55,50.35,Healthy
Cross River,8.744845,4.837119,26.61,56.64,76.2,167.04,99.17,87.92,42.84,Fungal Blight
Kebbi,5.322798,4.886731,21.51,73.68,62.33,270.72,84.11,57.0,,Healthy
Ogun,10.131137,6.279646,20.94,64.11,,75.6,77.12,93.45,85.14,Viral Mosaic
Kaduna,9.454785,12.117661,24.56,79.97,13.24,104.49,28.72,15.83,53.17,Viral Mosaic
Ogun,8.16629,13.416203,21.34,89.22,48.48,122.43,88.85,20.19,89.13,Healthy
Cross River,9.192393,14.213502,,77.08,42.69,302.79,57.32,63.71,41.29,Healthy
Kebbi,12.569172,5.671331,34.63,51.25,74.95,296.32,90.04,41.87,80.72,Bacterial Wilt
Ogun,6.266649,13.134922,20.7,91.3,28.01,270.31,39.68,51.78,30.13,Healthy
Benue,4.703081,6.774934,31.86,54.55,28.89,150.2,15.58,39.53,,Healthy
Kebbi,12.254984,4.297666,24.91,48.24,38.79,198.45,52.84,,51.08,Bacterial Wilt
Cross River,9.694054,13.005287,35.69,44.95,27.04,88.68,34.29,84.04,19.67,Viral Mosaic
Benue,12.515926,10.315215,28.73,70.99,19.04,140.58,74.37,,34.59,Healthy
Cross River,,4.894405,25.5,46.26,70.02,409.08,96.14,99.76,46.2,Healthy
Cross River,11.79145,7.943059,29.32,47.63,49.08,441.88,72.19,80.82,77.44,Fungal Blight
Kaduna,8.36706,6.303463,26.88,56.5,70.3,309.06,,34.63,16.57,Healthy
Ogun,11.248739,11.473138,30.16,55.49,68.18,416.73,50.77,33.79,69.36,Healthy
Cross River,12.717373,8.214287,22.06,73.23,29.74,307.1,,40.23,74.44,Fungal Blight
Kebbi,9.649107,14.376719,37.95,84.92,,63.28,,85.89,68.85,Bacterial Wilt
Kebbi,6.127066,3.629567,27.66,81.87,15.83,448.71,73.98,12.46,78.46,Fungal Blight
Enugu,6.919179,7.082676,26.27,54.44,74.07,89.58,,30.72,26.04,Viral Mosaic
Enugu,6.287801,8.541852,32.78,53.49,38.3,323.06,66.33,91.44,62.84,Viral Mosaic
Cross River,6.721713,8.786036,26.55,93.12,37.56,151.13,73.05,67.59,,Fungal Blight
Kaduna,7.257739,6.633262,35.0,40.45,31.19,206.79,32.78,30.42,64.97,Viral Mosaic
Kaduna,9.496204,11.386263,28.18,88.38,42.25,308.37,82.86,29.72,65.02,Bacterial Wilt
Enugu,9.791925,13.059591,32.95,50.99,27.62,224.59,95.53,87.64,76.28,Healthy
Kebbi,8.338498,13.795272,21.93,92.1,36.24,150.22,51.87,90.44,39.99,Healthy
Kebbi,10.038787,,35.23,58.83,66.0,183.78,73.1,33.05,73.04,Bacterial Wilt
Enugu,5.234174,12.781672,33.24,64.22,68.4,186.62,76.33,47.85,92.46,Healthy
Ogun,5.290094,9.331271,23.81,78.89,31.29,433.73,69.6,85.11,10.98,Healthy
Ogun,6.046465,12.497715,22.62,72.32,42.83,369.45,59.24,79.39,88.31,Viral Mosaic
Benue,9.162697,,25.69,57.49,71.17,233.42,,83.25,29.68,Healthy
Kebbi,6.425952,7.582506,37.57,70.46,13.69,129.93,50.4,56.66,51.03,Healthy
Cross River,7.04956,6.6445,24.62,80.19,72.24,374.41,15.5,92.04,86.71,Nutrient Deficiency
,8.102816,8.374954,28.21,42.33,25.34,112.87,,39.34,84.15,Healthy
Kebbi,11.806795,6.284166,20.54,40.62,57.5,134.18,70.66,24.1,90.27,Bacterial Wilt
Cross River,4.624759,14.058532,27.15,,50.78,196.41,,73.79,94.64,Viral Mosaic
Cross River,10.344409,,30.28,47.25,48.71,402.14,22.47,58.54,50.24,Healthy
Kaduna,10.519889,4.127512,37.16,76.54,70.16,102.71,12.77,86.91,69.07,Bacterial Wilt
Kaduna,,9.058397,29.3,,17.11,98.89,94.09,17.3,45.14,Fungal Blight
Enugu,12.894776,3.656639,34.74,63.81,34.29,247.59,23.3,85.93,41.56,Bacterial Wilt
Ogun,4.681241,4.271246,29.85,50.87,47.68,160.56,82.87,36.4,48.84,Bacterial Wilt
Ogun,5.884053,5.522978,20.73,70.17,66.79,277.49,84.09,68.94,76.88,Healthy
Benue,,8.340028,25.67,46.38,25.15,230.65,73.78,13.61,55.13,Healthy
Enugu,,7.982386,30.36,41.27,66.21,223.98,21.81,64.86,83.27,Fungal Blight
Benue,9.581316,12.196456,37.11,42.81,37.97,94.79,70.07,74.55,77.07,Healthy
Ogun,,11.503959,35.46,92.48,23.22,106.42,90.02,43.19,11.84,Healthy
Kebbi,10.611599,7.90266,24.11,47.83,63.13,378.43,48.3,29.39,66.72,Fungal Blight
Benue,12.885664,,23.96,78.97,16.36,404.35,47.22,58.39,49.29,Bacterial Wilt
Ogun,13.472545,6.639391,,43.74,46.03,143.87,49.86,84.99,,Healthy
Cross River,10.981417,11.900944,36.6,45.95,14.47,95.38,17.4,39.12,83.65,Fungal Blight
Cross River,7.084991,,35.35,67.99,34.95,71.37,90.28,32.72,59.28,Viral Mosaic
Kaduna,12.417772,3.147449,,65.57,52.08,293.32,88.23,35.1,89.71,Bacterial Wilt
Benue,4.942988,12.148761,27.07,92.34,48.93,336.14,99.81,95.42,74.15,Bacterial Wilt
Kebbi,6.579728,8.487183,29.08,91.97,38.33,199.12,,42.33,,Fungal Blight
Enugu,12.576471,4.505133,28.36,82.88,40.03,321.87,,10.32,77.91,Healthy
Cross River,6.805724,5.709008,24.56,109.5,25.87,335.18,28.24,80.35,13.45,Viral Mosaic
Kaduna,6.48586,13.723795,29.09,65.02,41.91,424.14,70.08,72.93,12.44,Nutrient Deficiency
Kebbi,5.743128,12.884284,20.55,,76.73,75.95,68.48,21.57,17.5,Viral Mosaic
Cross River,12.232006,11.162528,22.37,92.09,69.53,126.92,91.11,98.64,49.38,Viral Mosaic
Benue,9.000524,8.54559,35.96,73.16,20.17,,84.77,64.73,31.19,Nutrient Deficiency
Kebbi,10.574039,8.983722,33.53,71.85,12.08,397.2,94.46,55.07,98.58,Healthy
Kebbi,,14.215312,27.61,52.75,75.35,367.03,88.2,44.4,58.81,Viral Mosaic
Kaduna,11.322364,14.10636,29.31,42.57,46.87,279.86,88.18,90.88,69.62,Bacterial Wilt
Benue,11.34005,5.475594,26.66,91.99,47.65,83.47,15.74,31.96,35.09,Fungal Blight
Kebbi,,12.327703,33.33,57.26,64.65,159.32,86.14,35.72,38.96,Fungal Blight
Benue,,5.268291,34.12,64.34,32.03,169.09,64.67,21.02,40.19,Bacterial Wilt
Benue,6.387212,5.455681,,46.31,43.73,274.3,44.24,78.32,72.89,Bacterial Wilt
Enugu,13.289049,10.77507,33.01,86.03,77.81,153.22,15.09,63.6,52.63,Fungal Blight
Cross River,10.310423,7.657513,23.68,41.52,57.05,79.18,70.99,64.82,56.59,Healthy
Ogun,12.910895,13.712761,26.08,85.87,20.76,342.3,39.54,29.66,63.28,Healthy
Kebbi,7.23047,4.023612,28.46,47.72,19.33,169.63,52.1,68.61,79.19,Fungal Blight
Kebbi,11.537018,8.882545,25.95,,24.3,230.95,,78.89,18.13,Healthy
Kebbi,11.392728,13.562998,33.59,80.14,63.67,101.07,92.06,42.21,79.92,Healthy
Ogun,10.724901,13.397307,25.93,49.06,30.68,371.02,84.29,82.12,60.69,Viral Mosaic
Enugu,13.190751,4.800086,22.49,71.12,11.5,276.21,50.55,41.39,70.22,Healthy
,8.041998,7.216334,,57.2,76.09,410.63,44.9,78.23,,Healthy
,5.676456,10.119896,37.64,49.8,21.88,248.19,31.58,13.04,46.84,Healthy
Enugu,10.54538,4.833041,24.07,87.26,10.67,426.57,43.52,59.6,30.8,Healthy
Enugu,11.063788,,31.02,62.19,26.6,406.75,,97.26,98.14,Healthy
Cross River,,13.519617,27.79,61.92,26.45,280.58,97.4,98.31,54.73,Healthy
Kebbi,6.361361,4.919927,21.28,49.34,39.54,423.56,61.65,35.36,99.65,Bacterial Wilt
Kaduna,9.040103,4.393288,28.78,61.07,,179.24,21.5,49.73,54.08,Healthy
Ogun,7.309708,3.982198,32.64,87.94,71.54,196.26,41.75,15.67,29.78,Healthy
,8.347199,13.458602,29.24,59.97,41.98,68.19,59.23,88.6,55.67,Fungal Blight
Kaduna,10.306967,5.226674,35.7,92.34,38.76,285.68,57.96,61.17,13.56,Fungal Blight
Kaduna,,7.787277,25.2,92.05,48.85,338.77,13.2,44.66,91.43,Fungal Blight
Ogun,6.590022,8.161791,21.55,47.97,27.04,359.41,,20.15,83.67,Healthy
Kebbi,8.147928,9.888627,36.86,49.75,13.65,,34.78,95.21,75.32,Healthy
Kaduna,6.922454,3.824956,26.81,87.45,75.75,227.66,11.46,57.72,64.88,Viral Mosaic
Kebbi,6.287685,5.607724,30.38,61.6,23.07,120.75,16.88,35.46,62.19,Healthy
Enugu,11.550485,13.712139,34.26,40.24,23.89,314.85,62.22,41.52,99.71,Healthy
Enugu,,13.446716,25.84,55.06,43.07,113.18,22.4,34.36,35.02,Fungal Blight
Kebbi,7.83209,11.984842,32.89,72.87,44.41,411.67,13.76,64.16,80.17,Healthy
Ogun,11.26151,3.223114,22.44,83.96,11.29,142.25,44.17,93.7,62.33,Healthy
Benue,12.572958,6.760578,,47.34,20.36,166.56,66.05,87.1,97.83,Fungal Blight
Enugu,12.115118,10.221525,22.6,46.08,36.47,390.36,20.07,51.43,84.5,Bacterial Wilt
Benue,6.14532,6.164687,34.6,90.72,57.86,233.39,38.2,84.38,99.87,Nutrient Deficiency
Benue,13.106627,13.460247,24.01,81.31,25.99,,47.6,48.08,62.95,Fungal Blight
Cross River,7.890088,10.289729,32.91,72.44,39.61,247.83,24.35,,28.41,Fungal Blight
Ogun,7.553166,3.826927,36.98,82.31,49.01,83.82,55.55,98.51,55.33,Bacterial Wilt
Kaduna,5.061882,13.453564,29.5,63.59,72.2,,17.67,37.35,74.0,Bacterial Wilt
Benue,8.875563,14.014317,,81.72,32.82,285.24,14.19,,79.69,Viral Mosaic
Cross River,5.481123,3.893693,28.3,60.45,19.35,152.61,56.79,99.07,10.05,Healthy
Kebbi,6.736858,9.122143,25.87,53.43,,275.49,32.31,22.05,55.45,Healthy
Benue,7.352484,6.488689,28.56,80.1,62.27,80.75,18.58,78.45,31.17,Healthy
Enugu,11.779437,7.517649,30.85,63.08,17.69,369.96,48.15,,88.74,Healthy
Cross River,12.379398,5.065989,37.75,93.98,39.73,420.13,92.36,56.06,23.76,Viral Mosaic
Cross River,7.222197,9.647829,36.88,59.22,11.24,399.78,75.18,10.23,,Healthy
Enugu,12.228283,14.016763,35.52,,12.35,186.7,83.41,43.76,33.95,Viral Mosaic
Kebbi,12.215078,8.785335,36.0,91.31,43.81,180.31,88.47,20.04,42.09,Healthy
,11.381859,3.953518,28.42,53.3,30.87,64.04,97.54,47.46,94.65,Bacterial Wilt
Enugu,,10.130015,31.83,83.9,69.16,,78.69,81.1,31.64,Fungal Blight
Kebbi,10.712906,6.912564,36.11,63.82,52.15,263.96,64.76,49.48,18.55,Bacterial Wilt
,13.005217,12.84314,27.07,90.46,41.78,233.74,42.89,48.87,16.24,Healthy
Enugu,10.642864,7.998799,37.31,64.76,38.56,413.05,26.35,60.11,55.42,Bacterial Wilt
Ogun,7.484552,5.217656,27.48,,44.81,117.15,71.8,,67.75,Healthy
Cross River,9.005214,5.197715,30.82,65.68,12.83,53.87,99.55,87.07,39.46,Healthy
Cross River,10.311525,11.840788,32.78,52.53,72.5,79.33,,37.75,72.12,Bacterial Wilt
Ogun,9.095134,6.054257,37.11,50.96,79.88,139.35,75.13,,15.49,Viral Mosaic
Ogun,5.579576,11.823184,24.4,63.4,22.7,63.31,54.56,60.93,87.16,Healthy
Enugu,7.308576,5.367704,33.43,81.55,18.43,251.14,48.87,37.05,83.49,Bacterial Wilt
Cross River,11.721564,6.699393,29.37,73.28,20.05,175.64,,36.56,98.69,Healthy
Ogun,12.252762,8.3531,24.83,77.87,56.27,122.19,55.42,42.5,94.29,Bacterial Wilt
Benue,5.7357,13.846752,33.98,55.53,56.3,350.03,43.02,66.04,42.06,Bacterial Wilt
Enugu,13.071481,13.714911,29.94,66.48,69.35,131.78,77.39,30.77,45.93,Fungal Blight
Ogun,7.459404,5.379027,31.9,42.44,62.63,325.04,88.68,92.83,,Fungal Blight
Ogun,,7.119519,25.81,84.96,,189.71,89.46,61.74,22.07,Viral Mosaic
Benue,11.266426,4.718093,28.66,94.44,52.9,254.73,30.49,92.8,38.26,Healthy
Cross River,11.807516,8.864828,31.11,62.38,58.18,423.55,90.63,14.18,20.67,Healthy
,13.011747,8.296699,27.29,40.6,45.89,64.94,40.74,40.84,50.94,Healthy
Benue,,13.358742,23.57,49.34,43.3,250.11,37.84,12.05,59.68,Healthy
Cross River,12.226558,13.695062,37.31,75.89,55.16,391.77,75.41,34.5,29.0,Healthy
Cross River,5.685182,7.411025,29.21,73.66,49.02,285.19,37.42,87.58,12.4,Healthy
Kebbi,,8.654986,33.21,83.33,55.08,160.75,14.77,13.29,74.74,Healthy
Benue,11.1778,13.306717,27.4,53.96,52.9,209.07,43.63,49.25,11.8,Bacterial Wilt
Kaduna,10.599509,12.27714,26.39,82.0,60.34,322.11,74.93,20.58,97.61,Viral Mosaic
Kebbi,6.770833,3.042048,27.33,77.84,55.0,406.32,39.43,,29.94,Viral Mosaic
Ogun,12.357388,6.680685,27.37,57.75,46.38,66.43,66.66,85.5,69.75,Healthy
Kebbi,6.019726,7.850404,29.8,70.0,57.73,,69.41,,49.13,Healthy
Kaduna,4.982713,5.641737,29.78,,,180.02,76.04,76.31,15.37,Fungal Blight
Kaduna,10.957185,5.295074,28.95,64.89,26.92,143.11,90.74,41.42,52.5,Fungal Blight
Kebbi,8.779281,3.434522,22.43,88.47,10.1,155.97,48.93,95.0,56.51,Healthy
Kebbi,12.141882,10.398752,28.93,63.17,49.2,138.51,24.98,73.83,86.92,Healthy
Cross River,7.950574,6.018868,23.04,86.18,51.35,128.33,38.7,47.96,75.91,Viral Mosaic
Kaduna,6.014507,3.601993,22.27,72.46,,102.25,48.9,48.38,17.14,Viral Mosaic
Kebbi,12.02798,5.656262,36.79,50.55,35.3,423.58,,92.68,28.82,Healthy
Benue,9.440187,12.22201,30.89,71.96,37.59,107.68,11.18,61.88,38.07,Viral Mosaic
Enugu,6.202762,12.792126,31.87,67.83,24.13,131.76,38.42,73.57,20.48,Bacterial Wilt
Enugu,10.983456,8.555262,27.23,61.93,14.94,148.51,80.19,47.53,51.12,Fungal Blight
Enugu,9.100023,7.784813,36.36,,64.1,423.21,70.38,30.13,98.59,Healthy
Benue,9.938817,14.245317,,62.92,27.48,352.29,75.86,75.12,56.32,Healthy
Enugu,8.648085,5.306494,33.85,44.0,52.62,365.88,83.06,64.7,76.77,Fungal Blight
Cross River,11.958381,5.476632,26.63,45.43,58.14,91.9,80.49,55.12,71.46,Healthy
Cross River,11.966064,6.356473,37.28,62.88,42.99,384.52,71.4,66.16,86.49,Bacterial Wilt
Kebbi,10.884499,4.986709,34.77,56.8,71.34,213.28,49.57,28.75,29.42,Fungal Blight
Kebbi,5.448612,7.362704,35.37,90.9,41.07,155.13,98.52,81.45,77.84,Bacterial Wilt
Kaduna,12.049685,13.474594,23.1,,29.94,280.3,61.22,,89.32,Nutrient Deficiency
Ogun,10.539117,10.0765,24.88,,72.72,378.87,28.25,90.2,25.44,Healthy
Kaduna,10.773217,7.737385,25.14,69.16,70.31,361.46,36.35,38.93,41.21,Bacterial Wilt
Enugu,7.766846,13.745724,24.88,78.72,21.48,406.0,72.42,46.54,,Fungal Blight
Kebbi,12.413516,3.557339,35.4,54.31,11.82,421.25,93.23,82.76,80.27,Healthy
Enugu,11.028344,5.418176,20.57,91.8,16.3,145.25,26.08,63.56,35.43,Bacterial Wilt
Benue,5.513314,9.507719,21.37,69.15,30.06,219.54,17.41,59.31,,Healthy
Cross River,8.170002,10.078855,24.93,85.72,78.06,55.85,89.34,,46.39,Healthy
Kaduna,12.477423,,23.6,60.08,49.1,401.73,92.38,58.24,54.1,Healthy
Benue,4.92477,7.634946,24.17,45.51,36.13,111.83,34.87,56.34,41.96,Healthy
Kebbi,,10.465271,34.36,,72.21,394.59,43.96,13.78,,Nutrient Deficiency
Ogun,10.612463,11.027811,30.14,40.43,41.72,181.75,69.42,16.25,70.73,Bacterial Wilt
Ogun,10.182384,10.338609,20.1,66.14,32.07,197.25,39.69,10.67,80.07,Fungal Blight
Benue,6.935033,6.686477,27.73,50.6,75.89,65.65,,92.19,88.66,Fungal Blight
Kaduna,6.739126,4.075481,27.34,74.51,69.47,180.75,19.68,46.75,23.98,Fungal Blight
Benue,,7.911793,22.05,93.87,,,13.42,52.17,84.06,Nutrient Deficiency
Kebbi,7.184452,4.480676,32.17,65.54,45.86,60.22,28.76,86.08,32.93,Nutrient Deficiency
Kaduna,11.479548,13.897672,32.64,84.96,65.26,212.53,35.75,64.83,48.46,Viral Mosaic
Enugu,8.038096,8.464465,32.98,67.93,,62.56,20.16,64.86,91.13,Healthy
Benue,,6.648481,33.11,67.27,50.13,,15.91,36.69,50.91,Fungal Blight
Cross River,4.596438,11.812497,20.0,91.17,78.87,119.06,78.0,85.05,27.74,Healthy
Kebbi,9.398316,8.726409,37.17,88.95,30.37,150.89,24.78,24.92,24.39,Healthy
Kaduna,,6.565391,34.66,83.22,65.6,401.04,92.25,14.78,52.57,Viral Mosaic
Benue,7.822226,12.337629,36.27,56.29,44.33,224.42,43.12,27.24,78.64,Healthy
,7.714731,12.97225,20.28,69.98,12.79,159.52,70.35,,99.75,Fungal Blight
Kebbi,7.596825,10.739594,36.81,52.31,,285.74,30.29,35.41,80.87,Bacterial Wilt
Kaduna,9.184895,3.540091,34.58,64.42,21.8,106.84,31.63,70.35,88.93,Healthy
Cross River,8.465984,9.512713,35.07,66.63,54.2,153.76,61.72,29.6,77.3,Nutrient Deficiency
Ogun,12.419232,11.777891,21.68,85.74,16.0,268.5,60.46,70.9,90.59,Healthy
Kebbi,,4.569785,33.3,89.28,76.28,145.01,79.19,18.2,,Healthy
Kaduna,9.069821,5.629714,37.28,62.8,,321.65,78.2,23.25,93.69,Nutrient Deficiency
Kaduna,5.745344,13.148694,32.21,40.97,25.85,246.6,70.36,55.79,,Nutrient Deficiency
Cross River,13.344656,3.2314,30.27,87.4,19.04,358.8,50.42,,92.95,Healthy
Enugu,6.749756,11.656362,37.02,49.59,76.22,429.3,90.16,87.36,16.82,Viral Mosaic
Benue,5.160277,8.448393,27.97,74.2,59.83,96.32,66.03,97.19,74.37,Healthy
Ogun,10.468316,8.13788,30.79,,61.92,183.87,99.12,68.54,76.21,Viral Mosaic
Ogun,9.858297,3.08161,28.57,61.97,44.96,177.82,83.74,70.82,99.72,Nutrient Deficiency
,8.236311,12.42308,36.79,94.23,43.23,110.47,13.99,66.25,79.2,Healthy
Benue,8.29973,7.137986,21.37,45.54,17.7,374.12,38.85,66.05,44.43,Healthy
,11.565575,9.218805,29.02,63.3,49.19,353.95,61.47,23.24,60.15,Bacterial Wilt
Kaduna,6.261414,10.788958,32.37,56.89,27.28,243.77,74.93,58.94,42.99,Nutrient Deficiency
Benue,11.88228,11.08024,34.25,89.78,78.4,265.11,59.53,44.75,27.64,Healthy
Cross River,10.338724,13.993771,30.49,87.81,65.76,73.82,80.75,49.83,32.37,Viral Mosaic
Ogun,8.270728,9.110409,36.36,53.07,38.91,272.2,35.44,57.12,,Fungal Blight
Enugu,8.622258,7.596775,36.96,44.47,20.59,366.54,26.55,21.56,59.39,Fungal Blight
Cross River,6.809825,13.967592,21.16,74.49,64.97,279.53,14.85,42.35,91.55,Bacterial Wilt
Enugu,11.269029,10.384268,27.24,58.5,18.54,156.12,61.6,15.71,92.15,Healthy
Benue,9.115873,6.428729,20.42,76.96,23.25,317.02,71.97,98.17,14.93,Bacterial Wilt
Enugu,7.387691,4.454339,,41.77,24.81,194.6,39.35,20.67,17.19,Healthy
Ogun,9.864451,12.689377,29.66,47.34,48.98,267.95,65.22,33.27,32.06,Viral Mosaic
Kaduna,13.46161,7.165088,36.39,77.75,65.09,245.03,,90.22,,Fungal Blight
Kaduna,8.417361,10.595402,,51.68,32.0,202.47,18.94,53.44,,Bacterial Wilt
Cross River,12.786223,8.414389,22.29,87.17,15.93,337.55,73.16,22.21,44.96,Healthy
Ogun,7.605152,5.287692,21.67,43.22,42.52,403.55,43.13,44.58,62.9,Bacterial Wilt
Cross River,4.992594,9.919396,30.61,51.85,62.37,52.09,70.42,20.43,62.03,Bacterial Wilt
Kaduna,6.338179,3.697855,29.58,,25.52,423.45,84.85,28.02,58.91,Viral Mosaic
Cross River,,7.753438,24.79,63.82,25.39,254.61,,14.68,40.48,Viral Mosaic
Kaduna,6.476714,9.286072,36.19,78.66,76.31,330.29,25.5,49.44,73.58,Healthy
Cross River,4.502043,8.01454,36.69,50.05,76.79,392.25,,82.6,84.38,Healthy
Enugu,12.735014,11.60973,27.25,73.54,79.33,,76.05,62.74,41.16,Bacterial Wilt
Kaduna,,12.521137,36.03,79.94,66.54,383.99,79.66,64.57,17.7,Bacterial Wilt
Kaduna,11.18063,11.869295,26.91,57.3,23.17,121.05,80.62,28.05,36.67,Healthy
Kebbi,6.010331,3.446349,33.26,85.59,24.84,113.67,30.54,40.95,22.36,Healthy
Enugu,5.583272,5.232481,28.57,73.19,33.82,312.99,,86.07,52.06,Bacterial Wilt
,5.108443,9.170986,22.21,61.4,32.27,398.06,63.1,17.91,24.03,Fungal Blight
Benue,11.016263,,36.7,70.67,76.96,406.97,76.7,87.21,51.66,Fungal Blight
Kebbi,12.859272,12.602003,28.17,71.72,65.24,307.5,38.72,53.53,29.89,Healthy
Kaduna,8.374822,12.689147,33.22,49.1,60.68,260.2,19.42,85.34,,Fungal Blight
Kebbi,5.572266,6.486894,26.61,62.15,23.02,182.56,,38.62,12.48,Fungal Blight
Cross River,9.111535,7.938651,20.34,58.89,73.67,442.0,36.97,40.5,59.93,Bacterial Wilt
Cross River,7.639487,8.413118,21.81,62.05,67.95,177.88,24.97,77.64,25.25,Fungal Blight
Ogun,,4.809773,28.93,81.86,21.45,347.67,23.3,80.65,10.09,Healthy
Kaduna,10.091976,3.357283,32.42,,70.98,262.79,38.34,30.67,,Healthy
,10.968463,13.889383,26.03,91.72,29.06,293.4,63.34,97.56,70.44,Fungal Blight
Benue,,,32.52,56.15,15.66,207.39,42.26,17.6,18.9,Healthy
Benue,4.820312,5.759412,32.58,,55.98,435.93,11.86,16.17,69.77,Viral Mosaic
Enugu,13.448973,3.958859,32.67,83.28,55.77,278.67,18.72,63.6,,Fungal Blight
Ogun,6.594555,13.677839,28.87,70.03,16.65,425.12,36.15,75.05,52.6,Nutrient Deficiency
Kaduna,4.984475,9.666977,36.47,70.09,32.32,53.04,69.37,96.48,47.73,Viral Mosaic
Enugu,6.208878,10.670924,28.81,42.93,79.5,279.07,18.87,46.45,89.84,Fungal Blight
Benue,4.850621,13.483134,28.1,61.92,57.49,336.87,60.46,12.28,32.06,Fungal Blight
Kebbi,8.026298,6.974632,23.59,54.89,61.11,348.03,,64.26,45.85,Viral Mosaic
Cross River,11.721616,10.147334,25.54,94.96,24.9,411.99,29.05,36.07,39.62,Bacterial Wilt
Kaduna,7.5712,3.446194,20.76,56.96,15.51,51.76,25.5,48.97,79.41,Healthy
Kebbi,8.497651,5.147884,31.4,88.65,29.38,50.13,16.05,53.96,92.48,Healthy
Cross River,10.580281,12.559327,24.47,77.19,27.42,,,15.81,86.48,Healthy
,9.080047,11.817836,25.47,58.75,26.42,61.72,51.71,53.74,81.79,Healthy
Ogun,12.253011,7.032391,,69.89,,439.81,84.79,48.37,98.81,Fungal Blight
Kebbi,12.294321,7.333322,25.89,86.23,50.23,138.83,18.9,74.13,72.74,Healthy
Kebbi,4.589196,9.135876,24.36,88.59,32.97,239.07,23.03,68.11,77.59,Viral Mosaic
Cross River,11.502417,3.002772,23.04,48.82,67.42,74.46,37.58,26.67,98.45,Fungal Blight
Kaduna,8.646602,5.77431,33.95,58.68,22.88,258.82,78.93,28.55,10.63,Fungal Blight
Ogun,13.399565,5.394666,22.33,58.44,42.52,201.98,37.52,32.59,67.06,Healthy
,8.849089,5.880554,28.17,42.31,,67.86,46.76,26.11,76.51,Bacterial Wilt
Cross River,13.382064,12.267917,29.12,72.9,43.72,184.05,37.14,69.15,92.6,Healthy
Kebbi,11.291124,6.216249,32.37,87.02,13.91,206.57,17.22,99.5,89.55,Bacterial Wilt
Ogun,6.737444,5.202495,31.4,60.99,78.44,445.97,94.55,68.69,85.78,Fungal Blight
Kebbi,9.345555,8.79903,34.59,80.7,65.34,133.15,59.37,64.6,95.12,Fungal Blight
Ogun,13.429221,12.954918,20.81,,44.31,267.91,80.9,46.89,58.36,Fungal Blight
Kaduna,12.217775,5.775522,25.34,60.66,16.06,444.93,69.25,38.13,10.62,Healthy
Enugu,5.376302,3.903167,25.04,47.76,51.47,366.81,56.28,92.0,10.99,Healthy
Benue,10.857348,7.098654,22.63,79.01,63.11,447.35,18.07,97.21,59.02,Healthy
,7.610216,11.597996,,87.0,23.35,437.32,67.85,54.71,49.17,Fungal Blight
Kebbi,4.56284,9.332941,25.58,77.72,49.77,245.82,23.98,36.12,50.61,Healthy
Benue,8.131329,12.393124,29.39,40.98,,328.55,,79.31,46.04,Healthy
Cross River,6.61279,14.03531,31.95,51.89,63.78,94.18,66.62,21.92,,Fungal Blight
Benue,11.869823,12.115618,26.86,43.82,66.21,226.46,80.4,78.9,42.33,Fungal Blight
Ogun,,9.943735,32.95,71.37,71.55,373.61,71.65,83.71,87.06,Healthy
Kebbi,11.947713,,26.05,81.61,75.64,252.13,70.44,21.24,91.26,Viral Mosaic
Ogun,4.505381,3.460794,25.23,46.08,38.39,331.08,23.41,97.92,54.96,Viral Mosaic
Ogun,7.270372,,29.74,86.11,,348.3,,98.7,50.22,Bacterial Wilt
Cross River,6.670487,7.410033,20.43,70.55,65.35,151.39,13.86,94.3,78.49,Fungal Blight
Enugu,6.602106,,21.44,77.95,58.8,400.28,74.75,54.64,73.72,Fungal Blight
Enugu,5.11368,10.667152,27.52,,79.69,233.93,95.73,32.15,,Healthy
Kebbi,6.184118,,36.97,44.6,10.96,134.07,33.77,62.38,19.23,Healthy
Ogun,9.499946,9.73645,32.99,89.57,34.86,396.17,17.89,47.79,33.84,Bacterial Wilt
Kebbi,7.12225,9.747831,21.59,46.94,29.67,217.13,52.8,28.54,21.79,Viral Mosaic
Enugu,8.256553,8.125893,,61.61,28.36,350.12,87.1,48.13,,Healthy
Kaduna,7.891802,12.615364,33.18,86.83,25.58,269.21,59.68,69.75,33.56,Fungal Blight
Cross River,12.383144,6.047121,31.0,,59.64,202.75,14.21,16.38,67.39,Healthy
Kebbi,12.647691,8.159275,,67.85,15.93,373.95,97.68,40.01,95.9,Healthy
Ogun,8.936613,9.183459,27.27,72.68,61.91,283.79,84.58,11.6,71.72,Bacterial Wilt
Kebbi,7.471404,10.631684,23.99,78.95,58.54,206.22,21.84,77.45,93.4,Fungal Blight
Ogun,5.461206,,29.22,85.8,27.56,93.84,92.96,67.66,80.57,Fungal Blight
Kebbi,13.080626,7.540284,29.88,46.68,27.7,408.18,50.56,15.64,75.51,Viral Mosaic
Cross River,5.042043,10.42954,29.69,84.55,54.02,64.19,43.47,96.83,47.27,Viral Mosaic
Enugu,,4.732026,30.17,66.47,63.35,395.27,51.49,12.04,39.23,Nutrient Deficiency
Kaduna,7.182596,13.725453,37.08,64.78,71.35,193.98,85.11,63.1,86.16,Viral Mosaic
Kebbi,7.383612,7.405176,36.24,63.31,69.65,305.74,69.35,79.87,91.49,Bacterial Wilt
Benue,5.978582,11.389496,35.76,68.01,77.54,418.88,15.33,80.91,,Nutrient Deficiency
Benue,11.548453,3.233922,34.43,,50.7,110.68,96.18,13.09,10.82,Viral Mosaic
Kebbi,5.602481,5.359652,36.98,70.15,73.61,276.78,23.3,91.58,81.33,Fungal Blight
Ogun,10.21416,8.601449,21.77,92.42,66.6,355.77,77.1,92.66,35.66,Bacterial Wilt
Benue,5.614614,13.099903,24.77,49.92,72.63,,67.25,60.53,10.89,Viral Mosaic
Kebbi,5.134821,9.063434,28.91,79.83,10.81,260.25,26.88,53.39,82.45,Bacterial Wilt
Enugu,12.684866,,35.24,84.67,77.61,299.9,25.37,14.04,56.57,Bacterial Wilt
Cross River,6.211159,8.563664,29.09,110.4,43.15,353.01,88.33,60.58,71.67,Nutrient Deficiency
Kebbi,11.891251,8.640165,33.46,73.38,65.87,386.41,47.77,46.84,92.32,Fungal Blight
Kebbi,9.401678,4.377088,22.5,71.06,18.9,354.73,68.91,79.55,58.71,Nutrient Deficiency
Cross River,5.200709,12.230547,,87.35,37.72,191.6,55.37,46.35,55.29,Nutrient Deficiency
Kebbi,13.099034,5.840102,33.17,85.19,29.0,448.69,75.46,71.52,36.16,Fungal Blight
Ogun,6.722651,13.345544,22.97,46.73,30.42,223.8,53.13,19.13,37.47,Fungal Blight
Kaduna,12.236808,13.474479,26.32,86.67,18.63,59.79,35.86,21.97,81.69,Healthy
Ogun,6.01929,13.848066,24.77,62.77,66.4,195.05,42.7,22.57,50.41,Fungal Blight
Cross River,12.185486,8.982651,26.3,53.95,10.65,101.11,87.32,14.1,24.72,Fungal Blight
Cross River,,10.786579,32.75,87.84,31.88,98.58,52.12,58.72,18.51,Bacterial Wilt
Enugu,9.106024,11.952933,26.62,63.76,22.21,162.61,29.21,81.46,52.56,Healthy
Benue,11.424983,4.506668,29.99,84.46,51.23,71.35,94.11,64.94,51.85,Viral Mosaic
Kebbi,12.91316,9.911008,54.73,54.49,27.8,325.4,81.69,61.75,,Healthy
Ogun,12.682819,3.394426,34.49,40.22,28.13,79.6,15.01,,52.4,Healthy
Ogun,11.876624,8.72201,26.66,67.25,44.18,131.32,99.9,40.57,22.91,Fungal Blight
Cross River,12.493722,4.780691,31.67,45.51,,87.16,72.54,42.58,,Fungal Blight
Kebbi,6.292977,5.103614,33.06,81.49,18.49,75.27,24.42,38.28,91.61,Fungal Blight
Ogun,7.057659,7.198047,,,22.29,157.1,31.35,74.09,24.35,Fungal Blight
Cross River,7.100717,,35.92,64.4,27.3,278.76,72.32,24.55,72.08,Bacterial Wilt
Ogun,7.893485,10.166483,31.09,,78.16,435.87,80.18,11.17,63.45,Viral Mosaic
Kebbi,8.039886,3.855927,27.72,55.77,37.8,400.22,,63.66,77.37,Bacterial Wilt
,9.400998,8.792455,23.28,82.98,51.93,400.37,33.13,94.81,23.55,Fungal Blight
Cross River,5.938918,5.100189,36.96,48.34,26.91,120.43,37.64,64.85,94.74,Healthy
Cross River,10.72122,9.600715,33.59,75.59,44.33,155.96,63.82,80.46,65.89,Nutrient Deficiency
Cross River,6.008099,,,90.46,15.19,80.56,25.46,,86.24,Healthy
Kebbi,7.292776,9.402156,26.08,77.39,12.43,361.39,19.38,54.77,,Healthy
Benue,9.030106,11.490398,34.57,84.61,42.81,77.93,71.1,74.66,76.55,Fungal Blight
,11.667965,6.859506,32.52,45.99,37.91,272.68,80.12,84.17,80.29,Bacterial Wilt
Ogun,11.155223,11.798726,33.78,53.79,19.58,149.15,55.08,30.23,45.77,Fungal Blight
Kebbi,10.309809,7.976821,27.94,89.2,58.13,147.38,42.74,40.25,44.56,Fungal Blight
Kaduna,5.901959,8.568122,,79.33,79.5,446.29,48.88,30.14,69.2,Nutrient Deficiency
Kebbi,9.423408,10.453174,26.96,75.18,37.7,352.71,44.96,50.7,18.41,Healthy
Cross River,5.287019,3.211121,23.8,76.51,53.72,384.78,96.4,89.66,76.21,Viral Mosaic
,7.896269,,31.39,62.78,77.41,278.79,79.13,41.07,,Viral Mosaic
Benue,8.221649,10.113729,37.57,42.45,68.21,398.41,28.73,43.7,27.15,Nutrient Deficiency
Ogun,4.858303,6.563242,25.59,83.14,42.45,308.2,44.58,87.43,69.77,Healthy
Cross River,6.965893,3.986634,28.3,77.33,61.62,428.47,58.96,56.38,18.85,Healthy
Benue,13.100845,4.045758,32.13,66.0,18.97,162.54,65.17,58.19,97.47,Bacterial Wilt
Kebbi,13.082693,13.617073,29.75,89.49,45.85,288.13,52.14,87.47,88.16,Fungal Blight
Kebbi,7.670943,10.926712,35.18,58.49,29.53,326.05,82.91,54.15,66.37,Healthy
Enugu,4.887901,4.46168,33.71,56.19,21.28,207.17,79.08,71.34,83.72,Bacterial Wilt
,6.111854,7.102316,21.05,88.0,39.84,401.88,55.46,17.71,89.88,Healthy
Kebbi,8.02996,9.813554,37.97,83.83,19.17,441.92,86.9,26.08,33.35,Healthy
Ogun,13.030017,12.609075,33.54,68.32,58.93,247.51,77.6,46.39,86.45,Healthy
Kebbi,5.770792,3.502101,35.55,47.19,41.94,206.26,80.07,54.54,27.53,Fungal Blight
Kebbi,11.371643,5.721281,31.72,51.83,47.18,238.78,96.08,96.92,47.2,Fungal Blight
Enugu,5.478143,13.232113,35.41,76.09,20.25,391.09,33.98,97.36,60.24,Bacterial Wilt
Benue,13.331318,3.105404,22.02,61.18,19.78,308.19,,86.61,74.25,Nutrient Deficiency
Kaduna,7.934548,5.31609,26.26,86.01,50.84,67.91,90.01,,12.71,Nutrient Deficiency
Kaduna,11.477111,14.028778,35.78,92.25,78.95,266.87,,96.76,36.15,Fungal Blight
Kaduna,7.58332,10.054121,23.63,84.31,16.74,56.92,93.39,72.04,64.77,Fungal Blight
,10.14902,6.009221,21.41,60.76,30.0,361.41,15.68,45.36,42.16,Fungal Blight
Benue,6.228145,,34.19,83.38,70.86,181.32,66.5,73.15,79.75,Nutrient Deficiency
Kaduna,5.814189,3.3242,35.04,59.33,15.06,238.8,23.02,11.49,68.65,Bacterial Wilt
Cross River,12.942577,5.814568,22.93,49.19,71.31,369.47,55.35,23.15,31.1,Healthy
Kaduna,12.758826,13.137087,35.38,41.84,46.7,68.58,24.02,84.67,23.13,Healthy
,12.48722,7.783007,32.36,61.21,38.58,113.42,,68.1,66.61,Nutrient Deficiency
Kaduna,10.128901,11.283834,29.36,89.7,31.68,209.18,11.1,42.78,50.54,Viral Mosaic
Kebbi,11.774414,13.560278,,53.14,30.8,141.97,66.72,55.06,25.21,Bacterial Wilt
Kaduna,5.121332,7.692465,27.55,51.36,31.41,185.16,42.31,91.46,39.37,Healthy
,7.513101,5.19969,23.49,93.34,71.94,449.27,19.47,66.84,37.27,Nutrient Deficiency
Ogun,7.323328,8.946856,25.13,41.38,60.67,,39.06,45.83,19.73,Fungal Blight
Kebbi,,13.442962,29.09,83.22,,403.56,25.2,20.83,59.22,Healthy
Benue,7.70362,12.250306,29.56,57.68,65.91,424.82,94.75,36.44,78.73,Bacterial Wilt
Kebbi,5.836561,3.757043,34.5,,28.0,186.37,38.8,98.05,61.79,Fungal Blight
Cross River,9.868204,,34.24,90.48,,168.83,40.06,49.36,84.37,Nutrient Deficiency
Ogun,11.829455,,30.46,47.68,42.2,143.62,85.59,52.47,21.48,Fungal Blight
Benue,7.939111,13.435827,34.05,70.35,64.77,382.05,68.3,54.87,49.21,Fungal Blight
Enugu,5.690418,4.408536,,55.07,31.65,321.82,73.92,89.57,64.85,Viral Mosaic
,6.270194,9.141415,20.9,,55.02,144.47,67.24,64.35,70.84,Healthy
Kaduna,6.63735,13.113821,35.73,42.75,71.75,,95.16,72.43,72.62,Viral Mosaic
Kebbi,7.199078,7.715274,,46.36,38.15,252.68,28.63,45.05,,Fungal Blight
Benue,10.285156,8.542942,24.44,43.93,14.66,261.26,99.01,12.62,68.63,Bacterial Wilt
Kaduna,9.908509,3.810298,32.52,81.83,46.12,405.49,,93.79,18.48,Fungal Blight
Kaduna,10.764719,6.198652,27.37,,34.22,202.23,63.01,95.42,72.58,Viral Mosaic
Benue,7.762518,6.731826,56.33,58.86,57.06,413.41,69.61,,75.23,Fungal Blight
Cross River,11.915979,13.868908,25.36,63.01,76.57,,68.39,94.93,99.41,Healthy
Cross River,6.336789,6.250675,20.21,91.09,43.99,348.55,15.26,83.37,72.4,Fungal Blight
Ogun,8.721367,8.29999,25.41,90.09,42.63,422.1,29.62,71.61,71.81,Fungal Blight
Cross River,11.708448,10.720001,30.41,79.36,55.82,413.03,96.53,86.01,56.33,Fungal Blight
Enugu,6.121428,4.865109,26.77,88.66,17.24,72.78,58.09,64.05,88.11,Healthy
Kaduna,5.488768,8.594087,29.63,57.58,27.75,132.28,44.05,22.09,99.72,Healthy
Cross River,,11.493199,,60.96,74.33,240.76,78.58,45.21,,Healthy
,7.586367,,36.42,73.75,56.9,222.62,57.21,97.42,65.13,Healthy
Kebbi,10.654831,10.201982,,74.3,10.94,306.36,11.18,41.6,17.11,Healthy
Ogun,,10.694115,28.32,66.49,24.32,427.88,76.26,88.1,75.41,Nutrient Deficiency
Benue,10.710422,4.45226,29.88,62.04,57.8,94.96,75.9,18.39,73.77,Viral Mosaic
Benue,7.344912,13.87643,37.08,94.24,63.51,230.74,24.86,40.08,79.8,Fungal Blight
Ogun,5.001668,4.524602,37.98,118.36,68.79,126.96,96.1,41.59,21.21,Viral Mosaic
Kaduna,9.988315,11.908739,,63.92,30.45,,30.15,14.64,,Viral Mosaic
Enugu,6.667234,6.045388,33.09,80.0,75.17,,51.2,20.72,36.62,Viral Mosaic
Kaduna,7.981265,,26.8,54.83,48.71,241.48,20.33,27.38,78.42,Fungal Blight
Ogun,5.225227,11.279535,20.15,45.51,58.76,91.6,64.3,85.4,31.63,Fungal Blight
Benue,5.824469,11.668858,20.17,59.38,51.77,364.12,43.79,15.71,71.56,Fungal Blight
Cross River,7.181795,5.51918,,62.16,18.59,328.86,41.79,36.88,,Healthy
Benue,5.307836,8.09496,28.79,40.91,77.42,191.87,84.43,10.92,10.81,Viral Mosaic
Kaduna,12.697436,10.104852,20.41,84.81,18.6,404.96,10.86,72.61,67.0,Healthy
Benue,4.554423,11.854697,32.36,59.76,27.84,440.33,81.82,65.83,20.19,Fungal Blight
Ogun,8.854742,4.195533,25.29,71.92,66.95,273.14,61.43,68.05,69.34,Fungal Blight
Kebbi,5.609227,14.067201,30.08,44.07,53.3,276.29,98.75,43.69,93.3,Bacterial Wilt
Cross River,7.269112,13.237538,25.42,49.62,68.67,169.01,63.05,28.74,97.23,Bacterial Wilt
Benue,12.834536,6.109009,,88.93,46.1,283.8,14.98,74.83,31.23,Bacterial Wilt
Ogun,5.955251,12.461743,27.33,73.48,36.39,225.86,14.56,83.0,82.83,Fungal Blight
Enugu,13.192491,8.960725,24.18,92.27,74.53,170.88,89.48,22.47,41.82,Fungal Blight
Enugu,6.352149,8.310775,29.63,94.93,12.54,76.87,85.71,53.81,91.04,Fungal Blight
Enugu,11.174095,6.615992,23.58,60.45,69.93,151.08,41.13,,80.87,Bacterial Wilt
Cross River,9.420095,,29.15,56.43,26.16,129.14,65.62,25.13,16.65,Viral Mosaic
Enugu,12.460309,11.393725,22.83,,69.41,,54.06,76.09,46.64,Nutrient Deficiency
Kebbi,9.485939,7.725728,32.08,94.92,19.74,,97.04,58.43,40.36,Fungal Blight
Kaduna,9.311033,10.236021,33.57,74.63,50.62,293.43,,29.46,,Healthy
Kaduna,6.259122,11.042099,21.99,83.73,72.17,205.27,98.55,37.9,46.93,Nutrient Deficiency
Cross River,5.996064,11.177901,28.42,83.0,43.15,218.49,87.98,97.0,71.61,Viral Mosaic
,12.748402,3.59761,21.28,59.54,,383.7,91.86,86.38,64.22,Fungal Blight
Kaduna,7.450544,12.8871,30.77,71.58,66.33,240.49,29.56,89.2,97.81,Bacterial Wilt
Enugu,7.84874,8.269913,24.76,85.82,61.55,445.11,84.79,51.4,94.4,Bacterial Wilt
Ogun,11.338413,6.017785,,,74.77,225.85,73.8,66.14,48.49,Healthy
Benue,7.549411,5.780292,29.31,41.16,41.28,309.83,96.65,43.91,75.12,Healthy
Kebbi,,8.554662,36.64,58.52,22.12,70.15,61.41,16.99,84.65,Healthy
Kaduna,,13.198563,29.88,47.95,13.35,311.34,17.67,46.1,90.9,Healthy
Cross River,9.876863,7.350997,30.49,52.81,27.25,390.57,63.77,63.46,16.13,Healthy
Ogun,12.428056,11.621846,27.23,89.8,20.02,426.98,71.79,35.84,37.19,Fungal Blight
Kaduna,4.946453,4.113415,37.08,42.03,49.06,448.93,29.83,86.32,38.82,Healthy
Kebbi,6.813564,8.474652,33.99,52.09,22.95,162.87,45.47,23.6,49.1,Healthy
Benue,8.685327,14.404391,25.14,57.03,12.73,280.15,63.87,43.04,25.23,Viral Mosaic
Kaduna,6.542807,11.860035,35.2,73.93,12.52,,43.67,21.24,54.66,Healthy
Kaduna,11.195147,5.421078,27.78,69.38,68.21,275.53,43.75,46.43,69.69,Fungal Blight
Kaduna,12.772872,8.766577,34.92,52.0,51.4,112.98,21.98,13.57,,Nutrient Deficiency
Ogun,8.313931,5.686685,34.81,49.03,35.07,392.46,,34.53,69.92,Viral Mosaic
Kebbi,7.579193,7.709951,23.4,53.02,72.6,413.83,77.54,,15.98,Nutrient Deficiency
Benue,,,32.62,67.64,14.91,229.86,10.11,53.03,88.84,Nutrient Deficiency
Kaduna,8.503672,11.869085,25.23,54.91,78.62,162.17,78.91,58.93,94.52,Healthy
,8.901436,5.623154,25.35,92.12,53.14,106.33,76.58,34.75,,Healthy
Ogun,7.664849,13.605568,,65.51,22.84,323.51,10.88,57.07,89.33,Fungal Blight
Cross River,12.685936,9.814534,33.06,43.23,57.53,174.89,43.26,55.81,21.83,Fungal Blight
Enugu,9.620599,7.369129,24.14,80.11,63.44,413.82,64.61,38.46,81.77,Viral Mosaic
Cross River,11.359571,8.772259,,58.09,40.05,318.4,50.75,84.72,20.72,Healthy
Kebbi,11.80626,9.958319,32.87,75.94,70.31,308.27,80.02,59.11,46.72,Healthy
Ogun,7.576641,9.438741,23.08,55.38,20.55,273.76,48.29,39.9,39.14,Bacterial Wilt
Enugu,,8.593658,21.88,71.39,29.52,68.31,23.85,,62.7,Bacterial Wilt
,12.136246,8.806727,24.28,82.47,,422.77,97.88,86.06,37.14,Healthy
Kebbi,7.769298,5.028737,26.84,91.04,24.76,301.17,31.78,,67.36,Viral Mosaic
Kebbi,11.645416,12.346428,28.57,54.36,26.71,447.62,74.59,72.3,43.06,Healthy
Cross River,12.968931,9.230244,,58.42,74.23,264.94,22.88,44.04,87.47,Nutrient Deficiency
Kaduna,10.108893,4.507418,37.47,65.53,,334.04,39.61,35.28,67.05,Nutrient Deficiency
Kaduna,11.174646,11.810807,32.89,90.99,39.92,,49.78,,,Viral Mosaic
Kaduna,11.745876,13.723106,25.82,89.58,,,27.3,98.27,40.25,Fungal Blight
Kaduna,,13.894029,25.74,44.94,72.91,355.86,50.5,,86.27,Bacterial Wilt
Kaduna,8.05548,7.243704,28.07,47.26,79.84,361.41,24.14,89.35,44.78,Viral Mosaic
Enugu,4.961371,4.558444,31.27,67.25,62.74,358.04,60.31,39.62,58.22,Healthy
Cross River,8.116886,8.961596,22.63,45.86,77.96,140.51,69.73,46.63,68.4,Healthy
Enugu,,4.295006,23.4,59.01,65.1,,15.62,91.56,41.3,Fungal Blight
Ogun,8.553153,13.740855,35.47,48.16,,448.07,88.4,78.12,36.46,Healthy
Kebbi,11.240668,5.111166,,74.98,59.51,80.24,26.66,98.33,52.77,Bacterial Wilt
Enugu,7.712842,5.906807,,92.22,15.58,424.58,30.28,79.73,29.34,Healthy
Ogun,10.212697,7.67632,35.68,94.82,38.13,,,50.37,35.58,Healthy
Kebbi,6.177778,7.406391,31.94,103.44,,325.71,52.19,57.8,15.59,Nutrient Deficiency
Ogun,11.244325,12.138623,26.15,72.95,34.55,185.24,54.95,91.05,37.36,Nutrient Deficiency
Ogun,9.411264,8.247643,32.31,87.09,29.14,437.1,21.53,59.65,38.86,Healthy
Enugu,6.336579,4.963835,20.35,46.46,50.42,90.6,82.52,32.99,96.56,Nutrient Deficiency
,7.127201,6.072914,33.24,77.93,75.35,249.1,65.53,49.21,63.08,Bacterial Wilt
Kebbi,11.237478,8.854804,28.77,62.49,12.45,221.22,22.18,56.47,80.86,Healthy
Kaduna,8.843411,4.69572,34.64,51.34,63.85,180.41,43.66,18.7,14.08,Fungal Blight
Kaduna,,10.03404,37.18,62.15,60.59,308.21,82.94,76.94,19.59,Bacterial Wilt
,13.205441,9.506094,36.66,44.18,77.48,102.42,61.15,19.84,83.31,Bacterial Wilt
Benue,10.936125,11.219077,36.37,78.25,75.15,336.66,19.78,46.44,66.12,Bacterial Wilt
Benue,13.114213,13.783603,29.22,,63.36,442.24,43.55,82.42,27.19,Fungal Blight
,8.343945,13.490927,,57.13,46.43,371.82,31.84,52.08,46.43,Viral Mosaic
,8.775903,13.87987,28.37,46.66,24.3,394.01,56.57,85.78,58.48,Healthy
Ogun,12.581597,5.814229,32.42,87.56,48.17,193.85,85.9,40.77,85.92,Healthy
Benue,9.225444,4.513001,35.91,67.14,63.57,179.95,49.26,96.19,15.44,Healthy
Enugu,10.86551,6.476182,23.73,71.47,72.7,256.82,49.0,28.85,63.71,Nutrient Deficiency
,6.769556,13.293479,36.53,71.32,65.28,68.29,91.48,13.44,74.53,Bacterial Wilt
Ogun,8.520538,,34.67,62.58,23.67,,61.86,,98.01,Fungal Blight
,5.611049,12.882237,37.62,50.59,51.98,107.51,60.96,77.7,82.64,Healthy
,6.35382,4.265204,35.84,80.98,33.25,411.21,33.57,30.88,34.86,Nutrient Deficiency
Enugu,4.508491,13.895422,25.04,46.99,10.64,83.43,64.7,98.63,73.86,Healthy
Ogun,4.853385,7.868617,21.91,45.71,24.02,379.05,61.83,55.21,78.7,Fungal Blight
Cross River,13.295554,3.107068,22.02,79.06,17.93,110.79,,95.6,75.68,Viral Mosaic
Kebbi,6.681183,8.087528,,51.49,68.99,65.25,99.16,55.45,83.81,Nutrient Deficiency
Cross River,10.469796,3.529795,31.06,,28.1,337.8,89.37,52.47,,Healthy
Cross River,12.051897,,34.48,66.14,29.93,162.11,77.46,50.42,18.86,Healthy
Kaduna,9.455944,6.893371,36.19,64.71,77.2,335.8,58.36,40.14,19.43,Fungal Blight
Kaduna,5.878301,8.444502,31.23,78.97,36.54,272.03,51.59,58.03,81.68,Fungal Blight
Ogun,11.053048,10.051459,20.1,,10.67,93.52,26.64,,32.71,Bacterial Wilt
Benue,9.902263,12.991213,23.35,75.44,29.87,422.85,37.52,13.31,,Healthy
Cross River,11.081255,10.611868,21.8,79.27,18.35,230.93,79.66,33.44,46.11,Healthy
Kaduna,11.42772,7.991562,26.54,56.09,17.2,343.78,50.84,,83.79,Healthy
Kaduna,13.278693,12.42342,29.02,57.73,15.42,250.41,89.4,88.07,21.39,Nutrient Deficiency
Kaduna,9.66207,13.414195,20.78,64.09,51.53,291.74,23.31,63.9,,Fungal Blight
Ogun,7.57477,4.37724,26.27,56.91,23.25,171.11,55.75,78.73,10.33,Fungal Blight
Cross River,10.336181,9.117229,23.23,94.17,35.29,130.14,68.23,96.11,19.88,Bacterial Wilt
Cross River,5.115966,6.271888,,,70.34,267.03,,67.96,41.58,Bacterial Wilt
,12.576576,3.541204,28.36,49.06,39.7,226.09,90.03,98.43,17.52,Nutrient Deficiency
Benue,5.574429,10.688287,28.92,40.31,74.1,206.05,99.06,38.06,86.13,Nutrient Deficiency
Cross River,,12.921864,27.7,42.35,,319.03,20.43,26.76,87.77,Bacterial Wilt
Benue,11.841708,4.873381,,53.42,37.92,326.2,21.7,46.3,78.0,Healthy
Kaduna,9.875811,12.342757,23.87,,62.53,68.37,21.73,52.37,31.82,Viral Mosaic
Kaduna,8.04272,12.814051,29.3,69.33,15.12,185.5,71.31,90.58,57.09,Bacterial Wilt
Cross River,8.760921,13.514915,33.25,87.19,16.26,214.71,43.54,60.39,26.58,Nutrient Deficiency
Ogun,12.190927,6.050779,30.02,80.52,55.64,88.76,76.0,36.3,35.32,Nutrient Deficiency
Kebbi,7.560039,13.39546,36.72,51.86,44.09,144.36,46.49,76.84,56.44,Healthy
Enugu,12.326847,6.687622,26.8,61.96,65.33,70.66,66.48,55.52,76.15,Bacterial Wilt
Benue,,9.351887,28.35,67.93,74.14,448.5,79.29,24.59,18.52,Fungal Blight
Kebbi,11.491186,3.580836,21.59,84.56,37.19,344.62,59.34,61.91,36.7,Bacterial Wilt
Benue,12.127929,3.504633,30.96,86.15,51.75,84.98,58.56,92.03,93.4,Healthy
Enugu,6.136359,11.284292,25.19,90.03,45.05,58.1,17.94,85.84,48.62,Fungal Blight
Ogun,8.373119,8.11152,22.89,68.01,78.71,337.72,46.97,62.81,94.5,Nutrient Deficiency
Ogun,5.989498,5.947362,29.8,78.19,68.18,225.68,59.12,43.94,99.23,Healthy
Enugu,10.859437,5.189755,29.58,46.15,73.82,364.72,51.58,,57.4,Healthy
Kaduna,9.31813,10.704465,21.37,71.09,27.8,419.39,91.07,52.27,35.92,Nutrient Deficiency
Kebbi,10.21791,3.004618,32.57,53.68,64.08,,91.59,,81.17,Fungal Blight
Ogun,6.268383,12.267748,31.23,63.74,28.58,124.84,83.97,42.42,24.34,Healthy
,,3.91137,23.4,74.87,24.61,362.88,43.78,31.19,32.68,Fungal Blight
Kaduna,4.873476,5.202131,28.45,54.13,76.1,432.32,74.56,,80.64,Fungal Blight
Ogun,7.398608,7.441719,32.97,42.87,11.35,282.09,45.58,83.94,49.03,Healthy
Enugu,9.537702,8.575876,29.53,40.56,77.58,322.8,30.93,67.44,28.14,Nutrient Deficiency
Cross River,12.221414,7.082444,27.12,41.22,20.45,184.99,40.86,22.31,68.6,Healthy
Cross River,10.502347,6.68819,25.8,40.46,67.36,202.61,16.39,23.04,75.95,Viral Mosaic
Cross River,8.418567,14.085034,30.99,46.07,29.31,343.86,39.86,19.29,21.26,Healthy
Cross River,13.078081,10.378166,36.9,53.17,34.55,421.11,51.47,65.47,,Fungal Blight
Enugu,10.973207,3.269479,32.09,,25.17,301.6,95.99,20.4,29.91,Fungal Blight
Kebbi,12.871487,7.947023,21.35,94.27,,365.94,38.21,85.84,44.19,Viral Mosaic
Kaduna,9.248292,13.0626,28.29,56.83,34.37,118.65,91.22,99.37,78.71,Fungal Blight
Kebbi,6.830138,6.466746,36.03,47.01,,134.78,30.6,42.97,74.23,Healthy
Cross River,4.97544,,21.7,70.01,11.1,262.81,27.19,50.83,69.63,Healthy
Kaduna,11.034764,11.721425,37.8,87.19,14.51,120.62,56.71,74.05,10.57,Healthy
Ogun,5.591727,9.969159,37.08,77.29,16.98,304.0,70.53,,22.79,Nutrient Deficiency
Ogun,7.224976,9.558594,21.41,56.28,39.33,166.66,13.99,90.47,30.1,Fungal Blight
Enugu,9.292238,3.61613,36.8,70.89,67.04,366.61,29.9,15.18,34.48,Fungal Blight
Ogun,9.579749,,26.54,79.32,72.17,373.24,51.01,25.22,23.18,Bacterial Wilt
Enugu,,10.159318,35.2,80.05,27.14,,39.79,77.91,46.93,Healthy
Kebbi,5.996298,5.389974,27.53,76.66,50.21,122.32,74.14,72.0,16.77,Healthy
Ogun,7.917637,8.796806,27.94,87.89,63.79,308.71,56.0,21.99,77.5,Healthy
Enugu,10.054748,9.266139,31.42,87.86,30.22,447.11,24.43,55.19,80.89,Healthy
Cross River,13.22837,6.260333,33.94,71.84,38.63,299.04,90.5,80.27,61.68,Healthy
Cross River,11.04868,13.906889,20.61,63.64,46.68,,36.36,29.69,18.07,Fungal Blight
Benue,12.803434,12.688337,30.68,75.29,19.44,56.92,75.8,88.42,90.11,Fungal Blight
Enugu,11.359909,11.307295,23.36,85.0,11.82,,80.19,14.77,96.91,Viral Mosaic
Ogun,9.825453,3.896929,26.23,40.31,20.7,128.31,96.68,80.4,28.21,Fungal Blight
Benue,6.22821,4.220495,26.26,94.56,,375.22,54.87,65.42,73.42,Fungal Blight
Enugu,10.500171,8.666985,28.44,50.06,15.15,387.92,65.43,38.37,85.77,Viral Mosaic
Benue,,4.848204,26.01,65.86,23.28,153.45,40.14,74.88,58.59,Healthy
Cross River,9.922223,14.250053,21.93,87.96,33.65,180.26,71.04,80.41,39.1,Fungal Blight
Cross River,8.908073,4.822983,22.62,52.38,,144.5,51.7,94.05,53.07,Fungal Blight
Benue,9.257909,8.60588,20.6,66.22,23.42,413.35,49.39,43.1,56.1,Fungal Blight
Cross River,7.509983,7.187392,,47.29,73.79,251.06,86.99,71.74,46.06,Viral Mosaic
Ogun,9.173814,10.352944,37.18,61.73,11.35,,14.52,64.24,93.69,Fungal Blight
Ogun,6.278003,4.483919,22.08,49.74,55.74,216.19,89.38,57.27,76.95,Healthy
Kaduna,11.74657,7.948639,37.03,60.0,36.91,302.41,86.69,90.14,31.72,Fungal Blight
Ogun,6.171993,6.159108,33.2,60.54,57.09,204.34,55.57,10.29,62.7,Fungal Blight
Kaduna,5.264697,13.209143,31.47,94.62,51.21,185.87,54.12,35.39,71.98,Bacterial Wilt
Benue,8.426214,3.466736,31.61,94.71,25.64,303.79,,,22.61,Bacterial Wilt
Cross River,10.424767,13.507866,34.88,46.31,69.3,286.42,99.48,26.05,42.26,Healthy
Kaduna,8.439451,12.579433,21.92,79.93,44.44,167.41,20.01,,91.5,Fungal Blight
Kaduna,6.990787,6.422063,29.09,42.85,67.58,109.74,63.12,68.28,61.05,Healthy
,9.523541,,32.55,41.66,38.42,197.43,71.35,53.01,29.53,Nutrient Deficiency
Enugu,7.623021,3.358956,30.56,45.79,78.93,216.08,94.09,83.32,21.05,Fungal Blight
Kebbi,12.895809,14.118954,34.99,93.1,,301.47,80.22,50.58,56.64,Healthy
Kebbi,12.803806,9.055842,21.3,91.75,77.62,415.81,67.95,60.28,59.29,Bacterial Wilt
Enugu,9.021346,6.487732,32.43,50.67,46.0,64.47,20.51,10.25,40.1,Healthy
Cross River,7.450956,7.169707,29.61,48.89,43.16,147.46,43.64,42.91,66.74,Fungal Blight
Kaduna,,3.763662,26.82,53.23,62.88,127.49,22.5,22.49,16.18,Fungal Blight
Ogun,4.830416,14.377519,26.12,68.36,71.62,250.92,89.31,72.07,23.06,Fungal Blight
Ogun,8.772921,3.451857,,71.33,77.49,221.88,,53.11,,Fungal Blight
,,10.531432,,52.19,32.72,,78.18,37.16,15.56,Healthy
Cross River,12.784823,8.091463,28.93,81.61,65.91,146.97,68.7,52.1,89.28,Bacterial Wilt
Ogun,4.608027,13.912537,34.85,,24.75,287.8,55.63,28.87,22.79,Healthy
Benue,9.475334,,27.24,90.72,48.19,403.54,23.5,93.26,70.65,Fungal Blight
Benue,11.165972,9.118998,21.84,76.12,22.59,414.27,39.67,14.86,45.21,Nutrient Deficiency
Kebbi,,8.547096,21.11,64.0,34.32,433.51,22.32,87.89,45.98,Fungal Blight
Ogun,5.268627,11.082964,20.92,83.45,75.2,359.3,75.24,56.02,78.84,Fungal Blight
Cross River,13.252153,,,84.99,20.23,412.4,24.42,65.71,54.95,Viral Mosaic
,,5.228575,26.07,55.98,54.27,143.81,73.19,37.23,75.31,Healthy
Kaduna,10.027676,5.467495,32.92,58.68,51.51,129.03,,97.0,55.47,Healthy
Enugu,6.629488,11.488734,33.37,91.48,18.45,52.6,51.34,35.37,63.36,Viral Mosaic
Benue,8.851483,5.175095,20.92,49.06,32.82,332.74,22.17,63.0,78.46,Bacterial Wilt
Ogun,8.362345,9.595155,23.98,42.32,49.41,424.99,,99.41,64.66,Fungal Blight
Kebbi,,5.475304,24.94,64.97,23.1,124.77,38.81,89.3,65.41,Viral Mosaic
Kaduna,5.455443,12.908687,29.86,84.07,66.04,304.78,73.03,58.27,81.03,Fungal Blight
Enugu,12.037253,13.835133,22.6,82.44,78.05,348.58,20.24,99.13,,Fungal Blight
Enugu,6.65838,8.962669,22.41,90.57,25.03,421.05,84.62,73.12,43.9,Healthy
Cross River,6.254624,7.051552,36.99,69.33,23.08,308.74,78.49,28.78,61.94,Bacterial Wilt
Benue,9.044203,5.691664,34.48,45.5,41.85,438.12,26.77,46.5,,Healthy
Kebbi,11.418724,3.572482,23.25,72.38,62.34,187.87,74.72,40.1,42.29,Nutrient Deficiency
Ogun,5.057519,6.087751,27.32,82.81,29.71,189.97,70.17,40.96,47.08,Fungal Blight
Cross River,9.691271,10.523711,26.4,45.13,11.39,267.21,77.33,78.44,85.17,Bacterial Wilt
Cross River,5.572894,9.136595,34.24,49.5,47.89,203.4,27.0,62.58,56.21,Viral Mosaic
Ogun,4.828149,13.856475,29.18,40.68,76.96,50.57,24.18,13.43,75.8,Fungal Blight
Kaduna,4.974696,7.557189,22.3,72.65,37.39,342.71,31.28,88.97,11.71,Healthy
,12.007477,10.979428,33.3,88.77,39.41,350.69,42.93,36.71,,Healthy
Kebbi,,8.627212,27.14,76.89,77.82,348.79,81.43,99.74,91.12,Nutrient Deficiency
Ogun,4.906362,8.894626,24.73,,58.62,188.01,76.41,,30.19,Viral Mosaic
Enugu,8.441099,,26.76,43.47,60.34,258.92,93.29,94.65,12.84,Nutrient Deficiency
Enugu,12.095941,8.231934,28.96,89.67,49.39,193.99,15.28,,49.01,Healthy
Enugu,6.861675,8.414027,26.18,84.77,78.22,56.41,11.04,29.86,73.4,Healthy
Kaduna,8.295414,11.126389,24.35,57.28,58.22,274.98,72.92,57.94,50.9,Healthy
Ogun,4.859303,13.81736,27.17,93.54,72.65,,35.14,30.19,,Healthy
Benue,8.541707,6.787195,20.35,55.84,58.96,82.02,40.07,33.37,70.28,Nutrient Deficiency
Ogun,9.698518,3.485305,33.9,112.37,61.46,352.2,,64.99,32.89,Fungal Blight
Kebbi,9.638163,8.707394,23.08,88.44,30.33,53.8,19.22,13.68,77.67,Fungal Blight
,7.49184,9.261305,20.79,81.67,31.24,433.6,67.84,97.25,23.78,Fungal Blight
Kebbi,7.339799,4.937066,31.77,70.99,64.81,256.1,39.26,92.68,45.62,Healthy
Benue,5.459613,11.745343,33.93,46.6,30.77,443.21,66.94,44.27,69.04,Bacterial Wilt
Cross River,7.801185,14.326685,34.65,69.26,49.39,73.2,85.06,56.39,,Fungal Blight
Ogun,5.395452,13.876409,28.88,59.62,,,25.4,51.95,81.24,Fungal Blight
Kebbi,11.399364,5.266719,23.7,83.57,67.19,189.73,93.78,89.4,74.95,Fungal Blight
Enugu,,13.066677,33.27,81.7,17.74,387.39,57.76,71.97,42.32,Healthy
Ogun,13.23067,11.101677,32.59,90.08,,194.49,93.06,35.03,21.01,Fungal Blight
Benue,12.28564,8.219235,24.43,40.82,52.19,154.2,28.7,50.22,,Fungal Blight
Ogun,9.907129,9.217026,36.26,84.5,23.08,393.02,64.41,48.61,87.84,Healthy
Ogun,10.807791,12.770402,21.88,91.62,47.94,199.86,46.35,,,Nutrient Deficiency
Ogun,7.066852,8.521552,37.69,83.41,29.77,56.73,79.68,25.78,95.64,Fungal Blight
Kaduna,10.176934,7.291885,35.48,47.16,32.64,206.12,64.53,18.06,16.84,Bacterial Wilt
Benue,8.600846,8.672346,32.38,44.47,34.61,311.81,54.51,,58.31,Nutrient Deficiency
Cross River,8.838156,9.659993,,,14.43,151.74,,90.7,68.38,Healthy
Cross River,11.319989,5.174393,33.0,74.58,79.02,222.8,43.94,88.46,73.96,Viral Mosaic
Ogun,7.037265,13.360439,23.43,74.63,12.21,72.69,29.8,55.99,67.95,Healthy
Kebbi,7.362357,10.75315,27.96,94.28,56.37,285.24,64.73,69.38,79.3,Healthy
,12.821776,10.282593,21.29,61.89,35.99,352.52,66.16,60.7,42.35,Fungal Blight
Ogun,5.006019,,27.01,58.25,55.22,,49.52,16.25,26.15,Fungal Blight
,8.870709,9.948,33.35,74.34,34.94,218.09,53.79,63.63,28.41,Nutrient Deficiency
Enugu,12.715207,4.391048,26.96,85.41,,85.31,96.36,11.23,11.08,Fungal Blight
Cross River,9.993267,3.905023,25.95,91.52,61.05,130.78,75.94,39.25,41.53,Healthy
Enugu,9.417664,9.064075,30.72,84.17,58.34,111.87,19.95,93.91,,Viral Mosaic
Kebbi,6.747698,7.632034,35.7,63.47,,242.68,29.09,37.36,38.93,Healthy
Cross River,7.589479,9.771318,20.86,74.92,55.98,261.7,97.8,94.58,66.54,Bacterial Wilt
Cross River,12.168436,4.026055,26.94,87.1,29.6,429.58,75.38,32.51,90.5,Viral Mosaic
Benue,9.532963,7.956305,22.85,66.98,12.02,79.29,92.35,38.31,85.56,Healthy
Kaduna,9.13268,5.010047,32.52,51.92,39.04,289.95,37.35,66.56,32.74,Healthy
Cross River,5.396217,14.351651,21.9,49.33,40.35,260.6,76.77,78.55,22.07,Fungal Blight
Enugu,4.644253,9.453227,31.97,40.01,42.7,256.49,74.26,55.12,27.38,Fungal Blight
Benue,13.173167,10.905524,25.15,79.5,59.34,399.26,36.52,89.39,97.39,Healthy
,7.892876,6.74231,23.58,46.11,31.62,132.22,,13.62,59.45,Viral Mosaic
Enugu,9.928918,4.089498,36.85,53.41,32.07,66.31,66.47,93.0,26.43,Viral Mosaic
Enugu,5.217436,14.222515,20.33,56.38,14.24,318.91,53.3,27.67,85.67,Healthy
Enugu,10.648029,6.291979,27.88,70.82,,188.06,84.45,89.58,45.57,Viral Mosaic
Enugu,12.8931,7.873794,20.39,61.89,49.75,57.04,84.96,46.08,90.93,Healthy
Enugu,9.680987,10.473435,28.7,77.11,34.46,150.55,86.55,84.95,33.46,Viral Mosaic
Benue,5.635038,3.284019,29.02,43.06,59.36,173.73,82.31,70.45,45.39,Fungal Blight
Kaduna,9.735494,12.31798,25.79,46.82,47.62,296.74,53.93,25.83,55.45,Bacterial Wilt
Ogun,11.397125,9.170649,22.38,,42.85,119.03,44.33,92.62,90.34,Fungal Blight
Kebbi,8.157749,6.199498,26.77,58.53,45.79,215.22,84.82,32.1,88.19,Fungal Blight
Benue,,3.708492,32.1,,54.54,242.99,54.12,31.97,,Healthy
Benue,,4.868732,34.08,43.69,56.2,233.69,32.17,83.28,29.96,Fungal Blight
Kaduna,12.59324,13.292889,29.55,109.87,30.23,439.58,55.66,,46.3,Healthy
Cross River,10.111548,10.889279,30.62,78.05,19.85,68.2,22.77,,97.81,Healthy
Kebbi,5.681592,5.87387,23.61,46.69,20.96,430.39,72.25,55.33,64.7,Healthy
Kebbi,7.287225,3.754409,25.17,43.58,54.76,282.77,40.23,84.74,80.3,Viral Mosaic
Cross River,6.316155,10.942076,22.91,93.62,71.1,368.29,33.46,23.27,50.49,Healthy
Kaduna,12.679438,9.582689,24.49,77.46,38.66,222.16,96.09,59.29,57.88,Healthy
Kebbi,11.343601,7.651975,24.05,115.13,21.87,231.54,79.92,74.01,48.61,Healthy
Kaduna,10.587585,7.181532,29.35,78.6,62.96,,80.84,87.45,73.26,Healthy
Benue,,5.493364,30.13,81.6,68.27,408.37,66.13,94.2,86.63,Viral Mosaic
Kebbi,6.156403,10.700529,37.01,82.9,71.64,145.48,85.53,80.62,55.66,Fungal Blight
Ogun,11.30806,14.162682,23.52,66.28,52.48,129.7,78.32,68.75,53.28,Nutrient Deficiency
Benue,8.767422,5.020725,31.55,63.64,70.25,248.49,63.89,49.03,40.63,Fungal Blight
Enugu,6.532106,9.866841,34.71,40.61,11.08,410.11,96.5,20.09,25.94,Healthy
Cross River,10.049598,,,90.96,17.51,178.94,27.24,73.88,94.53,Healthy
Kaduna,4.863005,8.13692,24.59,73.18,16.48,310.81,94.9,99.35,38.45,Fungal Blight
Cross River,7.435532,,24.73,51.17,59.88,333.26,46.13,76.31,82.06,Viral Mosaic
Benue,8.717013,12.489051,20.71,90.58,14.87,361.47,57.56,11.5,74.38,Viral Mosaic
Cross River,5.831625,8.580439,25.5,90.32,44.75,275.57,21.05,54.66,81.18,Healthy
Cross River,13.36189,9.249167,33.4,94.41,43.09,210.98,58.61,,94.31,Healthy
Benue,6.381876,6.50475,20.86,88.07,31.75,,65.01,72.07,66.1,Viral Mosaic
Kebbi,5.673178,5.090797,23.95,94.88,70.93,294.53,,74.78,90.82,Nutrient Deficiency
Cross River,6.331814,3.987969,32.71,53.46,21.93,341.43,97.77,60.23,25.09,Fungal Blight
Enugu,11.42155,11.21237,34.09,86.32,34.67,187.99,96.98,30.1,66.4,Fungal Blight
Cross River,8.329551,5.256694,28.2,85.27,64.19,317.98,41.35,94.8,79.5,Healthy
Kaduna,9.588743,10.935867,32.57,52.7,12.13,153.12,99.21,72.7,34.45,Viral Mosaic
Ogun,4.689082,7.489329,26.98,45.41,57.11,148.04,50.99,31.32,76.67,Bacterial Wilt
,4.809882,7.78141,22.88,93.87,67.15,335.89,86.67,39.01,80.06,Fungal Blight
Enugu,8.51243,8.395541,27.17,56.28,75.26,258.56,29.47,,,Healthy
Benue,,7.228648,30.44,87.9,71.34,323.31,55.52,89.87,38.16,Bacterial Wilt
Cross River,12.46715,4.15713,37.06,40.23,32.36,,96.94,46.46,71.34,Healthy
Kebbi,,6.560766,21.24,41.16,51.05,289.49,95.23,13.45,37.38,Healthy
Benue,9.345268,10.632945,29.13,65.62,15.41,227.57,71.54,14.36,76.51,Bacterial Wilt
Benue,12.719067,10.656521,25.92,53.13,28.05,288.78,81.8,,51.67,Fungal Blight
Kaduna,,6.29158,29.15,77.94,16.6,166.35,25.88,66.62,63.78,Bacterial Wilt
Benue,11.966092,8.29118,20.43,71.11,32.06,336.18,74.95,62.58,47.43,Fungal Blight
Kebbi,5.703261,5.224643,25.63,44.26,71.26,372.37,65.62,67.04,24.58,Fungal Blight
Kebbi,,5.419279,34.76,116.25,34.3,,18.24,74.56,26.02,Healthy
Cross River,11.26281,3.265042,29.97,61.34,49.33,170.25,20.18,11.71,16.98,Viral Mosaic
Enugu,12.97201,13.312585,28.11,50.21,40.34,314.46,19.76,19.46,65.63,Healthy
Benue,10.589555,5.423127,25.14,83.57,42.12,328.23,,42.35,86.38,Nutrient Deficiency
Cross River,7.770635,5.61664,25.36,62.88,77.87,,22.75,,11.88,Viral Mosaic
Kaduna,,6.215416,26.9,45.14,30.73,323.08,52.1,16.78,15.96,Healthy
Kebbi,6.980101,4.465193,35.04,66.64,53.91,207.12,,67.69,51.17,Healthy
Ogun,7.489553,,37.41,,39.4,207.94,,83.38,76.39,Viral Mosaic
Enugu,10.807276,3.864144,27.9,47.09,14.28,151.93,73.58,,24.19,Viral Mosaic
Cross River,11.387847,4.543328,27.08,53.18,44.25,112.73,71.63,83.53,34.45,Healthy
Kaduna,12.864631,10.414702,35.24,87.27,66.93,327.03,56.4,69.93,30.88,Healthy
Ogun,6.343222,6.906097,27.68,90.85,16.91,87.28,51.79,76.18,45.91,Fungal Blight
Enugu,11.681982,11.1414,29.94,85.44,14.87,425.12,45.8,34.46,,Fungal Blight
Ogun,11.146914,9.410385,24.16,58.37,20.75,380.67,87.57,99.37,41.73,Nutrient Deficiency
Cross River,,5.944243,33.38,54.98,63.51,393.0,39.78,26.48,,Fungal Blight
,7.985008,10.484521,29.58,70.2,60.68,412.67,33.34,29.3,64.99,Fungal Blight
Kaduna,7.044889,4.337147,34.56,79.7,49.55,213.44,76.9,,17.31,Healthy
Enugu,7.240414,9.168719,34.05,94.64,,388.68,42.38,97.78,67.4,Healthy
Kaduna,13.346522,8.027203,23.87,,,113.22,86.23,98.95,52.94,Fungal Blight
Benue,,6.080546,32.88,42.71,63.67,58.66,39.51,81.54,94.11,Fungal Blight
Cross River,10.959085,9.946057,34.4,78.19,66.84,363.96,73.18,66.62,36.04,Healthy
Ogun,13.289559,13.020336,26.23,85.77,66.93,79.92,14.06,56.81,75.35,Fungal Blight
Benue,,14.487404,23.11,86.55,54.99,445.41,44.7,97.36,75.78,Healthy
Kebbi,11.716562,9.989272,20.05,77.32,42.06,319.92,40.89,72.61,29.94,Healthy
Enugu,8.410779,7.654118,28.12,92.47,70.53,351.38,83.5,95.03,91.29,Healthy
Cross River,12.325803,5.589882,26.34,,,148.32,97.03,38.49,,Healthy
Cross River,,5.956605,29.99,90.26,11.67,319.55,51.48,40.04,71.1,Bacterial Wilt
Kaduna,13.029176,8.513732,23.38,93.23,13.61,67.29,84.24,86.93,23.13,Healthy
,6.468945,,35.47,86.59,77.11,385.13,,23.49,,Fungal Blight
Ogun,7.435985,13.508867,24.64,57.04,29.4,117.85,97.06,95.13,,Nutrient Deficiency
Kaduna,11.30573,7.235398,24.08,50.79,71.14,,83.0,55.67,38.71,Viral Mosaic
Ogun,8.043796,7.294613,28.65,70.15,37.22,139.79,16.97,93.38,,Nutrient Deficiency
Cross River,9.973902,7.410647,28.98,64.92,18.34,77.38,74.2,40.31,43.66,Healthy
Cross River,8.501162,12.621132,23.87,88.28,15.63,242.6,58.19,74.44,67.65,Bacterial Wilt
Kaduna,11.181329,10.484066,24.89,45.5,20.96,117.71,11.48,53.46,53.84,Fungal Blight
Kebbi,6.554981,10.062942,23.05,54.18,27.49,341.78,32.62,66.41,10.41,Healthy
Kaduna,5.026122,6.842645,32.93,81.35,44.2,145.03,92.96,55.39,68.47,Healthy
Cross River,7.199365,12.405898,,45.22,59.1,186.99,93.35,97.04,47.99,Fungal Blight
Enugu,8.768778,3.441184,28.32,57.64,79.05,276.98,81.9,72.29,40.75,Fungal Blight
,6.01218,,32.85,61.29,40.91,163.99,98.36,32.62,18.47,Healthy
Benue,7.693176,8.896624,33.25,74.24,46.27,201.2,82.59,91.87,29.83,Bacterial Wilt
Ogun,8.099847,,22.49,48.7,46.53,376.25,10.92,36.46,30.14,Fungal Blight
Kebbi,5.016527,8.717424,37.39,87.33,47.76,,,43.44,94.18,Nutrient Deficiency
Kebbi,9.749765,10.675279,34.78,64.61,46.24,82.88,12.76,19.19,48.93,Healthy
Enugu,12.459091,3.146802,23.68,90.44,10.61,181.34,18.47,91.0,13.79,Bacterial Wilt
Ogun,5.865686,13.022846,23.35,65.73,10.12,219.75,29.7,35.75,,Healthy
Cross River,9.880272,8.137505,22.26,55.13,16.84,267.06,55.32,33.3,17.11,Viral Mosaic
Enugu,10.482653,6.944115,22.49,47.8,17.11,198.97,86.28,92.82,63.0,Viral Mosaic
Cross River,8.274012,4.589824,33.47,40.21,59.34,365.96,87.58,,26.8,Fungal Blight
Benue,10.809878,8.053852,28.45,69.27,24.34,65.73,65.46,22.7,54.87,Nutrient Deficiency
Cross River,8.196584,8.707712,34.09,45.89,72.63,222.71,,,43.31,Bacterial Wilt
Kaduna,9.041736,7.641937,33.43,,75.0,202.9,55.01,92.17,82.35,Fungal Blight
Ogun,4.566177,10.804591,30.88,72.41,78.31,,90.01,17.07,,Nutrient Deficiency
Benue,10.725481,7.84031,32.35,55.16,75.74,436.51,50.87,84.27,51.24,Healthy
,10.452084,14.056302,20.33,49.64,29.03,254.15,34.95,59.27,74.92,Bacterial Wilt
Kaduna,4.845608,9.891691,25.61,82.61,45.68,444.75,92.48,70.23,49.0,Fungal Blight
Cross River,7.814251,12.285996,31.48,92.07,22.28,,44.91,54.36,81.39,Viral Mosaic
Kebbi,13.311287,4.257593,20.17,45.52,66.43,62.35,55.31,72.8,69.55,Healthy
Kaduna,8.286629,7.56885,20.59,48.56,72.19,116.27,39.6,13.07,46.95,Healthy
Cross River,9.017509,6.873749,35.33,92.8,69.59,208.05,69.66,,55.36,Nutrient Deficiency
Kaduna,,9.549047,32.31,42.08,40.34,176.53,99.55,13.0,97.05,Viral Mosaic
Benue,10.955357,12.902805,24.78,93.77,63.11,88.82,12.3,,69.55,Healthy
Ogun,9.738631,3.90089,32.38,40.26,16.83,223.06,90.99,23.59,91.45,Nutrient Deficiency
Cross River,11.680242,3.83461,34.26,88.05,12.82,185.25,10.35,,26.09,Bacterial Wilt
Benue,12.279296,12.778654,25.52,56.9,62.73,99.05,42.78,38.23,53.49,Healthy
Kebbi,8.611993,5.447776,20.65,91.62,39.77,,25.17,50.87,91.78,Healthy
Benue,8.775975,10.690662,36.79,57.43,79.69,404.57,78.16,,39.04,Viral Mosaic
Benue,7.974458,9.243099,26.21,75.99,16.81,,14.55,79.53,97.09,Healthy
Kaduna,13.200355,12.578276,21.92,44.4,69.89,335.58,59.81,53.3,18.74,Fungal Blight
Kaduna,10.774496,4.438522,28.85,53.33,43.6,294.82,36.54,81.01,91.24,Bacterial Wilt
Ogun,5.249008,4.492504,33.83,82.55,,,22.03,16.62,50.07,Healthy
Enugu,12.266637,9.403411,23.99,69.08,67.2,145.61,79.46,27.24,16.64,Viral Mosaic
Kaduna,8.825039,13.883355,24.85,91.04,74.12,197.61,29.57,59.64,89.16,Fungal Blight
Kaduna,5.118785,7.772474,24.37,63.58,30.85,286.84,30.13,95.24,32.67,Nutrient Deficiency
Ogun,9.447455,6.759834,37.85,87.84,76.49,190.3,34.76,16.73,12.0,Healthy
Ogun,8.254479,9.976927,23.55,64.69,20.62,135.96,62.81,13.88,22.22,Fungal Blight
Kebbi,12.399745,13.700159,30.36,93.86,15.74,96.59,69.37,24.09,69.32,Healthy
Ogun,6.335951,12.62467,36.65,92.79,40.21,401.91,11.58,67.7,98.0,Nutrient Deficiency
Benue,11.938181,14.448062,22.64,58.1,67.98,226.13,31.77,45.91,20.03,Fungal Blight
Ogun,9.519198,3.259539,37.48,88.73,43.14,300.08,48.79,84.3,51.58,Fungal Blight
Benue,4.991493,4.297869,37.05,86.62,68.05,246.16,39.88,,26.26,Bacterial Wilt
Cross River,13.246608,10.008879,35.92,51.59,61.08,399.03,89.58,27.68,77.05,Nutrient Deficiency
Kaduna,9.113537,12.436629,23.86,74.34,24.66,268.77,80.89,37.0,20.63,Bacterial Wilt
Enugu,7.117892,6.28031,31.41,44.0,76.42,242.31,66.33,66.41,31.59,Viral Mosaic
Enugu,8.724662,5.750928,33.7,86.02,14.25,419.84,40.42,71.67,27.68,Nutrient Deficiency
Enugu,12.22072,12.050222,37.75,49.6,72.88,337.88,73.06,21.18,59.73,Fungal Blight
Benue,7.244128,3.648391,23.25,43.89,,94.62,85.93,94.94,,Nutrient Deficiency
Ogun,6.234088,7.2479,33.79,62.01,45.01,121.08,63.53,40.69,56.0,Fungal Blight
Kaduna,5.661641,8.816806,26.1,71.73,,364.85,80.6,74.19,15.24,Bacterial Wilt
Kaduna,7.180735,9.44401,23.16,87.02,22.03,384.34,77.42,,60.71,Healthy
Benue,11.520433,11.379074,27.58,93.58,35.07,268.08,61.46,30.05,81.78,Viral Mosaic
Enugu,8.744637,7.080726,34.29,64.17,,271.78,38.1,86.16,21.89,Viral Mosaic
Kebbi,6.547334,10.04587,28.37,43.32,24.27,302.77,77.12,83.64,16.54,Fungal Blight
Enugu,5.995665,9.731817,29.68,81.2,23.09,225.65,28.61,,26.9,Viral Mosaic
Benue,7.494565,9.297585,37.91,71.08,44.23,322.08,,62.97,77.15,Fungal Blight
Ogun,12.959319,10.365558,27.18,64.63,65.86,93.39,82.41,33.2,,Fungal Blight
Enugu,7.58724,5.983665,31.08,57.01,49.83,434.51,83.99,72.09,,Viral Mosaic
Kebbi,13.393117,3.973461,26.57,67.63,72.52,350.06,52.56,37.81,32.45,Nutrient Deficiency
Kaduna,8.867074,4.371624,27.07,58.63,54.56,302.47,27.32,85.97,39.9,Fungal Blight
Kebbi,6.112475,5.582697,32.52,,58.25,176.53,18.98,29.56,96.93,Viral Mosaic
,12.520261,8.752276,36.88,69.91,56.73,114.38,76.9,11.33,31.66,Fungal Blight
Kebbi,8.643198,12.665092,29.76,88.23,41.46,213.74,89.76,34.17,91.15,Viral Mosaic
Enugu,10.887042,,33.83,69.89,58.25,314.63,68.58,27.19,62.25,Healthy
Enugu,13.353404,12.073967,21.61,53.1,14.88,303.48,22.97,55.75,21.1,Healthy
Cross River,4.951578,7.03622,23.8,86.81,70.19,203.06,94.14,28.33,52.06,Nutrient Deficiency
Kebbi,5.370251,7.653518,29.04,70.65,64.45,295.31,99.02,78.69,,Healthy
Kaduna,10.984111,7.527342,20.36,51.38,27.17,375.5,49.0,31.72,47.67,Fungal Blight
Enugu,7.036425,5.206542,24.55,74.29,63.76,60.51,63.53,,87.7,Fungal Blight
,6.158713,3.703992,29.31,59.67,10.88,230.25,79.95,62.06,33.08,Healthy
Cross River,,9.795535,20.27,86.44,25.21,353.42,76.28,98.76,61.38,Viral Mosaic
Kaduna,4.69662,14.375992,24.76,64.93,14.56,268.46,97.1,99.99,85.95,Healthy
Benue,11.47037,4.918542,29.25,,64.62,310.59,,,92.86,Bacterial Wilt
Benue,,3.536875,30.32,45.25,62.91,256.67,62.27,78.4,53.72,Bacterial Wilt
,8.709486,11.964614,36.66,61.78,66.95,446.75,72.27,44.78,67.57,Viral Mosaic
Kaduna,9.953071,5.904739,31.62,94.08,10.31,71.85,,77.79,10.27,Bacterial Wilt
Ogun,8.355166,12.540904,,84.47,,,88.67,96.1,32.79,Healthy
Kebbi,4.74396,11.095272,36.75,48.8,,86.57,98.02,12.1,35.08,Healthy
Kaduna,11.551514,13.875246,34.13,55.28,20.88,113.91,56.09,58.41,18.41,Viral Mosaic
Kebbi,4.594619,7.702663,23.6,58.14,55.49,203.22,84.77,,,Viral Mosaic
Benue,11.357009,10.612653,22.36,75.77,15.89,112.22,48.46,,38.9,Healthy
Ogun,12.53974,8.34583,,81.63,22.69,435.47,48.01,51.98,,Fungal Blight
Ogun,8.395559,10.25177,30.08,81.22,43.31,428.72,32.8,61.82,70.17,Bacterial Wilt
Enugu,9.319882,8.170387,34.21,68.04,55.75,184.44,83.64,59.59,48.34,Nutrient Deficiency
Ogun,8.792851,5.169271,33.3,84.6,20.21,305.9,,96.41,98.92,Healthy
Benue,8.002878,8.84082,31.25,64.04,22.97,263.5,33.07,,23.79,Fungal Blight
Ogun,12.486821,9.078718,37.75,46.81,24.31,376.23,15.05,86.16,52.84,Nutrient Deficiency
Ogun,12.545402,12.321944,29.6,71.04,,300.98,83.4,38.78,68.24,Fungal Blight
Kebbi,7.522347,11.458488,56.73,92.38,25.86,50.1,65.82,49.43,15.0,Nutrient Deficiency
Ogun,10.035628,10.633604,34.91,83.61,37.66,355.27,96.37,52.34,74.53,Healthy
Cross River,12.842168,4.303952,24.53,71.83,55.77,348.74,32.7,35.09,18.99,Viral Mosaic
,13.158526,11.287087,33.99,75.57,40.66,253.89,16.39,44.18,22.63,Healthy
Kebbi,9.080631,8.753509,37.23,91.18,64.32,411.17,54.32,63.87,24.37,Bacterial Wilt
Kebbi,8.575423,13.282145,32.54,63.56,60.35,413.38,17.69,62.22,93.6,Bacterial Wilt
Kebbi,7.008249,13.578516,30.73,58.23,,259.56,33.56,67.28,71.49,Viral Mosaic
Benue,13.129847,3.634301,28.29,93.75,13.42,,21.34,41.66,68.99,Viral Mosaic
Benue,5.785329,12.437378,26.56,87.49,71.46,448.61,30.17,38.42,59.99,Healthy
Cross River,9.718466,3.43352,26.35,57.77,,169.53,19.55,65.05,36.35,Nutrient Deficiency
Enugu,7.042952,7.222451,31.45,65.51,20.38,179.85,95.85,21.96,65.88,Viral Mosaic
Kaduna,7.011075,9.23645,33.52,62.83,11.55,123.11,35.07,32.77,46.91,Healthy
Cross River,8.144717,4.703159,32.21,48.2,53.98,408.35,49.95,13.79,23.09,Viral Mosaic
Cross River,13.489136,11.582609,23.57,92.68,50.77,347.8,90.88,,72.06,Viral Mosaic
Kebbi,4.994697,3.096079,,62.24,79.08,92.26,70.96,31.9,21.66,Healthy
Kaduna,9.706876,4.938889,34.25,88.14,72.09,442.71,65.62,,27.16,Bacterial Wilt
Kebbi,5.243149,9.679164,28.56,50.41,38.76,342.38,73.5,32.09,83.59,Viral Mosaic
Kaduna,5.890687,11.215457,29.66,70.13,36.01,390.21,,68.95,69.41,Bacterial Wilt
,8.456066,13.541396,33.88,41.32,30.78,69.26,88.99,15.5,66.79,Nutrient Deficiency
Benue,9.094141,11.113211,31.9,82.03,20.67,251.98,67.84,49.31,47.64,Healthy
Kaduna,6.829132,10.725462,27.37,71.95,19.67,329.44,90.1,92.18,45.67,Viral Mosaic
Cross River,7.348114,7.534923,36.12,74.41,19.26,267.18,58.19,81.22,72.12,Healthy
Kebbi,5.282703,3.014771,22.93,42.84,17.99,316.66,34.96,37.49,76.6,Fungal Blight
Kebbi,7.228978,4.381831,37.92,51.61,26.84,377.15,89.21,93.23,55.92,Healthy
Kebbi,13.199026,9.147377,,,31.47,199.73,58.73,39.67,97.23,Viral Mosaic
Kebbi,13.002366,10.763994,20.27,55.89,77.31,389.47,91.55,16.53,96.01,Healthy
Cross River,7.513905,7.800655,36.02,74.51,50.49,115.17,13.62,99.47,47.12,Healthy
Kebbi,9.637685,11.402809,24.41,71.14,79.13,158.35,45.78,88.3,83.86,Healthy
,12.686359,9.001416,33.13,73.67,36.07,67.34,95.3,51.93,58.89,Healthy
Cross River,4.555654,3.853026,34.6,70.21,42.03,195.77,32.47,69.97,56.06,Healthy
Benue,11.796152,5.208187,35.46,55.02,32.72,201.96,,70.41,14.95,Healthy
Cross River,13.035326,12.65998,37.85,53.45,22.8,,,,61.66,Fungal Blight
Ogun,5.321932,11.336497,25.29,47.54,20.02,311.25,89.39,28.0,91.05,Bacterial Wilt
Enugu,5.953029,13.289763,32.78,86.7,76.16,224.69,60.73,52.26,80.21,Viral Mosaic
,13.146717,4.351908,22.08,73.91,79.08,310.85,68.22,92.04,80.77,Viral Mosaic
Kebbi,9.337861,14.387559,27.32,50.26,13.14,71.11,88.27,,24.39,Viral Mosaic
Cross River,,,35.26,49.75,20.52,122.11,79.83,80.43,42.26,Nutrient Deficiency
Kebbi,6.818688,3.135469,26.62,88.02,39.65,300.78,66.71,15.18,30.99,Fungal Blight
Enugu,8.549493,14.470364,30.64,80.85,23.04,306.55,98.4,53.04,38.43,Bacterial Wilt
Kebbi,10.73618,6.23235,29.07,,35.47,359.65,71.71,67.41,62.16,Viral Mosaic
Cross River,11.098443,10.682224,31.63,62.38,19.04,211.2,97.79,71.81,42.83,Fungal Blight
Cross River,13.458794,5.031847,,54.41,41.96,339.02,15.16,15.26,60.46,Bacterial Wilt
Kaduna,7.087601,9.672628,21.0,93.87,29.02,323.59,22.51,47.67,49.47,Healthy
Cross River,9.343981,13.396402,30.33,83.85,34.63,435.36,50.63,62.55,35.8,Healthy
Ogun,9.299912,6.682083,35.53,56.6,16.6,136.05,44.64,,18.59,Healthy
Kaduna,8.150807,10.707921,28.66,86.62,39.97,270.67,80.45,22.16,90.27,Bacterial Wilt
Kaduna,6.022457,5.160891,21.41,81.74,78.83,290.71,,69.73,11.02,Fungal Blight
Kebbi,13.297109,10.185147,30.09,56.34,33.02,449.46,97.85,56.95,10.15,Nutrient Deficiency
Benue,12.179855,6.869179,25.98,63.46,71.35,130.47,38.36,24.56,84.41,Bacterial Wilt
Kebbi,8.984997,5.428895,22.79,50.23,69.02,259.29,48.6,58.17,99.71,Viral Mosaic
,9.929209,6.601594,35.28,46.11,76.64,188.47,34.73,,75.44,Fungal Blight
Ogun,6.545349,5.056672,29.39,79.75,65.31,260.36,62.14,11.4,11.37,Nutrient Deficiency
Enugu,9.394084,13.372035,36.8,54.71,56.17,,15.28,67.84,30.4,Bacterial Wilt
Enugu,10.754731,7.567649,,85.1,69.96,69.04,23.47,16.63,,Viral Mosaic
Kaduna,9.136503,5.820712,32.47,,15.3,279.03,77.12,10.58,82.77,Healthy
Kaduna,13.412567,8.15669,20.09,44.21,42.4,184.34,26.79,23.56,61.01,Healthy
Kaduna,10.002075,6.686166,27.7,66.02,79.25,122.78,31.2,48.06,31.32,Fungal Blight
Kebbi,7.838763,11.560821,23.55,84.11,63.87,179.57,81.37,82.21,11.29,Healthy
Kebbi,11.449368,14.169029,36.39,83.39,77.35,69.71,18.4,35.36,11.88,Healthy
,6.034163,8.037387,23.14,81.8,64.57,430.18,49.37,66.31,65.08,Bacterial Wilt
Benue,7.960642,12.901884,25.15,59.19,71.24,282.46,12.08,47.0,11.96,Bacterial Wilt
Enugu,7.622631,9.507425,29.3,64.96,59.46,375.91,41.21,31.09,99.43,Healthy
Enugu,8.386264,4.80821,24.74,72.72,63.24,219.25,,56.28,26.5,Fungal Blight
Cross River,11.536018,10.942162,23.78,93.57,46.62,411.33,18.11,81.77,73.96,Viral Mosaic
Ogun,8.857557,8.904497,30.78,,74.7,243.33,89.95,84.92,23.96,Fungal Blight
Ogun,11.64613,10.481975,21.6,90.77,67.75,279.58,91.85,86.19,58.61,Fungal Blight
Kebbi,9.6884,13.231405,21.05,54.81,69.07,246.72,19.45,40.47,17.26,Bacterial Wilt
Enugu,7.578625,8.064998,26.7,94.4,57.11,343.31,99.17,81.41,,Bacterial Wilt
Ogun,11.789809,13.363543,32.97,76.86,31.32,276.66,36.78,29.1,62.64,Bacterial Wilt
Cross River,6.644607,11.632694,29.99,,12.49,158.64,17.57,,17.76,Nutrient Deficiency
Enugu,6.519447,8.618957,27.61,73.74,75.5,108.22,10.46,95.35,86.37,Bacterial Wilt
Kebbi,9.040526,9.937055,30.18,105.31,51.03,292.45,46.77,11.24,59.23,Bacterial Wilt
Kebbi,6.847643,,26.58,55.08,30.87,245.67,66.68,49.63,92.94,Bacterial Wilt
Cross River,4.581783,14.311369,36.85,46.25,20.44,88.39,39.9,68.3,92.5,Nutrient Deficiency
Cross River,10.334678,10.674538,20.99,46.27,68.07,208.25,85.3,73.16,92.85,Nutrient Deficiency
Ogun,9.099844,3.504239,32.12,59.12,,255.91,,25.85,17.0,Bacterial Wilt
Benue,8.50966,6.756152,36.04,81.96,,,41.51,97.5,20.89,Fungal Blight
Benue,13.202717,10.168116,34.47,73.44,55.16,80.44,76.09,65.37,98.89,Fungal Blight
Cross River,9.640793,3.647833,23.31,45.64,35.62,189.4,94.64,24.79,53.88,Bacterial Wilt
Kebbi,12.270884,3.274668,25.33,86.87,31.28,379.06,,11.85,31.44,Viral Mosaic
,5.755052,,32.91,73.08,10.6,309.37,37.55,80.49,79.27,Viral Mosaic
Kaduna,9.622858,6.825937,,92.85,68.35,165.98,51.7,,33.79,Fungal Blight
Ogun,12.311817,8.040434,34.61,76.86,,388.13,54.82,22.69,75.45,Fungal Blight
Kebbi,9.747952,,32.94,49.63,54.15,247.32,58.8,61.73,85.36,Healthy
Benue,10.962128,,33.13,66.06,45.29,249.34,37.06,64.32,80.58,Bacterial Wilt
Benue,,10.925149,21.8,75.67,46.87,440.63,70.05,71.82,34.66,Viral Mosaic
Cross River,5.332046,8.917568,32.92,41.55,74.87,428.85,68.06,45.42,46.15,Viral Mosaic
Kaduna,8.621103,5.301773,32.24,40.82,12.21,,62.0,79.65,47.19,Healthy
Kebbi,8.050315,6.675278,34.96,47.12,64.14,106.23,20.24,97.69,,Fungal Blight
Ogun,12.303542,9.805791,20.75,53.84,13.64,180.27,52.93,34.4,25.06,Healthy
Kaduna,6.695958,3.830638,20.42,63.63,12.67,62.19,42.06,,50.72,Fungal Blight
Ogun,13.200608,4.69571,26.71,66.81,40.09,58.31,54.19,93.56,55.97,Bacterial Wilt
Cross River,13.123243,3.842324,,47.59,14.42,208.21,92.97,,57.85,Viral Mosaic
Benue,6.728685,12.341649,30.05,77.04,65.24,426.41,53.25,71.3,83.79,Fungal Blight
Ogun,7.632468,11.652706,36.51,72.79,47.07,398.54,11.26,30.14,56.56,Healthy
Enugu,12.560002,11.663099,27.05,56.2,12.03,254.58,49.5,58.16,30.77,Healthy
Kaduna,13.1996,11.237741,35.21,40.75,12.84,276.09,83.86,60.63,69.68,Fungal Blight
Benue,8.490952,10.697932,,44.27,52.89,52.37,80.21,73.01,,Healthy
Benue,7.388973,8.485407,23.03,61.54,66.43,136.2,56.21,99.71,38.74,Nutrient Deficiency
Enugu,9.234846,10.386199,20.55,48.47,40.65,,32.48,13.03,68.08,Fungal Blight
Ogun,10.689923,3.441158,25.91,60.73,48.82,351.82,51.86,15.87,23.22,Bacterial Wilt
Cross River,6.961271,10.146841,36.35,74.55,65.99,108.26,60.73,17.02,40.77,Fungal Blight
Kaduna,11.128259,11.945594,,70.1,52.74,397.62,99.99,76.87,91.83,Bacterial Wilt
Benue,,8.754121,30.92,52.71,25.73,307.33,67.98,22.27,92.02,Viral Mosaic
Cross River,4.94365,7.111403,28.13,58.91,52.91,141.77,72.48,66.02,61.78,Nutrient Deficiency
Kaduna,7.976589,6.190407,36.89,73.77,53.98,113.09,54.23,39.22,73.21,Fungal Blight
Benue,7.681259,10.392224,22.21,87.35,,301.05,41.9,51.16,86.86,Viral Mosaic
Enugu,7.340699,10.967214,23.82,81.43,53.46,410.33,83.17,29.41,96.27,Healthy
Kebbi,8.919178,13.016127,20.53,70.44,77.85,337.34,54.54,87.95,54.09,Healthy
Cross River,7.386602,6.936842,27.81,,23.81,189.42,99.52,62.75,60.54,Viral Mosaic
Ogun,6.230321,11.852382,25.0,60.08,76.58,284.95,51.14,95.01,47.41,Healthy
Benue,7.285226,9.455592,35.66,88.37,47.68,174.3,16.12,61.71,16.48,Nutrient Deficiency
Kaduna,13.274138,13.15262,30.89,42.16,57.04,449.66,71.43,21.15,48.05,Viral Mosaic
Kaduna,8.200021,9.069839,31.05,94.34,16.96,349.54,14.2,,81.16,Healthy
Enugu,8.502415,8.952743,29.57,76.54,36.64,295.75,32.55,99.02,82.44,Healthy
Kebbi,9.688905,9.645586,21.65,77.46,63.86,219.3,41.84,75.3,90.31,Viral Mosaic
Benue,13.350067,11.617127,28.01,42.09,59.48,297.26,76.55,14.44,14.63,Healthy
Kebbi,6.674411,14.093941,37.99,73.3,12.81,186.65,54.48,73.34,57.44,Bacterial Wilt
Benue,10.631539,3.845979,35.03,66.66,48.26,,12.58,47.1,19.67,Fungal Blight
Kebbi,10.943862,3.614498,36.08,45.82,16.18,208.04,65.52,37.65,28.07,Bacterial Wilt
Benue,9.96592,13.781829,34.82,55.29,79.71,422.19,47.03,23.87,91.02,Nutrient Deficiency
Enugu,5.297205,9.09357,21.85,,72.81,300.52,92.97,,54.71,Fungal Blight
Cross River,10.59185,10.071385,24.09,70.25,11.48,83.58,54.96,15.75,78.27,Bacterial Wilt
Kebbi,5.076852,8.547871,20.06,,70.11,,73.81,36.09,15.79,Healthy
Enugu,9.865284,4.077061,25.46,44.0,74.36,157.55,29.7,37.57,47.51,Nutrient Deficiency
Benue,11.156231,11.833028,21.95,79.28,34.75,147.51,78.49,24.48,70.68,Fungal Blight
Cross River,6.398729,11.593083,28.51,78.66,,168.84,74.89,55.74,22.01,Healthy
Kaduna,12.074598,6.584588,32.19,73.77,40.95,280.88,91.37,11.05,39.32,Healthy
Kaduna,4.773184,6.521751,35.74,68.06,55.87,267.88,13.04,37.09,15.81,Healthy
Enugu,12.094316,12.635176,33.49,63.86,33.82,246.57,50.28,94.03,68.62,Fungal Blight
Ogun,,3.832108,36.89,72.63,,337.01,71.12,37.95,97.38,Fungal Blight
Kaduna,,13.132709,20.97,52.84,39.71,,18.56,42.44,84.43,Fungal Blight
Cross River,5.704003,5.951609,20.22,,20.19,362.83,46.95,52.58,97.72,Healthy
Benue,13.079765,9.819325,31.9,72.38,,120.13,94.79,60.55,86.1,Fungal Blight
Kaduna,5.15399,13.763933,25.21,57.12,34.41,363.05,49.23,82.78,86.97,Fungal Blight
Cross River,6.291841,10.798409,24.56,64.73,38.01,315.52,,27.13,61.95,Healthy
Kaduna,7.630401,7.765943,25.96,84.31,72.58,323.28,15.12,88.46,56.64,Fungal Blight
Kebbi,10.082114,10.929643,24.86,48.89,44.76,242.62,74.6,,46.56,Fungal Blight
Kaduna,9.40321,6.955766,29.21,56.11,48.1,316.8,62.29,75.04,83.63,Viral Mosaic
Ogun,5.630791,6.188472,27.92,77.37,76.95,81.92,55.05,17.81,26.39,Healthy
Enugu,7.107552,14.461858,,57.35,72.07,390.62,97.38,,15.06,Healthy
Ogun,6.648766,11.634088,32.11,83.59,21.86,72.22,21.67,63.46,95.31,Bacterial Wilt
,6.421886,10.41428,26.97,47.17,43.13,109.5,90.64,,10.34,Healthy
Kebbi,8.200299,7.085831,24.52,81.95,77.99,280.72,72.21,62.6,97.91,Bacterial Wilt
Ogun,10.836283,3.56535,53.87,43.76,36.07,345.76,33.31,29.19,75.6,Fungal Blight
Benue,6.457076,3.357154,26.29,40.69,36.01,80.5,,18.15,,Fungal Blight
Benue,7.80011,9.373084,33.35,89.4,23.65,418.31,48.64,,72.8,Bacterial Wilt
Benue,8.018257,11.763376,33.62,71.97,18.0,439.44,83.28,74.96,,Viral Mosaic
Enugu,13.288109,9.179861,32.0,59.35,61.82,292.38,45.0,25.53,32.08,Healthy
Cross River,13.091997,12.669028,24.21,52.79,63.9,242.5,86.58,12.54,79.38,Healthy
Kaduna,11.701238,3.384405,30.59,73.93,77.83,346.56,67.3,46.75,82.39,Bacterial Wilt
Kebbi,6.67493,7.217649,30.27,68.0,64.14,181.34,22.69,62.44,32.44,Bacterial Wilt
Benue,5.112336,5.726309,28.72,94.54,27.03,247.31,68.47,73.54,13.77,Nutrient Deficiency
Benue,7.352137,8.143639,29.9,94.08,12.81,416.46,27.22,82.9,28.37,Bacterial Wilt
Kaduna,6.901151,3.832329,28.85,74.93,78.98,432.26,47.07,64.95,28.06,Nutrient Deficiency
Cross River,9.053332,13.972514,30.18,64.36,,,,19.98,15.87,Healthy
Enugu,11.499551,5.567437,,67.01,31.84,,11.98,71.43,75.34,Nutrient Deficiency
Kebbi,12.224906,13.606539,21.97,77.54,73.42,142.99,29.07,98.58,44.2,Healthy
Cross River,12.103777,7.897771,33.49,45.59,50.96,169.07,58.27,91.5,89.59,Fungal Blight
Kebbi,7.73708,14.333528,22.45,58.06,25.04,226.52,53.34,88.45,32.7,Nutrient Deficiency
Benue,10.685109,9.371671,,44.14,72.24,175.67,55.13,37.2,50.79,Nutrient Deficiency
Benue,7.315508,13.704578,37.57,44.03,79.54,199.69,32.29,77.57,67.51,Healthy
Ogun,5.04815,3.061513,37.23,50.77,16.07,298.25,71.66,86.6,88.97,Bacterial Wilt
Kaduna,10.814087,11.604746,21.09,66.69,70.36,355.01,73.38,71.05,57.22,Fungal Blight
Enugu,,13.385083,27.98,83.16,37.34,344.22,42.22,32.55,43.62,Viral Mosaic
Kebbi,8.182643,4.606787,23.35,66.7,46.69,,89.31,95.85,88.03,Healthy
Benue,7.464413,4.105447,28.74,58.45,74.04,62.87,67.96,50.57,,Healthy
Kaduna,10.740398,7.882585,34.94,44.53,78.14,69.09,74.17,21.68,17.15,Viral Mosaic
Enugu,11.396209,,37.11,70.27,,365.75,34.96,19.88,50.05,Fungal Blight
Enugu,7.236852,9.237445,31.42,54.92,24.9,263.23,10.06,68.28,80.66,Nutrient Deficiency
Enugu,11.804643,9.065749,26.37,73.82,15.64,281.26,,49.39,12.77,Fungal Blight
Enugu,7.145251,4.62295,30.86,93.75,49.33,71.03,84.02,18.5,62.73,Healthy
Benue,8.516937,3.009079,25.62,46.12,10.95,152.13,21.09,,63.5,Healthy
Benue,11.043167,12.316611,36.38,51.67,38.83,305.34,43.67,81.94,93.57,Healthy
Benue,10.736282,4.007107,35.67,66.02,15.14,393.67,69.52,75.29,35.78,Healthy
Kaduna,13.386316,10.289273,30.05,,38.37,416.79,68.69,28.2,35.1,Fungal Blight
Kaduna,,13.518089,25.85,82.45,12.8,250.17,87.43,72.08,49.64,Fungal Blight
Cross River,10.460861,5.399497,25.28,89.4,68.47,268.19,22.62,10.97,42.12,Fungal Blight
Benue,9.987137,10.650638,20.6,58.35,24.68,383.22,48.69,37.46,76.27,Bacterial Wilt
Ogun,12.735886,3.905034,34.68,94.56,32.98,265.05,18.75,45.89,67.76,Healthy
Kaduna,5.907259,,28.11,45.66,,,45.06,85.17,78.3,Bacterial Wilt
Kebbi,11.266183,4.885215,25.85,42.91,62.24,412.03,11.36,45.14,,Healthy
Ogun,9.614418,11.463466,28.48,87.06,25.33,365.97,90.84,11.01,93.07,Nutrient Deficiency
Cross River,6.971993,6.46416,34.74,91.0,15.03,413.63,57.43,41.71,48.78,Bacterial Wilt
Enugu,,8.328997,22.24,44.98,60.1,137.3,86.48,54.9,98.62,Healthy
Benue,7.503989,9.893451,35.44,46.24,37.35,259.75,15.39,95.41,29.41,Fungal Blight
Cross River,9.713821,,36.16,41.82,63.63,386.99,30.47,94.69,74.29,Healthy
Benue,,11.528835,37.04,45.75,41.17,94.46,33.34,26.28,58.06,Nutrient Deficiency
Kaduna,9.623745,6.480364,27.15,51.52,34.22,367.86,44.8,26.66,83.52,Bacterial Wilt
Kebbi,10.185502,10.617276,23.91,93.35,41.58,123.19,82.26,24.7,52.91,Fungal Blight
Benue,9.168731,4.820255,26.73,76.73,62.4,373.25,44.79,81.0,80.55,Fungal Blight
Ogun,4.96049,10.913353,25.99,82.82,73.16,294.8,28.42,10.54,93.72,Fungal Blight
Enugu,6.595727,4.474163,23.17,,13.48,127.29,15.85,,75.91,Fungal Blight
